{
  "results": [
    {
      "command": "effekt-jit-2-context:bounce",
      "mean": 1.0315637834499998,
      "stddev": 0.012273298305775454,
      "median": 1.0288148635,
      "user": 1.0223797000000001,
      "system": 0.0067661,
      "min": 1.022336977,
      "max": 1.081857203,
      "times": [
        1.031323401,
        1.030004776,
        1.028322373,
        1.027620648,
        1.027483789,
        1.031422314,
        1.022336977,
        1.030828346,
        1.027876368,
        1.027755865,
        1.028838548,
        1.026179057,
        1.024769113,
        1.030765349,
        1.029560663,
        1.027649885,
        1.028843528,
        1.039046287,
        1.081857203,
        1.028791179
      ],
      "exit_codes": [
        0,
        0,
        0,
        0,
        0,
        0,
        0,
        0,
        0,
        0,
        0,
        0,
        0,
        0,
        0,
        0,
        0,
        0,
        0,
        0
      ]
    },
    {
      "command": "effekt-jit-no-labelbydefsite:bounce",
      "mean": 0.8467138149,
      "stddev": 0.004038506872252226,
      "median": 0.8464498845,
      "user": 0.8337106999999998,
      "system": 0.010876999999999998,
      "min": 0.8404238690000001,
      "max": 0.8548111620000001,
      "times": [
        0.8405647470000001,
        0.8477622570000001,
        0.848303023,
        0.847035489,
        0.8448349940000001,
        0.8548111620000001,
        0.8522076780000001,
        0.85025156,
        0.8546010460000001,
        0.845617143,
        0.843572913,
        0.846881403,
        0.8494424690000001,
        0.8434641620000001,
        0.8404238690000001,
        0.844721673,
        0.846292561,
        0.843233062,
        0.843647879,
        0.846607208
      ],
      "exit_codes": [
        0,
        0,
        0,
        0,
        0,
        0,
        0,
        0,
        0,
        0,
        0,
        0,
        0,
        0,
        0,
        0,
        0,
        0,
        0,
        0
      ]
    },
    {
      "command": "effekt-jit-no-context:bounce",
      "mean": 7.72002599605,
      "stddev": 0.11224520995507946,
      "median": 7.756040154500001,
      "user": 7.670629799999999,
      "system": 0.033542449999999994,
      "min": 7.380731026,
      "max": 7.835818597,
      "times": [
        7.70819663,
        7.762298969,
        7.775212664,
        7.772114617,
        7.759102139,
        7.769613649,
        7.768052281,
        7.7624864670000004,
        7.732133415,
        7.722284565,
        7.710805689,
        7.744645854,
        7.76548824,
        7.701380827,
        7.7529781700000004,
        7.380731026,
        7.433767205,
        7.730218571,
        7.835818597,
        7.813190346
      ],
      "exit_codes": [
        0,
        0,
        0,
        0,
        0,
        0,
        0,
        0,
        0,
        0,
        0,
        0,
        0,
        0,
        0,
        0,
        0,
        0,
        0,
        0
      ]
    },
    {
      "command": "python-cpython:bounce",
      "mean": 13.256204488949999,
      "stddev": 0.07057756582859614,
      "median": 13.241615488499999,
      "user": 13.227168549999998,
      "system": 0.00409145,
      "min": 13.137113954,
      "max": 13.434784453,
      "times": [
        13.212480845,
        13.273309733,
        13.275489336,
        13.19630481,
        13.206756152,
        13.251296057,
        13.246454839,
        13.250224634,
        13.236776138,
        13.22353003,
        13.137113954,
        13.434784453,
        13.193974822,
        13.231080507,
        13.346290948,
        13.293062407,
        13.400447545,
        13.204929468,
        13.276611333,
        13.233171768
      ],
      "exit_codes": [
        0,
        0,
        0,
        0,
        0,
        0,
        0,
        0,
        0,
        0,
        0,
        0,
        0,
        0,
        0,
        0,
        0,
        0,
        0,
        0
      ]
    },
    {
      "command": "python-pypy:bounce",
      "mean": 0.41004601095000004,
      "stddev": 0.0008327700564304036,
      "median": 0.41011179400000003,
      "user": 0.38853645000000003,
      "system": 0.020107,
      "min": 0.40854885500000004,
      "max": 0.41245733300000004,
      "times": [
        0.40914889200000004,
        0.40880328200000005,
        0.40963476800000004,
        0.410659571,
        0.41039745400000005,
        0.41027320300000003,
        0.40956555800000005,
        0.40854885500000004,
        0.410487667,
        0.41011136600000003,
        0.41031662300000005,
        0.409526859,
        0.410330124,
        0.409966215,
        0.410112222,
        0.409650398,
        0.40976298400000005,
        0.41245733300000004,
        0.41015206600000004,
        0.41101477900000005
      ],
      "exit_codes": [
        0,
        0,
        0,
        0,
        0,
        0,
        0,
        0,
        0,
        0,
        0,
        0,
        0,
        0,
        0,
        0,
        0,
        0,
        0,
        0
      ]
    },
    {
      "command": "lua-luajit:bounce",
      "mean": 0.8976216071500002,
      "stddev": 0.01087854863008933,
      "median": 0.8978581655,
      "user": 0.8943143499999999,
      "system": 0.0011653500000000001,
      "min": 0.8791066380000001,
      "max": 0.923283175,
      "times": [
        0.9018289300000001,
        0.890028657,
        0.899249531,
        0.9001441360000001,
        0.9091587940000001,
        0.90577468,
        0.8894695010000001,
        0.889858386,
        0.906738679,
        0.890033103,
        0.8791066380000001,
        0.885909261,
        0.923283175,
        0.9020212510000001,
        0.900410448,
        0.8964668,
        0.892034524,
        0.9146626750000001,
        0.884368805,
        0.891884169
      ],
      "exit_codes": [
        0,
        0,
        0,
        0,
        0,
        0,
        0,
        0,
        0,
        0,
        0,
        0,
        0,
        0,
        0,
        0,
        0,
        0,
        0,
        0
      ]
    },
    {
      "command": "effekt-jit-no-specialization:bounce",
      "mean": 0.9641351802499998,
      "stddev": 0.014536968931519468,
      "median": 0.9608620590000001,
      "user": 0.9487873999999998,
      "system": 0.0127718,
      "min": 0.9469402170000001,
      "max": 1.003581962,
      "times": [
        1.003581962,
        1.002519326,
        0.9469402170000001,
        0.952753159,
        0.965037542,
        0.950804614,
        0.956335636,
        0.962926711,
        0.9537992670000001,
        0.9576015050000001,
        0.9600423870000001,
        0.9717741670000001,
        0.963404922,
        0.959575182,
        0.962056266,
        0.961676568,
        0.966993987,
        0.9664546860000001,
        0.9600475500000001,
        0.958377951
      ],
      "exit_codes": [
        0,
        0,
        0,
        0,
        0,
        0,
        0,
        0,
        0,
        0,
        0,
        0,
        0,
        0,
        0,
        0,
        0,
        0,
        0,
        0
      ]
    },
    {
      "command": "effekt-jit-no-opt:bounce",
      "mean": 9.0489615141,
      "stddev": 0.028148833170463877,
      "median": 9.051886775,
      "user": 8.992715800000003,
      "system": 0.038297950000000004,
      "min": 9.003669423,
      "max": 9.103580449,
      "times": [
        9.083259458,
        9.077626493,
        9.038169176,
        9.033904025,
        9.055964825,
        9.062338193,
        9.025033939,
        9.023114822,
        9.003669423,
        9.068798852,
        9.015945344,
        9.063446788,
        9.050355866,
        9.103580449,
        9.012056724,
        9.03027824,
        9.078393557,
        9.080889702,
        9.018986722,
        9.053417684
      ],