{
  "results": [
    {
      "command": "koka-vm-no-context:counter",
      "mean": 2.07892661315,
      "stddev": 0.050157192809828555,
      "median": 2.100824647,
      "user": 2.0668060499999994,
      "system": 0.0075195999999999995,
      "min": 2.011141305,
      "max": 2.149254364,
      "times": [
        2.015149039,
        2.020790845,
        2.026156515,
        2.149254364,
        2.129740839,
        2.123861226,
        2.128404951,
        2.111563108,
        2.107219974,
        2.101327087,
        2.120833232,
        2.100322207,
        2.097344539,
        2.107538236,
        2.133352165,
        2.011141305,
        2.020186906,
        2.021399061,
        2.029035624,
        2.02391104
      ],
      "exit_codes": [
        0,
        0,
        0,
        0,
        0,
        0,
        0,
        0,
        0,
        0,
        0,
        0,
        0,
        0,
        0,
        0,
        0,
        0,
        0,
        0
      ]
    },
    {
      "command": "koka-vm-no-labelbydefsite:counter",
      "mean": 0.41484433555000005,
      "stddev": 0.0017208139564571592,
      "median": 0.4150473445,
      "user": 0.4059863,
      "system": 0.007724400000000001,
      "min": 0.409792804,
      "max": 0.41714968300000005,
      "times": [
        0.409792804,
        0.413885057,
        0.41292689600000004,
        0.41474053400000005,
        0.41685588900000003,
        0.415153998,
        0.414458977,
        0.414438505,
        0.41513227300000005,
        0.416070985,
        0.415349073,
        0.41578987700000003,
        0.41612932900000005,
        0.414146695,
        0.41357396900000004,
        0.41306757000000005,
        0.417033123,
        0.41622905800000004,
        0.414962416,
        0.41714968300000005
      ],
      "exit_codes": [
        0,
        0,
        0,
        0,
        0,
        0,
        0,
        0,
        0,
        0,
        0,
        0,
        0,
        0,
        0,
        0,
        0,
        0,
        0,
        0
      ]
    },
    {
      "command": "koka-c:counter",
      "mean": 8.247534763050002,
      "stddev": 0.26223321558397916,
      "median": 8.2800384285,
      "user": 8.234600699999998,
      "system": 0.0010680499999999999,
      "min": 7.831209961,
      "max": 8.737935117,
      "times": [
        8.290708724,
        8.288914282,
        8.289769673,
        8.282449693,
        8.641214363,
        8.737935117,
        8.283972176,
        8.27847943,
        8.735103189,
        8.280278697,
        8.276378875,
        8.274368745,
        8.278796771,
        8.27979816,
        8.288030735,
        7.831209961,
        7.848079205,
        7.876441833,
        7.900737406,
        7.988028226
      ],
      "exit_codes": [
        0,
        0,
        0,
        0,
        0,
        0,
        0,
        0,
        0,
        0,
        0,
        0,
        0,
        0,
        0,
        0,
        0,
        0,
        0,
        0
      ]
    },
    {
      "command": "koka-vm-no-opt:counter",
      "mean": 2.1035027067,
      "stddev": 0.02482312502177946,
      "median": 2.0995864015,
      "user": 2.08994015,
      "system": 0.008481949999999999,
      "min": 2.07634066,
      "max": 2.20024413,
      "times": [
        2.20024413,
        2.07634066,
        2.083042683,
        2.083169488,
        2.102759571,
        2.096745943,
        2.09203646,
        2.105063106,
        2.094461981,
        2.100769762,
        2.094176163,
        2.096492077,
        2.0971152650000002,
        2.118137258,
        2.106595534,
        2.10057333,
        2.107635502,
        2.10506265,
        2.098599473,
        2.111033098
      ],
      "exit_codes": [
        0,
        0,
        0,
        0,
        0,
        0,
        0,
        0,
        0,
        0,
        0,
        0,
        0,
        0,
        0,
        0,
        0,
        0,
        0,
        0
      ]
    },
    {
      "command": "koka-vm-2-context:counter",
      "mean": 0.44233730279999994,
      "stddev": 0.0014746477872866566,
      "median": 0.44278591850000004,
      "user": 0.43310845000000003,
      "system": 0.0080386,
      "min": 0.439021408,
      "max": 0.444402713,
      "times": [
        0.439021408,
        0.44304962200000003,
        0.44397206400000006,
        0.442704464,
        0.444402713,
        0.44355502,
        0.442867373,
        0.44386430600000004,
        0.44319589600000003,
        0.44347044300000005,
        0.44298154500000003,
        0.443759701,
        0.44197232000000003,
        0.442386794,
        0.44089701400000003,
        0.44047315000000004,
        0.43996771500000004,
        0.441412807,
        0.44175567200000004,
        0.44103602900000005
      ],
      "exit_codes": [
        0,
        0,
        0,
        0,
        0,
        0,
        0,
        0,
        0,
        0,
        0,
        0,
        0,
        0,
        0,
        0,
        0,
        0,
        0,
        0
      ]
    },
    {
      "command": "koka-vm-no-addcej:counter",
      "mean": 0.4301063556000001,
      "stddev": 0.007005455785399525,
      "median": 0.43235580850000005,
      "user": 0.4198545,
      "system": 0.009198950000000001,
      "min": 0.407510876,
      "max": 0.43328793400000004,
      "times": [
        0.432742106,
        0.432264007,
        0.43328793400000004,
        0.432602977,
        0.432281817,
        0.432394726,
        0.432661999,
        0.43180494700000005,
        0.432696252,
        0.43201301900000005,
        0.43236042100000005,
        0.432581926,
        0.432548694,
        0.43126616,
        0.43222425000000003,
        0.43321828700000004,
        0.43235119600000005,
        0.43124220700000004,
        0.407510876,
        0.41207331100000005
      ],
      "exit_codes": [
        0,
        0,
        0,
        0,
        0,
        0,
        0,
        0,
        0,
        0,
        0,
        0,
        0,
        0,
        0,
        0,
        0,
        0,
        0,
        0
      ]
    },
    {
      "command": "koka-vm-no-specialization:counter",
      "mean": 0.41427280304999997,
      "stddev": 0.0014552942834153196,
      "median": 0.4145002735,
      "user": 0.40449085,
      "system": 0.0086582,
      "min": 0.410168138,
      "max": 0.416436293,
      "times": [
        0.410168138,
        0.412884896,
        0.414386951,
        0.41547938700000003,
        0.41365253500000004,
        0.41316004700000003,
        0.41273824000000003,
        0.41521342400000005,
        0.415594263,
        0.414895344,
        0.41371849400000005,
        0.41360037600000005,
        0.415604856,
        0.416436293,
        0.415799405,
        0.41401298200000003,
        0.41308845400000005,
        0.414945722,
        0.41461359600000003,
        0.41546265800000004
      ],
      "exit_codes": [
        0,
        0,
        0,
        0,
        0,
        0,
        0,
        0,
        0,
        0,
        0,
        0,
        0,
        0,
        0,
        0,
        0,
        0,
        0,
        0
      ]
    },
    {
      "command": "koka-js:counter",
      "mean": 1.3038116142,
      "stddev": 0.03122652904768644,
      "median": 1.2864226965,
      "user": 1.29282915,
      "system": 0.015323049999999996,
      "min": 1.278102435,
      "max": 1.351525346,
      "times": [
        1.34926239,
        1.284187788,
        1.285476957,
        1.2802037689999999,
        1.350202097,
        1.281385393,
        1.34990641,
        1.278102435,
        1.350764423,
        1.279161016,
        1.28218138,
        1.287604497,
        1.286039842,
        1.286805551,
        1.283255813,
        1.288464408,
        1.349055134,
        1.351525346,
        1.28690096,
        1.285746675
      ],