{
  "results": [
    {
      "command": "effekt-jit-2-context:list_tail",
      "mean": 0.80459758965,
      "stddev": 0.002286790183655823,
      "median": 0.8044000470000001,
      "user": 0.7972251499999999,
      "system": 0.005174249999999998,
      "min": 0.800557273,
      "max": 0.8091787370000001,
      "times": [
        0.8047267770000001,
        0.8075565360000001,
        0.806626712,
        0.8039997440000001,
        0.80660032,
        0.803172581,
        0.8091787370000001,
        0.805657762,
        0.805878442,
        0.802324157,
        0.8067777850000001,
        0.80230696,
        0.80241666,
        0.800557273,
        0.8040733170000001,
        0.807036744,
        0.8052657160000001,
        0.8021189200000001,
        0.802108589,
        0.803568061
      ],
      "exit_codes": [
        0,
        0,
        0,
        0,
        0,
        0,
        0,
        0,
        0,
        0,
        0,
        0,
        0,
        0,
        0,
        0,
        0,
        0,
        0,
        0
      ]
    },
    {
      "command": "effekt-jit-no-labelbydefsite:list_tail",
      "mean": 0.5390585908500001,
      "stddev": 0.002376372386160406,
      "median": 0.539354757,
      "user": 0.5327205999999999,
      "system": 0.0047801,
      "min": 0.5344851540000001,
      "max": 0.542400548,
      "times": [
        0.535647363,
        0.5422150840000001,
        0.540643285,
        0.541452367,
        0.537127048,
        0.542400548,
        0.539193746,
        0.539515768,
        0.5371870470000001,
        0.538582263,
        0.535256766,
        0.539869059,
        0.538851233,
        0.5408297750000001,
        0.5419407980000001,
        0.53842844,
        0.539705399,
        0.5344851540000001,
        0.536658689,
        0.541181985
      ],
      "exit_codes": [
        0,
        0,
        0,
        0,
        0,
        0,
        0,
        0,
        0,
        0,
        0,
        0,
        0,
        0,
        0,
        0,
        0,
        0,
        0,
        0
      ]
    },
    {
      "command": "effekt-jit-no-context:list_tail",
      "mean": 0.45463818500000014,
      "stddev": 0.0022797501344938033,
      "median": 0.453730583,
      "user": 0.4492998,
      "system": 0.004031699999999999,
      "min": 0.45142476800000003,
      "max": 0.45906277900000003,
      "times": [
        0.455682743,
        0.45307499900000003,
        0.45309913900000004,
        0.453616092,
        0.45233181400000005,
        0.45142476800000003,
        0.45266137300000003,
        0.454249469,
        0.453361208,
        0.455325633,
        0.45271292500000004,
        0.453845074,
        0.45344194600000004,
        0.45307516000000003,
        0.45883732800000004,
        0.45554811900000003,
        0.45906277900000003,
        0.455348132,
        0.457717729,
        0.45834727000000003
      ],
      "exit_codes": [
        0,
        0,
        0,
        0,
        0,
        0,
        0,
        0,
        0,
        0,
        0,
        0,
        0,
        0,
        0,
        0,
        0,
        0,
        0,
        0
      ]
    },
    {
      "command": "python-cpython:list_tail",
      "mean": 8.355830148749998,
      "stddev": 0.1109997130756164,
      "median": 8.329561957,
      "user": 8.337861399999998,
      "system": 0.00397575,
      "min": 8.266902285,
      "max": 8.792135529,
      "times": [
        8.266902285,
        8.307131162,
        8.356284727,
        8.33851238,
        8.346090021,
        8.412362487,
        8.326803007,
        8.331079055,
        8.33489108,
        8.792135529,
        8.304673831,
        8.304675407,
        8.301180087,
        8.364057539000001,
        8.455012706,
        8.305946733,
        8.323492811,
        8.332013249,
        8.328044859,
        8.28531402
      ],
      "exit_codes": [
        0,
        0,
        0,
        0,
        0,
        0,
        0,
        0,
        0,
        0,
        0,
        0,
        0,
        0,
        0,
        0,
        0,
        0,
        0,
        0
      ]
    },
    {
      "command": "python-pypy:list_tail",
      "mean": 2.33459040275,
      "stddev": 0.016436479557402524,
      "median": 2.341287527,
      "user": 2.2956258499999995,
      "system": 0.032543699999999995,
      "min": 2.299926332,
      "max": 2.353701146,
      "times": [
        2.313240119,
        2.299926332,
        2.311703532,
        2.315775027,
        2.323996372,
        2.324624148,
        2.3173696550000003,
        2.326961642,
        2.336350615,
        2.3490002260000002,
        2.3445573570000002,
        2.341033142,
        2.353683032,
        2.34772907,
        2.342741436,
        2.35238615,
        2.341541912,
        2.3477243960000003,
        2.353701146,
        2.347762746
      ],
      "exit_codes": [
        0,
        0,
        0,
        0,
        0,
        0,
        0,
        0,
        0,
        0,
        0,
        0,
        0,
        0,
        0,
        0,
        0,
        0,
        0,
        0
      ]
    },
    {
      "command": "lua-luajit:list_tail",
      "mean": 1.2094337389,
      "stddev": 0.011405412926168881,
      "median": 1.2074315205000001,
      "user": 1.20561055,
      "system": 0.00127585,
      "min": 1.198963967,
      "max": 1.252707736,
      "times": [
        1.209706519,
        1.213856522,
        1.216860359,
        1.210413395,
        1.204601391,
        1.212497971,
        1.202890545,
        1.198963967,
        1.203496004,
        1.213941486,
        1.212617238,
        1.206572138,
        1.201984838,
        1.206097461,
        1.252707736,
        1.208318358,
        1.1995510440000001,
        1.20101837,
        1.204288533,
        1.208290903
      ],
      "exit_codes": [
        0,
        0,
        0,
        0,
        0,
        0,
        0,
        0,
        0,
        0,
        0,
        0,
        0,
        0,
        0,
        0,
        0,
        0,
        0,
        0
      ]
    },
    {
      "command": "effekt-jit-no-specialization:list_tail",
      "mean": 0.7154055451000001,
      "stddev": 0.003162842890290182,
      "median": 0.7151828330000001,
      "user": 0.7087751499999999,
      "system": 0.004885249999999999,
      "min": 0.7086238410000001,
      "max": 0.721363179,
      "times": [
        0.721363179,
        0.7164497190000001,
        0.714132783,
        0.714807737,
        0.715557929,
        0.7181818320000001,
        0.714211593,
        0.717399447,
        0.7134458650000001,
        0.7086238410000001,
        0.7142208290000001,
        0.7183044460000001,
        0.7195135810000001,
        0.712987349,
        0.7168662880000001,
        0.710422799,
        0.713118935,
        0.7172714720000001,
        0.7187977790000001,
        0.7124334990000001
      ],
      "exit_codes": [
        0,
        0,
        0,
        0,
        0,
        0,
        0,
        0,
        0,
        0,
        0,
        0,
        0,
        0,
        0,
        0,
        0,
        0,
        0,
        0
      ]
    },
    {
      "command": "effekt-jit-no-opt:list_tail",
      "mean": 0.6176832989,
      "stddev": 0.002803950207855075,
      "median": 0.6168841605,
      "user": 0.6114389499999999,
      "system": 0.004765150000000001,
      "min": 0.613349475,
      "max": 0.623396959,
      "times": [
        0.613349475,
        0.6167430180000001,
        0.6164462230000001,
        0.6230253290000001,
        0.623396959,
        0.6160202610000001,
        0.6146481220000001,
        0.621737239,
        0.616856352,
        0.6209938570000001,
        0.615154359,
        0.616911969,
        0.617175232,
        0.617116259,
        0.617315689,
        0.6166166430000001,
        0.6198327570000001,
        0.616245711,
        0.614739397,
        0.619341127
      ],