{
  "results": [
    {
      "command": "effekt-jit-2-context:permute",
      "mean": 1.49357375305,
      "stddev": 0.007816706737563886,
      "median": 1.4933312385000002,
      "user": 1.4838183999999999,
      "system": 0.00644865,
      "min": 1.48035947,
      "max": 1.510592106,
      "times": [
        1.487854642,
        1.500814531,
        1.493533687,
        1.48035947,
        1.482562995,
        1.5008383040000002,
        1.490440692,
        1.485653299,
        1.499680807,
        1.49370771,
        1.499441993,
        1.487337309,
        1.484942625,
        1.504732877,
        1.510592106,
        1.490587015,
        1.49312879,
        1.494738511,
        1.49084103,
        1.499686668
      ],
      "exit_codes": [
        0,
        0,
        0,
        0,
        0,
        0,
        0,
        0,
        0,
        0,
        0,
        0,
        0,
        0,
        0,
        0,
        0,
        0,
        0,
        0
      ]
    },
    {
      "command": "effekt-jit-no-labelbydefsite:permute",
      "mean": 2.49014084,
      "stddev": 0.019693176774993836,
      "median": 2.4901861015,
      "user": 2.47765945,
      "system": 0.006830399999999998,
      "min": 2.446543106,
      "max": 2.529786456,
      "times": [
        2.446543106,
        2.460989832,
        2.478833668,
        2.488472965,
        2.494404931,
        2.501258842,
        2.479634204,
        2.5046932650000002,
        2.504814863,
        2.479929624,
        2.473038448,
        2.519818468,
        2.507447071,
        2.501973694,
        2.482302685,
        2.529786456,
        2.4727074510000002,
        2.4918992380000002,
        2.483680379,
        2.50058761
      ],
      "exit_codes": [
        0,
        0,
        0,
        0,
        0,
        0,
        0,
        0,
        0,
        0,
        0,
        0,
        0,
        0,
        0,
        0,
        0,
        0,
        0,
        0
      ]
    },
    {
      "command": "effekt-jit-no-context:permute",
      "mean": 3.0423432638000003,
      "stddev": 0.012060810382699134,
      "median": 3.0430665015000002,
      "user": 3.0266097000000003,
      "system": 0.0085944,
      "min": 3.021807359,
      "max": 3.057980934,
      "times": [
        3.031849777,
        3.021807359,
        3.03536419,
        3.022829625,
        3.048031141,
        3.039802929,
        3.052874804,
        3.035165421,
        3.029669913,
        3.025319252,
        3.056415624,
        3.056733528,
        3.057980934,
        3.051999604,
        3.045376273,
        3.053867766,
        3.03572971,
        3.054565601,
        3.04075673,
        3.050725095
      ],
      "exit_codes": [
        0,
        0,
        0,
        0,
        0,
        0,
        0,
        0,
        0,
        0,
        0,
        0,
        0,
        0,
        0,
        0,
        0,
        0,
        0,
        0
      ]
    },
    {
      "command": "python-cpython:permute",
      "mean": 24.20392392255,
      "stddev": 0.3183979917279791,
      "median": 24.1553326975,
      "user": 24.164701749999995,
      "system": 0.00399195,
      "min": 23.653759071,
      "max": 25.346006763,
      "times": [
        23.653759071,
        24.171693905,
        24.073116883,
        24.213657639,
        24.104981484,
        25.346006763,
        24.227788443,
        24.117858301,
        24.140487251,
        24.170178144,
        24.112222882,
        24.026605359,
        24.20151771,
        24.18569333,
        24.029311268,
        24.073285686,
        24.367052102,
        24.571229294,
        24.041171942,
        24.250860994
      ],
      "exit_codes": [
        0,
        0,
        0,
        0,
        0,
        0,
        0,
        0,
        0,
        0,
        0,
        0,
        0,
        0,
        0,
        0,
        0,
        0,
        0,
        0
      ]
    },
    {
      "command": "python-pypy:permute",
      "mean": 2.1599348350000005,
      "stddev": 0.010294382963103938,
      "median": 2.157380002,
      "user": 2.124158,
      "system": 0.0302265,
      "min": 2.145190123,
      "max": 2.178850056,
      "times": [
        2.174562626,
        2.174952331,
        2.162389956,
        2.178850056,
        2.173078021,
        2.173006888,
        2.156587544,
        2.153066639,
        2.152561544,
        2.146307524,
        2.149543368,
        2.154554159,
        2.150990524,
        2.145190123,
        2.152783959,
        2.15817246,
        2.163057472,
        2.154092509,
        2.159100471,
        2.165848526
      ],
      "exit_codes": [
        0,
        0,
        0,
        0,
        0,
        0,
        0,
        0,
        0,
        0,
        0,
        0,
        0,
        0,
        0,
        0,
        0,
        0,
        0,
        0
      ]
    },
    {
      "command": "lua-luajit:permute",
      "mean": 0.862358736,
      "stddev": 0.9689291545646148,
      "median": 0.5520929405,
      "user": 0.8449780499999999,
      "system": 0.01526275,
      "min": 0.33773035,
      "max": 4.747201069,
      "times": [
        0.33773035,
        0.34384647300000004,
        1.203937328,
        0.459531787,
        0.397834187,
        0.6826429380000001,
        1.174144353,
        0.561282233,
        1.176969899,
        0.442368494,
        0.47278069600000006,
        0.681230294,
        0.5818913990000001,
        0.348067145,
        1.173163205,
        4.747201069,
        0.34529811000000005,
        0.542903648,
        0.46603624000000005,
        1.108314872
      ],
      "exit_codes": [
        0,
        0,
        0,
        0,
        0,
        0,
        0,
        0,
        0,
        0,
        0,
        0,
        0,
        0,
        0,
        0,
        0,
        0,
        0,
        0
      ]
    },
    {
      "command": "effekt-jit-no-specialization:permute",
      "mean": 2.89359739255,
      "stddev": 0.01940889958753717,
      "median": 2.8940975265000004,
      "user": 2.8774933,
      "system": 0.009365849999999998,
      "min": 2.847618309,
      "max": 2.919969033,
      "times": [
        2.862426655,
        2.847618309,
        2.8816797860000003,
        2.881804619,
        2.91143559,
        2.887738295,
        2.8724150120000003,
        2.888081729,
        2.9151252210000003,
        2.8847297540000003,
        2.8970362940000003,
        2.904665776,
        2.919969033,
        2.891158759,
        2.899981585,
        2.913866017,
        2.899966219,
        2.9178219,
        2.912641222,
        2.881786076
      ],
      "exit_codes": [
        0,
        0,
        0,
        0,
        0,
        0,
        0,
        0,
        0,
        0,
        0,
        0,
        0,
        0,
        0,
        0,
        0,
        0,
        0,
        0
      ]
    },
    {
      "command": "effekt-jit-no-opt:permute",
      "mean": 4.2072197531499995,
      "stddev": 0.021543224365463503,
      "median": 4.205585472,
      "user": 4.187253800000001,
      "system": 0.01140985,
      "min": 4.170321871,
      "max": 4.252969343,
      "times": [
        4.201061065,
        4.234514716,
        4.252969343,
        4.228863526,
        4.237045165,
        4.213600032,
        4.223230778,
        4.210151942,
        4.223526446,
        4.200036317,
        4.187959377,
        4.194525007,
        4.176071547,
        4.170321871,
        4.212341858,
        4.210109879,
        4.195485103,
        4.19985143,
        4.186969811,
        4.18575985
      ],
      "exit_codes": [
        0,
        0,
        0,
        0,
        0,
        0,
        0,
        0,
        0,
        0,
        0,
        0,
        0,
        0,
        0,
        0,
        0,
        0,
        0,
        0
      ]
    },
    {
      "command": "effekt-llvm:permute",
      "mean": 5.570142272749999,
      "stddev": 0.058015723534587886,