{
  "results": [
    {
      "command": "effekt-jit-2-context:queens",
      "mean": 1.3480330825500002,
      "stddev": 0.003975261588507018,
      "median": 1.3478220310000002,
      "user": 1.3375164000000002,
      "system": 0.007017600000000001,
      "min": 1.341139188,
      "max": 1.354425258,
      "times": [
        1.352720132,
        1.354425258,
        1.347396159,
        1.352674957,
        1.346226852,
        1.34980278,
        1.348247903,
        1.348442356,
        1.352705742,
        1.34683905,
        1.353342623,
        1.343223694,
        1.341139188,
        1.351414938,
        1.344652166,
        1.343581011,
        1.342306661,
        1.346589639,
        1.349532517,
        1.345398025
      ],
      "exit_codes": [
        0,
        0,
        0,
        0,
        0,
        0,
        0,
        0,
        0,
        0,
        0,
        0,
        0,
        0,
        0,
        0,
        0,
        0,
        0,
        0
      ]
    },
    {
      "command": "effekt-jit-no-labelbydefsite:queens",
      "mean": 4.1626508604,
      "stddev": 0.020954821456107393,
      "median": 4.1661276175,
      "user": 4.13113765,
      "system": 0.023052000000000003,
      "min": 4.121251071,
      "max": 4.193752487,
      "times": [
        4.121251071,
        4.193752487,
        4.173829766,
        4.133548612,
        4.164445925,
        4.134113597,
        4.180617991,
        4.182618788,
        4.182108722,
        4.13158019,
        4.149572257,
        4.166563438,
        4.170578171,
        4.138972778,
        4.175824993,
        4.161732426,
        4.1873925100000005,
        4.16200643,
        4.176815259,
        4.165691797
      ],
      "exit_codes": [
        0,
        0,
        0,
        0,
        0,
        0,
        0,
        0,
        0,
        0,
        0,
        0,
        0,
        0,
        0,
        0,
        0,
        0,
        0,
        0
      ]
    },
    {
      "command": "effekt-jit-no-context:queens",
      "mean": 5.627354298449999,
      "stddev": 0.026898828995686373,
      "median": 5.6267686215,
      "user": 5.589534299999999,
      "system": 0.026203149999999998,
      "min": 5.582058361,
      "max": 5.679678453,
      "times": [
        5.673643901,
        5.679678453,
        5.630523845,
        5.63697762,
        5.608923762,
        5.638626592,
        5.663241583,
        5.634253606,
        5.623013398,
        5.614888093,
        5.593190165,
        5.649610752,
        5.635166789,
        5.615064213,
        5.647663275,
        5.611411455,
        5.588973591,
        5.602169391,
        5.618007124,
        5.582058361
      ],
      "exit_codes": [
        0,
        0,
        0,
        0,
        0,
        0,
        0,
        0,
        0,
        0,
        0,
        0,
        0,
        0,
        0,
        0,
        0,
        0,
        0,
        0
      ]
    },
    {
      "command": "python-cpython:queens",
      "mean": 11.729712052950001,
      "stddev": 0.14075200925396644,
      "median": 11.677999799,
      "user": 11.705357000000001,
      "system": 0.0037725000000000002,
      "min": 11.558426409,
      "max": 12.128667688,
      "times": [
        11.659014076,
        12.009868963,
        12.128667688,
        11.558426409,
        11.675927581,
        11.654360928,
        11.584249206,
        11.636922833,
        11.664899981,
        11.673894405,
        11.803131682,
        11.784537816,
        11.586127641000001,
        11.64454885,
        11.773116353,
        11.845500974,
        11.69830849,
        11.789526317,
        11.743138849,
        11.680072017
      ],
      "exit_codes": [
        0,
        0,
        0,
        0,
        0,
        0,
        0,
        0,
        0,
        0,
        0,
        0,
        0,
        0,
        0,
        0,
        0,
        0,
        0,
        0
      ]
    },
    {
      "command": "python-pypy:queens",
      "mean": 1.2663058692,
      "stddev": 0.031633879770567086,
      "median": 1.245488586,
      "user": 1.2384528,
      "system": 0.024648099999999992,
      "min": 1.235642731,
      "max": 1.307044467,
      "times": [
        1.302164108,
        1.302111502,
        1.303201031,
        1.301568852,
        1.306239384,
        1.302865039,
        1.305974786,
        1.307044467,
        1.236091286,
        1.238828147,
        1.2388023320000001,
        1.241690981,
        1.240694924,
        1.246165215,
        1.246509488,
        1.24309537,
        1.235642731,
        1.242244444,
        1.24037134,
        1.244811957
      ],
      "exit_codes": [
        0,
        0,
        0,
        0,
        0,
        0,
        0,
        0,
        0,
        0,
        0,
        0,
        0,
        0,
        0,
        0,
        0,
        0,
        0,
        0
      ]
    },
    {
      "command": "lua-luajit:queens",
      "mean": 0.9495947253499999,
      "stddev": 0.0682030716532197,
      "median": 0.9376698510000001,
      "user": 0.9458771,
      "system": 0.0015722999999999998,
      "min": 0.8797148010000001,
      "max": 1.146325155,
      "times": [
        1.01818456,
        0.8973392870000001,
        0.954997317,
        0.888908859,
        0.9022365960000001,
        0.9734331300000001,
        0.962439986,
        0.898583632,
        1.025586811,
        0.969612491,
        0.9203423850000001,
        1.146325155,
        0.89458537,
        0.973530879,
        0.9960858330000001,
        0.887259365,
        0.902172662,
        0.8797148010000001,
        0.882664749,
        1.017890639
      ],
      "exit_codes": [
        0,
        0,
        0,
        0,
        0,
        0,
        0,
        0,
        0,
        0,
        0,
        0,
        0,
        0,
        0,
        0,
        0,
        0,
        0,
        0
      ]
    },
    {
      "command": "effekt-jit-no-specialization:queens",
      "mean": 4.942437056650001,
      "stddev": 0.10742305434486595,
      "median": 5.002759719,
      "user": 4.903830299999999,
      "system": 0.028014650000000002,
      "min": 4.743499883,
      "max": 5.054148793,
      "times": [
        4.743499883,
        4.797032695,
        4.799374484,
        4.804866842,
        4.816774181,
        4.8295512810000005,
        4.828431919,
        5.020513058,
        5.034182966,
        5.045336232,
        5.054148793,
        5.018540894,
        5.003077222,
        4.989980588,
        5.026521105,
        5.013010608,
        5.002442216,
        5.00593594,
        5.014244671,
        5.001275555
      ],
      "exit_codes": [
        0,
        0,
        0,
        0,
        0,
        0,
        0,
        0,
        0,
        0,
        0,
        0,
        0,
        0,
        0,
        0,
        0,
        0,
        0,
        0
      ]
    },
    {
      "command": "effekt-jit-no-opt:queens",
      "mean": 6.8511015165,
      "stddev": 0.04349081389414903,
      "median": 6.8360206175,
      "user": 6.80112035,
      "system": 0.0356551,
      "min": 6.768343941,
      "max": 6.948647024,
      "times": [
        6.948647024,
        6.907730596,
        6.9410287450000006,
        6.8279802,
        6.834145602,
        6.864508253,
        6.886712876,
        6.834870938,
        6.845668492,
        6.812051964,
        6.826399022,
        6.832055425,
        6.837170297,
        6.768343941,
        6.820153943,
        6.840963426,
        6.883361311,
        6.850988334,
        6.8304220440000005,
        6.828827897
      ],
      "exit_codes": [
        0,
        0,
        0,
        0,
        0,
        0,
        0,
        0,
        0,
        0,
        0,
        0,
        0,
        0,
        0,
        0,
        0,
        0,
        0,
        0
      ]
    },
    {
      "command": "effekt-js:queens",
      "mean": 5.77930565005,
      "stddev": 0.13128182986049916,