{
  "results": [
    {
      "command": "effekt-jit-2-context:sieve",
      "mean": 0.77574581185,
      "stddev": 0.0050094547246141655,
      "median": 0.7773307345,
      "user": 0.7577081999999999,
      "system": 0.0160417,
      "min": 0.766912453,
      "max": 0.782595762,
      "times": [
        0.7764141050000001,
        0.782595762,
        0.777135997,
        0.779022124,
        0.768311743,
        0.777525472,
        0.7808378680000001,
        0.7788547090000001,
        0.7731124410000001,
        0.7803803850000001,
        0.7782534050000001,
        0.7805963,
        0.778633404,
        0.7676889680000001,
        0.766912453,
        0.780050423,
        0.776284843,
        0.7744233450000001,
        0.769105943,
        0.7687765470000001
      ],
      "exit_codes": [
        0,
        0,
        0,
        0,
        0,
        0,
        0,
        0,
        0,
        0,
        0,
        0,
        0,
        0,
        0,
        0,
        0,
        0,
        0,
        0
      ]
    },
    {
      "command": "effekt-jit-no-labelbydefsite:sieve",
      "mean": 1.1503071259,
      "stddev": 0.003930760129356952,
      "median": 1.151002946,
      "user": 1.1299797000000003,
      "system": 0.017686050000000002,
      "min": 1.142015204,
      "max": 1.1569092,
      "times": [
        1.1526262840000001,
        1.154708748,
        1.149424635,
        1.153067673,
        1.154042165,
        1.153995535,
        1.152421163,
        1.147792077,
        1.146617959,
        1.146279165,
        1.14687594,
        1.15507529,
        1.148156617,
        1.1569092,
        1.147516699,
        1.150802084,
        1.151203808,
        1.142015204,
        1.14484849,
        1.151763782
      ],
      "exit_codes": [
        0,
        0,
        0,
        0,
        0,
        0,
        0,
        0,
        0,
        0,
        0,
        0,
        0,
        0,
        0,
        0,
        0,
        0,
        0,
        0
      ]
    },
    {
      "command": "effekt-jit-no-context:sieve",
      "mean": 1.5089750841000003,
      "stddev": 0.0031024417656233165,
      "median": 1.509095874,
      "user": 1.4860111,
      "system": 0.0191681,
      "min": 1.502511229,
      "max": 1.514063608,
      "times": [
        1.506875972,
        1.509578269,
        1.511199484,
        1.509018492,
        1.5052326580000002,
        1.509180573,
        1.508989667,
        1.505300128,
        1.5087661589999999,
        1.509173256,
        1.505915355,
        1.512285037,
        1.5048558459999999,
        1.514063608,
        1.513816713,
        1.511417517,
        1.502511229,
        1.511090459,
        1.511543512,
        1.508687748
      ],
      "exit_codes": [
        0,
        0,
        0,
        0,
        0,
        0,
        0,
        0,
        0,
        0,
        0,
        0,
        0,
        0,
        0,
        0,
        0,
        0,
        0,
        0
      ]
    },
    {
      "command": "python-cpython:sieve",
      "mean": 11.07692417645,
      "stddev": 0.14861638784113673,
      "median": 11.0149465525,
      "user": 11.0531753,
      "system": 0.00394275,
      "min": 10.981580724,
      "max": 11.575873723,
      "times": [
        11.014997899,
        10.981874558,
        10.99545465,
        11.014895206,
        11.061472804,
        11.13287448,
        11.009632403,
        11.043261825,
        10.981580724,
        11.048206138,
        11.053368681,
        11.00897408,
        11.008594927,
        10.982569343,
        11.298273661,
        10.993785722,
        11.575873723,
        11.289117974,
        10.985418761,
        11.05825597
      ],
      "exit_codes": [
        0,
        0,
        0,
        0,
        0,
        0,
        0,
        0,
        0,
        0,
        0,
        0,
        0,
        0,
        0,
        0,
        0,
        0,
        0,
        0
      ]
    },
    {
      "command": "python-pypy:sieve",
      "mean": 0.6469819965,
      "stddev": 0.004336808906264441,
      "median": 0.6490016885000001,
      "user": 0.6210090499999998,
      "system": 0.024294649999999997,
      "min": 0.640068835,
      "max": 0.651377873,
      "times": [
        0.641400598,
        0.6492696,
        0.645230704,
        0.640600022,
        0.649088305,
        0.648078104,
        0.640068835,
        0.6483765250000001,
        0.640662457,
        0.6502253330000001,
        0.641512772,
        0.651377873,
        0.65003045,
        0.6504102150000001,
        0.650559952,
        0.6509212390000001,
        0.65115603,
        0.650834718,
        0.6489150720000001,
        0.6409211260000001
      ],
      "exit_codes": [
        0,
        0,
        0,
        0,
        0,
        0,
        0,
        0,
        0,
        0,
        0,
        0,
        0,
        0,
        0,
        0,
        0,
        0,
        0,
        0
      ]
    },
    {
      "command": "lua-luajit:sieve",
      "mean": 0.45469542170000005,
      "stddev": 0.0024819481852448038,
      "median": 0.45532240600000007,
      "user": 0.4515232,
      "system": 0.0020356,
      "min": 0.44705002200000005,
      "max": 0.457208084,
      "times": [
        0.44705002200000005,
        0.456694627,
        0.45566036200000004,
        0.45433103300000005,
        0.455898846,
        0.45443593400000004,
        0.454767929,
        0.45637552000000003,
        0.45534474300000005,
        0.457208084,
        0.45679412100000005,
        0.456569596,
        0.454757212,
        0.45419816300000004,
        0.45530006900000003,
        0.45068701000000005,
        0.45273171300000004,
        0.45208160100000006,
        0.45704400700000003,
        0.455977842
      ],
      "exit_codes": [
        0,
        0,
        0,
        0,
        0,
        0,
        0,
        0,
        0,
        0,
        0,
        0,
        0,
        0,
        0,
        0,
        0,
        0,
        0,
        0
      ]
    },
    {
      "command": "effekt-jit-no-specialization:sieve",
      "mean": 1.2551120186499998,
      "stddev": 0.004938207218506816,
      "median": 1.2560855530000001,
      "user": 1.2340346,
      "system": 0.01829075,
      "min": 1.246308279,
      "max": 1.2674921430000001,
      "times": [
        1.246308279,
        1.256600852,
        1.249973823,
        1.253821817,
        1.2674921430000001,
        1.261708322,
        1.248279163,
        1.257556941,
        1.2498896,
        1.257420479,
        1.2528379649999999,
        1.258842804,
        1.259656716,
        1.256073267,
        1.25611109,
        1.2564878959999999,
        1.25114944,
        1.251542519,
        1.256097839,
        1.2543894180000001
      ],
      "exit_codes": [
        0,
        0,
        0,
        0,
        0,
        0,
        0,
        0,
        0,
        0,
        0,
        0,
        0,
        0,
        0,
        0,
        0,
        0,
        0,
        0
      ]
    },
    {
      "command": "effekt-jit-no-opt:sieve",
      "mean": 1.8294367265500004,
      "stddev": 0.003962441685383088,
      "median": 1.8288076735,
      "user": 1.80681695,
      "system": 0.018654650000000002,
      "min": 1.821004289,
      "max": 1.8355996490000002,
      "times": [
        1.828926138,
        1.834686212,
        1.834179158,
        1.833465155,
        1.8275871160000001,
        1.827258724,
        1.8320217150000002,
        1.833530354,
        1.821004289,
        1.8263539400000002,
        1.8289928720000002,
        1.8286892090000002,
        1.8355996490000002,
        1.828540388,
        1.8283535130000002,
        1.825021471,
        1.8311408610000002,
        1.827044141,
        1.823295409,
        1.833044217
      ],