{
  "results": [
    {
      "command": "effekt-jit-2-context:storage",
      "mean": 1.4258187226,
      "stddev": 0.042168516841610645,
      "median": 1.3991801685,
      "user": 1.3992076999999998,
      "system": 0.02139035,
      "min": 1.3748309490000001,
      "max": 1.4938687370000001,
      "times": [
        1.4938687370000001,
        1.486831689,
        1.478100629,
        1.475295126,
        1.472179121,
        1.4662413380000001,
        1.459966007,
        1.468252046,
        1.386845348,
        1.394659031,
        1.401160521,
        1.398637571,
        1.395268992,
        1.397215563,
        1.393926881,
        1.3748309490000001,
        1.390039245,
        1.390664507,
        1.392668385,
        1.399722766
      ],
      "exit_codes": [
        0,
        0,
        0,
        0,
        0,
        0,
        0,
        0,
        0,
        0,
        0,
        0,
        0,
        0,
        0,
        0,
        0,
        0,
        0,
        0
      ]
    },
    {
      "command": "effekt-jit-no-labelbydefsite:storage",
      "mean": 0.7039141139500001,
      "stddev": 0.0020827213088742977,
      "median": 0.7035291895,
      "user": 0.67525235,
      "system": 0.026268149999999997,
      "min": 0.7000890320000001,
      "max": 0.707518076,
      "times": [
        0.707137695,
        0.706762898,
        0.707518076,
        0.707346377,
        0.705660591,
        0.704701055,
        0.7032973210000001,
        0.702918715,
        0.7035443130000001,
        0.703000277,
        0.700947367,
        0.7000890320000001,
        0.704139162,
        0.702792681,
        0.703743015,
        0.7016917300000001,
        0.703514066,
        0.702736934,
        0.704171124,
        0.70256985
      ],
      "exit_codes": [
        0,
        0,
        0,
        0,
        0,
        0,
        0,
        0,
        0,
        0,
        0,
        0,
        0,
        0,
        0,
        0,
        0,
        0,
        0,
        0
      ]
    },
    {
      "command": "effekt-jit-no-context:storage",
      "mean": 1.1455573374499999,
      "stddev": 0.006796166940875904,
      "median": 1.143986706,
      "user": 1.100591,
      "system": 0.0419936,
      "min": 1.1365922880000001,
      "max": 1.161087316,
      "times": [
        1.152433525,
        1.148202827,
        1.156809996,
        1.153384166,
        1.148426017,
        1.151345807,
        1.141865995,
        1.161087316,
        1.144384388,
        1.148501358,
        1.144806754,
        1.138662804,
        1.137398078,
        1.138588693,
        1.14049494,
        1.141098263,
        1.143560101,
        1.139914409,
        1.143589024,
        1.1365922880000001
      ],
      "exit_codes": [
        0,
        0,
        0,
        0,
        0,
        0,
        0,
        0,
        0,
        0,
        0,
        0,
        0,
        0,
        0,
        0,
        0,
        0,
        0,
        0
      ]
    },
    {
      "command": "python-cpython:storage",
      "mean": 5.8651103458,
      "stddev": 0.03678600598215083,
      "median": 5.862484824,
      "user": 5.848604399999999,
      "system": 0.004679899999999999,
      "min": 5.814414279,
      "max": 5.955032114,
      "times": [
        5.955032114,
        5.932709503,
        5.908572891,
        5.866381931,
        5.856012162,
        5.88539221,
        5.849661686,
        5.847791445,
        5.86584591,
        5.859123738,
        5.885438484,
        5.886616219,
        5.866399046,
        5.825987093,
        5.814414279,
        5.872386139,
        5.818933894,
        5.841574088,
        5.822441648,
        5.841492436
      ],
      "exit_codes": [
        0,
        0,
        0,
        0,
        0,
        0,
        0,
        0,
        0,
        0,
        0,
        0,
        0,
        0,
        0,
        0,
        0,
        0,
        0,
        0
      ]
    },
    {
      "command": "python-pypy:storage",
      "mean": 0.9288343425000001,
      "stddev": 0.0052160760202978745,
      "median": 0.9296728425,
      "user": 0.8796605999999999,
      "system": 0.046138799999999994,
      "min": 0.9210312390000001,
      "max": 0.9375047670000001,
      "times": [
        0.9220859250000001,
        0.9210312390000001,
        0.923436872,
        0.92197141,
        0.921074241,
        0.925744808,
        0.924735716,
        0.9278161690000001,
        0.9283335060000001,
        0.9303858920000001,
        0.9302701080000001,
        0.930838194,
        0.9303216320000001,
        0.9290755770000001,
        0.9335881690000001,
        0.9331883230000001,
        0.934209825,
        0.9375047670000001,
        0.9352300760000001,
        0.9358444010000001
      ],
      "exit_codes": [
        0,
        0,
        0,
        0,
        0,
        0,
        0,
        0,
        0,
        0,
        0,
        0,
        0,
        0,
        0,
        0,
        0,
        0,
        0,
        0
      ]
    },
    {
      "command": "lua-luajit:storage",
      "mean": 1.7789750756499998,
      "stddev": 0.01994875715025269,
      "median": 1.7785865805,
      "user": 1.7719244,
      "system": 0.0025511500000000003,
      "min": 1.754031377,
      "max": 1.851357566,
      "times": [
        1.765300786,
        1.7791925540000002,
        1.7611867270000001,
        1.7850121680000002,
        1.7647293080000002,
        1.790509857,
        1.76874488,
        1.782227823,
        1.777980607,
        1.765006529,
        1.779981261,
        1.7743891170000001,
        1.7758212480000002,
        1.784089859,
        1.785411924,
        1.851357566,
        1.7629982210000001,
        1.780046401,
        1.7914833,
        1.754031377
      ],
      "exit_codes": [
        0,
        0,
        0,
        0,
        0,
        0,
        0,
        0,
        0,
        0,
        0,
        0,
        0,
        0,
        0,
        0,
        0,
        0,
        0,
        0
      ]
    },
    {
      "command": "effekt-jit-no-specialization:storage",
      "mean": 0.8655032580500002,
      "stddev": 0.0035283512744049943,
      "median": 0.8650221600000001,
      "user": 0.8353420000000001,
      "system": 0.027648349999999995,
      "min": 0.8582588800000001,
      "max": 0.87314769,
      "times": [
        0.8660789590000001,
        0.869683485,
        0.87314769,
        0.8657327920000001,
        0.8674073560000001,
        0.867961894,
        0.8644414680000001,
        0.864421023,
        0.8655431720000001,
        0.8689840080000001,
        0.8629082610000001,
        0.8651994550000001,
        0.8715218,
        0.864844865,
        0.8620033800000001,
        0.862321281,
        0.8582588800000001,
        0.8637620970000001,
        0.863774605,
        0.8620686900000001
      ],
      "exit_codes": [
        0,
        0,
        0,
        0,
        0,
        0,
        0,
        0,
        0,
        0,
        0,
        0,
        0,
        0,
        0,
        0,
        0,
        0,
        0,
        0
      ]
    },
    {
      "command": "effekt-jit-no-opt:storage",
      "mean": 1.3901880635999997,
      "stddev": 0.01772436409432587,
      "median": 1.392603696,
      "user": 1.3352494000000001,
      "system": 0.05129435,
      "min": 1.3200795570000001,
      "max": 1.407003744,
      "times": [
        1.386551641,
        1.4004186870000002,
        1.400643392,
        1.402847145,
        1.395510141,
        1.393315199,
        1.407003744,
        1.39465551,
        1.3918921929999999,
        1.383477742,
        1.389543476,
        1.3876640340000002,
        1.391673966,
        1.390239535,
        1.396957145,
        1.401763902,
        1.3200795570000001,
        1.383142142,
        1.396430737,
        1.389951384
      ],