{
  "results": [
    {
      "command": "effekt-jit-2-context:to_outermost_handler",
      "mean": 1.4136106527499999,
      "stddev": 0.005172485140065565,
      "median": 1.4123444055,
      "user": 1.40794255,
      "system": 0.00308855,
      "min": 1.403943144,
      "max": 1.423411492,
      "times": [
        1.423411492,
        1.421970996,
        1.421072331,
        1.41984278,
        1.416549298,
        1.415521161,
        1.413507053,
        1.417279728,
        1.411782023,
        1.408491629,
        1.407793021,
        1.411038009,
        1.41064476,
        1.415189134,
        1.412858398,
        1.4118304130000001,
        1.409577616,
        1.4105131530000001,
        1.409396916,
        1.403943144
      ],
      "exit_codes": [
        0,
        0,
        0,
        0,
        0,
        0,
        0,
        0,
        0,
        0,
        0,
        0,
        0,
        0,
        0,
        0,
        0,
        0,
        0,
        0
      ]
    },
    {
      "command": "effekt-jit-no-labelbydefsite:to_outermost_handler",
      "mean": 2.4830796262499994,
      "stddev": 0.018208326967844256,
      "median": 2.482073052,
      "user": 2.47512835,
      "system": 0.0042106,
      "min": 2.456149653,
      "max": 2.516601408,
      "times": [
        2.5151832179999998,
        2.516601408,
        2.509011622,
        2.50705297,
        2.489731975,
        2.4862581070000003,
        2.496424377,
        2.481596665,
        2.486391589,
        2.484755625,
        2.482549439,
        2.480953958,
        2.467957925,
        2.471388192,
        2.462579812,
        2.472300808,
        2.469032346,
        2.4622623,
        2.463410536,
        2.456149653
      ],
      "exit_codes": [
        0,
        0,
        0,
        0,
        0,
        0,
        0,
        0,
        0,
        0,
        0,
        0,
        0,
        0,
        0,
        0,
        0,
        0,
        0,
        0
      ]
    },
    {
      "command": "effekt-jit-no-context:to_outermost_handler",
      "mean": 1.42210170835,
      "stddev": 0.015045140424558491,
      "median": 1.4251675525,
      "user": 1.41686195,
      "system": 0.0029910499999999994,
      "min": 1.358967833,
      "max": 1.431623262,
      "times": [
        1.418759017,
        1.431623262,
        1.4258509830000001,
        1.426598645,
        1.424382127,
        1.426291368,
        1.427078045,
        1.427363291,
        1.425291921,
        1.427585566,
        1.424408373,
        1.424914018,
        1.4243265040000002,
        1.425061208,
        1.424745516,
        1.425273897,
        1.42386205,
        1.425659702,
        1.423990841,
        1.358967833
      ],
      "exit_codes": [
        0,
        0,
        0,
        0,
        0,
        0,
        0,
        0,
        0,
        0,
        0,
        0,
        0,
        0,
        0,
        0,
        0,
        0,
        0,
        0
      ]
    },
    {
      "command": "koka-vm-no-context:to_outermost_handler",
      "mean": 4.013555455100001,
      "stddev": 0.02581366175637884,
      "median": 4.004912093,
      "user": 3.9948348499999993,
      "system": 0.0107765,
      "min": 3.9952006090000003,
      "max": 4.108622976,
      "times": [
        3.996242654,
        4.014263314,
        3.9957245290000003,
        4.005216021,
        3.996288442,
        4.015464589,
        4.027105016,
        4.039576276,
        4.006704035,
        4.004608165,
        4.108622976,
        3.9966949720000002,
        3.9952006090000003,
        3.999212857,
        4.029039363,
        4.004582225,
        4.022482658,
        3.998160907,
        4.015675638,
        4.000243856
      ],
      "exit_codes": [
        0,
        0,
        0,
        0,
        0,
        0,
        0,
        0,
        0,
        0,
        0,
        0,
        0,
        0,
        0,
        0,
        0,
        0,
        0,
        0
      ]
    },
    {
      "command": "koka-vm-no-labelbydefsite:to_outermost_handler",
      "mean": 0.7687969344000001,
      "stddev": 0.001287794795344816,
      "median": 0.7686333325000001,
      "user": 0.7547479,
      "system": 0.012196249999999999,
      "min": 0.7667448060000001,
      "max": 0.7711834860000001,
      "times": [
        0.7676028920000001,
        0.7667448060000001,
        0.7678859060000001,
        0.7678171930000001,
        0.7705757860000001,
        0.7699872510000001,
        0.7697245060000001,
        0.7675623890000001,
        0.768556199,
        0.767908821,
        0.769798384,
        0.768710466,
        0.7679798130000001,
        0.7688474350000001,
        0.7711834860000001,
        0.767512233,
        0.770833891,
        0.7690090500000001,
        0.77008286,
        0.7676153210000001
      ],
      "exit_codes": [
        0,
        0,
        0,
        0,
        0,
        0,
        0,
        0,
        0,
        0,
        0,
        0,
        0,
        0,
        0,
        0,
        0,
        0,
        0,
        0
      ]
    },
    {
      "command": "koka-c:to_outermost_handler",
      "mean": 17.6328407863,
      "stddev": 0.26566913432130934,
      "median": 17.585993558,
      "user": 17.604032,
      "system": 0.00105835,
      "min": 17.319576333,
      "max": 18.622867376,
      "times": [
        17.319576333,
        17.468961323,
        17.440853727,
        18.622867376,
        17.494650758,
        17.607640017,
        17.557990189,
        17.77048407,
        17.585559961,
        17.594967817,
        17.598035039,
        17.981073862,
        17.587525589,
        17.586427155,
        17.561251571,
        17.557811934,
        17.615142998,
        17.59161089,
        17.547944551,
        17.566440566
      ],
      "exit_codes": [
        0,
        0,
        0,
        0,
        0,
        0,
        0,
        0,
        0,
        0,
        0,
        0,
        0,
        0,
        0,
        0,
        0,
        0,
        0,
        0
      ]
    },
    {
      "command": "koka-vm-no-opt:to_outermost_handler",
      "mean": 4.083275366899999,
      "stddev": 0.08168103262665981,
      "median": 4.055926223,
      "user": 4.0623751,
      "system": 0.0113907,
      "min": 4.010620248,
      "max": 4.271903166,
      "times": [
        4.016076849,
        4.23954735,
        4.219102569,
        4.271903166,
        4.062727326,
        4.083816292,
        4.06553628,
        4.010620248,
        4.017196712,
        4.011337331,
        4.128747536,
        4.022883955,
        4.161076545,
        4.088189505,
        4.116973939,
        4.04912512,
        4.046780554,
        4.018909395,
        4.020063002,
        4.014893664
      ],
      "exit_codes": [
        0,
        0,
        0,
        0,
        0,
        0,
        0,
        0,
        0,
        0,
        0,
        0,
        0,
        0,
        0,
        0,
        0,
        0,
        0,
        0
      ]
    },
    {
      "command": "koka-vm-2-context:to_outermost_handler",
      "mean": 0.7502879071,
      "stddev": 0.0025171369190425514,
      "median": 0.7496501120000001,
      "user": 0.736734,
      "system": 0.01191,
      "min": 0.745657777,
      "max": 0.756150434,
      "times": [
        0.749366489,
        0.753089891,
        0.756150434,
        0.752091763,
        0.752158989,
        0.752600005,
        0.747271153,
        0.7497608090000001,
        0.7495616300000001,
        0.7530262590000001,
        0.752364106,
        0.748761136,
        0.74909829,
        0.748164669,
        0.748749262,
        0.7489288000000001,
        0.745657777,
        0.7516545,
        0.7497385940000001,
        0.7475635860000001
      ],