{
  "results": [
    {
      "command": "effekt-jit-2-context:towers",
      "mean": 2.1306608648500003,
      "stddev": 0.008137845569465958,
      "median": 2.1290656455,
      "user": 2.1154711500000003,
      "system": 0.009779000000000001,
      "min": 2.119467279,
      "max": 2.150113193,
      "times": [
        2.125331935,
        2.134486347,
        2.122904224,
        2.134534523,
        2.121335801,
        2.122650703,
        2.125211149,
        2.12980834,
        2.119467279,
        2.136506646,
        2.131952987,
        2.12704849,
        2.137851279,
        2.135714861,
        2.14746947,
        2.1299631310000002,
        2.128322951,
        2.150113193,
        2.127189939,
        2.125354049
      ],
      "exit_codes": [
        0,
        0,
        0,
        0,
        0,
        0,
        0,
        0,
        0,
        0,
        0,
        0,
        0,
        0,
        0,
        0,
        0,
        0,
        0,
        0
      ]
    },
    {
      "command": "effekt-jit-no-labelbydefsite:towers",
      "mean": 1.86155455635,
      "stddev": 0.007376521956060626,
      "median": 1.8612014795,
      "user": 1.84734595,
      "system": 0.009538399999999999,
      "min": 1.843572785,
      "max": 1.872804691,
      "times": [
        1.843572785,
        1.856351823,
        1.85794173,
        1.859938014,
        1.856235821,
        1.863475742,
        1.853623715,
        1.868892084,
        1.856449409,
        1.864366737,
        1.8604475040000001,
        1.854363135,
        1.857301158,
        1.865356049,
        1.87108772,
        1.872804691,
        1.868984991,
        1.861955455,
        1.871866324,
        1.86607624
      ],
      "exit_codes": [
        0,
        0,
        0,
        0,
        0,
        0,
        0,
        0,
        0,
        0,
        0,
        0,
        0,
        0,
        0,
        0,
        0,
        0,
        0,
        0
      ]
    },
    {
      "command": "effekt-jit-no-context:towers",
      "mean": 3.4372729866,
      "stddev": 0.06765333827994026,
      "median": 3.448316609,
      "user": 3.4138354500000005,
      "system": 0.015316,
      "min": 3.335058605,
      "max": 3.5148087390000002,
      "times": [
        3.51290212,
        3.5148087390000002,
        3.5065561020000002,
        3.489995942,
        3.504104794,
        3.494902852,
        3.492680416,
        3.495416157,
        3.509171553,
        3.4915008260000002,
        3.335058605,
        3.351786882,
        3.360080172,
        3.362372034,
        3.3886713520000002,
        3.362432172,
        3.390951458,
        3.384654903,
        3.406637276,
        3.390775377
      ],
      "exit_codes": [
        0,
        0,
        0,
        0,
        0,
        0,
        0,
        0,
        0,
        0,
        0,
        0,
        0,
        0,
        0,
        0,
        0,
        0,
        0,
        0
      ]
    },
    {
      "command": "python-cpython:towers",
      "mean": 27.370907545750004,
      "stddev": 0.4493217134048216,
      "median": 27.1991390275,
      "user": 27.3208785,
      "system": 0.0043741,
      "min": 26.781544446,
      "max": 28.389043349,
      "times": [
        27.186828824,
        28.268444918,
        27.873620503,
        27.042375261,
        27.259874859,
        27.047096247,
        27.055589385,
        28.389043349,
        27.072686597,
        27.557616845,
        27.103976031,
        27.548121739,
        27.639572681,
        27.520818005,
        27.211449231,
        26.781544446,
        26.92022679,
        27.001411809,
        27.062816608,
        27.875036787
      ],
      "exit_codes": [
        0,
        0,
        0,
        0,
        0,
        0,
        0,
        0,
        0,
        0,
        0,
        0,
        0,
        0,
        0,
        0,
        0,
        0,
        0,
        0
      ]
    },
    {
      "command": "python-pypy:towers",
      "mean": 4.480912487149999,
      "stddev": 0.07900707256026594,
      "median": 4.4774348915,
      "user": 4.43539785,
      "system": 0.0336885,
      "min": 4.403865579,
      "max": 4.784211465,
      "times": [
        4.403865579,
        4.404289252,
        4.432158305,
        4.420885716,
        4.438720847,
        4.440077778,
        4.458251994,
        4.473700599,
        4.44967146,
        4.489587236,
        4.491671772,
        4.530730844,
        4.784211465,
        4.507635405,
        4.465071041,
        4.490196886,
        4.490791768,
        4.4842838050000005,
        4.481278807,
        4.481169184
      ],
      "exit_codes": [
        0,
        0,
        0,
        0,
        0,
        0,
        0,
        0,
        0,
        0,
        0,
        0,
        0,
        0,
        0,
        0,
        0,
        0,
        0,
        0
      ]
    },
    {
      "command": "lua-luajit:towers",
      "mean": 1.8828938925000007,
      "stddev": 0.0482624464241191,
      "median": 1.8705044535000002,
      "user": 1.87748485,
      "system": 0.0021991,
      "min": 1.830835972,
      "max": 2.02561637,
      "times": [
        2.02561637,
        1.8577097020000002,
        1.8671418850000001,
        1.8762058170000002,
        1.876915092,
        1.896558882,
        1.8724007710000001,
        1.858837373,
        1.940665476,
        1.892879395,
        1.855013484,
        1.846213476,
        1.833759405,
        1.94695579,
        1.8696202780000002,
        1.9475771480000001,
        1.848442171,
        1.843140734,
        1.8713886290000001,
        1.830835972
      ],
      "exit_codes": [
        0,
        0,
        0,
        0,
        0,
        0,
        0,
        0,
        0,
        0,
        0,
        0,
        0,
        0,
        0,
        0,
        0,
        0,
        0,
        0
      ]
    },
    {
      "command": "effekt-jit-no-specialization:towers",
      "mean": 2.43530750475,
      "stddev": 0.0055067350735829804,
      "median": 2.434876146,
      "user": 2.4134872,
      "system": 0.016627999999999997,
      "min": 2.421806536,
      "max": 2.447299183,
      "times": [
        2.421806536,
        2.430058806,
        2.429941403,
        2.429695359,
        2.4373707700000002,
        2.436190467,
        2.434353848,
        2.436362755,
        2.433033864,
        2.434234136,
        2.434029322,
        2.434349497,
        2.433398434,
        2.436097711,
        2.435398444,
        2.437391389,
        2.447299183,
        2.440876487,
        2.43952701,
        2.444734674
      ],
      "exit_codes": [
        0,
        0,
        0,
        0,
        0,
        0,
        0,
        0,
        0,
        0,
        0,
        0,
        0,
        0,
        0,
        0,
        0,
        0,
        0,
        0
      ]
    },
    {
      "command": "effekt-jit-no-opt:towers",
      "mean": 4.0481246442,
      "stddev": 0.018368022633872553,
      "median": 4.0489203255,
      "user": 4.017941100000001,
      "system": 0.02142165,
      "min": 4.023164392,
      "max": 4.085377745,
      "times": [
        4.04988965,
        4.085377745,
        4.036352731,
        4.044467893,
        4.061579229,
        4.049798809,
        4.031717142,
        4.056194004,
        4.060781729,
        4.047345792,
        4.071087801,
        4.025815662,
        4.030069568,
        4.025277329,
        4.080885933,
        4.056733673,
        4.023164392,
        4.048041842,
        4.025227644,
        4.052684316
      ],
      "exit_codes": [
        0,
        0,
        0,
        0,
        0,
        0,
        0,
        0,
        0,
        0,
        0,
        0,
        0,
        0,
        0,
        0,
        0,
        0,
        0,
        0
      ]
    },
    {
      "command": "effekt-js:towers",
      "mean": 5.1097797945,
      "stddev": 0.33311254663782947,
      "median": 5.0584729315,