[b7924d] {jit-log-opt-loop
# Loop 1 (209<main.rpyeffect:199([k@[mcore:[eta-expanded fn#456]#533]#538])>+0: {"op": "PrimOp", "name": "unbox(Ptr): Num", "out": {"num": [0], "ptr": []}, "in": {"num": [], "ptr": [0]}}) : loop with 69 ops
[p0, p1, p2, p3, p4]
+248: p5 = getfield_gc_r(p2, descr=<FieldP rpyeffect.environment.Environment.inst_values_num 16>)
+256: i7 = getarrayitem_gc_i(p5, 0, descr=<ArrayS 8>)
+260: i9 = getarrayitem_gc_i(p5, 1, descr=<ArrayS 8>)
+264: i11 = getarrayitem_gc_i(p5, 2, descr=<ArrayS 8>)
+268: i13 = getarrayitem_gc_i(p5, 3, descr=<ArrayS 8>)
+272: i15 = getarrayitem_gc_i(p5, 4, descr=<ArrayS 8>)
+276: i17 = getarrayitem_gc_i(p5, 5, descr=<ArrayS 8>)
+280: i19 = getarrayitem_gc_i(p5, 6, descr=<ArrayS 8>)
+284: i21 = getarrayitem_gc_i(p5, 7, descr=<ArrayS 8>)
+288: i23 = getarrayitem_gc_i(p5, 8, descr=<ArrayS 8>)
+292: i25 = getarrayitem_gc_i(p5, 9, descr=<ArrayS 8>)
+296: i27 = getarrayitem_gc_i(p5, 10, descr=<ArrayS 8>)
+300: i29 = getarrayitem_gc_i(p5, 11, descr=<ArrayS 8>)
+304: i31 = getarrayitem_gc_i(p5, 12, descr=<ArrayS 8>)
+308: i33 = getarrayitem_gc_i(p5, 13, descr=<ArrayS 8>)
+312: i35 = getarrayitem_gc_i(p5, 14, descr=<ArrayS 8>)
+320: i37 = getarrayitem_gc_i(p5, 15, descr=<ArrayS 8>)
+324: p38 = getfield_gc_r(p2, descr=<FieldP rpyeffect.environment.Environment.inst_values_ptr 24>)
+328: p40 = getarrayitem_gc_r(p38, 0, descr=<ArrayP 8>)
+336: p42 = getarrayitem_gc_r(p38, 1, descr=<ArrayP 8>)
+344: p44 = getarrayitem_gc_r(p38, 2, descr=<ArrayP 8>)
+352: p46 = getarrayitem_gc_r(p38, 3, descr=<ArrayP 8>)
+360: p48 = getarrayitem_gc_r(p38, 4, descr=<ArrayP 8>)
+368: p50 = getarrayitem_gc_r(p38, 5, descr=<ArrayP 8>)
+376: p52 = getarrayitem_gc_r(p38, 6, descr=<ArrayP 8>)
+384: p54 = getarrayitem_gc_r(p38, 7, descr=<ArrayP 8>)
+392: p56 = getarrayitem_gc_r(p38, 8, descr=<ArrayP 8>)
+400: p58 = getarrayitem_gc_r(p38, 9, descr=<ArrayP 8>)
+408: p60 = getarrayitem_gc_r(p38, 10, descr=<ArrayP 8>)
+416: p62 = getarrayitem_gc_r(p38, 11, descr=<ArrayP 8>)
+424: p64 = getarrayitem_gc_r(p38, 12, descr=<ArrayP 8>)
+432: p66 = getarrayitem_gc_r(p38, 13, descr=<ArrayP 8>)
+440: p68 = getarrayitem_gc_r(p38, 14, descr=<ArrayP 8>)
+448: p70 = getarrayitem_gc_r(p38, 15, descr=<ArrayP 8>)
+452: label(p0, p1, p2, p3, p4, i7, i9, i11, i13, i15, i17, i19, i21, i23, i25, i27, i29, i31, i33, i35, i37, p40, p42, p44, p46, p48, p50, p52, p54, p56, p58, p60, p62, p64, p66, p68, p70, descr=TargetToken(4834671360))
debug_merge_point(0, 0, '209<main.rpyeffect:199([k@[mcore:[eta-expanded fn#456]#533]#538])>+0: {"op": "PrimOp". "name": "unbox(Ptr): Num". "out": {"num": [0]. "ptr": []}. "in": {"num": []. "ptr": [0]}}')
+512: guard_not_invalidated(descr=<Guard0x1202d6548>) [p2, i7, i9, i11, i13, i15, i17, i19, i21, i23, i25, i27, i29, i31, i33, i35, i37, p40, p42, p44, p46, p48, p50, p52, p54, p56, p58, p60, p62, p64, p66, p68, p70, p0, p1, p3, p4]
+516: i71 = getfield_gc_i(p40, descr=<FieldS rpyeffect.region.NumBox.inst_value 8 pure>)
debug_merge_point(0, 0, '209<main.rpyeffect:199([k@[mcore:[eta-expanded fn#456]#533]#538])>+1: {"op": "Return". "args": {"num": [0]. "ptr": []}}')
+520: guard_nonnull(p1, descr=<Guard0x1202b70a0>) [p2, i7, i9, i11, i13, i15, i17, i19, i21, i23, i25, i27, i29, i31, i33, i35, i37, p40, p42, p44, p46, p48, p50, p52, p54, p56, p58, p60, p62, p64, p66, p68, p70, p0, p1, p3, p4]
+532: i72 = getfield_gc_i(p1, descr=<FieldS rpyeffect.stored_environment.Stack__arb_arb.inst_target 16 pure>)
+540: guard_value(i72, 214, descr=<Guard0x1202b70e0>) [p2, i7, i9, i11, i13, i15, i17, i19, i21, i23, i25, i27, i29, i31, i33, i35, i37, p40, p42, p44, p46, p48, p50, p52, p54, p56, p58, p60, p62, p64, p66, p68, p70, p0, p1, p3, p4]
+552: p74 = getfield_gc_r(p1, descr=<FieldP rpyeffect.stored_environment.Stack__arb_arb.inst_tail 8 pure>)
debug_merge_point(0, 0, '214<main.rpyeffect:204([#591])>+0: {"op": "PrimOp". "name": "box(Num): Ptr". "out": {"num": []. "ptr": [0]}. "in": {"num": [0]. "ptr": []}}')
debug_merge_point(0, 0, '214<main.rpyeffect:204([#591])>+1: {"op": "Return". "args": {"num": []. "ptr": [0]}}')
+556: guard_nonnull(p74, descr=<Guard0x1202b7120>) [p2, i7, i9, i11, i13, i15, i17, i19, i21, i23, i25, i27, i29, i31, i33, i35, i37, p40, p42, p44, p46, p48, p50, p52, p54, p56, p58, p60, p62, p64, p66, p68, p70, p0, p1, p3, p4]
+564: i75 = getfield_gc_i(p74, descr=<FieldS rpyeffect.stored_environment.Stack__arb_arb.inst_target 16 pure>)
+568: guard_value(i75, 209, descr=<Guard0x1202b7160>) [p2, i7, i9, i11, i13, i15, i17, i19, i21, i23, i25, i27, i29, i31, i33, i35, i37, p40, p42, p44, p46, p48, p50, p52, p54, p56, p58, p60, p62, p64, p66, p68, p70, p0, p1, p3, p4]
+580: p77 = getfield_gc_r(p74, descr=<FieldP rpyeffect.stored_environment.Stack__arb_arb.inst_tail 8 pure>)
+584: guard_nonnull(p77, descr=<Guard0x1202b71a0>) [p2, i7, i9, i11, i13, i15, i17, i19, i21, i23, i25, i27, i29, i31, i33, i35, i37, p40, p42, p44, p46, p48, p50, p52, p54, p56, p58, p60, p62, p64, p66, p68, p70, p0, p1, p3, p4]
+592: i78 = getfield_gc_i(p77, descr=<FieldS rpyeffect.stored_environment.Stack__arb_arb.inst_target 16 pure>)
+596: guard_value(i78, 214, descr=<Guard0x1202b71e0>) [p2, i7, i9, i11, i13, i15, i17, i19, i21, i23, i25, i27, i29, i31, i33, i35, i37, p40, p42, p44, p46, p48, p50, p52, p54, p56, p58, p60, p62, p64, p66, p68, p70, p0, p1, p3, p4]
debug_merge_point(0, 0, '209<main.rpyeffect:199([k@[mcore:[eta-expanded fn#456]#533]#538])>+0: {"op": "PrimOp". "name": "unbox(Ptr): Num". "out": {"num": [0]. "ptr": []}. "in": {"num": []. "ptr": [0]}}')
+608: label(p0, p77, p2, p3, p4, i71, i9, i11, i13, i15, i17, i19, i21, i23, i25, i27, i29, i31, i33, i35, i37, p42, p44, p46, p48, p50, p52, p54, p56, p58, p60, p62, p64, p66, p68, p70, descr=TargetToken(4834671440))
debug_merge_point(0, 0, '209<main.rpyeffect:199([k@[mcore:[eta-expanded fn#456]#533]#538])>+0: {"op": "PrimOp". "name": "unbox(Ptr): Num". "out": {"num": [0]. "ptr": []}. "in": {"num": []. "ptr": [0]}}')
+612: guard_not_invalidated(descr=<Guard0x1202d65a0>) [p2, i71, i9, i11, i13, i15, i17, i19, i21, i23, i25, i27, i29, i31, i33, i35, i37, p42, p44, p46, p48, p50, p52, p54, p56, p58, p60, p62, p64, p66, p68, p70, p0, p77, p3, p4]
debug_merge_point(0, 0, '209<main.rpyeffect:199([k@[mcore:[eta-expanded fn#456]#533]#538])>+1: {"op": "Return". "args": {"num": [0]. "ptr": []}}')
+616: p80 = getfield_gc_r(p77, descr=<FieldP rpyeffect.stored_environment.Stack__arb_arb.inst_tail 8 pure>)
debug_merge_point(0, 0, '214<main.rpyeffect:204([#591])>+0: {"op": "PrimOp". "name": "box(Num): Ptr". "out": {"num": []. "ptr": [0]}. "in": {"num": [0]. "ptr": []}}')
debug_merge_point(0, 0, '214<main.rpyeffect:204([#591])>+1: {"op": "Return". "args": {"num": []. "ptr": [0]}}')
+620: guard_nonnull(p80, descr=<Guard0x1202b7220>) [p2, i71, i9, i11, i13, i15, i17, i19, i21, i23, i25, i27, i29, i31, i33, i35, i37, p42, p44, p46, p48, p50, p52, p54, p56, p58, p60, p62, p64, p66, p68, p70, p0, p77, p3, p4]
+628: i81 = getfield_gc_i(p80, descr=<FieldS rpyeffect.stored_environment.Stack__arb_arb.inst_target 16 pure>)
+632: guard_value(i81, 209, descr=<Guard0x1202b7260>) [p2, i71, i9, i11, i13, i15, i17, i19, i21, i23, i25, i27, i29, i31, i33, i35, i37, p42, p44, p46, p48, p50, p52, p54, p56, p58, p60, p62, p64, p66, p68, p70, p0, p77, p3, p4]
+644: p83 = getfield_gc_r(p80, descr=<FieldP rpyeffect.stored_environment.Stack__arb_arb.inst_tail 8 pure>)
+648: guard_nonnull(p83, descr=<Guard0x1202b72a0>) [p2, i71, i9, i11, i13, i15, i17, i19, i21, i23, i25, i27, i29, i31, i33, i35, i37, p42, p44, p46, p48, p50, p52, p54, p56, p58, p60, p62, p64, p66, p68, p70, p0, p77, p3, p4]
+656: i84 = getfield_gc_i(p83, descr=<FieldS rpyeffect.stored_environment.Stack__arb_arb.inst_target 16 pure>)
+660: guard_value(i84, 214, descr=<Guard0x1202b72e0>) [p2, i71, i9, i11, i13, i15, i17, i19, i21, i23, i25, i27, i29, i31, i33, i35, i37, p42, p44, p46, p48, p50, p52, p54, p56, p58, p60, p62, p64, p66, p68, p70, p0, p77, p3, p4]
debug_merge_point(0, 0, '209<main.rpyeffect:199([k@[mcore:[eta-expanded fn#456]#533]#538])>+0: {"op": "PrimOp". "name": "unbox(Ptr): Num". "out": {"num": [0]. "ptr": []}. "in": {"num": []. "ptr": [0]}}')
+672: jump(p0, p83, p2, p3, p4, i71, i9, i11, i13, i15, i17, i19, i21, i23, i25, i27, i29, i31, i33, i35, i37, p42, p44, p46, p48, p50, p52, p54, p56, p58, p60, p62, p64, p66, p68, p70, descr=TargetToken(4834671440))
+680: --end of the loop--
[ba315d] jit-log-opt-loop}
[ead4dc] {jit-log-opt-loop
# Loop 3 (220<main.rpyeffect:210([k@[switch case for 0#562]#572])>+0: {"op": "Swap", "type": "num", "a": 1, "b", 0}) : loop with 189 ops
[p0, p1, p2, p3, p4]
+360: p5 = getfield_gc_r(p2, descr=<FieldP rpyeffect.environment.Environment.inst_values_num 16>)
+368: i7 = getarrayitem_gc_i(p5, 0, descr=<ArrayS 8>)
+372: i9 = getarrayitem_gc_i(p5, 1, descr=<ArrayS 8>)
+376: i11 = getarrayitem_gc_i(p5, 2, descr=<ArrayS 8>)
+380: i13 = getarrayitem_gc_i(p5, 3, descr=<ArrayS 8>)
+384: i15 = getarrayitem_gc_i(p5, 4, descr=<ArrayS 8>)
+388: i17 = getarrayitem_gc_i(p5, 5, descr=<ArrayS 8>)
+392: i19 = getarrayitem_gc_i(p5, 6, descr=<ArrayS 8>)
+396: i21 = getarrayitem_gc_i(p5, 7, descr=<ArrayS 8>)
+400: i23 = getarrayitem_gc_i(p5, 8, descr=<ArrayS 8>)
+404: i25 = getarrayitem_gc_i(p5, 9, descr=<ArrayS 8>)
+408: i27 = getarrayitem_gc_i(p5, 10, descr=<ArrayS 8>)
+412: i29 = getarrayitem_gc_i(p5, 11, descr=<ArrayS 8>)
+416: i31 = getarrayitem_gc_i(p5, 12, descr=<ArrayS 8>)
+420: i33 = getarrayitem_gc_i(p5, 13, descr=<ArrayS 8>)
+424: i35 = getarrayitem_gc_i(p5, 14, descr=<ArrayS 8>)
+432: i37 = getarrayitem_gc_i(p5, 15, descr=<ArrayS 8>)
+436: p38 = getfield_gc_r(p2, descr=<FieldP rpyeffect.environment.Environment.inst_values_ptr 24>)
+440: p40 = getarrayitem_gc_r(p38, 0, descr=<ArrayP 8>)
+448: p42 = getarrayitem_gc_r(p38, 1, descr=<ArrayP 8>)
+456: p44 = getarrayitem_gc_r(p38, 2, descr=<ArrayP 8>)
+464: p46 = getarrayitem_gc_r(p38, 3, descr=<ArrayP 8>)
+472: p48 = getarrayitem_gc_r(p38, 4, descr=<ArrayP 8>)
+480: p50 = getarrayitem_gc_r(p38, 5, descr=<ArrayP 8>)
+488: p52 = getarrayitem_gc_r(p38, 6, descr=<ArrayP 8>)
+496: p54 = getarrayitem_gc_r(p38, 7, descr=<ArrayP 8>)
+504: p56 = getarrayitem_gc_r(p38, 8, descr=<ArrayP 8>)
+512: p58 = getarrayitem_gc_r(p38, 9, descr=<ArrayP 8>)
+520: p60 = getarrayitem_gc_r(p38, 10, descr=<ArrayP 8>)
+528: p62 = getarrayitem_gc_r(p38, 11, descr=<ArrayP 8>)
+536: p64 = getarrayitem_gc_r(p38, 12, descr=<ArrayP 8>)
+544: p66 = getarrayitem_gc_r(p38, 13, descr=<ArrayP 8>)
+552: p68 = getarrayitem_gc_r(p38, 14, descr=<ArrayP 8>)
+560: p70 = getarrayitem_gc_r(p38, 15, descr=<ArrayP 8>)
+564: label(p0, p1, p2, p3, p4, i7, i9, i11, i13, i15, i17, i19, i21, i23, i25, i27, i29, i31, i33, i35, i37, p40, p42, p44, p46, p48, p50, p52, p54, p56, p58, p60, p62, p64, p66, p68, p70, descr=TargetToken(4834671680))
+620: guard_not_invalidated(descr=<Guard0x1202d7f10>) [p2, i7, i9, i11, i13, i15, i17, i19, i21, i23, i25, i27, i29, i31, i33, i35, i37, p40, p42, p44, p46, p48, p50, p52, p54, p56, p58, p60, p62, p64, p66, p68, p70, p0, p1, p3, p4]
debug_merge_point(0, 0, '220<main.rpyeffect:210([k@[switch case for 0#562]#572])>+1: {"op": "Switch". "scrutinee": 1. "values": [1]. "targets": [213]. "default": 219}')
+624: i72 = int_eq(i7, 1)
guard_false(i72, descr=<Guard0x120308020>) [p2, i7, i9, i11, i13, i15, i17, i19, i21, i23, i25, i27, i29, i31, i33, i35, i37, p40, p42, p44, p46, p48, p50, p52, p54, p56, p58, p60, p62, p64, p66, p68, p70, p0, p1, p3, p4]
+632: guard_nonnull(p1, descr=<Guard0x120308060>) [p2, i7, i9, i11, i13, i15, i17, i19, i21, i23, i25, i27, i29, i31, i33, i35, i37, p40, p42, p44, p46, p48, p50, p52, p54, p56, p58, p60, p62, p64, p66, p68, p70, p0, p1, p3, p4]
+644: i73 = getfield_gc_i(p1, descr=<FieldS rpyeffect.stored_environment.Stack__arb_arb.inst_target 16 pure>)
+652: guard_value(i73, 209, descr=<Guard0x1203080a0>) [p2, i7, i9, i11, i13, i15, i17, i19, i21, i23, i25, i27, i29, i31, i33, i35, i37, p40, p42, p44, p46, p48, p50, p52, p54, p56, p58, p60, p62, p64, p66, p68, p70, p0, p1, p3, p4]
debug_merge_point(0, 0, '219<main.rpyeffect:209([switch default case#576])>+0: {"op": "Switch". "scrutinee": 1. "values": [0]. "targets": [217]. "default": 218}')
+664: i76 = int_eq(i7, 0)
guard_true(i76, descr=<Guard0x1203080e0>) [p2, i7, i9, i11, i13, i15, i17, i19, i21, i23, i25, i27, i29, i31, i33, i35, i37, p40, p42, p44, p46, p48, p50, p52, p54, p56, p58, p60, p62, p64, p66, p68, p70, p0, p1, p3, p4]
debug_merge_point(0, 0, '217<main.rpyeffect:207([switch case for 0#577])>+0: {"op": "Push". "target": 216. "args": {"num": []. "ptr": []}}')
debug_merge_point(0, 0, '217<main.rpyeffect:207([switch case for 0#577])>+1: {"op": "Jump". "target": 188}')
debug_merge_point(0, 0, '188<main.rpyeffect:178(Name(-_34))>+0: {"op": "New". "out": 0. "targets": [181. 183. 185. 187]. "args": {"num": [0]. "ptr": []}}')
debug_merge_point(0, 0, '188<main.rpyeffect:178(Name(-_34))>+1: {"op": "Return". "args": {"num": []. "ptr": [0]}}')
debug_merge_point(0, 0, '216<main.rpyeffect:206([k@[switch case for 0#577]#579])>+0: {"op": "Const". "type": "num". "out": 0. "value": 1}')
debug_merge_point(0, 0, '216<main.rpyeffect:206([k@[switch case for 0#577]#579])>+1: {"op": "Push". "target": 215. "args": {"num": []. "ptr": []}}')
debug_merge_point(0, 0, '216<main.rpyeffect:206([k@[switch case for 0#577]#579])>+2: {"op": "Invoke". "receiver": 0. "tag": Interned(%apply(n):n). "args" : {"num": [0]. "ptr": []}}')
debug_merge_point(0, 0, '181<main.rpyeffect:171([method_%apply(n):n@Name(-_34)#469])>+0: {"op": "Jump". "target": 179}')
debug_merge_point(0, 0, '179<main.rpyeffect:169([mcore:[#30]#465])>+0: {"op": "PrimOp". "name": "infixSub(Int. Int): Int". "out": {"num": [0]. "ptr": []}. "in": {"num": [1. 0]. "ptr": []}}')
+672: i78 = int_sub(i9, 1)
debug_merge_point(0, 0, '179<main.rpyeffect:169([mcore:[#30]#465])>+1: {"op": "Return". "args": {"num": [0]. "ptr": []}}')
debug_merge_point(0, 0, '215<main.rpyeffect:205([k@[k@[switch case for 0#577]#579]#583])>+0: {"op": "Const". "type": "ptr". "out": 0. "format": "string". "value": "Name(Fail_1)"}')
debug_merge_point(0, 0, '215<main.rpyeffect:205([k@[k@[switch case for 0#577]#579]#583])>+1: {"op": "PrimOp". "name": "getGlobal(String): Ptr". "out": {"num": []. "ptr": [0]}. "in": {"num": []. "ptr": [0]}}')
debug_merge_point(0, 0, '215<main.rpyeffect:205([k@[k@[switch case for 0#577]#579]#583])>+2: {"op": "Const". "type": "ptr". "out": 1. "format": "string". "value": "Name(Flip_0)"}')
debug_merge_point(0, 0, '215<main.rpyeffect:205([k@[k@[switch case for 0#577]#579]#583])>+3: {"op": "PrimOp". "name": "getGlobal(String): Ptr". "out": {"num": []. "ptr": [1]}. "in": {"num": []. "ptr": [1]}}')
debug_merge_point(0, 0, '215<main.rpyeffect:205([k@[k@[switch case for 0#577]#579]#583])>+4: {"op": "Push". "target": 214. "args": {"num": []. "ptr": []}}')
debug_merge_point(0, 0, '215<main.rpyeffect:205([k@[k@[switch case for 0#577]#579]#583])>+5: {"op": "Jump". "target": 210}')
debug_merge_point(0, 0, '210<main.rpyeffect:200([mcore:[eta-expanded fn#456]#533])>+0: {"op": "Push". "target": 209. "args": {"num": []. "ptr": []}}')
debug_merge_point(0, 0, '210<main.rpyeffect:200([mcore:[eta-expanded fn#456]#533])>+1: {"op": "Jump". "target": 226}')
debug_merge_point(0, 0, '226<main.rpyeffect:216(Name(choice_48))>+0: {"op": "Push". "target": 225. "args": {"num": [0]. "ptr": []}}')
debug_merge_point(0, 0, '226<main.rpyeffect:216(Name(choice_48))>+1: {"op": "Jump". "target": 69}')
debug_merge_point(0, 0, '69<main.rpyeffect:59(Name(<_5))>+0: {"op": "New". "out": 0. "targets": [62. 64. 66. 68]. "args": {"num": [0]. "ptr": []}}')
debug_merge_point(0, 0, '69<main.rpyeffect:59(Name(<_5))>+1: {"op": "Return". "args": {"num": []. "ptr": [0]}}')
debug_merge_point(0, 0, '225<main.rpyeffect:215([k@Name(choice_48)#543])>+0: {"op": "Const". "type": "num". "out": 1. "value": 1}')
debug_merge_point(0, 0, '225<main.rpyeffect:215([k@Name(choice_48)#543])>+1: {"op": "Push". "target": 224. "args": {"num": [0]. "ptr": []}}')
debug_merge_point(0, 0, '225<main.rpyeffect:215([k@Name(choice_48)#543])>+2: {"op": "Copy". "type": "num". "from": 1. "to". 0}')
debug_merge_point(0, 0, '225<main.rpyeffect:215([k@Name(choice_48)#543])>+3: {"op": "Invoke". "receiver": 0. "tag": Interned(%apply(n):n). "args" : {"num": [0]. "ptr": []}}')
debug_merge_point(0, 0, '62<main.rpyeffect:52([method_%apply(n):n@Name(<_5)#157])>+0: {"op": "Jump". "target": 60}')
debug_merge_point(0, 0, '60<main.rpyeffect:50([mcore:[#20]#153])>+0: {"op": "PrimOp". "name": "infixLt(Int. Int): Boolean". "out": {"num": [0]. "ptr": []}. "in": {"num": [1. 0]. "ptr": []}}')
+676: i80 = int_lt(i78, 1)
guard_false(i80, descr=<Guard0x120308120>) [p2, i7, i9, i11, i13, i15, i17, i19, i21, i23, i25, i27, i29, i31, i33, i35, i37, p40, p42, p44, p46, p48, p50, p52, p54, p56, p58, p60, p62, p64, p66, p68, p70, p0, p1, p3, p4]
debug_merge_point(0, 0, '60<main.rpyeffect:50([mcore:[#20]#153])>+1: {"op": "Return". "args": {"num": [0]. "ptr": []}}')
debug_merge_point(0, 0, '224<main.rpyeffect:214([k@[k@Name(choice_48)#543]#547])>+0: {"op": "Switch". "scrutinee": 0. "values": [1]. "targets": [212]. "default": 223}')
debug_merge_point(0, 0, '223<main.rpyeffect:213([switch default case#561])>+0: {"op": "Swap". "type": "num". "a": 1. "b". 0}')
debug_merge_point(0, 0, '223<main.rpyeffect:213([switch default case#561])>+1: {"op": "Switch". "scrutinee": 1. "values": [0]. "targets": [221]. "default": 222}')
debug_merge_point(0, 0, '221<main.rpyeffect:211([switch case for 0#562])>+0: {"op": "Const". "type": "num". "out": 1. "value": 0}')
debug_merge_point(0, 0, '221<main.rpyeffect:211([switch case for 0#562])>+1: {"op": "Const". "type": "ptr". "out": 0. "format": "string". "value": "Name(Flip_0)"}')
debug_merge_point(0, 0, '221<main.rpyeffect:211([switch case for 0#562])>+2: {"op": "PrimOp". "name": "getGlobal(String): Ptr". "out": {"num": []. "ptr": [0]}. "in": {"num": []. "ptr": [0]}}')
debug_merge_point(0, 0, '221<main.rpyeffect:211([switch case for 0#562])>+3: {"op": "GetDynamic". "out": 0. "n": 1. "label": 0}')
+684: guard_nonnull(p4, descr=<Guard0x120308160>) [p2, i7, i9, i11, i13, i15, i17, i19, i21, i23, i25, i27, i29, i31, i33, i35, i37, p40, p42, p44, p46, p48, p50, p52, p54, p56, p58, p60, p62, p64, p66, p68, p70, p0, p1, p3, p4]
+696: i81 = getfield_gc_i(p0, descr=<FieldS rpyeffect.stack.Label.inst_origin 8 pure>)
+704: i83 = int_ne(i81, 334879)
guard_false(i83, descr=<Guard0x1203081a0>) [p2, i7, i9, i11, i13, i15, i17, i19, i21, i23, i25, i27, i29, i31, i33, i35, i37, p40, p42, p44, p46, p48, p50, p52, p54, p56, p58, p60, p62, p64, p66, p68, p70, p0, p1, p3, p4]
+724: i85 = instance_ptr_eq(p0, ConstPtr(ptr84))
guard_true(i85, descr=<Guard0x1203081e0>) [p2, i7, i9, i11, i13, i15, i17, i19, i21, i23, i25, i27, i29, i31, i33, i35, i37, p40, p42, p44, p46, p48, p50, p52, p54, p56, p58, p60, p62, p64, p66, p68, p70, p0, p1, p3, p4]
debug_merge_point(0, 0, '221<main.rpyeffect:211([switch case for 0#562])>+4: {"op": "Construct". "out": 1. "type": Interned({"op": "eff$Tuple". "elements": []}). "tag": Interned({"op": "eff$Tuple". "elements": []}). "args": {"num": []. "ptr": []}}')
debug_merge_point(0, 0, '221<main.rpyeffect:211([switch case for 0#562])>+5: {"op": "Push". "target": 220. "args": {"num": [0]. "ptr": []}}')
debug_merge_point(0, 0, '221<main.rpyeffect:211([switch case for 0#562])>+6: {"op": "Swap". "type": "ptr". "a": 1. "b". 0}')
debug_merge_point(0, 0, '221<main.rpyeffect:211([switch case for 0#562])>+7: {"op": "Invoke". "receiver": 1. "tag": Interned(%Flip_0(p):n). "args" : {"num": []. "ptr": [0]}}')
+732: p86 = getfield_gc_r(p4, descr=<FieldP rpyeffect.stored_environment.CoData__arb_arb.inst_vtable 24 pure>)
+744: guard_value(p86, ConstPtr(ptr87), descr=<Guard0x120308220>) [p2, i7, i9, i11, i13, i15, i17, i19, i21, i23, i25, i27, i29, i31, i33, i35, i37, p40, p42, p44, p46, p48, p50, p52, p54, p56, p58, p60, p62, p64, p66, p68, p70, p0, p1, p3, p4]
+752: p88 = getfield_gc_r(p4, descr=<FieldP rpyeffect.stored_environment.CoData__0_1.inst_values_ptr_0 32 pure>)
debug_merge_point(0, 0, '296<main.rpyeffect:286([method_%Flip_0(p):n@[mcore:[#56]#774]#812])>+0: {"op": "Const". "type": "num". "out": 0. "value": 0}')
debug_merge_point(0, 0, '296<main.rpyeffect:286([method_%Flip_0(p):n@[mcore:[#56]#774]#812])>+1: {"op": "ShiftDyn". "out": 1. "n": 0. "label": 1}')
+756: i89 = getfield_gc_i(p88, descr=<FieldS rpyeffect.stack.Label.inst_origin 8 pure>)
+760: i91 = int_ne(334879, i89)
guard_true(i91, descr=<Guard0x120308260>) [p2, i7, i9, i11, i13, i15, i17, i19, i21, i23, i25, i27, i29, i31, i33, i35, i37, p40, p42, p44, p46, p48, p50, p52, p54, p56, p58, p60, p62, p64, p66, p68, p70, p0, p1, p3, p4]
+776: p92 = getfield_gc_r(p3, descr=<FieldP rpyeffect.stack.MetaStack.inst_region 24 pure>)
+784: guard_isnull(p92, descr=<Guard0x1203082a0>) [p2, i7, i9, i11, i13, i15, i17, i19, i21, i23, i25, i27, i29, i31, i33, i35, i37, p40, p42, p44, p46, p48, p50, p52, p54, p56, p58, p60, p62, p64, p66, p68, p70, p0, p1, p3, p4]
+792: p93 = getfield_gc_r(p3, descr=<FieldP rpyeffect.stack.MetaStack.inst_label 16 pure>)
+796: i94 = getfield_gc_i(p93, descr=<FieldS rpyeffect.stack.Label.inst_origin 8 pure>)
+800: i95 = int_ne(i94, i89)
guard_true(i95, descr=<Guard0x1203082e0>) [p2, i7, i9, i11, i13, i15, i17, i19, i21, i23, i25, i27, i29, i31, i33, i35, i37, p40, p42, p44, p46, p48, p50, p52, p54, p56, p58, p60, p62, p64, p66, p68, p70, p0, p1, p3, p4]
+808: p96 = getfield_gc_r(p3, descr=<FieldP rpyeffect.stack.MetaStack.inst_tail 32 pure>)
+812: p97 = getfield_gc_r(p96, descr=<FieldP rpyeffect.stack.MetaStack.inst_region 24 pure>)
+816: guard_isnull(p97, descr=<Guard0x120308320>) [p2, i7, i9, i11, i13, i15, i17, i19, i21, i23, i25, i27, i29, i31, i33, i35, i37, p40, p42, p44, p46, p48, p50, p52, p54, p56, p58, p60, p62, p64, p66, p68, p70, p0, p1, p3, p4]
+824: p98 = getfield_gc_r(p96, descr=<FieldP rpyeffect.stack.MetaStack.inst_label 16 pure>)
+828: i99 = getfield_gc_i(p98, descr=<FieldS rpyeffect.stack.Label.inst_origin 8 pure>)
+832: i100 = int_ne(i99, i89)
guard_false(i100, descr=<Guard0x120308360>) [p2, i7, i9, i11, i13, i15, i17, i19, i21, i23, i25, i27, i29, i31, i33, i35, i37, p40, p42, p44, p46, p48, p50, p52, p54, p56, p58, p60, p62, p64, p66, p68, p70, p0, p1, p3, p4]
+840: i101 = instance_ptr_eq(p98, p88)
guard_true(i101, descr=<Guard0x1203083a0>) [p2, i7, i9, i11, i13, i15, i17, i19, i21, i23, i25, i27, i29, i31, i33, i35, i37, p40, p42, p44, p46, p48, p50, p52, p54, p56, p58, p60, p62, p64, p66, p68, p70, p0, p1, p3, p4]
+848: p102 = getfield_gc_r(p96, descr=<FieldP rpyeffect.stack.MetaStackLike.inst_stack 8 pure>)
+852: guard_class(p96, 4301614792, descr=<Guard0x1203083e0>) [p2, i7, i9, i11, i13, i15, i17, i19, i21, i23, i25, i27, i29, i31, i33, i35, i37, p40, p42, p44, p46, p48, p50, p52, p54, p56, p58, p60, p62, p64, p66, p68, p70, p0, p1, p3, p4]
+868: p104 = getfield_gc_r(p96, descr=<FieldP rpyeffect.stack.MetaStack.inst_tail 32 pure>)
+872: p105 = getfield_gc_r(p3, descr=<FieldP rpyeffect.stack.MetaStackLike.inst_stack 8 pure>)
+876: guard_class(p3, ConstClass(MetaStackWithBinding), descr=<Guard0x120308420>) [p2, i7, i9, i11, i13, i15, i17, i19, i21, i23, i25, i27, i29, i31, i33, i35, i37, p40, p42, p44, p46, p48, p50, p52, p54, p56, p58, p60, p62, p64, p66, p68, p70, p0, p1, p3, p4]
+892: p107 = getfield_gc_r(p3, descr=<FieldP rpyeffect.stack.MetaStackWithBinding.inst_binding 40 pure>)
+896: guard_nonnull(p107, descr=<Guard0x120308460>) [p2, i7, i9, i11, i13, i15, i17, i19, i21, i23, i25, i27, i29, i31, i33, i35, i37, p40, p42, p44, p46, p48, p50, p52, p54, p56, p58, p60, p62, p64, p66, p68, p70, p0, p1, p3, p4]
+904: guard_nonnull_class(p104, 4301614792, descr=<Guard0x1202d7f68>) [p2, i7, i9, i11, i13, i15, i17, i19, i21, i23, i25, i27, i29, i31, i33, i35, i37, p40, p42, p44, p46, p48, p50, p52, p54, p56, p58, p60, p62, p64, p66, p68, p70, p0, p1, p3, p4]
+928: p109 = getfield_gc_r(p104, descr=<FieldP rpyeffect.stack.MetaStackLike.inst_stack 8 pure>)
+932: p110 = getfield_gc_r(p104, descr=<FieldP rpyeffect.stack.MetaStack.inst_label 16 pure>)
+936: p111 = getfield_gc_r(p104, descr=<FieldP rpyeffect.stack.MetaStack.inst_tail 32 pure>)
+940: guard_nonnull(p109, descr=<Guard0x1203084a0>) [p2, i7, i9, i11, i13, i15, i17, i19, i21, i23, i25, i27, i29, i31, i33, i35, i37, p40, p42, p44, p46, p48, p50, p52, p54, p56, p58, p60, p62, p64, p66, p68, p70, p0, p1, p3, p4]
+948: i112 = getfield_gc_i(p109, descr=<FieldS rpyeffect.stored_environment.Stack__arb_arb.inst_target 16 pure>)
+952: guard_value(i112, 293, descr=<Guard0x1203084e0>) [p2, i7, i9, i11, i13, i15, i17, i19, i21, i23, i25, i27, i29, i31, i33, i35, i37, p40, p42, p44, p46, p48, p50, p52, p54, p56, p58, p60, p62, p64, p66, p68, p70, p0, p1, p3, p4]
debug_merge_point(0, 0, '296<main.rpyeffect:286([method_%Flip_0(p):n@[mcore:[#56]#774]#812])>+2: {"op": "Swap". "type": "ptr". "a": 1. "b". 0}')
debug_merge_point(0, 0, '296<main.rpyeffect:286([method_%Flip_0(p):n@[mcore:[#56]#774]#812])>+3: {"op": "Match". "type": Interned({"op": "eff$Tuple". "elements": []}). "scrutinee": 1. "clauses": [{"tag": Interned({"op": "eff$Tuple". "elements": []}). "target": 295. "args": {"num": []. "ptr": []}}]. "default": {"tag": Interned(c1ad4e97-e16b-4180-ac28-d851f2c5f77a#[Missing Tag#1081]). "target": 289. "args": {"num": []. "ptr": []}}}')
debug_merge_point(0, 0, '295<main.rpyeffect:285([#823])>+0: {"op": "Const". "type": "num". "out": 0. "value": 1}')
debug_merge_point(0, 0, '295<main.rpyeffect:285([#823])>+1: {"op": "Push". "target": 294. "args": {"num": []. "ptr": [0]}}')
debug_merge_point(0, 0, '295<main.rpyeffect:285([#823])>+2: {"op": "Jump". "target": 277}')
debug_merge_point(0, 0, '277<main.rpyeffect:267(Name(k_145))>+0: {"op": "PushStack". "arg": 0}')
debug_merge_point(0, 0, '277<main.rpyeffect:267(Name(k_145))>+1: {"op": "Return". "args": {"num": [0]. "ptr": []}}')
debug_merge_point(0, 0, '220<main.rpyeffect:210([k@[switch case for 0#562]#572])>+0: {"op": "Swap". "type": "num". "a": 1. "b". 0}')
+964: p114 = new_with_vtable(descr=<SizeDescr 40>)
+1076: p115 = new_with_vtable(descr=<SizeDescr 40>)
+1088: setfield_gc(p115, p1, descr=<FieldP rpyeffect.stored_environment.Stack__arb_arb.inst_tail 8 pure>)
+1092: setfield_gc(p115, 214, descr=<FieldS rpyeffect.stored_environment.Stack__arb_arb.inst_target 16 pure>)
+1100: p117 = new_with_vtable(descr=<SizeDescr 48>)
+1112: p118 = new_with_vtable(descr=<SizeDescr 40>)
+1124: setfield_gc(p118, p102, descr=<FieldP rpyeffect.stack.MetaStackLike.inst_stack 8 pure>)
+1128: setfield_gc(p118, p98, descr=<FieldP rpyeffect.stack.MetaStack.inst_label 16 pure>)
+1132: setfield_gc(p118, ConstPtr(null), descr=<FieldP rpyeffect.stack.MetaStack.inst_region 24 pure>)
+1140: p120 = new_with_vtable(descr=<SizeDescr 40>)
+1152: p121 = new_with_vtable(descr=<SizeDescr 48>)
+1168: setfield_gc(p121, p109, descr=<FieldP rpyeffect.stored_environment.Stack__arb_arb.inst_tail 8 pure>)
+1172: setfield_gc(p121, 294, descr=<FieldS rpyeffect.stored_environment.Stack__arb_arb.inst_target 16 pure>)
+1180: p123 = new_with_vtable(descr=<SizeDescr 48>)
+1192: p124 = new_with_vtable(descr=<SizeDescr 48>)
+1208: setfield_gc(p124, p114, descr=<FieldP rpyeffect.stored_environment.Stack__arb_arb.inst_tail 8 pure>)
+1212: setfield_gc(p124, 220, descr=<FieldS rpyeffect.stored_environment.Stack__arb_arb.inst_target 16 pure>)
+1220: setfield_gc(p124, i78, descr=<FieldS rpyeffect.stored_environment.Stack__1_0.inst_values_num_0 40 pure>)
+1224: setfield_gc(p123, p124, descr=<FieldP rpyeffect.stack.MetaStackLike.inst_stack 8 pure>)
+1228: setfield_gc(p123, p0, descr=<FieldP rpyeffect.stack.MetaStack.inst_label 16 pure>)
+1232: setfield_gc(p123, ConstPtr(null), descr=<FieldP rpyeffect.stack.MetaStack.inst_region 24 pure>)
+1240: p127 = new_with_vtable(descr=<SizeDescr 48>)
+1256: setfield_gc(p127, p105, descr=<FieldP rpyeffect.stack.MetaStackLike.inst_stack 8 pure>)
+1264: setfield_gc(p127, p93, descr=<FieldP rpyeffect.stack.MetaStack.inst_label 16 pure>)
+1268: setfield_gc(p127, ConstPtr(null), descr=<FieldP rpyeffect.stack.MetaStack.inst_region 24 pure>)
+1276: p129 = new_with_vtable(descr=<SizeDescr 40>)
+1292: setfield_gc(p129, p102, descr=<FieldP rpyeffect.stack.MetaStackLike.inst_stack 8 pure>)
+1296: setfield_gc(p129, p98, descr=<FieldP rpyeffect.stack.MetaStack.inst_label 16 pure>)
+1300: setfield_gc(p129, ConstPtr(null), descr=<FieldP rpyeffect.stack.MetaStack.inst_region 24 pure>)
+1308: setfield_gc(p129, ConstPtr(null), descr=<FieldP rpyeffect.stack.MetaStack.inst_tail 32 pure>)
+1316: setfield_gc(p127, p129, descr=<FieldP rpyeffect.stack.MetaStack.inst_tail 32 pure>)
+1320: setfield_gc(p127, p107, descr=<FieldP rpyeffect.stack.MetaStackWithBinding.inst_binding 40 pure>)
+1324: setfield_gc(p123, p127, descr=<FieldP rpyeffect.stack.MetaStack.inst_tail 32 pure>)
+1328: setfield_gc(p123, p4, descr=<FieldP rpyeffect.stack.MetaStackWithBinding.inst_binding 40 pure>)
+1332: setfield_gc(p121, p123, descr=<FieldP rpyeffect.stored_environment.Stack__0_1.inst_values_ptr_0 40 pure>)
+1336: setfield_gc(p120, p121, descr=<FieldP rpyeffect.stack.MetaStackLike.inst_stack 8 pure>)
+1340: setfield_gc(p120, p110, descr=<FieldP rpyeffect.stack.MetaStack.inst_label 16 pure>)
+1344: setfield_gc(p120, ConstPtr(null), descr=<FieldP rpyeffect.stack.MetaStack.inst_region 24 pure>)
+1352: setfield_gc(p120, p111, descr=<FieldP rpyeffect.stack.MetaStack.inst_tail 32 pure>)
+1356: setfield_gc(p118, p120, descr=<FieldP rpyeffect.stack.MetaStack.inst_tail 32 pure>)
+1360: p133 = new_with_vtable(descr=<SizeDescr 32>)
+1372: setfield_gc(p114, 209, descr=<FieldS rpyeffect.stored_environment.Stack__arb_arb.inst_target 16 pure>)
+1380: setfield_gc(p117, ConstPtr(null), descr=<FieldP rpyeffect.stack.MetaStack.inst_region 24 pure>)
+1392: setfield_gc(p117, p93, descr=<FieldP rpyeffect.stack.MetaStack.inst_label 16 pure>)
+1396: setfield_gc(p117, p118, descr=<FieldP rpyeffect.stack.MetaStack.inst_tail 32 pure>)
+1400: setfield_gc(p117, p105, descr=<FieldP rpyeffect.stack.MetaStackLike.inst_stack 8 pure>)
+1404: setfield_gc(p117, p107, descr=<FieldP rpyeffect.stack.MetaStackWithBinding.inst_binding 40 pure>)
+1408: setfield_gc(p114, p115, descr=<FieldP rpyeffect.stored_environment.Stack__arb_arb.inst_tail 8 pure>)
+1420: setfield_gc(p133, ConstPtr(ptr136), descr=<FieldP rpyeffect.stored_environment.Data__arb_arb.inst_tag 8>)
+1508: jump(p0, p114, p2, p117, p4, 1, i78, i11, i13, i15, i17, i19, i21, i23, i25, i27, i29, i31, i33, i35, i37, p123, p133, p44, p46, p48, p50, p52, p54, p56, p58, p60, p62, p64, p66, p68, p70, descr=TargetToken(4834671680))
+1540: --end of the loop--
[eea760] jit-log-opt-loop}
[101cc6b] {jit-log-opt-bridge
# bridge out of Guard 0x120308020 with 15 ops
[p0, i1, i2, i3, i4, i5, i6, i7, i8, i9, i10, i11, i12, i13, i14, i15, i16, p17, p18, p19, p20, p21, p22, p23, p24, p25, p26, p27, p28, p29, p30, p31, p32, p33, p34, p35, p36]
+120: guard_not_invalidated(descr=<Guard0x120316ac8>) [p0, i1, i2, i3, i4, i5, i6, i7, i8, i9, i10, i11, i12, i13, i14, i15, i16, p17, p18, p19, p20, p21, p22, p23, p24, p25, p26, p27, p28, p29, p30, p31, p32, p33, p34, p35, p36]
debug_merge_point(0, 0, '220<main.rpyeffect:210([k@[switch case for 0#562]#572])>+1: {"op": "Switch". "scrutinee": 1. "values": [1]. "targets": [213]. "default": 219}')
+124: i38 = int_eq(i1, 1)
guard_true(i38, descr=<Guard0x1203092a0>) [p0, i1, i2, i3, i4, i5, i6, i7, i8, i9, i10, i11, i12, i13, i14, i15, i16, p17, p18, p19, p20, p21, p22, p23, p24, p25, p26, p27, p28, p29, p30, p31, p32, p33, p34, p35, p36]
+132: guard_nonnull(p34, descr=<Guard0x1203092e0>) [p0, i1, i2, i3, i4, i5, i6, i7, i8, i9, i10, i11, i12, i13, i14, i15, i16, p17, p18, p19, p20, p21, p22, p23, p24, p25, p26, p27, p28, p29, p30, p31, p32, p33, p34, p35, p36]
+144: i39 = getfield_gc_i(p34, descr=<FieldS rpyeffect.stored_environment.Stack__arb_arb.inst_target 16 pure>)
+152: guard_value(i39, 209, descr=<Guard0x120309320>) [p0, i1, i2, i3, i4, i5, i6, i7, i8, i9, i10, i11, i12, i13, i14, i15, i16, p17, p18, p19, p20, p21, p22, p23, p24, p25, p26, p27, p28, p29, p30, p31, p32, p33, p34, p35, p36]
debug_merge_point(0, 0, '213<main.rpyeffect:203([switch case for 1#573])>+0: {"op": "PrimOp". "name": "box(Num): Ptr". "out": {"num": []. "ptr": [0]}. "in": {"num": [0]. "ptr": []}}')
debug_merge_point(0, 0, '213<main.rpyeffect:203([switch case for 1#573])>+1: {"op": "Return". "args": {"num": []. "ptr": [0]}}')
+164: p41 = getfield_gc_r(p34, descr=<FieldP rpyeffect.stored_environment.Stack__arb_arb.inst_tail 8 pure>)
+168: guard_nonnull(p41, descr=<Guard0x120309360>) [p0, i1, i2, i3, i4, i5, i6, i7, i8, i9, i10, i11, i12, i13, i14, i15, i16, p17, p18, p19, p20, p21, p22, p23, p24, p25, p26, p27, p28, p29, p30, p31, p32, p33, p34, p35, p36]
+176: i42 = getfield_gc_i(p41, descr=<FieldS rpyeffect.stored_environment.Stack__arb_arb.inst_target 16 pure>)
+180: guard_value(i42, 214, descr=<Guard0x1203093a0>) [p0, i1, i2, i3, i4, i5, i6, i7, i8, i9, i10, i11, i12, i13, i14, i15, i16, p17, p18, p19, p20, p21, p22, p23, p24, p25, p26, p27, p28, p29, p30, p31, p32, p33, p34, p35, p36]
debug_merge_point(0, 0, '209<main.rpyeffect:199([k@[mcore:[eta-expanded fn#456]#533]#538])>+0: {"op": "PrimOp". "name": "unbox(Ptr): Num". "out": {"num": [0]. "ptr": []}. "in": {"num": []. "ptr": [0]}}')
+192: jump(p33, p41, p0, p35, p36, i2, 1, i3, i4, i5, i6, i7, i8, i9, i10, i11, i12, i13, i14, i15, i16, p18, p19, p20, p21, p22, p23, p24, p25, p26, p27, p28, p29, p30, p31, p32, descr=TargetToken(4834671440))
+520: --end of the loop--
[102387e] jit-log-opt-bridge}
[11673b1] {jit-log-opt-bridge
# bridge out of Guard 0x1202b7260 with 199 ops
[p0, i1, i2, i3, i4, i5, i6, i7, i8, i9, i10, i11, i12, i13, i14, i15, i16, p17, p18, p19, p20, p21, p22, p23, p24, p25, p26, p27, p28, p29, p30, p31, p32, p33, p34, p35]
+408: guard_not_invalidated(descr=<Guard0x1301a7eb8>) [p0, i1, i2, i3, i4, i5, i6, i7, i8, i9, i10, i11, i12, i13, i14, i15, i16, p17, p18, p19, p20, p21, p22, p23, p24, p25, p26, p27, p28, p29, p30, p31, p32, p33, p34, p35]
debug_merge_point(0, 0, '209<main.rpyeffect:199([k@[mcore:[eta-expanded fn#456]#533]#538])>+1: {"op": "Return". "args": {"num": [0]. "ptr": []}}')
+412: guard_nonnull(p33, descr=<Guard0x1301ae0e0>) [p0, i1, i2, i3, i4, i5, i6, i7, i8, i9, i10, i11, i12, i13, i14, i15, i16, p17, p18, p19, p20, p21, p22, p23, p24, p25, p26, p27, p28, p29, p30, p31, p32, p33, p34, p35]
+420: i36 = getfield_gc_i(p33, descr=<FieldS rpyeffect.stored_environment.Stack__arb_arb.inst_target 16 pure>)
+424: guard_value(i36, 214, descr=<Guard0x1301ae0a0>) [p0, i1, i2, i3, i4, i5, i6, i7, i8, i9, i10, i11, i12, i13, i14, i15, i16, p17, p18, p19, p20, p21, p22, p23, p24, p25, p26, p27, p28, p29, p30, p31, p32, p33, p34, p35]
+436: p38 = getfield_gc_r(p33, descr=<FieldP rpyeffect.stored_environment.Stack__arb_arb.inst_tail 8 pure>)
debug_merge_point(0, 0, '214<main.rpyeffect:204([#591])>+0: {"op": "PrimOp". "name": "box(Num): Ptr". "out": {"num": []. "ptr": [0]}. "in": {"num": [0]. "ptr": []}}')
debug_merge_point(0, 0, '214<main.rpyeffect:204([#591])>+1: {"op": "Return". "args": {"num": []. "ptr": [0]}}')
+440: guard_nonnull(p38, descr=<Guard0x1301ae060>) [p0, i1, i2, i3, i4, i5, i6, i7, i8, i9, i10, i11, i12, i13, i14, i15, i16, p17, p18, p19, p20, p21, p22, p23, p24, p25, p26, p27, p28, p29, p30, p31, p32, p33, p34, p35]
+448: i39 = getfield_gc_i(p38, descr=<FieldS rpyeffect.stored_environment.Stack__arb_arb.inst_target 16 pure>)
+452: guard_value(i39, 231, descr=<Guard0x1301ae020>) [p0, i1, i2, i3, i4, i5, i6, i7, i8, i9, i10, i11, i12, i13, i14, i15, i16, p17, p18, p19, p20, p21, p22, p23, p24, p25, p26, p27, p28, p29, p30, p31, p32, p33, p34, p35]
+464: p41 = getfield_gc_r(p38, descr=<FieldP rpyeffect.stored_environment.Stack__arb_arb.inst_tail 8 pure>)
debug_merge_point(0, 0, '231<main.rpyeffect:221([k@[mcore:[eta-expanded fn#481]#618]#623])>+0: {"op": "PrimOp". "name": "unbox(Ptr): Num". "out": {"num": [0]. "ptr": []}. "in": {"num": []. "ptr": [0]}}')
debug_merge_point(0, 0, '231<main.rpyeffect:221([k@[mcore:[eta-expanded fn#481]#618]#623])>+1: {"op": "Return". "args": {"num": [0]. "ptr": []}}')
+468: guard_nonnull(p41, descr=<Guard0x120309fa0>) [p0, i1, i2, i3, i4, i5, i6, i7, i8, i9, i10, i11, i12, i13, i14, i15, i16, p17, p18, p19, p20, p21, p22, p23, p24, p25, p26, p27, p28, p29, p30, p31, p32, p33, p34, p35]
+476: i42 = getfield_gc_i(p41, descr=<FieldS rpyeffect.stored_environment.Stack__arb_arb.inst_target 16 pure>)
+480: guard_value(i42, 244, descr=<Guard0x120309f60>) [p0, i1, i2, i3, i4, i5, i6, i7, i8, i9, i10, i11, i12, i13, i14, i15, i16, p17, p18, p19, p20, p21, p22, p23, p24, p25, p26, p27, p28, p29, p30, p31, p32, p33, p34, p35]
+492: i44 = getfield_gc_i(p41, descr=<FieldS rpyeffect.stored_environment.Stack__3_0.inst_values_num_0 40 pure>)
+496: i45 = getfield_gc_i(p41, descr=<FieldS rpyeffect.stored_environment.Stack__3_0.inst_values_num_1 48 pure>)
+500: i46 = getfield_gc_i(p41, descr=<FieldS rpyeffect.stored_environment.Stack__3_0.inst_values_num_2 56 pure>)
+504: p47 = getfield_gc_r(p41, descr=<FieldP rpyeffect.stored_environment.Stack__arb_arb.inst_tail 8 pure>)
debug_merge_point(0, 0, '244<main.rpyeffect:234([k@[k@[k@[#649]#651]#655]#663])>+0: {"op": "Push". "target": 243. "args": {"num": [1. 2. 0. 3]. "ptr": []}}')
debug_merge_point(0, 0, '244<main.rpyeffect:234([k@[k@[k@[#649]#651]#655]#663])>+1: {"op": "Copy". "type": "num". "from": 1. "to". 0}')
debug_merge_point(0, 0, '244<main.rpyeffect:234([k@[k@[k@[#649]#651]#655]#663])>+2: {"op": "Jump". "target": 145}')
debug_merge_point(0, 0, '145<main.rpyeffect:135(Name(+_27))>+0: {"op": "New". "out": 0. "targets": [138. 140. 142. 144]. "args": {"num": [0]. "ptr": []}}')
debug_merge_point(0, 0, '145<main.rpyeffect:135(Name(+_27))>+1: {"op": "Return". "args": {"num": []. "ptr": [0]}}')
debug_merge_point(0, 0, '243<main.rpyeffect:233([k@[k@[k@[k@[#649]#651]#655]#663]#665])>+0: {"op": "Push". "target": 242. "args": {"num": [0. 1. 2. 3]. "ptr": []}}')
debug_merge_point(0, 0, '243<main.rpyeffect:233([k@[k@[k@[k@[#649]#651]#655]#663]#665])>+1: {"op": "Copy". "type": "num". "from": 1. "to". 0}')
debug_merge_point(0, 0, '243<main.rpyeffect:233([k@[k@[k@[k@[#649]#651]#655]#663]#665])>+2: {"op": "Invoke". "receiver": 0. "tag": Interned(%apply(n):n). "args" : {"num": [0]. "ptr": []}}')
debug_merge_point(0, 0, '138<main.rpyeffect:128([method_%apply(n):n@Name(+_27)#347])>+0: {"op": "Jump". "target": 136}')
debug_merge_point(0, 0, '136<main.rpyeffect:126([mcore:[#26]#343])>+0: {"op": "PrimOp". "name": "infixAdd(Int. Int): Int". "out": {"num": [0]. "ptr": []}. "in": {"num": [1. 0]. "ptr": []}}')
+508: i48 = int_add(i44, i45)
debug_merge_point(0, 0, '136<main.rpyeffect:126([mcore:[#26]#343])>+1: {"op": "Return". "args": {"num": [0]. "ptr": []}}')
debug_merge_point(0, 0, '242<main.rpyeffect:232([#667])>+0: {"op": "Push". "target": 241. "args": {"num": [1. 2. 3. 4]. "ptr": []}}')
debug_merge_point(0, 0, '242<main.rpyeffect:232([#667])>+1: {"op": "Jump". "target": 145}')
debug_merge_point(0, 0, '145<main.rpyeffect:135(Name(+_27))>+0: {"op": "New". "out": 0. "targets": [138. 140. 142. 144]. "args": {"num": [0]. "ptr": []}}')
debug_merge_point(0, 0, '145<main.rpyeffect:135(Name(+_27))>+1: {"op": "Return". "args": {"num": []. "ptr": [0]}}')
debug_merge_point(0, 0, '241<main.rpyeffect:231([k@[#667]#669])>+0: {"op": "Push". "target": 240. "args": {"num": [0. 1. 2. 3]. "ptr": []}}')
debug_merge_point(0, 0, '241<main.rpyeffect:231([k@[#667]#669])>+1: {"op": "Copy". "type": "num". "from": 2. "to". 0}')
debug_merge_point(0, 0, '241<main.rpyeffect:231([k@[#667]#669])>+2: {"op": "Invoke". "receiver": 0. "tag": Interned(%apply(n):n). "args" : {"num": [0]. "ptr": []}}')
debug_merge_point(0, 0, '138<main.rpyeffect:128([method_%apply(n):n@Name(+_27)#347])>+0: {"op": "Jump". "target": 136}')
debug_merge_point(0, 0, '136<main.rpyeffect:126([mcore:[#26]#343])>+0: {"op": "PrimOp". "name": "infixAdd(Int. Int): Int". "out": {"num": [0]. "ptr": []}. "in": {"num": [1. 0]. "ptr": []}}')
+512: i49 = int_add(i48, i1)
debug_merge_point(0, 0, '136<main.rpyeffect:126([mcore:[#26]#343])>+1: {"op": "Return". "args": {"num": [0]. "ptr": []}}')
debug_merge_point(0, 0, '240<main.rpyeffect:230([k@[k@[#667]#669]#671])>+0: {"op": "Push". "target": 239. "args": {"num": [1. 2. 3. 4]. "ptr": []}}')
debug_merge_point(0, 0, '240<main.rpyeffect:230([k@[k@[#667]#669]#671])>+1: {"op": "Jump". "target": 19}')
debug_merge_point(0, 0, '19<main.rpyeffect:9(Name(=_0))>+0: {"op": "New". "out": 0. "targets": [12. 14. 16. 18]. "args": {"num": [0]. "ptr": []}}')
debug_merge_point(0, 0, '19<main.rpyeffect:9(Name(=_0))>+1: {"op": "Return". "args": {"num": []. "ptr": [0]}}')
debug_merge_point(0, 0, '239<main.rpyeffect:229([k@[k@[k@[#667]#669]#671]#673])>+0: {"op": "Push". "target": 238. "args": {"num": [0. 1. 2]. "ptr": []}}')
debug_merge_point(0, 0, '239<main.rpyeffect:229([k@[k@[k@[#667]#669]#671]#673])>+1: {"op": "Copy". "type": "num". "from": 3. "to". 0}')
debug_merge_point(0, 0, '239<main.rpyeffect:229([k@[k@[k@[#667]#669]#671]#673])>+2: {"op": "Invoke". "receiver": 0. "tag": Interned(%apply(n):n). "args" : {"num": [0]. "ptr": []}}')
debug_merge_point(0, 0, '12<main.rpyeffect:2([method_%apply(n):n@Name(=_0)#7])>+0: {"op": "Jump". "target": 10}')
debug_merge_point(0, 0, '10<main.rpyeffect:0([mcore:[#15]#3])>+0: {"op": "PrimOp". "name": "infixEq(Int. Int): Boolean". "out": {"num": [0]. "ptr": []}. "in": {"num": [1. 0]. "ptr": []}}')
+520: i50 = int_eq(i49, i46)
guard_false(i50, descr=<Guard0x1301ae120>) [p0, i1, i2, i3, i4, i5, i6, i7, i8, i9, i10, i11, i12, i13, i14, i15, i16, p17, p18, p19, p20, p21, p22, p23, p24, p25, p26, p27, p28, p29, p30, p31, p32, p33, p34, p35]
debug_merge_point(0, 0, '10<main.rpyeffect:0([mcore:[#15]#3])>+1: {"op": "Return". "args": {"num": [0]. "ptr": []}}')
debug_merge_point(0, 0, '238<main.rpyeffect:228([k@[k@[k@[k@[#667]#669]#671]#673]#675])>+0: {"op": "Switch". "scrutinee": 0. "values": [1]. "targets": [233]. "default": 237}')
+528: guard_nonnull(p47, descr=<Guard0x1301ae160>) [p0, i1, i2, i3, i4, i5, i6, i7, i8, i9, i10, i11, i12, i13, i14, i15, i16, p17, p18, p19, p20, p21, p22, p23, p24, p25, p26, p27, p28, p29, p30, p31, p32, p33, p34, p35]
+536: i51 = getfield_gc_i(p47, descr=<FieldS rpyeffect.stored_environment.Stack__arb_arb.inst_target 16 pure>)
+540: guard_value(i51, 310, descr=<Guard0x1301ae1a0>) [p0, i1, i2, i3, i4, i5, i6, i7, i8, i9, i10, i11, i12, i13, i14, i15, i16, p17, p18, p19, p20, p21, p22, p23, p24, p25, p26, p27, p28, p29, p30, p31, p32, p33, p34, p35]
debug_merge_point(0, 0, '237<main.rpyeffect:227([switch default case#678])>+0: {"op": "Switch". "scrutinee": 0. "values": [0]. "targets": [235]. "default": 236}')
debug_merge_point(0, 0, '235<main.rpyeffect:225([switch case for 0#679])>+0: {"op": "Const". "type": "num". "out": 0. "value": 0}')
debug_merge_point(0, 0, '235<main.rpyeffect:225([switch case for 0#679])>+1: {"op": "Const". "type": "ptr". "out": 0. "format": "string". "value": "Name(Fail_1)"}')
debug_merge_point(0, 0, '235<main.rpyeffect:225([switch case for 0#679])>+2: {"op": "PrimOp". "name": "getGlobal(String): Ptr". "out": {"num": []. "ptr": [0]}. "in": {"num": []. "ptr": [0]}}')
debug_merge_point(0, 0, '235<main.rpyeffect:225([switch case for 0#679])>+3: {"op": "GetDynamic". "out": 0. "n": 0. "label": 0}')
+552: guard_nonnull(p35, descr=<Guard0x1301ae1e0>) [p0, i1, i2, i3, i4, i5, i6, i7, i8, i9, i10, i11, i12, i13, i14, i15, i16, p17, p18, p19, p20, p21, p22, p23, p24, p25, p26, p27, p28, p29, p30, p31, p32, p33, p34, p35]
+564: i53 = getfield_gc_i(p32, descr=<FieldS rpyeffect.stack.Label.inst_origin 8 pure>)
+572: i55 = int_ne(i53, 334884)
guard_true(i55, descr=<Guard0x1301ae220>) [p0, i1, i2, i3, i4, i5, i6, i7, i8, i9, i10, i11, i12, i13, i14, i15, i16, p17, p18, p19, p20, p21, p22, p23, p24, p25, p26, p27, p28, p29, p30, p31, p32, p33, p34, p35]
+592: i57 = instance_ptr_eq(p32, ConstPtr(ptr56))
guard_false(i57, descr=<Guard0x1301ae260>) [p0, i1, i2, i3, i4, i5, i6, i7, i8, i9, i10, i11, i12, i13, i14, i15, i16, p17, p18, p19, p20, p21, p22, p23, p24, p25, p26, p27, p28, p29, p30, p31, p32, p33, p34, p35]
+600: guard_nonnull_class(p34, ConstClass(MetaStackWithBinding), descr=<Guard0x1301a7f10>) [p0, i1, i2, i3, i4, i5, i6, i7, i8, i9, i10, i11, i12, i13, i14, i15, i16, p17, p18, p19, p20, p21, p22, p23, p24, p25, p26, p27, p28, p29, p30, p31, p32, p33, p34, p35]
+628: p59 = getfield_gc_r(p34, descr=<FieldP rpyeffect.stack.MetaStack.inst_label 16 pure>)
+632: i60 = getfield_gc_i(p59, descr=<FieldS rpyeffect.stack.Label.inst_origin 8 pure>)
+636: i62 = int_ne(i60, 334884)
guard_false(i62, descr=<Guard0x1301ae2a0>) [p0, i1, i2, i3, i4, i5, i6, i7, i8, i9, i10, i11, i12, i13, i14, i15, i16, p17, p18, p19, p20, p21, p22, p23, p24, p25, p26, p27, p28, p29, p30, p31, p32, p33, p34, p35]
+652: i64 = instance_ptr_eq(p59, ConstPtr(ptr63))
guard_true(i64, descr=<Guard0x1301ae2e0>) [p0, i1, i2, i3, i4, i5, i6, i7, i8, i9, i10, i11, i12, i13, i14, i15, i16, p17, p18, p19, p20, p21, p22, p23, p24, p25, p26, p27, p28, p29, p30, p31, p32, p33, p34, p35]
+660: p65 = getfield_gc_r(p34, descr=<FieldP rpyeffect.stack.MetaStackWithBinding.inst_binding 40 pure>)
debug_merge_point(0, 0, '235<main.rpyeffect:225([switch case for 0#679])>+4: {"op": "Construct". "out": 1. "type": Interned({"op": "eff$Tuple". "elements": []}). "tag": Interned({"op": "eff$Tuple". "elements": []}). "args": {"num": []. "ptr": []}}')
debug_merge_point(0, 0, '235<main.rpyeffect:225([switch case for 0#679])>+5: {"op": "Push". "target": 234. "args": {"num": []. "ptr": []}}')
debug_merge_point(0, 0, '235<main.rpyeffect:225([switch case for 0#679])>+6: {"op": "Swap". "type": "ptr". "a": 1. "b". 0}')
debug_merge_point(0, 0, '235<main.rpyeffect:225([switch case for 0#679])>+7: {"op": "Invoke". "receiver": 1. "tag": Interned(%Fail_1(p):p). "args" : {"num": []. "ptr": [0]}}')
+664: p66 = getfield_gc_r(p65, descr=<FieldP rpyeffect.stored_environment.CoData__arb_arb.inst_vtable 24 pure>)
+672: guard_value(p66, ConstPtr(ptr67), descr=<Guard0x1301ae320>) [p0, i1, i2, i3, i4, i5, i6, i7, i8, i9, i10, i11, i12, i13, i14, i15, i16, p17, p18, p19, p20, p21, p22, p23, p24, p25, p26, p27, p28, p29, p30, p31, p32, p33, p34, p35]
+680: p68 = getfield_gc_r(p65, descr=<FieldP rpyeffect.stored_environment.CoData__0_1.inst_values_ptr_0 32 pure>)
debug_merge_point(0, 0, '282<main.rpyeffect:272([method_%Fail_1(p):p@[mcore:[#56]#774]#779])>+0: {"op": "Const". "type": "num". "out": 0. "value": 0}')
debug_merge_point(0, 0, '282<main.rpyeffect:272([method_%Fail_1(p):p@[mcore:[#56]#774]#779])>+1: {"op": "ShiftDyn". "out": 1. "n": 0. "label": 1}')
+684: i69 = getfield_gc_i(p68, descr=<FieldS rpyeffect.stack.Label.inst_origin 8 pure>)
+688: i70 = int_ne(i53, i69)
guard_true(i70, descr=<Guard0x1301ae360>) [p0, i1, i2, i3, i4, i5, i6, i7, i8, i9, i10, i11, i12, i13, i14, i15, i16, p17, p18, p19, p20, p21, p22, p23, p24, p25, p26, p27, p28, p29, p30, p31, p32, p33, p34, p35]
+696: p71 = getfield_gc_r(p34, descr=<FieldP rpyeffect.stack.MetaStack.inst_region 24 pure>)
+700: guard_isnull(p71, descr=<Guard0x1301ae3a0>) [p0, i1, i2, i3, i4, i5, i6, i7, i8, i9, i10, i11, i12, i13, i14, i15, i16, p17, p18, p19, p20, p21, p22, p23, p24, p25, p26, p27, p28, p29, p30, p31, p32, p33, p34, p35]
+708: i73 = int_ne(334884, i69)
guard_true(i73, descr=<Guard0x1301ae3e0>) [p0, i1, i2, i3, i4, i5, i6, i7, i8, i9, i10, i11, i12, i13, i14, i15, i16, p17, p18, p19, p20, p21, p22, p23, p24, p25, p26, p27, p28, p29, p30, p31, p32, p33, p34, p35]
+724: p74 = getfield_gc_r(p34, descr=<FieldP rpyeffect.stack.MetaStack.inst_tail 32 pure>)
+728: p75 = getfield_gc_r(p74, descr=<FieldP rpyeffect.stack.MetaStack.inst_region 24 pure>)
+732: guard_isnull(p75, descr=<Guard0x1301ae420>) [p0, i1, i2, i3, i4, i5, i6, i7, i8, i9, i10, i11, i12, i13, i14, i15, i16, p17, p18, p19, p20, p21, p22, p23, p24, p25, p26, p27, p28, p29, p30, p31, p32, p33, p34, p35]
+740: p76 = getfield_gc_r(p74, descr=<FieldP rpyeffect.stack.MetaStack.inst_label 16 pure>)
+744: i77 = getfield_gc_i(p76, descr=<FieldS rpyeffect.stack.Label.inst_origin 8 pure>)
+748: i78 = int_ne(i77, i69)
guard_false(i78, descr=<Guard0x1301ae460>) [p0, i1, i2, i3, i4, i5, i6, i7, i8, i9, i10, i11, i12, i13, i14, i15, i16, p17, p18, p19, p20, p21, p22, p23, p24, p25, p26, p27, p28, p29, p30, p31, p32, p33, p34, p35]
+756: i79 = instance_ptr_eq(p76, p68)
guard_true(i79, descr=<Guard0x1301ae4a0>) [p0, i1, i2, i3, i4, i5, i6, i7, i8, i9, i10, i11, i12, i13, i14, i15, i16, p17, p18, p19, p20, p21, p22, p23, p24, p25, p26, p27, p28, p29, p30, p31, p32, p33, p34, p35]
+764: p80 = getfield_gc_r(p74, descr=<FieldP rpyeffect.stack.MetaStackLike.inst_stack 8 pure>)
+768: guard_class(p74, 4301614792, descr=<Guard0x1301ae4e0>) [p0, i1, i2, i3, i4, i5, i6, i7, i8, i9, i10, i11, i12, i13, i14, i15, i16, p17, p18, p19, p20, p21, p22, p23, p24, p25, p26, p27, p28, p29, p30, p31, p32, p33, p34, p35]
+784: p82 = getfield_gc_r(p74, descr=<FieldP rpyeffect.stack.MetaStack.inst_tail 32 pure>)
+788: p83 = getfield_gc_r(p34, descr=<FieldP rpyeffect.stack.MetaStackLike.inst_stack 8 pure>)
+792: guard_nonnull_class(p82, 4301614792, descr=<Guard0x1301a7f68>) [p0, i1, i2, i3, i4, i5, i6, i7, i8, i9, i10, i11, i12, i13, i14, i15, i16, p17, p18, p19, p20, p21, p22, p23, p24, p25, p26, p27, p28, p29, p30, p31, p32, p33, p34, p35]
+816: p85 = getfield_gc_r(p82, descr=<FieldP rpyeffect.stack.MetaStackLike.inst_stack 8 pure>)
+820: p86 = getfield_gc_r(p82, descr=<FieldP rpyeffect.stack.MetaStack.inst_label 16 pure>)
+824: p87 = getfield_gc_r(p82, descr=<FieldP rpyeffect.stack.MetaStack.inst_tail 32 pure>)
+828: guard_nonnull(p85, descr=<Guard0x1301ae520>) [p0, i1, i2, i3, i4, i5, i6, i7, i8, i9, i10, i11, i12, i13, i14, i15, i16, p17, p18, p19, p20, p21, p22, p23, p24, p25, p26, p27, p28, p29, p30, p31, p32, p33, p34, p35]
+836: i88 = getfield_gc_i(p85, descr=<FieldS rpyeffect.stored_environment.Stack__arb_arb.inst_target 16 pure>)
+840: guard_value(i88, 294, descr=<Guard0x1301ae560>) [p0, i1, i2, i3, i4, i5, i6, i7, i8, i9, i10, i11, i12, i13, i14, i15, i16, p17, p18, p19, p20, p21, p22, p23, p24, p25, p26, p27, p28, p29, p30, p31, p32, p33, p34, p35]
debug_merge_point(0, 0, '282<main.rpyeffect:272([method_%Fail_1(p):p@[mcore:[#56]#774]#779])>+2: {"op": "Match". "type": Interned({"op": "eff$Tuple". "elements": []}). "scrutinee": 0. "clauses": [{"tag": Interned({"op": "eff$Tuple". "elements": []}). "target": 281. "args": {"num": []. "ptr": []}}]. "default": {"tag": Interned(c1ad4e97-e16b-4180-ac28-d851f2c5f77a#[Missing Tag#1079]). "target": 280. "args": {"num": []. "ptr": []}}}')
debug_merge_point(0, 0, '281<main.rpyeffect:271([#790])>+0: {"op": "Const". "type": "num". "out": 0. "value": 0}')
debug_merge_point(0, 0, '281<main.rpyeffect:271([#790])>+1: {"op": "Return". "args": {"num": [0]. "ptr": []}}')
+852: p90 = getfield_gc_r(p85, descr=<FieldP rpyeffect.stored_environment.Stack__0_1.inst_values_ptr_0 40 pure>)
+856: p91 = getfield_gc_r(p85, descr=<FieldP rpyeffect.stored_environment.Stack__arb_arb.inst_tail 8 pure>)
debug_merge_point(0, 0, '294<main.rpyeffect:284([k@[#823]#827])>+0: {"op": "Const". "type": "num". "out": 1. "value": 0}')
debug_merge_point(0, 0, '294<main.rpyeffect:284([k@[#823]#827])>+1: {"op": "Push". "target": 293. "args": {"num": [0]. "ptr": []}}')
debug_merge_point(0, 0, '294<main.rpyeffect:284([k@[#823]#827])>+2: {"op": "Copy". "type": "num". "from": 1. "to". 0}')
debug_merge_point(0, 0, '294<main.rpyeffect:284([k@[#823]#827])>+3: {"op": "Jump". "target": 277}')
debug_merge_point(0, 0, '277<main.rpyeffect:267(Name(k_145))>+0: {"op": "PushStack". "arg": 0}')
+860: guard_nonnull_class(p90, ConstClass(MetaStackWithBinding), descr=<Guard0x1301b6020>) [p0, i1, i2, i3, i4, i5, i6, i7, i8, i9, i10, i11, i12, i13, i14, i15, i16, p17, p18, p19, p20, p21, p22, p23, p24, p25, p26, p27, p28, p29, p30, p31, p32, p33, p34, p35]
+884: p93 = getfield_gc_r(p90, descr=<FieldP rpyeffect.stack.MetaStack.inst_region 24 pure>)
+892: guard_isnull(p93, descr=<Guard0x1301ae5a0>) [p0, i1, i2, i3, i4, i5, i6, i7, i8, i9, i10, i11, i12, i13, i14, i15, i16, p17, p18, p19, p20, p21, p22, p23, p24, p25, p26, p27, p28, p29, p30, p31, p32, p33, p34, p35]
+900: p94 = getfield_gc_r(p90, descr=<FieldP rpyeffect.stack.MetaStackLike.inst_stack 8 pure>)
+904: p95 = getfield_gc_r(p90, descr=<FieldP rpyeffect.stack.MetaStack.inst_tail 32 pure>)
+912: guard_nonnull_class(p95, ConstClass(MetaStackWithBinding), descr=<Guard0x1301b6078>) [p0, i1, i2, i3, i4, i5, i6, i7, i8, i9, i10, i11, i12, i13, i14, i15, i16, p17, p18, p19, p20, p21, p22, p23, p24, p25, p26, p27, p28, p29, p30, p31, p32, p33, p34, p35]
+936: p97 = getfield_gc_r(p95, descr=<FieldP rpyeffect.stack.MetaStack.inst_region 24 pure>)
+940: guard_isnull(p97, descr=<Guard0x1301ae5e0>) [p0, i1, i2, i3, i4, i5, i6, i7, i8, i9, i10, i11, i12, i13, i14, i15, i16, p17, p18, p19, p20, p21, p22, p23, p24, p25, p26, p27, p28, p29, p30, p31, p32, p33, p34, p35]
+948: p98 = getfield_gc_r(p95, descr=<FieldP rpyeffect.stack.MetaStackLike.inst_stack 8 pure>)
+952: p99 = getfield_gc_r(p95, descr=<FieldP rpyeffect.stack.MetaStack.inst_tail 32 pure>)
+960: guard_nonnull_class(p99, 4301614792, descr=<Guard0x1301b60d0>) [p0, i1, i2, i3, i4, i5, i6, i7, i8, i9, i10, i11, i12, i13, i14, i15, i16, p17, p18, p19, p20, p21, p22, p23, p24, p25, p26, p27, p28, p29, p30, p31, p32, p33, p34, p35]
+984: p101 = getfield_gc_r(p99, descr=<FieldP rpyeffect.stack.MetaStack.inst_region 24 pure>)
+988: guard_isnull(p101, descr=<Guard0x1301ae620>) [p0, i1, i2, i3, i4, i5, i6, i7, i8, i9, i10, i11, i12, i13, i14, i15, i16, p17, p18, p19, p20, p21, p22, p23, p24, p25, p26, p27, p28, p29, p30, p31, p32, p33, p34, p35]
+996: p102 = getfield_gc_r(p99, descr=<FieldP rpyeffect.stack.MetaStackLike.inst_stack 8 pure>)
+1000: p103 = getfield_gc_r(p99, descr=<FieldP rpyeffect.stack.MetaStack.inst_tail 32 pure>)
+1004: guard_isnull(p103, descr=<Guard0x1301ae660>) [p0, i1, i2, i3, i4, i5, i6, i7, i8, i9, i10, i11, i12, i13, i14, i15, i16, p17, p18, p19, p20, p21, p22, p23, p24, p25, p26, p27, p28, p29, p30, p31, p32, p33, p34, p35]
+1012: p104 = getfield_gc_r(p99, descr=<FieldP rpyeffect.stack.MetaStack.inst_label 16 pure>)
+1016: p105 = getfield_gc_r(p95, descr=<FieldP rpyeffect.stack.MetaStack.inst_label 16 pure>)
+1020: p106 = getfield_gc_r(p95, descr=<FieldP rpyeffect.stack.MetaStackWithBinding.inst_binding 40 pure>)
+1024: guard_nonnull(p106, descr=<Guard0x1301ae6a0>) [p0, i1, i2, i3, i4, i5, i6, i7, i8, i9, i10, i11, i12, i13, i14, i15, i16, p17, p18, p19, p20, p21, p22, p23, p24, p25, p26, p27, p28, p29, p30, p31, p32, p33, p34, p35]
+1032: p107 = getfield_gc_r(p90, descr=<FieldP rpyeffect.stack.MetaStack.inst_label 16 pure>)
+1040: p108 = getfield_gc_r(p90, descr=<FieldP rpyeffect.stack.MetaStackWithBinding.inst_binding 40 pure>)
+1048: guard_nonnull(p108, descr=<Guard0x1301ae6e0>) [p0, i1, i2, i3, i4, i5, i6, i7, i8, i9, i10, i11, i12, i13, i14, i15, i16, p17, p18, p19, p20, p21, p22, p23, p24, p25, p26, p27, p28, p29, p30, p31, p32, p33, p34, p35]
+1056: guard_nonnull(p94, descr=<Guard0x1301ae720>) [p0, i1, i2, i3, i4, i5, i6, i7, i8, i9, i10, i11, i12, i13, i14, i15, i16, p17, p18, p19, p20, p21, p22, p23, p24, p25, p26, p27, p28, p29, p30, p31, p32, p33, p34, p35]
+1064: i109 = getfield_gc_i(p94, descr=<FieldS rpyeffect.stored_environment.Stack__arb_arb.inst_target 16 pure>)
+1072: guard_value(i109, 220, descr=<Guard0x1301ae760>) [p0, i1, i2, i3, i4, i5, i6, i7, i8, i9, i10, i11, i12, i13, i14, i15, i16, p17, p18, p19, p20, p21, p22, p23, p24, p25, p26, p27, p28, p29, p30, p31, p32, p33, p34, p35]
debug_merge_point(0, 0, '277<main.rpyeffect:267(Name(k_145))>+1: {"op": "Return". "args": {"num": [0]. "ptr": []}}')
+1084: i111 = getfield_gc_i(p94, descr=<FieldS rpyeffect.stored_environment.Stack__1_0.inst_values_num_0 40 pure>)
+1088: p112 = getfield_gc_r(p94, descr=<FieldP rpyeffect.stored_environment.Stack__arb_arb.inst_tail 8 pure>)
+1092: guard_nonnull(p112, descr=<Guard0x1301ae7a0>) [p0, i1, i2, i3, i4, i5, i6, i7, i8, i9, i10, i11, i12, i13, i14, i15, i16, p17, p18, p19, p20, p21, p22, p23, p24, p25, p26, p27, p28, p29, p30, p31, p32, p33, p34, p35]
+1100: i113 = getfield_gc_i(p112, descr=<FieldS rpyeffect.stored_environment.Stack__arb_arb.inst_target 16 pure>)
+1108: guard_value(i113, 209, descr=<Guard0x1301ae7e0>) [p0, i1, i2, i3, i4, i5, i6, i7, i8, i9, i10, i11, i12, i13, i14, i15, i16, p17, p18, p19, p20, p21, p22, p23, p24, p25, p26, p27, p28, p29, p30, p31, p32, p33, p34, p35]
debug_merge_point(0, 0, '220<main.rpyeffect:210([k@[switch case for 0#562]#572])>+0: {"op": "Swap". "type": "num". "a": 1. "b". 0}')
+1120: p115 = new_with_vtable(descr=<SizeDescr 48>)
+1228: p116 = new_with_vtable(descr=<SizeDescr 40>)
+1244: setfield_gc(p116, p102, descr=<FieldP rpyeffect.stack.MetaStackLike.inst_stack 8 pure>)
+1248: setfield_gc(p116, p104, descr=<FieldP rpyeffect.stack.MetaStack.inst_label 16 pure>)
+1256: setfield_gc(p116, ConstPtr(null), descr=<FieldP rpyeffect.stack.MetaStack.inst_region 24 pure>)
+1264: p118 = new_with_vtable(descr=<SizeDescr 40>)
+1276: p119 = new_with_vtable(descr=<SizeDescr 48>)
+1292: setfield_gc(p119, p91, descr=<FieldP rpyeffect.stored_environment.Stack__arb_arb.inst_tail 8 pure>)
+1296: setfield_gc(p119, 293, descr=<FieldS rpyeffect.stored_environment.Stack__arb_arb.inst_target 16 pure>)
+1304: setfield_gc(p119, 0, descr=<FieldS rpyeffect.stored_environment.Stack__1_0.inst_values_num_0 40 pure>)
+1312: setfield_gc(p118, p119, descr=<FieldP rpyeffect.stack.MetaStackLike.inst_stack 8 pure>)
+1316: setfield_gc(p118, p86, descr=<FieldP rpyeffect.stack.MetaStack.inst_label 16 pure>)
+1320: setfield_gc(p118, ConstPtr(null), descr=<FieldP rpyeffect.stack.MetaStack.inst_region 24 pure>)
+1328: setfield_gc(p118, p87, descr=<FieldP rpyeffect.stack.MetaStack.inst_tail 32 pure>)
+1332: setfield_gc(p116, p118, descr=<FieldP rpyeffect.stack.MetaStack.inst_tail 32 pure>)
+1336: p123 = new_with_vtable(descr=<SizeDescr 48>)
+1348: p124 = new_with_vtable(descr=<SizeDescr 40>)
+1360: setfield_gc(p124, p47, descr=<FieldP rpyeffect.stored_environment.Stack__arb_arb.inst_tail 8 pure>)
+1364: setfield_gc(p124, 234, descr=<FieldS rpyeffect.stored_environment.Stack__arb_arb.inst_target 16 pure>)
+1372: setfield_gc(p115, p98, descr=<FieldP rpyeffect.stack.MetaStackLike.inst_stack 8 pure>)
+1376: setfield_gc(p115, p105, descr=<FieldP rpyeffect.stack.MetaStack.inst_label 16 pure>)
+1380: setfield_gc(p115, ConstPtr(null), descr=<FieldP rpyeffect.stack.MetaStack.inst_region 24 pure>)
+1388: p127 = new_with_vtable(descr=<SizeDescr 48>)
+1400: setfield_gc(p127, p83, descr=<FieldP rpyeffect.stack.MetaStackLike.inst_stack 8 pure>)
+1404: setfield_gc(p127, p59, descr=<FieldP rpyeffect.stack.MetaStack.inst_label 16 pure>)
+1408: setfield_gc(p127, ConstPtr(null), descr=<FieldP rpyeffect.stack.MetaStack.inst_region 24 pure>)
+1416: p129 = new_with_vtable(descr=<SizeDescr 40>)
+1428: setfield_gc(p129, p80, descr=<FieldP rpyeffect.stack.MetaStackLike.inst_stack 8 pure>)
+1432: setfield_gc(p129, p76, descr=<FieldP rpyeffect.stack.MetaStack.inst_label 16 pure>)
+1436: setfield_gc(p129, ConstPtr(null), descr=<FieldP rpyeffect.stack.MetaStack.inst_region 24 pure>)
+1444: setfield_gc(p129, ConstPtr(null), descr=<FieldP rpyeffect.stack.MetaStack.inst_tail 32 pure>)
+1452: setfield_gc(p127, p129, descr=<FieldP rpyeffect.stack.MetaStack.inst_tail 32 pure>)
+1456: setfield_gc(p127, p65, descr=<FieldP rpyeffect.stack.MetaStackWithBinding.inst_binding 40 pure>)
+1460: setfield_gc(p115, p116, descr=<FieldP rpyeffect.stack.MetaStack.inst_tail 32 pure>)
+1464: setfield_gc(p115, p106, descr=<FieldP rpyeffect.stack.MetaStackWithBinding.inst_binding 40 pure>)
+1472: setfield_gc(p123, p32, descr=<FieldP rpyeffect.stack.MetaStack.inst_label 16 pure>)
+1480: setfield_gc(p123, p35, descr=<FieldP rpyeffect.stack.MetaStackWithBinding.inst_binding 40 pure>)
+1488: setfield_gc(p123, ConstPtr(null), descr=<FieldP rpyeffect.stack.MetaStack.inst_region 24 pure>)
+1496: setfield_gc(p123, p127, descr=<FieldP rpyeffect.stack.MetaStack.inst_tail 32 pure>)
+1500: setfield_gc(p123, p124, descr=<FieldP rpyeffect.stack.MetaStackLike.inst_stack 8 pure>)
+1536: jump(p107, p112, p0, p115, p108, 0, i111, i45, i1, i46, i6, i7, i8, i9, i10, i11, i12, i13, i14, i15, i16, p90, p123, p18, p19, p20, p21, p22, p23, p24, p25, p26, p27, p28, p29, p30, p31, descr=TargetToken(4834671680))
+1888: --end of the loop--
[11a6fb6] jit-log-opt-bridge}
[12f3541] {jit-log-opt-loop
# Loop 6 (293<main.rpyeffect:283([k@[k@[#823]#827]#831])>+1: {"op": "Copy", "type": "num", "from": 1, "to", 0}) : loop with 110 ops
[p0, p1, p2, p3, p4]
+216: p5 = getfield_gc_r(p2, descr=<FieldP rpyeffect.environment.Environment.inst_values_num 16>)
+224: i7 = getarrayitem_gc_i(p5, 0, descr=<ArrayS 8>)
+228: i9 = getarrayitem_gc_i(p5, 1, descr=<ArrayS 8>)
+232: i11 = getarrayitem_gc_i(p5, 2, descr=<ArrayS 8>)
+236: i13 = getarrayitem_gc_i(p5, 3, descr=<ArrayS 8>)
+240: i15 = getarrayitem_gc_i(p5, 4, descr=<ArrayS 8>)
+244: i17 = getarrayitem_gc_i(p5, 5, descr=<ArrayS 8>)
+248: i19 = getarrayitem_gc_i(p5, 6, descr=<ArrayS 8>)
+252: i21 = getarrayitem_gc_i(p5, 7, descr=<ArrayS 8>)
+256: i23 = getarrayitem_gc_i(p5, 8, descr=<ArrayS 8>)
+260: i25 = getarrayitem_gc_i(p5, 9, descr=<ArrayS 8>)
+264: i27 = getarrayitem_gc_i(p5, 10, descr=<ArrayS 8>)
+268: i29 = getarrayitem_gc_i(p5, 11, descr=<ArrayS 8>)
+272: i31 = getarrayitem_gc_i(p5, 12, descr=<ArrayS 8>)
+276: i33 = getarrayitem_gc_i(p5, 13, descr=<ArrayS 8>)
+280: i35 = getarrayitem_gc_i(p5, 14, descr=<ArrayS 8>)
+288: i37 = getarrayitem_gc_i(p5, 15, descr=<ArrayS 8>)
+292: p38 = getfield_gc_r(p2, descr=<FieldP rpyeffect.environment.Environment.inst_values_ptr 24>)
+296: p40 = getarrayitem_gc_r(p38, 0, descr=<ArrayP 8>)
+304: p42 = getarrayitem_gc_r(p38, 1, descr=<ArrayP 8>)
+312: p44 = getarrayitem_gc_r(p38, 2, descr=<ArrayP 8>)
+320: p46 = getarrayitem_gc_r(p38, 3, descr=<ArrayP 8>)
+328: p48 = getarrayitem_gc_r(p38, 4, descr=<ArrayP 8>)
+336: p50 = getarrayitem_gc_r(p38, 5, descr=<ArrayP 8>)
+344: p52 = getarrayitem_gc_r(p38, 6, descr=<ArrayP 8>)
+352: p54 = getarrayitem_gc_r(p38, 7, descr=<ArrayP 8>)
+360: p56 = getarrayitem_gc_r(p38, 8, descr=<ArrayP 8>)
+368: p58 = getarrayitem_gc_r(p38, 9, descr=<ArrayP 8>)
+376: p60 = getarrayitem_gc_r(p38, 10, descr=<ArrayP 8>)
+384: p62 = getarrayitem_gc_r(p38, 11, descr=<ArrayP 8>)
+392: p64 = getarrayitem_gc_r(p38, 12, descr=<ArrayP 8>)
+400: p66 = getarrayitem_gc_r(p38, 13, descr=<ArrayP 8>)
+408: p68 = getarrayitem_gc_r(p38, 14, descr=<ArrayP 8>)
+416: p70 = getarrayitem_gc_r(p38, 15, descr=<ArrayP 8>)
+420: label(p0, p1, p2, p3, p4, i7, i9, i11, i13, i15, i17, i19, i21, i23, i25, i27, i29, i31, i33, i35, i37, p40, p42, p44, p46, p48, p50, p52, p54, p56, p58, p60, p62, p64, p66, p68, p70, descr=TargetToken(5102032944))
debug_merge_point(0, 0, '293<main.rpyeffect:283([k@[k@[#823]#827]#831])>+1: {"op": "Copy". "type": "num". "from": 1. "to". 0}')
+480: guard_not_invalidated(descr=<Guard0x1301b70a0>) [p2, i7, i9, i11, i13, i15, i17, i19, i21, i23, i25, i27, i29, i31, i33, i35, i37, p40, p42, p44, p46, p48, p50, p52, p54, p56, p58, p60, p62, p64, p66, p68, p70, p0, p1, p3, p4]
debug_merge_point(0, 0, '293<main.rpyeffect:283([k@[k@[#823]#827]#831])>+2: {"op": "Jump". "target": 145}')
+484: guard_nonnull(p1, descr=<Guard0x1301aeda0>) [p2, i7, i9, i11, i13, i15, i17, i19, i21, i23, i25, i27, i29, i31, i33, i35, i37, p40, p42, p44, p46, p48, p50, p52, p54, p56, p58, p60, p62, p64, p66, p68, p70, p0, p1, p3, p4]
+496: i71 = getfield_gc_i(p1, descr=<FieldS rpyeffect.stored_environment.Stack__arb_arb.inst_target 16 pure>)
+504: guard_value(i71, 292, descr=<Guard0x1301aede0>) [p2, i7, i9, i11, i13, i15, i17, i19, i21, i23, i25, i27, i29, i31, i33, i35, i37, p40, p42, p44, p46, p48, p50, p52, p54, p56, p58, p60, p62, p64, p66, p68, p70, p0, p1, p3, p4]
debug_merge_point(0, 0, '145<main.rpyeffect:135(Name(+_27))>+0: {"op": "New". "out": 0. "targets": [138. 140. 142. 144]. "args": {"num": [0]. "ptr": []}}')
debug_merge_point(0, 0, '145<main.rpyeffect:135(Name(+_27))>+1: {"op": "Return". "args": {"num": []. "ptr": [0]}}')
+516: i73 = getfield_gc_i(p1, descr=<FieldS rpyeffect.stored_environment.Stack__1_0.inst_values_num_0 40 pure>)
+520: p74 = getfield_gc_r(p1, descr=<FieldP rpyeffect.stored_environment.Stack__arb_arb.inst_tail 8 pure>)
debug_merge_point(0, 0, '292<main.rpyeffect:282([k@[k@[k@[#823]#827]#831]#833])>+0: {"op": "Push". "target": 291. "args": {"num": []. "ptr": []}}')
debug_merge_point(0, 0, '292<main.rpyeffect:282([k@[k@[k@[#823]#827]#831]#833])>+1: {"op": "Invoke". "receiver": 0. "tag": Interned(%apply(n):n). "args" : {"num": [0]. "ptr": []}}')
debug_merge_point(0, 0, '138<main.rpyeffect:128([method_%apply(n):n@Name(+_27)#347])>+0: {"op": "Jump". "target": 136}')
debug_merge_point(0, 0, '136<main.rpyeffect:126([mcore:[#26]#343])>+0: {"op": "PrimOp". "name": "infixAdd(Int. Int): Int". "out": {"num": [0]. "ptr": []}. "in": {"num": [1. 0]. "ptr": []}}')
+524: i75 = int_add(i9, i73)
debug_merge_point(0, 0, '136<main.rpyeffect:126([mcore:[#26]#343])>+1: {"op": "Return". "args": {"num": [0]. "ptr": []}}')
debug_merge_point(0, 0, '291<main.rpyeffect:281([k@[k@[k@[k@[#823]#827]#831]#833]#835])>+0: {"op": "Push". "target": 290. "args": {"num": []. "ptr": []}}')
debug_merge_point(0, 0, '291<main.rpyeffect:281([k@[k@[k@[k@[#823]#827]#831]#833]#835])>+1: {"op": "Jump". "target": 165}')
debug_merge_point(0, 0, '165<main.rpyeffect:155(Name(mod_29))>+0: {"op": "New". "out": 0. "targets": [158. 160. 162. 164]. "args": {"num": [0]. "ptr": []}}')
debug_merge_point(0, 0, '165<main.rpyeffect:155(Name(mod_29))>+1: {"op": "Return". "args": {"num": []. "ptr": [0]}}')
debug_merge_point(0, 0, '290<main.rpyeffect:280([#837])>+0: {"op": "Const". "type": "num". "out": 0. "value": 1000000007}')
debug_merge_point(0, 0, '290<main.rpyeffect:280([#837])>+1: {"op": "Invoke". "receiver": 0. "tag": Interned(%apply(n):n). "args" : {"num": [0]. "ptr": []}}')
+528: guard_nonnull(p74, descr=<Guard0x1301aee20>) [p2, i7, i9, i11, i13, i15, i17, i19, i21, i23, i25, i27, i29, i31, i33, i35, i37, p40, p42, p44, p46, p48, p50, p52, p54, p56, p58, p60, p62, p64, p66, p68, p70, p0, p1, p3, p4]
+536: i76 = getfield_gc_i(p74, descr=<FieldS rpyeffect.stored_environment.Stack__arb_arb.inst_target 16 pure>)
+540: guard_value(i76, 293, descr=<Guard0x1301aee60>) [p2, i7, i9, i11, i13, i15, i17, i19, i21, i23, i25, i27, i29, i31, i33, i35, i37, p40, p42, p44, p46, p48, p50, p52, p54, p56, p58, p60, p62, p64, p66, p68, p70, p0, p1, p3, p4]
debug_merge_point(0, 0, '158<main.rpyeffect:148([method_%apply(n):n@Name(mod_29)#407])>+0: {"op": "Jump". "target": 156}')
debug_merge_point(0, 0, '156<main.rpyeffect:146([mcore:[#28]#403])>+0: {"op": "PrimOp". "name": "mod(Int. Int): Int". "out": {"num": [0]. "ptr": []}. "in": {"num": [1. 0]. "ptr": []}}')
+552: i79 = int_rshift(i75, 63)
+560: i80 = int_xor(i75, i79)
+564: i82 = uint_mul_high(i80, -8543223828751151131)
+584: i84 = uint_rshift(i82, 29)
+592: i85 = int_xor(i84, i79)
+596: i87 = int_mul(i85, 1000000007)
+608: i88 = int_sub(i75, i87)
debug_merge_point(0, 0, '156<main.rpyeffect:146([mcore:[#28]#403])>+1: {"op": "Return". "args": {"num": [0]. "ptr": []}}')
+612: i89 = getfield_gc_i(p74, descr=<FieldS rpyeffect.stored_environment.Stack__1_0.inst_values_num_0 40 pure>)
+616: p90 = getfield_gc_r(p74, descr=<FieldP rpyeffect.stored_environment.Stack__arb_arb.inst_tail 8 pure>)
debug_merge_point(0, 0, '293<main.rpyeffect:283([k@[k@[#823]#827]#831])>+0: {"op": "Push". "target": 292. "args": {"num": [0]. "ptr": []}}')
debug_merge_point(0, 0, '293<main.rpyeffect:283([k@[k@[#823]#827]#831])>+1: {"op": "Copy". "type": "num". "from": 1. "to". 0}')
+620: label(p0, p90, i88, p2, p3, p4, i89, i11, i13, i15, i17, i19, i21, i23, i25, i27, i29, i31, i33, i35, i37, i75, p42, p44, p46, p48, p50, p52, p54, p56, p58, p60, p62, p64, p66, p68, p70, descr=TargetToken(5102033024))
debug_merge_point(0, 0, '293<main.rpyeffect:283([k@[k@[#823]#827]#831])>+1: {"op": "Copy". "type": "num". "from": 1. "to". 0}')
+624: guard_not_invalidated(descr=<Guard0x1301b7410>) [p2, i88, i89, i11, i13, i15, i17, i19, i21, i23, i25, i27, i29, i31, i33, i35, i37, p42, p44, p46, p48, p50, p52, p54, p56, p58, p60, p62, p64, p66, p68, p70, p0, p3, p4, p90, i75]
debug_merge_point(0, 0, '293<main.rpyeffect:283([k@[k@[#823]#827]#831])>+2: {"op": "Jump". "target": 145}')
debug_merge_point(0, 0, '145<main.rpyeffect:135(Name(+_27))>+0: {"op": "New". "out": 0. "targets": [138. 140. 142. 144]. "args": {"num": [0]. "ptr": []}}')
debug_merge_point(0, 0, '145<main.rpyeffect:135(Name(+_27))>+1: {"op": "Return". "args": {"num": []. "ptr": [0]}}')
debug_merge_point(0, 0, '292<main.rpyeffect:282([k@[k@[k@[#823]#827]#831]#833])>+0: {"op": "Push". "target": 291. "args": {"num": []. "ptr": []}}')
debug_merge_point(0, 0, '292<main.rpyeffect:282([k@[k@[k@[#823]#827]#831]#833])>+1: {"op": "Invoke". "receiver": 0. "tag": Interned(%apply(n):n). "args" : {"num": [0]. "ptr": []}}')
debug_merge_point(0, 0, '138<main.rpyeffect:128([method_%apply(n):n@Name(+_27)#347])>+0: {"op": "Jump". "target": 136}')
debug_merge_point(0, 0, '136<main.rpyeffect:126([mcore:[#26]#343])>+0: {"op": "PrimOp". "name": "infixAdd(Int. Int): Int". "out": {"num": [0]. "ptr": []}. "in": {"num": [1. 0]. "ptr": []}}')
+628: i91 = int_add(i89, i88)
debug_merge_point(0, 0, '136<main.rpyeffect:126([mcore:[#26]#343])>+1: {"op": "Return". "args": {"num": [0]. "ptr": []}}')
debug_merge_point(0, 0, '291<main.rpyeffect:281([k@[k@[k@[k@[#823]#827]#831]#833]#835])>+0: {"op": "Push". "target": 290. "args": {"num": []. "ptr": []}}')
debug_merge_point(0, 0, '291<main.rpyeffect:281([k@[k@[k@[k@[#823]#827]#831]#833]#835])>+1: {"op": "Jump". "target": 165}')
debug_merge_point(0, 0, '165<main.rpyeffect:155(Name(mod_29))>+0: {"op": "New". "out": 0. "targets": [158. 160. 162. 164]. "args": {"num": [0]. "ptr": []}}')
debug_merge_point(0, 0, '165<main.rpyeffect:155(Name(mod_29))>+1: {"op": "Return". "args": {"num": []. "ptr": [0]}}')
debug_merge_point(0, 0, '290<main.rpyeffect:280([#837])>+0: {"op": "Const". "type": "num". "out": 0. "value": 1000000007}')
debug_merge_point(0, 0, '290<main.rpyeffect:280([#837])>+1: {"op": "Invoke". "receiver": 0. "tag": Interned(%apply(n):n). "args" : {"num": [0]. "ptr": []}}')
+632: guard_nonnull(p90, descr=<Guard0x1301aeea0>) [p2, i88, i89, i11, i13, i15, i17, i19, i21, i23, i25, i27, i29, i31, i33, i35, i37, p42, p44, p46, p48, p50, p52, p54, p56, p58, p60, p62, p64, p66, p68, p70, p0, p3, p4, p90, i75]
+640: i92 = getfield_gc_i(p90, descr=<FieldS rpyeffect.stored_environment.Stack__arb_arb.inst_target 16 pure>)
+644: guard_value(i92, 293, descr=<Guard0x1301aeee0>) [p2, i88, i89, i11, i13, i15, i17, i19, i21, i23, i25, i27, i29, i31, i33, i35, i37, p42, p44, p46, p48, p50, p52, p54, p56, p58, p60, p62, p64, p66, p68, p70, p0, p3, p4, p90, i75]
debug_merge_point(0, 0, '158<main.rpyeffect:148([method_%apply(n):n@Name(mod_29)#407])>+0: {"op": "Jump". "target": 156}')
debug_merge_point(0, 0, '156<main.rpyeffect:146([mcore:[#28]#403])>+0: {"op": "PrimOp". "name": "mod(Int. Int): Int". "out": {"num": [0]. "ptr": []}. "in": {"num": [1. 0]. "ptr": []}}')
+656: i95 = int_rshift(i91, 63)
+664: i96 = int_xor(i91, i95)
+668: i98 = uint_mul_high(i96, -8543223828751151131)
+688: i100 = uint_rshift(i98, 29)
+696: i101 = int_xor(i100, i95)
+700: i103 = int_mul(i101, 1000000007)
+712: i104 = int_sub(i91, i103)
debug_merge_point(0, 0, '156<main.rpyeffect:146([mcore:[#28]#403])>+1: {"op": "Return". "args": {"num": [0]. "ptr": []}}')
+716: i105 = getfield_gc_i(p90, descr=<FieldS rpyeffect.stored_environment.Stack__1_0.inst_values_num_0 40 pure>)
+720: p106 = getfield_gc_r(p90, descr=<FieldP rpyeffect.stored_environment.Stack__arb_arb.inst_tail 8 pure>)
debug_merge_point(0, 0, '293<main.rpyeffect:283([k@[k@[#823]#827]#831])>+0: {"op": "Push". "target": 292. "args": {"num": [0]. "ptr": []}}')
debug_merge_point(0, 0, '293<main.rpyeffect:283([k@[k@[#823]#827]#831])>+1: {"op": "Copy". "type": "num". "from": 1. "to". 0}')
+724: jump(p0, p106, i104, p2, p3, p4, i105, i11, i13, i15, i17, i19, i21, i23, i25, i27, i29, i31, i33, i35, i37, i91, p42, p44, p46, p48, p50, p52, p54, p56, p58, p60, p62, p64, p66, p68, p70, descr=TargetToken(5102033024))
+740: --end of the loop--
[1317aa3] jit-log-opt-loop}
[17edea6] {jit-log-opt-loop
# Loop 7 (145<main.rpyeffect:135(Name(+_27))>+0: {"op": "New", "out": 0, "targets": [138, 140, 142, 144], "args": {"num": [0], "ptr": []}}) : entry bridge with 129 ops
[p0, p1, p2, p3, p4]
+312: p5 = getfield_gc_r(p2, descr=<FieldP rpyeffect.environment.Environment.inst_values_num 16>)
+320: i7 = getarrayitem_gc_i(p5, 0, descr=<ArrayS 8>)
+324: i9 = getarrayitem_gc_i(p5, 1, descr=<ArrayS 8>)
+328: i11 = getarrayitem_gc_i(p5, 2, descr=<ArrayS 8>)
+332: i13 = getarrayitem_gc_i(p5, 3, descr=<ArrayS 8>)
+336: i15 = getarrayitem_gc_i(p5, 4, descr=<ArrayS 8>)
+340: i17 = getarrayitem_gc_i(p5, 5, descr=<ArrayS 8>)
+344: i19 = getarrayitem_gc_i(p5, 6, descr=<ArrayS 8>)
+348: i21 = getarrayitem_gc_i(p5, 7, descr=<ArrayS 8>)
+352: i23 = getarrayitem_gc_i(p5, 8, descr=<ArrayS 8>)
+356: i25 = getarrayitem_gc_i(p5, 9, descr=<ArrayS 8>)
+360: i27 = getarrayitem_gc_i(p5, 10, descr=<ArrayS 8>)
+364: i29 = getarrayitem_gc_i(p5, 11, descr=<ArrayS 8>)
+368: i31 = getarrayitem_gc_i(p5, 12, descr=<ArrayS 8>)
+372: i33 = getarrayitem_gc_i(p5, 13, descr=<ArrayS 8>)
+376: i35 = getarrayitem_gc_i(p5, 14, descr=<ArrayS 8>)
+384: i37 = getarrayitem_gc_i(p5, 15, descr=<ArrayS 8>)
+388: p38 = getfield_gc_r(p2, descr=<FieldP rpyeffect.environment.Environment.inst_values_ptr 24>)
+392: p40 = getarrayitem_gc_r(p38, 0, descr=<ArrayP 8>)
+400: p42 = getarrayitem_gc_r(p38, 1, descr=<ArrayP 8>)
+408: p44 = getarrayitem_gc_r(p38, 2, descr=<ArrayP 8>)
+416: p46 = getarrayitem_gc_r(p38, 3, descr=<ArrayP 8>)
+424: p48 = getarrayitem_gc_r(p38, 4, descr=<ArrayP 8>)
+432: p50 = getarrayitem_gc_r(p38, 5, descr=<ArrayP 8>)
+440: p52 = getarrayitem_gc_r(p38, 6, descr=<ArrayP 8>)
+448: p54 = getarrayitem_gc_r(p38, 7, descr=<ArrayP 8>)
+456: p56 = getarrayitem_gc_r(p38, 8, descr=<ArrayP 8>)
+464: p58 = getarrayitem_gc_r(p38, 9, descr=<ArrayP 8>)
+472: p60 = getarrayitem_gc_r(p38, 10, descr=<ArrayP 8>)
+480: p62 = getarrayitem_gc_r(p38, 11, descr=<ArrayP 8>)
+488: p64 = getarrayitem_gc_r(p38, 12, descr=<ArrayP 8>)
+496: p66 = getarrayitem_gc_r(p38, 13, descr=<ArrayP 8>)
+504: p68 = getarrayitem_gc_r(p38, 14, descr=<ArrayP 8>)
+512: p70 = getarrayitem_gc_r(p38, 15, descr=<ArrayP 8>)
debug_merge_point(0, 0, '145<main.rpyeffect:135(Name(+_27))>+0: {"op": "New". "out": 0. "targets": [138. 140. 142. 144]. "args": {"num": [0]. "ptr": []}}')
+516: guard_not_invalidated(descr=<Guard0x1301fca18>) [p2, i7, i9, i11, i13, i15, i17, i19, i21, i23, i25, i27, i29, i31, i33, i35, i37, p40, p42, p44, p46, p48, p50, p52, p54, p56, p58, p60, p62, p64, p66, p68, p70, p0, p1, p3, p4]
debug_merge_point(0, 0, '145<main.rpyeffect:135(Name(+_27))>+1: {"op": "Return". "args": {"num": []. "ptr": [0]}}')
+520: guard_nonnull(p1, descr=<Guard0x1301afda0>) [p2, i7, i9, i11, i13, i15, i17, i19, i21, i23, i25, i27, i29, i31, i33, i35, i37, p40, p42, p44, p46, p48, p50, p52, p54, p56, p58, p60, p62, p64, p66, p68, p70, p0, p1, p3, p4]
+532: i71 = getfield_gc_i(p1, descr=<FieldS rpyeffect.stored_environment.Stack__arb_arb.inst_target 16 pure>)
+548: guard_value(i71, 292, descr=<Guard0x1301afd60>) [p2, i7, i9, i11, i13, i15, i17, i19, i21, i23, i25, i27, i29, i31, i33, i35, i37, p40, p42, p44, p46, p48, p50, p52, p54, p56, p58, p60, p62, p64, p66, p68, p70, p0, p1, p3, p4]
+560: i73 = getfield_gc_i(p1, descr=<FieldS rpyeffect.stored_environment.Stack__1_0.inst_values_num_0 40 pure>)
+564: p74 = getfield_gc_r(p1, descr=<FieldP rpyeffect.stored_environment.Stack__arb_arb.inst_tail 8 pure>)
debug_merge_point(0, 0, '292<main.rpyeffect:282([k@[k@[k@[#823]#827]#831]#833])>+0: {"op": "Push". "target": 291. "args": {"num": []. "ptr": []}}')
debug_merge_point(0, 0, '292<main.rpyeffect:282([k@[k@[k@[#823]#827]#831]#833])>+1: {"op": "Invoke". "receiver": 0. "tag": Interned(%apply(n):n). "args" : {"num": [0]. "ptr": []}}')
debug_merge_point(0, 0, '138<main.rpyeffect:128([method_%apply(n):n@Name(+_27)#347])>+0: {"op": "Jump". "target": 136}')
debug_merge_point(0, 0, '136<main.rpyeffect:126([mcore:[#26]#343])>+0: {"op": "PrimOp". "name": "infixAdd(Int. Int): Int". "out": {"num": [0]. "ptr": []}. "in": {"num": [1. 0]. "ptr": []}}')
+572: i75 = int_add(i7, i73)
debug_merge_point(0, 0, '136<main.rpyeffect:126([mcore:[#26]#343])>+1: {"op": "Return". "args": {"num": [0]. "ptr": []}}')
debug_merge_point(0, 0, '291<main.rpyeffect:281([k@[k@[k@[k@[#823]#827]#831]#833]#835])>+0: {"op": "Push". "target": 290. "args": {"num": []. "ptr": []}}')
debug_merge_point(0, 0, '291<main.rpyeffect:281([k@[k@[k@[k@[#823]#827]#831]#833]#835])>+1: {"op": "Jump". "target": 165}')
debug_merge_point(0, 0, '165<main.rpyeffect:155(Name(mod_29))>+0: {"op": "New". "out": 0. "targets": [158. 160. 162. 164]. "args": {"num": [0]. "ptr": []}}')
debug_merge_point(0, 0, '165<main.rpyeffect:155(Name(mod_29))>+1: {"op": "Return". "args": {"num": []. "ptr": [0]}}')
debug_merge_point(0, 0, '290<main.rpyeffect:280([#837])>+0: {"op": "Const". "type": "num". "out": 0. "value": 1000000007}')
debug_merge_point(0, 0, '290<main.rpyeffect:280([#837])>+1: {"op": "Invoke". "receiver": 0. "tag": Interned(%apply(n):n). "args" : {"num": [0]. "ptr": []}}')
+576: guard_nonnull(p74, descr=<Guard0x1301afd20>) [p2, i7, i9, i11, i13, i15, i17, i19, i21, i23, i25, i27, i29, i31, i33, i35, i37, p40, p42, p44, p46, p48, p50, p52, p54, p56, p58, p60, p62, p64, p66, p68, p70, p0, p1, p3, p4]
+584: i76 = getfield_gc_i(p74, descr=<FieldS rpyeffect.stored_environment.Stack__arb_arb.inst_target 16 pure>)
+592: guard_value(i76, 294, descr=<Guard0x1301afce0>) [p2, i7, i9, i11, i13, i15, i17, i19, i21, i23, i25, i27, i29, i31, i33, i35, i37, p40, p42, p44, p46, p48, p50, p52, p54, p56, p58, p60, p62, p64, p66, p68, p70, p0, p1, p3, p4]
debug_merge_point(0, 0, '158<main.rpyeffect:148([method_%apply(n):n@Name(mod_29)#407])>+0: {"op": "Jump". "target": 156}')
debug_merge_point(0, 0, '156<main.rpyeffect:146([mcore:[#28]#403])>+0: {"op": "PrimOp". "name": "mod(Int. Int): Int". "out": {"num": [0]. "ptr": []}. "in": {"num": [1. 0]. "ptr": []}}')
+604: i79 = int_rshift(i75, 63)
+616: i80 = int_xor(i75, i79)
+620: i82 = uint_mul_high(i80, -8543223828751151131)
+644: i84 = uint_rshift(i82, 29)
+652: i85 = int_xor(i84, i79)
+656: i87 = int_mul(i85, 1000000007)
+668: i88 = int_sub(i75, i87)
debug_merge_point(0, 0, '156<main.rpyeffect:146([mcore:[#28]#403])>+1: {"op": "Return". "args": {"num": [0]. "ptr": []}}')
+672: p89 = getfield_gc_r(p74, descr=<FieldP rpyeffect.stored_environment.Stack__0_1.inst_values_ptr_0 40 pure>)
+676: p90 = getfield_gc_r(p74, descr=<FieldP rpyeffect.stored_environment.Stack__arb_arb.inst_tail 8 pure>)
debug_merge_point(0, 0, '294<main.rpyeffect:284([k@[#823]#827])>+0: {"op": "Const". "type": "num". "out": 1. "value": 0}')
debug_merge_point(0, 0, '294<main.rpyeffect:284([k@[#823]#827])>+1: {"op": "Push". "target": 293. "args": {"num": [0]. "ptr": []}}')
debug_merge_point(0, 0, '294<main.rpyeffect:284([k@[#823]#827])>+2: {"op": "Copy". "type": "num". "from": 1. "to". 0}')
debug_merge_point(0, 0, '294<main.rpyeffect:284([k@[#823]#827])>+3: {"op": "Jump". "target": 277}')
debug_merge_point(0, 0, '277<main.rpyeffect:267(Name(k_145))>+0: {"op": "PushStack". "arg": 0}')
+680: guard_isnull(p4, descr=<Guard0x1301afca0>) [p2, i7, i9, i11, i13, i15, i17, i19, i21, i23, i25, i27, i29, i31, i33, i35, i37, p40, p42, p44, p46, p48, p50, p52, p54, p56, p58, p60, p62, p64, p66, p68, p70, p0, p1, p3, p4]
+692: guard_nonnull_class(p89, ConstClass(MetaStackWithBinding), descr=<Guard0x1301fcb20>) [p2, i7, i9, i11, i13, i15, i17, i19, i21, i23, i25, i27, i29, i31, i33, i35, i37, p40, p42, p44, p46, p48, p50, p52, p54, p56, p58, p60, p62, p64, p66, p68, p70, p0, p1, p3, p4]
+716: p92 = getfield_gc_r(p89, descr=<FieldP rpyeffect.stack.MetaStack.inst_region 24 pure>)
+720: guard_isnull(p92, descr=<Guard0x1301afc60>) [p2, i7, i9, i11, i13, i15, i17, i19, i21, i23, i25, i27, i29, i31, i33, i35, i37, p40, p42, p44, p46, p48, p50, p52, p54, p56, p58, p60, p62, p64, p66, p68, p70, p0, p1, p3, p4]
+728: p93 = getfield_gc_r(p89, descr=<FieldP rpyeffect.stack.MetaStackLike.inst_stack 8 pure>)
+732: p94 = getfield_gc_r(p89, descr=<FieldP rpyeffect.stack.MetaStack.inst_tail 32 pure>)
+736: guard_nonnull_class(p94, ConstClass(MetaStackWithBinding), descr=<Guard0x1301fcac8>) [p2, i7, i9, i11, i13, i15, i17, i19, i21, i23, i25, i27, i29, i31, i33, i35, i37, p40, p42, p44, p46, p48, p50, p52, p54, p56, p58, p60, p62, p64, p66, p68, p70, p0, p1, p3, p4]
+760: p96 = getfield_gc_r(p94, descr=<FieldP rpyeffect.stack.MetaStack.inst_region 24 pure>)
+768: guard_isnull(p96, descr=<Guard0x1301afc20>) [p2, i7, i9, i11, i13, i15, i17, i19, i21, i23, i25, i27, i29, i31, i33, i35, i37, p40, p42, p44, p46, p48, p50, p52, p54, p56, p58, p60, p62, p64, p66, p68, p70, p0, p1, p3, p4]
+776: p97 = getfield_gc_r(p94, descr=<FieldP rpyeffect.stack.MetaStackLike.inst_stack 8 pure>)
+780: p98 = getfield_gc_r(p94, descr=<FieldP rpyeffect.stack.MetaStack.inst_tail 32 pure>)
+788: guard_nonnull_class(p98, 4301614792, descr=<Guard0x1301fca70>) [p2, i7, i9, i11, i13, i15, i17, i19, i21, i23, i25, i27, i29, i31, i33, i35, i37, p40, p42, p44, p46, p48, p50, p52, p54, p56, p58, p60, p62, p64, p66, p68, p70, p0, p1, p3, p4]
+812: p100 = getfield_gc_r(p98, descr=<FieldP rpyeffect.stack.MetaStack.inst_region 24 pure>)
+820: guard_isnull(p100, descr=<Guard0x1301afbe0>) [p2, i7, i9, i11, i13, i15, i17, i19, i21, i23, i25, i27, i29, i31, i33, i35, i37, p40, p42, p44, p46, p48, p50, p52, p54, p56, p58, p60, p62, p64, p66, p68, p70, p0, p1, p3, p4]
+828: p101 = getfield_gc_r(p98, descr=<FieldP rpyeffect.stack.MetaStackLike.inst_stack 8 pure>)
+832: p102 = getfield_gc_r(p98, descr=<FieldP rpyeffect.stack.MetaStack.inst_tail 32 pure>)
+840: guard_isnull(p102, descr=<Guard0x1301afba0>) [p2, i7, i9, i11, i13, i15, i17, i19, i21, i23, i25, i27, i29, i31, i33, i35, i37, p40, p42, p44, p46, p48, p50, p52, p54, p56, p58, p60, p62, p64, p66, p68, p70, p0, p1, p3, p4]
+848: p103 = getfield_gc_r(p98, descr=<FieldP rpyeffect.stack.MetaStack.inst_label 16 pure>)
+852: p104 = getfield_gc_r(p94, descr=<FieldP rpyeffect.stack.MetaStack.inst_label 16 pure>)
+856: p105 = getfield_gc_r(p94, descr=<FieldP rpyeffect.stack.MetaStackWithBinding.inst_binding 40 pure>)
+860: guard_nonnull(p105, descr=<Guard0x1301afb60>) [p2, i7, i9, i11, i13, i15, i17, i19, i21, i23, i25, i27, i29, i31, i33, i35, i37, p40, p42, p44, p46, p48, p50, p52, p54, p56, p58, p60, p62, p64, p66, p68, p70, p0, p1, p3, p4]
+868: p106 = getfield_gc_r(p89, descr=<FieldP rpyeffect.stack.MetaStack.inst_label 16 pure>)
+876: p107 = getfield_gc_r(p89, descr=<FieldP rpyeffect.stack.MetaStackWithBinding.inst_binding 40 pure>)
+884: guard_nonnull(p107, descr=<Guard0x1301afb20>) [p2, i7, i9, i11, i13, i15, i17, i19, i21, i23, i25, i27, i29, i31, i33, i35, i37, p40, p42, p44, p46, p48, p50, p52, p54, p56, p58, p60, p62, p64, p66, p68, p70, p0, p1, p3, p4]
+892: guard_nonnull(p93, descr=<Guard0x1301afae0>) [p2, i7, i9, i11, i13, i15, i17, i19, i21, i23, i25, i27, i29, i31, i33, i35, i37, p40, p42, p44, p46, p48, p50, p52, p54, p56, p58, p60, p62, p64, p66, p68, p70, p0, p1, p3, p4]
+900: i108 = getfield_gc_i(p93, descr=<FieldS rpyeffect.stored_environment.Stack__arb_arb.inst_target 16 pure>)
+908: guard_value(i108, 220, descr=<Guard0x1301afaa0>) [p2, i7, i9, i11, i13, i15, i17, i19, i21, i23, i25, i27, i29, i31, i33, i35, i37, p40, p42, p44, p46, p48, p50, p52, p54, p56, p58, p60, p62, p64, p66, p68, p70, p0, p1, p3, p4]
debug_merge_point(0, 0, '277<main.rpyeffect:267(Name(k_145))>+1: {"op": "Return". "args": {"num": [0]. "ptr": []}}')
+920: i110 = getfield_gc_i(p93, descr=<FieldS rpyeffect.stored_environment.Stack__1_0.inst_values_num_0 40 pure>)
+924: p111 = getfield_gc_r(p93, descr=<FieldP rpyeffect.stored_environment.Stack__arb_arb.inst_tail 8 pure>)
+928: guard_nonnull(p111, descr=<Guard0x1301afa60>) [p2, i7, i9, i11, i13, i15, i17, i19, i21, i23, i25, i27, i29, i31, i33, i35, i37, p40, p42, p44, p46, p48, p50, p52, p54, p56, p58, p60, p62, p64, p66, p68, p70, p0, p1, p3, p4]
+936: i112 = getfield_gc_i(p111, descr=<FieldS rpyeffect.stored_environment.Stack__arb_arb.inst_target 16 pure>)
+944: guard_value(i112, 209, descr=<Guard0x1301afa20>) [p2, i7, i9, i11, i13, i15, i17, i19, i21, i23, i25, i27, i29, i31, i33, i35, i37, p40, p42, p44, p46, p48, p50, p52, p54, p56, p58, p60, p62, p64, p66, p68, p70, p0, p1, p3, p4]
debug_merge_point(0, 0, '220<main.rpyeffect:210([k@[switch case for 0#562]#572])>+0: {"op": "Swap". "type": "num". "a": 1. "b". 0}')
+956: p114 = new_with_vtable(descr=<SizeDescr 48>)
+1068: p115 = new_with_vtable(descr=<SizeDescr 40>)
+1080: setfield_gc(p115, p101, descr=<FieldP rpyeffect.stack.MetaStackLike.inst_stack 8 pure>)
+1084: setfield_gc(p115, p103, descr=<FieldP rpyeffect.stack.MetaStack.inst_label 16 pure>)
+1088: setfield_gc(p115, ConstPtr(null), descr=<FieldP rpyeffect.stack.MetaStack.inst_region 24 pure>)
+1096: p117 = new_with_vtable(descr=<SizeDescr 40>)
+1108: p118 = new_with_vtable(descr=<SizeDescr 48>)
+1120: setfield_gc(p118, p90, descr=<FieldP rpyeffect.stored_environment.Stack__arb_arb.inst_tail 8 pure>)
+1124: setfield_gc(p118, 293, descr=<FieldS rpyeffect.stored_environment.Stack__arb_arb.inst_target 16 pure>)
+1132: setfield_gc(p118, i88, descr=<FieldS rpyeffect.stored_environment.Stack__1_0.inst_values_num_0 40 pure>)
+1136: setfield_gc(p117, p118, descr=<FieldP rpyeffect.stack.MetaStackLike.inst_stack 8 pure>)
+1140: setfield_gc(p117, p0, descr=<FieldP rpyeffect.stack.MetaStack.inst_label 16 pure>)
+1148: setfield_gc(p117, ConstPtr(null), descr=<FieldP rpyeffect.stack.MetaStack.inst_region 24 pure>)
+1156: setfield_gc(p117, p3, descr=<FieldP rpyeffect.stack.MetaStack.inst_tail 32 pure>)
+1164: setfield_gc(p115, p117, descr=<FieldP rpyeffect.stack.MetaStack.inst_tail 32 pure>)
+1168: setfield_gc(p114, ConstPtr(null), descr=<FieldP rpyeffect.stack.MetaStack.inst_region 24 pure>)
+1176: setfield_gc(p114, p97, descr=<FieldP rpyeffect.stack.MetaStackLike.inst_stack 8 pure>)
+1180: setfield_gc(p114, p115, descr=<FieldP rpyeffect.stack.MetaStack.inst_tail 32 pure>)
+1184: setfield_gc(p114, p104, descr=<FieldP rpyeffect.stack.MetaStack.inst_label 16 pure>)
+1192: setfield_gc(p114, p105, descr=<FieldP rpyeffect.stack.MetaStackWithBinding.inst_binding 40 pure>)
+1212: jump(p106, p111, p2, p114, p107, 0, i110, i11, i13, i15, i17, i19, i21, i23, i25, i27, i29, i31, i33, i35, i37, p89, p42, p44, p46, p48, p50, p52, p54, p56, p58, p60, p62, p64, p66, p68, p70, descr=TargetToken(4834671680))
+1460: --end of the loop--
[180f06f] jit-log-opt-loop}
[212dc10] {jit-log-opt-bridge
# bridge out of Guard 0x120308120 with 137 ops
[p0, i1, i2, i3, i4, i5, i6, i7, i8, i9, i10, i11, i12, i13, i14, i15, i16, p17, p18, p19, p20, p21, p22, p23, p24, p25, p26, p27, p28, p29, p30, p31, p32, p33, p34, p35, p36]
+280: guard_not_invalidated(descr=<Guard0x1301fcb78>) [p0, i1, i2, i3, i4, i5, i6, i7, i8, i9, i10, i11, i12, i13, i14, i15, i16, p17, p18, p19, p20, p21, p22, p23, p24, p25, p26, p27, p28, p29, p30, p31, p32, p33, p34, p35, p36]
debug_merge_point(0, 0, '220<main.rpyeffect:210([k@[switch case for 0#562]#572])>+1: {"op": "Switch". "scrutinee": 1. "values": [1]. "targets": [213]. "default": 219}')
+284: i38 = int_eq(i1, 1)
guard_false(i38, descr=<Guard0x14006e120>) [p0, i1, i2, i3, i4, i5, i6, i7, i8, i9, i10, i11, i12, i13, i14, i15, i16, p17, p18, p19, p20, p21, p22, p23, p24, p25, p26, p27, p28, p29, p30, p31, p32, p33, p34, p35, p36]
+292: guard_nonnull(p34, descr=<Guard0x14006e160>) [p0, i1, i2, i3, i4, i5, i6, i7, i8, i9, i10, i11, i12, i13, i14, i15, i16, p17, p18, p19, p20, p21, p22, p23, p24, p25, p26, p27, p28, p29, p30, p31, p32, p33, p34, p35, p36]
+300: i39 = getfield_gc_i(p34, descr=<FieldS rpyeffect.stored_environment.Stack__arb_arb.inst_target 16 pure>)
+304: guard_value(i39, 209, descr=<Guard0x14006e1a0>) [p0, i1, i2, i3, i4, i5, i6, i7, i8, i9, i10, i11, i12, i13, i14, i15, i16, p17, p18, p19, p20, p21, p22, p23, p24, p25, p26, p27, p28, p29, p30, p31, p32, p33, p34, p35, p36]
debug_merge_point(0, 0, '219<main.rpyeffect:209([switch default case#576])>+0: {"op": "Switch". "scrutinee": 1. "values": [0]. "targets": [217]. "default": 218}')
+316: i42 = int_eq(i1, 0)
guard_true(i42, descr=<Guard0x14006e1e0>) [p0, i1, i2, i3, i4, i5, i6, i7, i8, i9, i10, i11, i12, i13, i14, i15, i16, p17, p18, p19, p20, p21, p22, p23, p24, p25, p26, p27, p28, p29, p30, p31, p32, p33, p34, p35, p36]
debug_merge_point(0, 0, '217<main.rpyeffect:207([switch case for 0#577])>+0: {"op": "Push". "target": 216. "args": {"num": []. "ptr": []}}')
debug_merge_point(0, 0, '217<main.rpyeffect:207([switch case for 0#577])>+1: {"op": "Jump". "target": 188}')
debug_merge_point(0, 0, '188<main.rpyeffect:178(Name(-_34))>+0: {"op": "New". "out": 0. "targets": [181. 183. 185. 187]. "args": {"num": [0]. "ptr": []}}')
debug_merge_point(0, 0, '188<main.rpyeffect:178(Name(-_34))>+1: {"op": "Return". "args": {"num": []. "ptr": [0]}}')
debug_merge_point(0, 0, '216<main.rpyeffect:206([k@[switch case for 0#577]#579])>+0: {"op": "Const". "type": "num". "out": 0. "value": 1}')
debug_merge_point(0, 0, '216<main.rpyeffect:206([k@[switch case for 0#577]#579])>+1: {"op": "Push". "target": 215. "args": {"num": []. "ptr": []}}')
debug_merge_point(0, 0, '216<main.rpyeffect:206([k@[switch case for 0#577]#579])>+2: {"op": "Invoke". "receiver": 0. "tag": Interned(%apply(n):n). "args" : {"num": [0]. "ptr": []}}')
debug_merge_point(0, 0, '181<main.rpyeffect:171([method_%apply(n):n@Name(-_34)#469])>+0: {"op": "Jump". "target": 179}')
debug_merge_point(0, 0, '179<main.rpyeffect:169([mcore:[#30]#465])>+0: {"op": "PrimOp". "name": "infixSub(Int. Int): Int". "out": {"num": [0]. "ptr": []}. "in": {"num": [1. 0]. "ptr": []}}')
+324: i44 = int_sub(i2, 1)
debug_merge_point(0, 0, '179<main.rpyeffect:169([mcore:[#30]#465])>+1: {"op": "Return". "args": {"num": [0]. "ptr": []}}')
debug_merge_point(0, 0, '215<main.rpyeffect:205([k@[k@[switch case for 0#577]#579]#583])>+0: {"op": "Const". "type": "ptr". "out": 0. "format": "string". "value": "Name(Fail_1)"}')
debug_merge_point(0, 0, '215<main.rpyeffect:205([k@[k@[switch case for 0#577]#579]#583])>+1: {"op": "PrimOp". "name": "getGlobal(String): Ptr". "out": {"num": []. "ptr": [0]}. "in": {"num": []. "ptr": [0]}}')
debug_merge_point(0, 0, '215<main.rpyeffect:205([k@[k@[switch case for 0#577]#579]#583])>+2: {"op": "Const". "type": "ptr". "out": 1. "format": "string". "value": "Name(Flip_0)"}')
debug_merge_point(0, 0, '215<main.rpyeffect:205([k@[k@[switch case for 0#577]#579]#583])>+3: {"op": "PrimOp". "name": "getGlobal(String): Ptr". "out": {"num": []. "ptr": [1]}. "in": {"num": []. "ptr": [1]}}')
debug_merge_point(0, 0, '215<main.rpyeffect:205([k@[k@[switch case for 0#577]#579]#583])>+4: {"op": "Push". "target": 214. "args": {"num": []. "ptr": []}}')
debug_merge_point(0, 0, '215<main.rpyeffect:205([k@[k@[switch case for 0#577]#579]#583])>+5: {"op": "Jump". "target": 210}')
debug_merge_point(0, 0, '210<main.rpyeffect:200([mcore:[eta-expanded fn#456]#533])>+0: {"op": "Push". "target": 209. "args": {"num": []. "ptr": []}}')
debug_merge_point(0, 0, '210<main.rpyeffect:200([mcore:[eta-expanded fn#456]#533])>+1: {"op": "Jump". "target": 226}')
debug_merge_point(0, 0, '226<main.rpyeffect:216(Name(choice_48))>+0: {"op": "Push". "target": 225. "args": {"num": [0]. "ptr": []}}')
debug_merge_point(0, 0, '226<main.rpyeffect:216(Name(choice_48))>+1: {"op": "Jump". "target": 69}')
debug_merge_point(0, 0, '69<main.rpyeffect:59(Name(<_5))>+0: {"op": "New". "out": 0. "targets": [62. 64. 66. 68]. "args": {"num": [0]. "ptr": []}}')
debug_merge_point(0, 0, '69<main.rpyeffect:59(Name(<_5))>+1: {"op": "Return". "args": {"num": []. "ptr": [0]}}')
debug_merge_point(0, 0, '225<main.rpyeffect:215([k@Name(choice_48)#543])>+0: {"op": "Const". "type": "num". "out": 1. "value": 1}')
debug_merge_point(0, 0, '225<main.rpyeffect:215([k@Name(choice_48)#543])>+1: {"op": "Push". "target": 224. "args": {"num": [0]. "ptr": []}}')
debug_merge_point(0, 0, '225<main.rpyeffect:215([k@Name(choice_48)#543])>+2: {"op": "Copy". "type": "num". "from": 1. "to". 0}')
debug_merge_point(0, 0, '225<main.rpyeffect:215([k@Name(choice_48)#543])>+3: {"op": "Invoke". "receiver": 0. "tag": Interned(%apply(n):n). "args" : {"num": [0]. "ptr": []}}')
debug_merge_point(0, 0, '62<main.rpyeffect:52([method_%apply(n):n@Name(<_5)#157])>+0: {"op": "Jump". "target": 60}')
debug_merge_point(0, 0, '60<main.rpyeffect:50([mcore:[#20]#153])>+0: {"op": "PrimOp". "name": "infixLt(Int. Int): Boolean". "out": {"num": [0]. "ptr": []}. "in": {"num": [1. 0]. "ptr": []}}')
+328: i46 = int_lt(i44, 1)
guard_true(i46, descr=<Guard0x14006e220>) [p0, i1, i2, i3, i4, i5, i6, i7, i8, i9, i10, i11, i12, i13, i14, i15, i16, p17, p18, p19, p20, p21, p22, p23, p24, p25, p26, p27, p28, p29, p30, p31, p32, p33, p34, p35, p36]
debug_merge_point(0, 0, '60<main.rpyeffect:50([mcore:[#20]#153])>+1: {"op": "Return". "args": {"num": [0]. "ptr": []}}')
debug_merge_point(0, 0, '224<main.rpyeffect:214([k@[k@Name(choice_48)#543]#547])>+0: {"op": "Switch". "scrutinee": 0. "values": [1]. "targets": [212]. "default": 223}')
debug_merge_point(0, 0, '212<main.rpyeffect:202([switch case for 1#548])>+0: {"op": "Const". "type": "num". "out": 0. "value": 0}')
debug_merge_point(0, 0, '212<main.rpyeffect:202([switch case for 1#548])>+1: {"op": "Const". "type": "ptr". "out": 0. "format": "string". "value": "Name(Fail_1)"}')
debug_merge_point(0, 0, '212<main.rpyeffect:202([switch case for 1#548])>+2: {"op": "PrimOp". "name": "getGlobal(String): Ptr". "out": {"num": []. "ptr": [0]}. "in": {"num": []. "ptr": [0]}}')
debug_merge_point(0, 0, '212<main.rpyeffect:202([switch case for 1#548])>+3: {"op": "GetDynamic". "out": 0. "n": 0. "label": 0}')
+336: guard_nonnull(p36, descr=<Guard0x14006e260>) [p0, i1, i2, i3, i4, i5, i6, i7, i8, i9, i10, i11, i12, i13, i14, i15, i16, p17, p18, p19, p20, p21, p22, p23, p24, p25, p26, p27, p28, p29, p30, p31, p32, p33, p34, p35, p36]
+348: i47 = getfield_gc_i(p33, descr=<FieldS rpyeffect.stack.Label.inst_origin 8 pure>)
+356: i49 = int_ne(i47, 334884)
guard_true(i49, descr=<Guard0x14006e2a0>) [p0, i1, i2, i3, i4, i5, i6, i7, i8, i9, i10, i11, i12, i13, i14, i15, i16, p17, p18, p19, p20, p21, p22, p23, p24, p25, p26, p27, p28, p29, p30, p31, p32, p33, p34, p35, p36]
+376: i51 = instance_ptr_eq(p33, ConstPtr(ptr50))
guard_false(i51, descr=<Guard0x14006e2e0>) [p0, i1, i2, i3, i4, i5, i6, i7, i8, i9, i10, i11, i12, i13, i14, i15, i16, p17, p18, p19, p20, p21, p22, p23, p24, p25, p26, p27, p28, p29, p30, p31, p32, p33, p34, p35, p36]
+384: guard_nonnull_class(p35, ConstClass(MetaStackWithBinding), descr=<Guard0x1301fcbd0>) [p0, i1, i2, i3, i4, i5, i6, i7, i8, i9, i10, i11, i12, i13, i14, i15, i16, p17, p18, p19, p20, p21, p22, p23, p24, p25, p26, p27, p28, p29, p30, p31, p32, p33, p34, p35, p36]
+412: p53 = getfield_gc_r(p35, descr=<FieldP rpyeffect.stack.MetaStack.inst_label 16 pure>)
+416: i54 = getfield_gc_i(p53, descr=<FieldS rpyeffect.stack.Label.inst_origin 8 pure>)
+420: i56 = int_ne(i54, 334884)
guard_false(i56, descr=<Guard0x14006e320>) [p0, i1, i2, i3, i4, i5, i6, i7, i8, i9, i10, i11, i12, i13, i14, i15, i16, p17, p18, p19, p20, p21, p22, p23, p24, p25, p26, p27, p28, p29, p30, p31, p32, p33, p34, p35, p36]
+436: i58 = instance_ptr_eq(p53, ConstPtr(ptr57))
guard_true(i58, descr=<Guard0x14006e360>) [p0, i1, i2, i3, i4, i5, i6, i7, i8, i9, i10, i11, i12, i13, i14, i15, i16, p17, p18, p19, p20, p21, p22, p23, p24, p25, p26, p27, p28, p29, p30, p31, p32, p33, p34, p35, p36]
+444: p59 = getfield_gc_r(p35, descr=<FieldP rpyeffect.stack.MetaStackWithBinding.inst_binding 40 pure>)
debug_merge_point(0, 0, '212<main.rpyeffect:202([switch case for 1#548])>+4: {"op": "Construct". "out": 1. "type": Interned({"op": "eff$Tuple". "elements": []}). "tag": Interned({"op": "eff$Tuple". "elements": []}). "args": {"num": []. "ptr": []}}')
debug_merge_point(0, 0, '212<main.rpyeffect:202([switch case for 1#548])>+5: {"op": "Push". "target": 211. "args": {"num": []. "ptr": []}}')
debug_merge_point(0, 0, '212<main.rpyeffect:202([switch case for 1#548])>+6: {"op": "Swap". "type": "ptr". "a": 1. "b". 0}')
debug_merge_point(0, 0, '212<main.rpyeffect:202([switch case for 1#548])>+7: {"op": "Invoke". "receiver": 1. "tag": Interned(%Fail_1(p):p). "args" : {"num": []. "ptr": [0]}}')
+448: p60 = getfield_gc_r(p59, descr=<FieldP rpyeffect.stored_environment.CoData__arb_arb.inst_vtable 24 pure>)
+456: guard_value(p60, ConstPtr(ptr61), descr=<Guard0x14006e3a0>) [p0, i1, i2, i3, i4, i5, i6, i7, i8, i9, i10, i11, i12, i13, i14, i15, i16, p17, p18, p19, p20, p21, p22, p23, p24, p25, p26, p27, p28, p29, p30, p31, p32, p33, p34, p35, p36]
+464: p62 = getfield_gc_r(p59, descr=<FieldP rpyeffect.stored_environment.CoData__0_1.inst_values_ptr_0 32 pure>)
debug_merge_point(0, 0, '282<main.rpyeffect:272([method_%Fail_1(p):p@[mcore:[#56]#774]#779])>+0: {"op": "Const". "type": "num". "out": 0. "value": 0}')
debug_merge_point(0, 0, '282<main.rpyeffect:272([method_%Fail_1(p):p@[mcore:[#56]#774]#779])>+1: {"op": "ShiftDyn". "out": 1. "n": 0. "label": 1}')
+468: i63 = getfield_gc_i(p62, descr=<FieldS rpyeffect.stack.Label.inst_origin 8 pure>)
+472: i64 = int_ne(i47, i63)
guard_true(i64, descr=<Guard0x14006e3e0>) [p0, i1, i2, i3, i4, i5, i6, i7, i8, i9, i10, i11, i12, i13, i14, i15, i16, p17, p18, p19, p20, p21, p22, p23, p24, p25, p26, p27, p28, p29, p30, p31, p32, p33, p34, p35, p36]
+480: p65 = getfield_gc_r(p35, descr=<FieldP rpyeffect.stack.MetaStack.inst_region 24 pure>)
+484: guard_isnull(p65, descr=<Guard0x14006e420>) [p0, i1, i2, i3, i4, i5, i6, i7, i8, i9, i10, i11, i12, i13, i14, i15, i16, p17, p18, p19, p20, p21, p22, p23, p24, p25, p26, p27, p28, p29, p30, p31, p32, p33, p34, p35, p36]
+492: i67 = int_ne(334884, i63)
guard_true(i67, descr=<Guard0x14006e460>) [p0, i1, i2, i3, i4, i5, i6, i7, i8, i9, i10, i11, i12, i13, i14, i15, i16, p17, p18, p19, p20, p21, p22, p23, p24, p25, p26, p27, p28, p29, p30, p31, p32, p33, p34, p35, p36]
+508: p68 = getfield_gc_r(p35, descr=<FieldP rpyeffect.stack.MetaStack.inst_tail 32 pure>)
+512: p69 = getfield_gc_r(p68, descr=<FieldP rpyeffect.stack.MetaStack.inst_region 24 pure>)
+516: guard_isnull(p69, descr=<Guard0x14006e4a0>) [p0, i1, i2, i3, i4, i5, i6, i7, i8, i9, i10, i11, i12, i13, i14, i15, i16, p17, p18, p19, p20, p21, p22, p23, p24, p25, p26, p27, p28, p29, p30, p31, p32, p33, p34, p35, p36]
+524: p70 = getfield_gc_r(p68, descr=<FieldP rpyeffect.stack.MetaStack.inst_label 16 pure>)
+528: i71 = getfield_gc_i(p70, descr=<FieldS rpyeffect.stack.Label.inst_origin 8 pure>)
+532: i72 = int_ne(i71, i63)
guard_false(i72, descr=<Guard0x14006e4e0>) [p0, i1, i2, i3, i4, i5, i6, i7, i8, i9, i10, i11, i12, i13, i14, i15, i16, p17, p18, p19, p20, p21, p22, p23, p24, p25, p26, p27, p28, p29, p30, p31, p32, p33, p34, p35, p36]
+540: i73 = instance_ptr_eq(p70, p62)
guard_true(i73, descr=<Guard0x14006e520>) [p0, i1, i2, i3, i4, i5, i6, i7, i8, i9, i10, i11, i12, i13, i14, i15, i16, p17, p18, p19, p20, p21, p22, p23, p24, p25, p26, p27, p28, p29, p30, p31, p32, p33, p34, p35, p36]
+548: p74 = getfield_gc_r(p68, descr=<FieldP rpyeffect.stack.MetaStackLike.inst_stack 8 pure>)
+552: guard_class(p68, 4301614792, descr=<Guard0x14006e560>) [p0, i1, i2, i3, i4, i5, i6, i7, i8, i9, i10, i11, i12, i13, i14, i15, i16, p17, p18, p19, p20, p21, p22, p23, p24, p25, p26, p27, p28, p29, p30, p31, p32, p33, p34, p35, p36]
+568: p76 = getfield_gc_r(p68, descr=<FieldP rpyeffect.stack.MetaStack.inst_tail 32 pure>)
+572: p77 = getfield_gc_r(p35, descr=<FieldP rpyeffect.stack.MetaStackLike.inst_stack 8 pure>)
+576: guard_nonnull_class(p76, 4301614792, descr=<Guard0x1301fcc28>) [p0, i1, i2, i3, i4, i5, i6, i7, i8, i9, i10, i11, i12, i13, i14, i15, i16, p17, p18, p19, p20, p21, p22, p23, p24, p25, p26, p27, p28, p29, p30, p31, p32, p33, p34, p35, p36]
+600: p79 = getfield_gc_r(p76, descr=<FieldP rpyeffect.stack.MetaStackLike.inst_stack 8 pure>)
+604: p80 = getfield_gc_r(p76, descr=<FieldP rpyeffect.stack.MetaStack.inst_label 16 pure>)
+608: p81 = getfield_gc_r(p76, descr=<FieldP rpyeffect.stack.MetaStack.inst_tail 32 pure>)
+612: guard_nonnull(p79, descr=<Guard0x14006e5a0>) [p0, i1, i2, i3, i4, i5, i6, i7, i8, i9, i10, i11, i12, i13, i14, i15, i16, p17, p18, p19, p20, p21, p22, p23, p24, p25, p26, p27, p28, p29, p30, p31, p32, p33, p34, p35, p36]
+620: i82 = getfield_gc_i(p79, descr=<FieldS rpyeffect.stored_environment.Stack__arb_arb.inst_target 16 pure>)
+624: guard_value(i82, 293, descr=<Guard0x14006e5e0>) [p0, i1, i2, i3, i4, i5, i6, i7, i8, i9, i10, i11, i12, i13, i14, i15, i16, p17, p18, p19, p20, p21, p22, p23, p24, p25, p26, p27, p28, p29, p30, p31, p32, p33, p34, p35, p36]
debug_merge_point(0, 0, '282<main.rpyeffect:272([method_%Fail_1(p):p@[mcore:[#56]#774]#779])>+2: {"op": "Match". "type": Interned({"op": "eff$Tuple". "elements": []}). "scrutinee": 0. "clauses": [{"tag": Interned({"op": "eff$Tuple". "elements": []}). "target": 281. "args": {"num": []. "ptr": []}}]. "default": {"tag": Interned(c1ad4e97-e16b-4180-ac28-d851f2c5f77a#[Missing Tag#1079]). "target": 280. "args": {"num": []. "ptr": []}}}')
debug_merge_point(0, 0, '281<main.rpyeffect:271([#790])>+0: {"op": "Const". "type": "num". "out": 0. "value": 0}')
debug_merge_point(0, 0, '281<main.rpyeffect:271([#790])>+1: {"op": "Return". "args": {"num": [0]. "ptr": []}}')
+636: i84 = getfield_gc_i(p79, descr=<FieldS rpyeffect.stored_environment.Stack__1_0.inst_values_num_0 40 pure>)
+640: p85 = getfield_gc_r(p79, descr=<FieldP rpyeffect.stored_environment.Stack__arb_arb.inst_tail 8 pure>)
debug_merge_point(0, 0, '293<main.rpyeffect:283([k@[k@[#823]#827]#831])>+0: {"op": "Push". "target": 292. "args": {"num": [0]. "ptr": []}}')
debug_merge_point(0, 0, '293<main.rpyeffect:283([k@[k@[#823]#827]#831])>+1: {"op": "Copy". "type": "num". "from": 1. "to". 0}')
+644: p86 = new_with_vtable(descr=<SizeDescr 48>)
+752: p87 = new_with_vtable(descr=<SizeDescr 32>)
+764: p88 = new_with_vtable(descr=<SizeDescr 48>)
+776: p89 = new_with_vtable(descr=<SizeDescr 40>)
+788: p90 = new_with_vtable(descr=<SizeDescr 40>)
+800: p91 = new_with_vtable(descr=<SizeDescr 40>)
+816: setfield_gc(p91, p34, descr=<FieldP rpyeffect.stored_environment.Stack__arb_arb.inst_tail 8 pure>)
+824: setfield_gc(p91, 214, descr=<FieldS rpyeffect.stored_environment.Stack__arb_arb.inst_target 16 pure>)
+832: setfield_gc(p90, p91, descr=<FieldP rpyeffect.stored_environment.Stack__arb_arb.inst_tail 8 pure>)
+836: setfield_gc(p90, 209, descr=<FieldS rpyeffect.stored_environment.Stack__arb_arb.inst_target 16 pure>)
+844: setfield_gc(p89, p90, descr=<FieldP rpyeffect.stored_environment.Stack__arb_arb.inst_tail 8 pure>)
+848: setfield_gc(p89, 211, descr=<FieldS rpyeffect.stored_environment.Stack__arb_arb.inst_target 16 pure>)
+856: p95 = new_with_vtable(descr=<SizeDescr 48>)
+872: setfield_gc(p95, p77, descr=<FieldP rpyeffect.stack.MetaStackLike.inst_stack 8 pure>)
+876: setfield_gc(p95, p53, descr=<FieldP rpyeffect.stack.MetaStack.inst_label 16 pure>)
+880: setfield_gc(p95, ConstPtr(null), descr=<FieldP rpyeffect.stack.MetaStack.inst_region 24 pure>)
+888: p97 = new_with_vtable(descr=<SizeDescr 40>)
+900: setfield_gc(p97, p74, descr=<FieldP rpyeffect.stack.MetaStackLike.inst_stack 8 pure>)
+904: setfield_gc(p97, p70, descr=<FieldP rpyeffect.stack.MetaStack.inst_label 16 pure>)
+908: setfield_gc(p97, ConstPtr(null), descr=<FieldP rpyeffect.stack.MetaStack.inst_region 24 pure>)
+916: setfield_gc(p97, ConstPtr(null), descr=<FieldP rpyeffect.stack.MetaStack.inst_tail 32 pure>)
+924: setfield_gc(p95, p97, descr=<FieldP rpyeffect.stack.MetaStack.inst_tail 32 pure>)
+928: setfield_gc(p95, p59, descr=<FieldP rpyeffect.stack.MetaStackWithBinding.inst_binding 40 pure>)
+932: setfield_gc(p86, 292, descr=<FieldS rpyeffect.stored_environment.Stack__arb_arb.inst_target 16 pure>)
+940: setfield_gc(p88, p33, descr=<FieldP rpyeffect.stack.MetaStack.inst_label 16 pure>)
+944: setfield_gc(p88, p36, descr=<FieldP rpyeffect.stack.MetaStackWithBinding.inst_binding 40 pure>)
+952: setfield_gc(p88, ConstPtr(null), descr=<FieldP rpyeffect.stack.MetaStack.inst_region 24 pure>)
+960: setfield_gc(p88, p95, descr=<FieldP rpyeffect.stack.MetaStack.inst_tail 32 pure>)
+964: setfield_gc(p88, p89, descr=<FieldP rpyeffect.stack.MetaStackLike.inst_stack 8 pure>)
+968: setfield_gc(p86, 0, descr=<FieldS rpyeffect.stored_environment.Stack__1_0.inst_values_num_0 40 pure>)
+976: setfield_gc(p86, p85, descr=<FieldP rpyeffect.stored_environment.Stack__arb_arb.inst_tail 8 pure>)
+984: setfield_gc(p87, ConstPtr(ptr103), descr=<FieldP rpyeffect.stored_environment.Data__arb_arb.inst_tag 8>)
+1068: jump(p80, p86, p0, p81, ConstPtr(null), 0, i84, i3, i4, i5, i6, i7, i8, i9, i10, i11, i12, i13, i14, i15, i16, p87, p88, p19, p20, p21, p22, p23, p24, p25, p26, p27, p28, p29, p30, p31, p32, descr=TargetToken(5102032944))
+1308: --end of the loop--
[215642d] jit-log-opt-bridge}
[22ed8f1] {jit-log-opt-loop
# Loop 10 (220<main.rpyeffect:210([k@[switch case for 0#562]#572])>+0: {"op": "Swap", "type": "num", "a": 1, "b", 0}) : loop with 232 ops
[p0, p1, p2, p3, p4]
+488: p5 = getfield_gc_r(p2, descr=<FieldP rpyeffect.environment.Environment.inst_values_num 16>)
+496: i7 = getarrayitem_gc_i(p5, 0, descr=<ArrayS 8>)
+500: i9 = getarrayitem_gc_i(p5, 1, descr=<ArrayS 8>)
+504: i11 = getarrayitem_gc_i(p5, 2, descr=<ArrayS 8>)
+508: i13 = getarrayitem_gc_i(p5, 3, descr=<ArrayS 8>)
+512: i15 = getarrayitem_gc_i(p5, 4, descr=<ArrayS 8>)
+516: i17 = getarrayitem_gc_i(p5, 5, descr=<ArrayS 8>)
+520: i19 = getarrayitem_gc_i(p5, 6, descr=<ArrayS 8>)
+524: i21 = getarrayitem_gc_i(p5, 7, descr=<ArrayS 8>)
+528: i23 = getarrayitem_gc_i(p5, 8, descr=<ArrayS 8>)
+532: i25 = getarrayitem_gc_i(p5, 9, descr=<ArrayS 8>)
+536: i27 = getarrayitem_gc_i(p5, 10, descr=<ArrayS 8>)
+540: i29 = getarrayitem_gc_i(p5, 11, descr=<ArrayS 8>)
+544: i31 = getarrayitem_gc_i(p5, 12, descr=<ArrayS 8>)
+548: i33 = getarrayitem_gc_i(p5, 13, descr=<ArrayS 8>)
+552: i35 = getarrayitem_gc_i(p5, 14, descr=<ArrayS 8>)
+560: i37 = getarrayitem_gc_i(p5, 15, descr=<ArrayS 8>)
+564: p38 = getfield_gc_r(p2, descr=<FieldP rpyeffect.environment.Environment.inst_values_ptr 24>)
+568: p40 = getarrayitem_gc_r(p38, 0, descr=<ArrayP 8>)
+576: p42 = getarrayitem_gc_r(p38, 1, descr=<ArrayP 8>)
+584: p44 = getarrayitem_gc_r(p38, 2, descr=<ArrayP 8>)
+592: p46 = getarrayitem_gc_r(p38, 3, descr=<ArrayP 8>)
+600: p48 = getarrayitem_gc_r(p38, 4, descr=<ArrayP 8>)
+608: p50 = getarrayitem_gc_r(p38, 5, descr=<ArrayP 8>)
+616: p52 = getarrayitem_gc_r(p38, 6, descr=<ArrayP 8>)
+624: p54 = getarrayitem_gc_r(p38, 7, descr=<ArrayP 8>)
+632: p56 = getarrayitem_gc_r(p38, 8, descr=<ArrayP 8>)
+640: p58 = getarrayitem_gc_r(p38, 9, descr=<ArrayP 8>)
+648: p60 = getarrayitem_gc_r(p38, 10, descr=<ArrayP 8>)
+656: p62 = getarrayitem_gc_r(p38, 11, descr=<ArrayP 8>)
+664: p64 = getarrayitem_gc_r(p38, 12, descr=<ArrayP 8>)
+672: p66 = getarrayitem_gc_r(p38, 13, descr=<ArrayP 8>)
+680: p68 = getarrayitem_gc_r(p38, 14, descr=<ArrayP 8>)
+688: p70 = getarrayitem_gc_r(p38, 15, descr=<ArrayP 8>)
+692: label(p0, p1, p2, p3, p4, i7, i9, i11, i13, i15, i17, i19, i21, i23, i25, i27, i29, i31, i33, i35, i37, p40, p42, p44, p46, p48, p50, p52, p54, p56, p58, p60, p62, p64, p66, p68, p70, descr=TargetToken(5102373968))
+748: guard_not_invalidated(descr=<Guard0x14008f780>) [p2, i7, i9, i11, i13, i15, i17, i19, i21, i23, i25, i27, i29, i31, i33, i35, i37, p40, p42, p44, p46, p48, p50, p52, p54, p56, p58, p60, p62, p64, p66, p68, p70, p0, p1, p3, p4]
debug_merge_point(0, 0, '220<main.rpyeffect:210([k@[switch case for 0#562]#572])>+1: {"op": "Switch". "scrutinee": 1. "values": [1]. "targets": [213]. "default": 219}')
+752: i72 = int_eq(i7, 1)
guard_true(i72, descr=<Guard0x14006f0a0>) [p2, i7, i9, i11, i13, i15, i17, i19, i21, i23, i25, i27, i29, i31, i33, i35, i37, p40, p42, p44, p46, p48, p50, p52, p54, p56, p58, p60, p62, p64, p66, p68, p70, p0, p1, p3, p4]
+760: guard_nonnull(p1, descr=<Guard0x14006f0e0>) [p2, i7, i9, i11, i13, i15, i17, i19, i21, i23, i25, i27, i29, i31, i33, i35, i37, p40, p42, p44, p46, p48, p50, p52, p54, p56, p58, p60, p62, p64, p66, p68, p70, p0, p1, p3, p4]
+772: i73 = getfield_gc_i(p1, descr=<FieldS rpyeffect.stored_environment.Stack__arb_arb.inst_target 16 pure>)
+780: guard_value(i73, 231, descr=<Guard0x14006f120>) [p2, i7, i9, i11, i13, i15, i17, i19, i21, i23, i25, i27, i29, i31, i33, i35, i37, p40, p42, p44, p46, p48, p50, p52, p54, p56, p58, p60, p62, p64, p66, p68, p70, p0, p1, p3, p4]
debug_merge_point(0, 0, '213<main.rpyeffect:203([switch case for 1#573])>+0: {"op": "PrimOp". "name": "box(Num): Ptr". "out": {"num": []. "ptr": [0]}. "in": {"num": [0]. "ptr": []}}')
debug_merge_point(0, 0, '213<main.rpyeffect:203([switch case for 1#573])>+1: {"op": "Return". "args": {"num": []. "ptr": [0]}}')
+792: p75 = getfield_gc_r(p1, descr=<FieldP rpyeffect.stored_environment.Stack__arb_arb.inst_tail 8 pure>)
debug_merge_point(0, 0, '231<main.rpyeffect:221([k@[mcore:[eta-expanded fn#481]#618]#623])>+0: {"op": "PrimOp". "name": "unbox(Ptr): Num". "out": {"num": [0]. "ptr": []}. "in": {"num": []. "ptr": [0]}}')
debug_merge_point(0, 0, '231<main.rpyeffect:221([k@[mcore:[eta-expanded fn#481]#618]#623])>+1: {"op": "Return". "args": {"num": [0]. "ptr": []}}')
+796: guard_nonnull(p75, descr=<Guard0x14006f160>) [p2, i7, i9, i11, i13, i15, i17, i19, i21, i23, i25, i27, i29, i31, i33, i35, i37, p40, p42, p44, p46, p48, p50, p52, p54, p56, p58, p60, p62, p64, p66, p68, p70, p0, p1, p3, p4]
+804: i76 = getfield_gc_i(p75, descr=<FieldS rpyeffect.stored_environment.Stack__arb_arb.inst_target 16 pure>)
+808: guard_value(i76, 244, descr=<Guard0x14006f1a0>) [p2, i7, i9, i11, i13, i15, i17, i19, i21, i23, i25, i27, i29, i31, i33, i35, i37, p40, p42, p44, p46, p48, p50, p52, p54, p56, p58, p60, p62, p64, p66, p68, p70, p0, p1, p3, p4]
+820: i78 = getfield_gc_i(p75, descr=<FieldS rpyeffect.stored_environment.Stack__3_0.inst_values_num_0 40 pure>)
+824: i79 = getfield_gc_i(p75, descr=<FieldS rpyeffect.stored_environment.Stack__3_0.inst_values_num_1 48 pure>)
+828: i80 = getfield_gc_i(p75, descr=<FieldS rpyeffect.stored_environment.Stack__3_0.inst_values_num_2 56 pure>)
+832: p81 = getfield_gc_r(p75, descr=<FieldP rpyeffect.stored_environment.Stack__arb_arb.inst_tail 8 pure>)
debug_merge_point(0, 0, '244<main.rpyeffect:234([k@[k@[k@[#649]#651]#655]#663])>+0: {"op": "Push". "target": 243. "args": {"num": [1. 2. 0. 3]. "ptr": []}}')
debug_merge_point(0, 0, '244<main.rpyeffect:234([k@[k@[k@[#649]#651]#655]#663])>+1: {"op": "Copy". "type": "num". "from": 1. "to". 0}')
debug_merge_point(0, 0, '244<main.rpyeffect:234([k@[k@[k@[#649]#651]#655]#663])>+2: {"op": "Jump". "target": 145}')
debug_merge_point(0, 0, '145<main.rpyeffect:135(Name(+_27))>+0: {"op": "New". "out": 0. "targets": [138. 140. 142. 144]. "args": {"num": [0]. "ptr": []}}')
debug_merge_point(0, 0, '145<main.rpyeffect:135(Name(+_27))>+1: {"op": "Return". "args": {"num": []. "ptr": [0]}}')
debug_merge_point(0, 0, '243<main.rpyeffect:233([k@[k@[k@[k@[#649]#651]#655]#663]#665])>+0: {"op": "Push". "target": 242. "args": {"num": [0. 1. 2. 3]. "ptr": []}}')
debug_merge_point(0, 0, '243<main.rpyeffect:233([k@[k@[k@[k@[#649]#651]#655]#663]#665])>+1: {"op": "Copy". "type": "num". "from": 1. "to". 0}')
debug_merge_point(0, 0, '243<main.rpyeffect:233([k@[k@[k@[k@[#649]#651]#655]#663]#665])>+2: {"op": "Invoke". "receiver": 0. "tag": Interned(%apply(n):n). "args" : {"num": [0]. "ptr": []}}')
debug_merge_point(0, 0, '138<main.rpyeffect:128([method_%apply(n):n@Name(+_27)#347])>+0: {"op": "Jump". "target": 136}')
debug_merge_point(0, 0, '136<main.rpyeffect:126([mcore:[#26]#343])>+0: {"op": "PrimOp". "name": "infixAdd(Int. Int): Int". "out": {"num": [0]. "ptr": []}. "in": {"num": [1. 0]. "ptr": []}}')
+836: i82 = int_add(i78, i79)
debug_merge_point(0, 0, '136<main.rpyeffect:126([mcore:[#26]#343])>+1: {"op": "Return". "args": {"num": [0]. "ptr": []}}')
debug_merge_point(0, 0, '242<main.rpyeffect:232([#667])>+0: {"op": "Push". "target": 241. "args": {"num": [1. 2. 3. 4]. "ptr": []}}')
debug_merge_point(0, 0, '242<main.rpyeffect:232([#667])>+1: {"op": "Jump". "target": 145}')
debug_merge_point(0, 0, '145<main.rpyeffect:135(Name(+_27))>+0: {"op": "New". "out": 0. "targets": [138. 140. 142. 144]. "args": {"num": [0]. "ptr": []}}')
debug_merge_point(0, 0, '145<main.rpyeffect:135(Name(+_27))>+1: {"op": "Return". "args": {"num": []. "ptr": [0]}}')
debug_merge_point(0, 0, '241<main.rpyeffect:231([k@[#667]#669])>+0: {"op": "Push". "target": 240. "args": {"num": [0. 1. 2. 3]. "ptr": []}}')
debug_merge_point(0, 0, '241<main.rpyeffect:231([k@[#667]#669])>+1: {"op": "Copy". "type": "num". "from": 2. "to". 0}')
debug_merge_point(0, 0, '241<main.rpyeffect:231([k@[#667]#669])>+2: {"op": "Invoke". "receiver": 0. "tag": Interned(%apply(n):n). "args" : {"num": [0]. "ptr": []}}')
debug_merge_point(0, 0, '138<main.rpyeffect:128([method_%apply(n):n@Name(+_27)#347])>+0: {"op": "Jump". "target": 136}')
debug_merge_point(0, 0, '136<main.rpyeffect:126([mcore:[#26]#343])>+0: {"op": "PrimOp". "name": "infixAdd(Int. Int): Int". "out": {"num": [0]. "ptr": []}. "in": {"num": [1. 0]. "ptr": []}}')
+840: i83 = int_add(i82, i9)
debug_merge_point(0, 0, '136<main.rpyeffect:126([mcore:[#26]#343])>+1: {"op": "Return". "args": {"num": [0]. "ptr": []}}')
debug_merge_point(0, 0, '240<main.rpyeffect:230([k@[k@[#667]#669]#671])>+0: {"op": "Push". "target": 239. "args": {"num": [1. 2. 3. 4]. "ptr": []}}')
debug_merge_point(0, 0, '240<main.rpyeffect:230([k@[k@[#667]#669]#671])>+1: {"op": "Jump". "target": 19}')
debug_merge_point(0, 0, '19<main.rpyeffect:9(Name(=_0))>+0: {"op": "New". "out": 0. "targets": [12. 14. 16. 18]. "args": {"num": [0]. "ptr": []}}')
debug_merge_point(0, 0, '19<main.rpyeffect:9(Name(=_0))>+1: {"op": "Return". "args": {"num": []. "ptr": [0]}}')
debug_merge_point(0, 0, '239<main.rpyeffect:229([k@[k@[k@[#667]#669]#671]#673])>+0: {"op": "Push". "target": 238. "args": {"num": [0. 1. 2]. "ptr": []}}')
debug_merge_point(0, 0, '239<main.rpyeffect:229([k@[k@[k@[#667]#669]#671]#673])>+1: {"op": "Copy". "type": "num". "from": 3. "to". 0}')
debug_merge_point(0, 0, '239<main.rpyeffect:229([k@[k@[k@[#667]#669]#671]#673])>+2: {"op": "Invoke". "receiver": 0. "tag": Interned(%apply(n):n). "args" : {"num": [0]. "ptr": []}}')
debug_merge_point(0, 0, '12<main.rpyeffect:2([method_%apply(n):n@Name(=_0)#7])>+0: {"op": "Jump". "target": 10}')
debug_merge_point(0, 0, '10<main.rpyeffect:0([mcore:[#15]#3])>+0: {"op": "PrimOp". "name": "infixEq(Int. Int): Boolean". "out": {"num": [0]. "ptr": []}. "in": {"num": [1. 0]. "ptr": []}}')
+844: i84 = int_eq(i83, i80)
guard_false(i84, descr=<Guard0x14006f1e0>) [p2, i7, i9, i11, i13, i15, i17, i19, i21, i23, i25, i27, i29, i31, i33, i35, i37, p40, p42, p44, p46, p48, p50, p52, p54, p56, p58, p60, p62, p64, p66, p68, p70, p0, p1, p3, p4]
debug_merge_point(0, 0, '10<main.rpyeffect:0([mcore:[#15]#3])>+1: {"op": "Return". "args": {"num": [0]. "ptr": []}}')
debug_merge_point(0, 0, '238<main.rpyeffect:228([k@[k@[k@[k@[#667]#669]#671]#673]#675])>+0: {"op": "Switch". "scrutinee": 0. "values": [1]. "targets": [233]. "default": 237}')
+852: guard_nonnull(p81, descr=<Guard0x14006f220>) [p2, i7, i9, i11, i13, i15, i17, i19, i21, i23, i25, i27, i29, i31, i33, i35, i37, p40, p42, p44, p46, p48, p50, p52, p54, p56, p58, p60, p62, p64, p66, p68, p70, p0, p1, p3, p4]
+860: i85 = getfield_gc_i(p81, descr=<FieldS rpyeffect.stored_environment.Stack__arb_arb.inst_target 16 pure>)
+864: guard_value(i85, 310, descr=<Guard0x14006f260>) [p2, i7, i9, i11, i13, i15, i17, i19, i21, i23, i25, i27, i29, i31, i33, i35, i37, p40, p42, p44, p46, p48, p50, p52, p54, p56, p58, p60, p62, p64, p66, p68, p70, p0, p1, p3, p4]
debug_merge_point(0, 0, '237<main.rpyeffect:227([switch default case#678])>+0: {"op": "Switch". "scrutinee": 0. "values": [0]. "targets": [235]. "default": 236}')
debug_merge_point(0, 0, '235<main.rpyeffect:225([switch case for 0#679])>+0: {"op": "Const". "type": "num". "out": 0. "value": 0}')
debug_merge_point(0, 0, '235<main.rpyeffect:225([switch case for 0#679])>+1: {"op": "Const". "type": "ptr". "out": 0. "format": "string". "value": "Name(Fail_1)"}')
debug_merge_point(0, 0, '235<main.rpyeffect:225([switch case for 0#679])>+2: {"op": "PrimOp". "name": "getGlobal(String): Ptr". "out": {"num": []. "ptr": [0]}. "in": {"num": []. "ptr": [0]}}')
debug_merge_point(0, 0, '235<main.rpyeffect:225([switch case for 0#679])>+3: {"op": "GetDynamic". "out": 0. "n": 0. "label": 0}')
+876: guard_nonnull(p4, descr=<Guard0x14006f2a0>) [p2, i7, i9, i11, i13, i15, i17, i19, i21, i23, i25, i27, i29, i31, i33, i35, i37, p40, p42, p44, p46, p48, p50, p52, p54, p56, p58, p60, p62, p64, p66, p68, p70, p0, p1, p3, p4]
+888: i87 = getfield_gc_i(p0, descr=<FieldS rpyeffect.stack.Label.inst_origin 8 pure>)
+896: i89 = int_ne(i87, 334884)
guard_true(i89, descr=<Guard0x14006f2e0>) [p2, i7, i9, i11, i13, i15, i17, i19, i21, i23, i25, i27, i29, i31, i33, i35, i37, p40, p42, p44, p46, p48, p50, p52, p54, p56, p58, p60, p62, p64, p66, p68, p70, p0, p1, p3, p4]
+916: i91 = instance_ptr_eq(p0, ConstPtr(ptr90))
guard_false(i91, descr=<Guard0x14006f320>) [p2, i7, i9, i11, i13, i15, i17, i19, i21, i23, i25, i27, i29, i31, i33, i35, i37, p40, p42, p44, p46, p48, p50, p52, p54, p56, p58, p60, p62, p64, p66, p68, p70, p0, p1, p3, p4]
+924: guard_nonnull_class(p3, ConstClass(MetaStackWithBinding), descr=<Guard0x14008f7d8>) [p2, i7, i9, i11, i13, i15, i17, i19, i21, i23, i25, i27, i29, i31, i33, i35, i37, p40, p42, p44, p46, p48, p50, p52, p54, p56, p58, p60, p62, p64, p66, p68, p70, p0, p1, p3, p4]
+952: p93 = getfield_gc_r(p3, descr=<FieldP rpyeffect.stack.MetaStack.inst_label 16 pure>)
+956: i94 = getfield_gc_i(p93, descr=<FieldS rpyeffect.stack.Label.inst_origin 8 pure>)
+960: i96 = int_ne(i94, 334884)
guard_false(i96, descr=<Guard0x14006f360>) [p2, i7, i9, i11, i13, i15, i17, i19, i21, i23, i25, i27, i29, i31, i33, i35, i37, p40, p42, p44, p46, p48, p50, p52, p54, p56, p58, p60, p62, p64, p66, p68, p70, p0, p1, p3, p4]
+976: i98 = instance_ptr_eq(p93, ConstPtr(ptr97))
guard_true(i98, descr=<Guard0x14006f3a0>) [p2, i7, i9, i11, i13, i15, i17, i19, i21, i23, i25, i27, i29, i31, i33, i35, i37, p40, p42, p44, p46, p48, p50, p52, p54, p56, p58, p60, p62, p64, p66, p68, p70, p0, p1, p3, p4]
+984: p99 = getfield_gc_r(p3, descr=<FieldP rpyeffect.stack.MetaStackWithBinding.inst_binding 40 pure>)
debug_merge_point(0, 0, '235<main.rpyeffect:225([switch case for 0#679])>+4: {"op": "Construct". "out": 1. "type": Interned({"op": "eff$Tuple". "elements": []}). "tag": Interned({"op": "eff$Tuple". "elements": []}). "args": {"num": []. "ptr": []}}')
debug_merge_point(0, 0, '235<main.rpyeffect:225([switch case for 0#679])>+5: {"op": "Push". "target": 234. "args": {"num": []. "ptr": []}}')
debug_merge_point(0, 0, '235<main.rpyeffect:225([switch case for 0#679])>+6: {"op": "Swap". "type": "ptr". "a": 1. "b". 0}')
debug_merge_point(0, 0, '235<main.rpyeffect:225([switch case for 0#679])>+7: {"op": "Invoke". "receiver": 1. "tag": Interned(%Fail_1(p):p). "args" : {"num": []. "ptr": [0]}}')
+988: p100 = getfield_gc_r(p99, descr=<FieldP rpyeffect.stored_environment.CoData__arb_arb.inst_vtable 24 pure>)
+996: guard_value(p100, ConstPtr(ptr101), descr=<Guard0x14006f3e0>) [p2, i7, i9, i11, i13, i15, i17, i19, i21, i23, i25, i27, i29, i31, i33, i35, i37, p40, p42, p44, p46, p48, p50, p52, p54, p56, p58, p60, p62, p64, p66, p68, p70, p0, p1, p3, p4]
+1004: p102 = getfield_gc_r(p99, descr=<FieldP rpyeffect.stored_environment.CoData__0_1.inst_values_ptr_0 32 pure>)
debug_merge_point(0, 0, '282<main.rpyeffect:272([method_%Fail_1(p):p@[mcore:[#56]#774]#779])>+0: {"op": "Const". "type": "num". "out": 0. "value": 0}')
debug_merge_point(0, 0, '282<main.rpyeffect:272([method_%Fail_1(p):p@[mcore:[#56]#774]#779])>+1: {"op": "ShiftDyn". "out": 1. "n": 0. "label": 1}')
+1008: i103 = getfield_gc_i(p102, descr=<FieldS rpyeffect.stack.Label.inst_origin 8 pure>)
+1012: i104 = int_ne(i87, i103)
guard_true(i104, descr=<Guard0x14006f420>) [p2, i7, i9, i11, i13, i15, i17, i19, i21, i23, i25, i27, i29, i31, i33, i35, i37, p40, p42, p44, p46, p48, p50, p52, p54, p56, p58, p60, p62, p64, p66, p68, p70, p0, p1, p3, p4]
+1020: p105 = getfield_gc_r(p3, descr=<FieldP rpyeffect.stack.MetaStack.inst_region 24 pure>)
+1024: guard_isnull(p105, descr=<Guard0x14006f460>) [p2, i7, i9, i11, i13, i15, i17, i19, i21, i23, i25, i27, i29, i31, i33, i35, i37, p40, p42, p44, p46, p48, p50, p52, p54, p56, p58, p60, p62, p64, p66, p68, p70, p0, p1, p3, p4]
+1032: i107 = int_ne(334884, i103)
guard_true(i107, descr=<Guard0x14006f4a0>) [p2, i7, i9, i11, i13, i15, i17, i19, i21, i23, i25, i27, i29, i31, i33, i35, i37, p40, p42, p44, p46, p48, p50, p52, p54, p56, p58, p60, p62, p64, p66, p68, p70, p0, p1, p3, p4]
+1048: p108 = getfield_gc_r(p3, descr=<FieldP rpyeffect.stack.MetaStack.inst_tail 32 pure>)
+1052: p109 = getfield_gc_r(p108, descr=<FieldP rpyeffect.stack.MetaStack.inst_region 24 pure>)
+1056: guard_isnull(p109, descr=<Guard0x14006f4e0>) [p2, i7, i9, i11, i13, i15, i17, i19, i21, i23, i25, i27, i29, i31, i33, i35, i37, p40, p42, p44, p46, p48, p50, p52, p54, p56, p58, p60, p62, p64, p66, p68, p70, p0, p1, p3, p4]
+1064: p110 = getfield_gc_r(p108, descr=<FieldP rpyeffect.stack.MetaStack.inst_label 16 pure>)
+1068: i111 = getfield_gc_i(p110, descr=<FieldS rpyeffect.stack.Label.inst_origin 8 pure>)
+1072: i112 = int_ne(i111, i103)
guard_false(i112, descr=<Guard0x14006f520>) [p2, i7, i9, i11, i13, i15, i17, i19, i21, i23, i25, i27, i29, i31, i33, i35, i37, p40, p42, p44, p46, p48, p50, p52, p54, p56, p58, p60, p62, p64, p66, p68, p70, p0, p1, p3, p4]
+1080: i113 = instance_ptr_eq(p110, p102)
guard_true(i113, descr=<Guard0x14006f560>) [p2, i7, i9, i11, i13, i15, i17, i19, i21, i23, i25, i27, i29, i31, i33, i35, i37, p40, p42, p44, p46, p48, p50, p52, p54, p56, p58, p60, p62, p64, p66, p68, p70, p0, p1, p3, p4]
+1088: p114 = getfield_gc_r(p108, descr=<FieldP rpyeffect.stack.MetaStackLike.inst_stack 8 pure>)
+1092: guard_class(p108, 4301614792, descr=<Guard0x14006f5a0>) [p2, i7, i9, i11, i13, i15, i17, i19, i21, i23, i25, i27, i29, i31, i33, i35, i37, p40, p42, p44, p46, p48, p50, p52, p54, p56, p58, p60, p62, p64, p66, p68, p70, p0, p1, p3, p4]
+1108: p116 = getfield_gc_r(p108, descr=<FieldP rpyeffect.stack.MetaStack.inst_tail 32 pure>)
+1112: p117 = getfield_gc_r(p3, descr=<FieldP rpyeffect.stack.MetaStackLike.inst_stack 8 pure>)
+1116: guard_nonnull_class(p116, 4301614792, descr=<Guard0x14008f830>) [p2, i7, i9, i11, i13, i15, i17, i19, i21, i23, i25, i27, i29, i31, i33, i35, i37, p40, p42, p44, p46, p48, p50, p52, p54, p56, p58, p60, p62, p64, p66, p68, p70, p0, p1, p3, p4]
+1140: p119 = getfield_gc_r(p116, descr=<FieldP rpyeffect.stack.MetaStackLike.inst_stack 8 pure>)
+1144: p120 = getfield_gc_r(p116, descr=<FieldP rpyeffect.stack.MetaStack.inst_label 16 pure>)
+1148: p121 = getfield_gc_r(p116, descr=<FieldP rpyeffect.stack.MetaStack.inst_tail 32 pure>)
+1152: guard_nonnull(p119, descr=<Guard0x14006f5e0>) [p2, i7, i9, i11, i13, i15, i17, i19, i21, i23, i25, i27, i29, i31, i33, i35, i37, p40, p42, p44, p46, p48, p50, p52, p54, p56, p58, p60, p62, p64, p66, p68, p70, p0, p1, p3, p4]
+1160: i122 = getfield_gc_i(p119, descr=<FieldS rpyeffect.stored_environment.Stack__arb_arb.inst_target 16 pure>)
+1168: guard_value(i122, 294, descr=<Guard0x14006f620>) [p2, i7, i9, i11, i13, i15, i17, i19, i21, i23, i25, i27, i29, i31, i33, i35, i37, p40, p42, p44, p46, p48, p50, p52, p54, p56, p58, p60, p62, p64, p66, p68, p70, p0, p1, p3, p4]
debug_merge_point(0, 0, '282<main.rpyeffect:272([method_%Fail_1(p):p@[mcore:[#56]#774]#779])>+2: {"op": "Match". "type": Interned({"op": "eff$Tuple". "elements": []}). "scrutinee": 0. "clauses": [{"tag": Interned({"op": "eff$Tuple". "elements": []}). "target": 281. "args": {"num": []. "ptr": []}}]. "default": {"tag": Interned(c1ad4e97-e16b-4180-ac28-d851f2c5f77a#[Missing Tag#1079]). "target": 280. "args": {"num": []. "ptr": []}}}')
debug_merge_point(0, 0, '281<main.rpyeffect:271([#790])>+0: {"op": "Const". "type": "num". "out": 0. "value": 0}')
debug_merge_point(0, 0, '281<main.rpyeffect:271([#790])>+1: {"op": "Return". "args": {"num": [0]. "ptr": []}}')
+1180: p124 = getfield_gc_r(p119, descr=<FieldP rpyeffect.stored_environment.Stack__0_1.inst_values_ptr_0 40 pure>)
+1184: p125 = getfield_gc_r(p119, descr=<FieldP rpyeffect.stored_environment.Stack__arb_arb.inst_tail 8 pure>)
debug_merge_point(0, 0, '294<main.rpyeffect:284([k@[#823]#827])>+0: {"op": "Const". "type": "num". "out": 1. "value": 0}')
debug_merge_point(0, 0, '294<main.rpyeffect:284([k@[#823]#827])>+1: {"op": "Push". "target": 293. "args": {"num": [0]. "ptr": []}}')
debug_merge_point(0, 0, '294<main.rpyeffect:284([k@[#823]#827])>+2: {"op": "Copy". "type": "num". "from": 1. "to". 0}')
debug_merge_point(0, 0, '294<main.rpyeffect:284([k@[#823]#827])>+3: {"op": "Jump". "target": 277}')
debug_merge_point(0, 0, '277<main.rpyeffect:267(Name(k_145))>+0: {"op": "PushStack". "arg": 0}')
+1188: guard_nonnull_class(p124, ConstClass(MetaStackWithBinding), descr=<Guard0x14008f888>) [p2, i7, i9, i11, i13, i15, i17, i19, i21, i23, i25, i27, i29, i31, i33, i35, i37, p40, p42, p44, p46, p48, p50, p52, p54, p56, p58, p60, p62, p64, p66, p68, p70, p0, p1, p3, p4]
+1212: p127 = getfield_gc_r(p124, descr=<FieldP rpyeffect.stack.MetaStack.inst_region 24 pure>)
+1220: guard_isnull(p127, descr=<Guard0x14006f660>) [p2, i7, i9, i11, i13, i15, i17, i19, i21, i23, i25, i27, i29, i31, i33, i35, i37, p40, p42, p44, p46, p48, p50, p52, p54, p56, p58, p60, p62, p64, p66, p68, p70, p0, p1, p3, p4]
+1228: p128 = getfield_gc_r(p124, descr=<FieldP rpyeffect.stack.MetaStackLike.inst_stack 8 pure>)
+1232: p129 = getfield_gc_r(p124, descr=<FieldP rpyeffect.stack.MetaStack.inst_tail 32 pure>)
+1240: guard_nonnull_class(p129, ConstClass(MetaStackWithBinding), descr=<Guard0x14008f8e0>) [p2, i7, i9, i11, i13, i15, i17, i19, i21, i23, i25, i27, i29, i31, i33, i35, i37, p40, p42, p44, p46, p48, p50, p52, p54, p56, p58, p60, p62, p64, p66, p68, p70, p0, p1, p3, p4]
+1264: p131 = getfield_gc_r(p129, descr=<FieldP rpyeffect.stack.MetaStack.inst_region 24 pure>)
+1272: guard_isnull(p131, descr=<Guard0x14006f6a0>) [p2, i7, i9, i11, i13, i15, i17, i19, i21, i23, i25, i27, i29, i31, i33, i35, i37, p40, p42, p44, p46, p48, p50, p52, p54, p56, p58, p60, p62, p64, p66, p68, p70, p0, p1, p3, p4]
+1280: p132 = getfield_gc_r(p129, descr=<FieldP rpyeffect.stack.MetaStackLike.inst_stack 8 pure>)
+1284: p133 = getfield_gc_r(p129, descr=<FieldP rpyeffect.stack.MetaStack.inst_tail 32 pure>)
+1288: guard_nonnull_class(p133, 4301614792, descr=<Guard0x14008f938>) [p2, i7, i9, i11, i13, i15, i17, i19, i21, i23, i25, i27, i29, i31, i33, i35, i37, p40, p42, p44, p46, p48, p50, p52, p54, p56, p58, p60, p62, p64, p66, p68, p70, p0, p1, p3, p4]
+1312: p135 = getfield_gc_r(p133, descr=<FieldP rpyeffect.stack.MetaStack.inst_region 24 pure>)
+1316: guard_isnull(p135, descr=<Guard0x14006f6e0>) [p2, i7, i9, i11, i13, i15, i17, i19, i21, i23, i25, i27, i29, i31, i33, i35, i37, p40, p42, p44, p46, p48, p50, p52, p54, p56, p58, p60, p62, p64, p66, p68, p70, p0, p1, p3, p4]
+1324: p136 = getfield_gc_r(p133, descr=<FieldP rpyeffect.stack.MetaStackLike.inst_stack 8 pure>)
+1328: p137 = getfield_gc_r(p133, descr=<FieldP rpyeffect.stack.MetaStack.inst_tail 32 pure>)
+1332: guard_isnull(p137, descr=<Guard0x14006f720>) [p2, i7, i9, i11, i13, i15, i17, i19, i21, i23, i25, i27, i29, i31, i33, i35, i37, p40, p42, p44, p46, p48, p50, p52, p54, p56, p58, p60, p62, p64, p66, p68, p70, p0, p1, p3, p4]
+1340: p138 = getfield_gc_r(p133, descr=<FieldP rpyeffect.stack.MetaStack.inst_label 16 pure>)
+1344: p139 = getfield_gc_r(p129, descr=<FieldP rpyeffect.stack.MetaStack.inst_label 16 pure>)
+1348: p140 = getfield_gc_r(p129, descr=<FieldP rpyeffect.stack.MetaStackWithBinding.inst_binding 40 pure>)
+1352: guard_nonnull(p140, descr=<Guard0x14006f760>) [p2, i7, i9, i11, i13, i15, i17, i19, i21, i23, i25, i27, i29, i31, i33, i35, i37, p40, p42, p44, p46, p48, p50, p52, p54, p56, p58, p60, p62, p64, p66, p68, p70, p0, p1, p3, p4]
+1360: p141 = getfield_gc_r(p124, descr=<FieldP rpyeffect.stack.MetaStack.inst_label 16 pure>)
+1368: p142 = getfield_gc_r(p124, descr=<FieldP rpyeffect.stack.MetaStackWithBinding.inst_binding 40 pure>)
+1376: guard_nonnull(p142, descr=<Guard0x14006f7a0>) [p2, i7, i9, i11, i13, i15, i17, i19, i21, i23, i25, i27, i29, i31, i33, i35, i37, p40, p42, p44, p46, p48, p50, p52, p54, p56, p58, p60, p62, p64, p66, p68, p70, p0, p1, p3, p4]
+1384: guard_nonnull(p128, descr=<Guard0x14006f7e0>) [p2, i7, i9, i11, i13, i15, i17, i19, i21, i23, i25, i27, i29, i31, i33, i35, i37, p40, p42, p44, p46, p48, p50, p52, p54, p56, p58, p60, p62, p64, p66, p68, p70, p0, p1, p3, p4]
+1392: i143 = getfield_gc_i(p128, descr=<FieldS rpyeffect.stored_environment.Stack__arb_arb.inst_target 16 pure>)
+1400: guard_value(i143, 220, descr=<Guard0x14006f820>) [p2, i7, i9, i11, i13, i15, i17, i19, i21, i23, i25, i27, i29, i31, i33, i35, i37, p40, p42, p44, p46, p48, p50, p52, p54, p56, p58, p60, p62, p64, p66, p68, p70, p0, p1, p3, p4]
debug_merge_point(0, 0, '277<main.rpyeffect:267(Name(k_145))>+1: {"op": "Return". "args": {"num": [0]. "ptr": []}}')
+1412: i145 = getfield_gc_i(p128, descr=<FieldS rpyeffect.stored_environment.Stack__1_0.inst_values_num_0 40 pure>)
+1416: p146 = getfield_gc_r(p128, descr=<FieldP rpyeffect.stored_environment.Stack__arb_arb.inst_tail 8 pure>)
+1420: guard_nonnull(p146, descr=<Guard0x14006f860>) [p2, i7, i9, i11, i13, i15, i17, i19, i21, i23, i25, i27, i29, i31, i33, i35, i37, p40, p42, p44, p46, p48, p50, p52, p54, p56, p58, p60, p62, p64, p66, p68, p70, p0, p1, p3, p4]
+1428: i147 = getfield_gc_i(p146, descr=<FieldS rpyeffect.stored_environment.Stack__arb_arb.inst_target 16 pure>)
+1436: guard_value(i147, 231, descr=<Guard0x14006f8a0>) [p2, i7, i9, i11, i13, i15, i17, i19, i21, i23, i25, i27, i29, i31, i33, i35, i37, p40, p42, p44, p46, p48, p50, p52, p54, p56, p58, p60, p62, p64, p66, p68, p70, p0, p1, p3, p4]
debug_merge_point(0, 0, '220<main.rpyeffect:210([k@[switch case for 0#562]#572])>+0: {"op": "Swap". "type": "num". "a": 1. "b". 0}')
+1448: p149 = new_with_vtable(descr=<SizeDescr 48>)
+1560: p150 = new_with_vtable(descr=<SizeDescr 40>)
+1572: setfield_gc(p150, p136, descr=<FieldP rpyeffect.stack.MetaStackLike.inst_stack 8 pure>)
+1576: setfield_gc(p150, p138, descr=<FieldP rpyeffect.stack.MetaStack.inst_label 16 pure>)
+1584: setfield_gc(p150, ConstPtr(null), descr=<FieldP rpyeffect.stack.MetaStack.inst_region 24 pure>)
+1592: p152 = new_with_vtable(descr=<SizeDescr 40>)
+1604: p153 = new_with_vtable(descr=<SizeDescr 48>)
+1620: setfield_gc(p153, p125, descr=<FieldP rpyeffect.stored_environment.Stack__arb_arb.inst_tail 8 pure>)
+1624: setfield_gc(p153, 293, descr=<FieldS rpyeffect.stored_environment.Stack__arb_arb.inst_target 16 pure>)
+1632: setfield_gc(p153, 0, descr=<FieldS rpyeffect.stored_environment.Stack__1_0.inst_values_num_0 40 pure>)
+1640: setfield_gc(p152, p153, descr=<FieldP rpyeffect.stack.MetaStackLike.inst_stack 8 pure>)
+1644: setfield_gc(p152, p120, descr=<FieldP rpyeffect.stack.MetaStack.inst_label 16 pure>)
+1648: setfield_gc(p152, ConstPtr(null), descr=<FieldP rpyeffect.stack.MetaStack.inst_region 24 pure>)
+1656: setfield_gc(p152, p121, descr=<FieldP rpyeffect.stack.MetaStack.inst_tail 32 pure>)
+1660: setfield_gc(p150, p152, descr=<FieldP rpyeffect.stack.MetaStack.inst_tail 32 pure>)
+1664: p157 = new_with_vtable(descr=<SizeDescr 48>)
+1676: p158 = new_with_vtable(descr=<SizeDescr 40>)
+1688: setfield_gc(p158, p81, descr=<FieldP rpyeffect.stored_environment.Stack__arb_arb.inst_tail 8 pure>)
+1692: setfield_gc(p158, 234, descr=<FieldS rpyeffect.stored_environment.Stack__arb_arb.inst_target 16 pure>)
+1700: setfield_gc(p149, p132, descr=<FieldP rpyeffect.stack.MetaStackLike.inst_stack 8 pure>)
+1704: setfield_gc(p149, p139, descr=<FieldP rpyeffect.stack.MetaStack.inst_label 16 pure>)
+1708: setfield_gc(p149, ConstPtr(null), descr=<FieldP rpyeffect.stack.MetaStack.inst_region 24 pure>)
+1716: p161 = new_with_vtable(descr=<SizeDescr 48>)
+1728: setfield_gc(p161, p117, descr=<FieldP rpyeffect.stack.MetaStackLike.inst_stack 8 pure>)
+1732: setfield_gc(p161, p93, descr=<FieldP rpyeffect.stack.MetaStack.inst_label 16 pure>)
+1736: setfield_gc(p161, ConstPtr(null), descr=<FieldP rpyeffect.stack.MetaStack.inst_region 24 pure>)
+1744: p163 = new_with_vtable(descr=<SizeDescr 40>)
+1756: setfield_gc(p163, p114, descr=<FieldP rpyeffect.stack.MetaStackLike.inst_stack 8 pure>)
+1760: setfield_gc(p163, p110, descr=<FieldP rpyeffect.stack.MetaStack.inst_label 16 pure>)
+1764: setfield_gc(p163, ConstPtr(null), descr=<FieldP rpyeffect.stack.MetaStack.inst_region 24 pure>)
+1772: setfield_gc(p163, ConstPtr(null), descr=<FieldP rpyeffect.stack.MetaStack.inst_tail 32 pure>)
+1780: setfield_gc(p161, p163, descr=<FieldP rpyeffect.stack.MetaStack.inst_tail 32 pure>)
+1784: setfield_gc(p161, p99, descr=<FieldP rpyeffect.stack.MetaStackWithBinding.inst_binding 40 pure>)
+1792: setfield_gc(p149, p150, descr=<FieldP rpyeffect.stack.MetaStack.inst_tail 32 pure>)
+1796: setfield_gc(p149, p140, descr=<FieldP rpyeffect.stack.MetaStackWithBinding.inst_binding 40 pure>)
+1804: setfield_gc(p157, p0, descr=<FieldP rpyeffect.stack.MetaStack.inst_label 16 pure>)
+1812: setfield_gc(p157, p4, descr=<FieldP rpyeffect.stack.MetaStackWithBinding.inst_binding 40 pure>)
+1820: setfield_gc(p157, ConstPtr(null), descr=<FieldP rpyeffect.stack.MetaStack.inst_region 24 pure>)
+1828: setfield_gc(p157, p161, descr=<FieldP rpyeffect.stack.MetaStack.inst_tail 32 pure>)
+1832: setfield_gc(p157, p158, descr=<FieldP rpyeffect.stack.MetaStackLike.inst_stack 8 pure>)
+1868: jump(p141, p146, p2, p149, p142, 0, i145, i79, i9, i80, i17, i19, i21, i23, i25, i27, i29, i31, i33, i35, i37, p124, p157, p44, p46, p48, p50, p52, p54, p56, p58, p60, p62, p64, p66, p68, p70, descr=TargetToken(5102373968))
+1940: --end of the loop--
[2323e3e] jit-log-opt-loop}
[23cf1fd] {jit-log-opt-bridge
# bridge out of Guard 0x1301aeee0 with 91 ops
[p0, i1, i2, i3, i4, i5, i6, i7, i8, i9, i10, i11, i12, i13, i14, i15, i16, p17, p18, p19, p20, p21, p22, p23, p24, p25, p26, p27, p28, p29, p30, p31, p32, p33, p34, p35, i36]
+216: guard_not_invalidated(descr=<Guard0x1400a70f8>) [p0, i1, i2, i3, i4, i5, i6, i7, i8, i9, i10, i11, i12, i13, i14, i15, i16, p17, p18, p19, p20, p21, p22, p23, p24, p25, p26, p27, p28, p29, p30, p31, p32, p33, p34, p35, i36]
debug_merge_point(0, 0, '293<main.rpyeffect:283([k@[k@[#823]#827]#831])>+2: {"op": "Jump". "target": 145}')
debug_merge_point(0, 0, '145<main.rpyeffect:135(Name(+_27))>+0: {"op": "New". "out": 0. "targets": [138. 140. 142. 144]. "args": {"num": [0]. "ptr": []}}')
debug_merge_point(0, 0, '145<main.rpyeffect:135(Name(+_27))>+1: {"op": "Return". "args": {"num": []. "ptr": [0]}}')
debug_merge_point(0, 0, '292<main.rpyeffect:282([k@[k@[k@[#823]#827]#831]#833])>+0: {"op": "Push". "target": 291. "args": {"num": []. "ptr": []}}')
debug_merge_point(0, 0, '292<main.rpyeffect:282([k@[k@[k@[#823]#827]#831]#833])>+1: {"op": "Invoke". "receiver": 0. "tag": Interned(%apply(n):n). "args" : {"num": [0]. "ptr": []}}')
debug_merge_point(0, 0, '138<main.rpyeffect:128([method_%apply(n):n@Name(+_27)#347])>+0: {"op": "Jump". "target": 136}')
debug_merge_point(0, 0, '136<main.rpyeffect:126([mcore:[#26]#343])>+0: {"op": "PrimOp". "name": "infixAdd(Int. Int): Int". "out": {"num": [0]. "ptr": []}. "in": {"num": [1. 0]. "ptr": []}}')
+220: i37 = int_add(i2, i1)
debug_merge_point(0, 0, '136<main.rpyeffect:126([mcore:[#26]#343])>+1: {"op": "Return". "args": {"num": [0]. "ptr": []}}')
debug_merge_point(0, 0, '291<main.rpyeffect:281([k@[k@[k@[k@[#823]#827]#831]#833]#835])>+0: {"op": "Push". "target": 290. "args": {"num": []. "ptr": []}}')
debug_merge_point(0, 0, '291<main.rpyeffect:281([k@[k@[k@[k@[#823]#827]#831]#833]#835])>+1: {"op": "Jump". "target": 165}')
debug_merge_point(0, 0, '165<main.rpyeffect:155(Name(mod_29))>+0: {"op": "New". "out": 0. "targets": [158. 160. 162. 164]. "args": {"num": [0]. "ptr": []}}')
debug_merge_point(0, 0, '165<main.rpyeffect:155(Name(mod_29))>+1: {"op": "Return". "args": {"num": []. "ptr": [0]}}')
debug_merge_point(0, 0, '290<main.rpyeffect:280([#837])>+0: {"op": "Const". "type": "num". "out": 0. "value": 1000000007}')
debug_merge_point(0, 0, '290<main.rpyeffect:280([#837])>+1: {"op": "Invoke". "receiver": 0. "tag": Interned(%apply(n):n). "args" : {"num": [0]. "ptr": []}}')
+224: guard_nonnull(p35, descr=<Guard0x14009e4a0>) [p0, i1, i2, i3, i4, i5, i6, i7, i8, i9, i10, i11, i12, i13, i14, i15, i16, p17, p18, p19, p20, p21, p22, p23, p24, p25, p26, p27, p28, p29, p30, p31, p32, p33, p34, p35, i36]
+232: i38 = getfield_gc_i(p35, descr=<FieldS rpyeffect.stored_environment.Stack__arb_arb.inst_target 16 pure>)
+236: guard_value(i38, 294, descr=<Guard0x14009e4e0>) [p0, i1, i2, i3, i4, i5, i6, i7, i8, i9, i10, i11, i12, i13, i14, i15, i16, p17, p18, p19, p20, p21, p22, p23, p24, p25, p26, p27, p28, p29, p30, p31, p32, p33, p34, p35, i36]
debug_merge_point(0, 0, '158<main.rpyeffect:148([method_%apply(n):n@Name(mod_29)#407])>+0: {"op": "Jump". "target": 156}')
debug_merge_point(0, 0, '156<main.rpyeffect:146([mcore:[#28]#403])>+0: {"op": "PrimOp". "name": "mod(Int. Int): Int". "out": {"num": [0]. "ptr": []}. "in": {"num": [1. 0]. "ptr": []}}')
+248: i41 = int_rshift(i37, 63)
+256: i42 = int_xor(i37, i41)
+260: i44 = uint_mul_high(i42, -8543223828751151131)
+280: i46 = uint_rshift(i44, 29)
+288: i47 = int_xor(i46, i41)
+292: i49 = int_mul(i47, 1000000007)
+304: i50 = int_sub(i37, i49)
debug_merge_point(0, 0, '156<main.rpyeffect:146([mcore:[#28]#403])>+1: {"op": "Return". "args": {"num": [0]. "ptr": []}}')
+308: p51 = getfield_gc_r(p35, descr=<FieldP rpyeffect.stored_environment.Stack__0_1.inst_values_ptr_0 40 pure>)
+312: p52 = getfield_gc_r(p35, descr=<FieldP rpyeffect.stored_environment.Stack__arb_arb.inst_tail 8 pure>)
debug_merge_point(0, 0, '294<main.rpyeffect:284([k@[#823]#827])>+0: {"op": "Const". "type": "num". "out": 1. "value": 0}')
debug_merge_point(0, 0, '294<main.rpyeffect:284([k@[#823]#827])>+1: {"op": "Push". "target": 293. "args": {"num": [0]. "ptr": []}}')
debug_merge_point(0, 0, '294<main.rpyeffect:284([k@[#823]#827])>+2: {"op": "Copy". "type": "num". "from": 1. "to". 0}')
debug_merge_point(0, 0, '294<main.rpyeffect:284([k@[#823]#827])>+3: {"op": "Jump". "target": 277}')
debug_merge_point(0, 0, '277<main.rpyeffect:267(Name(k_145))>+0: {"op": "PushStack". "arg": 0}')
+316: guard_isnull(p34, descr=<Guard0x14009e520>) [p0, i1, i2, i3, i4, i5, i6, i7, i8, i9, i10, i11, i12, i13, i14, i15, i16, p17, p18, p19, p20, p21, p22, p23, p24, p25, p26, p27, p28, p29, p30, p31, p32, p33, p34, p35, i36]
+328: guard_nonnull_class(p51, ConstClass(MetaStackWithBinding), descr=<Guard0x1400a7150>) [p0, i1, i2, i3, i4, i5, i6, i7, i8, i9, i10, i11, i12, i13, i14, i15, i16, p17, p18, p19, p20, p21, p22, p23, p24, p25, p26, p27, p28, p29, p30, p31, p32, p33, p34, p35, i36]
+352: p54 = getfield_gc_r(p51, descr=<FieldP rpyeffect.stack.MetaStack.inst_region 24 pure>)
+356: guard_isnull(p54, descr=<Guard0x14009e560>) [p0, i1, i2, i3, i4, i5, i6, i7, i8, i9, i10, i11, i12, i13, i14, i15, i16, p17, p18, p19, p20, p21, p22, p23, p24, p25, p26, p27, p28, p29, p30, p31, p32, p33, p34, p35, i36]
+364: p55 = getfield_gc_r(p51, descr=<FieldP rpyeffect.stack.MetaStackLike.inst_stack 8 pure>)
+368: p56 = getfield_gc_r(p51, descr=<FieldP rpyeffect.stack.MetaStack.inst_tail 32 pure>)
+372: guard_nonnull_class(p56, ConstClass(MetaStackWithBinding), descr=<Guard0x1400a71a8>) [p0, i1, i2, i3, i4, i5, i6, i7, i8, i9, i10, i11, i12, i13, i14, i15, i16, p17, p18, p19, p20, p21, p22, p23, p24, p25, p26, p27, p28, p29, p30, p31, p32, p33, p34, p35, i36]
+396: p58 = getfield_gc_r(p56, descr=<FieldP rpyeffect.stack.MetaStack.inst_region 24 pure>)
+400: guard_isnull(p58, descr=<Guard0x14009e5a0>) [p0, i1, i2, i3, i4, i5, i6, i7, i8, i9, i10, i11, i12, i13, i14, i15, i16, p17, p18, p19, p20, p21, p22, p23, p24, p25, p26, p27, p28, p29, p30, p31, p32, p33, p34, p35, i36]
+408: p59 = getfield_gc_r(p56, descr=<FieldP rpyeffect.stack.MetaStackLike.inst_stack 8 pure>)
+412: p60 = getfield_gc_r(p56, descr=<FieldP rpyeffect.stack.MetaStack.inst_tail 32 pure>)
+416: guard_nonnull_class(p60, 4301614792, descr=<Guard0x1400a7200>) [p0, i1, i2, i3, i4, i5, i6, i7, i8, i9, i10, i11, i12, i13, i14, i15, i16, p17, p18, p19, p20, p21, p22, p23, p24, p25, p26, p27, p28, p29, p30, p31, p32, p33, p34, p35, i36]
+440: p62 = getfield_gc_r(p60, descr=<FieldP rpyeffect.stack.MetaStack.inst_region 24 pure>)
+444: guard_isnull(p62, descr=<Guard0x14009e5e0>) [p0, i1, i2, i3, i4, i5, i6, i7, i8, i9, i10, i11, i12, i13, i14, i15, i16, p17, p18, p19, p20, p21, p22, p23, p24, p25, p26, p27, p28, p29, p30, p31, p32, p33, p34, p35, i36]
+452: p63 = getfield_gc_r(p60, descr=<FieldP rpyeffect.stack.MetaStackLike.inst_stack 8 pure>)
+456: p64 = getfield_gc_r(p60, descr=<FieldP rpyeffect.stack.MetaStack.inst_tail 32 pure>)
+460: guard_isnull(p64, descr=<Guard0x14009e620>) [p0, i1, i2, i3, i4, i5, i6, i7, i8, i9, i10, i11, i12, i13, i14, i15, i16, p17, p18, p19, p20, p21, p22, p23, p24, p25, p26, p27, p28, p29, p30, p31, p32, p33, p34, p35, i36]
+468: p65 = getfield_gc_r(p60, descr=<FieldP rpyeffect.stack.MetaStack.inst_label 16 pure>)
+472: p66 = getfield_gc_r(p56, descr=<FieldP rpyeffect.stack.MetaStack.inst_label 16 pure>)
+476: p67 = getfield_gc_r(p56, descr=<FieldP rpyeffect.stack.MetaStackWithBinding.inst_binding 40 pure>)
+480: guard_nonnull(p67, descr=<Guard0x14009e660>) [p0, i1, i2, i3, i4, i5, i6, i7, i8, i9, i10, i11, i12, i13, i14, i15, i16, p17, p18, p19, p20, p21, p22, p23, p24, p25, p26, p27, p28, p29, p30, p31, p32, p33, p34, p35, i36]
+488: p68 = getfield_gc_r(p51, descr=<FieldP rpyeffect.stack.MetaStack.inst_label 16 pure>)
+492: p69 = getfield_gc_r(p51, descr=<FieldP rpyeffect.stack.MetaStackWithBinding.inst_binding 40 pure>)
+496: guard_nonnull(p69, descr=<Guard0x14009e6a0>) [p0, i1, i2, i3, i4, i5, i6, i7, i8, i9, i10, i11, i12, i13, i14, i15, i16, p17, p18, p19, p20, p21, p22, p23, p24, p25, p26, p27, p28, p29, p30, p31, p32, p33, p34, p35, i36]
+504: guard_nonnull(p55, descr=<Guard0x14009e6e0>) [p0, i1, i2, i3, i4, i5, i6, i7, i8, i9, i10, i11, i12, i13, i14, i15, i16, p17, p18, p19, p20, p21, p22, p23, p24, p25, p26, p27, p28, p29, p30, p31, p32, p33, p34, p35, i36]
+512: i70 = getfield_gc_i(p55, descr=<FieldS rpyeffect.stored_environment.Stack__arb_arb.inst_target 16 pure>)
+516: guard_value(i70, 220, descr=<Guard0x14009e720>) [p0, i1, i2, i3, i4, i5, i6, i7, i8, i9, i10, i11, i12, i13, i14, i15, i16, p17, p18, p19, p20, p21, p22, p23, p24, p25, p26, p27, p28, p29, p30, p31, p32, p33, p34, p35, i36]
debug_merge_point(0, 0, '277<main.rpyeffect:267(Name(k_145))>+1: {"op": "Return". "args": {"num": [0]. "ptr": []}}')
+528: i72 = getfield_gc_i(p55, descr=<FieldS rpyeffect.stored_environment.Stack__1_0.inst_values_num_0 40 pure>)
+532: p73 = getfield_gc_r(p55, descr=<FieldP rpyeffect.stored_environment.Stack__arb_arb.inst_tail 8 pure>)
+536: guard_nonnull(p73, descr=<Guard0x14009e760>) [p0, i1, i2, i3, i4, i5, i6, i7, i8, i9, i10, i11, i12, i13, i14, i15, i16, p17, p18, p19, p20, p21, p22, p23, p24, p25, p26, p27, p28, p29, p30, p31, p32, p33, p34, p35, i36]
+544: i74 = getfield_gc_i(p73, descr=<FieldS rpyeffect.stored_environment.Stack__arb_arb.inst_target 16 pure>)
+548: guard_value(i74, 209, descr=<Guard0x14009e7a0>) [p0, i1, i2, i3, i4, i5, i6, i7, i8, i9, i10, i11, i12, i13, i14, i15, i16, p17, p18, p19, p20, p21, p22, p23, p24, p25, p26, p27, p28, p29, p30, p31, p32, p33, p34, p35, i36]
debug_merge_point(0, 0, '220<main.rpyeffect:210([k@[switch case for 0#562]#572])>+0: {"op": "Swap". "type": "num". "a": 1. "b". 0}')
+560: p76 = new_with_vtable(descr=<SizeDescr 48>)
+664: p77 = new_with_vtable(descr=<SizeDescr 40>)
+676: setfield_gc(p77, p63, descr=<FieldP rpyeffect.stack.MetaStackLike.inst_stack 8 pure>)
+680: setfield_gc(p77, p65, descr=<FieldP rpyeffect.stack.MetaStack.inst_label 16 pure>)
+684: setfield_gc(p77, ConstPtr(null), descr=<FieldP rpyeffect.stack.MetaStack.inst_region 24 pure>)
+692: p79 = new_with_vtable(descr=<SizeDescr 40>)
+704: p80 = new_with_vtable(descr=<SizeDescr 48>)
+716: setfield_gc(p80, p52, descr=<FieldP rpyeffect.stored_environment.Stack__arb_arb.inst_tail 8 pure>)
+720: setfield_gc(p80, 293, descr=<FieldS rpyeffect.stored_environment.Stack__arb_arb.inst_target 16 pure>)
+728: setfield_gc(p80, i50, descr=<FieldS rpyeffect.stored_environment.Stack__1_0.inst_values_num_0 40 pure>)
+732: setfield_gc(p79, p80, descr=<FieldP rpyeffect.stack.MetaStackLike.inst_stack 8 pure>)
+736: setfield_gc(p79, p32, descr=<FieldP rpyeffect.stack.MetaStack.inst_label 16 pure>)
+744: setfield_gc(p79, ConstPtr(null), descr=<FieldP rpyeffect.stack.MetaStack.inst_region 24 pure>)
+752: setfield_gc(p79, p33, descr=<FieldP rpyeffect.stack.MetaStack.inst_tail 32 pure>)
+760: setfield_gc(p77, p79, descr=<FieldP rpyeffect.stack.MetaStack.inst_tail 32 pure>)
+764: setfield_gc(p76, ConstPtr(null), descr=<FieldP rpyeffect.stack.MetaStack.inst_region 24 pure>)
+772: setfield_gc(p76, p59, descr=<FieldP rpyeffect.stack.MetaStackLike.inst_stack 8 pure>)
+776: setfield_gc(p76, p77, descr=<FieldP rpyeffect.stack.MetaStack.inst_tail 32 pure>)
+780: setfield_gc(p76, p66, descr=<FieldP rpyeffect.stack.MetaStack.inst_label 16 pure>)
+784: setfield_gc(p76, p67, descr=<FieldP rpyeffect.stack.MetaStackWithBinding.inst_binding 40 pure>)
+804: jump(p68, p73, p0, p76, p69, 0, i72, i3, i4, i5, i6, i7, i8, i9, i10, i11, i12, i13, i14, i15, i16, p51, p17, p18, p19, p20, p21, p22, p23, p24, p25, p26, p27, p28, p29, p30, p31, descr=TargetToken(4834671680))
+1028: --end of the loop--
[23e42be] jit-log-opt-bridge}
[26ff24e] {jit-log-opt-loop
# Loop 12 (226<main.rpyeffect:216(Name(choice_48))>+1: {"op": "Jump", "target": 69}) : entry bridge with 161 ops
[p0, p1, p2, p3, p4]
+360: p5 = getfield_gc_r(p2, descr=<FieldP rpyeffect.environment.Environment.inst_values_num 16>)
+368: i7 = getarrayitem_gc_i(p5, 0, descr=<ArrayS 8>)
+372: i9 = getarrayitem_gc_i(p5, 1, descr=<ArrayS 8>)
+376: i11 = getarrayitem_gc_i(p5, 2, descr=<ArrayS 8>)
+380: i13 = getarrayitem_gc_i(p5, 3, descr=<ArrayS 8>)
+384: i15 = getarrayitem_gc_i(p5, 4, descr=<ArrayS 8>)
+388: i17 = getarrayitem_gc_i(p5, 5, descr=<ArrayS 8>)
+392: i19 = getarrayitem_gc_i(p5, 6, descr=<ArrayS 8>)
+396: i21 = getarrayitem_gc_i(p5, 7, descr=<ArrayS 8>)
+400: i23 = getarrayitem_gc_i(p5, 8, descr=<ArrayS 8>)
+404: i25 = getarrayitem_gc_i(p5, 9, descr=<ArrayS 8>)
+408: i27 = getarrayitem_gc_i(p5, 10, descr=<ArrayS 8>)
+412: i29 = getarrayitem_gc_i(p5, 11, descr=<ArrayS 8>)
+416: i31 = getarrayitem_gc_i(p5, 12, descr=<ArrayS 8>)
+420: i33 = getarrayitem_gc_i(p5, 13, descr=<ArrayS 8>)
+424: i35 = getarrayitem_gc_i(p5, 14, descr=<ArrayS 8>)
+432: i37 = getarrayitem_gc_i(p5, 15, descr=<ArrayS 8>)
+436: p38 = getfield_gc_r(p2, descr=<FieldP rpyeffect.environment.Environment.inst_values_ptr 24>)
+440: p40 = getarrayitem_gc_r(p38, 0, descr=<ArrayP 8>)
+448: p42 = getarrayitem_gc_r(p38, 1, descr=<ArrayP 8>)
+456: p44 = getarrayitem_gc_r(p38, 2, descr=<ArrayP 8>)
+464: p46 = getarrayitem_gc_r(p38, 3, descr=<ArrayP 8>)
+472: p48 = getarrayitem_gc_r(p38, 4, descr=<ArrayP 8>)
+480: p50 = getarrayitem_gc_r(p38, 5, descr=<ArrayP 8>)
+488: p52 = getarrayitem_gc_r(p38, 6, descr=<ArrayP 8>)
+496: p54 = getarrayitem_gc_r(p38, 7, descr=<ArrayP 8>)
+504: p56 = getarrayitem_gc_r(p38, 8, descr=<ArrayP 8>)
+512: p58 = getarrayitem_gc_r(p38, 9, descr=<ArrayP 8>)
+520: p60 = getarrayitem_gc_r(p38, 10, descr=<ArrayP 8>)
+528: p62 = getarrayitem_gc_r(p38, 11, descr=<ArrayP 8>)
+536: p64 = getarrayitem_gc_r(p38, 12, descr=<ArrayP 8>)
+544: p66 = getarrayitem_gc_r(p38, 13, descr=<ArrayP 8>)
+552: p68 = getarrayitem_gc_r(p38, 14, descr=<ArrayP 8>)
+560: p70 = getarrayitem_gc_r(p38, 15, descr=<ArrayP 8>)
debug_merge_point(0, 0, '226<main.rpyeffect:216(Name(choice_48))>+1: {"op": "Jump". "target": 69}')
+564: guard_not_invalidated(descr=<Guard0x1400a7468>) [p2, i7, i9, i11, i13, i15, i17, i19, i21, i23, i25, i27, i29, i31, i33, i35, i37, p40, p42, p44, p46, p48, p50, p52, p54, p56, p58, p60, p62, p64, p66, p68, p70, p0, p1, p3, p4]
+568: guard_nonnull(p1, descr=<Guard0x14009e960>) [p2, i7, i9, i11, i13, i15, i17, i19, i21, i23, i25, i27, i29, i31, i33, i35, i37, p40, p42, p44, p46, p48, p50, p52, p54, p56, p58, p60, p62, p64, p66, p68, p70, p0, p1, p3, p4]
+580: i71 = getfield_gc_i(p1, descr=<FieldS rpyeffect.stored_environment.Stack__arb_arb.inst_target 16 pure>)
+596: guard_value(i71, 225, descr=<Guard0x14009e9a0>) [p2, i7, i9, i11, i13, i15, i17, i19, i21, i23, i25, i27, i29, i31, i33, i35, i37, p40, p42, p44, p46, p48, p50, p52, p54, p56, p58, p60, p62, p64, p66, p68, p70, p0, p1, p3, p4]
debug_merge_point(0, 0, '69<main.rpyeffect:59(Name(<_5))>+0: {"op": "New". "out": 0. "targets": [62. 64. 66. 68]. "args": {"num": [0]. "ptr": []}}')
debug_merge_point(0, 0, '69<main.rpyeffect:59(Name(<_5))>+1: {"op": "Return". "args": {"num": []. "ptr": [0]}}')
+608: i73 = getfield_gc_i(p1, descr=<FieldS rpyeffect.stored_environment.Stack__1_0.inst_values_num_0 40 pure>)
+612: p74 = getfield_gc_r(p1, descr=<FieldP rpyeffect.stored_environment.Stack__arb_arb.inst_tail 8 pure>)
debug_merge_point(0, 0, '225<main.rpyeffect:215([k@Name(choice_48)#543])>+0: {"op": "Const". "type": "num". "out": 1. "value": 1}')
debug_merge_point(0, 0, '225<main.rpyeffect:215([k@Name(choice_48)#543])>+1: {"op": "Push". "target": 224. "args": {"num": [0]. "ptr": []}}')
debug_merge_point(0, 0, '225<main.rpyeffect:215([k@Name(choice_48)#543])>+2: {"op": "Copy". "type": "num". "from": 1. "to". 0}')
debug_merge_point(0, 0, '225<main.rpyeffect:215([k@Name(choice_48)#543])>+3: {"op": "Invoke". "receiver": 0. "tag": Interned(%apply(n):n). "args" : {"num": [0]. "ptr": []}}')
debug_merge_point(0, 0, '62<main.rpyeffect:52([method_%apply(n):n@Name(<_5)#157])>+0: {"op": "Jump". "target": 60}')
debug_merge_point(0, 0, '60<main.rpyeffect:50([mcore:[#20]#153])>+0: {"op": "PrimOp". "name": "infixLt(Int. Int): Boolean". "out": {"num": [0]. "ptr": []}. "in": {"num": [1. 0]. "ptr": []}}')
+620: i76 = int_lt(i7, 1)
guard_false(i76, descr=<Guard0x14009e9e0>) [p2, i7, i9, i11, i13, i15, i17, i19, i21, i23, i25, i27, i29, i31, i33, i35, i37, p40, p42, p44, p46, p48, p50, p52, p54, p56, p58, p60, p62, p64, p66, p68, p70, p0, p1, p3, p4]
debug_merge_point(0, 0, '60<main.rpyeffect:50([mcore:[#20]#153])>+1: {"op": "Return". "args": {"num": [0]. "ptr": []}}')
debug_merge_point(0, 0, '224<main.rpyeffect:214([k@[k@Name(choice_48)#543]#547])>+0: {"op": "Switch". "scrutinee": 0. "values": [1]. "targets": [212]. "default": 223}')
+628: guard_nonnull(p74, descr=<Guard0x14009ea20>) [p2, i7, i9, i11, i13, i15, i17, i19, i21, i23, i25, i27, i29, i31, i33, i35, i37, p40, p42, p44, p46, p48, p50, p52, p54, p56, p58, p60, p62, p64, p66, p68, p70, p0, p1, p3, p4]
+636: i77 = getfield_gc_i(p74, descr=<FieldS rpyeffect.stored_environment.Stack__arb_arb.inst_target 16 pure>)
+644: guard_value(i77, 231, descr=<Guard0x14009ea60>) [p2, i7, i9, i11, i13, i15, i17, i19, i21, i23, i25, i27, i29, i31, i33, i35, i37, p40, p42, p44, p46, p48, p50, p52, p54, p56, p58, p60, p62, p64, p66, p68, p70, p0, p1, p3, p4]
debug_merge_point(0, 0, '223<main.rpyeffect:213([switch default case#561])>+0: {"op": "Swap". "type": "num". "a": 1. "b". 0}')
debug_merge_point(0, 0, '223<main.rpyeffect:213([switch default case#561])>+1: {"op": "Switch". "scrutinee": 1. "values": [0]. "targets": [221]. "default": 222}')
debug_merge_point(0, 0, '221<main.rpyeffect:211([switch case for 0#562])>+0: {"op": "Const". "type": "num". "out": 1. "value": 0}')
debug_merge_point(0, 0, '221<main.rpyeffect:211([switch case for 0#562])>+1: {"op": "Const". "type": "ptr". "out": 0. "format": "string". "value": "Name(Flip_0)"}')
debug_merge_point(0, 0, '221<main.rpyeffect:211([switch case for 0#562])>+2: {"op": "PrimOp". "name": "getGlobal(String): Ptr". "out": {"num": []. "ptr": [0]}. "in": {"num": []. "ptr": [0]}}')
debug_merge_point(0, 0, '221<main.rpyeffect:211([switch case for 0#562])>+3: {"op": "GetDynamic". "out": 0. "n": 1. "label": 0}')
+656: guard_nonnull(p4, descr=<Guard0x14009eaa0>) [p2, i7, i9, i11, i13, i15, i17, i19, i21, i23, i25, i27, i29, i31, i33, i35, i37, p40, p42, p44, p46, p48, p50, p52, p54, p56, p58, p60, p62, p64, p66, p68, p70, p0, p1, p3, p4]
+668: i79 = getfield_gc_i(p0, descr=<FieldS rpyeffect.stack.Label.inst_origin 8 pure>)
+680: i81 = int_ne(i79, 334879)
guard_false(i81, descr=<Guard0x14009eae0>) [p2, i7, i9, i11, i13, i15, i17, i19, i21, i23, i25, i27, i29, i31, i33, i35, i37, p40, p42, p44, p46, p48, p50, p52, p54, p56, p58, p60, p62, p64, p66, p68, p70, p0, p1, p3, p4]
+704: i83 = instance_ptr_eq(p0, ConstPtr(ptr82))
guard_true(i83, descr=<Guard0x14009eb20>) [p2, i7, i9, i11, i13, i15, i17, i19, i21, i23, i25, i27, i29, i31, i33, i35, i37, p40, p42, p44, p46, p48, p50, p52, p54, p56, p58, p60, p62, p64, p66, p68, p70, p0, p1, p3, p4]
debug_merge_point(0, 0, '221<main.rpyeffect:211([switch case for 0#562])>+4: {"op": "Construct". "out": 1. "type": Interned({"op": "eff$Tuple". "elements": []}). "tag": Interned({"op": "eff$Tuple". "elements": []}). "args": {"num": []. "ptr": []}}')
debug_merge_point(0, 0, '221<main.rpyeffect:211([switch case for 0#562])>+5: {"op": "Push". "target": 220. "args": {"num": [0]. "ptr": []}}')
debug_merge_point(0, 0, '221<main.rpyeffect:211([switch case for 0#562])>+6: {"op": "Swap". "type": "ptr". "a": 1. "b". 0}')
debug_merge_point(0, 0, '221<main.rpyeffect:211([switch case for 0#562])>+7: {"op": "Invoke". "receiver": 1. "tag": Interned(%Flip_0(p):n). "args" : {"num": []. "ptr": [0]}}')
+712: p84 = getfield_gc_r(p4, descr=<FieldP rpyeffect.stored_environment.CoData__arb_arb.inst_vtable 24 pure>)
+728: guard_value(p84, ConstPtr(ptr85), descr=<Guard0x14009eb60>) [p2, i7, i9, i11, i13, i15, i17, i19, i21, i23, i25, i27, i29, i31, i33, i35, i37, p40, p42, p44, p46, p48, p50, p52, p54, p56, p58, p60, p62, p64, p66, p68, p70, p0, p1, p3, p4]
+736: p86 = getfield_gc_r(p4, descr=<FieldP rpyeffect.stored_environment.CoData__0_1.inst_values_ptr_0 32 pure>)
debug_merge_point(0, 0, '296<main.rpyeffect:286([method_%Flip_0(p):n@[mcore:[#56]#774]#812])>+0: {"op": "Const". "type": "num". "out": 0. "value": 0}')
debug_merge_point(0, 0, '296<main.rpyeffect:286([method_%Flip_0(p):n@[mcore:[#56]#774]#812])>+1: {"op": "ShiftDyn". "out": 1. "n": 0. "label": 1}')
+740: i87 = getfield_gc_i(p86, descr=<FieldS rpyeffect.stack.Label.inst_origin 8 pure>)
+744: i89 = int_ne(334879, i87)
guard_true(i89, descr=<Guard0x14009eba0>) [p2, i7, i9, i11, i13, i15, i17, i19, i21, i23, i25, i27, i29, i31, i33, i35, i37, p40, p42, p44, p46, p48, p50, p52, p54, p56, p58, p60, p62, p64, p66, p68, p70, p0, p1, p3, p4]
+764: p90 = getfield_gc_r(p3, descr=<FieldP rpyeffect.stack.MetaStack.inst_region 24 pure>)
+776: guard_isnull(p90, descr=<Guard0x14009ebe0>) [p2, i7, i9, i11, i13, i15, i17, i19, i21, i23, i25, i27, i29, i31, i33, i35, i37, p40, p42, p44, p46, p48, p50, p52, p54, p56, p58, p60, p62, p64, p66, p68, p70, p0, p1, p3, p4]
+784: p91 = getfield_gc_r(p3, descr=<FieldP rpyeffect.stack.MetaStack.inst_label 16 pure>)
+788: i92 = getfield_gc_i(p91, descr=<FieldS rpyeffect.stack.Label.inst_origin 8 pure>)
+796: i93 = int_ne(i92, i87)
guard_true(i93, descr=<Guard0x14009ec20>) [p2, i7, i9, i11, i13, i15, i17, i19, i21, i23, i25, i27, i29, i31, i33, i35, i37, p40, p42, p44, p46, p48, p50, p52, p54, p56, p58, p60, p62, p64, p66, p68, p70, p0, p1, p3, p4]
+804: p94 = getfield_gc_r(p3, descr=<FieldP rpyeffect.stack.MetaStack.inst_tail 32 pure>)
+808: p95 = getfield_gc_r(p94, descr=<FieldP rpyeffect.stack.MetaStack.inst_region 24 pure>)
+816: guard_isnull(p95, descr=<Guard0x14009ec60>) [p2, i7, i9, i11, i13, i15, i17, i19, i21, i23, i25, i27, i29, i31, i33, i35, i37, p40, p42, p44, p46, p48, p50, p52, p54, p56, p58, p60, p62, p64, p66, p68, p70, p0, p1, p3, p4]
+824: p96 = getfield_gc_r(p94, descr=<FieldP rpyeffect.stack.MetaStack.inst_label 16 pure>)
+828: i97 = getfield_gc_i(p96, descr=<FieldS rpyeffect.stack.Label.inst_origin 8 pure>)
+836: i98 = int_ne(i97, i87)
guard_false(i98, descr=<Guard0x14009eca0>) [p2, i7, i9, i11, i13, i15, i17, i19, i21, i23, i25, i27, i29, i31, i33, i35, i37, p40, p42, p44, p46, p48, p50, p52, p54, p56, p58, p60, p62, p64, p66, p68, p70, p0, p1, p3, p4]
+844: i99 = instance_ptr_eq(p96, p86)
guard_true(i99, descr=<Guard0x14009ece0>) [p2, i7, i9, i11, i13, i15, i17, i19, i21, i23, i25, i27, i29, i31, i33, i35, i37, p40, p42, p44, p46, p48, p50, p52, p54, p56, p58, p60, p62, p64, p66, p68, p70, p0, p1, p3, p4]
+852: p100 = getfield_gc_r(p94, descr=<FieldP rpyeffect.stack.MetaStackLike.inst_stack 8 pure>)
+856: guard_class(p94, 4301614792, descr=<Guard0x14009ed20>) [p2, i7, i9, i11, i13, i15, i17, i19, i21, i23, i25, i27, i29, i31, i33, i35, i37, p40, p42, p44, p46, p48, p50, p52, p54, p56, p58, p60, p62, p64, p66, p68, p70, p0, p1, p3, p4]
+872: p102 = getfield_gc_r(p94, descr=<FieldP rpyeffect.stack.MetaStack.inst_tail 32 pure>)
+876: p103 = getfield_gc_r(p3, descr=<FieldP rpyeffect.stack.MetaStackLike.inst_stack 8 pure>)
+880: guard_class(p3, ConstClass(MetaStackWithBinding), descr=<Guard0x14009ed60>) [p2, i7, i9, i11, i13, i15, i17, i19, i21, i23, i25, i27, i29, i31, i33, i35, i37, p40, p42, p44, p46, p48, p50, p52, p54, p56, p58, p60, p62, p64, p66, p68, p70, p0, p1, p3, p4]
+896: p105 = getfield_gc_r(p3, descr=<FieldP rpyeffect.stack.MetaStackWithBinding.inst_binding 40 pure>)
+900: guard_nonnull(p105, descr=<Guard0x14009eda0>) [p2, i7, i9, i11, i13, i15, i17, i19, i21, i23, i25, i27, i29, i31, i33, i35, i37, p40, p42, p44, p46, p48, p50, p52, p54, p56, p58, p60, p62, p64, p66, p68, p70, p0, p1, p3, p4]
+908: guard_nonnull_class(p102, 4301614792, descr=<Guard0x1400a74c0>) [p2, i7, i9, i11, i13, i15, i17, i19, i21, i23, i25, i27, i29, i31, i33, i35, i37, p40, p42, p44, p46, p48, p50, p52, p54, p56, p58, p60, p62, p64, p66, p68, p70, p0, p1, p3, p4]
+932: p107 = getfield_gc_r(p102, descr=<FieldP rpyeffect.stack.MetaStackLike.inst_stack 8 pure>)
+940: p108 = getfield_gc_r(p102, descr=<FieldP rpyeffect.stack.MetaStack.inst_label 16 pure>)
+948: p109 = getfield_gc_r(p102, descr=<FieldP rpyeffect.stack.MetaStack.inst_tail 32 pure>)
+952: guard_nonnull(p107, descr=<Guard0x14009ede0>) [p2, i7, i9, i11, i13, i15, i17, i19, i21, i23, i25, i27, i29, i31, i33, i35, i37, p40, p42, p44, p46, p48, p50, p52, p54, p56, p58, p60, p62, p64, p66, p68, p70, p0, p1, p3, p4]
+960: i110 = getfield_gc_i(p107, descr=<FieldS rpyeffect.stored_environment.Stack__arb_arb.inst_target 16 pure>)
+968: guard_value(i110, 294, descr=<Guard0x14009ee20>) [p2, i7, i9, i11, i13, i15, i17, i19, i21, i23, i25, i27, i29, i31, i33, i35, i37, p40, p42, p44, p46, p48, p50, p52, p54, p56, p58, p60, p62, p64, p66, p68, p70, p0, p1, p3, p4]
debug_merge_point(0, 0, '296<main.rpyeffect:286([method_%Flip_0(p):n@[mcore:[#56]#774]#812])>+2: {"op": "Swap". "type": "ptr". "a": 1. "b". 0}')
debug_merge_point(0, 0, '296<main.rpyeffect:286([method_%Flip_0(p):n@[mcore:[#56]#774]#812])>+3: {"op": "Match". "type": Interned({"op": "eff$Tuple". "elements": []}). "scrutinee": 1. "clauses": [{"tag": Interned({"op": "eff$Tuple". "elements": []}). "target": 295. "args": {"num": []. "ptr": []}}]. "default": {"tag": Interned(c1ad4e97-e16b-4180-ac28-d851f2c5f77a#[Missing Tag#1081]). "target": 289. "args": {"num": []. "ptr": []}}}')
debug_merge_point(0, 0, '295<main.rpyeffect:285([#823])>+0: {"op": "Const". "type": "num". "out": 0. "value": 1}')
debug_merge_point(0, 0, '295<main.rpyeffect:285([#823])>+1: {"op": "Push". "target": 294. "args": {"num": []. "ptr": [0]}}')
debug_merge_point(0, 0, '295<main.rpyeffect:285([#823])>+2: {"op": "Jump". "target": 277}')
debug_merge_point(0, 0, '277<main.rpyeffect:267(Name(k_145))>+0: {"op": "PushStack". "arg": 0}')
debug_merge_point(0, 0, '277<main.rpyeffect:267(Name(k_145))>+1: {"op": "Return". "args": {"num": [0]. "ptr": []}}')
debug_merge_point(0, 0, '220<main.rpyeffect:210([k@[switch case for 0#562]#572])>+0: {"op": "Swap". "type": "num". "a": 1. "b". 0}')
+980: p112 = new_with_vtable(descr=<SizeDescr 48>)
+1092: p113 = new_with_vtable(descr=<SizeDescr 40>)
+1104: setfield_gc(p113, p100, descr=<FieldP rpyeffect.stack.MetaStackLike.inst_stack 8 pure>)
+1108: setfield_gc(p113, p96, descr=<FieldP rpyeffect.stack.MetaStack.inst_label 16 pure>)
+1112: setfield_gc(p113, ConstPtr(null), descr=<FieldP rpyeffect.stack.MetaStack.inst_region 24 pure>)
+1120: p115 = new_with_vtable(descr=<SizeDescr 40>)
+1132: p116 = new_with_vtable(descr=<SizeDescr 48>)
+1144: setfield_gc(p116, p107, descr=<FieldP rpyeffect.stored_environment.Stack__arb_arb.inst_tail 8 pure>)
+1148: setfield_gc(p116, 294, descr=<FieldS rpyeffect.stored_environment.Stack__arb_arb.inst_target 16 pure>)
+1156: p118 = new_with_vtable(descr=<SizeDescr 48>)
+1168: p119 = new_with_vtable(descr=<SizeDescr 48>)
+1180: setfield_gc(p119, p74, descr=<FieldP rpyeffect.stored_environment.Stack__arb_arb.inst_tail 8 pure>)
+1184: setfield_gc(p119, 220, descr=<FieldS rpyeffect.stored_environment.Stack__arb_arb.inst_target 16 pure>)
+1192: setfield_gc(p119, i73, descr=<FieldS rpyeffect.stored_environment.Stack__1_0.inst_values_num_0 40 pure>)
+1196: setfield_gc(p118, p119, descr=<FieldP rpyeffect.stack.MetaStackLike.inst_stack 8 pure>)
+1200: setfield_gc(p118, p0, descr=<FieldP rpyeffect.stack.MetaStack.inst_label 16 pure>)
+1204: setfield_gc(p118, ConstPtr(null), descr=<FieldP rpyeffect.stack.MetaStack.inst_region 24 pure>)
+1212: p122 = new_with_vtable(descr=<SizeDescr 48>)
+1228: setfield_gc(p122, p103, descr=<FieldP rpyeffect.stack.MetaStackLike.inst_stack 8 pure>)
+1232: setfield_gc(p122, p91, descr=<FieldP rpyeffect.stack.MetaStack.inst_label 16 pure>)
+1240: setfield_gc(p122, ConstPtr(null), descr=<FieldP rpyeffect.stack.MetaStack.inst_region 24 pure>)
+1252: p124 = new_with_vtable(descr=<SizeDescr 40>)
+1264: setfield_gc(p124, p100, descr=<FieldP rpyeffect.stack.MetaStackLike.inst_stack 8 pure>)
+1268: setfield_gc(p124, p96, descr=<FieldP rpyeffect.stack.MetaStack.inst_label 16 pure>)
+1272: setfield_gc(p124, ConstPtr(null), descr=<FieldP rpyeffect.stack.MetaStack.inst_region 24 pure>)
+1280: setfield_gc(p124, ConstPtr(null), descr=<FieldP rpyeffect.stack.MetaStack.inst_tail 32 pure>)
+1288: setfield_gc(p122, p124, descr=<FieldP rpyeffect.stack.MetaStack.inst_tail 32 pure>)
+1292: setfield_gc(p122, p105, descr=<FieldP rpyeffect.stack.MetaStackWithBinding.inst_binding 40 pure>)
+1300: setfield_gc(p118, p122, descr=<FieldP rpyeffect.stack.MetaStack.inst_tail 32 pure>)
+1304: setfield_gc(p118, p4, descr=<FieldP rpyeffect.stack.MetaStackWithBinding.inst_binding 40 pure>)
+1308: setfield_gc(p116, p118, descr=<FieldP rpyeffect.stored_environment.Stack__0_1.inst_values_ptr_0 40 pure>)
+1312: setfield_gc(p115, p116, descr=<FieldP rpyeffect.stack.MetaStackLike.inst_stack 8 pure>)
+1316: setfield_gc(p115, p108, descr=<FieldP rpyeffect.stack.MetaStack.inst_label 16 pure>)
+1320: setfield_gc(p115, ConstPtr(null), descr=<FieldP rpyeffect.stack.MetaStack.inst_region 24 pure>)
+1328: setfield_gc(p115, p109, descr=<FieldP rpyeffect.stack.MetaStack.inst_tail 32 pure>)
+1332: setfield_gc(p113, p115, descr=<FieldP rpyeffect.stack.MetaStack.inst_tail 32 pure>)
+1336: p128 = new_with_vtable(descr=<SizeDescr 32>)
+1348: setfield_gc(p112, ConstPtr(null), descr=<FieldP rpyeffect.stack.MetaStack.inst_region 24 pure>)
+1356: setfield_gc(p112, p91, descr=<FieldP rpyeffect.stack.MetaStack.inst_label 16 pure>)
+1360: setfield_gc(p112, p113, descr=<FieldP rpyeffect.stack.MetaStack.inst_tail 32 pure>)
+1364: setfield_gc(p112, p103, descr=<FieldP rpyeffect.stack.MetaStackLike.inst_stack 8 pure>)
+1368: setfield_gc(p112, p105, descr=<FieldP rpyeffect.stack.MetaStackWithBinding.inst_binding 40 pure>)
+1376: setfield_gc(p128, ConstPtr(ptr130), descr=<FieldP rpyeffect.stored_environment.Data__arb_arb.inst_tag 8>)
+1428: jump(p0, p74, p2, p112, p4, 1, i73, i11, i13, i15, i17, i19, i21, i23, i25, i27, i29, i31, i33, i35, i37, p118, p128, p44, p46, p48, p50, p52, p54, p56, p58, p60, p62, p64, p66, p68, p70, descr=TargetToken(5102373968))
+1780: --end of the loop--
[272622a] jit-log-opt-loop}
[2b82cdd] {jit-log-opt-loop
# Loop 13 (225<main.rpyeffect:215([k@Name(choice_48)#543])>+2: {"op": "Copy", "type": "num", "from": 1, "to", 0}) : entry bridge with 159 ops
[p0, p1, p2, p3, p4]
+376: p5 = getfield_gc_r(p2, descr=<FieldP rpyeffect.environment.Environment.inst_values_num 16>)
+384: i7 = getarrayitem_gc_i(p5, 0, descr=<ArrayS 8>)
+388: i9 = getarrayitem_gc_i(p5, 1, descr=<ArrayS 8>)
+392: i11 = getarrayitem_gc_i(p5, 2, descr=<ArrayS 8>)
+396: i13 = getarrayitem_gc_i(p5, 3, descr=<ArrayS 8>)
+400: i15 = getarrayitem_gc_i(p5, 4, descr=<ArrayS 8>)
+404: i17 = getarrayitem_gc_i(p5, 5, descr=<ArrayS 8>)
+408: i19 = getarrayitem_gc_i(p5, 6, descr=<ArrayS 8>)
+412: i21 = getarrayitem_gc_i(p5, 7, descr=<ArrayS 8>)
+416: i23 = getarrayitem_gc_i(p5, 8, descr=<ArrayS 8>)
+420: i25 = getarrayitem_gc_i(p5, 9, descr=<ArrayS 8>)
+424: i27 = getarrayitem_gc_i(p5, 10, descr=<ArrayS 8>)
+428: i29 = getarrayitem_gc_i(p5, 11, descr=<ArrayS 8>)
+432: i31 = getarrayitem_gc_i(p5, 12, descr=<ArrayS 8>)
+436: i33 = getarrayitem_gc_i(p5, 13, descr=<ArrayS 8>)
+440: i35 = getarrayitem_gc_i(p5, 14, descr=<ArrayS 8>)
+448: i37 = getarrayitem_gc_i(p5, 15, descr=<ArrayS 8>)
+452: p38 = getfield_gc_r(p2, descr=<FieldP rpyeffect.environment.Environment.inst_values_ptr 24>)
+456: p40 = getarrayitem_gc_r(p38, 0, descr=<ArrayP 8>)
+464: p42 = getarrayitem_gc_r(p38, 1, descr=<ArrayP 8>)
+472: p44 = getarrayitem_gc_r(p38, 2, descr=<ArrayP 8>)
+480: p46 = getarrayitem_gc_r(p38, 3, descr=<ArrayP 8>)
+488: p48 = getarrayitem_gc_r(p38, 4, descr=<ArrayP 8>)
+496: p50 = getarrayitem_gc_r(p38, 5, descr=<ArrayP 8>)
+504: p52 = getarrayitem_gc_r(p38, 6, descr=<ArrayP 8>)
+512: p54 = getarrayitem_gc_r(p38, 7, descr=<ArrayP 8>)
+520: p56 = getarrayitem_gc_r(p38, 8, descr=<ArrayP 8>)
+528: p58 = getarrayitem_gc_r(p38, 9, descr=<ArrayP 8>)
+536: p60 = getarrayitem_gc_r(p38, 10, descr=<ArrayP 8>)
+544: p62 = getarrayitem_gc_r(p38, 11, descr=<ArrayP 8>)
+552: p64 = getarrayitem_gc_r(p38, 12, descr=<ArrayP 8>)
+560: p66 = getarrayitem_gc_r(p38, 13, descr=<ArrayP 8>)
+568: p68 = getarrayitem_gc_r(p38, 14, descr=<ArrayP 8>)
+576: p70 = getarrayitem_gc_r(p38, 15, descr=<ArrayP 8>)
debug_merge_point(0, 0, '225<main.rpyeffect:215([k@Name(choice_48)#543])>+2: {"op": "Copy". "type": "num". "from": 1. "to". 0}')
+580: guard_not_invalidated(descr=<Guard0x1400cda40>) [p2, i7, i9, i11, i13, i15, i17, i19, i21, i23, i25, i27, i29, i31, i33, i35, i37, p40, p42, p44, p46, p48, p50, p52, p54, p56, p58, p60, p62, p64, p66, p68, p70, p0, p1, p3, p4]
debug_merge_point(0, 0, '225<main.rpyeffect:215([k@Name(choice_48)#543])>+3: {"op": "Invoke". "receiver": 0. "tag": Interned(%apply(n):n). "args" : {"num": [0]. "ptr": []}}')
+584: p71 = getfield_gc_r(p40, descr=<FieldP rpyeffect.stored_environment.CoData__arb_arb.inst_vtable 24 pure>)
+600: guard_value(p71, ConstPtr(ptr72), descr=<Guard0x14009f5a0>) [p2, i7, i9, i11, i13, i15, i17, i19, i21, i23, i25, i27, i29, i31, i33, i35, i37, p40, p42, p44, p46, p48, p50, p52, p54, p56, p58, p60, p62, p64, p66, p68, p70, p0, p1, p3, p4]
+608: i73 = getfield_gc_i(p40, descr=<FieldS rpyeffect.stored_environment.CoData__1_0.inst_values_num_0 32 pure>)
+612: guard_nonnull(p1, descr=<Guard0x14009f5e0>) [p2, i7, i9, i11, i13, i15, i17, i19, i21, i23, i25, i27, i29, i31, i33, i35, i37, p40, p42, p44, p46, p48, p50, p52, p54, p56, p58, p60, p62, p64, p66, p68, p70, p0, p1, p3, p4]
+624: i74 = getfield_gc_i(p1, descr=<FieldS rpyeffect.stored_environment.Stack__arb_arb.inst_target 16 pure>)
+636: guard_value(i74, 224, descr=<Guard0x14009f620>) [p2, i7, i9, i11, i13, i15, i17, i19, i21, i23, i25, i27, i29, i31, i33, i35, i37, p40, p42, p44, p46, p48, p50, p52, p54, p56, p58, p60, p62, p64, p66, p68, p70, p0, p1, p3, p4]
debug_merge_point(0, 0, '62<main.rpyeffect:52([method_%apply(n):n@Name(<_5)#157])>+0: {"op": "Jump". "target": 60}')
debug_merge_point(0, 0, '60<main.rpyeffect:50([mcore:[#20]#153])>+0: {"op": "PrimOp". "name": "infixLt(Int. Int): Boolean". "out": {"num": [0]. "ptr": []}. "in": {"num": [1. 0]. "ptr": []}}')
+648: i76 = int_lt(i73, i9)
guard_false(i76, descr=<Guard0x14009f660>) [p2, i7, i9, i11, i13, i15, i17, i19, i21, i23, i25, i27, i29, i31, i33, i35, i37, p40, p42, p44, p46, p48, p50, p52, p54, p56, p58, p60, p62, p64, p66, p68, p70, p0, p1, p3, p4]
debug_merge_point(0, 0, '60<main.rpyeffect:50([mcore:[#20]#153])>+1: {"op": "Return". "args": {"num": [0]. "ptr": []}}')
+656: i77 = getfield_gc_i(p1, descr=<FieldS rpyeffect.stored_environment.Stack__1_0.inst_values_num_0 40 pure>)
+660: p78 = getfield_gc_r(p1, descr=<FieldP rpyeffect.stored_environment.Stack__arb_arb.inst_tail 8 pure>)
debug_merge_point(0, 0, '224<main.rpyeffect:214([k@[k@Name(choice_48)#543]#547])>+0: {"op": "Switch". "scrutinee": 0. "values": [1]. "targets": [212]. "default": 223}')
+664: guard_nonnull(p78, descr=<Guard0x14009f6a0>) [p2, i7, i9, i11, i13, i15, i17, i19, i21, i23, i25, i27, i29, i31, i33, i35, i37, p40, p42, p44, p46, p48, p50, p52, p54, p56, p58, p60, p62, p64, p66, p68, p70, p0, p1, p3, p4]
+672: i79 = getfield_gc_i(p78, descr=<FieldS rpyeffect.stored_environment.Stack__arb_arb.inst_target 16 pure>)
+680: guard_value(i79, 209, descr=<Guard0x14009f6e0>) [p2, i7, i9, i11, i13, i15, i17, i19, i21, i23, i25, i27, i29, i31, i33, i35, i37, p40, p42, p44, p46, p48, p50, p52, p54, p56, p58, p60, p62, p64, p66, p68, p70, p0, p1, p3, p4]
debug_merge_point(0, 0, '223<main.rpyeffect:213([switch default case#561])>+0: {"op": "Swap". "type": "num". "a": 1. "b". 0}')
debug_merge_point(0, 0, '223<main.rpyeffect:213([switch default case#561])>+1: {"op": "Switch". "scrutinee": 1. "values": [0]. "targets": [221]. "default": 222}')
debug_merge_point(0, 0, '221<main.rpyeffect:211([switch case for 0#562])>+0: {"op": "Const". "type": "num". "out": 1. "value": 0}')
debug_merge_point(0, 0, '221<main.rpyeffect:211([switch case for 0#562])>+1: {"op": "Const". "type": "ptr". "out": 0. "format": "string". "value": "Name(Flip_0)"}')
debug_merge_point(0, 0, '221<main.rpyeffect:211([switch case for 0#562])>+2: {"op": "PrimOp". "name": "getGlobal(String): Ptr". "out": {"num": []. "ptr": [0]}. "in": {"num": []. "ptr": [0]}}')
debug_merge_point(0, 0, '221<main.rpyeffect:211([switch case for 0#562])>+3: {"op": "GetDynamic". "out": 0. "n": 1. "label": 0}')
+692: guard_nonnull(p4, descr=<Guard0x14009f720>) [p2, i7, i9, i11, i13, i15, i17, i19, i21, i23, i25, i27, i29, i31, i33, i35, i37, p40, p42, p44, p46, p48, p50, p52, p54, p56, p58, p60, p62, p64, p66, p68, p70, p0, p1, p3, p4]
+704: i81 = getfield_gc_i(p0, descr=<FieldS rpyeffect.stack.Label.inst_origin 8 pure>)
+716: i83 = int_ne(i81, 334879)
guard_false(i83, descr=<Guard0x14009f760>) [p2, i7, i9, i11, i13, i15, i17, i19, i21, i23, i25, i27, i29, i31, i33, i35, i37, p40, p42, p44, p46, p48, p50, p52, p54, p56, p58, p60, p62, p64, p66, p68, p70, p0, p1, p3, p4]
+740: i85 = instance_ptr_eq(p0, ConstPtr(ptr84))
guard_true(i85, descr=<Guard0x14009f7a0>) [p2, i7, i9, i11, i13, i15, i17, i19, i21, i23, i25, i27, i29, i31, i33, i35, i37, p40, p42, p44, p46, p48, p50, p52, p54, p56, p58, p60, p62, p64, p66, p68, p70, p0, p1, p3, p4]
debug_merge_point(0, 0, '221<main.rpyeffect:211([switch case for 0#562])>+4: {"op": "Construct". "out": 1. "type": Interned({"op": "eff$Tuple". "elements": []}). "tag": Interned({"op": "eff$Tuple". "elements": []}). "args": {"num": []. "ptr": []}}')
debug_merge_point(0, 0, '221<main.rpyeffect:211([switch case for 0#562])>+5: {"op": "Push". "target": 220. "args": {"num": [0]. "ptr": []}}')
debug_merge_point(0, 0, '221<main.rpyeffect:211([switch case for 0#562])>+6: {"op": "Swap". "type": "ptr". "a": 1. "b". 0}')
debug_merge_point(0, 0, '221<main.rpyeffect:211([switch case for 0#562])>+7: {"op": "Invoke". "receiver": 1. "tag": Interned(%Flip_0(p):n). "args" : {"num": []. "ptr": [0]}}')
+748: p86 = getfield_gc_r(p4, descr=<FieldP rpyeffect.stored_environment.CoData__arb_arb.inst_vtable 24 pure>)
+764: guard_value(p86, ConstPtr(ptr87), descr=<Guard0x14009f7e0>) [p2, i7, i9, i11, i13, i15, i17, i19, i21, i23, i25, i27, i29, i31, i33, i35, i37, p40, p42, p44, p46, p48, p50, p52, p54, p56, p58, p60, p62, p64, p66, p68, p70, p0, p1, p3, p4]
+772: p88 = getfield_gc_r(p4, descr=<FieldP rpyeffect.stored_environment.CoData__0_1.inst_values_ptr_0 32 pure>)
debug_merge_point(0, 0, '296<main.rpyeffect:286([method_%Flip_0(p):n@[mcore:[#56]#774]#812])>+0: {"op": "Const". "type": "num". "out": 0. "value": 0}')
debug_merge_point(0, 0, '296<main.rpyeffect:286([method_%Flip_0(p):n@[mcore:[#56]#774]#812])>+1: {"op": "ShiftDyn". "out": 1. "n": 0. "label": 1}')
+776: i89 = getfield_gc_i(p88, descr=<FieldS rpyeffect.stack.Label.inst_origin 8 pure>)
+780: i91 = int_ne(334879, i89)
guard_true(i91, descr=<Guard0x14009f820>) [p2, i7, i9, i11, i13, i15, i17, i19, i21, i23, i25, i27, i29, i31, i33, i35, i37, p40, p42, p44, p46, p48, p50, p52, p54, p56, p58, p60, p62, p64, p66, p68, p70, p0, p1, p3, p4]
+800: p92 = getfield_gc_r(p3, descr=<FieldP rpyeffect.stack.MetaStack.inst_region 24 pure>)
+812: guard_isnull(p92, descr=<Guard0x14009f860>) [p2, i7, i9, i11, i13, i15, i17, i19, i21, i23, i25, i27, i29, i31, i33, i35, i37, p40, p42, p44, p46, p48, p50, p52, p54, p56, p58, p60, p62, p64, p66, p68, p70, p0, p1, p3, p4]
+820: p93 = getfield_gc_r(p3, descr=<FieldP rpyeffect.stack.MetaStack.inst_label 16 pure>)
+824: i94 = getfield_gc_i(p93, descr=<FieldS rpyeffect.stack.Label.inst_origin 8 pure>)
+832: i95 = int_ne(i94, i89)
guard_true(i95, descr=<Guard0x14009f8a0>) [p2, i7, i9, i11, i13, i15, i17, i19, i21, i23, i25, i27, i29, i31, i33, i35, i37, p40, p42, p44, p46, p48, p50, p52, p54, p56, p58, p60, p62, p64, p66, p68, p70, p0, p1, p3, p4]
+840: p96 = getfield_gc_r(p3, descr=<FieldP rpyeffect.stack.MetaStack.inst_tail 32 pure>)
+844: p97 = getfield_gc_r(p96, descr=<FieldP rpyeffect.stack.MetaStack.inst_region 24 pure>)
+852: guard_isnull(p97, descr=<Guard0x14009f8e0>) [p2, i7, i9, i11, i13, i15, i17, i19, i21, i23, i25, i27, i29, i31, i33, i35, i37, p40, p42, p44, p46, p48, p50, p52, p54, p56, p58, p60, p62, p64, p66, p68, p70, p0, p1, p3, p4]
+860: p98 = getfield_gc_r(p96, descr=<FieldP rpyeffect.stack.MetaStack.inst_label 16 pure>)
+864: i99 = getfield_gc_i(p98, descr=<FieldS rpyeffect.stack.Label.inst_origin 8 pure>)
+872: i100 = int_ne(i99, i89)
guard_false(i100, descr=<Guard0x14009f920>) [p2, i7, i9, i11, i13, i15, i17, i19, i21, i23, i25, i27, i29, i31, i33, i35, i37, p40, p42, p44, p46, p48, p50, p52, p54, p56, p58, p60, p62, p64, p66, p68, p70, p0, p1, p3, p4]
+880: i101 = instance_ptr_eq(p98, p88)
guard_true(i101, descr=<Guard0x14009f960>) [p2, i7, i9, i11, i13, i15, i17, i19, i21, i23, i25, i27, i29, i31, i33, i35, i37, p40, p42, p44, p46, p48, p50, p52, p54, p56, p58, p60, p62, p64, p66, p68, p70, p0, p1, p3, p4]
+888: p102 = getfield_gc_r(p96, descr=<FieldP rpyeffect.stack.MetaStackLike.inst_stack 8 pure>)
+892: guard_class(p96, 4301614792, descr=<Guard0x14009f9a0>) [p2, i7, i9, i11, i13, i15, i17, i19, i21, i23, i25, i27, i29, i31, i33, i35, i37, p40, p42, p44, p46, p48, p50, p52, p54, p56, p58, p60, p62, p64, p66, p68, p70, p0, p1, p3, p4]
+908: p104 = getfield_gc_r(p96, descr=<FieldP rpyeffect.stack.MetaStack.inst_tail 32 pure>)
+912: p105 = getfield_gc_r(p3, descr=<FieldP rpyeffect.stack.MetaStackLike.inst_stack 8 pure>)
+916: guard_class(p3, ConstClass(MetaStackWithBinding), descr=<Guard0x14009f9e0>) [p2, i7, i9, i11, i13, i15, i17, i19, i21, i23, i25, i27, i29, i31, i33, i35, i37, p40, p42, p44, p46, p48, p50, p52, p54, p56, p58, p60, p62, p64, p66, p68, p70, p0, p1, p3, p4]
+932: p107 = getfield_gc_r(p3, descr=<FieldP rpyeffect.stack.MetaStackWithBinding.inst_binding 40 pure>)
+936: guard_nonnull(p107, descr=<Guard0x14009fa20>) [p2, i7, i9, i11, i13, i15, i17, i19, i21, i23, i25, i27, i29, i31, i33, i35, i37, p40, p42, p44, p46, p48, p50, p52, p54, p56, p58, p60, p62, p64, p66, p68, p70, p0, p1, p3, p4]
+944: guard_nonnull_class(p104, 4301614792, descr=<Guard0x1400cda98>) [p2, i7, i9, i11, i13, i15, i17, i19, i21, i23, i25, i27, i29, i31, i33, i35, i37, p40, p42, p44, p46, p48, p50, p52, p54, p56, p58, p60, p62, p64, p66, p68, p70, p0, p1, p3, p4]
+968: p109 = getfield_gc_r(p104, descr=<FieldP rpyeffect.stack.MetaStackLike.inst_stack 8 pure>)
+976: p110 = getfield_gc_r(p104, descr=<FieldP rpyeffect.stack.MetaStack.inst_label 16 pure>)
+984: p111 = getfield_gc_r(p104, descr=<FieldP rpyeffect.stack.MetaStack.inst_tail 32 pure>)
+988: guard_nonnull(p109, descr=<Guard0x14009fa60>) [p2, i7, i9, i11, i13, i15, i17, i19, i21, i23, i25, i27, i29, i31, i33, i35, i37, p40, p42, p44, p46, p48, p50, p52, p54, p56, p58, p60, p62, p64, p66, p68, p70, p0, p1, p3, p4]
+996: i112 = getfield_gc_i(p109, descr=<FieldS rpyeffect.stored_environment.Stack__arb_arb.inst_target 16 pure>)
+1004: guard_value(i112, 293, descr=<Guard0x14009faa0>) [p2, i7, i9, i11, i13, i15, i17, i19, i21, i23, i25, i27, i29, i31, i33, i35, i37, p40, p42, p44, p46, p48, p50, p52, p54, p56, p58, p60, p62, p64, p66, p68, p70, p0, p1, p3, p4]
debug_merge_point(0, 0, '296<main.rpyeffect:286([method_%Flip_0(p):n@[mcore:[#56]#774]#812])>+2: {"op": "Swap". "type": "ptr". "a": 1. "b". 0}')
debug_merge_point(0, 0, '296<main.rpyeffect:286([method_%Flip_0(p):n@[mcore:[#56]#774]#812])>+3: {"op": "Match". "type": Interned({"op": "eff$Tuple". "elements": []}). "scrutinee": 1. "clauses": [{"tag": Interned({"op": "eff$Tuple". "elements": []}). "target": 295. "args": {"num": []. "ptr": []}}]. "default": {"tag": Interned(c1ad4e97-e16b-4180-ac28-d851f2c5f77a#[Missing Tag#1081]). "target": 289. "args": {"num": []. "ptr": []}}}')
debug_merge_point(0, 0, '295<main.rpyeffect:285([#823])>+0: {"op": "Const". "type": "num". "out": 0. "value": 1}')
debug_merge_point(0, 0, '295<main.rpyeffect:285([#823])>+1: {"op": "Push". "target": 294. "args": {"num": []. "ptr": [0]}}')
debug_merge_point(0, 0, '295<main.rpyeffect:285([#823])>+2: {"op": "Jump". "target": 277}')
debug_merge_point(0, 0, '277<main.rpyeffect:267(Name(k_145))>+0: {"op": "PushStack". "arg": 0}')
debug_merge_point(0, 0, '277<main.rpyeffect:267(Name(k_145))>+1: {"op": "Return". "args": {"num": [0]. "ptr": []}}')
debug_merge_point(0, 0, '220<main.rpyeffect:210([k@[switch case for 0#562]#572])>+0: {"op": "Swap". "type": "num". "a": 1. "b". 0}')
+1016: p114 = new_with_vtable(descr=<SizeDescr 48>)
+1128: p115 = new_with_vtable(descr=<SizeDescr 40>)
+1140: setfield_gc(p115, p102, descr=<FieldP rpyeffect.stack.MetaStackLike.inst_stack 8 pure>)
+1144: setfield_gc(p115, p98, descr=<FieldP rpyeffect.stack.MetaStack.inst_label 16 pure>)
+1148: setfield_gc(p115, ConstPtr(null), descr=<FieldP rpyeffect.stack.MetaStack.inst_region 24 pure>)
+1156: p117 = new_with_vtable(descr=<SizeDescr 40>)
+1168: p118 = new_with_vtable(descr=<SizeDescr 48>)
+1180: setfield_gc(p118, p109, descr=<FieldP rpyeffect.stored_environment.Stack__arb_arb.inst_tail 8 pure>)
+1184: setfield_gc(p118, 294, descr=<FieldS rpyeffect.stored_environment.Stack__arb_arb.inst_target 16 pure>)
+1192: p120 = new_with_vtable(descr=<SizeDescr 48>)
+1204: p121 = new_with_vtable(descr=<SizeDescr 48>)
+1216: setfield_gc(p121, p78, descr=<FieldP rpyeffect.stored_environment.Stack__arb_arb.inst_tail 8 pure>)
+1220: setfield_gc(p121, 220, descr=<FieldS rpyeffect.stored_environment.Stack__arb_arb.inst_target 16 pure>)
+1228: setfield_gc(p121, i77, descr=<FieldS rpyeffect.stored_environment.Stack__1_0.inst_values_num_0 40 pure>)
+1232: setfield_gc(p120, p121, descr=<FieldP rpyeffect.stack.MetaStackLike.inst_stack 8 pure>)
+1236: setfield_gc(p120, p0, descr=<FieldP rpyeffect.stack.MetaStack.inst_label 16 pure>)
+1240: setfield_gc(p120, ConstPtr(null), descr=<FieldP rpyeffect.stack.MetaStack.inst_region 24 pure>)
+1248: p124 = new_with_vtable(descr=<SizeDescr 48>)
+1264: setfield_gc(p124, p105, descr=<FieldP rpyeffect.stack.MetaStackLike.inst_stack 8 pure>)
+1268: setfield_gc(p124, p93, descr=<FieldP rpyeffect.stack.MetaStack.inst_label 16 pure>)
+1276: setfield_gc(p124, ConstPtr(null), descr=<FieldP rpyeffect.stack.MetaStack.inst_region 24 pure>)
+1288: p126 = new_with_vtable(descr=<SizeDescr 40>)
+1300: setfield_gc(p126, p102, descr=<FieldP rpyeffect.stack.MetaStackLike.inst_stack 8 pure>)
+1304: setfield_gc(p126, p98, descr=<FieldP rpyeffect.stack.MetaStack.inst_label 16 pure>)
+1308: setfield_gc(p126, ConstPtr(null), descr=<FieldP rpyeffect.stack.MetaStack.inst_region 24 pure>)
+1316: setfield_gc(p126, ConstPtr(null), descr=<FieldP rpyeffect.stack.MetaStack.inst_tail 32 pure>)
+1324: setfield_gc(p124, p126, descr=<FieldP rpyeffect.stack.MetaStack.inst_tail 32 pure>)
+1328: setfield_gc(p124, p107, descr=<FieldP rpyeffect.stack.MetaStackWithBinding.inst_binding 40 pure>)
+1336: setfield_gc(p120, p124, descr=<FieldP rpyeffect.stack.MetaStack.inst_tail 32 pure>)
+1340: setfield_gc(p120, p4, descr=<FieldP rpyeffect.stack.MetaStackWithBinding.inst_binding 40 pure>)
+1344: setfield_gc(p118, p120, descr=<FieldP rpyeffect.stored_environment.Stack__0_1.inst_values_ptr_0 40 pure>)
+1348: setfield_gc(p117, p118, descr=<FieldP rpyeffect.stack.MetaStackLike.inst_stack 8 pure>)
+1352: setfield_gc(p117, p110, descr=<FieldP rpyeffect.stack.MetaStack.inst_label 16 pure>)
+1356: setfield_gc(p117, ConstPtr(null), descr=<FieldP rpyeffect.stack.MetaStack.inst_region 24 pure>)
+1364: setfield_gc(p117, p111, descr=<FieldP rpyeffect.stack.MetaStack.inst_tail 32 pure>)
+1368: setfield_gc(p115, p117, descr=<FieldP rpyeffect.stack.MetaStack.inst_tail 32 pure>)
+1372: p130 = new_with_vtable(descr=<SizeDescr 32>)
+1384: setfield_gc(p114, ConstPtr(null), descr=<FieldP rpyeffect.stack.MetaStack.inst_region 24 pure>)
+1392: setfield_gc(p114, p93, descr=<FieldP rpyeffect.stack.MetaStack.inst_label 16 pure>)
+1396: setfield_gc(p114, p115, descr=<FieldP rpyeffect.stack.MetaStack.inst_tail 32 pure>)
+1400: setfield_gc(p114, p105, descr=<FieldP rpyeffect.stack.MetaStackLike.inst_stack 8 pure>)
+1404: setfield_gc(p114, p107, descr=<FieldP rpyeffect.stack.MetaStackWithBinding.inst_binding 40 pure>)
+1412: setfield_gc(p130, ConstPtr(ptr132), descr=<FieldP rpyeffect.stored_environment.Data__arb_arb.inst_tag 8>)
+1464: jump(p0, p78, p2, p114, p4, 1, i77, i11, i13, i15, i17, i19, i21, i23, i25, i27, i29, i31, i33, i35, i37, p120, p130, p44, p46, p48, p50, p52, p54, p56, p58, p60, p62, p64, p66, p68, p70, descr=TargetToken(4834671680))
+1672: --end of the loop--
[2ba6345] jit-log-opt-loop}
[3075918] {jit-log-opt-bridge
# bridge out of Guard 0x1301ae020 with 168 ops
[p0, i1, i2, i3, i4, i5, i6, i7, i8, i9, i10, i11, i12, i13, i14, i15, i16, p17, p18, p19, p20, p21, p22, p23, p24, p25, p26, p27, p28, p29, p30, p31, p32, p33, p34, p35]
+296: guard_not_invalidated(descr=<Guard0x140108ff0>) [p0, i1, i2, i3, i4, i5, i6, i7, i8, i9, i10, i11, i12, i13, i14, i15, i16, p17, p18, p19, p20, p21, p22, p23, p24, p25, p26, p27, p28, p29, p30, p31, p32, p33, p34, p35]
debug_merge_point(0, 0, '209<main.rpyeffect:199([k@[mcore:[eta-expanded fn#456]#533]#538])>+1: {"op": "Return". "args": {"num": [0]. "ptr": []}}')
+300: guard_nonnull(p33, descr=<Guard0x14010a7e0>) [p0, i1, i2, i3, i4, i5, i6, i7, i8, i9, i10, i11, i12, i13, i14, i15, i16, p17, p18, p19, p20, p21, p22, p23, p24, p25, p26, p27, p28, p29, p30, p31, p32, p33, p34, p35]
+308: i36 = getfield_gc_i(p33, descr=<FieldS rpyeffect.stored_environment.Stack__arb_arb.inst_target 16 pure>)
+312: guard_value(i36, 214, descr=<Guard0x14010a820>) [p0, i1, i2, i3, i4, i5, i6, i7, i8, i9, i10, i11, i12, i13, i14, i15, i16, p17, p18, p19, p20, p21, p22, p23, p24, p25, p26, p27, p28, p29, p30, p31, p32, p33, p34, p35]
+324: p38 = getfield_gc_r(p33, descr=<FieldP rpyeffect.stored_environment.Stack__arb_arb.inst_tail 8 pure>)
debug_merge_point(0, 0, '214<main.rpyeffect:204([#591])>+0: {"op": "PrimOp". "name": "box(Num): Ptr". "out": {"num": []. "ptr": [0]}. "in": {"num": [0]. "ptr": []}}')
debug_merge_point(0, 0, '214<main.rpyeffect:204([#591])>+1: {"op": "Return". "args": {"num": []. "ptr": [0]}}')
+328: guard_nonnull(p38, descr=<Guard0x14010a860>) [p0, i1, i2, i3, i4, i5, i6, i7, i8, i9, i10, i11, i12, i13, i14, i15, i16, p17, p18, p19, p20, p21, p22, p23, p24, p25, p26, p27, p28, p29, p30, p31, p32, p33, p34, p35]
+336: i39 = getfield_gc_i(p38, descr=<FieldS rpyeffect.stored_environment.Stack__arb_arb.inst_target 16 pure>)
+340: guard_value(i39, 229, descr=<Guard0x14010a8a0>) [p0, i1, i2, i3, i4, i5, i6, i7, i8, i9, i10, i11, i12, i13, i14, i15, i16, p17, p18, p19, p20, p21, p22, p23, p24, p25, p26, p27, p28, p29, p30, p31, p32, p33, p34, p35]
+352: p41 = getfield_gc_r(p38, descr=<FieldP rpyeffect.stored_environment.Stack__arb_arb.inst_tail 8 pure>)
debug_merge_point(0, 0, '229<main.rpyeffect:219([k@[mcore:[eta-expanded fn#474]#609]#614])>+0: {"op": "PrimOp". "name": "unbox(Ptr): Num". "out": {"num": [0]. "ptr": []}. "in": {"num": []. "ptr": [0]}}')
debug_merge_point(0, 0, '229<main.rpyeffect:219([k@[mcore:[eta-expanded fn#474]#609]#614])>+1: {"op": "Return". "args": {"num": [0]. "ptr": []}}')
+356: guard_nonnull(p41, descr=<Guard0x14010a8e0>) [p0, i1, i2, i3, i4, i5, i6, i7, i8, i9, i10, i11, i12, i13, i14, i15, i16, p17, p18, p19, p20, p21, p22, p23, p24, p25, p26, p27, p28, p29, p30, p31, p32, p33, p34, p35]
+364: i42 = getfield_gc_i(p41, descr=<FieldS rpyeffect.stored_environment.Stack__arb_arb.inst_target 16 pure>)
+368: guard_value(i42, 247, descr=<Guard0x14010a920>) [p0, i1, i2, i3, i4, i5, i6, i7, i8, i9, i10, i11, i12, i13, i14, i15, i16, p17, p18, p19, p20, p21, p22, p23, p24, p25, p26, p27, p28, p29, p30, p31, p32, p33, p34, p35]
+380: i44 = getfield_gc_i(p41, descr=<FieldS rpyeffect.stored_environment.Stack__2_0.inst_values_num_0 40 pure>)
+384: i45 = getfield_gc_i(p41, descr=<FieldS rpyeffect.stored_environment.Stack__2_0.inst_values_num_1 48 pure>)
+388: p46 = getfield_gc_r(p41, descr=<FieldP rpyeffect.stored_environment.Stack__arb_arb.inst_tail 8 pure>)
debug_merge_point(0, 0, '247<main.rpyeffect:237([#649])>+0: {"op": "Push". "target": 246. "args": {"num": [1. 0. 2]. "ptr": []}}')
debug_merge_point(0, 0, '247<main.rpyeffect:237([#649])>+1: {"op": "Jump". "target": 188}')
debug_merge_point(0, 0, '188<main.rpyeffect:178(Name(-_34))>+0: {"op": "New". "out": 0. "targets": [181. 183. 185. 187]. "args": {"num": [0]. "ptr": []}}')
debug_merge_point(0, 0, '188<main.rpyeffect:178(Name(-_34))>+1: {"op": "Return". "args": {"num": []. "ptr": [0]}}')
debug_merge_point(0, 0, '246<main.rpyeffect:236([k@[#649]#651])>+0: {"op": "Const". "type": "num". "out": 3. "value": 1}')
debug_merge_point(0, 0, '246<main.rpyeffect:236([k@[#649]#651])>+1: {"op": "Push". "target": 245. "args": {"num": [0. 1. 2]. "ptr": []}}')
debug_merge_point(0, 0, '246<main.rpyeffect:236([k@[#649]#651])>+2: {"op": "Copy". "type": "num". "from": 3. "to". 0}')
debug_merge_point(0, 0, '246<main.rpyeffect:236([k@[#649]#651])>+3: {"op": "Invoke". "receiver": 0. "tag": Interned(%apply(n):n). "args" : {"num": [0]. "ptr": []}}')
debug_merge_point(0, 0, '181<main.rpyeffect:171([method_%apply(n):n@Name(-_34)#469])>+0: {"op": "Jump". "target": 179}')
debug_merge_point(0, 0, '179<main.rpyeffect:169([mcore:[#30]#465])>+0: {"op": "PrimOp". "name": "infixSub(Int. Int): Int". "out": {"num": [0]. "ptr": []}. "in": {"num": [1. 0]. "ptr": []}}')
+392: i48 = int_sub(i1, 1)
debug_merge_point(0, 0, '179<main.rpyeffect:169([mcore:[#30]#465])>+1: {"op": "Return". "args": {"num": [0]. "ptr": []}}')
debug_merge_point(0, 0, '245<main.rpyeffect:235([k@[k@[#649]#651]#655])>+0: {"op": "Const". "type": "ptr". "out": 0. "format": "string". "value": "Name(Fail_1)"}')
debug_merge_point(0, 0, '245<main.rpyeffect:235([k@[k@[#649]#651]#655])>+1: {"op": "PrimOp". "name": "getGlobal(String): Ptr". "out": {"num": []. "ptr": [0]}. "in": {"num": []. "ptr": [0]}}')
debug_merge_point(0, 0, '245<main.rpyeffect:235([k@[k@[#649]#651]#655])>+2: {"op": "Const". "type": "ptr". "out": 1. "format": "string". "value": "Name(Flip_0)"}')
debug_merge_point(0, 0, '245<main.rpyeffect:235([k@[k@[#649]#651]#655])>+3: {"op": "PrimOp". "name": "getGlobal(String): Ptr". "out": {"num": []. "ptr": [1]}. "in": {"num": []. "ptr": [1]}}')
debug_merge_point(0, 0, '245<main.rpyeffect:235([k@[k@[#649]#651]#655])>+4: {"op": "Push". "target": 244. "args": {"num": [1. 2. 3]. "ptr": []}}')
debug_merge_point(0, 0, '245<main.rpyeffect:235([k@[k@[#649]#651]#655])>+5: {"op": "Jump". "target": 232}')
debug_merge_point(0, 0, '232<main.rpyeffect:222([mcore:[eta-expanded fn#481]#618])>+0: {"op": "Push". "target": 231. "args": {"num": []. "ptr": []}}')
debug_merge_point(0, 0, '232<main.rpyeffect:222([mcore:[eta-expanded fn#481]#618])>+1: {"op": "Jump". "target": 226}')
debug_merge_point(0, 0, '226<main.rpyeffect:216(Name(choice_48))>+0: {"op": "Push". "target": 225. "args": {"num": [0]. "ptr": []}}')
debug_merge_point(0, 0, '226<main.rpyeffect:216(Name(choice_48))>+1: {"op": "Jump". "target": 69}')
debug_merge_point(0, 0, '69<main.rpyeffect:59(Name(<_5))>+0: {"op": "New". "out": 0. "targets": [62. 64. 66. 68]. "args": {"num": [0]. "ptr": []}}')
debug_merge_point(0, 0, '69<main.rpyeffect:59(Name(<_5))>+1: {"op": "Return". "args": {"num": []. "ptr": [0]}}')
debug_merge_point(0, 0, '225<main.rpyeffect:215([k@Name(choice_48)#543])>+0: {"op": "Const". "type": "num". "out": 1. "value": 1}')
debug_merge_point(0, 0, '225<main.rpyeffect:215([k@Name(choice_48)#543])>+1: {"op": "Push". "target": 224. "args": {"num": [0]. "ptr": []}}')
debug_merge_point(0, 0, '225<main.rpyeffect:215([k@Name(choice_48)#543])>+2: {"op": "Copy". "type": "num". "from": 1. "to". 0}')
debug_merge_point(0, 0, '225<main.rpyeffect:215([k@Name(choice_48)#543])>+3: {"op": "Invoke". "receiver": 0. "tag": Interned(%apply(n):n). "args" : {"num": [0]. "ptr": []}}')
debug_merge_point(0, 0, '62<main.rpyeffect:52([method_%apply(n):n@Name(<_5)#157])>+0: {"op": "Jump". "target": 60}')
debug_merge_point(0, 0, '60<main.rpyeffect:50([mcore:[#20]#153])>+0: {"op": "PrimOp". "name": "infixLt(Int. Int): Boolean". "out": {"num": [0]. "ptr": []}. "in": {"num": [1. 0]. "ptr": []}}')
+400: i50 = int_lt(i48, 1)
guard_false(i50, descr=<Guard0x14010a960>) [p0, i1, i2, i3, i4, i5, i6, i7, i8, i9, i10, i11, i12, i13, i14, i15, i16, p17, p18, p19, p20, p21, p22, p23, p24, p25, p26, p27, p28, p29, p30, p31, p32, p33, p34, p35]
debug_merge_point(0, 0, '60<main.rpyeffect:50([mcore:[#20]#153])>+1: {"op": "Return". "args": {"num": [0]. "ptr": []}}')
debug_merge_point(0, 0, '224<main.rpyeffect:214([k@[k@Name(choice_48)#543]#547])>+0: {"op": "Switch". "scrutinee": 0. "values": [1]. "targets": [212]. "default": 223}')
debug_merge_point(0, 0, '223<main.rpyeffect:213([switch default case#561])>+0: {"op": "Swap". "type": "num". "a": 1. "b". 0}')
debug_merge_point(0, 0, '223<main.rpyeffect:213([switch default case#561])>+1: {"op": "Switch". "scrutinee": 1. "values": [0]. "targets": [221]. "default": 222}')
debug_merge_point(0, 0, '221<main.rpyeffect:211([switch case for 0#562])>+0: {"op": "Const". "type": "num". "out": 1. "value": 0}')
debug_merge_point(0, 0, '221<main.rpyeffect:211([switch case for 0#562])>+1: {"op": "Const". "type": "ptr". "out": 0. "format": "string". "value": "Name(Flip_0)"}')
debug_merge_point(0, 0, '221<main.rpyeffect:211([switch case for 0#562])>+2: {"op": "PrimOp". "name": "getGlobal(String): Ptr". "out": {"num": []. "ptr": [0]}. "in": {"num": []. "ptr": [0]}}')
debug_merge_point(0, 0, '221<main.rpyeffect:211([switch case for 0#562])>+3: {"op": "GetDynamic". "out": 0. "n": 1. "label": 0}')
+408: guard_nonnull(p35, descr=<Guard0x14010a9a0>) [p0, i1, i2, i3, i4, i5, i6, i7, i8, i9, i10, i11, i12, i13, i14, i15, i16, p17, p18, p19, p20, p21, p22, p23, p24, p25, p26, p27, p28, p29, p30, p31, p32, p33, p34, p35]
+420: i51 = getfield_gc_i(p32, descr=<FieldS rpyeffect.stack.Label.inst_origin 8 pure>)
+428: i53 = int_ne(i51, 334879)
guard_false(i53, descr=<Guard0x14010a9e0>) [p0, i1, i2, i3, i4, i5, i6, i7, i8, i9, i10, i11, i12, i13, i14, i15, i16, p17, p18, p19, p20, p21, p22, p23, p24, p25, p26, p27, p28, p29, p30, p31, p32, p33, p34, p35]
+448: i55 = instance_ptr_eq(p32, ConstPtr(ptr54))
guard_true(i55, descr=<Guard0x14010aa20>) [p0, i1, i2, i3, i4, i5, i6, i7, i8, i9, i10, i11, i12, i13, i14, i15, i16, p17, p18, p19, p20, p21, p22, p23, p24, p25, p26, p27, p28, p29, p30, p31, p32, p33, p34, p35]
debug_merge_point(0, 0, '221<main.rpyeffect:211([switch case for 0#562])>+4: {"op": "Construct". "out": 1. "type": Interned({"op": "eff$Tuple". "elements": []}). "tag": Interned({"op": "eff$Tuple". "elements": []}). "args": {"num": []. "ptr": []}}')
debug_merge_point(0, 0, '221<main.rpyeffect:211([switch case for 0#562])>+5: {"op": "Push". "target": 220. "args": {"num": [0]. "ptr": []}}')
debug_merge_point(0, 0, '221<main.rpyeffect:211([switch case for 0#562])>+6: {"op": "Swap". "type": "ptr". "a": 1. "b". 0}')
debug_merge_point(0, 0, '221<main.rpyeffect:211([switch case for 0#562])>+7: {"op": "Invoke". "receiver": 1. "tag": Interned(%Flip_0(p):n). "args" : {"num": []. "ptr": [0]}}')
+456: p56 = getfield_gc_r(p35, descr=<FieldP rpyeffect.stored_environment.CoData__arb_arb.inst_vtable 24 pure>)
+468: guard_value(p56, ConstPtr(ptr57), descr=<Guard0x14010aa60>) [p0, i1, i2, i3, i4, i5, i6, i7, i8, i9, i10, i11, i12, i13, i14, i15, i16, p17, p18, p19, p20, p21, p22, p23, p24, p25, p26, p27, p28, p29, p30, p31, p32, p33, p34, p35]
+476: p58 = getfield_gc_r(p35, descr=<FieldP rpyeffect.stored_environment.CoData__0_1.inst_values_ptr_0 32 pure>)
debug_merge_point(0, 0, '296<main.rpyeffect:286([method_%Flip_0(p):n@[mcore:[#56]#774]#812])>+0: {"op": "Const". "type": "num". "out": 0. "value": 0}')
debug_merge_point(0, 0, '296<main.rpyeffect:286([method_%Flip_0(p):n@[mcore:[#56]#774]#812])>+1: {"op": "ShiftDyn". "out": 1. "n": 0. "label": 1}')
+480: i59 = getfield_gc_i(p58, descr=<FieldS rpyeffect.stack.Label.inst_origin 8 pure>)
+484: i61 = int_ne(334879, i59)
guard_true(i61, descr=<Guard0x14010aaa0>) [p0, i1, i2, i3, i4, i5, i6, i7, i8, i9, i10, i11, i12, i13, i14, i15, i16, p17, p18, p19, p20, p21, p22, p23, p24, p25, p26, p27, p28, p29, p30, p31, p32, p33, p34, p35]
+500: p62 = getfield_gc_r(p34, descr=<FieldP rpyeffect.stack.MetaStack.inst_region 24 pure>)
+508: guard_isnull(p62, descr=<Guard0x14010aae0>) [p0, i1, i2, i3, i4, i5, i6, i7, i8, i9, i10, i11, i12, i13, i14, i15, i16, p17, p18, p19, p20, p21, p22, p23, p24, p25, p26, p27, p28, p29, p30, p31, p32, p33, p34, p35]
+516: p63 = getfield_gc_r(p34, descr=<FieldP rpyeffect.stack.MetaStack.inst_label 16 pure>)
+520: i64 = getfield_gc_i(p63, descr=<FieldS rpyeffect.stack.Label.inst_origin 8 pure>)
+524: i65 = int_ne(i64, i59)
guard_true(i65, descr=<Guard0x14010ab20>) [p0, i1, i2, i3, i4, i5, i6, i7, i8, i9, i10, i11, i12, i13, i14, i15, i16, p17, p18, p19, p20, p21, p22, p23, p24, p25, p26, p27, p28, p29, p30, p31, p32, p33, p34, p35]
+532: p66 = getfield_gc_r(p34, descr=<FieldP rpyeffect.stack.MetaStack.inst_tail 32 pure>)
+536: p67 = getfield_gc_r(p66, descr=<FieldP rpyeffect.stack.MetaStack.inst_region 24 pure>)
+540: guard_isnull(p67, descr=<Guard0x14010ab60>) [p0, i1, i2, i3, i4, i5, i6, i7, i8, i9, i10, i11, i12, i13, i14, i15, i16, p17, p18, p19, p20, p21, p22, p23, p24, p25, p26, p27, p28, p29, p30, p31, p32, p33, p34, p35]
+548: p68 = getfield_gc_r(p66, descr=<FieldP rpyeffect.stack.MetaStack.inst_label 16 pure>)
+552: i69 = getfield_gc_i(p68, descr=<FieldS rpyeffect.stack.Label.inst_origin 8 pure>)
+556: i70 = int_ne(i69, i59)
guard_false(i70, descr=<Guard0x14010aba0>) [p0, i1, i2, i3, i4, i5, i6, i7, i8, i9, i10, i11, i12, i13, i14, i15, i16, p17, p18, p19, p20, p21, p22, p23, p24, p25, p26, p27, p28, p29, p30, p31, p32, p33, p34, p35]
+564: i71 = instance_ptr_eq(p68, p58)
guard_true(i71, descr=<Guard0x14010abe0>) [p0, i1, i2, i3, i4, i5, i6, i7, i8, i9, i10, i11, i12, i13, i14, i15, i16, p17, p18, p19, p20, p21, p22, p23, p24, p25, p26, p27, p28, p29, p30, p31, p32, p33, p34, p35]
+572: p72 = getfield_gc_r(p66, descr=<FieldP rpyeffect.stack.MetaStackLike.inst_stack 8 pure>)
+576: guard_class(p66, 4301614792, descr=<Guard0x14010ac20>) [p0, i1, i2, i3, i4, i5, i6, i7, i8, i9, i10, i11, i12, i13, i14, i15, i16, p17, p18, p19, p20, p21, p22, p23, p24, p25, p26, p27, p28, p29, p30, p31, p32, p33, p34, p35]
+592: p74 = getfield_gc_r(p66, descr=<FieldP rpyeffect.stack.MetaStack.inst_tail 32 pure>)
+596: p75 = getfield_gc_r(p34, descr=<FieldP rpyeffect.stack.MetaStackLike.inst_stack 8 pure>)
+600: guard_class(p34, ConstClass(MetaStackWithBinding), descr=<Guard0x14010ac60>) [p0, i1, i2, i3, i4, i5, i6, i7, i8, i9, i10, i11, i12, i13, i14, i15, i16, p17, p18, p19, p20, p21, p22, p23, p24, p25, p26, p27, p28, p29, p30, p31, p32, p33, p34, p35]
+616: p77 = getfield_gc_r(p34, descr=<FieldP rpyeffect.stack.MetaStackWithBinding.inst_binding 40 pure>)
+620: guard_nonnull(p77, descr=<Guard0x14010aca0>) [p0, i1, i2, i3, i4, i5, i6, i7, i8, i9, i10, i11, i12, i13, i14, i15, i16, p17, p18, p19, p20, p21, p22, p23, p24, p25, p26, p27, p28, p29, p30, p31, p32, p33, p34, p35]
+628: guard_nonnull_class(p74, 4301614792, descr=<Guard0x140109048>) [p0, i1, i2, i3, i4, i5, i6, i7, i8, i9, i10, i11, i12, i13, i14, i15, i16, p17, p18, p19, p20, p21, p22, p23, p24, p25, p26, p27, p28, p29, p30, p31, p32, p33, p34, p35]
+652: p79 = getfield_gc_r(p74, descr=<FieldP rpyeffect.stack.MetaStackLike.inst_stack 8 pure>)
+656: p80 = getfield_gc_r(p74, descr=<FieldP rpyeffect.stack.MetaStack.inst_label 16 pure>)
+664: p81 = getfield_gc_r(p74, descr=<FieldP rpyeffect.stack.MetaStack.inst_tail 32 pure>)
+668: guard_nonnull(p79, descr=<Guard0x14010ace0>) [p0, i1, i2, i3, i4, i5, i6, i7, i8, i9, i10, i11, i12, i13, i14, i15, i16, p17, p18, p19, p20, p21, p22, p23, p24, p25, p26, p27, p28, p29, p30, p31, p32, p33, p34, p35]
+676: i82 = getfield_gc_i(p79, descr=<FieldS rpyeffect.stored_environment.Stack__arb_arb.inst_target 16 pure>)
+680: guard_value(i82, 294, descr=<Guard0x14010ad20>) [p0, i1, i2, i3, i4, i5, i6, i7, i8, i9, i10, i11, i12, i13, i14, i15, i16, p17, p18, p19, p20, p21, p22, p23, p24, p25, p26, p27, p28, p29, p30, p31, p32, p33, p34, p35]
debug_merge_point(0, 0, '296<main.rpyeffect:286([method_%Flip_0(p):n@[mcore:[#56]#774]#812])>+2: {"op": "Swap". "type": "ptr". "a": 1. "b". 0}')
debug_merge_point(0, 0, '296<main.rpyeffect:286([method_%Flip_0(p):n@[mcore:[#56]#774]#812])>+3: {"op": "Match". "type": Interned({"op": "eff$Tuple". "elements": []}). "scrutinee": 1. "clauses": [{"tag": Interned({"op": "eff$Tuple". "elements": []}). "target": 295. "args": {"num": []. "ptr": []}}]. "default": {"tag": Interned(c1ad4e97-e16b-4180-ac28-d851f2c5f77a#[Missing Tag#1081]). "target": 289. "args": {"num": []. "ptr": []}}}')
debug_merge_point(0, 0, '295<main.rpyeffect:285([#823])>+0: {"op": "Const". "type": "num". "out": 0. "value": 1}')
debug_merge_point(0, 0, '295<main.rpyeffect:285([#823])>+1: {"op": "Push". "target": 294. "args": {"num": []. "ptr": [0]}}')
debug_merge_point(0, 0, '295<main.rpyeffect:285([#823])>+2: {"op": "Jump". "target": 277}')
debug_merge_point(0, 0, '277<main.rpyeffect:267(Name(k_145))>+0: {"op": "PushStack". "arg": 0}')
debug_merge_point(0, 0, '277<main.rpyeffect:267(Name(k_145))>+1: {"op": "Return". "args": {"num": [0]. "ptr": []}}')
debug_merge_point(0, 0, '220<main.rpyeffect:210([k@[switch case for 0#562]#572])>+0: {"op": "Swap". "type": "num". "a": 1. "b". 0}')
+692: p84 = new_with_vtable(descr=<SizeDescr 40>)
+804: p85 = new_with_vtable(descr=<SizeDescr 64>)
+816: setfield_gc(p85, p46, descr=<FieldP rpyeffect.stored_environment.Stack__arb_arb.inst_tail 8 pure>)
+820: setfield_gc(p85, 244, descr=<FieldS rpyeffect.stored_environment.Stack__arb_arb.inst_target 16 pure>)
+828: setfield_gc(p85, i44, descr=<FieldS rpyeffect.stored_environment.Stack__3_0.inst_values_num_0 40 pure>)
+832: setfield_gc(p85, i1, descr=<FieldS rpyeffect.stored_environment.Stack__3_0.inst_values_num_1 48 pure>)
+836: setfield_gc(p85, i45, descr=<FieldS rpyeffect.stored_environment.Stack__3_0.inst_values_num_2 56 pure>)
+840: p87 = new_with_vtable(descr=<SizeDescr 48>)
+852: p88 = new_with_vtable(descr=<SizeDescr 40>)
+864: setfield_gc(p88, p72, descr=<FieldP rpyeffect.stack.MetaStackLike.inst_stack 8 pure>)
+868: setfield_gc(p88, p68, descr=<FieldP rpyeffect.stack.MetaStack.inst_label 16 pure>)
+872: setfield_gc(p88, ConstPtr(null), descr=<FieldP rpyeffect.stack.MetaStack.inst_region 24 pure>)
+880: p90 = new_with_vtable(descr=<SizeDescr 40>)
+896: p91 = new_with_vtable(descr=<SizeDescr 48>)
+908: setfield_gc(p91, p79, descr=<FieldP rpyeffect.stored_environment.Stack__arb_arb.inst_tail 8 pure>)
+916: setfield_gc(p91, 294, descr=<FieldS rpyeffect.stored_environment.Stack__arb_arb.inst_target 16 pure>)
+924: p93 = new_with_vtable(descr=<SizeDescr 48>)
+940: p94 = new_with_vtable(descr=<SizeDescr 48>)
+956: setfield_gc(p94, p84, descr=<FieldP rpyeffect.stored_environment.Stack__arb_arb.inst_tail 8 pure>)
+960: setfield_gc(p94, 220, descr=<FieldS rpyeffect.stored_environment.Stack__arb_arb.inst_target 16 pure>)
+968: setfield_gc(p94, i48, descr=<FieldS rpyeffect.stored_environment.Stack__1_0.inst_values_num_0 40 pure>)
+972: setfield_gc(p93, p94, descr=<FieldP rpyeffect.stack.MetaStackLike.inst_stack 8 pure>)
+976: setfield_gc(p93, p32, descr=<FieldP rpyeffect.stack.MetaStack.inst_label 16 pure>)
+980: setfield_gc(p93, ConstPtr(null), descr=<FieldP rpyeffect.stack.MetaStack.inst_region 24 pure>)
+988: p97 = new_with_vtable(descr=<SizeDescr 48>)
+1004: setfield_gc(p97, p75, descr=<FieldP rpyeffect.stack.MetaStackLike.inst_stack 8 pure>)
+1008: setfield_gc(p97, p63, descr=<FieldP rpyeffect.stack.MetaStack.inst_label 16 pure>)
+1012: setfield_gc(p97, ConstPtr(null), descr=<FieldP rpyeffect.stack.MetaStack.inst_region 24 pure>)
+1020: p99 = new_with_vtable(descr=<SizeDescr 40>)
+1032: setfield_gc(p99, p72, descr=<FieldP rpyeffect.stack.MetaStackLike.inst_stack 8 pure>)
+1036: setfield_gc(p99, p68, descr=<FieldP rpyeffect.stack.MetaStack.inst_label 16 pure>)
+1040: setfield_gc(p99, ConstPtr(null), descr=<FieldP rpyeffect.stack.MetaStack.inst_region 24 pure>)
+1048: setfield_gc(p99, ConstPtr(null), descr=<FieldP rpyeffect.stack.MetaStack.inst_tail 32 pure>)
+1056: setfield_gc(p97, p99, descr=<FieldP rpyeffect.stack.MetaStack.inst_tail 32 pure>)
+1060: setfield_gc(p97, p77, descr=<FieldP rpyeffect.stack.MetaStackWithBinding.inst_binding 40 pure>)
+1064: setfield_gc(p93, p97, descr=<FieldP rpyeffect.stack.MetaStack.inst_tail 32 pure>)
+1068: setfield_gc(p93, p35, descr=<FieldP rpyeffect.stack.MetaStackWithBinding.inst_binding 40 pure>)
+1072: setfield_gc(p91, p93, descr=<FieldP rpyeffect.stored_environment.Stack__0_1.inst_values_ptr_0 40 pure>)
+1076: setfield_gc(p90, p91, descr=<FieldP rpyeffect.stack.MetaStackLike.inst_stack 8 pure>)
+1080: setfield_gc(p90, p80, descr=<FieldP rpyeffect.stack.MetaStack.inst_label 16 pure>)
+1088: setfield_gc(p90, ConstPtr(null), descr=<FieldP rpyeffect.stack.MetaStack.inst_region 24 pure>)
+1096: setfield_gc(p90, p81, descr=<FieldP rpyeffect.stack.MetaStack.inst_tail 32 pure>)
+1100: setfield_gc(p88, p90, descr=<FieldP rpyeffect.stack.MetaStack.inst_tail 32 pure>)
+1104: p103 = new_with_vtable(descr=<SizeDescr 32>)
+1116: setfield_gc(p84, 231, descr=<FieldS rpyeffect.stored_environment.Stack__arb_arb.inst_target 16 pure>)
+1124: setfield_gc(p84, p85, descr=<FieldP rpyeffect.stored_environment.Stack__arb_arb.inst_tail 8 pure>)
+1132: setfield_gc(p87, ConstPtr(null), descr=<FieldP rpyeffect.stack.MetaStack.inst_region 24 pure>)
+1144: setfield_gc(p87, p63, descr=<FieldP rpyeffect.stack.MetaStack.inst_label 16 pure>)
+1148: setfield_gc(p87, p88, descr=<FieldP rpyeffect.stack.MetaStack.inst_tail 32 pure>)
+1152: setfield_gc(p87, p75, descr=<FieldP rpyeffect.stack.MetaStackLike.inst_stack 8 pure>)
+1156: setfield_gc(p87, p77, descr=<FieldP rpyeffect.stack.MetaStackWithBinding.inst_binding 40 pure>)
+1164: setfield_gc(p103, ConstPtr(ptr106), descr=<FieldP rpyeffect.stored_environment.Data__arb_arb.inst_tag 8>)
+1248: jump(p32, p84, p0, p87, p35, 1, i48, i1, i45, i5, i6, i7, i8, i9, i10, i11, i12, i13, i14, i15, i16, p93, p103, p18, p19, p20, p21, p22, p23, p24, p25, p26, p27, p28, p29, p30, p31, descr=TargetToken(5102373968))
+1580: --end of the loop--
[30a931a] jit-log-opt-bridge}
[31581c5] {jit-log-opt-bridge
# bridge out of Guard 0x14006f0a0 with 154 ops
[p0, i1, i2, i3, i4, i5, i6, i7, i8, i9, i10, i11, i12, i13, i14, i15, i16, p17, p18, p19, p20, p21, p22, p23, p24, p25, p26, p27, p28, p29, p30, p31, p32, p33, p34, p35, p36]
+280: guard_not_invalidated(descr=<Guard0x1401090a0>) [p0, i1, i2, i3, i4, i5, i6, i7, i8, i9, i10, i11, i12, i13, i14, i15, i16, p17, p18, p19, p20, p21, p22, p23, p24, p25, p26, p27, p28, p29, p30, p31, p32, p33, p34, p35, p36]
debug_merge_point(0, 0, '220<main.rpyeffect:210([k@[switch case for 0#562]#572])>+1: {"op": "Switch". "scrutinee": 1. "values": [1]. "targets": [213]. "default": 219}')
+284: i38 = int_eq(i1, 1)
guard_false(i38, descr=<Guard0x14010ad60>) [p0, i1, i2, i3, i4, i5, i6, i7, i8, i9, i10, i11, i12, i13, i14, i15, i16, p17, p18, p19, p20, p21, p22, p23, p24, p25, p26, p27, p28, p29, p30, p31, p32, p33, p34, p35, p36]
+292: guard_nonnull(p34, descr=<Guard0x14010ada0>) [p0, i1, i2, i3, i4, i5, i6, i7, i8, i9, i10, i11, i12, i13, i14, i15, i16, p17, p18, p19, p20, p21, p22, p23, p24, p25, p26, p27, p28, p29, p30, p31, p32, p33, p34, p35, p36]
+304: i39 = getfield_gc_i(p34, descr=<FieldS rpyeffect.stored_environment.Stack__arb_arb.inst_target 16 pure>)
+312: guard_value(i39, 231, descr=<Guard0x14010ade0>) [p0, i1, i2, i3, i4, i5, i6, i7, i8, i9, i10, i11, i12, i13, i14, i15, i16, p17, p18, p19, p20, p21, p22, p23, p24, p25, p26, p27, p28, p29, p30, p31, p32, p33, p34, p35, p36]
debug_merge_point(0, 0, '219<main.rpyeffect:209([switch default case#576])>+0: {"op": "Switch". "scrutinee": 1. "values": [0]. "targets": [217]. "default": 218}')
+324: i42 = int_eq(i1, 0)
guard_true(i42, descr=<Guard0x14010ae20>) [p0, i1, i2, i3, i4, i5, i6, i7, i8, i9, i10, i11, i12, i13, i14, i15, i16, p17, p18, p19, p20, p21, p22, p23, p24, p25, p26, p27, p28, p29, p30, p31, p32, p33, p34, p35, p36]
debug_merge_point(0, 0, '217<main.rpyeffect:207([switch case for 0#577])>+0: {"op": "Push". "target": 216. "args": {"num": []. "ptr": []}}')
debug_merge_point(0, 0, '217<main.rpyeffect:207([switch case for 0#577])>+1: {"op": "Jump". "target": 188}')
debug_merge_point(0, 0, '188<main.rpyeffect:178(Name(-_34))>+0: {"op": "New". "out": 0. "targets": [181. 183. 185. 187]. "args": {"num": [0]. "ptr": []}}')
debug_merge_point(0, 0, '188<main.rpyeffect:178(Name(-_34))>+1: {"op": "Return". "args": {"num": []. "ptr": [0]}}')
debug_merge_point(0, 0, '216<main.rpyeffect:206([k@[switch case for 0#577]#579])>+0: {"op": "Const". "type": "num". "out": 0. "value": 1}')
debug_merge_point(0, 0, '216<main.rpyeffect:206([k@[switch case for 0#577]#579])>+1: {"op": "Push". "target": 215. "args": {"num": []. "ptr": []}}')
debug_merge_point(0, 0, '216<main.rpyeffect:206([k@[switch case for 0#577]#579])>+2: {"op": "Invoke". "receiver": 0. "tag": Interned(%apply(n):n). "args" : {"num": [0]. "ptr": []}}')
debug_merge_point(0, 0, '181<main.rpyeffect:171([method_%apply(n):n@Name(-_34)#469])>+0: {"op": "Jump". "target": 179}')
debug_merge_point(0, 0, '179<main.rpyeffect:169([mcore:[#30]#465])>+0: {"op": "PrimOp". "name": "infixSub(Int. Int): Int". "out": {"num": [0]. "ptr": []}. "in": {"num": [1. 0]. "ptr": []}}')
+332: i44 = int_sub(i2, 1)
debug_merge_point(0, 0, '179<main.rpyeffect:169([mcore:[#30]#465])>+1: {"op": "Return". "args": {"num": [0]. "ptr": []}}')
debug_merge_point(0, 0, '215<main.rpyeffect:205([k@[k@[switch case for 0#577]#579]#583])>+0: {"op": "Const". "type": "ptr". "out": 0. "format": "string". "value": "Name(Fail_1)"}')
debug_merge_point(0, 0, '215<main.rpyeffect:205([k@[k@[switch case for 0#577]#579]#583])>+1: {"op": "PrimOp". "name": "getGlobal(String): Ptr". "out": {"num": []. "ptr": [0]}. "in": {"num": []. "ptr": [0]}}')
debug_merge_point(0, 0, '215<main.rpyeffect:205([k@[k@[switch case for 0#577]#579]#583])>+2: {"op": "Const". "type": "ptr". "out": 1. "format": "string". "value": "Name(Flip_0)"}')
debug_merge_point(0, 0, '215<main.rpyeffect:205([k@[k@[switch case for 0#577]#579]#583])>+3: {"op": "PrimOp". "name": "getGlobal(String): Ptr". "out": {"num": []. "ptr": [1]}. "in": {"num": []. "ptr": [1]}}')
debug_merge_point(0, 0, '215<main.rpyeffect:205([k@[k@[switch case for 0#577]#579]#583])>+4: {"op": "Push". "target": 214. "args": {"num": []. "ptr": []}}')
debug_merge_point(0, 0, '215<main.rpyeffect:205([k@[k@[switch case for 0#577]#579]#583])>+5: {"op": "Jump". "target": 210}')
debug_merge_point(0, 0, '210<main.rpyeffect:200([mcore:[eta-expanded fn#456]#533])>+0: {"op": "Push". "target": 209. "args": {"num": []. "ptr": []}}')
debug_merge_point(0, 0, '210<main.rpyeffect:200([mcore:[eta-expanded fn#456]#533])>+1: {"op": "Jump". "target": 226}')
debug_merge_point(0, 0, '226<main.rpyeffect:216(Name(choice_48))>+0: {"op": "Push". "target": 225. "args": {"num": [0]. "ptr": []}}')
debug_merge_point(0, 0, '226<main.rpyeffect:216(Name(choice_48))>+1: {"op": "Jump". "target": 69}')
debug_merge_point(0, 0, '69<main.rpyeffect:59(Name(<_5))>+0: {"op": "New". "out": 0. "targets": [62. 64. 66. 68]. "args": {"num": [0]. "ptr": []}}')
debug_merge_point(0, 0, '69<main.rpyeffect:59(Name(<_5))>+1: {"op": "Return". "args": {"num": []. "ptr": [0]}}')
debug_merge_point(0, 0, '225<main.rpyeffect:215([k@Name(choice_48)#543])>+0: {"op": "Const". "type": "num". "out": 1. "value": 1}')
debug_merge_point(0, 0, '225<main.rpyeffect:215([k@Name(choice_48)#543])>+1: {"op": "Push". "target": 224. "args": {"num": [0]. "ptr": []}}')
debug_merge_point(0, 0, '225<main.rpyeffect:215([k@Name(choice_48)#543])>+2: {"op": "Copy". "type": "num". "from": 1. "to". 0}')
debug_merge_point(0, 0, '225<main.rpyeffect:215([k@Name(choice_48)#543])>+3: {"op": "Invoke". "receiver": 0. "tag": Interned(%apply(n):n). "args" : {"num": [0]. "ptr": []}}')
debug_merge_point(0, 0, '62<main.rpyeffect:52([method_%apply(n):n@Name(<_5)#157])>+0: {"op": "Jump". "target": 60}')
debug_merge_point(0, 0, '60<main.rpyeffect:50([mcore:[#20]#153])>+0: {"op": "PrimOp". "name": "infixLt(Int. Int): Boolean". "out": {"num": [0]. "ptr": []}. "in": {"num": [1. 0]. "ptr": []}}')
+336: i46 = int_lt(i44, 1)
guard_false(i46, descr=<Guard0x14010ae60>) [p0, i1, i2, i3, i4, i5, i6, i7, i8, i9, i10, i11, i12, i13, i14, i15, i16, p17, p18, p19, p20, p21, p22, p23, p24, p25, p26, p27, p28, p29, p30, p31, p32, p33, p34, p35, p36]
debug_merge_point(0, 0, '60<main.rpyeffect:50([mcore:[#20]#153])>+1: {"op": "Return". "args": {"num": [0]. "ptr": []}}')
debug_merge_point(0, 0, '224<main.rpyeffect:214([k@[k@Name(choice_48)#543]#547])>+0: {"op": "Switch". "scrutinee": 0. "values": [1]. "targets": [212]. "default": 223}')
debug_merge_point(0, 0, '223<main.rpyeffect:213([switch default case#561])>+0: {"op": "Swap". "type": "num". "a": 1. "b". 0}')
debug_merge_point(0, 0, '223<main.rpyeffect:213([switch default case#561])>+1: {"op": "Switch". "scrutinee": 1. "values": [0]. "targets": [221]. "default": 222}')
debug_merge_point(0, 0, '221<main.rpyeffect:211([switch case for 0#562])>+0: {"op": "Const". "type": "num". "out": 1. "value": 0}')
debug_merge_point(0, 0, '221<main.rpyeffect:211([switch case for 0#562])>+1: {"op": "Const". "type": "ptr". "out": 0. "format": "string". "value": "Name(Flip_0)"}')
debug_merge_point(0, 0, '221<main.rpyeffect:211([switch case for 0#562])>+2: {"op": "PrimOp". "name": "getGlobal(String): Ptr". "out": {"num": []. "ptr": [0]}. "in": {"num": []. "ptr": [0]}}')
debug_merge_point(0, 0, '221<main.rpyeffect:211([switch case for 0#562])>+3: {"op": "GetDynamic". "out": 0. "n": 1. "label": 0}')
+344: guard_nonnull(p36, descr=<Guard0x14010aea0>) [p0, i1, i2, i3, i4, i5, i6, i7, i8, i9, i10, i11, i12, i13, i14, i15, i16, p17, p18, p19, p20, p21, p22, p23, p24, p25, p26, p27, p28, p29, p30, p31, p32, p33, p34, p35, p36]
+356: i47 = getfield_gc_i(p33, descr=<FieldS rpyeffect.stack.Label.inst_origin 8 pure>)
+364: i49 = int_ne(i47, 334879)
guard_false(i49, descr=<Guard0x14010aee0>) [p0, i1, i2, i3, i4, i5, i6, i7, i8, i9, i10, i11, i12, i13, i14, i15, i16, p17, p18, p19, p20, p21, p22, p23, p24, p25, p26, p27, p28, p29, p30, p31, p32, p33, p34, p35, p36]
+384: i51 = instance_ptr_eq(p33, ConstPtr(ptr50))
guard_true(i51, descr=<Guard0x14010af20>) [p0, i1, i2, i3, i4, i5, i6, i7, i8, i9, i10, i11, i12, i13, i14, i15, i16, p17, p18, p19, p20, p21, p22, p23, p24, p25, p26, p27, p28, p29, p30, p31, p32, p33, p34, p35, p36]
debug_merge_point(0, 0, '221<main.rpyeffect:211([switch case for 0#562])>+4: {"op": "Construct". "out": 1. "type": Interned({"op": "eff$Tuple". "elements": []}). "tag": Interned({"op": "eff$Tuple". "elements": []}). "args": {"num": []. "ptr": []}}')
debug_merge_point(0, 0, '221<main.rpyeffect:211([switch case for 0#562])>+5: {"op": "Push". "target": 220. "args": {"num": [0]. "ptr": []}}')
debug_merge_point(0, 0, '221<main.rpyeffect:211([switch case for 0#562])>+6: {"op": "Swap". "type": "ptr". "a": 1. "b". 0}')
debug_merge_point(0, 0, '221<main.rpyeffect:211([switch case for 0#562])>+7: {"op": "Invoke". "receiver": 1. "tag": Interned(%Flip_0(p):n). "args" : {"num": []. "ptr": [0]}}')
+392: p52 = getfield_gc_r(p36, descr=<FieldP rpyeffect.stored_environment.CoData__arb_arb.inst_vtable 24 pure>)
+404: guard_value(p52, ConstPtr(ptr53), descr=<Guard0x14010af60>) [p0, i1, i2, i3, i4, i5, i6, i7, i8, i9, i10, i11, i12, i13, i14, i15, i16, p17, p18, p19, p20, p21, p22, p23, p24, p25, p26, p27, p28, p29, p30, p31, p32, p33, p34, p35, p36]
+412: p54 = getfield_gc_r(p36, descr=<FieldP rpyeffect.stored_environment.CoData__0_1.inst_values_ptr_0 32 pure>)
debug_merge_point(0, 0, '296<main.rpyeffect:286([method_%Flip_0(p):n@[mcore:[#56]#774]#812])>+0: {"op": "Const". "type": "num". "out": 0. "value": 0}')
debug_merge_point(0, 0, '296<main.rpyeffect:286([method_%Flip_0(p):n@[mcore:[#56]#774]#812])>+1: {"op": "ShiftDyn". "out": 1. "n": 0. "label": 1}')
+416: i55 = getfield_gc_i(p54, descr=<FieldS rpyeffect.stack.Label.inst_origin 8 pure>)
+420: i57 = int_ne(334879, i55)
guard_true(i57, descr=<Guard0x14010afa0>) [p0, i1, i2, i3, i4, i5, i6, i7, i8, i9, i10, i11, i12, i13, i14, i15, i16, p17, p18, p19, p20, p21, p22, p23, p24, p25, p26, p27, p28, p29, p30, p31, p32, p33, p34, p35, p36]
+436: p58 = getfield_gc_r(p35, descr=<FieldP rpyeffect.stack.MetaStack.inst_region 24 pure>)
+444: guard_isnull(p58, descr=<Guard0x14010afe0>) [p0, i1, i2, i3, i4, i5, i6, i7, i8, i9, i10, i11, i12, i13, i14, i15, i16, p17, p18, p19, p20, p21, p22, p23, p24, p25, p26, p27, p28, p29, p30, p31, p32, p33, p34, p35, p36]
+452: p59 = getfield_gc_r(p35, descr=<FieldP rpyeffect.stack.MetaStack.inst_label 16 pure>)
+456: i60 = getfield_gc_i(p59, descr=<FieldS rpyeffect.stack.Label.inst_origin 8 pure>)
+460: i61 = int_ne(i60, i55)
guard_true(i61, descr=<Guard0x14010b020>) [p0, i1, i2, i3, i4, i5, i6, i7, i8, i9, i10, i11, i12, i13, i14, i15, i16, p17, p18, p19, p20, p21, p22, p23, p24, p25, p26, p27, p28, p29, p30, p31, p32, p33, p34, p35, p36]
+468: p62 = getfield_gc_r(p35, descr=<FieldP rpyeffect.stack.MetaStack.inst_tail 32 pure>)
+472: p63 = getfield_gc_r(p62, descr=<FieldP rpyeffect.stack.MetaStack.inst_region 24 pure>)
+476: guard_isnull(p63, descr=<Guard0x14010b060>) [p0, i1, i2, i3, i4, i5, i6, i7, i8, i9, i10, i11, i12, i13, i14, i15, i16, p17, p18, p19, p20, p21, p22, p23, p24, p25, p26, p27, p28, p29, p30, p31, p32, p33, p34, p35, p36]
+484: p64 = getfield_gc_r(p62, descr=<FieldP rpyeffect.stack.MetaStack.inst_label 16 pure>)
+488: i65 = getfield_gc_i(p64, descr=<FieldS rpyeffect.stack.Label.inst_origin 8 pure>)
+492: i66 = int_ne(i65, i55)
guard_false(i66, descr=<Guard0x14010b0a0>) [p0, i1, i2, i3, i4, i5, i6, i7, i8, i9, i10, i11, i12, i13, i14, i15, i16, p17, p18, p19, p20, p21, p22, p23, p24, p25, p26, p27, p28, p29, p30, p31, p32, p33, p34, p35, p36]
+500: i67 = instance_ptr_eq(p64, p54)
guard_true(i67, descr=<Guard0x14010b0e0>) [p0, i1, i2, i3, i4, i5, i6, i7, i8, i9, i10, i11, i12, i13, i14, i15, i16, p17, p18, p19, p20, p21, p22, p23, p24, p25, p26, p27, p28, p29, p30, p31, p32, p33, p34, p35, p36]
+508: p68 = getfield_gc_r(p62, descr=<FieldP rpyeffect.stack.MetaStackLike.inst_stack 8 pure>)
+512: guard_class(p62, 4301614792, descr=<Guard0x14010b120>) [p0, i1, i2, i3, i4, i5, i6, i7, i8, i9, i10, i11, i12, i13, i14, i15, i16, p17, p18, p19, p20, p21, p22, p23, p24, p25, p26, p27, p28, p29, p30, p31, p32, p33, p34, p35, p36]
+528: p70 = getfield_gc_r(p62, descr=<FieldP rpyeffect.stack.MetaStack.inst_tail 32 pure>)
+532: p71 = getfield_gc_r(p35, descr=<FieldP rpyeffect.stack.MetaStackLike.inst_stack 8 pure>)
+536: guard_class(p35, ConstClass(MetaStackWithBinding), descr=<Guard0x14010b160>) [p0, i1, i2, i3, i4, i5, i6, i7, i8, i9, i10, i11, i12, i13, i14, i15, i16, p17, p18, p19, p20, p21, p22, p23, p24, p25, p26, p27, p28, p29, p30, p31, p32, p33, p34, p35, p36]
+552: p73 = getfield_gc_r(p35, descr=<FieldP rpyeffect.stack.MetaStackWithBinding.inst_binding 40 pure>)
+556: guard_nonnull(p73, descr=<Guard0x14010b1a0>) [p0, i1, i2, i3, i4, i5, i6, i7, i8, i9, i10, i11, i12, i13, i14, i15, i16, p17, p18, p19, p20, p21, p22, p23, p24, p25, p26, p27, p28, p29, p30, p31, p32, p33, p34, p35, p36]
+564: guard_nonnull_class(p70, 4301614792, descr=<Guard0x1401090f8>) [p0, i1, i2, i3, i4, i5, i6, i7, i8, i9, i10, i11, i12, i13, i14, i15, i16, p17, p18, p19, p20, p21, p22, p23, p24, p25, p26, p27, p28, p29, p30, p31, p32, p33, p34, p35, p36]
+588: p75 = getfield_gc_r(p70, descr=<FieldP rpyeffect.stack.MetaStackLike.inst_stack 8 pure>)
+592: p76 = getfield_gc_r(p70, descr=<FieldP rpyeffect.stack.MetaStack.inst_label 16 pure>)
+596: p77 = getfield_gc_r(p70, descr=<FieldP rpyeffect.stack.MetaStack.inst_tail 32 pure>)
+600: guard_nonnull(p75, descr=<Guard0x14010b1e0>) [p0, i1, i2, i3, i4, i5, i6, i7, i8, i9, i10, i11, i12, i13, i14, i15, i16, p17, p18, p19, p20, p21, p22, p23, p24, p25, p26, p27, p28, p29, p30, p31, p32, p33, p34, p35, p36]
+608: i78 = getfield_gc_i(p75, descr=<FieldS rpyeffect.stored_environment.Stack__arb_arb.inst_target 16 pure>)
+612: guard_value(i78, 293, descr=<Guard0x14010b220>) [p0, i1, i2, i3, i4, i5, i6, i7, i8, i9, i10, i11, i12, i13, i14, i15, i16, p17, p18, p19, p20, p21, p22, p23, p24, p25, p26, p27, p28, p29, p30, p31, p32, p33, p34, p35, p36]
debug_merge_point(0, 0, '296<main.rpyeffect:286([method_%Flip_0(p):n@[mcore:[#56]#774]#812])>+2: {"op": "Swap". "type": "ptr". "a": 1. "b". 0}')
debug_merge_point(0, 0, '296<main.rpyeffect:286([method_%Flip_0(p):n@[mcore:[#56]#774]#812])>+3: {"op": "Match". "type": Interned({"op": "eff$Tuple". "elements": []}). "scrutinee": 1. "clauses": [{"tag": Interned({"op": "eff$Tuple". "elements": []}). "target": 295. "args": {"num": []. "ptr": []}}]. "default": {"tag": Interned(c1ad4e97-e16b-4180-ac28-d851f2c5f77a#[Missing Tag#1081]). "target": 289. "args": {"num": []. "ptr": []}}}')
debug_merge_point(0, 0, '295<main.rpyeffect:285([#823])>+0: {"op": "Const". "type": "num". "out": 0. "value": 1}')
debug_merge_point(0, 0, '295<main.rpyeffect:285([#823])>+1: {"op": "Push". "target": 294. "args": {"num": []. "ptr": [0]}}')
debug_merge_point(0, 0, '295<main.rpyeffect:285([#823])>+2: {"op": "Jump". "target": 277}')
debug_merge_point(0, 0, '277<main.rpyeffect:267(Name(k_145))>+0: {"op": "PushStack". "arg": 0}')
debug_merge_point(0, 0, '277<main.rpyeffect:267(Name(k_145))>+1: {"op": "Return". "args": {"num": [0]. "ptr": []}}')
debug_merge_point(0, 0, '220<main.rpyeffect:210([k@[switch case for 0#562]#572])>+0: {"op": "Swap". "type": "num". "a": 1. "b". 0}')
+624: p80 = new_with_vtable(descr=<SizeDescr 40>)
+732: p81 = new_with_vtable(descr=<SizeDescr 40>)
+744: setfield_gc(p81, p34, descr=<FieldP rpyeffect.stored_environment.Stack__arb_arb.inst_tail 8 pure>)
+748: setfield_gc(p81, 214, descr=<FieldS rpyeffect.stored_environment.Stack__arb_arb.inst_target 16 pure>)
+756: p83 = new_with_vtable(descr=<SizeDescr 48>)
+768: p84 = new_with_vtable(descr=<SizeDescr 40>)
+780: setfield_gc(p84, p68, descr=<FieldP rpyeffect.stack.MetaStackLike.inst_stack 8 pure>)
+784: setfield_gc(p84, p64, descr=<FieldP rpyeffect.stack.MetaStack.inst_label 16 pure>)
+788: setfield_gc(p84, ConstPtr(null), descr=<FieldP rpyeffect.stack.MetaStack.inst_region 24 pure>)
+796: p86 = new_with_vtable(descr=<SizeDescr 40>)
+808: p87 = new_with_vtable(descr=<SizeDescr 48>)
+824: setfield_gc(p87, p75, descr=<FieldP rpyeffect.stored_environment.Stack__arb_arb.inst_tail 8 pure>)
+828: setfield_gc(p87, 294, descr=<FieldS rpyeffect.stored_environment.Stack__arb_arb.inst_target 16 pure>)
+836: p89 = new_with_vtable(descr=<SizeDescr 48>)
+848: p90 = new_with_vtable(descr=<SizeDescr 48>)
+864: setfield_gc(p90, p80, descr=<FieldP rpyeffect.stored_environment.Stack__arb_arb.inst_tail 8 pure>)
+868: setfield_gc(p90, 220, descr=<FieldS rpyeffect.stored_environment.Stack__arb_arb.inst_target 16 pure>)
+876: setfield_gc(p90, i44, descr=<FieldS rpyeffect.stored_environment.Stack__1_0.inst_values_num_0 40 pure>)
+880: setfield_gc(p89, p90, descr=<FieldP rpyeffect.stack.MetaStackLike.inst_stack 8 pure>)
+884: setfield_gc(p89, p33, descr=<FieldP rpyeffect.stack.MetaStack.inst_label 16 pure>)
+888: setfield_gc(p89, ConstPtr(null), descr=<FieldP rpyeffect.stack.MetaStack.inst_region 24 pure>)
+896: p93 = new_with_vtable(descr=<SizeDescr 48>)
+912: setfield_gc(p93, p71, descr=<FieldP rpyeffect.stack.MetaStackLike.inst_stack 8 pure>)
+916: setfield_gc(p93, p59, descr=<FieldP rpyeffect.stack.MetaStack.inst_label 16 pure>)
+920: setfield_gc(p93, ConstPtr(null), descr=<FieldP rpyeffect.stack.MetaStack.inst_region 24 pure>)
+928: p95 = new_with_vtable(descr=<SizeDescr 40>)
+940: setfield_gc(p95, p68, descr=<FieldP rpyeffect.stack.MetaStackLike.inst_stack 8 pure>)
+944: setfield_gc(p95, p64, descr=<FieldP rpyeffect.stack.MetaStack.inst_label 16 pure>)
+948: setfield_gc(p95, ConstPtr(null), descr=<FieldP rpyeffect.stack.MetaStack.inst_region 24 pure>)
+956: setfield_gc(p95, ConstPtr(null), descr=<FieldP rpyeffect.stack.MetaStack.inst_tail 32 pure>)
+964: setfield_gc(p93, p95, descr=<FieldP rpyeffect.stack.MetaStack.inst_tail 32 pure>)
+968: setfield_gc(p93, p73, descr=<FieldP rpyeffect.stack.MetaStackWithBinding.inst_binding 40 pure>)
+972: setfield_gc(p89, p93, descr=<FieldP rpyeffect.stack.MetaStack.inst_tail 32 pure>)
+976: setfield_gc(p89, p36, descr=<FieldP rpyeffect.stack.MetaStackWithBinding.inst_binding 40 pure>)
+980: setfield_gc(p87, p89, descr=<FieldP rpyeffect.stored_environment.Stack__0_1.inst_values_ptr_0 40 pure>)
+984: setfield_gc(p86, p87, descr=<FieldP rpyeffect.stack.MetaStackLike.inst_stack 8 pure>)
+988: setfield_gc(p86, p76, descr=<FieldP rpyeffect.stack.MetaStack.inst_label 16 pure>)
+996: setfield_gc(p86, ConstPtr(null), descr=<FieldP rpyeffect.stack.MetaStack.inst_region 24 pure>)
+1004: setfield_gc(p86, p77, descr=<FieldP rpyeffect.stack.MetaStack.inst_tail 32 pure>)
+1008: setfield_gc(p84, p86, descr=<FieldP rpyeffect.stack.MetaStack.inst_tail 32 pure>)
+1012: p99 = new_with_vtable(descr=<SizeDescr 32>)
+1024: setfield_gc(p80, 209, descr=<FieldS rpyeffect.stored_environment.Stack__arb_arb.inst_target 16 pure>)
+1032: setfield_gc(p83, ConstPtr(null), descr=<FieldP rpyeffect.stack.MetaStack.inst_region 24 pure>)
+1044: setfield_gc(p83, p59, descr=<FieldP rpyeffect.stack.MetaStack.inst_label 16 pure>)
+1048: setfield_gc(p83, p84, descr=<FieldP rpyeffect.stack.MetaStack.inst_tail 32 pure>)
+1052: setfield_gc(p83, p71, descr=<FieldP rpyeffect.stack.MetaStackLike.inst_stack 8 pure>)
+1056: setfield_gc(p83, p73, descr=<FieldP rpyeffect.stack.MetaStackWithBinding.inst_binding 40 pure>)
+1060: setfield_gc(p80, p81, descr=<FieldP rpyeffect.stored_environment.Stack__arb_arb.inst_tail 8 pure>)
+1072: setfield_gc(p99, ConstPtr(ptr102), descr=<FieldP rpyeffect.stored_environment.Data__arb_arb.inst_tag 8>)
+1156: jump(p33, p80, p0, p83, p36, 1, i44, i3, i4, i5, i6, i7, i8, i9, i10, i11, i12, i13, i14, i15, i16, p89, p99, p19, p20, p21, p22, p23, p24, p25, p26, p27, p28, p29, p30, p31, p32, descr=TargetToken(4834671680))
+1416: --end of the loop--
[31777e2] jit-log-opt-bridge}
[16b9cad1] {jit-log-opt-bridge
# bridge out of Guard 0x1301ae120 with 242 ops
[p0, i1, i2, i3, i4, i5, i6, i7, i8, i9, i10, i11, i12, i13, i14, i15, i16, p17, p18, p19, p20, p21, p22, p23, p24, p25, p26, p27, p28, p29, p30, p31, p32, p33, p34, p35]
+376: guard_not_invalidated(descr=<Guard0x148173f68>) [p0, i1, i2, i3, i4, i5, i6, i7, i8, i9, i10, i11, i12, i13, i14, i15, i16, p17, p18, p19, p20, p21, p22, p23, p24, p25, p26, p27, p28, p29, p30, p31, p32, p33, p34, p35]
debug_merge_point(0, 0, '209<main.rpyeffect:199([k@[mcore:[eta-expanded fn#456]#533]#538])>+1: {"op": "Return". "args": {"num": [0]. "ptr": []}}')
+380: guard_nonnull(p33, descr=<Guard0x148175060>) [p0, i1, i2, i3, i4, i5, i6, i7, i8, i9, i10, i11, i12, i13, i14, i15, i16, p17, p18, p19, p20, p21, p22, p23, p24, p25, p26, p27, p28, p29, p30, p31, p32, p33, p34, p35]
+388: i36 = getfield_gc_i(p33, descr=<FieldS rpyeffect.stored_environment.Stack__arb_arb.inst_target 16 pure>)
+392: guard_value(i36, 214, descr=<Guard0x1481750a0>) [p0, i1, i2, i3, i4, i5, i6, i7, i8, i9, i10, i11, i12, i13, i14, i15, i16, p17, p18, p19, p20, p21, p22, p23, p24, p25, p26, p27, p28, p29, p30, p31, p32, p33, p34, p35]
+404: p38 = getfield_gc_r(p33, descr=<FieldP rpyeffect.stored_environment.Stack__arb_arb.inst_tail 8 pure>)
debug_merge_point(0, 0, '214<main.rpyeffect:204([#591])>+0: {"op": "PrimOp". "name": "box(Num): Ptr". "out": {"num": []. "ptr": [0]}. "in": {"num": [0]. "ptr": []}}')
debug_merge_point(0, 0, '214<main.rpyeffect:204([#591])>+1: {"op": "Return". "args": {"num": []. "ptr": [0]}}')
+408: guard_nonnull(p38, descr=<Guard0x1481750e0>) [p0, i1, i2, i3, i4, i5, i6, i7, i8, i9, i10, i11, i12, i13, i14, i15, i16, p17, p18, p19, p20, p21, p22, p23, p24, p25, p26, p27, p28, p29, p30, p31, p32, p33, p34, p35]
+416: i39 = getfield_gc_i(p38, descr=<FieldS rpyeffect.stored_environment.Stack__arb_arb.inst_target 16 pure>)
+420: guard_value(i39, 231, descr=<Guard0x148175120>) [p0, i1, i2, i3, i4, i5, i6, i7, i8, i9, i10, i11, i12, i13, i14, i15, i16, p17, p18, p19, p20, p21, p22, p23, p24, p25, p26, p27, p28, p29, p30, p31, p32, p33, p34, p35]
+432: p41 = getfield_gc_r(p38, descr=<FieldP rpyeffect.stored_environment.Stack__arb_arb.inst_tail 8 pure>)
debug_merge_point(0, 0, '231<main.rpyeffect:221([k@[mcore:[eta-expanded fn#481]#618]#623])>+0: {"op": "PrimOp". "name": "unbox(Ptr): Num". "out": {"num": [0]. "ptr": []}. "in": {"num": []. "ptr": [0]}}')
debug_merge_point(0, 0, '231<main.rpyeffect:221([k@[mcore:[eta-expanded fn#481]#618]#623])>+1: {"op": "Return". "args": {"num": [0]. "ptr": []}}')
+436: guard_nonnull(p41, descr=<Guard0x148175160>) [p0, i1, i2, i3, i4, i5, i6, i7, i8, i9, i10, i11, i12, i13, i14, i15, i16, p17, p18, p19, p20, p21, p22, p23, p24, p25, p26, p27, p28, p29, p30, p31, p32, p33, p34, p35]
+444: i42 = getfield_gc_i(p41, descr=<FieldS rpyeffect.stored_environment.Stack__arb_arb.inst_target 16 pure>)
+448: guard_value(i42, 244, descr=<Guard0x1481751a0>) [p0, i1, i2, i3, i4, i5, i6, i7, i8, i9, i10, i11, i12, i13, i14, i15, i16, p17, p18, p19, p20, p21, p22, p23, p24, p25, p26, p27, p28, p29, p30, p31, p32, p33, p34, p35]
+460: i44 = getfield_gc_i(p41, descr=<FieldS rpyeffect.stored_environment.Stack__3_0.inst_values_num_0 40 pure>)
+464: i45 = getfield_gc_i(p41, descr=<FieldS rpyeffect.stored_environment.Stack__3_0.inst_values_num_1 48 pure>)
+468: i46 = getfield_gc_i(p41, descr=<FieldS rpyeffect.stored_environment.Stack__3_0.inst_values_num_2 56 pure>)
+472: p47 = getfield_gc_r(p41, descr=<FieldP rpyeffect.stored_environment.Stack__arb_arb.inst_tail 8 pure>)
debug_merge_point(0, 0, '244<main.rpyeffect:234([k@[k@[k@[#649]#651]#655]#663])>+0: {"op": "Push". "target": 243. "args": {"num": [1. 2. 0. 3]. "ptr": []}}')
debug_merge_point(0, 0, '244<main.rpyeffect:234([k@[k@[k@[#649]#651]#655]#663])>+1: {"op": "Copy". "type": "num". "from": 1. "to". 0}')
debug_merge_point(0, 0, '244<main.rpyeffect:234([k@[k@[k@[#649]#651]#655]#663])>+2: {"op": "Jump". "target": 145}')
debug_merge_point(0, 0, '145<main.rpyeffect:135(Name(+_27))>+0: {"op": "New". "out": 0. "targets": [138. 140. 142. 144]. "args": {"num": [0]. "ptr": []}}')
debug_merge_point(0, 0, '145<main.rpyeffect:135(Name(+_27))>+1: {"op": "Return". "args": {"num": []. "ptr": [0]}}')
debug_merge_point(0, 0, '243<main.rpyeffect:233([k@[k@[k@[k@[#649]#651]#655]#663]#665])>+0: {"op": "Push". "target": 242. "args": {"num": [0. 1. 2. 3]. "ptr": []}}')
debug_merge_point(0, 0, '243<main.rpyeffect:233([k@[k@[k@[k@[#649]#651]#655]#663]#665])>+1: {"op": "Copy". "type": "num". "from": 1. "to". 0}')
debug_merge_point(0, 0, '243<main.rpyeffect:233([k@[k@[k@[k@[#649]#651]#655]#663]#665])>+2: {"op": "Invoke". "receiver": 0. "tag": Interned(%apply(n):n). "args" : {"num": [0]. "ptr": []}}')
debug_merge_point(0, 0, '138<main.rpyeffect:128([method_%apply(n):n@Name(+_27)#347])>+0: {"op": "Jump". "target": 136}')
debug_merge_point(0, 0, '136<main.rpyeffect:126([mcore:[#26]#343])>+0: {"op": "PrimOp". "name": "infixAdd(Int. Int): Int". "out": {"num": [0]. "ptr": []}. "in": {"num": [1. 0]. "ptr": []}}')
+476: i48 = int_add(i44, i45)
debug_merge_point(0, 0, '136<main.rpyeffect:126([mcore:[#26]#343])>+1: {"op": "Return". "args": {"num": [0]. "ptr": []}}')
debug_merge_point(0, 0, '242<main.rpyeffect:232([#667])>+0: {"op": "Push". "target": 241. "args": {"num": [1. 2. 3. 4]. "ptr": []}}')
debug_merge_point(0, 0, '242<main.rpyeffect:232([#667])>+1: {"op": "Jump". "target": 145}')
debug_merge_point(0, 0, '145<main.rpyeffect:135(Name(+_27))>+0: {"op": "New". "out": 0. "targets": [138. 140. 142. 144]. "args": {"num": [0]. "ptr": []}}')
debug_merge_point(0, 0, '145<main.rpyeffect:135(Name(+_27))>+1: {"op": "Return". "args": {"num": []. "ptr": [0]}}')
debug_merge_point(0, 0, '241<main.rpyeffect:231([k@[#667]#669])>+0: {"op": "Push". "target": 240. "args": {"num": [0. 1. 2. 3]. "ptr": []}}')
debug_merge_point(0, 0, '241<main.rpyeffect:231([k@[#667]#669])>+1: {"op": "Copy". "type": "num". "from": 2. "to". 0}')
debug_merge_point(0, 0, '241<main.rpyeffect:231([k@[#667]#669])>+2: {"op": "Invoke". "receiver": 0. "tag": Interned(%apply(n):n). "args" : {"num": [0]. "ptr": []}}')
debug_merge_point(0, 0, '138<main.rpyeffect:128([method_%apply(n):n@Name(+_27)#347])>+0: {"op": "Jump". "target": 136}')
debug_merge_point(0, 0, '136<main.rpyeffect:126([mcore:[#26]#343])>+0: {"op": "PrimOp". "name": "infixAdd(Int. Int): Int". "out": {"num": [0]. "ptr": []}. "in": {"num": [1. 0]. "ptr": []}}')
+480: i49 = int_add(i48, i1)
debug_merge_point(0, 0, '136<main.rpyeffect:126([mcore:[#26]#343])>+1: {"op": "Return". "args": {"num": [0]. "ptr": []}}')
debug_merge_point(0, 0, '240<main.rpyeffect:230([k@[k@[#667]#669]#671])>+0: {"op": "Push". "target": 239. "args": {"num": [1. 2. 3. 4]. "ptr": []}}')
debug_merge_point(0, 0, '240<main.rpyeffect:230([k@[k@[#667]#669]#671])>+1: {"op": "Jump". "target": 19}')
debug_merge_point(0, 0, '19<main.rpyeffect:9(Name(=_0))>+0: {"op": "New". "out": 0. "targets": [12. 14. 16. 18]. "args": {"num": [0]. "ptr": []}}')
debug_merge_point(0, 0, '19<main.rpyeffect:9(Name(=_0))>+1: {"op": "Return". "args": {"num": []. "ptr": [0]}}')
debug_merge_point(0, 0, '239<main.rpyeffect:229([k@[k@[k@[#667]#669]#671]#673])>+0: {"op": "Push". "target": 238. "args": {"num": [0. 1. 2]. "ptr": []}}')
debug_merge_point(0, 0, '239<main.rpyeffect:229([k@[k@[k@[#667]#669]#671]#673])>+1: {"op": "Copy". "type": "num". "from": 3. "to". 0}')
debug_merge_point(0, 0, '239<main.rpyeffect:229([k@[k@[k@[#667]#669]#671]#673])>+2: {"op": "Invoke". "receiver": 0. "tag": Interned(%apply(n):n). "args" : {"num": [0]. "ptr": []}}')
debug_merge_point(0, 0, '12<main.rpyeffect:2([method_%apply(n):n@Name(=_0)#7])>+0: {"op": "Jump". "target": 10}')
debug_merge_point(0, 0, '10<main.rpyeffect:0([mcore:[#15]#3])>+0: {"op": "PrimOp". "name": "infixEq(Int. Int): Boolean". "out": {"num": [0]. "ptr": []}. "in": {"num": [1. 0]. "ptr": []}}')
+484: i50 = int_eq(i49, i46)
guard_true(i50, descr=<Guard0x1481751e0>) [p0, i1, i2, i3, i4, i5, i6, i7, i8, i9, i10, i11, i12, i13, i14, i15, i16, p17, p18, p19, p20, p21, p22, p23, p24, p25, p26, p27, p28, p29, p30, p31, p32, p33, p34, p35]
debug_merge_point(0, 0, '10<main.rpyeffect:0([mcore:[#15]#3])>+1: {"op": "Return". "args": {"num": [0]. "ptr": []}}')
debug_merge_point(0, 0, '238<main.rpyeffect:228([k@[k@[k@[k@[#667]#669]#671]#673]#675])>+0: {"op": "Switch". "scrutinee": 0. "values": [1]. "targets": [233]. "default": 237}')
+492: guard_nonnull(p47, descr=<Guard0x148175220>) [p0, i1, i2, i3, i4, i5, i6, i7, i8, i9, i10, i11, i12, i13, i14, i15, i16, p17, p18, p19, p20, p21, p22, p23, p24, p25, p26, p27, p28, p29, p30, p31, p32, p33, p34, p35]
+500: i51 = getfield_gc_i(p47, descr=<FieldS rpyeffect.stored_environment.Stack__arb_arb.inst_target 16 pure>)
+504: guard_value(i51, 310, descr=<Guard0x148175260>) [p0, i1, i2, i3, i4, i5, i6, i7, i8, i9, i10, i11, i12, i13, i14, i15, i16, p17, p18, p19, p20, p21, p22, p23, p24, p25, p26, p27, p28, p29, p30, p31, p32, p33, p34, p35]
debug_merge_point(0, 0, '233<main.rpyeffect:223([switch case for 1#676])>+0: {"op": "Construct". "out": 0. "type": Interned({"op": "eff$Tuple". "elements": [{"op": "Int"}. {"op": "Int"}. {"op": "Int"}]}). "tag": Interned({"op": "eff$Tuple". "elements": [{"op": "Int"}. {"op": "Int"}. {"op": "Int"}]}). "args": {"num": [1. 2. 3]. "ptr": []}}')
debug_merge_point(0, 0, '233<main.rpyeffect:223([switch case for 1#676])>+1: {"op": "Return". "args": {"num": []. "ptr": [0]}}')
+516: p53 = getfield_gc_r(p47, descr=<FieldP rpyeffect.stored_environment.Stack__arb_arb.inst_tail 8 pure>)
debug_merge_point(0, 0, '310<main.rpyeffect:300([k@[k@[mcore:[#57]#878]#886]#888])>+0: {"op": "Jump". "target": 309}')
+520: guard_nonnull_class(p53, ConstClass(Stack__0_0), descr=<Guard0x14817c020>) [p0, i1, i2, i3, i4, i5, i6, i7, i8, i9, i10, i11, i12, i13, i14, i15, i16, p17, p18, p19, p20, p21, p22, p23, p24, p25, p26, p27, p28, p29, p30, p31, p32, p33, p34, p35]
+544: i55 = getfield_gc_i(p53, descr=<FieldS rpyeffect.stored_environment.Stack__arb_arb.inst_target 16 pure>)
+548: guard_value(i55, 306, descr=<Guard0x1481752a0>) [p0, i1, i2, i3, i4, i5, i6, i7, i8, i9, i10, i11, i12, i13, i14, i15, i16, p17, p18, p19, p20, p21, p22, p23, p24, p25, p26, p27, p28, p29, p30, p31, p32, p33, p34, p35]
debug_merge_point(0, 0, '309<main.rpyeffect:299([mcore:[eta-expanded fn#510]#871])>+0: {"op": "Push". "target": 308. "args": {"num": []. "ptr": []}}')
debug_merge_point(0, 0, '309<main.rpyeffect:299([mcore:[eta-expanded fn#510]#871])>+1: {"op": "Jump". "target": 275}')
debug_merge_point(0, 0, '275<main.rpyeffect:265(Name(hash_126))>+0: {"op": "Match". "type": Interned({"op": "eff$Tuple". "elements": [{"op": "Int"}. {"op": "Int"}. {"op": "Int"}]}). "scrutinee": 0. "clauses": [{"tag": Interned({"op": "eff$Tuple". "elements": [{"op": "Int"}. {"op": "Int"}. {"op": "Int"}]}). "target": 274. "args": {"num": [0. 1. 2]. "ptr": []}}]. "default": {"tag": Interned(c1ad4e97-e16b-4180-ac28-d851f2c5f77a#[Missing Tag#1078]). "target": 261. "args": {"num": []. "ptr": []}}}')
debug_merge_point(0, 0, '274<main.rpyeffect:264([#739])>+0: {"op": "Const". "type": "num". "out": 3. "value": 53}')
debug_merge_point(0, 0, '274<main.rpyeffect:264([#739])>+1: {"op": "Push". "target": 273. "args": {"num": [0. 1. 2]. "ptr": []}}')
debug_merge_point(0, 0, '274<main.rpyeffect:264([#739])>+2: {"op": "Copy". "type": "num". "from": 3. "to". 0}')
debug_merge_point(0, 0, '274<main.rpyeffect:264([#739])>+3: {"op": "Jump". "target": 175}')
debug_merge_point(0, 0, '175<main.rpyeffect:165(Name(*_30))>+0: {"op": "New". "out": 0. "targets": [168. 170. 172. 174]. "args": {"num": [0]. "ptr": []}}')
debug_merge_point(0, 0, '175<main.rpyeffect:165(Name(*_30))>+1: {"op": "Return". "args": {"num": []. "ptr": [0]}}')
debug_merge_point(0, 0, '273<main.rpyeffect:263([k@[#739]#743])>+0: {"op": "Push". "target": 272. "args": {"num": [1. 2]. "ptr": []}}')
debug_merge_point(0, 0, '273<main.rpyeffect:263([k@[#739]#743])>+1: {"op": "Invoke". "receiver": 0. "tag": Interned(%apply(n):n). "args" : {"num": [0]. "ptr": []}}')
debug_merge_point(0, 0, '168<main.rpyeffect:158([method_%apply(n):n@Name(*_30)#437])>+0: {"op": "Jump". "target": 166}')
debug_merge_point(0, 0, '166<main.rpyeffect:156([mcore:[#29]#433])>+0: {"op": "PrimOp". "name": "infixMul(Int. Int): Int". "out": {"num": [0]. "ptr": []}. "in": {"num": [1. 0]. "ptr": []}}')
+560: i58 = int_mul(53, i44)
debug_merge_point(0, 0, '166<main.rpyeffect:156([mcore:[#29]#433])>+1: {"op": "Return". "args": {"num": [0]. "ptr": []}}')
debug_merge_point(0, 0, '272<main.rpyeffect:262([k@[k@[#739]#743]#745])>+0: {"op": "Push". "target": 271. "args": {"num": [1. 2]. "ptr": []}}')
debug_merge_point(0, 0, '272<main.rpyeffect:262([k@[k@[#739]#743]#745])>+1: {"op": "Jump". "target": 145}')
debug_merge_point(0, 0, '145<main.rpyeffect:135(Name(+_27))>+0: {"op": "New". "out": 0. "targets": [138. 140. 142. 144]. "args": {"num": [0]. "ptr": []}}')
debug_merge_point(0, 0, '145<main.rpyeffect:135(Name(+_27))>+1: {"op": "Return". "args": {"num": []. "ptr": [0]}}')
debug_merge_point(0, 0, '271<main.rpyeffect:261([k@[k@[k@[#739]#743]#745]#747])>+0: {"op": "Const". "type": "num". "out": 2. "value": 2809}')
debug_merge_point(0, 0, '271<main.rpyeffect:261([k@[k@[k@[#739]#743]#745]#747])>+1: {"op": "Push". "target": 270. "args": {"num": [0. 1]. "ptr": [0]}}')
debug_merge_point(0, 0, '271<main.rpyeffect:261([k@[k@[k@[#739]#743]#745]#747])>+2: {"op": "Copy". "type": "num". "from": 2. "to". 0}')
debug_merge_point(0, 0, '271<main.rpyeffect:261([k@[k@[k@[#739]#743]#745]#747])>+3: {"op": "Jump". "target": 175}')
debug_merge_point(0, 0, '175<main.rpyeffect:165(Name(*_30))>+0: {"op": "New". "out": 0. "targets": [168. 170. 172. 174]. "args": {"num": [0]. "ptr": []}}')
debug_merge_point(0, 0, '175<main.rpyeffect:165(Name(*_30))>+1: {"op": "Return". "args": {"num": []. "ptr": [0]}}')
debug_merge_point(0, 0, '270<main.rpyeffect:260([k@[k@[k@[k@[#739]#743]#745]#747]#751])>+0: {"op": "Push". "target": 269. "args": {"num": [1]. "ptr": [1]}}')
debug_merge_point(0, 0, '270<main.rpyeffect:260([k@[k@[k@[k@[#739]#743]#745]#747]#751])>+1: {"op": "Invoke". "receiver": 0. "tag": Interned(%apply(n):n). "args" : {"num": [0]. "ptr": []}}')
debug_merge_point(0, 0, '168<main.rpyeffect:158([method_%apply(n):n@Name(*_30)#437])>+0: {"op": "Jump". "target": 166}')
debug_merge_point(0, 0, '166<main.rpyeffect:156([mcore:[#29]#433])>+0: {"op": "PrimOp". "name": "infixMul(Int. Int): Int". "out": {"num": [0]. "ptr": []}. "in": {"num": [1. 0]. "ptr": []}}')
+568: i60 = int_mul(2809, i45)
debug_merge_point(0, 0, '166<main.rpyeffect:156([mcore:[#29]#433])>+1: {"op": "Return". "args": {"num": [0]. "ptr": []}}')
debug_merge_point(0, 0, '269<main.rpyeffect:259([#753])>+0: {"op": "Push". "target": 268. "args": {"num": [1]. "ptr": []}}')
debug_merge_point(0, 0, '269<main.rpyeffect:259([#753])>+1: {"op": "Invoke". "receiver": 0. "tag": Interned(%apply(n):n). "args" : {"num": [0]. "ptr": []}}')
debug_merge_point(0, 0, '138<main.rpyeffect:128([method_%apply(n):n@Name(+_27)#347])>+0: {"op": "Jump". "target": 136}')
debug_merge_point(0, 0, '136<main.rpyeffect:126([mcore:[#26]#343])>+0: {"op": "PrimOp". "name": "infixAdd(Int. Int): Int". "out": {"num": [0]. "ptr": []}. "in": {"num": [1. 0]. "ptr": []}}')
+576: i61 = int_add(i58, i60)
debug_merge_point(0, 0, '136<main.rpyeffect:126([mcore:[#26]#343])>+1: {"op": "Return". "args": {"num": [0]. "ptr": []}}')
debug_merge_point(0, 0, '268<main.rpyeffect:258([k@[#753]#755])>+0: {"op": "Push". "target": 267. "args": {"num": [1]. "ptr": []}}')
debug_merge_point(0, 0, '268<main.rpyeffect:258([k@[#753]#755])>+1: {"op": "Jump". "target": 145}')
debug_merge_point(0, 0, '145<main.rpyeffect:135(Name(+_27))>+0: {"op": "New". "out": 0. "targets": [138. 140. 142. 144]. "args": {"num": [0]. "ptr": []}}')
debug_merge_point(0, 0, '145<main.rpyeffect:135(Name(+_27))>+1: {"op": "Return". "args": {"num": []. "ptr": [0]}}')
debug_merge_point(0, 0, '267<main.rpyeffect:257([k@[k@[#753]#755]#757])>+0: {"op": "Const". "type": "num". "out": 1. "value": 148877}')
debug_merge_point(0, 0, '267<main.rpyeffect:257([k@[k@[#753]#755]#757])>+1: {"op": "Push". "target": 266. "args": {"num": [0]. "ptr": [0]}}')
debug_merge_point(0, 0, '267<main.rpyeffect:257([k@[k@[#753]#755]#757])>+2: {"op": "Copy". "type": "num". "from": 1. "to". 0}')
debug_merge_point(0, 0, '267<main.rpyeffect:257([k@[k@[#753]#755]#757])>+3: {"op": "Jump". "target": 175}')
debug_merge_point(0, 0, '175<main.rpyeffect:165(Name(*_30))>+0: {"op": "New". "out": 0. "targets": [168. 170. 172. 174]. "args": {"num": [0]. "ptr": []}}')
debug_merge_point(0, 0, '175<main.rpyeffect:165(Name(*_30))>+1: {"op": "Return". "args": {"num": []. "ptr": [0]}}')
debug_merge_point(0, 0, '266<main.rpyeffect:256([k@[k@[k@[#753]#755]#757]#761])>+0: {"op": "Push". "target": 265. "args": {"num": []. "ptr": [1]}}')
debug_merge_point(0, 0, '266<main.rpyeffect:256([k@[k@[k@[#753]#755]#757]#761])>+1: {"op": "Invoke". "receiver": 0. "tag": Interned(%apply(n):n). "args" : {"num": [0]. "ptr": []}}')
debug_merge_point(0, 0, '168<main.rpyeffect:158([method_%apply(n):n@Name(*_30)#437])>+0: {"op": "Jump". "target": 166}')
debug_merge_point(0, 0, '166<main.rpyeffect:156([mcore:[#29]#433])>+0: {"op": "PrimOp". "name": "infixMul(Int. Int): Int". "out": {"num": [0]. "ptr": []}. "in": {"num": [1. 0]. "ptr": []}}')
+580: i63 = int_mul(148877, i1)
debug_merge_point(0, 0, '166<main.rpyeffect:156([mcore:[#29]#433])>+1: {"op": "Return". "args": {"num": [0]. "ptr": []}}')
debug_merge_point(0, 0, '265<main.rpyeffect:255([k@[k@[k@[k@[#753]#755]#757]#761]#763])>+0: {"op": "Push". "target": 264. "args": {"num": []. "ptr": []}}')
debug_merge_point(0, 0, '265<main.rpyeffect:255([k@[k@[k@[k@[#753]#755]#757]#761]#763])>+1: {"op": "Invoke". "receiver": 0. "tag": Interned(%apply(n):n). "args" : {"num": [0]. "ptr": []}}')
debug_merge_point(0, 0, '138<main.rpyeffect:128([method_%apply(n):n@Name(+_27)#347])>+0: {"op": "Jump". "target": 136}')
debug_merge_point(0, 0, '136<main.rpyeffect:126([mcore:[#26]#343])>+0: {"op": "PrimOp". "name": "infixAdd(Int. Int): Int". "out": {"num": [0]. "ptr": []}. "in": {"num": [1. 0]. "ptr": []}}')
+592: i64 = int_add(i61, i63)
debug_merge_point(0, 0, '136<main.rpyeffect:126([mcore:[#26]#343])>+1: {"op": "Return". "args": {"num": [0]. "ptr": []}}')
debug_merge_point(0, 0, '264<main.rpyeffect:254([#765])>+0: {"op": "Push". "target": 263. "args": {"num": []. "ptr": []}}')
debug_merge_point(0, 0, '264<main.rpyeffect:254([#765])>+1: {"op": "Jump". "target": 165}')
debug_merge_point(0, 0, '165<main.rpyeffect:155(Name(mod_29))>+0: {"op": "New". "out": 0. "targets": [158. 160. 162. 164]. "args": {"num": [0]. "ptr": []}}')
debug_merge_point(0, 0, '165<main.rpyeffect:155(Name(mod_29))>+1: {"op": "Return". "args": {"num": []. "ptr": [0]}}')
debug_merge_point(0, 0, '263<main.rpyeffect:253([k@[#765]#767])>+0: {"op": "Const". "type": "num". "out": 0. "value": 1000000007}')
debug_merge_point(0, 0, '263<main.rpyeffect:253([k@[#765]#767])>+1: {"op": "Push". "target": 262. "args": {"num": []. "ptr": []}}')
debug_merge_point(0, 0, '263<main.rpyeffect:253([k@[#765]#767])>+2: {"op": "Invoke". "receiver": 0. "tag": Interned(%apply(n):n). "args" : {"num": [0]. "ptr": []}}')
debug_merge_point(0, 0, '158<main.rpyeffect:148([method_%apply(n):n@Name(mod_29)#407])>+0: {"op": "Jump". "target": 156}')
debug_merge_point(0, 0, '156<main.rpyeffect:146([mcore:[#28]#403])>+0: {"op": "PrimOp". "name": "mod(Int. Int): Int". "out": {"num": [0]. "ptr": []}. "in": {"num": [1. 0]. "ptr": []}}')
+596: i66 = int_rshift(i64, 63)
+604: i67 = int_xor(i64, i66)
+608: i69 = uint_mul_high(i67, -8543223828751151131)
+628: i71 = uint_rshift(i69, 29)
+636: i72 = int_xor(i71, i66)
+640: i74 = int_mul(i72, 1000000007)
+652: i75 = int_sub(i64, i74)
debug_merge_point(0, 0, '156<main.rpyeffect:146([mcore:[#28]#403])>+1: {"op": "Return". "args": {"num": [0]. "ptr": []}}')
debug_merge_point(0, 0, '262<main.rpyeffect:252([k@[k@[#765]#767]#771])>+0: {"op": "PrimOp". "name": "box(Num): Ptr". "out": {"num": []. "ptr": [0]}. "in": {"num": [0]. "ptr": []}}')
debug_merge_point(0, 0, '262<main.rpyeffect:252([k@[k@[#765]#767]#771])>+1: {"op": "Return". "args": {"num": []. "ptr": [0]}}')
debug_merge_point(0, 0, '308<main.rpyeffect:298([k@[mcore:[eta-expanded fn#510]#871]#874])>+0: {"op": "PrimOp". "name": "unbox(Ptr): Num". "out": {"num": [0]. "ptr": []}. "in": {"num": []. "ptr": [0]}}')
debug_merge_point(0, 0, '308<main.rpyeffect:298([k@[mcore:[eta-expanded fn#510]#871]#874])>+1: {"op": "Return". "args": {"num": [0]. "ptr": []}}')
+656: p76 = getfield_gc_r(p53, descr=<FieldP rpyeffect.stored_environment.Stack__arb_arb.inst_tail 8 pure>)
+660: guard_isnull(p76, descr=<Guard0x1481752e0>) [p0, i1, i2, i3, i4, i5, i6, i7, i8, i9, i10, i11, i12, i13, i14, i15, i16, p17, p18, p19, p20, p21, p22, p23, p24, p25, p26, p27, p28, p29, p30, p31, p32, p33, p34, p35]
debug_merge_point(0, 0, '306<main.rpyeffect:296([return_clause@[mcore:[#56]#774]#870])>+0: {"op": "Return". "args": {"num": [0]. "ptr": []}}')
+668: guard_nonnull_class(p34, ConstClass(MetaStackWithBinding), descr=<Guard0x14817c078>) [p0, i1, i2, i3, i4, i5, i6, i7, i8, i9, i10, i11, i12, i13, i14, i15, i16, p17, p18, p19, p20, p21, p22, p23, p24, p25, p26, p27, p28, p29, p30, p31, p32, p33, p34, p35]
+696: p78 = getfield_gc_r(p34, descr=<FieldP rpyeffect.stack.MetaStackLike.inst_stack 8 pure>)
+700: p79 = getfield_gc_r(p34, descr=<FieldP rpyeffect.stack.MetaStack.inst_label 16 pure>)
+700: p80 = getfield_gc_r(p34, descr=<FieldP rpyeffect.stack.MetaStackWithBinding.inst_binding 40 pure>)
+700: p81 = getfield_gc_r(p34, descr=<FieldP rpyeffect.stack.MetaStack.inst_tail 32 pure>)
+704: guard_nonnull_class(p78, ConstClass(Stack__0_0), descr=<Guard0x14817c0d0>) [p0, i1, i2, i3, i4, i5, i6, i7, i8, i9, i10, i11, i12, i13, i14, i15, i16, p17, p18, p19, p20, p21, p22, p23, p24, p25, p26, p27, p28, p29, p30, p31, p32, p33, p34, p35]
+728: i83 = getfield_gc_i(p78, descr=<FieldS rpyeffect.stored_environment.Stack__arb_arb.inst_target 16 pure>)
+732: guard_value(i83, 287, descr=<Guard0x148175320>) [p0, i1, i2, i3, i4, i5, i6, i7, i8, i9, i10, i11, i12, i13, i14, i15, i16, p17, p18, p19, p20, p21, p22, p23, p24, p25, p26, p27, p28, p29, p30, p31, p32, p33, p34, p35]
+744: p85 = getfield_gc_r(p78, descr=<FieldP rpyeffect.stored_environment.Stack__arb_arb.inst_tail 8 pure>)
+748: guard_isnull(p85, descr=<Guard0x148175360>) [p0, i1, i2, i3, i4, i5, i6, i7, i8, i9, i10, i11, i12, i13, i14, i15, i16, p17, p18, p19, p20, p21, p22, p23, p24, p25, p26, p27, p28, p29, p30, p31, p32, p33, p34, p35]
debug_merge_point(0, 0, '287<main.rpyeffect:277([return_clause@[mcore:[#56]#774]#810])>+0: {"op": "Return". "args": {"num": [0]. "ptr": []}}')
+756: guard_nonnull_class(p81, 4301614792, descr=<Guard0x14817c128>) [p0, i1, i2, i3, i4, i5, i6, i7, i8, i9, i10, i11, i12, i13, i14, i15, i16, p17, p18, p19, p20, p21, p22, p23, p24, p25, p26, p27, p28, p29, p30, p31, p32, p33, p34, p35]
+780: p87 = getfield_gc_r(p81, descr=<FieldP rpyeffect.stack.MetaStackLike.inst_stack 8 pure>)
+784: p88 = getfield_gc_r(p81, descr=<FieldP rpyeffect.stack.MetaStack.inst_label 16 pure>)
+784: p89 = getfield_gc_r(p81, descr=<FieldP rpyeffect.stack.MetaStack.inst_tail 32 pure>)
+788: guard_nonnull_class(p87, ConstClass(Stack__0_0), descr=<Guard0x14817c180>) [p0, i1, i2, i3, i4, i5, i6, i7, i8, i9, i10, i11, i12, i13, i14, i15, i16, p17, p18, p19, p20, p21, p22, p23, p24, p25, p26, p27, p28, p29, p30, p31, p32, p33, p34, p35]
+812: i91 = getfield_gc_i(p87, descr=<FieldS rpyeffect.stored_environment.Stack__arb_arb.inst_target 16 pure>)
+816: guard_value(i91, 278, descr=<Guard0x1481753a0>) [p0, i1, i2, i3, i4, i5, i6, i7, i8, i9, i10, i11, i12, i13, i14, i15, i16, p17, p18, p19, p20, p21, p22, p23, p24, p25, p26, p27, p28, p29, p30, p31, p32, p33, p34, p35]
+828: p93 = getfield_gc_r(p87, descr=<FieldP rpyeffect.stored_environment.Stack__arb_arb.inst_tail 8 pure>)
+832: guard_isnull(p93, descr=<Guard0x1481753e0>) [p0, i1, i2, i3, i4, i5, i6, i7, i8, i9, i10, i11, i12, i13, i14, i15, i16, p17, p18, p19, p20, p21, p22, p23, p24, p25, p26, p27, p28, p29, p30, p31, p32, p33, p34, p35]
debug_merge_point(0, 0, '278<main.rpyeffect:268([return_clause@[mcore:[#56]#774]#777])>+0: {"op": "Return". "args": {"num": [0]. "ptr": []}}')
+840: guard_nonnull_class(p89, 4301614792, descr=<Guard0x14817c1d8>) [p0, i1, i2, i3, i4, i5, i6, i7, i8, i9, i10, i11, i12, i13, i14, i15, i16, p17, p18, p19, p20, p21, p22, p23, p24, p25, p26, p27, p28, p29, p30, p31, p32, p33, p34, p35]
+864: p95 = getfield_gc_r(p89, descr=<FieldP rpyeffect.stack.MetaStackLike.inst_stack 8 pure>)
+868: p96 = getfield_gc_r(p89, descr=<FieldP rpyeffect.stack.MetaStack.inst_label 16 pure>)
+872: p97 = getfield_gc_r(p89, descr=<FieldP rpyeffect.stack.MetaStack.inst_tail 32 pure>)
+876: guard_nonnull(p95, descr=<Guard0x148175420>) [p0, i1, i2, i3, i4, i5, i6, i7, i8, i9, i10, i11, i12, i13, i14, i15, i16, p17, p18, p19, p20, p21, p22, p23, p24, p25, p26, p27, p28, p29, p30, p31, p32, p33, p34, p35]
+884: i98 = getfield_gc_i(p95, descr=<FieldS rpyeffect.stored_environment.Stack__arb_arb.inst_target 16 pure>)
+888: guard_value(i98, 294, descr=<Guard0x148175460>) [p0, i1, i2, i3, i4, i5, i6, i7, i8, i9, i10, i11, i12, i13, i14, i15, i16, p17, p18, p19, p20, p21, p22, p23, p24, p25, p26, p27, p28, p29, p30, p31, p32, p33, p34, p35]
+900: p100 = getfield_gc_r(p95, descr=<FieldP rpyeffect.stored_environment.Stack__0_1.inst_values_ptr_0 40 pure>)
+904: p101 = getfield_gc_r(p95, descr=<FieldP rpyeffect.stored_environment.Stack__arb_arb.inst_tail 8 pure>)
debug_merge_point(0, 0, '294<main.rpyeffect:284([k@[#823]#827])>+0: {"op": "Const". "type": "num". "out": 1. "value": 0}')
debug_merge_point(0, 0, '294<main.rpyeffect:284([k@[#823]#827])>+1: {"op": "Push". "target": 293. "args": {"num": [0]. "ptr": []}}')
debug_merge_point(0, 0, '294<main.rpyeffect:284([k@[#823]#827])>+2: {"op": "Copy". "type": "num". "from": 1. "to". 0}')
debug_merge_point(0, 0, '294<main.rpyeffect:284([k@[#823]#827])>+3: {"op": "Jump". "target": 277}')
debug_merge_point(0, 0, '277<main.rpyeffect:267(Name(k_145))>+0: {"op": "PushStack". "arg": 0}')
+908: guard_nonnull_class(p100, ConstClass(MetaStackWithBinding), descr=<Guard0x14817c230>) [p0, i1, i2, i3, i4, i5, i6, i7, i8, i9, i10, i11, i12, i13, i14, i15, i16, p17, p18, p19, p20, p21, p22, p23, p24, p25, p26, p27, p28, p29, p30, p31, p32, p33, p34, p35]
+932: p103 = getfield_gc_r(p100, descr=<FieldP rpyeffect.stack.MetaStack.inst_region 24 pure>)
+936: guard_isnull(p103, descr=<Guard0x1481754a0>) [p0, i1, i2, i3, i4, i5, i6, i7, i8, i9, i10, i11, i12, i13, i14, i15, i16, p17, p18, p19, p20, p21, p22, p23, p24, p25, p26, p27, p28, p29, p30, p31, p32, p33, p34, p35]
+944: p104 = getfield_gc_r(p100, descr=<FieldP rpyeffect.stack.MetaStackLike.inst_stack 8 pure>)
+948: p105 = getfield_gc_r(p100, descr=<FieldP rpyeffect.stack.MetaStack.inst_tail 32 pure>)
+952: guard_nonnull_class(p105, ConstClass(MetaStackWithBinding), descr=<Guard0x14817c288>) [p0, i1, i2, i3, i4, i5, i6, i7, i8, i9, i10, i11, i12, i13, i14, i15, i16, p17, p18, p19, p20, p21, p22, p23, p24, p25, p26, p27, p28, p29, p30, p31, p32, p33, p34, p35]
+976: p107 = getfield_gc_r(p105, descr=<FieldP rpyeffect.stack.MetaStack.inst_region 24 pure>)
+980: guard_isnull(p107, descr=<Guard0x1481754e0>) [p0, i1, i2, i3, i4, i5, i6, i7, i8, i9, i10, i11, i12, i13, i14, i15, i16, p17, p18, p19, p20, p21, p22, p23, p24, p25, p26, p27, p28, p29, p30, p31, p32, p33, p34, p35]
+988: p108 = getfield_gc_r(p105, descr=<FieldP rpyeffect.stack.MetaStackLike.inst_stack 8 pure>)
+992: p109 = getfield_gc_r(p105, descr=<FieldP rpyeffect.stack.MetaStack.inst_tail 32 pure>)
+996: guard_nonnull_class(p109, 4301614792, descr=<Guard0x14817c2e0>) [p0, i1, i2, i3, i4, i5, i6, i7, i8, i9, i10, i11, i12, i13, i14, i15, i16, p17, p18, p19, p20, p21, p22, p23, p24, p25, p26, p27, p28, p29, p30, p31, p32, p33, p34, p35]
+1020: p111 = getfield_gc_r(p109, descr=<FieldP rpyeffect.stack.MetaStack.inst_region 24 pure>)
+1024: guard_isnull(p111, descr=<Guard0x148175520>) [p0, i1, i2, i3, i4, i5, i6, i7, i8, i9, i10, i11, i12, i13, i14, i15, i16, p17, p18, p19, p20, p21, p22, p23, p24, p25, p26, p27, p28, p29, p30, p31, p32, p33, p34, p35]
+1032: p112 = getfield_gc_r(p109, descr=<FieldP rpyeffect.stack.MetaStackLike.inst_stack 8 pure>)
+1036: p113 = getfield_gc_r(p109, descr=<FieldP rpyeffect.stack.MetaStack.inst_tail 32 pure>)
+1040: guard_isnull(p113, descr=<Guard0x148175560>) [p0, i1, i2, i3, i4, i5, i6, i7, i8, i9, i10, i11, i12, i13, i14, i15, i16, p17, p18, p19, p20, p21, p22, p23, p24, p25, p26, p27, p28, p29, p30, p31, p32, p33, p34, p35]
+1048: p114 = getfield_gc_r(p109, descr=<FieldP rpyeffect.stack.MetaStack.inst_label 16 pure>)
+1052: p115 = getfield_gc_r(p105, descr=<FieldP rpyeffect.stack.MetaStack.inst_label 16 pure>)
+1056: p116 = getfield_gc_r(p105, descr=<FieldP rpyeffect.stack.MetaStackWithBinding.inst_binding 40 pure>)
+1060: guard_nonnull(p116, descr=<Guard0x1481755a0>) [p0, i1, i2, i3, i4, i5, i6, i7, i8, i9, i10, i11, i12, i13, i14, i15, i16, p17, p18, p19, p20, p21, p22, p23, p24, p25, p26, p27, p28, p29, p30, p31, p32, p33, p34, p35]
+1068: p117 = getfield_gc_r(p100, descr=<FieldP rpyeffect.stack.MetaStack.inst_label 16 pure>)
+1076: p118 = getfield_gc_r(p100, descr=<FieldP rpyeffect.stack.MetaStackWithBinding.inst_binding 40 pure>)
+1084: guard_nonnull(p118, descr=<Guard0x1481755e0>) [p0, i1, i2, i3, i4, i5, i6, i7, i8, i9, i10, i11, i12, i13, i14, i15, i16, p17, p18, p19, p20, p21, p22, p23, p24, p25, p26, p27, p28, p29, p30, p31, p32, p33, p34, p35]
+1092: guard_nonnull(p104, descr=<Guard0x148175620>) [p0, i1, i2, i3, i4, i5, i6, i7, i8, i9, i10, i11, i12, i13, i14, i15, i16, p17, p18, p19, p20, p21, p22, p23, p24, p25, p26, p27, p28, p29, p30, p31, p32, p33, p34, p35]
+1100: i119 = getfield_gc_i(p104, descr=<FieldS rpyeffect.stored_environment.Stack__arb_arb.inst_target 16 pure>)
+1108: guard_value(i119, 220, descr=<Guard0x148175660>) [p0, i1, i2, i3, i4, i5, i6, i7, i8, i9, i10, i11, i12, i13, i14, i15, i16, p17, p18, p19, p20, p21, p22, p23, p24, p25, p26, p27, p28, p29, p30, p31, p32, p33, p34, p35]
debug_merge_point(0, 0, '277<main.rpyeffect:267(Name(k_145))>+1: {"op": "Return". "args": {"num": [0]. "ptr": []}}')
+1120: i121 = getfield_gc_i(p104, descr=<FieldS rpyeffect.stored_environment.Stack__1_0.inst_values_num_0 40 pure>)
+1124: p122 = getfield_gc_r(p104, descr=<FieldP rpyeffect.stored_environment.Stack__arb_arb.inst_tail 8 pure>)
+1128: guard_nonnull(p122, descr=<Guard0x1481756a0>) [p0, i1, i2, i3, i4, i5, i6, i7, i8, i9, i10, i11, i12, i13, i14, i15, i16, p17, p18, p19, p20, p21, p22, p23, p24, p25, p26, p27, p28, p29, p30, p31, p32, p33, p34, p35]
+1136: i123 = getfield_gc_i(p122, descr=<FieldS rpyeffect.stored_environment.Stack__arb_arb.inst_target 16 pure>)
+1144: guard_value(i123, 209, descr=<Guard0x1481756e0>) [p0, i1, i2, i3, i4, i5, i6, i7, i8, i9, i10, i11, i12, i13, i14, i15, i16, p17, p18, p19, p20, p21, p22, p23, p24, p25, p26, p27, p28, p29, p30, p31, p32, p33, p34, p35]
debug_merge_point(0, 0, '220<main.rpyeffect:210([k@[switch case for 0#562]#572])>+0: {"op": "Swap". "type": "num". "a": 1. "b". 0}')
+1156: p125 = new_with_vtable(descr=<SizeDescr 48>)
+1264: p126 = new_with_vtable(descr=<SizeDescr 40>)
+1276: setfield_gc(p126, p112, descr=<FieldP rpyeffect.stack.MetaStackLike.inst_stack 8 pure>)
+1280: setfield_gc(p126, p114, descr=<FieldP rpyeffect.stack.MetaStack.inst_label 16 pure>)
+1284: setfield_gc(p126, ConstPtr(null), descr=<FieldP rpyeffect.stack.MetaStack.inst_region 24 pure>)
+1292: p128 = new_with_vtable(descr=<SizeDescr 40>)
+1304: p129 = new_with_vtable(descr=<SizeDescr 48>)
+1316: setfield_gc(p129, p101, descr=<FieldP rpyeffect.stored_environment.Stack__arb_arb.inst_tail 8 pure>)
+1320: setfield_gc(p129, 293, descr=<FieldS rpyeffect.stored_environment.Stack__arb_arb.inst_target 16 pure>)
+1328: setfield_gc(p129, i75, descr=<FieldS rpyeffect.stored_environment.Stack__1_0.inst_values_num_0 40 pure>)
+1332: setfield_gc(p128, p129, descr=<FieldP rpyeffect.stack.MetaStackLike.inst_stack 8 pure>)
+1336: setfield_gc(p128, p96, descr=<FieldP rpyeffect.stack.MetaStack.inst_label 16 pure>)
+1340: setfield_gc(p128, ConstPtr(null), descr=<FieldP rpyeffect.stack.MetaStack.inst_region 24 pure>)
+1348: setfield_gc(p128, p97, descr=<FieldP rpyeffect.stack.MetaStack.inst_tail 32 pure>)
+1352: setfield_gc(p126, p128, descr=<FieldP rpyeffect.stack.MetaStack.inst_tail 32 pure>)
+1356: p132 = new_with_vtable(descr=<SizeDescr 40>)
+1368: setfield_gc(p125, p108, descr=<FieldP rpyeffect.stack.MetaStackLike.inst_stack 8 pure>)
+1372: setfield_gc(p125, p115, descr=<FieldP rpyeffect.stack.MetaStack.inst_label 16 pure>)
+1376: setfield_gc(p125, p116, descr=<FieldP rpyeffect.stack.MetaStackWithBinding.inst_binding 40 pure>)
+1380: setfield_gc(p125, p126, descr=<FieldP rpyeffect.stack.MetaStack.inst_tail 32 pure>)
+1384: setfield_gc(p125, ConstPtr(null), descr=<FieldP rpyeffect.stack.MetaStack.inst_region 24 pure>)
+1396: setfield_gc(p132, ConstPtr(ptr134), descr=<FieldP rpyeffect.stored_environment.CoData__arb_arb.inst_vtable 24 pure>)
+1400: setfield_gc(p132, i61, descr=<FieldS rpyeffect.stored_environment.CoData__1_0.inst_values_num_0 32 pure>)
+1436: jump(p117, p122, p0, p125, p118, 0, i121, 2809, 53, i46, i6, i7, i8, i9, i10, i11, i12, i13, i14, i15, i16, p100, p132, p18, p19, p20, p21, p22, p23, p24, p25, p26, p27, p28, p29, p30, p31, descr=TargetToken(4834671680))
+1776: --end of the loop--
[16bd80d9] jit-log-opt-bridge}
[3880d9a0] {jit-log-opt-bridge
# bridge out of Guard 0x14009e9e0 with 159 ops
[p0, i1, i2, i3, i4, i5, i6, i7, i8, i9, i10, i11, i12, i13, i14, i15, i16, p17, p18, p19, p20, p21, p22, p23, p24, p25, p26, p27, p28, p29, p30, p31, p32, p33, p34, p35, p36]
+376: guard_not_invalidated(descr=<Guard0x1202d7570>) [p0, i1, i2, i3, i4, i5, i6, i7, i8, i9, i10, i11, i12, i13, i14, i15, i16, p17, p18, p19, p20, p21, p22, p23, p24, p25, p26, p27, p28, p29, p30, p31, p32, p33, p34, p35, p36]
+380: guard_nonnull(p34, descr=<Guard0x10817fde0>) [p0, i1, i2, i3, i4, i5, i6, i7, i8, i9, i10, i11, i12, i13, i14, i15, i16, p17, p18, p19, p20, p21, p22, p23, p24, p25, p26, p27, p28, p29, p30, p31, p32, p33, p34, p35, p36]
+388: i37 = getfield_gc_i(p34, descr=<FieldS rpyeffect.stored_environment.Stack__arb_arb.inst_target 16 pure>)
+392: guard_value(i37, 225, descr=<Guard0x10817fe20>) [p0, i1, i2, i3, i4, i5, i6, i7, i8, i9, i10, i11, i12, i13, i14, i15, i16, p17, p18, p19, p20, p21, p22, p23, p24, p25, p26, p27, p28, p29, p30, p31, p32, p33, p34, p35, p36]
debug_merge_point(0, 0, '69<main.rpyeffect:59(Name(<_5))>+0: {"op": "New". "out": 0. "targets": [62. 64. 66. 68]. "args": {"num": [0]. "ptr": []}}')
debug_merge_point(0, 0, '69<main.rpyeffect:59(Name(<_5))>+1: {"op": "Return". "args": {"num": []. "ptr": [0]}}')
+404: i39 = getfield_gc_i(p34, descr=<FieldS rpyeffect.stored_environment.Stack__1_0.inst_values_num_0 40 pure>)
+404: p40 = getfield_gc_r(p34, descr=<FieldP rpyeffect.stored_environment.Stack__arb_arb.inst_tail 8 pure>)
debug_merge_point(0, 0, '225<main.rpyeffect:215([k@Name(choice_48)#543])>+0: {"op": "Const". "type": "num". "out": 1. "value": 1}')
debug_merge_point(0, 0, '225<main.rpyeffect:215([k@Name(choice_48)#543])>+1: {"op": "Push". "target": 224. "args": {"num": [0]. "ptr": []}}')
debug_merge_point(0, 0, '225<main.rpyeffect:215([k@Name(choice_48)#543])>+2: {"op": "Copy". "type": "num". "from": 1. "to". 0}')
debug_merge_point(0, 0, '225<main.rpyeffect:215([k@Name(choice_48)#543])>+3: {"op": "Invoke". "receiver": 0. "tag": Interned(%apply(n):n). "args" : {"num": [0]. "ptr": []}}')
debug_merge_point(0, 0, '62<main.rpyeffect:52([method_%apply(n):n@Name(<_5)#157])>+0: {"op": "Jump". "target": 60}')
debug_merge_point(0, 0, '60<main.rpyeffect:50([mcore:[#20]#153])>+0: {"op": "PrimOp". "name": "infixLt(Int. Int): Boolean". "out": {"num": [0]. "ptr": []}. "in": {"num": [1. 0]. "ptr": []}}')
+408: i42 = int_lt(i1, 1)
guard_true(i42, descr=<Guard0x10817fe60>) [p0, i1, i2, i3, i4, i5, i6, i7, i8, i9, i10, i11, i12, i13, i14, i15, i16, p17, p18, p19, p20, p21, p22, p23, p24, p25, p26, p27, p28, p29, p30, p31, p32, p33, p34, p35, p36]
debug_merge_point(0, 0, '60<main.rpyeffect:50([mcore:[#20]#153])>+1: {"op": "Return". "args": {"num": [0]. "ptr": []}}')
debug_merge_point(0, 0, '224<main.rpyeffect:214([k@[k@Name(choice_48)#543]#547])>+0: {"op": "Switch". "scrutinee": 0. "values": [1]. "targets": [212]. "default": 223}')
+416: guard_nonnull(p40, descr=<Guard0x10817fea0>) [p0, i1, i2, i3, i4, i5, i6, i7, i8, i9, i10, i11, i12, i13, i14, i15, i16, p17, p18, p19, p20, p21, p22, p23, p24, p25, p26, p27, p28, p29, p30, p31, p32, p33, p34, p35, p36]
+424: i43 = getfield_gc_i(p40, descr=<FieldS rpyeffect.stored_environment.Stack__arb_arb.inst_target 16 pure>)
+428: guard_value(i43, 231, descr=<Guard0x10817fee0>) [p0, i1, i2, i3, i4, i5, i6, i7, i8, i9, i10, i11, i12, i13, i14, i15, i16, p17, p18, p19, p20, p21, p22, p23, p24, p25, p26, p27, p28, p29, p30, p31, p32, p33, p34, p35, p36]
debug_merge_point(0, 0, '212<main.rpyeffect:202([switch case for 1#548])>+0: {"op": "Const". "type": "num". "out": 0. "value": 0}')
debug_merge_point(0, 0, '212<main.rpyeffect:202([switch case for 1#548])>+1: {"op": "Const". "type": "ptr". "out": 0. "format": "string". "value": "Name(Fail_1)"}')
debug_merge_point(0, 0, '212<main.rpyeffect:202([switch case for 1#548])>+2: {"op": "PrimOp". "name": "getGlobal(String): Ptr". "out": {"num": []. "ptr": [0]}. "in": {"num": []. "ptr": [0]}}')
debug_merge_point(0, 0, '212<main.rpyeffect:202([switch case for 1#548])>+3: {"op": "GetDynamic". "out": 0. "n": 0. "label": 0}')
+440: guard_nonnull(p36, descr=<Guard0x10817ff20>) [p0, i1, i2, i3, i4, i5, i6, i7, i8, i9, i10, i11, i12, i13, i14, i15, i16, p17, p18, p19, p20, p21, p22, p23, p24, p25, p26, p27, p28, p29, p30, p31, p32, p33, p34, p35, p36]
+452: i45 = getfield_gc_i(p33, descr=<FieldS rpyeffect.stack.Label.inst_origin 8 pure>)
+464: i47 = int_ne(i45, 334884)
guard_true(i47, descr=<Guard0x10817ff60>) [p0, i1, i2, i3, i4, i5, i6, i7, i8, i9, i10, i11, i12, i13, i14, i15, i16, p17, p18, p19, p20, p21, p22, p23, p24, p25, p26, p27, p28, p29, p30, p31, p32, p33, p34, p35, p36]
+488: i49 = instance_ptr_eq(p33, ConstPtr(ptr48))
guard_false(i49, descr=<Guard0x10817ffa0>) [p0, i1, i2, i3, i4, i5, i6, i7, i8, i9, i10, i11, i12, i13, i14, i15, i16, p17, p18, p19, p20, p21, p22, p23, p24, p25, p26, p27, p28, p29, p30, p31, p32, p33, p34, p35, p36]
+496: guard_nonnull_class(p35, ConstClass(MetaStackWithBinding), descr=<Guard0x1202d75c8>) [p0, i1, i2, i3, i4, i5, i6, i7, i8, i9, i10, i11, i12, i13, i14, i15, i16, p17, p18, p19, p20, p21, p22, p23, p24, p25, p26, p27, p28, p29, p30, p31, p32, p33, p34, p35, p36]
+528: p51 = getfield_gc_r(p35, descr=<FieldP rpyeffect.stack.MetaStack.inst_label 16 pure>)
+536: i52 = getfield_gc_i(p51, descr=<FieldS rpyeffect.stack.Label.inst_origin 8 pure>)
+544: i54 = int_ne(i52, 334884)
guard_false(i54, descr=<Guard0x150104020>) [p0, i1, i2, i3, i4, i5, i6, i7, i8, i9, i10, i11, i12, i13, i14, i15, i16, p17, p18, p19, p20, p21, p22, p23, p24, p25, p26, p27, p28, p29, p30, p31, p32, p33, p34, p35, p36]
+564: i56 = instance_ptr_eq(p51, ConstPtr(ptr55))
guard_true(i56, descr=<Guard0x150104060>) [p0, i1, i2, i3, i4, i5, i6, i7, i8, i9, i10, i11, i12, i13, i14, i15, i16, p17, p18, p19, p20, p21, p22, p23, p24, p25, p26, p27, p28, p29, p30, p31, p32, p33, p34, p35, p36]
+572: p57 = getfield_gc_r(p35, descr=<FieldP rpyeffect.stack.MetaStackWithBinding.inst_binding 40 pure>)
debug_merge_point(0, 0, '212<main.rpyeffect:202([switch case for 1#548])>+4: {"op": "Construct". "out": 1. "type": Interned({"op": "eff$Tuple". "elements": []}). "tag": Interned({"op": "eff$Tuple". "elements": []}). "args": {"num": []. "ptr": []}}')
debug_merge_point(0, 0, '212<main.rpyeffect:202([switch case for 1#548])>+5: {"op": "Push". "target": 211. "args": {"num": []. "ptr": []}}')
debug_merge_point(0, 0, '212<main.rpyeffect:202([switch case for 1#548])>+6: {"op": "Swap". "type": "ptr". "a": 1. "b". 0}')
debug_merge_point(0, 0, '212<main.rpyeffect:202([switch case for 1#548])>+7: {"op": "Invoke". "receiver": 1. "tag": Interned(%Fail_1(p):p). "args" : {"num": []. "ptr": [0]}}')
+576: p58 = getfield_gc_r(p57, descr=<FieldP rpyeffect.stored_environment.CoData__arb_arb.inst_vtable 24 pure>)
+584: guard_value(p58, ConstPtr(ptr59), descr=<Guard0x1501040a0>) [p0, i1, i2, i3, i4, i5, i6, i7, i8, i9, i10, i11, i12, i13, i14, i15, i16, p17, p18, p19, p20, p21, p22, p23, p24, p25, p26, p27, p28, p29, p30, p31, p32, p33, p34, p35, p36]
+592: p60 = getfield_gc_r(p57, descr=<FieldP rpyeffect.stored_environment.CoData__0_1.inst_values_ptr_0 32 pure>)
debug_merge_point(0, 0, '282<main.rpyeffect:272([method_%Fail_1(p):p@[mcore:[#56]#774]#779])>+0: {"op": "Const". "type": "num". "out": 0. "value": 0}')
debug_merge_point(0, 0, '282<main.rpyeffect:272([method_%Fail_1(p):p@[mcore:[#56]#774]#779])>+1: {"op": "ShiftDyn". "out": 1. "n": 0. "label": 1}')
+596: i61 = getfield_gc_i(p60, descr=<FieldS rpyeffect.stack.Label.inst_origin 8 pure>)
+600: i62 = int_ne(i45, i61)
guard_true(i62, descr=<Guard0x1501040e0>) [p0, i1, i2, i3, i4, i5, i6, i7, i8, i9, i10, i11, i12, i13, i14, i15, i16, p17, p18, p19, p20, p21, p22, p23, p24, p25, p26, p27, p28, p29, p30, p31, p32, p33, p34, p35, p36]
+608: p63 = getfield_gc_r(p35, descr=<FieldP rpyeffect.stack.MetaStack.inst_region 24 pure>)
+612: guard_isnull(p63, descr=<Guard0x150104120>) [p0, i1, i2, i3, i4, i5, i6, i7, i8, i9, i10, i11, i12, i13, i14, i15, i16, p17, p18, p19, p20, p21, p22, p23, p24, p25, p26, p27, p28, p29, p30, p31, p32, p33, p34, p35, p36]
+620: i65 = int_ne(334884, i61)
guard_true(i65, descr=<Guard0x150104160>) [p0, i1, i2, i3, i4, i5, i6, i7, i8, i9, i10, i11, i12, i13, i14, i15, i16, p17, p18, p19, p20, p21, p22, p23, p24, p25, p26, p27, p28, p29, p30, p31, p32, p33, p34, p35, p36]
+636: p66 = getfield_gc_r(p35, descr=<FieldP rpyeffect.stack.MetaStack.inst_tail 32 pure>)
+640: p67 = getfield_gc_r(p66, descr=<FieldP rpyeffect.stack.MetaStack.inst_region 24 pure>)
+648: guard_isnull(p67, descr=<Guard0x1501041a0>) [p0, i1, i2, i3, i4, i5, i6, i7, i8, i9, i10, i11, i12, i13, i14, i15, i16, p17, p18, p19, p20, p21, p22, p23, p24, p25, p26, p27, p28, p29, p30, p31, p32, p33, p34, p35, p36]
+656: p68 = getfield_gc_r(p66, descr=<FieldP rpyeffect.stack.MetaStack.inst_label 16 pure>)
+660: i69 = getfield_gc_i(p68, descr=<FieldS rpyeffect.stack.Label.inst_origin 8 pure>)
+668: i70 = int_ne(i69, i61)
guard_false(i70, descr=<Guard0x1501041e0>) [p0, i1, i2, i3, i4, i5, i6, i7, i8, i9, i10, i11, i12, i13, i14, i15, i16, p17, p18, p19, p20, p21, p22, p23, p24, p25, p26, p27, p28, p29, p30, p31, p32, p33, p34, p35, p36]
+676: i71 = instance_ptr_eq(p68, p60)
guard_true(i71, descr=<Guard0x150104220>) [p0, i1, i2, i3, i4, i5, i6, i7, i8, i9, i10, i11, i12, i13, i14, i15, i16, p17, p18, p19, p20, p21, p22, p23, p24, p25, p26, p27, p28, p29, p30, p31, p32, p33, p34, p35, p36]
+684: p72 = getfield_gc_r(p66, descr=<FieldP rpyeffect.stack.MetaStackLike.inst_stack 8 pure>)
+688: guard_class(p66, 4301614792, descr=<Guard0x150104260>) [p0, i1, i2, i3, i4, i5, i6, i7, i8, i9, i10, i11, i12, i13, i14, i15, i16, p17, p18, p19, p20, p21, p22, p23, p24, p25, p26, p27, p28, p29, p30, p31, p32, p33, p34, p35, p36]
+704: p74 = getfield_gc_r(p66, descr=<FieldP rpyeffect.stack.MetaStack.inst_tail 32 pure>)
+708: p75 = getfield_gc_r(p35, descr=<FieldP rpyeffect.stack.MetaStackLike.inst_stack 8 pure>)
+712: guard_nonnull_class(p74, 4301614792, descr=<Guard0x1202d7620>) [p0, i1, i2, i3, i4, i5, i6, i7, i8, i9, i10, i11, i12, i13, i14, i15, i16, p17, p18, p19, p20, p21, p22, p23, p24, p25, p26, p27, p28, p29, p30, p31, p32, p33, p34, p35, p36]
+736: p77 = getfield_gc_r(p74, descr=<FieldP rpyeffect.stack.MetaStackLike.inst_stack 8 pure>)
+740: p78 = getfield_gc_r(p74, descr=<FieldP rpyeffect.stack.MetaStack.inst_label 16 pure>)
+748: p79 = getfield_gc_r(p74, descr=<FieldP rpyeffect.stack.MetaStack.inst_tail 32 pure>)
+752: guard_nonnull(p77, descr=<Guard0x1501042a0>) [p0, i1, i2, i3, i4, i5, i6, i7, i8, i9, i10, i11, i12, i13, i14, i15, i16, p17, p18, p19, p20, p21, p22, p23, p24, p25, p26, p27, p28, p29, p30, p31, p32, p33, p34, p35, p36]
+760: i80 = getfield_gc_i(p77, descr=<FieldS rpyeffect.stored_environment.Stack__arb_arb.inst_target 16 pure>)
+768: guard_value(i80, 294, descr=<Guard0x1501042e0>) [p0, i1, i2, i3, i4, i5, i6, i7, i8, i9, i10, i11, i12, i13, i14, i15, i16, p17, p18, p19, p20, p21, p22, p23, p24, p25, p26, p27, p28, p29, p30, p31, p32, p33, p34, p35, p36]
debug_merge_point(0, 0, '282<main.rpyeffect:272([method_%Fail_1(p):p@[mcore:[#56]#774]#779])>+2: {"op": "Match". "type": Interned({"op": "eff$Tuple". "elements": []}). "scrutinee": 0. "clauses": [{"tag": Interned({"op": "eff$Tuple". "elements": []}). "target": 281. "args": {"num": []. "ptr": []}}]. "default": {"tag": Interned(c1ad4e97-e16b-4180-ac28-d851f2c5f77a#[Missing Tag#1079]). "target": 280. "args": {"num": []. "ptr": []}}}')
debug_merge_point(0, 0, '281<main.rpyeffect:271([#790])>+0: {"op": "Const". "type": "num". "out": 0. "value": 0}')
debug_merge_point(0, 0, '281<main.rpyeffect:271([#790])>+1: {"op": "Return". "args": {"num": [0]. "ptr": []}}')
+780: p82 = getfield_gc_r(p77, descr=<FieldP rpyeffect.stored_environment.Stack__0_1.inst_values_ptr_0 40 pure>)
+784: p83 = getfield_gc_r(p77, descr=<FieldP rpyeffect.stored_environment.Stack__arb_arb.inst_tail 8 pure>)
debug_merge_point(0, 0, '294<main.rpyeffect:284([k@[#823]#827])>+0: {"op": "Const". "type": "num". "out": 1. "value": 0}')
debug_merge_point(0, 0, '294<main.rpyeffect:284([k@[#823]#827])>+1: {"op": "Push". "target": 293. "args": {"num": [0]. "ptr": []}}')
debug_merge_point(0, 0, '294<main.rpyeffect:284([k@[#823]#827])>+2: {"op": "Copy". "type": "num". "from": 1. "to". 0}')
debug_merge_point(0, 0, '294<main.rpyeffect:284([k@[#823]#827])>+3: {"op": "Jump". "target": 277}')
debug_merge_point(0, 0, '277<main.rpyeffect:267(Name(k_145))>+0: {"op": "PushStack". "arg": 0}')
+788: guard_nonnull_class(p82, ConstClass(MetaStackWithBinding), descr=<Guard0x1202d7678>) [p0, i1, i2, i3, i4, i5, i6, i7, i8, i9, i10, i11, i12, i13, i14, i15, i16, p17, p18, p19, p20, p21, p22, p23, p24, p25, p26, p27, p28, p29, p30, p31, p32, p33, p34, p35, p36]
+812: p85 = getfield_gc_r(p82, descr=<FieldP rpyeffect.stack.MetaStack.inst_region 24 pure>)
+820: guard_isnull(p85, descr=<Guard0x150104320>) [p0, i1, i2, i3, i4, i5, i6, i7, i8, i9, i10, i11, i12, i13, i14, i15, i16, p17, p18, p19, p20, p21, p22, p23, p24, p25, p26, p27, p28, p29, p30, p31, p32, p33, p34, p35, p36]
+828: p86 = getfield_gc_r(p82, descr=<FieldP rpyeffect.stack.MetaStackLike.inst_stack 8 pure>)
+832: p87 = getfield_gc_r(p82, descr=<FieldP rpyeffect.stack.MetaStack.inst_tail 32 pure>)
+840: guard_nonnull_class(p87, ConstClass(MetaStackWithBinding), descr=<Guard0x1202d76d0>) [p0, i1, i2, i3, i4, i5, i6, i7, i8, i9, i10, i11, i12, i13, i14, i15, i16, p17, p18, p19, p20, p21, p22, p23, p24, p25, p26, p27, p28, p29, p30, p31, p32, p33, p34, p35, p36]
+864: p89 = getfield_gc_r(p87, descr=<FieldP rpyeffect.stack.MetaStack.inst_region 24 pure>)
+872: guard_isnull(p89, descr=<Guard0x150104360>) [p0, i1, i2, i3, i4, i5, i6, i7, i8, i9, i10, i11, i12, i13, i14, i15, i16, p17, p18, p19, p20, p21, p22, p23, p24, p25, p26, p27, p28, p29, p30, p31, p32, p33, p34, p35, p36]
+880: p90 = getfield_gc_r(p87, descr=<FieldP rpyeffect.stack.MetaStackLike.inst_stack 8 pure>)
+884: p91 = getfield_gc_r(p87, descr=<FieldP rpyeffect.stack.MetaStack.inst_tail 32 pure>)
+892: guard_nonnull_class(p91, 4301614792, descr=<Guard0x1202d7728>) [p0, i1, i2, i3, i4, i5, i6, i7, i8, i9, i10, i11, i12, i13, i14, i15, i16, p17, p18, p19, p20, p21, p22, p23, p24, p25, p26, p27, p28, p29, p30, p31, p32, p33, p34, p35, p36]
+916: p93 = getfield_gc_r(p91, descr=<FieldP rpyeffect.stack.MetaStack.inst_region 24 pure>)
+920: guard_isnull(p93, descr=<Guard0x1501043a0>) [p0, i1, i2, i3, i4, i5, i6, i7, i8, i9, i10, i11, i12, i13, i14, i15, i16, p17, p18, p19, p20, p21, p22, p23, p24, p25, p26, p27, p28, p29, p30, p31, p32, p33, p34, p35, p36]
+928: p94 = getfield_gc_r(p91, descr=<FieldP rpyeffect.stack.MetaStackLike.inst_stack 8 pure>)
+932: p95 = getfield_gc_r(p91, descr=<FieldP rpyeffect.stack.MetaStack.inst_tail 32 pure>)
+936: guard_isnull(p95, descr=<Guard0x1501043e0>) [p0, i1, i2, i3, i4, i5, i6, i7, i8, i9, i10, i11, i12, i13, i14, i15, i16, p17, p18, p19, p20, p21, p22, p23, p24, p25, p26, p27, p28, p29, p30, p31, p32, p33, p34, p35, p36]
+944: p96 = getfield_gc_r(p91, descr=<FieldP rpyeffect.stack.MetaStack.inst_label 16 pure>)
+948: p97 = getfield_gc_r(p87, descr=<FieldP rpyeffect.stack.MetaStack.inst_label 16 pure>)
+952: p98 = getfield_gc_r(p87, descr=<FieldP rpyeffect.stack.MetaStackWithBinding.inst_binding 40 pure>)
+956: guard_nonnull(p98, descr=<Guard0x150104420>) [p0, i1, i2, i3, i4, i5, i6, i7, i8, i9, i10, i11, i12, i13, i14, i15, i16, p17, p18, p19, p20, p21, p22, p23, p24, p25, p26, p27, p28, p29, p30, p31, p32, p33, p34, p35, p36]
+964: p99 = getfield_gc_r(p82, descr=<FieldP rpyeffect.stack.MetaStack.inst_label 16 pure>)
+972: p100 = getfield_gc_r(p82, descr=<FieldP rpyeffect.stack.MetaStackWithBinding.inst_binding 40 pure>)
+980: guard_nonnull(p100, descr=<Guard0x150104460>) [p0, i1, i2, i3, i4, i5, i6, i7, i8, i9, i10, i11, i12, i13, i14, i15, i16, p17, p18, p19, p20, p21, p22, p23, p24, p25, p26, p27, p28, p29, p30, p31, p32, p33, p34, p35, p36]
+988: guard_nonnull(p86, descr=<Guard0x1501044a0>) [p0, i1, i2, i3, i4, i5, i6, i7, i8, i9, i10, i11, i12, i13, i14, i15, i16, p17, p18, p19, p20, p21, p22, p23, p24, p25, p26, p27, p28, p29, p30, p31, p32, p33, p34, p35, p36]
+996: i101 = getfield_gc_i(p86, descr=<FieldS rpyeffect.stored_environment.Stack__arb_arb.inst_target 16 pure>)
+1004: guard_value(i101, 220, descr=<Guard0x1501044e0>) [p0, i1, i2, i3, i4, i5, i6, i7, i8, i9, i10, i11, i12, i13, i14, i15, i16, p17, p18, p19, p20, p21, p22, p23, p24, p25, p26, p27, p28, p29, p30, p31, p32, p33, p34, p35, p36]
debug_merge_point(0, 0, '277<main.rpyeffect:267(Name(k_145))>+1: {"op": "Return". "args": {"num": [0]. "ptr": []}}')
+1016: i103 = getfield_gc_i(p86, descr=<FieldS rpyeffect.stored_environment.Stack__1_0.inst_values_num_0 40 pure>)
+1020: p104 = getfield_gc_r(p86, descr=<FieldP rpyeffect.stored_environment.Stack__arb_arb.inst_tail 8 pure>)
+1024: guard_nonnull(p104, descr=<Guard0x150104520>) [p0, i1, i2, i3, i4, i5, i6, i7, i8, i9, i10, i11, i12, i13, i14, i15, i16, p17, p18, p19, p20, p21, p22, p23, p24, p25, p26, p27, p28, p29, p30, p31, p32, p33, p34, p35, p36]
+1032: i105 = getfield_gc_i(p104, descr=<FieldS rpyeffect.stored_environment.Stack__arb_arb.inst_target 16 pure>)
+1040: guard_value(i105, 209, descr=<Guard0x150104560>) [p0, i1, i2, i3, i4, i5, i6, i7, i8, i9, i10, i11, i12, i13, i14, i15, i16, p17, p18, p19, p20, p21, p22, p23, p24, p25, p26, p27, p28, p29, p30, p31, p32, p33, p34, p35, p36]
debug_merge_point(0, 0, '220<main.rpyeffect:210([k@[switch case for 0#562]#572])>+0: {"op": "Swap". "type": "num". "a": 1. "b". 0}')
+1052: p107 = new_with_vtable(descr=<SizeDescr 48>)
+1164: p108 = new_with_vtable(descr=<SizeDescr 40>)
+1176: setfield_gc(p108, p94, descr=<FieldP rpyeffect.stack.MetaStackLike.inst_stack 8 pure>)
+1180: setfield_gc(p108, p96, descr=<FieldP rpyeffect.stack.MetaStack.inst_label 16 pure>)
+1184: setfield_gc(p108, ConstPtr(null), descr=<FieldP rpyeffect.stack.MetaStack.inst_region 24 pure>)
+1192: p110 = new_with_vtable(descr=<SizeDescr 40>)
+1204: p111 = new_with_vtable(descr=<SizeDescr 48>)
+1216: setfield_gc(p111, p83, descr=<FieldP rpyeffect.stored_environment.Stack__arb_arb.inst_tail 8 pure>)
+1220: setfield_gc(p111, 293, descr=<FieldS rpyeffect.stored_environment.Stack__arb_arb.inst_target 16 pure>)
+1228: setfield_gc(p111, 0, descr=<FieldS rpyeffect.stored_environment.Stack__1_0.inst_values_num_0 40 pure>)
+1236: setfield_gc(p110, p111, descr=<FieldP rpyeffect.stack.MetaStackLike.inst_stack 8 pure>)
+1240: setfield_gc(p110, p78, descr=<FieldP rpyeffect.stack.MetaStack.inst_label 16 pure>)
+1248: setfield_gc(p110, ConstPtr(null), descr=<FieldP rpyeffect.stack.MetaStack.inst_region 24 pure>)
+1256: setfield_gc(p110, p79, descr=<FieldP rpyeffect.stack.MetaStack.inst_tail 32 pure>)
+1260: setfield_gc(p108, p110, descr=<FieldP rpyeffect.stack.MetaStack.inst_tail 32 pure>)
+1264: p115 = new_with_vtable(descr=<SizeDescr 48>)
+1276: p116 = new_with_vtable(descr=<SizeDescr 40>)
+1288: setfield_gc(p116, p40, descr=<FieldP rpyeffect.stored_environment.Stack__arb_arb.inst_tail 8 pure>)
+1292: setfield_gc(p116, 211, descr=<FieldS rpyeffect.stored_environment.Stack__arb_arb.inst_target 16 pure>)
+1300: setfield_gc(p107, p90, descr=<FieldP rpyeffect.stack.MetaStackLike.inst_stack 8 pure>)
+1304: setfield_gc(p107, p97, descr=<FieldP rpyeffect.stack.MetaStack.inst_label 16 pure>)
+1308: setfield_gc(p107, ConstPtr(null), descr=<FieldP rpyeffect.stack.MetaStack.inst_region 24 pure>)
+1316: p119 = new_with_vtable(descr=<SizeDescr 48>)
+1328: setfield_gc(p119, p75, descr=<FieldP rpyeffect.stack.MetaStackLike.inst_stack 8 pure>)
+1336: setfield_gc(p119, p51, descr=<FieldP rpyeffect.stack.MetaStack.inst_label 16 pure>)
+1340: setfield_gc(p119, ConstPtr(null), descr=<FieldP rpyeffect.stack.MetaStack.inst_region 24 pure>)
+1348: p121 = new_with_vtable(descr=<SizeDescr 40>)
+1360: setfield_gc(p121, p72, descr=<FieldP rpyeffect.stack.MetaStackLike.inst_stack 8 pure>)
+1364: setfield_gc(p121, p68, descr=<FieldP rpyeffect.stack.MetaStack.inst_label 16 pure>)
+1368: setfield_gc(p121, ConstPtr(null), descr=<FieldP rpyeffect.stack.MetaStack.inst_region 24 pure>)
+1376: setfield_gc(p121, ConstPtr(null), descr=<FieldP rpyeffect.stack.MetaStack.inst_tail 32 pure>)
+1384: setfield_gc(p119, p121, descr=<FieldP rpyeffect.stack.MetaStack.inst_tail 32 pure>)
+1388: setfield_gc(p119, p57, descr=<FieldP rpyeffect.stack.MetaStackWithBinding.inst_binding 40 pure>)
+1392: setfield_gc(p107, p108, descr=<FieldP rpyeffect.stack.MetaStack.inst_tail 32 pure>)
+1396: setfield_gc(p107, p98, descr=<FieldP rpyeffect.stack.MetaStackWithBinding.inst_binding 40 pure>)
+1404: setfield_gc(p115, p33, descr=<FieldP rpyeffect.stack.MetaStack.inst_label 16 pure>)
+1412: setfield_gc(p115, p36, descr=<FieldP rpyeffect.stack.MetaStackWithBinding.inst_binding 40 pure>)
+1420: setfield_gc(p115, ConstPtr(null), descr=<FieldP rpyeffect.stack.MetaStack.inst_region 24 pure>)
+1428: setfield_gc(p115, p119, descr=<FieldP rpyeffect.stack.MetaStack.inst_tail 32 pure>)
+1432: setfield_gc(p115, p116, descr=<FieldP rpyeffect.stack.MetaStackLike.inst_stack 8 pure>)
+1468: jump(p99, p104, p0, p107, p100, 0, i103, i3, i4, i5, i6, i7, i8, i9, i10, i11, i12, i13, i14, i15, i16, p82, p115, p19, p20, p21, p22, p23, p24, p25, p26, p27, p28, p29, p30, p31, p32, descr=TargetToken(4834671680))
+1688: --end of the loop--
[3883ddc3] jit-log-opt-bridge}
[388b78b4] {jit-log-opt-bridge
# bridge out of Guard 0x14009f660 with 107 ops
[p0, i1, i2, i3, i4, i5, i6, i7, i8, i9, i10, i11, i12, i13, i14, i15, i16, p17, p18, p19, p20, p21, p22, p23, p24, p25, p26, p27, p28, p29, p30, p31, p32, p33, p34, p35, p36]
+296: guard_not_invalidated(descr=<Guard0x1202d7780>) [p0, i1, i2, i3, i4, i5, i6, i7, i8, i9, i10, i11, i12, i13, i14, i15, i16, p17, p18, p19, p20, p21, p22, p23, p24, p25, p26, p27, p28, p29, p30, p31, p32, p33, p34, p35, p36]
debug_merge_point(0, 0, '225<main.rpyeffect:215([k@Name(choice_48)#543])>+3: {"op": "Invoke". "receiver": 0. "tag": Interned(%apply(n):n). "args" : {"num": [0]. "ptr": []}}')
+300: p37 = getfield_gc_r(p17, descr=<FieldP rpyeffect.stored_environment.CoData__arb_arb.inst_vtable 24 pure>)
+308: guard_value(p37, ConstPtr(ptr38), descr=<Guard0x1501045a0>) [p0, i1, i2, i3, i4, i5, i6, i7, i8, i9, i10, i11, i12, i13, i14, i15, i16, p17, p18, p19, p20, p21, p22, p23, p24, p25, p26, p27, p28, p29, p30, p31, p32, p33, p34, p35, p36]
+316: i39 = getfield_gc_i(p17, descr=<FieldS rpyeffect.stored_environment.CoData__1_0.inst_values_num_0 32 pure>)
+320: guard_nonnull(p34, descr=<Guard0x1501045e0>) [p0, i1, i2, i3, i4, i5, i6, i7, i8, i9, i10, i11, i12, i13, i14, i15, i16, p17, p18, p19, p20, p21, p22, p23, p24, p25, p26, p27, p28, p29, p30, p31, p32, p33, p34, p35, p36]
+328: i40 = getfield_gc_i(p34, descr=<FieldS rpyeffect.stored_environment.Stack__arb_arb.inst_target 16 pure>)
+332: guard_value(i40, 224, descr=<Guard0x150104620>) [p0, i1, i2, i3, i4, i5, i6, i7, i8, i9, i10, i11, i12, i13, i14, i15, i16, p17, p18, p19, p20, p21, p22, p23, p24, p25, p26, p27, p28, p29, p30, p31, p32, p33, p34, p35, p36]
debug_merge_point(0, 0, '62<main.rpyeffect:52([method_%apply(n):n@Name(<_5)#157])>+0: {"op": "Jump". "target": 60}')
debug_merge_point(0, 0, '60<main.rpyeffect:50([mcore:[#20]#153])>+0: {"op": "PrimOp". "name": "infixLt(Int. Int): Boolean". "out": {"num": [0]. "ptr": []}. "in": {"num": [1. 0]. "ptr": []}}')
+344: i42 = int_lt(i39, i2)
guard_true(i42, descr=<Guard0x150104660>) [p0, i1, i2, i3, i4, i5, i6, i7, i8, i9, i10, i11, i12, i13, i14, i15, i16, p17, p18, p19, p20, p21, p22, p23, p24, p25, p26, p27, p28, p29, p30, p31, p32, p33, p34, p35, p36]
debug_merge_point(0, 0, '60<main.rpyeffect:50([mcore:[#20]#153])>+1: {"op": "Return". "args": {"num": [0]. "ptr": []}}')
+352: i43 = getfield_gc_i(p34, descr=<FieldS rpyeffect.stored_environment.Stack__1_0.inst_values_num_0 40 pure>)
+352: p44 = getfield_gc_r(p34, descr=<FieldP rpyeffect.stored_environment.Stack__arb_arb.inst_tail 8 pure>)
debug_merge_point(0, 0, '224<main.rpyeffect:214([k@[k@Name(choice_48)#543]#547])>+0: {"op": "Switch". "scrutinee": 0. "values": [1]. "targets": [212]. "default": 223}')
+356: guard_nonnull(p44, descr=<Guard0x1501046a0>) [p0, i1, i2, i3, i4, i5, i6, i7, i8, i9, i10, i11, i12, i13, i14, i15, i16, p17, p18, p19, p20, p21, p22, p23, p24, p25, p26, p27, p28, p29, p30, p31, p32, p33, p34, p35, p36]
+364: i45 = getfield_gc_i(p44, descr=<FieldS rpyeffect.stored_environment.Stack__arb_arb.inst_target 16 pure>)
+368: guard_value(i45, 209, descr=<Guard0x1501046e0>) [p0, i1, i2, i3, i4, i5, i6, i7, i8, i9, i10, i11, i12, i13, i14, i15, i16, p17, p18, p19, p20, p21, p22, p23, p24, p25, p26, p27, p28, p29, p30, p31, p32, p33, p34, p35, p36]
debug_merge_point(0, 0, '212<main.rpyeffect:202([switch case for 1#548])>+0: {"op": "Const". "type": "num". "out": 0. "value": 0}')
debug_merge_point(0, 0, '212<main.rpyeffect:202([switch case for 1#548])>+1: {"op": "Const". "type": "ptr". "out": 0. "format": "string". "value": "Name(Fail_1)"}')
debug_merge_point(0, 0, '212<main.rpyeffect:202([switch case for 1#548])>+2: {"op": "PrimOp". "name": "getGlobal(String): Ptr". "out": {"num": []. "ptr": [0]}. "in": {"num": []. "ptr": [0]}}')
debug_merge_point(0, 0, '212<main.rpyeffect:202([switch case for 1#548])>+3: {"op": "GetDynamic". "out": 0. "n": 0. "label": 0}')
+380: guard_nonnull(p36, descr=<Guard0x150104720>) [p0, i1, i2, i3, i4, i5, i6, i7, i8, i9, i10, i11, i12, i13, i14, i15, i16, p17, p18, p19, p20, p21, p22, p23, p24, p25, p26, p27, p28, p29, p30, p31, p32, p33, p34, p35, p36]
+392: i47 = getfield_gc_i(p33, descr=<FieldS rpyeffect.stack.Label.inst_origin 8 pure>)
+404: i49 = int_ne(i47, 334884)
guard_true(i49, descr=<Guard0x150104760>) [p0, i1, i2, i3, i4, i5, i6, i7, i8, i9, i10, i11, i12, i13, i14, i15, i16, p17, p18, p19, p20, p21, p22, p23, p24, p25, p26, p27, p28, p29, p30, p31, p32, p33, p34, p35, p36]
+428: i51 = instance_ptr_eq(p33, ConstPtr(ptr50))
guard_false(i51, descr=<Guard0x1501047a0>) [p0, i1, i2, i3, i4, i5, i6, i7, i8, i9, i10, i11, i12, i13, i14, i15, i16, p17, p18, p19, p20, p21, p22, p23, p24, p25, p26, p27, p28, p29, p30, p31, p32, p33, p34, p35, p36]
+436: guard_nonnull_class(p35, ConstClass(MetaStackWithBinding), descr=<Guard0x1202d77d8>) [p0, i1, i2, i3, i4, i5, i6, i7, i8, i9, i10, i11, i12, i13, i14, i15, i16, p17, p18, p19, p20, p21, p22, p23, p24, p25, p26, p27, p28, p29, p30, p31, p32, p33, p34, p35, p36]
+468: p53 = getfield_gc_r(p35, descr=<FieldP rpyeffect.stack.MetaStack.inst_label 16 pure>)
+476: i54 = getfield_gc_i(p53, descr=<FieldS rpyeffect.stack.Label.inst_origin 8 pure>)
+484: i56 = int_ne(i54, 334884)
guard_false(i56, descr=<Guard0x1501047e0>) [p0, i1, i2, i3, i4, i5, i6, i7, i8, i9, i10, i11, i12, i13, i14, i15, i16, p17, p18, p19, p20, p21, p22, p23, p24, p25, p26, p27, p28, p29, p30, p31, p32, p33, p34, p35, p36]
+504: i58 = instance_ptr_eq(p53, ConstPtr(ptr57))
guard_true(i58, descr=<Guard0x150104820>) [p0, i1, i2, i3, i4, i5, i6, i7, i8, i9, i10, i11, i12, i13, i14, i15, i16, p17, p18, p19, p20, p21, p22, p23, p24, p25, p26, p27, p28, p29, p30, p31, p32, p33, p34, p35, p36]
+512: p59 = getfield_gc_r(p35, descr=<FieldP rpyeffect.stack.MetaStackWithBinding.inst_binding 40 pure>)
debug_merge_point(0, 0, '212<main.rpyeffect:202([switch case for 1#548])>+4: {"op": "Construct". "out": 1. "type": Interned({"op": "eff$Tuple". "elements": []}). "tag": Interned({"op": "eff$Tuple". "elements": []}). "args": {"num": []. "ptr": []}}')
debug_merge_point(0, 0, '212<main.rpyeffect:202([switch case for 1#548])>+5: {"op": "Push". "target": 211. "args": {"num": []. "ptr": []}}')
debug_merge_point(0, 0, '212<main.rpyeffect:202([switch case for 1#548])>+6: {"op": "Swap". "type": "ptr". "a": 1. "b". 0}')
debug_merge_point(0, 0, '212<main.rpyeffect:202([switch case for 1#548])>+7: {"op": "Invoke". "receiver": 1. "tag": Interned(%Fail_1(p):p). "args" : {"num": []. "ptr": [0]}}')
+516: p60 = getfield_gc_r(p59, descr=<FieldP rpyeffect.stored_environment.CoData__arb_arb.inst_vtable 24 pure>)
+524: guard_value(p60, ConstPtr(ptr61), descr=<Guard0x150104860>) [p0, i1, i2, i3, i4, i5, i6, i7, i8, i9, i10, i11, i12, i13, i14, i15, i16, p17, p18, p19, p20, p21, p22, p23, p24, p25, p26, p27, p28, p29, p30, p31, p32, p33, p34, p35, p36]
+532: p62 = getfield_gc_r(p59, descr=<FieldP rpyeffect.stored_environment.CoData__0_1.inst_values_ptr_0 32 pure>)
debug_merge_point(0, 0, '282<main.rpyeffect:272([method_%Fail_1(p):p@[mcore:[#56]#774]#779])>+0: {"op": "Const". "type": "num". "out": 0. "value": 0}')
debug_merge_point(0, 0, '282<main.rpyeffect:272([method_%Fail_1(p):p@[mcore:[#56]#774]#779])>+1: {"op": "ShiftDyn". "out": 1. "n": 0. "label": 1}')
+536: i63 = getfield_gc_i(p62, descr=<FieldS rpyeffect.stack.Label.inst_origin 8 pure>)
+540: i64 = int_ne(i47, i63)
guard_true(i64, descr=<Guard0x1501048a0>) [p0, i1, i2, i3, i4, i5, i6, i7, i8, i9, i10, i11, i12, i13, i14, i15, i16, p17, p18, p19, p20, p21, p22, p23, p24, p25, p26, p27, p28, p29, p30, p31, p32, p33, p34, p35, p36]
+548: p65 = getfield_gc_r(p35, descr=<FieldP rpyeffect.stack.MetaStack.inst_region 24 pure>)
+552: guard_isnull(p65, descr=<Guard0x1501048e0>) [p0, i1, i2, i3, i4, i5, i6, i7, i8, i9, i10, i11, i12, i13, i14, i15, i16, p17, p18, p19, p20, p21, p22, p23, p24, p25, p26, p27, p28, p29, p30, p31, p32, p33, p34, p35, p36]
+560: i67 = int_ne(334884, i63)
guard_true(i67, descr=<Guard0x150104920>) [p0, i1, i2, i3, i4, i5, i6, i7, i8, i9, i10, i11, i12, i13, i14, i15, i16, p17, p18, p19, p20, p21, p22, p23, p24, p25, p26, p27, p28, p29, p30, p31, p32, p33, p34, p35, p36]
+576: p68 = getfield_gc_r(p35, descr=<FieldP rpyeffect.stack.MetaStack.inst_tail 32 pure>)
+580: p69 = getfield_gc_r(p68, descr=<FieldP rpyeffect.stack.MetaStack.inst_region 24 pure>)
+588: guard_isnull(p69, descr=<Guard0x150104960>) [p0, i1, i2, i3, i4, i5, i6, i7, i8, i9, i10, i11, i12, i13, i14, i15, i16, p17, p18, p19, p20, p21, p22, p23, p24, p25, p26, p27, p28, p29, p30, p31, p32, p33, p34, p35, p36]
+596: p70 = getfield_gc_r(p68, descr=<FieldP rpyeffect.stack.MetaStack.inst_label 16 pure>)
+600: i71 = getfield_gc_i(p70, descr=<FieldS rpyeffect.stack.Label.inst_origin 8 pure>)
+608: i72 = int_ne(i71, i63)
guard_false(i72, descr=<Guard0x1501049a0>) [p0, i1, i2, i3, i4, i5, i6, i7, i8, i9, i10, i11, i12, i13, i14, i15, i16, p17, p18, p19, p20, p21, p22, p23, p24, p25, p26, p27, p28, p29, p30, p31, p32, p33, p34, p35, p36]
+616: i73 = instance_ptr_eq(p70, p62)
guard_true(i73, descr=<Guard0x1501049e0>) [p0, i1, i2, i3, i4, i5, i6, i7, i8, i9, i10, i11, i12, i13, i14, i15, i16, p17, p18, p19, p20, p21, p22, p23, p24, p25, p26, p27, p28, p29, p30, p31, p32, p33, p34, p35, p36]
+624: p74 = getfield_gc_r(p68, descr=<FieldP rpyeffect.stack.MetaStackLike.inst_stack 8 pure>)
+628: guard_class(p68, 4301614792, descr=<Guard0x150104a20>) [p0, i1, i2, i3, i4, i5, i6, i7, i8, i9, i10, i11, i12, i13, i14, i15, i16, p17, p18, p19, p20, p21, p22, p23, p24, p25, p26, p27, p28, p29, p30, p31, p32, p33, p34, p35, p36]
+644: p76 = getfield_gc_r(p68, descr=<FieldP rpyeffect.stack.MetaStack.inst_tail 32 pure>)
+648: p77 = getfield_gc_r(p35, descr=<FieldP rpyeffect.stack.MetaStackLike.inst_stack 8 pure>)
+652: guard_nonnull_class(p76, 4301614792, descr=<Guard0x1202d7830>) [p0, i1, i2, i3, i4, i5, i6, i7, i8, i9, i10, i11, i12, i13, i14, i15, i16, p17, p18, p19, p20, p21, p22, p23, p24, p25, p26, p27, p28, p29, p30, p31, p32, p33, p34, p35, p36]
+676: p79 = getfield_gc_r(p76, descr=<FieldP rpyeffect.stack.MetaStackLike.inst_stack 8 pure>)
+680: p80 = getfield_gc_r(p76, descr=<FieldP rpyeffect.stack.MetaStack.inst_label 16 pure>)
+688: p81 = getfield_gc_r(p76, descr=<FieldP rpyeffect.stack.MetaStack.inst_tail 32 pure>)
+692: guard_nonnull(p79, descr=<Guard0x150104a60>) [p0, i1, i2, i3, i4, i5, i6, i7, i8, i9, i10, i11, i12, i13, i14, i15, i16, p17, p18, p19, p20, p21, p22, p23, p24, p25, p26, p27, p28, p29, p30, p31, p32, p33, p34, p35, p36]
+700: i82 = getfield_gc_i(p79, descr=<FieldS rpyeffect.stored_environment.Stack__arb_arb.inst_target 16 pure>)
+708: guard_value(i82, 293, descr=<Guard0x150104aa0>) [p0, i1, i2, i3, i4, i5, i6, i7, i8, i9, i10, i11, i12, i13, i14, i15, i16, p17, p18, p19, p20, p21, p22, p23, p24, p25, p26, p27, p28, p29, p30, p31, p32, p33, p34, p35, p36]
debug_merge_point(0, 0, '282<main.rpyeffect:272([method_%Fail_1(p):p@[mcore:[#56]#774]#779])>+2: {"op": "Match". "type": Interned({"op": "eff$Tuple". "elements": []}). "scrutinee": 0. "clauses": [{"tag": Interned({"op": "eff$Tuple". "elements": []}). "target": 281. "args": {"num": []. "ptr": []}}]. "default": {"tag": Interned(c1ad4e97-e16b-4180-ac28-d851f2c5f77a#[Missing Tag#1079]). "target": 280. "args": {"num": []. "ptr": []}}}')
debug_merge_point(0, 0, '281<main.rpyeffect:271([#790])>+0: {"op": "Const". "type": "num". "out": 0. "value": 0}')
debug_merge_point(0, 0, '281<main.rpyeffect:271([#790])>+1: {"op": "Return". "args": {"num": [0]. "ptr": []}}')
+720: i84 = getfield_gc_i(p79, descr=<FieldS rpyeffect.stored_environment.Stack__1_0.inst_values_num_0 40 pure>)
+724: p85 = getfield_gc_r(p79, descr=<FieldP rpyeffect.stored_environment.Stack__arb_arb.inst_tail 8 pure>)
debug_merge_point(0, 0, '293<main.rpyeffect:283([k@[k@[#823]#827]#831])>+0: {"op": "Push". "target": 292. "args": {"num": [0]. "ptr": []}}')
debug_merge_point(0, 0, '293<main.rpyeffect:283([k@[k@[#823]#827]#831])>+1: {"op": "Copy". "type": "num". "from": 1. "to". 0}')
+728: p86 = new_with_vtable(descr=<SizeDescr 48>)
+840: p87 = new_with_vtable(descr=<SizeDescr 32>)
+852: p88 = new_with_vtable(descr=<SizeDescr 48>)
+864: p89 = new_with_vtable(descr=<SizeDescr 40>)
+876: setfield_gc(p89, p44, descr=<FieldP rpyeffect.stored_environment.Stack__arb_arb.inst_tail 8 pure>)
+880: setfield_gc(p89, 211, descr=<FieldS rpyeffect.stored_environment.Stack__arb_arb.inst_target 16 pure>)
+888: p91 = new_with_vtable(descr=<SizeDescr 48>)
+900: setfield_gc(p91, p77, descr=<FieldP rpyeffect.stack.MetaStackLike.inst_stack 8 pure>)
+904: setfield_gc(p91, p53, descr=<FieldP rpyeffect.stack.MetaStack.inst_label 16 pure>)
+908: setfield_gc(p91, ConstPtr(null), descr=<FieldP rpyeffect.stack.MetaStack.inst_region 24 pure>)
+916: p93 = new_with_vtable(descr=<SizeDescr 40>)
+928: setfield_gc(p93, p74, descr=<FieldP rpyeffect.stack.MetaStackLike.inst_stack 8 pure>)
+932: setfield_gc(p93, p70, descr=<FieldP rpyeffect.stack.MetaStack.inst_label 16 pure>)
+936: setfield_gc(p93, ConstPtr(null), descr=<FieldP rpyeffect.stack.MetaStack.inst_region 24 pure>)
+944: setfield_gc(p93, ConstPtr(null), descr=<FieldP rpyeffect.stack.MetaStack.inst_tail 32 pure>)
+952: setfield_gc(p91, p93, descr=<FieldP rpyeffect.stack.MetaStack.inst_tail 32 pure>)
+956: setfield_gc(p91, p59, descr=<FieldP rpyeffect.stack.MetaStackWithBinding.inst_binding 40 pure>)
+960: setfield_gc(p86, 292, descr=<FieldS rpyeffect.stored_environment.Stack__arb_arb.inst_target 16 pure>)
+968: setfield_gc(p86, 0, descr=<FieldS rpyeffect.stored_environment.Stack__1_0.inst_values_num_0 40 pure>)
+976: setfield_gc(p86, p85, descr=<FieldP rpyeffect.stored_environment.Stack__arb_arb.inst_tail 8 pure>)
+980: setfield_gc(p88, p33, descr=<FieldP rpyeffect.stack.MetaStack.inst_label 16 pure>)
+984: setfield_gc(p88, p36, descr=<FieldP rpyeffect.stack.MetaStackWithBinding.inst_binding 40 pure>)
+992: setfield_gc(p88, ConstPtr(null), descr=<FieldP rpyeffect.stack.MetaStack.inst_region 24 pure>)
+1000: setfield_gc(p88, p91, descr=<FieldP rpyeffect.stack.MetaStack.inst_tail 32 pure>)
+1004: setfield_gc(p88, p89, descr=<FieldP rpyeffect.stack.MetaStackLike.inst_stack 8 pure>)
+1012: setfield_gc(p87, ConstPtr(ptr99), descr=<FieldP rpyeffect.stored_environment.Data__arb_arb.inst_tag 8>)
+1064: jump(p80, p86, p0, p81, ConstPtr(null), 0, i84, i3, i4, i5, i6, i7, i8, i9, i10, i11, i12, i13, i14, i15, i16, p87, p88, p19, p20, p21, p22, p23, p24, p25, p26, p27, p28, p29, p30, p31, p32, descr=TargetToken(5102032944))
+1300: --end of the loop--
[388cf12b] jit-log-opt-bridge}
[3a90eb80] {jit-log-opt-bridge
# bridge out of Guard 0x14009ea60 with 126 ops
[p0, i1, i2, i3, i4, i5, i6, i7, i8, i9, i10, i11, i12, i13, i14, i15, i16, p17, p18, p19, p20, p21, p22, p23, p24, p25, p26, p27, p28, p29, p30, p31, p32, p33, p34, p35, p36]
+280: guard_not_invalidated(descr=<Guard0x120316860>) [p0, i1, i2, i3, i4, i5, i6, i7, i8, i9, i10, i11, i12, i13, i14, i15, i16, p17, p18, p19, p20, p21, p22, p23, p24, p25, p26, p27, p28, p29, p30, p31, p32, p33, p34, p35, p36]
+284: guard_nonnull(p34, descr=<Guard0x108107c20>) [p0, i1, i2, i3, i4, i5, i6, i7, i8, i9, i10, i11, i12, i13, i14, i15, i16, p17, p18, p19, p20, p21, p22, p23, p24, p25, p26, p27, p28, p29, p30, p31, p32, p33, p34, p35, p36]
+292: i37 = getfield_gc_i(p34, descr=<FieldS rpyeffect.stored_environment.Stack__arb_arb.inst_target 16 pure>)
+296: guard_value(i37, 225, descr=<Guard0x108107c60>) [p0, i1, i2, i3, i4, i5, i6, i7, i8, i9, i10, i11, i12, i13, i14, i15, i16, p17, p18, p19, p20, p21, p22, p23, p24, p25, p26, p27, p28, p29, p30, p31, p32, p33, p34, p35, p36]
debug_merge_point(0, 0, '69<main.rpyeffect:59(Name(<_5))>+0: {"op": "New". "out": 0. "targets": [62. 64. 66. 68]. "args": {"num": [0]. "ptr": []}}')
debug_merge_point(0, 0, '69<main.rpyeffect:59(Name(<_5))>+1: {"op": "Return". "args": {"num": []. "ptr": [0]}}')
+308: i39 = getfield_gc_i(p34, descr=<FieldS rpyeffect.stored_environment.Stack__1_0.inst_values_num_0 40 pure>)
+312: p40 = getfield_gc_r(p34, descr=<FieldP rpyeffect.stored_environment.Stack__arb_arb.inst_tail 8 pure>)
debug_merge_point(0, 0, '225<main.rpyeffect:215([k@Name(choice_48)#543])>+0: {"op": "Const". "type": "num". "out": 1. "value": 1}')
debug_merge_point(0, 0, '225<main.rpyeffect:215([k@Name(choice_48)#543])>+1: {"op": "Push". "target": 224. "args": {"num": [0]. "ptr": []}}')
debug_merge_point(0, 0, '225<main.rpyeffect:215([k@Name(choice_48)#543])>+2: {"op": "Copy". "type": "num". "from": 1. "to". 0}')
debug_merge_point(0, 0, '225<main.rpyeffect:215([k@Name(choice_48)#543])>+3: {"op": "Invoke". "receiver": 0. "tag": Interned(%apply(n):n). "args" : {"num": [0]. "ptr": []}}')
debug_merge_point(0, 0, '62<main.rpyeffect:52([method_%apply(n):n@Name(<_5)#157])>+0: {"op": "Jump". "target": 60}')
debug_merge_point(0, 0, '60<main.rpyeffect:50([mcore:[#20]#153])>+0: {"op": "PrimOp". "name": "infixLt(Int. Int): Boolean". "out": {"num": [0]. "ptr": []}. "in": {"num": [1. 0]. "ptr": []}}')
+316: i42 = int_lt(i1, 1)
guard_false(i42, descr=<Guard0x108107ca0>) [p0, i1, i2, i3, i4, i5, i6, i7, i8, i9, i10, i11, i12, i13, i14, i15, i16, p17, p18, p19, p20, p21, p22, p23, p24, p25, p26, p27, p28, p29, p30, p31, p32, p33, p34, p35, p36]
debug_merge_point(0, 0, '60<main.rpyeffect:50([mcore:[#20]#153])>+1: {"op": "Return". "args": {"num": [0]. "ptr": []}}')
debug_merge_point(0, 0, '224<main.rpyeffect:214([k@[k@Name(choice_48)#543]#547])>+0: {"op": "Switch". "scrutinee": 0. "values": [1]. "targets": [212]. "default": 223}')
+324: guard_nonnull(p40, descr=<Guard0x108107ce0>) [p0, i1, i2, i3, i4, i5, i6, i7, i8, i9, i10, i11, i12, i13, i14, i15, i16, p17, p18, p19, p20, p21, p22, p23, p24, p25, p26, p27, p28, p29, p30, p31, p32, p33, p34, p35, p36]
+332: i43 = getfield_gc_i(p40, descr=<FieldS rpyeffect.stored_environment.Stack__arb_arb.inst_target 16 pure>)
+336: guard_value(i43, 209, descr=<Guard0x108107d20>) [p0, i1, i2, i3, i4, i5, i6, i7, i8, i9, i10, i11, i12, i13, i14, i15, i16, p17, p18, p19, p20, p21, p22, p23, p24, p25, p26, p27, p28, p29, p30, p31, p32, p33, p34, p35, p36]
debug_merge_point(0, 0, '223<main.rpyeffect:213([switch default case#561])>+0: {"op": "Swap". "type": "num". "a": 1. "b". 0}')
debug_merge_point(0, 0, '223<main.rpyeffect:213([switch default case#561])>+1: {"op": "Switch". "scrutinee": 1. "values": [0]. "targets": [221]. "default": 222}')
debug_merge_point(0, 0, '221<main.rpyeffect:211([switch case for 0#562])>+0: {"op": "Const". "type": "num". "out": 1. "value": 0}')
debug_merge_point(0, 0, '221<main.rpyeffect:211([switch case for 0#562])>+1: {"op": "Const". "type": "ptr". "out": 0. "format": "string". "value": "Name(Flip_0)"}')
debug_merge_point(0, 0, '221<main.rpyeffect:211([switch case for 0#562])>+2: {"op": "PrimOp". "name": "getGlobal(String): Ptr". "out": {"num": []. "ptr": [0]}. "in": {"num": []. "ptr": [0]}}')
debug_merge_point(0, 0, '221<main.rpyeffect:211([switch case for 0#562])>+3: {"op": "GetDynamic". "out": 0. "n": 1. "label": 0}')
+348: guard_nonnull(p36, descr=<Guard0x108107d60>) [p0, i1, i2, i3, i4, i5, i6, i7, i8, i9, i10, i11, i12, i13, i14, i15, i16, p17, p18, p19, p20, p21, p22, p23, p24, p25, p26, p27, p28, p29, p30, p31, p32, p33, p34, p35, p36]
+360: i45 = getfield_gc_i(p33, descr=<FieldS rpyeffect.stack.Label.inst_origin 8 pure>)
+372: i47 = int_ne(i45, 334879)
guard_false(i47, descr=<Guard0x108107da0>) [p0, i1, i2, i3, i4, i5, i6, i7, i8, i9, i10, i11, i12, i13, i14, i15, i16, p17, p18, p19, p20, p21, p22, p23, p24, p25, p26, p27, p28, p29, p30, p31, p32, p33, p34, p35, p36]
+396: i49 = instance_ptr_eq(p33, ConstPtr(ptr48))
guard_true(i49, descr=<Guard0x108107de0>) [p0, i1, i2, i3, i4, i5, i6, i7, i8, i9, i10, i11, i12, i13, i14, i15, i16, p17, p18, p19, p20, p21, p22, p23, p24, p25, p26, p27, p28, p29, p30, p31, p32, p33, p34, p35, p36]
debug_merge_point(0, 0, '221<main.rpyeffect:211([switch case for 0#562])>+4: {"op": "Construct". "out": 1. "type": Interned({"op": "eff$Tuple". "elements": []}). "tag": Interned({"op": "eff$Tuple". "elements": []}). "args": {"num": []. "ptr": []}}')
debug_merge_point(0, 0, '221<main.rpyeffect:211([switch case for 0#562])>+5: {"op": "Push". "target": 220. "args": {"num": [0]. "ptr": []}}')
debug_merge_point(0, 0, '221<main.rpyeffect:211([switch case for 0#562])>+6: {"op": "Swap". "type": "ptr". "a": 1. "b". 0}')
debug_merge_point(0, 0, '221<main.rpyeffect:211([switch case for 0#562])>+7: {"op": "Invoke". "receiver": 1. "tag": Interned(%Flip_0(p):n). "args" : {"num": []. "ptr": [0]}}')
+404: p50 = getfield_gc_r(p36, descr=<FieldP rpyeffect.stored_environment.CoData__arb_arb.inst_vtable 24 pure>)
+420: guard_value(p50, ConstPtr(ptr51), descr=<Guard0x12038e5e0>) [p0, i1, i2, i3, i4, i5, i6, i7, i8, i9, i10, i11, i12, i13, i14, i15, i16, p17, p18, p19, p20, p21, p22, p23, p24, p25, p26, p27, p28, p29, p30, p31, p32, p33, p34, p35, p36]
+428: p52 = getfield_gc_r(p36, descr=<FieldP rpyeffect.stored_environment.CoData__0_1.inst_values_ptr_0 32 pure>)
debug_merge_point(0, 0, '296<main.rpyeffect:286([method_%Flip_0(p):n@[mcore:[#56]#774]#812])>+0: {"op": "Const". "type": "num". "out": 0. "value": 0}')
debug_merge_point(0, 0, '296<main.rpyeffect:286([method_%Flip_0(p):n@[mcore:[#56]#774]#812])>+1: {"op": "ShiftDyn". "out": 1. "n": 0. "label": 1}')
+432: i53 = getfield_gc_i(p52, descr=<FieldS rpyeffect.stack.Label.inst_origin 8 pure>)
+436: i55 = int_ne(334879, i53)
guard_true(i55, descr=<Guard0x12038e5a0>) [p0, i1, i2, i3, i4, i5, i6, i7, i8, i9, i10, i11, i12, i13, i14, i15, i16, p17, p18, p19, p20, p21, p22, p23, p24, p25, p26, p27, p28, p29, p30, p31, p32, p33, p34, p35, p36]
+456: p56 = getfield_gc_r(p35, descr=<FieldP rpyeffect.stack.MetaStack.inst_region 24 pure>)
+468: guard_isnull(p56, descr=<Guard0x12038e560>) [p0, i1, i2, i3, i4, i5, i6, i7, i8, i9, i10, i11, i12, i13, i14, i15, i16, p17, p18, p19, p20, p21, p22, p23, p24, p25, p26, p27, p28, p29, p30, p31, p32, p33, p34, p35, p36]
+476: p57 = getfield_gc_r(p35, descr=<FieldP rpyeffect.stack.MetaStack.inst_label 16 pure>)
+480: i58 = getfield_gc_i(p57, descr=<FieldS rpyeffect.stack.Label.inst_origin 8 pure>)
+488: i59 = int_ne(i58, i53)
guard_true(i59, descr=<Guard0x12038e520>) [p0, i1, i2, i3, i4, i5, i6, i7, i8, i9, i10, i11, i12, i13, i14, i15, i16, p17, p18, p19, p20, p21, p22, p23, p24, p25, p26, p27, p28, p29, p30, p31, p32, p33, p34, p35, p36]
+496: p60 = getfield_gc_r(p35, descr=<FieldP rpyeffect.stack.MetaStack.inst_tail 32 pure>)
+500: p61 = getfield_gc_r(p60, descr=<FieldP rpyeffect.stack.MetaStack.inst_region 24 pure>)
+508: guard_isnull(p61, descr=<Guard0x12038e4e0>) [p0, i1, i2, i3, i4, i5, i6, i7, i8, i9, i10, i11, i12, i13, i14, i15, i16, p17, p18, p19, p20, p21, p22, p23, p24, p25, p26, p27, p28, p29, p30, p31, p32, p33, p34, p35, p36]
+516: p62 = getfield_gc_r(p60, descr=<FieldP rpyeffect.stack.MetaStack.inst_label 16 pure>)
+520: i63 = getfield_gc_i(p62, descr=<FieldS rpyeffect.stack.Label.inst_origin 8 pure>)
+528: i64 = int_ne(i63, i53)
guard_false(i64, descr=<Guard0x12038e4a0>) [p0, i1, i2, i3, i4, i5, i6, i7, i8, i9, i10, i11, i12, i13, i14, i15, i16, p17, p18, p19, p20, p21, p22, p23, p24, p25, p26, p27, p28, p29, p30, p31, p32, p33, p34, p35, p36]
+536: i65 = instance_ptr_eq(p62, p52)
guard_true(i65, descr=<Guard0x12038e460>) [p0, i1, i2, i3, i4, i5, i6, i7, i8, i9, i10, i11, i12, i13, i14, i15, i16, p17, p18, p19, p20, p21, p22, p23, p24, p25, p26, p27, p28, p29, p30, p31, p32, p33, p34, p35, p36]
+544: p66 = getfield_gc_r(p60, descr=<FieldP rpyeffect.stack.MetaStackLike.inst_stack 8 pure>)
+548: guard_class(p60, 4301614792, descr=<Guard0x12038e420>) [p0, i1, i2, i3, i4, i5, i6, i7, i8, i9, i10, i11, i12, i13, i14, i15, i16, p17, p18, p19, p20, p21, p22, p23, p24, p25, p26, p27, p28, p29, p30, p31, p32, p33, p34, p35, p36]
+564: p68 = getfield_gc_r(p60, descr=<FieldP rpyeffect.stack.MetaStack.inst_tail 32 pure>)
+568: p69 = getfield_gc_r(p35, descr=<FieldP rpyeffect.stack.MetaStackLike.inst_stack 8 pure>)
+572: guard_class(p35, ConstClass(MetaStackWithBinding), descr=<Guard0x12038e3e0>) [p0, i1, i2, i3, i4, i5, i6, i7, i8, i9, i10, i11, i12, i13, i14, i15, i16, p17, p18, p19, p20, p21, p22, p23, p24, p25, p26, p27, p28, p29, p30, p31, p32, p33, p34, p35, p36]
+588: p71 = getfield_gc_r(p35, descr=<FieldP rpyeffect.stack.MetaStackWithBinding.inst_binding 40 pure>)
+592: guard_nonnull(p71, descr=<Guard0x12038e3a0>) [p0, i1, i2, i3, i4, i5, i6, i7, i8, i9, i10, i11, i12, i13, i14, i15, i16, p17, p18, p19, p20, p21, p22, p23, p24, p25, p26, p27, p28, p29, p30, p31, p32, p33, p34, p35, p36]
+600: guard_nonnull_class(p68, 4301614792, descr=<Guard0x1301a6700>) [p0, i1, i2, i3, i4, i5, i6, i7, i8, i9, i10, i11, i12, i13, i14, i15, i16, p17, p18, p19, p20, p21, p22, p23, p24, p25, p26, p27, p28, p29, p30, p31, p32, p33, p34, p35, p36]
+624: p73 = getfield_gc_r(p68, descr=<FieldP rpyeffect.stack.MetaStackLike.inst_stack 8 pure>)
+632: p74 = getfield_gc_r(p68, descr=<FieldP rpyeffect.stack.MetaStack.inst_label 16 pure>)
+640: p75 = getfield_gc_r(p68, descr=<FieldP rpyeffect.stack.MetaStack.inst_tail 32 pure>)
+644: guard_nonnull(p73, descr=<Guard0x12038e360>) [p0, i1, i2, i3, i4, i5, i6, i7, i8, i9, i10, i11, i12, i13, i14, i15, i16, p17, p18, p19, p20, p21, p22, p23, p24, p25, p26, p27, p28, p29, p30, p31, p32, p33, p34, p35, p36]
+652: i76 = getfield_gc_i(p73, descr=<FieldS rpyeffect.stored_environment.Stack__arb_arb.inst_target 16 pure>)
+660: guard_value(i76, 293, descr=<Guard0x12038e320>) [p0, i1, i2, i3, i4, i5, i6, i7, i8, i9, i10, i11, i12, i13, i14, i15, i16, p17, p18, p19, p20, p21, p22, p23, p24, p25, p26, p27, p28, p29, p30, p31, p32, p33, p34, p35, p36]
debug_merge_point(0, 0, '296<main.rpyeffect:286([method_%Flip_0(p):n@[mcore:[#56]#774]#812])>+2: {"op": "Swap". "type": "ptr". "a": 1. "b". 0}')
debug_merge_point(0, 0, '296<main.rpyeffect:286([method_%Flip_0(p):n@[mcore:[#56]#774]#812])>+3: {"op": "Match". "type": Interned({"op": "eff$Tuple". "elements": []}). "scrutinee": 1. "clauses": [{"tag": Interned({"op": "eff$Tuple". "elements": []}). "target": 295. "args": {"num": []. "ptr": []}}]. "default": {"tag": Interned(c1ad4e97-e16b-4180-ac28-d851f2c5f77a#[Missing Tag#1081]). "target": 289. "args": {"num": []. "ptr": []}}}')
debug_merge_point(0, 0, '295<main.rpyeffect:285([#823])>+0: {"op": "Const". "type": "num". "out": 0. "value": 1}')
debug_merge_point(0, 0, '295<main.rpyeffect:285([#823])>+1: {"op": "Push". "target": 294. "args": {"num": []. "ptr": [0]}}')
debug_merge_point(0, 0, '295<main.rpyeffect:285([#823])>+2: {"op": "Jump". "target": 277}')
debug_merge_point(0, 0, '277<main.rpyeffect:267(Name(k_145))>+0: {"op": "PushStack". "arg": 0}')
debug_merge_point(0, 0, '277<main.rpyeffect:267(Name(k_145))>+1: {"op": "Return". "args": {"num": [0]. "ptr": []}}')
debug_merge_point(0, 0, '220<main.rpyeffect:210([k@[switch case for 0#562]#572])>+0: {"op": "Swap". "type": "num". "a": 1. "b". 0}')
+672: p78 = new_with_vtable(descr=<SizeDescr 48>)
+784: p79 = new_with_vtable(descr=<SizeDescr 40>)
+796: setfield_gc(p79, p66, descr=<FieldP rpyeffect.stack.MetaStackLike.inst_stack 8 pure>)
+800: setfield_gc(p79, p62, descr=<FieldP rpyeffect.stack.MetaStack.inst_label 16 pure>)
+804: setfield_gc(p79, ConstPtr(null), descr=<FieldP rpyeffect.stack.MetaStack.inst_region 24 pure>)
+812: p81 = new_with_vtable(descr=<SizeDescr 40>)
+824: p82 = new_with_vtable(descr=<SizeDescr 48>)
+836: setfield_gc(p82, p73, descr=<FieldP rpyeffect.stored_environment.Stack__arb_arb.inst_tail 8 pure>)
+840: setfield_gc(p82, 294, descr=<FieldS rpyeffect.stored_environment.Stack__arb_arb.inst_target 16 pure>)
+848: p84 = new_with_vtable(descr=<SizeDescr 48>)
+860: p85 = new_with_vtable(descr=<SizeDescr 48>)
+872: setfield_gc(p85, p40, descr=<FieldP rpyeffect.stored_environment.Stack__arb_arb.inst_tail 8 pure>)
+876: setfield_gc(p85, 220, descr=<FieldS rpyeffect.stored_environment.Stack__arb_arb.inst_target 16 pure>)
+884: setfield_gc(p85, i39, descr=<FieldS rpyeffect.stored_environment.Stack__1_0.inst_values_num_0 40 pure>)
+888: setfield_gc(p84, p85, descr=<FieldP rpyeffect.stack.MetaStackLike.inst_stack 8 pure>)
+892: setfield_gc(p84, p33, descr=<FieldP rpyeffect.stack.MetaStack.inst_label 16 pure>)
+896: setfield_gc(p84, ConstPtr(null), descr=<FieldP rpyeffect.stack.MetaStack.inst_region 24 pure>)
+904: p88 = new_with_vtable(descr=<SizeDescr 48>)
+920: setfield_gc(p88, p69, descr=<FieldP rpyeffect.stack.MetaStackLike.inst_stack 8 pure>)
+924: setfield_gc(p88, p57, descr=<FieldP rpyeffect.stack.MetaStack.inst_label 16 pure>)
+932: setfield_gc(p88, ConstPtr(null), descr=<FieldP rpyeffect.stack.MetaStack.inst_region 24 pure>)
+944: p90 = new_with_vtable(descr=<SizeDescr 40>)
+956: setfield_gc(p90, p66, descr=<FieldP rpyeffect.stack.MetaStackLike.inst_stack 8 pure>)
+960: setfield_gc(p90, p62, descr=<FieldP rpyeffect.stack.MetaStack.inst_label 16 pure>)
+964: setfield_gc(p90, ConstPtr(null), descr=<FieldP rpyeffect.stack.MetaStack.inst_region 24 pure>)
+972: setfield_gc(p90, ConstPtr(null), descr=<FieldP rpyeffect.stack.MetaStack.inst_tail 32 pure>)
+980: setfield_gc(p88, p90, descr=<FieldP rpyeffect.stack.MetaStack.inst_tail 32 pure>)
+984: setfield_gc(p88, p71, descr=<FieldP rpyeffect.stack.MetaStackWithBinding.inst_binding 40 pure>)
+992: setfield_gc(p84, p88, descr=<FieldP rpyeffect.stack.MetaStack.inst_tail 32 pure>)
+996: setfield_gc(p84, p36, descr=<FieldP rpyeffect.stack.MetaStackWithBinding.inst_binding 40 pure>)
+1000: setfield_gc(p82, p84, descr=<FieldP rpyeffect.stored_environment.Stack__0_1.inst_values_ptr_0 40 pure>)
+1004: setfield_gc(p81, p82, descr=<FieldP rpyeffect.stack.MetaStackLike.inst_stack 8 pure>)
+1008: setfield_gc(p81, p74, descr=<FieldP rpyeffect.stack.MetaStack.inst_label 16 pure>)
+1012: setfield_gc(p81, ConstPtr(null), descr=<FieldP rpyeffect.stack.MetaStack.inst_region 24 pure>)
+1020: setfield_gc(p81, p75, descr=<FieldP rpyeffect.stack.MetaStack.inst_tail 32 pure>)
+1024: setfield_gc(p79, p81, descr=<FieldP rpyeffect.stack.MetaStack.inst_tail 32 pure>)
+1028: p94 = new_with_vtable(descr=<SizeDescr 32>)
+1040: setfield_gc(p78, ConstPtr(null), descr=<FieldP rpyeffect.stack.MetaStack.inst_region 24 pure>)
+1048: setfield_gc(p78, p57, descr=<FieldP rpyeffect.stack.MetaStack.inst_label 16 pure>)
+1052: setfield_gc(p78, p79, descr=<FieldP rpyeffect.stack.MetaStack.inst_tail 32 pure>)
+1056: setfield_gc(p78, p69, descr=<FieldP rpyeffect.stack.MetaStackLike.inst_stack 8 pure>)
+1060: setfield_gc(p78, p71, descr=<FieldP rpyeffect.stack.MetaStackWithBinding.inst_binding 40 pure>)
+1068: setfield_gc(p94, ConstPtr(ptr96), descr=<FieldP rpyeffect.stored_environment.Data__arb_arb.inst_tag 8>)
+1120: jump(p33, p40, p0, p78, p36, 1, i39, i3, i4, i5, i6, i7, i8, i9, i10, i11, i12, i13, i14, i15, i16, p84, p94, p19, p20, p21, p22, p23, p24, p25, p26, p27, p28, p29, p30, p31, p32, descr=TargetToken(4834671680))
+1328: --end of the loop--
[3a944e86] jit-log-opt-bridge}
[3a979922] {jit-summary
Tracing:      	17	0.031247
Backend:      	17	0.004768
TOTAL:      		1.015973
ops:             	46238
heapcached ops:  	5693
recorded ops:    	12744
  calls:         	6407
guards:          	1946
opt ops:         	2513
opt guards:      	505
opt guards shared:	436
forcings:        	0
abort: trace too long:	0
abort: compiling:	0
abort: vable escape:	0
abort: bad loop: 	0
abort: force quasi-immut:	0
abort: segmenting trace:	0
virtualizables forced:	0
nvirtuals:       	8
nvholes:         	0
nvreused:        	0
vecopt tried:    	0
vecopt success:  	0
Total # of loops:	7
Total # of bridges:	10
Freed # of loops:	0
Freed # of bridges:	0
[3a97c1a9] jit-summary}
