[48bc71] {jit-log-opt-loop
# Loop 1 (35<main.rpyeffect:35(Name(loop2636))>+2: {"op": "Copy", "type": "num", "from": 2, "to", 1}) : loop with 112 ops
[p0, p1, p2, p3, p4]
+280: p5 = getfield_gc_r(p2, descr=<FieldP rpyeffect.environment.Environment.inst_values_num 16>)
+288: i7 = getarrayitem_gc_i(p5, 0, descr=<ArrayS 8>)
+292: i9 = getarrayitem_gc_i(p5, 1, descr=<ArrayS 8>)
+296: i11 = getarrayitem_gc_i(p5, 2, descr=<ArrayS 8>)
+300: i13 = getarrayitem_gc_i(p5, 3, descr=<ArrayS 8>)
+304: p14 = getfield_gc_r(p2, descr=<FieldP rpyeffect.environment.Environment.inst_values_ptr 24>)
+308: p16 = getarrayitem_gc_r(p14, 0, descr=<ArrayP 8>)
+312: p18 = getarrayitem_gc_r(p14, 1, descr=<ArrayP 8>)
+316: p20 = getarrayitem_gc_r(p14, 2, descr=<ArrayP 8>)
+320: p22 = getarrayitem_gc_r(p14, 3, descr=<ArrayP 8>)
+324: p24 = getarrayitem_gc_r(p14, 4, descr=<ArrayP 8>)
+328: label(p0, p1, p2, p3, p4, i7, i9, i11, i13, p16, p18, p20, p22, p24, descr=TargetToken(5372839600))
debug_merge_point(0, 0, '35<main.rpyeffect:35(Name(loop2636))>+2: {"op": "Copy". "type": "num". "from": 2. "to". 1}')
+356: guard_not_invalidated(descr=<Guard0x1403f25f8>) [p2, i7, i9, i11, i13, p16, p18, p20, p22, p24, p0, p1, p3, p4]
debug_merge_point(0, 0, '35<main.rpyeffect:35(Name(loop2636))>+3: {"op": "Jump". "target": 4}')
+360: guard_nonnull(p1, descr=<Guard0x1403ed420>) [p2, i7, i9, i11, i13, p16, p18, p20, p22, p24, p0, p1, p3, p4]
+372: i25 = getfield_gc_i(p1, descr=<FieldS rpyeffect.stored_environment.Stack__arb_arb.inst_target 16 pure>)
+380: guard_value(i25, 34, descr=<Guard0x1403ed460>) [p2, i7, i9, i11, i13, p16, p18, p20, p22, p24, p0, p1, p3, p4]
debug_merge_point(0, 0, '4<main.rpyeffect:4(Name(infixEq71))>+0: {"op": "PrimOp". "name": "infixEq(Int. Int): Boolean". "out": {"num": [0]. "ptr": []}. "in": {"num": [0. 1]. "ptr": []}}')
+392: i27 = int_eq(i7, i11)
guard_false(i27, descr=<Guard0x1403ed4a0>) [p2, i7, i9, i11, i13, p16, p18, p20, p22, p24, p0, p1, p3, p4]
debug_merge_point(0, 0, '4<main.rpyeffect:4(Name(infixEq71))>+1: {"op": "Return". "args": {"num": [0]. "ptr": []}}')
+400: i28 = getfield_gc_i(p1, descr=<FieldS rpyeffect.stored_environment.Stack__2_1.inst_values_num_0 40 pure>)
+404: i29 = getfield_gc_i(p1, descr=<FieldS rpyeffect.stored_environment.Stack__2_1.inst_values_num_1 48 pure>)
+408: p30 = getfield_gc_r(p1, descr=<FieldP rpyeffect.stored_environment.Stack__2_1.inst_values_ptr_0 56 pure>)
+412: p31 = getfield_gc_r(p1, descr=<FieldP rpyeffect.stored_environment.Stack__arb_arb.inst_tail 8 pure>)
debug_merge_point(0, 0, '34<main.rpyeffect:34([k@Name(loop2636)#44])>+0: {"op": "Swap". "type": "num". "a": 2. "b". 0}')
debug_merge_point(0, 0, '34<main.rpyeffect:34([k@Name(loop2636)#44])>+1: {"op": "IfZero". "cond": 2. "then": {"tag": null. "target": 33. "args": {"num": []. "ptr": []}}}')
+416: guard_nonnull(p31, descr=<Guard0x1403ed4e0>) [p2, i7, i9, i11, i13, p16, p18, p20, p22, p24, p0, p1, p3, p4]
+424: i32 = getfield_gc_i(p31, descr=<FieldS rpyeffect.stored_environment.Stack__arb_arb.inst_target 16 pure>)
+428: guard_value(i32, 39, descr=<Guard0x1403ed520>) [p2, i7, i9, i11, i13, p16, p18, p20, p22, p24, p0, p1, p3, p4]
debug_merge_point(0, 0, '33<main.rpyeffect:33([then#46])>+0: {"op": "Push". "target": 32. "args": {"num": [1. 0]. "ptr": [0]}}')
debug_merge_point(0, 0, '33<main.rpyeffect:33([then#46])>+1: {"op": "Copy". "type": "num". "from": 1. "to". 0}')
debug_merge_point(0, 0, '33<main.rpyeffect:33([then#46])>+2: {"op": "Jump". "target": 30}')
debug_merge_point(0, 0, '30<main.rpyeffect:30([mcore:[#25]#40])>+0: {"op": "Invoke". "receiver": 0. "tag": Interned(%Operator2644(n):p). "args" : {"num": [0]. "ptr": []}}')
+440: p34 = getfield_gc_r(p30, descr=<FieldP rpyeffect.stored_environment.CoData__arb_arb.inst_vtable 24 pure>)
+448: guard_value(p34, ConstPtr(ptr35), descr=<Guard0x1403ed560>) [p2, i7, i9, i11, i13, p16, p18, p20, p22, p24, p0, p1, p3, p4]
+456: p36 = getfield_gc_r(p30, descr=<FieldP rpyeffect.stored_environment.CoData__0_1.inst_values_ptr_0 32 pure>)
debug_merge_point(0, 0, '53<main.rpyeffect:53([method_%Operator2644(n):p@[then#59]#71])>+0: {"op": "Const". "type": "num". "out": 1. "value": 0}')
debug_merge_point(0, 0, '53<main.rpyeffect:53([method_%Operator2644(n):p@[then#59]#71])>+1: {"op": "ShiftDyn". "out": 0. "n": 1. "label": 0}')
+460: guard_isnull(p4, descr=<Guard0x1403ed5a0>) [p2, i7, i9, i11, i13, p16, p18, p20, p22, p24, p0, p1, p3, p4]
+472: i37 = getfield_gc_i(p0, descr=<FieldS rpyeffect.stack.Label.inst_origin 8 pure>)
+480: i38 = getfield_gc_i(p36, descr=<FieldS rpyeffect.stack.Label.inst_origin 8 pure>)
+484: i39 = int_ne(i37, i38)
guard_false(i39, descr=<Guard0x1403ed5e0>) [p2, i7, i9, i11, i13, p16, p18, p20, p22, p24, p0, p1, p3, p4]
+492: i40 = instance_ptr_eq(p0, p36)
guard_true(i40, descr=<Guard0x1403ed620>) [p2, i7, i9, i11, i13, p16, p18, p20, p22, p24, p0, p1, p3, p4]
+500: guard_nonnull_class(p3, 4298485448, descr=<Guard0x1403f2650>) [p2, i7, i9, i11, i13, p16, p18, p20, p22, p24, p0, p1, p3, p4]
+528: p42 = getfield_gc_r(p3, descr=<FieldP rpyeffect.stack.MetaStackLike.inst_stack 8 pure>)
+532: p43 = getfield_gc_r(p3, descr=<FieldP rpyeffect.stack.MetaStack.inst_label 16 pure>)
+536: p44 = getfield_gc_r(p3, descr=<FieldP rpyeffect.stack.MetaStack.inst_tail 32 pure>)
+540: guard_nonnull(p42, descr=<Guard0x1403ed660>) [p2, i7, i9, i11, i13, p16, p18, p20, p22, p24, p0, p1, p3, p4]
+548: i45 = getfield_gc_i(p42, descr=<FieldS rpyeffect.stored_environment.Stack__arb_arb.inst_target 16 pure>)
+552: guard_value(i45, 52, descr=<Guard0x1403ed6a0>) [p2, i7, i9, i11, i13, p16, p18, p20, p22, p24, p0, p1, p3, p4]
debug_merge_point(0, 0, '53<main.rpyeffect:53([method_%Operator2644(n):p@[then#59]#71])>+2: {"op": "Const". "type": "num". "out": 1. "value": 503}')
debug_merge_point(0, 0, '53<main.rpyeffect:53([method_%Operator2644(n):p@[then#59]#71])>+3: {"op": "Construct". "out": 1. "type": Interned(Unit). "tag": Interned(unit). "args": {"num": []. "ptr": []}}')
debug_merge_point(0, 0, '53<main.rpyeffect:53([method_%Operator2644(n):p@[then#59]#71])>+4: {"op": "Push". "target": 52. "args": {"num": [0. 1]. "ptr": []}}')
debug_merge_point(0, 0, '53<main.rpyeffect:53([method_%Operator2644(n):p@[then#59]#71])>+5: {"op": "Swap". "type": "ptr". "a": 0. "b". 1}')
debug_merge_point(0, 0, '53<main.rpyeffect:53([method_%Operator2644(n):p@[then#59]#71])>+6: {"op": "Jump". "target": 36}')
debug_merge_point(0, 0, '36<main.rpyeffect:36(Name(resume64030))>+0: {"op": "PushStack". "arg": 1}')
debug_merge_point(0, 0, '36<main.rpyeffect:36(Name(resume64030))>+1: {"op": "Return". "args": {"num": []. "ptr": [0]}}')
debug_merge_point(0, 0, '32<main.rpyeffect:32([k@[then#46]#48])>+0: {"op": "Const". "type": "num". "out": 2. "value": 1}')
debug_merge_point(0, 0, '32<main.rpyeffect:32([k@[then#46]#48])>+1: {"op": "Push". "target": 31. "args": {"num": [1]. "ptr": [1]}}')
debug_merge_point(0, 0, '32<main.rpyeffect:32([k@[then#46]#48])>+2: {"op": "Copy". "type": "num". "from": 2. "to". 1}')
debug_merge_point(0, 0, '32<main.rpyeffect:32([k@[then#46]#48])>+3: {"op": "Jump". "target": 8}')
debug_merge_point(0, 0, '8<main.rpyeffect:8(Name(infixSub104))>+0: {"op": "PrimOp". "name": "infixSub(Int. Int): Int". "out": {"num": [0]. "ptr": []}. "in": {"num": [0. 1]. "ptr": []}}')
+564: i48 = int_sub(i28, 1)
debug_merge_point(0, 0, '8<main.rpyeffect:8(Name(infixSub104))>+1: {"op": "Return". "args": {"num": [0]. "ptr": []}}')
debug_merge_point(0, 0, '31<main.rpyeffect:31([k@[k@[then#46]#48]#52])>+0: {"op": "Jump". "target": 35}')
debug_merge_point(0, 0, '35<main.rpyeffect:35(Name(loop2636))>+0: {"op": "Const". "type": "num". "out": 2. "value": 0}')
debug_merge_point(0, 0, '35<main.rpyeffect:35(Name(loop2636))>+1: {"op": "Push". "target": 34. "args": {"num": [0. 1]. "ptr": [0]}}')
debug_merge_point(0, 0, '35<main.rpyeffect:35(Name(loop2636))>+2: {"op": "Copy". "type": "num". "from": 2. "to". 1}')
+568: label(p0, p31, i48, i29, p30, p2, p42, i28, p43, p44, i13, p20, p22, p24, p36, descr=TargetToken(5372839680))
debug_merge_point(0, 0, '35<main.rpyeffect:35(Name(loop2636))>+2: {"op": "Copy". "type": "num". "from": 2. "to". 1}')
+592: guard_not_invalidated(descr=<Guard0x1403f26a8>) [p2, i48, i29, i13, p30, p20, p22, p24, p0, i28, p42, p44, p43, p31]
debug_merge_point(0, 0, '35<main.rpyeffect:35(Name(loop2636))>+3: {"op": "Jump". "target": 4}')
debug_merge_point(0, 0, '4<main.rpyeffect:4(Name(infixEq71))>+0: {"op": "PrimOp". "name": "infixEq(Int. Int): Boolean". "out": {"num": [0]. "ptr": []}. "in": {"num": [0. 1]. "ptr": []}}')
+596: i50 = int_eq(i48, 0)
guard_false(i50, descr=<Guard0x1403ed6e0>) [p2, i48, i29, i13, p30, p20, p22, p24, p0, i28, p42, p44, p43, p31]
debug_merge_point(0, 0, '4<main.rpyeffect:4(Name(infixEq71))>+1: {"op": "Return". "args": {"num": [0]. "ptr": []}}')
debug_merge_point(0, 0, '34<main.rpyeffect:34([k@Name(loop2636)#44])>+0: {"op": "Swap". "type": "num". "a": 2. "b". 0}')
debug_merge_point(0, 0, '34<main.rpyeffect:34([k@Name(loop2636)#44])>+1: {"op": "IfZero". "cond": 2. "then": {"tag": null. "target": 33. "args": {"num": []. "ptr": []}}}')
debug_merge_point(0, 0, '33<main.rpyeffect:33([then#46])>+0: {"op": "Push". "target": 32. "args": {"num": [1. 0]. "ptr": [0]}}')
debug_merge_point(0, 0, '33<main.rpyeffect:33([then#46])>+1: {"op": "Copy". "type": "num". "from": 1. "to". 0}')
debug_merge_point(0, 0, '33<main.rpyeffect:33([then#46])>+2: {"op": "Jump". "target": 30}')
debug_merge_point(0, 0, '30<main.rpyeffect:30([mcore:[#25]#40])>+0: {"op": "Invoke". "receiver": 0. "tag": Interned(%Operator2644(n):p). "args" : {"num": [0]. "ptr": []}}')
debug_merge_point(0, 0, '53<main.rpyeffect:53([method_%Operator2644(n):p@[then#59]#71])>+0: {"op": "Const". "type": "num". "out": 1. "value": 0}')
debug_merge_point(0, 0, '53<main.rpyeffect:53([method_%Operator2644(n):p@[then#59]#71])>+1: {"op": "ShiftDyn". "out": 0. "n": 1. "label": 0}')
debug_merge_point(0, 0, '53<main.rpyeffect:53([method_%Operator2644(n):p@[then#59]#71])>+2: {"op": "Const". "type": "num". "out": 1. "value": 503}')
debug_merge_point(0, 0, '53<main.rpyeffect:53([method_%Operator2644(n):p@[then#59]#71])>+3: {"op": "Construct". "out": 1. "type": Interned(Unit). "tag": Interned(unit). "args": {"num": []. "ptr": []}}')
debug_merge_point(0, 0, '53<main.rpyeffect:53([method_%Operator2644(n):p@[then#59]#71])>+4: {"op": "Push". "target": 52. "args": {"num": [0. 1]. "ptr": []}}')
debug_merge_point(0, 0, '53<main.rpyeffect:53([method_%Operator2644(n):p@[then#59]#71])>+5: {"op": "Swap". "type": "ptr". "a": 0. "b". 1}')
debug_merge_point(0, 0, '53<main.rpyeffect:53([method_%Operator2644(n):p@[then#59]#71])>+6: {"op": "Jump". "target": 36}')
debug_merge_point(0, 0, '36<main.rpyeffect:36(Name(resume64030))>+0: {"op": "PushStack". "arg": 1}')
debug_merge_point(0, 0, '36<main.rpyeffect:36(Name(resume64030))>+1: {"op": "Return". "args": {"num": []. "ptr": [0]}}')
debug_merge_point(0, 0, '32<main.rpyeffect:32([k@[then#46]#48])>+0: {"op": "Const". "type": "num". "out": 2. "value": 1}')
debug_merge_point(0, 0, '32<main.rpyeffect:32([k@[then#46]#48])>+1: {"op": "Push". "target": 31. "args": {"num": [1]. "ptr": [1]}}')
debug_merge_point(0, 0, '32<main.rpyeffect:32([k@[then#46]#48])>+2: {"op": "Copy". "type": "num". "from": 2. "to". 1}')
debug_merge_point(0, 0, '32<main.rpyeffect:32([k@[then#46]#48])>+3: {"op": "Jump". "target": 8}')
debug_merge_point(0, 0, '8<main.rpyeffect:8(Name(infixSub104))>+0: {"op": "PrimOp". "name": "infixSub(Int. Int): Int". "out": {"num": [0]. "ptr": []}. "in": {"num": [0. 1]. "ptr": []}}')
+604: i52 = int_sub(i48, 1)
debug_merge_point(0, 0, '8<main.rpyeffect:8(Name(infixSub104))>+1: {"op": "Return". "args": {"num": [0]. "ptr": []}}')
debug_merge_point(0, 0, '31<main.rpyeffect:31([k@[k@[then#46]#48]#52])>+0: {"op": "Jump". "target": 35}')
debug_merge_point(0, 0, '35<main.rpyeffect:35(Name(loop2636))>+0: {"op": "Const". "type": "num". "out": 2. "value": 0}')
debug_merge_point(0, 0, '35<main.rpyeffect:35(Name(loop2636))>+1: {"op": "Push". "target": 34. "args": {"num": [0. 1]. "ptr": [0]}}')
debug_merge_point(0, 0, '35<main.rpyeffect:35(Name(loop2636))>+2: {"op": "Copy". "type": "num". "from": 2. "to". 1}')
+608: p53 = new_with_vtable(descr=<SizeDescr 56>)
+716: setfield_gc(p53, 52, descr=<FieldS rpyeffect.stored_environment.Stack__arb_arb.inst_target 16 pure>)
+724: setfield_gc(p53, p42, descr=<FieldP rpyeffect.stored_environment.Stack__arb_arb.inst_tail 8 pure>)
+728: setfield_gc(p53, i28, descr=<FieldS rpyeffect.stored_environment.Stack__2_0.inst_values_num_0 40 pure>)
+732: setfield_gc(p53, 503, descr=<FieldS rpyeffect.stored_environment.Stack__2_0.inst_values_num_1 48 pure>)
+756: jump(p0, p31, i52, i29, p30, p2, p53, i48, p43, p44, i13, p20, p22, p24, p36, descr=TargetToken(5372839680))
+768: --end of the loop--
[4ab9b8] jit-log-opt-loop}
[6242c9] {jit-log-opt-loop
# Loop 2 (52<main.rpyeffect:52([#82])>+1: {"op": "Copy", "type": "num", "from": 0, "to", 1}) : loop with 172 ops
[p0, p1, p2, p3, p4]
+232: p5 = getfield_gc_r(p2, descr=<FieldP rpyeffect.environment.Environment.inst_values_num 16>)
+240: i7 = getarrayitem_gc_i(p5, 0, descr=<ArrayS 8>)
+244: i9 = getarrayitem_gc_i(p5, 1, descr=<ArrayS 8>)
+248: i11 = getarrayitem_gc_i(p5, 2, descr=<ArrayS 8>)
+252: i13 = getarrayitem_gc_i(p5, 3, descr=<ArrayS 8>)
+256: p14 = getfield_gc_r(p2, descr=<FieldP rpyeffect.environment.Environment.inst_values_ptr 24>)
+260: p16 = getarrayitem_gc_r(p14, 0, descr=<ArrayP 8>)
+264: p18 = getarrayitem_gc_r(p14, 1, descr=<ArrayP 8>)
+268: p20 = getarrayitem_gc_r(p14, 2, descr=<ArrayP 8>)
+272: p22 = getarrayitem_gc_r(p14, 3, descr=<ArrayP 8>)
+276: p24 = getarrayitem_gc_r(p14, 4, descr=<ArrayP 8>)
+280: label(p0, p1, p2, p3, p4, i7, i9, i11, i13, p16, p18, p20, p22, p24, descr=TargetToken(5372839920))
debug_merge_point(0, 0, '52<main.rpyeffect:52([#82])>+1: {"op": "Copy". "type": "num". "from": 0. "to". 1}')
+308: guard_not_invalidated(descr=<Guard0x1403f2758>) [p2, i7, i9, i11, i13, p16, p18, p20, p22, p24, p0, p1, p3, p4]
debug_merge_point(0, 0, '52<main.rpyeffect:52([#82])>+2: {"op": "Copy". "type": "num". "from": 2. "to". 0}')
debug_merge_point(0, 0, '52<main.rpyeffect:52([#82])>+3: {"op": "Jump". "target": 7}')
+312: guard_nonnull(p1, descr=<Guard0x1403edb20>) [p2, i7, i9, i11, i13, p16, p18, p20, p22, p24, p0, p1, p3, p4]
+324: i25 = getfield_gc_i(p1, descr=<FieldS rpyeffect.stored_environment.Stack__arb_arb.inst_target 16 pure>)
+332: guard_value(i25, 51, descr=<Guard0x1403edb60>) [p2, i7, i9, i11, i13, p16, p18, p20, p22, p24, p0, p1, p3, p4]
debug_merge_point(0, 0, '7<main.rpyeffect:7(Name(infixMul98))>+0: {"op": "PrimOp". "name": "infixMul(Int. Int): Int". "out": {"num": [0]. "ptr": []}. "in": {"num": [0. 1]. "ptr": []}}')
+344: i27 = int_mul(i11, i7)
debug_merge_point(0, 0, '7<main.rpyeffect:7(Name(infixMul98))>+1: {"op": "Return". "args": {"num": [0]. "ptr": []}}')
+348: i28 = getfield_gc_i(p1, descr=<FieldS rpyeffect.stored_environment.Stack__2_0.inst_values_num_0 40 pure>)
+352: i29 = getfield_gc_i(p1, descr=<FieldS rpyeffect.stored_environment.Stack__2_0.inst_values_num_1 48 pure>)
+356: p30 = getfield_gc_r(p1, descr=<FieldP rpyeffect.stored_environment.Stack__arb_arb.inst_tail 8 pure>)
debug_merge_point(0, 0, '51<main.rpyeffect:51([k@[#82]#84])>+0: {"op": "Push". "target": 50. "args": {"num": [1. 2]. "ptr": []}}')
debug_merge_point(0, 0, '51<main.rpyeffect:51([k@[#82]#84])>+1: {"op": "Swap". "type": "num". "a": 1. "b". 0}')
debug_merge_point(0, 0, '51<main.rpyeffect:51([k@[#82]#84])>+2: {"op": "Jump". "target": 8}')
debug_merge_point(0, 0, '8<main.rpyeffect:8(Name(infixSub104))>+0: {"op": "PrimOp". "name": "infixSub(Int. Int): Int". "out": {"num": [0]. "ptr": []}. "in": {"num": [0. 1]. "ptr": []}}')
+360: i31 = int_sub(i28, i27)
debug_merge_point(0, 0, '8<main.rpyeffect:8(Name(infixSub104))>+1: {"op": "Return". "args": {"num": [0]. "ptr": []}}')
debug_merge_point(0, 0, '50<main.rpyeffect:50([k@[k@[#82]#84]#87])>+0: {"op": "Const". "type": "num". "out": 3. "value": 37}')
debug_merge_point(0, 0, '50<main.rpyeffect:50([k@[k@[#82]#84]#87])>+1: {"op": "Push". "target": 49. "args": {"num": [1. 2]. "ptr": []}}')
debug_merge_point(0, 0, '50<main.rpyeffect:50([k@[k@[#82]#84]#87])>+2: {"op": "Copy". "type": "num". "from": 3. "to". 1}')
debug_merge_point(0, 0, '50<main.rpyeffect:50([k@[k@[#82]#84]#87])>+3: {"op": "Jump". "target": 6}')
debug_merge_point(0, 0, '6<main.rpyeffect:6(Name(infixAdd95))>+0: {"op": "PrimOp". "name": "infixAdd(Int. Int): Int". "out": {"num": [0]. "ptr": []}. "in": {"num": [0. 1]. "ptr": []}}')
+364: i33 = int_add(i31, 37)
debug_merge_point(0, 0, '6<main.rpyeffect:6(Name(infixAdd95))>+1: {"op": "Return". "args": {"num": [0]. "ptr": []}}')
debug_merge_point(0, 0, '49<main.rpyeffect:49([k@[k@[k@[#82]#84]#87]#92])>+0: {"op": "Const". "type": "num". "out": 3. "value": 0}')
debug_merge_point(0, 0, '49<main.rpyeffect:49([k@[k@[k@[#82]#84]#87]#92])>+1: {"op": "Push". "target": 48. "args": {"num": [1. 2]. "ptr": []}}')
debug_merge_point(0, 0, '49<main.rpyeffect:49([k@[k@[k@[#82]#84]#87]#92])>+2: {"op": "Copy". "type": "num". "from": 3. "to". 1}')
debug_merge_point(0, 0, '49<main.rpyeffect:49([k@[k@[k@[#82]#84]#87]#92])>+3: {"op": "Jump". "target": 10}')
debug_merge_point(0, 0, '10<main.rpyeffect:10(Name(infixLt168))>+0: {"op": "PrimOp". "name": "infixLt(Int. Int): Boolean". "out": {"num": [0]. "ptr": []}. "in": {"num": [0. 1]. "ptr": []}}')
+368: i35 = int_lt(i33, 0)
guard_true(i35, descr=<Guard0x1403edba0>) [p2, i7, i9, i11, i13, p16, p18, p20, p22, p24, p0, p1, p3, p4]
debug_merge_point(0, 0, '10<main.rpyeffect:10(Name(infixLt168))>+1: {"op": "Return". "args": {"num": [0]. "ptr": []}}')
debug_merge_point(0, 0, '48<main.rpyeffect:48([k@[k@[k@[k@[#82]#84]#87]#92]#97])>+0: {"op": "Push". "target": 41. "args": {"num": []. "ptr": []}}')
debug_merge_point(0, 0, '48<main.rpyeffect:48([k@[k@[k@[k@[#82]#84]#87]#92]#97])>+1: {"op": "Swap". "type": "num". "a": 2. "b". 1}')
debug_merge_point(0, 0, '48<main.rpyeffect:48([k@[k@[k@[k@[#82]#84]#87]#92]#97])>+2: {"op": "IfZero". "cond": 0. "then": {"tag": null. "target": 44. "args": {"num": []. "ptr": []}}}')
debug_merge_point(0, 0, '48<main.rpyeffect:48([k@[k@[k@[k@[#82]#84]#87]#92]#97])>+3: {"op": "Const". "type": "num". "out": 0. "value": 0}')
debug_merge_point(0, 0, '48<main.rpyeffect:48([k@[k@[k@[k@[#82]#84]#87]#92]#97])>+4: {"op": "Const". "type": "num". "out": 3. "value": 503}')
debug_merge_point(0, 0, '48<main.rpyeffect:48([k@[k@[k@[k@[#82]#84]#87]#92]#97])>+5: {"op": "Push". "target": 47. "args": {"num": [2. 0]. "ptr": []}}')
debug_merge_point(0, 0, '48<main.rpyeffect:48([k@[k@[k@[k@[#82]#84]#87]#92]#97])>+6: {"op": "Copy". "type": "num". "from": 3. "to". 0}')
debug_merge_point(0, 0, '48<main.rpyeffect:48([k@[k@[k@[k@[#82]#84]#87]#92]#97])>+7: {"op": "Jump". "target": 7}')
debug_merge_point(0, 0, '7<main.rpyeffect:7(Name(infixMul98))>+0: {"op": "PrimOp". "name": "infixMul(Int. Int): Int". "out": {"num": [0]. "ptr": []}. "in": {"num": [0. 1]. "ptr": []}}')
+376: i37 = int_mul(503, i29)
debug_merge_point(0, 0, '7<main.rpyeffect:7(Name(infixMul98))>+1: {"op": "Return". "args": {"num": [0]. "ptr": []}}')
debug_merge_point(0, 0, '47<main.rpyeffect:47([k@[k@[k@[k@[k@[#82]#84]#87]#92]#97]#119])>+0: {"op": "Push". "target": 46. "args": {"num": [2]. "ptr": []}}')
debug_merge_point(0, 0, '47<main.rpyeffect:47([k@[k@[k@[k@[k@[#82]#84]#87]#92]#97]#119])>+1: {"op": "Swap". "type": "num". "a": 1. "b". 0}')
debug_merge_point(0, 0, '47<main.rpyeffect:47([k@[k@[k@[k@[k@[#82]#84]#87]#92]#97]#119])>+2: {"op": "Jump". "target": 8}')
debug_merge_point(0, 0, '8<main.rpyeffect:8(Name(infixSub104))>+0: {"op": "PrimOp". "name": "infixSub(Int. Int): Int". "out": {"num": [0]. "ptr": []}. "in": {"num": [0. 1]. "ptr": []}}')
+384: i38 = int_sub(i28, i37)
debug_merge_point(0, 0, '8<main.rpyeffect:8(Name(infixSub104))>+1: {"op": "Return". "args": {"num": [0]. "ptr": []}}')
debug_merge_point(0, 0, '46<main.rpyeffect:46([#122])>+0: {"op": "Const". "type": "num". "out": 2. "value": 37}')
debug_merge_point(0, 0, '46<main.rpyeffect:46([#122])>+1: {"op": "Push". "target": 45. "args": {"num": [1]. "ptr": []}}')
debug_merge_point(0, 0, '46<main.rpyeffect:46([#122])>+2: {"op": "Copy". "type": "num". "from": 2. "to". 1}')
debug_merge_point(0, 0, '46<main.rpyeffect:46([#122])>+3: {"op": "Jump". "target": 6}')
debug_merge_point(0, 0, '6<main.rpyeffect:6(Name(infixAdd95))>+0: {"op": "PrimOp". "name": "infixAdd(Int. Int): Int". "out": {"num": [0]. "ptr": []}. "in": {"num": [0. 1]. "ptr": []}}')
+388: i40 = int_add(i38, 37)
debug_merge_point(0, 0, '6<main.rpyeffect:6(Name(infixAdd95))>+1: {"op": "Return". "args": {"num": [0]. "ptr": []}}')
debug_merge_point(0, 0, '45<main.rpyeffect:45([k@[#122]#127])>+0: {"op": "Swap". "type": "num". "a": 1. "b". 0}')
debug_merge_point(0, 0, '45<main.rpyeffect:45([k@[#122]#127])>+1: {"op": "Jump". "target": 8}')
debug_merge_point(0, 0, '8<main.rpyeffect:8(Name(infixSub104))>+0: {"op": "PrimOp". "name": "infixSub(Int. Int): Int". "out": {"num": [0]. "ptr": []}. "in": {"num": [0. 1]. "ptr": []}}')
+392: i41 = int_neg(i40)
debug_merge_point(0, 0, '8<main.rpyeffect:8(Name(infixSub104))>+1: {"op": "Return". "args": {"num": [0]. "ptr": []}}')
debug_merge_point(0, 0, '41<main.rpyeffect:41([k@[k@[k@[k@[k@[#82]#84]#87]#92]#97]#100])>+0: {"op": "Const". "type": "num". "out": 1. "value": 1009}')
debug_merge_point(0, 0, '41<main.rpyeffect:41([k@[k@[k@[k@[k@[#82]#84]#87]#92]#97]#100])>+1: {"op": "Jump". "target": 9}')
+396: guard_nonnull(p30, descr=<Guard0x1403edbe0>) [p2, i7, i9, i11, i13, p16, p18, p20, p22, p24, p0, p1, p3, p4]
+404: i42 = getfield_gc_i(p30, descr=<FieldS rpyeffect.stored_environment.Stack__arb_arb.inst_target 16 pure>)
+408: guard_value(i42, 52, descr=<Guard0x1403edc20>) [p2, i7, i9, i11, i13, p16, p18, p20, p22, p24, p0, p1, p3, p4]
debug_merge_point(0, 0, '9<main.rpyeffect:9(Name(mod107))>+0: {"op": "PrimOp". "name": "mod(Int. Int): Int". "out": {"num": [0]. "ptr": []}. "in": {"num": [0. 1]. "ptr": []}}')
+420: i45 = int_rshift(i41, 63)
+428: i46 = int_xor(i41, i45)
+432: i48 = uint_mul_high(i46, -9086255505087856445)
+452: i50 = uint_rshift(i48, 9)
+460: i51 = int_xor(i50, i45)
+464: i53 = int_mul(i51, 1009)
+472: i54 = int_sub(i41, i53)
debug_merge_point(0, 0, '9<main.rpyeffect:9(Name(mod107))>+1: {"op": "Return". "args": {"num": [0]. "ptr": []}}')
+476: i55 = getfield_gc_i(p30, descr=<FieldS rpyeffect.stored_environment.Stack__2_0.inst_values_num_0 40 pure>)
+480: i56 = getfield_gc_i(p30, descr=<FieldS rpyeffect.stored_environment.Stack__2_0.inst_values_num_1 48 pure>)
+484: p57 = getfield_gc_r(p30, descr=<FieldP rpyeffect.stored_environment.Stack__arb_arb.inst_tail 8 pure>)
debug_merge_point(0, 0, '52<main.rpyeffect:52([#82])>+0: {"op": "Push". "target": 51. "args": {"num": [1. 0]. "ptr": []}}')
debug_merge_point(0, 0, '52<main.rpyeffect:52([#82])>+1: {"op": "Copy". "type": "num". "from": 0. "to". 1}')
+488: label(p0, p57, i55, i54, p2, p3, p4, i56, p16, p18, p20, p22, p24, descr=TargetToken(5372840000))
debug_merge_point(0, 0, '52<main.rpyeffect:52([#82])>+1: {"op": "Copy". "type": "num". "from": 0. "to". 1}')
+488: guard_not_invalidated(descr=<Guard0x1403f27b0>) [p2, i54, i55, i56, p16, p18, p20, p22, p24, p0, p3, p4, p57]
debug_merge_point(0, 0, '52<main.rpyeffect:52([#82])>+2: {"op": "Copy". "type": "num". "from": 2. "to". 0}')
debug_merge_point(0, 0, '52<main.rpyeffect:52([#82])>+3: {"op": "Jump". "target": 7}')
debug_merge_point(0, 0, '7<main.rpyeffect:7(Name(infixMul98))>+0: {"op": "PrimOp". "name": "infixMul(Int. Int): Int". "out": {"num": [0]. "ptr": []}. "in": {"num": [0. 1]. "ptr": []}}')
+492: i58 = int_mul(i56, i54)
debug_merge_point(0, 0, '7<main.rpyeffect:7(Name(infixMul98))>+1: {"op": "Return". "args": {"num": [0]. "ptr": []}}')
debug_merge_point(0, 0, '51<main.rpyeffect:51([k@[#82]#84])>+0: {"op": "Push". "target": 50. "args": {"num": [1. 2]. "ptr": []}}')
debug_merge_point(0, 0, '51<main.rpyeffect:51([k@[#82]#84])>+1: {"op": "Swap". "type": "num". "a": 1. "b". 0}')
debug_merge_point(0, 0, '51<main.rpyeffect:51([k@[#82]#84])>+2: {"op": "Jump". "target": 8}')
debug_merge_point(0, 0, '8<main.rpyeffect:8(Name(infixSub104))>+0: {"op": "PrimOp". "name": "infixSub(Int. Int): Int". "out": {"num": [0]. "ptr": []}. "in": {"num": [0. 1]. "ptr": []}}')
+496: i59 = int_sub(i55, i58)
debug_merge_point(0, 0, '8<main.rpyeffect:8(Name(infixSub104))>+1: {"op": "Return". "args": {"num": [0]. "ptr": []}}')
debug_merge_point(0, 0, '50<main.rpyeffect:50([k@[k@[#82]#84]#87])>+0: {"op": "Const". "type": "num". "out": 3. "value": 37}')
debug_merge_point(0, 0, '50<main.rpyeffect:50([k@[k@[#82]#84]#87])>+1: {"op": "Push". "target": 49. "args": {"num": [1. 2]. "ptr": []}}')
debug_merge_point(0, 0, '50<main.rpyeffect:50([k@[k@[#82]#84]#87])>+2: {"op": "Copy". "type": "num". "from": 3. "to". 1}')
debug_merge_point(0, 0, '50<main.rpyeffect:50([k@[k@[#82]#84]#87])>+3: {"op": "Jump". "target": 6}')
debug_merge_point(0, 0, '6<main.rpyeffect:6(Name(infixAdd95))>+0: {"op": "PrimOp". "name": "infixAdd(Int. Int): Int". "out": {"num": [0]. "ptr": []}. "in": {"num": [0. 1]. "ptr": []}}')
+500: i61 = int_add(i59, 37)
debug_merge_point(0, 0, '6<main.rpyeffect:6(Name(infixAdd95))>+1: {"op": "Return". "args": {"num": [0]. "ptr": []}}')
debug_merge_point(0, 0, '49<main.rpyeffect:49([k@[k@[k@[#82]#84]#87]#92])>+0: {"op": "Const". "type": "num". "out": 3. "value": 0}')
debug_merge_point(0, 0, '49<main.rpyeffect:49([k@[k@[k@[#82]#84]#87]#92])>+1: {"op": "Push". "target": 48. "args": {"num": [1. 2]. "ptr": []}}')
debug_merge_point(0, 0, '49<main.rpyeffect:49([k@[k@[k@[#82]#84]#87]#92])>+2: {"op": "Copy". "type": "num". "from": 3. "to". 1}')
debug_merge_point(0, 0, '49<main.rpyeffect:49([k@[k@[k@[#82]#84]#87]#92])>+3: {"op": "Jump". "target": 10}')
debug_merge_point(0, 0, '10<main.rpyeffect:10(Name(infixLt168))>+0: {"op": "PrimOp". "name": "infixLt(Int. Int): Boolean". "out": {"num": [0]. "ptr": []}. "in": {"num": [0. 1]. "ptr": []}}')
+504: i63 = int_lt(i61, 0)
guard_true(i63, descr=<Guard0x1403edc60>) [p2, i54, i55, i56, p16, p18, p20, p22, p24, p0, p3, p4, p57]
debug_merge_point(0, 0, '10<main.rpyeffect:10(Name(infixLt168))>+1: {"op": "Return". "args": {"num": [0]. "ptr": []}}')
debug_merge_point(0, 0, '48<main.rpyeffect:48([k@[k@[k@[k@[#82]#84]#87]#92]#97])>+0: {"op": "Push". "target": 41. "args": {"num": []. "ptr": []}}')
debug_merge_point(0, 0, '48<main.rpyeffect:48([k@[k@[k@[k@[#82]#84]#87]#92]#97])>+1: {"op": "Swap". "type": "num". "a": 2. "b". 1}')
debug_merge_point(0, 0, '48<main.rpyeffect:48([k@[k@[k@[k@[#82]#84]#87]#92]#97])>+2: {"op": "IfZero". "cond": 0. "then": {"tag": null. "target": 44. "args": {"num": []. "ptr": []}}}')
debug_merge_point(0, 0, '48<main.rpyeffect:48([k@[k@[k@[k@[#82]#84]#87]#92]#97])>+3: {"op": "Const". "type": "num". "out": 0. "value": 0}')
debug_merge_point(0, 0, '48<main.rpyeffect:48([k@[k@[k@[k@[#82]#84]#87]#92]#97])>+4: {"op": "Const". "type": "num". "out": 3. "value": 503}')
debug_merge_point(0, 0, '48<main.rpyeffect:48([k@[k@[k@[k@[#82]#84]#87]#92]#97])>+5: {"op": "Push". "target": 47. "args": {"num": [2. 0]. "ptr": []}}')
debug_merge_point(0, 0, '48<main.rpyeffect:48([k@[k@[k@[k@[#82]#84]#87]#92]#97])>+6: {"op": "Copy". "type": "num". "from": 3. "to". 0}')
debug_merge_point(0, 0, '48<main.rpyeffect:48([k@[k@[k@[k@[#82]#84]#87]#92]#97])>+7: {"op": "Jump". "target": 7}')
debug_merge_point(0, 0, '7<main.rpyeffect:7(Name(infixMul98))>+0: {"op": "PrimOp". "name": "infixMul(Int. Int): Int". "out": {"num": [0]. "ptr": []}. "in": {"num": [0. 1]. "ptr": []}}')
+512: i65 = int_mul(503, i54)
debug_merge_point(0, 0, '7<main.rpyeffect:7(Name(infixMul98))>+1: {"op": "Return". "args": {"num": [0]. "ptr": []}}')
debug_merge_point(0, 0, '47<main.rpyeffect:47([k@[k@[k@[k@[k@[#82]#84]#87]#92]#97]#119])>+0: {"op": "Push". "target": 46. "args": {"num": [2]. "ptr": []}}')
debug_merge_point(0, 0, '47<main.rpyeffect:47([k@[k@[k@[k@[k@[#82]#84]#87]#92]#97]#119])>+1: {"op": "Swap". "type": "num". "a": 1. "b". 0}')
debug_merge_point(0, 0, '47<main.rpyeffect:47([k@[k@[k@[k@[k@[#82]#84]#87]#92]#97]#119])>+2: {"op": "Jump". "target": 8}')
debug_merge_point(0, 0, '8<main.rpyeffect:8(Name(infixSub104))>+0: {"op": "PrimOp". "name": "infixSub(Int. Int): Int". "out": {"num": [0]. "ptr": []}. "in": {"num": [0. 1]. "ptr": []}}')
+520: i66 = int_sub(i55, i65)
debug_merge_point(0, 0, '8<main.rpyeffect:8(Name(infixSub104))>+1: {"op": "Return". "args": {"num": [0]. "ptr": []}}')
debug_merge_point(0, 0, '46<main.rpyeffect:46([#122])>+0: {"op": "Const". "type": "num". "out": 2. "value": 37}')
debug_merge_point(0, 0, '46<main.rpyeffect:46([#122])>+1: {"op": "Push". "target": 45. "args": {"num": [1]. "ptr": []}}')
debug_merge_point(0, 0, '46<main.rpyeffect:46([#122])>+2: {"op": "Copy". "type": "num". "from": 2. "to". 1}')
debug_merge_point(0, 0, '46<main.rpyeffect:46([#122])>+3: {"op": "Jump". "target": 6}')
debug_merge_point(0, 0, '6<main.rpyeffect:6(Name(infixAdd95))>+0: {"op": "PrimOp". "name": "infixAdd(Int. Int): Int". "out": {"num": [0]. "ptr": []}. "in": {"num": [0. 1]. "ptr": []}}')
+524: i68 = int_add(i66, 37)
debug_merge_point(0, 0, '6<main.rpyeffect:6(Name(infixAdd95))>+1: {"op": "Return". "args": {"num": [0]. "ptr": []}}')
debug_merge_point(0, 0, '45<main.rpyeffect:45([k@[#122]#127])>+0: {"op": "Swap". "type": "num". "a": 1. "b". 0}')
debug_merge_point(0, 0, '45<main.rpyeffect:45([k@[#122]#127])>+1: {"op": "Jump". "target": 8}')
debug_merge_point(0, 0, '8<main.rpyeffect:8(Name(infixSub104))>+0: {"op": "PrimOp". "name": "infixSub(Int. Int): Int". "out": {"num": [0]. "ptr": []}. "in": {"num": [0. 1]. "ptr": []}}')
+528: i69 = int_neg(i68)
debug_merge_point(0, 0, '8<main.rpyeffect:8(Name(infixSub104))>+1: {"op": "Return". "args": {"num": [0]. "ptr": []}}')
debug_merge_point(0, 0, '41<main.rpyeffect:41([k@[k@[k@[k@[k@[#82]#84]#87]#92]#97]#100])>+0: {"op": "Const". "type": "num". "out": 1. "value": 1009}')
debug_merge_point(0, 0, '41<main.rpyeffect:41([k@[k@[k@[k@[k@[#82]#84]#87]#92]#97]#100])>+1: {"op": "Jump". "target": 9}')
+532: guard_nonnull(p57, descr=<Guard0x1403edca0>) [p2, i54, i55, i56, p16, p18, p20, p22, p24, p0, p3, p4, p57]
+540: i70 = getfield_gc_i(p57, descr=<FieldS rpyeffect.stored_environment.Stack__arb_arb.inst_target 16 pure>)
+544: guard_value(i70, 52, descr=<Guard0x1403edce0>) [p2, i54, i55, i56, p16, p18, p20, p22, p24, p0, p3, p4, p57]
debug_merge_point(0, 0, '9<main.rpyeffect:9(Name(mod107))>+0: {"op": "PrimOp". "name": "mod(Int. Int): Int". "out": {"num": [0]. "ptr": []}. "in": {"num": [0. 1]. "ptr": []}}')
+556: i73 = int_rshift(i69, 63)
+564: i74 = int_xor(i69, i73)
+568: i76 = uint_mul_high(i74, -9086255505087856445)
+588: i78 = uint_rshift(i76, 9)
+596: i79 = int_xor(i78, i73)
+600: i81 = int_mul(i79, 1009)
+608: i82 = int_sub(i69, i81)
debug_merge_point(0, 0, '9<main.rpyeffect:9(Name(mod107))>+1: {"op": "Return". "args": {"num": [0]. "ptr": []}}')
+612: i83 = getfield_gc_i(p57, descr=<FieldS rpyeffect.stored_environment.Stack__2_0.inst_values_num_0 40 pure>)
+616: i84 = getfield_gc_i(p57, descr=<FieldS rpyeffect.stored_environment.Stack__2_0.inst_values_num_1 48 pure>)
+620: p85 = getfield_gc_r(p57, descr=<FieldP rpyeffect.stored_environment.Stack__arb_arb.inst_tail 8 pure>)
debug_merge_point(0, 0, '52<main.rpyeffect:52([#82])>+0: {"op": "Push". "target": 51. "args": {"num": [1. 0]. "ptr": []}}')
debug_merge_point(0, 0, '52<main.rpyeffect:52([#82])>+1: {"op": "Copy". "type": "num". "from": 0. "to". 1}')
+624: jump(p0, p85, i83, i82, p2, p3, p4, i84, p16, p18, p20, p22, p24, descr=TargetToken(5372840000))
+640: --end of the loop--
[63f778] jit-log-opt-loop}
[6a13c3] {jit-log-opt-loop
# Loop 3 (7<main.rpyeffect:7(Name(infixMul98))>+0: {"op": "PrimOp", "name": "infixMul(Int, Int): Int", "out": {"num": [0], "ptr": []}, "in": {"num": [0, 1], "ptr": []}}) : entry bridge with 87 ops
[p0, p1, p2, p3, p4]
+200: p5 = getfield_gc_r(p2, descr=<FieldP rpyeffect.environment.Environment.inst_values_num 16>)
+208: i7 = getarrayitem_gc_i(p5, 0, descr=<ArrayS 8>)
+212: i9 = getarrayitem_gc_i(p5, 1, descr=<ArrayS 8>)
+216: i11 = getarrayitem_gc_i(p5, 2, descr=<ArrayS 8>)
+220: i13 = getarrayitem_gc_i(p5, 3, descr=<ArrayS 8>)
+224: p14 = getfield_gc_r(p2, descr=<FieldP rpyeffect.environment.Environment.inst_values_ptr 24>)
+228: p16 = getarrayitem_gc_r(p14, 0, descr=<ArrayP 8>)
+232: p18 = getarrayitem_gc_r(p14, 1, descr=<ArrayP 8>)
+236: p20 = getarrayitem_gc_r(p14, 2, descr=<ArrayP 8>)
+240: p22 = getarrayitem_gc_r(p14, 3, descr=<ArrayP 8>)
+244: p24 = getarrayitem_gc_r(p14, 4, descr=<ArrayP 8>)
debug_merge_point(0, 0, '7<main.rpyeffect:7(Name(infixMul98))>+0: {"op": "PrimOp". "name": "infixMul(Int. Int): Int". "out": {"num": [0]. "ptr": []}. "in": {"num": [0. 1]. "ptr": []}}')
+248: guard_not_invalidated(descr=<Guard0x1403f2860>) [p2, i7, i9, i11, i13, p16, p18, p20, p22, p24, p0, p1, p3, p4]
+252: i25 = int_mul(i7, i9)
debug_merge_point(0, 0, '7<main.rpyeffect:7(Name(infixMul98))>+1: {"op": "Return". "args": {"num": [0]. "ptr": []}}')
+256: guard_nonnull(p1, descr=<Guard0x1403edd20>) [p2, i7, i9, i11, i13, p16, p18, p20, p22, p24, p0, p1, p3, p4]
+268: i26 = getfield_gc_i(p1, descr=<FieldS rpyeffect.stored_environment.Stack__arb_arb.inst_target 16 pure>)
+276: guard_value(i26, 51, descr=<Guard0x1403edd60>) [p2, i7, i9, i11, i13, p16, p18, p20, p22, p24, p0, p1, p3, p4]
+288: i28 = getfield_gc_i(p1, descr=<FieldS rpyeffect.stored_environment.Stack__2_0.inst_values_num_0 40 pure>)
+292: i29 = getfield_gc_i(p1, descr=<FieldS rpyeffect.stored_environment.Stack__2_0.inst_values_num_1 48 pure>)
+296: p30 = getfield_gc_r(p1, descr=<FieldP rpyeffect.stored_environment.Stack__arb_arb.inst_tail 8 pure>)
debug_merge_point(0, 0, '51<main.rpyeffect:51([k@[#82]#84])>+0: {"op": "Push". "target": 50. "args": {"num": [1. 2]. "ptr": []}}')
debug_merge_point(0, 0, '51<main.rpyeffect:51([k@[#82]#84])>+1: {"op": "Swap". "type": "num". "a": 1. "b". 0}')
debug_merge_point(0, 0, '51<main.rpyeffect:51([k@[#82]#84])>+2: {"op": "Jump". "target": 8}')
debug_merge_point(0, 0, '8<main.rpyeffect:8(Name(infixSub104))>+0: {"op": "PrimOp". "name": "infixSub(Int. Int): Int". "out": {"num": [0]. "ptr": []}. "in": {"num": [0. 1]. "ptr": []}}')
+300: i31 = int_sub(i28, i25)
debug_merge_point(0, 0, '8<main.rpyeffect:8(Name(infixSub104))>+1: {"op": "Return". "args": {"num": [0]. "ptr": []}}')
debug_merge_point(0, 0, '50<main.rpyeffect:50([k@[k@[#82]#84]#87])>+0: {"op": "Const". "type": "num". "out": 3. "value": 37}')
debug_merge_point(0, 0, '50<main.rpyeffect:50([k@[k@[#82]#84]#87])>+1: {"op": "Push". "target": 49. "args": {"num": [1. 2]. "ptr": []}}')
debug_merge_point(0, 0, '50<main.rpyeffect:50([k@[k@[#82]#84]#87])>+2: {"op": "Copy". "type": "num". "from": 3. "to". 1}')
debug_merge_point(0, 0, '50<main.rpyeffect:50([k@[k@[#82]#84]#87])>+3: {"op": "Jump". "target": 6}')
debug_merge_point(0, 0, '6<main.rpyeffect:6(Name(infixAdd95))>+0: {"op": "PrimOp". "name": "infixAdd(Int. Int): Int". "out": {"num": [0]. "ptr": []}. "in": {"num": [0. 1]. "ptr": []}}')
+304: i33 = int_add(i31, 37)
debug_merge_point(0, 0, '6<main.rpyeffect:6(Name(infixAdd95))>+1: {"op": "Return". "args": {"num": [0]. "ptr": []}}')
debug_merge_point(0, 0, '49<main.rpyeffect:49([k@[k@[k@[#82]#84]#87]#92])>+0: {"op": "Const". "type": "num". "out": 3. "value": 0}')
debug_merge_point(0, 0, '49<main.rpyeffect:49([k@[k@[k@[#82]#84]#87]#92])>+1: {"op": "Push". "target": 48. "args": {"num": [1. 2]. "ptr": []}}')
debug_merge_point(0, 0, '49<main.rpyeffect:49([k@[k@[k@[#82]#84]#87]#92])>+2: {"op": "Copy". "type": "num". "from": 3. "to". 1}')
debug_merge_point(0, 0, '49<main.rpyeffect:49([k@[k@[k@[#82]#84]#87]#92])>+3: {"op": "Jump". "target": 10}')
debug_merge_point(0, 0, '10<main.rpyeffect:10(Name(infixLt168))>+0: {"op": "PrimOp". "name": "infixLt(Int. Int): Boolean". "out": {"num": [0]. "ptr": []}. "in": {"num": [0. 1]. "ptr": []}}')
+308: i35 = int_lt(i33, 0)
guard_false(i35, descr=<Guard0x1403edda0>) [p2, i7, i9, i11, i13, p16, p18, p20, p22, p24, p0, p1, p3, p4]
debug_merge_point(0, 0, '10<main.rpyeffect:10(Name(infixLt168))>+1: {"op": "Return". "args": {"num": [0]. "ptr": []}}')
debug_merge_point(0, 0, '48<main.rpyeffect:48([k@[k@[k@[k@[#82]#84]#87]#92]#97])>+0: {"op": "Push". "target": 41. "args": {"num": []. "ptr": []}}')
debug_merge_point(0, 0, '48<main.rpyeffect:48([k@[k@[k@[k@[#82]#84]#87]#92]#97])>+1: {"op": "Swap". "type": "num". "a": 2. "b". 1}')
debug_merge_point(0, 0, '48<main.rpyeffect:48([k@[k@[k@[k@[#82]#84]#87]#92]#97])>+2: {"op": "IfZero". "cond": 0. "then": {"tag": null. "target": 44. "args": {"num": []. "ptr": []}}}')
debug_merge_point(0, 0, '44<main.rpyeffect:44([then#103])>+0: {"op": "Const". "type": "num". "out": 0. "value": 503}')
debug_merge_point(0, 0, '44<main.rpyeffect:44([then#103])>+1: {"op": "Push". "target": 43. "args": {"num": [2]. "ptr": []}}')
debug_merge_point(0, 0, '44<main.rpyeffect:44([then#103])>+2: {"op": "Jump". "target": 7}')
debug_merge_point(0, 0, '7<main.rpyeffect:7(Name(infixMul98))>+0: {"op": "PrimOp". "name": "infixMul(Int. Int): Int". "out": {"num": [0]. "ptr": []}. "in": {"num": [0. 1]. "ptr": []}}')
+316: i37 = int_mul(503, i29)
debug_merge_point(0, 0, '7<main.rpyeffect:7(Name(infixMul98))>+1: {"op": "Return". "args": {"num": [0]. "ptr": []}}')
debug_merge_point(0, 0, '43<main.rpyeffect:43([k@[then#103]#107])>+0: {"op": "Push". "target": 42. "args": {"num": []. "ptr": []}}')
debug_merge_point(0, 0, '43<main.rpyeffect:43([k@[then#103]#107])>+1: {"op": "Swap". "type": "num". "a": 1. "b". 0}')
debug_merge_point(0, 0, '43<main.rpyeffect:43([k@[then#103]#107])>+2: {"op": "Jump". "target": 8}')
debug_merge_point(0, 0, '8<main.rpyeffect:8(Name(infixSub104))>+0: {"op": "PrimOp". "name": "infixSub(Int. Int): Int". "out": {"num": [0]. "ptr": []}. "in": {"num": [0. 1]. "ptr": []}}')
+324: i38 = int_sub(i28, i37)
debug_merge_point(0, 0, '8<main.rpyeffect:8(Name(infixSub104))>+1: {"op": "Return". "args": {"num": [0]. "ptr": []}}')
debug_merge_point(0, 0, '42<main.rpyeffect:42([k@[k@[then#103]#107]#110])>+0: {"op": "Const". "type": "num". "out": 1. "value": 37}')
debug_merge_point(0, 0, '42<main.rpyeffect:42([k@[k@[then#103]#107]#110])>+1: {"op": "Jump". "target": 6}')
debug_merge_point(0, 0, '6<main.rpyeffect:6(Name(infixAdd95))>+0: {"op": "PrimOp". "name": "infixAdd(Int. Int): Int". "out": {"num": [0]. "ptr": []}. "in": {"num": [0. 1]. "ptr": []}}')
+328: i40 = int_add(i38, 37)
debug_merge_point(0, 0, '6<main.rpyeffect:6(Name(infixAdd95))>+1: {"op": "Return". "args": {"num": [0]. "ptr": []}}')
debug_merge_point(0, 0, '41<main.rpyeffect:41([k@[k@[k@[k@[k@[#82]#84]#87]#92]#97]#100])>+0: {"op": "Const". "type": "num". "out": 1. "value": 1009}')
debug_merge_point(0, 0, '41<main.rpyeffect:41([k@[k@[k@[k@[k@[#82]#84]#87]#92]#97]#100])>+1: {"op": "Jump". "target": 9}')
+332: guard_nonnull(p30, descr=<Guard0x1403edde0>) [p2, i7, i9, i11, i13, p16, p18, p20, p22, p24, p0, p1, p3, p4]
+340: i41 = getfield_gc_i(p30, descr=<FieldS rpyeffect.stored_environment.Stack__arb_arb.inst_target 16 pure>)
+344: guard_value(i41, 52, descr=<Guard0x1403ede20>) [p2, i7, i9, i11, i13, p16, p18, p20, p22, p24, p0, p1, p3, p4]
debug_merge_point(0, 0, '9<main.rpyeffect:9(Name(mod107))>+0: {"op": "PrimOp". "name": "mod(Int. Int): Int". "out": {"num": [0]. "ptr": []}. "in": {"num": [0. 1]. "ptr": []}}')
+356: i44 = int_rshift(i40, 63)
+364: i45 = int_xor(i40, i44)
+368: i47 = uint_mul_high(i45, -9086255505087856445)
+388: i49 = uint_rshift(i47, 9)
+396: i50 = int_xor(i49, i44)
+400: i52 = int_mul(i50, 1009)
+408: i53 = int_sub(i40, i52)
debug_merge_point(0, 0, '9<main.rpyeffect:9(Name(mod107))>+1: {"op": "Return". "args": {"num": [0]. "ptr": []}}')
+412: i54 = getfield_gc_i(p30, descr=<FieldS rpyeffect.stored_environment.Stack__2_0.inst_values_num_0 40 pure>)
+416: i55 = getfield_gc_i(p30, descr=<FieldS rpyeffect.stored_environment.Stack__2_0.inst_values_num_1 48 pure>)
+420: p56 = getfield_gc_r(p30, descr=<FieldP rpyeffect.stored_environment.Stack__arb_arb.inst_tail 8 pure>)
debug_merge_point(0, 0, '52<main.rpyeffect:52([#82])>+0: {"op": "Push". "target": 51. "args": {"num": [1. 0]. "ptr": []}}')
debug_merge_point(0, 0, '52<main.rpyeffect:52([#82])>+1: {"op": "Copy". "type": "num". "from": 0. "to". 1}')
+424: p57 = new_with_vtable(descr=<SizeDescr 56>)
+532: setfield_gc(p57, 51, descr=<FieldS rpyeffect.stored_environment.Stack__arb_arb.inst_target 16 pure>)
+540: setfield_gc(p57, i54, descr=<FieldS rpyeffect.stored_environment.Stack__2_0.inst_values_num_0 40 pure>)
+544: setfield_gc(p57, i53, descr=<FieldS rpyeffect.stored_environment.Stack__2_0.inst_values_num_1 48 pure>)
+548: setfield_gc(p57, p56, descr=<FieldP rpyeffect.stored_environment.Stack__arb_arb.inst_tail 8 pure>)
+568: jump(p0, p57, p2, p3, p4, i53, i54, i55, 0, p16, p18, p20, p22, p24, descr=TargetToken(5372839920))
+696: --end of the loop--
[6bcd2b] jit-log-opt-loop}
[74495e] {jit-log-opt-bridge
# bridge out of Guard 0x1403edc60 with 72 ops
[p0, i1, i2, i3, p4, p5, p6, p7, p8, p9, p10, p11, p12]
+104: guard_not_invalidated(descr=<Guard0x1403f28b8>) [p0, i1, i2, i3, p4, p5, p6, p7, p8, p9, p10, p11, p12]
debug_merge_point(0, 0, '52<main.rpyeffect:52([#82])>+2: {"op": "Copy". "type": "num". "from": 2. "to". 0}')
debug_merge_point(0, 0, '52<main.rpyeffect:52([#82])>+3: {"op": "Jump". "target": 7}')
debug_merge_point(0, 0, '7<main.rpyeffect:7(Name(infixMul98))>+0: {"op": "PrimOp". "name": "infixMul(Int. Int): Int". "out": {"num": [0]. "ptr": []}. "in": {"num": [0. 1]. "ptr": []}}')
+108: i13 = int_mul(i3, i1)
debug_merge_point(0, 0, '7<main.rpyeffect:7(Name(infixMul98))>+1: {"op": "Return". "args": {"num": [0]. "ptr": []}}')
debug_merge_point(0, 0, '51<main.rpyeffect:51([k@[#82]#84])>+0: {"op": "Push". "target": 50. "args": {"num": [1. 2]. "ptr": []}}')
debug_merge_point(0, 0, '51<main.rpyeffect:51([k@[#82]#84])>+1: {"op": "Swap". "type": "num". "a": 1. "b". 0}')
debug_merge_point(0, 0, '51<main.rpyeffect:51([k@[#82]#84])>+2: {"op": "Jump". "target": 8}')
debug_merge_point(0, 0, '8<main.rpyeffect:8(Name(infixSub104))>+0: {"op": "PrimOp". "name": "infixSub(Int. Int): Int". "out": {"num": [0]. "ptr": []}. "in": {"num": [0. 1]. "ptr": []}}')
+112: i14 = int_sub(i2, i13)
debug_merge_point(0, 0, '8<main.rpyeffect:8(Name(infixSub104))>+1: {"op": "Return". "args": {"num": [0]. "ptr": []}}')
debug_merge_point(0, 0, '50<main.rpyeffect:50([k@[k@[#82]#84]#87])>+0: {"op": "Const". "type": "num". "out": 3. "value": 37}')
debug_merge_point(0, 0, '50<main.rpyeffect:50([k@[k@[#82]#84]#87])>+1: {"op": "Push". "target": 49. "args": {"num": [1. 2]. "ptr": []}}')
debug_merge_point(0, 0, '50<main.rpyeffect:50([k@[k@[#82]#84]#87])>+2: {"op": "Copy". "type": "num". "from": 3. "to". 1}')
debug_merge_point(0, 0, '50<main.rpyeffect:50([k@[k@[#82]#84]#87])>+3: {"op": "Jump". "target": 6}')
debug_merge_point(0, 0, '6<main.rpyeffect:6(Name(infixAdd95))>+0: {"op": "PrimOp". "name": "infixAdd(Int. Int): Int". "out": {"num": [0]. "ptr": []}. "in": {"num": [0. 1]. "ptr": []}}')
+116: i16 = int_add(i14, 37)
debug_merge_point(0, 0, '6<main.rpyeffect:6(Name(infixAdd95))>+1: {"op": "Return". "args": {"num": [0]. "ptr": []}}')
debug_merge_point(0, 0, '49<main.rpyeffect:49([k@[k@[k@[#82]#84]#87]#92])>+0: {"op": "Const". "type": "num". "out": 3. "value": 0}')
debug_merge_point(0, 0, '49<main.rpyeffect:49([k@[k@[k@[#82]#84]#87]#92])>+1: {"op": "Push". "target": 48. "args": {"num": [1. 2]. "ptr": []}}')
debug_merge_point(0, 0, '49<main.rpyeffect:49([k@[k@[k@[#82]#84]#87]#92])>+2: {"op": "Copy". "type": "num". "from": 3. "to". 1}')
debug_merge_point(0, 0, '49<main.rpyeffect:49([k@[k@[k@[#82]#84]#87]#92])>+3: {"op": "Jump". "target": 10}')
debug_merge_point(0, 0, '10<main.rpyeffect:10(Name(infixLt168))>+0: {"op": "PrimOp". "name": "infixLt(Int. Int): Boolean". "out": {"num": [0]. "ptr": []}. "in": {"num": [0. 1]. "ptr": []}}')
+120: i18 = int_lt(i16, 0)
guard_false(i18, descr=<Guard0x1404e68e0>) [p0, i1, i2, i3, p4, p5, p6, p7, p8, p9, p10, p11, p12]
debug_merge_point(0, 0, '10<main.rpyeffect:10(Name(infixLt168))>+1: {"op": "Return". "args": {"num": [0]. "ptr": []}}')
debug_merge_point(0, 0, '48<main.rpyeffect:48([k@[k@[k@[k@[#82]#84]#87]#92]#97])>+0: {"op": "Push". "target": 41. "args": {"num": []. "ptr": []}}')
debug_merge_point(0, 0, '48<main.rpyeffect:48([k@[k@[k@[k@[#82]#84]#87]#92]#97])>+1: {"op": "Swap". "type": "num". "a": 2. "b". 1}')
debug_merge_point(0, 0, '48<main.rpyeffect:48([k@[k@[k@[k@[#82]#84]#87]#92]#97])>+2: {"op": "IfZero". "cond": 0. "then": {"tag": null. "target": 44. "args": {"num": []. "ptr": []}}}')
debug_merge_point(0, 0, '44<main.rpyeffect:44([then#103])>+0: {"op": "Const". "type": "num". "out": 0. "value": 503}')
debug_merge_point(0, 0, '44<main.rpyeffect:44([then#103])>+1: {"op": "Push". "target": 43. "args": {"num": [2]. "ptr": []}}')
debug_merge_point(0, 0, '44<main.rpyeffect:44([then#103])>+2: {"op": "Jump". "target": 7}')
debug_merge_point(0, 0, '7<main.rpyeffect:7(Name(infixMul98))>+0: {"op": "PrimOp". "name": "infixMul(Int. Int): Int". "out": {"num": [0]. "ptr": []}. "in": {"num": [0. 1]. "ptr": []}}')
+128: i20 = int_mul(503, i1)
debug_merge_point(0, 0, '7<main.rpyeffect:7(Name(infixMul98))>+1: {"op": "Return". "args": {"num": [0]. "ptr": []}}')
debug_merge_point(0, 0, '43<main.rpyeffect:43([k@[then#103]#107])>+0: {"op": "Push". "target": 42. "args": {"num": []. "ptr": []}}')
debug_merge_point(0, 0, '43<main.rpyeffect:43([k@[then#103]#107])>+1: {"op": "Swap". "type": "num". "a": 1. "b". 0}')
debug_merge_point(0, 0, '43<main.rpyeffect:43([k@[then#103]#107])>+2: {"op": "Jump". "target": 8}')
debug_merge_point(0, 0, '8<main.rpyeffect:8(Name(infixSub104))>+0: {"op": "PrimOp". "name": "infixSub(Int. Int): Int". "out": {"num": [0]. "ptr": []}. "in": {"num": [0. 1]. "ptr": []}}')
+136: i21 = int_sub(i2, i20)
debug_merge_point(0, 0, '8<main.rpyeffect:8(Name(infixSub104))>+1: {"op": "Return". "args": {"num": [0]. "ptr": []}}')
debug_merge_point(0, 0, '42<main.rpyeffect:42([k@[k@[then#103]#107]#110])>+0: {"op": "Const". "type": "num". "out": 1. "value": 37}')
debug_merge_point(0, 0, '42<main.rpyeffect:42([k@[k@[then#103]#107]#110])>+1: {"op": "Jump". "target": 6}')
debug_merge_point(0, 0, '6<main.rpyeffect:6(Name(infixAdd95))>+0: {"op": "PrimOp". "name": "infixAdd(Int. Int): Int". "out": {"num": [0]. "ptr": []}. "in": {"num": [0. 1]. "ptr": []}}')
+140: i23 = int_add(i21, 37)
debug_merge_point(0, 0, '6<main.rpyeffect:6(Name(infixAdd95))>+1: {"op": "Return". "args": {"num": [0]. "ptr": []}}')
debug_merge_point(0, 0, '41<main.rpyeffect:41([k@[k@[k@[k@[k@[#82]#84]#87]#92]#97]#100])>+0: {"op": "Const". "type": "num". "out": 1. "value": 1009}')
debug_merge_point(0, 0, '41<main.rpyeffect:41([k@[k@[k@[k@[k@[#82]#84]#87]#92]#97]#100])>+1: {"op": "Jump". "target": 9}')
+144: guard_nonnull(p12, descr=<Guard0x1404e6920>) [p0, i1, i2, i3, p4, p5, p6, p7, p8, p9, p10, p11, p12]
+152: i24 = getfield_gc_i(p12, descr=<FieldS rpyeffect.stored_environment.Stack__arb_arb.inst_target 16 pure>)
+156: guard_value(i24, 52, descr=<Guard0x1404e6960>) [p0, i1, i2, i3, p4, p5, p6, p7, p8, p9, p10, p11, p12]
debug_merge_point(0, 0, '9<main.rpyeffect:9(Name(mod107))>+0: {"op": "PrimOp". "name": "mod(Int. Int): Int". "out": {"num": [0]. "ptr": []}. "in": {"num": [0. 1]. "ptr": []}}')
+168: i27 = int_rshift(i23, 63)
+176: i28 = int_xor(i23, i27)
+180: i30 = uint_mul_high(i28, -9086255505087856445)
+200: i32 = uint_rshift(i30, 9)
+208: i33 = int_xor(i32, i27)
+212: i35 = int_mul(i33, 1009)
+220: i36 = int_sub(i23, i35)
debug_merge_point(0, 0, '9<main.rpyeffect:9(Name(mod107))>+1: {"op": "Return". "args": {"num": [0]. "ptr": []}}')
+224: i37 = getfield_gc_i(p12, descr=<FieldS rpyeffect.stored_environment.Stack__2_0.inst_values_num_0 40 pure>)
+228: i38 = getfield_gc_i(p12, descr=<FieldS rpyeffect.stored_environment.Stack__2_0.inst_values_num_1 48 pure>)
+232: p39 = getfield_gc_r(p12, descr=<FieldP rpyeffect.stored_environment.Stack__arb_arb.inst_tail 8 pure>)
debug_merge_point(0, 0, '52<main.rpyeffect:52([#82])>+0: {"op": "Push". "target": 51. "args": {"num": [1. 0]. "ptr": []}}')
debug_merge_point(0, 0, '52<main.rpyeffect:52([#82])>+1: {"op": "Copy". "type": "num". "from": 0. "to". 1}')
+236: p40 = new_with_vtable(descr=<SizeDescr 56>)
+340: setfield_gc(p40, 51, descr=<FieldS rpyeffect.stored_environment.Stack__arb_arb.inst_target 16 pure>)
+348: setfield_gc(p40, i37, descr=<FieldS rpyeffect.stored_environment.Stack__2_0.inst_values_num_0 40 pure>)
+352: setfield_gc(p40, i36, descr=<FieldS rpyeffect.stored_environment.Stack__2_0.inst_values_num_1 48 pure>)
+356: setfield_gc(p40, p39, descr=<FieldP rpyeffect.stored_environment.Stack__arb_arb.inst_tail 8 pure>)
+376: jump(p9, p40, p0, p10, p11, i36, i37, i38, 0, p4, p5, p6, p7, p8, descr=TargetToken(5372839920))
+420: --end of the loop--
[74ec21] jit-log-opt-bridge}
[d78cfd] {jit-log-opt-loop
# Loop 5 (51<main.rpyeffect:51([k@[#82]#84])>+1: {"op": "Swap", "type": "num", "a": 1, "b", 0}) : entry bridge with 152 ops
[p0, p1, p2, p3, p4]
+264: p5 = getfield_gc_r(p2, descr=<FieldP rpyeffect.environment.Environment.inst_values_num 16>)
+272: i7 = getarrayitem_gc_i(p5, 0, descr=<ArrayS 8>)
+276: i9 = getarrayitem_gc_i(p5, 1, descr=<ArrayS 8>)
+280: i11 = getarrayitem_gc_i(p5, 2, descr=<ArrayS 8>)
+284: i13 = getarrayitem_gc_i(p5, 3, descr=<ArrayS 8>)
+288: p14 = getfield_gc_r(p2, descr=<FieldP rpyeffect.environment.Environment.inst_values_ptr 24>)
+292: p16 = getarrayitem_gc_r(p14, 0, descr=<ArrayP 8>)
+296: p18 = getarrayitem_gc_r(p14, 1, descr=<ArrayP 8>)
+300: p20 = getarrayitem_gc_r(p14, 2, descr=<ArrayP 8>)
+304: p22 = getarrayitem_gc_r(p14, 3, descr=<ArrayP 8>)
+308: p24 = getarrayitem_gc_r(p14, 4, descr=<ArrayP 8>)
debug_merge_point(0, 0, '51<main.rpyeffect:51([k@[#82]#84])>+1: {"op": "Swap". "type": "num". "a": 1. "b". 0}')
+312: guard_not_invalidated(descr=<Guard0x1403f2968>) [p2, i7, i9, i11, i13, p16, p18, p20, p22, p24, p0, p1, p3, p4]
debug_merge_point(0, 0, '51<main.rpyeffect:51([k@[#82]#84])>+2: {"op": "Jump". "target": 8}')
+316: guard_nonnull(p1, descr=<Guard0x1404e7960>) [p2, i7, i9, i11, i13, p16, p18, p20, p22, p24, p0, p1, p3, p4]
+328: i25 = getfield_gc_i(p1, descr=<FieldS rpyeffect.stored_environment.Stack__arb_arb.inst_target 16 pure>)
+336: guard_value(i25, 50, descr=<Guard0x1404e7920>) [p2, i7, i9, i11, i13, p16, p18, p20, p22, p24, p0, p1, p3, p4]
debug_merge_point(0, 0, '8<main.rpyeffect:8(Name(infixSub104))>+0: {"op": "PrimOp". "name": "infixSub(Int. Int): Int". "out": {"num": [0]. "ptr": []}. "in": {"num": [0. 1]. "ptr": []}}')
+348: i27 = int_sub(i9, i7)
debug_merge_point(0, 0, '8<main.rpyeffect:8(Name(infixSub104))>+1: {"op": "Return". "args": {"num": [0]. "ptr": []}}')
+352: i28 = getfield_gc_i(p1, descr=<FieldS rpyeffect.stored_environment.Stack__2_0.inst_values_num_0 40 pure>)
+356: i29 = getfield_gc_i(p1, descr=<FieldS rpyeffect.stored_environment.Stack__2_0.inst_values_num_1 48 pure>)
+360: p30 = getfield_gc_r(p1, descr=<FieldP rpyeffect.stored_environment.Stack__arb_arb.inst_tail 8 pure>)
debug_merge_point(0, 0, '50<main.rpyeffect:50([k@[k@[#82]#84]#87])>+0: {"op": "Const". "type": "num". "out": 3. "value": 37}')
debug_merge_point(0, 0, '50<main.rpyeffect:50([k@[k@[#82]#84]#87])>+1: {"op": "Push". "target": 49. "args": {"num": [1. 2]. "ptr": []}}')
debug_merge_point(0, 0, '50<main.rpyeffect:50([k@[k@[#82]#84]#87])>+2: {"op": "Copy". "type": "num". "from": 3. "to". 1}')
debug_merge_point(0, 0, '50<main.rpyeffect:50([k@[k@[#82]#84]#87])>+3: {"op": "Jump". "target": 6}')
debug_merge_point(0, 0, '6<main.rpyeffect:6(Name(infixAdd95))>+0: {"op": "PrimOp". "name": "infixAdd(Int. Int): Int". "out": {"num": [0]. "ptr": []}. "in": {"num": [0. 1]. "ptr": []}}')
+364: i32 = int_add(i27, 37)
debug_merge_point(0, 0, '6<main.rpyeffect:6(Name(infixAdd95))>+1: {"op": "Return". "args": {"num": [0]. "ptr": []}}')
debug_merge_point(0, 0, '49<main.rpyeffect:49([k@[k@[k@[#82]#84]#87]#92])>+0: {"op": "Const". "type": "num". "out": 3. "value": 0}')
debug_merge_point(0, 0, '49<main.rpyeffect:49([k@[k@[k@[#82]#84]#87]#92])>+1: {"op": "Push". "target": 48. "args": {"num": [1. 2]. "ptr": []}}')
debug_merge_point(0, 0, '49<main.rpyeffect:49([k@[k@[k@[#82]#84]#87]#92])>+2: {"op": "Copy". "type": "num". "from": 3. "to". 1}')
debug_merge_point(0, 0, '49<main.rpyeffect:49([k@[k@[k@[#82]#84]#87]#92])>+3: {"op": "Jump". "target": 10}')
debug_merge_point(0, 0, '10<main.rpyeffect:10(Name(infixLt168))>+0: {"op": "PrimOp". "name": "infixLt(Int. Int): Boolean". "out": {"num": [0]. "ptr": []}. "in": {"num": [0. 1]. "ptr": []}}')
+368: i34 = int_lt(i32, 0)
guard_true(i34, descr=<Guard0x1404e78e0>) [p2, i7, i9, i11, i13, p16, p18, p20, p22, p24, p0, p1, p3, p4]
debug_merge_point(0, 0, '10<main.rpyeffect:10(Name(infixLt168))>+1: {"op": "Return". "args": {"num": [0]. "ptr": []}}')
debug_merge_point(0, 0, '48<main.rpyeffect:48([k@[k@[k@[k@[#82]#84]#87]#92]#97])>+0: {"op": "Push". "target": 41. "args": {"num": []. "ptr": []}}')
debug_merge_point(0, 0, '48<main.rpyeffect:48([k@[k@[k@[k@[#82]#84]#87]#92]#97])>+1: {"op": "Swap". "type": "num". "a": 2. "b". 1}')
debug_merge_point(0, 0, '48<main.rpyeffect:48([k@[k@[k@[k@[#82]#84]#87]#92]#97])>+2: {"op": "IfZero". "cond": 0. "then": {"tag": null. "target": 44. "args": {"num": []. "ptr": []}}}')
debug_merge_point(0, 0, '48<main.rpyeffect:48([k@[k@[k@[k@[#82]#84]#87]#92]#97])>+3: {"op": "Const". "type": "num". "out": 0. "value": 0}')
debug_merge_point(0, 0, '48<main.rpyeffect:48([k@[k@[k@[k@[#82]#84]#87]#92]#97])>+4: {"op": "Const". "type": "num". "out": 3. "value": 503}')
debug_merge_point(0, 0, '48<main.rpyeffect:48([k@[k@[k@[k@[#82]#84]#87]#92]#97])>+5: {"op": "Push". "target": 47. "args": {"num": [2. 0]. "ptr": []}}')
debug_merge_point(0, 0, '48<main.rpyeffect:48([k@[k@[k@[k@[#82]#84]#87]#92]#97])>+6: {"op": "Copy". "type": "num". "from": 3. "to". 0}')
debug_merge_point(0, 0, '48<main.rpyeffect:48([k@[k@[k@[k@[#82]#84]#87]#92]#97])>+7: {"op": "Jump". "target": 7}')
debug_merge_point(0, 0, '7<main.rpyeffect:7(Name(infixMul98))>+0: {"op": "PrimOp". "name": "infixMul(Int. Int): Int". "out": {"num": [0]. "ptr": []}. "in": {"num": [0. 1]. "ptr": []}}')
+376: i36 = int_mul(503, i29)
debug_merge_point(0, 0, '7<main.rpyeffect:7(Name(infixMul98))>+1: {"op": "Return". "args": {"num": [0]. "ptr": []}}')
debug_merge_point(0, 0, '47<main.rpyeffect:47([k@[k@[k@[k@[k@[#82]#84]#87]#92]#97]#119])>+0: {"op": "Push". "target": 46. "args": {"num": [2]. "ptr": []}}')
debug_merge_point(0, 0, '47<main.rpyeffect:47([k@[k@[k@[k@[k@[#82]#84]#87]#92]#97]#119])>+1: {"op": "Swap". "type": "num". "a": 1. "b". 0}')
debug_merge_point(0, 0, '47<main.rpyeffect:47([k@[k@[k@[k@[k@[#82]#84]#87]#92]#97]#119])>+2: {"op": "Jump". "target": 8}')
debug_merge_point(0, 0, '8<main.rpyeffect:8(Name(infixSub104))>+0: {"op": "PrimOp". "name": "infixSub(Int. Int): Int". "out": {"num": [0]. "ptr": []}. "in": {"num": [0. 1]. "ptr": []}}')
+384: i37 = int_sub(i28, i36)
debug_merge_point(0, 0, '8<main.rpyeffect:8(Name(infixSub104))>+1: {"op": "Return". "args": {"num": [0]. "ptr": []}}')
debug_merge_point(0, 0, '46<main.rpyeffect:46([#122])>+0: {"op": "Const". "type": "num". "out": 2. "value": 37}')
debug_merge_point(0, 0, '46<main.rpyeffect:46([#122])>+1: {"op": "Push". "target": 45. "args": {"num": [1]. "ptr": []}}')
debug_merge_point(0, 0, '46<main.rpyeffect:46([#122])>+2: {"op": "Copy". "type": "num". "from": 2. "to". 1}')
debug_merge_point(0, 0, '46<main.rpyeffect:46([#122])>+3: {"op": "Jump". "target": 6}')
debug_merge_point(0, 0, '6<main.rpyeffect:6(Name(infixAdd95))>+0: {"op": "PrimOp". "name": "infixAdd(Int. Int): Int". "out": {"num": [0]. "ptr": []}. "in": {"num": [0. 1]. "ptr": []}}')
+388: i39 = int_add(i37, 37)
debug_merge_point(0, 0, '6<main.rpyeffect:6(Name(infixAdd95))>+1: {"op": "Return". "args": {"num": [0]. "ptr": []}}')
debug_merge_point(0, 0, '45<main.rpyeffect:45([k@[#122]#127])>+0: {"op": "Swap". "type": "num". "a": 1. "b". 0}')
debug_merge_point(0, 0, '45<main.rpyeffect:45([k@[#122]#127])>+1: {"op": "Jump". "target": 8}')
debug_merge_point(0, 0, '8<main.rpyeffect:8(Name(infixSub104))>+0: {"op": "PrimOp". "name": "infixSub(Int. Int): Int". "out": {"num": [0]. "ptr": []}. "in": {"num": [0. 1]. "ptr": []}}')
+392: i40 = int_neg(i39)
debug_merge_point(0, 0, '8<main.rpyeffect:8(Name(infixSub104))>+1: {"op": "Return". "args": {"num": [0]. "ptr": []}}')
debug_merge_point(0, 0, '41<main.rpyeffect:41([k@[k@[k@[k@[k@[#82]#84]#87]#92]#97]#100])>+0: {"op": "Const". "type": "num". "out": 1. "value": 1009}')
debug_merge_point(0, 0, '41<main.rpyeffect:41([k@[k@[k@[k@[k@[#82]#84]#87]#92]#97]#100])>+1: {"op": "Jump". "target": 9}')
+396: guard_nonnull(p30, descr=<Guard0x1404e78a0>) [p2, i7, i9, i11, i13, p16, p18, p20, p22, p24, p0, p1, p3, p4]
+404: i41 = getfield_gc_i(p30, descr=<FieldS rpyeffect.stored_environment.Stack__arb_arb.inst_target 16 pure>)
+408: guard_value(i41, 38, descr=<Guard0x1404e7860>) [p2, i7, i9, i11, i13, p16, p18, p20, p22, p24, p0, p1, p3, p4]
debug_merge_point(0, 0, '9<main.rpyeffect:9(Name(mod107))>+0: {"op": "PrimOp". "name": "mod(Int. Int): Int". "out": {"num": [0]. "ptr": []}. "in": {"num": [0. 1]. "ptr": []}}')
+420: i44 = int_rshift(i40, 63)
+428: i45 = int_xor(i40, i44)
+432: i47 = uint_mul_high(i45, -9086255505087856445)
+452: i49 = uint_rshift(i47, 9)
+460: i50 = int_xor(i49, i44)
+464: i52 = int_mul(i50, 1009)
+472: i53 = int_sub(i40, i52)
debug_merge_point(0, 0, '9<main.rpyeffect:9(Name(mod107))>+1: {"op": "Return". "args": {"num": [0]. "ptr": []}}')
+476: i54 = getfield_gc_i(p30, descr=<FieldS rpyeffect.stored_environment.Stack__2_0.inst_values_num_0 40 pure>)
+480: i55 = getfield_gc_i(p30, descr=<FieldS rpyeffect.stored_environment.Stack__2_0.inst_values_num_1 48 pure>)
+484: p56 = getfield_gc_r(p30, descr=<FieldP rpyeffect.stored_environment.Stack__arb_arb.inst_tail 8 pure>)
debug_merge_point(0, 0, '38<main.rpyeffect:38([k@[then#59]#62])>+0: {"op": "Const". "type": "num". "out": 3. "value": 1}')
debug_merge_point(0, 0, '38<main.rpyeffect:38([k@[then#59]#62])>+1: {"op": "Push". "target": 37. "args": {"num": [2. 0]. "ptr": []}}')
debug_merge_point(0, 0, '38<main.rpyeffect:38([k@[then#59]#62])>+2: {"op": "Copy". "type": "num". "from": 1. "to". 0}')
debug_merge_point(0, 0, '38<main.rpyeffect:38([k@[then#59]#62])>+3: {"op": "Copy". "type": "num". "from": 3. "to". 1}')
debug_merge_point(0, 0, '38<main.rpyeffect:38([k@[then#59]#62])>+4: {"op": "Jump". "target": 8}')
debug_merge_point(0, 0, '8<main.rpyeffect:8(Name(infixSub104))>+0: {"op": "PrimOp". "name": "infixSub(Int. Int): Int". "out": {"num": [0]. "ptr": []}. "in": {"num": [0. 1]. "ptr": []}}')
+488: i58 = int_sub(i54, 1)
debug_merge_point(0, 0, '8<main.rpyeffect:8(Name(infixSub104))>+1: {"op": "Return". "args": {"num": [0]. "ptr": []}}')
debug_merge_point(0, 0, '37<main.rpyeffect:37([k@[k@[then#59]#62]#66])>+0: {"op": "Swap". "type": "num". "a": 2. "b". 1}')
debug_merge_point(0, 0, '37<main.rpyeffect:37([k@[k@[then#59]#62]#66])>+1: {"op": "Jump". "target": 70}')
debug_merge_point(0, 0, '70<main.rpyeffect:70(Name(step23942))>+0: {"op": "Const". "type": "num". "out": 3. "value": 0}')
debug_merge_point(0, 0, '70<main.rpyeffect:70(Name(step23942))>+1: {"op": "Push". "target": 69. "args": {"num": [0. 2. 1]. "ptr": []}}')
debug_merge_point(0, 0, '70<main.rpyeffect:70(Name(step23942))>+2: {"op": "Copy". "type": "num". "from": 3. "to". 1}')
debug_merge_point(0, 0, '70<main.rpyeffect:70(Name(step23942))>+3: {"op": "Jump". "target": 4}')
debug_merge_point(0, 0, '4<main.rpyeffect:4(Name(infixEq71))>+0: {"op": "PrimOp". "name": "infixEq(Int. Int): Boolean". "out": {"num": [0]. "ptr": []}. "in": {"num": [0. 1]. "ptr": []}}')
+492: i60 = int_eq(i58, 0)
guard_false(i60, descr=<Guard0x1404e7820>) [p2, i7, i9, i11, i13, p16, p18, p20, p22, p24, p0, p1, p3, p4]
debug_merge_point(0, 0, '4<main.rpyeffect:4(Name(infixEq71))>+1: {"op": "Return". "args": {"num": [0]. "ptr": []}}')
debug_merge_point(0, 0, '69<main.rpyeffect:69([k@Name(step23942)#57])>+0: {"op": "Swap". "type": "num". "a": 1. "b". 0}')
debug_merge_point(0, 0, '69<main.rpyeffect:69([k@Name(step23942)#57])>+1: {"op": "Swap". "type": "num". "a": 2. "b". 0}')
debug_merge_point(0, 0, '69<main.rpyeffect:69([k@Name(step23942)#57])>+2: {"op": "IfZero". "cond": 1. "then": {"tag": null. "target": 68. "args": {"num": []. "ptr": []}}}')
+500: guard_nonnull(p56, descr=<Guard0x1404e77e0>) [p2, i7, i9, i11, i13, p16, p18, p20, p22, p24, p0, p1, p3, p4]
+508: i61 = getfield_gc_i(p56, descr=<FieldS rpyeffect.stored_environment.Stack__arb_arb.inst_target 16 pure>)
+512: guard_value(i61, 108, descr=<Guard0x1404e77a0>) [p2, i7, i9, i11, i13, p16, p18, p20, p22, p24, p0, p1, p3, p4]
debug_merge_point(0, 0, '68<main.rpyeffect:68([then#59])>+0: {"op": "PrimOp". "name": "freshlabel". "out": {"num": []. "ptr": [0]}. "in": {"num": []. "ptr": []}}')
debug_merge_point(0, 0, '68<main.rpyeffect:68([then#59])>+1: {"op": "Push". "target": 38. "args": {"num": [2. 0]. "ptr": []}}')
debug_merge_point(0, 0, '68<main.rpyeffect:68([then#59])>+2: {"op": "NewStack". "out": 1. "target": 39. "region": 2. "args": {"num": []. "ptr": []}. "label": 0}')
debug_merge_point(0, 0, '68<main.rpyeffect:68([then#59])>+3: {"op": "PushStack". "arg": 1}')
+524: guard_isnull(p4, descr=<Guard0x1404e7760>) [p2, i7, i9, i11, i13, p16, p18, p20, p22, p24, p0, p1, p3, p4]
debug_merge_point(0, 0, '68<main.rpyeffect:68([then#59])>+4: {"op": "New". "out": 0. "targets": [53. 67]. "args": {"num": []. "ptr": [0]}}')
debug_merge_point(0, 0, '68<main.rpyeffect:68([then#59])>+5: {"op": "Copy". "type": "num". "from": 3. "to". 1}')
debug_merge_point(0, 0, '68<main.rpyeffect:68([then#59])>+6: {"op": "Jump". "target": 35}')
debug_merge_point(0, 0, '35<main.rpyeffect:35(Name(loop2636))>+0: {"op": "Const". "type": "num". "out": 2. "value": 0}')
debug_merge_point(0, 0, '35<main.rpyeffect:35(Name(loop2636))>+1: {"op": "Push". "target": 34. "args": {"num": [0. 1]. "ptr": [0]}}')
debug_merge_point(0, 0, '35<main.rpyeffect:35(Name(loop2636))>+2: {"op": "Copy". "type": "num". "from": 2. "to". 1}')
+536: p63 = new_with_vtable(descr=<SizeDescr 16>)
+644: p64 = new_with_vtable(descr=<SizeDescr 64>)
+656: p65 = new_with_vtable(descr=<SizeDescr 40>)
+668: setfield_gc(p65, ConstPtr(null), descr=<FieldP rpyeffect.stored_environment.Stack__arb_arb.inst_tail 8 pure>)
+676: setfield_gc(p65, 39, descr=<FieldS rpyeffect.stored_environment.Stack__arb_arb.inst_target 16 pure>)
+684: p68 = new_with_vtable(descr=<SizeDescr 40>)
+700: setfield_gc(p68, ConstPtr(ptr69), descr=<FieldP rpyeffect.stored_environment.CoData__arb_arb.inst_vtable 24 pure>)
+704: setfield_gc(p68, p63, descr=<FieldP rpyeffect.stored_environment.CoData__0_1.inst_values_ptr_0 32 pure>)
+708: p70 = new_with_vtable(descr=<SizeDescr 40>)
+720: p71 = new_with_vtable(descr=<SizeDescr 56>)
+732: setfield_gc(p71, p56, descr=<FieldP rpyeffect.stored_environment.Stack__arb_arb.inst_tail 8 pure>)
+736: setfield_gc(p71, 38, descr=<FieldS rpyeffect.stored_environment.Stack__arb_arb.inst_target 16 pure>)
+744: setfield_gc(p71, i58, descr=<FieldS rpyeffect.stored_environment.Stack__2_0.inst_values_num_0 40 pure>)
+748: setfield_gc(p71, i55, descr=<FieldS rpyeffect.stored_environment.Stack__2_0.inst_values_num_1 48 pure>)
+752: p73 = new_with_vtable(descr=<SizeDescr 40>)
+764: setfield_gc(p70, p71, descr=<FieldP rpyeffect.stack.MetaStackLike.inst_stack 8 pure>)
+768: setfield_gc(p70, p0, descr=<FieldP rpyeffect.stack.MetaStack.inst_label 16 pure>)
+776: p74 = new_with_vtable(descr=<SizeDescr 24>)
+792: setfield_gc(p74, ConstPtr(ptr75), descr=<FieldP rpyeffect.region.Region.inst_boxes 8 pure>)
+800: setfield_gc(p74, ConstPtr(ptr76), descr=<FieldP rpyeffect.region.Region.inst_refs 16>)
+804: setfield_gc(p70, ConstPtr(null), descr=<FieldP rpyeffect.stack.MetaStack.inst_region 24 pure>)
+812: setfield_gc(p70, p3, descr=<FieldP rpyeffect.stack.MetaStack.inst_tail 32 pure>)
+820: setfield_gc(p64, 34, descr=<FieldS rpyeffect.stored_environment.Stack__arb_arb.inst_target 16 pure>)
+828: setfield_gc(p64, p65, descr=<FieldP rpyeffect.stored_environment.Stack__arb_arb.inst_tail 8 pure>)
+832: setfield_gc(p63, 69632, descr=<FieldS rpyeffect.stack.Label.inst_origin 8 pure>)
+844: setfield_gc(p64, i55, descr=<FieldS rpyeffect.stored_environment.Stack__2_1.inst_values_num_0 40 pure>)
+848: setfield_gc(p64, i53, descr=<FieldS rpyeffect.stored_environment.Stack__2_1.inst_values_num_1 48 pure>)
+852: setfield_gc(p64, p68, descr=<FieldP rpyeffect.stored_environment.Stack__2_1.inst_values_ptr_0 56 pure>)
+856: setfield_gc(p73, p65, descr=<FieldP rpyeffect.stack.MetaStackLike.inst_stack 8 pure>)
+860: setfield_gc(p73, p63, descr=<FieldP rpyeffect.stack.MetaStack.inst_label 16 pure>)
+864: setfield_gc(p73, p74, descr=<FieldP rpyeffect.stack.MetaStack.inst_region 24 pure>)
+868: setfield_gc(p73, ConstPtr(null), descr=<FieldP rpyeffect.stack.MetaStack.inst_tail 32 pure>)
+940: jump(p63, p64, p2, p70, ConstPtr(null), i55, i53, 0, i53, p68, p73, p74, p22, p24, descr=TargetToken(5372839600))
+1080: --end of the loop--
[d937bf] jit-log-opt-loop}
[12dfd68] {jit-log-opt-loop
# Loop 6 (4<main.rpyeffect:4(Name(infixEq71))>+0: {"op": "PrimOp", "name": "infixEq(Int, Int): Boolean", "out": {"num": [0], "ptr": []}, "in": {"num": [0, 1], "ptr": []}}) : entry bridge with 70 ops
[p0, p1, p2, p3, p4]
+264: p5 = getfield_gc_r(p2, descr=<FieldP rpyeffect.environment.Environment.inst_values_num 16>)
+272: i7 = getarrayitem_gc_i(p5, 0, descr=<ArrayS 8>)
+276: i9 = getarrayitem_gc_i(p5, 1, descr=<ArrayS 8>)
+280: i11 = getarrayitem_gc_i(p5, 2, descr=<ArrayS 8>)
+284: i13 = getarrayitem_gc_i(p5, 3, descr=<ArrayS 8>)
+288: p14 = getfield_gc_r(p2, descr=<FieldP rpyeffect.environment.Environment.inst_values_ptr 24>)
+292: p16 = getarrayitem_gc_r(p14, 0, descr=<ArrayP 8>)
+296: p18 = getarrayitem_gc_r(p14, 1, descr=<ArrayP 8>)
+300: p20 = getarrayitem_gc_r(p14, 2, descr=<ArrayP 8>)
+304: p22 = getarrayitem_gc_r(p14, 3, descr=<ArrayP 8>)
+308: p24 = getarrayitem_gc_r(p14, 4, descr=<ArrayP 8>)
debug_merge_point(0, 0, '4<main.rpyeffect:4(Name(infixEq71))>+0: {"op": "PrimOp". "name": "infixEq(Int. Int): Boolean". "out": {"num": [0]. "ptr": []}. "in": {"num": [0. 1]. "ptr": []}}')
+312: guard_not_invalidated(descr=<Guard0x1403f2a18>) [p2, i7, i9, i11, i13, p16, p18, p20, p22, p24, p0, p1, p3, p4]
+316: i25 = int_eq(i7, i9)
guard_false(i25, descr=<Guard0x1404e7c20>) [p2, i7, i9, i11, i13, p16, p18, p20, p22, p24, p0, p1, p3, p4]
debug_merge_point(0, 0, '4<main.rpyeffect:4(Name(infixEq71))>+1: {"op": "Return". "args": {"num": [0]. "ptr": []}}')
+324: guard_nonnull(p1, descr=<Guard0x1404e7c60>) [p2, i7, i9, i11, i13, p16, p18, p20, p22, p24, p0, p1, p3, p4]
+336: i26 = getfield_gc_i(p1, descr=<FieldS rpyeffect.stored_environment.Stack__arb_arb.inst_target 16 pure>)
+344: guard_value(i26, 34, descr=<Guard0x1404e7ca0>) [p2, i7, i9, i11, i13, p16, p18, p20, p22, p24, p0, p1, p3, p4]
+356: i28 = getfield_gc_i(p1, descr=<FieldS rpyeffect.stored_environment.Stack__2_1.inst_values_num_0 40 pure>)
+360: i29 = getfield_gc_i(p1, descr=<FieldS rpyeffect.stored_environment.Stack__2_1.inst_values_num_1 48 pure>)
+364: p30 = getfield_gc_r(p1, descr=<FieldP rpyeffect.stored_environment.Stack__2_1.inst_values_ptr_0 56 pure>)
+368: p31 = getfield_gc_r(p1, descr=<FieldP rpyeffect.stored_environment.Stack__arb_arb.inst_tail 8 pure>)
debug_merge_point(0, 0, '34<main.rpyeffect:34([k@Name(loop2636)#44])>+0: {"op": "Swap". "type": "num". "a": 2. "b". 0}')
debug_merge_point(0, 0, '34<main.rpyeffect:34([k@Name(loop2636)#44])>+1: {"op": "IfZero". "cond": 2. "then": {"tag": null. "target": 33. "args": {"num": []. "ptr": []}}}')
+372: guard_nonnull(p31, descr=<Guard0x1404e7ce0>) [p2, i7, i9, i11, i13, p16, p18, p20, p22, p24, p0, p1, p3, p4]
+380: i32 = getfield_gc_i(p31, descr=<FieldS rpyeffect.stored_environment.Stack__arb_arb.inst_target 16 pure>)
+384: guard_value(i32, 39, descr=<Guard0x1404e7d20>) [p2, i7, i9, i11, i13, p16, p18, p20, p22, p24, p0, p1, p3, p4]
debug_merge_point(0, 0, '33<main.rpyeffect:33([then#46])>+0: {"op": "Push". "target": 32. "args": {"num": [1. 0]. "ptr": [0]}}')
debug_merge_point(0, 0, '33<main.rpyeffect:33([then#46])>+1: {"op": "Copy". "type": "num". "from": 1. "to". 0}')
debug_merge_point(0, 0, '33<main.rpyeffect:33([then#46])>+2: {"op": "Jump". "target": 30}')
debug_merge_point(0, 0, '30<main.rpyeffect:30([mcore:[#25]#40])>+0: {"op": "Invoke". "receiver": 0. "tag": Interned(%Operator2644(n):p). "args" : {"num": [0]. "ptr": []}}')
+396: p34 = getfield_gc_r(p30, descr=<FieldP rpyeffect.stored_environment.CoData__arb_arb.inst_vtable 24 pure>)
+404: guard_value(p34, ConstPtr(ptr35), descr=<Guard0x1404e7d60>) [p2, i7, i9, i11, i13, p16, p18, p20, p22, p24, p0, p1, p3, p4]
+412: p36 = getfield_gc_r(p30, descr=<FieldP rpyeffect.stored_environment.CoData__0_1.inst_values_ptr_0 32 pure>)
debug_merge_point(0, 0, '53<main.rpyeffect:53([method_%Operator2644(n):p@[then#59]#71])>+0: {"op": "Const". "type": "num". "out": 1. "value": 0}')
debug_merge_point(0, 0, '53<main.rpyeffect:53([method_%Operator2644(n):p@[then#59]#71])>+1: {"op": "ShiftDyn". "out": 0. "n": 1. "label": 0}')
+416: guard_isnull(p4, descr=<Guard0x1404e7da0>) [p2, i7, i9, i11, i13, p16, p18, p20, p22, p24, p0, p1, p3, p4]
+428: i37 = getfield_gc_i(p0, descr=<FieldS rpyeffect.stack.Label.inst_origin 8 pure>)
+440: i38 = getfield_gc_i(p36, descr=<FieldS rpyeffect.stack.Label.inst_origin 8 pure>)
+448: i39 = int_ne(i37, i38)
guard_false(i39, descr=<Guard0x1404e7de0>) [p2, i7, i9, i11, i13, p16, p18, p20, p22, p24, p0, p1, p3, p4]
+456: i40 = instance_ptr_eq(p0, p36)
guard_true(i40, descr=<Guard0x1404e7e20>) [p2, i7, i9, i11, i13, p16, p18, p20, p22, p24, p0, p1, p3, p4]
+464: guard_nonnull_class(p3, 4298485448, descr=<Guard0x1403f2a70>) [p2, i7, i9, i11, i13, p16, p18, p20, p22, p24, p0, p1, p3, p4]
+492: p42 = getfield_gc_r(p3, descr=<FieldP rpyeffect.stack.MetaStackLike.inst_stack 8 pure>)
+496: p43 = getfield_gc_r(p3, descr=<FieldP rpyeffect.stack.MetaStack.inst_label 16 pure>)
+504: p44 = getfield_gc_r(p3, descr=<FieldP rpyeffect.stack.MetaStack.inst_tail 32 pure>)
+512: guard_nonnull(p42, descr=<Guard0x1404e7e60>) [p2, i7, i9, i11, i13, p16, p18, p20, p22, p24, p0, p1, p3, p4]
+520: i45 = getfield_gc_i(p42, descr=<FieldS rpyeffect.stored_environment.Stack__arb_arb.inst_target 16 pure>)
+528: guard_value(i45, 38, descr=<Guard0x1404e7ea0>) [p2, i7, i9, i11, i13, p16, p18, p20, p22, p24, p0, p1, p3, p4]
debug_merge_point(0, 0, '53<main.rpyeffect:53([method_%Operator2644(n):p@[then#59]#71])>+2: {"op": "Const". "type": "num". "out": 1. "value": 503}')
debug_merge_point(0, 0, '53<main.rpyeffect:53([method_%Operator2644(n):p@[then#59]#71])>+3: {"op": "Construct". "out": 1. "type": Interned(Unit). "tag": Interned(unit). "args": {"num": []. "ptr": []}}')
debug_merge_point(0, 0, '53<main.rpyeffect:53([method_%Operator2644(n):p@[then#59]#71])>+4: {"op": "Push". "target": 52. "args": {"num": [0. 1]. "ptr": []}}')
debug_merge_point(0, 0, '53<main.rpyeffect:53([method_%Operator2644(n):p@[then#59]#71])>+5: {"op": "Swap". "type": "ptr". "a": 0. "b". 1}')
debug_merge_point(0, 0, '53<main.rpyeffect:53([method_%Operator2644(n):p@[then#59]#71])>+6: {"op": "Jump". "target": 36}')
debug_merge_point(0, 0, '36<main.rpyeffect:36(Name(resume64030))>+0: {"op": "PushStack". "arg": 1}')
debug_merge_point(0, 0, '36<main.rpyeffect:36(Name(resume64030))>+1: {"op": "Return". "args": {"num": []. "ptr": [0]}}')
debug_merge_point(0, 0, '32<main.rpyeffect:32([k@[then#46]#48])>+0: {"op": "Const". "type": "num". "out": 2. "value": 1}')
debug_merge_point(0, 0, '32<main.rpyeffect:32([k@[then#46]#48])>+1: {"op": "Push". "target": 31. "args": {"num": [1]. "ptr": [1]}}')
debug_merge_point(0, 0, '32<main.rpyeffect:32([k@[then#46]#48])>+2: {"op": "Copy". "type": "num". "from": 2. "to". 1}')
debug_merge_point(0, 0, '32<main.rpyeffect:32([k@[then#46]#48])>+3: {"op": "Jump". "target": 8}')
debug_merge_point(0, 0, '8<main.rpyeffect:8(Name(infixSub104))>+0: {"op": "PrimOp". "name": "infixSub(Int. Int): Int". "out": {"num": [0]. "ptr": []}. "in": {"num": [0. 1]. "ptr": []}}')
+540: i48 = int_sub(i28, 1)
debug_merge_point(0, 0, '8<main.rpyeffect:8(Name(infixSub104))>+1: {"op": "Return". "args": {"num": [0]. "ptr": []}}')
debug_merge_point(0, 0, '31<main.rpyeffect:31([k@[k@[then#46]#48]#52])>+0: {"op": "Jump". "target": 35}')
debug_merge_point(0, 0, '35<main.rpyeffect:35(Name(loop2636))>+0: {"op": "Const". "type": "num". "out": 2. "value": 0}')
debug_merge_point(0, 0, '35<main.rpyeffect:35(Name(loop2636))>+1: {"op": "Push". "target": 34. "args": {"num": [0. 1]. "ptr": [0]}}')
debug_merge_point(0, 0, '35<main.rpyeffect:35(Name(loop2636))>+2: {"op": "Copy". "type": "num". "from": 2. "to". 1}')
+544: jump(p0, p31, i48, i29, p30, p2, p42, i28, p43, p44, i13, p20, p22, p24, p36, descr=TargetToken(5372839680))
+700: --end of the loop--
[12ef54a] jit-log-opt-loop}
[2664f2f] {jit-log-opt-bridge
# bridge out of Guard 0x1403edba0 with 78 ops
[p0, i1, i2, i3, i4, p5, p6, p7, p8, p9, p10, p11, p12, p13]
+120: guard_not_invalidated(descr=<Guard0x1403f2ac8>) [p0, i1, i2, i3, i4, p5, p6, p7, p8, p9, p10, p11, p12, p13]
debug_merge_point(0, 0, '52<main.rpyeffect:52([#82])>+2: {"op": "Copy". "type": "num". "from": 2. "to". 0}')
debug_merge_point(0, 0, '52<main.rpyeffect:52([#82])>+3: {"op": "Jump". "target": 7}')
+124: guard_nonnull(p11, descr=<Guard0x1411fc6a0>) [p0, i1, i2, i3, i4, p5, p6, p7, p8, p9, p10, p11, p12, p13]
+132: i14 = getfield_gc_i(p11, descr=<FieldS rpyeffect.stored_environment.Stack__arb_arb.inst_target 16 pure>)
+136: guard_value(i14, 51, descr=<Guard0x1411fc6e0>) [p0, i1, i2, i3, i4, p5, p6, p7, p8, p9, p10, p11, p12, p13]
debug_merge_point(0, 0, '7<main.rpyeffect:7(Name(infixMul98))>+0: {"op": "PrimOp". "name": "infixMul(Int. Int): Int". "out": {"num": [0]. "ptr": []}. "in": {"num": [0. 1]. "ptr": []}}')
+148: i16 = int_mul(i3, i1)
debug_merge_point(0, 0, '7<main.rpyeffect:7(Name(infixMul98))>+1: {"op": "Return". "args": {"num": [0]. "ptr": []}}')
+152: i17 = getfield_gc_i(p11, descr=<FieldS rpyeffect.stored_environment.Stack__2_0.inst_values_num_0 40 pure>)
+156: i18 = getfield_gc_i(p11, descr=<FieldS rpyeffect.stored_environment.Stack__2_0.inst_values_num_1 48 pure>)
+160: p19 = getfield_gc_r(p11, descr=<FieldP rpyeffect.stored_environment.Stack__arb_arb.inst_tail 8 pure>)
debug_merge_point(0, 0, '51<main.rpyeffect:51([k@[#82]#84])>+0: {"op": "Push". "target": 50. "args": {"num": [1. 2]. "ptr": []}}')
debug_merge_point(0, 0, '51<main.rpyeffect:51([k@[#82]#84])>+1: {"op": "Swap". "type": "num". "a": 1. "b". 0}')
debug_merge_point(0, 0, '51<main.rpyeffect:51([k@[#82]#84])>+2: {"op": "Jump". "target": 8}')
debug_merge_point(0, 0, '8<main.rpyeffect:8(Name(infixSub104))>+0: {"op": "PrimOp". "name": "infixSub(Int. Int): Int". "out": {"num": [0]. "ptr": []}. "in": {"num": [0. 1]. "ptr": []}}')
+164: i20 = int_sub(i17, i16)
debug_merge_point(0, 0, '8<main.rpyeffect:8(Name(infixSub104))>+1: {"op": "Return". "args": {"num": [0]. "ptr": []}}')
debug_merge_point(0, 0, '50<main.rpyeffect:50([k@[k@[#82]#84]#87])>+0: {"op": "Const". "type": "num". "out": 3. "value": 37}')
debug_merge_point(0, 0, '50<main.rpyeffect:50([k@[k@[#82]#84]#87])>+1: {"op": "Push". "target": 49. "args": {"num": [1. 2]. "ptr": []}}')
debug_merge_point(0, 0, '50<main.rpyeffect:50([k@[k@[#82]#84]#87])>+2: {"op": "Copy". "type": "num". "from": 3. "to". 1}')
debug_merge_point(0, 0, '50<main.rpyeffect:50([k@[k@[#82]#84]#87])>+3: {"op": "Jump". "target": 6}')
debug_merge_point(0, 0, '6<main.rpyeffect:6(Name(infixAdd95))>+0: {"op": "PrimOp". "name": "infixAdd(Int. Int): Int". "out": {"num": [0]. "ptr": []}. "in": {"num": [0. 1]. "ptr": []}}')
+168: i22 = int_add(i20, 37)
debug_merge_point(0, 0, '6<main.rpyeffect:6(Name(infixAdd95))>+1: {"op": "Return". "args": {"num": [0]. "ptr": []}}')
debug_merge_point(0, 0, '49<main.rpyeffect:49([k@[k@[k@[#82]#84]#87]#92])>+0: {"op": "Const". "type": "num". "out": 3. "value": 0}')
debug_merge_point(0, 0, '49<main.rpyeffect:49([k@[k@[k@[#82]#84]#87]#92])>+1: {"op": "Push". "target": 48. "args": {"num": [1. 2]. "ptr": []}}')
debug_merge_point(0, 0, '49<main.rpyeffect:49([k@[k@[k@[#82]#84]#87]#92])>+2: {"op": "Copy". "type": "num". "from": 3. "to". 1}')
debug_merge_point(0, 0, '49<main.rpyeffect:49([k@[k@[k@[#82]#84]#87]#92])>+3: {"op": "Jump". "target": 10}')
debug_merge_point(0, 0, '10<main.rpyeffect:10(Name(infixLt168))>+0: {"op": "PrimOp". "name": "infixLt(Int. Int): Boolean". "out": {"num": [0]. "ptr": []}. "in": {"num": [0. 1]. "ptr": []}}')
+172: i24 = int_lt(i22, 0)
guard_false(i24, descr=<Guard0x1411fc720>) [p0, i1, i2, i3, i4, p5, p6, p7, p8, p9, p10, p11, p12, p13]
debug_merge_point(0, 0, '10<main.rpyeffect:10(Name(infixLt168))>+1: {"op": "Return". "args": {"num": [0]. "ptr": []}}')
debug_merge_point(0, 0, '48<main.rpyeffect:48([k@[k@[k@[k@[#82]#84]#87]#92]#97])>+0: {"op": "Push". "target": 41. "args": {"num": []. "ptr": []}}')
debug_merge_point(0, 0, '48<main.rpyeffect:48([k@[k@[k@[k@[#82]#84]#87]#92]#97])>+1: {"op": "Swap". "type": "num". "a": 2. "b". 1}')
debug_merge_point(0, 0, '48<main.rpyeffect:48([k@[k@[k@[k@[#82]#84]#87]#92]#97])>+2: {"op": "IfZero". "cond": 0. "then": {"tag": null. "target": 44. "args": {"num": []. "ptr": []}}}')
debug_merge_point(0, 0, '44<main.rpyeffect:44([then#103])>+0: {"op": "Const". "type": "num". "out": 0. "value": 503}')
debug_merge_point(0, 0, '44<main.rpyeffect:44([then#103])>+1: {"op": "Push". "target": 43. "args": {"num": [2]. "ptr": []}}')
debug_merge_point(0, 0, '44<main.rpyeffect:44([then#103])>+2: {"op": "Jump". "target": 7}')
debug_merge_point(0, 0, '7<main.rpyeffect:7(Name(infixMul98))>+0: {"op": "PrimOp". "name": "infixMul(Int. Int): Int". "out": {"num": [0]. "ptr": []}. "in": {"num": [0. 1]. "ptr": []}}')
+180: i26 = int_mul(503, i18)
debug_merge_point(0, 0, '7<main.rpyeffect:7(Name(infixMul98))>+1: {"op": "Return". "args": {"num": [0]. "ptr": []}}')
debug_merge_point(0, 0, '43<main.rpyeffect:43([k@[then#103]#107])>+0: {"op": "Push". "target": 42. "args": {"num": []. "ptr": []}}')
debug_merge_point(0, 0, '43<main.rpyeffect:43([k@[then#103]#107])>+1: {"op": "Swap". "type": "num". "a": 1. "b". 0}')
debug_merge_point(0, 0, '43<main.rpyeffect:43([k@[then#103]#107])>+2: {"op": "Jump". "target": 8}')
debug_merge_point(0, 0, '8<main.rpyeffect:8(Name(infixSub104))>+0: {"op": "PrimOp". "name": "infixSub(Int. Int): Int". "out": {"num": [0]. "ptr": []}. "in": {"num": [0. 1]. "ptr": []}}')
+188: i27 = int_sub(i17, i26)
debug_merge_point(0, 0, '8<main.rpyeffect:8(Name(infixSub104))>+1: {"op": "Return". "args": {"num": [0]. "ptr": []}}')
debug_merge_point(0, 0, '42<main.rpyeffect:42([k@[k@[then#103]#107]#110])>+0: {"op": "Const". "type": "num". "out": 1. "value": 37}')
debug_merge_point(0, 0, '42<main.rpyeffect:42([k@[k@[then#103]#107]#110])>+1: {"op": "Jump". "target": 6}')
debug_merge_point(0, 0, '6<main.rpyeffect:6(Name(infixAdd95))>+0: {"op": "PrimOp". "name": "infixAdd(Int. Int): Int". "out": {"num": [0]. "ptr": []}. "in": {"num": [0. 1]. "ptr": []}}')
+192: i29 = int_add(i27, 37)
debug_merge_point(0, 0, '6<main.rpyeffect:6(Name(infixAdd95))>+1: {"op": "Return". "args": {"num": [0]. "ptr": []}}')
debug_merge_point(0, 0, '41<main.rpyeffect:41([k@[k@[k@[k@[k@[#82]#84]#87]#92]#97]#100])>+0: {"op": "Const". "type": "num". "out": 1. "value": 1009}')
debug_merge_point(0, 0, '41<main.rpyeffect:41([k@[k@[k@[k@[k@[#82]#84]#87]#92]#97]#100])>+1: {"op": "Jump". "target": 9}')
+196: guard_nonnull(p19, descr=<Guard0x1411fc760>) [p0, i1, i2, i3, i4, p5, p6, p7, p8, p9, p10, p11, p12, p13]
+204: i30 = getfield_gc_i(p19, descr=<FieldS rpyeffect.stored_environment.Stack__arb_arb.inst_target 16 pure>)
+208: guard_value(i30, 52, descr=<Guard0x1411fc7a0>) [p0, i1, i2, i3, i4, p5, p6, p7, p8, p9, p10, p11, p12, p13]
debug_merge_point(0, 0, '9<main.rpyeffect:9(Name(mod107))>+0: {"op": "PrimOp". "name": "mod(Int. Int): Int". "out": {"num": [0]. "ptr": []}. "in": {"num": [0. 1]. "ptr": []}}')
+220: i33 = int_rshift(i29, 63)
+228: i34 = int_xor(i29, i33)
+232: i36 = uint_mul_high(i34, -9086255505087856445)
+252: i38 = uint_rshift(i36, 9)
+260: i39 = int_xor(i38, i33)
+264: i41 = int_mul(i39, 1009)
+272: i42 = int_sub(i29, i41)
debug_merge_point(0, 0, '9<main.rpyeffect:9(Name(mod107))>+1: {"op": "Return". "args": {"num": [0]. "ptr": []}}')
+276: i43 = getfield_gc_i(p19, descr=<FieldS rpyeffect.stored_environment.Stack__2_0.inst_values_num_0 40 pure>)
+280: i44 = getfield_gc_i(p19, descr=<FieldS rpyeffect.stored_environment.Stack__2_0.inst_values_num_1 48 pure>)
+284: p45 = getfield_gc_r(p19, descr=<FieldP rpyeffect.stored_environment.Stack__arb_arb.inst_tail 8 pure>)
debug_merge_point(0, 0, '52<main.rpyeffect:52([#82])>+0: {"op": "Push". "target": 51. "args": {"num": [1. 0]. "ptr": []}}')
debug_merge_point(0, 0, '52<main.rpyeffect:52([#82])>+1: {"op": "Copy". "type": "num". "from": 0. "to". 1}')
+288: p46 = new_with_vtable(descr=<SizeDescr 56>)
+392: setfield_gc(p46, 51, descr=<FieldS rpyeffect.stored_environment.Stack__arb_arb.inst_target 16 pure>)
+400: setfield_gc(p46, i43, descr=<FieldS rpyeffect.stored_environment.Stack__2_0.inst_values_num_0 40 pure>)
+404: setfield_gc(p46, i42, descr=<FieldS rpyeffect.stored_environment.Stack__2_0.inst_values_num_1 48 pure>)
+408: setfield_gc(p46, p45, descr=<FieldP rpyeffect.stored_environment.Stack__arb_arb.inst_tail 8 pure>)
+428: jump(p10, p46, p0, p12, p13, i42, i43, i44, 0, p5, p6, p7, p8, p9, descr=TargetToken(5372839920))
+472: --end of the loop--
[26774cd] jit-log-opt-bridge}
[27184a6] {jit-log-opt-bridge
# bridge out of Guard 0x1403edda0 with 144 ops
[p0, i1, i2, i3, i4, p5, p6, p7, p8, p9, p10, p11, p12, p13]
+184: guard_not_invalidated(descr=<Guard0x1403f2b20>) [p0, i1, i2, i3, i4, p5, p6, p7, p8, p9, p10, p11, p12, p13]
+188: i14 = int_mul(i1, i2)
debug_merge_point(0, 0, '7<main.rpyeffect:7(Name(infixMul98))>+1: {"op": "Return". "args": {"num": [0]. "ptr": []}}')
+192: guard_nonnull(p11, descr=<Guard0x1411fd5a0>) [p0, i1, i2, i3, i4, p5, p6, p7, p8, p9, p10, p11, p12, p13]
+200: i15 = getfield_gc_i(p11, descr=<FieldS rpyeffect.stored_environment.Stack__arb_arb.inst_target 16 pure>)
+204: guard_value(i15, 51, descr=<Guard0x1411fd560>) [p0, i1, i2, i3, i4, p5, p6, p7, p8, p9, p10, p11, p12, p13]
+216: i17 = getfield_gc_i(p11, descr=<FieldS rpyeffect.stored_environment.Stack__2_0.inst_values_num_0 40 pure>)
+220: i18 = getfield_gc_i(p11, descr=<FieldS rpyeffect.stored_environment.Stack__2_0.inst_values_num_1 48 pure>)
+224: p19 = getfield_gc_r(p11, descr=<FieldP rpyeffect.stored_environment.Stack__arb_arb.inst_tail 8 pure>)
debug_merge_point(0, 0, '51<main.rpyeffect:51([k@[#82]#84])>+0: {"op": "Push". "target": 50. "args": {"num": [1. 2]. "ptr": []}}')
debug_merge_point(0, 0, '51<main.rpyeffect:51([k@[#82]#84])>+1: {"op": "Swap". "type": "num". "a": 1. "b". 0}')
debug_merge_point(0, 0, '51<main.rpyeffect:51([k@[#82]#84])>+2: {"op": "Jump". "target": 8}')
debug_merge_point(0, 0, '8<main.rpyeffect:8(Name(infixSub104))>+0: {"op": "PrimOp". "name": "infixSub(Int. Int): Int". "out": {"num": [0]. "ptr": []}. "in": {"num": [0. 1]. "ptr": []}}')
+228: i20 = int_sub(i17, i14)
debug_merge_point(0, 0, '8<main.rpyeffect:8(Name(infixSub104))>+1: {"op": "Return". "args": {"num": [0]. "ptr": []}}')
debug_merge_point(0, 0, '50<main.rpyeffect:50([k@[k@[#82]#84]#87])>+0: {"op": "Const". "type": "num". "out": 3. "value": 37}')
debug_merge_point(0, 0, '50<main.rpyeffect:50([k@[k@[#82]#84]#87])>+1: {"op": "Push". "target": 49. "args": {"num": [1. 2]. "ptr": []}}')
debug_merge_point(0, 0, '50<main.rpyeffect:50([k@[k@[#82]#84]#87])>+2: {"op": "Copy". "type": "num". "from": 3. "to". 1}')
debug_merge_point(0, 0, '50<main.rpyeffect:50([k@[k@[#82]#84]#87])>+3: {"op": "Jump". "target": 6}')
debug_merge_point(0, 0, '6<main.rpyeffect:6(Name(infixAdd95))>+0: {"op": "PrimOp". "name": "infixAdd(Int. Int): Int". "out": {"num": [0]. "ptr": []}. "in": {"num": [0. 1]. "ptr": []}}')
+232: i22 = int_add(i20, 37)
debug_merge_point(0, 0, '6<main.rpyeffect:6(Name(infixAdd95))>+1: {"op": "Return". "args": {"num": [0]. "ptr": []}}')
debug_merge_point(0, 0, '49<main.rpyeffect:49([k@[k@[k@[#82]#84]#87]#92])>+0: {"op": "Const". "type": "num". "out": 3. "value": 0}')
debug_merge_point(0, 0, '49<main.rpyeffect:49([k@[k@[k@[#82]#84]#87]#92])>+1: {"op": "Push". "target": 48. "args": {"num": [1. 2]. "ptr": []}}')
debug_merge_point(0, 0, '49<main.rpyeffect:49([k@[k@[k@[#82]#84]#87]#92])>+2: {"op": "Copy". "type": "num". "from": 3. "to". 1}')
debug_merge_point(0, 0, '49<main.rpyeffect:49([k@[k@[k@[#82]#84]#87]#92])>+3: {"op": "Jump". "target": 10}')
debug_merge_point(0, 0, '10<main.rpyeffect:10(Name(infixLt168))>+0: {"op": "PrimOp". "name": "infixLt(Int. Int): Boolean". "out": {"num": [0]. "ptr": []}. "in": {"num": [0. 1]. "ptr": []}}')
+236: i24 = int_lt(i22, 0)
guard_true(i24, descr=<Guard0x1411fd520>) [p0, i1, i2, i3, i4, p5, p6, p7, p8, p9, p10, p11, p12, p13]
debug_merge_point(0, 0, '10<main.rpyeffect:10(Name(infixLt168))>+1: {"op": "Return". "args": {"num": [0]. "ptr": []}}')
debug_merge_point(0, 0, '48<main.rpyeffect:48([k@[k@[k@[k@[#82]#84]#87]#92]#97])>+0: {"op": "Push". "target": 41. "args": {"num": []. "ptr": []}}')
debug_merge_point(0, 0, '48<main.rpyeffect:48([k@[k@[k@[k@[#82]#84]#87]#92]#97])>+1: {"op": "Swap". "type": "num". "a": 2. "b". 1}')
debug_merge_point(0, 0, '48<main.rpyeffect:48([k@[k@[k@[k@[#82]#84]#87]#92]#97])>+2: {"op": "IfZero". "cond": 0. "then": {"tag": null. "target": 44. "args": {"num": []. "ptr": []}}}')
debug_merge_point(0, 0, '48<main.rpyeffect:48([k@[k@[k@[k@[#82]#84]#87]#92]#97])>+3: {"op": "Const". "type": "num". "out": 0. "value": 0}')
debug_merge_point(0, 0, '48<main.rpyeffect:48([k@[k@[k@[k@[#82]#84]#87]#92]#97])>+4: {"op": "Const". "type": "num". "out": 3. "value": 503}')
debug_merge_point(0, 0, '48<main.rpyeffect:48([k@[k@[k@[k@[#82]#84]#87]#92]#97])>+5: {"op": "Push". "target": 47. "args": {"num": [2. 0]. "ptr": []}}')
debug_merge_point(0, 0, '48<main.rpyeffect:48([k@[k@[k@[k@[#82]#84]#87]#92]#97])>+6: {"op": "Copy". "type": "num". "from": 3. "to". 0}')
debug_merge_point(0, 0, '48<main.rpyeffect:48([k@[k@[k@[k@[#82]#84]#87]#92]#97])>+7: {"op": "Jump". "target": 7}')
debug_merge_point(0, 0, '7<main.rpyeffect:7(Name(infixMul98))>+0: {"op": "PrimOp". "name": "infixMul(Int. Int): Int". "out": {"num": [0]. "ptr": []}. "in": {"num": [0. 1]. "ptr": []}}')
+244: i26 = int_mul(503, i18)
debug_merge_point(0, 0, '7<main.rpyeffect:7(Name(infixMul98))>+1: {"op": "Return". "args": {"num": [0]. "ptr": []}}')
debug_merge_point(0, 0, '47<main.rpyeffect:47([k@[k@[k@[k@[k@[#82]#84]#87]#92]#97]#119])>+0: {"op": "Push". "target": 46. "args": {"num": [2]. "ptr": []}}')
debug_merge_point(0, 0, '47<main.rpyeffect:47([k@[k@[k@[k@[k@[#82]#84]#87]#92]#97]#119])>+1: {"op": "Swap". "type": "num". "a": 1. "b". 0}')
debug_merge_point(0, 0, '47<main.rpyeffect:47([k@[k@[k@[k@[k@[#82]#84]#87]#92]#97]#119])>+2: {"op": "Jump". "target": 8}')
debug_merge_point(0, 0, '8<main.rpyeffect:8(Name(infixSub104))>+0: {"op": "PrimOp". "name": "infixSub(Int. Int): Int". "out": {"num": [0]. "ptr": []}. "in": {"num": [0. 1]. "ptr": []}}')
+252: i27 = int_sub(i17, i26)
debug_merge_point(0, 0, '8<main.rpyeffect:8(Name(infixSub104))>+1: {"op": "Return". "args": {"num": [0]. "ptr": []}}')
debug_merge_point(0, 0, '46<main.rpyeffect:46([#122])>+0: {"op": "Const". "type": "num". "out": 2. "value": 37}')
debug_merge_point(0, 0, '46<main.rpyeffect:46([#122])>+1: {"op": "Push". "target": 45. "args": {"num": [1]. "ptr": []}}')
debug_merge_point(0, 0, '46<main.rpyeffect:46([#122])>+2: {"op": "Copy". "type": "num". "from": 2. "to". 1}')
debug_merge_point(0, 0, '46<main.rpyeffect:46([#122])>+3: {"op": "Jump". "target": 6}')
debug_merge_point(0, 0, '6<main.rpyeffect:6(Name(infixAdd95))>+0: {"op": "PrimOp". "name": "infixAdd(Int. Int): Int". "out": {"num": [0]. "ptr": []}. "in": {"num": [0. 1]. "ptr": []}}')
+256: i29 = int_add(i27, 37)
debug_merge_point(0, 0, '6<main.rpyeffect:6(Name(infixAdd95))>+1: {"op": "Return". "args": {"num": [0]. "ptr": []}}')
debug_merge_point(0, 0, '45<main.rpyeffect:45([k@[#122]#127])>+0: {"op": "Swap". "type": "num". "a": 1. "b". 0}')
debug_merge_point(0, 0, '45<main.rpyeffect:45([k@[#122]#127])>+1: {"op": "Jump". "target": 8}')
debug_merge_point(0, 0, '8<main.rpyeffect:8(Name(infixSub104))>+0: {"op": "PrimOp". "name": "infixSub(Int. Int): Int". "out": {"num": [0]. "ptr": []}. "in": {"num": [0. 1]. "ptr": []}}')
+260: i30 = int_neg(i29)
debug_merge_point(0, 0, '8<main.rpyeffect:8(Name(infixSub104))>+1: {"op": "Return". "args": {"num": [0]. "ptr": []}}')
debug_merge_point(0, 0, '41<main.rpyeffect:41([k@[k@[k@[k@[k@[#82]#84]#87]#92]#97]#100])>+0: {"op": "Const". "type": "num". "out": 1. "value": 1009}')
debug_merge_point(0, 0, '41<main.rpyeffect:41([k@[k@[k@[k@[k@[#82]#84]#87]#92]#97]#100])>+1: {"op": "Jump". "target": 9}')
+264: guard_nonnull(p19, descr=<Guard0x1411fd4e0>) [p0, i1, i2, i3, i4, p5, p6, p7, p8, p9, p10, p11, p12, p13]
+272: i31 = getfield_gc_i(p19, descr=<FieldS rpyeffect.stored_environment.Stack__arb_arb.inst_target 16 pure>)
+276: guard_value(i31, 38, descr=<Guard0x1411fd4a0>) [p0, i1, i2, i3, i4, p5, p6, p7, p8, p9, p10, p11, p12, p13]
debug_merge_point(0, 0, '9<main.rpyeffect:9(Name(mod107))>+0: {"op": "PrimOp". "name": "mod(Int. Int): Int". "out": {"num": [0]. "ptr": []}. "in": {"num": [0. 1]. "ptr": []}}')
+288: i34 = int_rshift(i30, 63)
+296: i35 = int_xor(i30, i34)
+300: i37 = uint_mul_high(i35, -9086255505087856445)
+320: i39 = uint_rshift(i37, 9)
+328: i40 = int_xor(i39, i34)
+332: i42 = int_mul(i40, 1009)
+340: i43 = int_sub(i30, i42)
debug_merge_point(0, 0, '9<main.rpyeffect:9(Name(mod107))>+1: {"op": "Return". "args": {"num": [0]. "ptr": []}}')
+344: i44 = getfield_gc_i(p19, descr=<FieldS rpyeffect.stored_environment.Stack__2_0.inst_values_num_0 40 pure>)
+348: i45 = getfield_gc_i(p19, descr=<FieldS rpyeffect.stored_environment.Stack__2_0.inst_values_num_1 48 pure>)
+352: p46 = getfield_gc_r(p19, descr=<FieldP rpyeffect.stored_environment.Stack__arb_arb.inst_tail 8 pure>)
debug_merge_point(0, 0, '38<main.rpyeffect:38([k@[then#59]#62])>+0: {"op": "Const". "type": "num". "out": 3. "value": 1}')
debug_merge_point(0, 0, '38<main.rpyeffect:38([k@[then#59]#62])>+1: {"op": "Push". "target": 37. "args": {"num": [2. 0]. "ptr": []}}')
debug_merge_point(0, 0, '38<main.rpyeffect:38([k@[then#59]#62])>+2: {"op": "Copy". "type": "num". "from": 1. "to". 0}')
debug_merge_point(0, 0, '38<main.rpyeffect:38([k@[then#59]#62])>+3: {"op": "Copy". "type": "num". "from": 3. "to". 1}')
debug_merge_point(0, 0, '38<main.rpyeffect:38([k@[then#59]#62])>+4: {"op": "Jump". "target": 8}')
debug_merge_point(0, 0, '8<main.rpyeffect:8(Name(infixSub104))>+0: {"op": "PrimOp". "name": "infixSub(Int. Int): Int". "out": {"num": [0]. "ptr": []}. "in": {"num": [0. 1]. "ptr": []}}')
+356: i48 = int_sub(i44, 1)
debug_merge_point(0, 0, '8<main.rpyeffect:8(Name(infixSub104))>+1: {"op": "Return". "args": {"num": [0]. "ptr": []}}')
debug_merge_point(0, 0, '37<main.rpyeffect:37([k@[k@[then#59]#62]#66])>+0: {"op": "Swap". "type": "num". "a": 2. "b". 1}')
debug_merge_point(0, 0, '37<main.rpyeffect:37([k@[k@[then#59]#62]#66])>+1: {"op": "Jump". "target": 70}')
debug_merge_point(0, 0, '70<main.rpyeffect:70(Name(step23942))>+0: {"op": "Const". "type": "num". "out": 3. "value": 0}')
debug_merge_point(0, 0, '70<main.rpyeffect:70(Name(step23942))>+1: {"op": "Push". "target": 69. "args": {"num": [0. 2. 1]. "ptr": []}}')
debug_merge_point(0, 0, '70<main.rpyeffect:70(Name(step23942))>+2: {"op": "Copy". "type": "num". "from": 3. "to". 1}')
debug_merge_point(0, 0, '70<main.rpyeffect:70(Name(step23942))>+3: {"op": "Jump". "target": 4}')
debug_merge_point(0, 0, '4<main.rpyeffect:4(Name(infixEq71))>+0: {"op": "PrimOp". "name": "infixEq(Int. Int): Boolean". "out": {"num": [0]. "ptr": []}. "in": {"num": [0. 1]. "ptr": []}}')
+360: i50 = int_eq(i48, 0)
guard_false(i50, descr=<Guard0x1411fd460>) [p0, i1, i2, i3, i4, p5, p6, p7, p8, p9, p10, p11, p12, p13]
debug_merge_point(0, 0, '4<main.rpyeffect:4(Name(infixEq71))>+1: {"op": "Return". "args": {"num": [0]. "ptr": []}}')
debug_merge_point(0, 0, '69<main.rpyeffect:69([k@Name(step23942)#57])>+0: {"op": "Swap". "type": "num". "a": 1. "b". 0}')
debug_merge_point(0, 0, '69<main.rpyeffect:69([k@Name(step23942)#57])>+1: {"op": "Swap". "type": "num". "a": 2. "b". 0}')
debug_merge_point(0, 0, '69<main.rpyeffect:69([k@Name(step23942)#57])>+2: {"op": "IfZero". "cond": 1. "then": {"tag": null. "target": 68. "args": {"num": []. "ptr": []}}}')
+368: guard_nonnull(p46, descr=<Guard0x1411fd420>) [p0, i1, i2, i3, i4, p5, p6, p7, p8, p9, p10, p11, p12, p13]
+376: i51 = getfield_gc_i(p46, descr=<FieldS rpyeffect.stored_environment.Stack__arb_arb.inst_target 16 pure>)
+380: guard_value(i51, 108, descr=<Guard0x1411fd3e0>) [p0, i1, i2, i3, i4, p5, p6, p7, p8, p9, p10, p11, p12, p13]
debug_merge_point(0, 0, '68<main.rpyeffect:68([then#59])>+0: {"op": "PrimOp". "name": "freshlabel". "out": {"num": []. "ptr": [0]}. "in": {"num": []. "ptr": []}}')
debug_merge_point(0, 0, '68<main.rpyeffect:68([then#59])>+1: {"op": "Push". "target": 38. "args": {"num": [2. 0]. "ptr": []}}')
debug_merge_point(0, 0, '68<main.rpyeffect:68([then#59])>+2: {"op": "NewStack". "out": 1. "target": 39. "region": 2. "args": {"num": []. "ptr": []}. "label": 0}')
debug_merge_point(0, 0, '68<main.rpyeffect:68([then#59])>+3: {"op": "PushStack". "arg": 1}')
+392: guard_isnull(p13, descr=<Guard0x1411fd3a0>) [p0, i1, i2, i3, i4, p5, p6, p7, p8, p9, p10, p11, p12, p13]
debug_merge_point(0, 0, '68<main.rpyeffect:68([then#59])>+4: {"op": "New". "out": 0. "targets": [53. 67]. "args": {"num": []. "ptr": [0]}}')
debug_merge_point(0, 0, '68<main.rpyeffect:68([then#59])>+5: {"op": "Copy". "type": "num". "from": 3. "to". 1}')
debug_merge_point(0, 0, '68<main.rpyeffect:68([then#59])>+6: {"op": "Jump". "target": 35}')
debug_merge_point(0, 0, '35<main.rpyeffect:35(Name(loop2636))>+0: {"op": "Const". "type": "num". "out": 2. "value": 0}')
debug_merge_point(0, 0, '35<main.rpyeffect:35(Name(loop2636))>+1: {"op": "Push". "target": 34. "args": {"num": [0. 1]. "ptr": [0]}}')
debug_merge_point(0, 0, '35<main.rpyeffect:35(Name(loop2636))>+2: {"op": "Copy". "type": "num". "from": 2. "to". 1}')
+404: p53 = new_with_vtable(descr=<SizeDescr 16>)
+512: p54 = new_with_vtable(descr=<SizeDescr 64>)
+524: p55 = new_with_vtable(descr=<SizeDescr 40>)
+536: setfield_gc(p55, ConstPtr(null), descr=<FieldP rpyeffect.stored_environment.Stack__arb_arb.inst_tail 8 pure>)
+544: setfield_gc(p55, 39, descr=<FieldS rpyeffect.stored_environment.Stack__arb_arb.inst_target 16 pure>)
+552: p58 = new_with_vtable(descr=<SizeDescr 40>)
+568: setfield_gc(p58, ConstPtr(ptr59), descr=<FieldP rpyeffect.stored_environment.CoData__arb_arb.inst_vtable 24 pure>)
+572: setfield_gc(p58, p53, descr=<FieldP rpyeffect.stored_environment.CoData__0_1.inst_values_ptr_0 32 pure>)
+576: p60 = new_with_vtable(descr=<SizeDescr 40>)
+588: p61 = new_with_vtable(descr=<SizeDescr 56>)
+600: setfield_gc(p61, p46, descr=<FieldP rpyeffect.stored_environment.Stack__arb_arb.inst_tail 8 pure>)
+604: setfield_gc(p61, 38, descr=<FieldS rpyeffect.stored_environment.Stack__arb_arb.inst_target 16 pure>)
+612: setfield_gc(p61, i48, descr=<FieldS rpyeffect.stored_environment.Stack__2_0.inst_values_num_0 40 pure>)
+616: setfield_gc(p61, i45, descr=<FieldS rpyeffect.stored_environment.Stack__2_0.inst_values_num_1 48 pure>)
+620: p63 = new_with_vtable(descr=<SizeDescr 40>)
+632: setfield_gc(p60, p61, descr=<FieldP rpyeffect.stack.MetaStackLike.inst_stack 8 pure>)
+636: setfield_gc(p60, p10, descr=<FieldP rpyeffect.stack.MetaStack.inst_label 16 pure>)
+644: p64 = new_with_vtable(descr=<SizeDescr 24>)
+660: setfield_gc(p64, ConstPtr(ptr65), descr=<FieldP rpyeffect.region.Region.inst_boxes 8 pure>)
+668: setfield_gc(p64, ConstPtr(ptr66), descr=<FieldP rpyeffect.region.Region.inst_refs 16>)
+672: setfield_gc(p60, ConstPtr(null), descr=<FieldP rpyeffect.stack.MetaStack.inst_region 24 pure>)
+680: setfield_gc(p60, p12, descr=<FieldP rpyeffect.stack.MetaStack.inst_tail 32 pure>)
+688: setfield_gc(p54, 34, descr=<FieldS rpyeffect.stored_environment.Stack__arb_arb.inst_target 16 pure>)
+696: setfield_gc(p54, p55, descr=<FieldP rpyeffect.stored_environment.Stack__arb_arb.inst_tail 8 pure>)
+700: setfield_gc(p53, 69632, descr=<FieldS rpyeffect.stack.Label.inst_origin 8 pure>)
+712: setfield_gc(p54, i45, descr=<FieldS rpyeffect.stored_environment.Stack__2_1.inst_values_num_0 40 pure>)
+716: setfield_gc(p54, i43, descr=<FieldS rpyeffect.stored_environment.Stack__2_1.inst_values_num_1 48 pure>)
+720: setfield_gc(p54, p58, descr=<FieldP rpyeffect.stored_environment.Stack__2_1.inst_values_ptr_0 56 pure>)
+724: setfield_gc(p63, p55, descr=<FieldP rpyeffect.stack.MetaStackLike.inst_stack 8 pure>)
+728: setfield_gc(p63, p53, descr=<FieldP rpyeffect.stack.MetaStack.inst_label 16 pure>)
+732: setfield_gc(p63, p64, descr=<FieldP rpyeffect.stack.MetaStack.inst_region 24 pure>)
+736: setfield_gc(p63, ConstPtr(null), descr=<FieldP rpyeffect.stack.MetaStack.inst_tail 32 pure>)
+808: jump(p53, p54, p0, p60, ConstPtr(null), i45, i43, 0, i43, p58, p63, p64, p8, p9, descr=TargetToken(5372839600))
+944: --end of the loop--
[272c7e4] jit-log-opt-bridge}
[276a402] {jit-log-opt-bridge
# bridge out of Guard 0x1403ed6e0 with 23 ops
[p0, i1, i2, i3, p4, p5, p6, p7, p8, i9, p10, p11, p12, p13]
+120: guard_not_invalidated(descr=<Guard0x1403f2b78>) [p0, i1, i2, i3, p4, p5, p6, p7, p8, i9, p10, p11, p12, p13]
debug_merge_point(0, 0, '35<main.rpyeffect:35(Name(loop2636))>+3: {"op": "Jump". "target": 4}')
debug_merge_point(0, 0, '4<main.rpyeffect:4(Name(infixEq71))>+0: {"op": "PrimOp". "name": "infixEq(Int. Int): Boolean". "out": {"num": [0]. "ptr": []}. "in": {"num": [0. 1]. "ptr": []}}')
+124: i15 = int_eq(i1, 0)
guard_true(i15, descr=<Guard0x1411fd5e0>) [p0, i1, i2, i3, p4, p5, p6, p7, p8, i9, p10, p11, p12, p13]
debug_merge_point(0, 0, '4<main.rpyeffect:4(Name(infixEq71))>+1: {"op": "Return". "args": {"num": [0]. "ptr": []}}')
debug_merge_point(0, 0, '34<main.rpyeffect:34([k@Name(loop2636)#44])>+0: {"op": "Swap". "type": "num". "a": 2. "b". 0}')
debug_merge_point(0, 0, '34<main.rpyeffect:34([k@Name(loop2636)#44])>+1: {"op": "IfZero". "cond": 2. "then": {"tag": null. "target": 33. "args": {"num": []. "ptr": []}}}')
debug_merge_point(0, 0, '34<main.rpyeffect:34([k@Name(loop2636)#44])>+2: {"op": "Return". "args": {"num": [0]. "ptr": []}}')
+132: guard_nonnull_class(p13, ConstClass(Stack__0_0), descr=<Guard0x1403f2bd0>) [p0, i1, i2, i3, p4, p5, p6, p7, p8, i9, p10, p11, p12, p13]
+160: i17 = getfield_gc_i(p13, descr=<FieldS rpyeffect.stored_environment.Stack__arb_arb.inst_target 16 pure>)
+164: guard_value(i17, 39, descr=<Guard0x1411fd620>) [p0, i1, i2, i3, p4, p5, p6, p7, p8, i9, p10, p11, p12, p13]
+176: p19 = getfield_gc_r(p13, descr=<FieldP rpyeffect.stored_environment.Stack__arb_arb.inst_tail 8 pure>)
debug_merge_point(0, 0, '39<main.rpyeffect:39([return_clause@[then#59]#69])>+0: {"op": "Return". "args": {"num": [0]. "ptr": []}}')
+180: guard_isnull(p19, descr=<Guard0x1411fd660>) [p0, i1, i2, i3, p4, p5, p6, p7, p8, i9, p10, p11, p12, p13]
debug_merge_point(0, 0, '52<main.rpyeffect:52([#82])>+0: {"op": "Push". "target": 51. "args": {"num": [1. 0]. "ptr": []}}')
debug_merge_point(0, 0, '52<main.rpyeffect:52([#82])>+1: {"op": "Copy". "type": "num". "from": 0. "to". 1}')
+188: p20 = new_with_vtable(descr=<SizeDescr 56>)
+296: setfield_gc(p20, 51, descr=<FieldS rpyeffect.stored_environment.Stack__arb_arb.inst_target 16 pure>)
+304: setfield_gc(p20, p10, descr=<FieldP rpyeffect.stored_environment.Stack__arb_arb.inst_tail 8 pure>)
+308: setfield_gc(p20, i9, descr=<FieldS rpyeffect.stored_environment.Stack__2_0.inst_values_num_0 40 pure>)
+312: setfield_gc(p20, i2, descr=<FieldS rpyeffect.stored_environment.Stack__2_0.inst_values_num_1 48 pure>)
+336: jump(p12, p20, p0, p11, ConstPtr(null), i2, i9, 503, i3, p4, p4, p5, p6, p7, descr=TargetToken(5372839920))
+472: --end of the loop--
[276e329] jit-log-opt-bridge}
[28366c6] {jit-log-opt-bridge
# bridge out of Guard 0x1403edce0 with 141 ops
[p0, i1, i2, i3, p4, p5, p6, p7, p8, p9, p10, p11, p12]
+168: guard_not_invalidated(descr=<Guard0x1403f2c28>) [p0, i1, i2, i3, p4, p5, p6, p7, p8, p9, p10, p11, p12]
debug_merge_point(0, 0, '52<main.rpyeffect:52([#82])>+2: {"op": "Copy". "type": "num". "from": 2. "to". 0}')
debug_merge_point(0, 0, '52<main.rpyeffect:52([#82])>+3: {"op": "Jump". "target": 7}')
debug_merge_point(0, 0, '7<main.rpyeffect:7(Name(infixMul98))>+0: {"op": "PrimOp". "name": "infixMul(Int. Int): Int". "out": {"num": [0]. "ptr": []}. "in": {"num": [0. 1]. "ptr": []}}')
+172: i13 = int_mul(i3, i1)
debug_merge_point(0, 0, '7<main.rpyeffect:7(Name(infixMul98))>+1: {"op": "Return". "args": {"num": [0]. "ptr": []}}')
debug_merge_point(0, 0, '51<main.rpyeffect:51([k@[#82]#84])>+0: {"op": "Push". "target": 50. "args": {"num": [1. 2]. "ptr": []}}')
debug_merge_point(0, 0, '51<main.rpyeffect:51([k@[#82]#84])>+1: {"op": "Swap". "type": "num". "a": 1. "b". 0}')
debug_merge_point(0, 0, '51<main.rpyeffect:51([k@[#82]#84])>+2: {"op": "Jump". "target": 8}')
debug_merge_point(0, 0, '8<main.rpyeffect:8(Name(infixSub104))>+0: {"op": "PrimOp". "name": "infixSub(Int. Int): Int". "out": {"num": [0]. "ptr": []}. "in": {"num": [0. 1]. "ptr": []}}')
+176: i14 = int_sub(i2, i13)
debug_merge_point(0, 0, '8<main.rpyeffect:8(Name(infixSub104))>+1: {"op": "Return". "args": {"num": [0]. "ptr": []}}')
debug_merge_point(0, 0, '50<main.rpyeffect:50([k@[k@[#82]#84]#87])>+0: {"op": "Const". "type": "num". "out": 3. "value": 37}')
debug_merge_point(0, 0, '50<main.rpyeffect:50([k@[k@[#82]#84]#87])>+1: {"op": "Push". "target": 49. "args": {"num": [1. 2]. "ptr": []}}')
debug_merge_point(0, 0, '50<main.rpyeffect:50([k@[k@[#82]#84]#87])>+2: {"op": "Copy". "type": "num". "from": 3. "to". 1}')
debug_merge_point(0, 0, '50<main.rpyeffect:50([k@[k@[#82]#84]#87])>+3: {"op": "Jump". "target": 6}')
debug_merge_point(0, 0, '6<main.rpyeffect:6(Name(infixAdd95))>+0: {"op": "PrimOp". "name": "infixAdd(Int. Int): Int". "out": {"num": [0]. "ptr": []}. "in": {"num": [0. 1]. "ptr": []}}')
+180: i16 = int_add(i14, 37)
debug_merge_point(0, 0, '6<main.rpyeffect:6(Name(infixAdd95))>+1: {"op": "Return". "args": {"num": [0]. "ptr": []}}')
debug_merge_point(0, 0, '49<main.rpyeffect:49([k@[k@[k@[#82]#84]#87]#92])>+0: {"op": "Const". "type": "num". "out": 3. "value": 0}')
debug_merge_point(0, 0, '49<main.rpyeffect:49([k@[k@[k@[#82]#84]#87]#92])>+1: {"op": "Push". "target": 48. "args": {"num": [1. 2]. "ptr": []}}')
debug_merge_point(0, 0, '49<main.rpyeffect:49([k@[k@[k@[#82]#84]#87]#92])>+2: {"op": "Copy". "type": "num". "from": 3. "to". 1}')
debug_merge_point(0, 0, '49<main.rpyeffect:49([k@[k@[k@[#82]#84]#87]#92])>+3: {"op": "Jump". "target": 10}')
debug_merge_point(0, 0, '10<main.rpyeffect:10(Name(infixLt168))>+0: {"op": "PrimOp". "name": "infixLt(Int. Int): Boolean". "out": {"num": [0]. "ptr": []}. "in": {"num": [0. 1]. "ptr": []}}')
+184: i18 = int_lt(i16, 0)
guard_true(i18, descr=<Guard0x1403ed060>) [p0, i1, i2, i3, p4, p5, p6, p7, p8, p9, p10, p11, p12]
debug_merge_point(0, 0, '10<main.rpyeffect:10(Name(infixLt168))>+1: {"op": "Return". "args": {"num": [0]. "ptr": []}}')
debug_merge_point(0, 0, '48<main.rpyeffect:48([k@[k@[k@[k@[#82]#84]#87]#92]#97])>+0: {"op": "Push". "target": 41. "args": {"num": []. "ptr": []}}')
debug_merge_point(0, 0, '48<main.rpyeffect:48([k@[k@[k@[k@[#82]#84]#87]#92]#97])>+1: {"op": "Swap". "type": "num". "a": 2. "b". 1}')
debug_merge_point(0, 0, '48<main.rpyeffect:48([k@[k@[k@[k@[#82]#84]#87]#92]#97])>+2: {"op": "IfZero". "cond": 0. "then": {"tag": null. "target": 44. "args": {"num": []. "ptr": []}}}')
debug_merge_point(0, 0, '48<main.rpyeffect:48([k@[k@[k@[k@[#82]#84]#87]#92]#97])>+3: {"op": "Const". "type": "num". "out": 0. "value": 0}')
debug_merge_point(0, 0, '48<main.rpyeffect:48([k@[k@[k@[k@[#82]#84]#87]#92]#97])>+4: {"op": "Const". "type": "num". "out": 3. "value": 503}')
debug_merge_point(0, 0, '48<main.rpyeffect:48([k@[k@[k@[k@[#82]#84]#87]#92]#97])>+5: {"op": "Push". "target": 47. "args": {"num": [2. 0]. "ptr": []}}')
debug_merge_point(0, 0, '48<main.rpyeffect:48([k@[k@[k@[k@[#82]#84]#87]#92]#97])>+6: {"op": "Copy". "type": "num". "from": 3. "to". 0}')
debug_merge_point(0, 0, '48<main.rpyeffect:48([k@[k@[k@[k@[#82]#84]#87]#92]#97])>+7: {"op": "Jump". "target": 7}')
debug_merge_point(0, 0, '7<main.rpyeffect:7(Name(infixMul98))>+0: {"op": "PrimOp". "name": "infixMul(Int. Int): Int". "out": {"num": [0]. "ptr": []}. "in": {"num": [0. 1]. "ptr": []}}')
+192: i20 = int_mul(503, i1)
debug_merge_point(0, 0, '7<main.rpyeffect:7(Name(infixMul98))>+1: {"op": "Return". "args": {"num": [0]. "ptr": []}}')
debug_merge_point(0, 0, '47<main.rpyeffect:47([k@[k@[k@[k@[k@[#82]#84]#87]#92]#97]#119])>+0: {"op": "Push". "target": 46. "args": {"num": [2]. "ptr": []}}')
debug_merge_point(0, 0, '47<main.rpyeffect:47([k@[k@[k@[k@[k@[#82]#84]#87]#92]#97]#119])>+1: {"op": "Swap". "type": "num". "a": 1. "b". 0}')
debug_merge_point(0, 0, '47<main.rpyeffect:47([k@[k@[k@[k@[k@[#82]#84]#87]#92]#97]#119])>+2: {"op": "Jump". "target": 8}')
debug_merge_point(0, 0, '8<main.rpyeffect:8(Name(infixSub104))>+0: {"op": "PrimOp". "name": "infixSub(Int. Int): Int". "out": {"num": [0]. "ptr": []}. "in": {"num": [0. 1]. "ptr": []}}')
+200: i21 = int_sub(i2, i20)
debug_merge_point(0, 0, '8<main.rpyeffect:8(Name(infixSub104))>+1: {"op": "Return". "args": {"num": [0]. "ptr": []}}')
debug_merge_point(0, 0, '46<main.rpyeffect:46([#122])>+0: {"op": "Const". "type": "num". "out": 2. "value": 37}')
debug_merge_point(0, 0, '46<main.rpyeffect:46([#122])>+1: {"op": "Push". "target": 45. "args": {"num": [1]. "ptr": []}}')
debug_merge_point(0, 0, '46<main.rpyeffect:46([#122])>+2: {"op": "Copy". "type": "num". "from": 2. "to". 1}')
debug_merge_point(0, 0, '46<main.rpyeffect:46([#122])>+3: {"op": "Jump". "target": 6}')
debug_merge_point(0, 0, '6<main.rpyeffect:6(Name(infixAdd95))>+0: {"op": "PrimOp". "name": "infixAdd(Int. Int): Int". "out": {"num": [0]. "ptr": []}. "in": {"num": [0. 1]. "ptr": []}}')
+204: i23 = int_add(i21, 37)
debug_merge_point(0, 0, '6<main.rpyeffect:6(Name(infixAdd95))>+1: {"op": "Return". "args": {"num": [0]. "ptr": []}}')
debug_merge_point(0, 0, '45<main.rpyeffect:45([k@[#122]#127])>+0: {"op": "Swap". "type": "num". "a": 1. "b". 0}')
debug_merge_point(0, 0, '45<main.rpyeffect:45([k@[#122]#127])>+1: {"op": "Jump". "target": 8}')
debug_merge_point(0, 0, '8<main.rpyeffect:8(Name(infixSub104))>+0: {"op": "PrimOp". "name": "infixSub(Int. Int): Int". "out": {"num": [0]. "ptr": []}. "in": {"num": [0. 1]. "ptr": []}}')
+208: i24 = int_neg(i23)
debug_merge_point(0, 0, '8<main.rpyeffect:8(Name(infixSub104))>+1: {"op": "Return". "args": {"num": [0]. "ptr": []}}')
debug_merge_point(0, 0, '41<main.rpyeffect:41([k@[k@[k@[k@[k@[#82]#84]#87]#92]#97]#100])>+0: {"op": "Const". "type": "num". "out": 1. "value": 1009}')
debug_merge_point(0, 0, '41<main.rpyeffect:41([k@[k@[k@[k@[k@[#82]#84]#87]#92]#97]#100])>+1: {"op": "Jump". "target": 9}')
+212: guard_nonnull(p12, descr=<Guard0x1403ed0a0>) [p0, i1, i2, i3, p4, p5, p6, p7, p8, p9, p10, p11, p12]
+220: i25 = getfield_gc_i(p12, descr=<FieldS rpyeffect.stored_environment.Stack__arb_arb.inst_target 16 pure>)
+224: guard_value(i25, 38, descr=<Guard0x1403ed0e0>) [p0, i1, i2, i3, p4, p5, p6, p7, p8, p9, p10, p11, p12]
debug_merge_point(0, 0, '9<main.rpyeffect:9(Name(mod107))>+0: {"op": "PrimOp". "name": "mod(Int. Int): Int". "out": {"num": [0]. "ptr": []}. "in": {"num": [0. 1]. "ptr": []}}')
+236: i28 = int_rshift(i24, 63)
+244: i29 = int_xor(i24, i28)
+248: i31 = uint_mul_high(i29, -9086255505087856445)
+268: i33 = uint_rshift(i31, 9)
+276: i34 = int_xor(i33, i28)
+280: i36 = int_mul(i34, 1009)
+288: i37 = int_sub(i24, i36)
debug_merge_point(0, 0, '9<main.rpyeffect:9(Name(mod107))>+1: {"op": "Return". "args": {"num": [0]. "ptr": []}}')
+292: i38 = getfield_gc_i(p12, descr=<FieldS rpyeffect.stored_environment.Stack__2_0.inst_values_num_0 40 pure>)
+296: i39 = getfield_gc_i(p12, descr=<FieldS rpyeffect.stored_environment.Stack__2_0.inst_values_num_1 48 pure>)
+300: p40 = getfield_gc_r(p12, descr=<FieldP rpyeffect.stored_environment.Stack__arb_arb.inst_tail 8 pure>)
debug_merge_point(0, 0, '38<main.rpyeffect:38([k@[then#59]#62])>+0: {"op": "Const". "type": "num". "out": 3. "value": 1}')
debug_merge_point(0, 0, '38<main.rpyeffect:38([k@[then#59]#62])>+1: {"op": "Push". "target": 37. "args": {"num": [2. 0]. "ptr": []}}')
debug_merge_point(0, 0, '38<main.rpyeffect:38([k@[then#59]#62])>+2: {"op": "Copy". "type": "num". "from": 1. "to". 0}')
debug_merge_point(0, 0, '38<main.rpyeffect:38([k@[then#59]#62])>+3: {"op": "Copy". "type": "num". "from": 3. "to". 1}')
debug_merge_point(0, 0, '38<main.rpyeffect:38([k@[then#59]#62])>+4: {"op": "Jump". "target": 8}')
debug_merge_point(0, 0, '8<main.rpyeffect:8(Name(infixSub104))>+0: {"op": "PrimOp". "name": "infixSub(Int. Int): Int". "out": {"num": [0]. "ptr": []}. "in": {"num": [0. 1]. "ptr": []}}')
+304: i42 = int_sub(i38, 1)
debug_merge_point(0, 0, '8<main.rpyeffect:8(Name(infixSub104))>+1: {"op": "Return". "args": {"num": [0]. "ptr": []}}')
debug_merge_point(0, 0, '37<main.rpyeffect:37([k@[k@[then#59]#62]#66])>+0: {"op": "Swap". "type": "num". "a": 2. "b". 1}')
debug_merge_point(0, 0, '37<main.rpyeffect:37([k@[k@[then#59]#62]#66])>+1: {"op": "Jump". "target": 70}')
debug_merge_point(0, 0, '70<main.rpyeffect:70(Name(step23942))>+0: {"op": "Const". "type": "num". "out": 3. "value": 0}')
debug_merge_point(0, 0, '70<main.rpyeffect:70(Name(step23942))>+1: {"op": "Push". "target": 69. "args": {"num": [0. 2. 1]. "ptr": []}}')
debug_merge_point(0, 0, '70<main.rpyeffect:70(Name(step23942))>+2: {"op": "Copy". "type": "num". "from": 3. "to". 1}')
debug_merge_point(0, 0, '70<main.rpyeffect:70(Name(step23942))>+3: {"op": "Jump". "target": 4}')
debug_merge_point(0, 0, '4<main.rpyeffect:4(Name(infixEq71))>+0: {"op": "PrimOp". "name": "infixEq(Int. Int): Boolean". "out": {"num": [0]. "ptr": []}. "in": {"num": [0. 1]. "ptr": []}}')
+308: i44 = int_eq(i42, 0)
guard_false(i44, descr=<Guard0x1403ed120>) [p0, i1, i2, i3, p4, p5, p6, p7, p8, p9, p10, p11, p12]
debug_merge_point(0, 0, '4<main.rpyeffect:4(Name(infixEq71))>+1: {"op": "Return". "args": {"num": [0]. "ptr": []}}')
debug_merge_point(0, 0, '69<main.rpyeffect:69([k@Name(step23942)#57])>+0: {"op": "Swap". "type": "num". "a": 1. "b". 0}')
debug_merge_point(0, 0, '69<main.rpyeffect:69([k@Name(step23942)#57])>+1: {"op": "Swap". "type": "num". "a": 2. "b". 0}')
debug_merge_point(0, 0, '69<main.rpyeffect:69([k@Name(step23942)#57])>+2: {"op": "IfZero". "cond": 1. "then": {"tag": null. "target": 68. "args": {"num": []. "ptr": []}}}')
+316: guard_nonnull(p40, descr=<Guard0x1403ed160>) [p0, i1, i2, i3, p4, p5, p6, p7, p8, p9, p10, p11, p12]
+324: i45 = getfield_gc_i(p40, descr=<FieldS rpyeffect.stored_environment.Stack__arb_arb.inst_target 16 pure>)
+328: guard_value(i45, 108, descr=<Guard0x1403ed1a0>) [p0, i1, i2, i3, p4, p5, p6, p7, p8, p9, p10, p11, p12]
debug_merge_point(0, 0, '68<main.rpyeffect:68([then#59])>+0: {"op": "PrimOp". "name": "freshlabel". "out": {"num": []. "ptr": [0]}. "in": {"num": []. "ptr": []}}')
debug_merge_point(0, 0, '68<main.rpyeffect:68([then#59])>+1: {"op": "Push". "target": 38. "args": {"num": [2. 0]. "ptr": []}}')
debug_merge_point(0, 0, '68<main.rpyeffect:68([then#59])>+2: {"op": "NewStack". "out": 1. "target": 39. "region": 2. "args": {"num": []. "ptr": []}. "label": 0}')
debug_merge_point(0, 0, '68<main.rpyeffect:68([then#59])>+3: {"op": "PushStack". "arg": 1}')
+340: guard_isnull(p11, descr=<Guard0x1403ed1e0>) [p0, i1, i2, i3, p4, p5, p6, p7, p8, p9, p10, p11, p12]
debug_merge_point(0, 0, '68<main.rpyeffect:68([then#59])>+4: {"op": "New". "out": 0. "targets": [53. 67]. "args": {"num": []. "ptr": [0]}}')
debug_merge_point(0, 0, '68<main.rpyeffect:68([then#59])>+5: {"op": "Copy". "type": "num". "from": 3. "to". 1}')
debug_merge_point(0, 0, '68<main.rpyeffect:68([then#59])>+6: {"op": "Jump". "target": 35}')
debug_merge_point(0, 0, '35<main.rpyeffect:35(Name(loop2636))>+0: {"op": "Const". "type": "num". "out": 2. "value": 0}')
debug_merge_point(0, 0, '35<main.rpyeffect:35(Name(loop2636))>+1: {"op": "Push". "target": 34. "args": {"num": [0. 1]. "ptr": [0]}}')
debug_merge_point(0, 0, '35<main.rpyeffect:35(Name(loop2636))>+2: {"op": "Copy". "type": "num". "from": 2. "to". 1}')
+352: p47 = new_with_vtable(descr=<SizeDescr 16>)
+456: p48 = new_with_vtable(descr=<SizeDescr 64>)
+468: p49 = new_with_vtable(descr=<SizeDescr 40>)
+480: setfield_gc(p49, ConstPtr(null), descr=<FieldP rpyeffect.stored_environment.Stack__arb_arb.inst_tail 8 pure>)
+488: setfield_gc(p49, 39, descr=<FieldS rpyeffect.stored_environment.Stack__arb_arb.inst_target 16 pure>)
+496: p52 = new_with_vtable(descr=<SizeDescr 40>)
+512: setfield_gc(p52, ConstPtr(ptr53), descr=<FieldP rpyeffect.stored_environment.CoData__arb_arb.inst_vtable 24 pure>)
+516: setfield_gc(p52, p47, descr=<FieldP rpyeffect.stored_environment.CoData__0_1.inst_values_ptr_0 32 pure>)
+520: p54 = new_with_vtable(descr=<SizeDescr 40>)
+532: p55 = new_with_vtable(descr=<SizeDescr 56>)
+544: setfield_gc(p55, p40, descr=<FieldP rpyeffect.stored_environment.Stack__arb_arb.inst_tail 8 pure>)
+548: setfield_gc(p55, 38, descr=<FieldS rpyeffect.stored_environment.Stack__arb_arb.inst_target 16 pure>)
+556: setfield_gc(p55, i42, descr=<FieldS rpyeffect.stored_environment.Stack__2_0.inst_values_num_0 40 pure>)
+560: setfield_gc(p55, i39, descr=<FieldS rpyeffect.stored_environment.Stack__2_0.inst_values_num_1 48 pure>)
+564: p57 = new_with_vtable(descr=<SizeDescr 40>)
+576: setfield_gc(p54, p55, descr=<FieldP rpyeffect.stack.MetaStackLike.inst_stack 8 pure>)
+580: setfield_gc(p54, p9, descr=<FieldP rpyeffect.stack.MetaStack.inst_label 16 pure>)
+588: p58 = new_with_vtable(descr=<SizeDescr 24>)
+604: setfield_gc(p58, ConstPtr(ptr59), descr=<FieldP rpyeffect.region.Region.inst_boxes 8 pure>)
+612: setfield_gc(p58, ConstPtr(ptr60), descr=<FieldP rpyeffect.region.Region.inst_refs 16>)
+616: setfield_gc(p54, ConstPtr(null), descr=<FieldP rpyeffect.stack.MetaStack.inst_region 24 pure>)
+624: setfield_gc(p54, p10, descr=<FieldP rpyeffect.stack.MetaStack.inst_tail 32 pure>)
+632: setfield_gc(p48, 34, descr=<FieldS rpyeffect.stored_environment.Stack__arb_arb.inst_target 16 pure>)
+640: setfield_gc(p48, p49, descr=<FieldP rpyeffect.stored_environment.Stack__arb_arb.inst_tail 8 pure>)
+644: setfield_gc(p47, 69632, descr=<FieldS rpyeffect.stack.Label.inst_origin 8 pure>)
+656: setfield_gc(p48, i39, descr=<FieldS rpyeffect.stored_environment.Stack__2_1.inst_values_num_0 40 pure>)
+660: setfield_gc(p48, i37, descr=<FieldS rpyeffect.stored_environment.Stack__2_1.inst_values_num_1 48 pure>)
+664: setfield_gc(p48, p52, descr=<FieldP rpyeffect.stored_environment.Stack__2_1.inst_values_ptr_0 56 pure>)
+668: setfield_gc(p57, p49, descr=<FieldP rpyeffect.stack.MetaStackLike.inst_stack 8 pure>)
+672: setfield_gc(p57, p47, descr=<FieldP rpyeffect.stack.MetaStack.inst_label 16 pure>)
+676: setfield_gc(p57, p58, descr=<FieldP rpyeffect.stack.MetaStack.inst_region 24 pure>)
+680: setfield_gc(p57, ConstPtr(null), descr=<FieldP rpyeffect.stack.MetaStack.inst_tail 32 pure>)
+752: jump(p47, p48, p0, p54, ConstPtr(null), i39, i37, 0, i37, p52, p57, p58, p7, p8, descr=TargetToken(5372839600))
+880: --end of the loop--
[2849ef3] jit-log-opt-bridge}
[2922777] {jit-log-opt-bridge
# bridge out of Guard 0x1403ed6a0 with 60 ops
[p0, i1, i2, i3, i4, p5, p6, p7, p8, p9, p10, p11, p12, p13]
+184: guard_not_invalidated(descr=<Guard0x140998020>) [p0, i1, i2, i3, i4, p5, p6, p7, p8, p9, p10, p11, p12, p13]
debug_merge_point(0, 0, '35<main.rpyeffect:35(Name(loop2636))>+3: {"op": "Jump". "target": 4}')
+188: guard_nonnull(p11, descr=<Guard0x14099a020>) [p0, i1, i2, i3, i4, p5, p6, p7, p8, p9, p10, p11, p12, p13]
+196: i14 = getfield_gc_i(p11, descr=<FieldS rpyeffect.stored_environment.Stack__arb_arb.inst_target 16 pure>)
+200: guard_value(i14, 34, descr=<Guard0x14099a060>) [p0, i1, i2, i3, i4, p5, p6, p7, p8, p9, p10, p11, p12, p13]
debug_merge_point(0, 0, '4<main.rpyeffect:4(Name(infixEq71))>+0: {"op": "PrimOp". "name": "infixEq(Int. Int): Boolean". "out": {"num": [0]. "ptr": []}. "in": {"num": [0. 1]. "ptr": []}}')
+212: i16 = int_eq(i1, i3)
guard_false(i16, descr=<Guard0x14099a0a0>) [p0, i1, i2, i3, i4, p5, p6, p7, p8, p9, p10, p11, p12, p13]
debug_merge_point(0, 0, '4<main.rpyeffect:4(Name(infixEq71))>+1: {"op": "Return". "args": {"num": [0]. "ptr": []}}')
+220: i17 = getfield_gc_i(p11, descr=<FieldS rpyeffect.stored_environment.Stack__2_1.inst_values_num_0 40 pure>)
+224: i18 = getfield_gc_i(p11, descr=<FieldS rpyeffect.stored_environment.Stack__2_1.inst_values_num_1 48 pure>)
+228: p19 = getfield_gc_r(p11, descr=<FieldP rpyeffect.stored_environment.Stack__2_1.inst_values_ptr_0 56 pure>)
+232: p20 = getfield_gc_r(p11, descr=<FieldP rpyeffect.stored_environment.Stack__arb_arb.inst_tail 8 pure>)
debug_merge_point(0, 0, '34<main.rpyeffect:34([k@Name(loop2636)#44])>+0: {"op": "Swap". "type": "num". "a": 2. "b". 0}')
debug_merge_point(0, 0, '34<main.rpyeffect:34([k@Name(loop2636)#44])>+1: {"op": "IfZero". "cond": 2. "then": {"tag": null. "target": 33. "args": {"num": []. "ptr": []}}}')
+236: guard_nonnull(p20, descr=<Guard0x14099a0e0>) [p0, i1, i2, i3, i4, p5, p6, p7, p8, p9, p10, p11, p12, p13]
+244: i21 = getfield_gc_i(p20, descr=<FieldS rpyeffect.stored_environment.Stack__arb_arb.inst_target 16 pure>)
+248: guard_value(i21, 39, descr=<Guard0x14099a120>) [p0, i1, i2, i3, i4, p5, p6, p7, p8, p9, p10, p11, p12, p13]
debug_merge_point(0, 0, '33<main.rpyeffect:33([then#46])>+0: {"op": "Push". "target": 32. "args": {"num": [1. 0]. "ptr": [0]}}')
debug_merge_point(0, 0, '33<main.rpyeffect:33([then#46])>+1: {"op": "Copy". "type": "num". "from": 1. "to". 0}')
debug_merge_point(0, 0, '33<main.rpyeffect:33([then#46])>+2: {"op": "Jump". "target": 30}')
debug_merge_point(0, 0, '30<main.rpyeffect:30([mcore:[#25]#40])>+0: {"op": "Invoke". "receiver": 0. "tag": Interned(%Operator2644(n):p). "args" : {"num": [0]. "ptr": []}}')
+260: p23 = getfield_gc_r(p19, descr=<FieldP rpyeffect.stored_environment.CoData__arb_arb.inst_vtable 24 pure>)
+268: guard_value(p23, ConstPtr(ptr24), descr=<Guard0x14099a160>) [p0, i1, i2, i3, i4, p5, p6, p7, p8, p9, p10, p11, p12, p13]
+276: p25 = getfield_gc_r(p19, descr=<FieldP rpyeffect.stored_environment.CoData__0_1.inst_values_ptr_0 32 pure>)
debug_merge_point(0, 0, '53<main.rpyeffect:53([method_%Operator2644(n):p@[then#59]#71])>+0: {"op": "Const". "type": "num". "out": 1. "value": 0}')
debug_merge_point(0, 0, '53<main.rpyeffect:53([method_%Operator2644(n):p@[then#59]#71])>+1: {"op": "ShiftDyn". "out": 0. "n": 1. "label": 0}')
+280: guard_isnull(p13, descr=<Guard0x14099a1a0>) [p0, i1, i2, i3, i4, p5, p6, p7, p8, p9, p10, p11, p12, p13]
+292: i26 = getfield_gc_i(p10, descr=<FieldS rpyeffect.stack.Label.inst_origin 8 pure>)
+296: i27 = getfield_gc_i(p25, descr=<FieldS rpyeffect.stack.Label.inst_origin 8 pure>)
+300: i28 = int_ne(i26, i27)
guard_false(i28, descr=<Guard0x14099a1e0>) [p0, i1, i2, i3, i4, p5, p6, p7, p8, p9, p10, p11, p12, p13]
+308: i29 = instance_ptr_eq(p10, p25)
guard_true(i29, descr=<Guard0x14099a220>) [p0, i1, i2, i3, i4, p5, p6, p7, p8, p9, p10, p11, p12, p13]
+316: guard_nonnull_class(p12, 4298485448, descr=<Guard0x140998078>) [p0, i1, i2, i3, i4, p5, p6, p7, p8, p9, p10, p11, p12, p13]
+340: p31 = getfield_gc_r(p12, descr=<FieldP rpyeffect.stack.MetaStackLike.inst_stack 8 pure>)
+344: p32 = getfield_gc_r(p12, descr=<FieldP rpyeffect.stack.MetaStack.inst_label 16 pure>)
+348: p33 = getfield_gc_r(p12, descr=<FieldP rpyeffect.stack.MetaStack.inst_tail 32 pure>)
+352: guard_nonnull(p31, descr=<Guard0x14099a260>) [p0, i1, i2, i3, i4, p5, p6, p7, p8, p9, p10, p11, p12, p13]
+360: i34 = getfield_gc_i(p31, descr=<FieldS rpyeffect.stored_environment.Stack__arb_arb.inst_target 16 pure>)
+364: guard_value(i34, 38, descr=<Guard0x14099a2a0>) [p0, i1, i2, i3, i4, p5, p6, p7, p8, p9, p10, p11, p12, p13]
debug_merge_point(0, 0, '53<main.rpyeffect:53([method_%Operator2644(n):p@[then#59]#71])>+2: {"op": "Const". "type": "num". "out": 1. "value": 503}')
debug_merge_point(0, 0, '53<main.rpyeffect:53([method_%Operator2644(n):p@[then#59]#71])>+3: {"op": "Construct". "out": 1. "type": Interned(Unit). "tag": Interned(unit). "args": {"num": []. "ptr": []}}')
debug_merge_point(0, 0, '53<main.rpyeffect:53([method_%Operator2644(n):p@[then#59]#71])>+4: {"op": "Push". "target": 52. "args": {"num": [0. 1]. "ptr": []}}')
debug_merge_point(0, 0, '53<main.rpyeffect:53([method_%Operator2644(n):p@[then#59]#71])>+5: {"op": "Swap". "type": "ptr". "a": 0. "b". 1}')
debug_merge_point(0, 0, '53<main.rpyeffect:53([method_%Operator2644(n):p@[then#59]#71])>+6: {"op": "Jump". "target": 36}')
debug_merge_point(0, 0, '36<main.rpyeffect:36(Name(resume64030))>+0: {"op": "PushStack". "arg": 1}')
debug_merge_point(0, 0, '36<main.rpyeffect:36(Name(resume64030))>+1: {"op": "Return". "args": {"num": []. "ptr": [0]}}')
debug_merge_point(0, 0, '32<main.rpyeffect:32([k@[then#46]#48])>+0: {"op": "Const". "type": "num". "out": 2. "value": 1}')
debug_merge_point(0, 0, '32<main.rpyeffect:32([k@[then#46]#48])>+1: {"op": "Push". "target": 31. "args": {"num": [1]. "ptr": [1]}}')
debug_merge_point(0, 0, '32<main.rpyeffect:32([k@[then#46]#48])>+2: {"op": "Copy". "type": "num". "from": 2. "to". 1}')
debug_merge_point(0, 0, '32<main.rpyeffect:32([k@[then#46]#48])>+3: {"op": "Jump". "target": 8}')
debug_merge_point(0, 0, '8<main.rpyeffect:8(Name(infixSub104))>+0: {"op": "PrimOp". "name": "infixSub(Int. Int): Int". "out": {"num": [0]. "ptr": []}. "in": {"num": [0. 1]. "ptr": []}}')
+376: i37 = int_sub(i17, 1)
debug_merge_point(0, 0, '8<main.rpyeffect:8(Name(infixSub104))>+1: {"op": "Return". "args": {"num": [0]. "ptr": []}}')
debug_merge_point(0, 0, '31<main.rpyeffect:31([k@[k@[then#46]#48]#52])>+0: {"op": "Jump". "target": 35}')
debug_merge_point(0, 0, '35<main.rpyeffect:35(Name(loop2636))>+0: {"op": "Const". "type": "num". "out": 2. "value": 0}')
debug_merge_point(0, 0, '35<main.rpyeffect:35(Name(loop2636))>+1: {"op": "Push". "target": 34. "args": {"num": [0. 1]. "ptr": [0]}}')
debug_merge_point(0, 0, '35<main.rpyeffect:35(Name(loop2636))>+2: {"op": "Copy". "type": "num". "from": 2. "to". 1}')
+380: jump(p10, p20, i37, i18, p19, p0, p31, i17, p32, p33, i4, p7, p8, p9, p25, descr=TargetToken(5372839680))
+440: --end of the loop--
[292c5ab] jit-log-opt-bridge}
[7d504ab] {jit-summary
Tracing:      	11	0.004704
Backend:      	11	0.001220
TOTAL:      		0.127937
ops:             	22756
heapcached ops:  	3427
recorded ops:    	4220
  calls:         	1298
guards:          	808
opt ops:         	1056
opt guards:      	104
opt guards shared:	87
forcings:        	0
abort: trace too long:	0
abort: compiling:	0
abort: vable escape:	0
abort: bad loop: 	0
abort: force quasi-immut:	0
abort: segmenting trace:	0
virtualizables forced:	0
nvirtuals:       	9
nvholes:         	0
nvreused:        	0
vecopt tried:    	0
vecopt success:  	0
Total # of loops:	5
Total # of bridges:	6
Freed # of loops:	0
Freed # of bridges:	0
[7d5410d] jit-summary}
