[835f05a] {jit-log-opt-loop
# Loop 1 (307<std_core_hnd.rpyeffect:6(Name(evvSwapCreate1))>+2: {"op": "Jump", "target": 301}) : loop with 501 ops
[p0, p1, p2, p3]
+424: p4 = getfield_gc_r(p2, descr=<FieldP rpyeffect.environment.Environment.inst_values_num 16>)
+432: i6 = getarrayitem_gc_i(p4, 0, descr=<ArrayS 8>)
+436: i8 = getarrayitem_gc_i(p4, 1, descr=<ArrayS 8>)
+440: i10 = getarrayitem_gc_i(p4, 2, descr=<ArrayS 8>)
+444: i12 = getarrayitem_gc_i(p4, 3, descr=<ArrayS 8>)
+448: i14 = getarrayitem_gc_i(p4, 4, descr=<ArrayS 8>)
+452: i16 = getarrayitem_gc_i(p4, 5, descr=<ArrayS 8>)
+456: i18 = getarrayitem_gc_i(p4, 6, descr=<ArrayS 8>)
+460: i20 = getarrayitem_gc_i(p4, 7, descr=<ArrayS 8>)
+464: i22 = getarrayitem_gc_i(p4, 8, descr=<ArrayS 8>)
+468: i24 = getarrayitem_gc_i(p4, 9, descr=<ArrayS 8>)
+472: i26 = getarrayitem_gc_i(p4, 10, descr=<ArrayS 8>)
+476: i28 = getarrayitem_gc_i(p4, 11, descr=<ArrayS 8>)
+480: i30 = getarrayitem_gc_i(p4, 12, descr=<ArrayS 8>)
+484: i32 = getarrayitem_gc_i(p4, 13, descr=<ArrayS 8>)
+488: i34 = getarrayitem_gc_i(p4, 14, descr=<ArrayS 8>)
+496: i36 = getarrayitem_gc_i(p4, 15, descr=<ArrayS 8>)
+500: p37 = getfield_gc_r(p2, descr=<FieldP rpyeffect.environment.Environment.inst_values_ptr 24>)
+504: p39 = getarrayitem_gc_r(p37, 0, descr=<ArrayP 8>)
+512: p41 = getarrayitem_gc_r(p37, 1, descr=<ArrayP 8>)
+520: p43 = getarrayitem_gc_r(p37, 2, descr=<ArrayP 8>)
+528: p45 = getarrayitem_gc_r(p37, 3, descr=<ArrayP 8>)
+536: p47 = getarrayitem_gc_r(p37, 4, descr=<ArrayP 8>)
+544: p49 = getarrayitem_gc_r(p37, 5, descr=<ArrayP 8>)
+552: p51 = getarrayitem_gc_r(p37, 6, descr=<ArrayP 8>)
+560: p53 = getarrayitem_gc_r(p37, 7, descr=<ArrayP 8>)
+568: p55 = getarrayitem_gc_r(p37, 8, descr=<ArrayP 8>)
+576: p57 = getarrayitem_gc_r(p37, 9, descr=<ArrayP 8>)
+584: p59 = getarrayitem_gc_r(p37, 10, descr=<ArrayP 8>)
+592: p61 = getarrayitem_gc_r(p37, 11, descr=<ArrayP 8>)
+600: p63 = getarrayitem_gc_r(p37, 12, descr=<ArrayP 8>)
+608: p65 = getarrayitem_gc_r(p37, 13, descr=<ArrayP 8>)
+616: p67 = getarrayitem_gc_r(p37, 14, descr=<ArrayP 8>)
+624: p69 = getarrayitem_gc_r(p37, 15, descr=<ArrayP 8>)
+628: label(p0, p1, p2, p3, i6, i8, i10, i12, i14, i16, i18, i20, i22, i24, i26, i28, i30, i32, i34, i36, p39, p41, p43, p45, p47, p49, p51, p53, p55, p57, p59, p61, p63, p65, p67, p69, descr=TargetToken(4973983072))
debug_merge_point(0, 0, '307<std_core_hnd.rpyeffect:6(Name(evvSwapCreate1))>+2: {"op": "Jump". "target": 301}')
+692: guard_not_invalidated(descr=<Guard0x1288a37d8>) [p2, i6, i8, i10, i12, i14, i16, i18, i20, i22, i24, i26, i28, i30, i32, i34, i36, p39, p41, p43, p45, p47, p49, p51, p53, p55, p57, p59, p61, p63, p65, p67, p69, p0, p1, p3]
+696: guard_nonnull(p1, descr=<Guard0x1287bbca0>) [p2, i6, i8, i10, i12, i14, i16, i18, i20, i22, i24, i26, i28, i30, i32, i34, i36, p39, p41, p43, p45, p47, p49, p51, p53, p55, p57, p59, p61, p63, p65, p67, p69, p0, p1, p3]
+708: i70 = getfield_gc_i(p1, descr=<FieldS rpyeffect.stored_environment.Stack__arb_arb.inst_target 16 pure>)
+716: guard_value(i70, 306, descr=<Guard0x1287bbce0>) [p2, i6, i8, i10, i12, i14, i16, i18, i20, i22, i24, i26, i28, i30, i32, i34, i36, p39, p41, p43, p45, p47, p49, p51, p53, p55, p57, p59, p61, p63, p65, p67, p69, p0, p1, p3]
debug_merge_point(0, 0, '301<std_core_hnd.rpyeffect:0(Name(getCurrentEvv))>+0: {"op": "Const". "type": "ptr". "out": 0. "format": "string". "value": "current-evv"}')
debug_merge_point(0, 0, '301<std_core_hnd.rpyeffect:0(Name(getCurrentEvv))>+1: {"op": "PrimOp". "name": "getGlobal(String): Ptr". "out": {"num": []. "ptr": [0]}. "in": {"num": []. "ptr": [0]}}')
debug_merge_point(0, 0, '301<std_core_hnd.rpyeffect:0(Name(getCurrentEvv))>+2: {"op": "PrimOp". "name": "getRef(Ref[Ptr]): Ptr". "out": {"num": []. "ptr": [0]}. "in": {"num": []. "ptr": [0]}}')
+732: p73 = getfield_gc_r(ConstPtr(ptr72), descr=<FieldP rpyeffect.region.PtrRef.inst_value 8>)
debug_merge_point(0, 0, '301<std_core_hnd.rpyeffect:0(Name(getCurrentEvv))>+3: {"op": "Return". "args": {"num": []. "ptr": [0]}}')
+736: i74 = getfield_gc_i(p1, descr=<FieldS rpyeffect.stored_environment.Stack__1_1.inst_values_num_0 40 pure>)
+740: p75 = getfield_gc_r(p1, descr=<FieldP rpyeffect.stored_environment.Stack__1_1.inst_values_ptr_0 48 pure>)
+744: p76 = getfield_gc_r(p1, descr=<FieldP rpyeffect.stored_environment.Stack__arb_arb.inst_tail 8 pure>)
debug_merge_point(0, 0, '306<std_core_hnd.rpyeffect:5([k@Name(evvSwapCreate1)#21])>+0: {"op": "Push". "target": 305. "args": {"num": []. "ptr": [0. 1]}}')
debug_merge_point(0, 0, '306<std_core_hnd.rpyeffect:5([k@Name(evvSwapCreate1)#21])>+1: {"op": "Jump". "target": 331}')
debug_merge_point(0, 0, '331<std_core_hnd.rpyeffect:30(Name(elt))>+0: {"op": "Switch". "scrutinee": 0. "values": [0]. "targets": [329]. "default": 330}')
+748: i78 = int_eq(i74, 0)
guard_false(i78, descr=<Guard0x1287bbd20>) [p2, i6, i8, i10, i12, i14, i16, i18, i20, i22, i24, i26, i28, i30, i32, i34, i36, p39, p41, p43, p45, p47, p49, p51, p53, p55, p57, p59, p61, p63, p65, p67, p69, p0, p1, p3]
debug_merge_point(0, 0, '330<std_core_hnd.rpyeffect:29([switch default case#88])>+0: {"op": "Proj". "out": 0. "type": Interned(evv). "scrutinee": 0. "tag": Interned(cons). "field": 1. "field_type": "ptr"}')
+756: p79 = getfield_gc_r(p73, descr=<FieldP rpyeffect.stored_environment.Data__arb_arb.inst_tag 8>)
+764: guard_value(p79, ConstPtr(ptr80), descr=<Guard0x1287bbd60>) [p2, i6, i8, i10, i12, i14, i16, i18, i20, i22, i24, i26, i28, i30, i32, i34, i36, p39, p41, p43, p45, p47, p49, p51, p53, p55, p57, p59, p61, p63, p65, p67, p69, p0, p1, p3]
+772: guard_class(p73, ConstClass(Data__0_2), descr=<Guard0x1287bbda0>) [p2, i6, i8, i10, i12, i14, i16, i18, i20, i22, i24, i26, i28, i30, i32, i34, i36, p39, p41, p43, p45, p47, p49, p51, p53, p55, p57, p59, p61, p63, p65, p67, p69, p0, p1, p3]
+788: p82 = getfield_gc_r(p73, descr=<FieldP rpyeffect.stored_environment.Data__0_2.inst_values_ptr_1 40 pure>)
debug_merge_point(0, 0, '330<std_core_hnd.rpyeffect:29([switch default case#88])>+1: {"op": "Const". "type": "num". "out": 1. "value": 1}')
debug_merge_point(0, 0, '330<std_core_hnd.rpyeffect:29([switch default case#88])>+2: {"op": "PrimOp". "name": "infixSub(Int. Int): Int". "out": {"num": [0]. "ptr": []}. "in": {"num": [0. 1]. "ptr": []}}')
+792: i84 = int_sub(i74, 1)
debug_merge_point(0, 0, '330<std_core_hnd.rpyeffect:29([switch default case#88])>+3: {"op": "Jump". "target": 331}')
debug_merge_point(0, 0, '331<std_core_hnd.rpyeffect:30(Name(elt))>+0: {"op": "Switch". "scrutinee": 0. "values": [0]. "targets": [329]. "default": 330}')
+796: i86 = int_eq(i84, 0)
guard_true(i86, descr=<Guard0x1287bbde0>) [p2, i6, i8, i10, i12, i14, i16, i18, i20, i22, i24, i26, i28, i30, i32, i34, i36, p39, p41, p43, p45, p47, p49, p51, p53, p55, p57, p59, p61, p63, p65, p67, p69, p0, p1, p3]
debug_merge_point(0, 0, '329<std_core_hnd.rpyeffect:28([switch case for 0#86])>+0: {"op": "Proj". "out": 0. "type": Interned(evv). "scrutinee": 0. "tag": Interned(cons). "field": 0. "field_type": "ptr"}')
+804: p87 = getfield_gc_r(p82, descr=<FieldP rpyeffect.stored_environment.Data__arb_arb.inst_tag 8>)
+808: guard_value(p87, ConstPtr(ptr88), descr=<Guard0x1287bbe20>) [p2, i6, i8, i10, i12, i14, i16, i18, i20, i22, i24, i26, i28, i30, i32, i34, i36, p39, p41, p43, p45, p47, p49, p51, p53, p55, p57, p59, p61, p63, p65, p67, p69, p0, p1, p3]
+816: guard_class(p82, ConstClass(Data__0_2), descr=<Guard0x1287bbe60>) [p2, i6, i8, i10, i12, i14, i16, i18, i20, i22, i24, i26, i28, i30, i32, i34, i36, p39, p41, p43, p45, p47, p49, p51, p53, p55, p57, p59, p61, p63, p65, p67, p69, p0, p1, p3]
+832: p90 = getfield_gc_r(p82, descr=<FieldP rpyeffect.stored_environment.Data__0_2.inst_values_ptr_0 32 pure>)
debug_merge_point(0, 0, '329<std_core_hnd.rpyeffect:28([switch case for 0#86])>+1: {"op": "Return". "args": {"num": []. "ptr": [0]}}')
+836: guard_nonnull(p76, descr=<Guard0x1287bbea0>) [p2, i6, i8, i10, i12, i14, i16, i18, i20, i22, i24, i26, i28, i30, i32, i34, i36, p39, p41, p43, p45, p47, p49, p51, p53, p55, p57, p59, p61, p63, p65, p67, p69, p0, p1, p3]
+844: i91 = getfield_gc_i(p76, descr=<FieldS rpyeffect.stored_environment.Stack__arb_arb.inst_target 16 pure>)
+848: guard_value(i91, 802, descr=<Guard0x1287bbee0>) [p2, i6, i8, i10, i12, i14, i16, i18, i20, i22, i24, i26, i28, i30, i32, i34, i36, p39, p41, p43, p45, p47, p49, p51, p53, p55, p57, p59, p61, p63, p65, p67, p69, p0, p1, p3]
debug_merge_point(0, 0, '305<std_core_hnd.rpyeffect:4([k@[k@Name(evvSwapCreate1)#21]#23])>+0: {"op": "Construct". "out": 0. "type": Interned(evv). "tag": Interned(cons). "args": {"num": []. "ptr": [0. 2]}}')
debug_merge_point(0, 0, '305<std_core_hnd.rpyeffect:4([k@[k@Name(evvSwapCreate1)#21]#23])>+1: {"op": "Push". "target": 304. "args": {"num": []. "ptr": [1]}}')
debug_merge_point(0, 0, '305<std_core_hnd.rpyeffect:4([k@[k@Name(evvSwapCreate1)#21]#23])>+2: {"op": "Jump". "target": 302}')
debug_merge_point(0, 0, '302<std_core_hnd.rpyeffect:1(Name(setCurrentEvv))>+0: {"op": "Const". "type": "ptr". "out": 1. "format": "string". "value": "current-evv"}')
debug_merge_point(0, 0, '302<std_core_hnd.rpyeffect:1(Name(setCurrentEvv))>+1: {"op": "PrimOp". "name": "getGlobal(String): Ptr". "out": {"num": []. "ptr": [1]}. "in": {"num": []. "ptr": [1]}}')
debug_merge_point(0, 0, '302<std_core_hnd.rpyeffect:1(Name(setCurrentEvv))>+2: {"op": "PrimOp". "name": "setRef(Ref[Ptr]. Ptr): Unit". "out": {"num": []. "ptr": [0]}. "in": {"num": []. "ptr": [1. 0]}}')
debug_merge_point(0, 0, '302<std_core_hnd.rpyeffect:1(Name(setCurrentEvv))>+3: {"op": "Return". "args": {"num": []. "ptr": [0]}}')
debug_merge_point(0, 0, '304<std_core_hnd.rpyeffect:3([k@[k@[k@Name(evvSwapCreate1)#21]#23]#26])>+0: {"op": "Copy". "type": "ptr". "from": 1. "to". 0}')
debug_merge_point(0, 0, '304<std_core_hnd.rpyeffect:3([k@[k@[k@Name(evvSwapCreate1)#21]#23]#26])>+1: {"op": "Return". "args": {"num": []. "ptr": [0]}}')
+860: i93 = getfield_gc_i(p76, descr=<FieldS rpyeffect.stored_environment.Stack__1_1.inst_values_num_0 40 pure>)
+864: p94 = getfield_gc_r(p76, descr=<FieldP rpyeffect.stored_environment.Stack__1_1.inst_values_ptr_0 48 pure>)
+868: p95 = getfield_gc_r(p76, descr=<FieldP rpyeffect.stored_environment.Stack__arb_arb.inst_tail 8 pure>)
debug_merge_point(0, 0, '802<std_core_hnd.rpyeffect:501([k@[mcore:[#725]#1309]#1314])>+0: {"op": "Push". "target": 801. "args": {"num": [0]. "ptr": [0]}}')
debug_merge_point(0, 0, '802<std_core_hnd.rpyeffect:501([k@[mcore:[#725]#1309]#1314])>+1: {"op": "Invoke". "receiver": 1. "tag": Interned(%apply():p). "args" : {"num": []. "ptr": []}}')
+872: p96 = getfield_gc_r(p94, descr=<FieldP rpyeffect.stored_environment.CoData__arb_arb.inst_vtable 24 pure>)
+880: guard_value(p96, ConstPtr(ptr97), descr=<Guard0x1287bbf20>) [p2, i6, i8, i10, i12, i14, i16, i18, i20, i22, i24, i26, i28, i30, i32, i34, i36, p39, p41, p43, p45, p47, p49, p51, p53, p55, p57, p59, p61, p63, p65, p67, p69, p0, p1, p3]
debug_merge_point(0, 0, '5205<main.rpyeffect:208([method_%apply():p@[mcore:[#397]#771]#783])>+0: {"op": "Const". "type": "ptr". "out": 0. "format": "string". "value": "Name(import$std/core/hnd)"}')
debug_merge_point(0, 0, '5205<main.rpyeffect:208([method_%apply():p@[mcore:[#397]#771]#783])>+1: {"op": "PrimOp". "name": "getGlobal(String): Ptr". "out": {"num": []. "ptr": [0]}. "in": {"num": []. "ptr": [0]}}')
debug_merge_point(0, 0, '5205<main.rpyeffect:208([method_%apply():p@[mcore:[#397]#771]#783])>+2: {"op": "Push". "target": 5204. "args": {"num": []. "ptr": []}}')
debug_merge_point(0, 0, '5205<main.rpyeffect:208([method_%apply():p@[mcore:[#397]#771]#783])>+3: {"op": "Jump". "target": 5171}')
debug_merge_point(0, 0, '5171<main.rpyeffect:174([mcore:[#353]#637])>+0: {"op": "Const". "type": "num". "out": 0. "value": 0}')
debug_merge_point(0, 0, '5171<main.rpyeffect:174([mcore:[#353]#637])>+1: {"op": "Const". "type": "ptr". "out": 0. "format": "string". "value": "Name(import$std/core/hnd)"}')
debug_merge_point(0, 0, '5171<main.rpyeffect:174([mcore:[#353]#637])>+2: {"op": "PrimOp". "name": "getGlobal(String): Ptr". "out": {"num": []. "ptr": [0]}. "in": {"num": []. "ptr": [0]}}')
debug_merge_point(0, 0, '5171<main.rpyeffect:174([mcore:[#353]#637])>+3: {"op": "Push". "target": 5170. "args": {"num": [0]. "ptr": []}}')
debug_merge_point(0, 0, '5171<main.rpyeffect:174([mcore:[#353]#637])>+4: {"op": "Jump". "target": 5159}')
debug_merge_point(0, 0, '5159<main.rpyeffect:162([mcore:[#345]#633])>+0: {"op": "Const". "type": "ptr". "out": 0. "format": "string". "value": "Name(import$std/core/hnd)"}')
debug_merge_point(0, 0, '5159<main.rpyeffect:162([mcore:[#345]#633])>+1: {"op": "PrimOp". "name": "getGlobal(String): Ptr". "out": {"num": []. "ptr": [0]}. "in": {"num": []. "ptr": [0]}}')
debug_merge_point(0, 0, '5159<main.rpyeffect:162([mcore:[#345]#633])>+2: {"op": "CallLib". "lib": "0". "symbol": "getCurrentEvv"}')
debug_merge_point(0, 0, '301<std_core_hnd.rpyeffect:0(Name(getCurrentEvv))>+0: {"op": "Const". "type": "ptr". "out": 0. "format": "string". "value": "current-evv"}')
debug_merge_point(0, 0, '301<std_core_hnd.rpyeffect:0(Name(getCurrentEvv))>+1: {"op": "PrimOp". "name": "getGlobal(String): Ptr". "out": {"num": []. "ptr": [0]}. "in": {"num": []. "ptr": [0]}}')
debug_merge_point(0, 0, '301<std_core_hnd.rpyeffect:0(Name(getCurrentEvv))>+2: {"op": "PrimOp". "name": "getRef(Ref[Ptr]): Ptr". "out": {"num": []. "ptr": [0]}. "in": {"num": []. "ptr": [0]}}')
debug_merge_point(0, 0, '301<std_core_hnd.rpyeffect:0(Name(getCurrentEvv))>+3: {"op": "Return". "args": {"num": []. "ptr": [0]}}')
debug_merge_point(0, 0, '5170<main.rpyeffect:173([k@[mcore:[#353]#637]#643])>+0: {"op": "PrimOp". "name": "promote_ptr". "out": {"num": []. "ptr": [0]}. "in": {"num": []. "ptr": [0]}}')
debug_merge_point(0, 0, '5170<main.rpyeffect:173([k@[mcore:[#353]#637]#643])>+1: {"op": "Const". "type": "ptr". "out": 1. "format": "string". "value": "Name(import$std/core/hnd)"}')
debug_merge_point(0, 0, '5170<main.rpyeffect:173([k@[mcore:[#353]#637]#643])>+2: {"op": "PrimOp". "name": "getGlobal(String): Ptr". "out": {"num": []. "ptr": [1]}. "in": {"num": []. "ptr": [1]}}')
debug_merge_point(0, 0, '5170<main.rpyeffect:173([k@[mcore:[#353]#637]#643])>+3: {"op": "Push". "target": 5169. "args": {"num": []. "ptr": []}}')
debug_merge_point(0, 0, '5170<main.rpyeffect:173([k@[mcore:[#353]#637]#643])>+4: {"op": "Jump". "target": 5158}')
debug_merge_point(0, 0, '5158<main.rpyeffect:161([mcore:[#344]#627])>+0: {"op": "Const". "type": "ptr". "out": 1. "format": "string". "value": "Name(import$std/core/hnd)"}')
debug_merge_point(0, 0, '5158<main.rpyeffect:161([mcore:[#344]#627])>+1: {"op": "PrimOp". "name": "getGlobal(String): Ptr". "out": {"num": []. "ptr": [1]}. "in": {"num": []. "ptr": [1]}}')
debug_merge_point(0, 0, '5158<main.rpyeffect:161([mcore:[#344]#627])>+2: {"op": "CallLib". "lib": "1". "symbol": "elt"}')
debug_merge_point(0, 0, '331<std_core_hnd.rpyeffect:30(Name(elt))>+0: {"op": "Switch". "scrutinee": 0. "values": [0]. "targets": [329]. "default": 330}')
debug_merge_point(0, 0, '329<std_core_hnd.rpyeffect:28([switch case for 0#86])>+0: {"op": "Proj". "out": 0. "type": Interned(evv). "scrutinee": 0. "tag": Interned(cons). "field": 0. "field_type": "ptr"}')
debug_merge_point(0, 0, '329<std_core_hnd.rpyeffect:28([switch case for 0#86])>+1: {"op": "Return". "args": {"num": []. "ptr": [0]}}')
debug_merge_point(0, 0, '5169<main.rpyeffect:172([k@[k@[mcore:[#353]#637]#643]#651])>+0: {"op": "Match". "type": Interned(std/core/hnd/ev). "scrutinee": 0. "clauses": [{"tag": Interned(std/core/hnd/Ev). "target": 5168. "args": {"num": []. "ptr": [1. 2. 3. 4]}}]. "default": {"tag": Interned(28f21bda-754e-424d-998b-aa7f1fb64415#[Missing Tag#1712]). "target": 5160. "args": {"num": []. "ptr": []}}}')
+888: p98 = getfield_gc_r(p90, descr=<FieldP rpyeffect.stored_environment.Data__arb_arb.inst_tag 8>)
+896: guard_value(p98, ConstPtr(ptr99), descr=<Guard0x1287bbf60>) [p2, i6, i8, i10, i12, i14, i16, i18, i20, i22, i24, i26, i28, i30, i32, i34, i36, p39, p41, p43, p45, p47, p49, p51, p53, p55, p57, p59, p61, p63, p65, p67, p69, p0, p1, p3]
+904: p100 = getfield_gc_r(p90, descr=<FieldP rpyeffect.stored_environment.Data__arb_arb.inst_values_ptr 24 pure>)
+908: p102 = getarrayitem_gc_pure_r(p100, 0, descr=<ArrayP 8>)
+908: p104 = getarrayitem_gc_pure_r(p100, 1, descr=<ArrayP 8>)
+908: p106 = getarrayitem_gc_pure_r(p100, 2, descr=<ArrayP 8>)
+912: p108 = getarrayitem_gc_pure_r(p100, 3, descr=<ArrayP 8>)
debug_merge_point(0, 0, '5168<main.rpyeffect:171([#655])>+0: {"op": "Copy". "type": "ptr". "from": 0. "to". 1}')
debug_merge_point(0, 0, '5168<main.rpyeffect:171([#655])>+1: {"op": "Copy". "type": "ptr". "from": 2. "to". 0}')
debug_merge_point(0, 0, '5168<main.rpyeffect:171([#655])>+2: {"op": "Match". "type": Interned(main/read). "scrutinee": 3. "clauses": [{"tag": Interned(main/@Hnd-read). "target": 5167. "args": {"num": [0]. "ptr": [2]}}]. "default": {"tag": Interned(28f21bda-754e-424d-998b-aa7f1fb64415#[Missing Tag#1711]). "target": 5162. "args": {"num": []. "ptr": []}}}')
+916: p109 = getfield_gc_r(p106, descr=<FieldP rpyeffect.stored_environment.Data__arb_arb.inst_tag 8>)
+924: guard_value(p109, ConstPtr(ptr110), descr=<Guard0x1287bbfa0>) [p2, i6, i8, i10, i12, i14, i16, i18, i20, i22, i24, i26, i28, i30, i32, i34, i36, p39, p41, p43, p45, p47, p49, p51, p53, p55, p57, p59, p61, p63, p65, p67, p69, p0, p1, p3]
+932: i111 = getfield_gc_i(p106, descr=<FieldS rpyeffect.stored_environment.Data__1_1.inst_values_num_0 32 pure>)
+936: p112 = getfield_gc_r(p106, descr=<FieldP rpyeffect.stored_environment.Data__1_1.inst_values_ptr_0 40 pure>)
debug_merge_point(0, 0, '5167<main.rpyeffect:170([match_main/@Hnd-read@[#655]#662])>+0: {"op": "Match". "type": Interned(std/core/hnd/clause0). "scrutinee": 2. "clauses": [{"tag": Interned(std/core/hnd/Clause0). "target": 5166. "args": {"num": []. "ptr": [2]}}]. "default": {"tag": Interned(28f21bda-754e-424d-998b-aa7f1fb64415#[Missing Tag#1710]). "target": 5164. "args": {"num": []. "ptr": []}}}')
+940: p113 = getfield_gc_r(p112, descr=<FieldP rpyeffect.stored_environment.Data__arb_arb.inst_tag 8>)
+948: guard_value(p113, ConstPtr(ptr114), descr=<Guard0x1288b2020>) [p2, i6, i8, i10, i12, i14, i16, i18, i20, i22, i24, i26, i28, i30, i32, i34, i36, p39, p41, p43, p45, p47, p49, p51, p53, p55, p57, p59, p61, p63, p65, p67, p69, p0, p1, p3]
+956: p115 = getfield_gc_r(p112, descr=<FieldP rpyeffect.stored_environment.Data__0_1.inst_values_ptr_0 32 pure>)
debug_merge_point(0, 0, '5166<main.rpyeffect:169([#669])>+0: {"op": "Push". "target": 5165. "args": {"num": []. "ptr": []}}')
debug_merge_point(0, 0, '5166<main.rpyeffect:169([#669])>+1: {"op": "Invoke". "receiver": 2. "tag": Interned(%apply(pp):p). "args" : {"num": []. "ptr": [0. 1]}}')
+960: p116 = getfield_gc_r(p115, descr=<FieldP rpyeffect.stored_environment.CoData__arb_arb.inst_vtable 24 pure>)
+968: guard_value(p116, ConstPtr(ptr117), descr=<Guard0x1288b2060>) [p2, i6, i8, i10, i12, i14, i16, i18, i20, i22, i24, i26, i28, i30, i32, i34, i36, p39, p41, p43, p45, p47, p49, p51, p53, p55, p57, p59, p61, p63, p65, p67, p69, p0, p1, p3]
+976: p118 = getfield_gc_r(p115, descr=<FieldP rpyeffect.stored_environment.CoData__0_1.inst_values_ptr_0 32 pure>)
debug_merge_point(0, 0, '1487<std_core_hnd.rpyeffect:1186([#3688])>+0: {"op": "Const". "type": "ptr". "out": 3. "format": "string". "value": "Name(import$std/core/hnd)"}')
debug_merge_point(0, 0, '1487<std_core_hnd.rpyeffect:1186([#3688])>+1: {"op": "PrimOp". "name": "getGlobal(String): Ptr". "out": {"num": []. "ptr": [3]}. "in": {"num": []. "ptr": [3]}}')
debug_merge_point(0, 0, '1487<std_core_hnd.rpyeffect:1186([#3688])>+2: {"op": "Swap". "type": "ptr". "a": 3. "b". 2}')
debug_merge_point(0, 0, '1487<std_core_hnd.rpyeffect:1186([#3688])>+3: {"op": "Jump". "target": 1485}')
debug_merge_point(0, 0, '1485<std_core_hnd.rpyeffect:1184([mcore:[#1223]#3619])>+0: {"op": "Push". "target": 1481. "args": {"num": []. "ptr": [1. 3]}}')
debug_merge_point(0, 0, '1485<std_core_hnd.rpyeffect:1184([mcore:[#1223]#3619])>+1: {"op": "Match". "type": Interned(std/core/hnd/ev). "scrutinee": 1. "clauses": [{"tag": Interned(std/core/hnd/Ev). "target": 1484. "args": {"num": []. "ptr": [0. 1. 2. 3]}}]. "default": {"tag": Interned(f1366ff7-7d8a-4a49-ba54-2f66d995f403#[Missing Tag#4968]). "target": 1482. "args": {"num": []. "ptr": []}}}')
debug_merge_point(0, 0, '1484<std_core_hnd.rpyeffect:1183([#3676])>+0: {"op": "Const". "type": "ptr". "out": 0. "format": "string". "value": "Name(import$std/core/hnd)"}')
debug_merge_point(0, 0, '1484<std_core_hnd.rpyeffect:1183([#3676])>+1: {"op": "PrimOp". "name": "getGlobal(String): Ptr". "out": {"num": []. "ptr": [0]}. "in": {"num": []. "ptr": [0]}}')
debug_merge_point(0, 0, '1484<std_core_hnd.rpyeffect:1183([#3676])>+2: {"op": "Copy". "type": "ptr". "from": 0. "to". 1}')
debug_merge_point(0, 0, '1484<std_core_hnd.rpyeffect:1183([#3676])>+3: {"op": "Copy". "type": "ptr". "from": 3. "to". 0}')
debug_merge_point(0, 0, '1484<std_core_hnd.rpyeffect:1183([#3676])>+4: {"op": "Jump". "target": 1441}')
debug_merge_point(0, 0, '1441<std_core_hnd.rpyeffect:1140([mcore:[#1206]#3530])>+0: {"op": "Const". "type": "ptr". "out": 1. "format": "string". "value": "Name(import$std/core/hnd)"}')
debug_merge_point(0, 0, '1441<std_core_hnd.rpyeffect:1140([mcore:[#1206]#3530])>+1: {"op": "PrimOp". "name": "getGlobal(String): Ptr". "out": {"num": []. "ptr": [1]}. "in": {"num": []. "ptr": [1]}}')
debug_merge_point(0, 0, '1441<std_core_hnd.rpyeffect:1140([mcore:[#1206]#3530])>+2: {"op": "CallLib". "lib": "1". "symbol": "swapCurrentEvv"}')
debug_merge_point(0, 0, '303<std_core_hnd.rpyeffect:2(Name(swapCurrentEvv))>+0: {"op": "Const". "type": "ptr". "out": 1. "format": "string". "value": "current-evv"}')
debug_merge_point(0, 0, '303<std_core_hnd.rpyeffect:2(Name(swapCurrentEvv))>+1: {"op": "PrimOp". "name": "getGlobal(String): Ptr". "out": {"num": []. "ptr": [1]}. "in": {"num": []. "ptr": [1]}}')
debug_merge_point(0, 0, '303<std_core_hnd.rpyeffect:2(Name(swapCurrentEvv))>+2: {"op": "PrimOp". "name": "getRef(Ref[Ptr]): Ptr". "out": {"num": []. "ptr": [2]}. "in": {"num": []. "ptr": [1]}}')
debug_merge_point(0, 0, '303<std_core_hnd.rpyeffect:2(Name(swapCurrentEvv))>+3: {"op": "PrimOp". "name": "setRef(Ref[Ptr]. Ptr): Unit". "out": {"num": []. "ptr": [0]}. "in": {"num": []. "ptr": [1. 0]}}')
debug_merge_point(0, 0, '303<std_core_hnd.rpyeffect:2(Name(swapCurrentEvv))>+4: {"op": "Copy". "type": "ptr". "from": 2. "to". 0}')
debug_merge_point(0, 0, '303<std_core_hnd.rpyeffect:2(Name(swapCurrentEvv))>+5: {"op": "Return". "args": {"num": []. "ptr": [0]}}')
debug_merge_point(0, 0, '1481<std_core_hnd.rpyeffect:1180([k@[mcore:[#1223]#3619]#3621])>+0: {"op": "Push". "target": 1480. "args": {"num": []. "ptr": [1. 0]}}')
debug_merge_point(0, 0, '1481<std_core_hnd.rpyeffect:1180([k@[mcore:[#1223]#3619]#3621])>+1: {"op": "Invoke". "receiver": 2. "tag": Interned(%apply():p). "args" : {"num": []. "ptr": []}}')
+980: p119 = getfield_gc_r(p118, descr=<FieldP rpyeffect.stored_environment.CoData__arb_arb.inst_vtable 24 pure>)
+1048: setfield_gc(ConstPtr(ptr120), p108, descr=<FieldP rpyeffect.region.PtrRef.inst_value 8>)
+1056: guard_value(p119, ConstPtr(ptr121), descr=<Guard0x1288a3830>) [p2, i111, i10, i12, i14, i16, i18, i20, i22, i24, i26, i28, i30, i32, i34, i36, p90, p118, p108, p49, p51, p53, p55, p57, p59, p61, p63, p65, p67, p69, p0, p3, p119, p73, i93, p95, p75]
+1064: i122 = getfield_gc_i(p118, descr=<FieldS rpyeffect.stored_environment.CoData__1_2.inst_values_num_0 32 pure>)
+1068: p123 = getfield_gc_r(p118, descr=<FieldP rpyeffect.stored_environment.CoData__1_2.inst_values_ptr_0 40 pure>)
+1076: p124 = getfield_gc_r(p118, descr=<FieldP rpyeffect.stored_environment.CoData__1_2.inst_values_ptr_1 48 pure>)
debug_merge_point(0, 0, '5140<main.rpyeffect:143([method_%apply():p@[mcore:[#334]#495]#510])>+0: {"op": "Const". "type": "ptr". "out": 2. "format": "string". "value": "Name(import$std/core/hnd)"}')
debug_merge_point(0, 0, '5140<main.rpyeffect:143([method_%apply():p@[mcore:[#334]#495]#510])>+1: {"op": "PrimOp". "name": "getGlobal(String): Ptr". "out": {"num": []. "ptr": [2]}. "in": {"num": []. "ptr": [2]}}')
debug_merge_point(0, 0, '5140<main.rpyeffect:143([method_%apply():p@[mcore:[#334]#495]#510])>+2: {"op": "Const". "type": "ptr". "out": 3. "format": "string". "value": "Name(main/@tag-stop)"}')
debug_merge_point(0, 0, '5140<main.rpyeffect:143([method_%apply():p@[mcore:[#334]#495]#510])>+3: {"op": "PrimOp". "name": "getGlobal(String): Ptr". "out": {"num": []. "ptr": [3]}. "in": {"num": []. "ptr": [3]}}')
debug_merge_point(0, 0, '5140<main.rpyeffect:143([method_%apply():p@[mcore:[#334]#495]#510])>+4: {"op": "Push". "target": 5139. "args": {"num": []. "ptr": []}}')
debug_merge_point(0, 0, '5140<main.rpyeffect:143([method_%apply():p@[mcore:[#334]#495]#510])>+5: {"op": "Swap". "type": "ptr". "a": 2. "b". 1}')
debug_merge_point(0, 0, '5140<main.rpyeffect:143([method_%apply():p@[mcore:[#334]#495]#510])>+6: {"op": "Jump". "target": 5135}')
debug_merge_point(0, 0, '5135<main.rpyeffect:138([mcore:[#327]#417])>+0: {"op": "PrimOp". "name": "getRef(Ref[Ptr]): Ptr". "out": {"num": []. "ptr": [1]}. "in": {"num": []. "ptr": [0]}}')
+1084: p125 = getfield_gc_r(p123, descr=<FieldP rpyeffect.region.PtrRef.inst_value 8>)
debug_merge_point(0, 0, '5135<main.rpyeffect:138([mcore:[#327]#417])>+1: {"op": "PrimOp". "name": "unbox(Ptr): Num". "out": {"num": [1]. "ptr": []}. "in": {"num": []. "ptr": [1]}}')
+1092: i126 = getfield_gc_i(p125, descr=<FieldS rpyeffect.region.NumBox.inst_value 8 pure>)
debug_merge_point(0, 0, '5135<main.rpyeffect:138([mcore:[#327]#417])>+2: {"op": "PrimOp". "name": "infixGt(Int. Int): Boolean". "out": {"num": [0]. "ptr": []}. "in": {"num": [1. 0]. "ptr": []}}')
+1096: i127 = int_gt(i126, i122)
guard_false(i127, descr=<Guard0x1288b20a0>) [p2, i111, i10, i12, i14, i16, i18, i20, i22, i24, i26, i28, i30, i32, i34, i36, p90, p118, p108, p49, p51, p53, p55, p57, p59, p61, p63, p65, p67, p69, p0, p3, p119, p73, i93, p95, p75]
debug_merge_point(0, 0, '5135<main.rpyeffect:138([mcore:[#327]#417])>+3: {"op": "Copy". "type": "ptr". "from": 2. "to". 1}')
debug_merge_point(0, 0, '5135<main.rpyeffect:138([mcore:[#327]#417])>+4: {"op": "Switch". "scrutinee": 0. "values": [1]. "targets": [5126]. "default": 5134}')
debug_merge_point(0, 0, '5134<main.rpyeffect:137([switch default case#456])>+0: {"op": "Switch". "scrutinee": 0. "values": [0]. "targets": [5132]. "default": 5133}')
debug_merge_point(0, 0, '5132<main.rpyeffect:135([switch case for 0#457])>+0: {"op": "PrimOp". "name": "getRef(Ref[Ptr]): Ptr". "out": {"num": []. "ptr": [2]}. "in": {"num": []. "ptr": [1]}}')
+1104: p128 = getfield_gc_r(p124, descr=<FieldP rpyeffect.region.PtrRef.inst_value 8>)
debug_merge_point(0, 0, '5132<main.rpyeffect:135([switch case for 0#457])>+1: {"op": "PrimOp". "name": "unbox(Ptr): Num". "out": {"num": [0]. "ptr": []}. "in": {"num": []. "ptr": [2]}}')
+1108: i129 = getfield_gc_i(p128, descr=<FieldS rpyeffect.region.NumBox.inst_value 8 pure>)
debug_merge_point(0, 0, '5132<main.rpyeffect:135([switch case for 0#457])>+2: {"op": "Const". "type": "num". "out": 1. "value": 0}')
debug_merge_point(0, 0, '5132<main.rpyeffect:135([switch case for 0#457])>+3: {"op": "PrimOp". "name": "infixEq(Int. Int): Boolean". "out": {"num": [0]. "ptr": []}. "in": {"num": [0. 1]. "ptr": []}}')
+1112: i131 = int_eq(i129, 0)
guard_false(i131, descr=<Guard0x1288b20e0>) [p2, i111, i10, i12, i14, i16, i18, i20, i22, i24, i26, i28, i30, i32, i34, i36, p90, p118, p108, p49, p51, p53, p55, p57, p59, p61, p63, p65, p67, p69, p0, p3, p119, p73, i93, p95, p75]
debug_merge_point(0, 0, '5132<main.rpyeffect:135([switch case for 0#457])>+4: {"op": "Switch". "scrutinee": 0. "values": [1]. "targets": [5128]. "default": 5131}')
debug_merge_point(0, 0, '5131<main.rpyeffect:134([switch default case#477])>+0: {"op": "Copy". "type": "ptr". "from": 1. "to". 0}')
debug_merge_point(0, 0, '5131<main.rpyeffect:134([switch default case#477])>+1: {"op": "Switch". "scrutinee": 0. "values": [0]. "targets": [5129]. "default": 5130}')
debug_merge_point(0, 0, '5129<main.rpyeffect:132([switch case for 0#478])>+0: {"op": "PrimOp". "name": "getRef(Ref[Ptr]): Ptr". "out": {"num": []. "ptr": [1]}. "in": {"num": []. "ptr": [0]}}')
debug_merge_point(0, 0, '5129<main.rpyeffect:132([switch case for 0#478])>+1: {"op": "PrimOp". "name": "unbox(Ptr): Num". "out": {"num": [0]. "ptr": []}. "in": {"num": []. "ptr": [1]}}')
debug_merge_point(0, 0, '5129<main.rpyeffect:132([switch case for 0#478])>+2: {"op": "Const". "type": "num". "out": 1. "value": 1}')
debug_merge_point(0, 0, '5129<main.rpyeffect:132([switch case for 0#478])>+3: {"op": "PrimOp". "name": "infixSub(Int. Int): Int". "out": {"num": [0]. "ptr": []}. "in": {"num": [0. 1]. "ptr": []}}')
+1120: i133 = int_sub(i129, 1)
debug_merge_point(0, 0, '5129<main.rpyeffect:132([switch case for 0#478])>+4: {"op": "PrimOp". "name": "box(Num): Ptr". "out": {"num": []. "ptr": [1]}. "in": {"num": [0]. "ptr": []}}')
debug_merge_point(0, 0, '5129<main.rpyeffect:132([switch case for 0#478])>+5: {"op": "PrimOp". "name": "setRef(Ref[Ptr]. Ptr): Unit". "out": {"num": []. "ptr": [0]}. "in": {"num": []. "ptr": [0. 1]}}')
debug_merge_point(0, 0, '5129<main.rpyeffect:132([switch case for 0#478])>+6: {"op": "Const". "type": "num". "out": 0. "value": 36}')
debug_merge_point(0, 0, '5129<main.rpyeffect:132([switch case for 0#478])>+7: {"op": "Return". "args": {"num": [0]. "ptr": []}}')
debug_merge_point(0, 0, '5139<main.rpyeffect:142([#514])>+0: {"op": "PrimOp". "name": "box(Num): Ptr". "out": {"num": []. "ptr": [0]}. "in": {"num": [0]. "ptr": []}}')
debug_merge_point(0, 0, '5139<main.rpyeffect:142([#514])>+1: {"op": "Return". "args": {"num": []. "ptr": [0]}}')
debug_merge_point(0, 0, '1480<std_core_hnd.rpyeffect:1179([k@[k@[mcore:[#1223]#3619]#3621]#3623])>+0: {"op": "Const". "type": "ptr". "out": 3. "format": "string". "value": "Name(import$std/core/hnd)"}')
debug_merge_point(0, 0, '1480<std_core_hnd.rpyeffect:1179([k@[k@[mcore:[#1223]#3619]#3621]#3623])>+1: {"op": "PrimOp". "name": "getGlobal(String): Ptr". "out": {"num": []. "ptr": [3]}. "in": {"num": []. "ptr": [3]}}')
debug_merge_point(0, 0, '1480<std_core_hnd.rpyeffect:1179([k@[k@[mcore:[#1223]#3619]#3621]#3623])>+2: {"op": "Push". "target": 1479. "args": {"num": []. "ptr": [1. 0]}}')
debug_merge_point(0, 0, '1480<std_core_hnd.rpyeffect:1179([k@[k@[mcore:[#1223]#3619]#3621]#3623])>+3: {"op": "Copy". "type": "ptr". "from": 2. "to". 0}')
debug_merge_point(0, 0, '1480<std_core_hnd.rpyeffect:1179([k@[k@[mcore:[#1223]#3619]#3621]#3623])>+4: {"op": "Copy". "type": "ptr". "from": 3. "to". 1}')
debug_merge_point(0, 0, '1480<std_core_hnd.rpyeffect:1179([k@[k@[mcore:[#1223]#3619]#3621]#3623])>+5: {"op": "Jump". "target": 1442}')
debug_merge_point(0, 0, '1442<std_core_hnd.rpyeffect:1141([mcore:[#1208]#3535])>+0: {"op": "Const". "type": "ptr". "out": 1. "format": "string". "value": "Name(import$std/core/hnd)"}')
debug_merge_point(0, 0, '1442<std_core_hnd.rpyeffect:1141([mcore:[#1208]#3535])>+1: {"op": "PrimOp". "name": "getGlobal(String): Ptr". "out": {"num": []. "ptr": [1]}. "in": {"num": []. "ptr": [1]}}')
debug_merge_point(0, 0, '1442<std_core_hnd.rpyeffect:1141([mcore:[#1208]#3535])>+2: {"op": "CallLib". "lib": "1". "symbol": "setCurrentEvv"}')
debug_merge_point(0, 0, '302<std_core_hnd.rpyeffect:1(Name(setCurrentEvv))>+0: {"op": "Const". "type": "ptr". "out": 1. "format": "string". "value": "current-evv"}')
debug_merge_point(0, 0, '302<std_core_hnd.rpyeffect:1(Name(setCurrentEvv))>+1: {"op": "PrimOp". "name": "getGlobal(String): Ptr". "out": {"num": []. "ptr": [1]}. "in": {"num": []. "ptr": [1]}}')
debug_merge_point(0, 0, '302<std_core_hnd.rpyeffect:1(Name(setCurrentEvv))>+2: {"op": "PrimOp". "name": "setRef(Ref[Ptr]. Ptr): Unit". "out": {"num": []. "ptr": [0]}. "in": {"num": []. "ptr": [1. 0]}}')
+1124: p134 = new_with_vtable(descr=<SizeDescr 16>)
+1236: setfield_gc(p134, i133, descr=<FieldS rpyeffect.region.NumBox.inst_value 8 pure>)
+1304: setfield_gc(p124, p134, descr=<FieldP rpyeffect.region.PtrRef.inst_value 8>)
debug_merge_point(0, 0, '302<std_core_hnd.rpyeffect:1(Name(setCurrentEvv))>+3: {"op": "Return". "args": {"num": []. "ptr": [0]}}')
debug_merge_point(0, 0, '1479<std_core_hnd.rpyeffect:1178([#3628])>+0: {"op": "Const". "type": "num". "out": 0. "value": 0}')
debug_merge_point(0, 0, '1479<std_core_hnd.rpyeffect:1178([#3628])>+1: {"op": "Copy". "type": "ptr". "from": 1. "to". 0}')
debug_merge_point(0, 0, '1479<std_core_hnd.rpyeffect:1178([#3628])>+2: {"op": "Copy". "type": "ptr". "from": 2. "to". 1}')
debug_merge_point(0, 0, '1479<std_core_hnd.rpyeffect:1178([#3628])>+3: {"op": "Switch". "scrutinee": 0. "values": [1]. "targets": [1475]. "default": 1478}')
debug_merge_point(0, 0, '1478<std_core_hnd.rpyeffect:1177([switch default case#3671])>+0: {"op": "Const". "type": "num". "out": 0. "value": 0}')
debug_merge_point(0, 0, '1478<std_core_hnd.rpyeffect:1177([switch default case#3671])>+1: {"op": "Copy". "type": "ptr". "from": 1. "to". 0}')
debug_merge_point(0, 0, '1478<std_core_hnd.rpyeffect:1177([switch default case#3671])>+2: {"op": "Switch". "scrutinee": 0. "values": [0]. "targets": [1476]. "default": 1477}')
debug_merge_point(0, 0, '1476<std_core_hnd.rpyeffect:1175([switch case for 0#3673])>+0: {"op": "Return". "args": {"num": []. "ptr": [0]}}')
debug_merge_point(0, 0, '5165<main.rpyeffect:168([k@[#669]#671])>+0: {"op": "PrimOp". "name": "unbox(Ptr): Num". "out": {"num": [0]. "ptr": []}. "in": {"num": []. "ptr": [0]}}')
debug_merge_point(0, 0, '5165<main.rpyeffect:168([k@[#669]#671])>+1: {"op": "Return". "args": {"num": [0]. "ptr": []}}')
debug_merge_point(0, 0, '5204<main.rpyeffect:207([#786])>+0: {"op": "PrimOp". "name": "box(Num): Ptr". "out": {"num": []. "ptr": [0]}. "in": {"num": [0]. "ptr": []}}')
debug_merge_point(0, 0, '5204<main.rpyeffect:207([#786])>+1: {"op": "Return". "args": {"num": []. "ptr": [0]}}')
+1308: guard_nonnull(p95, descr=<Guard0x1288a3888>) [p2, i93, i10, i12, i14, i16, i18, i20, i22, i24, i26, i28, i30, i32, i34, i36, p73, p108, p49, p51, p53, p55, p57, p59, p61, p63, p65, p67, p69, p0, p95, p3, p90, None, None, None, p75]
+1316: i136 = getfield_gc_i(p95, descr=<FieldS rpyeffect.stored_environment.Stack__arb_arb.inst_target 16 pure>)
+1320: guard_value(i136, 5227, descr=<Guard0x1288b2120>) [p2, i93, i10, i12, i14, i16, i18, i20, i22, i24, i26, i28, i30, i32, i34, i36, p73, p108, p49, p51, p53, p55, p57, p59, p61, p63, p65, p67, p69, p0, p95, p3, p90, None, None, None, p75]
debug_merge_point(0, 0, '801<std_core_hnd.rpyeffect:500([k@[k@[mcore:[#725]#1309]#1314]#1316])>+0: {"op": "Const". "type": "ptr". "out": 2. "format": "string". "value": "Name(import$std/core/hnd)"}')
debug_merge_point(0, 0, '801<std_core_hnd.rpyeffect:500([k@[k@[mcore:[#725]#1309]#1314]#1316])>+1: {"op": "PrimOp". "name": "getGlobal(String): Ptr". "out": {"num": []. "ptr": [2]}. "in": {"num": []. "ptr": [2]}}')
debug_merge_point(0, 0, '801<std_core_hnd.rpyeffect:500([k@[k@[mcore:[#725]#1309]#1314]#1316])>+2: {"op": "Push". "target": 800. "args": {"num": [0]. "ptr": [0]}}')
debug_merge_point(0, 0, '801<std_core_hnd.rpyeffect:500([k@[k@[mcore:[#725]#1309]#1314]#1316])>+3: {"op": "Copy". "type": "ptr". "from": 1. "to". 0}')
debug_merge_point(0, 0, '801<std_core_hnd.rpyeffect:500([k@[k@[mcore:[#725]#1309]#1314]#1316])>+4: {"op": "Copy". "type": "ptr". "from": 2. "to". 1}')
debug_merge_point(0, 0, '801<std_core_hnd.rpyeffect:500([k@[k@[mcore:[#725]#1309]#1314]#1316])>+5: {"op": "Jump". "target": 785}')
debug_merge_point(0, 0, '785<std_core_hnd.rpyeffect:484([mcore:[#717]#1300])>+0: {"op": "Const". "type": "ptr". "out": 1. "format": "string". "value": "Name(import$std/core/hnd)"}')
debug_merge_point(0, 0, '785<std_core_hnd.rpyeffect:484([mcore:[#717]#1300])>+1: {"op": "PrimOp". "name": "getGlobal(String): Ptr". "out": {"num": []. "ptr": [1]}. "in": {"num": []. "ptr": [1]}}')
debug_merge_point(0, 0, '785<std_core_hnd.rpyeffect:484([mcore:[#717]#1300])>+2: {"op": "CallLib". "lib": "1". "symbol": "setCurrentEvv"}')
debug_merge_point(0, 0, '302<std_core_hnd.rpyeffect:1(Name(setCurrentEvv))>+0: {"op": "Const". "type": "ptr". "out": 1. "format": "string". "value": "current-evv"}')
debug_merge_point(0, 0, '302<std_core_hnd.rpyeffect:1(Name(setCurrentEvv))>+1: {"op": "PrimOp". "name": "getGlobal(String): Ptr". "out": {"num": []. "ptr": [1]}. "in": {"num": []. "ptr": [1]}}')
debug_merge_point(0, 0, '302<std_core_hnd.rpyeffect:1(Name(setCurrentEvv))>+2: {"op": "PrimOp". "name": "setRef(Ref[Ptr]. Ptr): Unit". "out": {"num": []. "ptr": [0]}. "in": {"num": []. "ptr": [1. 0]}}')
debug_merge_point(0, 0, '302<std_core_hnd.rpyeffect:1(Name(setCurrentEvv))>+3: {"op": "Return". "args": {"num": []. "ptr": [0]}}')
debug_merge_point(0, 0, '800<std_core_hnd.rpyeffect:499([k@[k@[k@[mcore:[#725]#1309]#1314]#1316]#1321])>+0: {"op": "Const". "type": "num". "out": 1. "value": 0}')
debug_merge_point(0, 0, '800<std_core_hnd.rpyeffect:499([k@[k@[k@[mcore:[#725]#1309]#1314]#1316]#1321])>+1: {"op": "Copy". "type": "ptr". "from": 1. "to". 0}')
debug_merge_point(0, 0, '800<std_core_hnd.rpyeffect:499([k@[k@[k@[mcore:[#725]#1309]#1314]#1316]#1321])>+2: {"op": "Switch". "scrutinee": 1. "values": [1]. "targets": [796]. "default": 799}')
debug_merge_point(0, 0, '799<std_core_hnd.rpyeffect:498([switch default case#1364])>+0: {"op": "Const". "type": "num". "out": 0. "value": 0}')
debug_merge_point(0, 0, '799<std_core_hnd.rpyeffect:498([switch default case#1364])>+1: {"op": "Switch". "scrutinee": 0. "values": [0]. "targets": [797]. "default": 798}')
debug_merge_point(0, 0, '797<std_core_hnd.rpyeffect:496([switch case for 0#1366])>+0: {"op": "Return". "args": {"num": []. "ptr": [0]}}')
+1332: i138 = getfield_gc_i(p95, descr=<FieldS rpyeffect.stored_environment.Stack__1_0.inst_values_num_0 40 pure>)
+1336: p139 = getfield_gc_r(p95, descr=<FieldP rpyeffect.stored_environment.Stack__arb_arb.inst_tail 8 pure>)
debug_merge_point(0, 0, '5227<main.rpyeffect:230([k@[mcore:[#397]#771]#795])>+0: {"op": "PrimOp". "name": "unbox(Ptr): Num". "out": {"num": [1]. "ptr": []}. "in": {"num": []. "ptr": [0]}}')
debug_merge_point(0, 0, '5227<main.rpyeffect:230([k@[mcore:[#397]#771]#795])>+1: {"op": "Const". "type": "num". "out": 2. "value": 36}')
debug_merge_point(0, 0, '5227<main.rpyeffect:230([k@[mcore:[#397]#771]#795])>+2: {"op": "PrimOp". "name": "infixEq(Int. Int): Boolean". "out": {"num": [2]. "ptr": []}. "in": {"num": [1. 2]. "ptr": []}}')
debug_merge_point(0, 0, '5227<main.rpyeffect:230([k@[mcore:[#397]#771]#795])>+3: {"op": "Switch". "scrutinee": 2. "values": [1]. "targets": [5207]. "default": 5226}')
+1404: setfield_gc(ConstPtr(ptr140), p73, descr=<FieldP rpyeffect.region.PtrRef.inst_value 8>)
+1408: guard_nonnull(p139, descr=<Guard0x1288a38e0>) [p2, i138, i12, i14, i16, i18, i20, i22, i24, i26, i28, i30, i32, i34, i36, p108, p49, p51, p53, p55, p57, p59, p61, p63, p65, p67, p69, p0, p139, p3, None, None, None, None, None]
+1416: i141 = getfield_gc_i(p139, descr=<FieldS rpyeffect.stored_environment.Stack__arb_arb.inst_target 16 pure>)
+1420: guard_value(i141, 432, descr=<Guard0x1288b2160>) [p2, i138, i12, i14, i16, i18, i20, i22, i24, i26, i28, i30, i32, i34, i36, p108, p49, p51, p53, p55, p57, p59, p61, p63, p65, p67, p69, p0, p139, p3, None, None, None, None, None]
debug_merge_point(0, 0, '5207<main.rpyeffect:210([switch case for 1#801])>+0: {"op": "Const". "type": "num". "out": 1. "value": 1}')
debug_merge_point(0, 0, '5207<main.rpyeffect:210([switch case for 1#801])>+1: {"op": "PrimOp". "name": "infixAdd(Int. Int): Int". "out": {"num": [0]. "ptr": []}. "in": {"num": [0. 1]. "ptr": []}}')
+1432: i144 = int_add(i138, 1)
debug_merge_point(0, 0, '5207<main.rpyeffect:210([switch case for 1#801])>+2: {"op": "Const". "type": "ptr". "out": 0. "format": "string". "value": "Name(import$std/core/hnd)"}')
debug_merge_point(0, 0, '5207<main.rpyeffect:210([switch case for 1#801])>+3: {"op": "PrimOp". "name": "getGlobal(String): Ptr". "out": {"num": []. "ptr": [0]}. "in": {"num": []. "ptr": [0]}}')
debug_merge_point(0, 0, '5207<main.rpyeffect:210([switch case for 1#801])>+4: {"op": "Jump". "target": 5228}')
debug_merge_point(0, 0, '5228<main.rpyeffect:231([mcore:[#397]#771])>+0: {"op": "Const". "type": "num". "out": 1. "value": 1}')
debug_merge_point(0, 0, '5228<main.rpyeffect:231([mcore:[#397]#771])>+1: {"op": "New". "out": 0. "targets": [5203. 5205]. "args": {"num": []. "ptr": []}}')
debug_merge_point(0, 0, '5228<main.rpyeffect:231([mcore:[#397]#771])>+2: {"op": "Const". "type": "ptr". "out": 1. "format": "string". "value": "Name(import$std/core/hnd)"}')
debug_merge_point(0, 0, '5228<main.rpyeffect:231([mcore:[#397]#771])>+3: {"op": "PrimOp". "name": "getGlobal(String): Ptr". "out": {"num": []. "ptr": [1]}. "in": {"num": []. "ptr": [1]}}')
debug_merge_point(0, 0, '5228<main.rpyeffect:231([mcore:[#397]#771])>+4: {"op": "Push". "target": 5227. "args": {"num": [0]. "ptr": []}}')
debug_merge_point(0, 0, '5228<main.rpyeffect:231([mcore:[#397]#771])>+5: {"op": "Copy". "type": "num". "from": 1. "to". 0}')
debug_merge_point(0, 0, '5228<main.rpyeffect:231([mcore:[#397]#771])>+6: {"op": "Jump". "target": 5157}')
debug_merge_point(0, 0, '5157<main.rpyeffect:160([mcore:[#341]#621])>+0: {"op": "Const". "type": "ptr". "out": 1. "format": "string". "value": "Name(import$std/core/hnd)"}')
debug_merge_point(0, 0, '5157<main.rpyeffect:160([mcore:[#341]#621])>+1: {"op": "PrimOp". "name": "getGlobal(String): Ptr". "out": {"num": []. "ptr": [1]}. "in": {"num": []. "ptr": [1]}}')
debug_merge_point(0, 0, '5157<main.rpyeffect:160([mcore:[#341]#621])>+2: {"op": "CallLib". "lib": "1". "symbol": "std/core/hnd/@open-at0"}')
debug_merge_point(0, 0, '803<std_core_hnd.rpyeffect:502([mcore:[#725]#1309])>+0: {"op": "Const". "type": "ptr". "out": 1. "format": "string". "value": "Name(import$std/core/hnd)"}')
debug_merge_point(0, 0, '803<std_core_hnd.rpyeffect:502([mcore:[#725]#1309])>+1: {"op": "PrimOp". "name": "getGlobal(String): Ptr". "out": {"num": []. "ptr": [1]}. "in": {"num": []. "ptr": [1]}}')
debug_merge_point(0, 0, '803<std_core_hnd.rpyeffect:502([mcore:[#725]#1309])>+2: {"op": "Push". "target": 802. "args": {"num": [0]. "ptr": [0]}}')
debug_merge_point(0, 0, '803<std_core_hnd.rpyeffect:502([mcore:[#725]#1309])>+3: {"op": "Copy". "type": "ptr". "from": 1. "to". 0}')
debug_merge_point(0, 0, '803<std_core_hnd.rpyeffect:502([mcore:[#725]#1309])>+4: {"op": "Jump". "target": 784}')
debug_merge_point(0, 0, '784<std_core_hnd.rpyeffect:483([mcore:[#715]#1295])>+0: {"op": "Const". "type": "ptr". "out": 0. "format": "string". "value": "Name(import$std/core/hnd)"}')
debug_merge_point(0, 0, '784<std_core_hnd.rpyeffect:483([mcore:[#715]#1295])>+1: {"op": "PrimOp". "name": "getGlobal(String): Ptr". "out": {"num": []. "ptr": [0]}. "in": {"num": []. "ptr": [0]}}')
debug_merge_point(0, 0, '784<std_core_hnd.rpyeffect:483([mcore:[#715]#1295])>+2: {"op": "CallLib". "lib": "0". "symbol": "evvSwapCreate1"}')
debug_merge_point(0, 0, '307<std_core_hnd.rpyeffect:6(Name(evvSwapCreate1))>+0: {"op": "Construct". "out": 0. "type": Interned(evv). "tag": Interned(nil). "args": {"num": []. "ptr": []}}')
debug_merge_point(0, 0, '307<std_core_hnd.rpyeffect:6(Name(evvSwapCreate1))>+1: {"op": "Push". "target": 306. "args": {"num": [0]. "ptr": [0]}}')
debug_merge_point(0, 0, '307<std_core_hnd.rpyeffect:6(Name(evvSwapCreate1))>+2: {"op": "Jump". "target": 301}')
+1436: p145 = same_as_r(p108)
+1440: label(p0, p139, i144, p2, p3, i12, i14, i16, i18, i20, i22, i24, i26, i28, i30, i32, i34, i36, p108, p49, p51, p53, p55, p57, p59, p61, p63, p65, p67, p69, p73, p82, p90, p106, p112, p115, p118, p123, p145, i122, p124, p100, descr=TargetToken(4973983152))
debug_merge_point(0, 0, '307<std_core_hnd.rpyeffect:6(Name(evvSwapCreate1))>+2: {"op": "Jump". "target": 301}')
+1464: guard_not_invalidated(descr=<Guard0x1288a3938>) [p2, i12, i14, i16, i18, i20, i22, i24, i26, i28, i30, i32, i34, i36, p108, p49, p51, p53, p55, p57, p59, p61, p63, p65, p67, p69, p0, p3, i144, p139]
debug_merge_point(0, 0, '301<std_core_hnd.rpyeffect:0(Name(getCurrentEvv))>+0: {"op": "Const". "type": "ptr". "out": 0. "format": "string". "value": "current-evv"}')
debug_merge_point(0, 0, '301<std_core_hnd.rpyeffect:0(Name(getCurrentEvv))>+1: {"op": "PrimOp". "name": "getGlobal(String): Ptr". "out": {"num": []. "ptr": [0]}. "in": {"num": []. "ptr": [0]}}')
debug_merge_point(0, 0, '301<std_core_hnd.rpyeffect:0(Name(getCurrentEvv))>+2: {"op": "PrimOp". "name": "getRef(Ref[Ptr]): Ptr". "out": {"num": []. "ptr": [0]}. "in": {"num": []. "ptr": [0]}}')
debug_merge_point(0, 0, '301<std_core_hnd.rpyeffect:0(Name(getCurrentEvv))>+3: {"op": "Return". "args": {"num": []. "ptr": [0]}}')
debug_merge_point(0, 0, '306<std_core_hnd.rpyeffect:5([k@Name(evvSwapCreate1)#21])>+0: {"op": "Push". "target": 305. "args": {"num": []. "ptr": [0. 1]}}')
debug_merge_point(0, 0, '306<std_core_hnd.rpyeffect:5([k@Name(evvSwapCreate1)#21])>+1: {"op": "Jump". "target": 331}')
debug_merge_point(0, 0, '331<std_core_hnd.rpyeffect:30(Name(elt))>+0: {"op": "Switch". "scrutinee": 0. "values": [0]. "targets": [329]. "default": 330}')
debug_merge_point(0, 0, '330<std_core_hnd.rpyeffect:29([switch default case#88])>+0: {"op": "Proj". "out": 0. "type": Interned(evv). "scrutinee": 0. "tag": Interned(cons). "field": 1. "field_type": "ptr"}')
debug_merge_point(0, 0, '330<std_core_hnd.rpyeffect:29([switch default case#88])>+1: {"op": "Const". "type": "num". "out": 1. "value": 1}')
debug_merge_point(0, 0, '330<std_core_hnd.rpyeffect:29([switch default case#88])>+2: {"op": "PrimOp". "name": "infixSub(Int. Int): Int". "out": {"num": [0]. "ptr": []}. "in": {"num": [0. 1]. "ptr": []}}')
debug_merge_point(0, 0, '330<std_core_hnd.rpyeffect:29([switch default case#88])>+3: {"op": "Jump". "target": 331}')
debug_merge_point(0, 0, '331<std_core_hnd.rpyeffect:30(Name(elt))>+0: {"op": "Switch". "scrutinee": 0. "values": [0]. "targets": [329]. "default": 330}')
debug_merge_point(0, 0, '329<std_core_hnd.rpyeffect:28([switch case for 0#86])>+0: {"op": "Proj". "out": 0. "type": Interned(evv). "scrutinee": 0. "tag": Interned(cons). "field": 0. "field_type": "ptr"}')
debug_merge_point(0, 0, '329<std_core_hnd.rpyeffect:28([switch case for 0#86])>+1: {"op": "Return". "args": {"num": []. "ptr": [0]}}')
debug_merge_point(0, 0, '305<std_core_hnd.rpyeffect:4([k@[k@Name(evvSwapCreate1)#21]#23])>+0: {"op": "Construct". "out": 0. "type": Interned(evv). "tag": Interned(cons). "args": {"num": []. "ptr": [0. 2]}}')
debug_merge_point(0, 0, '305<std_core_hnd.rpyeffect:4([k@[k@Name(evvSwapCreate1)#21]#23])>+1: {"op": "Push". "target": 304. "args": {"num": []. "ptr": [1]}}')
debug_merge_point(0, 0, '305<std_core_hnd.rpyeffect:4([k@[k@Name(evvSwapCreate1)#21]#23])>+2: {"op": "Jump". "target": 302}')
debug_merge_point(0, 0, '302<std_core_hnd.rpyeffect:1(Name(setCurrentEvv))>+0: {"op": "Const". "type": "ptr". "out": 1. "format": "string". "value": "current-evv"}')
debug_merge_point(0, 0, '302<std_core_hnd.rpyeffect:1(Name(setCurrentEvv))>+1: {"op": "PrimOp". "name": "getGlobal(String): Ptr". "out": {"num": []. "ptr": [1]}. "in": {"num": []. "ptr": [1]}}')
debug_merge_point(0, 0, '302<std_core_hnd.rpyeffect:1(Name(setCurrentEvv))>+2: {"op": "PrimOp". "name": "setRef(Ref[Ptr]. Ptr): Unit". "out": {"num": []. "ptr": [0]}. "in": {"num": []. "ptr": [1. 0]}}')
debug_merge_point(0, 0, '302<std_core_hnd.rpyeffect:1(Name(setCurrentEvv))>+3: {"op": "Return". "args": {"num": []. "ptr": [0]}}')
debug_merge_point(0, 0, '304<std_core_hnd.rpyeffect:3([k@[k@[k@Name(evvSwapCreate1)#21]#23]#26])>+0: {"op": "Copy". "type": "ptr". "from": 1. "to". 0}')
debug_merge_point(0, 0, '304<std_core_hnd.rpyeffect:3([k@[k@[k@Name(evvSwapCreate1)#21]#23]#26])>+1: {"op": "Return". "args": {"num": []. "ptr": [0]}}')
debug_merge_point(0, 0, '802<std_core_hnd.rpyeffect:501([k@[mcore:[#725]#1309]#1314])>+0: {"op": "Push". "target": 801. "args": {"num": [0]. "ptr": [0]}}')
debug_merge_point(0, 0, '802<std_core_hnd.rpyeffect:501([k@[mcore:[#725]#1309]#1314])>+1: {"op": "Invoke". "receiver": 1. "tag": Interned(%apply():p). "args" : {"num": []. "ptr": []}}')
debug_merge_point(0, 0, '5205<main.rpyeffect:208([method_%apply():p@[mcore:[#397]#771]#783])>+0: {"op": "Const". "type": "ptr". "out": 0. "format": "string". "value": "Name(import$std/core/hnd)"}')
debug_merge_point(0, 0, '5205<main.rpyeffect:208([method_%apply():p@[mcore:[#397]#771]#783])>+1: {"op": "PrimOp". "name": "getGlobal(String): Ptr". "out": {"num": []. "ptr": [0]}. "in": {"num": []. "ptr": [0]}}')
debug_merge_point(0, 0, '5205<main.rpyeffect:208([method_%apply():p@[mcore:[#397]#771]#783])>+2: {"op": "Push". "target": 5204. "args": {"num": []. "ptr": []}}')
debug_merge_point(0, 0, '5205<main.rpyeffect:208([method_%apply():p@[mcore:[#397]#771]#783])>+3: {"op": "Jump". "target": 5171}')
debug_merge_point(0, 0, '5171<main.rpyeffect:174([mcore:[#353]#637])>+0: {"op": "Const". "type": "num". "out": 0. "value": 0}')
debug_merge_point(0, 0, '5171<main.rpyeffect:174([mcore:[#353]#637])>+1: {"op": "Const". "type": "ptr". "out": 0. "format": "string". "value": "Name(import$std/core/hnd)"}')
debug_merge_point(0, 0, '5171<main.rpyeffect:174([mcore:[#353]#637])>+2: {"op": "PrimOp". "name": "getGlobal(String): Ptr". "out": {"num": []. "ptr": [0]}. "in": {"num": []. "ptr": [0]}}')
debug_merge_point(0, 0, '5171<main.rpyeffect:174([mcore:[#353]#637])>+3: {"op": "Push". "target": 5170. "args": {"num": [0]. "ptr": []}}')
debug_merge_point(0, 0, '5171<main.rpyeffect:174([mcore:[#353]#637])>+4: {"op": "Jump". "target": 5159}')
debug_merge_point(0, 0, '5159<main.rpyeffect:162([mcore:[#345]#633])>+0: {"op": "Const". "type": "ptr". "out": 0. "format": "string". "value": "Name(import$std/core/hnd)"}')
debug_merge_point(0, 0, '5159<main.rpyeffect:162([mcore:[#345]#633])>+1: {"op": "PrimOp". "name": "getGlobal(String): Ptr". "out": {"num": []. "ptr": [0]}. "in": {"num": []. "ptr": [0]}}')
debug_merge_point(0, 0, '5159<main.rpyeffect:162([mcore:[#345]#633])>+2: {"op": "CallLib". "lib": "0". "symbol": "getCurrentEvv"}')
debug_merge_point(0, 0, '301<std_core_hnd.rpyeffect:0(Name(getCurrentEvv))>+0: {"op": "Const". "type": "ptr". "out": 0. "format": "string". "value": "current-evv"}')
debug_merge_point(0, 0, '301<std_core_hnd.rpyeffect:0(Name(getCurrentEvv))>+1: {"op": "PrimOp". "name": "getGlobal(String): Ptr". "out": {"num": []. "ptr": [0]}. "in": {"num": []. "ptr": [0]}}')
debug_merge_point(0, 0, '301<std_core_hnd.rpyeffect:0(Name(getCurrentEvv))>+2: {"op": "PrimOp". "name": "getRef(Ref[Ptr]): Ptr". "out": {"num": []. "ptr": [0]}. "in": {"num": []. "ptr": [0]}}')
debug_merge_point(0, 0, '301<std_core_hnd.rpyeffect:0(Name(getCurrentEvv))>+3: {"op": "Return". "args": {"num": []. "ptr": [0]}}')
debug_merge_point(0, 0, '5170<main.rpyeffect:173([k@[mcore:[#353]#637]#643])>+0: {"op": "PrimOp". "name": "promote_ptr". "out": {"num": []. "ptr": [0]}. "in": {"num": []. "ptr": [0]}}')
debug_merge_point(0, 0, '5170<main.rpyeffect:173([k@[mcore:[#353]#637]#643])>+1: {"op": "Const". "type": "ptr". "out": 1. "format": "string". "value": "Name(import$std/core/hnd)"}')
debug_merge_point(0, 0, '5170<main.rpyeffect:173([k@[mcore:[#353]#637]#643])>+2: {"op": "PrimOp". "name": "getGlobal(String): Ptr". "out": {"num": []. "ptr": [1]}. "in": {"num": []. "ptr": [1]}}')
debug_merge_point(0, 0, '5170<main.rpyeffect:173([k@[mcore:[#353]#637]#643])>+3: {"op": "Push". "target": 5169. "args": {"num": []. "ptr": []}}')
debug_merge_point(0, 0, '5170<main.rpyeffect:173([k@[mcore:[#353]#637]#643])>+4: {"op": "Jump". "target": 5158}')
debug_merge_point(0, 0, '5158<main.rpyeffect:161([mcore:[#344]#627])>+0: {"op": "Const". "type": "ptr". "out": 1. "format": "string". "value": "Name(import$std/core/hnd)"}')
debug_merge_point(0, 0, '5158<main.rpyeffect:161([mcore:[#344]#627])>+1: {"op": "PrimOp". "name": "getGlobal(String): Ptr". "out": {"num": []. "ptr": [1]}. "in": {"num": []. "ptr": [1]}}')
debug_merge_point(0, 0, '5158<main.rpyeffect:161([mcore:[#344]#627])>+2: {"op": "CallLib". "lib": "1". "symbol": "elt"}')
debug_merge_point(0, 0, '331<std_core_hnd.rpyeffect:30(Name(elt))>+0: {"op": "Switch". "scrutinee": 0. "values": [0]. "targets": [329]. "default": 330}')
debug_merge_point(0, 0, '329<std_core_hnd.rpyeffect:28([switch case for 0#86])>+0: {"op": "Proj". "out": 0. "type": Interned(evv). "scrutinee": 0. "tag": Interned(cons). "field": 0. "field_type": "ptr"}')
debug_merge_point(0, 0, '329<std_core_hnd.rpyeffect:28([switch case for 0#86])>+1: {"op": "Return". "args": {"num": []. "ptr": [0]}}')
debug_merge_point(0, 0, '5169<main.rpyeffect:172([k@[k@[mcore:[#353]#637]#643]#651])>+0: {"op": "Match". "type": Interned(std/core/hnd/ev). "scrutinee": 0. "clauses": [{"tag": Interned(std/core/hnd/Ev). "target": 5168. "args": {"num": []. "ptr": [1. 2. 3. 4]}}]. "default": {"tag": Interned(28f21bda-754e-424d-998b-aa7f1fb64415#[Missing Tag#1712]). "target": 5160. "args": {"num": []. "ptr": []}}}')
debug_merge_point(0, 0, '5168<main.rpyeffect:171([#655])>+0: {"op": "Copy". "type": "ptr". "from": 0. "to". 1}')
debug_merge_point(0, 0, '5168<main.rpyeffect:171([#655])>+1: {"op": "Copy". "type": "ptr". "from": 2. "to". 0}')
debug_merge_point(0, 0, '5168<main.rpyeffect:171([#655])>+2: {"op": "Match". "type": Interned(main/read). "scrutinee": 3. "clauses": [{"tag": Interned(main/@Hnd-read). "target": 5167. "args": {"num": [0]. "ptr": [2]}}]. "default": {"tag": Interned(28f21bda-754e-424d-998b-aa7f1fb64415#[Missing Tag#1711]). "target": 5162. "args": {"num": []. "ptr": []}}}')
debug_merge_point(0, 0, '5167<main.rpyeffect:170([match_main/@Hnd-read@[#655]#662])>+0: {"op": "Match". "type": Interned(std/core/hnd/clause0). "scrutinee": 2. "clauses": [{"tag": Interned(std/core/hnd/Clause0). "target": 5166. "args": {"num": []. "ptr": [2]}}]. "default": {"tag": Interned(28f21bda-754e-424d-998b-aa7f1fb64415#[Missing Tag#1710]). "target": 5164. "args": {"num": []. "ptr": []}}}')
debug_merge_point(0, 0, '5166<main.rpyeffect:169([#669])>+0: {"op": "Push". "target": 5165. "args": {"num": []. "ptr": []}}')
debug_merge_point(0, 0, '5166<main.rpyeffect:169([#669])>+1: {"op": "Invoke". "receiver": 2. "tag": Interned(%apply(pp):p). "args" : {"num": []. "ptr": [0. 1]}}')
debug_merge_point(0, 0, '1487<std_core_hnd.rpyeffect:1186([#3688])>+0: {"op": "Const". "type": "ptr". "out": 3. "format": "string". "value": "Name(import$std/core/hnd)"}')
debug_merge_point(0, 0, '1487<std_core_hnd.rpyeffect:1186([#3688])>+1: {"op": "PrimOp". "name": "getGlobal(String): Ptr". "out": {"num": []. "ptr": [3]}. "in": {"num": []. "ptr": [3]}}')
debug_merge_point(0, 0, '1487<std_core_hnd.rpyeffect:1186([#3688])>+2: {"op": "Swap". "type": "ptr". "a": 3. "b". 2}')
debug_merge_point(0, 0, '1487<std_core_hnd.rpyeffect:1186([#3688])>+3: {"op": "Jump". "target": 1485}')
debug_merge_point(0, 0, '1485<std_core_hnd.rpyeffect:1184([mcore:[#1223]#3619])>+0: {"op": "Push". "target": 1481. "args": {"num": []. "ptr": [1. 3]}}')
debug_merge_point(0, 0, '1485<std_core_hnd.rpyeffect:1184([mcore:[#1223]#3619])>+1: {"op": "Match". "type": Interned(std/core/hnd/ev). "scrutinee": 1. "clauses": [{"tag": Interned(std/core/hnd/Ev). "target": 1484. "args": {"num": []. "ptr": [0. 1. 2. 3]}}]. "default": {"tag": Interned(f1366ff7-7d8a-4a49-ba54-2f66d995f403#[Missing Tag#4968]). "target": 1482. "args": {"num": []. "ptr": []}}}')
debug_merge_point(0, 0, '1484<std_core_hnd.rpyeffect:1183([#3676])>+0: {"op": "Const". "type": "ptr". "out": 0. "format": "string". "value": "Name(import$std/core/hnd)"}')
debug_merge_point(0, 0, '1484<std_core_hnd.rpyeffect:1183([#3676])>+1: {"op": "PrimOp". "name": "getGlobal(String): Ptr". "out": {"num": []. "ptr": [0]}. "in": {"num": []. "ptr": [0]}}')
debug_merge_point(0, 0, '1484<std_core_hnd.rpyeffect:1183([#3676])>+2: {"op": "Copy". "type": "ptr". "from": 0. "to". 1}')
debug_merge_point(0, 0, '1484<std_core_hnd.rpyeffect:1183([#3676])>+3: {"op": "Copy". "type": "ptr". "from": 3. "to". 0}')
debug_merge_point(0, 0, '1484<std_core_hnd.rpyeffect:1183([#3676])>+4: {"op": "Jump". "target": 1441}')
debug_merge_point(0, 0, '1441<std_core_hnd.rpyeffect:1140([mcore:[#1206]#3530])>+0: {"op": "Const". "type": "ptr". "out": 1. "format": "string". "value": "Name(import$std/core/hnd)"}')
debug_merge_point(0, 0, '1441<std_core_hnd.rpyeffect:1140([mcore:[#1206]#3530])>+1: {"op": "PrimOp". "name": "getGlobal(String): Ptr". "out": {"num": []. "ptr": [1]}. "in": {"num": []. "ptr": [1]}}')
debug_merge_point(0, 0, '1441<std_core_hnd.rpyeffect:1140([mcore:[#1206]#3530])>+2: {"op": "CallLib". "lib": "1". "symbol": "swapCurrentEvv"}')
debug_merge_point(0, 0, '303<std_core_hnd.rpyeffect:2(Name(swapCurrentEvv))>+0: {"op": "Const". "type": "ptr". "out": 1. "format": "string". "value": "current-evv"}')
debug_merge_point(0, 0, '303<std_core_hnd.rpyeffect:2(Name(swapCurrentEvv))>+1: {"op": "PrimOp". "name": "getGlobal(String): Ptr". "out": {"num": []. "ptr": [1]}. "in": {"num": []. "ptr": [1]}}')
debug_merge_point(0, 0, '303<std_core_hnd.rpyeffect:2(Name(swapCurrentEvv))>+2: {"op": "PrimOp". "name": "getRef(Ref[Ptr]): Ptr". "out": {"num": []. "ptr": [2]}. "in": {"num": []. "ptr": [1]}}')
debug_merge_point(0, 0, '303<std_core_hnd.rpyeffect:2(Name(swapCurrentEvv))>+3: {"op": "PrimOp". "name": "setRef(Ref[Ptr]. Ptr): Unit". "out": {"num": []. "ptr": [0]}. "in": {"num": []. "ptr": [1. 0]}}')
debug_merge_point(0, 0, '303<std_core_hnd.rpyeffect:2(Name(swapCurrentEvv))>+4: {"op": "Copy". "type": "ptr". "from": 2. "to". 0}')
debug_merge_point(0, 0, '303<std_core_hnd.rpyeffect:2(Name(swapCurrentEvv))>+5: {"op": "Return". "args": {"num": []. "ptr": [0]}}')
debug_merge_point(0, 0, '1481<std_core_hnd.rpyeffect:1180([k@[mcore:[#1223]#3619]#3621])>+0: {"op": "Push". "target": 1480. "args": {"num": []. "ptr": [1. 0]}}')
debug_merge_point(0, 0, '1481<std_core_hnd.rpyeffect:1180([k@[mcore:[#1223]#3619]#3621])>+1: {"op": "Invoke". "receiver": 2. "tag": Interned(%apply():p). "args" : {"num": []. "ptr": []}}')
debug_merge_point(0, 0, '5140<main.rpyeffect:143([method_%apply():p@[mcore:[#334]#495]#510])>+0: {"op": "Const". "type": "ptr". "out": 2. "format": "string". "value": "Name(import$std/core/hnd)"}')
debug_merge_point(0, 0, '5140<main.rpyeffect:143([method_%apply():p@[mcore:[#334]#495]#510])>+1: {"op": "PrimOp". "name": "getGlobal(String): Ptr". "out": {"num": []. "ptr": [2]}. "in": {"num": []. "ptr": [2]}}')
debug_merge_point(0, 0, '5140<main.rpyeffect:143([method_%apply():p@[mcore:[#334]#495]#510])>+2: {"op": "Const". "type": "ptr". "out": 3. "format": "string". "value": "Name(main/@tag-stop)"}')
debug_merge_point(0, 0, '5140<main.rpyeffect:143([method_%apply():p@[mcore:[#334]#495]#510])>+3: {"op": "PrimOp". "name": "getGlobal(String): Ptr". "out": {"num": []. "ptr": [3]}. "in": {"num": []. "ptr": [3]}}')
debug_merge_point(0, 0, '5140<main.rpyeffect:143([method_%apply():p@[mcore:[#334]#495]#510])>+4: {"op": "Push". "target": 5139. "args": {"num": []. "ptr": []}}')
debug_merge_point(0, 0, '5140<main.rpyeffect:143([method_%apply():p@[mcore:[#334]#495]#510])>+5: {"op": "Swap". "type": "ptr". "a": 2. "b". 1}')
debug_merge_point(0, 0, '5140<main.rpyeffect:143([method_%apply():p@[mcore:[#334]#495]#510])>+6: {"op": "Jump". "target": 5135}')
debug_merge_point(0, 0, '5135<main.rpyeffect:138([mcore:[#327]#417])>+0: {"op": "PrimOp". "name": "getRef(Ref[Ptr]): Ptr". "out": {"num": []. "ptr": [1]}. "in": {"num": []. "ptr": [0]}}')
+1536: setfield_gc(ConstPtr(ptr146), p145, descr=<FieldP rpyeffect.region.PtrRef.inst_value 8>)
+1540: p147 = getfield_gc_r(p123, descr=<FieldP rpyeffect.region.PtrRef.inst_value 8>)
debug_merge_point(0, 0, '5135<main.rpyeffect:138([mcore:[#327]#417])>+1: {"op": "PrimOp". "name": "unbox(Ptr): Num". "out": {"num": [1]. "ptr": []}. "in": {"num": []. "ptr": [1]}}')
+1544: i148 = getfield_gc_i(p147, descr=<FieldS rpyeffect.region.NumBox.inst_value 8 pure>)
debug_merge_point(0, 0, '5135<main.rpyeffect:138([mcore:[#327]#417])>+2: {"op": "PrimOp". "name": "infixGt(Int. Int): Boolean". "out": {"num": [0]. "ptr": []}. "in": {"num": [1. 0]. "ptr": []}}')
+1548: i149 = int_gt(i148, i122)
guard_false(i149, descr=<Guard0x1288a3990>) [p2, i122, i148, i12, i14, i16, i18, i20, i22, i24, i26, i28, i30, i32, i34, i36, p123, p147, p124, p145, p49, p51, p53, p55, p57, p59, p61, p63, p65, p67, p69, p0, p3, p73, p90, i144, p139]
debug_merge_point(0, 0, '5135<main.rpyeffect:138([mcore:[#327]#417])>+3: {"op": "Copy". "type": "ptr". "from": 2. "to". 1}')
debug_merge_point(0, 0, '5135<main.rpyeffect:138([mcore:[#327]#417])>+4: {"op": "Switch". "scrutinee": 0. "values": [1]. "targets": [5126]. "default": 5134}')
debug_merge_point(0, 0, '5134<main.rpyeffect:137([switch default case#456])>+0: {"op": "Switch". "scrutinee": 0. "values": [0]. "targets": [5132]. "default": 5133}')
debug_merge_point(0, 0, '5132<main.rpyeffect:135([switch case for 0#457])>+0: {"op": "PrimOp". "name": "getRef(Ref[Ptr]): Ptr". "out": {"num": []. "ptr": [2]}. "in": {"num": []. "ptr": [1]}}')
+1560: p150 = getfield_gc_r(p124, descr=<FieldP rpyeffect.region.PtrRef.inst_value 8>)
debug_merge_point(0, 0, '5132<main.rpyeffect:135([switch case for 0#457])>+1: {"op": "PrimOp". "name": "unbox(Ptr): Num". "out": {"num": [0]. "ptr": []}. "in": {"num": []. "ptr": [2]}}')
+1564: i151 = getfield_gc_i(p150, descr=<FieldS rpyeffect.region.NumBox.inst_value 8 pure>)
debug_merge_point(0, 0, '5132<main.rpyeffect:135([switch case for 0#457])>+2: {"op": "Const". "type": "num". "out": 1. "value": 0}')
debug_merge_point(0, 0, '5132<main.rpyeffect:135([switch case for 0#457])>+3: {"op": "PrimOp". "name": "infixEq(Int. Int): Boolean". "out": {"num": [0]. "ptr": []}. "in": {"num": [0. 1]. "ptr": []}}')
+1568: i153 = int_eq(i151, 0)
guard_false(i153, descr=<Guard0x1288b21a0>) [p2, i122, i148, i12, i14, i16, i18, i20, i22, i24, i26, i28, i30, i32, i34, i36, p123, p147, p124, p145, p49, p51, p53, p55, p57, p59, p61, p63, p65, p67, p69, p0, p3, p73, p90, i144, p139]
debug_merge_point(0, 0, '5132<main.rpyeffect:135([switch case for 0#457])>+4: {"op": "Switch". "scrutinee": 0. "values": [1]. "targets": [5128]. "default": 5131}')
debug_merge_point(0, 0, '5131<main.rpyeffect:134([switch default case#477])>+0: {"op": "Copy". "type": "ptr". "from": 1. "to". 0}')
debug_merge_point(0, 0, '5131<main.rpyeffect:134([switch default case#477])>+1: {"op": "Switch". "scrutinee": 0. "values": [0]. "targets": [5129]. "default": 5130}')
debug_merge_point(0, 0, '5129<main.rpyeffect:132([switch case for 0#478])>+0: {"op": "PrimOp". "name": "getRef(Ref[Ptr]): Ptr". "out": {"num": []. "ptr": [1]}. "in": {"num": []. "ptr": [0]}}')
debug_merge_point(0, 0, '5129<main.rpyeffect:132([switch case for 0#478])>+1: {"op": "PrimOp". "name": "unbox(Ptr): Num". "out": {"num": [0]. "ptr": []}. "in": {"num": []. "ptr": [1]}}')
debug_merge_point(0, 0, '5129<main.rpyeffect:132([switch case for 0#478])>+2: {"op": "Const". "type": "num". "out": 1. "value": 1}')
debug_merge_point(0, 0, '5129<main.rpyeffect:132([switch case for 0#478])>+3: {"op": "PrimOp". "name": "infixSub(Int. Int): Int". "out": {"num": [0]. "ptr": []}. "in": {"num": [0. 1]. "ptr": []}}')
+1576: i155 = int_sub(i151, 1)
debug_merge_point(0, 0, '5129<main.rpyeffect:132([switch case for 0#478])>+4: {"op": "PrimOp". "name": "box(Num): Ptr". "out": {"num": []. "ptr": [1]}. "in": {"num": [0]. "ptr": []}}')
debug_merge_point(0, 0, '5129<main.rpyeffect:132([switch case for 0#478])>+5: {"op": "PrimOp". "name": "setRef(Ref[Ptr]. Ptr): Unit". "out": {"num": []. "ptr": [0]}. "in": {"num": []. "ptr": [0. 1]}}')
debug_merge_point(0, 0, '5129<main.rpyeffect:132([switch case for 0#478])>+6: {"op": "Const". "type": "num". "out": 0. "value": 36}')
debug_merge_point(0, 0, '5129<main.rpyeffect:132([switch case for 0#478])>+7: {"op": "Return". "args": {"num": [0]. "ptr": []}}')
debug_merge_point(0, 0, '5139<main.rpyeffect:142([#514])>+0: {"op": "PrimOp". "name": "box(Num): Ptr". "out": {"num": []. "ptr": [0]}. "in": {"num": [0]. "ptr": []}}')
debug_merge_point(0, 0, '5139<main.rpyeffect:142([#514])>+1: {"op": "Return". "args": {"num": []. "ptr": [0]}}')
debug_merge_point(0, 0, '1480<std_core_hnd.rpyeffect:1179([k@[k@[mcore:[#1223]#3619]#3621]#3623])>+0: {"op": "Const". "type": "ptr". "out": 3. "format": "string". "value": "Name(import$std/core/hnd)"}')
debug_merge_point(0, 0, '1480<std_core_hnd.rpyeffect:1179([k@[k@[mcore:[#1223]#3619]#3621]#3623])>+1: {"op": "PrimOp". "name": "getGlobal(String): Ptr". "out": {"num": []. "ptr": [3]}. "in": {"num": []. "ptr": [3]}}')
debug_merge_point(0, 0, '1480<std_core_hnd.rpyeffect:1179([k@[k@[mcore:[#1223]#3619]#3621]#3623])>+2: {"op": "Push". "target": 1479. "args": {"num": []. "ptr": [1. 0]}}')
debug_merge_point(0, 0, '1480<std_core_hnd.rpyeffect:1179([k@[k@[mcore:[#1223]#3619]#3621]#3623])>+3: {"op": "Copy". "type": "ptr". "from": 2. "to". 0}')
debug_merge_point(0, 0, '1480<std_core_hnd.rpyeffect:1179([k@[k@[mcore:[#1223]#3619]#3621]#3623])>+4: {"op": "Copy". "type": "ptr". "from": 3. "to". 1}')
debug_merge_point(0, 0, '1480<std_core_hnd.rpyeffect:1179([k@[k@[mcore:[#1223]#3619]#3621]#3623])>+5: {"op": "Jump". "target": 1442}')
debug_merge_point(0, 0, '1442<std_core_hnd.rpyeffect:1141([mcore:[#1208]#3535])>+0: {"op": "Const". "type": "ptr". "out": 1. "format": "string". "value": "Name(import$std/core/hnd)"}')
debug_merge_point(0, 0, '1442<std_core_hnd.rpyeffect:1141([mcore:[#1208]#3535])>+1: {"op": "PrimOp". "name": "getGlobal(String): Ptr". "out": {"num": []. "ptr": [1]}. "in": {"num": []. "ptr": [1]}}')
debug_merge_point(0, 0, '1442<std_core_hnd.rpyeffect:1141([mcore:[#1208]#3535])>+2: {"op": "CallLib". "lib": "1". "symbol": "setCurrentEvv"}')
debug_merge_point(0, 0, '302<std_core_hnd.rpyeffect:1(Name(setCurrentEvv))>+0: {"op": "Const". "type": "ptr". "out": 1. "format": "string". "value": "current-evv"}')
debug_merge_point(0, 0, '302<std_core_hnd.rpyeffect:1(Name(setCurrentEvv))>+1: {"op": "PrimOp". "name": "getGlobal(String): Ptr". "out": {"num": []. "ptr": [1]}. "in": {"num": []. "ptr": [1]}}')
debug_merge_point(0, 0, '302<std_core_hnd.rpyeffect:1(Name(setCurrentEvv))>+2: {"op": "PrimOp". "name": "setRef(Ref[Ptr]. Ptr): Unit". "out": {"num": []. "ptr": [0]}. "in": {"num": []. "ptr": [1. 0]}}')
+1580: p156 = new_with_vtable(descr=<SizeDescr 16>)
+1684: setfield_gc(p156, i155, descr=<FieldS rpyeffect.region.NumBox.inst_value 8 pure>)
+1752: setfield_gc(p124, p156, descr=<FieldP rpyeffect.region.PtrRef.inst_value 8>)
debug_merge_point(0, 0, '302<std_core_hnd.rpyeffect:1(Name(setCurrentEvv))>+3: {"op": "Return". "args": {"num": []. "ptr": [0]}}')
debug_merge_point(0, 0, '1479<std_core_hnd.rpyeffect:1178([#3628])>+0: {"op": "Const". "type": "num". "out": 0. "value": 0}')
debug_merge_point(0, 0, '1479<std_core_hnd.rpyeffect:1178([#3628])>+1: {"op": "Copy". "type": "ptr". "from": 1. "to". 0}')
debug_merge_point(0, 0, '1479<std_core_hnd.rpyeffect:1178([#3628])>+2: {"op": "Copy". "type": "ptr". "from": 2. "to". 1}')
debug_merge_point(0, 0, '1479<std_core_hnd.rpyeffect:1178([#3628])>+3: {"op": "Switch". "scrutinee": 0. "values": [1]. "targets": [1475]. "default": 1478}')
debug_merge_point(0, 0, '1478<std_core_hnd.rpyeffect:1177([switch default case#3671])>+0: {"op": "Const". "type": "num". "out": 0. "value": 0}')
debug_merge_point(0, 0, '1478<std_core_hnd.rpyeffect:1177([switch default case#3671])>+1: {"op": "Copy". "type": "ptr". "from": 1. "to". 0}')
debug_merge_point(0, 0, '1478<std_core_hnd.rpyeffect:1177([switch default case#3671])>+2: {"op": "Switch". "scrutinee": 0. "values": [0]. "targets": [1476]. "default": 1477}')
debug_merge_point(0, 0, '1476<std_core_hnd.rpyeffect:1175([switch case for 0#3673])>+0: {"op": "Return". "args": {"num": []. "ptr": [0]}}')
debug_merge_point(0, 0, '5165<main.rpyeffect:168([k@[#669]#671])>+0: {"op": "PrimOp". "name": "unbox(Ptr): Num". "out": {"num": [0]. "ptr": []}. "in": {"num": []. "ptr": [0]}}')
debug_merge_point(0, 0, '5165<main.rpyeffect:168([k@[#669]#671])>+1: {"op": "Return". "args": {"num": [0]. "ptr": []}}')
debug_merge_point(0, 0, '5204<main.rpyeffect:207([#786])>+0: {"op": "PrimOp". "name": "box(Num): Ptr". "out": {"num": []. "ptr": [0]}. "in": {"num": [0]. "ptr": []}}')
debug_merge_point(0, 0, '5204<main.rpyeffect:207([#786])>+1: {"op": "Return". "args": {"num": []. "ptr": [0]}}')
debug_merge_point(0, 0, '801<std_core_hnd.rpyeffect:500([k@[k@[mcore:[#725]#1309]#1314]#1316])>+0: {"op": "Const". "type": "ptr". "out": 2. "format": "string". "value": "Name(import$std/core/hnd)"}')
debug_merge_point(0, 0, '801<std_core_hnd.rpyeffect:500([k@[k@[mcore:[#725]#1309]#1314]#1316])>+1: {"op": "PrimOp". "name": "getGlobal(String): Ptr". "out": {"num": []. "ptr": [2]}. "in": {"num": []. "ptr": [2]}}')
debug_merge_point(0, 0, '801<std_core_hnd.rpyeffect:500([k@[k@[mcore:[#725]#1309]#1314]#1316])>+2: {"op": "Push". "target": 800. "args": {"num": [0]. "ptr": [0]}}')
debug_merge_point(0, 0, '801<std_core_hnd.rpyeffect:500([k@[k@[mcore:[#725]#1309]#1314]#1316])>+3: {"op": "Copy". "type": "ptr". "from": 1. "to". 0}')
debug_merge_point(0, 0, '801<std_core_hnd.rpyeffect:500([k@[k@[mcore:[#725]#1309]#1314]#1316])>+4: {"op": "Copy". "type": "ptr". "from": 2. "to". 1}')
debug_merge_point(0, 0, '801<std_core_hnd.rpyeffect:500([k@[k@[mcore:[#725]#1309]#1314]#1316])>+5: {"op": "Jump". "target": 785}')
debug_merge_point(0, 0, '785<std_core_hnd.rpyeffect:484([mcore:[#717]#1300])>+0: {"op": "Const". "type": "ptr". "out": 1. "format": "string". "value": "Name(import$std/core/hnd)"}')
debug_merge_point(0, 0, '785<std_core_hnd.rpyeffect:484([mcore:[#717]#1300])>+1: {"op": "PrimOp". "name": "getGlobal(String): Ptr". "out": {"num": []. "ptr": [1]}. "in": {"num": []. "ptr": [1]}}')
debug_merge_point(0, 0, '785<std_core_hnd.rpyeffect:484([mcore:[#717]#1300])>+2: {"op": "CallLib". "lib": "1". "symbol": "setCurrentEvv"}')
debug_merge_point(0, 0, '302<std_core_hnd.rpyeffect:1(Name(setCurrentEvv))>+0: {"op": "Const". "type": "ptr". "out": 1. "format": "string". "value": "current-evv"}')
debug_merge_point(0, 0, '302<std_core_hnd.rpyeffect:1(Name(setCurrentEvv))>+1: {"op": "PrimOp". "name": "getGlobal(String): Ptr". "out": {"num": []. "ptr": [1]}. "in": {"num": []. "ptr": [1]}}')
debug_merge_point(0, 0, '302<std_core_hnd.rpyeffect:1(Name(setCurrentEvv))>+2: {"op": "PrimOp". "name": "setRef(Ref[Ptr]. Ptr): Unit". "out": {"num": []. "ptr": [0]}. "in": {"num": []. "ptr": [1. 0]}}')
debug_merge_point(0, 0, '302<std_core_hnd.rpyeffect:1(Name(setCurrentEvv))>+3: {"op": "Return". "args": {"num": []. "ptr": [0]}}')
debug_merge_point(0, 0, '800<std_core_hnd.rpyeffect:499([k@[k@[k@[mcore:[#725]#1309]#1314]#1316]#1321])>+0: {"op": "Const". "type": "num". "out": 1. "value": 0}')
debug_merge_point(0, 0, '800<std_core_hnd.rpyeffect:499([k@[k@[k@[mcore:[#725]#1309]#1314]#1316]#1321])>+1: {"op": "Copy". "type": "ptr". "from": 1. "to". 0}')
debug_merge_point(0, 0, '800<std_core_hnd.rpyeffect:499([k@[k@[k@[mcore:[#725]#1309]#1314]#1316]#1321])>+2: {"op": "Switch". "scrutinee": 1. "values": [1]. "targets": [796]. "default": 799}')
debug_merge_point(0, 0, '799<std_core_hnd.rpyeffect:498([switch default case#1364])>+0: {"op": "Const". "type": "num". "out": 0. "value": 0}')
debug_merge_point(0, 0, '799<std_core_hnd.rpyeffect:498([switch default case#1364])>+1: {"op": "Switch". "scrutinee": 0. "values": [0]. "targets": [797]. "default": 798}')
debug_merge_point(0, 0, '797<std_core_hnd.rpyeffect:496([switch case for 0#1366])>+0: {"op": "Return". "args": {"num": []. "ptr": [0]}}')
debug_merge_point(0, 0, '5227<main.rpyeffect:230([k@[mcore:[#397]#771]#795])>+0: {"op": "PrimOp". "name": "unbox(Ptr): Num". "out": {"num": [1]. "ptr": []}. "in": {"num": []. "ptr": [0]}}')
debug_merge_point(0, 0, '5227<main.rpyeffect:230([k@[mcore:[#397]#771]#795])>+1: {"op": "Const". "type": "num". "out": 2. "value": 36}')
debug_merge_point(0, 0, '5227<main.rpyeffect:230([k@[mcore:[#397]#771]#795])>+2: {"op": "PrimOp". "name": "infixEq(Int. Int): Boolean". "out": {"num": [2]. "ptr": []}. "in": {"num": [1. 2]. "ptr": []}}')
debug_merge_point(0, 0, '5227<main.rpyeffect:230([k@[mcore:[#397]#771]#795])>+3: {"op": "Switch". "scrutinee": 2. "values": [1]. "targets": [5207]. "default": 5226}')
debug_merge_point(0, 0, '5207<main.rpyeffect:210([switch case for 1#801])>+0: {"op": "Const". "type": "num". "out": 1. "value": 1}')
debug_merge_point(0, 0, '5207<main.rpyeffect:210([switch case for 1#801])>+1: {"op": "PrimOp". "name": "infixAdd(Int. Int): Int". "out": {"num": [0]. "ptr": []}. "in": {"num": [0. 1]. "ptr": []}}')
+1756: i158 = int_add(i144, 1)
debug_merge_point(0, 0, '5207<main.rpyeffect:210([switch case for 1#801])>+2: {"op": "Const". "type": "ptr". "out": 0. "format": "string". "value": "Name(import$std/core/hnd)"}')
debug_merge_point(0, 0, '5207<main.rpyeffect:210([switch case for 1#801])>+3: {"op": "PrimOp". "name": "getGlobal(String): Ptr". "out": {"num": []. "ptr": [0]}. "in": {"num": []. "ptr": [0]}}')
debug_merge_point(0, 0, '5207<main.rpyeffect:210([switch case for 1#801])>+4: {"op": "Jump". "target": 5228}')
debug_merge_point(0, 0, '5228<main.rpyeffect:231([mcore:[#397]#771])>+0: {"op": "Const". "type": "num". "out": 1. "value": 1}')
debug_merge_point(0, 0, '5228<main.rpyeffect:231([mcore:[#397]#771])>+1: {"op": "New". "out": 0. "targets": [5203. 5205]. "args": {"num": []. "ptr": []}}')
debug_merge_point(0, 0, '5228<main.rpyeffect:231([mcore:[#397]#771])>+2: {"op": "Const". "type": "ptr". "out": 1. "format": "string". "value": "Name(import$std/core/hnd)"}')
debug_merge_point(0, 0, '5228<main.rpyeffect:231([mcore:[#397]#771])>+3: {"op": "PrimOp". "name": "getGlobal(String): Ptr". "out": {"num": []. "ptr": [1]}. "in": {"num": []. "ptr": [1]}}')
debug_merge_point(0, 0, '5228<main.rpyeffect:231([mcore:[#397]#771])>+4: {"op": "Push". "target": 5227. "args": {"num": [0]. "ptr": []}}')
debug_merge_point(0, 0, '5228<main.rpyeffect:231([mcore:[#397]#771])>+5: {"op": "Copy". "type": "num". "from": 1. "to". 0}')
debug_merge_point(0, 0, '5228<main.rpyeffect:231([mcore:[#397]#771])>+6: {"op": "Jump". "target": 5157}')
debug_merge_point(0, 0, '5157<main.rpyeffect:160([mcore:[#341]#621])>+0: {"op": "Const". "type": "ptr". "out": 1. "format": "string". "value": "Name(import$std/core/hnd)"}')
debug_merge_point(0, 0, '5157<main.rpyeffect:160([mcore:[#341]#621])>+1: {"op": "PrimOp". "name": "getGlobal(String): Ptr". "out": {"num": []. "ptr": [1]}. "in": {"num": []. "ptr": [1]}}')
debug_merge_point(0, 0, '5157<main.rpyeffect:160([mcore:[#341]#621])>+2: {"op": "CallLib". "lib": "1". "symbol": "std/core/hnd/@open-at0"}')
debug_merge_point(0, 0, '803<std_core_hnd.rpyeffect:502([mcore:[#725]#1309])>+0: {"op": "Const". "type": "ptr". "out": 1. "format": "string". "value": "Name(import$std/core/hnd)"}')
debug_merge_point(0, 0, '803<std_core_hnd.rpyeffect:502([mcore:[#725]#1309])>+1: {"op": "PrimOp". "name": "getGlobal(String): Ptr". "out": {"num": []. "ptr": [1]}. "in": {"num": []. "ptr": [1]}}')
debug_merge_point(0, 0, '803<std_core_hnd.rpyeffect:502([mcore:[#725]#1309])>+2: {"op": "Push". "target": 802. "args": {"num": [0]. "ptr": [0]}}')
debug_merge_point(0, 0, '803<std_core_hnd.rpyeffect:502([mcore:[#725]#1309])>+3: {"op": "Copy". "type": "ptr". "from": 1. "to". 0}')
debug_merge_point(0, 0, '803<std_core_hnd.rpyeffect:502([mcore:[#725]#1309])>+4: {"op": "Jump". "target": 784}')
debug_merge_point(0, 0, '784<std_core_hnd.rpyeffect:483([mcore:[#715]#1295])>+0: {"op": "Const". "type": "ptr". "out": 0. "format": "string". "value": "Name(import$std/core/hnd)"}')
debug_merge_point(0, 0, '784<std_core_hnd.rpyeffect:483([mcore:[#715]#1295])>+1: {"op": "PrimOp". "name": "getGlobal(String): Ptr". "out": {"num": []. "ptr": [0]}. "in": {"num": []. "ptr": [0]}}')
debug_merge_point(0, 0, '784<std_core_hnd.rpyeffect:483([mcore:[#715]#1295])>+2: {"op": "CallLib". "lib": "0". "symbol": "evvSwapCreate1"}')
debug_merge_point(0, 0, '307<std_core_hnd.rpyeffect:6(Name(evvSwapCreate1))>+0: {"op": "Construct". "out": 0. "type": Interned(evv). "tag": Interned(nil). "args": {"num": []. "ptr": []}}')
debug_merge_point(0, 0, '307<std_core_hnd.rpyeffect:6(Name(evvSwapCreate1))>+1: {"op": "Push". "target": 306. "args": {"num": [0]. "ptr": [0]}}')
debug_merge_point(0, 0, '307<std_core_hnd.rpyeffect:6(Name(evvSwapCreate1))>+2: {"op": "Jump". "target": 301}')
+1760: i159 = arraylen_gc(p100, descr=<ArrayP 8>)
+1824: setfield_gc(ConstPtr(ptr160), p73, descr=<FieldP rpyeffect.region.PtrRef.inst_value 8>)
+1828: jump(p0, p139, i158, p2, p3, i12, i14, i16, i18, i20, i22, i24, i26, i28, i30, i32, i34, i36, p145, p49, p51, p53, p55, p57, p59, p61, p63, p65, p67, p69, p73, p82, p90, p106, p112, p115, p118, p123, p145, i122, p124, p100, descr=TargetToken(4973983152))
+1840: --end of the loop--
[83c83c9] jit-log-opt-loop}
[85e72cc] {jit-log-opt-loop
# Loop 2 (306<std_core_hnd.rpyeffect:5([k@Name(evvSwapCreate1)#21])>+1: {"op": "Jump", "target": 331}) : entry bridge with 262 ops
[p0, p1, p2, p3]
+376: p4 = getfield_gc_r(p2, descr=<FieldP rpyeffect.environment.Environment.inst_values_num 16>)
+384: i6 = getarrayitem_gc_i(p4, 0, descr=<ArrayS 8>)
+388: i8 = getarrayitem_gc_i(p4, 1, descr=<ArrayS 8>)
+392: i10 = getarrayitem_gc_i(p4, 2, descr=<ArrayS 8>)
+396: i12 = getarrayitem_gc_i(p4, 3, descr=<ArrayS 8>)
+400: i14 = getarrayitem_gc_i(p4, 4, descr=<ArrayS 8>)
+404: i16 = getarrayitem_gc_i(p4, 5, descr=<ArrayS 8>)
+408: i18 = getarrayitem_gc_i(p4, 6, descr=<ArrayS 8>)
+412: i20 = getarrayitem_gc_i(p4, 7, descr=<ArrayS 8>)
+416: i22 = getarrayitem_gc_i(p4, 8, descr=<ArrayS 8>)
+420: i24 = getarrayitem_gc_i(p4, 9, descr=<ArrayS 8>)
+424: i26 = getarrayitem_gc_i(p4, 10, descr=<ArrayS 8>)
+428: i28 = getarrayitem_gc_i(p4, 11, descr=<ArrayS 8>)
+432: i30 = getarrayitem_gc_i(p4, 12, descr=<ArrayS 8>)
+436: i32 = getarrayitem_gc_i(p4, 13, descr=<ArrayS 8>)
+440: i34 = getarrayitem_gc_i(p4, 14, descr=<ArrayS 8>)
+448: i36 = getarrayitem_gc_i(p4, 15, descr=<ArrayS 8>)
+452: p37 = getfield_gc_r(p2, descr=<FieldP rpyeffect.environment.Environment.inst_values_ptr 24>)
+456: p39 = getarrayitem_gc_r(p37, 0, descr=<ArrayP 8>)
+464: p41 = getarrayitem_gc_r(p37, 1, descr=<ArrayP 8>)
+472: p43 = getarrayitem_gc_r(p37, 2, descr=<ArrayP 8>)
+480: p45 = getarrayitem_gc_r(p37, 3, descr=<ArrayP 8>)
+488: p47 = getarrayitem_gc_r(p37, 4, descr=<ArrayP 8>)
+496: p49 = getarrayitem_gc_r(p37, 5, descr=<ArrayP 8>)
+504: p51 = getarrayitem_gc_r(p37, 6, descr=<ArrayP 8>)
+512: p53 = getarrayitem_gc_r(p37, 7, descr=<ArrayP 8>)
+520: p55 = getarrayitem_gc_r(p37, 8, descr=<ArrayP 8>)
+528: p57 = getarrayitem_gc_r(p37, 9, descr=<ArrayP 8>)
+536: p59 = getarrayitem_gc_r(p37, 10, descr=<ArrayP 8>)
+544: p61 = getarrayitem_gc_r(p37, 11, descr=<ArrayP 8>)
+552: p63 = getarrayitem_gc_r(p37, 12, descr=<ArrayP 8>)
+560: p65 = getarrayitem_gc_r(p37, 13, descr=<ArrayP 8>)
+568: p67 = getarrayitem_gc_r(p37, 14, descr=<ArrayP 8>)
+576: p69 = getarrayitem_gc_r(p37, 15, descr=<ArrayP 8>)
debug_merge_point(0, 0, '306<std_core_hnd.rpyeffect:5([k@Name(evvSwapCreate1)#21])>+1: {"op": "Jump". "target": 331}')
+580: guard_not_invalidated(descr=<Guard0x1288c1db0>) [p2, i6, i8, i10, i12, i14, i16, i18, i20, i22, i24, i26, i28, i30, i32, i34, i36, p39, p41, p43, p45, p47, p49, p51, p53, p55, p57, p59, p61, p63, p65, p67, p69, p0, p1, p3]
debug_merge_point(0, 0, '331<std_core_hnd.rpyeffect:30(Name(elt))>+0: {"op": "Switch". "scrutinee": 0. "values": [0]. "targets": [329]. "default": 330}')
+584: i71 = int_eq(i6, 0)
guard_true(i71, descr=<Guard0x1288b3da0>) [p2, i6, i8, i10, i12, i14, i16, i18, i20, i22, i24, i26, i28, i30, i32, i34, i36, p39, p41, p43, p45, p47, p49, p51, p53, p55, p57, p59, p61, p63, p65, p67, p69, p0, p1, p3]
+592: guard_nonnull(p1, descr=<Guard0x1288b3de0>) [p2, i6, i8, i10, i12, i14, i16, i18, i20, i22, i24, i26, i28, i30, i32, i34, i36, p39, p41, p43, p45, p47, p49, p51, p53, p55, p57, p59, p61, p63, p65, p67, p69, p0, p1, p3]
+604: i72 = getfield_gc_i(p1, descr=<FieldS rpyeffect.stored_environment.Stack__arb_arb.inst_target 16 pure>)
+620: guard_value(i72, 305, descr=<Guard0x1288b3e20>) [p2, i6, i8, i10, i12, i14, i16, i18, i20, i22, i24, i26, i28, i30, i32, i34, i36, p39, p41, p43, p45, p47, p49, p51, p53, p55, p57, p59, p61, p63, p65, p67, p69, p0, p1, p3]
debug_merge_point(0, 0, '329<std_core_hnd.rpyeffect:28([switch case for 0#86])>+0: {"op": "Proj". "out": 0. "type": Interned(evv). "scrutinee": 0. "tag": Interned(cons). "field": 0. "field_type": "ptr"}')
+632: p74 = getfield_gc_r(p39, descr=<FieldP rpyeffect.stored_environment.Data__arb_arb.inst_tag 8>)
+644: guard_value(p74, ConstPtr(ptr75), descr=<Guard0x1288b3e60>) [p2, i6, i8, i10, i12, i14, i16, i18, i20, i22, i24, i26, i28, i30, i32, i34, i36, p39, p41, p43, p45, p47, p49, p51, p53, p55, p57, p59, p61, p63, p65, p67, p69, p0, p1, p3]
+652: guard_class(p39, ConstClass(Data__0_2), descr=<Guard0x1288b3ea0>) [p2, i6, i8, i10, i12, i14, i16, i18, i20, i22, i24, i26, i28, i30, i32, i34, i36, p39, p41, p43, p45, p47, p49, p51, p53, p55, p57, p59, p61, p63, p65, p67, p69, p0, p1, p3]
+668: p77 = getfield_gc_r(p39, descr=<FieldP rpyeffect.stored_environment.Data__0_2.inst_values_ptr_0 32 pure>)
debug_merge_point(0, 0, '329<std_core_hnd.rpyeffect:28([switch case for 0#86])>+1: {"op": "Return". "args": {"num": []. "ptr": [0]}}')
+672: p78 = getfield_gc_r(p1, descr=<FieldP rpyeffect.stored_environment.Stack__0_2.inst_values_ptr_0 40 pure>)
+676: p79 = getfield_gc_r(p1, descr=<FieldP rpyeffect.stored_environment.Stack__0_2.inst_values_ptr_1 48 pure>)
+684: p80 = getfield_gc_r(p1, descr=<FieldP rpyeffect.stored_environment.Stack__arb_arb.inst_tail 8 pure>)
+692: guard_nonnull(p80, descr=<Guard0x1288b3ee0>) [p2, i6, i8, i10, i12, i14, i16, i18, i20, i22, i24, i26, i28, i30, i32, i34, i36, p39, p41, p43, p45, p47, p49, p51, p53, p55, p57, p59, p61, p63, p65, p67, p69, p0, p1, p3]
+700: i81 = getfield_gc_i(p80, descr=<FieldS rpyeffect.stored_environment.Stack__arb_arb.inst_target 16 pure>)
+708: guard_value(i81, 822, descr=<Guard0x1288b3f20>) [p2, i6, i8, i10, i12, i14, i16, i18, i20, i22, i24, i26, i28, i30, i32, i34, i36, p39, p41, p43, p45, p47, p49, p51, p53, p55, p57, p59, p61, p63, p65, p67, p69, p0, p1, p3]
debug_merge_point(0, 0, '305<std_core_hnd.rpyeffect:4([k@[k@Name(evvSwapCreate1)#21]#23])>+0: {"op": "Construct". "out": 0. "type": Interned(evv). "tag": Interned(cons). "args": {"num": []. "ptr": [0. 2]}}')
debug_merge_point(0, 0, '305<std_core_hnd.rpyeffect:4([k@[k@Name(evvSwapCreate1)#21]#23])>+1: {"op": "Push". "target": 304. "args": {"num": []. "ptr": [1]}}')
debug_merge_point(0, 0, '305<std_core_hnd.rpyeffect:4([k@[k@Name(evvSwapCreate1)#21]#23])>+2: {"op": "Jump". "target": 302}')
debug_merge_point(0, 0, '302<std_core_hnd.rpyeffect:1(Name(setCurrentEvv))>+0: {"op": "Const". "type": "ptr". "out": 1. "format": "string". "value": "current-evv"}')
debug_merge_point(0, 0, '302<std_core_hnd.rpyeffect:1(Name(setCurrentEvv))>+1: {"op": "PrimOp". "name": "getGlobal(String): Ptr". "out": {"num": []. "ptr": [1]}. "in": {"num": []. "ptr": [1]}}')
debug_merge_point(0, 0, '302<std_core_hnd.rpyeffect:1(Name(setCurrentEvv))>+2: {"op": "PrimOp". "name": "setRef(Ref[Ptr]. Ptr): Unit". "out": {"num": []. "ptr": [0]}. "in": {"num": []. "ptr": [1. 0]}}')
debug_merge_point(0, 0, '302<std_core_hnd.rpyeffect:1(Name(setCurrentEvv))>+3: {"op": "Return". "args": {"num": []. "ptr": [0]}}')
debug_merge_point(0, 0, '304<std_core_hnd.rpyeffect:3([k@[k@[k@Name(evvSwapCreate1)#21]#23]#26])>+0: {"op": "Copy". "type": "ptr". "from": 1. "to". 0}')
debug_merge_point(0, 0, '304<std_core_hnd.rpyeffect:3([k@[k@[k@Name(evvSwapCreate1)#21]#23]#26])>+1: {"op": "Return". "args": {"num": []. "ptr": [0]}}')
+720: i83 = getfield_gc_i(p80, descr=<FieldS rpyeffect.stored_environment.Stack__1_2.inst_values_num_0 40 pure>)
+724: p84 = getfield_gc_r(p80, descr=<FieldP rpyeffect.stored_environment.Stack__1_2.inst_values_ptr_0 48 pure>)
+732: p85 = getfield_gc_r(p80, descr=<FieldP rpyeffect.stored_environment.Stack__1_2.inst_values_ptr_1 56 pure>)
+740: p86 = getfield_gc_r(p80, descr=<FieldP rpyeffect.stored_environment.Stack__arb_arb.inst_tail 8 pure>)
debug_merge_point(0, 0, '822<std_core_hnd.rpyeffect:521([k@[mcore:[#737]#1382]#1387])>+0: {"op": "Push". "target": 821. "args": {"num": [0]. "ptr": [0]}}')
debug_merge_point(0, 0, '822<std_core_hnd.rpyeffect:521([k@[mcore:[#737]#1382]#1387])>+1: {"op": "Copy". "type": "ptr". "from": 2. "to". 0}')
debug_merge_point(0, 0, '822<std_core_hnd.rpyeffect:521([k@[mcore:[#737]#1382]#1387])>+2: {"op": "Invoke". "receiver": 1. "tag": Interned(%apply(p):p). "args" : {"num": []. "ptr": [0]}}')
+744: p87 = getfield_gc_r(p84, descr=<FieldP rpyeffect.stored_environment.CoData__arb_arb.inst_vtable 24 pure>)
+756: guard_value(p87, ConstPtr(ptr88), descr=<Guard0x1288b3f60>) [p2, i6, i8, i10, i12, i14, i16, i18, i20, i22, i24, i26, i28, i30, i32, i34, i36, p39, p41, p43, p45, p47, p49, p51, p53, p55, p57, p59, p61, p63, p65, p67, p69, p0, p1, p3]
debug_merge_point(0, 0, '5212<main.rpyeffect:215([#835])>+0: {"op": "Const". "type": "ptr". "out": 1. "format": "string". "value": "Name(import$std/core/hnd)"}')
debug_merge_point(0, 0, '5212<main.rpyeffect:215([#835])>+1: {"op": "PrimOp". "name": "getGlobal(String): Ptr". "out": {"num": []. "ptr": [1]}. "in": {"num": []. "ptr": [1]}}')
debug_merge_point(0, 0, '5212<main.rpyeffect:215([#835])>+2: {"op": "PrimOp". "name": "unbox(Ptr): Num". "out": {"num": [0]. "ptr": []}. "in": {"num": []. "ptr": [0]}}')
+764: i89 = getfield_gc_i(p85, descr=<FieldS rpyeffect.region.NumBox.inst_value 8 pure>)
debug_merge_point(0, 0, '5212<main.rpyeffect:215([#835])>+3: {"op": "Copy". "type": "ptr". "from": 1. "to". 0}')
debug_merge_point(0, 0, '5212<main.rpyeffect:215([#835])>+4: {"op": "Jump". "target": 5186}')
debug_merge_point(0, 0, '5186<main.rpyeffect:189([mcore:[#377]#692])>+0: {"op": "Const". "type": "num". "out": 1. "value": 0}')
debug_merge_point(0, 0, '5186<main.rpyeffect:189([mcore:[#377]#692])>+1: {"op": "Const". "type": "ptr". "out": 0. "format": "string". "value": "Name(import$std/core/hnd)"}')
debug_merge_point(0, 0, '5186<main.rpyeffect:189([mcore:[#377]#692])>+2: {"op": "PrimOp". "name": "getGlobal(String): Ptr". "out": {"num": []. "ptr": [0]}. "in": {"num": []. "ptr": [0]}}')
debug_merge_point(0, 0, '5186<main.rpyeffect:189([mcore:[#377]#692])>+3: {"op": "Push". "target": 5185. "args": {"num": [1. 0]. "ptr": []}}')
debug_merge_point(0, 0, '5186<main.rpyeffect:189([mcore:[#377]#692])>+4: {"op": "Jump". "target": 5174}')
debug_merge_point(0, 0, '5174<main.rpyeffect:177([mcore:[#368]#688])>+0: {"op": "Const". "type": "ptr". "out": 0. "format": "string". "value": "Name(import$std/core/hnd)"}')
debug_merge_point(0, 0, '5174<main.rpyeffect:177([mcore:[#368]#688])>+1: {"op": "PrimOp". "name": "getGlobal(String): Ptr". "out": {"num": []. "ptr": [0]}. "in": {"num": []. "ptr": [0]}}')
debug_merge_point(0, 0, '5174<main.rpyeffect:177([mcore:[#368]#688])>+2: {"op": "CallLib". "lib": "0". "symbol": "getCurrentEvv"}')
debug_merge_point(0, 0, '301<std_core_hnd.rpyeffect:0(Name(getCurrentEvv))>+0: {"op": "Const". "type": "ptr". "out": 0. "format": "string". "value": "current-evv"}')
debug_merge_point(0, 0, '301<std_core_hnd.rpyeffect:0(Name(getCurrentEvv))>+1: {"op": "PrimOp". "name": "getGlobal(String): Ptr". "out": {"num": []. "ptr": [0]}. "in": {"num": []. "ptr": [0]}}')
debug_merge_point(0, 0, '301<std_core_hnd.rpyeffect:0(Name(getCurrentEvv))>+2: {"op": "PrimOp". "name": "getRef(Ref[Ptr]): Ptr". "out": {"num": []. "ptr": [0]}. "in": {"num": []. "ptr": [0]}}')
debug_merge_point(0, 0, '301<std_core_hnd.rpyeffect:0(Name(getCurrentEvv))>+3: {"op": "Return". "args": {"num": []. "ptr": [0]}}')
debug_merge_point(0, 0, '5185<main.rpyeffect:188([k@[mcore:[#377]#692]#698])>+0: {"op": "PrimOp". "name": "promote_ptr". "out": {"num": []. "ptr": [0]}. "in": {"num": []. "ptr": [0]}}')
debug_merge_point(0, 0, '5185<main.rpyeffect:188([k@[mcore:[#377]#692]#698])>+1: {"op": "Const". "type": "ptr". "out": 1. "format": "string". "value": "Name(import$std/core/hnd)"}')
debug_merge_point(0, 0, '5185<main.rpyeffect:188([k@[mcore:[#377]#692]#698])>+2: {"op": "PrimOp". "name": "getGlobal(String): Ptr". "out": {"num": []. "ptr": [1]}. "in": {"num": []. "ptr": [1]}}')
debug_merge_point(0, 0, '5185<main.rpyeffect:188([k@[mcore:[#377]#692]#698])>+3: {"op": "Push". "target": 5184. "args": {"num": [1]. "ptr": []}}')
debug_merge_point(0, 0, '5185<main.rpyeffect:188([k@[mcore:[#377]#692]#698])>+4: {"op": "Jump". "target": 5173}')
debug_merge_point(0, 0, '5173<main.rpyeffect:176([mcore:[#367]#682])>+0: {"op": "Const". "type": "ptr". "out": 1. "format": "string". "value": "Name(import$std/core/hnd)"}')
debug_merge_point(0, 0, '5173<main.rpyeffect:176([mcore:[#367]#682])>+1: {"op": "PrimOp". "name": "getGlobal(String): Ptr". "out": {"num": []. "ptr": [1]}. "in": {"num": []. "ptr": [1]}}')
debug_merge_point(0, 0, '5173<main.rpyeffect:176([mcore:[#367]#682])>+2: {"op": "CallLib". "lib": "1". "symbol": "elt"}')
debug_merge_point(0, 0, '331<std_core_hnd.rpyeffect:30(Name(elt))>+0: {"op": "Switch". "scrutinee": 0. "values": [0]. "targets": [329]. "default": 330}')
debug_merge_point(0, 0, '329<std_core_hnd.rpyeffect:28([switch case for 0#86])>+0: {"op": "Proj". "out": 0. "type": Interned(evv). "scrutinee": 0. "tag": Interned(cons). "field": 0. "field_type": "ptr"}')
debug_merge_point(0, 0, '329<std_core_hnd.rpyeffect:28([switch case for 0#86])>+1: {"op": "Return". "args": {"num": []. "ptr": [0]}}')
debug_merge_point(0, 0, '5184<main.rpyeffect:187([k@[k@[mcore:[#377]#692]#698]#706])>+0: {"op": "Match". "type": Interned(std/core/hnd/ev). "scrutinee": 0. "clauses": [{"tag": Interned(std/core/hnd/Ev). "target": 5183. "args": {"num": []. "ptr": [1. 2. 3. 4]}}]. "default": {"tag": Interned(28f21bda-754e-424d-998b-aa7f1fb64415#[Missing Tag#1715]). "target": 5175. "args": {"num": []. "ptr": []}}}')
+768: p90 = getfield_gc_r(p77, descr=<FieldP rpyeffect.stored_environment.Data__arb_arb.inst_tag 8>)
+776: guard_value(p90, ConstPtr(ptr91), descr=<Guard0x1288b3fa0>) [p2, i6, i8, i10, i12, i14, i16, i18, i20, i22, i24, i26, i28, i30, i32, i34, i36, p39, p41, p43, p45, p47, p49, p51, p53, p55, p57, p59, p61, p63, p65, p67, p69, p0, p1, p3]
+784: p92 = getfield_gc_r(p77, descr=<FieldP rpyeffect.stored_environment.Data__arb_arb.inst_values_ptr 24 pure>)
+788: p94 = getarrayitem_gc_pure_r(p92, 0, descr=<ArrayP 8>)
+788: p96 = getarrayitem_gc_pure_r(p92, 1, descr=<ArrayP 8>)
+788: p98 = getarrayitem_gc_pure_r(p92, 2, descr=<ArrayP 8>)
+792: p100 = getarrayitem_gc_pure_r(p92, 3, descr=<ArrayP 8>)
debug_merge_point(0, 0, '5183<main.rpyeffect:186([#708])>+0: {"op": "Copy". "type": "ptr". "from": 0. "to". 1}')
debug_merge_point(0, 0, '5183<main.rpyeffect:186([#708])>+1: {"op": "Copy". "type": "ptr". "from": 2. "to". 0}')
debug_merge_point(0, 0, '5183<main.rpyeffect:186([#708])>+2: {"op": "Match". "type": Interned(main/emit). "scrutinee": 3. "clauses": [{"tag": Interned(main/@Hnd-emit). "target": 5182. "args": {"num": [1]. "ptr": [2]}}]. "default": {"tag": Interned(28f21bda-754e-424d-998b-aa7f1fb64415#[Missing Tag#1714]). "target": 5177. "args": {"num": []. "ptr": []}}}')
+796: p101 = getfield_gc_r(p98, descr=<FieldP rpyeffect.stored_environment.Data__arb_arb.inst_tag 8>)
+812: guard_value(p101, ConstPtr(ptr102), descr=<Guard0x1288ce020>) [p2, i6, i8, i10, i12, i14, i16, i18, i20, i22, i24, i26, i28, i30, i32, i34, i36, p39, p41, p43, p45, p47, p49, p51, p53, p55, p57, p59, p61, p63, p65, p67, p69, p0, p1, p3]
+820: i103 = getfield_gc_i(p98, descr=<FieldS rpyeffect.stored_environment.Data__1_1.inst_values_num_0 32 pure>)
+824: p104 = getfield_gc_r(p98, descr=<FieldP rpyeffect.stored_environment.Data__1_1.inst_values_ptr_0 40 pure>)
debug_merge_point(0, 0, '5182<main.rpyeffect:185([match_main/@Hnd-emit@[#708]#713])>+0: {"op": "Match". "type": Interned(std/core/hnd/clause1). "scrutinee": 2. "clauses": [{"tag": Interned(std/core/hnd/Clause1). "target": 5181. "args": {"num": []. "ptr": [2]}}]. "default": {"tag": Interned(28f21bda-754e-424d-998b-aa7f1fb64415#[Missing Tag#1713]). "target": 5179. "args": {"num": []. "ptr": []}}}')
+828: p105 = getfield_gc_r(p104, descr=<FieldP rpyeffect.stored_environment.Data__arb_arb.inst_tag 8>)
+840: guard_value(p105, ConstPtr(ptr106), descr=<Guard0x1288ce060>) [p2, i6, i8, i10, i12, i14, i16, i18, i20, i22, i24, i26, i28, i30, i32, i34, i36, p39, p41, p43, p45, p47, p49, p51, p53, p55, p57, p59, p61, p63, p65, p67, p69, p0, p1, p3]
+848: p107 = getfield_gc_r(p104, descr=<FieldP rpyeffect.stored_environment.Data__0_1.inst_values_ptr_0 32 pure>)
debug_merge_point(0, 0, '5181<main.rpyeffect:184([#718])>+0: {"op": "PrimOp". "name": "box(Num): Ptr". "out": {"num": []. "ptr": [3]}. "in": {"num": [0]. "ptr": []}}')
debug_merge_point(0, 0, '5181<main.rpyeffect:184([#718])>+1: {"op": "Push". "target": 5180. "args": {"num": []. "ptr": []}}')
debug_merge_point(0, 0, '5181<main.rpyeffect:184([#718])>+2: {"op": "Swap". "type": "ptr". "a": 2. "b". 3}')
debug_merge_point(0, 0, '5181<main.rpyeffect:184([#718])>+3: {"op": "Invoke". "receiver": 3. "tag": Interned(%apply(ppp):p). "args" : {"num": []. "ptr": [0. 1. 2]}}')
+852: p108 = getfield_gc_r(p107, descr=<FieldP rpyeffect.stored_environment.CoData__arb_arb.inst_vtable 24 pure>)
+860: guard_value(p108, ConstPtr(ptr109), descr=<Guard0x1288ce0a0>) [p2, i6, i8, i10, i12, i14, i16, i18, i20, i22, i24, i26, i28, i30, i32, i34, i36, p39, p41, p43, p45, p47, p49, p51, p53, p55, p57, p59, p61, p63, p65, p67, p69, p0, p1, p3]
+868: p110 = getfield_gc_r(p107, descr=<FieldP rpyeffect.stored_environment.CoData__0_1.inst_values_ptr_0 32 pure>)
debug_merge_point(0, 0, '1515<std_core_hnd.rpyeffect:1214([#3788])>+0: {"op": "Const". "type": "ptr". "out": 4. "format": "string". "value": "Name(import$std/core/hnd)"}')
debug_merge_point(0, 0, '1515<std_core_hnd.rpyeffect:1214([#3788])>+1: {"op": "PrimOp". "name": "getGlobal(String): Ptr". "out": {"num": []. "ptr": [4]}. "in": {"num": []. "ptr": [4]}}')
debug_merge_point(0, 0, '1515<std_core_hnd.rpyeffect:1214([#3788])>+2: {"op": "Swap". "type": "ptr". "a": 4. "b". 3}')
debug_merge_point(0, 0, '1515<std_core_hnd.rpyeffect:1214([#3788])>+3: {"op": "Jump". "target": 1513}')
debug_merge_point(0, 0, '1513<std_core_hnd.rpyeffect:1212([mcore:[#1238]#3717])>+0: {"op": "Push". "target": 1509. "args": {"num": []. "ptr": [1. 4. 2]}}')
debug_merge_point(0, 0, '1513<std_core_hnd.rpyeffect:1212([mcore:[#1238]#3717])>+1: {"op": "Match". "type": Interned(std/core/hnd/ev). "scrutinee": 1. "clauses": [{"tag": Interned(std/core/hnd/Ev). "target": 1512. "args": {"num": []. "ptr": [0. 1. 2. 3]}}]. "default": {"tag": Interned(f1366ff7-7d8a-4a49-ba54-2f66d995f403#[Missing Tag#4969]). "target": 1510. "args": {"num": []. "ptr": []}}}')
debug_merge_point(0, 0, '1512<std_core_hnd.rpyeffect:1211([#3775])>+0: {"op": "Const". "type": "ptr". "out": 0. "format": "string". "value": "Name(import$std/core/hnd)"}')
debug_merge_point(0, 0, '1512<std_core_hnd.rpyeffect:1211([#3775])>+1: {"op": "PrimOp". "name": "getGlobal(String): Ptr". "out": {"num": []. "ptr": [0]}. "in": {"num": []. "ptr": [0]}}')
debug_merge_point(0, 0, '1512<std_core_hnd.rpyeffect:1211([#3775])>+2: {"op": "Copy". "type": "ptr". "from": 0. "to". 1}')
debug_merge_point(0, 0, '1512<std_core_hnd.rpyeffect:1211([#3775])>+3: {"op": "Copy". "type": "ptr". "from": 3. "to". 0}')
debug_merge_point(0, 0, '1512<std_core_hnd.rpyeffect:1211([#3775])>+4: {"op": "Jump". "target": 1491}')
debug_merge_point(0, 0, '1491<std_core_hnd.rpyeffect:1190([mcore:[#1227]#3703])>+0: {"op": "Const". "type": "ptr". "out": 1. "format": "string". "value": "Name(import$std/core/hnd)"}')
debug_merge_point(0, 0, '1491<std_core_hnd.rpyeffect:1190([mcore:[#1227]#3703])>+1: {"op": "PrimOp". "name": "getGlobal(String): Ptr". "out": {"num": []. "ptr": [1]}. "in": {"num": []. "ptr": [1]}}')
debug_merge_point(0, 0, '1491<std_core_hnd.rpyeffect:1190([mcore:[#1227]#3703])>+2: {"op": "CallLib". "lib": "1". "symbol": "swapCurrentEvv"}')
debug_merge_point(0, 0, '303<std_core_hnd.rpyeffect:2(Name(swapCurrentEvv))>+0: {"op": "Const". "type": "ptr". "out": 1. "format": "string". "value": "current-evv"}')
debug_merge_point(0, 0, '303<std_core_hnd.rpyeffect:2(Name(swapCurrentEvv))>+1: {"op": "PrimOp". "name": "getGlobal(String): Ptr". "out": {"num": []. "ptr": [1]}. "in": {"num": []. "ptr": [1]}}')
debug_merge_point(0, 0, '303<std_core_hnd.rpyeffect:2(Name(swapCurrentEvv))>+2: {"op": "PrimOp". "name": "getRef(Ref[Ptr]): Ptr". "out": {"num": []. "ptr": [2]}. "in": {"num": []. "ptr": [1]}}')
debug_merge_point(0, 0, '303<std_core_hnd.rpyeffect:2(Name(swapCurrentEvv))>+3: {"op": "PrimOp". "name": "setRef(Ref[Ptr]. Ptr): Unit". "out": {"num": []. "ptr": [0]}. "in": {"num": []. "ptr": [1. 0]}}')
debug_merge_point(0, 0, '303<std_core_hnd.rpyeffect:2(Name(swapCurrentEvv))>+4: {"op": "Copy". "type": "ptr". "from": 2. "to". 0}')
debug_merge_point(0, 0, '303<std_core_hnd.rpyeffect:2(Name(swapCurrentEvv))>+5: {"op": "Return". "args": {"num": []. "ptr": [0]}}')
debug_merge_point(0, 0, '1509<std_core_hnd.rpyeffect:1208([k@[mcore:[#1238]#3717]#3719])>+0: {"op": "Push". "target": 1508. "args": {"num": []. "ptr": [1. 0]}}')
debug_merge_point(0, 0, '1509<std_core_hnd.rpyeffect:1208([k@[mcore:[#1238]#3717]#3719])>+1: {"op": "Copy". "type": "ptr". "from": 3. "to". 0}')
debug_merge_point(0, 0, '1509<std_core_hnd.rpyeffect:1208([k@[mcore:[#1238]#3717]#3719])>+2: {"op": "Invoke". "receiver": 2. "tag": Interned(%apply(p):p). "args" : {"num": []. "ptr": [0]}}')
+872: p111 = getfield_gc_r(p110, descr=<FieldP rpyeffect.stored_environment.CoData__arb_arb.inst_vtable 24 pure>)
+944: setfield_gc(ConstPtr(ptr112), p100, descr=<FieldP rpyeffect.region.PtrRef.inst_value 8>)
+952: guard_value(p111, ConstPtr(ptr113), descr=<Guard0x1288c1e08>) [p2, i89, i103, i10, i12, i14, i16, i18, i20, i22, i24, i26, i28, i30, i32, i34, i36, p77, p110, p49, p51, p53, p55, p57, p59, p61, p63, p65, p67, p69, p0, p3, p111, p79, p78, i83, p86]
+960: p114 = getfield_gc_r(p110, descr=<FieldP rpyeffect.stored_environment.CoData__0_1.inst_values_ptr_0 32 pure>)
debug_merge_point(0, 0, '5238<main.rpyeffect:241([method_%apply(p):p@[mcore:[#419]#913]#923])>+0: {"op": "PrimOp". "name": "unbox(Ptr): Num". "out": {"num": [0]. "ptr": []}. "in": {"num": []. "ptr": [0]}}')
debug_merge_point(0, 0, '5238<main.rpyeffect:241([method_%apply(p):p@[mcore:[#419]#913]#923])>+1: {"op": "Copy". "type": "ptr". "from": 1. "to". 0}')
debug_merge_point(0, 0, '5238<main.rpyeffect:241([method_%apply(p):p@[mcore:[#419]#913]#923])>+2: {"op": "Jump". "target": 5231}')
debug_merge_point(0, 0, '5231<main.rpyeffect:234([mcore:[#409]#903])>+0: {"op": "PrimOp". "name": "getRef(Ref[Ptr]): Ptr". "out": {"num": []. "ptr": [1]}. "in": {"num": []. "ptr": [0]}}')
+964: p115 = getfield_gc_r(p114, descr=<FieldP rpyeffect.region.PtrRef.inst_value 8>)
debug_merge_point(0, 0, '5231<main.rpyeffect:234([mcore:[#409]#903])>+1: {"op": "PrimOp". "name": "unbox(Ptr): Num". "out": {"num": [1]. "ptr": []}. "in": {"num": []. "ptr": [1]}}')
+968: i116 = getfield_gc_i(p115, descr=<FieldS rpyeffect.region.NumBox.inst_value 8 pure>)
debug_merge_point(0, 0, '5231<main.rpyeffect:234([mcore:[#409]#903])>+2: {"op": "PrimOp". "name": "infixAdd(Int. Int): Int". "out": {"num": [0]. "ptr": []}. "in": {"num": [1. 0]. "ptr": []}}')
+972: i117 = int_add(i116, i89)
debug_merge_point(0, 0, '5231<main.rpyeffect:234([mcore:[#409]#903])>+3: {"op": "PrimOp". "name": "box(Num): Ptr". "out": {"num": []. "ptr": [1]}. "in": {"num": [0]. "ptr": []}}')
debug_merge_point(0, 0, '5231<main.rpyeffect:234([mcore:[#409]#903])>+4: {"op": "PrimOp". "name": "setRef(Ref[Ptr]. Ptr): Unit". "out": {"num": []. "ptr": [0]}. "in": {"num": []. "ptr": [0. 1]}}')
debug_merge_point(0, 0, '5231<main.rpyeffect:234([mcore:[#409]#903])>+5: {"op": "Return". "args": {"num": []. "ptr": [0]}}')
debug_merge_point(0, 0, '1508<std_core_hnd.rpyeffect:1207([k@[k@[mcore:[#1238]#3717]#3719]#3721])>+0: {"op": "Const". "type": "num". "out": 0. "value": 0}')
debug_merge_point(0, 0, '1508<std_core_hnd.rpyeffect:1207([k@[k@[mcore:[#1238]#3717]#3719]#3721])>+1: {"op": "Swap". "type": "ptr". "a": 1. "b". 2}')
debug_merge_point(0, 0, '1508<std_core_hnd.rpyeffect:1207([k@[k@[mcore:[#1238]#3717]#3719]#3721])>+2: {"op": "Swap". "type": "ptr". "a": 0. "b". 2}')
debug_merge_point(0, 0, '1508<std_core_hnd.rpyeffect:1207([k@[k@[mcore:[#1238]#3717]#3719]#3721])>+3: {"op": "Switch". "scrutinee": 0. "values": [1]. "targets": [1503]. "default": 1507}')
debug_merge_point(0, 0, '1507<std_core_hnd.rpyeffect:1206([switch default case#3764])>+0: {"op": "Const". "type": "num". "out": 0. "value": 0}')
debug_merge_point(0, 0, '1507<std_core_hnd.rpyeffect:1206([switch default case#3764])>+1: {"op": "Copy". "type": "ptr". "from": 1. "to". 0}')
debug_merge_point(0, 0, '1507<std_core_hnd.rpyeffect:1206([switch default case#3764])>+2: {"op": "Copy". "type": "ptr". "from": 2. "to". 1}')
debug_merge_point(0, 0, '1507<std_core_hnd.rpyeffect:1206([switch default case#3764])>+3: {"op": "Switch". "scrutinee": 0. "values": [0]. "targets": [1505]. "default": 1506}')
debug_merge_point(0, 0, '1505<std_core_hnd.rpyeffect:1204([switch case for 0#3766])>+0: {"op": "Const". "type": "ptr". "out": 2. "format": "string". "value": "Name(import$std/core/hnd)"}')
debug_merge_point(0, 0, '1505<std_core_hnd.rpyeffect:1204([switch case for 0#3766])>+1: {"op": "PrimOp". "name": "getGlobal(String): Ptr". "out": {"num": []. "ptr": [2]}. "in": {"num": []. "ptr": [2]}}')
debug_merge_point(0, 0, '1505<std_core_hnd.rpyeffect:1204([switch case for 0#3766])>+2: {"op": "Push". "target": 1504. "args": {"num": []. "ptr": [1]}}')
debug_merge_point(0, 0, '1505<std_core_hnd.rpyeffect:1204([switch case for 0#3766])>+3: {"op": "Copy". "type": "ptr". "from": 2. "to". 1}')
debug_merge_point(0, 0, '1505<std_core_hnd.rpyeffect:1204([switch case for 0#3766])>+4: {"op": "Jump". "target": 1493}')
debug_merge_point(0, 0, '1493<std_core_hnd.rpyeffect:1192([mcore:[#1237]#3712])>+0: {"op": "Const". "type": "ptr". "out": 1. "format": "string". "value": "Name(import$std/core/hnd)"}')
debug_merge_point(0, 0, '1493<std_core_hnd.rpyeffect:1192([mcore:[#1237]#3712])>+1: {"op": "PrimOp". "name": "getGlobal(String): Ptr". "out": {"num": []. "ptr": [1]}. "in": {"num": []. "ptr": [1]}}')
debug_merge_point(0, 0, '1493<std_core_hnd.rpyeffect:1192([mcore:[#1237]#3712])>+2: {"op": "CallLib". "lib": "1". "symbol": "setCurrentEvv"}')
debug_merge_point(0, 0, '302<std_core_hnd.rpyeffect:1(Name(setCurrentEvv))>+0: {"op": "Const". "type": "ptr". "out": 1. "format": "string". "value": "current-evv"}')
debug_merge_point(0, 0, '302<std_core_hnd.rpyeffect:1(Name(setCurrentEvv))>+1: {"op": "PrimOp". "name": "getGlobal(String): Ptr". "out": {"num": []. "ptr": [1]}. "in": {"num": []. "ptr": [1]}}')
debug_merge_point(0, 0, '302<std_core_hnd.rpyeffect:1(Name(setCurrentEvv))>+2: {"op": "PrimOp". "name": "setRef(Ref[Ptr]. Ptr): Unit". "out": {"num": []. "ptr": [0]}. "in": {"num": []. "ptr": [1. 0]}}')
+976: p118 = new_with_vtable(descr=<SizeDescr 16>)
+1088: setfield_gc(p118, i117, descr=<FieldS rpyeffect.region.NumBox.inst_value 8 pure>)
+1156: setfield_gc(p114, p118, descr=<FieldP rpyeffect.region.PtrRef.inst_value 8>)
debug_merge_point(0, 0, '302<std_core_hnd.rpyeffect:1(Name(setCurrentEvv))>+3: {"op": "Return". "args": {"num": []. "ptr": [0]}}')
debug_merge_point(0, 0, '1504<std_core_hnd.rpyeffect:1203([k@[switch case for 0#3766]#3771])>+0: {"op": "Copy". "type": "ptr". "from": 1. "to". 0}')
debug_merge_point(0, 0, '1504<std_core_hnd.rpyeffect:1203([k@[switch case for 0#3766]#3771])>+1: {"op": "Return". "args": {"num": []. "ptr": [0]}}')
debug_merge_point(0, 0, '5180<main.rpyeffect:183([k@[#718]#723])>+0: {"op": "Return". "args": {"num": []. "ptr": [0]}}')
+1160: guard_nonnull(p86, descr=<Guard0x1288c1e60>) [p2, i83, i116, i10, i12, i14, i16, i18, i20, i22, i24, i26, i28, i30, i32, i34, i36, p114, p78, p110, p49, p51, p53, p55, p57, p59, p61, p63, p65, p67, p69, p0, p86, p3, p77, i89, p79, None, None, None]
+1168: i120 = getfield_gc_i(p86, descr=<FieldS rpyeffect.stored_environment.Stack__arb_arb.inst_target 16 pure>)
+1172: guard_value(i120, 5214, descr=<Guard0x1288ce0e0>) [p2, i83, i116, i10, i12, i14, i16, i18, i20, i22, i24, i26, i28, i30, i32, i34, i36, p114, p78, p110, p49, p51, p53, p55, p57, p59, p61, p63, p65, p67, p69, p0, p86, p3, p77, i89, p79, None, None, None]
debug_merge_point(0, 0, '821<std_core_hnd.rpyeffect:520([k@[k@[mcore:[#737]#1382]#1387]#1389])>+0: {"op": "Const". "type": "ptr". "out": 2. "format": "string". "value": "Name(import$std/core/hnd)"}')
debug_merge_point(0, 0, '821<std_core_hnd.rpyeffect:520([k@[k@[mcore:[#737]#1382]#1387]#1389])>+1: {"op": "PrimOp". "name": "getGlobal(String): Ptr". "out": {"num": []. "ptr": [2]}. "in": {"num": []. "ptr": [2]}}')
debug_merge_point(0, 0, '821<std_core_hnd.rpyeffect:520([k@[k@[mcore:[#737]#1382]#1387]#1389])>+2: {"op": "Push". "target": 820. "args": {"num": [0]. "ptr": [0]}}')
debug_merge_point(0, 0, '821<std_core_hnd.rpyeffect:520([k@[k@[mcore:[#737]#1382]#1387]#1389])>+3: {"op": "Copy". "type": "ptr". "from": 1. "to". 0}')
debug_merge_point(0, 0, '821<std_core_hnd.rpyeffect:520([k@[k@[mcore:[#737]#1382]#1387]#1389])>+4: {"op": "Copy". "type": "ptr". "from": 2. "to". 1}')
debug_merge_point(0, 0, '821<std_core_hnd.rpyeffect:520([k@[k@[mcore:[#737]#1382]#1387]#1389])>+5: {"op": "Jump". "target": 805}')
debug_merge_point(0, 0, '805<std_core_hnd.rpyeffect:504([mcore:[#729]#1373])>+0: {"op": "Const". "type": "ptr". "out": 1. "format": "string". "value": "Name(import$std/core/hnd)"}')
debug_merge_point(0, 0, '805<std_core_hnd.rpyeffect:504([mcore:[#729]#1373])>+1: {"op": "PrimOp". "name": "getGlobal(String): Ptr". "out": {"num": []. "ptr": [1]}. "in": {"num": []. "ptr": [1]}}')
debug_merge_point(0, 0, '805<std_core_hnd.rpyeffect:504([mcore:[#729]#1373])>+2: {"op": "CallLib". "lib": "1". "symbol": "setCurrentEvv"}')
debug_merge_point(0, 0, '302<std_core_hnd.rpyeffect:1(Name(setCurrentEvv))>+0: {"op": "Const". "type": "ptr". "out": 1. "format": "string". "value": "current-evv"}')
debug_merge_point(0, 0, '302<std_core_hnd.rpyeffect:1(Name(setCurrentEvv))>+1: {"op": "PrimOp". "name": "getGlobal(String): Ptr". "out": {"num": []. "ptr": [1]}. "in": {"num": []. "ptr": [1]}}')
debug_merge_point(0, 0, '302<std_core_hnd.rpyeffect:1(Name(setCurrentEvv))>+2: {"op": "PrimOp". "name": "setRef(Ref[Ptr]. Ptr): Unit". "out": {"num": []. "ptr": [0]}. "in": {"num": []. "ptr": [1. 0]}}')
debug_merge_point(0, 0, '302<std_core_hnd.rpyeffect:1(Name(setCurrentEvv))>+3: {"op": "Return". "args": {"num": []. "ptr": [0]}}')
debug_merge_point(0, 0, '820<std_core_hnd.rpyeffect:519([k@[k@[k@[mcore:[#737]#1382]#1387]#1389]#1394])>+0: {"op": "Const". "type": "num". "out": 1. "value": 0}')
debug_merge_point(0, 0, '820<std_core_hnd.rpyeffect:519([k@[k@[k@[mcore:[#737]#1382]#1387]#1389]#1394])>+1: {"op": "Copy". "type": "ptr". "from": 1. "to". 0}')
debug_merge_point(0, 0, '820<std_core_hnd.rpyeffect:519([k@[k@[k@[mcore:[#737]#1382]#1387]#1389]#1394])>+2: {"op": "Switch". "scrutinee": 1. "values": [1]. "targets": [816]. "default": 819}')
debug_merge_point(0, 0, '819<std_core_hnd.rpyeffect:518([switch default case#1437])>+0: {"op": "Const". "type": "num". "out": 0. "value": 0}')
debug_merge_point(0, 0, '819<std_core_hnd.rpyeffect:518([switch default case#1437])>+1: {"op": "Switch". "scrutinee": 0. "values": [0]. "targets": [817]. "default": 818}')
debug_merge_point(0, 0, '817<std_core_hnd.rpyeffect:516([switch case for 0#1439])>+0: {"op": "Return". "args": {"num": []. "ptr": [0]}}')
+1184: p122 = getfield_gc_r(p86, descr=<FieldP rpyeffect.stored_environment.Stack__arb_arb.inst_tail 8 pure>)
debug_merge_point(0, 0, '5214<main.rpyeffect:217([k@[switch case for 1#822]#851])>+0: {"op": "Const". "type": "num". "out": 0. "value": 0}')
debug_merge_point(0, 0, '5214<main.rpyeffect:217([k@[switch case for 1#822]#851])>+1: {"op": "Const". "type": "ptr". "out": 0. "format": "string". "value": "Name(import$std/core/hnd)"}')
debug_merge_point(0, 0, '5214<main.rpyeffect:217([k@[switch case for 1#822]#851])>+2: {"op": "PrimOp". "name": "getGlobal(String): Ptr". "out": {"num": []. "ptr": [0]}. "in": {"num": []. "ptr": [0]}}')
debug_merge_point(0, 0, '5214<main.rpyeffect:217([k@[switch case for 1#822]#851])>+3: {"op": "Jump". "target": 5228}')
debug_merge_point(0, 0, '5228<main.rpyeffect:231([mcore:[#397]#771])>+0: {"op": "Const". "type": "num". "out": 1. "value": 1}')
debug_merge_point(0, 0, '5228<main.rpyeffect:231([mcore:[#397]#771])>+1: {"op": "New". "out": 0. "targets": [5203. 5205]. "args": {"num": []. "ptr": []}}')
debug_merge_point(0, 0, '5228<main.rpyeffect:231([mcore:[#397]#771])>+2: {"op": "Const". "type": "ptr". "out": 1. "format": "string". "value": "Name(import$std/core/hnd)"}')
debug_merge_point(0, 0, '5228<main.rpyeffect:231([mcore:[#397]#771])>+3: {"op": "PrimOp". "name": "getGlobal(String): Ptr". "out": {"num": []. "ptr": [1]}. "in": {"num": []. "ptr": [1]}}')
debug_merge_point(0, 0, '5228<main.rpyeffect:231([mcore:[#397]#771])>+4: {"op": "Push". "target": 5227. "args": {"num": [0]. "ptr": []}}')
debug_merge_point(0, 0, '5228<main.rpyeffect:231([mcore:[#397]#771])>+5: {"op": "Copy". "type": "num". "from": 1. "to". 0}')
debug_merge_point(0, 0, '5228<main.rpyeffect:231([mcore:[#397]#771])>+6: {"op": "Jump". "target": 5157}')
debug_merge_point(0, 0, '5157<main.rpyeffect:160([mcore:[#341]#621])>+0: {"op": "Const". "type": "ptr". "out": 1. "format": "string". "value": "Name(import$std/core/hnd)"}')
debug_merge_point(0, 0, '5157<main.rpyeffect:160([mcore:[#341]#621])>+1: {"op": "PrimOp". "name": "getGlobal(String): Ptr". "out": {"num": []. "ptr": [1]}. "in": {"num": []. "ptr": [1]}}')
debug_merge_point(0, 0, '5157<main.rpyeffect:160([mcore:[#341]#621])>+2: {"op": "CallLib". "lib": "1". "symbol": "std/core/hnd/@open-at0"}')
debug_merge_point(0, 0, '803<std_core_hnd.rpyeffect:502([mcore:[#725]#1309])>+0: {"op": "Const". "type": "ptr". "out": 1. "format": "string". "value": "Name(import$std/core/hnd)"}')
debug_merge_point(0, 0, '803<std_core_hnd.rpyeffect:502([mcore:[#725]#1309])>+1: {"op": "PrimOp". "name": "getGlobal(String): Ptr". "out": {"num": []. "ptr": [1]}. "in": {"num": []. "ptr": [1]}}')
debug_merge_point(0, 0, '803<std_core_hnd.rpyeffect:502([mcore:[#725]#1309])>+2: {"op": "Push". "target": 802. "args": {"num": [0]. "ptr": [0]}}')
debug_merge_point(0, 0, '803<std_core_hnd.rpyeffect:502([mcore:[#725]#1309])>+3: {"op": "Copy". "type": "ptr". "from": 1. "to". 0}')
debug_merge_point(0, 0, '803<std_core_hnd.rpyeffect:502([mcore:[#725]#1309])>+4: {"op": "Jump". "target": 784}')
debug_merge_point(0, 0, '784<std_core_hnd.rpyeffect:483([mcore:[#715]#1295])>+0: {"op": "Const". "type": "ptr". "out": 0. "format": "string". "value": "Name(import$std/core/hnd)"}')
debug_merge_point(0, 0, '784<std_core_hnd.rpyeffect:483([mcore:[#715]#1295])>+1: {"op": "PrimOp". "name": "getGlobal(String): Ptr". "out": {"num": []. "ptr": [0]}. "in": {"num": []. "ptr": [0]}}')
debug_merge_point(0, 0, '784<std_core_hnd.rpyeffect:483([mcore:[#715]#1295])>+2: {"op": "CallLib". "lib": "0". "symbol": "evvSwapCreate1"}')
debug_merge_point(0, 0, '307<std_core_hnd.rpyeffect:6(Name(evvSwapCreate1))>+0: {"op": "Construct". "out": 0. "type": Interned(evv). "tag": Interned(nil). "args": {"num": []. "ptr": []}}')
debug_merge_point(0, 0, '307<std_core_hnd.rpyeffect:6(Name(evvSwapCreate1))>+1: {"op": "Push". "target": 306. "args": {"num": [0]. "ptr": [0]}}')
debug_merge_point(0, 0, '307<std_core_hnd.rpyeffect:6(Name(evvSwapCreate1))>+2: {"op": "Jump". "target": 301}')
+1256: setfield_gc(ConstPtr(ptr123), p78, descr=<FieldP rpyeffect.region.PtrRef.inst_value 8>)
+1260: p124 = new_with_vtable(descr=<SizeDescr 56>)
+1272: p125 = new_with_vtable(descr=<SizeDescr 56>)
+1284: p126 = new_with_vtable(descr=<SizeDescr 48>)
+1296: setfield_gc(p126, p122, descr=<FieldP rpyeffect.stored_environment.Stack__arb_arb.inst_tail 8 pure>)
+1300: setfield_gc(p126, 5227, descr=<FieldS rpyeffect.stored_environment.Stack__arb_arb.inst_target 16 pure>)
+1308: setfield_gc(p126, 0, descr=<FieldS rpyeffect.stored_environment.Stack__1_0.inst_values_num_0 40 pure>)
+1316: setfield_gc(p125, p126, descr=<FieldP rpyeffect.stored_environment.Stack__arb_arb.inst_tail 8 pure>)
+1320: setfield_gc(p125, 802, descr=<FieldS rpyeffect.stored_environment.Stack__arb_arb.inst_target 16 pure>)
+1328: setfield_gc(p125, 1, descr=<FieldS rpyeffect.stored_environment.Stack__1_1.inst_values_num_0 40 pure>)
+1336: p131 = new_with_vtable(descr=<SizeDescr 32>)
+1352: setfield_gc(p131, ConstPtr(ptr132), descr=<FieldP rpyeffect.stored_environment.CoData__arb_arb.inst_vtable 24 pure>)
+1356: setfield_gc(p125, p131, descr=<FieldP rpyeffect.stored_environment.Stack__1_1.inst_values_ptr_0 48 pure>)
+1360: p133 = new_with_vtable(descr=<SizeDescr 32>)
+1376: setfield_gc(p133, ConstPtr(ptr134), descr=<FieldP rpyeffect.stored_environment.Data__arb_arb.inst_tag 8>)
+1380: p135 = new_with_vtable(descr=<SizeDescr 16>)
+1392: setfield_gc(p124, 306, descr=<FieldS rpyeffect.stored_environment.Stack__arb_arb.inst_target 16 pure>)
+1400: setfield_gc(p124, p125, descr=<FieldP rpyeffect.stored_environment.Stack__arb_arb.inst_tail 8 pure>)
+1404: setfield_gc(p135, i89, descr=<FieldS rpyeffect.region.NumBox.inst_value 8 pure>)
+1408: setfield_gc(p124, 1, descr=<FieldS rpyeffect.stored_environment.Stack__1_1.inst_values_num_0 40 pure>)
+1416: setfield_gc(p124, p133, descr=<FieldP rpyeffect.stored_environment.Stack__1_1.inst_values_ptr_0 48 pure>)
+1504: jump(p0, p124, p2, p3, 1, 1, i10, i12, i14, i16, i18, i20, i22, i24, i26, i28, i30, i32, i34, i36, p133, ConstPtr(ptr137), ConstPtr(ptr138), p135, p110, p49, p51, p53, p55, p57, p59, p61, p63, p65, p67, p69, descr=TargetToken(4973983072))
+1828: --end of the loop--
[861103b] jit-log-opt-loop}
[87ab0f0] {jit-log-opt-loop
# Loop 3 (5134<main.rpyeffect:137([switch default case#456])>+0: {"op": "Switch", "scrutinee": 0, "values": [0], "targets": [5132], "default": 5133}) : entry bridge with 198 ops
[p0, p1, p2, p3]
+328: p4 = getfield_gc_r(p2, descr=<FieldP rpyeffect.environment.Environment.inst_values_num 16>)
+336: i6 = getarrayitem_gc_i(p4, 0, descr=<ArrayS 8>)
+340: i8 = getarrayitem_gc_i(p4, 1, descr=<ArrayS 8>)
+344: i10 = getarrayitem_gc_i(p4, 2, descr=<ArrayS 8>)
+348: i12 = getarrayitem_gc_i(p4, 3, descr=<ArrayS 8>)
+352: i14 = getarrayitem_gc_i(p4, 4, descr=<ArrayS 8>)
+356: i16 = getarrayitem_gc_i(p4, 5, descr=<ArrayS 8>)
+360: i18 = getarrayitem_gc_i(p4, 6, descr=<ArrayS 8>)
+364: i20 = getarrayitem_gc_i(p4, 7, descr=<ArrayS 8>)
+368: i22 = getarrayitem_gc_i(p4, 8, descr=<ArrayS 8>)
+372: i24 = getarrayitem_gc_i(p4, 9, descr=<ArrayS 8>)
+376: i26 = getarrayitem_gc_i(p4, 10, descr=<ArrayS 8>)
+380: i28 = getarrayitem_gc_i(p4, 11, descr=<ArrayS 8>)
+384: i30 = getarrayitem_gc_i(p4, 12, descr=<ArrayS 8>)
+388: i32 = getarrayitem_gc_i(p4, 13, descr=<ArrayS 8>)
+392: i34 = getarrayitem_gc_i(p4, 14, descr=<ArrayS 8>)
+400: i36 = getarrayitem_gc_i(p4, 15, descr=<ArrayS 8>)
+404: p37 = getfield_gc_r(p2, descr=<FieldP rpyeffect.environment.Environment.inst_values_ptr 24>)
+408: p39 = getarrayitem_gc_r(p37, 0, descr=<ArrayP 8>)
+416: p41 = getarrayitem_gc_r(p37, 1, descr=<ArrayP 8>)
+424: p43 = getarrayitem_gc_r(p37, 2, descr=<ArrayP 8>)
+432: p45 = getarrayitem_gc_r(p37, 3, descr=<ArrayP 8>)
+440: p47 = getarrayitem_gc_r(p37, 4, descr=<ArrayP 8>)
+448: p49 = getarrayitem_gc_r(p37, 5, descr=<ArrayP 8>)
+456: p51 = getarrayitem_gc_r(p37, 6, descr=<ArrayP 8>)
+464: p53 = getarrayitem_gc_r(p37, 7, descr=<ArrayP 8>)
+472: p55 = getarrayitem_gc_r(p37, 8, descr=<ArrayP 8>)
+480: p57 = getarrayitem_gc_r(p37, 9, descr=<ArrayP 8>)
+488: p59 = getarrayitem_gc_r(p37, 10, descr=<ArrayP 8>)
+496: p61 = getarrayitem_gc_r(p37, 11, descr=<ArrayP 8>)
+504: p63 = getarrayitem_gc_r(p37, 12, descr=<ArrayP 8>)
+512: p65 = getarrayitem_gc_r(p37, 13, descr=<ArrayP 8>)
+520: p67 = getarrayitem_gc_r(p37, 14, descr=<ArrayP 8>)
+528: p69 = getarrayitem_gc_r(p37, 15, descr=<ArrayP 8>)
debug_merge_point(0, 0, '5134<main.rpyeffect:137([switch default case#456])>+0: {"op": "Switch". "scrutinee": 0. "values": [0]. "targets": [5132]. "default": 5133}')
+532: guard_not_invalidated(descr=<Guard0x1288e4860>) [p2, i6, i8, i10, i12, i14, i16, i18, i20, i22, i24, i26, i28, i30, i32, i34, i36, p39, p41, p43, p45, p47, p49, p51, p53, p55, p57, p59, p61, p63, p65, p67, p69, p0, p1, p3]
+536: i71 = int_eq(i6, 0)
guard_true(i71, descr=<Guard0x1288cfae0>) [p2, i6, i8, i10, i12, i14, i16, i18, i20, i22, i24, i26, i28, i30, i32, i34, i36, p39, p41, p43, p45, p47, p49, p51, p53, p55, p57, p59, p61, p63, p65, p67, p69, p0, p1, p3]
+544: guard_nonnull(p1, descr=<Guard0x1288cfaa0>) [p2, i6, i8, i10, i12, i14, i16, i18, i20, i22, i24, i26, i28, i30, i32, i34, i36, p39, p41, p43, p45, p47, p49, p51, p53, p55, p57, p59, p61, p63, p65, p67, p69, p0, p1, p3]
+556: i72 = getfield_gc_i(p1, descr=<FieldS rpyeffect.stored_environment.Stack__arb_arb.inst_target 16 pure>)
+572: guard_value(i72, 5139, descr=<Guard0x1288cfa60>) [p2, i6, i8, i10, i12, i14, i16, i18, i20, i22, i24, i26, i28, i30, i32, i34, i36, p39, p41, p43, p45, p47, p49, p51, p53, p55, p57, p59, p61, p63, p65, p67, p69, p0, p1, p3]
debug_merge_point(0, 0, '5132<main.rpyeffect:135([switch case for 0#457])>+0: {"op": "PrimOp". "name": "getRef(Ref[Ptr]): Ptr". "out": {"num": []. "ptr": [2]}. "in": {"num": []. "ptr": [1]}}')
+588: p74 = getfield_gc_r(p41, descr=<FieldP rpyeffect.region.PtrRef.inst_value 8>)
debug_merge_point(0, 0, '5132<main.rpyeffect:135([switch case for 0#457])>+1: {"op": "PrimOp". "name": "unbox(Ptr): Num". "out": {"num": [0]. "ptr": []}. "in": {"num": []. "ptr": [2]}}')
+592: i75 = getfield_gc_i(p74, descr=<FieldS rpyeffect.region.NumBox.inst_value 8 pure>)
debug_merge_point(0, 0, '5132<main.rpyeffect:135([switch case for 0#457])>+2: {"op": "Const". "type": "num". "out": 1. "value": 0}')
debug_merge_point(0, 0, '5132<main.rpyeffect:135([switch case for 0#457])>+3: {"op": "PrimOp". "name": "infixEq(Int. Int): Boolean". "out": {"num": [0]. "ptr": []}. "in": {"num": [0. 1]. "ptr": []}}')
+596: i77 = int_eq(i75, 0)
guard_true(i77, descr=<Guard0x1288cfa20>) [p2, i6, i8, i10, i12, i14, i16, i18, i20, i22, i24, i26, i28, i30, i32, i34, i36, p39, p41, p43, p45, p47, p49, p51, p53, p55, p57, p59, p61, p63, p65, p67, p69, p0, p1, p3]
debug_merge_point(0, 0, '5132<main.rpyeffect:135([switch case for 0#457])>+4: {"op": "Switch". "scrutinee": 0. "values": [1]. "targets": [5128]. "default": 5131}')
debug_merge_point(0, 0, '5128<main.rpyeffect:131([switch case for 1#466])>+0: {"op": "PrimOp". "name": "getRef(Ref[Ptr]): Ptr". "out": {"num": []. "ptr": [2]}. "in": {"num": []. "ptr": [0]}}')
+604: p78 = getfield_gc_r(p39, descr=<FieldP rpyeffect.region.PtrRef.inst_value 8>)
debug_merge_point(0, 0, '5128<main.rpyeffect:131([switch case for 1#466])>+1: {"op": "PrimOp". "name": "unbox(Ptr): Num". "out": {"num": [0]. "ptr": []}. "in": {"num": []. "ptr": [2]}}')
+608: i79 = getfield_gc_i(p78, descr=<FieldS rpyeffect.region.NumBox.inst_value 8 pure>)
debug_merge_point(0, 0, '5128<main.rpyeffect:131([switch case for 1#466])>+2: {"op": "Const". "type": "num". "out": 1. "value": 1}')
debug_merge_point(0, 0, '5128<main.rpyeffect:131([switch case for 1#466])>+3: {"op": "PrimOp". "name": "infixAdd(Int. Int): Int". "out": {"num": [0]. "ptr": []}. "in": {"num": [0. 1]. "ptr": []}}')
+612: i81 = int_add(i79, 1)
debug_merge_point(0, 0, '5128<main.rpyeffect:131([switch case for 1#466])>+4: {"op": "PrimOp". "name": "box(Num): Ptr". "out": {"num": []. "ptr": [2]}. "in": {"num": [0]. "ptr": []}}')
debug_merge_point(0, 0, '5128<main.rpyeffect:131([switch case for 1#466])>+5: {"op": "PrimOp". "name": "setRef(Ref[Ptr]. Ptr): Unit". "out": {"num": []. "ptr": [2]}. "in": {"num": []. "ptr": [0. 2]}}')
debug_merge_point(0, 0, '5128<main.rpyeffect:131([switch case for 1#466])>+6: {"op": "PrimOp". "name": "getRef(Ref[Ptr]): Ptr". "out": {"num": []. "ptr": [0]}. "in": {"num": []. "ptr": [0]}}')
debug_merge_point(0, 0, '5128<main.rpyeffect:131([switch case for 1#466])>+7: {"op": "PrimOp". "name": "setRef(Ref[Ptr]. Ptr): Unit". "out": {"num": []. "ptr": [0]}. "in": {"num": []. "ptr": [1. 0]}}')
+616: p82 = new_with_vtable(descr=<SizeDescr 16>)
+728: setfield_gc(p82, i81, descr=<FieldS rpyeffect.region.NumBox.inst_value 8 pure>)
+796: setfield_gc(p39, p82, descr=<FieldP rpyeffect.region.PtrRef.inst_value 8>)
debug_merge_point(0, 0, '5128<main.rpyeffect:131([switch case for 1#466])>+8: {"op": "Const". "type": "num". "out": 0. "value": 10}')
debug_merge_point(0, 0, '5128<main.rpyeffect:131([switch case for 1#466])>+9: {"op": "Return". "args": {"num": [0]. "ptr": []}}')
+800: p83 = getfield_gc_r(p1, descr=<FieldP rpyeffect.stored_environment.Stack__arb_arb.inst_tail 8 pure>)
debug_merge_point(0, 0, '5139<main.rpyeffect:142([#514])>+0: {"op": "PrimOp". "name": "box(Num): Ptr". "out": {"num": []. "ptr": [0]}. "in": {"num": [0]. "ptr": []}}')
debug_merge_point(0, 0, '5139<main.rpyeffect:142([#514])>+1: {"op": "Return". "args": {"num": []. "ptr": [0]}}')
+868: setfield_gc(p41, p82, descr=<FieldP rpyeffect.region.PtrRef.inst_value 8>)
+872: guard_nonnull(p83, descr=<Guard0x1288e4808>) [p2, i10, i12, i14, i16, i18, i20, i22, i24, i26, i28, i30, i32, i34, i36, p41, p82, p45, p47, p49, p51, p53, p55, p57, p59, p61, p63, p65, p67, p69, p0, p83, p3]
+880: i84 = getfield_gc_i(p83, descr=<FieldS rpyeffect.stored_environment.Stack__arb_arb.inst_target 16 pure>)
+884: guard_value(i84, 1480, descr=<Guard0x1288cf9e0>) [p2, i10, i12, i14, i16, i18, i20, i22, i24, i26, i28, i30, i32, i34, i36, p41, p82, p45, p47, p49, p51, p53, p55, p57, p59, p61, p63, p65, p67, p69, p0, p83, p3]
+896: p86 = getfield_gc_r(p83, descr=<FieldP rpyeffect.stored_environment.Stack__0_2.inst_values_ptr_0 40 pure>)
+896: p87 = getfield_gc_r(p83, descr=<FieldP rpyeffect.stored_environment.Stack__0_2.inst_values_ptr_1 48 pure>)
+900: p88 = getfield_gc_r(p83, descr=<FieldP rpyeffect.stored_environment.Stack__arb_arb.inst_tail 8 pure>)
+904: guard_nonnull(p88, descr=<Guard0x1288cf9a0>) [p2, i10, i12, i14, i16, i18, i20, i22, i24, i26, i28, i30, i32, i34, i36, p41, p82, p45, p47, p49, p51, p53, p55, p57, p59, p61, p63, p65, p67, p69, p0, p83, p3]
+912: i89 = getfield_gc_i(p88, descr=<FieldS rpyeffect.stored_environment.Stack__arb_arb.inst_target 16 pure>)
+916: guard_value(i89, 5165, descr=<Guard0x1288cf960>) [p2, i10, i12, i14, i16, i18, i20, i22, i24, i26, i28, i30, i32, i34, i36, p41, p82, p45, p47, p49, p51, p53, p55, p57, p59, p61, p63, p65, p67, p69, p0, p83, p3]
debug_merge_point(0, 0, '1480<std_core_hnd.rpyeffect:1179([k@[k@[mcore:[#1223]#3619]#3621]#3623])>+0: {"op": "Const". "type": "ptr". "out": 3. "format": "string". "value": "Name(import$std/core/hnd)"}')
debug_merge_point(0, 0, '1480<std_core_hnd.rpyeffect:1179([k@[k@[mcore:[#1223]#3619]#3621]#3623])>+1: {"op": "PrimOp". "name": "getGlobal(String): Ptr". "out": {"num": []. "ptr": [3]}. "in": {"num": []. "ptr": [3]}}')
debug_merge_point(0, 0, '1480<std_core_hnd.rpyeffect:1179([k@[k@[mcore:[#1223]#3619]#3621]#3623])>+2: {"op": "Push". "target": 1479. "args": {"num": []. "ptr": [1. 0]}}')
debug_merge_point(0, 0, '1480<std_core_hnd.rpyeffect:1179([k@[k@[mcore:[#1223]#3619]#3621]#3623])>+3: {"op": "Copy". "type": "ptr". "from": 2. "to". 0}')
debug_merge_point(0, 0, '1480<std_core_hnd.rpyeffect:1179([k@[k@[mcore:[#1223]#3619]#3621]#3623])>+4: {"op": "Copy". "type": "ptr". "from": 3. "to". 1}')
debug_merge_point(0, 0, '1480<std_core_hnd.rpyeffect:1179([k@[k@[mcore:[#1223]#3619]#3621]#3623])>+5: {"op": "Jump". "target": 1442}')
debug_merge_point(0, 0, '1442<std_core_hnd.rpyeffect:1141([mcore:[#1208]#3535])>+0: {"op": "Const". "type": "ptr". "out": 1. "format": "string". "value": "Name(import$std/core/hnd)"}')
debug_merge_point(0, 0, '1442<std_core_hnd.rpyeffect:1141([mcore:[#1208]#3535])>+1: {"op": "PrimOp". "name": "getGlobal(String): Ptr". "out": {"num": []. "ptr": [1]}. "in": {"num": []. "ptr": [1]}}')
debug_merge_point(0, 0, '1442<std_core_hnd.rpyeffect:1141([mcore:[#1208]#3535])>+2: {"op": "CallLib". "lib": "1". "symbol": "setCurrentEvv"}')
debug_merge_point(0, 0, '302<std_core_hnd.rpyeffect:1(Name(setCurrentEvv))>+0: {"op": "Const". "type": "ptr". "out": 1. "format": "string". "value": "current-evv"}')
debug_merge_point(0, 0, '302<std_core_hnd.rpyeffect:1(Name(setCurrentEvv))>+1: {"op": "PrimOp". "name": "getGlobal(String): Ptr". "out": {"num": []. "ptr": [1]}. "in": {"num": []. "ptr": [1]}}')
debug_merge_point(0, 0, '302<std_core_hnd.rpyeffect:1(Name(setCurrentEvv))>+2: {"op": "PrimOp". "name": "setRef(Ref[Ptr]. Ptr): Unit". "out": {"num": []. "ptr": [0]}. "in": {"num": []. "ptr": [1. 0]}}')
debug_merge_point(0, 0, '302<std_core_hnd.rpyeffect:1(Name(setCurrentEvv))>+3: {"op": "Return". "args": {"num": []. "ptr": [0]}}')
debug_merge_point(0, 0, '1479<std_core_hnd.rpyeffect:1178([#3628])>+0: {"op": "Const". "type": "num". "out": 0. "value": 0}')
debug_merge_point(0, 0, '1479<std_core_hnd.rpyeffect:1178([#3628])>+1: {"op": "Copy". "type": "ptr". "from": 1. "to". 0}')
debug_merge_point(0, 0, '1479<std_core_hnd.rpyeffect:1178([#3628])>+2: {"op": "Copy". "type": "ptr". "from": 2. "to". 1}')
debug_merge_point(0, 0, '1479<std_core_hnd.rpyeffect:1178([#3628])>+3: {"op": "Switch". "scrutinee": 0. "values": [1]. "targets": [1475]. "default": 1478}')
debug_merge_point(0, 0, '1478<std_core_hnd.rpyeffect:1177([switch default case#3671])>+0: {"op": "Const". "type": "num". "out": 0. "value": 0}')
debug_merge_point(0, 0, '1478<std_core_hnd.rpyeffect:1177([switch default case#3671])>+1: {"op": "Copy". "type": "ptr". "from": 1. "to". 0}')
debug_merge_point(0, 0, '1478<std_core_hnd.rpyeffect:1177([switch default case#3671])>+2: {"op": "Switch". "scrutinee": 0. "values": [0]. "targets": [1476]. "default": 1477}')
debug_merge_point(0, 0, '1476<std_core_hnd.rpyeffect:1175([switch case for 0#3673])>+0: {"op": "Return". "args": {"num": []. "ptr": [0]}}')
+928: p91 = getfield_gc_r(p88, descr=<FieldP rpyeffect.stored_environment.Stack__arb_arb.inst_tail 8 pure>)
debug_merge_point(0, 0, '5165<main.rpyeffect:168([k@[#669]#671])>+0: {"op": "PrimOp". "name": "unbox(Ptr): Num". "out": {"num": [0]. "ptr": []}. "in": {"num": []. "ptr": [0]}}')
debug_merge_point(0, 0, '5165<main.rpyeffect:168([k@[#669]#671])>+1: {"op": "Return". "args": {"num": [0]. "ptr": []}}')
+1000: setfield_gc(ConstPtr(ptr92), p87, descr=<FieldP rpyeffect.region.PtrRef.inst_value 8>)
+1004: guard_nonnull(p91, descr=<Guard0x1288e47b0>) [p2, i10, i12, i14, i16, i18, i20, i22, i24, i26, i28, i30, i32, i34, i36, p47, p49, p51, p53, p55, p57, p59, p61, p63, p65, p67, p69, p0, p91, p3]
+1012: i93 = getfield_gc_i(p91, descr=<FieldS rpyeffect.stored_environment.Stack__arb_arb.inst_target 16 pure>)
+1016: guard_value(i93, 5204, descr=<Guard0x1288cf920>) [p2, i10, i12, i14, i16, i18, i20, i22, i24, i26, i28, i30, i32, i34, i36, p47, p49, p51, p53, p55, p57, p59, p61, p63, p65, p67, p69, p0, p91, p3]
+1028: p95 = getfield_gc_r(p91, descr=<FieldP rpyeffect.stored_environment.Stack__arb_arb.inst_tail 8 pure>)
debug_merge_point(0, 0, '5204<main.rpyeffect:207([#786])>+0: {"op": "PrimOp". "name": "box(Num): Ptr". "out": {"num": []. "ptr": [0]}. "in": {"num": [0]. "ptr": []}}')
debug_merge_point(0, 0, '5204<main.rpyeffect:207([#786])>+1: {"op": "Return". "args": {"num": []. "ptr": [0]}}')
+1032: guard_nonnull(p95, descr=<Guard0x1288cf8e0>) [p2, i10, i12, i14, i16, i18, i20, i22, i24, i26, i28, i30, i32, i34, i36, p47, p49, p51, p53, p55, p57, p59, p61, p63, p65, p67, p69, p0, p91, p3]
+1040: i96 = getfield_gc_i(p95, descr=<FieldS rpyeffect.stored_environment.Stack__arb_arb.inst_target 16 pure>)
+1044: guard_value(i96, 801, descr=<Guard0x1288cf8a0>) [p2, i10, i12, i14, i16, i18, i20, i22, i24, i26, i28, i30, i32, i34, i36, p47, p49, p51, p53, p55, p57, p59, p61, p63, p65, p67, p69, p0, p91, p3]
+1056: i98 = getfield_gc_i(p95, descr=<FieldS rpyeffect.stored_environment.Stack__1_1.inst_values_num_0 40 pure>)
+1056: p99 = getfield_gc_r(p95, descr=<FieldP rpyeffect.stored_environment.Stack__1_1.inst_values_ptr_0 48 pure>)
+1060: p100 = getfield_gc_r(p95, descr=<FieldP rpyeffect.stored_environment.Stack__arb_arb.inst_tail 8 pure>)
+1064: guard_nonnull(p100, descr=<Guard0x1288cf860>) [p2, i10, i12, i14, i16, i18, i20, i22, i24, i26, i28, i30, i32, i34, i36, p47, p49, p51, p53, p55, p57, p59, p61, p63, p65, p67, p69, p0, p91, p3]
+1072: i101 = getfield_gc_i(p100, descr=<FieldS rpyeffect.stored_environment.Stack__arb_arb.inst_target 16 pure>)
+1076: guard_value(i101, 5227, descr=<Guard0x1288cf820>) [p2, i10, i12, i14, i16, i18, i20, i22, i24, i26, i28, i30, i32, i34, i36, p47, p49, p51, p53, p55, p57, p59, p61, p63, p65, p67, p69, p0, p91, p3]
debug_merge_point(0, 0, '801<std_core_hnd.rpyeffect:500([k@[k@[mcore:[#725]#1309]#1314]#1316])>+0: {"op": "Const". "type": "ptr". "out": 2. "format": "string". "value": "Name(import$std/core/hnd)"}')
debug_merge_point(0, 0, '801<std_core_hnd.rpyeffect:500([k@[k@[mcore:[#725]#1309]#1314]#1316])>+1: {"op": "PrimOp". "name": "getGlobal(String): Ptr". "out": {"num": []. "ptr": [2]}. "in": {"num": []. "ptr": [2]}}')
debug_merge_point(0, 0, '801<std_core_hnd.rpyeffect:500([k@[k@[mcore:[#725]#1309]#1314]#1316])>+2: {"op": "Push". "target": 800. "args": {"num": [0]. "ptr": [0]}}')
debug_merge_point(0, 0, '801<std_core_hnd.rpyeffect:500([k@[k@[mcore:[#725]#1309]#1314]#1316])>+3: {"op": "Copy". "type": "ptr". "from": 1. "to". 0}')
debug_merge_point(0, 0, '801<std_core_hnd.rpyeffect:500([k@[k@[mcore:[#725]#1309]#1314]#1316])>+4: {"op": "Copy". "type": "ptr". "from": 2. "to". 1}')
debug_merge_point(0, 0, '801<std_core_hnd.rpyeffect:500([k@[k@[mcore:[#725]#1309]#1314]#1316])>+5: {"op": "Jump". "target": 785}')
debug_merge_point(0, 0, '785<std_core_hnd.rpyeffect:484([mcore:[#717]#1300])>+0: {"op": "Const". "type": "ptr". "out": 1. "format": "string". "value": "Name(import$std/core/hnd)"}')
debug_merge_point(0, 0, '785<std_core_hnd.rpyeffect:484([mcore:[#717]#1300])>+1: {"op": "PrimOp". "name": "getGlobal(String): Ptr". "out": {"num": []. "ptr": [1]}. "in": {"num": []. "ptr": [1]}}')
debug_merge_point(0, 0, '785<std_core_hnd.rpyeffect:484([mcore:[#717]#1300])>+2: {"op": "CallLib". "lib": "1". "symbol": "setCurrentEvv"}')
debug_merge_point(0, 0, '302<std_core_hnd.rpyeffect:1(Name(setCurrentEvv))>+0: {"op": "Const". "type": "ptr". "out": 1. "format": "string". "value": "current-evv"}')
debug_merge_point(0, 0, '302<std_core_hnd.rpyeffect:1(Name(setCurrentEvv))>+1: {"op": "PrimOp". "name": "getGlobal(String): Ptr". "out": {"num": []. "ptr": [1]}. "in": {"num": []. "ptr": [1]}}')
debug_merge_point(0, 0, '302<std_core_hnd.rpyeffect:1(Name(setCurrentEvv))>+2: {"op": "PrimOp". "name": "setRef(Ref[Ptr]. Ptr): Unit". "out": {"num": []. "ptr": [0]}. "in": {"num": []. "ptr": [1. 0]}}')
debug_merge_point(0, 0, '302<std_core_hnd.rpyeffect:1(Name(setCurrentEvv))>+3: {"op": "Return". "args": {"num": []. "ptr": [0]}}')
debug_merge_point(0, 0, '800<std_core_hnd.rpyeffect:499([k@[k@[k@[mcore:[#725]#1309]#1314]#1316]#1321])>+0: {"op": "Const". "type": "num". "out": 1. "value": 0}')
debug_merge_point(0, 0, '800<std_core_hnd.rpyeffect:499([k@[k@[k@[mcore:[#725]#1309]#1314]#1316]#1321])>+1: {"op": "Copy". "type": "ptr". "from": 1. "to". 0}')
debug_merge_point(0, 0, '800<std_core_hnd.rpyeffect:499([k@[k@[k@[mcore:[#725]#1309]#1314]#1316]#1321])>+2: {"op": "Switch". "scrutinee": 1. "values": [1]. "targets": [796]. "default": 799}')
debug_merge_point(0, 0, '799<std_core_hnd.rpyeffect:498([switch default case#1364])>+0: {"op": "Const". "type": "num". "out": 0. "value": 0}')
debug_merge_point(0, 0, '799<std_core_hnd.rpyeffect:498([switch default case#1364])>+1: {"op": "Switch". "scrutinee": 0. "values": [0]. "targets": [797]. "default": 798}')
debug_merge_point(0, 0, '797<std_core_hnd.rpyeffect:496([switch case for 0#1366])>+0: {"op": "Return". "args": {"num": []. "ptr": [0]}}')
+1088: i103 = getfield_gc_i(p100, descr=<FieldS rpyeffect.stored_environment.Stack__1_0.inst_values_num_0 40 pure>)
+1092: p104 = getfield_gc_r(p100, descr=<FieldP rpyeffect.stored_environment.Stack__arb_arb.inst_tail 8 pure>)
debug_merge_point(0, 0, '5227<main.rpyeffect:230([k@[mcore:[#397]#771]#795])>+0: {"op": "PrimOp". "name": "unbox(Ptr): Num". "out": {"num": [1]. "ptr": []}. "in": {"num": []. "ptr": [0]}}')
debug_merge_point(0, 0, '5227<main.rpyeffect:230([k@[mcore:[#397]#771]#795])>+1: {"op": "Const". "type": "num". "out": 2. "value": 36}')
debug_merge_point(0, 0, '5227<main.rpyeffect:230([k@[mcore:[#397]#771]#795])>+2: {"op": "PrimOp". "name": "infixEq(Int. Int): Boolean". "out": {"num": [2]. "ptr": []}. "in": {"num": [1. 2]. "ptr": []}}')
debug_merge_point(0, 0, '5227<main.rpyeffect:230([k@[mcore:[#397]#771]#795])>+3: {"op": "Switch". "scrutinee": 2. "values": [1]. "targets": [5207]. "default": 5226}')
+1160: setfield_gc(ConstPtr(ptr105), p99, descr=<FieldP rpyeffect.region.PtrRef.inst_value 8>)
+1164: guard_nonnull(p104, descr=<Guard0x1288e4700>) [p2, i103, i12, i14, i16, i18, i20, i22, i24, i26, i28, i30, i32, i34, i36, p47, p49, p51, p53, p55, p57, p59, p61, p63, p65, p67, p69, p0, p104, p3]
+1172: i106 = getfield_gc_i(p104, descr=<FieldS rpyeffect.stored_environment.Stack__arb_arb.inst_target 16 pure>)
+1176: guard_value(i106, 432, descr=<Guard0x1288cf7e0>) [p2, i103, i12, i14, i16, i18, i20, i22, i24, i26, i28, i30, i32, i34, i36, p47, p49, p51, p53, p55, p57, p59, p61, p63, p65, p67, p69, p0, p104, p3]
debug_merge_point(0, 0, '5226<main.rpyeffect:229([switch default case#811])>+0: {"op": "Const". "type": "num". "out": 2. "value": 36}')
debug_merge_point(0, 0, '5226<main.rpyeffect:229([switch default case#811])>+1: {"op": "PrimOp". "name": "infixEq(Int. Int): Boolean". "out": {"num": [2]. "ptr": []}. "in": {"num": [1. 2]. "ptr": []}}')
debug_merge_point(0, 0, '5226<main.rpyeffect:229([switch default case#811])>+2: {"op": "Switch". "scrutinee": 2. "values": [0]. "targets": [5224]. "default": 5225}')
debug_merge_point(0, 0, '5224<main.rpyeffect:227([switch case for 0#815])>+0: {"op": "Const". "type": "num". "out": 2. "value": 10}')
debug_merge_point(0, 0, '5224<main.rpyeffect:227([switch case for 0#815])>+1: {"op": "PrimOp". "name": "infixEq(Int. Int): Boolean". "out": {"num": [2]. "ptr": []}. "in": {"num": [1. 2]. "ptr": []}}')
debug_merge_point(0, 0, '5224<main.rpyeffect:227([switch case for 0#815])>+2: {"op": "Switch". "scrutinee": 2. "values": [1]. "targets": [5215]. "default": 5223}')
debug_merge_point(0, 0, '5215<main.rpyeffect:218([switch case for 1#822])>+0: {"op": "Const". "type": "num". "out": 1. "value": 0}')
debug_merge_point(0, 0, '5215<main.rpyeffect:218([switch case for 1#822])>+1: {"op": "New". "out": 0. "targets": [5210. 5212]. "args": {"num": []. "ptr": []}}')
debug_merge_point(0, 0, '5215<main.rpyeffect:218([switch case for 1#822])>+2: {"op": "Const". "type": "ptr". "out": 1. "format": "string". "value": "Name(import$std/core/hnd)"}')
debug_merge_point(0, 0, '5215<main.rpyeffect:218([switch case for 1#822])>+3: {"op": "PrimOp". "name": "getGlobal(String): Ptr". "out": {"num": []. "ptr": [1]}. "in": {"num": []. "ptr": [1]}}')
debug_merge_point(0, 0, '5215<main.rpyeffect:218([switch case for 1#822])>+4: {"op": "PrimOp". "name": "box(Num): Ptr". "out": {"num": []. "ptr": [2]}. "in": {"num": [0]. "ptr": []}}')
debug_merge_point(0, 0, '5215<main.rpyeffect:218([switch case for 1#822])>+5: {"op": "Push". "target": 5214. "args": {"num": []. "ptr": []}}')
debug_merge_point(0, 0, '5215<main.rpyeffect:218([switch case for 1#822])>+6: {"op": "Copy". "type": "num". "from": 1. "to". 0}')
debug_merge_point(0, 0, '5215<main.rpyeffect:218([switch case for 1#822])>+7: {"op": "Swap". "type": "ptr". "a": 2. "b". 1}')
debug_merge_point(0, 0, '5215<main.rpyeffect:218([switch case for 1#822])>+8: {"op": "Jump". "target": 5172}')
debug_merge_point(0, 0, '5172<main.rpyeffect:175([mcore:[#364]#675])>+0: {"op": "Const". "type": "ptr". "out": 2. "format": "string". "value": "Name(import$std/core/hnd)"}')
debug_merge_point(0, 0, '5172<main.rpyeffect:175([mcore:[#364]#675])>+1: {"op": "PrimOp". "name": "getGlobal(String): Ptr". "out": {"num": []. "ptr": [2]}. "in": {"num": []. "ptr": [2]}}')
debug_merge_point(0, 0, '5172<main.rpyeffect:175([mcore:[#364]#675])>+2: {"op": "CallLib". "lib": "2". "symbol": "std/core/hnd/@open-at1"}')
debug_merge_point(0, 0, '823<std_core_hnd.rpyeffect:522([mcore:[#737]#1382])>+0: {"op": "Const". "type": "ptr". "out": 2. "format": "string". "value": "Name(import$std/core/hnd)"}')
debug_merge_point(0, 0, '823<std_core_hnd.rpyeffect:522([mcore:[#737]#1382])>+1: {"op": "PrimOp". "name": "getGlobal(String): Ptr". "out": {"num": []. "ptr": [2]}. "in": {"num": []. "ptr": [2]}}')
debug_merge_point(0, 0, '823<std_core_hnd.rpyeffect:522([mcore:[#737]#1382])>+2: {"op": "Push". "target": 822. "args": {"num": [0]. "ptr": [0. 1]}}')
debug_merge_point(0, 0, '823<std_core_hnd.rpyeffect:522([mcore:[#737]#1382])>+3: {"op": "Copy". "type": "ptr". "from": 2. "to". 0}')
debug_merge_point(0, 0, '823<std_core_hnd.rpyeffect:522([mcore:[#737]#1382])>+4: {"op": "Jump". "target": 804}')
debug_merge_point(0, 0, '804<std_core_hnd.rpyeffect:503([mcore:[#726]#1368])>+0: {"op": "Const". "type": "ptr". "out": 0. "format": "string". "value": "Name(import$std/core/hnd)"}')
debug_merge_point(0, 0, '804<std_core_hnd.rpyeffect:503([mcore:[#726]#1368])>+1: {"op": "PrimOp". "name": "getGlobal(String): Ptr". "out": {"num": []. "ptr": [0]}. "in": {"num": []. "ptr": [0]}}')
debug_merge_point(0, 0, '804<std_core_hnd.rpyeffect:503([mcore:[#726]#1368])>+2: {"op": "CallLib". "lib": "0". "symbol": "evvSwapCreate1"}')
debug_merge_point(0, 0, '307<std_core_hnd.rpyeffect:6(Name(evvSwapCreate1))>+0: {"op": "Construct". "out": 0. "type": Interned(evv). "tag": Interned(nil). "args": {"num": []. "ptr": []}}')
debug_merge_point(0, 0, '307<std_core_hnd.rpyeffect:6(Name(evvSwapCreate1))>+1: {"op": "Push". "target": 306. "args": {"num": [0]. "ptr": [0]}}')
debug_merge_point(0, 0, '307<std_core_hnd.rpyeffect:6(Name(evvSwapCreate1))>+2: {"op": "Jump". "target": 301}')
+1188: p108 = new_with_vtable(descr=<SizeDescr 56>)
+1200: p109 = new_with_vtable(descr=<SizeDescr 64>)
+1212: p110 = new_with_vtable(descr=<SizeDescr 40>)
+1224: setfield_gc(p110, p104, descr=<FieldP rpyeffect.stored_environment.Stack__arb_arb.inst_tail 8 pure>)
+1228: setfield_gc(p110, 5214, descr=<FieldS rpyeffect.stored_environment.Stack__arb_arb.inst_target 16 pure>)
+1236: setfield_gc(p109, p110, descr=<FieldP rpyeffect.stored_environment.Stack__arb_arb.inst_tail 8 pure>)
+1240: setfield_gc(p109, 822, descr=<FieldS rpyeffect.stored_environment.Stack__arb_arb.inst_target 16 pure>)
+1248: setfield_gc(p109, 0, descr=<FieldS rpyeffect.stored_environment.Stack__1_2.inst_values_num_0 40 pure>)
+1256: p114 = new_with_vtable(descr=<SizeDescr 32>)
+1272: setfield_gc(p114, ConstPtr(ptr115), descr=<FieldP rpyeffect.stored_environment.CoData__arb_arb.inst_vtable 24 pure>)
+1276: setfield_gc(p109, p114, descr=<FieldP rpyeffect.stored_environment.Stack__1_2.inst_values_ptr_0 48 pure>)
+1280: p116 = new_with_vtable(descr=<SizeDescr 16>)
+1292: setfield_gc(p116, i103, descr=<FieldS rpyeffect.region.NumBox.inst_value 8 pure>)
+1296: setfield_gc(p109, p116, descr=<FieldP rpyeffect.stored_environment.Stack__1_2.inst_values_ptr_1 56 pure>)
+1300: p117 = new_with_vtable(descr=<SizeDescr 32>)
+1316: setfield_gc(p117, ConstPtr(ptr118), descr=<FieldP rpyeffect.stored_environment.Data__arb_arb.inst_tag 8>)
+1320: setfield_gc(p108, 306, descr=<FieldS rpyeffect.stored_environment.Stack__arb_arb.inst_target 16 pure>)
+1328: setfield_gc(p108, p109, descr=<FieldP rpyeffect.stored_environment.Stack__arb_arb.inst_tail 8 pure>)
+1332: setfield_gc(p108, 0, descr=<FieldS rpyeffect.stored_environment.Stack__1_1.inst_values_num_0 40 pure>)
+1340: setfield_gc(p108, p117, descr=<FieldP rpyeffect.stored_environment.Stack__1_1.inst_values_ptr_0 48 pure>)
+1428: jump(p0, p108, p2, p3, 0, 0, 1, i12, i14, i16, i18, i20, i22, i24, i26, i28, i30, i32, i34, i36, p117, p116, ConstPtr(ptr121), ConstPtr(ptr122), p47, p49, p51, p53, p55, p57, p59, p61, p63, p65, p67, p69, descr=TargetToken(4973983072))
+1624: --end of the loop--
[87cab20] jit-log-opt-loop}
[88fec53] {jit-log-opt-bridge
# bridge out of Guard 0x1288b21a0 with 134 ops
[p0, i1, i2, i3, i4, i5, i6, i7, i8, i9, i10, i11, i12, i13, i14, i15, p16, p17, p18, p19, p20, p21, p22, p23, p24, p25, p26, p27, p28, p29, p30, p31, p32, p33, p34, i35, p36]
+152: i37 = int_gt(i2, i1)
guard_false(i37, descr=<Guard0x1288e5f68>) [p0, i1, i2, i3, i4, i5, i6, i7, i8, i9, i10, i11, i12, i13, i14, i15, p16, p17, p18, p19, p20, p21, p22, p23, p24, p25, p26, p27, p28, p29, p30, p31, p32, i35, p36, p33, p34]
+160: guard_not_invalidated(descr=<Guard0x1288f61a0>) [p0, i1, i2, i3, i4, i5, i6, i7, i8, i9, i10, i11, i12, i13, i14, i15, p16, p17, p18, p19, p20, p21, p22, p23, p24, p25, p26, p27, p28, p29, p30, p31, p32, i35, p36, p33, p34]
debug_merge_point(0, 0, '5135<main.rpyeffect:138([mcore:[#327]#417])>+3: {"op": "Copy". "type": "ptr". "from": 2. "to". 1}')
debug_merge_point(0, 0, '5135<main.rpyeffect:138([mcore:[#327]#417])>+4: {"op": "Switch". "scrutinee": 0. "values": [1]. "targets": [5126]. "default": 5134}')
debug_merge_point(0, 0, '5134<main.rpyeffect:137([switch default case#456])>+0: {"op": "Switch". "scrutinee": 0. "values": [0]. "targets": [5132]. "default": 5133}')
debug_merge_point(0, 0, '5132<main.rpyeffect:135([switch case for 0#457])>+0: {"op": "PrimOp". "name": "getRef(Ref[Ptr]): Ptr". "out": {"num": []. "ptr": [2]}. "in": {"num": []. "ptr": [1]}}')
+164: p38 = getfield_gc_r(p18, descr=<FieldP rpyeffect.region.PtrRef.inst_value 8>)
debug_merge_point(0, 0, '5132<main.rpyeffect:135([switch case for 0#457])>+1: {"op": "PrimOp". "name": "unbox(Ptr): Num". "out": {"num": [0]. "ptr": []}. "in": {"num": []. "ptr": [2]}}')
+168: i39 = getfield_gc_i(p38, descr=<FieldS rpyeffect.region.NumBox.inst_value 8 pure>)
debug_merge_point(0, 0, '5132<main.rpyeffect:135([switch case for 0#457])>+2: {"op": "Const". "type": "num". "out": 1. "value": 0}')
debug_merge_point(0, 0, '5132<main.rpyeffect:135([switch case for 0#457])>+3: {"op": "PrimOp". "name": "infixEq(Int. Int): Boolean". "out": {"num": [0]. "ptr": []}. "in": {"num": [0. 1]. "ptr": []}}')
+172: i41 = int_eq(i39, 0)
guard_true(i41, descr=<Guard0x1288f61e0>) [p0, i1, i2, i3, i4, i5, i6, i7, i8, i9, i10, i11, i12, i13, i14, i15, p16, p17, p18, p19, p20, p21, p22, p23, p24, p25, p26, p27, p28, p29, p30, p31, p32, i35, p36, p33, p34]
debug_merge_point(0, 0, '5132<main.rpyeffect:135([switch case for 0#457])>+4: {"op": "Switch". "scrutinee": 0. "values": [1]. "targets": [5128]. "default": 5131}')
debug_merge_point(0, 0, '5128<main.rpyeffect:131([switch case for 1#466])>+0: {"op": "PrimOp". "name": "getRef(Ref[Ptr]): Ptr". "out": {"num": []. "ptr": [2]}. "in": {"num": []. "ptr": [0]}}')
debug_merge_point(0, 0, '5128<main.rpyeffect:131([switch case for 1#466])>+1: {"op": "PrimOp". "name": "unbox(Ptr): Num". "out": {"num": [0]. "ptr": []}. "in": {"num": []. "ptr": [2]}}')
debug_merge_point(0, 0, '5128<main.rpyeffect:131([switch case for 1#466])>+2: {"op": "Const". "type": "num". "out": 1. "value": 1}')
debug_merge_point(0, 0, '5128<main.rpyeffect:131([switch case for 1#466])>+3: {"op": "PrimOp". "name": "infixAdd(Int. Int): Int". "out": {"num": [0]. "ptr": []}. "in": {"num": [0. 1]. "ptr": []}}')
+180: i43 = int_add(i2, 1)
debug_merge_point(0, 0, '5128<main.rpyeffect:131([switch case for 1#466])>+4: {"op": "PrimOp". "name": "box(Num): Ptr". "out": {"num": []. "ptr": [2]}. "in": {"num": [0]. "ptr": []}}')
debug_merge_point(0, 0, '5128<main.rpyeffect:131([switch case for 1#466])>+5: {"op": "PrimOp". "name": "setRef(Ref[Ptr]. Ptr): Unit". "out": {"num": []. "ptr": [2]}. "in": {"num": []. "ptr": [0. 2]}}')
debug_merge_point(0, 0, '5128<main.rpyeffect:131([switch case for 1#466])>+6: {"op": "PrimOp". "name": "getRef(Ref[Ptr]): Ptr". "out": {"num": []. "ptr": [0]}. "in": {"num": []. "ptr": [0]}}')
debug_merge_point(0, 0, '5128<main.rpyeffect:131([switch case for 1#466])>+7: {"op": "PrimOp". "name": "setRef(Ref[Ptr]. Ptr): Unit". "out": {"num": []. "ptr": [0]}. "in": {"num": []. "ptr": [1. 0]}}')
+184: p44 = new_with_vtable(descr=<SizeDescr 16>)
+288: setfield_gc(p44, i43, descr=<FieldS rpyeffect.region.NumBox.inst_value 8 pure>)
+356: setfield_gc(p16, p44, descr=<FieldP rpyeffect.region.PtrRef.inst_value 8>)
debug_merge_point(0, 0, '5128<main.rpyeffect:131([switch case for 1#466])>+8: {"op": "Const". "type": "num". "out": 0. "value": 10}')
debug_merge_point(0, 0, '5128<main.rpyeffect:131([switch case for 1#466])>+9: {"op": "Return". "args": {"num": [0]. "ptr": []}}')
debug_merge_point(0, 0, '5139<main.rpyeffect:142([#514])>+0: {"op": "PrimOp". "name": "box(Num): Ptr". "out": {"num": []. "ptr": [0]}. "in": {"num": [0]. "ptr": []}}')
debug_merge_point(0, 0, '5139<main.rpyeffect:142([#514])>+1: {"op": "Return". "args": {"num": []. "ptr": [0]}}')
debug_merge_point(0, 0, '1480<std_core_hnd.rpyeffect:1179([k@[k@[mcore:[#1223]#3619]#3621]#3623])>+0: {"op": "Const". "type": "ptr". "out": 3. "format": "string". "value": "Name(import$std/core/hnd)"}')
debug_merge_point(0, 0, '1480<std_core_hnd.rpyeffect:1179([k@[k@[mcore:[#1223]#3619]#3621]#3623])>+1: {"op": "PrimOp". "name": "getGlobal(String): Ptr". "out": {"num": []. "ptr": [3]}. "in": {"num": []. "ptr": [3]}}')
debug_merge_point(0, 0, '1480<std_core_hnd.rpyeffect:1179([k@[k@[mcore:[#1223]#3619]#3621]#3623])>+2: {"op": "Push". "target": 1479. "args": {"num": []. "ptr": [1. 0]}}')
debug_merge_point(0, 0, '1480<std_core_hnd.rpyeffect:1179([k@[k@[mcore:[#1223]#3619]#3621]#3623])>+3: {"op": "Copy". "type": "ptr". "from": 2. "to". 0}')
debug_merge_point(0, 0, '1480<std_core_hnd.rpyeffect:1179([k@[k@[mcore:[#1223]#3619]#3621]#3623])>+4: {"op": "Copy". "type": "ptr". "from": 3. "to". 1}')
debug_merge_point(0, 0, '1480<std_core_hnd.rpyeffect:1179([k@[k@[mcore:[#1223]#3619]#3621]#3623])>+5: {"op": "Jump". "target": 1442}')
debug_merge_point(0, 0, '1442<std_core_hnd.rpyeffect:1141([mcore:[#1208]#3535])>+0: {"op": "Const". "type": "ptr". "out": 1. "format": "string". "value": "Name(import$std/core/hnd)"}')
debug_merge_point(0, 0, '1442<std_core_hnd.rpyeffect:1141([mcore:[#1208]#3535])>+1: {"op": "PrimOp". "name": "getGlobal(String): Ptr". "out": {"num": []. "ptr": [1]}. "in": {"num": []. "ptr": [1]}}')
debug_merge_point(0, 0, '1442<std_core_hnd.rpyeffect:1141([mcore:[#1208]#3535])>+2: {"op": "CallLib". "lib": "1". "symbol": "setCurrentEvv"}')
debug_merge_point(0, 0, '302<std_core_hnd.rpyeffect:1(Name(setCurrentEvv))>+0: {"op": "Const". "type": "ptr". "out": 1. "format": "string". "value": "current-evv"}')
debug_merge_point(0, 0, '302<std_core_hnd.rpyeffect:1(Name(setCurrentEvv))>+1: {"op": "PrimOp". "name": "getGlobal(String): Ptr". "out": {"num": []. "ptr": [1]}. "in": {"num": []. "ptr": [1]}}')
debug_merge_point(0, 0, '302<std_core_hnd.rpyeffect:1(Name(setCurrentEvv))>+2: {"op": "PrimOp". "name": "setRef(Ref[Ptr]. Ptr): Unit". "out": {"num": []. "ptr": [0]}. "in": {"num": []. "ptr": [1. 0]}}')
+424: setfield_gc(p18, p44, descr=<FieldP rpyeffect.region.PtrRef.inst_value 8>)
debug_merge_point(0, 0, '302<std_core_hnd.rpyeffect:1(Name(setCurrentEvv))>+3: {"op": "Return". "args": {"num": []. "ptr": [0]}}')
debug_merge_point(0, 0, '1479<std_core_hnd.rpyeffect:1178([#3628])>+0: {"op": "Const". "type": "num". "out": 0. "value": 0}')
debug_merge_point(0, 0, '1479<std_core_hnd.rpyeffect:1178([#3628])>+1: {"op": "Copy". "type": "ptr". "from": 1. "to". 0}')
debug_merge_point(0, 0, '1479<std_core_hnd.rpyeffect:1178([#3628])>+2: {"op": "Copy". "type": "ptr". "from": 2. "to". 1}')
debug_merge_point(0, 0, '1479<std_core_hnd.rpyeffect:1178([#3628])>+3: {"op": "Switch". "scrutinee": 0. "values": [1]. "targets": [1475]. "default": 1478}')
debug_merge_point(0, 0, '1478<std_core_hnd.rpyeffect:1177([switch default case#3671])>+0: {"op": "Const". "type": "num". "out": 0. "value": 0}')
debug_merge_point(0, 0, '1478<std_core_hnd.rpyeffect:1177([switch default case#3671])>+1: {"op": "Copy". "type": "ptr". "from": 1. "to". 0}')
debug_merge_point(0, 0, '1478<std_core_hnd.rpyeffect:1177([switch default case#3671])>+2: {"op": "Switch". "scrutinee": 0. "values": [0]. "targets": [1476]. "default": 1477}')
debug_merge_point(0, 0, '1476<std_core_hnd.rpyeffect:1175([switch case for 0#3673])>+0: {"op": "Return". "args": {"num": []. "ptr": [0]}}')
debug_merge_point(0, 0, '5165<main.rpyeffect:168([k@[#669]#671])>+0: {"op": "PrimOp". "name": "unbox(Ptr): Num". "out": {"num": [0]. "ptr": []}. "in": {"num": []. "ptr": [0]}}')
debug_merge_point(0, 0, '5165<main.rpyeffect:168([k@[#669]#671])>+1: {"op": "Return". "args": {"num": [0]. "ptr": []}}')
debug_merge_point(0, 0, '5204<main.rpyeffect:207([#786])>+0: {"op": "PrimOp". "name": "box(Num): Ptr". "out": {"num": []. "ptr": [0]}. "in": {"num": [0]. "ptr": []}}')
debug_merge_point(0, 0, '5204<main.rpyeffect:207([#786])>+1: {"op": "Return". "args": {"num": []. "ptr": [0]}}')
debug_merge_point(0, 0, '801<std_core_hnd.rpyeffect:500([k@[k@[mcore:[#725]#1309]#1314]#1316])>+0: {"op": "Const". "type": "ptr". "out": 2. "format": "string". "value": "Name(import$std/core/hnd)"}')
debug_merge_point(0, 0, '801<std_core_hnd.rpyeffect:500([k@[k@[mcore:[#725]#1309]#1314]#1316])>+1: {"op": "PrimOp". "name": "getGlobal(String): Ptr". "out": {"num": []. "ptr": [2]}. "in": {"num": []. "ptr": [2]}}')
debug_merge_point(0, 0, '801<std_core_hnd.rpyeffect:500([k@[k@[mcore:[#725]#1309]#1314]#1316])>+2: {"op": "Push". "target": 800. "args": {"num": [0]. "ptr": [0]}}')
debug_merge_point(0, 0, '801<std_core_hnd.rpyeffect:500([k@[k@[mcore:[#725]#1309]#1314]#1316])>+3: {"op": "Copy". "type": "ptr". "from": 1. "to". 0}')
debug_merge_point(0, 0, '801<std_core_hnd.rpyeffect:500([k@[k@[mcore:[#725]#1309]#1314]#1316])>+4: {"op": "Copy". "type": "ptr". "from": 2. "to". 1}')
debug_merge_point(0, 0, '801<std_core_hnd.rpyeffect:500([k@[k@[mcore:[#725]#1309]#1314]#1316])>+5: {"op": "Jump". "target": 785}')
debug_merge_point(0, 0, '785<std_core_hnd.rpyeffect:484([mcore:[#717]#1300])>+0: {"op": "Const". "type": "ptr". "out": 1. "format": "string". "value": "Name(import$std/core/hnd)"}')
debug_merge_point(0, 0, '785<std_core_hnd.rpyeffect:484([mcore:[#717]#1300])>+1: {"op": "PrimOp". "name": "getGlobal(String): Ptr". "out": {"num": []. "ptr": [1]}. "in": {"num": []. "ptr": [1]}}')
debug_merge_point(0, 0, '785<std_core_hnd.rpyeffect:484([mcore:[#717]#1300])>+2: {"op": "CallLib". "lib": "1". "symbol": "setCurrentEvv"}')
debug_merge_point(0, 0, '302<std_core_hnd.rpyeffect:1(Name(setCurrentEvv))>+0: {"op": "Const". "type": "ptr". "out": 1. "format": "string". "value": "current-evv"}')
debug_merge_point(0, 0, '302<std_core_hnd.rpyeffect:1(Name(setCurrentEvv))>+1: {"op": "PrimOp". "name": "getGlobal(String): Ptr". "out": {"num": []. "ptr": [1]}. "in": {"num": []. "ptr": [1]}}')
debug_merge_point(0, 0, '302<std_core_hnd.rpyeffect:1(Name(setCurrentEvv))>+2: {"op": "PrimOp". "name": "setRef(Ref[Ptr]. Ptr): Unit". "out": {"num": []. "ptr": [0]}. "in": {"num": []. "ptr": [1. 0]}}')
debug_merge_point(0, 0, '302<std_core_hnd.rpyeffect:1(Name(setCurrentEvv))>+3: {"op": "Return". "args": {"num": []. "ptr": [0]}}')
debug_merge_point(0, 0, '800<std_core_hnd.rpyeffect:499([k@[k@[k@[mcore:[#725]#1309]#1314]#1316]#1321])>+0: {"op": "Const". "type": "num". "out": 1. "value": 0}')
debug_merge_point(0, 0, '800<std_core_hnd.rpyeffect:499([k@[k@[k@[mcore:[#725]#1309]#1314]#1316]#1321])>+1: {"op": "Copy". "type": "ptr". "from": 1. "to". 0}')
debug_merge_point(0, 0, '800<std_core_hnd.rpyeffect:499([k@[k@[k@[mcore:[#725]#1309]#1314]#1316]#1321])>+2: {"op": "Switch". "scrutinee": 1. "values": [1]. "targets": [796]. "default": 799}')
debug_merge_point(0, 0, '799<std_core_hnd.rpyeffect:498([switch default case#1364])>+0: {"op": "Const". "type": "num". "out": 0. "value": 0}')
debug_merge_point(0, 0, '799<std_core_hnd.rpyeffect:498([switch default case#1364])>+1: {"op": "Switch". "scrutinee": 0. "values": [0]. "targets": [797]. "default": 798}')
debug_merge_point(0, 0, '797<std_core_hnd.rpyeffect:496([switch case for 0#1366])>+0: {"op": "Return". "args": {"num": []. "ptr": [0]}}')
debug_merge_point(0, 0, '5227<main.rpyeffect:230([k@[mcore:[#397]#771]#795])>+0: {"op": "PrimOp". "name": "unbox(Ptr): Num". "out": {"num": [1]. "ptr": []}. "in": {"num": []. "ptr": [0]}}')
debug_merge_point(0, 0, '5227<main.rpyeffect:230([k@[mcore:[#397]#771]#795])>+1: {"op": "Const". "type": "num". "out": 2. "value": 36}')
debug_merge_point(0, 0, '5227<main.rpyeffect:230([k@[mcore:[#397]#771]#795])>+2: {"op": "PrimOp". "name": "infixEq(Int. Int): Boolean". "out": {"num": [2]. "ptr": []}. "in": {"num": [1. 2]. "ptr": []}}')
debug_merge_point(0, 0, '5227<main.rpyeffect:230([k@[mcore:[#397]#771]#795])>+3: {"op": "Switch". "scrutinee": 2. "values": [1]. "targets": [5207]. "default": 5226}')
+496: setfield_gc(ConstPtr(ptr45), p33, descr=<FieldP rpyeffect.region.PtrRef.inst_value 8>)
+500: guard_nonnull(p36, descr=<Guard0x128904020>) [p0, i35, i3, i4, i5, i6, i7, i8, i9, i10, i11, i12, i13, i14, i15, p19, p20, p21, p22, p23, p24, p25, p26, p27, p28, p29, p30, p31, p36, p32, None, None, None, None]
+512: i47 = getfield_gc_i(p36, descr=<FieldS rpyeffect.stored_environment.Stack__arb_arb.inst_target 16 pure>)
+520: guard_value(i47, 432, descr=<Guard0x1288f6220>) [p0, i35, i3, i4, i5, i6, i7, i8, i9, i10, i11, i12, i13, i14, i15, p19, p20, p21, p22, p23, p24, p25, p26, p27, p28, p29, p30, p31, p36, p32, None, None, None, None]
debug_merge_point(0, 0, '5226<main.rpyeffect:229([switch default case#811])>+0: {"op": "Const". "type": "num". "out": 2. "value": 36}')
debug_merge_point(0, 0, '5226<main.rpyeffect:229([switch default case#811])>+1: {"op": "PrimOp". "name": "infixEq(Int. Int): Boolean". "out": {"num": [2]. "ptr": []}. "in": {"num": [1. 2]. "ptr": []}}')
debug_merge_point(0, 0, '5226<main.rpyeffect:229([switch default case#811])>+2: {"op": "Switch". "scrutinee": 2. "values": [0]. "targets": [5224]. "default": 5225}')
debug_merge_point(0, 0, '5224<main.rpyeffect:227([switch case for 0#815])>+0: {"op": "Const". "type": "num". "out": 2. "value": 10}')
debug_merge_point(0, 0, '5224<main.rpyeffect:227([switch case for 0#815])>+1: {"op": "PrimOp". "name": "infixEq(Int. Int): Boolean". "out": {"num": [2]. "ptr": []}. "in": {"num": [1. 2]. "ptr": []}}')
debug_merge_point(0, 0, '5224<main.rpyeffect:227([switch case for 0#815])>+2: {"op": "Switch". "scrutinee": 2. "values": [1]. "targets": [5215]. "default": 5223}')
debug_merge_point(0, 0, '5215<main.rpyeffect:218([switch case for 1#822])>+0: {"op": "Const". "type": "num". "out": 1. "value": 0}')
debug_merge_point(0, 0, '5215<main.rpyeffect:218([switch case for 1#822])>+1: {"op": "New". "out": 0. "targets": [5210. 5212]. "args": {"num": []. "ptr": []}}')
debug_merge_point(0, 0, '5215<main.rpyeffect:218([switch case for 1#822])>+2: {"op": "Const". "type": "ptr". "out": 1. "format": "string". "value": "Name(import$std/core/hnd)"}')
debug_merge_point(0, 0, '5215<main.rpyeffect:218([switch case for 1#822])>+3: {"op": "PrimOp". "name": "getGlobal(String): Ptr". "out": {"num": []. "ptr": [1]}. "in": {"num": []. "ptr": [1]}}')
debug_merge_point(0, 0, '5215<main.rpyeffect:218([switch case for 1#822])>+4: {"op": "PrimOp". "name": "box(Num): Ptr". "out": {"num": []. "ptr": [2]}. "in": {"num": [0]. "ptr": []}}')
debug_merge_point(0, 0, '5215<main.rpyeffect:218([switch case for 1#822])>+5: {"op": "Push". "target": 5214. "args": {"num": []. "ptr": []}}')
debug_merge_point(0, 0, '5215<main.rpyeffect:218([switch case for 1#822])>+6: {"op": "Copy". "type": "num". "from": 1. "to". 0}')
debug_merge_point(0, 0, '5215<main.rpyeffect:218([switch case for 1#822])>+7: {"op": "Swap". "type": "ptr". "a": 2. "b". 1}')
debug_merge_point(0, 0, '5215<main.rpyeffect:218([switch case for 1#822])>+8: {"op": "Jump". "target": 5172}')
debug_merge_point(0, 0, '5172<main.rpyeffect:175([mcore:[#364]#675])>+0: {"op": "Const". "type": "ptr". "out": 2. "format": "string". "value": "Name(import$std/core/hnd)"}')
debug_merge_point(0, 0, '5172<main.rpyeffect:175([mcore:[#364]#675])>+1: {"op": "PrimOp". "name": "getGlobal(String): Ptr". "out": {"num": []. "ptr": [2]}. "in": {"num": []. "ptr": [2]}}')
debug_merge_point(0, 0, '5172<main.rpyeffect:175([mcore:[#364]#675])>+2: {"op": "CallLib". "lib": "2". "symbol": "std/core/hnd/@open-at1"}')
debug_merge_point(0, 0, '823<std_core_hnd.rpyeffect:522([mcore:[#737]#1382])>+0: {"op": "Const". "type": "ptr". "out": 2. "format": "string". "value": "Name(import$std/core/hnd)"}')
debug_merge_point(0, 0, '823<std_core_hnd.rpyeffect:522([mcore:[#737]#1382])>+1: {"op": "PrimOp". "name": "getGlobal(String): Ptr". "out": {"num": []. "ptr": [2]}. "in": {"num": []. "ptr": [2]}}')
debug_merge_point(0, 0, '823<std_core_hnd.rpyeffect:522([mcore:[#737]#1382])>+2: {"op": "Push". "target": 822. "args": {"num": [0]. "ptr": [0. 1]}}')
debug_merge_point(0, 0, '823<std_core_hnd.rpyeffect:522([mcore:[#737]#1382])>+3: {"op": "Copy". "type": "ptr". "from": 2. "to". 0}')
debug_merge_point(0, 0, '823<std_core_hnd.rpyeffect:522([mcore:[#737]#1382])>+4: {"op": "Jump". "target": 804}')
debug_merge_point(0, 0, '804<std_core_hnd.rpyeffect:503([mcore:[#726]#1368])>+0: {"op": "Const". "type": "ptr". "out": 0. "format": "string". "value": "Name(import$std/core/hnd)"}')
debug_merge_point(0, 0, '804<std_core_hnd.rpyeffect:503([mcore:[#726]#1368])>+1: {"op": "PrimOp". "name": "getGlobal(String): Ptr". "out": {"num": []. "ptr": [0]}. "in": {"num": []. "ptr": [0]}}')
debug_merge_point(0, 0, '804<std_core_hnd.rpyeffect:503([mcore:[#726]#1368])>+2: {"op": "CallLib". "lib": "0". "symbol": "evvSwapCreate1"}')
debug_merge_point(0, 0, '307<std_core_hnd.rpyeffect:6(Name(evvSwapCreate1))>+0: {"op": "Construct". "out": 0. "type": Interned(evv). "tag": Interned(nil). "args": {"num": []. "ptr": []}}')
debug_merge_point(0, 0, '307<std_core_hnd.rpyeffect:6(Name(evvSwapCreate1))>+1: {"op": "Push". "target": 306. "args": {"num": [0]. "ptr": [0]}}')
debug_merge_point(0, 0, '307<std_core_hnd.rpyeffect:6(Name(evvSwapCreate1))>+2: {"op": "Jump". "target": 301}')
+532: p49 = new_with_vtable(descr=<SizeDescr 56>)
+544: p50 = new_with_vtable(descr=<SizeDescr 64>)
+556: p51 = new_with_vtable(descr=<SizeDescr 40>)
+568: setfield_gc(p51, p36, descr=<FieldP rpyeffect.stored_environment.Stack__arb_arb.inst_tail 8 pure>)
+572: setfield_gc(p51, 5214, descr=<FieldS rpyeffect.stored_environment.Stack__arb_arb.inst_target 16 pure>)
+580: setfield_gc(p50, p51, descr=<FieldP rpyeffect.stored_environment.Stack__arb_arb.inst_tail 8 pure>)
+584: setfield_gc(p50, 822, descr=<FieldS rpyeffect.stored_environment.Stack__arb_arb.inst_target 16 pure>)
+592: setfield_gc(p50, 0, descr=<FieldS rpyeffect.stored_environment.Stack__1_2.inst_values_num_0 40 pure>)
+600: p55 = new_with_vtable(descr=<SizeDescr 32>)
+616: setfield_gc(p55, ConstPtr(ptr56), descr=<FieldP rpyeffect.stored_environment.CoData__arb_arb.inst_vtable 24 pure>)
+620: setfield_gc(p50, p55, descr=<FieldP rpyeffect.stored_environment.Stack__1_2.inst_values_ptr_0 48 pure>)
+624: p57 = new_with_vtable(descr=<SizeDescr 16>)
+636: setfield_gc(p57, i35, descr=<FieldS rpyeffect.region.NumBox.inst_value 8 pure>)
+640: setfield_gc(p50, p57, descr=<FieldP rpyeffect.stored_environment.Stack__1_2.inst_values_ptr_1 56 pure>)
+644: p58 = new_with_vtable(descr=<SizeDescr 32>)
+660: setfield_gc(p58, ConstPtr(ptr59), descr=<FieldP rpyeffect.stored_environment.Data__arb_arb.inst_tag 8>)
+664: setfield_gc(p49, 306, descr=<FieldS rpyeffect.stored_environment.Stack__arb_arb.inst_target 16 pure>)
+672: setfield_gc(p49, p50, descr=<FieldP rpyeffect.stored_environment.Stack__arb_arb.inst_tail 8 pure>)
+676: setfield_gc(p49, 0, descr=<FieldS rpyeffect.stored_environment.Stack__1_1.inst_values_num_0 40 pure>)
+684: setfield_gc(p49, p58, descr=<FieldP rpyeffect.stored_environment.Stack__1_1.inst_values_ptr_0 48 pure>)
+772: jump(p31, p49, p0, p32, 0, 0, 1, i3, i4, i5, i6, i7, i8, i9, i10, i11, i12, i13, i14, i15, p58, p57, ConstPtr(ptr62), ConstPtr(ptr63), p19, p20, p21, p22, p23, p24, p25, p26, p27, p28, p29, p30, descr=TargetToken(4973983072))
+840: --end of the loop--
[8912df0] jit-log-opt-bridge}
[8ab3c2f] {jit-log-opt-bridge
# bridge out of Guard 0x1287bbd20 with 234 ops
[p0, i1, i2, i3, i4, i5, i6, i7, i8, i9, i10, i11, i12, i13, i14, i15, i16, p17, p18, p19, p20, p21, p22, p23, p24, p25, p26, p27, p28, p29, p30, p31, p32, p33, p34, p35]
+296: guard_not_invalidated(descr=<Guard0x12890f678>) [p0, i1, i2, i3, i4, i5, i6, i7, i8, i9, i10, i11, i12, i13, i14, i15, i16, p17, p18, p19, p20, p21, p22, p23, p24, p25, p26, p27, p28, p29, p30, p31, p32, p33, p34, p35]
+300: guard_nonnull(p34, descr=<Guard0x1288f7760>) [p0, i1, i2, i3, i4, i5, i6, i7, i8, i9, i10, i11, i12, i13, i14, i15, i16, p17, p18, p19, p20, p21, p22, p23, p24, p25, p26, p27, p28, p29, p30, p31, p32, p33, p34, p35]
+308: i36 = getfield_gc_i(p34, descr=<FieldS rpyeffect.stored_environment.Stack__arb_arb.inst_target 16 pure>)
+312: guard_value(i36, 306, descr=<Guard0x1288f7720>) [p0, i1, i2, i3, i4, i5, i6, i7, i8, i9, i10, i11, i12, i13, i14, i15, i16, p17, p18, p19, p20, p21, p22, p23, p24, p25, p26, p27, p28, p29, p30, p31, p32, p33, p34, p35]
debug_merge_point(0, 0, '301<std_core_hnd.rpyeffect:0(Name(getCurrentEvv))>+0: {"op": "Const". "type": "ptr". "out": 0. "format": "string". "value": "current-evv"}')
debug_merge_point(0, 0, '301<std_core_hnd.rpyeffect:0(Name(getCurrentEvv))>+1: {"op": "PrimOp". "name": "getGlobal(String): Ptr". "out": {"num": []. "ptr": [0]}. "in": {"num": []. "ptr": [0]}}')
debug_merge_point(0, 0, '301<std_core_hnd.rpyeffect:0(Name(getCurrentEvv))>+2: {"op": "PrimOp". "name": "getRef(Ref[Ptr]): Ptr". "out": {"num": []. "ptr": [0]}. "in": {"num": []. "ptr": [0]}}')
+328: p39 = getfield_gc_r(ConstPtr(ptr38), descr=<FieldP rpyeffect.region.PtrRef.inst_value 8>)
debug_merge_point(0, 0, '301<std_core_hnd.rpyeffect:0(Name(getCurrentEvv))>+3: {"op": "Return". "args": {"num": []. "ptr": [0]}}')
+332: i40 = getfield_gc_i(p34, descr=<FieldS rpyeffect.stored_environment.Stack__1_1.inst_values_num_0 40 pure>)
+336: p41 = getfield_gc_r(p34, descr=<FieldP rpyeffect.stored_environment.Stack__1_1.inst_values_ptr_0 48 pure>)
+340: p42 = getfield_gc_r(p34, descr=<FieldP rpyeffect.stored_environment.Stack__arb_arb.inst_tail 8 pure>)
debug_merge_point(0, 0, '306<std_core_hnd.rpyeffect:5([k@Name(evvSwapCreate1)#21])>+0: {"op": "Push". "target": 305. "args": {"num": []. "ptr": [0. 1]}}')
debug_merge_point(0, 0, '306<std_core_hnd.rpyeffect:5([k@Name(evvSwapCreate1)#21])>+1: {"op": "Jump". "target": 331}')
debug_merge_point(0, 0, '331<std_core_hnd.rpyeffect:30(Name(elt))>+0: {"op": "Switch". "scrutinee": 0. "values": [0]. "targets": [329]. "default": 330}')
+344: i44 = int_eq(i40, 0)
guard_true(i44, descr=<Guard0x1288f76e0>) [p0, i1, i2, i3, i4, i5, i6, i7, i8, i9, i10, i11, i12, i13, i14, i15, i16, p17, p18, p19, p20, p21, p22, p23, p24, p25, p26, p27, p28, p29, p30, p31, p32, p33, p34, p35]
debug_merge_point(0, 0, '329<std_core_hnd.rpyeffect:28([switch case for 0#86])>+0: {"op": "Proj". "out": 0. "type": Interned(evv). "scrutinee": 0. "tag": Interned(cons). "field": 0. "field_type": "ptr"}')
+352: p45 = getfield_gc_r(p39, descr=<FieldP rpyeffect.stored_environment.Data__arb_arb.inst_tag 8>)
+360: guard_value(p45, ConstPtr(ptr46), descr=<Guard0x1288f76a0>) [p0, i1, i2, i3, i4, i5, i6, i7, i8, i9, i10, i11, i12, i13, i14, i15, i16, p17, p18, p19, p20, p21, p22, p23, p24, p25, p26, p27, p28, p29, p30, p31, p32, p33, p34, p35]
+368: guard_class(p39, ConstClass(Data__0_2), descr=<Guard0x1288f7660>) [p0, i1, i2, i3, i4, i5, i6, i7, i8, i9, i10, i11, i12, i13, i14, i15, i16, p17, p18, p19, p20, p21, p22, p23, p24, p25, p26, p27, p28, p29, p30, p31, p32, p33, p34, p35]
+384: p48 = getfield_gc_r(p39, descr=<FieldP rpyeffect.stored_environment.Data__0_2.inst_values_ptr_0 32 pure>)
debug_merge_point(0, 0, '329<std_core_hnd.rpyeffect:28([switch case for 0#86])>+1: {"op": "Return". "args": {"num": []. "ptr": [0]}}')
+388: guard_nonnull(p42, descr=<Guard0x1288f7620>) [p0, i1, i2, i3, i4, i5, i6, i7, i8, i9, i10, i11, i12, i13, i14, i15, i16, p17, p18, p19, p20, p21, p22, p23, p24, p25, p26, p27, p28, p29, p30, p31, p32, p33, p34, p35]
+396: i49 = getfield_gc_i(p42, descr=<FieldS rpyeffect.stored_environment.Stack__arb_arb.inst_target 16 pure>)
+400: guard_value(i49, 822, descr=<Guard0x1288f75e0>) [p0, i1, i2, i3, i4, i5, i6, i7, i8, i9, i10, i11, i12, i13, i14, i15, i16, p17, p18, p19, p20, p21, p22, p23, p24, p25, p26, p27, p28, p29, p30, p31, p32, p33, p34, p35]
debug_merge_point(0, 0, '305<std_core_hnd.rpyeffect:4([k@[k@Name(evvSwapCreate1)#21]#23])>+0: {"op": "Construct". "out": 0. "type": Interned(evv). "tag": Interned(cons). "args": {"num": []. "ptr": [0. 2]}}')
debug_merge_point(0, 0, '305<std_core_hnd.rpyeffect:4([k@[k@Name(evvSwapCreate1)#21]#23])>+1: {"op": "Push". "target": 304. "args": {"num": []. "ptr": [1]}}')
debug_merge_point(0, 0, '305<std_core_hnd.rpyeffect:4([k@[k@Name(evvSwapCreate1)#21]#23])>+2: {"op": "Jump". "target": 302}')
debug_merge_point(0, 0, '302<std_core_hnd.rpyeffect:1(Name(setCurrentEvv))>+0: {"op": "Const". "type": "ptr". "out": 1. "format": "string". "value": "current-evv"}')
debug_merge_point(0, 0, '302<std_core_hnd.rpyeffect:1(Name(setCurrentEvv))>+1: {"op": "PrimOp". "name": "getGlobal(String): Ptr". "out": {"num": []. "ptr": [1]}. "in": {"num": []. "ptr": [1]}}')
debug_merge_point(0, 0, '302<std_core_hnd.rpyeffect:1(Name(setCurrentEvv))>+2: {"op": "PrimOp". "name": "setRef(Ref[Ptr]. Ptr): Unit". "out": {"num": []. "ptr": [0]}. "in": {"num": []. "ptr": [1. 0]}}')
debug_merge_point(0, 0, '302<std_core_hnd.rpyeffect:1(Name(setCurrentEvv))>+3: {"op": "Return". "args": {"num": []. "ptr": [0]}}')
debug_merge_point(0, 0, '304<std_core_hnd.rpyeffect:3([k@[k@[k@Name(evvSwapCreate1)#21]#23]#26])>+0: {"op": "Copy". "type": "ptr". "from": 1. "to". 0}')
debug_merge_point(0, 0, '304<std_core_hnd.rpyeffect:3([k@[k@[k@Name(evvSwapCreate1)#21]#23]#26])>+1: {"op": "Return". "args": {"num": []. "ptr": [0]}}')
+412: i51 = getfield_gc_i(p42, descr=<FieldS rpyeffect.stored_environment.Stack__1_2.inst_values_num_0 40 pure>)
+416: p52 = getfield_gc_r(p42, descr=<FieldP rpyeffect.stored_environment.Stack__1_2.inst_values_ptr_0 48 pure>)
+420: p53 = getfield_gc_r(p42, descr=<FieldP rpyeffect.stored_environment.Stack__1_2.inst_values_ptr_1 56 pure>)
+424: p54 = getfield_gc_r(p42, descr=<FieldP rpyeffect.stored_environment.Stack__arb_arb.inst_tail 8 pure>)
debug_merge_point(0, 0, '822<std_core_hnd.rpyeffect:521([k@[mcore:[#737]#1382]#1387])>+0: {"op": "Push". "target": 821. "args": {"num": [0]. "ptr": [0]}}')
debug_merge_point(0, 0, '822<std_core_hnd.rpyeffect:521([k@[mcore:[#737]#1382]#1387])>+1: {"op": "Copy". "type": "ptr". "from": 2. "to". 0}')
debug_merge_point(0, 0, '822<std_core_hnd.rpyeffect:521([k@[mcore:[#737]#1382]#1387])>+2: {"op": "Invoke". "receiver": 1. "tag": Interned(%apply(p):p). "args" : {"num": []. "ptr": [0]}}')
+428: p55 = getfield_gc_r(p52, descr=<FieldP rpyeffect.stored_environment.CoData__arb_arb.inst_vtable 24 pure>)
+436: guard_value(p55, ConstPtr(ptr56), descr=<Guard0x1288f75a0>) [p0, i1, i2, i3, i4, i5, i6, i7, i8, i9, i10, i11, i12, i13, i14, i15, i16, p17, p18, p19, p20, p21, p22, p23, p24, p25, p26, p27, p28, p29, p30, p31, p32, p33, p34, p35]
debug_merge_point(0, 0, '5212<main.rpyeffect:215([#835])>+0: {"op": "Const". "type": "ptr". "out": 1. "format": "string". "value": "Name(import$std/core/hnd)"}')
debug_merge_point(0, 0, '5212<main.rpyeffect:215([#835])>+1: {"op": "PrimOp". "name": "getGlobal(String): Ptr". "out": {"num": []. "ptr": [1]}. "in": {"num": []. "ptr": [1]}}')
debug_merge_point(0, 0, '5212<main.rpyeffect:215([#835])>+2: {"op": "PrimOp". "name": "unbox(Ptr): Num". "out": {"num": [0]. "ptr": []}. "in": {"num": []. "ptr": [0]}}')
+444: i57 = getfield_gc_i(p53, descr=<FieldS rpyeffect.region.NumBox.inst_value 8 pure>)
debug_merge_point(0, 0, '5212<main.rpyeffect:215([#835])>+3: {"op": "Copy". "type": "ptr". "from": 1. "to". 0}')
debug_merge_point(0, 0, '5212<main.rpyeffect:215([#835])>+4: {"op": "Jump". "target": 5186}')
debug_merge_point(0, 0, '5186<main.rpyeffect:189([mcore:[#377]#692])>+0: {"op": "Const". "type": "num". "out": 1. "value": 0}')
debug_merge_point(0, 0, '5186<main.rpyeffect:189([mcore:[#377]#692])>+1: {"op": "Const". "type": "ptr". "out": 0. "format": "string". "value": "Name(import$std/core/hnd)"}')
debug_merge_point(0, 0, '5186<main.rpyeffect:189([mcore:[#377]#692])>+2: {"op": "PrimOp". "name": "getGlobal(String): Ptr". "out": {"num": []. "ptr": [0]}. "in": {"num": []. "ptr": [0]}}')
debug_merge_point(0, 0, '5186<main.rpyeffect:189([mcore:[#377]#692])>+3: {"op": "Push". "target": 5185. "args": {"num": [1. 0]. "ptr": []}}')
debug_merge_point(0, 0, '5186<main.rpyeffect:189([mcore:[#377]#692])>+4: {"op": "Jump". "target": 5174}')
debug_merge_point(0, 0, '5174<main.rpyeffect:177([mcore:[#368]#688])>+0: {"op": "Const". "type": "ptr". "out": 0. "format": "string". "value": "Name(import$std/core/hnd)"}')
debug_merge_point(0, 0, '5174<main.rpyeffect:177([mcore:[#368]#688])>+1: {"op": "PrimOp". "name": "getGlobal(String): Ptr". "out": {"num": []. "ptr": [0]}. "in": {"num": []. "ptr": [0]}}')
debug_merge_point(0, 0, '5174<main.rpyeffect:177([mcore:[#368]#688])>+2: {"op": "CallLib". "lib": "0". "symbol": "getCurrentEvv"}')
debug_merge_point(0, 0, '301<std_core_hnd.rpyeffect:0(Name(getCurrentEvv))>+0: {"op": "Const". "type": "ptr". "out": 0. "format": "string". "value": "current-evv"}')
debug_merge_point(0, 0, '301<std_core_hnd.rpyeffect:0(Name(getCurrentEvv))>+1: {"op": "PrimOp". "name": "getGlobal(String): Ptr". "out": {"num": []. "ptr": [0]}. "in": {"num": []. "ptr": [0]}}')
debug_merge_point(0, 0, '301<std_core_hnd.rpyeffect:0(Name(getCurrentEvv))>+2: {"op": "PrimOp". "name": "getRef(Ref[Ptr]): Ptr". "out": {"num": []. "ptr": [0]}. "in": {"num": []. "ptr": [0]}}')
debug_merge_point(0, 0, '301<std_core_hnd.rpyeffect:0(Name(getCurrentEvv))>+3: {"op": "Return". "args": {"num": []. "ptr": [0]}}')
debug_merge_point(0, 0, '5185<main.rpyeffect:188([k@[mcore:[#377]#692]#698])>+0: {"op": "PrimOp". "name": "promote_ptr". "out": {"num": []. "ptr": [0]}. "in": {"num": []. "ptr": [0]}}')
debug_merge_point(0, 0, '5185<main.rpyeffect:188([k@[mcore:[#377]#692]#698])>+1: {"op": "Const". "type": "ptr". "out": 1. "format": "string". "value": "Name(import$std/core/hnd)"}')
debug_merge_point(0, 0, '5185<main.rpyeffect:188([k@[mcore:[#377]#692]#698])>+2: {"op": "PrimOp". "name": "getGlobal(String): Ptr". "out": {"num": []. "ptr": [1]}. "in": {"num": []. "ptr": [1]}}')
debug_merge_point(0, 0, '5185<main.rpyeffect:188([k@[mcore:[#377]#692]#698])>+3: {"op": "Push". "target": 5184. "args": {"num": [1]. "ptr": []}}')
debug_merge_point(0, 0, '5185<main.rpyeffect:188([k@[mcore:[#377]#692]#698])>+4: {"op": "Jump". "target": 5173}')
debug_merge_point(0, 0, '5173<main.rpyeffect:176([mcore:[#367]#682])>+0: {"op": "Const". "type": "ptr". "out": 1. "format": "string". "value": "Name(import$std/core/hnd)"}')
debug_merge_point(0, 0, '5173<main.rpyeffect:176([mcore:[#367]#682])>+1: {"op": "PrimOp". "name": "getGlobal(String): Ptr". "out": {"num": []. "ptr": [1]}. "in": {"num": []. "ptr": [1]}}')
debug_merge_point(0, 0, '5173<main.rpyeffect:176([mcore:[#367]#682])>+2: {"op": "CallLib". "lib": "1". "symbol": "elt"}')
debug_merge_point(0, 0, '331<std_core_hnd.rpyeffect:30(Name(elt))>+0: {"op": "Switch". "scrutinee": 0. "values": [0]. "targets": [329]. "default": 330}')
debug_merge_point(0, 0, '329<std_core_hnd.rpyeffect:28([switch case for 0#86])>+0: {"op": "Proj". "out": 0. "type": Interned(evv). "scrutinee": 0. "tag": Interned(cons). "field": 0. "field_type": "ptr"}')
debug_merge_point(0, 0, '329<std_core_hnd.rpyeffect:28([switch case for 0#86])>+1: {"op": "Return". "args": {"num": []. "ptr": [0]}}')
debug_merge_point(0, 0, '5184<main.rpyeffect:187([k@[k@[mcore:[#377]#692]#698]#706])>+0: {"op": "Match". "type": Interned(std/core/hnd/ev). "scrutinee": 0. "clauses": [{"tag": Interned(std/core/hnd/Ev). "target": 5183. "args": {"num": []. "ptr": [1. 2. 3. 4]}}]. "default": {"tag": Interned(28f21bda-754e-424d-998b-aa7f1fb64415#[Missing Tag#1715]). "target": 5175. "args": {"num": []. "ptr": []}}}')
+448: p58 = getfield_gc_r(p48, descr=<FieldP rpyeffect.stored_environment.Data__arb_arb.inst_tag 8>)
+456: guard_value(p58, ConstPtr(ptr59), descr=<Guard0x1288f7560>) [p0, i1, i2, i3, i4, i5, i6, i7, i8, i9, i10, i11, i12, i13, i14, i15, i16, p17, p18, p19, p20, p21, p22, p23, p24, p25, p26, p27, p28, p29, p30, p31, p32, p33, p34, p35]
+464: p60 = getfield_gc_r(p48, descr=<FieldP rpyeffect.stored_environment.Data__arb_arb.inst_values_ptr 24 pure>)
+468: p62 = getarrayitem_gc_pure_r(p60, 0, descr=<ArrayP 8>)
+468: p64 = getarrayitem_gc_pure_r(p60, 1, descr=<ArrayP 8>)
+468: p66 = getarrayitem_gc_pure_r(p60, 2, descr=<ArrayP 8>)
+472: p68 = getarrayitem_gc_pure_r(p60, 3, descr=<ArrayP 8>)
debug_merge_point(0, 0, '5183<main.rpyeffect:186([#708])>+0: {"op": "Copy". "type": "ptr". "from": 0. "to". 1}')
debug_merge_point(0, 0, '5183<main.rpyeffect:186([#708])>+1: {"op": "Copy". "type": "ptr". "from": 2. "to". 0}')
debug_merge_point(0, 0, '5183<main.rpyeffect:186([#708])>+2: {"op": "Match". "type": Interned(main/emit). "scrutinee": 3. "clauses": [{"tag": Interned(main/@Hnd-emit). "target": 5182. "args": {"num": [1]. "ptr": [2]}}]. "default": {"tag": Interned(28f21bda-754e-424d-998b-aa7f1fb64415#[Missing Tag#1714]). "target": 5177. "args": {"num": []. "ptr": []}}}')
+476: p69 = getfield_gc_r(p66, descr=<FieldP rpyeffect.stored_environment.Data__arb_arb.inst_tag 8>)
+484: guard_value(p69, ConstPtr(ptr70), descr=<Guard0x1288f7520>) [p0, i1, i2, i3, i4, i5, i6, i7, i8, i9, i10, i11, i12, i13, i14, i15, i16, p17, p18, p19, p20, p21, p22, p23, p24, p25, p26, p27, p28, p29, p30, p31, p32, p33, p34, p35]
+492: i71 = getfield_gc_i(p66, descr=<FieldS rpyeffect.stored_environment.Data__1_1.inst_values_num_0 32 pure>)
+496: p72 = getfield_gc_r(p66, descr=<FieldP rpyeffect.stored_environment.Data__1_1.inst_values_ptr_0 40 pure>)
debug_merge_point(0, 0, '5182<main.rpyeffect:185([match_main/@Hnd-emit@[#708]#713])>+0: {"op": "Match". "type": Interned(std/core/hnd/clause1). "scrutinee": 2. "clauses": [{"tag": Interned(std/core/hnd/Clause1). "target": 5181. "args": {"num": []. "ptr": [2]}}]. "default": {"tag": Interned(28f21bda-754e-424d-998b-aa7f1fb64415#[Missing Tag#1713]). "target": 5179. "args": {"num": []. "ptr": []}}}')
+500: p73 = getfield_gc_r(p72, descr=<FieldP rpyeffect.stored_environment.Data__arb_arb.inst_tag 8>)
+508: guard_value(p73, ConstPtr(ptr74), descr=<Guard0x1288f74e0>) [p0, i1, i2, i3, i4, i5, i6, i7, i8, i9, i10, i11, i12, i13, i14, i15, i16, p17, p18, p19, p20, p21, p22, p23, p24, p25, p26, p27, p28, p29, p30, p31, p32, p33, p34, p35]
+516: p75 = getfield_gc_r(p72, descr=<FieldP rpyeffect.stored_environment.Data__0_1.inst_values_ptr_0 32 pure>)
debug_merge_point(0, 0, '5181<main.rpyeffect:184([#718])>+0: {"op": "PrimOp". "name": "box(Num): Ptr". "out": {"num": []. "ptr": [3]}. "in": {"num": [0]. "ptr": []}}')
debug_merge_point(0, 0, '5181<main.rpyeffect:184([#718])>+1: {"op": "Push". "target": 5180. "args": {"num": []. "ptr": []}}')
debug_merge_point(0, 0, '5181<main.rpyeffect:184([#718])>+2: {"op": "Swap". "type": "ptr". "a": 2. "b". 3}')
debug_merge_point(0, 0, '5181<main.rpyeffect:184([#718])>+3: {"op": "Invoke". "receiver": 3. "tag": Interned(%apply(ppp):p). "args" : {"num": []. "ptr": [0. 1. 2]}}')
+520: p76 = getfield_gc_r(p75, descr=<FieldP rpyeffect.stored_environment.CoData__arb_arb.inst_vtable 24 pure>)
+528: guard_value(p76, ConstPtr(ptr77), descr=<Guard0x1288f74a0>) [p0, i1, i2, i3, i4, i5, i6, i7, i8, i9, i10, i11, i12, i13, i14, i15, i16, p17, p18, p19, p20, p21, p22, p23, p24, p25, p26, p27, p28, p29, p30, p31, p32, p33, p34, p35]
+536: p78 = getfield_gc_r(p75, descr=<FieldP rpyeffect.stored_environment.CoData__0_1.inst_values_ptr_0 32 pure>)
debug_merge_point(0, 0, '1515<std_core_hnd.rpyeffect:1214([#3788])>+0: {"op": "Const". "type": "ptr". "out": 4. "format": "string". "value": "Name(import$std/core/hnd)"}')
debug_merge_point(0, 0, '1515<std_core_hnd.rpyeffect:1214([#3788])>+1: {"op": "PrimOp". "name": "getGlobal(String): Ptr". "out": {"num": []. "ptr": [4]}. "in": {"num": []. "ptr": [4]}}')
debug_merge_point(0, 0, '1515<std_core_hnd.rpyeffect:1214([#3788])>+2: {"op": "Swap". "type": "ptr". "a": 4. "b". 3}')
debug_merge_point(0, 0, '1515<std_core_hnd.rpyeffect:1214([#3788])>+3: {"op": "Jump". "target": 1513}')
debug_merge_point(0, 0, '1513<std_core_hnd.rpyeffect:1212([mcore:[#1238]#3717])>+0: {"op": "Push". "target": 1509. "args": {"num": []. "ptr": [1. 4. 2]}}')
debug_merge_point(0, 0, '1513<std_core_hnd.rpyeffect:1212([mcore:[#1238]#3717])>+1: {"op": "Match". "type": Interned(std/core/hnd/ev). "scrutinee": 1. "clauses": [{"tag": Interned(std/core/hnd/Ev). "target": 1512. "args": {"num": []. "ptr": [0. 1. 2. 3]}}]. "default": {"tag": Interned(f1366ff7-7d8a-4a49-ba54-2f66d995f403#[Missing Tag#4969]). "target": 1510. "args": {"num": []. "ptr": []}}}')
debug_merge_point(0, 0, '1512<std_core_hnd.rpyeffect:1211([#3775])>+0: {"op": "Const". "type": "ptr". "out": 0. "format": "string". "value": "Name(import$std/core/hnd)"}')
debug_merge_point(0, 0, '1512<std_core_hnd.rpyeffect:1211([#3775])>+1: {"op": "PrimOp". "name": "getGlobal(String): Ptr". "out": {"num": []. "ptr": [0]}. "in": {"num": []. "ptr": [0]}}')
debug_merge_point(0, 0, '1512<std_core_hnd.rpyeffect:1211([#3775])>+2: {"op": "Copy". "type": "ptr". "from": 0. "to". 1}')
debug_merge_point(0, 0, '1512<std_core_hnd.rpyeffect:1211([#3775])>+3: {"op": "Copy". "type": "ptr". "from": 3. "to". 0}')
debug_merge_point(0, 0, '1512<std_core_hnd.rpyeffect:1211([#3775])>+4: {"op": "Jump". "target": 1491}')
debug_merge_point(0, 0, '1491<std_core_hnd.rpyeffect:1190([mcore:[#1227]#3703])>+0: {"op": "Const". "type": "ptr". "out": 1. "format": "string". "value": "Name(import$std/core/hnd)"}')
debug_merge_point(0, 0, '1491<std_core_hnd.rpyeffect:1190([mcore:[#1227]#3703])>+1: {"op": "PrimOp". "name": "getGlobal(String): Ptr". "out": {"num": []. "ptr": [1]}. "in": {"num": []. "ptr": [1]}}')
debug_merge_point(0, 0, '1491<std_core_hnd.rpyeffect:1190([mcore:[#1227]#3703])>+2: {"op": "CallLib". "lib": "1". "symbol": "swapCurrentEvv"}')
debug_merge_point(0, 0, '303<std_core_hnd.rpyeffect:2(Name(swapCurrentEvv))>+0: {"op": "Const". "type": "ptr". "out": 1. "format": "string". "value": "current-evv"}')
debug_merge_point(0, 0, '303<std_core_hnd.rpyeffect:2(Name(swapCurrentEvv))>+1: {"op": "PrimOp". "name": "getGlobal(String): Ptr". "out": {"num": []. "ptr": [1]}. "in": {"num": []. "ptr": [1]}}')
debug_merge_point(0, 0, '303<std_core_hnd.rpyeffect:2(Name(swapCurrentEvv))>+2: {"op": "PrimOp". "name": "getRef(Ref[Ptr]): Ptr". "out": {"num": []. "ptr": [2]}. "in": {"num": []. "ptr": [1]}}')
debug_merge_point(0, 0, '303<std_core_hnd.rpyeffect:2(Name(swapCurrentEvv))>+3: {"op": "PrimOp". "name": "setRef(Ref[Ptr]. Ptr): Unit". "out": {"num": []. "ptr": [0]}. "in": {"num": []. "ptr": [1. 0]}}')
debug_merge_point(0, 0, '303<std_core_hnd.rpyeffect:2(Name(swapCurrentEvv))>+4: {"op": "Copy". "type": "ptr". "from": 2. "to". 0}')
debug_merge_point(0, 0, '303<std_core_hnd.rpyeffect:2(Name(swapCurrentEvv))>+5: {"op": "Return". "args": {"num": []. "ptr": [0]}}')
debug_merge_point(0, 0, '1509<std_core_hnd.rpyeffect:1208([k@[mcore:[#1238]#3717]#3719])>+0: {"op": "Push". "target": 1508. "args": {"num": []. "ptr": [1. 0]}}')
debug_merge_point(0, 0, '1509<std_core_hnd.rpyeffect:1208([k@[mcore:[#1238]#3717]#3719])>+1: {"op": "Copy". "type": "ptr". "from": 3. "to". 0}')
debug_merge_point(0, 0, '1509<std_core_hnd.rpyeffect:1208([k@[mcore:[#1238]#3717]#3719])>+2: {"op": "Invoke". "receiver": 2. "tag": Interned(%apply(p):p). "args" : {"num": []. "ptr": [0]}}')
+540: p79 = getfield_gc_r(p78, descr=<FieldP rpyeffect.stored_environment.CoData__arb_arb.inst_vtable 24 pure>)
+608: setfield_gc(ConstPtr(ptr80), p68, descr=<FieldP rpyeffect.region.PtrRef.inst_value 8>)
+616: guard_value(p79, ConstPtr(ptr81), descr=<Guard0x12890f5c8>) [p0, i57, i71, i3, i4, i5, i6, i7, i8, i9, i10, i11, i12, i13, i14, i15, i16, p48, p78, p22, p23, p24, p25, p26, p27, p28, p29, p30, p31, p32, p33, p35, p79, p41, p39, i51, p54]
+624: p82 = getfield_gc_r(p78, descr=<FieldP rpyeffect.stored_environment.CoData__0_1.inst_values_ptr_0 32 pure>)
debug_merge_point(0, 0, '5238<main.rpyeffect:241([method_%apply(p):p@[mcore:[#419]#913]#923])>+0: {"op": "PrimOp". "name": "unbox(Ptr): Num". "out": {"num": [0]. "ptr": []}. "in": {"num": []. "ptr": [0]}}')
debug_merge_point(0, 0, '5238<main.rpyeffect:241([method_%apply(p):p@[mcore:[#419]#913]#923])>+1: {"op": "Copy". "type": "ptr". "from": 1. "to". 0}')
debug_merge_point(0, 0, '5238<main.rpyeffect:241([method_%apply(p):p@[mcore:[#419]#913]#923])>+2: {"op": "Jump". "target": 5231}')
debug_merge_point(0, 0, '5231<main.rpyeffect:234([mcore:[#409]#903])>+0: {"op": "PrimOp". "name": "getRef(Ref[Ptr]): Ptr". "out": {"num": []. "ptr": [1]}. "in": {"num": []. "ptr": [0]}}')
+628: p83 = getfield_gc_r(p82, descr=<FieldP rpyeffect.region.PtrRef.inst_value 8>)
debug_merge_point(0, 0, '5231<main.rpyeffect:234([mcore:[#409]#903])>+1: {"op": "PrimOp". "name": "unbox(Ptr): Num". "out": {"num": [1]. "ptr": []}. "in": {"num": []. "ptr": [1]}}')
+632: i84 = getfield_gc_i(p83, descr=<FieldS rpyeffect.region.NumBox.inst_value 8 pure>)
debug_merge_point(0, 0, '5231<main.rpyeffect:234([mcore:[#409]#903])>+2: {"op": "PrimOp". "name": "infixAdd(Int. Int): Int". "out": {"num": [0]. "ptr": []}. "in": {"num": [1. 0]. "ptr": []}}')
+636: i85 = int_add(i84, i57)
debug_merge_point(0, 0, '5231<main.rpyeffect:234([mcore:[#409]#903])>+3: {"op": "PrimOp". "name": "box(Num): Ptr". "out": {"num": []. "ptr": [1]}. "in": {"num": [0]. "ptr": []}}')
debug_merge_point(0, 0, '5231<main.rpyeffect:234([mcore:[#409]#903])>+4: {"op": "PrimOp". "name": "setRef(Ref[Ptr]. Ptr): Unit". "out": {"num": []. "ptr": [0]}. "in": {"num": []. "ptr": [0. 1]}}')
debug_merge_point(0, 0, '5231<main.rpyeffect:234([mcore:[#409]#903])>+5: {"op": "Return". "args": {"num": []. "ptr": [0]}}')
debug_merge_point(0, 0, '1508<std_core_hnd.rpyeffect:1207([k@[k@[mcore:[#1238]#3717]#3719]#3721])>+0: {"op": "Const". "type": "num". "out": 0. "value": 0}')
debug_merge_point(0, 0, '1508<std_core_hnd.rpyeffect:1207([k@[k@[mcore:[#1238]#3717]#3719]#3721])>+1: {"op": "Swap". "type": "ptr". "a": 1. "b". 2}')
debug_merge_point(0, 0, '1508<std_core_hnd.rpyeffect:1207([k@[k@[mcore:[#1238]#3717]#3719]#3721])>+2: {"op": "Swap". "type": "ptr". "a": 0. "b". 2}')
debug_merge_point(0, 0, '1508<std_core_hnd.rpyeffect:1207([k@[k@[mcore:[#1238]#3717]#3719]#3721])>+3: {"op": "Switch". "scrutinee": 0. "values": [1]. "targets": [1503]. "default": 1507}')
debug_merge_point(0, 0, '1507<std_core_hnd.rpyeffect:1206([switch default case#3764])>+0: {"op": "Const". "type": "num". "out": 0. "value": 0}')
debug_merge_point(0, 0, '1507<std_core_hnd.rpyeffect:1206([switch default case#3764])>+1: {"op": "Copy". "type": "ptr". "from": 1. "to". 0}')
debug_merge_point(0, 0, '1507<std_core_hnd.rpyeffect:1206([switch default case#3764])>+2: {"op": "Copy". "type": "ptr". "from": 2. "to". 1}')
debug_merge_point(0, 0, '1507<std_core_hnd.rpyeffect:1206([switch default case#3764])>+3: {"op": "Switch". "scrutinee": 0. "values": [0]. "targets": [1505]. "default": 1506}')
debug_merge_point(0, 0, '1505<std_core_hnd.rpyeffect:1204([switch case for 0#3766])>+0: {"op": "Const". "type": "ptr". "out": 2. "format": "string". "value": "Name(import$std/core/hnd)"}')
debug_merge_point(0, 0, '1505<std_core_hnd.rpyeffect:1204([switch case for 0#3766])>+1: {"op": "PrimOp". "name": "getGlobal(String): Ptr". "out": {"num": []. "ptr": [2]}. "in": {"num": []. "ptr": [2]}}')
debug_merge_point(0, 0, '1505<std_core_hnd.rpyeffect:1204([switch case for 0#3766])>+2: {"op": "Push". "target": 1504. "args": {"num": []. "ptr": [1]}}')
debug_merge_point(0, 0, '1505<std_core_hnd.rpyeffect:1204([switch case for 0#3766])>+3: {"op": "Copy". "type": "ptr". "from": 2. "to". 1}')
debug_merge_point(0, 0, '1505<std_core_hnd.rpyeffect:1204([switch case for 0#3766])>+4: {"op": "Jump". "target": 1493}')
debug_merge_point(0, 0, '1493<std_core_hnd.rpyeffect:1192([mcore:[#1237]#3712])>+0: {"op": "Const". "type": "ptr". "out": 1. "format": "string". "value": "Name(import$std/core/hnd)"}')
debug_merge_point(0, 0, '1493<std_core_hnd.rpyeffect:1192([mcore:[#1237]#3712])>+1: {"op": "PrimOp". "name": "getGlobal(String): Ptr". "out": {"num": []. "ptr": [1]}. "in": {"num": []. "ptr": [1]}}')
debug_merge_point(0, 0, '1493<std_core_hnd.rpyeffect:1192([mcore:[#1237]#3712])>+2: {"op": "CallLib". "lib": "1". "symbol": "setCurrentEvv"}')
debug_merge_point(0, 0, '302<std_core_hnd.rpyeffect:1(Name(setCurrentEvv))>+0: {"op": "Const". "type": "ptr". "out": 1. "format": "string". "value": "current-evv"}')
debug_merge_point(0, 0, '302<std_core_hnd.rpyeffect:1(Name(setCurrentEvv))>+1: {"op": "PrimOp". "name": "getGlobal(String): Ptr". "out": {"num": []. "ptr": [1]}. "in": {"num": []. "ptr": [1]}}')
debug_merge_point(0, 0, '302<std_core_hnd.rpyeffect:1(Name(setCurrentEvv))>+2: {"op": "PrimOp". "name": "setRef(Ref[Ptr]. Ptr): Unit". "out": {"num": []. "ptr": [0]}. "in": {"num": []. "ptr": [1. 0]}}')
+640: p86 = new_with_vtable(descr=<SizeDescr 16>)
+744: setfield_gc(p86, i85, descr=<FieldS rpyeffect.region.NumBox.inst_value 8 pure>)
+812: setfield_gc(p82, p86, descr=<FieldP rpyeffect.region.PtrRef.inst_value 8>)
debug_merge_point(0, 0, '302<std_core_hnd.rpyeffect:1(Name(setCurrentEvv))>+3: {"op": "Return". "args": {"num": []. "ptr": [0]}}')
debug_merge_point(0, 0, '1504<std_core_hnd.rpyeffect:1203([k@[switch case for 0#3766]#3771])>+0: {"op": "Copy". "type": "ptr". "from": 1. "to". 0}')
debug_merge_point(0, 0, '1504<std_core_hnd.rpyeffect:1203([k@[switch case for 0#3766]#3771])>+1: {"op": "Return". "args": {"num": []. "ptr": [0]}}')
debug_merge_point(0, 0, '5180<main.rpyeffect:183([k@[#718]#723])>+0: {"op": "Return". "args": {"num": []. "ptr": [0]}}')
+816: guard_nonnull(p54, descr=<Guard0x12890f570>) [p0, i51, i84, i3, i4, i5, i6, i7, i8, i9, i10, i11, i12, i13, i14, i15, i16, p82, p39, p78, p22, p23, p24, p25, p26, p27, p28, p29, p30, p31, p32, p33, p54, p35, p48, i57, p41, None, None, None]
+824: i88 = getfield_gc_i(p54, descr=<FieldS rpyeffect.stored_environment.Stack__arb_arb.inst_target 16 pure>)
+828: guard_value(i88, 5214, descr=<Guard0x1288f7460>) [p0, i51, i84, i3, i4, i5, i6, i7, i8, i9, i10, i11, i12, i13, i14, i15, i16, p82, p39, p78, p22, p23, p24, p25, p26, p27, p28, p29, p30, p31, p32, p33, p54, p35, p48, i57, p41, None, None, None]
debug_merge_point(0, 0, '821<std_core_hnd.rpyeffect:520([k@[k@[mcore:[#737]#1382]#1387]#1389])>+0: {"op": "Const". "type": "ptr". "out": 2. "format": "string". "value": "Name(import$std/core/hnd)"}')
debug_merge_point(0, 0, '821<std_core_hnd.rpyeffect:520([k@[k@[mcore:[#737]#1382]#1387]#1389])>+1: {"op": "PrimOp". "name": "getGlobal(String): Ptr". "out": {"num": []. "ptr": [2]}. "in": {"num": []. "ptr": [2]}}')
debug_merge_point(0, 0, '821<std_core_hnd.rpyeffect:520([k@[k@[mcore:[#737]#1382]#1387]#1389])>+2: {"op": "Push". "target": 820. "args": {"num": [0]. "ptr": [0]}}')
debug_merge_point(0, 0, '821<std_core_hnd.rpyeffect:520([k@[k@[mcore:[#737]#1382]#1387]#1389])>+3: {"op": "Copy". "type": "ptr". "from": 1. "to". 0}')
debug_merge_point(0, 0, '821<std_core_hnd.rpyeffect:520([k@[k@[mcore:[#737]#1382]#1387]#1389])>+4: {"op": "Copy". "type": "ptr". "from": 2. "to". 1}')
debug_merge_point(0, 0, '821<std_core_hnd.rpyeffect:520([k@[k@[mcore:[#737]#1382]#1387]#1389])>+5: {"op": "Jump". "target": 805}')
debug_merge_point(0, 0, '805<std_core_hnd.rpyeffect:504([mcore:[#729]#1373])>+0: {"op": "Const". "type": "ptr". "out": 1. "format": "string". "value": "Name(import$std/core/hnd)"}')
debug_merge_point(0, 0, '805<std_core_hnd.rpyeffect:504([mcore:[#729]#1373])>+1: {"op": "PrimOp". "name": "getGlobal(String): Ptr". "out": {"num": []. "ptr": [1]}. "in": {"num": []. "ptr": [1]}}')
debug_merge_point(0, 0, '805<std_core_hnd.rpyeffect:504([mcore:[#729]#1373])>+2: {"op": "CallLib". "lib": "1". "symbol": "setCurrentEvv"}')
debug_merge_point(0, 0, '302<std_core_hnd.rpyeffect:1(Name(setCurrentEvv))>+0: {"op": "Const". "type": "ptr". "out": 1. "format": "string". "value": "current-evv"}')
debug_merge_point(0, 0, '302<std_core_hnd.rpyeffect:1(Name(setCurrentEvv))>+1: {"op": "PrimOp". "name": "getGlobal(String): Ptr". "out": {"num": []. "ptr": [1]}. "in": {"num": []. "ptr": [1]}}')
debug_merge_point(0, 0, '302<std_core_hnd.rpyeffect:1(Name(setCurrentEvv))>+2: {"op": "PrimOp". "name": "setRef(Ref[Ptr]. Ptr): Unit". "out": {"num": []. "ptr": [0]}. "in": {"num": []. "ptr": [1. 0]}}')
debug_merge_point(0, 0, '302<std_core_hnd.rpyeffect:1(Name(setCurrentEvv))>+3: {"op": "Return". "args": {"num": []. "ptr": [0]}}')
debug_merge_point(0, 0, '820<std_core_hnd.rpyeffect:519([k@[k@[k@[mcore:[#737]#1382]#1387]#1389]#1394])>+0: {"op": "Const". "type": "num". "out": 1. "value": 0}')
debug_merge_point(0, 0, '820<std_core_hnd.rpyeffect:519([k@[k@[k@[mcore:[#737]#1382]#1387]#1389]#1394])>+1: {"op": "Copy". "type": "ptr". "from": 1. "to". 0}')
debug_merge_point(0, 0, '820<std_core_hnd.rpyeffect:519([k@[k@[k@[mcore:[#737]#1382]#1387]#1389]#1394])>+2: {"op": "Switch". "scrutinee": 1. "values": [1]. "targets": [816]. "default": 819}')
debug_merge_point(0, 0, '819<std_core_hnd.rpyeffect:518([switch default case#1437])>+0: {"op": "Const". "type": "num". "out": 0. "value": 0}')
debug_merge_point(0, 0, '819<std_core_hnd.rpyeffect:518([switch default case#1437])>+1: {"op": "Switch". "scrutinee": 0. "values": [0]. "targets": [817]. "default": 818}')
debug_merge_point(0, 0, '817<std_core_hnd.rpyeffect:516([switch case for 0#1439])>+0: {"op": "Return". "args": {"num": []. "ptr": [0]}}')
+840: p90 = getfield_gc_r(p54, descr=<FieldP rpyeffect.stored_environment.Stack__arb_arb.inst_tail 8 pure>)
debug_merge_point(0, 0, '5214<main.rpyeffect:217([k@[switch case for 1#822]#851])>+0: {"op": "Const". "type": "num". "out": 0. "value": 0}')
debug_merge_point(0, 0, '5214<main.rpyeffect:217([k@[switch case for 1#822]#851])>+1: {"op": "Const". "type": "ptr". "out": 0. "format": "string". "value": "Name(import$std/core/hnd)"}')
debug_merge_point(0, 0, '5214<main.rpyeffect:217([k@[switch case for 1#822]#851])>+2: {"op": "PrimOp". "name": "getGlobal(String): Ptr". "out": {"num": []. "ptr": [0]}. "in": {"num": []. "ptr": [0]}}')
debug_merge_point(0, 0, '5214<main.rpyeffect:217([k@[switch case for 1#822]#851])>+3: {"op": "Jump". "target": 5228}')
debug_merge_point(0, 0, '5228<main.rpyeffect:231([mcore:[#397]#771])>+0: {"op": "Const". "type": "num". "out": 1. "value": 1}')
debug_merge_point(0, 0, '5228<main.rpyeffect:231([mcore:[#397]#771])>+1: {"op": "New". "out": 0. "targets": [5203. 5205]. "args": {"num": []. "ptr": []}}')
debug_merge_point(0, 0, '5228<main.rpyeffect:231([mcore:[#397]#771])>+2: {"op": "Const". "type": "ptr". "out": 1. "format": "string". "value": "Name(import$std/core/hnd)"}')
debug_merge_point(0, 0, '5228<main.rpyeffect:231([mcore:[#397]#771])>+3: {"op": "PrimOp". "name": "getGlobal(String): Ptr". "out": {"num": []. "ptr": [1]}. "in": {"num": []. "ptr": [1]}}')
debug_merge_point(0, 0, '5228<main.rpyeffect:231([mcore:[#397]#771])>+4: {"op": "Push". "target": 5227. "args": {"num": [0]. "ptr": []}}')
debug_merge_point(0, 0, '5228<main.rpyeffect:231([mcore:[#397]#771])>+5: {"op": "Copy". "type": "num". "from": 1. "to". 0}')
debug_merge_point(0, 0, '5228<main.rpyeffect:231([mcore:[#397]#771])>+6: {"op": "Jump". "target": 5157}')
debug_merge_point(0, 0, '5157<main.rpyeffect:160([mcore:[#341]#621])>+0: {"op": "Const". "type": "ptr". "out": 1. "format": "string". "value": "Name(import$std/core/hnd)"}')
debug_merge_point(0, 0, '5157<main.rpyeffect:160([mcore:[#341]#621])>+1: {"op": "PrimOp". "name": "getGlobal(String): Ptr". "out": {"num": []. "ptr": [1]}. "in": {"num": []. "ptr": [1]}}')
debug_merge_point(0, 0, '5157<main.rpyeffect:160([mcore:[#341]#621])>+2: {"op": "CallLib". "lib": "1". "symbol": "std/core/hnd/@open-at0"}')
debug_merge_point(0, 0, '803<std_core_hnd.rpyeffect:502([mcore:[#725]#1309])>+0: {"op": "Const". "type": "ptr". "out": 1. "format": "string". "value": "Name(import$std/core/hnd)"}')
debug_merge_point(0, 0, '803<std_core_hnd.rpyeffect:502([mcore:[#725]#1309])>+1: {"op": "PrimOp". "name": "getGlobal(String): Ptr". "out": {"num": []. "ptr": [1]}. "in": {"num": []. "ptr": [1]}}')
debug_merge_point(0, 0, '803<std_core_hnd.rpyeffect:502([mcore:[#725]#1309])>+2: {"op": "Push". "target": 802. "args": {"num": [0]. "ptr": [0]}}')
debug_merge_point(0, 0, '803<std_core_hnd.rpyeffect:502([mcore:[#725]#1309])>+3: {"op": "Copy". "type": "ptr". "from": 1. "to". 0}')
debug_merge_point(0, 0, '803<std_core_hnd.rpyeffect:502([mcore:[#725]#1309])>+4: {"op": "Jump". "target": 784}')
debug_merge_point(0, 0, '784<std_core_hnd.rpyeffect:483([mcore:[#715]#1295])>+0: {"op": "Const". "type": "ptr". "out": 0. "format": "string". "value": "Name(import$std/core/hnd)"}')
debug_merge_point(0, 0, '784<std_core_hnd.rpyeffect:483([mcore:[#715]#1295])>+1: {"op": "PrimOp". "name": "getGlobal(String): Ptr". "out": {"num": []. "ptr": [0]}. "in": {"num": []. "ptr": [0]}}')
debug_merge_point(0, 0, '784<std_core_hnd.rpyeffect:483([mcore:[#715]#1295])>+2: {"op": "CallLib". "lib": "0". "symbol": "evvSwapCreate1"}')
debug_merge_point(0, 0, '307<std_core_hnd.rpyeffect:6(Name(evvSwapCreate1))>+0: {"op": "Construct". "out": 0. "type": Interned(evv). "tag": Interned(nil). "args": {"num": []. "ptr": []}}')
debug_merge_point(0, 0, '307<std_core_hnd.rpyeffect:6(Name(evvSwapCreate1))>+1: {"op": "Push". "target": 306. "args": {"num": [0]. "ptr": [0]}}')
debug_merge_point(0, 0, '307<std_core_hnd.rpyeffect:6(Name(evvSwapCreate1))>+2: {"op": "Jump". "target": 301}')
+908: setfield_gc(ConstPtr(ptr91), p39, descr=<FieldP rpyeffect.region.PtrRef.inst_value 8>)
+912: p92 = new_with_vtable(descr=<SizeDescr 56>)
+924: p93 = new_with_vtable(descr=<SizeDescr 56>)
+936: p94 = new_with_vtable(descr=<SizeDescr 48>)
+948: setfield_gc(p94, p90, descr=<FieldP rpyeffect.stored_environment.Stack__arb_arb.inst_tail 8 pure>)
+952: setfield_gc(p94, 5227, descr=<FieldS rpyeffect.stored_environment.Stack__arb_arb.inst_target 16 pure>)
+960: setfield_gc(p94, 0, descr=<FieldS rpyeffect.stored_environment.Stack__1_0.inst_values_num_0 40 pure>)
+968: setfield_gc(p93, p94, descr=<FieldP rpyeffect.stored_environment.Stack__arb_arb.inst_tail 8 pure>)
+972: setfield_gc(p93, 802, descr=<FieldS rpyeffect.stored_environment.Stack__arb_arb.inst_target 16 pure>)
+980: setfield_gc(p93, 1, descr=<FieldS rpyeffect.stored_environment.Stack__1_1.inst_values_num_0 40 pure>)
+988: p99 = new_with_vtable(descr=<SizeDescr 32>)
+1004: setfield_gc(p99, ConstPtr(ptr100), descr=<FieldP rpyeffect.stored_environment.CoData__arb_arb.inst_vtable 24 pure>)
+1008: setfield_gc(p93, p99, descr=<FieldP rpyeffect.stored_environment.Stack__1_1.inst_values_ptr_0 48 pure>)
+1012: p101 = new_with_vtable(descr=<SizeDescr 32>)
+1028: setfield_gc(p101, ConstPtr(ptr102), descr=<FieldP rpyeffect.stored_environment.Data__arb_arb.inst_tag 8>)
+1032: p103 = new_with_vtable(descr=<SizeDescr 16>)
+1044: setfield_gc(p92, 306, descr=<FieldS rpyeffect.stored_environment.Stack__arb_arb.inst_target 16 pure>)
+1052: setfield_gc(p92, 1, descr=<FieldS rpyeffect.stored_environment.Stack__1_1.inst_values_num_0 40 pure>)
+1060: setfield_gc(p92, p101, descr=<FieldP rpyeffect.stored_environment.Stack__1_1.inst_values_ptr_0 48 pure>)
+1064: setfield_gc(p92, p93, descr=<FieldP rpyeffect.stored_environment.Stack__arb_arb.inst_tail 8 pure>)
+1068: setfield_gc(p103, i57, descr=<FieldS rpyeffect.region.NumBox.inst_value 8 pure>)
+1156: jump(p33, p92, p0, p35, 1, 1, i3, i4, i5, i6, i7, i8, i9, i10, i11, i12, i13, i14, i15, i16, p101, ConstPtr(ptr105), ConstPtr(ptr106), p103, p78, p22, p23, p24, p25, p26, p27, p28, p29, p30, p31, p32, descr=TargetToken(4973983072))
+1216: --end of the loop--
[8aeb629] jit-log-opt-bridge}
[2349e157] {jit-summary
Tracing:      	5	0.008456
Backend:      	5	0.001115
TOTAL:      		0.457229
ops:             	45337
heapcached ops:  	4249
recorded ops:    	24843
  calls:         	21841
guards:          	1020
opt ops:         	1224
opt guards:      	80
opt guards shared:	62
forcings:        	0
abort: trace too long:	0
abort: compiling:	0
abort: vable escape:	0
abort: bad loop: 	0
abort: force quasi-immut:	0
abort: segmenting trace:	0
virtualizables forced:	0
nvirtuals:       	68
nvholes:         	20
nvreused:        	4
vecopt tried:    	0
vecopt success:  	0
Total # of loops:	3
Total # of bridges:	2
Freed # of loops:	0
Freed # of bridges:	0
[234a0673] jit-summary}
