[866187] {jit-log-opt-loop
# Loop 1 (209<main.rpyeffect:199([k@[mcore:[eta-expanded fn#456]#533]#538])>+0: {"op": "PrimOp", "name": "unbox(Ptr): Num", "out": {"num": [0], "ptr": []}, "in": {"num": [], "ptr": [0]}}) : loop with 69 ops
[p0, p1, p2, p3, p4]
+248: p5 = getfield_gc_r(p2, descr=<FieldP rpyeffect.environment.Environment.inst_values_num 16>)
+256: i7 = getarrayitem_gc_i(p5, 0, descr=<ArrayS 8>)
+260: i9 = getarrayitem_gc_i(p5, 1, descr=<ArrayS 8>)
+264: i11 = getarrayitem_gc_i(p5, 2, descr=<ArrayS 8>)
+268: i13 = getarrayitem_gc_i(p5, 3, descr=<ArrayS 8>)
+272: i15 = getarrayitem_gc_i(p5, 4, descr=<ArrayS 8>)
+276: i17 = getarrayitem_gc_i(p5, 5, descr=<ArrayS 8>)
+280: i19 = getarrayitem_gc_i(p5, 6, descr=<ArrayS 8>)
+284: i21 = getarrayitem_gc_i(p5, 7, descr=<ArrayS 8>)
+288: i23 = getarrayitem_gc_i(p5, 8, descr=<ArrayS 8>)
+292: i25 = getarrayitem_gc_i(p5, 9, descr=<ArrayS 8>)
+296: i27 = getarrayitem_gc_i(p5, 10, descr=<ArrayS 8>)
+300: i29 = getarrayitem_gc_i(p5, 11, descr=<ArrayS 8>)
+304: i31 = getarrayitem_gc_i(p5, 12, descr=<ArrayS 8>)
+308: i33 = getarrayitem_gc_i(p5, 13, descr=<ArrayS 8>)
+312: i35 = getarrayitem_gc_i(p5, 14, descr=<ArrayS 8>)
+320: i37 = getarrayitem_gc_i(p5, 15, descr=<ArrayS 8>)
+324: p38 = getfield_gc_r(p2, descr=<FieldP rpyeffect.environment.Environment.inst_values_ptr 24>)
+328: p40 = getarrayitem_gc_r(p38, 0, descr=<ArrayP 8>)
+336: p42 = getarrayitem_gc_r(p38, 1, descr=<ArrayP 8>)
+344: p44 = getarrayitem_gc_r(p38, 2, descr=<ArrayP 8>)
+352: p46 = getarrayitem_gc_r(p38, 3, descr=<ArrayP 8>)
+360: p48 = getarrayitem_gc_r(p38, 4, descr=<ArrayP 8>)
+368: p50 = getarrayitem_gc_r(p38, 5, descr=<ArrayP 8>)
+376: p52 = getarrayitem_gc_r(p38, 6, descr=<ArrayP 8>)
+384: p54 = getarrayitem_gc_r(p38, 7, descr=<ArrayP 8>)
+392: p56 = getarrayitem_gc_r(p38, 8, descr=<ArrayP 8>)
+400: p58 = getarrayitem_gc_r(p38, 9, descr=<ArrayP 8>)
+408: p60 = getarrayitem_gc_r(p38, 10, descr=<ArrayP 8>)
+416: p62 = getarrayitem_gc_r(p38, 11, descr=<ArrayP 8>)
+424: p64 = getarrayitem_gc_r(p38, 12, descr=<ArrayP 8>)
+432: p66 = getarrayitem_gc_r(p38, 13, descr=<ArrayP 8>)
+440: p68 = getarrayitem_gc_r(p38, 14, descr=<ArrayP 8>)
+448: p70 = getarrayitem_gc_r(p38, 15, descr=<ArrayP 8>)
+452: label(p0, p1, p2, p3, p4, i7, i9, i11, i13, i15, i17, i19, i21, i23, i25, i27, i29, i31, i33, i35, i37, p40, p42, p44, p46, p48, p50, p52, p54, p56, p58, p60, p62, p64, p66, p68, p70, descr=TargetToken(5238635264))
debug_merge_point(0, 0, '209<main.rpyeffect:199([k@[mcore:[eta-expanded fn#456]#533]#538])>+0: {"op": "PrimOp". "name": "unbox(Ptr): Num". "out": {"num": [0]. "ptr": []}. "in": {"num": []. "ptr": [0]}}')
+512: guard_not_invalidated(descr=<Guard0x138416548>) [p2, i7, i9, i11, i13, i15, i17, i19, i21, i23, i25, i27, i29, i31, i33, i35, i37, p40, p42, p44, p46, p48, p50, p52, p54, p56, p58, p60, p62, p64, p66, p68, p70, p0, p1, p3, p4]
+516: i71 = getfield_gc_i(p40, descr=<FieldS rpyeffect.region.NumBox.inst_value 8 pure>)
debug_merge_point(0, 0, '209<main.rpyeffect:199([k@[mcore:[eta-expanded fn#456]#533]#538])>+1: {"op": "Return". "args": {"num": [0]. "ptr": []}}')
+520: guard_nonnull(p1, descr=<Guard0x1383f70a0>) [p2, i7, i9, i11, i13, i15, i17, i19, i21, i23, i25, i27, i29, i31, i33, i35, i37, p40, p42, p44, p46, p48, p50, p52, p54, p56, p58, p60, p62, p64, p66, p68, p70, p0, p1, p3, p4]
+532: i72 = getfield_gc_i(p1, descr=<FieldS rpyeffect.stored_environment.Stack__arb_arb.inst_target 16 pure>)
+540: guard_value(i72, 214, descr=<Guard0x1383f70e0>) [p2, i7, i9, i11, i13, i15, i17, i19, i21, i23, i25, i27, i29, i31, i33, i35, i37, p40, p42, p44, p46, p48, p50, p52, p54, p56, p58, p60, p62, p64, p66, p68, p70, p0, p1, p3, p4]
+552: p74 = getfield_gc_r(p1, descr=<FieldP rpyeffect.stored_environment.Stack__arb_arb.inst_tail 8 pure>)
debug_merge_point(0, 0, '214<main.rpyeffect:204([#591])>+0: {"op": "PrimOp". "name": "box(Num): Ptr". "out": {"num": []. "ptr": [0]}. "in": {"num": [0]. "ptr": []}}')
debug_merge_point(0, 0, '214<main.rpyeffect:204([#591])>+1: {"op": "Return". "args": {"num": []. "ptr": [0]}}')
+556: guard_nonnull(p74, descr=<Guard0x1383f7120>) [p2, i7, i9, i11, i13, i15, i17, i19, i21, i23, i25, i27, i29, i31, i33, i35, i37, p40, p42, p44, p46, p48, p50, p52, p54, p56, p58, p60, p62, p64, p66, p68, p70, p0, p1, p3, p4]
+564: i75 = getfield_gc_i(p74, descr=<FieldS rpyeffect.stored_environment.Stack__arb_arb.inst_target 16 pure>)
+568: guard_value(i75, 209, descr=<Guard0x1383f7160>) [p2, i7, i9, i11, i13, i15, i17, i19, i21, i23, i25, i27, i29, i31, i33, i35, i37, p40, p42, p44, p46, p48, p50, p52, p54, p56, p58, p60, p62, p64, p66, p68, p70, p0, p1, p3, p4]
+580: p77 = getfield_gc_r(p74, descr=<FieldP rpyeffect.stored_environment.Stack__arb_arb.inst_tail 8 pure>)
+584: guard_nonnull(p77, descr=<Guard0x1383f71a0>) [p2, i7, i9, i11, i13, i15, i17, i19, i21, i23, i25, i27, i29, i31, i33, i35, i37, p40, p42, p44, p46, p48, p50, p52, p54, p56, p58, p60, p62, p64, p66, p68, p70, p0, p1, p3, p4]
+592: i78 = getfield_gc_i(p77, descr=<FieldS rpyeffect.stored_environment.Stack__arb_arb.inst_target 16 pure>)
+596: guard_value(i78, 214, descr=<Guard0x1383f71e0>) [p2, i7, i9, i11, i13, i15, i17, i19, i21, i23, i25, i27, i29, i31, i33, i35, i37, p40, p42, p44, p46, p48, p50, p52, p54, p56, p58, p60, p62, p64, p66, p68, p70, p0, p1, p3, p4]
debug_merge_point(0, 0, '209<main.rpyeffect:199([k@[mcore:[eta-expanded fn#456]#533]#538])>+0: {"op": "PrimOp". "name": "unbox(Ptr): Num". "out": {"num": [0]. "ptr": []}. "in": {"num": []. "ptr": [0]}}')
+608: label(p0, p77, p2, p3, p4, i71, i9, i11, i13, i15, i17, i19, i21, i23, i25, i27, i29, i31, i33, i35, i37, p42, p44, p46, p48, p50, p52, p54, p56, p58, p60, p62, p64, p66, p68, p70, descr=TargetToken(5238635344))
debug_merge_point(0, 0, '209<main.rpyeffect:199([k@[mcore:[eta-expanded fn#456]#533]#538])>+0: {"op": "PrimOp". "name": "unbox(Ptr): Num". "out": {"num": [0]. "ptr": []}. "in": {"num": []. "ptr": [0]}}')
+612: guard_not_invalidated(descr=<Guard0x1384165a0>) [p2, i71, i9, i11, i13, i15, i17, i19, i21, i23, i25, i27, i29, i31, i33, i35, i37, p42, p44, p46, p48, p50, p52, p54, p56, p58, p60, p62, p64, p66, p68, p70, p0, p77, p3, p4]
debug_merge_point(0, 0, '209<main.rpyeffect:199([k@[mcore:[eta-expanded fn#456]#533]#538])>+1: {"op": "Return". "args": {"num": [0]. "ptr": []}}')
+616: p80 = getfield_gc_r(p77, descr=<FieldP rpyeffect.stored_environment.Stack__arb_arb.inst_tail 8 pure>)
debug_merge_point(0, 0, '214<main.rpyeffect:204([#591])>+0: {"op": "PrimOp". "name": "box(Num): Ptr". "out": {"num": []. "ptr": [0]}. "in": {"num": [0]. "ptr": []}}')
debug_merge_point(0, 0, '214<main.rpyeffect:204([#591])>+1: {"op": "Return". "args": {"num": []. "ptr": [0]}}')
+620: guard_nonnull(p80, descr=<Guard0x1383f7220>) [p2, i71, i9, i11, i13, i15, i17, i19, i21, i23, i25, i27, i29, i31, i33, i35, i37, p42, p44, p46, p48, p50, p52, p54, p56, p58, p60, p62, p64, p66, p68, p70, p0, p77, p3, p4]
+628: i81 = getfield_gc_i(p80, descr=<FieldS rpyeffect.stored_environment.Stack__arb_arb.inst_target 16 pure>)
+632: guard_value(i81, 209, descr=<Guard0x1383f7260>) [p2, i71, i9, i11, i13, i15, i17, i19, i21, i23, i25, i27, i29, i31, i33, i35, i37, p42, p44, p46, p48, p50, p52, p54, p56, p58, p60, p62, p64, p66, p68, p70, p0, p77, p3, p4]
+644: p83 = getfield_gc_r(p80, descr=<FieldP rpyeffect.stored_environment.Stack__arb_arb.inst_tail 8 pure>)
+648: guard_nonnull(p83, descr=<Guard0x1383f72a0>) [p2, i71, i9, i11, i13, i15, i17, i19, i21, i23, i25, i27, i29, i31, i33, i35, i37, p42, p44, p46, p48, p50, p52, p54, p56, p58, p60, p62, p64, p66, p68, p70, p0, p77, p3, p4]
+656: i84 = getfield_gc_i(p83, descr=<FieldS rpyeffect.stored_environment.Stack__arb_arb.inst_target 16 pure>)
+660: guard_value(i84, 214, descr=<Guard0x1383f72e0>) [p2, i71, i9, i11, i13, i15, i17, i19, i21, i23, i25, i27, i29, i31, i33, i35, i37, p42, p44, p46, p48, p50, p52, p54, p56, p58, p60, p62, p64, p66, p68, p70, p0, p77, p3, p4]
debug_merge_point(0, 0, '209<main.rpyeffect:199([k@[mcore:[eta-expanded fn#456]#533]#538])>+0: {"op": "PrimOp". "name": "unbox(Ptr): Num". "out": {"num": [0]. "ptr": []}. "in": {"num": []. "ptr": [0]}}')
+672: jump(p0, p83, p2, p3, p4, i71, i9, i11, i13, i15, i17, i19, i21, i23, i25, i27, i29, i31, i33, i35, i37, p42, p44, p46, p48, p50, p52, p54, p56, p58, p60, p62, p64, p66, p68, p70, descr=TargetToken(5238635344))
+680: --end of the loop--
[888608] jit-log-opt-loop}
[a82803] {jit-log-opt-loop
# Loop 3 (220<main.rpyeffect:210([k@[switch case for 0#562]#572])>+0: {"op": "Swap", "type": "num", "a": 1, "b", 0}) : loop with 181 ops
[p0, p1, p2, p3, p4]
+344: p5 = getfield_gc_r(p2, descr=<FieldP rpyeffect.environment.Environment.inst_values_num 16>)
+352: i7 = getarrayitem_gc_i(p5, 0, descr=<ArrayS 8>)
+356: i9 = getarrayitem_gc_i(p5, 1, descr=<ArrayS 8>)
+360: i11 = getarrayitem_gc_i(p5, 2, descr=<ArrayS 8>)
+364: i13 = getarrayitem_gc_i(p5, 3, descr=<ArrayS 8>)
+368: i15 = getarrayitem_gc_i(p5, 4, descr=<ArrayS 8>)
+372: i17 = getarrayitem_gc_i(p5, 5, descr=<ArrayS 8>)
+376: i19 = getarrayitem_gc_i(p5, 6, descr=<ArrayS 8>)
+380: i21 = getarrayitem_gc_i(p5, 7, descr=<ArrayS 8>)
+384: i23 = getarrayitem_gc_i(p5, 8, descr=<ArrayS 8>)
+388: i25 = getarrayitem_gc_i(p5, 9, descr=<ArrayS 8>)
+392: i27 = getarrayitem_gc_i(p5, 10, descr=<ArrayS 8>)
+396: i29 = getarrayitem_gc_i(p5, 11, descr=<ArrayS 8>)
+400: i31 = getarrayitem_gc_i(p5, 12, descr=<ArrayS 8>)
+404: i33 = getarrayitem_gc_i(p5, 13, descr=<ArrayS 8>)
+408: i35 = getarrayitem_gc_i(p5, 14, descr=<ArrayS 8>)
+416: i37 = getarrayitem_gc_i(p5, 15, descr=<ArrayS 8>)
+420: p38 = getfield_gc_r(p2, descr=<FieldP rpyeffect.environment.Environment.inst_values_ptr 24>)
+424: p40 = getarrayitem_gc_r(p38, 0, descr=<ArrayP 8>)
+432: p42 = getarrayitem_gc_r(p38, 1, descr=<ArrayP 8>)
+440: p44 = getarrayitem_gc_r(p38, 2, descr=<ArrayP 8>)
+448: p46 = getarrayitem_gc_r(p38, 3, descr=<ArrayP 8>)
+456: p48 = getarrayitem_gc_r(p38, 4, descr=<ArrayP 8>)
+464: p50 = getarrayitem_gc_r(p38, 5, descr=<ArrayP 8>)
+472: p52 = getarrayitem_gc_r(p38, 6, descr=<ArrayP 8>)
+480: p54 = getarrayitem_gc_r(p38, 7, descr=<ArrayP 8>)
+488: p56 = getarrayitem_gc_r(p38, 8, descr=<ArrayP 8>)
+496: p58 = getarrayitem_gc_r(p38, 9, descr=<ArrayP 8>)
+504: p60 = getarrayitem_gc_r(p38, 10, descr=<ArrayP 8>)
+512: p62 = getarrayitem_gc_r(p38, 11, descr=<ArrayP 8>)
+520: p64 = getarrayitem_gc_r(p38, 12, descr=<ArrayP 8>)
+528: p66 = getarrayitem_gc_r(p38, 13, descr=<ArrayP 8>)
+536: p68 = getarrayitem_gc_r(p38, 14, descr=<ArrayP 8>)
+544: p70 = getarrayitem_gc_r(p38, 15, descr=<ArrayP 8>)
+548: label(p0, p1, p2, p3, p4, i7, i9, i11, i13, i15, i17, i19, i21, i23, i25, i27, i29, i31, i33, i35, i37, p40, p42, p44, p46, p48, p50, p52, p54, p56, p58, p60, p62, p64, p66, p68, p70, descr=TargetToken(5238635584))
+604: guard_not_invalidated(descr=<Guard0x138417f10>) [p2, i7, i9, i11, i13, i15, i17, i19, i21, i23, i25, i27, i29, i31, i33, i35, i37, p40, p42, p44, p46, p48, p50, p52, p54, p56, p58, p60, p62, p64, p66, p68, p70, p0, p1, p3, p4]
debug_merge_point(0, 0, '220<main.rpyeffect:210([k@[switch case for 0#562]#572])>+1: {"op": "Switch". "scrutinee": 1. "values": [1]. "targets": [213]. "default": 219}')
+608: i72 = int_eq(i7, 1)
guard_false(i72, descr=<Guard0x138448020>) [p2, i7, i9, i11, i13, i15, i17, i19, i21, i23, i25, i27, i29, i31, i33, i35, i37, p40, p42, p44, p46, p48, p50, p52, p54, p56, p58, p60, p62, p64, p66, p68, p70, p0, p1, p3, p4]
+616: guard_nonnull(p1, descr=<Guard0x138448060>) [p2, i7, i9, i11, i13, i15, i17, i19, i21, i23, i25, i27, i29, i31, i33, i35, i37, p40, p42, p44, p46, p48, p50, p52, p54, p56, p58, p60, p62, p64, p66, p68, p70, p0, p1, p3, p4]
+628: i73 = getfield_gc_i(p1, descr=<FieldS rpyeffect.stored_environment.Stack__arb_arb.inst_target 16 pure>)
+636: guard_value(i73, 209, descr=<Guard0x1384480a0>) [p2, i7, i9, i11, i13, i15, i17, i19, i21, i23, i25, i27, i29, i31, i33, i35, i37, p40, p42, p44, p46, p48, p50, p52, p54, p56, p58, p60, p62, p64, p66, p68, p70, p0, p1, p3, p4]
debug_merge_point(0, 0, '219<main.rpyeffect:209([switch default case#576])>+0: {"op": "Switch". "scrutinee": 1. "values": [0]. "targets": [217]. "default": 218}')
+648: i76 = int_eq(i7, 0)
guard_true(i76, descr=<Guard0x1384480e0>) [p2, i7, i9, i11, i13, i15, i17, i19, i21, i23, i25, i27, i29, i31, i33, i35, i37, p40, p42, p44, p46, p48, p50, p52, p54, p56, p58, p60, p62, p64, p66, p68, p70, p0, p1, p3, p4]
debug_merge_point(0, 0, '217<main.rpyeffect:207([switch case for 0#577])>+0: {"op": "Push". "target": 216. "args": {"num": []. "ptr": []}}')
debug_merge_point(0, 0, '217<main.rpyeffect:207([switch case for 0#577])>+1: {"op": "Jump". "target": 188}')
debug_merge_point(0, 0, '188<main.rpyeffect:178(Name(-_34))>+0: {"op": "New". "out": 0. "targets": [181. 183. 185. 187]. "args": {"num": [0]. "ptr": []}}')
debug_merge_point(0, 0, '188<main.rpyeffect:178(Name(-_34))>+1: {"op": "Return". "args": {"num": []. "ptr": [0]}}')
debug_merge_point(0, 0, '216<main.rpyeffect:206([k@[switch case for 0#577]#579])>+0: {"op": "Const". "type": "num". "out": 0. "value": 1}')
debug_merge_point(0, 0, '216<main.rpyeffect:206([k@[switch case for 0#577]#579])>+1: {"op": "Push". "target": 215. "args": {"num": []. "ptr": []}}')
debug_merge_point(0, 0, '216<main.rpyeffect:206([k@[switch case for 0#577]#579])>+2: {"op": "Invoke". "receiver": 0. "tag": Interned(%apply(n):n). "args" : {"num": [0]. "ptr": []}}')
debug_merge_point(0, 0, '181<main.rpyeffect:171([method_%apply(n):n@Name(-_34)#469])>+0: {"op": "Jump". "target": 179}')
debug_merge_point(0, 0, '179<main.rpyeffect:169([mcore:[#30]#465])>+0: {"op": "PrimOp". "name": "infixSub(Int. Int): Int". "out": {"num": [0]. "ptr": []}. "in": {"num": [1. 0]. "ptr": []}}')
+656: i78 = int_sub(i9, 1)
debug_merge_point(0, 0, '179<main.rpyeffect:169([mcore:[#30]#465])>+1: {"op": "Return". "args": {"num": [0]. "ptr": []}}')
debug_merge_point(0, 0, '215<main.rpyeffect:205([k@[k@[switch case for 0#577]#579]#583])>+0: {"op": "Const". "type": "ptr". "out": 0. "format": "string". "value": "Name(Fail_1)"}')
debug_merge_point(0, 0, '215<main.rpyeffect:205([k@[k@[switch case for 0#577]#579]#583])>+1: {"op": "PrimOp". "name": "getGlobal(String): Ptr". "out": {"num": []. "ptr": [0]}. "in": {"num": []. "ptr": [0]}}')
debug_merge_point(0, 0, '215<main.rpyeffect:205([k@[k@[switch case for 0#577]#579]#583])>+2: {"op": "Const". "type": "ptr". "out": 1. "format": "string". "value": "Name(Flip_0)"}')
debug_merge_point(0, 0, '215<main.rpyeffect:205([k@[k@[switch case for 0#577]#579]#583])>+3: {"op": "PrimOp". "name": "getGlobal(String): Ptr". "out": {"num": []. "ptr": [1]}. "in": {"num": []. "ptr": [1]}}')
debug_merge_point(0, 0, '215<main.rpyeffect:205([k@[k@[switch case for 0#577]#579]#583])>+4: {"op": "Push". "target": 214. "args": {"num": []. "ptr": []}}')
debug_merge_point(0, 0, '215<main.rpyeffect:205([k@[k@[switch case for 0#577]#579]#583])>+5: {"op": "Jump". "target": 210}')
debug_merge_point(0, 0, '210<main.rpyeffect:200([mcore:[eta-expanded fn#456]#533])>+0: {"op": "Push". "target": 209. "args": {"num": []. "ptr": []}}')
debug_merge_point(0, 0, '210<main.rpyeffect:200([mcore:[eta-expanded fn#456]#533])>+1: {"op": "Jump". "target": 226}')
debug_merge_point(0, 0, '226<main.rpyeffect:216(Name(choice_48))>+0: {"op": "Push". "target": 225. "args": {"num": [0]. "ptr": []}}')
debug_merge_point(0, 0, '226<main.rpyeffect:216(Name(choice_48))>+1: {"op": "Jump". "target": 69}')
debug_merge_point(0, 0, '69<main.rpyeffect:59(Name(<_5))>+0: {"op": "New". "out": 0. "targets": [62. 64. 66. 68]. "args": {"num": [0]. "ptr": []}}')
debug_merge_point(0, 0, '69<main.rpyeffect:59(Name(<_5))>+1: {"op": "Return". "args": {"num": []. "ptr": [0]}}')
debug_merge_point(0, 0, '225<main.rpyeffect:215([k@Name(choice_48)#543])>+0: {"op": "Const". "type": "num". "out": 1. "value": 1}')
debug_merge_point(0, 0, '225<main.rpyeffect:215([k@Name(choice_48)#543])>+1: {"op": "Push". "target": 224. "args": {"num": [0]. "ptr": []}}')
debug_merge_point(0, 0, '225<main.rpyeffect:215([k@Name(choice_48)#543])>+2: {"op": "Copy". "type": "num". "from": 1. "to". 0}')
debug_merge_point(0, 0, '225<main.rpyeffect:215([k@Name(choice_48)#543])>+3: {"op": "Invoke". "receiver": 0. "tag": Interned(%apply(n):n). "args" : {"num": [0]. "ptr": []}}')
debug_merge_point(0, 0, '62<main.rpyeffect:52([method_%apply(n):n@Name(<_5)#157])>+0: {"op": "Jump". "target": 60}')
debug_merge_point(0, 0, '60<main.rpyeffect:50([mcore:[#20]#153])>+0: {"op": "PrimOp". "name": "infixLt(Int. Int): Boolean". "out": {"num": [0]. "ptr": []}. "in": {"num": [1. 0]. "ptr": []}}')
+660: i80 = int_lt(i78, 1)
guard_false(i80, descr=<Guard0x138448120>) [p2, i7, i9, i11, i13, i15, i17, i19, i21, i23, i25, i27, i29, i31, i33, i35, i37, p40, p42, p44, p46, p48, p50, p52, p54, p56, p58, p60, p62, p64, p66, p68, p70, p0, p1, p3, p4]
debug_merge_point(0, 0, '60<main.rpyeffect:50([mcore:[#20]#153])>+1: {"op": "Return". "args": {"num": [0]. "ptr": []}}')
debug_merge_point(0, 0, '224<main.rpyeffect:214([k@[k@Name(choice_48)#543]#547])>+0: {"op": "Switch". "scrutinee": 0. "values": [1]. "targets": [212]. "default": 223}')
debug_merge_point(0, 0, '223<main.rpyeffect:213([switch default case#561])>+0: {"op": "Swap". "type": "num". "a": 1. "b". 0}')
debug_merge_point(0, 0, '223<main.rpyeffect:213([switch default case#561])>+1: {"op": "Switch". "scrutinee": 1. "values": [0]. "targets": [221]. "default": 222}')
debug_merge_point(0, 0, '221<main.rpyeffect:211([switch case for 0#562])>+0: {"op": "Const". "type": "num". "out": 1. "value": 0}')
debug_merge_point(0, 0, '221<main.rpyeffect:211([switch case for 0#562])>+1: {"op": "Const". "type": "ptr". "out": 0. "format": "string". "value": "Name(Flip_0)"}')
debug_merge_point(0, 0, '221<main.rpyeffect:211([switch case for 0#562])>+2: {"op": "PrimOp". "name": "getGlobal(String): Ptr". "out": {"num": []. "ptr": [0]}. "in": {"num": []. "ptr": [0]}}')
debug_merge_point(0, 0, '221<main.rpyeffect:211([switch case for 0#562])>+3: {"op": "GetDynamic". "out": 0. "n": 1. "label": 0}')
+668: guard_nonnull(p4, descr=<Guard0x138448160>) [p2, i7, i9, i11, i13, i15, i17, i19, i21, i23, i25, i27, i29, i31, i33, i35, i37, p40, p42, p44, p46, p48, p50, p52, p54, p56, p58, p60, p62, p64, p66, p68, p70, p0, p1, p3, p4]
+684: i82 = instance_ptr_eq(p0, ConstPtr(ptr81))
guard_true(i82, descr=<Guard0x1384481a0>) [p2, i7, i9, i11, i13, i15, i17, i19, i21, i23, i25, i27, i29, i31, i33, i35, i37, p40, p42, p44, p46, p48, p50, p52, p54, p56, p58, p60, p62, p64, p66, p68, p70, p0, p1, p3, p4]
debug_merge_point(0, 0, '221<main.rpyeffect:211([switch case for 0#562])>+4: {"op": "Construct". "out": 1. "type": Interned({"op": "eff$Tuple". "elements": []}). "tag": Interned({"op": "eff$Tuple". "elements": []}). "args": {"num": []. "ptr": []}}')
debug_merge_point(0, 0, '221<main.rpyeffect:211([switch case for 0#562])>+5: {"op": "Push". "target": 220. "args": {"num": [0]. "ptr": []}}')
debug_merge_point(0, 0, '221<main.rpyeffect:211([switch case for 0#562])>+6: {"op": "Swap". "type": "ptr". "a": 1. "b". 0}')
debug_merge_point(0, 0, '221<main.rpyeffect:211([switch case for 0#562])>+7: {"op": "Invoke". "receiver": 1. "tag": Interned(%Flip_0(p):n). "args" : {"num": []. "ptr": [0]}}')
+696: p83 = getfield_gc_r(p4, descr=<FieldP rpyeffect.stored_environment.CoData__arb_arb.inst_vtable 24 pure>)
+708: guard_value(p83, ConstPtr(ptr84), descr=<Guard0x1384481e0>) [p2, i7, i9, i11, i13, i15, i17, i19, i21, i23, i25, i27, i29, i31, i33, i35, i37, p40, p42, p44, p46, p48, p50, p52, p54, p56, p58, p60, p62, p64, p66, p68, p70, p0, p1, p3, p4]
+716: p85 = getfield_gc_r(p4, descr=<FieldP rpyeffect.stored_environment.CoData__0_1.inst_values_ptr_0 32 pure>)
debug_merge_point(0, 0, '296<main.rpyeffect:286([method_%Flip_0(p):n@[mcore:[#56]#774]#812])>+0: {"op": "Const". "type": "num". "out": 0. "value": 0}')
debug_merge_point(0, 0, '296<main.rpyeffect:286([method_%Flip_0(p):n@[mcore:[#56]#774]#812])>+1: {"op": "ShiftDyn". "out": 1. "n": 0. "label": 1}')
+720: i86 = instance_ptr_eq(p0, p85)
guard_false(i86, descr=<Guard0x138448220>) [p2, i7, i9, i11, i13, i15, i17, i19, i21, i23, i25, i27, i29, i31, i33, i35, i37, p40, p42, p44, p46, p48, p50, p52, p54, p56, p58, p60, p62, p64, p66, p68, p70, p0, p1, p3, p4]
+728: p87 = getfield_gc_r(p3, descr=<FieldP rpyeffect.stack.MetaStack.inst_region 24 pure>)
+736: guard_isnull(p87, descr=<Guard0x138448260>) [p2, i7, i9, i11, i13, i15, i17, i19, i21, i23, i25, i27, i29, i31, i33, i35, i37, p40, p42, p44, p46, p48, p50, p52, p54, p56, p58, p60, p62, p64, p66, p68, p70, p0, p1, p3, p4]
+744: p88 = getfield_gc_r(p3, descr=<FieldP rpyeffect.stack.MetaStack.inst_label 16 pure>)
+748: i89 = instance_ptr_eq(p88, p85)
guard_false(i89, descr=<Guard0x1384482a0>) [p2, i7, i9, i11, i13, i15, i17, i19, i21, i23, i25, i27, i29, i31, i33, i35, i37, p40, p42, p44, p46, p48, p50, p52, p54, p56, p58, p60, p62, p64, p66, p68, p70, p0, p1, p3, p4]
+756: p90 = getfield_gc_r(p3, descr=<FieldP rpyeffect.stack.MetaStack.inst_tail 32 pure>)
+760: p91 = getfield_gc_r(p90, descr=<FieldP rpyeffect.stack.MetaStack.inst_region 24 pure>)
+764: guard_isnull(p91, descr=<Guard0x1384482e0>) [p2, i7, i9, i11, i13, i15, i17, i19, i21, i23, i25, i27, i29, i31, i33, i35, i37, p40, p42, p44, p46, p48, p50, p52, p54, p56, p58, p60, p62, p64, p66, p68, p70, p0, p1, p3, p4]
+772: p92 = getfield_gc_r(p90, descr=<FieldP rpyeffect.stack.MetaStack.inst_label 16 pure>)
+776: i93 = instance_ptr_eq(p92, p85)
guard_true(i93, descr=<Guard0x138448320>) [p2, i7, i9, i11, i13, i15, i17, i19, i21, i23, i25, i27, i29, i31, i33, i35, i37, p40, p42, p44, p46, p48, p50, p52, p54, p56, p58, p60, p62, p64, p66, p68, p70, p0, p1, p3, p4]
+784: p94 = getfield_gc_r(p90, descr=<FieldP rpyeffect.stack.MetaStackLike.inst_stack 8 pure>)
+788: guard_class(p90, 4373753536, descr=<Guard0x138448360>) [p2, i7, i9, i11, i13, i15, i17, i19, i21, i23, i25, i27, i29, i31, i33, i35, i37, p40, p42, p44, p46, p48, p50, p52, p54, p56, p58, p60, p62, p64, p66, p68, p70, p0, p1, p3, p4]
+804: p96 = getfield_gc_r(p90, descr=<FieldP rpyeffect.stack.MetaStack.inst_tail 32 pure>)
+808: p97 = getfield_gc_r(p3, descr=<FieldP rpyeffect.stack.MetaStackLike.inst_stack 8 pure>)
+812: guard_class(p3, ConstClass(MetaStackWithBinding), descr=<Guard0x1384483a0>) [p2, i7, i9, i11, i13, i15, i17, i19, i21, i23, i25, i27, i29, i31, i33, i35, i37, p40, p42, p44, p46, p48, p50, p52, p54, p56, p58, p60, p62, p64, p66, p68, p70, p0, p1, p3, p4]
+828: p99 = getfield_gc_r(p3, descr=<FieldP rpyeffect.stack.MetaStackWithBinding.inst_binding 40 pure>)
+832: guard_nonnull(p99, descr=<Guard0x1384483e0>) [p2, i7, i9, i11, i13, i15, i17, i19, i21, i23, i25, i27, i29, i31, i33, i35, i37, p40, p42, p44, p46, p48, p50, p52, p54, p56, p58, p60, p62, p64, p66, p68, p70, p0, p1, p3, p4]
+840: guard_nonnull_class(p96, 4373753536, descr=<Guard0x138417f68>) [p2, i7, i9, i11, i13, i15, i17, i19, i21, i23, i25, i27, i29, i31, i33, i35, i37, p40, p42, p44, p46, p48, p50, p52, p54, p56, p58, p60, p62, p64, p66, p68, p70, p0, p1, p3, p4]
+864: p101 = getfield_gc_r(p96, descr=<FieldP rpyeffect.stack.MetaStackLike.inst_stack 8 pure>)
+868: p102 = getfield_gc_r(p96, descr=<FieldP rpyeffect.stack.MetaStack.inst_label 16 pure>)
+872: p103 = getfield_gc_r(p96, descr=<FieldP rpyeffect.stack.MetaStack.inst_tail 32 pure>)
+876: guard_nonnull(p101, descr=<Guard0x138448420>) [p2, i7, i9, i11, i13, i15, i17, i19, i21, i23, i25, i27, i29, i31, i33, i35, i37, p40, p42, p44, p46, p48, p50, p52, p54, p56, p58, p60, p62, p64, p66, p68, p70, p0, p1, p3, p4]
+884: i104 = getfield_gc_i(p101, descr=<FieldS rpyeffect.stored_environment.Stack__arb_arb.inst_target 16 pure>)
+888: guard_value(i104, 293, descr=<Guard0x138448460>) [p2, i7, i9, i11, i13, i15, i17, i19, i21, i23, i25, i27, i29, i31, i33, i35, i37, p40, p42, p44, p46, p48, p50, p52, p54, p56, p58, p60, p62, p64, p66, p68, p70, p0, p1, p3, p4]
debug_merge_point(0, 0, '296<main.rpyeffect:286([method_%Flip_0(p):n@[mcore:[#56]#774]#812])>+2: {"op": "Swap". "type": "ptr". "a": 1. "b". 0}')
debug_merge_point(0, 0, '296<main.rpyeffect:286([method_%Flip_0(p):n@[mcore:[#56]#774]#812])>+3: {"op": "Match". "type": Interned({"op": "eff$Tuple". "elements": []}). "scrutinee": 1. "clauses": [{"tag": Interned({"op": "eff$Tuple". "elements": []}). "target": 295. "args": {"num": []. "ptr": []}}]. "default": {"tag": Interned(c1ad4e97-e16b-4180-ac28-d851f2c5f77a#[Missing Tag#1081]). "target": 289. "args": {"num": []. "ptr": []}}}')
debug_merge_point(0, 0, '295<main.rpyeffect:285([#823])>+0: {"op": "Const". "type": "num". "out": 0. "value": 1}')
debug_merge_point(0, 0, '295<main.rpyeffect:285([#823])>+1: {"op": "Push". "target": 294. "args": {"num": []. "ptr": [0]}}')
debug_merge_point(0, 0, '295<main.rpyeffect:285([#823])>+2: {"op": "Jump". "target": 277}')
debug_merge_point(0, 0, '277<main.rpyeffect:267(Name(k_145))>+0: {"op": "PushStack". "arg": 0}')
debug_merge_point(0, 0, '277<main.rpyeffect:267(Name(k_145))>+1: {"op": "Return". "args": {"num": [0]. "ptr": []}}')
debug_merge_point(0, 0, '220<main.rpyeffect:210([k@[switch case for 0#562]#572])>+0: {"op": "Swap". "type": "num". "a": 1. "b". 0}')
+900: p106 = new_with_vtable(descr=<SizeDescr 40>)
+1004: p107 = new_with_vtable(descr=<SizeDescr 40>)
+1016: setfield_gc(p107, p1, descr=<FieldP rpyeffect.stored_environment.Stack__arb_arb.inst_tail 8 pure>)
+1024: setfield_gc(p107, 214, descr=<FieldS rpyeffect.stored_environment.Stack__arb_arb.inst_target 16 pure>)
+1032: p109 = new_with_vtable(descr=<SizeDescr 48>)
+1044: p110 = new_with_vtable(descr=<SizeDescr 40>)
+1056: setfield_gc(p110, p94, descr=<FieldP rpyeffect.stack.MetaStackLike.inst_stack 8 pure>)
+1060: setfield_gc(p110, p92, descr=<FieldP rpyeffect.stack.MetaStack.inst_label 16 pure>)
+1064: setfield_gc(p110, ConstPtr(null), descr=<FieldP rpyeffect.stack.MetaStack.inst_region 24 pure>)
+1072: p112 = new_with_vtable(descr=<SizeDescr 40>)
+1084: p113 = new_with_vtable(descr=<SizeDescr 48>)
+1100: setfield_gc(p113, p101, descr=<FieldP rpyeffect.stored_environment.Stack__arb_arb.inst_tail 8 pure>)
+1104: setfield_gc(p113, 294, descr=<FieldS rpyeffect.stored_environment.Stack__arb_arb.inst_target 16 pure>)
+1112: p115 = new_with_vtable(descr=<SizeDescr 48>)
+1124: p116 = new_with_vtable(descr=<SizeDescr 48>)
+1140: setfield_gc(p116, p106, descr=<FieldP rpyeffect.stored_environment.Stack__arb_arb.inst_tail 8 pure>)
+1144: setfield_gc(p116, 220, descr=<FieldS rpyeffect.stored_environment.Stack__arb_arb.inst_target 16 pure>)
+1152: setfield_gc(p116, i78, descr=<FieldS rpyeffect.stored_environment.Stack__1_0.inst_values_num_0 40 pure>)
+1156: setfield_gc(p115, p116, descr=<FieldP rpyeffect.stack.MetaStackLike.inst_stack 8 pure>)
+1160: setfield_gc(p115, p0, descr=<FieldP rpyeffect.stack.MetaStack.inst_label 16 pure>)
+1168: setfield_gc(p115, ConstPtr(null), descr=<FieldP rpyeffect.stack.MetaStack.inst_region 24 pure>)
+1180: p119 = new_with_vtable(descr=<SizeDescr 48>)
+1192: setfield_gc(p119, p97, descr=<FieldP rpyeffect.stack.MetaStackLike.inst_stack 8 pure>)
+1196: setfield_gc(p119, p88, descr=<FieldP rpyeffect.stack.MetaStack.inst_label 16 pure>)
+1200: setfield_gc(p119, ConstPtr(null), descr=<FieldP rpyeffect.stack.MetaStack.inst_region 24 pure>)
+1208: p121 = new_with_vtable(descr=<SizeDescr 40>)
+1224: setfield_gc(p121, p94, descr=<FieldP rpyeffect.stack.MetaStackLike.inst_stack 8 pure>)
+1228: setfield_gc(p121, p92, descr=<FieldP rpyeffect.stack.MetaStack.inst_label 16 pure>)
+1232: setfield_gc(p121, ConstPtr(null), descr=<FieldP rpyeffect.stack.MetaStack.inst_region 24 pure>)
+1240: setfield_gc(p121, ConstPtr(null), descr=<FieldP rpyeffect.stack.MetaStack.inst_tail 32 pure>)
+1248: setfield_gc(p119, p121, descr=<FieldP rpyeffect.stack.MetaStack.inst_tail 32 pure>)
+1252: setfield_gc(p119, p99, descr=<FieldP rpyeffect.stack.MetaStackWithBinding.inst_binding 40 pure>)
+1256: setfield_gc(p115, p119, descr=<FieldP rpyeffect.stack.MetaStack.inst_tail 32 pure>)
+1260: setfield_gc(p115, p4, descr=<FieldP rpyeffect.stack.MetaStackWithBinding.inst_binding 40 pure>)
+1264: setfield_gc(p113, p115, descr=<FieldP rpyeffect.stored_environment.Stack__0_1.inst_values_ptr_0 40 pure>)
+1268: setfield_gc(p112, p113, descr=<FieldP rpyeffect.stack.MetaStackLike.inst_stack 8 pure>)
+1272: setfield_gc(p112, p102, descr=<FieldP rpyeffect.stack.MetaStack.inst_label 16 pure>)
+1276: setfield_gc(p112, ConstPtr(null), descr=<FieldP rpyeffect.stack.MetaStack.inst_region 24 pure>)
+1284: setfield_gc(p112, p103, descr=<FieldP rpyeffect.stack.MetaStack.inst_tail 32 pure>)
+1288: setfield_gc(p110, p112, descr=<FieldP rpyeffect.stack.MetaStack.inst_tail 32 pure>)
+1292: p125 = new_with_vtable(descr=<SizeDescr 32>)
+1304: setfield_gc(p106, 209, descr=<FieldS rpyeffect.stored_environment.Stack__arb_arb.inst_target 16 pure>)
+1312: setfield_gc(p109, ConstPtr(null), descr=<FieldP rpyeffect.stack.MetaStack.inst_region 24 pure>)
+1324: setfield_gc(p109, p88, descr=<FieldP rpyeffect.stack.MetaStack.inst_label 16 pure>)
+1328: setfield_gc(p109, p110, descr=<FieldP rpyeffect.stack.MetaStack.inst_tail 32 pure>)
+1332: setfield_gc(p109, p97, descr=<FieldP rpyeffect.stack.MetaStackLike.inst_stack 8 pure>)
+1336: setfield_gc(p109, p99, descr=<FieldP rpyeffect.stack.MetaStackWithBinding.inst_binding 40 pure>)
+1340: setfield_gc(p106, p107, descr=<FieldP rpyeffect.stored_environment.Stack__arb_arb.inst_tail 8 pure>)
+1352: setfield_gc(p125, ConstPtr(ptr128), descr=<FieldP rpyeffect.stored_environment.Data__arb_arb.inst_tag 8>)
+1440: jump(p0, p106, p2, p109, p4, 1, i78, i11, i13, i15, i17, i19, i21, i23, i25, i27, i29, i31, i33, i35, i37, p115, p125, p44, p46, p48, p50, p52, p54, p56, p58, p60, p62, p64, p66, p68, p70, descr=TargetToken(5238635584))
+1472: --end of the loop--
[aad084] jit-log-opt-loop}
[b99f5e] {jit-log-opt-bridge
# bridge out of Guard 0x138448020 with 15 ops
[p0, i1, i2, i3, i4, i5, i6, i7, i8, i9, i10, i11, i12, i13, i14, i15, i16, p17, p18, p19, p20, p21, p22, p23, p24, p25, p26, p27, p28, p29, p30, p31, p32, p33, p34, p35, p36]
+120: guard_not_invalidated(descr=<Guard0x138456968>) [p0, i1, i2, i3, i4, i5, i6, i7, i8, i9, i10, i11, i12, i13, i14, i15, i16, p17, p18, p19, p20, p21, p22, p23, p24, p25, p26, p27, p28, p29, p30, p31, p32, p33, p34, p35, p36]
debug_merge_point(0, 0, '220<main.rpyeffect:210([k@[switch case for 0#562]#572])>+1: {"op": "Switch". "scrutinee": 1. "values": [1]. "targets": [213]. "default": 219}')
+124: i38 = int_eq(i1, 1)
guard_true(i38, descr=<Guard0x138449220>) [p0, i1, i2, i3, i4, i5, i6, i7, i8, i9, i10, i11, i12, i13, i14, i15, i16, p17, p18, p19, p20, p21, p22, p23, p24, p25, p26, p27, p28, p29, p30, p31, p32, p33, p34, p35, p36]
+132: guard_nonnull(p34, descr=<Guard0x138449260>) [p0, i1, i2, i3, i4, i5, i6, i7, i8, i9, i10, i11, i12, i13, i14, i15, i16, p17, p18, p19, p20, p21, p22, p23, p24, p25, p26, p27, p28, p29, p30, p31, p32, p33, p34, p35, p36]
+144: i39 = getfield_gc_i(p34, descr=<FieldS rpyeffect.stored_environment.Stack__arb_arb.inst_target 16 pure>)
+152: guard_value(i39, 209, descr=<Guard0x1384492a0>) [p0, i1, i2, i3, i4, i5, i6, i7, i8, i9, i10, i11, i12, i13, i14, i15, i16, p17, p18, p19, p20, p21, p22, p23, p24, p25, p26, p27, p28, p29, p30, p31, p32, p33, p34, p35, p36]
debug_merge_point(0, 0, '213<main.rpyeffect:203([switch case for 1#573])>+0: {"op": "PrimOp". "name": "box(Num): Ptr". "out": {"num": []. "ptr": [0]}. "in": {"num": [0]. "ptr": []}}')
debug_merge_point(0, 0, '213<main.rpyeffect:203([switch case for 1#573])>+1: {"op": "Return". "args": {"num": []. "ptr": [0]}}')
+164: p41 = getfield_gc_r(p34, descr=<FieldP rpyeffect.stored_environment.Stack__arb_arb.inst_tail 8 pure>)
+168: guard_nonnull(p41, descr=<Guard0x1384492e0>) [p0, i1, i2, i3, i4, i5, i6, i7, i8, i9, i10, i11, i12, i13, i14, i15, i16, p17, p18, p19, p20, p21, p22, p23, p24, p25, p26, p27, p28, p29, p30, p31, p32, p33, p34, p35, p36]
+176: i42 = getfield_gc_i(p41, descr=<FieldS rpyeffect.stored_environment.Stack__arb_arb.inst_target 16 pure>)
+180: guard_value(i42, 214, descr=<Guard0x138449320>) [p0, i1, i2, i3, i4, i5, i6, i7, i8, i9, i10, i11, i12, i13, i14, i15, i16, p17, p18, p19, p20, p21, p22, p23, p24, p25, p26, p27, p28, p29, p30, p31, p32, p33, p34, p35, p36]
debug_merge_point(0, 0, '209<main.rpyeffect:199([k@[mcore:[eta-expanded fn#456]#533]#538])>+0: {"op": "PrimOp". "name": "unbox(Ptr): Num". "out": {"num": [0]. "ptr": []}. "in": {"num": []. "ptr": [0]}}')
+192: jump(p33, p41, p0, p35, p36, i2, 1, i3, i4, i5, i6, i7, i8, i9, i10, i11, i12, i13, i14, i15, i16, p18, p19, p20, p21, p22, p23, p24, p25, p26, p27, p28, p29, p30, p31, p32, descr=TargetToken(5238635344))
+520: --end of the loop--
[ba3de5] jit-log-opt-bridge}
[cbba75] {jit-log-opt-bridge
# bridge out of Guard 0x1383f7260 with 189 ops
[p0, i1, i2, i3, i4, i5, i6, i7, i8, i9, i10, i11, i12, i13, i14, i15, i16, p17, p18, p19, p20, p21, p22, p23, p24, p25, p26, p27, p28, p29, p30, p31, p32, p33, p34, p35]
+392: guard_not_invalidated(descr=<Guard0x128087d00>) [p0, i1, i2, i3, i4, i5, i6, i7, i8, i9, i10, i11, i12, i13, i14, i15, i16, p17, p18, p19, p20, p21, p22, p23, p24, p25, p26, p27, p28, p29, p30, p31, p32, p33, p34, p35]
debug_merge_point(0, 0, '209<main.rpyeffect:199([k@[mcore:[eta-expanded fn#456]#533]#538])>+1: {"op": "Return". "args": {"num": [0]. "ptr": []}}')
+396: guard_nonnull(p33, descr=<Guard0x12808e420>) [p0, i1, i2, i3, i4, i5, i6, i7, i8, i9, i10, i11, i12, i13, i14, i15, i16, p17, p18, p19, p20, p21, p22, p23, p24, p25, p26, p27, p28, p29, p30, p31, p32, p33, p34, p35]
+404: i36 = getfield_gc_i(p33, descr=<FieldS rpyeffect.stored_environment.Stack__arb_arb.inst_target 16 pure>)
+408: guard_value(i36, 214, descr=<Guard0x12808e3e0>) [p0, i1, i2, i3, i4, i5, i6, i7, i8, i9, i10, i11, i12, i13, i14, i15, i16, p17, p18, p19, p20, p21, p22, p23, p24, p25, p26, p27, p28, p29, p30, p31, p32, p33, p34, p35]
+420: p38 = getfield_gc_r(p33, descr=<FieldP rpyeffect.stored_environment.Stack__arb_arb.inst_tail 8 pure>)
debug_merge_point(0, 0, '214<main.rpyeffect:204([#591])>+0: {"op": "PrimOp". "name": "box(Num): Ptr". "out": {"num": []. "ptr": [0]}. "in": {"num": [0]. "ptr": []}}')
debug_merge_point(0, 0, '214<main.rpyeffect:204([#591])>+1: {"op": "Return". "args": {"num": []. "ptr": [0]}}')
+424: guard_nonnull(p38, descr=<Guard0x12808e3a0>) [p0, i1, i2, i3, i4, i5, i6, i7, i8, i9, i10, i11, i12, i13, i14, i15, i16, p17, p18, p19, p20, p21, p22, p23, p24, p25, p26, p27, p28, p29, p30, p31, p32, p33, p34, p35]
+432: i39 = getfield_gc_i(p38, descr=<FieldS rpyeffect.stored_environment.Stack__arb_arb.inst_target 16 pure>)
+436: guard_value(i39, 231, descr=<Guard0x12808e360>) [p0, i1, i2, i3, i4, i5, i6, i7, i8, i9, i10, i11, i12, i13, i14, i15, i16, p17, p18, p19, p20, p21, p22, p23, p24, p25, p26, p27, p28, p29, p30, p31, p32, p33, p34, p35]
+448: p41 = getfield_gc_r(p38, descr=<FieldP rpyeffect.stored_environment.Stack__arb_arb.inst_tail 8 pure>)
debug_merge_point(0, 0, '231<main.rpyeffect:221([k@[mcore:[eta-expanded fn#481]#618]#623])>+0: {"op": "PrimOp". "name": "unbox(Ptr): Num". "out": {"num": [0]. "ptr": []}. "in": {"num": []. "ptr": [0]}}')
debug_merge_point(0, 0, '231<main.rpyeffect:221([k@[mcore:[eta-expanded fn#481]#618]#623])>+1: {"op": "Return". "args": {"num": [0]. "ptr": []}}')
+452: guard_nonnull(p41, descr=<Guard0x12808e320>) [p0, i1, i2, i3, i4, i5, i6, i7, i8, i9, i10, i11, i12, i13, i14, i15, i16, p17, p18, p19, p20, p21, p22, p23, p24, p25, p26, p27, p28, p29, p30, p31, p32, p33, p34, p35]
+460: i42 = getfield_gc_i(p41, descr=<FieldS rpyeffect.stored_environment.Stack__arb_arb.inst_target 16 pure>)
+464: guard_value(i42, 244, descr=<Guard0x12808e2e0>) [p0, i1, i2, i3, i4, i5, i6, i7, i8, i9, i10, i11, i12, i13, i14, i15, i16, p17, p18, p19, p20, p21, p22, p23, p24, p25, p26, p27, p28, p29, p30, p31, p32, p33, p34, p35]
+476: i44 = getfield_gc_i(p41, descr=<FieldS rpyeffect.stored_environment.Stack__3_0.inst_values_num_0 40 pure>)
+480: i45 = getfield_gc_i(p41, descr=<FieldS rpyeffect.stored_environment.Stack__3_0.inst_values_num_1 48 pure>)
+484: i46 = getfield_gc_i(p41, descr=<FieldS rpyeffect.stored_environment.Stack__3_0.inst_values_num_2 56 pure>)
+488: p47 = getfield_gc_r(p41, descr=<FieldP rpyeffect.stored_environment.Stack__arb_arb.inst_tail 8 pure>)
debug_merge_point(0, 0, '244<main.rpyeffect:234([k@[k@[k@[#649]#651]#655]#663])>+0: {"op": "Push". "target": 243. "args": {"num": [1. 2. 0. 3]. "ptr": []}}')
debug_merge_point(0, 0, '244<main.rpyeffect:234([k@[k@[k@[#649]#651]#655]#663])>+1: {"op": "Copy". "type": "num". "from": 1. "to". 0}')
debug_merge_point(0, 0, '244<main.rpyeffect:234([k@[k@[k@[#649]#651]#655]#663])>+2: {"op": "Jump". "target": 145}')
debug_merge_point(0, 0, '145<main.rpyeffect:135(Name(+_27))>+0: {"op": "New". "out": 0. "targets": [138. 140. 142. 144]. "args": {"num": [0]. "ptr": []}}')
debug_merge_point(0, 0, '145<main.rpyeffect:135(Name(+_27))>+1: {"op": "Return". "args": {"num": []. "ptr": [0]}}')
debug_merge_point(0, 0, '243<main.rpyeffect:233([k@[k@[k@[k@[#649]#651]#655]#663]#665])>+0: {"op": "Push". "target": 242. "args": {"num": [0. 1. 2. 3]. "ptr": []}}')
debug_merge_point(0, 0, '243<main.rpyeffect:233([k@[k@[k@[k@[#649]#651]#655]#663]#665])>+1: {"op": "Copy". "type": "num". "from": 1. "to". 0}')
debug_merge_point(0, 0, '243<main.rpyeffect:233([k@[k@[k@[k@[#649]#651]#655]#663]#665])>+2: {"op": "Invoke". "receiver": 0. "tag": Interned(%apply(n):n). "args" : {"num": [0]. "ptr": []}}')
debug_merge_point(0, 0, '138<main.rpyeffect:128([method_%apply(n):n@Name(+_27)#347])>+0: {"op": "Jump". "target": 136}')
debug_merge_point(0, 0, '136<main.rpyeffect:126([mcore:[#26]#343])>+0: {"op": "PrimOp". "name": "infixAdd(Int. Int): Int". "out": {"num": [0]. "ptr": []}. "in": {"num": [1. 0]. "ptr": []}}')
+492: i48 = int_add(i44, i45)
debug_merge_point(0, 0, '136<main.rpyeffect:126([mcore:[#26]#343])>+1: {"op": "Return". "args": {"num": [0]. "ptr": []}}')
debug_merge_point(0, 0, '242<main.rpyeffect:232([#667])>+0: {"op": "Push". "target": 241. "args": {"num": [1. 2. 3. 4]. "ptr": []}}')
debug_merge_point(0, 0, '242<main.rpyeffect:232([#667])>+1: {"op": "Jump". "target": 145}')
debug_merge_point(0, 0, '145<main.rpyeffect:135(Name(+_27))>+0: {"op": "New". "out": 0. "targets": [138. 140. 142. 144]. "args": {"num": [0]. "ptr": []}}')
debug_merge_point(0, 0, '145<main.rpyeffect:135(Name(+_27))>+1: {"op": "Return". "args": {"num": []. "ptr": [0]}}')
debug_merge_point(0, 0, '241<main.rpyeffect:231([k@[#667]#669])>+0: {"op": "Push". "target": 240. "args": {"num": [0. 1. 2. 3]. "ptr": []}}')
debug_merge_point(0, 0, '241<main.rpyeffect:231([k@[#667]#669])>+1: {"op": "Copy". "type": "num". "from": 2. "to". 0}')
debug_merge_point(0, 0, '241<main.rpyeffect:231([k@[#667]#669])>+2: {"op": "Invoke". "receiver": 0. "tag": Interned(%apply(n):n). "args" : {"num": [0]. "ptr": []}}')
debug_merge_point(0, 0, '138<main.rpyeffect:128([method_%apply(n):n@Name(+_27)#347])>+0: {"op": "Jump". "target": 136}')
debug_merge_point(0, 0, '136<main.rpyeffect:126([mcore:[#26]#343])>+0: {"op": "PrimOp". "name": "infixAdd(Int. Int): Int". "out": {"num": [0]. "ptr": []}. "in": {"num": [1. 0]. "ptr": []}}')
+496: i49 = int_add(i48, i1)
debug_merge_point(0, 0, '136<main.rpyeffect:126([mcore:[#26]#343])>+1: {"op": "Return". "args": {"num": [0]. "ptr": []}}')
debug_merge_point(0, 0, '240<main.rpyeffect:230([k@[k@[#667]#669]#671])>+0: {"op": "Push". "target": 239. "args": {"num": [1. 2. 3. 4]. "ptr": []}}')
debug_merge_point(0, 0, '240<main.rpyeffect:230([k@[k@[#667]#669]#671])>+1: {"op": "Jump". "target": 19}')
debug_merge_point(0, 0, '19<main.rpyeffect:9(Name(=_0))>+0: {"op": "New". "out": 0. "targets": [12. 14. 16. 18]. "args": {"num": [0]. "ptr": []}}')
debug_merge_point(0, 0, '19<main.rpyeffect:9(Name(=_0))>+1: {"op": "Return". "args": {"num": []. "ptr": [0]}}')
debug_merge_point(0, 0, '239<main.rpyeffect:229([k@[k@[k@[#667]#669]#671]#673])>+0: {"op": "Push". "target": 238. "args": {"num": [0. 1. 2]. "ptr": []}}')
debug_merge_point(0, 0, '239<main.rpyeffect:229([k@[k@[k@[#667]#669]#671]#673])>+1: {"op": "Copy". "type": "num". "from": 3. "to". 0}')
debug_merge_point(0, 0, '239<main.rpyeffect:229([k@[k@[k@[#667]#669]#671]#673])>+2: {"op": "Invoke". "receiver": 0. "tag": Interned(%apply(n):n). "args" : {"num": [0]. "ptr": []}}')
debug_merge_point(0, 0, '12<main.rpyeffect:2([method_%apply(n):n@Name(=_0)#7])>+0: {"op": "Jump". "target": 10}')
debug_merge_point(0, 0, '10<main.rpyeffect:0([mcore:[#15]#3])>+0: {"op": "PrimOp". "name": "infixEq(Int. Int): Boolean". "out": {"num": [0]. "ptr": []}. "in": {"num": [1. 0]. "ptr": []}}')
+504: i50 = int_eq(i49, i46)
guard_false(i50, descr=<Guard0x12808e2a0>) [p0, i1, i2, i3, i4, i5, i6, i7, i8, i9, i10, i11, i12, i13, i14, i15, i16, p17, p18, p19, p20, p21, p22, p23, p24, p25, p26, p27, p28, p29, p30, p31, p32, p33, p34, p35]
debug_merge_point(0, 0, '10<main.rpyeffect:0([mcore:[#15]#3])>+1: {"op": "Return". "args": {"num": [0]. "ptr": []}}')
debug_merge_point(0, 0, '238<main.rpyeffect:228([k@[k@[k@[k@[#667]#669]#671]#673]#675])>+0: {"op": "Switch". "scrutinee": 0. "values": [1]. "targets": [233]. "default": 237}')
+512: guard_nonnull(p47, descr=<Guard0x12808e260>) [p0, i1, i2, i3, i4, i5, i6, i7, i8, i9, i10, i11, i12, i13, i14, i15, i16, p17, p18, p19, p20, p21, p22, p23, p24, p25, p26, p27, p28, p29, p30, p31, p32, p33, p34, p35]
+520: i51 = getfield_gc_i(p47, descr=<FieldS rpyeffect.stored_environment.Stack__arb_arb.inst_target 16 pure>)
+524: guard_value(i51, 310, descr=<Guard0x12808e220>) [p0, i1, i2, i3, i4, i5, i6, i7, i8, i9, i10, i11, i12, i13, i14, i15, i16, p17, p18, p19, p20, p21, p22, p23, p24, p25, p26, p27, p28, p29, p30, p31, p32, p33, p34, p35]
debug_merge_point(0, 0, '237<main.rpyeffect:227([switch default case#678])>+0: {"op": "Switch". "scrutinee": 0. "values": [0]. "targets": [235]. "default": 236}')
debug_merge_point(0, 0, '235<main.rpyeffect:225([switch case for 0#679])>+0: {"op": "Const". "type": "num". "out": 0. "value": 0}')
debug_merge_point(0, 0, '235<main.rpyeffect:225([switch case for 0#679])>+1: {"op": "Const". "type": "ptr". "out": 0. "format": "string". "value": "Name(Fail_1)"}')
debug_merge_point(0, 0, '235<main.rpyeffect:225([switch case for 0#679])>+2: {"op": "PrimOp". "name": "getGlobal(String): Ptr". "out": {"num": []. "ptr": [0]}. "in": {"num": []. "ptr": [0]}}')
debug_merge_point(0, 0, '235<main.rpyeffect:225([switch case for 0#679])>+3: {"op": "GetDynamic". "out": 0. "n": 0. "label": 0}')
+536: guard_nonnull(p35, descr=<Guard0x12808e1e0>) [p0, i1, i2, i3, i4, i5, i6, i7, i8, i9, i10, i11, i12, i13, i14, i15, i16, p17, p18, p19, p20, p21, p22, p23, p24, p25, p26, p27, p28, p29, p30, p31, p32, p33, p34, p35]
+552: i54 = instance_ptr_eq(p32, ConstPtr(ptr53))
guard_false(i54, descr=<Guard0x12808e1a0>) [p0, i1, i2, i3, i4, i5, i6, i7, i8, i9, i10, i11, i12, i13, i14, i15, i16, p17, p18, p19, p20, p21, p22, p23, p24, p25, p26, p27, p28, p29, p30, p31, p32, p33, p34, p35]
+564: guard_nonnull_class(p34, ConstClass(MetaStackWithBinding), descr=<Guard0x128087db0>) [p0, i1, i2, i3, i4, i5, i6, i7, i8, i9, i10, i11, i12, i13, i14, i15, i16, p17, p18, p19, p20, p21, p22, p23, p24, p25, p26, p27, p28, p29, p30, p31, p32, p33, p34, p35]
+592: p56 = getfield_gc_r(p34, descr=<FieldP rpyeffect.stack.MetaStack.inst_label 16 pure>)
+596: i58 = instance_ptr_eq(p56, ConstPtr(ptr57))
guard_true(i58, descr=<Guard0x12808e160>) [p0, i1, i2, i3, i4, i5, i6, i7, i8, i9, i10, i11, i12, i13, i14, i15, i16, p17, p18, p19, p20, p21, p22, p23, p24, p25, p26, p27, p28, p29, p30, p31, p32, p33, p34, p35]
+604: p59 = getfield_gc_r(p34, descr=<FieldP rpyeffect.stack.MetaStackWithBinding.inst_binding 40 pure>)
debug_merge_point(0, 0, '235<main.rpyeffect:225([switch case for 0#679])>+4: {"op": "Construct". "out": 1. "type": Interned({"op": "eff$Tuple". "elements": []}). "tag": Interned({"op": "eff$Tuple". "elements": []}). "args": {"num": []. "ptr": []}}')
debug_merge_point(0, 0, '235<main.rpyeffect:225([switch case for 0#679])>+5: {"op": "Push". "target": 234. "args": {"num": []. "ptr": []}}')
debug_merge_point(0, 0, '235<main.rpyeffect:225([switch case for 0#679])>+6: {"op": "Swap". "type": "ptr". "a": 1. "b". 0}')
debug_merge_point(0, 0, '235<main.rpyeffect:225([switch case for 0#679])>+7: {"op": "Invoke". "receiver": 1. "tag": Interned(%Fail_1(p):p). "args" : {"num": []. "ptr": [0]}}')
+608: p60 = getfield_gc_r(p59, descr=<FieldP rpyeffect.stored_environment.CoData__arb_arb.inst_vtable 24 pure>)
+616: guard_value(p60, ConstPtr(ptr61), descr=<Guard0x12808e120>) [p0, i1, i2, i3, i4, i5, i6, i7, i8, i9, i10, i11, i12, i13, i14, i15, i16, p17, p18, p19, p20, p21, p22, p23, p24, p25, p26, p27, p28, p29, p30, p31, p32, p33, p34, p35]
+624: p62 = getfield_gc_r(p59, descr=<FieldP rpyeffect.stored_environment.CoData__0_1.inst_values_ptr_0 32 pure>)
debug_merge_point(0, 0, '282<main.rpyeffect:272([method_%Fail_1(p):p@[mcore:[#56]#774]#779])>+0: {"op": "Const". "type": "num". "out": 0. "value": 0}')
debug_merge_point(0, 0, '282<main.rpyeffect:272([method_%Fail_1(p):p@[mcore:[#56]#774]#779])>+1: {"op": "ShiftDyn". "out": 1. "n": 0. "label": 1}')
+628: i63 = instance_ptr_eq(p32, p62)
guard_false(i63, descr=<Guard0x12808e0e0>) [p0, i1, i2, i3, i4, i5, i6, i7, i8, i9, i10, i11, i12, i13, i14, i15, i16, p17, p18, p19, p20, p21, p22, p23, p24, p25, p26, p27, p28, p29, p30, p31, p32, p33, p34, p35]
+636: p64 = getfield_gc_r(p34, descr=<FieldP rpyeffect.stack.MetaStack.inst_region 24 pure>)
+640: guard_isnull(p64, descr=<Guard0x12808e0a0>) [p0, i1, i2, i3, i4, i5, i6, i7, i8, i9, i10, i11, i12, i13, i14, i15, i16, p17, p18, p19, p20, p21, p22, p23, p24, p25, p26, p27, p28, p29, p30, p31, p32, p33, p34, p35]
+648: i65 = instance_ptr_eq(p56, p62)
guard_false(i65, descr=<Guard0x12808e060>) [p0, i1, i2, i3, i4, i5, i6, i7, i8, i9, i10, i11, i12, i13, i14, i15, i16, p17, p18, p19, p20, p21, p22, p23, p24, p25, p26, p27, p28, p29, p30, p31, p32, p33, p34, p35]
+656: p66 = getfield_gc_r(p34, descr=<FieldP rpyeffect.stack.MetaStack.inst_tail 32 pure>)
+660: p67 = getfield_gc_r(p66, descr=<FieldP rpyeffect.stack.MetaStack.inst_region 24 pure>)
+664: guard_isnull(p67, descr=<Guard0x12808e020>) [p0, i1, i2, i3, i4, i5, i6, i7, i8, i9, i10, i11, i12, i13, i14, i15, i16, p17, p18, p19, p20, p21, p22, p23, p24, p25, p26, p27, p28, p29, p30, p31, p32, p33, p34, p35]
+672: p68 = getfield_gc_r(p66, descr=<FieldP rpyeffect.stack.MetaStack.inst_label 16 pure>)
+676: i69 = instance_ptr_eq(p68, p62)
guard_true(i69, descr=<Guard0x138449fa0>) [p0, i1, i2, i3, i4, i5, i6, i7, i8, i9, i10, i11, i12, i13, i14, i15, i16, p17, p18, p19, p20, p21, p22, p23, p24, p25, p26, p27, p28, p29, p30, p31, p32, p33, p34, p35]
+684: p70 = getfield_gc_r(p66, descr=<FieldP rpyeffect.stack.MetaStackLike.inst_stack 8 pure>)
+688: guard_class(p66, 4373753536, descr=<Guard0x138449f60>) [p0, i1, i2, i3, i4, i5, i6, i7, i8, i9, i10, i11, i12, i13, i14, i15, i16, p17, p18, p19, p20, p21, p22, p23, p24, p25, p26, p27, p28, p29, p30, p31, p32, p33, p34, p35]
+704: p72 = getfield_gc_r(p66, descr=<FieldP rpyeffect.stack.MetaStack.inst_tail 32 pure>)
+708: p73 = getfield_gc_r(p34, descr=<FieldP rpyeffect.stack.MetaStackLike.inst_stack 8 pure>)
+712: guard_nonnull_class(p72, 4373753536, descr=<Guard0x128087d58>) [p0, i1, i2, i3, i4, i5, i6, i7, i8, i9, i10, i11, i12, i13, i14, i15, i16, p17, p18, p19, p20, p21, p22, p23, p24, p25, p26, p27, p28, p29, p30, p31, p32, p33, p34, p35]
+736: p75 = getfield_gc_r(p72, descr=<FieldP rpyeffect.stack.MetaStackLike.inst_stack 8 pure>)
+740: p76 = getfield_gc_r(p72, descr=<FieldP rpyeffect.stack.MetaStack.inst_label 16 pure>)
+744: p77 = getfield_gc_r(p72, descr=<FieldP rpyeffect.stack.MetaStack.inst_tail 32 pure>)
+748: guard_nonnull(p75, descr=<Guard0x138449f20>) [p0, i1, i2, i3, i4, i5, i6, i7, i8, i9, i10, i11, i12, i13, i14, i15, i16, p17, p18, p19, p20, p21, p22, p23, p24, p25, p26, p27, p28, p29, p30, p31, p32, p33, p34, p35]
+756: i78 = getfield_gc_i(p75, descr=<FieldS rpyeffect.stored_environment.Stack__arb_arb.inst_target 16 pure>)
+760: guard_value(i78, 294, descr=<Guard0x138449ee0>) [p0, i1, i2, i3, i4, i5, i6, i7, i8, i9, i10, i11, i12, i13, i14, i15, i16, p17, p18, p19, p20, p21, p22, p23, p24, p25, p26, p27, p28, p29, p30, p31, p32, p33, p34, p35]
debug_merge_point(0, 0, '282<main.rpyeffect:272([method_%Fail_1(p):p@[mcore:[#56]#774]#779])>+2: {"op": "Match". "type": Interned({"op": "eff$Tuple". "elements": []}). "scrutinee": 0. "clauses": [{"tag": Interned({"op": "eff$Tuple". "elements": []}). "target": 281. "args": {"num": []. "ptr": []}}]. "default": {"tag": Interned(c1ad4e97-e16b-4180-ac28-d851f2c5f77a#[Missing Tag#1079]). "target": 280. "args": {"num": []. "ptr": []}}}')
debug_merge_point(0, 0, '281<main.rpyeffect:271([#790])>+0: {"op": "Const". "type": "num". "out": 0. "value": 0}')
debug_merge_point(0, 0, '281<main.rpyeffect:271([#790])>+1: {"op": "Return". "args": {"num": [0]. "ptr": []}}')
+772: p80 = getfield_gc_r(p75, descr=<FieldP rpyeffect.stored_environment.Stack__0_1.inst_values_ptr_0 40 pure>)
+776: p81 = getfield_gc_r(p75, descr=<FieldP rpyeffect.stored_environment.Stack__arb_arb.inst_tail 8 pure>)
debug_merge_point(0, 0, '294<main.rpyeffect:284([k@[#823]#827])>+0: {"op": "Const". "type": "num". "out": 1. "value": 0}')
debug_merge_point(0, 0, '294<main.rpyeffect:284([k@[#823]#827])>+1: {"op": "Push". "target": 293. "args": {"num": [0]. "ptr": []}}')
debug_merge_point(0, 0, '294<main.rpyeffect:284([k@[#823]#827])>+2: {"op": "Copy". "type": "num". "from": 1. "to". 0}')
debug_merge_point(0, 0, '294<main.rpyeffect:284([k@[#823]#827])>+3: {"op": "Jump". "target": 277}')
debug_merge_point(0, 0, '277<main.rpyeffect:267(Name(k_145))>+0: {"op": "PushStack". "arg": 0}')
+780: guard_nonnull_class(p80, ConstClass(MetaStackWithBinding), descr=<Guard0x128087ca8>) [p0, i1, i2, i3, i4, i5, i6, i7, i8, i9, i10, i11, i12, i13, i14, i15, i16, p17, p18, p19, p20, p21, p22, p23, p24, p25, p26, p27, p28, p29, p30, p31, p32, p33, p34, p35]
+804: p83 = getfield_gc_r(p80, descr=<FieldP rpyeffect.stack.MetaStack.inst_region 24 pure>)
+812: guard_isnull(p83, descr=<Guard0x12808e520>) [p0, i1, i2, i3, i4, i5, i6, i7, i8, i9, i10, i11, i12, i13, i14, i15, i16, p17, p18, p19, p20, p21, p22, p23, p24, p25, p26, p27, p28, p29, p30, p31, p32, p33, p34, p35]
+820: p84 = getfield_gc_r(p80, descr=<FieldP rpyeffect.stack.MetaStackLike.inst_stack 8 pure>)
+824: p85 = getfield_gc_r(p80, descr=<FieldP rpyeffect.stack.MetaStack.inst_tail 32 pure>)
+832: guard_nonnull_class(p85, ConstClass(MetaStackWithBinding), descr=<Guard0x128087e08>) [p0, i1, i2, i3, i4, i5, i6, i7, i8, i9, i10, i11, i12, i13, i14, i15, i16, p17, p18, p19, p20, p21, p22, p23, p24, p25, p26, p27, p28, p29, p30, p31, p32, p33, p34, p35]
+856: p87 = getfield_gc_r(p85, descr=<FieldP rpyeffect.stack.MetaStack.inst_region 24 pure>)
+860: guard_isnull(p87, descr=<Guard0x12808e560>) [p0, i1, i2, i3, i4, i5, i6, i7, i8, i9, i10, i11, i12, i13, i14, i15, i16, p17, p18, p19, p20, p21, p22, p23, p24, p25, p26, p27, p28, p29, p30, p31, p32, p33, p34, p35]
+868: p88 = getfield_gc_r(p85, descr=<FieldP rpyeffect.stack.MetaStackLike.inst_stack 8 pure>)
+872: p89 = getfield_gc_r(p85, descr=<FieldP rpyeffect.stack.MetaStack.inst_tail 32 pure>)
+880: guard_nonnull_class(p89, 4373753536, descr=<Guard0x128087e60>) [p0, i1, i2, i3, i4, i5, i6, i7, i8, i9, i10, i11, i12, i13, i14, i15, i16, p17, p18, p19, p20, p21, p22, p23, p24, p25, p26, p27, p28, p29, p30, p31, p32, p33, p34, p35]
+904: p91 = getfield_gc_r(p89, descr=<FieldP rpyeffect.stack.MetaStack.inst_region 24 pure>)
+908: guard_isnull(p91, descr=<Guard0x12808e5a0>) [p0, i1, i2, i3, i4, i5, i6, i7, i8, i9, i10, i11, i12, i13, i14, i15, i16, p17, p18, p19, p20, p21, p22, p23, p24, p25, p26, p27, p28, p29, p30, p31, p32, p33, p34, p35]
+916: p92 = getfield_gc_r(p89, descr=<FieldP rpyeffect.stack.MetaStackLike.inst_stack 8 pure>)
+920: p93 = getfield_gc_r(p89, descr=<FieldP rpyeffect.stack.MetaStack.inst_tail 32 pure>)
+924: guard_isnull(p93, descr=<Guard0x12808e5e0>) [p0, i1, i2, i3, i4, i5, i6, i7, i8, i9, i10, i11, i12, i13, i14, i15, i16, p17, p18, p19, p20, p21, p22, p23, p24, p25, p26, p27, p28, p29, p30, p31, p32, p33, p34, p35]
+932: p94 = getfield_gc_r(p89, descr=<FieldP rpyeffect.stack.MetaStack.inst_label 16 pure>)
+936: p95 = getfield_gc_r(p85, descr=<FieldP rpyeffect.stack.MetaStack.inst_label 16 pure>)
+940: p96 = getfield_gc_r(p85, descr=<FieldP rpyeffect.stack.MetaStackWithBinding.inst_binding 40 pure>)
+944: guard_nonnull(p96, descr=<Guard0x12808e620>) [p0, i1, i2, i3, i4, i5, i6, i7, i8, i9, i10, i11, i12, i13, i14, i15, i16, p17, p18, p19, p20, p21, p22, p23, p24, p25, p26, p27, p28, p29, p30, p31, p32, p33, p34, p35]
+952: p97 = getfield_gc_r(p80, descr=<FieldP rpyeffect.stack.MetaStack.inst_label 16 pure>)
+960: p98 = getfield_gc_r(p80, descr=<FieldP rpyeffect.stack.MetaStackWithBinding.inst_binding 40 pure>)
+968: guard_nonnull(p98, descr=<Guard0x12808e660>) [p0, i1, i2, i3, i4, i5, i6, i7, i8, i9, i10, i11, i12, i13, i14, i15, i16, p17, p18, p19, p20, p21, p22, p23, p24, p25, p26, p27, p28, p29, p30, p31, p32, p33, p34, p35]
+976: guard_nonnull(p84, descr=<Guard0x12808e6a0>) [p0, i1, i2, i3, i4, i5, i6, i7, i8, i9, i10, i11, i12, i13, i14, i15, i16, p17, p18, p19, p20, p21, p22, p23, p24, p25, p26, p27, p28, p29, p30, p31, p32, p33, p34, p35]
+984: i99 = getfield_gc_i(p84, descr=<FieldS rpyeffect.stored_environment.Stack__arb_arb.inst_target 16 pure>)
+992: guard_value(i99, 220, descr=<Guard0x12808e6e0>) [p0, i1, i2, i3, i4, i5, i6, i7, i8, i9, i10, i11, i12, i13, i14, i15, i16, p17, p18, p19, p20, p21, p22, p23, p24, p25, p26, p27, p28, p29, p30, p31, p32, p33, p34, p35]
debug_merge_point(0, 0, '277<main.rpyeffect:267(Name(k_145))>+1: {"op": "Return". "args": {"num": [0]. "ptr": []}}')
+1004: i101 = getfield_gc_i(p84, descr=<FieldS rpyeffect.stored_environment.Stack__1_0.inst_values_num_0 40 pure>)
+1008: p102 = getfield_gc_r(p84, descr=<FieldP rpyeffect.stored_environment.Stack__arb_arb.inst_tail 8 pure>)
+1012: guard_nonnull(p102, descr=<Guard0x12808e720>) [p0, i1, i2, i3, i4, i5, i6, i7, i8, i9, i10, i11, i12, i13, i14, i15, i16, p17, p18, p19, p20, p21, p22, p23, p24, p25, p26, p27, p28, p29, p30, p31, p32, p33, p34, p35]
+1020: i103 = getfield_gc_i(p102, descr=<FieldS rpyeffect.stored_environment.Stack__arb_arb.inst_target 16 pure>)
+1028: guard_value(i103, 209, descr=<Guard0x12808e760>) [p0, i1, i2, i3, i4, i5, i6, i7, i8, i9, i10, i11, i12, i13, i14, i15, i16, p17, p18, p19, p20, p21, p22, p23, p24, p25, p26, p27, p28, p29, p30, p31, p32, p33, p34, p35]
debug_merge_point(0, 0, '220<main.rpyeffect:210([k@[switch case for 0#562]#572])>+0: {"op": "Swap". "type": "num". "a": 1. "b". 0}')
+1040: p105 = new_with_vtable(descr=<SizeDescr 48>)
+1148: p106 = new_with_vtable(descr=<SizeDescr 40>)
+1164: setfield_gc(p106, p92, descr=<FieldP rpyeffect.stack.MetaStackLike.inst_stack 8 pure>)
+1168: setfield_gc(p106, p94, descr=<FieldP rpyeffect.stack.MetaStack.inst_label 16 pure>)
+1176: setfield_gc(p106, ConstPtr(null), descr=<FieldP rpyeffect.stack.MetaStack.inst_region 24 pure>)
+1184: p108 = new_with_vtable(descr=<SizeDescr 40>)
+1196: p109 = new_with_vtable(descr=<SizeDescr 48>)
+1212: setfield_gc(p109, p81, descr=<FieldP rpyeffect.stored_environment.Stack__arb_arb.inst_tail 8 pure>)
+1216: setfield_gc(p109, 293, descr=<FieldS rpyeffect.stored_environment.Stack__arb_arb.inst_target 16 pure>)
+1224: setfield_gc(p109, 0, descr=<FieldS rpyeffect.stored_environment.Stack__1_0.inst_values_num_0 40 pure>)
+1232: setfield_gc(p108, p109, descr=<FieldP rpyeffect.stack.MetaStackLike.inst_stack 8 pure>)
+1236: setfield_gc(p108, p76, descr=<FieldP rpyeffect.stack.MetaStack.inst_label 16 pure>)
+1240: setfield_gc(p108, ConstPtr(null), descr=<FieldP rpyeffect.stack.MetaStack.inst_region 24 pure>)
+1248: setfield_gc(p108, p77, descr=<FieldP rpyeffect.stack.MetaStack.inst_tail 32 pure>)
+1252: setfield_gc(p106, p108, descr=<FieldP rpyeffect.stack.MetaStack.inst_tail 32 pure>)
+1256: p113 = new_with_vtable(descr=<SizeDescr 48>)
+1268: p114 = new_with_vtable(descr=<SizeDescr 40>)
+1280: setfield_gc(p114, p47, descr=<FieldP rpyeffect.stored_environment.Stack__arb_arb.inst_tail 8 pure>)
+1284: setfield_gc(p114, 234, descr=<FieldS rpyeffect.stored_environment.Stack__arb_arb.inst_target 16 pure>)
+1292: setfield_gc(p105, p88, descr=<FieldP rpyeffect.stack.MetaStackLike.inst_stack 8 pure>)
+1296: setfield_gc(p105, p95, descr=<FieldP rpyeffect.stack.MetaStack.inst_label 16 pure>)
+1300: setfield_gc(p105, ConstPtr(null), descr=<FieldP rpyeffect.stack.MetaStack.inst_region 24 pure>)
+1308: p117 = new_with_vtable(descr=<SizeDescr 48>)
+1320: setfield_gc(p117, p73, descr=<FieldP rpyeffect.stack.MetaStackLike.inst_stack 8 pure>)
+1324: setfield_gc(p117, p56, descr=<FieldP rpyeffect.stack.MetaStack.inst_label 16 pure>)
+1328: setfield_gc(p117, ConstPtr(null), descr=<FieldP rpyeffect.stack.MetaStack.inst_region 24 pure>)
+1336: p119 = new_with_vtable(descr=<SizeDescr 40>)
+1348: setfield_gc(p119, p70, descr=<FieldP rpyeffect.stack.MetaStackLike.inst_stack 8 pure>)
+1352: setfield_gc(p119, p68, descr=<FieldP rpyeffect.stack.MetaStack.inst_label 16 pure>)
+1356: setfield_gc(p119, ConstPtr(null), descr=<FieldP rpyeffect.stack.MetaStack.inst_region 24 pure>)
+1364: setfield_gc(p119, ConstPtr(null), descr=<FieldP rpyeffect.stack.MetaStack.inst_tail 32 pure>)
+1372: setfield_gc(p117, p119, descr=<FieldP rpyeffect.stack.MetaStack.inst_tail 32 pure>)
+1376: setfield_gc(p117, p59, descr=<FieldP rpyeffect.stack.MetaStackWithBinding.inst_binding 40 pure>)
+1380: setfield_gc(p105, p106, descr=<FieldP rpyeffect.stack.MetaStack.inst_tail 32 pure>)
+1384: setfield_gc(p105, p96, descr=<FieldP rpyeffect.stack.MetaStackWithBinding.inst_binding 40 pure>)
+1392: setfield_gc(p113, p32, descr=<FieldP rpyeffect.stack.MetaStack.inst_label 16 pure>)
+1400: setfield_gc(p113, p35, descr=<FieldP rpyeffect.stack.MetaStackWithBinding.inst_binding 40 pure>)
+1408: setfield_gc(p113, ConstPtr(null), descr=<FieldP rpyeffect.stack.MetaStack.inst_region 24 pure>)
+1416: setfield_gc(p113, p117, descr=<FieldP rpyeffect.stack.MetaStack.inst_tail 32 pure>)
+1420: setfield_gc(p113, p114, descr=<FieldP rpyeffect.stack.MetaStackLike.inst_stack 8 pure>)
+1456: jump(p97, p102, p0, p105, p98, 0, i101, i45, i1, i46, i6, i7, i8, i9, i10, i11, i12, i13, i14, i15, i16, p80, p113, p18, p19, p20, p21, p22, p23, p24, p25, p26, p27, p28, p29, p30, p31, descr=TargetToken(5238635584))
+1808: --end of the loop--
[cf0aee] jit-log-opt-bridge}
[dfbd2e] {jit-log-opt-loop
# Loop 6 (293<main.rpyeffect:283([k@[k@[#823]#827]#831])>+1: {"op": "Copy", "type": "num", "from": 1, "to", 0}) : loop with 110 ops
[p0, p1, p2, p3, p4]
+216: p5 = getfield_gc_r(p2, descr=<FieldP rpyeffect.environment.Environment.inst_values_num 16>)
+224: i7 = getarrayitem_gc_i(p5, 0, descr=<ArrayS 8>)
+228: i9 = getarrayitem_gc_i(p5, 1, descr=<ArrayS 8>)
+232: i11 = getarrayitem_gc_i(p5, 2, descr=<ArrayS 8>)
+236: i13 = getarrayitem_gc_i(p5, 3, descr=<ArrayS 8>)
+240: i15 = getarrayitem_gc_i(p5, 4, descr=<ArrayS 8>)
+244: i17 = getarrayitem_gc_i(p5, 5, descr=<ArrayS 8>)
+248: i19 = getarrayitem_gc_i(p5, 6, descr=<ArrayS 8>)
+252: i21 = getarrayitem_gc_i(p5, 7, descr=<ArrayS 8>)
+256: i23 = getarrayitem_gc_i(p5, 8, descr=<ArrayS 8>)
+260: i25 = getarrayitem_gc_i(p5, 9, descr=<ArrayS 8>)
+264: i27 = getarrayitem_gc_i(p5, 10, descr=<ArrayS 8>)
+268: i29 = getarrayitem_gc_i(p5, 11, descr=<ArrayS 8>)
+272: i31 = getarrayitem_gc_i(p5, 12, descr=<ArrayS 8>)
+276: i33 = getarrayitem_gc_i(p5, 13, descr=<ArrayS 8>)
+280: i35 = getarrayitem_gc_i(p5, 14, descr=<ArrayS 8>)
+288: i37 = getarrayitem_gc_i(p5, 15, descr=<ArrayS 8>)
+292: p38 = getfield_gc_r(p2, descr=<FieldP rpyeffect.environment.Environment.inst_values_ptr 24>)
+296: p40 = getarrayitem_gc_r(p38, 0, descr=<ArrayP 8>)
+304: p42 = getarrayitem_gc_r(p38, 1, descr=<ArrayP 8>)
+312: p44 = getarrayitem_gc_r(p38, 2, descr=<ArrayP 8>)
+320: p46 = getarrayitem_gc_r(p38, 3, descr=<ArrayP 8>)
+328: p48 = getarrayitem_gc_r(p38, 4, descr=<ArrayP 8>)
+336: p50 = getarrayitem_gc_r(p38, 5, descr=<ArrayP 8>)
+344: p52 = getarrayitem_gc_r(p38, 6, descr=<ArrayP 8>)
+352: p54 = getarrayitem_gc_r(p38, 7, descr=<ArrayP 8>)
+360: p56 = getarrayitem_gc_r(p38, 8, descr=<ArrayP 8>)
+368: p58 = getarrayitem_gc_r(p38, 9, descr=<ArrayP 8>)
+376: p60 = getarrayitem_gc_r(p38, 10, descr=<ArrayP 8>)
+384: p62 = getarrayitem_gc_r(p38, 11, descr=<ArrayP 8>)
+392: p64 = getarrayitem_gc_r(p38, 12, descr=<ArrayP 8>)
+400: p66 = getarrayitem_gc_r(p38, 13, descr=<ArrayP 8>)
+408: p68 = getarrayitem_gc_r(p38, 14, descr=<ArrayP 8>)
+416: p70 = getarrayitem_gc_r(p38, 15, descr=<ArrayP 8>)
+420: label(p0, p1, p2, p3, p4, i7, i9, i11, i13, i15, i17, i19, i21, i23, i25, i27, i29, i31, i33, i35, i37, p40, p42, p44, p46, p48, p50, p52, p54, p56, p58, p60, p62, p64, p66, p68, p70, descr=TargetToken(4966633888))
debug_merge_point(0, 0, '293<main.rpyeffect:283([k@[k@[#823]#827]#831])>+1: {"op": "Copy". "type": "num". "from": 1. "to". 0}')
+480: guard_not_invalidated(descr=<Guard0x128087f10>) [p2, i7, i9, i11, i13, i15, i17, i19, i21, i23, i25, i27, i29, i31, i33, i35, i37, p40, p42, p44, p46, p48, p50, p52, p54, p56, p58, p60, p62, p64, p66, p68, p70, p0, p1, p3, p4]
debug_merge_point(0, 0, '293<main.rpyeffect:283([k@[k@[#823]#827]#831])>+2: {"op": "Jump". "target": 145}')
+484: guard_nonnull(p1, descr=<Guard0x12808e8a0>) [p2, i7, i9, i11, i13, i15, i17, i19, i21, i23, i25, i27, i29, i31, i33, i35, i37, p40, p42, p44, p46, p48, p50, p52, p54, p56, p58, p60, p62, p64, p66, p68, p70, p0, p1, p3, p4]
+496: i71 = getfield_gc_i(p1, descr=<FieldS rpyeffect.stored_environment.Stack__arb_arb.inst_target 16 pure>)
+504: guard_value(i71, 292, descr=<Guard0x12808e860>) [p2, i7, i9, i11, i13, i15, i17, i19, i21, i23, i25, i27, i29, i31, i33, i35, i37, p40, p42, p44, p46, p48, p50, p52, p54, p56, p58, p60, p62, p64, p66, p68, p70, p0, p1, p3, p4]
debug_merge_point(0, 0, '145<main.rpyeffect:135(Name(+_27))>+0: {"op": "New". "out": 0. "targets": [138. 140. 142. 144]. "args": {"num": [0]. "ptr": []}}')
debug_merge_point(0, 0, '145<main.rpyeffect:135(Name(+_27))>+1: {"op": "Return". "args": {"num": []. "ptr": [0]}}')
+516: i73 = getfield_gc_i(p1, descr=<FieldS rpyeffect.stored_environment.Stack__1_0.inst_values_num_0 40 pure>)
+520: p74 = getfield_gc_r(p1, descr=<FieldP rpyeffect.stored_environment.Stack__arb_arb.inst_tail 8 pure>)
debug_merge_point(0, 0, '292<main.rpyeffect:282([k@[k@[k@[#823]#827]#831]#833])>+0: {"op": "Push". "target": 291. "args": {"num": []. "ptr": []}}')
debug_merge_point(0, 0, '292<main.rpyeffect:282([k@[k@[k@[#823]#827]#831]#833])>+1: {"op": "Invoke". "receiver": 0. "tag": Interned(%apply(n):n). "args" : {"num": [0]. "ptr": []}}')
debug_merge_point(0, 0, '138<main.rpyeffect:128([method_%apply(n):n@Name(+_27)#347])>+0: {"op": "Jump". "target": 136}')
debug_merge_point(0, 0, '136<main.rpyeffect:126([mcore:[#26]#343])>+0: {"op": "PrimOp". "name": "infixAdd(Int. Int): Int". "out": {"num": [0]. "ptr": []}. "in": {"num": [1. 0]. "ptr": []}}')
+524: i75 = int_add(i9, i73)
debug_merge_point(0, 0, '136<main.rpyeffect:126([mcore:[#26]#343])>+1: {"op": "Return". "args": {"num": [0]. "ptr": []}}')
debug_merge_point(0, 0, '291<main.rpyeffect:281([k@[k@[k@[k@[#823]#827]#831]#833]#835])>+0: {"op": "Push". "target": 290. "args": {"num": []. "ptr": []}}')
debug_merge_point(0, 0, '291<main.rpyeffect:281([k@[k@[k@[k@[#823]#827]#831]#833]#835])>+1: {"op": "Jump". "target": 165}')
debug_merge_point(0, 0, '165<main.rpyeffect:155(Name(mod_29))>+0: {"op": "New". "out": 0. "targets": [158. 160. 162. 164]. "args": {"num": [0]. "ptr": []}}')
debug_merge_point(0, 0, '165<main.rpyeffect:155(Name(mod_29))>+1: {"op": "Return". "args": {"num": []. "ptr": [0]}}')
debug_merge_point(0, 0, '290<main.rpyeffect:280([#837])>+0: {"op": "Const". "type": "num". "out": 0. "value": 1000000007}')
debug_merge_point(0, 0, '290<main.rpyeffect:280([#837])>+1: {"op": "Invoke". "receiver": 0. "tag": Interned(%apply(n):n). "args" : {"num": [0]. "ptr": []}}')
+528: guard_nonnull(p74, descr=<Guard0x12808e820>) [p2, i7, i9, i11, i13, i15, i17, i19, i21, i23, i25, i27, i29, i31, i33, i35, i37, p40, p42, p44, p46, p48, p50, p52, p54, p56, p58, p60, p62, p64, p66, p68, p70, p0, p1, p3, p4]
+536: i76 = getfield_gc_i(p74, descr=<FieldS rpyeffect.stored_environment.Stack__arb_arb.inst_target 16 pure>)
+540: guard_value(i76, 293, descr=<Guard0x12808e7e0>) [p2, i7, i9, i11, i13, i15, i17, i19, i21, i23, i25, i27, i29, i31, i33, i35, i37, p40, p42, p44, p46, p48, p50, p52, p54, p56, p58, p60, p62, p64, p66, p68, p70, p0, p1, p3, p4]
debug_merge_point(0, 0, '158<main.rpyeffect:148([method_%apply(n):n@Name(mod_29)#407])>+0: {"op": "Jump". "target": 156}')
debug_merge_point(0, 0, '156<main.rpyeffect:146([mcore:[#28]#403])>+0: {"op": "PrimOp". "name": "mod(Int. Int): Int". "out": {"num": [0]. "ptr": []}. "in": {"num": [1. 0]. "ptr": []}}')
+552: i79 = int_rshift(i75, 63)
+560: i80 = int_xor(i75, i79)
+564: i82 = uint_mul_high(i80, -8543223828751151131)
+584: i84 = uint_rshift(i82, 29)
+592: i85 = int_xor(i84, i79)
+596: i87 = int_mul(i85, 1000000007)
+608: i88 = int_sub(i75, i87)
debug_merge_point(0, 0, '156<main.rpyeffect:146([mcore:[#28]#403])>+1: {"op": "Return". "args": {"num": [0]. "ptr": []}}')
+612: i89 = getfield_gc_i(p74, descr=<FieldS rpyeffect.stored_environment.Stack__1_0.inst_values_num_0 40 pure>)
+616: p90 = getfield_gc_r(p74, descr=<FieldP rpyeffect.stored_environment.Stack__arb_arb.inst_tail 8 pure>)
debug_merge_point(0, 0, '293<main.rpyeffect:283([k@[k@[#823]#827]#831])>+0: {"op": "Push". "target": 292. "args": {"num": [0]. "ptr": []}}')
debug_merge_point(0, 0, '293<main.rpyeffect:283([k@[k@[#823]#827]#831])>+1: {"op": "Copy". "type": "num". "from": 1. "to". 0}')
+620: label(p0, p90, i88, p2, p3, p4, i89, i11, i13, i15, i17, i19, i21, i23, i25, i27, i29, i31, i33, i35, i37, i75, p42, p44, p46, p48, p50, p52, p54, p56, p58, p60, p62, p64, p66, p68, p70, descr=TargetToken(4966777904))
debug_merge_point(0, 0, '293<main.rpyeffect:283([k@[k@[#823]#827]#831])>+1: {"op": "Copy". "type": "num". "from": 1. "to". 0}')
+624: guard_not_invalidated(descr=<Guard0x1280a6ee8>) [p2, i88, i89, i11, i13, i15, i17, i19, i21, i23, i25, i27, i29, i31, i33, i35, i37, p42, p44, p46, p48, p50, p52, p54, p56, p58, p60, p62, p64, p66, p68, p70, p0, p3, p4, p90, i75]
debug_merge_point(0, 0, '293<main.rpyeffect:283([k@[k@[#823]#827]#831])>+2: {"op": "Jump". "target": 145}')
debug_merge_point(0, 0, '145<main.rpyeffect:135(Name(+_27))>+0: {"op": "New". "out": 0. "targets": [138. 140. 142. 144]. "args": {"num": [0]. "ptr": []}}')
debug_merge_point(0, 0, '145<main.rpyeffect:135(Name(+_27))>+1: {"op": "Return". "args": {"num": []. "ptr": [0]}}')
debug_merge_point(0, 0, '292<main.rpyeffect:282([k@[k@[k@[#823]#827]#831]#833])>+0: {"op": "Push". "target": 291. "args": {"num": []. "ptr": []}}')
debug_merge_point(0, 0, '292<main.rpyeffect:282([k@[k@[k@[#823]#827]#831]#833])>+1: {"op": "Invoke". "receiver": 0. "tag": Interned(%apply(n):n). "args" : {"num": [0]. "ptr": []}}')
debug_merge_point(0, 0, '138<main.rpyeffect:128([method_%apply(n):n@Name(+_27)#347])>+0: {"op": "Jump". "target": 136}')
debug_merge_point(0, 0, '136<main.rpyeffect:126([mcore:[#26]#343])>+0: {"op": "PrimOp". "name": "infixAdd(Int. Int): Int". "out": {"num": [0]. "ptr": []}. "in": {"num": [1. 0]. "ptr": []}}')
+628: i91 = int_add(i89, i88)
debug_merge_point(0, 0, '136<main.rpyeffect:126([mcore:[#26]#343])>+1: {"op": "Return". "args": {"num": [0]. "ptr": []}}')
debug_merge_point(0, 0, '291<main.rpyeffect:281([k@[k@[k@[k@[#823]#827]#831]#833]#835])>+0: {"op": "Push". "target": 290. "args": {"num": []. "ptr": []}}')
debug_merge_point(0, 0, '291<main.rpyeffect:281([k@[k@[k@[k@[#823]#827]#831]#833]#835])>+1: {"op": "Jump". "target": 165}')
debug_merge_point(0, 0, '165<main.rpyeffect:155(Name(mod_29))>+0: {"op": "New". "out": 0. "targets": [158. 160. 162. 164]. "args": {"num": [0]. "ptr": []}}')
debug_merge_point(0, 0, '165<main.rpyeffect:155(Name(mod_29))>+1: {"op": "Return". "args": {"num": []. "ptr": [0]}}')
debug_merge_point(0, 0, '290<main.rpyeffect:280([#837])>+0: {"op": "Const". "type": "num". "out": 0. "value": 1000000007}')
debug_merge_point(0, 0, '290<main.rpyeffect:280([#837])>+1: {"op": "Invoke". "receiver": 0. "tag": Interned(%apply(n):n). "args" : {"num": [0]. "ptr": []}}')
+632: guard_nonnull(p90, descr=<Guard0x12808f260>) [p2, i88, i89, i11, i13, i15, i17, i19, i21, i23, i25, i27, i29, i31, i33, i35, i37, p42, p44, p46, p48, p50, p52, p54, p56, p58, p60, p62, p64, p66, p68, p70, p0, p3, p4, p90, i75]
+640: i92 = getfield_gc_i(p90, descr=<FieldS rpyeffect.stored_environment.Stack__arb_arb.inst_target 16 pure>)
+644: guard_value(i92, 293, descr=<Guard0x12808f220>) [p2, i88, i89, i11, i13, i15, i17, i19, i21, i23, i25, i27, i29, i31, i33, i35, i37, p42, p44, p46, p48, p50, p52, p54, p56, p58, p60, p62, p64, p66, p68, p70, p0, p3, p4, p90, i75]
debug_merge_point(0, 0, '158<main.rpyeffect:148([method_%apply(n):n@Name(mod_29)#407])>+0: {"op": "Jump". "target": 156}')
debug_merge_point(0, 0, '156<main.rpyeffect:146([mcore:[#28]#403])>+0: {"op": "PrimOp". "name": "mod(Int. Int): Int". "out": {"num": [0]. "ptr": []}. "in": {"num": [1. 0]. "ptr": []}}')
+656: i95 = int_rshift(i91, 63)
+664: i96 = int_xor(i91, i95)
+668: i98 = uint_mul_high(i96, -8543223828751151131)
+688: i100 = uint_rshift(i98, 29)
+696: i101 = int_xor(i100, i95)
+700: i103 = int_mul(i101, 1000000007)
+712: i104 = int_sub(i91, i103)
debug_merge_point(0, 0, '156<main.rpyeffect:146([mcore:[#28]#403])>+1: {"op": "Return". "args": {"num": [0]. "ptr": []}}')
+716: i105 = getfield_gc_i(p90, descr=<FieldS rpyeffect.stored_environment.Stack__1_0.inst_values_num_0 40 pure>)
+720: p106 = getfield_gc_r(p90, descr=<FieldP rpyeffect.stored_environment.Stack__arb_arb.inst_tail 8 pure>)
debug_merge_point(0, 0, '293<main.rpyeffect:283([k@[k@[#823]#827]#831])>+0: {"op": "Push". "target": 292. "args": {"num": [0]. "ptr": []}}')
debug_merge_point(0, 0, '293<main.rpyeffect:283([k@[k@[#823]#827]#831])>+1: {"op": "Copy". "type": "num". "from": 1. "to". 0}')
+724: jump(p0, p106, i104, p2, p3, p4, i105, i11, i13, i15, i17, i19, i21, i23, i25, i27, i29, i31, i33, i35, i37, i91, p42, p44, p46, p48, p50, p52, p54, p56, p58, p60, p62, p64, p66, p68, p70, descr=TargetToken(4966777904))
+740: --end of the loop--
[e11c6b] jit-log-opt-loop}
[124ac27] {jit-log-opt-loop
# Loop 7 (145<main.rpyeffect:135(Name(+_27))>+0: {"op": "New", "out": 0, "targets": [138, 140, 142, 144], "args": {"num": [0], "ptr": []}}) : entry bridge with 129 ops
[p0, p1, p2, p3, p4]
+312: p5 = getfield_gc_r(p2, descr=<FieldP rpyeffect.environment.Environment.inst_values_num 16>)
+320: i7 = getarrayitem_gc_i(p5, 0, descr=<ArrayS 8>)
+324: i9 = getarrayitem_gc_i(p5, 1, descr=<ArrayS 8>)
+328: i11 = getarrayitem_gc_i(p5, 2, descr=<ArrayS 8>)
+332: i13 = getarrayitem_gc_i(p5, 3, descr=<ArrayS 8>)
+336: i15 = getarrayitem_gc_i(p5, 4, descr=<ArrayS 8>)
+340: i17 = getarrayitem_gc_i(p5, 5, descr=<ArrayS 8>)
+344: i19 = getarrayitem_gc_i(p5, 6, descr=<ArrayS 8>)
+348: i21 = getarrayitem_gc_i(p5, 7, descr=<ArrayS 8>)
+352: i23 = getarrayitem_gc_i(p5, 8, descr=<ArrayS 8>)
+356: i25 = getarrayitem_gc_i(p5, 9, descr=<ArrayS 8>)
+360: i27 = getarrayitem_gc_i(p5, 10, descr=<ArrayS 8>)
+364: i29 = getarrayitem_gc_i(p5, 11, descr=<ArrayS 8>)
+368: i31 = getarrayitem_gc_i(p5, 12, descr=<ArrayS 8>)
+372: i33 = getarrayitem_gc_i(p5, 13, descr=<ArrayS 8>)
+376: i35 = getarrayitem_gc_i(p5, 14, descr=<ArrayS 8>)
+384: i37 = getarrayitem_gc_i(p5, 15, descr=<ArrayS 8>)
+388: p38 = getfield_gc_r(p2, descr=<FieldP rpyeffect.environment.Environment.inst_values_ptr 24>)
+392: p40 = getarrayitem_gc_r(p38, 0, descr=<ArrayP 8>)
+400: p42 = getarrayitem_gc_r(p38, 1, descr=<ArrayP 8>)
+408: p44 = getarrayitem_gc_r(p38, 2, descr=<ArrayP 8>)
+416: p46 = getarrayitem_gc_r(p38, 3, descr=<ArrayP 8>)
+424: p48 = getarrayitem_gc_r(p38, 4, descr=<ArrayP 8>)
+432: p50 = getarrayitem_gc_r(p38, 5, descr=<ArrayP 8>)
+440: p52 = getarrayitem_gc_r(p38, 6, descr=<ArrayP 8>)
+448: p54 = getarrayitem_gc_r(p38, 7, descr=<ArrayP 8>)
+456: p56 = getarrayitem_gc_r(p38, 8, descr=<ArrayP 8>)
+464: p58 = getarrayitem_gc_r(p38, 9, descr=<ArrayP 8>)
+472: p60 = getarrayitem_gc_r(p38, 10, descr=<ArrayP 8>)
+480: p62 = getarrayitem_gc_r(p38, 11, descr=<ArrayP 8>)
+488: p64 = getarrayitem_gc_r(p38, 12, descr=<ArrayP 8>)
+496: p66 = getarrayitem_gc_r(p38, 13, descr=<ArrayP 8>)
+504: p68 = getarrayitem_gc_r(p38, 14, descr=<ArrayP 8>)
+512: p70 = getarrayitem_gc_r(p38, 15, descr=<ArrayP 8>)
debug_merge_point(0, 0, '145<main.rpyeffect:135(Name(+_27))>+0: {"op": "New". "out": 0. "targets": [138. 140. 142. 144]. "args": {"num": [0]. "ptr": []}}')
+516: guard_not_invalidated(descr=<Guard0x1280a72b0>) [p2, i7, i9, i11, i13, i15, i17, i19, i21, i23, i25, i27, i29, i31, i33, i35, i37, p40, p42, p44, p46, p48, p50, p52, p54, p56, p58, p60, p62, p64, p66, p68, p70, p0, p1, p3, p4]
debug_merge_point(0, 0, '145<main.rpyeffect:135(Name(+_27))>+1: {"op": "Return". "args": {"num": []. "ptr": [0]}}')
+520: guard_nonnull(p1, descr=<Guard0x12808f420>) [p2, i7, i9, i11, i13, i15, i17, i19, i21, i23, i25, i27, i29, i31, i33, i35, i37, p40, p42, p44, p46, p48, p50, p52, p54, p56, p58, p60, p62, p64, p66, p68, p70, p0, p1, p3, p4]
+532: i71 = getfield_gc_i(p1, descr=<FieldS rpyeffect.stored_environment.Stack__arb_arb.inst_target 16 pure>)
+548: guard_value(i71, 292, descr=<Guard0x12808f460>) [p2, i7, i9, i11, i13, i15, i17, i19, i21, i23, i25, i27, i29, i31, i33, i35, i37, p40, p42, p44, p46, p48, p50, p52, p54, p56, p58, p60, p62, p64, p66, p68, p70, p0, p1, p3, p4]
+560: i73 = getfield_gc_i(p1, descr=<FieldS rpyeffect.stored_environment.Stack__1_0.inst_values_num_0 40 pure>)
+564: p74 = getfield_gc_r(p1, descr=<FieldP rpyeffect.stored_environment.Stack__arb_arb.inst_tail 8 pure>)
debug_merge_point(0, 0, '292<main.rpyeffect:282([k@[k@[k@[#823]#827]#831]#833])>+0: {"op": "Push". "target": 291. "args": {"num": []. "ptr": []}}')
debug_merge_point(0, 0, '292<main.rpyeffect:282([k@[k@[k@[#823]#827]#831]#833])>+1: {"op": "Invoke". "receiver": 0. "tag": Interned(%apply(n):n). "args" : {"num": [0]. "ptr": []}}')
debug_merge_point(0, 0, '138<main.rpyeffect:128([method_%apply(n):n@Name(+_27)#347])>+0: {"op": "Jump". "target": 136}')
debug_merge_point(0, 0, '136<main.rpyeffect:126([mcore:[#26]#343])>+0: {"op": "PrimOp". "name": "infixAdd(Int. Int): Int". "out": {"num": [0]. "ptr": []}. "in": {"num": [1. 0]. "ptr": []}}')
+572: i75 = int_add(i7, i73)
debug_merge_point(0, 0, '136<main.rpyeffect:126([mcore:[#26]#343])>+1: {"op": "Return". "args": {"num": [0]. "ptr": []}}')
debug_merge_point(0, 0, '291<main.rpyeffect:281([k@[k@[k@[k@[#823]#827]#831]#833]#835])>+0: {"op": "Push". "target": 290. "args": {"num": []. "ptr": []}}')
debug_merge_point(0, 0, '291<main.rpyeffect:281([k@[k@[k@[k@[#823]#827]#831]#833]#835])>+1: {"op": "Jump". "target": 165}')
debug_merge_point(0, 0, '165<main.rpyeffect:155(Name(mod_29))>+0: {"op": "New". "out": 0. "targets": [158. 160. 162. 164]. "args": {"num": [0]. "ptr": []}}')
debug_merge_point(0, 0, '165<main.rpyeffect:155(Name(mod_29))>+1: {"op": "Return". "args": {"num": []. "ptr": [0]}}')
debug_merge_point(0, 0, '290<main.rpyeffect:280([#837])>+0: {"op": "Const". "type": "num". "out": 0. "value": 1000000007}')
debug_merge_point(0, 0, '290<main.rpyeffect:280([#837])>+1: {"op": "Invoke". "receiver": 0. "tag": Interned(%apply(n):n). "args" : {"num": [0]. "ptr": []}}')
+576: guard_nonnull(p74, descr=<Guard0x12808fc60>) [p2, i7, i9, i11, i13, i15, i17, i19, i21, i23, i25, i27, i29, i31, i33, i35, i37, p40, p42, p44, p46, p48, p50, p52, p54, p56, p58, p60, p62, p64, p66, p68, p70, p0, p1, p3, p4]
+584: i76 = getfield_gc_i(p74, descr=<FieldS rpyeffect.stored_environment.Stack__arb_arb.inst_target 16 pure>)
+592: guard_value(i76, 294, descr=<Guard0x12808fc20>) [p2, i7, i9, i11, i13, i15, i17, i19, i21, i23, i25, i27, i29, i31, i33, i35, i37, p40, p42, p44, p46, p48, p50, p52, p54, p56, p58, p60, p62, p64, p66, p68, p70, p0, p1, p3, p4]
debug_merge_point(0, 0, '158<main.rpyeffect:148([method_%apply(n):n@Name(mod_29)#407])>+0: {"op": "Jump". "target": 156}')
debug_merge_point(0, 0, '156<main.rpyeffect:146([mcore:[#28]#403])>+0: {"op": "PrimOp". "name": "mod(Int. Int): Int". "out": {"num": [0]. "ptr": []}. "in": {"num": [1. 0]. "ptr": []}}')
+604: i79 = int_rshift(i75, 63)
+616: i80 = int_xor(i75, i79)
+620: i82 = uint_mul_high(i80, -8543223828751151131)
+644: i84 = uint_rshift(i82, 29)
+652: i85 = int_xor(i84, i79)
+656: i87 = int_mul(i85, 1000000007)
+668: i88 = int_sub(i75, i87)
debug_merge_point(0, 0, '156<main.rpyeffect:146([mcore:[#28]#403])>+1: {"op": "Return". "args": {"num": [0]. "ptr": []}}')
+672: p89 = getfield_gc_r(p74, descr=<FieldP rpyeffect.stored_environment.Stack__0_1.inst_values_ptr_0 40 pure>)
+676: p90 = getfield_gc_r(p74, descr=<FieldP rpyeffect.stored_environment.Stack__arb_arb.inst_tail 8 pure>)
debug_merge_point(0, 0, '294<main.rpyeffect:284([k@[#823]#827])>+0: {"op": "Const". "type": "num". "out": 1. "value": 0}')
debug_merge_point(0, 0, '294<main.rpyeffect:284([k@[#823]#827])>+1: {"op": "Push". "target": 293. "args": {"num": [0]. "ptr": []}}')
debug_merge_point(0, 0, '294<main.rpyeffect:284([k@[#823]#827])>+2: {"op": "Copy". "type": "num". "from": 1. "to". 0}')
debug_merge_point(0, 0, '294<main.rpyeffect:284([k@[#823]#827])>+3: {"op": "Jump". "target": 277}')
debug_merge_point(0, 0, '277<main.rpyeffect:267(Name(k_145))>+0: {"op": "PushStack". "arg": 0}')
+680: guard_isnull(p4, descr=<Guard0x12808fbe0>) [p2, i7, i9, i11, i13, i15, i17, i19, i21, i23, i25, i27, i29, i31, i33, i35, i37, p40, p42, p44, p46, p48, p50, p52, p54, p56, p58, p60, p62, p64, p66, p68, p70, p0, p1, p3, p4]
+692: guard_nonnull_class(p89, ConstClass(MetaStackWithBinding), descr=<Guard0x1280e2910>) [p2, i7, i9, i11, i13, i15, i17, i19, i21, i23, i25, i27, i29, i31, i33, i35, i37, p40, p42, p44, p46, p48, p50, p52, p54, p56, p58, p60, p62, p64, p66, p68, p70, p0, p1, p3, p4]
+716: p92 = getfield_gc_r(p89, descr=<FieldP rpyeffect.stack.MetaStack.inst_region 24 pure>)
+720: guard_isnull(p92, descr=<Guard0x12808fba0>) [p2, i7, i9, i11, i13, i15, i17, i19, i21, i23, i25, i27, i29, i31, i33, i35, i37, p40, p42, p44, p46, p48, p50, p52, p54, p56, p58, p60, p62, p64, p66, p68, p70, p0, p1, p3, p4]
+728: p93 = getfield_gc_r(p89, descr=<FieldP rpyeffect.stack.MetaStackLike.inst_stack 8 pure>)
+732: p94 = getfield_gc_r(p89, descr=<FieldP rpyeffect.stack.MetaStack.inst_tail 32 pure>)
+736: guard_nonnull_class(p94, ConstClass(MetaStackWithBinding), descr=<Guard0x1280e28b8>) [p2, i7, i9, i11, i13, i15, i17, i19, i21, i23, i25, i27, i29, i31, i33, i35, i37, p40, p42, p44, p46, p48, p50, p52, p54, p56, p58, p60, p62, p64, p66, p68, p70, p0, p1, p3, p4]
+760: p96 = getfield_gc_r(p94, descr=<FieldP rpyeffect.stack.MetaStack.inst_region 24 pure>)
+768: guard_isnull(p96, descr=<Guard0x12808fb60>) [p2, i7, i9, i11, i13, i15, i17, i19, i21, i23, i25, i27, i29, i31, i33, i35, i37, p40, p42, p44, p46, p48, p50, p52, p54, p56, p58, p60, p62, p64, p66, p68, p70, p0, p1, p3, p4]
+776: p97 = getfield_gc_r(p94, descr=<FieldP rpyeffect.stack.MetaStackLike.inst_stack 8 pure>)
+780: p98 = getfield_gc_r(p94, descr=<FieldP rpyeffect.stack.MetaStack.inst_tail 32 pure>)
+788: guard_nonnull_class(p98, 4373753536, descr=<Guard0x1280e2860>) [p2, i7, i9, i11, i13, i15, i17, i19, i21, i23, i25, i27, i29, i31, i33, i35, i37, p40, p42, p44, p46, p48, p50, p52, p54, p56, p58, p60, p62, p64, p66, p68, p70, p0, p1, p3, p4]
+812: p100 = getfield_gc_r(p98, descr=<FieldP rpyeffect.stack.MetaStack.inst_region 24 pure>)
+820: guard_isnull(p100, descr=<Guard0x12808fb20>) [p2, i7, i9, i11, i13, i15, i17, i19, i21, i23, i25, i27, i29, i31, i33, i35, i37, p40, p42, p44, p46, p48, p50, p52, p54, p56, p58, p60, p62, p64, p66, p68, p70, p0, p1, p3, p4]
+828: p101 = getfield_gc_r(p98, descr=<FieldP rpyeffect.stack.MetaStackLike.inst_stack 8 pure>)
+832: p102 = getfield_gc_r(p98, descr=<FieldP rpyeffect.stack.MetaStack.inst_tail 32 pure>)
+840: guard_isnull(p102, descr=<Guard0x12808fae0>) [p2, i7, i9, i11, i13, i15, i17, i19, i21, i23, i25, i27, i29, i31, i33, i35, i37, p40, p42, p44, p46, p48, p50, p52, p54, p56, p58, p60, p62, p64, p66, p68, p70, p0, p1, p3, p4]
+848: p103 = getfield_gc_r(p98, descr=<FieldP rpyeffect.stack.MetaStack.inst_label 16 pure>)
+852: p104 = getfield_gc_r(p94, descr=<FieldP rpyeffect.stack.MetaStack.inst_label 16 pure>)
+856: p105 = getfield_gc_r(p94, descr=<FieldP rpyeffect.stack.MetaStackWithBinding.inst_binding 40 pure>)
+860: guard_nonnull(p105, descr=<Guard0x12808faa0>) [p2, i7, i9, i11, i13, i15, i17, i19, i21, i23, i25, i27, i29, i31, i33, i35, i37, p40, p42, p44, p46, p48, p50, p52, p54, p56, p58, p60, p62, p64, p66, p68, p70, p0, p1, p3, p4]
+868: p106 = getfield_gc_r(p89, descr=<FieldP rpyeffect.stack.MetaStack.inst_label 16 pure>)
+876: p107 = getfield_gc_r(p89, descr=<FieldP rpyeffect.stack.MetaStackWithBinding.inst_binding 40 pure>)
+884: guard_nonnull(p107, descr=<Guard0x12808fa60>) [p2, i7, i9, i11, i13, i15, i17, i19, i21, i23, i25, i27, i29, i31, i33, i35, i37, p40, p42, p44, p46, p48, p50, p52, p54, p56, p58, p60, p62, p64, p66, p68, p70, p0, p1, p3, p4]
+892: guard_nonnull(p93, descr=<Guard0x12808fa20>) [p2, i7, i9, i11, i13, i15, i17, i19, i21, i23, i25, i27, i29, i31, i33, i35, i37, p40, p42, p44, p46, p48, p50, p52, p54, p56, p58, p60, p62, p64, p66, p68, p70, p0, p1, p3, p4]
+900: i108 = getfield_gc_i(p93, descr=<FieldS rpyeffect.stored_environment.Stack__arb_arb.inst_target 16 pure>)
+908: guard_value(i108, 220, descr=<Guard0x12808f9e0>) [p2, i7, i9, i11, i13, i15, i17, i19, i21, i23, i25, i27, i29, i31, i33, i35, i37, p40, p42, p44, p46, p48, p50, p52, p54, p56, p58, p60, p62, p64, p66, p68, p70, p0, p1, p3, p4]
debug_merge_point(0, 0, '277<main.rpyeffect:267(Name(k_145))>+1: {"op": "Return". "args": {"num": [0]. "ptr": []}}')
+920: i110 = getfield_gc_i(p93, descr=<FieldS rpyeffect.stored_environment.Stack__1_0.inst_values_num_0 40 pure>)
+924: p111 = getfield_gc_r(p93, descr=<FieldP rpyeffect.stored_environment.Stack__arb_arb.inst_tail 8 pure>)
+928: guard_nonnull(p111, descr=<Guard0x12808f9a0>) [p2, i7, i9, i11, i13, i15, i17, i19, i21, i23, i25, i27, i29, i31, i33, i35, i37, p40, p42, p44, p46, p48, p50, p52, p54, p56, p58, p60, p62, p64, p66, p68, p70, p0, p1, p3, p4]
+936: i112 = getfield_gc_i(p111, descr=<FieldS rpyeffect.stored_environment.Stack__arb_arb.inst_target 16 pure>)
+944: guard_value(i112, 209, descr=<Guard0x12808f960>) [p2, i7, i9, i11, i13, i15, i17, i19, i21, i23, i25, i27, i29, i31, i33, i35, i37, p40, p42, p44, p46, p48, p50, p52, p54, p56, p58, p60, p62, p64, p66, p68, p70, p0, p1, p3, p4]
debug_merge_point(0, 0, '220<main.rpyeffect:210([k@[switch case for 0#562]#572])>+0: {"op": "Swap". "type": "num". "a": 1. "b". 0}')
+956: p114 = new_with_vtable(descr=<SizeDescr 48>)
+1068: p115 = new_with_vtable(descr=<SizeDescr 40>)
+1080: setfield_gc(p115, p101, descr=<FieldP rpyeffect.stack.MetaStackLike.inst_stack 8 pure>)
+1084: setfield_gc(p115, p103, descr=<FieldP rpyeffect.stack.MetaStack.inst_label 16 pure>)
+1088: setfield_gc(p115, ConstPtr(null), descr=<FieldP rpyeffect.stack.MetaStack.inst_region 24 pure>)
+1096: p117 = new_with_vtable(descr=<SizeDescr 40>)
+1108: p118 = new_with_vtable(descr=<SizeDescr 48>)
+1120: setfield_gc(p118, p90, descr=<FieldP rpyeffect.stored_environment.Stack__arb_arb.inst_tail 8 pure>)
+1124: setfield_gc(p118, 293, descr=<FieldS rpyeffect.stored_environment.Stack__arb_arb.inst_target 16 pure>)
+1132: setfield_gc(p118, i88, descr=<FieldS rpyeffect.stored_environment.Stack__1_0.inst_values_num_0 40 pure>)
+1136: setfield_gc(p117, p118, descr=<FieldP rpyeffect.stack.MetaStackLike.inst_stack 8 pure>)
+1140: setfield_gc(p117, p0, descr=<FieldP rpyeffect.stack.MetaStack.inst_label 16 pure>)
+1148: setfield_gc(p117, ConstPtr(null), descr=<FieldP rpyeffect.stack.MetaStack.inst_region 24 pure>)
+1156: setfield_gc(p117, p3, descr=<FieldP rpyeffect.stack.MetaStack.inst_tail 32 pure>)
+1164: setfield_gc(p115, p117, descr=<FieldP rpyeffect.stack.MetaStack.inst_tail 32 pure>)
+1168: setfield_gc(p114, ConstPtr(null), descr=<FieldP rpyeffect.stack.MetaStack.inst_region 24 pure>)
+1176: setfield_gc(p114, p97, descr=<FieldP rpyeffect.stack.MetaStackLike.inst_stack 8 pure>)
+1180: setfield_gc(p114, p115, descr=<FieldP rpyeffect.stack.MetaStack.inst_tail 32 pure>)
+1184: setfield_gc(p114, p104, descr=<FieldP rpyeffect.stack.MetaStack.inst_label 16 pure>)
+1192: setfield_gc(p114, p105, descr=<FieldP rpyeffect.stack.MetaStackWithBinding.inst_binding 40 pure>)
+1212: jump(p106, p111, p2, p114, p107, 0, i110, i11, i13, i15, i17, i19, i21, i23, i25, i27, i29, i31, i33, i35, i37, p89, p42, p44, p46, p48, p50, p52, p54, p56, p58, p60, p62, p64, p66, p68, p70, descr=TargetToken(5238635584))
+1460: --end of the loop--
[1276b71] jit-log-opt-loop}
[1b559ea] {jit-log-opt-bridge
# bridge out of Guard 0x138448120 with 127 ops
[p0, i1, i2, i3, i4, i5, i6, i7, i8, i9, i10, i11, i12, i13, i14, i15, i16, p17, p18, p19, p20, p21, p22, p23, p24, p25, p26, p27, p28, p29, p30, p31, p32, p33, p34, p35, p36]
+264: guard_not_invalidated(descr=<Guard0x1280e2968>) [p0, i1, i2, i3, i4, i5, i6, i7, i8, i9, i10, i11, i12, i13, i14, i15, i16, p17, p18, p19, p20, p21, p22, p23, p24, p25, p26, p27, p28, p29, p30, p31, p32, p33, p34, p35, p36]
debug_merge_point(0, 0, '220<main.rpyeffect:210([k@[switch case for 0#562]#572])>+1: {"op": "Switch". "scrutinee": 1. "values": [1]. "targets": [213]. "default": 219}')
+268: i38 = int_eq(i1, 1)
guard_false(i38, descr=<Guard0x12808ffa0>) [p0, i1, i2, i3, i4, i5, i6, i7, i8, i9, i10, i11, i12, i13, i14, i15, i16, p17, p18, p19, p20, p21, p22, p23, p24, p25, p26, p27, p28, p29, p30, p31, p32, p33, p34, p35, p36]
+276: guard_nonnull(p34, descr=<Guard0x118098020>) [p0, i1, i2, i3, i4, i5, i6, i7, i8, i9, i10, i11, i12, i13, i14, i15, i16, p17, p18, p19, p20, p21, p22, p23, p24, p25, p26, p27, p28, p29, p30, p31, p32, p33, p34, p35, p36]
+284: i39 = getfield_gc_i(p34, descr=<FieldS rpyeffect.stored_environment.Stack__arb_arb.inst_target 16 pure>)
+288: guard_value(i39, 209, descr=<Guard0x118098060>) [p0, i1, i2, i3, i4, i5, i6, i7, i8, i9, i10, i11, i12, i13, i14, i15, i16, p17, p18, p19, p20, p21, p22, p23, p24, p25, p26, p27, p28, p29, p30, p31, p32, p33, p34, p35, p36]
debug_merge_point(0, 0, '219<main.rpyeffect:209([switch default case#576])>+0: {"op": "Switch". "scrutinee": 1. "values": [0]. "targets": [217]. "default": 218}')
+300: i42 = int_eq(i1, 0)
guard_true(i42, descr=<Guard0x1180980a0>) [p0, i1, i2, i3, i4, i5, i6, i7, i8, i9, i10, i11, i12, i13, i14, i15, i16, p17, p18, p19, p20, p21, p22, p23, p24, p25, p26, p27, p28, p29, p30, p31, p32, p33, p34, p35, p36]
debug_merge_point(0, 0, '217<main.rpyeffect:207([switch case for 0#577])>+0: {"op": "Push". "target": 216. "args": {"num": []. "ptr": []}}')
debug_merge_point(0, 0, '217<main.rpyeffect:207([switch case for 0#577])>+1: {"op": "Jump". "target": 188}')
debug_merge_point(0, 0, '188<main.rpyeffect:178(Name(-_34))>+0: {"op": "New". "out": 0. "targets": [181. 183. 185. 187]. "args": {"num": [0]. "ptr": []}}')
debug_merge_point(0, 0, '188<main.rpyeffect:178(Name(-_34))>+1: {"op": "Return". "args": {"num": []. "ptr": [0]}}')
debug_merge_point(0, 0, '216<main.rpyeffect:206([k@[switch case for 0#577]#579])>+0: {"op": "Const". "type": "num". "out": 0. "value": 1}')
debug_merge_point(0, 0, '216<main.rpyeffect:206([k@[switch case for 0#577]#579])>+1: {"op": "Push". "target": 215. "args": {"num": []. "ptr": []}}')
debug_merge_point(0, 0, '216<main.rpyeffect:206([k@[switch case for 0#577]#579])>+2: {"op": "Invoke". "receiver": 0. "tag": Interned(%apply(n):n). "args" : {"num": [0]. "ptr": []}}')
debug_merge_point(0, 0, '181<main.rpyeffect:171([method_%apply(n):n@Name(-_34)#469])>+0: {"op": "Jump". "target": 179}')
debug_merge_point(0, 0, '179<main.rpyeffect:169([mcore:[#30]#465])>+0: {"op": "PrimOp". "name": "infixSub(Int. Int): Int". "out": {"num": [0]. "ptr": []}. "in": {"num": [1. 0]. "ptr": []}}')
+308: i44 = int_sub(i2, 1)
debug_merge_point(0, 0, '179<main.rpyeffect:169([mcore:[#30]#465])>+1: {"op": "Return". "args": {"num": [0]. "ptr": []}}')
debug_merge_point(0, 0, '215<main.rpyeffect:205([k@[k@[switch case for 0#577]#579]#583])>+0: {"op": "Const". "type": "ptr". "out": 0. "format": "string". "value": "Name(Fail_1)"}')
debug_merge_point(0, 0, '215<main.rpyeffect:205([k@[k@[switch case for 0#577]#579]#583])>+1: {"op": "PrimOp". "name": "getGlobal(String): Ptr". "out": {"num": []. "ptr": [0]}. "in": {"num": []. "ptr": [0]}}')
debug_merge_point(0, 0, '215<main.rpyeffect:205([k@[k@[switch case for 0#577]#579]#583])>+2: {"op": "Const". "type": "ptr". "out": 1. "format": "string". "value": "Name(Flip_0)"}')
debug_merge_point(0, 0, '215<main.rpyeffect:205([k@[k@[switch case for 0#577]#579]#583])>+3: {"op": "PrimOp". "name": "getGlobal(String): Ptr". "out": {"num": []. "ptr": [1]}. "in": {"num": []. "ptr": [1]}}')
debug_merge_point(0, 0, '215<main.rpyeffect:205([k@[k@[switch case for 0#577]#579]#583])>+4: {"op": "Push". "target": 214. "args": {"num": []. "ptr": []}}')
debug_merge_point(0, 0, '215<main.rpyeffect:205([k@[k@[switch case for 0#577]#579]#583])>+5: {"op": "Jump". "target": 210}')
debug_merge_point(0, 0, '210<main.rpyeffect:200([mcore:[eta-expanded fn#456]#533])>+0: {"op": "Push". "target": 209. "args": {"num": []. "ptr": []}}')
debug_merge_point(0, 0, '210<main.rpyeffect:200([mcore:[eta-expanded fn#456]#533])>+1: {"op": "Jump". "target": 226}')
debug_merge_point(0, 0, '226<main.rpyeffect:216(Name(choice_48))>+0: {"op": "Push". "target": 225. "args": {"num": [0]. "ptr": []}}')
debug_merge_point(0, 0, '226<main.rpyeffect:216(Name(choice_48))>+1: {"op": "Jump". "target": 69}')
debug_merge_point(0, 0, '69<main.rpyeffect:59(Name(<_5))>+0: {"op": "New". "out": 0. "targets": [62. 64. 66. 68]. "args": {"num": [0]. "ptr": []}}')
debug_merge_point(0, 0, '69<main.rpyeffect:59(Name(<_5))>+1: {"op": "Return". "args": {"num": []. "ptr": [0]}}')
debug_merge_point(0, 0, '225<main.rpyeffect:215([k@Name(choice_48)#543])>+0: {"op": "Const". "type": "num". "out": 1. "value": 1}')
debug_merge_point(0, 0, '225<main.rpyeffect:215([k@Name(choice_48)#543])>+1: {"op": "Push". "target": 224. "args": {"num": [0]. "ptr": []}}')
debug_merge_point(0, 0, '225<main.rpyeffect:215([k@Name(choice_48)#543])>+2: {"op": "Copy". "type": "num". "from": 1. "to". 0}')
debug_merge_point(0, 0, '225<main.rpyeffect:215([k@Name(choice_48)#543])>+3: {"op": "Invoke". "receiver": 0. "tag": Interned(%apply(n):n). "args" : {"num": [0]. "ptr": []}}')
debug_merge_point(0, 0, '62<main.rpyeffect:52([method_%apply(n):n@Name(<_5)#157])>+0: {"op": "Jump". "target": 60}')
debug_merge_point(0, 0, '60<main.rpyeffect:50([mcore:[#20]#153])>+0: {"op": "PrimOp". "name": "infixLt(Int. Int): Boolean". "out": {"num": [0]. "ptr": []}. "in": {"num": [1. 0]. "ptr": []}}')
+312: i46 = int_lt(i44, 1)
guard_true(i46, descr=<Guard0x1180980e0>) [p0, i1, i2, i3, i4, i5, i6, i7, i8, i9, i10, i11, i12, i13, i14, i15, i16, p17, p18, p19, p20, p21, p22, p23, p24, p25, p26, p27, p28, p29, p30, p31, p32, p33, p34, p35, p36]
debug_merge_point(0, 0, '60<main.rpyeffect:50([mcore:[#20]#153])>+1: {"op": "Return". "args": {"num": [0]. "ptr": []}}')
debug_merge_point(0, 0, '224<main.rpyeffect:214([k@[k@Name(choice_48)#543]#547])>+0: {"op": "Switch". "scrutinee": 0. "values": [1]. "targets": [212]. "default": 223}')
debug_merge_point(0, 0, '212<main.rpyeffect:202([switch case for 1#548])>+0: {"op": "Const". "type": "num". "out": 0. "value": 0}')
debug_merge_point(0, 0, '212<main.rpyeffect:202([switch case for 1#548])>+1: {"op": "Const". "type": "ptr". "out": 0. "format": "string". "value": "Name(Fail_1)"}')
debug_merge_point(0, 0, '212<main.rpyeffect:202([switch case for 1#548])>+2: {"op": "PrimOp". "name": "getGlobal(String): Ptr". "out": {"num": []. "ptr": [0]}. "in": {"num": []. "ptr": [0]}}')
debug_merge_point(0, 0, '212<main.rpyeffect:202([switch case for 1#548])>+3: {"op": "GetDynamic". "out": 0. "n": 0. "label": 0}')
+320: guard_nonnull(p36, descr=<Guard0x118098120>) [p0, i1, i2, i3, i4, i5, i6, i7, i8, i9, i10, i11, i12, i13, i14, i15, i16, p17, p18, p19, p20, p21, p22, p23, p24, p25, p26, p27, p28, p29, p30, p31, p32, p33, p34, p35, p36]
+336: i48 = instance_ptr_eq(p33, ConstPtr(ptr47))
guard_false(i48, descr=<Guard0x118098160>) [p0, i1, i2, i3, i4, i5, i6, i7, i8, i9, i10, i11, i12, i13, i14, i15, i16, p17, p18, p19, p20, p21, p22, p23, p24, p25, p26, p27, p28, p29, p30, p31, p32, p33, p34, p35, p36]
+348: guard_nonnull_class(p35, ConstClass(MetaStackWithBinding), descr=<Guard0x1280e29c0>) [p0, i1, i2, i3, i4, i5, i6, i7, i8, i9, i10, i11, i12, i13, i14, i15, i16, p17, p18, p19, p20, p21, p22, p23, p24, p25, p26, p27, p28, p29, p30, p31, p32, p33, p34, p35, p36]
+376: p50 = getfield_gc_r(p35, descr=<FieldP rpyeffect.stack.MetaStack.inst_label 16 pure>)
+380: i52 = instance_ptr_eq(p50, ConstPtr(ptr51))
guard_true(i52, descr=<Guard0x1180981a0>) [p0, i1, i2, i3, i4, i5, i6, i7, i8, i9, i10, i11, i12, i13, i14, i15, i16, p17, p18, p19, p20, p21, p22, p23, p24, p25, p26, p27, p28, p29, p30, p31, p32, p33, p34, p35, p36]
+388: p53 = getfield_gc_r(p35, descr=<FieldP rpyeffect.stack.MetaStackWithBinding.inst_binding 40 pure>)
debug_merge_point(0, 0, '212<main.rpyeffect:202([switch case for 1#548])>+4: {"op": "Construct". "out": 1. "type": Interned({"op": "eff$Tuple". "elements": []}). "tag": Interned({"op": "eff$Tuple". "elements": []}). "args": {"num": []. "ptr": []}}')
debug_merge_point(0, 0, '212<main.rpyeffect:202([switch case for 1#548])>+5: {"op": "Push". "target": 211. "args": {"num": []. "ptr": []}}')
debug_merge_point(0, 0, '212<main.rpyeffect:202([switch case for 1#548])>+6: {"op": "Swap". "type": "ptr". "a": 1. "b". 0}')
debug_merge_point(0, 0, '212<main.rpyeffect:202([switch case for 1#548])>+7: {"op": "Invoke". "receiver": 1. "tag": Interned(%Fail_1(p):p). "args" : {"num": []. "ptr": [0]}}')
+392: p54 = getfield_gc_r(p53, descr=<FieldP rpyeffect.stored_environment.CoData__arb_arb.inst_vtable 24 pure>)
+400: guard_value(p54, ConstPtr(ptr55), descr=<Guard0x1180981e0>) [p0, i1, i2, i3, i4, i5, i6, i7, i8, i9, i10, i11, i12, i13, i14, i15, i16, p17, p18, p19, p20, p21, p22, p23, p24, p25, p26, p27, p28, p29, p30, p31, p32, p33, p34, p35, p36]
+408: p56 = getfield_gc_r(p53, descr=<FieldP rpyeffect.stored_environment.CoData__0_1.inst_values_ptr_0 32 pure>)
debug_merge_point(0, 0, '282<main.rpyeffect:272([method_%Fail_1(p):p@[mcore:[#56]#774]#779])>+0: {"op": "Const". "type": "num". "out": 0. "value": 0}')
debug_merge_point(0, 0, '282<main.rpyeffect:272([method_%Fail_1(p):p@[mcore:[#56]#774]#779])>+1: {"op": "ShiftDyn". "out": 1. "n": 0. "label": 1}')
+412: i57 = instance_ptr_eq(p33, p56)
guard_false(i57, descr=<Guard0x118098220>) [p0, i1, i2, i3, i4, i5, i6, i7, i8, i9, i10, i11, i12, i13, i14, i15, i16, p17, p18, p19, p20, p21, p22, p23, p24, p25, p26, p27, p28, p29, p30, p31, p32, p33, p34, p35, p36]
+420: p58 = getfield_gc_r(p35, descr=<FieldP rpyeffect.stack.MetaStack.inst_region 24 pure>)
+424: guard_isnull(p58, descr=<Guard0x118098260>) [p0, i1, i2, i3, i4, i5, i6, i7, i8, i9, i10, i11, i12, i13, i14, i15, i16, p17, p18, p19, p20, p21, p22, p23, p24, p25, p26, p27, p28, p29, p30, p31, p32, p33, p34, p35, p36]
+432: i59 = instance_ptr_eq(p50, p56)
guard_false(i59, descr=<Guard0x1180982a0>) [p0, i1, i2, i3, i4, i5, i6, i7, i8, i9, i10, i11, i12, i13, i14, i15, i16, p17, p18, p19, p20, p21, p22, p23, p24, p25, p26, p27, p28, p29, p30, p31, p32, p33, p34, p35, p36]
+440: p60 = getfield_gc_r(p35, descr=<FieldP rpyeffect.stack.MetaStack.inst_tail 32 pure>)
+444: p61 = getfield_gc_r(p60, descr=<FieldP rpyeffect.stack.MetaStack.inst_region 24 pure>)
+448: guard_isnull(p61, descr=<Guard0x1180982e0>) [p0, i1, i2, i3, i4, i5, i6, i7, i8, i9, i10, i11, i12, i13, i14, i15, i16, p17, p18, p19, p20, p21, p22, p23, p24, p25, p26, p27, p28, p29, p30, p31, p32, p33, p34, p35, p36]
+456: p62 = getfield_gc_r(p60, descr=<FieldP rpyeffect.stack.MetaStack.inst_label 16 pure>)
+460: i63 = instance_ptr_eq(p62, p56)
guard_true(i63, descr=<Guard0x118098320>) [p0, i1, i2, i3, i4, i5, i6, i7, i8, i9, i10, i11, i12, i13, i14, i15, i16, p17, p18, p19, p20, p21, p22, p23, p24, p25, p26, p27, p28, p29, p30, p31, p32, p33, p34, p35, p36]
+468: p64 = getfield_gc_r(p60, descr=<FieldP rpyeffect.stack.MetaStackLike.inst_stack 8 pure>)
+472: guard_class(p60, 4373753536, descr=<Guard0x118098360>) [p0, i1, i2, i3, i4, i5, i6, i7, i8, i9, i10, i11, i12, i13, i14, i15, i16, p17, p18, p19, p20, p21, p22, p23, p24, p25, p26, p27, p28, p29, p30, p31, p32, p33, p34, p35, p36]
+488: p66 = getfield_gc_r(p60, descr=<FieldP rpyeffect.stack.MetaStack.inst_tail 32 pure>)
+492: p67 = getfield_gc_r(p35, descr=<FieldP rpyeffect.stack.MetaStackLike.inst_stack 8 pure>)
+496: guard_nonnull_class(p66, 4373753536, descr=<Guard0x1280e2a18>) [p0, i1, i2, i3, i4, i5, i6, i7, i8, i9, i10, i11, i12, i13, i14, i15, i16, p17, p18, p19, p20, p21, p22, p23, p24, p25, p26, p27, p28, p29, p30, p31, p32, p33, p34, p35, p36]
+520: p69 = getfield_gc_r(p66, descr=<FieldP rpyeffect.stack.MetaStackLike.inst_stack 8 pure>)
+524: p70 = getfield_gc_r(p66, descr=<FieldP rpyeffect.stack.MetaStack.inst_label 16 pure>)
+528: p71 = getfield_gc_r(p66, descr=<FieldP rpyeffect.stack.MetaStack.inst_tail 32 pure>)
+532: guard_nonnull(p69, descr=<Guard0x1180983a0>) [p0, i1, i2, i3, i4, i5, i6, i7, i8, i9, i10, i11, i12, i13, i14, i15, i16, p17, p18, p19, p20, p21, p22, p23, p24, p25, p26, p27, p28, p29, p30, p31, p32, p33, p34, p35, p36]
+540: i72 = getfield_gc_i(p69, descr=<FieldS rpyeffect.stored_environment.Stack__arb_arb.inst_target 16 pure>)
+544: guard_value(i72, 293, descr=<Guard0x1180983e0>) [p0, i1, i2, i3, i4, i5, i6, i7, i8, i9, i10, i11, i12, i13, i14, i15, i16, p17, p18, p19, p20, p21, p22, p23, p24, p25, p26, p27, p28, p29, p30, p31, p32, p33, p34, p35, p36]
debug_merge_point(0, 0, '282<main.rpyeffect:272([method_%Fail_1(p):p@[mcore:[#56]#774]#779])>+2: {"op": "Match". "type": Interned({"op": "eff$Tuple". "elements": []}). "scrutinee": 0. "clauses": [{"tag": Interned({"op": "eff$Tuple". "elements": []}). "target": 281. "args": {"num": []. "ptr": []}}]. "default": {"tag": Interned(c1ad4e97-e16b-4180-ac28-d851f2c5f77a#[Missing Tag#1079]). "target": 280. "args": {"num": []. "ptr": []}}}')
debug_merge_point(0, 0, '281<main.rpyeffect:271([#790])>+0: {"op": "Const". "type": "num". "out": 0. "value": 0}')
debug_merge_point(0, 0, '281<main.rpyeffect:271([#790])>+1: {"op": "Return". "args": {"num": [0]. "ptr": []}}')
+556: i74 = getfield_gc_i(p69, descr=<FieldS rpyeffect.stored_environment.Stack__1_0.inst_values_num_0 40 pure>)
+560: p75 = getfield_gc_r(p69, descr=<FieldP rpyeffect.stored_environment.Stack__arb_arb.inst_tail 8 pure>)
debug_merge_point(0, 0, '293<main.rpyeffect:283([k@[k@[#823]#827]#831])>+0: {"op": "Push". "target": 292. "args": {"num": [0]. "ptr": []}}')
debug_merge_point(0, 0, '293<main.rpyeffect:283([k@[k@[#823]#827]#831])>+1: {"op": "Copy". "type": "num". "from": 1. "to". 0}')
+564: p76 = new_with_vtable(descr=<SizeDescr 48>)
+672: p77 = new_with_vtable(descr=<SizeDescr 32>)
+684: p78 = new_with_vtable(descr=<SizeDescr 48>)
+696: p79 = new_with_vtable(descr=<SizeDescr 40>)
+708: p80 = new_with_vtable(descr=<SizeDescr 40>)
+720: p81 = new_with_vtable(descr=<SizeDescr 40>)
+736: setfield_gc(p81, p34, descr=<FieldP rpyeffect.stored_environment.Stack__arb_arb.inst_tail 8 pure>)
+744: setfield_gc(p81, 214, descr=<FieldS rpyeffect.stored_environment.Stack__arb_arb.inst_target 16 pure>)
+752: setfield_gc(p80, p81, descr=<FieldP rpyeffect.stored_environment.Stack__arb_arb.inst_tail 8 pure>)
+756: setfield_gc(p80, 209, descr=<FieldS rpyeffect.stored_environment.Stack__arb_arb.inst_target 16 pure>)
+764: setfield_gc(p79, p80, descr=<FieldP rpyeffect.stored_environment.Stack__arb_arb.inst_tail 8 pure>)
+768: setfield_gc(p79, 211, descr=<FieldS rpyeffect.stored_environment.Stack__arb_arb.inst_target 16 pure>)
+776: p85 = new_with_vtable(descr=<SizeDescr 48>)
+792: setfield_gc(p85, p67, descr=<FieldP rpyeffect.stack.MetaStackLike.inst_stack 8 pure>)
+796: setfield_gc(p85, p50, descr=<FieldP rpyeffect.stack.MetaStack.inst_label 16 pure>)
+800: setfield_gc(p85, ConstPtr(null), descr=<FieldP rpyeffect.stack.MetaStack.inst_region 24 pure>)
+808: p87 = new_with_vtable(descr=<SizeDescr 40>)
+820: setfield_gc(p87, p64, descr=<FieldP rpyeffect.stack.MetaStackLike.inst_stack 8 pure>)
+824: setfield_gc(p87, p62, descr=<FieldP rpyeffect.stack.MetaStack.inst_label 16 pure>)
+828: setfield_gc(p87, ConstPtr(null), descr=<FieldP rpyeffect.stack.MetaStack.inst_region 24 pure>)
+836: setfield_gc(p87, ConstPtr(null), descr=<FieldP rpyeffect.stack.MetaStack.inst_tail 32 pure>)
+844: setfield_gc(p85, p87, descr=<FieldP rpyeffect.stack.MetaStack.inst_tail 32 pure>)
+848: setfield_gc(p85, p53, descr=<FieldP rpyeffect.stack.MetaStackWithBinding.inst_binding 40 pure>)
+852: setfield_gc(p76, 292, descr=<FieldS rpyeffect.stored_environment.Stack__arb_arb.inst_target 16 pure>)
+860: setfield_gc(p78, p33, descr=<FieldP rpyeffect.stack.MetaStack.inst_label 16 pure>)
+864: setfield_gc(p78, p36, descr=<FieldP rpyeffect.stack.MetaStackWithBinding.inst_binding 40 pure>)
+872: setfield_gc(p78, ConstPtr(null), descr=<FieldP rpyeffect.stack.MetaStack.inst_region 24 pure>)
+880: setfield_gc(p78, p85, descr=<FieldP rpyeffect.stack.MetaStack.inst_tail 32 pure>)
+884: setfield_gc(p78, p79, descr=<FieldP rpyeffect.stack.MetaStackLike.inst_stack 8 pure>)
+888: setfield_gc(p76, 0, descr=<FieldS rpyeffect.stored_environment.Stack__1_0.inst_values_num_0 40 pure>)
+896: setfield_gc(p76, p75, descr=<FieldP rpyeffect.stored_environment.Stack__arb_arb.inst_tail 8 pure>)
+904: setfield_gc(p77, ConstPtr(ptr93), descr=<FieldP rpyeffect.stored_environment.Data__arb_arb.inst_tag 8>)
+988: jump(p70, p76, p0, p71, ConstPtr(null), 0, i74, i3, i4, i5, i6, i7, i8, i9, i10, i11, i12, i13, i14, i15, i16, p77, p78, p19, p20, p21, p22, p23, p24, p25, p26, p27, p28, p29, p30, p31, p32, descr=TargetToken(4966633888))
+1228: --end of the loop--
[1b7baa3] jit-log-opt-bridge}
[1cf2902] {jit-log-opt-loop
# Loop 10 (220<main.rpyeffect:210([k@[switch case for 0#562]#572])>+0: {"op": "Swap", "type": "num", "a": 1, "b", 0}) : loop with 222 ops
[p0, p1, p2, p3, p4]
+456: p5 = getfield_gc_r(p2, descr=<FieldP rpyeffect.environment.Environment.inst_values_num 16>)
+464: i7 = getarrayitem_gc_i(p5, 0, descr=<ArrayS 8>)
+468: i9 = getarrayitem_gc_i(p5, 1, descr=<ArrayS 8>)
+472: i11 = getarrayitem_gc_i(p5, 2, descr=<ArrayS 8>)
+476: i13 = getarrayitem_gc_i(p5, 3, descr=<ArrayS 8>)
+480: i15 = getarrayitem_gc_i(p5, 4, descr=<ArrayS 8>)
+484: i17 = getarrayitem_gc_i(p5, 5, descr=<ArrayS 8>)
+488: i19 = getarrayitem_gc_i(p5, 6, descr=<ArrayS 8>)
+492: i21 = getarrayitem_gc_i(p5, 7, descr=<ArrayS 8>)
+496: i23 = getarrayitem_gc_i(p5, 8, descr=<ArrayS 8>)
+500: i25 = getarrayitem_gc_i(p5, 9, descr=<ArrayS 8>)
+504: i27 = getarrayitem_gc_i(p5, 10, descr=<ArrayS 8>)
+508: i29 = getarrayitem_gc_i(p5, 11, descr=<ArrayS 8>)
+512: i31 = getarrayitem_gc_i(p5, 12, descr=<ArrayS 8>)
+516: i33 = getarrayitem_gc_i(p5, 13, descr=<ArrayS 8>)
+520: i35 = getarrayitem_gc_i(p5, 14, descr=<ArrayS 8>)
+528: i37 = getarrayitem_gc_i(p5, 15, descr=<ArrayS 8>)
+532: p38 = getfield_gc_r(p2, descr=<FieldP rpyeffect.environment.Environment.inst_values_ptr 24>)
+536: p40 = getarrayitem_gc_r(p38, 0, descr=<ArrayP 8>)
+544: p42 = getarrayitem_gc_r(p38, 1, descr=<ArrayP 8>)
+552: p44 = getarrayitem_gc_r(p38, 2, descr=<ArrayP 8>)
+560: p46 = getarrayitem_gc_r(p38, 3, descr=<ArrayP 8>)
+568: p48 = getarrayitem_gc_r(p38, 4, descr=<ArrayP 8>)
+576: p50 = getarrayitem_gc_r(p38, 5, descr=<ArrayP 8>)
+584: p52 = getarrayitem_gc_r(p38, 6, descr=<ArrayP 8>)
+592: p54 = getarrayitem_gc_r(p38, 7, descr=<ArrayP 8>)
+600: p56 = getarrayitem_gc_r(p38, 8, descr=<ArrayP 8>)
+608: p58 = getarrayitem_gc_r(p38, 9, descr=<ArrayP 8>)
+616: p60 = getarrayitem_gc_r(p38, 10, descr=<ArrayP 8>)
+624: p62 = getarrayitem_gc_r(p38, 11, descr=<ArrayP 8>)
+632: p64 = getarrayitem_gc_r(p38, 12, descr=<ArrayP 8>)
+640: p66 = getarrayitem_gc_r(p38, 13, descr=<ArrayP 8>)
+648: p68 = getarrayitem_gc_r(p38, 14, descr=<ArrayP 8>)
+656: p70 = getarrayitem_gc_r(p38, 15, descr=<ArrayP 8>)
+660: label(p0, p1, p2, p3, p4, i7, i9, i11, i13, i15, i17, i19, i21, i23, i25, i27, i29, i31, i33, i35, i37, p40, p42, p44, p46, p48, p50, p52, p54, p56, p58, p60, p62, p64, p66, p68, p70, descr=TargetToken(4966780624))
+716: guard_not_invalidated(descr=<Guard0x1180a5a40>) [p2, i7, i9, i11, i13, i15, i17, i19, i21, i23, i25, i27, i29, i31, i33, i35, i37, p40, p42, p44, p46, p48, p50, p52, p54, p56, p58, p60, p62, p64, p66, p68, p70, p0, p1, p3, p4]
debug_merge_point(0, 0, '220<main.rpyeffect:210([k@[switch case for 0#562]#572])>+1: {"op": "Switch". "scrutinee": 1. "values": [1]. "targets": [213]. "default": 219}')
+720: i72 = int_eq(i7, 1)
guard_true(i72, descr=<Guard0x118098f60>) [p2, i7, i9, i11, i13, i15, i17, i19, i21, i23, i25, i27, i29, i31, i33, i35, i37, p40, p42, p44, p46, p48, p50, p52, p54, p56, p58, p60, p62, p64, p66, p68, p70, p0, p1, p3, p4]
+728: guard_nonnull(p1, descr=<Guard0x118098fa0>) [p2, i7, i9, i11, i13, i15, i17, i19, i21, i23, i25, i27, i29, i31, i33, i35, i37, p40, p42, p44, p46, p48, p50, p52, p54, p56, p58, p60, p62, p64, p66, p68, p70, p0, p1, p3, p4]
+740: i73 = getfield_gc_i(p1, descr=<FieldS rpyeffect.stored_environment.Stack__arb_arb.inst_target 16 pure>)
+748: guard_value(i73, 231, descr=<Guard0x118098fe0>) [p2, i7, i9, i11, i13, i15, i17, i19, i21, i23, i25, i27, i29, i31, i33, i35, i37, p40, p42, p44, p46, p48, p50, p52, p54, p56, p58, p60, p62, p64, p66, p68, p70, p0, p1, p3, p4]
debug_merge_point(0, 0, '213<main.rpyeffect:203([switch case for 1#573])>+0: {"op": "PrimOp". "name": "box(Num): Ptr". "out": {"num": []. "ptr": [0]}. "in": {"num": [0]. "ptr": []}}')
debug_merge_point(0, 0, '213<main.rpyeffect:203([switch case for 1#573])>+1: {"op": "Return". "args": {"num": []. "ptr": [0]}}')
+760: p75 = getfield_gc_r(p1, descr=<FieldP rpyeffect.stored_environment.Stack__arb_arb.inst_tail 8 pure>)
debug_merge_point(0, 0, '231<main.rpyeffect:221([k@[mcore:[eta-expanded fn#481]#618]#623])>+0: {"op": "PrimOp". "name": "unbox(Ptr): Num". "out": {"num": [0]. "ptr": []}. "in": {"num": []. "ptr": [0]}}')
debug_merge_point(0, 0, '231<main.rpyeffect:221([k@[mcore:[eta-expanded fn#481]#618]#623])>+1: {"op": "Return". "args": {"num": [0]. "ptr": []}}')
+764: guard_nonnull(p75, descr=<Guard0x118099020>) [p2, i7, i9, i11, i13, i15, i17, i19, i21, i23, i25, i27, i29, i31, i33, i35, i37, p40, p42, p44, p46, p48, p50, p52, p54, p56, p58, p60, p62, p64, p66, p68, p70, p0, p1, p3, p4]
+772: i76 = getfield_gc_i(p75, descr=<FieldS rpyeffect.stored_environment.Stack__arb_arb.inst_target 16 pure>)
+776: guard_value(i76, 244, descr=<Guard0x118099060>) [p2, i7, i9, i11, i13, i15, i17, i19, i21, i23, i25, i27, i29, i31, i33, i35, i37, p40, p42, p44, p46, p48, p50, p52, p54, p56, p58, p60, p62, p64, p66, p68, p70, p0, p1, p3, p4]
+788: i78 = getfield_gc_i(p75, descr=<FieldS rpyeffect.stored_environment.Stack__3_0.inst_values_num_0 40 pure>)
+792: i79 = getfield_gc_i(p75, descr=<FieldS rpyeffect.stored_environment.Stack__3_0.inst_values_num_1 48 pure>)
+796: i80 = getfield_gc_i(p75, descr=<FieldS rpyeffect.stored_environment.Stack__3_0.inst_values_num_2 56 pure>)
+800: p81 = getfield_gc_r(p75, descr=<FieldP rpyeffect.stored_environment.Stack__arb_arb.inst_tail 8 pure>)
debug_merge_point(0, 0, '244<main.rpyeffect:234([k@[k@[k@[#649]#651]#655]#663])>+0: {"op": "Push". "target": 243. "args": {"num": [1. 2. 0. 3]. "ptr": []}}')
debug_merge_point(0, 0, '244<main.rpyeffect:234([k@[k@[k@[#649]#651]#655]#663])>+1: {"op": "Copy". "type": "num". "from": 1. "to". 0}')
debug_merge_point(0, 0, '244<main.rpyeffect:234([k@[k@[k@[#649]#651]#655]#663])>+2: {"op": "Jump". "target": 145}')
debug_merge_point(0, 0, '145<main.rpyeffect:135(Name(+_27))>+0: {"op": "New". "out": 0. "targets": [138. 140. 142. 144]. "args": {"num": [0]. "ptr": []}}')
debug_merge_point(0, 0, '145<main.rpyeffect:135(Name(+_27))>+1: {"op": "Return". "args": {"num": []. "ptr": [0]}}')
debug_merge_point(0, 0, '243<main.rpyeffect:233([k@[k@[k@[k@[#649]#651]#655]#663]#665])>+0: {"op": "Push". "target": 242. "args": {"num": [0. 1. 2. 3]. "ptr": []}}')
debug_merge_point(0, 0, '243<main.rpyeffect:233([k@[k@[k@[k@[#649]#651]#655]#663]#665])>+1: {"op": "Copy". "type": "num". "from": 1. "to". 0}')
debug_merge_point(0, 0, '243<main.rpyeffect:233([k@[k@[k@[k@[#649]#651]#655]#663]#665])>+2: {"op": "Invoke". "receiver": 0. "tag": Interned(%apply(n):n). "args" : {"num": [0]. "ptr": []}}')
debug_merge_point(0, 0, '138<main.rpyeffect:128([method_%apply(n):n@Name(+_27)#347])>+0: {"op": "Jump". "target": 136}')
debug_merge_point(0, 0, '136<main.rpyeffect:126([mcore:[#26]#343])>+0: {"op": "PrimOp". "name": "infixAdd(Int. Int): Int". "out": {"num": [0]. "ptr": []}. "in": {"num": [1. 0]. "ptr": []}}')
+804: i82 = int_add(i78, i79)
debug_merge_point(0, 0, '136<main.rpyeffect:126([mcore:[#26]#343])>+1: {"op": "Return". "args": {"num": [0]. "ptr": []}}')
debug_merge_point(0, 0, '242<main.rpyeffect:232([#667])>+0: {"op": "Push". "target": 241. "args": {"num": [1. 2. 3. 4]. "ptr": []}}')
debug_merge_point(0, 0, '242<main.rpyeffect:232([#667])>+1: {"op": "Jump". "target": 145}')
debug_merge_point(0, 0, '145<main.rpyeffect:135(Name(+_27))>+0: {"op": "New". "out": 0. "targets": [138. 140. 142. 144]. "args": {"num": [0]. "ptr": []}}')
debug_merge_point(0, 0, '145<main.rpyeffect:135(Name(+_27))>+1: {"op": "Return". "args": {"num": []. "ptr": [0]}}')
debug_merge_point(0, 0, '241<main.rpyeffect:231([k@[#667]#669])>+0: {"op": "Push". "target": 240. "args": {"num": [0. 1. 2. 3]. "ptr": []}}')
debug_merge_point(0, 0, '241<main.rpyeffect:231([k@[#667]#669])>+1: {"op": "Copy". "type": "num". "from": 2. "to". 0}')
debug_merge_point(0, 0, '241<main.rpyeffect:231([k@[#667]#669])>+2: {"op": "Invoke". "receiver": 0. "tag": Interned(%apply(n):n). "args" : {"num": [0]. "ptr": []}}')
debug_merge_point(0, 0, '138<main.rpyeffect:128([method_%apply(n):n@Name(+_27)#347])>+0: {"op": "Jump". "target": 136}')
debug_merge_point(0, 0, '136<main.rpyeffect:126([mcore:[#26]#343])>+0: {"op": "PrimOp". "name": "infixAdd(Int. Int): Int". "out": {"num": [0]. "ptr": []}. "in": {"num": [1. 0]. "ptr": []}}')
+808: i83 = int_add(i82, i9)
debug_merge_point(0, 0, '136<main.rpyeffect:126([mcore:[#26]#343])>+1: {"op": "Return". "args": {"num": [0]. "ptr": []}}')
debug_merge_point(0, 0, '240<main.rpyeffect:230([k@[k@[#667]#669]#671])>+0: {"op": "Push". "target": 239. "args": {"num": [1. 2. 3. 4]. "ptr": []}}')
debug_merge_point(0, 0, '240<main.rpyeffect:230([k@[k@[#667]#669]#671])>+1: {"op": "Jump". "target": 19}')
debug_merge_point(0, 0, '19<main.rpyeffect:9(Name(=_0))>+0: {"op": "New". "out": 0. "targets": [12. 14. 16. 18]. "args": {"num": [0]. "ptr": []}}')
debug_merge_point(0, 0, '19<main.rpyeffect:9(Name(=_0))>+1: {"op": "Return". "args": {"num": []. "ptr": [0]}}')
debug_merge_point(0, 0, '239<main.rpyeffect:229([k@[k@[k@[#667]#669]#671]#673])>+0: {"op": "Push". "target": 238. "args": {"num": [0. 1. 2]. "ptr": []}}')
debug_merge_point(0, 0, '239<main.rpyeffect:229([k@[k@[k@[#667]#669]#671]#673])>+1: {"op": "Copy". "type": "num". "from": 3. "to". 0}')
debug_merge_point(0, 0, '239<main.rpyeffect:229([k@[k@[k@[#667]#669]#671]#673])>+2: {"op": "Invoke". "receiver": 0. "tag": Interned(%apply(n):n). "args" : {"num": [0]. "ptr": []}}')
debug_merge_point(0, 0, '12<main.rpyeffect:2([method_%apply(n):n@Name(=_0)#7])>+0: {"op": "Jump". "target": 10}')
debug_merge_point(0, 0, '10<main.rpyeffect:0([mcore:[#15]#3])>+0: {"op": "PrimOp". "name": "infixEq(Int. Int): Boolean". "out": {"num": [0]. "ptr": []}. "in": {"num": [1. 0]. "ptr": []}}')
+812: i84 = int_eq(i83, i80)
guard_false(i84, descr=<Guard0x1180990a0>) [p2, i7, i9, i11, i13, i15, i17, i19, i21, i23, i25, i27, i29, i31, i33, i35, i37, p40, p42, p44, p46, p48, p50, p52, p54, p56, p58, p60, p62, p64, p66, p68, p70, p0, p1, p3, p4]
debug_merge_point(0, 0, '10<main.rpyeffect:0([mcore:[#15]#3])>+1: {"op": "Return". "args": {"num": [0]. "ptr": []}}')
debug_merge_point(0, 0, '238<main.rpyeffect:228([k@[k@[k@[k@[#667]#669]#671]#673]#675])>+0: {"op": "Switch". "scrutinee": 0. "values": [1]. "targets": [233]. "default": 237}')
+820: guard_nonnull(p81, descr=<Guard0x1180990e0>) [p2, i7, i9, i11, i13, i15, i17, i19, i21, i23, i25, i27, i29, i31, i33, i35, i37, p40, p42, p44, p46, p48, p50, p52, p54, p56, p58, p60, p62, p64, p66, p68, p70, p0, p1, p3, p4]
+828: i85 = getfield_gc_i(p81, descr=<FieldS rpyeffect.stored_environment.Stack__arb_arb.inst_target 16 pure>)
+832: guard_value(i85, 310, descr=<Guard0x118099120>) [p2, i7, i9, i11, i13, i15, i17, i19, i21, i23, i25, i27, i29, i31, i33, i35, i37, p40, p42, p44, p46, p48, p50, p52, p54, p56, p58, p60, p62, p64, p66, p68, p70, p0, p1, p3, p4]
debug_merge_point(0, 0, '237<main.rpyeffect:227([switch default case#678])>+0: {"op": "Switch". "scrutinee": 0. "values": [0]. "targets": [235]. "default": 236}')
debug_merge_point(0, 0, '235<main.rpyeffect:225([switch case for 0#679])>+0: {"op": "Const". "type": "num". "out": 0. "value": 0}')
debug_merge_point(0, 0, '235<main.rpyeffect:225([switch case for 0#679])>+1: {"op": "Const". "type": "ptr". "out": 0. "format": "string". "value": "Name(Fail_1)"}')
debug_merge_point(0, 0, '235<main.rpyeffect:225([switch case for 0#679])>+2: {"op": "PrimOp". "name": "getGlobal(String): Ptr". "out": {"num": []. "ptr": [0]}. "in": {"num": []. "ptr": [0]}}')
debug_merge_point(0, 0, '235<main.rpyeffect:225([switch case for 0#679])>+3: {"op": "GetDynamic". "out": 0. "n": 0. "label": 0}')
+844: guard_nonnull(p4, descr=<Guard0x118099160>) [p2, i7, i9, i11, i13, i15, i17, i19, i21, i23, i25, i27, i29, i31, i33, i35, i37, p40, p42, p44, p46, p48, p50, p52, p54, p56, p58, p60, p62, p64, p66, p68, p70, p0, p1, p3, p4]
+860: i88 = instance_ptr_eq(p0, ConstPtr(ptr87))
guard_false(i88, descr=<Guard0x1180991a0>) [p2, i7, i9, i11, i13, i15, i17, i19, i21, i23, i25, i27, i29, i31, i33, i35, i37, p40, p42, p44, p46, p48, p50, p52, p54, p56, p58, p60, p62, p64, p66, p68, p70, p0, p1, p3, p4]
+872: guard_nonnull_class(p3, ConstClass(MetaStackWithBinding), descr=<Guard0x1180a5a98>) [p2, i7, i9, i11, i13, i15, i17, i19, i21, i23, i25, i27, i29, i31, i33, i35, i37, p40, p42, p44, p46, p48, p50, p52, p54, p56, p58, p60, p62, p64, p66, p68, p70, p0, p1, p3, p4]
+900: p90 = getfield_gc_r(p3, descr=<FieldP rpyeffect.stack.MetaStack.inst_label 16 pure>)
+904: i92 = instance_ptr_eq(p90, ConstPtr(ptr91))
guard_true(i92, descr=<Guard0x1180991e0>) [p2, i7, i9, i11, i13, i15, i17, i19, i21, i23, i25, i27, i29, i31, i33, i35, i37, p40, p42, p44, p46, p48, p50, p52, p54, p56, p58, p60, p62, p64, p66, p68, p70, p0, p1, p3, p4]
+912: p93 = getfield_gc_r(p3, descr=<FieldP rpyeffect.stack.MetaStackWithBinding.inst_binding 40 pure>)
debug_merge_point(0, 0, '235<main.rpyeffect:225([switch case for 0#679])>+4: {"op": "Construct". "out": 1. "type": Interned({"op": "eff$Tuple". "elements": []}). "tag": Interned({"op": "eff$Tuple". "elements": []}). "args": {"num": []. "ptr": []}}')
debug_merge_point(0, 0, '235<main.rpyeffect:225([switch case for 0#679])>+5: {"op": "Push". "target": 234. "args": {"num": []. "ptr": []}}')
debug_merge_point(0, 0, '235<main.rpyeffect:225([switch case for 0#679])>+6: {"op": "Swap". "type": "ptr". "a": 1. "b". 0}')
debug_merge_point(0, 0, '235<main.rpyeffect:225([switch case for 0#679])>+7: {"op": "Invoke". "receiver": 1. "tag": Interned(%Fail_1(p):p). "args" : {"num": []. "ptr": [0]}}')
+916: p94 = getfield_gc_r(p93, descr=<FieldP rpyeffect.stored_environment.CoData__arb_arb.inst_vtable 24 pure>)
+924: guard_value(p94, ConstPtr(ptr95), descr=<Guard0x118099220>) [p2, i7, i9, i11, i13, i15, i17, i19, i21, i23, i25, i27, i29, i31, i33, i35, i37, p40, p42, p44, p46, p48, p50, p52, p54, p56, p58, p60, p62, p64, p66, p68, p70, p0, p1, p3, p4]
+932: p96 = getfield_gc_r(p93, descr=<FieldP rpyeffect.stored_environment.CoData__0_1.inst_values_ptr_0 32 pure>)
debug_merge_point(0, 0, '282<main.rpyeffect:272([method_%Fail_1(p):p@[mcore:[#56]#774]#779])>+0: {"op": "Const". "type": "num". "out": 0. "value": 0}')
debug_merge_point(0, 0, '282<main.rpyeffect:272([method_%Fail_1(p):p@[mcore:[#56]#774]#779])>+1: {"op": "ShiftDyn". "out": 1. "n": 0. "label": 1}')
+936: i97 = instance_ptr_eq(p0, p96)
guard_false(i97, descr=<Guard0x118099260>) [p2, i7, i9, i11, i13, i15, i17, i19, i21, i23, i25, i27, i29, i31, i33, i35, i37, p40, p42, p44, p46, p48, p50, p52, p54, p56, p58, p60, p62, p64, p66, p68, p70, p0, p1, p3, p4]
+944: p98 = getfield_gc_r(p3, descr=<FieldP rpyeffect.stack.MetaStack.inst_region 24 pure>)
+948: guard_isnull(p98, descr=<Guard0x1180992a0>) [p2, i7, i9, i11, i13, i15, i17, i19, i21, i23, i25, i27, i29, i31, i33, i35, i37, p40, p42, p44, p46, p48, p50, p52, p54, p56, p58, p60, p62, p64, p66, p68, p70, p0, p1, p3, p4]
+956: i99 = instance_ptr_eq(p90, p96)
guard_false(i99, descr=<Guard0x1180992e0>) [p2, i7, i9, i11, i13, i15, i17, i19, i21, i23, i25, i27, i29, i31, i33, i35, i37, p40, p42, p44, p46, p48, p50, p52, p54, p56, p58, p60, p62, p64, p66, p68, p70, p0, p1, p3, p4]
+964: p100 = getfield_gc_r(p3, descr=<FieldP rpyeffect.stack.MetaStack.inst_tail 32 pure>)
+968: p101 = getfield_gc_r(p100, descr=<FieldP rpyeffect.stack.MetaStack.inst_region 24 pure>)
+972: guard_isnull(p101, descr=<Guard0x118099320>) [p2, i7, i9, i11, i13, i15, i17, i19, i21, i23, i25, i27, i29, i31, i33, i35, i37, p40, p42, p44, p46, p48, p50, p52, p54, p56, p58, p60, p62, p64, p66, p68, p70, p0, p1, p3, p4]
+980: p102 = getfield_gc_r(p100, descr=<FieldP rpyeffect.stack.MetaStack.inst_label 16 pure>)
+984: i103 = instance_ptr_eq(p102, p96)
guard_true(i103, descr=<Guard0x118099360>) [p2, i7, i9, i11, i13, i15, i17, i19, i21, i23, i25, i27, i29, i31, i33, i35, i37, p40, p42, p44, p46, p48, p50, p52, p54, p56, p58, p60, p62, p64, p66, p68, p70, p0, p1, p3, p4]
+992: p104 = getfield_gc_r(p100, descr=<FieldP rpyeffect.stack.MetaStackLike.inst_stack 8 pure>)
+996: guard_class(p100, 4373753536, descr=<Guard0x1180993a0>) [p2, i7, i9, i11, i13, i15, i17, i19, i21, i23, i25, i27, i29, i31, i33, i35, i37, p40, p42, p44, p46, p48, p50, p52, p54, p56, p58, p60, p62, p64, p66, p68, p70, p0, p1, p3, p4]
+1012: p106 = getfield_gc_r(p100, descr=<FieldP rpyeffect.stack.MetaStack.inst_tail 32 pure>)
+1016: p107 = getfield_gc_r(p3, descr=<FieldP rpyeffect.stack.MetaStackLike.inst_stack 8 pure>)
+1020: guard_nonnull_class(p106, 4373753536, descr=<Guard0x1180a5af0>) [p2, i7, i9, i11, i13, i15, i17, i19, i21, i23, i25, i27, i29, i31, i33, i35, i37, p40, p42, p44, p46, p48, p50, p52, p54, p56, p58, p60, p62, p64, p66, p68, p70, p0, p1, p3, p4]
+1044: p109 = getfield_gc_r(p106, descr=<FieldP rpyeffect.stack.MetaStackLike.inst_stack 8 pure>)
+1048: p110 = getfield_gc_r(p106, descr=<FieldP rpyeffect.stack.MetaStack.inst_label 16 pure>)
+1052: p111 = getfield_gc_r(p106, descr=<FieldP rpyeffect.stack.MetaStack.inst_tail 32 pure>)
+1056: guard_nonnull(p109, descr=<Guard0x1180993e0>) [p2, i7, i9, i11, i13, i15, i17, i19, i21, i23, i25, i27, i29, i31, i33, i35, i37, p40, p42, p44, p46, p48, p50, p52, p54, p56, p58, p60, p62, p64, p66, p68, p70, p0, p1, p3, p4]
+1064: i112 = getfield_gc_i(p109, descr=<FieldS rpyeffect.stored_environment.Stack__arb_arb.inst_target 16 pure>)
+1072: guard_value(i112, 294, descr=<Guard0x118099420>) [p2, i7, i9, i11, i13, i15, i17, i19, i21, i23, i25, i27, i29, i31, i33, i35, i37, p40, p42, p44, p46, p48, p50, p52, p54, p56, p58, p60, p62, p64, p66, p68, p70, p0, p1, p3, p4]
debug_merge_point(0, 0, '282<main.rpyeffect:272([method_%Fail_1(p):p@[mcore:[#56]#774]#779])>+2: {"op": "Match". "type": Interned({"op": "eff$Tuple". "elements": []}). "scrutinee": 0. "clauses": [{"tag": Interned({"op": "eff$Tuple". "elements": []}). "target": 281. "args": {"num": []. "ptr": []}}]. "default": {"tag": Interned(c1ad4e97-e16b-4180-ac28-d851f2c5f77a#[Missing Tag#1079]). "target": 280. "args": {"num": []. "ptr": []}}}')
debug_merge_point(0, 0, '281<main.rpyeffect:271([#790])>+0: {"op": "Const". "type": "num". "out": 0. "value": 0}')
debug_merge_point(0, 0, '281<main.rpyeffect:271([#790])>+1: {"op": "Return". "args": {"num": [0]. "ptr": []}}')
+1084: p114 = getfield_gc_r(p109, descr=<FieldP rpyeffect.stored_environment.Stack__0_1.inst_values_ptr_0 40 pure>)
+1088: p115 = getfield_gc_r(p109, descr=<FieldP rpyeffect.stored_environment.Stack__arb_arb.inst_tail 8 pure>)
debug_merge_point(0, 0, '294<main.rpyeffect:284([k@[#823]#827])>+0: {"op": "Const". "type": "num". "out": 1. "value": 0}')
debug_merge_point(0, 0, '294<main.rpyeffect:284([k@[#823]#827])>+1: {"op": "Push". "target": 293. "args": {"num": [0]. "ptr": []}}')
debug_merge_point(0, 0, '294<main.rpyeffect:284([k@[#823]#827])>+2: {"op": "Copy". "type": "num". "from": 1. "to". 0}')
debug_merge_point(0, 0, '294<main.rpyeffect:284([k@[#823]#827])>+3: {"op": "Jump". "target": 277}')
debug_merge_point(0, 0, '277<main.rpyeffect:267(Name(k_145))>+0: {"op": "PushStack". "arg": 0}')
+1092: guard_nonnull_class(p114, ConstClass(MetaStackWithBinding), descr=<Guard0x1180a5b48>) [p2, i7, i9, i11, i13, i15, i17, i19, i21, i23, i25, i27, i29, i31, i33, i35, i37, p40, p42, p44, p46, p48, p50, p52, p54, p56, p58, p60, p62, p64, p66, p68, p70, p0, p1, p3, p4]
+1116: p117 = getfield_gc_r(p114, descr=<FieldP rpyeffect.stack.MetaStack.inst_region 24 pure>)
+1124: guard_isnull(p117, descr=<Guard0x118099460>) [p2, i7, i9, i11, i13, i15, i17, i19, i21, i23, i25, i27, i29, i31, i33, i35, i37, p40, p42, p44, p46, p48, p50, p52, p54, p56, p58, p60, p62, p64, p66, p68, p70, p0, p1, p3, p4]
+1132: p118 = getfield_gc_r(p114, descr=<FieldP rpyeffect.stack.MetaStackLike.inst_stack 8 pure>)
+1136: p119 = getfield_gc_r(p114, descr=<FieldP rpyeffect.stack.MetaStack.inst_tail 32 pure>)
+1144: guard_nonnull_class(p119, ConstClass(MetaStackWithBinding), descr=<Guard0x1180a5ba0>) [p2, i7, i9, i11, i13, i15, i17, i19, i21, i23, i25, i27, i29, i31, i33, i35, i37, p40, p42, p44, p46, p48, p50, p52, p54, p56, p58, p60, p62, p64, p66, p68, p70, p0, p1, p3, p4]
+1168: p121 = getfield_gc_r(p119, descr=<FieldP rpyeffect.stack.MetaStack.inst_region 24 pure>)
+1176: guard_isnull(p121, descr=<Guard0x1180994a0>) [p2, i7, i9, i11, i13, i15, i17, i19, i21, i23, i25, i27, i29, i31, i33, i35, i37, p40, p42, p44, p46, p48, p50, p52, p54, p56, p58, p60, p62, p64, p66, p68, p70, p0, p1, p3, p4]
+1184: p122 = getfield_gc_r(p119, descr=<FieldP rpyeffect.stack.MetaStackLike.inst_stack 8 pure>)
+1188: p123 = getfield_gc_r(p119, descr=<FieldP rpyeffect.stack.MetaStack.inst_tail 32 pure>)
+1192: guard_nonnull_class(p123, 4373753536, descr=<Guard0x1180a5bf8>) [p2, i7, i9, i11, i13, i15, i17, i19, i21, i23, i25, i27, i29, i31, i33, i35, i37, p40, p42, p44, p46, p48, p50, p52, p54, p56, p58, p60, p62, p64, p66, p68, p70, p0, p1, p3, p4]
+1216: p125 = getfield_gc_r(p123, descr=<FieldP rpyeffect.stack.MetaStack.inst_region 24 pure>)
+1220: guard_isnull(p125, descr=<Guard0x1180994e0>) [p2, i7, i9, i11, i13, i15, i17, i19, i21, i23, i25, i27, i29, i31, i33, i35, i37, p40, p42, p44, p46, p48, p50, p52, p54, p56, p58, p60, p62, p64, p66, p68, p70, p0, p1, p3, p4]
+1228: p126 = getfield_gc_r(p123, descr=<FieldP rpyeffect.stack.MetaStackLike.inst_stack 8 pure>)
+1232: p127 = getfield_gc_r(p123, descr=<FieldP rpyeffect.stack.MetaStack.inst_tail 32 pure>)
+1236: guard_isnull(p127, descr=<Guard0x118099520>) [p2, i7, i9, i11, i13, i15, i17, i19, i21, i23, i25, i27, i29, i31, i33, i35, i37, p40, p42, p44, p46, p48, p50, p52, p54, p56, p58, p60, p62, p64, p66, p68, p70, p0, p1, p3, p4]
+1244: p128 = getfield_gc_r(p123, descr=<FieldP rpyeffect.stack.MetaStack.inst_label 16 pure>)
+1248: p129 = getfield_gc_r(p119, descr=<FieldP rpyeffect.stack.MetaStack.inst_label 16 pure>)
+1252: p130 = getfield_gc_r(p119, descr=<FieldP rpyeffect.stack.MetaStackWithBinding.inst_binding 40 pure>)
+1256: guard_nonnull(p130, descr=<Guard0x118099560>) [p2, i7, i9, i11, i13, i15, i17, i19, i21, i23, i25, i27, i29, i31, i33, i35, i37, p40, p42, p44, p46, p48, p50, p52, p54, p56, p58, p60, p62, p64, p66, p68, p70, p0, p1, p3, p4]
+1264: p131 = getfield_gc_r(p114, descr=<FieldP rpyeffect.stack.MetaStack.inst_label 16 pure>)
+1272: p132 = getfield_gc_r(p114, descr=<FieldP rpyeffect.stack.MetaStackWithBinding.inst_binding 40 pure>)
+1280: guard_nonnull(p132, descr=<Guard0x1180995a0>) [p2, i7, i9, i11, i13, i15, i17, i19, i21, i23, i25, i27, i29, i31, i33, i35, i37, p40, p42, p44, p46, p48, p50, p52, p54, p56, p58, p60, p62, p64, p66, p68, p70, p0, p1, p3, p4]
+1288: guard_nonnull(p118, descr=<Guard0x1180995e0>) [p2, i7, i9, i11, i13, i15, i17, i19, i21, i23, i25, i27, i29, i31, i33, i35, i37, p40, p42, p44, p46, p48, p50, p52, p54, p56, p58, p60, p62, p64, p66, p68, p70, p0, p1, p3, p4]
+1296: i133 = getfield_gc_i(p118, descr=<FieldS rpyeffect.stored_environment.Stack__arb_arb.inst_target 16 pure>)
+1304: guard_value(i133, 220, descr=<Guard0x118099620>) [p2, i7, i9, i11, i13, i15, i17, i19, i21, i23, i25, i27, i29, i31, i33, i35, i37, p40, p42, p44, p46, p48, p50, p52, p54, p56, p58, p60, p62, p64, p66, p68, p70, p0, p1, p3, p4]
debug_merge_point(0, 0, '277<main.rpyeffect:267(Name(k_145))>+1: {"op": "Return". "args": {"num": [0]. "ptr": []}}')
+1316: i135 = getfield_gc_i(p118, descr=<FieldS rpyeffect.stored_environment.Stack__1_0.inst_values_num_0 40 pure>)
+1320: p136 = getfield_gc_r(p118, descr=<FieldP rpyeffect.stored_environment.Stack__arb_arb.inst_tail 8 pure>)
+1324: guard_nonnull(p136, descr=<Guard0x118099660>) [p2, i7, i9, i11, i13, i15, i17, i19, i21, i23, i25, i27, i29, i31, i33, i35, i37, p40, p42, p44, p46, p48, p50, p52, p54, p56, p58, p60, p62, p64, p66, p68, p70, p0, p1, p3, p4]
+1332: i137 = getfield_gc_i(p136, descr=<FieldS rpyeffect.stored_environment.Stack__arb_arb.inst_target 16 pure>)
+1340: guard_value(i137, 231, descr=<Guard0x1180996a0>) [p2, i7, i9, i11, i13, i15, i17, i19, i21, i23, i25, i27, i29, i31, i33, i35, i37, p40, p42, p44, p46, p48, p50, p52, p54, p56, p58, p60, p62, p64, p66, p68, p70, p0, p1, p3, p4]
debug_merge_point(0, 0, '220<main.rpyeffect:210([k@[switch case for 0#562]#572])>+0: {"op": "Swap". "type": "num". "a": 1. "b". 0}')
+1352: p139 = new_with_vtable(descr=<SizeDescr 48>)
+1464: p140 = new_with_vtable(descr=<SizeDescr 40>)
+1476: setfield_gc(p140, p126, descr=<FieldP rpyeffect.stack.MetaStackLike.inst_stack 8 pure>)
+1484: setfield_gc(p140, p128, descr=<FieldP rpyeffect.stack.MetaStack.inst_label 16 pure>)
+1492: setfield_gc(p140, ConstPtr(null), descr=<FieldP rpyeffect.stack.MetaStack.inst_region 24 pure>)
+1500: p142 = new_with_vtable(descr=<SizeDescr 40>)
+1516: p143 = new_with_vtable(descr=<SizeDescr 48>)
+1532: setfield_gc(p143, p115, descr=<FieldP rpyeffect.stored_environment.Stack__arb_arb.inst_tail 8 pure>)
+1536: setfield_gc(p143, 293, descr=<FieldS rpyeffect.stored_environment.Stack__arb_arb.inst_target 16 pure>)
+1544: setfield_gc(p143, 0, descr=<FieldS rpyeffect.stored_environment.Stack__1_0.inst_values_num_0 40 pure>)
+1552: setfield_gc(p142, p143, descr=<FieldP rpyeffect.stack.MetaStackLike.inst_stack 8 pure>)
+1556: setfield_gc(p142, p110, descr=<FieldP rpyeffect.stack.MetaStack.inst_label 16 pure>)
+1560: setfield_gc(p142, ConstPtr(null), descr=<FieldP rpyeffect.stack.MetaStack.inst_region 24 pure>)
+1568: setfield_gc(p142, p111, descr=<FieldP rpyeffect.stack.MetaStack.inst_tail 32 pure>)
+1572: setfield_gc(p140, p142, descr=<FieldP rpyeffect.stack.MetaStack.inst_tail 32 pure>)
+1576: p147 = new_with_vtable(descr=<SizeDescr 48>)
+1588: p148 = new_with_vtable(descr=<SizeDescr 40>)
+1600: setfield_gc(p148, p81, descr=<FieldP rpyeffect.stored_environment.Stack__arb_arb.inst_tail 8 pure>)
+1604: setfield_gc(p148, 234, descr=<FieldS rpyeffect.stored_environment.Stack__arb_arb.inst_target 16 pure>)
+1612: setfield_gc(p139, p122, descr=<FieldP rpyeffect.stack.MetaStackLike.inst_stack 8 pure>)
+1616: setfield_gc(p139, p129, descr=<FieldP rpyeffect.stack.MetaStack.inst_label 16 pure>)
+1620: setfield_gc(p139, ConstPtr(null), descr=<FieldP rpyeffect.stack.MetaStack.inst_region 24 pure>)
+1628: p151 = new_with_vtable(descr=<SizeDescr 48>)
+1640: setfield_gc(p151, p107, descr=<FieldP rpyeffect.stack.MetaStackLike.inst_stack 8 pure>)
+1644: setfield_gc(p151, p90, descr=<FieldP rpyeffect.stack.MetaStack.inst_label 16 pure>)
+1648: setfield_gc(p151, ConstPtr(null), descr=<FieldP rpyeffect.stack.MetaStack.inst_region 24 pure>)
+1656: p153 = new_with_vtable(descr=<SizeDescr 40>)
+1668: setfield_gc(p153, p104, descr=<FieldP rpyeffect.stack.MetaStackLike.inst_stack 8 pure>)
+1672: setfield_gc(p153, p102, descr=<FieldP rpyeffect.stack.MetaStack.inst_label 16 pure>)
+1676: setfield_gc(p153, ConstPtr(null), descr=<FieldP rpyeffect.stack.MetaStack.inst_region 24 pure>)
+1684: setfield_gc(p153, ConstPtr(null), descr=<FieldP rpyeffect.stack.MetaStack.inst_tail 32 pure>)
+1692: setfield_gc(p151, p153, descr=<FieldP rpyeffect.stack.MetaStack.inst_tail 32 pure>)
+1696: setfield_gc(p151, p93, descr=<FieldP rpyeffect.stack.MetaStackWithBinding.inst_binding 40 pure>)
+1700: setfield_gc(p139, p140, descr=<FieldP rpyeffect.stack.MetaStack.inst_tail 32 pure>)
+1704: setfield_gc(p139, p130, descr=<FieldP rpyeffect.stack.MetaStackWithBinding.inst_binding 40 pure>)
+1712: setfield_gc(p147, p0, descr=<FieldP rpyeffect.stack.MetaStack.inst_label 16 pure>)
+1720: setfield_gc(p147, p4, descr=<FieldP rpyeffect.stack.MetaStackWithBinding.inst_binding 40 pure>)
+1728: setfield_gc(p147, ConstPtr(null), descr=<FieldP rpyeffect.stack.MetaStack.inst_region 24 pure>)
+1736: setfield_gc(p147, p151, descr=<FieldP rpyeffect.stack.MetaStack.inst_tail 32 pure>)
+1740: setfield_gc(p147, p148, descr=<FieldP rpyeffect.stack.MetaStackLike.inst_stack 8 pure>)
+1776: jump(p131, p136, p2, p139, p132, 0, i135, i79, i9, i80, i17, i19, i21, i23, i25, i27, i29, i31, i33, i35, i37, p114, p147, p44, p46, p48, p50, p52, p54, p56, p58, p60, p62, p64, p66, p68, p70, descr=TargetToken(4966780624))
+1852: --end of the loop--
[1d225d2] jit-log-opt-loop}
[1d939ff] {jit-log-opt-bridge
# bridge out of Guard 0x12808f220 with 91 ops
[p0, i1, i2, i3, i4, i5, i6, i7, i8, i9, i10, i11, i12, i13, i14, i15, i16, p17, p18, p19, p20, p21, p22, p23, p24, p25, p26, p27, p28, p29, p30, p31, p32, p33, p34, p35, i36]
+216: guard_not_invalidated(descr=<Guard0x1180c2390>) [p0, i1, i2, i3, i4, i5, i6, i7, i8, i9, i10, i11, i12, i13, i14, i15, i16, p17, p18, p19, p20, p21, p22, p23, p24, p25, p26, p27, p28, p29, p30, p31, p32, p33, p34, p35, i36]
debug_merge_point(0, 0, '293<main.rpyeffect:283([k@[k@[#823]#827]#831])>+2: {"op": "Jump". "target": 145}')
debug_merge_point(0, 0, '145<main.rpyeffect:135(Name(+_27))>+0: {"op": "New". "out": 0. "targets": [138. 140. 142. 144]. "args": {"num": [0]. "ptr": []}}')
debug_merge_point(0, 0, '145<main.rpyeffect:135(Name(+_27))>+1: {"op": "Return". "args": {"num": []. "ptr": [0]}}')
debug_merge_point(0, 0, '292<main.rpyeffect:282([k@[k@[k@[#823]#827]#831]#833])>+0: {"op": "Push". "target": 291. "args": {"num": []. "ptr": []}}')
debug_merge_point(0, 0, '292<main.rpyeffect:282([k@[k@[k@[#823]#827]#831]#833])>+1: {"op": "Invoke". "receiver": 0. "tag": Interned(%apply(n):n). "args" : {"num": [0]. "ptr": []}}')
debug_merge_point(0, 0, '138<main.rpyeffect:128([method_%apply(n):n@Name(+_27)#347])>+0: {"op": "Jump". "target": 136}')
debug_merge_point(0, 0, '136<main.rpyeffect:126([mcore:[#26]#343])>+0: {"op": "PrimOp". "name": "infixAdd(Int. Int): Int". "out": {"num": [0]. "ptr": []}. "in": {"num": [1. 0]. "ptr": []}}')
+220: i37 = int_add(i2, i1)
debug_merge_point(0, 0, '136<main.rpyeffect:126([mcore:[#26]#343])>+1: {"op": "Return". "args": {"num": [0]. "ptr": []}}')
debug_merge_point(0, 0, '291<main.rpyeffect:281([k@[k@[k@[k@[#823]#827]#831]#833]#835])>+0: {"op": "Push". "target": 290. "args": {"num": []. "ptr": []}}')
debug_merge_point(0, 0, '291<main.rpyeffect:281([k@[k@[k@[k@[#823]#827]#831]#833]#835])>+1: {"op": "Jump". "target": 165}')
debug_merge_point(0, 0, '165<main.rpyeffect:155(Name(mod_29))>+0: {"op": "New". "out": 0. "targets": [158. 160. 162. 164]. "args": {"num": [0]. "ptr": []}}')
debug_merge_point(0, 0, '165<main.rpyeffect:155(Name(mod_29))>+1: {"op": "Return". "args": {"num": []. "ptr": [0]}}')
debug_merge_point(0, 0, '290<main.rpyeffect:280([#837])>+0: {"op": "Const". "type": "num". "out": 0. "value": 1000000007}')
debug_merge_point(0, 0, '290<main.rpyeffect:280([#837])>+1: {"op": "Invoke". "receiver": 0. "tag": Interned(%apply(n):n). "args" : {"num": [0]. "ptr": []}}')
+224: guard_nonnull(p35, descr=<Guard0x1180c4660>) [p0, i1, i2, i3, i4, i5, i6, i7, i8, i9, i10, i11, i12, i13, i14, i15, i16, p17, p18, p19, p20, p21, p22, p23, p24, p25, p26, p27, p28, p29, p30, p31, p32, p33, p34, p35, i36]
+232: i38 = getfield_gc_i(p35, descr=<FieldS rpyeffect.stored_environment.Stack__arb_arb.inst_target 16 pure>)
+236: guard_value(i38, 294, descr=<Guard0x1180c46a0>) [p0, i1, i2, i3, i4, i5, i6, i7, i8, i9, i10, i11, i12, i13, i14, i15, i16, p17, p18, p19, p20, p21, p22, p23, p24, p25, p26, p27, p28, p29, p30, p31, p32, p33, p34, p35, i36]
debug_merge_point(0, 0, '158<main.rpyeffect:148([method_%apply(n):n@Name(mod_29)#407])>+0: {"op": "Jump". "target": 156}')
debug_merge_point(0, 0, '156<main.rpyeffect:146([mcore:[#28]#403])>+0: {"op": "PrimOp". "name": "mod(Int. Int): Int". "out": {"num": [0]. "ptr": []}. "in": {"num": [1. 0]. "ptr": []}}')
+248: i41 = int_rshift(i37, 63)
+256: i42 = int_xor(i37, i41)
+260: i44 = uint_mul_high(i42, -8543223828751151131)
+280: i46 = uint_rshift(i44, 29)
+288: i47 = int_xor(i46, i41)
+292: i49 = int_mul(i47, 1000000007)
+304: i50 = int_sub(i37, i49)
debug_merge_point(0, 0, '156<main.rpyeffect:146([mcore:[#28]#403])>+1: {"op": "Return". "args": {"num": [0]. "ptr": []}}')
+308: p51 = getfield_gc_r(p35, descr=<FieldP rpyeffect.stored_environment.Stack__0_1.inst_values_ptr_0 40 pure>)
+312: p52 = getfield_gc_r(p35, descr=<FieldP rpyeffect.stored_environment.Stack__arb_arb.inst_tail 8 pure>)
debug_merge_point(0, 0, '294<main.rpyeffect:284([k@[#823]#827])>+0: {"op": "Const". "type": "num". "out": 1. "value": 0}')
debug_merge_point(0, 0, '294<main.rpyeffect:284([k@[#823]#827])>+1: {"op": "Push". "target": 293. "args": {"num": [0]. "ptr": []}}')
debug_merge_point(0, 0, '294<main.rpyeffect:284([k@[#823]#827])>+2: {"op": "Copy". "type": "num". "from": 1. "to". 0}')
debug_merge_point(0, 0, '294<main.rpyeffect:284([k@[#823]#827])>+3: {"op": "Jump". "target": 277}')
debug_merge_point(0, 0, '277<main.rpyeffect:267(Name(k_145))>+0: {"op": "PushStack". "arg": 0}')
+316: guard_isnull(p34, descr=<Guard0x1180c46e0>) [p0, i1, i2, i3, i4, i5, i6, i7, i8, i9, i10, i11, i12, i13, i14, i15, i16, p17, p18, p19, p20, p21, p22, p23, p24, p25, p26, p27, p28, p29, p30, p31, p32, p33, p34, p35, i36]
+328: guard_nonnull_class(p51, ConstClass(MetaStackWithBinding), descr=<Guard0x1180c23e8>) [p0, i1, i2, i3, i4, i5, i6, i7, i8, i9, i10, i11, i12, i13, i14, i15, i16, p17, p18, p19, p20, p21, p22, p23, p24, p25, p26, p27, p28, p29, p30, p31, p32, p33, p34, p35, i36]
+352: p54 = getfield_gc_r(p51, descr=<FieldP rpyeffect.stack.MetaStack.inst_region 24 pure>)
+356: guard_isnull(p54, descr=<Guard0x1180c4720>) [p0, i1, i2, i3, i4, i5, i6, i7, i8, i9, i10, i11, i12, i13, i14, i15, i16, p17, p18, p19, p20, p21, p22, p23, p24, p25, p26, p27, p28, p29, p30, p31, p32, p33, p34, p35, i36]
+364: p55 = getfield_gc_r(p51, descr=<FieldP rpyeffect.stack.MetaStackLike.inst_stack 8 pure>)
+368: p56 = getfield_gc_r(p51, descr=<FieldP rpyeffect.stack.MetaStack.inst_tail 32 pure>)
+372: guard_nonnull_class(p56, ConstClass(MetaStackWithBinding), descr=<Guard0x1180c2440>) [p0, i1, i2, i3, i4, i5, i6, i7, i8, i9, i10, i11, i12, i13, i14, i15, i16, p17, p18, p19, p20, p21, p22, p23, p24, p25, p26, p27, p28, p29, p30, p31, p32, p33, p34, p35, i36]
+396: p58 = getfield_gc_r(p56, descr=<FieldP rpyeffect.stack.MetaStack.inst_region 24 pure>)
+400: guard_isnull(p58, descr=<Guard0x1180c4760>) [p0, i1, i2, i3, i4, i5, i6, i7, i8, i9, i10, i11, i12, i13, i14, i15, i16, p17, p18, p19, p20, p21, p22, p23, p24, p25, p26, p27, p28, p29, p30, p31, p32, p33, p34, p35, i36]
+408: p59 = getfield_gc_r(p56, descr=<FieldP rpyeffect.stack.MetaStackLike.inst_stack 8 pure>)
+412: p60 = getfield_gc_r(p56, descr=<FieldP rpyeffect.stack.MetaStack.inst_tail 32 pure>)
+416: guard_nonnull_class(p60, 4373753536, descr=<Guard0x1180c2498>) [p0, i1, i2, i3, i4, i5, i6, i7, i8, i9, i10, i11, i12, i13, i14, i15, i16, p17, p18, p19, p20, p21, p22, p23, p24, p25, p26, p27, p28, p29, p30, p31, p32, p33, p34, p35, i36]
+440: p62 = getfield_gc_r(p60, descr=<FieldP rpyeffect.stack.MetaStack.inst_region 24 pure>)
+444: guard_isnull(p62, descr=<Guard0x1180c47a0>) [p0, i1, i2, i3, i4, i5, i6, i7, i8, i9, i10, i11, i12, i13, i14, i15, i16, p17, p18, p19, p20, p21, p22, p23, p24, p25, p26, p27, p28, p29, p30, p31, p32, p33, p34, p35, i36]
+452: p63 = getfield_gc_r(p60, descr=<FieldP rpyeffect.stack.MetaStackLike.inst_stack 8 pure>)
+456: p64 = getfield_gc_r(p60, descr=<FieldP rpyeffect.stack.MetaStack.inst_tail 32 pure>)
+460: guard_isnull(p64, descr=<Guard0x1180c47e0>) [p0, i1, i2, i3, i4, i5, i6, i7, i8, i9, i10, i11, i12, i13, i14, i15, i16, p17, p18, p19, p20, p21, p22, p23, p24, p25, p26, p27, p28, p29, p30, p31, p32, p33, p34, p35, i36]
+468: p65 = getfield_gc_r(p60, descr=<FieldP rpyeffect.stack.MetaStack.inst_label 16 pure>)
+472: p66 = getfield_gc_r(p56, descr=<FieldP rpyeffect.stack.MetaStack.inst_label 16 pure>)
+476: p67 = getfield_gc_r(p56, descr=<FieldP rpyeffect.stack.MetaStackWithBinding.inst_binding 40 pure>)
+480: guard_nonnull(p67, descr=<Guard0x1180c4820>) [p0, i1, i2, i3, i4, i5, i6, i7, i8, i9, i10, i11, i12, i13, i14, i15, i16, p17, p18, p19, p20, p21, p22, p23, p24, p25, p26, p27, p28, p29, p30, p31, p32, p33, p34, p35, i36]
+488: p68 = getfield_gc_r(p51, descr=<FieldP rpyeffect.stack.MetaStack.inst_label 16 pure>)
+492: p69 = getfield_gc_r(p51, descr=<FieldP rpyeffect.stack.MetaStackWithBinding.inst_binding 40 pure>)
+496: guard_nonnull(p69, descr=<Guard0x1180c4860>) [p0, i1, i2, i3, i4, i5, i6, i7, i8, i9, i10, i11, i12, i13, i14, i15, i16, p17, p18, p19, p20, p21, p22, p23, p24, p25, p26, p27, p28, p29, p30, p31, p32, p33, p34, p35, i36]
+504: guard_nonnull(p55, descr=<Guard0x1180c48a0>) [p0, i1, i2, i3, i4, i5, i6, i7, i8, i9, i10, i11, i12, i13, i14, i15, i16, p17, p18, p19, p20, p21, p22, p23, p24, p25, p26, p27, p28, p29, p30, p31, p32, p33, p34, p35, i36]
+512: i70 = getfield_gc_i(p55, descr=<FieldS rpyeffect.stored_environment.Stack__arb_arb.inst_target 16 pure>)
+516: guard_value(i70, 220, descr=<Guard0x1180c48e0>) [p0, i1, i2, i3, i4, i5, i6, i7, i8, i9, i10, i11, i12, i13, i14, i15, i16, p17, p18, p19, p20, p21, p22, p23, p24, p25, p26, p27, p28, p29, p30, p31, p32, p33, p34, p35, i36]
debug_merge_point(0, 0, '277<main.rpyeffect:267(Name(k_145))>+1: {"op": "Return". "args": {"num": [0]. "ptr": []}}')
+528: i72 = getfield_gc_i(p55, descr=<FieldS rpyeffect.stored_environment.Stack__1_0.inst_values_num_0 40 pure>)
+532: p73 = getfield_gc_r(p55, descr=<FieldP rpyeffect.stored_environment.Stack__arb_arb.inst_tail 8 pure>)
+536: guard_nonnull(p73, descr=<Guard0x1180c4920>) [p0, i1, i2, i3, i4, i5, i6, i7, i8, i9, i10, i11, i12, i13, i14, i15, i16, p17, p18, p19, p20, p21, p22, p23, p24, p25, p26, p27, p28, p29, p30, p31, p32, p33, p34, p35, i36]
+544: i74 = getfield_gc_i(p73, descr=<FieldS rpyeffect.stored_environment.Stack__arb_arb.inst_target 16 pure>)
+548: guard_value(i74, 209, descr=<Guard0x1180c4960>) [p0, i1, i2, i3, i4, i5, i6, i7, i8, i9, i10, i11, i12, i13, i14, i15, i16, p17, p18, p19, p20, p21, p22, p23, p24, p25, p26, p27, p28, p29, p30, p31, p32, p33, p34, p35, i36]
debug_merge_point(0, 0, '220<main.rpyeffect:210([k@[switch case for 0#562]#572])>+0: {"op": "Swap". "type": "num". "a": 1. "b". 0}')
+560: p76 = new_with_vtable(descr=<SizeDescr 48>)
+664: p77 = new_with_vtable(descr=<SizeDescr 40>)
+676: setfield_gc(p77, p63, descr=<FieldP rpyeffect.stack.MetaStackLike.inst_stack 8 pure>)
+680: setfield_gc(p77, p65, descr=<FieldP rpyeffect.stack.MetaStack.inst_label 16 pure>)
+684: setfield_gc(p77, ConstPtr(null), descr=<FieldP rpyeffect.stack.MetaStack.inst_region 24 pure>)
+692: p79 = new_with_vtable(descr=<SizeDescr 40>)
+704: p80 = new_with_vtable(descr=<SizeDescr 48>)
+716: setfield_gc(p80, p52, descr=<FieldP rpyeffect.stored_environment.Stack__arb_arb.inst_tail 8 pure>)
+720: setfield_gc(p80, 293, descr=<FieldS rpyeffect.stored_environment.Stack__arb_arb.inst_target 16 pure>)
+728: setfield_gc(p80, i50, descr=<FieldS rpyeffect.stored_environment.Stack__1_0.inst_values_num_0 40 pure>)
+732: setfield_gc(p79, p80, descr=<FieldP rpyeffect.stack.MetaStackLike.inst_stack 8 pure>)
+736: setfield_gc(p79, p32, descr=<FieldP rpyeffect.stack.MetaStack.inst_label 16 pure>)
+744: setfield_gc(p79, ConstPtr(null), descr=<FieldP rpyeffect.stack.MetaStack.inst_region 24 pure>)
+752: setfield_gc(p79, p33, descr=<FieldP rpyeffect.stack.MetaStack.inst_tail 32 pure>)
+760: setfield_gc(p77, p79, descr=<FieldP rpyeffect.stack.MetaStack.inst_tail 32 pure>)
+764: setfield_gc(p76, ConstPtr(null), descr=<FieldP rpyeffect.stack.MetaStack.inst_region 24 pure>)
+772: setfield_gc(p76, p59, descr=<FieldP rpyeffect.stack.MetaStackLike.inst_stack 8 pure>)
+776: setfield_gc(p76, p77, descr=<FieldP rpyeffect.stack.MetaStack.inst_tail 32 pure>)
+780: setfield_gc(p76, p66, descr=<FieldP rpyeffect.stack.MetaStack.inst_label 16 pure>)
+784: setfield_gc(p76, p67, descr=<FieldP rpyeffect.stack.MetaStackWithBinding.inst_binding 40 pure>)
+804: jump(p68, p73, p0, p76, p69, 0, i72, i3, i4, i5, i6, i7, i8, i9, i10, i11, i12, i13, i14, i15, i16, p51, p17, p18, p19, p20, p21, p22, p23, p24, p25, p26, p27, p28, p29, p30, p31, descr=TargetToken(5238635584))
+1028: --end of the loop--
[1da78d8] jit-log-opt-bridge}
[20b8211] {jit-log-opt-loop
# Loop 12 (226<main.rpyeffect:216(Name(choice_48))>+1: {"op": "Jump", "target": 69}) : entry bridge with 153 ops
[p0, p1, p2, p3, p4]
+344: p5 = getfield_gc_r(p2, descr=<FieldP rpyeffect.environment.Environment.inst_values_num 16>)
+352: i7 = getarrayitem_gc_i(p5, 0, descr=<ArrayS 8>)
+356: i9 = getarrayitem_gc_i(p5, 1, descr=<ArrayS 8>)
+360: i11 = getarrayitem_gc_i(p5, 2, descr=<ArrayS 8>)
+364: i13 = getarrayitem_gc_i(p5, 3, descr=<ArrayS 8>)
+368: i15 = getarrayitem_gc_i(p5, 4, descr=<ArrayS 8>)
+372: i17 = getarrayitem_gc_i(p5, 5, descr=<ArrayS 8>)
+376: i19 = getarrayitem_gc_i(p5, 6, descr=<ArrayS 8>)
+380: i21 = getarrayitem_gc_i(p5, 7, descr=<ArrayS 8>)
+384: i23 = getarrayitem_gc_i(p5, 8, descr=<ArrayS 8>)
+388: i25 = getarrayitem_gc_i(p5, 9, descr=<ArrayS 8>)
+392: i27 = getarrayitem_gc_i(p5, 10, descr=<ArrayS 8>)
+396: i29 = getarrayitem_gc_i(p5, 11, descr=<ArrayS 8>)
+400: i31 = getarrayitem_gc_i(p5, 12, descr=<ArrayS 8>)
+404: i33 = getarrayitem_gc_i(p5, 13, descr=<ArrayS 8>)
+408: i35 = getarrayitem_gc_i(p5, 14, descr=<ArrayS 8>)
+416: i37 = getarrayitem_gc_i(p5, 15, descr=<ArrayS 8>)
+420: p38 = getfield_gc_r(p2, descr=<FieldP rpyeffect.environment.Environment.inst_values_ptr 24>)
+424: p40 = getarrayitem_gc_r(p38, 0, descr=<ArrayP 8>)
+432: p42 = getarrayitem_gc_r(p38, 1, descr=<ArrayP 8>)
+440: p44 = getarrayitem_gc_r(p38, 2, descr=<ArrayP 8>)
+448: p46 = getarrayitem_gc_r(p38, 3, descr=<ArrayP 8>)
+456: p48 = getarrayitem_gc_r(p38, 4, descr=<ArrayP 8>)
+464: p50 = getarrayitem_gc_r(p38, 5, descr=<ArrayP 8>)
+472: p52 = getarrayitem_gc_r(p38, 6, descr=<ArrayP 8>)
+480: p54 = getarrayitem_gc_r(p38, 7, descr=<ArrayP 8>)
+488: p56 = getarrayitem_gc_r(p38, 8, descr=<ArrayP 8>)
+496: p58 = getarrayitem_gc_r(p38, 9, descr=<ArrayP 8>)
+504: p60 = getarrayitem_gc_r(p38, 10, descr=<ArrayP 8>)
+512: p62 = getarrayitem_gc_r(p38, 11, descr=<ArrayP 8>)
+520: p64 = getarrayitem_gc_r(p38, 12, descr=<ArrayP 8>)
+528: p66 = getarrayitem_gc_r(p38, 13, descr=<ArrayP 8>)
+536: p68 = getarrayitem_gc_r(p38, 14, descr=<ArrayP 8>)
+544: p70 = getarrayitem_gc_r(p38, 15, descr=<ArrayP 8>)
debug_merge_point(0, 0, '226<main.rpyeffect:216(Name(choice_48))>+1: {"op": "Jump". "target": 69}')
+548: guard_not_invalidated(descr=<Guard0x1180c3518>) [p2, i7, i9, i11, i13, i15, i17, i19, i21, i23, i25, i27, i29, i31, i33, i35, i37, p40, p42, p44, p46, p48, p50, p52, p54, p56, p58, p60, p62, p64, p66, p68, p70, p0, p1, p3, p4]
+552: guard_nonnull(p1, descr=<Guard0x1180c4de0>) [p2, i7, i9, i11, i13, i15, i17, i19, i21, i23, i25, i27, i29, i31, i33, i35, i37, p40, p42, p44, p46, p48, p50, p52, p54, p56, p58, p60, p62, p64, p66, p68, p70, p0, p1, p3, p4]
+564: i71 = getfield_gc_i(p1, descr=<FieldS rpyeffect.stored_environment.Stack__arb_arb.inst_target 16 pure>)
+580: guard_value(i71, 225, descr=<Guard0x1180c4e20>) [p2, i7, i9, i11, i13, i15, i17, i19, i21, i23, i25, i27, i29, i31, i33, i35, i37, p40, p42, p44, p46, p48, p50, p52, p54, p56, p58, p60, p62, p64, p66, p68, p70, p0, p1, p3, p4]
debug_merge_point(0, 0, '69<main.rpyeffect:59(Name(<_5))>+0: {"op": "New". "out": 0. "targets": [62. 64. 66. 68]. "args": {"num": [0]. "ptr": []}}')
debug_merge_point(0, 0, '69<main.rpyeffect:59(Name(<_5))>+1: {"op": "Return". "args": {"num": []. "ptr": [0]}}')
+592: i73 = getfield_gc_i(p1, descr=<FieldS rpyeffect.stored_environment.Stack__1_0.inst_values_num_0 40 pure>)
+596: p74 = getfield_gc_r(p1, descr=<FieldP rpyeffect.stored_environment.Stack__arb_arb.inst_tail 8 pure>)
debug_merge_point(0, 0, '225<main.rpyeffect:215([k@Name(choice_48)#543])>+0: {"op": "Const". "type": "num". "out": 1. "value": 1}')
debug_merge_point(0, 0, '225<main.rpyeffect:215([k@Name(choice_48)#543])>+1: {"op": "Push". "target": 224. "args": {"num": [0]. "ptr": []}}')
debug_merge_point(0, 0, '225<main.rpyeffect:215([k@Name(choice_48)#543])>+2: {"op": "Copy". "type": "num". "from": 1. "to". 0}')
debug_merge_point(0, 0, '225<main.rpyeffect:215([k@Name(choice_48)#543])>+3: {"op": "Invoke". "receiver": 0. "tag": Interned(%apply(n):n). "args" : {"num": [0]. "ptr": []}}')
debug_merge_point(0, 0, '62<main.rpyeffect:52([method_%apply(n):n@Name(<_5)#157])>+0: {"op": "Jump". "target": 60}')
debug_merge_point(0, 0, '60<main.rpyeffect:50([mcore:[#20]#153])>+0: {"op": "PrimOp". "name": "infixLt(Int. Int): Boolean". "out": {"num": [0]. "ptr": []}. "in": {"num": [1. 0]. "ptr": []}}')
+604: i76 = int_lt(i7, 1)
guard_false(i76, descr=<Guard0x1180c4e60>) [p2, i7, i9, i11, i13, i15, i17, i19, i21, i23, i25, i27, i29, i31, i33, i35, i37, p40, p42, p44, p46, p48, p50, p52, p54, p56, p58, p60, p62, p64, p66, p68, p70, p0, p1, p3, p4]
debug_merge_point(0, 0, '60<main.rpyeffect:50([mcore:[#20]#153])>+1: {"op": "Return". "args": {"num": [0]. "ptr": []}}')
debug_merge_point(0, 0, '224<main.rpyeffect:214([k@[k@Name(choice_48)#543]#547])>+0: {"op": "Switch". "scrutinee": 0. "values": [1]. "targets": [212]. "default": 223}')
+612: guard_nonnull(p74, descr=<Guard0x1180c4ea0>) [p2, i7, i9, i11, i13, i15, i17, i19, i21, i23, i25, i27, i29, i31, i33, i35, i37, p40, p42, p44, p46, p48, p50, p52, p54, p56, p58, p60, p62, p64, p66, p68, p70, p0, p1, p3, p4]
+620: i77 = getfield_gc_i(p74, descr=<FieldS rpyeffect.stored_environment.Stack__arb_arb.inst_target 16 pure>)
+628: guard_value(i77, 209, descr=<Guard0x1180c4ee0>) [p2, i7, i9, i11, i13, i15, i17, i19, i21, i23, i25, i27, i29, i31, i33, i35, i37, p40, p42, p44, p46, p48, p50, p52, p54, p56, p58, p60, p62, p64, p66, p68, p70, p0, p1, p3, p4]
debug_merge_point(0, 0, '223<main.rpyeffect:213([switch default case#561])>+0: {"op": "Swap". "type": "num". "a": 1. "b". 0}')
debug_merge_point(0, 0, '223<main.rpyeffect:213([switch default case#561])>+1: {"op": "Switch". "scrutinee": 1. "values": [0]. "targets": [221]. "default": 222}')
debug_merge_point(0, 0, '221<main.rpyeffect:211([switch case for 0#562])>+0: {"op": "Const". "type": "num". "out": 1. "value": 0}')
debug_merge_point(0, 0, '221<main.rpyeffect:211([switch case for 0#562])>+1: {"op": "Const". "type": "ptr". "out": 0. "format": "string". "value": "Name(Flip_0)"}')
debug_merge_point(0, 0, '221<main.rpyeffect:211([switch case for 0#562])>+2: {"op": "PrimOp". "name": "getGlobal(String): Ptr". "out": {"num": []. "ptr": [0]}. "in": {"num": []. "ptr": [0]}}')
debug_merge_point(0, 0, '221<main.rpyeffect:211([switch case for 0#562])>+3: {"op": "GetDynamic". "out": 0. "n": 1. "label": 0}')
+640: guard_nonnull(p4, descr=<Guard0x1180c4f20>) [p2, i7, i9, i11, i13, i15, i17, i19, i21, i23, i25, i27, i29, i31, i33, i35, i37, p40, p42, p44, p46, p48, p50, p52, p54, p56, p58, p60, p62, p64, p66, p68, p70, p0, p1, p3, p4]
+656: i80 = instance_ptr_eq(p0, ConstPtr(ptr79))
guard_true(i80, descr=<Guard0x1180c4f60>) [p2, i7, i9, i11, i13, i15, i17, i19, i21, i23, i25, i27, i29, i31, i33, i35, i37, p40, p42, p44, p46, p48, p50, p52, p54, p56, p58, p60, p62, p64, p66, p68, p70, p0, p1, p3, p4]
debug_merge_point(0, 0, '221<main.rpyeffect:211([switch case for 0#562])>+4: {"op": "Construct". "out": 1. "type": Interned({"op": "eff$Tuple". "elements": []}). "tag": Interned({"op": "eff$Tuple". "elements": []}). "args": {"num": []. "ptr": []}}')
debug_merge_point(0, 0, '221<main.rpyeffect:211([switch case for 0#562])>+5: {"op": "Push". "target": 220. "args": {"num": [0]. "ptr": []}}')
debug_merge_point(0, 0, '221<main.rpyeffect:211([switch case for 0#562])>+6: {"op": "Swap". "type": "ptr". "a": 1. "b". 0}')
debug_merge_point(0, 0, '221<main.rpyeffect:211([switch case for 0#562])>+7: {"op": "Invoke". "receiver": 1. "tag": Interned(%Flip_0(p):n). "args" : {"num": []. "ptr": [0]}}')
+672: p81 = getfield_gc_r(p4, descr=<FieldP rpyeffect.stored_environment.CoData__arb_arb.inst_vtable 24 pure>)
+692: guard_value(p81, ConstPtr(ptr82), descr=<Guard0x1180c4fa0>) [p2, i7, i9, i11, i13, i15, i17, i19, i21, i23, i25, i27, i29, i31, i33, i35, i37, p40, p42, p44, p46, p48, p50, p52, p54, p56, p58, p60, p62, p64, p66, p68, p70, p0, p1, p3, p4]
+700: p83 = getfield_gc_r(p4, descr=<FieldP rpyeffect.stored_environment.CoData__0_1.inst_values_ptr_0 32 pure>)
debug_merge_point(0, 0, '296<main.rpyeffect:286([method_%Flip_0(p):n@[mcore:[#56]#774]#812])>+0: {"op": "Const". "type": "num". "out": 0. "value": 0}')
debug_merge_point(0, 0, '296<main.rpyeffect:286([method_%Flip_0(p):n@[mcore:[#56]#774]#812])>+1: {"op": "ShiftDyn". "out": 1. "n": 0. "label": 1}')
+704: i84 = instance_ptr_eq(p0, p83)
guard_false(i84, descr=<Guard0x1180c4fe0>) [p2, i7, i9, i11, i13, i15, i17, i19, i21, i23, i25, i27, i29, i31, i33, i35, i37, p40, p42, p44, p46, p48, p50, p52, p54, p56, p58, p60, p62, p64, p66, p68, p70, p0, p1, p3, p4]
+712: p85 = getfield_gc_r(p3, descr=<FieldP rpyeffect.stack.MetaStack.inst_region 24 pure>)
+724: guard_isnull(p85, descr=<Guard0x1180c5020>) [p2, i7, i9, i11, i13, i15, i17, i19, i21, i23, i25, i27, i29, i31, i33, i35, i37, p40, p42, p44, p46, p48, p50, p52, p54, p56, p58, p60, p62, p64, p66, p68, p70, p0, p1, p3, p4]
+732: p86 = getfield_gc_r(p3, descr=<FieldP rpyeffect.stack.MetaStack.inst_label 16 pure>)
+736: i87 = instance_ptr_eq(p86, p83)
guard_false(i87, descr=<Guard0x1180c5060>) [p2, i7, i9, i11, i13, i15, i17, i19, i21, i23, i25, i27, i29, i31, i33, i35, i37, p40, p42, p44, p46, p48, p50, p52, p54, p56, p58, p60, p62, p64, p66, p68, p70, p0, p1, p3, p4]
+744: p88 = getfield_gc_r(p3, descr=<FieldP rpyeffect.stack.MetaStack.inst_tail 32 pure>)
+752: p89 = getfield_gc_r(p88, descr=<FieldP rpyeffect.stack.MetaStack.inst_region 24 pure>)
+760: guard_isnull(p89, descr=<Guard0x1180c50a0>) [p2, i7, i9, i11, i13, i15, i17, i19, i21, i23, i25, i27, i29, i31, i33, i35, i37, p40, p42, p44, p46, p48, p50, p52, p54, p56, p58, p60, p62, p64, p66, p68, p70, p0, p1, p3, p4]
+768: p90 = getfield_gc_r(p88, descr=<FieldP rpyeffect.stack.MetaStack.inst_label 16 pure>)
+772: i91 = instance_ptr_eq(p90, p83)
guard_true(i91, descr=<Guard0x1180c50e0>) [p2, i7, i9, i11, i13, i15, i17, i19, i21, i23, i25, i27, i29, i31, i33, i35, i37, p40, p42, p44, p46, p48, p50, p52, p54, p56, p58, p60, p62, p64, p66, p68, p70, p0, p1, p3, p4]
+780: p92 = getfield_gc_r(p88, descr=<FieldP rpyeffect.stack.MetaStackLike.inst_stack 8 pure>)
+784: guard_class(p88, 4373753536, descr=<Guard0x1180c5120>) [p2, i7, i9, i11, i13, i15, i17, i19, i21, i23, i25, i27, i29, i31, i33, i35, i37, p40, p42, p44, p46, p48, p50, p52, p54, p56, p58, p60, p62, p64, p66, p68, p70, p0, p1, p3, p4]
+800: p94 = getfield_gc_r(p88, descr=<FieldP rpyeffect.stack.MetaStack.inst_tail 32 pure>)
+804: p95 = getfield_gc_r(p3, descr=<FieldP rpyeffect.stack.MetaStackLike.inst_stack 8 pure>)
+812: guard_class(p3, ConstClass(MetaStackWithBinding), descr=<Guard0x1180c5160>) [p2, i7, i9, i11, i13, i15, i17, i19, i21, i23, i25, i27, i29, i31, i33, i35, i37, p40, p42, p44, p46, p48, p50, p52, p54, p56, p58, p60, p62, p64, p66, p68, p70, p0, p1, p3, p4]
+828: p97 = getfield_gc_r(p3, descr=<FieldP rpyeffect.stack.MetaStackWithBinding.inst_binding 40 pure>)
+836: guard_nonnull(p97, descr=<Guard0x1180c51a0>) [p2, i7, i9, i11, i13, i15, i17, i19, i21, i23, i25, i27, i29, i31, i33, i35, i37, p40, p42, p44, p46, p48, p50, p52, p54, p56, p58, p60, p62, p64, p66, p68, p70, p0, p1, p3, p4]
+844: guard_nonnull_class(p94, 4373753536, descr=<Guard0x1180c3570>) [p2, i7, i9, i11, i13, i15, i17, i19, i21, i23, i25, i27, i29, i31, i33, i35, i37, p40, p42, p44, p46, p48, p50, p52, p54, p56, p58, p60, p62, p64, p66, p68, p70, p0, p1, p3, p4]
+868: p99 = getfield_gc_r(p94, descr=<FieldP rpyeffect.stack.MetaStackLike.inst_stack 8 pure>)
+876: p100 = getfield_gc_r(p94, descr=<FieldP rpyeffect.stack.MetaStack.inst_label 16 pure>)
+884: p101 = getfield_gc_r(p94, descr=<FieldP rpyeffect.stack.MetaStack.inst_tail 32 pure>)
+888: guard_nonnull(p99, descr=<Guard0x1180c51e0>) [p2, i7, i9, i11, i13, i15, i17, i19, i21, i23, i25, i27, i29, i31, i33, i35, i37, p40, p42, p44, p46, p48, p50, p52, p54, p56, p58, p60, p62, p64, p66, p68, p70, p0, p1, p3, p4]
+896: i102 = getfield_gc_i(p99, descr=<FieldS rpyeffect.stored_environment.Stack__arb_arb.inst_target 16 pure>)
+904: guard_value(i102, 293, descr=<Guard0x1180c5220>) [p2, i7, i9, i11, i13, i15, i17, i19, i21, i23, i25, i27, i29, i31, i33, i35, i37, p40, p42, p44, p46, p48, p50, p52, p54, p56, p58, p60, p62, p64, p66, p68, p70, p0, p1, p3, p4]
debug_merge_point(0, 0, '296<main.rpyeffect:286([method_%Flip_0(p):n@[mcore:[#56]#774]#812])>+2: {"op": "Swap". "type": "ptr". "a": 1. "b". 0}')
debug_merge_point(0, 0, '296<main.rpyeffect:286([method_%Flip_0(p):n@[mcore:[#56]#774]#812])>+3: {"op": "Match". "type": Interned({"op": "eff$Tuple". "elements": []}). "scrutinee": 1. "clauses": [{"tag": Interned({"op": "eff$Tuple". "elements": []}). "target": 295. "args": {"num": []. "ptr": []}}]. "default": {"tag": Interned(c1ad4e97-e16b-4180-ac28-d851f2c5f77a#[Missing Tag#1081]). "target": 289. "args": {"num": []. "ptr": []}}}')
debug_merge_point(0, 0, '295<main.rpyeffect:285([#823])>+0: {"op": "Const". "type": "num". "out": 0. "value": 1}')
debug_merge_point(0, 0, '295<main.rpyeffect:285([#823])>+1: {"op": "Push". "target": 294. "args": {"num": []. "ptr": [0]}}')
debug_merge_point(0, 0, '295<main.rpyeffect:285([#823])>+2: {"op": "Jump". "target": 277}')
debug_merge_point(0, 0, '277<main.rpyeffect:267(Name(k_145))>+0: {"op": "PushStack". "arg": 0}')
debug_merge_point(0, 0, '277<main.rpyeffect:267(Name(k_145))>+1: {"op": "Return". "args": {"num": [0]. "ptr": []}}')
debug_merge_point(0, 0, '220<main.rpyeffect:210([k@[switch case for 0#562]#572])>+0: {"op": "Swap". "type": "num". "a": 1. "b". 0}')
+916: p104 = new_with_vtable(descr=<SizeDescr 48>)
+1028: p105 = new_with_vtable(descr=<SizeDescr 40>)
+1040: setfield_gc(p105, p92, descr=<FieldP rpyeffect.stack.MetaStackLike.inst_stack 8 pure>)
+1044: setfield_gc(p105, p90, descr=<FieldP rpyeffect.stack.MetaStack.inst_label 16 pure>)
+1048: setfield_gc(p105, ConstPtr(null), descr=<FieldP rpyeffect.stack.MetaStack.inst_region 24 pure>)
+1056: p107 = new_with_vtable(descr=<SizeDescr 40>)
+1068: p108 = new_with_vtable(descr=<SizeDescr 48>)
+1080: setfield_gc(p108, p99, descr=<FieldP rpyeffect.stored_environment.Stack__arb_arb.inst_tail 8 pure>)
+1084: setfield_gc(p108, 294, descr=<FieldS rpyeffect.stored_environment.Stack__arb_arb.inst_target 16 pure>)
+1092: p110 = new_with_vtable(descr=<SizeDescr 48>)
+1104: p111 = new_with_vtable(descr=<SizeDescr 48>)
+1120: setfield_gc(p111, p74, descr=<FieldP rpyeffect.stored_environment.Stack__arb_arb.inst_tail 8 pure>)
+1124: setfield_gc(p111, 220, descr=<FieldS rpyeffect.stored_environment.Stack__arb_arb.inst_target 16 pure>)
+1132: setfield_gc(p111, i73, descr=<FieldS rpyeffect.stored_environment.Stack__1_0.inst_values_num_0 40 pure>)
+1136: setfield_gc(p110, p111, descr=<FieldP rpyeffect.stack.MetaStackLike.inst_stack 8 pure>)
+1140: setfield_gc(p110, p0, descr=<FieldP rpyeffect.stack.MetaStack.inst_label 16 pure>)
+1144: setfield_gc(p110, ConstPtr(null), descr=<FieldP rpyeffect.stack.MetaStack.inst_region 24 pure>)
+1152: p114 = new_with_vtable(descr=<SizeDescr 48>)
+1168: setfield_gc(p114, p95, descr=<FieldP rpyeffect.stack.MetaStackLike.inst_stack 8 pure>)
+1172: setfield_gc(p114, p86, descr=<FieldP rpyeffect.stack.MetaStack.inst_label 16 pure>)
+1176: setfield_gc(p114, ConstPtr(null), descr=<FieldP rpyeffect.stack.MetaStack.inst_region 24 pure>)
+1184: p116 = new_with_vtable(descr=<SizeDescr 40>)
+1200: setfield_gc(p116, p92, descr=<FieldP rpyeffect.stack.MetaStackLike.inst_stack 8 pure>)
+1204: setfield_gc(p116, p90, descr=<FieldP rpyeffect.stack.MetaStack.inst_label 16 pure>)
+1208: setfield_gc(p116, ConstPtr(null), descr=<FieldP rpyeffect.stack.MetaStack.inst_region 24 pure>)
+1216: setfield_gc(p116, ConstPtr(null), descr=<FieldP rpyeffect.stack.MetaStack.inst_tail 32 pure>)
+1224: setfield_gc(p114, p116, descr=<FieldP rpyeffect.stack.MetaStack.inst_tail 32 pure>)
+1228: setfield_gc(p114, p97, descr=<FieldP rpyeffect.stack.MetaStackWithBinding.inst_binding 40 pure>)
+1232: setfield_gc(p110, p114, descr=<FieldP rpyeffect.stack.MetaStack.inst_tail 32 pure>)
+1236: setfield_gc(p110, p4, descr=<FieldP rpyeffect.stack.MetaStackWithBinding.inst_binding 40 pure>)
+1240: setfield_gc(p108, p110, descr=<FieldP rpyeffect.stored_environment.Stack__0_1.inst_values_ptr_0 40 pure>)
+1244: setfield_gc(p107, p108, descr=<FieldP rpyeffect.stack.MetaStackLike.inst_stack 8 pure>)
+1248: setfield_gc(p107, p100, descr=<FieldP rpyeffect.stack.MetaStack.inst_label 16 pure>)
+1252: setfield_gc(p107, ConstPtr(null), descr=<FieldP rpyeffect.stack.MetaStack.inst_region 24 pure>)
+1260: setfield_gc(p107, p101, descr=<FieldP rpyeffect.stack.MetaStack.inst_tail 32 pure>)
+1268: setfield_gc(p105, p107, descr=<FieldP rpyeffect.stack.MetaStack.inst_tail 32 pure>)
+1272: p120 = new_with_vtable(descr=<SizeDescr 32>)
+1284: setfield_gc(p104, ConstPtr(null), descr=<FieldP rpyeffect.stack.MetaStack.inst_region 24 pure>)
+1296: setfield_gc(p104, p86, descr=<FieldP rpyeffect.stack.MetaStack.inst_label 16 pure>)
+1300: setfield_gc(p104, p105, descr=<FieldP rpyeffect.stack.MetaStack.inst_tail 32 pure>)
+1304: setfield_gc(p104, p95, descr=<FieldP rpyeffect.stack.MetaStackLike.inst_stack 8 pure>)
+1308: setfield_gc(p104, p97, descr=<FieldP rpyeffect.stack.MetaStackWithBinding.inst_binding 40 pure>)
+1316: setfield_gc(p120, ConstPtr(ptr122), descr=<FieldP rpyeffect.stored_environment.Data__arb_arb.inst_tag 8>)
+1368: jump(p0, p74, p2, p104, p4, 1, i73, i11, i13, i15, i17, i19, i21, i23, i25, i27, i29, i31, i33, i35, i37, p110, p120, p44, p46, p48, p50, p52, p54, p56, p58, p60, p62, p64, p66, p68, p70, descr=TargetToken(5238635584))
+1580: --end of the loop--
[20e1a4a] jit-log-opt-loop}
[2549519] {jit-log-opt-loop
# Loop 13 (225<main.rpyeffect:215([k@Name(choice_48)#543])>+2: {"op": "Copy", "type": "num", "from": 1, "to", 0}) : entry bridge with 151 ops
[p0, p1, p2, p3, p4]
+360: p5 = getfield_gc_r(p2, descr=<FieldP rpyeffect.environment.Environment.inst_values_num 16>)
+368: i7 = getarrayitem_gc_i(p5, 0, descr=<ArrayS 8>)
+372: i9 = getarrayitem_gc_i(p5, 1, descr=<ArrayS 8>)
+376: i11 = getarrayitem_gc_i(p5, 2, descr=<ArrayS 8>)
+380: i13 = getarrayitem_gc_i(p5, 3, descr=<ArrayS 8>)
+384: i15 = getarrayitem_gc_i(p5, 4, descr=<ArrayS 8>)
+388: i17 = getarrayitem_gc_i(p5, 5, descr=<ArrayS 8>)
+392: i19 = getarrayitem_gc_i(p5, 6, descr=<ArrayS 8>)
+396: i21 = getarrayitem_gc_i(p5, 7, descr=<ArrayS 8>)
+400: i23 = getarrayitem_gc_i(p5, 8, descr=<ArrayS 8>)
+404: i25 = getarrayitem_gc_i(p5, 9, descr=<ArrayS 8>)
+408: i27 = getarrayitem_gc_i(p5, 10, descr=<ArrayS 8>)
+412: i29 = getarrayitem_gc_i(p5, 11, descr=<ArrayS 8>)
+416: i31 = getarrayitem_gc_i(p5, 12, descr=<ArrayS 8>)
+420: i33 = getarrayitem_gc_i(p5, 13, descr=<ArrayS 8>)
+424: i35 = getarrayitem_gc_i(p5, 14, descr=<ArrayS 8>)
+432: i37 = getarrayitem_gc_i(p5, 15, descr=<ArrayS 8>)
+436: p38 = getfield_gc_r(p2, descr=<FieldP rpyeffect.environment.Environment.inst_values_ptr 24>)
+440: p40 = getarrayitem_gc_r(p38, 0, descr=<ArrayP 8>)
+448: p42 = getarrayitem_gc_r(p38, 1, descr=<ArrayP 8>)
+456: p44 = getarrayitem_gc_r(p38, 2, descr=<ArrayP 8>)
+464: p46 = getarrayitem_gc_r(p38, 3, descr=<ArrayP 8>)
+472: p48 = getarrayitem_gc_r(p38, 4, descr=<ArrayP 8>)
+480: p50 = getarrayitem_gc_r(p38, 5, descr=<ArrayP 8>)
+488: p52 = getarrayitem_gc_r(p38, 6, descr=<ArrayP 8>)
+496: p54 = getarrayitem_gc_r(p38, 7, descr=<ArrayP 8>)
+504: p56 = getarrayitem_gc_r(p38, 8, descr=<ArrayP 8>)
+512: p58 = getarrayitem_gc_r(p38, 9, descr=<ArrayP 8>)
+520: p60 = getarrayitem_gc_r(p38, 10, descr=<ArrayP 8>)
+528: p62 = getarrayitem_gc_r(p38, 11, descr=<ArrayP 8>)
+536: p64 = getarrayitem_gc_r(p38, 12, descr=<ArrayP 8>)
+544: p66 = getarrayitem_gc_r(p38, 13, descr=<ArrayP 8>)
+552: p68 = getarrayitem_gc_r(p38, 14, descr=<ArrayP 8>)
+560: p70 = getarrayitem_gc_r(p38, 15, descr=<ArrayP 8>)
debug_merge_point(0, 0, '225<main.rpyeffect:215([k@Name(choice_48)#543])>+2: {"op": "Copy". "type": "num". "from": 1. "to". 0}')
+564: guard_not_invalidated(descr=<Guard0x108053e08>) [p2, i7, i9, i11, i13, i15, i17, i19, i21, i23, i25, i27, i29, i31, i33, i35, i37, p40, p42, p44, p46, p48, p50, p52, p54, p56, p58, p60, p62, p64, p66, p68, p70, p0, p1, p3, p4]
debug_merge_point(0, 0, '225<main.rpyeffect:215([k@Name(choice_48)#543])>+3: {"op": "Invoke". "receiver": 0. "tag": Interned(%apply(n):n). "args" : {"num": [0]. "ptr": []}}')
+568: p71 = getfield_gc_r(p40, descr=<FieldP rpyeffect.stored_environment.CoData__arb_arb.inst_vtable 24 pure>)
+584: guard_value(p71, ConstPtr(ptr72), descr=<Guard0x1180c5d60>) [p2, i7, i9, i11, i13, i15, i17, i19, i21, i23, i25, i27, i29, i31, i33, i35, i37, p40, p42, p44, p46, p48, p50, p52, p54, p56, p58, p60, p62, p64, p66, p68, p70, p0, p1, p3, p4]
+592: i73 = getfield_gc_i(p40, descr=<FieldS rpyeffect.stored_environment.CoData__1_0.inst_values_num_0 32 pure>)
+596: guard_nonnull(p1, descr=<Guard0x1180c5d20>) [p2, i7, i9, i11, i13, i15, i17, i19, i21, i23, i25, i27, i29, i31, i33, i35, i37, p40, p42, p44, p46, p48, p50, p52, p54, p56, p58, p60, p62, p64, p66, p68, p70, p0, p1, p3, p4]
+608: i74 = getfield_gc_i(p1, descr=<FieldS rpyeffect.stored_environment.Stack__arb_arb.inst_target 16 pure>)
+620: guard_value(i74, 224, descr=<Guard0x1180c5ce0>) [p2, i7, i9, i11, i13, i15, i17, i19, i21, i23, i25, i27, i29, i31, i33, i35, i37, p40, p42, p44, p46, p48, p50, p52, p54, p56, p58, p60, p62, p64, p66, p68, p70, p0, p1, p3, p4]
debug_merge_point(0, 0, '62<main.rpyeffect:52([method_%apply(n):n@Name(<_5)#157])>+0: {"op": "Jump". "target": 60}')
debug_merge_point(0, 0, '60<main.rpyeffect:50([mcore:[#20]#153])>+0: {"op": "PrimOp". "name": "infixLt(Int. Int): Boolean". "out": {"num": [0]. "ptr": []}. "in": {"num": [1. 0]. "ptr": []}}')
+632: i76 = int_lt(i73, i9)
guard_false(i76, descr=<Guard0x1180c5ca0>) [p2, i7, i9, i11, i13, i15, i17, i19, i21, i23, i25, i27, i29, i31, i33, i35, i37, p40, p42, p44, p46, p48, p50, p52, p54, p56, p58, p60, p62, p64, p66, p68, p70, p0, p1, p3, p4]
debug_merge_point(0, 0, '60<main.rpyeffect:50([mcore:[#20]#153])>+1: {"op": "Return". "args": {"num": [0]. "ptr": []}}')
+640: i77 = getfield_gc_i(p1, descr=<FieldS rpyeffect.stored_environment.Stack__1_0.inst_values_num_0 40 pure>)
+644: p78 = getfield_gc_r(p1, descr=<FieldP rpyeffect.stored_environment.Stack__arb_arb.inst_tail 8 pure>)
debug_merge_point(0, 0, '224<main.rpyeffect:214([k@[k@Name(choice_48)#543]#547])>+0: {"op": "Switch". "scrutinee": 0. "values": [1]. "targets": [212]. "default": 223}')
+648: guard_nonnull(p78, descr=<Guard0x1180c5c60>) [p2, i7, i9, i11, i13, i15, i17, i19, i21, i23, i25, i27, i29, i31, i33, i35, i37, p40, p42, p44, p46, p48, p50, p52, p54, p56, p58, p60, p62, p64, p66, p68, p70, p0, p1, p3, p4]
+656: i79 = getfield_gc_i(p78, descr=<FieldS rpyeffect.stored_environment.Stack__arb_arb.inst_target 16 pure>)
+664: guard_value(i79, 231, descr=<Guard0x1180c5c20>) [p2, i7, i9, i11, i13, i15, i17, i19, i21, i23, i25, i27, i29, i31, i33, i35, i37, p40, p42, p44, p46, p48, p50, p52, p54, p56, p58, p60, p62, p64, p66, p68, p70, p0, p1, p3, p4]
debug_merge_point(0, 0, '223<main.rpyeffect:213([switch default case#561])>+0: {"op": "Swap". "type": "num". "a": 1. "b". 0}')
debug_merge_point(0, 0, '223<main.rpyeffect:213([switch default case#561])>+1: {"op": "Switch". "scrutinee": 1. "values": [0]. "targets": [221]. "default": 222}')
debug_merge_point(0, 0, '221<main.rpyeffect:211([switch case for 0#562])>+0: {"op": "Const". "type": "num". "out": 1. "value": 0}')
debug_merge_point(0, 0, '221<main.rpyeffect:211([switch case for 0#562])>+1: {"op": "Const". "type": "ptr". "out": 0. "format": "string". "value": "Name(Flip_0)"}')
debug_merge_point(0, 0, '221<main.rpyeffect:211([switch case for 0#562])>+2: {"op": "PrimOp". "name": "getGlobal(String): Ptr". "out": {"num": []. "ptr": [0]}. "in": {"num": []. "ptr": [0]}}')
debug_merge_point(0, 0, '221<main.rpyeffect:211([switch case for 0#562])>+3: {"op": "GetDynamic". "out": 0. "n": 1. "label": 0}')
+676: guard_nonnull(p4, descr=<Guard0x1180c5be0>) [p2, i7, i9, i11, i13, i15, i17, i19, i21, i23, i25, i27, i29, i31, i33, i35, i37, p40, p42, p44, p46, p48, p50, p52, p54, p56, p58, p60, p62, p64, p66, p68, p70, p0, p1, p3, p4]
+692: i82 = instance_ptr_eq(p0, ConstPtr(ptr81))
guard_true(i82, descr=<Guard0x1180c5ba0>) [p2, i7, i9, i11, i13, i15, i17, i19, i21, i23, i25, i27, i29, i31, i33, i35, i37, p40, p42, p44, p46, p48, p50, p52, p54, p56, p58, p60, p62, p64, p66, p68, p70, p0, p1, p3, p4]
debug_merge_point(0, 0, '221<main.rpyeffect:211([switch case for 0#562])>+4: {"op": "Construct". "out": 1. "type": Interned({"op": "eff$Tuple". "elements": []}). "tag": Interned({"op": "eff$Tuple". "elements": []}). "args": {"num": []. "ptr": []}}')
debug_merge_point(0, 0, '221<main.rpyeffect:211([switch case for 0#562])>+5: {"op": "Push". "target": 220. "args": {"num": [0]. "ptr": []}}')
debug_merge_point(0, 0, '221<main.rpyeffect:211([switch case for 0#562])>+6: {"op": "Swap". "type": "ptr". "a": 1. "b". 0}')
debug_merge_point(0, 0, '221<main.rpyeffect:211([switch case for 0#562])>+7: {"op": "Invoke". "receiver": 1. "tag": Interned(%Flip_0(p):n). "args" : {"num": []. "ptr": [0]}}')
+708: p83 = getfield_gc_r(p4, descr=<FieldP rpyeffect.stored_environment.CoData__arb_arb.inst_vtable 24 pure>)
+728: guard_value(p83, ConstPtr(ptr84), descr=<Guard0x1180c5b60>) [p2, i7, i9, i11, i13, i15, i17, i19, i21, i23, i25, i27, i29, i31, i33, i35, i37, p40, p42, p44, p46, p48, p50, p52, p54, p56, p58, p60, p62, p64, p66, p68, p70, p0, p1, p3, p4]
+736: p85 = getfield_gc_r(p4, descr=<FieldP rpyeffect.stored_environment.CoData__0_1.inst_values_ptr_0 32 pure>)
debug_merge_point(0, 0, '296<main.rpyeffect:286([method_%Flip_0(p):n@[mcore:[#56]#774]#812])>+0: {"op": "Const". "type": "num". "out": 0. "value": 0}')
debug_merge_point(0, 0, '296<main.rpyeffect:286([method_%Flip_0(p):n@[mcore:[#56]#774]#812])>+1: {"op": "ShiftDyn". "out": 1. "n": 0. "label": 1}')
+740: i86 = instance_ptr_eq(p0, p85)
guard_false(i86, descr=<Guard0x1180c5b20>) [p2, i7, i9, i11, i13, i15, i17, i19, i21, i23, i25, i27, i29, i31, i33, i35, i37, p40, p42, p44, p46, p48, p50, p52, p54, p56, p58, p60, p62, p64, p66, p68, p70, p0, p1, p3, p4]
+748: p87 = getfield_gc_r(p3, descr=<FieldP rpyeffect.stack.MetaStack.inst_region 24 pure>)
+760: guard_isnull(p87, descr=<Guard0x1180c5ae0>) [p2, i7, i9, i11, i13, i15, i17, i19, i21, i23, i25, i27, i29, i31, i33, i35, i37, p40, p42, p44, p46, p48, p50, p52, p54, p56, p58, p60, p62, p64, p66, p68, p70, p0, p1, p3, p4]
+768: p88 = getfield_gc_r(p3, descr=<FieldP rpyeffect.stack.MetaStack.inst_label 16 pure>)
+772: i89 = instance_ptr_eq(p88, p85)
guard_false(i89, descr=<Guard0x1180c5aa0>) [p2, i7, i9, i11, i13, i15, i17, i19, i21, i23, i25, i27, i29, i31, i33, i35, i37, p40, p42, p44, p46, p48, p50, p52, p54, p56, p58, p60, p62, p64, p66, p68, p70, p0, p1, p3, p4]
+780: p90 = getfield_gc_r(p3, descr=<FieldP rpyeffect.stack.MetaStack.inst_tail 32 pure>)
+788: p91 = getfield_gc_r(p90, descr=<FieldP rpyeffect.stack.MetaStack.inst_region 24 pure>)
+796: guard_isnull(p91, descr=<Guard0x1180c5a60>) [p2, i7, i9, i11, i13, i15, i17, i19, i21, i23, i25, i27, i29, i31, i33, i35, i37, p40, p42, p44, p46, p48, p50, p52, p54, p56, p58, p60, p62, p64, p66, p68, p70, p0, p1, p3, p4]
+804: p92 = getfield_gc_r(p90, descr=<FieldP rpyeffect.stack.MetaStack.inst_label 16 pure>)
+808: i93 = instance_ptr_eq(p92, p85)
guard_true(i93, descr=<Guard0x1180c5a20>) [p2, i7, i9, i11, i13, i15, i17, i19, i21, i23, i25, i27, i29, i31, i33, i35, i37, p40, p42, p44, p46, p48, p50, p52, p54, p56, p58, p60, p62, p64, p66, p68, p70, p0, p1, p3, p4]
+816: p94 = getfield_gc_r(p90, descr=<FieldP rpyeffect.stack.MetaStackLike.inst_stack 8 pure>)
+820: guard_class(p90, 4373753536, descr=<Guard0x1180c59e0>) [p2, i7, i9, i11, i13, i15, i17, i19, i21, i23, i25, i27, i29, i31, i33, i35, i37, p40, p42, p44, p46, p48, p50, p52, p54, p56, p58, p60, p62, p64, p66, p68, p70, p0, p1, p3, p4]
+836: p96 = getfield_gc_r(p90, descr=<FieldP rpyeffect.stack.MetaStack.inst_tail 32 pure>)
+840: p97 = getfield_gc_r(p3, descr=<FieldP rpyeffect.stack.MetaStackLike.inst_stack 8 pure>)
+848: guard_class(p3, ConstClass(MetaStackWithBinding), descr=<Guard0x1180c59a0>) [p2, i7, i9, i11, i13, i15, i17, i19, i21, i23, i25, i27, i29, i31, i33, i35, i37, p40, p42, p44, p46, p48, p50, p52, p54, p56, p58, p60, p62, p64, p66, p68, p70, p0, p1, p3, p4]
+864: p99 = getfield_gc_r(p3, descr=<FieldP rpyeffect.stack.MetaStackWithBinding.inst_binding 40 pure>)
+872: guard_nonnull(p99, descr=<Guard0x1180c5960>) [p2, i7, i9, i11, i13, i15, i17, i19, i21, i23, i25, i27, i29, i31, i33, i35, i37, p40, p42, p44, p46, p48, p50, p52, p54, p56, p58, p60, p62, p64, p66, p68, p70, p0, p1, p3, p4]
+880: guard_nonnull_class(p96, 4373753536, descr=<Guard0x108053e60>) [p2, i7, i9, i11, i13, i15, i17, i19, i21, i23, i25, i27, i29, i31, i33, i35, i37, p40, p42, p44, p46, p48, p50, p52, p54, p56, p58, p60, p62, p64, p66, p68, p70, p0, p1, p3, p4]
+904: p101 = getfield_gc_r(p96, descr=<FieldP rpyeffect.stack.MetaStackLike.inst_stack 8 pure>)
+912: p102 = getfield_gc_r(p96, descr=<FieldP rpyeffect.stack.MetaStack.inst_label 16 pure>)
+920: p103 = getfield_gc_r(p96, descr=<FieldP rpyeffect.stack.MetaStack.inst_tail 32 pure>)
+924: guard_nonnull(p101, descr=<Guard0x1180c5920>) [p2, i7, i9, i11, i13, i15, i17, i19, i21, i23, i25, i27, i29, i31, i33, i35, i37, p40, p42, p44, p46, p48, p50, p52, p54, p56, p58, p60, p62, p64, p66, p68, p70, p0, p1, p3, p4]
+932: i104 = getfield_gc_i(p101, descr=<FieldS rpyeffect.stored_environment.Stack__arb_arb.inst_target 16 pure>)
+940: guard_value(i104, 294, descr=<Guard0x1180c58e0>) [p2, i7, i9, i11, i13, i15, i17, i19, i21, i23, i25, i27, i29, i31, i33, i35, i37, p40, p42, p44, p46, p48, p50, p52, p54, p56, p58, p60, p62, p64, p66, p68, p70, p0, p1, p3, p4]
debug_merge_point(0, 0, '296<main.rpyeffect:286([method_%Flip_0(p):n@[mcore:[#56]#774]#812])>+2: {"op": "Swap". "type": "ptr". "a": 1. "b". 0}')
debug_merge_point(0, 0, '296<main.rpyeffect:286([method_%Flip_0(p):n@[mcore:[#56]#774]#812])>+3: {"op": "Match". "type": Interned({"op": "eff$Tuple". "elements": []}). "scrutinee": 1. "clauses": [{"tag": Interned({"op": "eff$Tuple". "elements": []}). "target": 295. "args": {"num": []. "ptr": []}}]. "default": {"tag": Interned(c1ad4e97-e16b-4180-ac28-d851f2c5f77a#[Missing Tag#1081]). "target": 289. "args": {"num": []. "ptr": []}}}')
debug_merge_point(0, 0, '295<main.rpyeffect:285([#823])>+0: {"op": "Const". "type": "num". "out": 0. "value": 1}')
debug_merge_point(0, 0, '295<main.rpyeffect:285([#823])>+1: {"op": "Push". "target": 294. "args": {"num": []. "ptr": [0]}}')
debug_merge_point(0, 0, '295<main.rpyeffect:285([#823])>+2: {"op": "Jump". "target": 277}')
debug_merge_point(0, 0, '277<main.rpyeffect:267(Name(k_145))>+0: {"op": "PushStack". "arg": 0}')
debug_merge_point(0, 0, '277<main.rpyeffect:267(Name(k_145))>+1: {"op": "Return". "args": {"num": [0]. "ptr": []}}')
debug_merge_point(0, 0, '220<main.rpyeffect:210([k@[switch case for 0#562]#572])>+0: {"op": "Swap". "type": "num". "a": 1. "b". 0}')
+952: p106 = new_with_vtable(descr=<SizeDescr 48>)
+1064: p107 = new_with_vtable(descr=<SizeDescr 40>)
+1076: setfield_gc(p107, p94, descr=<FieldP rpyeffect.stack.MetaStackLike.inst_stack 8 pure>)
+1080: setfield_gc(p107, p92, descr=<FieldP rpyeffect.stack.MetaStack.inst_label 16 pure>)
+1084: setfield_gc(p107, ConstPtr(null), descr=<FieldP rpyeffect.stack.MetaStack.inst_region 24 pure>)
+1092: p109 = new_with_vtable(descr=<SizeDescr 40>)
+1104: p110 = new_with_vtable(descr=<SizeDescr 48>)
+1116: setfield_gc(p110, p101, descr=<FieldP rpyeffect.stored_environment.Stack__arb_arb.inst_tail 8 pure>)
+1120: setfield_gc(p110, 294, descr=<FieldS rpyeffect.stored_environment.Stack__arb_arb.inst_target 16 pure>)
+1128: p112 = new_with_vtable(descr=<SizeDescr 48>)
+1140: p113 = new_with_vtable(descr=<SizeDescr 48>)
+1156: setfield_gc(p113, p78, descr=<FieldP rpyeffect.stored_environment.Stack__arb_arb.inst_tail 8 pure>)
+1160: setfield_gc(p113, 220, descr=<FieldS rpyeffect.stored_environment.Stack__arb_arb.inst_target 16 pure>)
+1168: setfield_gc(p113, i77, descr=<FieldS rpyeffect.stored_environment.Stack__1_0.inst_values_num_0 40 pure>)
+1172: setfield_gc(p112, p113, descr=<FieldP rpyeffect.stack.MetaStackLike.inst_stack 8 pure>)
+1176: setfield_gc(p112, p0, descr=<FieldP rpyeffect.stack.MetaStack.inst_label 16 pure>)
+1180: setfield_gc(p112, ConstPtr(null), descr=<FieldP rpyeffect.stack.MetaStack.inst_region 24 pure>)
+1188: p116 = new_with_vtable(descr=<SizeDescr 48>)
+1204: setfield_gc(p116, p97, descr=<FieldP rpyeffect.stack.MetaStackLike.inst_stack 8 pure>)
+1208: setfield_gc(p116, p88, descr=<FieldP rpyeffect.stack.MetaStack.inst_label 16 pure>)
+1212: setfield_gc(p116, ConstPtr(null), descr=<FieldP rpyeffect.stack.MetaStack.inst_region 24 pure>)
+1220: p118 = new_with_vtable(descr=<SizeDescr 40>)
+1236: setfield_gc(p118, p94, descr=<FieldP rpyeffect.stack.MetaStackLike.inst_stack 8 pure>)
+1240: setfield_gc(p118, p92, descr=<FieldP rpyeffect.stack.MetaStack.inst_label 16 pure>)
+1244: setfield_gc(p118, ConstPtr(null), descr=<FieldP rpyeffect.stack.MetaStack.inst_region 24 pure>)
+1252: setfield_gc(p118, ConstPtr(null), descr=<FieldP rpyeffect.stack.MetaStack.inst_tail 32 pure>)
+1260: setfield_gc(p116, p118, descr=<FieldP rpyeffect.stack.MetaStack.inst_tail 32 pure>)
+1264: setfield_gc(p116, p99, descr=<FieldP rpyeffect.stack.MetaStackWithBinding.inst_binding 40 pure>)
+1268: setfield_gc(p112, p116, descr=<FieldP rpyeffect.stack.MetaStack.inst_tail 32 pure>)
+1272: setfield_gc(p112, p4, descr=<FieldP rpyeffect.stack.MetaStackWithBinding.inst_binding 40 pure>)
+1276: setfield_gc(p110, p112, descr=<FieldP rpyeffect.stored_environment.Stack__0_1.inst_values_ptr_0 40 pure>)
+1280: setfield_gc(p109, p110, descr=<FieldP rpyeffect.stack.MetaStackLike.inst_stack 8 pure>)
+1284: setfield_gc(p109, p102, descr=<FieldP rpyeffect.stack.MetaStack.inst_label 16 pure>)
+1288: setfield_gc(p109, ConstPtr(null), descr=<FieldP rpyeffect.stack.MetaStack.inst_region 24 pure>)
+1296: setfield_gc(p109, p103, descr=<FieldP rpyeffect.stack.MetaStack.inst_tail 32 pure>)
+1304: setfield_gc(p107, p109, descr=<FieldP rpyeffect.stack.MetaStack.inst_tail 32 pure>)
+1308: p122 = new_with_vtable(descr=<SizeDescr 32>)
+1320: setfield_gc(p106, ConstPtr(null), descr=<FieldP rpyeffect.stack.MetaStack.inst_region 24 pure>)
+1332: setfield_gc(p106, p88, descr=<FieldP rpyeffect.stack.MetaStack.inst_label 16 pure>)
+1336: setfield_gc(p106, p107, descr=<FieldP rpyeffect.stack.MetaStack.inst_tail 32 pure>)
+1340: setfield_gc(p106, p97, descr=<FieldP rpyeffect.stack.MetaStackLike.inst_stack 8 pure>)
+1344: setfield_gc(p106, p99, descr=<FieldP rpyeffect.stack.MetaStackWithBinding.inst_binding 40 pure>)
+1352: setfield_gc(p122, ConstPtr(ptr124), descr=<FieldP rpyeffect.stored_environment.Data__arb_arb.inst_tag 8>)
+1404: jump(p0, p78, p2, p106, p4, 1, i77, i11, i13, i15, i17, i19, i21, i23, i25, i27, i29, i31, i33, i35, i37, p112, p122, p44, p46, p48, p50, p52, p54, p56, p58, p60, p62, p64, p66, p68, p70, descr=TargetToken(4966780624))
+1760: --end of the loop--
[2575ecd] jit-log-opt-loop}
[29bbf08] {jit-log-opt-bridge
# bridge out of Guard 0x12808e360 with 160 ops
[p0, i1, i2, i3, i4, i5, i6, i7, i8, i9, i10, i11, i12, i13, i14, i15, i16, p17, p18, p19, p20, p21, p22, p23, p24, p25, p26, p27, p28, p29, p30, p31, p32, p33, p34, p35]
+280: guard_not_invalidated(descr=<Guard0x108080cd8>) [p0, i1, i2, i3, i4, i5, i6, i7, i8, i9, i10, i11, i12, i13, i14, i15, i16, p17, p18, p19, p20, p21, p22, p23, p24, p25, p26, p27, p28, p29, p30, p31, p32, p33, p34, p35]
debug_merge_point(0, 0, '209<main.rpyeffect:199([k@[mcore:[eta-expanded fn#456]#533]#538])>+1: {"op": "Return". "args": {"num": [0]. "ptr": []}}')
+284: guard_nonnull(p33, descr=<Guard0x108082ee0>) [p0, i1, i2, i3, i4, i5, i6, i7, i8, i9, i10, i11, i12, i13, i14, i15, i16, p17, p18, p19, p20, p21, p22, p23, p24, p25, p26, p27, p28, p29, p30, p31, p32, p33, p34, p35]
+292: i36 = getfield_gc_i(p33, descr=<FieldS rpyeffect.stored_environment.Stack__arb_arb.inst_target 16 pure>)
+296: guard_value(i36, 214, descr=<Guard0x108082ea0>) [p0, i1, i2, i3, i4, i5, i6, i7, i8, i9, i10, i11, i12, i13, i14, i15, i16, p17, p18, p19, p20, p21, p22, p23, p24, p25, p26, p27, p28, p29, p30, p31, p32, p33, p34, p35]
+308: p38 = getfield_gc_r(p33, descr=<FieldP rpyeffect.stored_environment.Stack__arb_arb.inst_tail 8 pure>)
debug_merge_point(0, 0, '214<main.rpyeffect:204([#591])>+0: {"op": "PrimOp". "name": "box(Num): Ptr". "out": {"num": []. "ptr": [0]}. "in": {"num": [0]. "ptr": []}}')
debug_merge_point(0, 0, '214<main.rpyeffect:204([#591])>+1: {"op": "Return". "args": {"num": []. "ptr": [0]}}')
+312: guard_nonnull(p38, descr=<Guard0x108082e60>) [p0, i1, i2, i3, i4, i5, i6, i7, i8, i9, i10, i11, i12, i13, i14, i15, i16, p17, p18, p19, p20, p21, p22, p23, p24, p25, p26, p27, p28, p29, p30, p31, p32, p33, p34, p35]
+320: i39 = getfield_gc_i(p38, descr=<FieldS rpyeffect.stored_environment.Stack__arb_arb.inst_target 16 pure>)
+324: guard_value(i39, 229, descr=<Guard0x108082e20>) [p0, i1, i2, i3, i4, i5, i6, i7, i8, i9, i10, i11, i12, i13, i14, i15, i16, p17, p18, p19, p20, p21, p22, p23, p24, p25, p26, p27, p28, p29, p30, p31, p32, p33, p34, p35]
+336: p41 = getfield_gc_r(p38, descr=<FieldP rpyeffect.stored_environment.Stack__arb_arb.inst_tail 8 pure>)
debug_merge_point(0, 0, '229<main.rpyeffect:219([k@[mcore:[eta-expanded fn#474]#609]#614])>+0: {"op": "PrimOp". "name": "unbox(Ptr): Num". "out": {"num": [0]. "ptr": []}. "in": {"num": []. "ptr": [0]}}')
debug_merge_point(0, 0, '229<main.rpyeffect:219([k@[mcore:[eta-expanded fn#474]#609]#614])>+1: {"op": "Return". "args": {"num": [0]. "ptr": []}}')
+340: guard_nonnull(p41, descr=<Guard0x108082de0>) [p0, i1, i2, i3, i4, i5, i6, i7, i8, i9, i10, i11, i12, i13, i14, i15, i16, p17, p18, p19, p20, p21, p22, p23, p24, p25, p26, p27, p28, p29, p30, p31, p32, p33, p34, p35]
+348: i42 = getfield_gc_i(p41, descr=<FieldS rpyeffect.stored_environment.Stack__arb_arb.inst_target 16 pure>)
+352: guard_value(i42, 247, descr=<Guard0x108082da0>) [p0, i1, i2, i3, i4, i5, i6, i7, i8, i9, i10, i11, i12, i13, i14, i15, i16, p17, p18, p19, p20, p21, p22, p23, p24, p25, p26, p27, p28, p29, p30, p31, p32, p33, p34, p35]
+364: i44 = getfield_gc_i(p41, descr=<FieldS rpyeffect.stored_environment.Stack__2_0.inst_values_num_0 40 pure>)
+368: i45 = getfield_gc_i(p41, descr=<FieldS rpyeffect.stored_environment.Stack__2_0.inst_values_num_1 48 pure>)
+372: p46 = getfield_gc_r(p41, descr=<FieldP rpyeffect.stored_environment.Stack__arb_arb.inst_tail 8 pure>)
debug_merge_point(0, 0, '247<main.rpyeffect:237([#649])>+0: {"op": "Push". "target": 246. "args": {"num": [1. 0. 2]. "ptr": []}}')
debug_merge_point(0, 0, '247<main.rpyeffect:237([#649])>+1: {"op": "Jump". "target": 188}')
debug_merge_point(0, 0, '188<main.rpyeffect:178(Name(-_34))>+0: {"op": "New". "out": 0. "targets": [181. 183. 185. 187]. "args": {"num": [0]. "ptr": []}}')
debug_merge_point(0, 0, '188<main.rpyeffect:178(Name(-_34))>+1: {"op": "Return". "args": {"num": []. "ptr": [0]}}')
debug_merge_point(0, 0, '246<main.rpyeffect:236([k@[#649]#651])>+0: {"op": "Const". "type": "num". "out": 3. "value": 1}')
debug_merge_point(0, 0, '246<main.rpyeffect:236([k@[#649]#651])>+1: {"op": "Push". "target": 245. "args": {"num": [0. 1. 2]. "ptr": []}}')
debug_merge_point(0, 0, '246<main.rpyeffect:236([k@[#649]#651])>+2: {"op": "Copy". "type": "num". "from": 3. "to". 0}')
debug_merge_point(0, 0, '246<main.rpyeffect:236([k@[#649]#651])>+3: {"op": "Invoke". "receiver": 0. "tag": Interned(%apply(n):n). "args" : {"num": [0]. "ptr": []}}')
debug_merge_point(0, 0, '181<main.rpyeffect:171([method_%apply(n):n@Name(-_34)#469])>+0: {"op": "Jump". "target": 179}')
debug_merge_point(0, 0, '179<main.rpyeffect:169([mcore:[#30]#465])>+0: {"op": "PrimOp". "name": "infixSub(Int. Int): Int". "out": {"num": [0]. "ptr": []}. "in": {"num": [1. 0]. "ptr": []}}')
+376: i48 = int_sub(i1, 1)
debug_merge_point(0, 0, '179<main.rpyeffect:169([mcore:[#30]#465])>+1: {"op": "Return". "args": {"num": [0]. "ptr": []}}')
debug_merge_point(0, 0, '245<main.rpyeffect:235([k@[k@[#649]#651]#655])>+0: {"op": "Const". "type": "ptr". "out": 0. "format": "string". "value": "Name(Fail_1)"}')
debug_merge_point(0, 0, '245<main.rpyeffect:235([k@[k@[#649]#651]#655])>+1: {"op": "PrimOp". "name": "getGlobal(String): Ptr". "out": {"num": []. "ptr": [0]}. "in": {"num": []. "ptr": [0]}}')
debug_merge_point(0, 0, '245<main.rpyeffect:235([k@[k@[#649]#651]#655])>+2: {"op": "Const". "type": "ptr". "out": 1. "format": "string". "value": "Name(Flip_0)"}')
debug_merge_point(0, 0, '245<main.rpyeffect:235([k@[k@[#649]#651]#655])>+3: {"op": "PrimOp". "name": "getGlobal(String): Ptr". "out": {"num": []. "ptr": [1]}. "in": {"num": []. "ptr": [1]}}')
debug_merge_point(0, 0, '245<main.rpyeffect:235([k@[k@[#649]#651]#655])>+4: {"op": "Push". "target": 244. "args": {"num": [1. 2. 3]. "ptr": []}}')
debug_merge_point(0, 0, '245<main.rpyeffect:235([k@[k@[#649]#651]#655])>+5: {"op": "Jump". "target": 232}')
debug_merge_point(0, 0, '232<main.rpyeffect:222([mcore:[eta-expanded fn#481]#618])>+0: {"op": "Push". "target": 231. "args": {"num": []. "ptr": []}}')
debug_merge_point(0, 0, '232<main.rpyeffect:222([mcore:[eta-expanded fn#481]#618])>+1: {"op": "Jump". "target": 226}')
debug_merge_point(0, 0, '226<main.rpyeffect:216(Name(choice_48))>+0: {"op": "Push". "target": 225. "args": {"num": [0]. "ptr": []}}')
debug_merge_point(0, 0, '226<main.rpyeffect:216(Name(choice_48))>+1: {"op": "Jump". "target": 69}')
debug_merge_point(0, 0, '69<main.rpyeffect:59(Name(<_5))>+0: {"op": "New". "out": 0. "targets": [62. 64. 66. 68]. "args": {"num": [0]. "ptr": []}}')
debug_merge_point(0, 0, '69<main.rpyeffect:59(Name(<_5))>+1: {"op": "Return". "args": {"num": []. "ptr": [0]}}')
debug_merge_point(0, 0, '225<main.rpyeffect:215([k@Name(choice_48)#543])>+0: {"op": "Const". "type": "num". "out": 1. "value": 1}')
debug_merge_point(0, 0, '225<main.rpyeffect:215([k@Name(choice_48)#543])>+1: {"op": "Push". "target": 224. "args": {"num": [0]. "ptr": []}}')
debug_merge_point(0, 0, '225<main.rpyeffect:215([k@Name(choice_48)#543])>+2: {"op": "Copy". "type": "num". "from": 1. "to". 0}')
debug_merge_point(0, 0, '225<main.rpyeffect:215([k@Name(choice_48)#543])>+3: {"op": "Invoke". "receiver": 0. "tag": Interned(%apply(n):n). "args" : {"num": [0]. "ptr": []}}')
debug_merge_point(0, 0, '62<main.rpyeffect:52([method_%apply(n):n@Name(<_5)#157])>+0: {"op": "Jump". "target": 60}')
debug_merge_point(0, 0, '60<main.rpyeffect:50([mcore:[#20]#153])>+0: {"op": "PrimOp". "name": "infixLt(Int. Int): Boolean". "out": {"num": [0]. "ptr": []}. "in": {"num": [1. 0]. "ptr": []}}')
+384: i50 = int_lt(i48, 1)
guard_false(i50, descr=<Guard0x108082d60>) [p0, i1, i2, i3, i4, i5, i6, i7, i8, i9, i10, i11, i12, i13, i14, i15, i16, p17, p18, p19, p20, p21, p22, p23, p24, p25, p26, p27, p28, p29, p30, p31, p32, p33, p34, p35]
debug_merge_point(0, 0, '60<main.rpyeffect:50([mcore:[#20]#153])>+1: {"op": "Return". "args": {"num": [0]. "ptr": []}}')
debug_merge_point(0, 0, '224<main.rpyeffect:214([k@[k@Name(choice_48)#543]#547])>+0: {"op": "Switch". "scrutinee": 0. "values": [1]. "targets": [212]. "default": 223}')
debug_merge_point(0, 0, '223<main.rpyeffect:213([switch default case#561])>+0: {"op": "Swap". "type": "num". "a": 1. "b". 0}')
debug_merge_point(0, 0, '223<main.rpyeffect:213([switch default case#561])>+1: {"op": "Switch". "scrutinee": 1. "values": [0]. "targets": [221]. "default": 222}')
debug_merge_point(0, 0, '221<main.rpyeffect:211([switch case for 0#562])>+0: {"op": "Const". "type": "num". "out": 1. "value": 0}')
debug_merge_point(0, 0, '221<main.rpyeffect:211([switch case for 0#562])>+1: {"op": "Const". "type": "ptr". "out": 0. "format": "string". "value": "Name(Flip_0)"}')
debug_merge_point(0, 0, '221<main.rpyeffect:211([switch case for 0#562])>+2: {"op": "PrimOp". "name": "getGlobal(String): Ptr". "out": {"num": []. "ptr": [0]}. "in": {"num": []. "ptr": [0]}}')
debug_merge_point(0, 0, '221<main.rpyeffect:211([switch case for 0#562])>+3: {"op": "GetDynamic". "out": 0. "n": 1. "label": 0}')
+392: guard_nonnull(p35, descr=<Guard0x108082d20>) [p0, i1, i2, i3, i4, i5, i6, i7, i8, i9, i10, i11, i12, i13, i14, i15, i16, p17, p18, p19, p20, p21, p22, p23, p24, p25, p26, p27, p28, p29, p30, p31, p32, p33, p34, p35]
+408: i52 = instance_ptr_eq(p32, ConstPtr(ptr51))
guard_true(i52, descr=<Guard0x108082ce0>) [p0, i1, i2, i3, i4, i5, i6, i7, i8, i9, i10, i11, i12, i13, i14, i15, i16, p17, p18, p19, p20, p21, p22, p23, p24, p25, p26, p27, p28, p29, p30, p31, p32, p33, p34, p35]
debug_merge_point(0, 0, '221<main.rpyeffect:211([switch case for 0#562])>+4: {"op": "Construct". "out": 1. "type": Interned({"op": "eff$Tuple". "elements": []}). "tag": Interned({"op": "eff$Tuple". "elements": []}). "args": {"num": []. "ptr": []}}')
debug_merge_point(0, 0, '221<main.rpyeffect:211([switch case for 0#562])>+5: {"op": "Push". "target": 220. "args": {"num": [0]. "ptr": []}}')
debug_merge_point(0, 0, '221<main.rpyeffect:211([switch case for 0#562])>+6: {"op": "Swap". "type": "ptr". "a": 1. "b". 0}')
debug_merge_point(0, 0, '221<main.rpyeffect:211([switch case for 0#562])>+7: {"op": "Invoke". "receiver": 1. "tag": Interned(%Flip_0(p):n). "args" : {"num": []. "ptr": [0]}}')
+420: p53 = getfield_gc_r(p35, descr=<FieldP rpyeffect.stored_environment.CoData__arb_arb.inst_vtable 24 pure>)
+432: guard_value(p53, ConstPtr(ptr54), descr=<Guard0x108082ca0>) [p0, i1, i2, i3, i4, i5, i6, i7, i8, i9, i10, i11, i12, i13, i14, i15, i16, p17, p18, p19, p20, p21, p22, p23, p24, p25, p26, p27, p28, p29, p30, p31, p32, p33, p34, p35]
+440: p55 = getfield_gc_r(p35, descr=<FieldP rpyeffect.stored_environment.CoData__0_1.inst_values_ptr_0 32 pure>)
debug_merge_point(0, 0, '296<main.rpyeffect:286([method_%Flip_0(p):n@[mcore:[#56]#774]#812])>+0: {"op": "Const". "type": "num". "out": 0. "value": 0}')
debug_merge_point(0, 0, '296<main.rpyeffect:286([method_%Flip_0(p):n@[mcore:[#56]#774]#812])>+1: {"op": "ShiftDyn". "out": 1. "n": 0. "label": 1}')
+444: i56 = instance_ptr_eq(p32, p55)
guard_false(i56, descr=<Guard0x108082c60>) [p0, i1, i2, i3, i4, i5, i6, i7, i8, i9, i10, i11, i12, i13, i14, i15, i16, p17, p18, p19, p20, p21, p22, p23, p24, p25, p26, p27, p28, p29, p30, p31, p32, p33, p34, p35]
+452: p57 = getfield_gc_r(p34, descr=<FieldP rpyeffect.stack.MetaStack.inst_region 24 pure>)
+460: guard_isnull(p57, descr=<Guard0x108082c20>) [p0, i1, i2, i3, i4, i5, i6, i7, i8, i9, i10, i11, i12, i13, i14, i15, i16, p17, p18, p19, p20, p21, p22, p23, p24, p25, p26, p27, p28, p29, p30, p31, p32, p33, p34, p35]
+468: p58 = getfield_gc_r(p34, descr=<FieldP rpyeffect.stack.MetaStack.inst_label 16 pure>)
+472: i59 = instance_ptr_eq(p58, p55)
guard_false(i59, descr=<Guard0x108082be0>) [p0, i1, i2, i3, i4, i5, i6, i7, i8, i9, i10, i11, i12, i13, i14, i15, i16, p17, p18, p19, p20, p21, p22, p23, p24, p25, p26, p27, p28, p29, p30, p31, p32, p33, p34, p35]
+480: p60 = getfield_gc_r(p34, descr=<FieldP rpyeffect.stack.MetaStack.inst_tail 32 pure>)
+484: p61 = getfield_gc_r(p60, descr=<FieldP rpyeffect.stack.MetaStack.inst_region 24 pure>)
+488: guard_isnull(p61, descr=<Guard0x108082ba0>) [p0, i1, i2, i3, i4, i5, i6, i7, i8, i9, i10, i11, i12, i13, i14, i15, i16, p17, p18, p19, p20, p21, p22, p23, p24, p25, p26, p27, p28, p29, p30, p31, p32, p33, p34, p35]
+496: p62 = getfield_gc_r(p60, descr=<FieldP rpyeffect.stack.MetaStack.inst_label 16 pure>)
+500: i63 = instance_ptr_eq(p62, p55)
guard_true(i63, descr=<Guard0x108082b60>) [p0, i1, i2, i3, i4, i5, i6, i7, i8, i9, i10, i11, i12, i13, i14, i15, i16, p17, p18, p19, p20, p21, p22, p23, p24, p25, p26, p27, p28, p29, p30, p31, p32, p33, p34, p35]
+508: p64 = getfield_gc_r(p60, descr=<FieldP rpyeffect.stack.MetaStackLike.inst_stack 8 pure>)
+512: guard_class(p60, 4373753536, descr=<Guard0x108082b20>) [p0, i1, i2, i3, i4, i5, i6, i7, i8, i9, i10, i11, i12, i13, i14, i15, i16, p17, p18, p19, p20, p21, p22, p23, p24, p25, p26, p27, p28, p29, p30, p31, p32, p33, p34, p35]
+528: p66 = getfield_gc_r(p60, descr=<FieldP rpyeffect.stack.MetaStack.inst_tail 32 pure>)
+532: p67 = getfield_gc_r(p34, descr=<FieldP rpyeffect.stack.MetaStackLike.inst_stack 8 pure>)
+536: guard_class(p34, ConstClass(MetaStackWithBinding), descr=<Guard0x108082ae0>) [p0, i1, i2, i3, i4, i5, i6, i7, i8, i9, i10, i11, i12, i13, i14, i15, i16, p17, p18, p19, p20, p21, p22, p23, p24, p25, p26, p27, p28, p29, p30, p31, p32, p33, p34, p35]
+552: p69 = getfield_gc_r(p34, descr=<FieldP rpyeffect.stack.MetaStackWithBinding.inst_binding 40 pure>)
+556: guard_nonnull(p69, descr=<Guard0x108082aa0>) [p0, i1, i2, i3, i4, i5, i6, i7, i8, i9, i10, i11, i12, i13, i14, i15, i16, p17, p18, p19, p20, p21, p22, p23, p24, p25, p26, p27, p28, p29, p30, p31, p32, p33, p34, p35]
+564: guard_nonnull_class(p66, 4373753536, descr=<Guard0x108080d30>) [p0, i1, i2, i3, i4, i5, i6, i7, i8, i9, i10, i11, i12, i13, i14, i15, i16, p17, p18, p19, p20, p21, p22, p23, p24, p25, p26, p27, p28, p29, p30, p31, p32, p33, p34, p35]
+588: p71 = getfield_gc_r(p66, descr=<FieldP rpyeffect.stack.MetaStackLike.inst_stack 8 pure>)
+592: p72 = getfield_gc_r(p66, descr=<FieldP rpyeffect.stack.MetaStack.inst_label 16 pure>)
+600: p73 = getfield_gc_r(p66, descr=<FieldP rpyeffect.stack.MetaStack.inst_tail 32 pure>)
+604: guard_nonnull(p71, descr=<Guard0x108082a60>) [p0, i1, i2, i3, i4, i5, i6, i7, i8, i9, i10, i11, i12, i13, i14, i15, i16, p17, p18, p19, p20, p21, p22, p23, p24, p25, p26, p27, p28, p29, p30, p31, p32, p33, p34, p35]
+612: i74 = getfield_gc_i(p71, descr=<FieldS rpyeffect.stored_environment.Stack__arb_arb.inst_target 16 pure>)
+616: guard_value(i74, 294, descr=<Guard0x108082a20>) [p0, i1, i2, i3, i4, i5, i6, i7, i8, i9, i10, i11, i12, i13, i14, i15, i16, p17, p18, p19, p20, p21, p22, p23, p24, p25, p26, p27, p28, p29, p30, p31, p32, p33, p34, p35]
debug_merge_point(0, 0, '296<main.rpyeffect:286([method_%Flip_0(p):n@[mcore:[#56]#774]#812])>+2: {"op": "Swap". "type": "ptr". "a": 1. "b". 0}')
debug_merge_point(0, 0, '296<main.rpyeffect:286([method_%Flip_0(p):n@[mcore:[#56]#774]#812])>+3: {"op": "Match". "type": Interned({"op": "eff$Tuple". "elements": []}). "scrutinee": 1. "clauses": [{"tag": Interned({"op": "eff$Tuple". "elements": []}). "target": 295. "args": {"num": []. "ptr": []}}]. "default": {"tag": Interned(c1ad4e97-e16b-4180-ac28-d851f2c5f77a#[Missing Tag#1081]). "target": 289. "args": {"num": []. "ptr": []}}}')
debug_merge_point(0, 0, '295<main.rpyeffect:285([#823])>+0: {"op": "Const". "type": "num". "out": 0. "value": 1}')
debug_merge_point(0, 0, '295<main.rpyeffect:285([#823])>+1: {"op": "Push". "target": 294. "args": {"num": []. "ptr": [0]}}')
debug_merge_point(0, 0, '295<main.rpyeffect:285([#823])>+2: {"op": "Jump". "target": 277}')
debug_merge_point(0, 0, '277<main.rpyeffect:267(Name(k_145))>+0: {"op": "PushStack". "arg": 0}')
debug_merge_point(0, 0, '277<main.rpyeffect:267(Name(k_145))>+1: {"op": "Return". "args": {"num": [0]. "ptr": []}}')
debug_merge_point(0, 0, '220<main.rpyeffect:210([k@[switch case for 0#562]#572])>+0: {"op": "Swap". "type": "num". "a": 1. "b". 0}')
+628: p76 = new_with_vtable(descr=<SizeDescr 40>)
+740: p77 = new_with_vtable(descr=<SizeDescr 64>)
+752: setfield_gc(p77, p46, descr=<FieldP rpyeffect.stored_environment.Stack__arb_arb.inst_tail 8 pure>)
+756: setfield_gc(p77, 244, descr=<FieldS rpyeffect.stored_environment.Stack__arb_arb.inst_target 16 pure>)
+764: setfield_gc(p77, i44, descr=<FieldS rpyeffect.stored_environment.Stack__3_0.inst_values_num_0 40 pure>)
+768: setfield_gc(p77, i1, descr=<FieldS rpyeffect.stored_environment.Stack__3_0.inst_values_num_1 48 pure>)
+772: setfield_gc(p77, i45, descr=<FieldS rpyeffect.stored_environment.Stack__3_0.inst_values_num_2 56 pure>)
+776: p79 = new_with_vtable(descr=<SizeDescr 48>)
+788: p80 = new_with_vtable(descr=<SizeDescr 40>)
+800: setfield_gc(p80, p64, descr=<FieldP rpyeffect.stack.MetaStackLike.inst_stack 8 pure>)
+804: setfield_gc(p80, p62, descr=<FieldP rpyeffect.stack.MetaStack.inst_label 16 pure>)
+808: setfield_gc(p80, ConstPtr(null), descr=<FieldP rpyeffect.stack.MetaStack.inst_region 24 pure>)
+816: p82 = new_with_vtable(descr=<SizeDescr 40>)
+832: p83 = new_with_vtable(descr=<SizeDescr 48>)
+844: setfield_gc(p83, p71, descr=<FieldP rpyeffect.stored_environment.Stack__arb_arb.inst_tail 8 pure>)
+852: setfield_gc(p83, 294, descr=<FieldS rpyeffect.stored_environment.Stack__arb_arb.inst_target 16 pure>)
+860: p85 = new_with_vtable(descr=<SizeDescr 48>)
+876: p86 = new_with_vtable(descr=<SizeDescr 48>)
+892: setfield_gc(p86, p76, descr=<FieldP rpyeffect.stored_environment.Stack__arb_arb.inst_tail 8 pure>)
+896: setfield_gc(p86, 220, descr=<FieldS rpyeffect.stored_environment.Stack__arb_arb.inst_target 16 pure>)
+904: setfield_gc(p86, i48, descr=<FieldS rpyeffect.stored_environment.Stack__1_0.inst_values_num_0 40 pure>)
+908: setfield_gc(p85, p86, descr=<FieldP rpyeffect.stack.MetaStackLike.inst_stack 8 pure>)
+912: setfield_gc(p85, p32, descr=<FieldP rpyeffect.stack.MetaStack.inst_label 16 pure>)
+916: setfield_gc(p85, ConstPtr(null), descr=<FieldP rpyeffect.stack.MetaStack.inst_region 24 pure>)
+924: p89 = new_with_vtable(descr=<SizeDescr 48>)
+940: setfield_gc(p89, p67, descr=<FieldP rpyeffect.stack.MetaStackLike.inst_stack 8 pure>)
+944: setfield_gc(p89, p58, descr=<FieldP rpyeffect.stack.MetaStack.inst_label 16 pure>)
+948: setfield_gc(p89, ConstPtr(null), descr=<FieldP rpyeffect.stack.MetaStack.inst_region 24 pure>)
+956: p91 = new_with_vtable(descr=<SizeDescr 40>)
+968: setfield_gc(p91, p64, descr=<FieldP rpyeffect.stack.MetaStackLike.inst_stack 8 pure>)
+972: setfield_gc(p91, p62, descr=<FieldP rpyeffect.stack.MetaStack.inst_label 16 pure>)
+976: setfield_gc(p91, ConstPtr(null), descr=<FieldP rpyeffect.stack.MetaStack.inst_region 24 pure>)
+984: setfield_gc(p91, ConstPtr(null), descr=<FieldP rpyeffect.stack.MetaStack.inst_tail 32 pure>)
+992: setfield_gc(p89, p91, descr=<FieldP rpyeffect.stack.MetaStack.inst_tail 32 pure>)
+996: setfield_gc(p89, p69, descr=<FieldP rpyeffect.stack.MetaStackWithBinding.inst_binding 40 pure>)
+1000: setfield_gc(p85, p89, descr=<FieldP rpyeffect.stack.MetaStack.inst_tail 32 pure>)
+1004: setfield_gc(p85, p35, descr=<FieldP rpyeffect.stack.MetaStackWithBinding.inst_binding 40 pure>)
+1008: setfield_gc(p83, p85, descr=<FieldP rpyeffect.stored_environment.Stack__0_1.inst_values_ptr_0 40 pure>)
+1012: setfield_gc(p82, p83, descr=<FieldP rpyeffect.stack.MetaStackLike.inst_stack 8 pure>)
+1016: setfield_gc(p82, p72, descr=<FieldP rpyeffect.stack.MetaStack.inst_label 16 pure>)
+1024: setfield_gc(p82, ConstPtr(null), descr=<FieldP rpyeffect.stack.MetaStack.inst_region 24 pure>)
+1032: setfield_gc(p82, p73, descr=<FieldP rpyeffect.stack.MetaStack.inst_tail 32 pure>)
+1036: setfield_gc(p80, p82, descr=<FieldP rpyeffect.stack.MetaStack.inst_tail 32 pure>)
+1040: p95 = new_with_vtable(descr=<SizeDescr 32>)
+1052: setfield_gc(p76, 231, descr=<FieldS rpyeffect.stored_environment.Stack__arb_arb.inst_target 16 pure>)
+1060: setfield_gc(p76, p77, descr=<FieldP rpyeffect.stored_environment.Stack__arb_arb.inst_tail 8 pure>)
+1068: setfield_gc(p79, ConstPtr(null), descr=<FieldP rpyeffect.stack.MetaStack.inst_region 24 pure>)
+1080: setfield_gc(p79, p58, descr=<FieldP rpyeffect.stack.MetaStack.inst_label 16 pure>)
+1084: setfield_gc(p79, p80, descr=<FieldP rpyeffect.stack.MetaStack.inst_tail 32 pure>)
+1088: setfield_gc(p79, p67, descr=<FieldP rpyeffect.stack.MetaStackLike.inst_stack 8 pure>)
+1092: setfield_gc(p79, p69, descr=<FieldP rpyeffect.stack.MetaStackWithBinding.inst_binding 40 pure>)
+1100: setfield_gc(p95, ConstPtr(ptr98), descr=<FieldP rpyeffect.stored_environment.Data__arb_arb.inst_tag 8>)
+1184: jump(p32, p76, p0, p79, p35, 1, i48, i1, i45, i5, i6, i7, i8, i9, i10, i11, i12, i13, i14, i15, i16, p85, p95, p18, p19, p20, p21, p22, p23, p24, p25, p26, p27, p28, p29, p30, p31, descr=TargetToken(4966780624))
+1516: --end of the loop--
[29dc1ae] jit-log-opt-bridge}
[2a71f78] {jit-log-opt-bridge
# bridge out of Guard 0x118098f60 with 146 ops
[p0, i1, i2, i3, i4, i5, i6, i7, i8, i9, i10, i11, i12, i13, i14, i15, i16, p17, p18, p19, p20, p21, p22, p23, p24, p25, p26, p27, p28, p29, p30, p31, p32, p33, p34, p35, p36]
+264: guard_not_invalidated(descr=<Guard0x108080d88>) [p0, i1, i2, i3, i4, i5, i6, i7, i8, i9, i10, i11, i12, i13, i14, i15, i16, p17, p18, p19, p20, p21, p22, p23, p24, p25, p26, p27, p28, p29, p30, p31, p32, p33, p34, p35, p36]
debug_merge_point(0, 0, '220<main.rpyeffect:210([k@[switch case for 0#562]#572])>+1: {"op": "Switch". "scrutinee": 1. "values": [1]. "targets": [213]. "default": 219}')
+268: i38 = int_eq(i1, 1)
guard_false(i38, descr=<Guard0x108082f20>) [p0, i1, i2, i3, i4, i5, i6, i7, i8, i9, i10, i11, i12, i13, i14, i15, i16, p17, p18, p19, p20, p21, p22, p23, p24, p25, p26, p27, p28, p29, p30, p31, p32, p33, p34, p35, p36]
+276: guard_nonnull(p34, descr=<Guard0x108082f60>) [p0, i1, i2, i3, i4, i5, i6, i7, i8, i9, i10, i11, i12, i13, i14, i15, i16, p17, p18, p19, p20, p21, p22, p23, p24, p25, p26, p27, p28, p29, p30, p31, p32, p33, p34, p35, p36]
+288: i39 = getfield_gc_i(p34, descr=<FieldS rpyeffect.stored_environment.Stack__arb_arb.inst_target 16 pure>)
+296: guard_value(i39, 231, descr=<Guard0x108082fa0>) [p0, i1, i2, i3, i4, i5, i6, i7, i8, i9, i10, i11, i12, i13, i14, i15, i16, p17, p18, p19, p20, p21, p22, p23, p24, p25, p26, p27, p28, p29, p30, p31, p32, p33, p34, p35, p36]
debug_merge_point(0, 0, '219<main.rpyeffect:209([switch default case#576])>+0: {"op": "Switch". "scrutinee": 1. "values": [0]. "targets": [217]. "default": 218}')
+308: i42 = int_eq(i1, 0)
guard_true(i42, descr=<Guard0x108082fe0>) [p0, i1, i2, i3, i4, i5, i6, i7, i8, i9, i10, i11, i12, i13, i14, i15, i16, p17, p18, p19, p20, p21, p22, p23, p24, p25, p26, p27, p28, p29, p30, p31, p32, p33, p34, p35, p36]
debug_merge_point(0, 0, '217<main.rpyeffect:207([switch case for 0#577])>+0: {"op": "Push". "target": 216. "args": {"num": []. "ptr": []}}')
debug_merge_point(0, 0, '217<main.rpyeffect:207([switch case for 0#577])>+1: {"op": "Jump". "target": 188}')
debug_merge_point(0, 0, '188<main.rpyeffect:178(Name(-_34))>+0: {"op": "New". "out": 0. "targets": [181. 183. 185. 187]. "args": {"num": [0]. "ptr": []}}')
debug_merge_point(0, 0, '188<main.rpyeffect:178(Name(-_34))>+1: {"op": "Return". "args": {"num": []. "ptr": [0]}}')
debug_merge_point(0, 0, '216<main.rpyeffect:206([k@[switch case for 0#577]#579])>+0: {"op": "Const". "type": "num". "out": 0. "value": 1}')
debug_merge_point(0, 0, '216<main.rpyeffect:206([k@[switch case for 0#577]#579])>+1: {"op": "Push". "target": 215. "args": {"num": []. "ptr": []}}')
debug_merge_point(0, 0, '216<main.rpyeffect:206([k@[switch case for 0#577]#579])>+2: {"op": "Invoke". "receiver": 0. "tag": Interned(%apply(n):n). "args" : {"num": [0]. "ptr": []}}')
debug_merge_point(0, 0, '181<main.rpyeffect:171([method_%apply(n):n@Name(-_34)#469])>+0: {"op": "Jump". "target": 179}')
debug_merge_point(0, 0, '179<main.rpyeffect:169([mcore:[#30]#465])>+0: {"op": "PrimOp". "name": "infixSub(Int. Int): Int". "out": {"num": [0]. "ptr": []}. "in": {"num": [1. 0]. "ptr": []}}')
+316: i44 = int_sub(i2, 1)
debug_merge_point(0, 0, '179<main.rpyeffect:169([mcore:[#30]#465])>+1: {"op": "Return". "args": {"num": [0]. "ptr": []}}')
debug_merge_point(0, 0, '215<main.rpyeffect:205([k@[k@[switch case for 0#577]#579]#583])>+0: {"op": "Const". "type": "ptr". "out": 0. "format": "string". "value": "Name(Fail_1)"}')
debug_merge_point(0, 0, '215<main.rpyeffect:205([k@[k@[switch case for 0#577]#579]#583])>+1: {"op": "PrimOp". "name": "getGlobal(String): Ptr". "out": {"num": []. "ptr": [0]}. "in": {"num": []. "ptr": [0]}}')
debug_merge_point(0, 0, '215<main.rpyeffect:205([k@[k@[switch case for 0#577]#579]#583])>+2: {"op": "Const". "type": "ptr". "out": 1. "format": "string". "value": "Name(Flip_0)"}')
debug_merge_point(0, 0, '215<main.rpyeffect:205([k@[k@[switch case for 0#577]#579]#583])>+3: {"op": "PrimOp". "name": "getGlobal(String): Ptr". "out": {"num": []. "ptr": [1]}. "in": {"num": []. "ptr": [1]}}')
debug_merge_point(0, 0, '215<main.rpyeffect:205([k@[k@[switch case for 0#577]#579]#583])>+4: {"op": "Push". "target": 214. "args": {"num": []. "ptr": []}}')
debug_merge_point(0, 0, '215<main.rpyeffect:205([k@[k@[switch case for 0#577]#579]#583])>+5: {"op": "Jump". "target": 210}')
debug_merge_point(0, 0, '210<main.rpyeffect:200([mcore:[eta-expanded fn#456]#533])>+0: {"op": "Push". "target": 209. "args": {"num": []. "ptr": []}}')
debug_merge_point(0, 0, '210<main.rpyeffect:200([mcore:[eta-expanded fn#456]#533])>+1: {"op": "Jump". "target": 226}')
debug_merge_point(0, 0, '226<main.rpyeffect:216(Name(choice_48))>+0: {"op": "Push". "target": 225. "args": {"num": [0]. "ptr": []}}')
debug_merge_point(0, 0, '226<main.rpyeffect:216(Name(choice_48))>+1: {"op": "Jump". "target": 69}')
debug_merge_point(0, 0, '69<main.rpyeffect:59(Name(<_5))>+0: {"op": "New". "out": 0. "targets": [62. 64. 66. 68]. "args": {"num": [0]. "ptr": []}}')
debug_merge_point(0, 0, '69<main.rpyeffect:59(Name(<_5))>+1: {"op": "Return". "args": {"num": []. "ptr": [0]}}')
debug_merge_point(0, 0, '225<main.rpyeffect:215([k@Name(choice_48)#543])>+0: {"op": "Const". "type": "num". "out": 1. "value": 1}')
debug_merge_point(0, 0, '225<main.rpyeffect:215([k@Name(choice_48)#543])>+1: {"op": "Push". "target": 224. "args": {"num": [0]. "ptr": []}}')
debug_merge_point(0, 0, '225<main.rpyeffect:215([k@Name(choice_48)#543])>+2: {"op": "Copy". "type": "num". "from": 1. "to". 0}')
debug_merge_point(0, 0, '225<main.rpyeffect:215([k@Name(choice_48)#543])>+3: {"op": "Invoke". "receiver": 0. "tag": Interned(%apply(n):n). "args" : {"num": [0]. "ptr": []}}')
debug_merge_point(0, 0, '62<main.rpyeffect:52([method_%apply(n):n@Name(<_5)#157])>+0: {"op": "Jump". "target": 60}')
debug_merge_point(0, 0, '60<main.rpyeffect:50([mcore:[#20]#153])>+0: {"op": "PrimOp". "name": "infixLt(Int. Int): Boolean". "out": {"num": [0]. "ptr": []}. "in": {"num": [1. 0]. "ptr": []}}')
+320: i46 = int_lt(i44, 1)
guard_false(i46, descr=<Guard0x108083020>) [p0, i1, i2, i3, i4, i5, i6, i7, i8, i9, i10, i11, i12, i13, i14, i15, i16, p17, p18, p19, p20, p21, p22, p23, p24, p25, p26, p27, p28, p29, p30, p31, p32, p33, p34, p35, p36]
debug_merge_point(0, 0, '60<main.rpyeffect:50([mcore:[#20]#153])>+1: {"op": "Return". "args": {"num": [0]. "ptr": []}}')
debug_merge_point(0, 0, '224<main.rpyeffect:214([k@[k@Name(choice_48)#543]#547])>+0: {"op": "Switch". "scrutinee": 0. "values": [1]. "targets": [212]. "default": 223}')
debug_merge_point(0, 0, '223<main.rpyeffect:213([switch default case#561])>+0: {"op": "Swap". "type": "num". "a": 1. "b". 0}')
debug_merge_point(0, 0, '223<main.rpyeffect:213([switch default case#561])>+1: {"op": "Switch". "scrutinee": 1. "values": [0]. "targets": [221]. "default": 222}')
debug_merge_point(0, 0, '221<main.rpyeffect:211([switch case for 0#562])>+0: {"op": "Const". "type": "num". "out": 1. "value": 0}')
debug_merge_point(0, 0, '221<main.rpyeffect:211([switch case for 0#562])>+1: {"op": "Const". "type": "ptr". "out": 0. "format": "string". "value": "Name(Flip_0)"}')
debug_merge_point(0, 0, '221<main.rpyeffect:211([switch case for 0#562])>+2: {"op": "PrimOp". "name": "getGlobal(String): Ptr". "out": {"num": []. "ptr": [0]}. "in": {"num": []. "ptr": [0]}}')
debug_merge_point(0, 0, '221<main.rpyeffect:211([switch case for 0#562])>+3: {"op": "GetDynamic". "out": 0. "n": 1. "label": 0}')
+328: guard_nonnull(p36, descr=<Guard0x108083060>) [p0, i1, i2, i3, i4, i5, i6, i7, i8, i9, i10, i11, i12, i13, i14, i15, i16, p17, p18, p19, p20, p21, p22, p23, p24, p25, p26, p27, p28, p29, p30, p31, p32, p33, p34, p35, p36]
+344: i48 = instance_ptr_eq(p33, ConstPtr(ptr47))
guard_true(i48, descr=<Guard0x1080830a0>) [p0, i1, i2, i3, i4, i5, i6, i7, i8, i9, i10, i11, i12, i13, i14, i15, i16, p17, p18, p19, p20, p21, p22, p23, p24, p25, p26, p27, p28, p29, p30, p31, p32, p33, p34, p35, p36]
debug_merge_point(0, 0, '221<main.rpyeffect:211([switch case for 0#562])>+4: {"op": "Construct". "out": 1. "type": Interned({"op": "eff$Tuple". "elements": []}). "tag": Interned({"op": "eff$Tuple". "elements": []}). "args": {"num": []. "ptr": []}}')
debug_merge_point(0, 0, '221<main.rpyeffect:211([switch case for 0#562])>+5: {"op": "Push". "target": 220. "args": {"num": [0]. "ptr": []}}')
debug_merge_point(0, 0, '221<main.rpyeffect:211([switch case for 0#562])>+6: {"op": "Swap". "type": "ptr". "a": 1. "b". 0}')
debug_merge_point(0, 0, '221<main.rpyeffect:211([switch case for 0#562])>+7: {"op": "Invoke". "receiver": 1. "tag": Interned(%Flip_0(p):n). "args" : {"num": []. "ptr": [0]}}')
+356: p49 = getfield_gc_r(p36, descr=<FieldP rpyeffect.stored_environment.CoData__arb_arb.inst_vtable 24 pure>)
+368: guard_value(p49, ConstPtr(ptr50), descr=<Guard0x1080830e0>) [p0, i1, i2, i3, i4, i5, i6, i7, i8, i9, i10, i11, i12, i13, i14, i15, i16, p17, p18, p19, p20, p21, p22, p23, p24, p25, p26, p27, p28, p29, p30, p31, p32, p33, p34, p35, p36]
+376: p51 = getfield_gc_r(p36, descr=<FieldP rpyeffect.stored_environment.CoData__0_1.inst_values_ptr_0 32 pure>)
debug_merge_point(0, 0, '296<main.rpyeffect:286([method_%Flip_0(p):n@[mcore:[#56]#774]#812])>+0: {"op": "Const". "type": "num". "out": 0. "value": 0}')
debug_merge_point(0, 0, '296<main.rpyeffect:286([method_%Flip_0(p):n@[mcore:[#56]#774]#812])>+1: {"op": "ShiftDyn". "out": 1. "n": 0. "label": 1}')
+380: i52 = instance_ptr_eq(p33, p51)
guard_false(i52, descr=<Guard0x108083120>) [p0, i1, i2, i3, i4, i5, i6, i7, i8, i9, i10, i11, i12, i13, i14, i15, i16, p17, p18, p19, p20, p21, p22, p23, p24, p25, p26, p27, p28, p29, p30, p31, p32, p33, p34, p35, p36]
+388: p53 = getfield_gc_r(p35, descr=<FieldP rpyeffect.stack.MetaStack.inst_region 24 pure>)
+396: guard_isnull(p53, descr=<Guard0x108083160>) [p0, i1, i2, i3, i4, i5, i6, i7, i8, i9, i10, i11, i12, i13, i14, i15, i16, p17, p18, p19, p20, p21, p22, p23, p24, p25, p26, p27, p28, p29, p30, p31, p32, p33, p34, p35, p36]
+404: p54 = getfield_gc_r(p35, descr=<FieldP rpyeffect.stack.MetaStack.inst_label 16 pure>)
+408: i55 = instance_ptr_eq(p54, p51)
guard_false(i55, descr=<Guard0x1080831a0>) [p0, i1, i2, i3, i4, i5, i6, i7, i8, i9, i10, i11, i12, i13, i14, i15, i16, p17, p18, p19, p20, p21, p22, p23, p24, p25, p26, p27, p28, p29, p30, p31, p32, p33, p34, p35, p36]
+416: p56 = getfield_gc_r(p35, descr=<FieldP rpyeffect.stack.MetaStack.inst_tail 32 pure>)
+420: p57 = getfield_gc_r(p56, descr=<FieldP rpyeffect.stack.MetaStack.inst_region 24 pure>)
+424: guard_isnull(p57, descr=<Guard0x1080831e0>) [p0, i1, i2, i3, i4, i5, i6, i7, i8, i9, i10, i11, i12, i13, i14, i15, i16, p17, p18, p19, p20, p21, p22, p23, p24, p25, p26, p27, p28, p29, p30, p31, p32, p33, p34, p35, p36]
+432: p58 = getfield_gc_r(p56, descr=<FieldP rpyeffect.stack.MetaStack.inst_label 16 pure>)
+436: i59 = instance_ptr_eq(p58, p51)
guard_true(i59, descr=<Guard0x108083220>) [p0, i1, i2, i3, i4, i5, i6, i7, i8, i9, i10, i11, i12, i13, i14, i15, i16, p17, p18, p19, p20, p21, p22, p23, p24, p25, p26, p27, p28, p29, p30, p31, p32, p33, p34, p35, p36]
+444: p60 = getfield_gc_r(p56, descr=<FieldP rpyeffect.stack.MetaStackLike.inst_stack 8 pure>)
+448: guard_class(p56, 4373753536, descr=<Guard0x108083260>) [p0, i1, i2, i3, i4, i5, i6, i7, i8, i9, i10, i11, i12, i13, i14, i15, i16, p17, p18, p19, p20, p21, p22, p23, p24, p25, p26, p27, p28, p29, p30, p31, p32, p33, p34, p35, p36]
+464: p62 = getfield_gc_r(p56, descr=<FieldP rpyeffect.stack.MetaStack.inst_tail 32 pure>)
+468: p63 = getfield_gc_r(p35, descr=<FieldP rpyeffect.stack.MetaStackLike.inst_stack 8 pure>)
+472: guard_class(p35, ConstClass(MetaStackWithBinding), descr=<Guard0x1080832a0>) [p0, i1, i2, i3, i4, i5, i6, i7, i8, i9, i10, i11, i12, i13, i14, i15, i16, p17, p18, p19, p20, p21, p22, p23, p24, p25, p26, p27, p28, p29, p30, p31, p32, p33, p34, p35, p36]
+488: p65 = getfield_gc_r(p35, descr=<FieldP rpyeffect.stack.MetaStackWithBinding.inst_binding 40 pure>)
+492: guard_nonnull(p65, descr=<Guard0x1080832e0>) [p0, i1, i2, i3, i4, i5, i6, i7, i8, i9, i10, i11, i12, i13, i14, i15, i16, p17, p18, p19, p20, p21, p22, p23, p24, p25, p26, p27, p28, p29, p30, p31, p32, p33, p34, p35, p36]
+500: guard_nonnull_class(p62, 4373753536, descr=<Guard0x108080de0>) [p0, i1, i2, i3, i4, i5, i6, i7, i8, i9, i10, i11, i12, i13, i14, i15, i16, p17, p18, p19, p20, p21, p22, p23, p24, p25, p26, p27, p28, p29, p30, p31, p32, p33, p34, p35, p36]
+524: p67 = getfield_gc_r(p62, descr=<FieldP rpyeffect.stack.MetaStackLike.inst_stack 8 pure>)
+528: p68 = getfield_gc_r(p62, descr=<FieldP rpyeffect.stack.MetaStack.inst_label 16 pure>)
+532: p69 = getfield_gc_r(p62, descr=<FieldP rpyeffect.stack.MetaStack.inst_tail 32 pure>)
+536: guard_nonnull(p67, descr=<Guard0x108083320>) [p0, i1, i2, i3, i4, i5, i6, i7, i8, i9, i10, i11, i12, i13, i14, i15, i16, p17, p18, p19, p20, p21, p22, p23, p24, p25, p26, p27, p28, p29, p30, p31, p32, p33, p34, p35, p36]
+544: i70 = getfield_gc_i(p67, descr=<FieldS rpyeffect.stored_environment.Stack__arb_arb.inst_target 16 pure>)
+548: guard_value(i70, 293, descr=<Guard0x108083360>) [p0, i1, i2, i3, i4, i5, i6, i7, i8, i9, i10, i11, i12, i13, i14, i15, i16, p17, p18, p19, p20, p21, p22, p23, p24, p25, p26, p27, p28, p29, p30, p31, p32, p33, p34, p35, p36]
debug_merge_point(0, 0, '296<main.rpyeffect:286([method_%Flip_0(p):n@[mcore:[#56]#774]#812])>+2: {"op": "Swap". "type": "ptr". "a": 1. "b". 0}')
debug_merge_point(0, 0, '296<main.rpyeffect:286([method_%Flip_0(p):n@[mcore:[#56]#774]#812])>+3: {"op": "Match". "type": Interned({"op": "eff$Tuple". "elements": []}). "scrutinee": 1. "clauses": [{"tag": Interned({"op": "eff$Tuple". "elements": []}). "target": 295. "args": {"num": []. "ptr": []}}]. "default": {"tag": Interned(c1ad4e97-e16b-4180-ac28-d851f2c5f77a#[Missing Tag#1081]). "target": 289. "args": {"num": []. "ptr": []}}}')
debug_merge_point(0, 0, '295<main.rpyeffect:285([#823])>+0: {"op": "Const". "type": "num". "out": 0. "value": 1}')
debug_merge_point(0, 0, '295<main.rpyeffect:285([#823])>+1: {"op": "Push". "target": 294. "args": {"num": []. "ptr": [0]}}')
debug_merge_point(0, 0, '295<main.rpyeffect:285([#823])>+2: {"op": "Jump". "target": 277}')
debug_merge_point(0, 0, '277<main.rpyeffect:267(Name(k_145))>+0: {"op": "PushStack". "arg": 0}')
debug_merge_point(0, 0, '277<main.rpyeffect:267(Name(k_145))>+1: {"op": "Return". "args": {"num": [0]. "ptr": []}}')
debug_merge_point(0, 0, '220<main.rpyeffect:210([k@[switch case for 0#562]#572])>+0: {"op": "Swap". "type": "num". "a": 1. "b". 0}')
+560: p72 = new_with_vtable(descr=<SizeDescr 40>)
+668: p73 = new_with_vtable(descr=<SizeDescr 40>)
+680: setfield_gc(p73, p34, descr=<FieldP rpyeffect.stored_environment.Stack__arb_arb.inst_tail 8 pure>)
+684: setfield_gc(p73, 214, descr=<FieldS rpyeffect.stored_environment.Stack__arb_arb.inst_target 16 pure>)
+692: p75 = new_with_vtable(descr=<SizeDescr 48>)
+704: p76 = new_with_vtable(descr=<SizeDescr 40>)
+716: setfield_gc(p76, p60, descr=<FieldP rpyeffect.stack.MetaStackLike.inst_stack 8 pure>)
+720: setfield_gc(p76, p58, descr=<FieldP rpyeffect.stack.MetaStack.inst_label 16 pure>)
+724: setfield_gc(p76, ConstPtr(null), descr=<FieldP rpyeffect.stack.MetaStack.inst_region 24 pure>)
+732: p78 = new_with_vtable(descr=<SizeDescr 40>)
+744: p79 = new_with_vtable(descr=<SizeDescr 48>)
+760: setfield_gc(p79, p67, descr=<FieldP rpyeffect.stored_environment.Stack__arb_arb.inst_tail 8 pure>)
+764: setfield_gc(p79, 294, descr=<FieldS rpyeffect.stored_environment.Stack__arb_arb.inst_target 16 pure>)
+772: p81 = new_with_vtable(descr=<SizeDescr 48>)
+784: p82 = new_with_vtable(descr=<SizeDescr 48>)
+800: setfield_gc(p82, p72, descr=<FieldP rpyeffect.stored_environment.Stack__arb_arb.inst_tail 8 pure>)
+804: setfield_gc(p82, 220, descr=<FieldS rpyeffect.stored_environment.Stack__arb_arb.inst_target 16 pure>)
+812: setfield_gc(p82, i44, descr=<FieldS rpyeffect.stored_environment.Stack__1_0.inst_values_num_0 40 pure>)
+816: setfield_gc(p81, p82, descr=<FieldP rpyeffect.stack.MetaStackLike.inst_stack 8 pure>)
+820: setfield_gc(p81, p33, descr=<FieldP rpyeffect.stack.MetaStack.inst_label 16 pure>)
+824: setfield_gc(p81, ConstPtr(null), descr=<FieldP rpyeffect.stack.MetaStack.inst_region 24 pure>)
+832: p85 = new_with_vtable(descr=<SizeDescr 48>)
+848: setfield_gc(p85, p63, descr=<FieldP rpyeffect.stack.MetaStackLike.inst_stack 8 pure>)
+852: setfield_gc(p85, p54, descr=<FieldP rpyeffect.stack.MetaStack.inst_label 16 pure>)
+856: setfield_gc(p85, ConstPtr(null), descr=<FieldP rpyeffect.stack.MetaStack.inst_region 24 pure>)
+864: p87 = new_with_vtable(descr=<SizeDescr 40>)
+876: setfield_gc(p87, p60, descr=<FieldP rpyeffect.stack.MetaStackLike.inst_stack 8 pure>)
+880: setfield_gc(p87, p58, descr=<FieldP rpyeffect.stack.MetaStack.inst_label 16 pure>)
+884: setfield_gc(p87, ConstPtr(null), descr=<FieldP rpyeffect.stack.MetaStack.inst_region 24 pure>)
+892: setfield_gc(p87, ConstPtr(null), descr=<FieldP rpyeffect.stack.MetaStack.inst_tail 32 pure>)
+900: setfield_gc(p85, p87, descr=<FieldP rpyeffect.stack.MetaStack.inst_tail 32 pure>)
+904: setfield_gc(p85, p65, descr=<FieldP rpyeffect.stack.MetaStackWithBinding.inst_binding 40 pure>)
+908: setfield_gc(p81, p85, descr=<FieldP rpyeffect.stack.MetaStack.inst_tail 32 pure>)
+912: setfield_gc(p81, p36, descr=<FieldP rpyeffect.stack.MetaStackWithBinding.inst_binding 40 pure>)
+916: setfield_gc(p79, p81, descr=<FieldP rpyeffect.stored_environment.Stack__0_1.inst_values_ptr_0 40 pure>)
+920: setfield_gc(p78, p79, descr=<FieldP rpyeffect.stack.MetaStackLike.inst_stack 8 pure>)
+924: setfield_gc(p78, p68, descr=<FieldP rpyeffect.stack.MetaStack.inst_label 16 pure>)
+932: setfield_gc(p78, ConstPtr(null), descr=<FieldP rpyeffect.stack.MetaStack.inst_region 24 pure>)
+940: setfield_gc(p78, p69, descr=<FieldP rpyeffect.stack.MetaStack.inst_tail 32 pure>)
+944: setfield_gc(p76, p78, descr=<FieldP rpyeffect.stack.MetaStack.inst_tail 32 pure>)
+948: p91 = new_with_vtable(descr=<SizeDescr 32>)
+960: setfield_gc(p72, 209, descr=<FieldS rpyeffect.stored_environment.Stack__arb_arb.inst_target 16 pure>)
+968: setfield_gc(p75, ConstPtr(null), descr=<FieldP rpyeffect.stack.MetaStack.inst_region 24 pure>)
+980: setfield_gc(p75, p54, descr=<FieldP rpyeffect.stack.MetaStack.inst_label 16 pure>)
+984: setfield_gc(p75, p76, descr=<FieldP rpyeffect.stack.MetaStack.inst_tail 32 pure>)
+988: setfield_gc(p75, p63, descr=<FieldP rpyeffect.stack.MetaStackLike.inst_stack 8 pure>)
+992: setfield_gc(p75, p65, descr=<FieldP rpyeffect.stack.MetaStackWithBinding.inst_binding 40 pure>)
+996: setfield_gc(p72, p73, descr=<FieldP rpyeffect.stored_environment.Stack__arb_arb.inst_tail 8 pure>)
+1008: setfield_gc(p91, ConstPtr(ptr94), descr=<FieldP rpyeffect.stored_environment.Data__arb_arb.inst_tag 8>)
+1092: jump(p33, p72, p0, p75, p36, 1, i44, i3, i4, i5, i6, i7, i8, i9, i10, i11, i12, i13, i14, i15, i16, p81, p91, p19, p20, p21, p22, p23, p24, p25, p26, p27, p28, p29, p30, p31, p32, descr=TargetToken(5238635584))
+1352: --end of the loop--
[2a8df8c] jit-log-opt-bridge}
[15c57ef1] {jit-log-opt-bridge
# bridge out of Guard 0x12808e2a0 with 242 ops
[p0, i1, i2, i3, i4, i5, i6, i7, i8, i9, i10, i11, i12, i13, i14, i15, i16, p17, p18, p19, p20, p21, p22, p23, p24, p25, p26, p27, p28, p29, p30, p31, p32, p33, p34, p35]
+376: guard_not_invalidated(descr=<Guard0x140218e38>) [p0, i1, i2, i3, i4, i5, i6, i7, i8, i9, i10, i11, i12, i13, i14, i15, i16, p17, p18, p19, p20, p21, p22, p23, p24, p25, p26, p27, p28, p29, p30, p31, p32, p33, p34, p35]
debug_merge_point(0, 0, '209<main.rpyeffect:199([k@[mcore:[eta-expanded fn#456]#533]#538])>+1: {"op": "Return". "args": {"num": [0]. "ptr": []}}')
+380: guard_nonnull(p33, descr=<Guard0x14021d7a0>) [p0, i1, i2, i3, i4, i5, i6, i7, i8, i9, i10, i11, i12, i13, i14, i15, i16, p17, p18, p19, p20, p21, p22, p23, p24, p25, p26, p27, p28, p29, p30, p31, p32, p33, p34, p35]
+388: i36 = getfield_gc_i(p33, descr=<FieldS rpyeffect.stored_environment.Stack__arb_arb.inst_target 16 pure>)
+392: guard_value(i36, 214, descr=<Guard0x14021d7e0>) [p0, i1, i2, i3, i4, i5, i6, i7, i8, i9, i10, i11, i12, i13, i14, i15, i16, p17, p18, p19, p20, p21, p22, p23, p24, p25, p26, p27, p28, p29, p30, p31, p32, p33, p34, p35]
+404: p38 = getfield_gc_r(p33, descr=<FieldP rpyeffect.stored_environment.Stack__arb_arb.inst_tail 8 pure>)
debug_merge_point(0, 0, '214<main.rpyeffect:204([#591])>+0: {"op": "PrimOp". "name": "box(Num): Ptr". "out": {"num": []. "ptr": [0]}. "in": {"num": [0]. "ptr": []}}')
debug_merge_point(0, 0, '214<main.rpyeffect:204([#591])>+1: {"op": "Return". "args": {"num": []. "ptr": [0]}}')
+408: guard_nonnull(p38, descr=<Guard0x14021d820>) [p0, i1, i2, i3, i4, i5, i6, i7, i8, i9, i10, i11, i12, i13, i14, i15, i16, p17, p18, p19, p20, p21, p22, p23, p24, p25, p26, p27, p28, p29, p30, p31, p32, p33, p34, p35]
+416: i39 = getfield_gc_i(p38, descr=<FieldS rpyeffect.stored_environment.Stack__arb_arb.inst_target 16 pure>)
+420: guard_value(i39, 231, descr=<Guard0x14021d860>) [p0, i1, i2, i3, i4, i5, i6, i7, i8, i9, i10, i11, i12, i13, i14, i15, i16, p17, p18, p19, p20, p21, p22, p23, p24, p25, p26, p27, p28, p29, p30, p31, p32, p33, p34, p35]
+432: p41 = getfield_gc_r(p38, descr=<FieldP rpyeffect.stored_environment.Stack__arb_arb.inst_tail 8 pure>)
debug_merge_point(0, 0, '231<main.rpyeffect:221([k@[mcore:[eta-expanded fn#481]#618]#623])>+0: {"op": "PrimOp". "name": "unbox(Ptr): Num". "out": {"num": [0]. "ptr": []}. "in": {"num": []. "ptr": [0]}}')
debug_merge_point(0, 0, '231<main.rpyeffect:221([k@[mcore:[eta-expanded fn#481]#618]#623])>+1: {"op": "Return". "args": {"num": [0]. "ptr": []}}')
+436: guard_nonnull(p41, descr=<Guard0x14021d8a0>) [p0, i1, i2, i3, i4, i5, i6, i7, i8, i9, i10, i11, i12, i13, i14, i15, i16, p17, p18, p19, p20, p21, p22, p23, p24, p25, p26, p27, p28, p29, p30, p31, p32, p33, p34, p35]
+444: i42 = getfield_gc_i(p41, descr=<FieldS rpyeffect.stored_environment.Stack__arb_arb.inst_target 16 pure>)
+448: guard_value(i42, 244, descr=<Guard0x14021d8e0>) [p0, i1, i2, i3, i4, i5, i6, i7, i8, i9, i10, i11, i12, i13, i14, i15, i16, p17, p18, p19, p20, p21, p22, p23, p24, p25, p26, p27, p28, p29, p30, p31, p32, p33, p34, p35]
+460: i44 = getfield_gc_i(p41, descr=<FieldS rpyeffect.stored_environment.Stack__3_0.inst_values_num_0 40 pure>)
+464: i45 = getfield_gc_i(p41, descr=<FieldS rpyeffect.stored_environment.Stack__3_0.inst_values_num_1 48 pure>)
+468: i46 = getfield_gc_i(p41, descr=<FieldS rpyeffect.stored_environment.Stack__3_0.inst_values_num_2 56 pure>)
+472: p47 = getfield_gc_r(p41, descr=<FieldP rpyeffect.stored_environment.Stack__arb_arb.inst_tail 8 pure>)
debug_merge_point(0, 0, '244<main.rpyeffect:234([k@[k@[k@[#649]#651]#655]#663])>+0: {"op": "Push". "target": 243. "args": {"num": [1. 2. 0. 3]. "ptr": []}}')
debug_merge_point(0, 0, '244<main.rpyeffect:234([k@[k@[k@[#649]#651]#655]#663])>+1: {"op": "Copy". "type": "num". "from": 1. "to". 0}')
debug_merge_point(0, 0, '244<main.rpyeffect:234([k@[k@[k@[#649]#651]#655]#663])>+2: {"op": "Jump". "target": 145}')
debug_merge_point(0, 0, '145<main.rpyeffect:135(Name(+_27))>+0: {"op": "New". "out": 0. "targets": [138. 140. 142. 144]. "args": {"num": [0]. "ptr": []}}')
debug_merge_point(0, 0, '145<main.rpyeffect:135(Name(+_27))>+1: {"op": "Return". "args": {"num": []. "ptr": [0]}}')
debug_merge_point(0, 0, '243<main.rpyeffect:233([k@[k@[k@[k@[#649]#651]#655]#663]#665])>+0: {"op": "Push". "target": 242. "args": {"num": [0. 1. 2. 3]. "ptr": []}}')
debug_merge_point(0, 0, '243<main.rpyeffect:233([k@[k@[k@[k@[#649]#651]#655]#663]#665])>+1: {"op": "Copy". "type": "num". "from": 1. "to". 0}')
debug_merge_point(0, 0, '243<main.rpyeffect:233([k@[k@[k@[k@[#649]#651]#655]#663]#665])>+2: {"op": "Invoke". "receiver": 0. "tag": Interned(%apply(n):n). "args" : {"num": [0]. "ptr": []}}')
debug_merge_point(0, 0, '138<main.rpyeffect:128([method_%apply(n):n@Name(+_27)#347])>+0: {"op": "Jump". "target": 136}')
debug_merge_point(0, 0, '136<main.rpyeffect:126([mcore:[#26]#343])>+0: {"op": "PrimOp". "name": "infixAdd(Int. Int): Int". "out": {"num": [0]. "ptr": []}. "in": {"num": [1. 0]. "ptr": []}}')
+476: i48 = int_add(i44, i45)
debug_merge_point(0, 0, '136<main.rpyeffect:126([mcore:[#26]#343])>+1: {"op": "Return". "args": {"num": [0]. "ptr": []}}')
debug_merge_point(0, 0, '242<main.rpyeffect:232([#667])>+0: {"op": "Push". "target": 241. "args": {"num": [1. 2. 3. 4]. "ptr": []}}')
debug_merge_point(0, 0, '242<main.rpyeffect:232([#667])>+1: {"op": "Jump". "target": 145}')
debug_merge_point(0, 0, '145<main.rpyeffect:135(Name(+_27))>+0: {"op": "New". "out": 0. "targets": [138. 140. 142. 144]. "args": {"num": [0]. "ptr": []}}')
debug_merge_point(0, 0, '145<main.rpyeffect:135(Name(+_27))>+1: {"op": "Return". "args": {"num": []. "ptr": [0]}}')
debug_merge_point(0, 0, '241<main.rpyeffect:231([k@[#667]#669])>+0: {"op": "Push". "target": 240. "args": {"num": [0. 1. 2. 3]. "ptr": []}}')
debug_merge_point(0, 0, '241<main.rpyeffect:231([k@[#667]#669])>+1: {"op": "Copy". "type": "num". "from": 2. "to". 0}')
debug_merge_point(0, 0, '241<main.rpyeffect:231([k@[#667]#669])>+2: {"op": "Invoke". "receiver": 0. "tag": Interned(%apply(n):n). "args" : {"num": [0]. "ptr": []}}')
debug_merge_point(0, 0, '138<main.rpyeffect:128([method_%apply(n):n@Name(+_27)#347])>+0: {"op": "Jump". "target": 136}')
debug_merge_point(0, 0, '136<main.rpyeffect:126([mcore:[#26]#343])>+0: {"op": "PrimOp". "name": "infixAdd(Int. Int): Int". "out": {"num": [0]. "ptr": []}. "in": {"num": [1. 0]. "ptr": []}}')
+480: i49 = int_add(i48, i1)
debug_merge_point(0, 0, '136<main.rpyeffect:126([mcore:[#26]#343])>+1: {"op": "Return". "args": {"num": [0]. "ptr": []}}')
debug_merge_point(0, 0, '240<main.rpyeffect:230([k@[k@[#667]#669]#671])>+0: {"op": "Push". "target": 239. "args": {"num": [1. 2. 3. 4]. "ptr": []}}')
debug_merge_point(0, 0, '240<main.rpyeffect:230([k@[k@[#667]#669]#671])>+1: {"op": "Jump". "target": 19}')
debug_merge_point(0, 0, '19<main.rpyeffect:9(Name(=_0))>+0: {"op": "New". "out": 0. "targets": [12. 14. 16. 18]. "args": {"num": [0]. "ptr": []}}')
debug_merge_point(0, 0, '19<main.rpyeffect:9(Name(=_0))>+1: {"op": "Return". "args": {"num": []. "ptr": [0]}}')
debug_merge_point(0, 0, '239<main.rpyeffect:229([k@[k@[k@[#667]#669]#671]#673])>+0: {"op": "Push". "target": 238. "args": {"num": [0. 1. 2]. "ptr": []}}')
debug_merge_point(0, 0, '239<main.rpyeffect:229([k@[k@[k@[#667]#669]#671]#673])>+1: {"op": "Copy". "type": "num". "from": 3. "to". 0}')
debug_merge_point(0, 0, '239<main.rpyeffect:229([k@[k@[k@[#667]#669]#671]#673])>+2: {"op": "Invoke". "receiver": 0. "tag": Interned(%apply(n):n). "args" : {"num": [0]. "ptr": []}}')
debug_merge_point(0, 0, '12<main.rpyeffect:2([method_%apply(n):n@Name(=_0)#7])>+0: {"op": "Jump". "target": 10}')
debug_merge_point(0, 0, '10<main.rpyeffect:0([mcore:[#15]#3])>+0: {"op": "PrimOp". "name": "infixEq(Int. Int): Boolean". "out": {"num": [0]. "ptr": []}. "in": {"num": [1. 0]. "ptr": []}}')
+484: i50 = int_eq(i49, i46)
guard_true(i50, descr=<Guard0x14021d920>) [p0, i1, i2, i3, i4, i5, i6, i7, i8, i9, i10, i11, i12, i13, i14, i15, i16, p17, p18, p19, p20, p21, p22, p23, p24, p25, p26, p27, p28, p29, p30, p31, p32, p33, p34, p35]
debug_merge_point(0, 0, '10<main.rpyeffect:0([mcore:[#15]#3])>+1: {"op": "Return". "args": {"num": [0]. "ptr": []}}')
debug_merge_point(0, 0, '238<main.rpyeffect:228([k@[k@[k@[k@[#667]#669]#671]#673]#675])>+0: {"op": "Switch". "scrutinee": 0. "values": [1]. "targets": [233]. "default": 237}')
+492: guard_nonnull(p47, descr=<Guard0x14021d960>) [p0, i1, i2, i3, i4, i5, i6, i7, i8, i9, i10, i11, i12, i13, i14, i15, i16, p17, p18, p19, p20, p21, p22, p23, p24, p25, p26, p27, p28, p29, p30, p31, p32, p33, p34, p35]
+500: i51 = getfield_gc_i(p47, descr=<FieldS rpyeffect.stored_environment.Stack__arb_arb.inst_target 16 pure>)
+504: guard_value(i51, 310, descr=<Guard0x14021d9a0>) [p0, i1, i2, i3, i4, i5, i6, i7, i8, i9, i10, i11, i12, i13, i14, i15, i16, p17, p18, p19, p20, p21, p22, p23, p24, p25, p26, p27, p28, p29, p30, p31, p32, p33, p34, p35]
debug_merge_point(0, 0, '233<main.rpyeffect:223([switch case for 1#676])>+0: {"op": "Construct". "out": 0. "type": Interned({"op": "eff$Tuple". "elements": [{"op": "Int"}. {"op": "Int"}. {"op": "Int"}]}). "tag": Interned({"op": "eff$Tuple". "elements": [{"op": "Int"}. {"op": "Int"}. {"op": "Int"}]}). "args": {"num": [1. 2. 3]. "ptr": []}}')
debug_merge_point(0, 0, '233<main.rpyeffect:223([switch case for 1#676])>+1: {"op": "Return". "args": {"num": []. "ptr": [0]}}')
+516: p53 = getfield_gc_r(p47, descr=<FieldP rpyeffect.stored_environment.Stack__arb_arb.inst_tail 8 pure>)
debug_merge_point(0, 0, '310<main.rpyeffect:300([k@[k@[mcore:[#57]#878]#886]#888])>+0: {"op": "Jump". "target": 309}')
+520: guard_nonnull_class(p53, ConstClass(Stack__0_0), descr=<Guard0x140218e90>) [p0, i1, i2, i3, i4, i5, i6, i7, i8, i9, i10, i11, i12, i13, i14, i15, i16, p17, p18, p19, p20, p21, p22, p23, p24, p25, p26, p27, p28, p29, p30, p31, p32, p33, p34, p35]
+544: i55 = getfield_gc_i(p53, descr=<FieldS rpyeffect.stored_environment.Stack__arb_arb.inst_target 16 pure>)
+548: guard_value(i55, 306, descr=<Guard0x14021d9e0>) [p0, i1, i2, i3, i4, i5, i6, i7, i8, i9, i10, i11, i12, i13, i14, i15, i16, p17, p18, p19, p20, p21, p22, p23, p24, p25, p26, p27, p28, p29, p30, p31, p32, p33, p34, p35]
debug_merge_point(0, 0, '309<main.rpyeffect:299([mcore:[eta-expanded fn#510]#871])>+0: {"op": "Push". "target": 308. "args": {"num": []. "ptr": []}}')
debug_merge_point(0, 0, '309<main.rpyeffect:299([mcore:[eta-expanded fn#510]#871])>+1: {"op": "Jump". "target": 275}')
debug_merge_point(0, 0, '275<main.rpyeffect:265(Name(hash_126))>+0: {"op": "Match". "type": Interned({"op": "eff$Tuple". "elements": [{"op": "Int"}. {"op": "Int"}. {"op": "Int"}]}). "scrutinee": 0. "clauses": [{"tag": Interned({"op": "eff$Tuple". "elements": [{"op": "Int"}. {"op": "Int"}. {"op": "Int"}]}). "target": 274. "args": {"num": [0. 1. 2]. "ptr": []}}]. "default": {"tag": Interned(c1ad4e97-e16b-4180-ac28-d851f2c5f77a#[Missing Tag#1078]). "target": 261. "args": {"num": []. "ptr": []}}}')
debug_merge_point(0, 0, '274<main.rpyeffect:264([#739])>+0: {"op": "Const". "type": "num". "out": 3. "value": 53}')
debug_merge_point(0, 0, '274<main.rpyeffect:264([#739])>+1: {"op": "Push". "target": 273. "args": {"num": [0. 1. 2]. "ptr": []}}')
debug_merge_point(0, 0, '274<main.rpyeffect:264([#739])>+2: {"op": "Copy". "type": "num". "from": 3. "to". 0}')
debug_merge_point(0, 0, '274<main.rpyeffect:264([#739])>+3: {"op": "Jump". "target": 175}')
debug_merge_point(0, 0, '175<main.rpyeffect:165(Name(*_30))>+0: {"op": "New". "out": 0. "targets": [168. 170. 172. 174]. "args": {"num": [0]. "ptr": []}}')
debug_merge_point(0, 0, '175<main.rpyeffect:165(Name(*_30))>+1: {"op": "Return". "args": {"num": []. "ptr": [0]}}')
debug_merge_point(0, 0, '273<main.rpyeffect:263([k@[#739]#743])>+0: {"op": "Push". "target": 272. "args": {"num": [1. 2]. "ptr": []}}')
debug_merge_point(0, 0, '273<main.rpyeffect:263([k@[#739]#743])>+1: {"op": "Invoke". "receiver": 0. "tag": Interned(%apply(n):n). "args" : {"num": [0]. "ptr": []}}')
debug_merge_point(0, 0, '168<main.rpyeffect:158([method_%apply(n):n@Name(*_30)#437])>+0: {"op": "Jump". "target": 166}')
debug_merge_point(0, 0, '166<main.rpyeffect:156([mcore:[#29]#433])>+0: {"op": "PrimOp". "name": "infixMul(Int. Int): Int". "out": {"num": [0]. "ptr": []}. "in": {"num": [1. 0]. "ptr": []}}')
+560: i58 = int_mul(53, i44)
debug_merge_point(0, 0, '166<main.rpyeffect:156([mcore:[#29]#433])>+1: {"op": "Return". "args": {"num": [0]. "ptr": []}}')
debug_merge_point(0, 0, '272<main.rpyeffect:262([k@[k@[#739]#743]#745])>+0: {"op": "Push". "target": 271. "args": {"num": [1. 2]. "ptr": []}}')
debug_merge_point(0, 0, '272<main.rpyeffect:262([k@[k@[#739]#743]#745])>+1: {"op": "Jump". "target": 145}')
debug_merge_point(0, 0, '145<main.rpyeffect:135(Name(+_27))>+0: {"op": "New". "out": 0. "targets": [138. 140. 142. 144]. "args": {"num": [0]. "ptr": []}}')
debug_merge_point(0, 0, '145<main.rpyeffect:135(Name(+_27))>+1: {"op": "Return". "args": {"num": []. "ptr": [0]}}')
debug_merge_point(0, 0, '271<main.rpyeffect:261([k@[k@[k@[#739]#743]#745]#747])>+0: {"op": "Const". "type": "num". "out": 2. "value": 2809}')
debug_merge_point(0, 0, '271<main.rpyeffect:261([k@[k@[k@[#739]#743]#745]#747])>+1: {"op": "Push". "target": 270. "args": {"num": [0. 1]. "ptr": [0]}}')
debug_merge_point(0, 0, '271<main.rpyeffect:261([k@[k@[k@[#739]#743]#745]#747])>+2: {"op": "Copy". "type": "num". "from": 2. "to". 0}')
debug_merge_point(0, 0, '271<main.rpyeffect:261([k@[k@[k@[#739]#743]#745]#747])>+3: {"op": "Jump". "target": 175}')
debug_merge_point(0, 0, '175<main.rpyeffect:165(Name(*_30))>+0: {"op": "New". "out": 0. "targets": [168. 170. 172. 174]. "args": {"num": [0]. "ptr": []}}')
debug_merge_point(0, 0, '175<main.rpyeffect:165(Name(*_30))>+1: {"op": "Return". "args": {"num": []. "ptr": [0]}}')
debug_merge_point(0, 0, '270<main.rpyeffect:260([k@[k@[k@[k@[#739]#743]#745]#747]#751])>+0: {"op": "Push". "target": 269. "args": {"num": [1]. "ptr": [1]}}')
debug_merge_point(0, 0, '270<main.rpyeffect:260([k@[k@[k@[k@[#739]#743]#745]#747]#751])>+1: {"op": "Invoke". "receiver": 0. "tag": Interned(%apply(n):n). "args" : {"num": [0]. "ptr": []}}')
debug_merge_point(0, 0, '168<main.rpyeffect:158([method_%apply(n):n@Name(*_30)#437])>+0: {"op": "Jump". "target": 166}')
debug_merge_point(0, 0, '166<main.rpyeffect:156([mcore:[#29]#433])>+0: {"op": "PrimOp". "name": "infixMul(Int. Int): Int". "out": {"num": [0]. "ptr": []}. "in": {"num": [1. 0]. "ptr": []}}')
+568: i60 = int_mul(2809, i45)
debug_merge_point(0, 0, '166<main.rpyeffect:156([mcore:[#29]#433])>+1: {"op": "Return". "args": {"num": [0]. "ptr": []}}')
debug_merge_point(0, 0, '269<main.rpyeffect:259([#753])>+0: {"op": "Push". "target": 268. "args": {"num": [1]. "ptr": []}}')
debug_merge_point(0, 0, '269<main.rpyeffect:259([#753])>+1: {"op": "Invoke". "receiver": 0. "tag": Interned(%apply(n):n). "args" : {"num": [0]. "ptr": []}}')
debug_merge_point(0, 0, '138<main.rpyeffect:128([method_%apply(n):n@Name(+_27)#347])>+0: {"op": "Jump". "target": 136}')
debug_merge_point(0, 0, '136<main.rpyeffect:126([mcore:[#26]#343])>+0: {"op": "PrimOp". "name": "infixAdd(Int. Int): Int". "out": {"num": [0]. "ptr": []}. "in": {"num": [1. 0]. "ptr": []}}')
+576: i61 = int_add(i58, i60)
debug_merge_point(0, 0, '136<main.rpyeffect:126([mcore:[#26]#343])>+1: {"op": "Return". "args": {"num": [0]. "ptr": []}}')
debug_merge_point(0, 0, '268<main.rpyeffect:258([k@[#753]#755])>+0: {"op": "Push". "target": 267. "args": {"num": [1]. "ptr": []}}')
debug_merge_point(0, 0, '268<main.rpyeffect:258([k@[#753]#755])>+1: {"op": "Jump". "target": 145}')
debug_merge_point(0, 0, '145<main.rpyeffect:135(Name(+_27))>+0: {"op": "New". "out": 0. "targets": [138. 140. 142. 144]. "args": {"num": [0]. "ptr": []}}')
debug_merge_point(0, 0, '145<main.rpyeffect:135(Name(+_27))>+1: {"op": "Return". "args": {"num": []. "ptr": [0]}}')
debug_merge_point(0, 0, '267<main.rpyeffect:257([k@[k@[#753]#755]#757])>+0: {"op": "Const". "type": "num". "out": 1. "value": 148877}')
debug_merge_point(0, 0, '267<main.rpyeffect:257([k@[k@[#753]#755]#757])>+1: {"op": "Push". "target": 266. "args": {"num": [0]. "ptr": [0]}}')
debug_merge_point(0, 0, '267<main.rpyeffect:257([k@[k@[#753]#755]#757])>+2: {"op": "Copy". "type": "num". "from": 1. "to". 0}')
debug_merge_point(0, 0, '267<main.rpyeffect:257([k@[k@[#753]#755]#757])>+3: {"op": "Jump". "target": 175}')
debug_merge_point(0, 0, '175<main.rpyeffect:165(Name(*_30))>+0: {"op": "New". "out": 0. "targets": [168. 170. 172. 174]. "args": {"num": [0]. "ptr": []}}')
debug_merge_point(0, 0, '175<main.rpyeffect:165(Name(*_30))>+1: {"op": "Return". "args": {"num": []. "ptr": [0]}}')
debug_merge_point(0, 0, '266<main.rpyeffect:256([k@[k@[k@[#753]#755]#757]#761])>+0: {"op": "Push". "target": 265. "args": {"num": []. "ptr": [1]}}')
debug_merge_point(0, 0, '266<main.rpyeffect:256([k@[k@[k@[#753]#755]#757]#761])>+1: {"op": "Invoke". "receiver": 0. "tag": Interned(%apply(n):n). "args" : {"num": [0]. "ptr": []}}')
debug_merge_point(0, 0, '168<main.rpyeffect:158([method_%apply(n):n@Name(*_30)#437])>+0: {"op": "Jump". "target": 166}')
debug_merge_point(0, 0, '166<main.rpyeffect:156([mcore:[#29]#433])>+0: {"op": "PrimOp". "name": "infixMul(Int. Int): Int". "out": {"num": [0]. "ptr": []}. "in": {"num": [1. 0]. "ptr": []}}')
+580: i63 = int_mul(148877, i1)
debug_merge_point(0, 0, '166<main.rpyeffect:156([mcore:[#29]#433])>+1: {"op": "Return". "args": {"num": [0]. "ptr": []}}')
debug_merge_point(0, 0, '265<main.rpyeffect:255([k@[k@[k@[k@[#753]#755]#757]#761]#763])>+0: {"op": "Push". "target": 264. "args": {"num": []. "ptr": []}}')
debug_merge_point(0, 0, '265<main.rpyeffect:255([k@[k@[k@[k@[#753]#755]#757]#761]#763])>+1: {"op": "Invoke". "receiver": 0. "tag": Interned(%apply(n):n). "args" : {"num": [0]. "ptr": []}}')
debug_merge_point(0, 0, '138<main.rpyeffect:128([method_%apply(n):n@Name(+_27)#347])>+0: {"op": "Jump". "target": 136}')
debug_merge_point(0, 0, '136<main.rpyeffect:126([mcore:[#26]#343])>+0: {"op": "PrimOp". "name": "infixAdd(Int. Int): Int". "out": {"num": [0]. "ptr": []}. "in": {"num": [1. 0]. "ptr": []}}')
+592: i64 = int_add(i61, i63)
debug_merge_point(0, 0, '136<main.rpyeffect:126([mcore:[#26]#343])>+1: {"op": "Return". "args": {"num": [0]. "ptr": []}}')
debug_merge_point(0, 0, '264<main.rpyeffect:254([#765])>+0: {"op": "Push". "target": 263. "args": {"num": []. "ptr": []}}')
debug_merge_point(0, 0, '264<main.rpyeffect:254([#765])>+1: {"op": "Jump". "target": 165}')
debug_merge_point(0, 0, '165<main.rpyeffect:155(Name(mod_29))>+0: {"op": "New". "out": 0. "targets": [158. 160. 162. 164]. "args": {"num": [0]. "ptr": []}}')
debug_merge_point(0, 0, '165<main.rpyeffect:155(Name(mod_29))>+1: {"op": "Return". "args": {"num": []. "ptr": [0]}}')
debug_merge_point(0, 0, '263<main.rpyeffect:253([k@[#765]#767])>+0: {"op": "Const". "type": "num". "out": 0. "value": 1000000007}')
debug_merge_point(0, 0, '263<main.rpyeffect:253([k@[#765]#767])>+1: {"op": "Push". "target": 262. "args": {"num": []. "ptr": []}}')
debug_merge_point(0, 0, '263<main.rpyeffect:253([k@[#765]#767])>+2: {"op": "Invoke". "receiver": 0. "tag": Interned(%apply(n):n). "args" : {"num": [0]. "ptr": []}}')
debug_merge_point(0, 0, '158<main.rpyeffect:148([method_%apply(n):n@Name(mod_29)#407])>+0: {"op": "Jump". "target": 156}')
debug_merge_point(0, 0, '156<main.rpyeffect:146([mcore:[#28]#403])>+0: {"op": "PrimOp". "name": "mod(Int. Int): Int". "out": {"num": [0]. "ptr": []}. "in": {"num": [1. 0]. "ptr": []}}')
+596: i66 = int_rshift(i64, 63)
+604: i67 = int_xor(i64, i66)
+608: i69 = uint_mul_high(i67, -8543223828751151131)
+628: i71 = uint_rshift(i69, 29)
+636: i72 = int_xor(i71, i66)
+640: i74 = int_mul(i72, 1000000007)
+652: i75 = int_sub(i64, i74)
debug_merge_point(0, 0, '156<main.rpyeffect:146([mcore:[#28]#403])>+1: {"op": "Return". "args": {"num": [0]. "ptr": []}}')
debug_merge_point(0, 0, '262<main.rpyeffect:252([k@[k@[#765]#767]#771])>+0: {"op": "PrimOp". "name": "box(Num): Ptr". "out": {"num": []. "ptr": [0]}. "in": {"num": [0]. "ptr": []}}')
debug_merge_point(0, 0, '262<main.rpyeffect:252([k@[k@[#765]#767]#771])>+1: {"op": "Return". "args": {"num": []. "ptr": [0]}}')
debug_merge_point(0, 0, '308<main.rpyeffect:298([k@[mcore:[eta-expanded fn#510]#871]#874])>+0: {"op": "PrimOp". "name": "unbox(Ptr): Num". "out": {"num": [0]. "ptr": []}. "in": {"num": []. "ptr": [0]}}')
debug_merge_point(0, 0, '308<main.rpyeffect:298([k@[mcore:[eta-expanded fn#510]#871]#874])>+1: {"op": "Return". "args": {"num": [0]. "ptr": []}}')
+656: p76 = getfield_gc_r(p53, descr=<FieldP rpyeffect.stored_environment.Stack__arb_arb.inst_tail 8 pure>)
+660: guard_isnull(p76, descr=<Guard0x14021da20>) [p0, i1, i2, i3, i4, i5, i6, i7, i8, i9, i10, i11, i12, i13, i14, i15, i16, p17, p18, p19, p20, p21, p22, p23, p24, p25, p26, p27, p28, p29, p30, p31, p32, p33, p34, p35]
debug_merge_point(0, 0, '306<main.rpyeffect:296([return_clause@[mcore:[#56]#774]#870])>+0: {"op": "Return". "args": {"num": [0]. "ptr": []}}')
+668: guard_nonnull_class(p34, ConstClass(MetaStackWithBinding), descr=<Guard0x140218ee8>) [p0, i1, i2, i3, i4, i5, i6, i7, i8, i9, i10, i11, i12, i13, i14, i15, i16, p17, p18, p19, p20, p21, p22, p23, p24, p25, p26, p27, p28, p29, p30, p31, p32, p33, p34, p35]
+696: p78 = getfield_gc_r(p34, descr=<FieldP rpyeffect.stack.MetaStackLike.inst_stack 8 pure>)
+700: p79 = getfield_gc_r(p34, descr=<FieldP rpyeffect.stack.MetaStack.inst_label 16 pure>)
+700: p80 = getfield_gc_r(p34, descr=<FieldP rpyeffect.stack.MetaStackWithBinding.inst_binding 40 pure>)
+700: p81 = getfield_gc_r(p34, descr=<FieldP rpyeffect.stack.MetaStack.inst_tail 32 pure>)
+704: guard_nonnull_class(p78, ConstClass(Stack__0_0), descr=<Guard0x140218f40>) [p0, i1, i2, i3, i4, i5, i6, i7, i8, i9, i10, i11, i12, i13, i14, i15, i16, p17, p18, p19, p20, p21, p22, p23, p24, p25, p26, p27, p28, p29, p30, p31, p32, p33, p34, p35]
+728: i83 = getfield_gc_i(p78, descr=<FieldS rpyeffect.stored_environment.Stack__arb_arb.inst_target 16 pure>)
+732: guard_value(i83, 287, descr=<Guard0x14021da60>) [p0, i1, i2, i3, i4, i5, i6, i7, i8, i9, i10, i11, i12, i13, i14, i15, i16, p17, p18, p19, p20, p21, p22, p23, p24, p25, p26, p27, p28, p29, p30, p31, p32, p33, p34, p35]
+744: p85 = getfield_gc_r(p78, descr=<FieldP rpyeffect.stored_environment.Stack__arb_arb.inst_tail 8 pure>)
+748: guard_isnull(p85, descr=<Guard0x14021daa0>) [p0, i1, i2, i3, i4, i5, i6, i7, i8, i9, i10, i11, i12, i13, i14, i15, i16, p17, p18, p19, p20, p21, p22, p23, p24, p25, p26, p27, p28, p29, p30, p31, p32, p33, p34, p35]
debug_merge_point(0, 0, '287<main.rpyeffect:277([return_clause@[mcore:[#56]#774]#810])>+0: {"op": "Return". "args": {"num": [0]. "ptr": []}}')
+756: guard_nonnull_class(p81, 4373753536, descr=<Guard0x140218f98>) [p0, i1, i2, i3, i4, i5, i6, i7, i8, i9, i10, i11, i12, i13, i14, i15, i16, p17, p18, p19, p20, p21, p22, p23, p24, p25, p26, p27, p28, p29, p30, p31, p32, p33, p34, p35]
+780: p87 = getfield_gc_r(p81, descr=<FieldP rpyeffect.stack.MetaStackLike.inst_stack 8 pure>)
+784: p88 = getfield_gc_r(p81, descr=<FieldP rpyeffect.stack.MetaStack.inst_label 16 pure>)
+784: p89 = getfield_gc_r(p81, descr=<FieldP rpyeffect.stack.MetaStack.inst_tail 32 pure>)
+788: guard_nonnull_class(p87, ConstClass(Stack__0_0), descr=<Guard0x140218ff0>) [p0, i1, i2, i3, i4, i5, i6, i7, i8, i9, i10, i11, i12, i13, i14, i15, i16, p17, p18, p19, p20, p21, p22, p23, p24, p25, p26, p27, p28, p29, p30, p31, p32, p33, p34, p35]
+812: i91 = getfield_gc_i(p87, descr=<FieldS rpyeffect.stored_environment.Stack__arb_arb.inst_target 16 pure>)
+816: guard_value(i91, 278, descr=<Guard0x14021dae0>) [p0, i1, i2, i3, i4, i5, i6, i7, i8, i9, i10, i11, i12, i13, i14, i15, i16, p17, p18, p19, p20, p21, p22, p23, p24, p25, p26, p27, p28, p29, p30, p31, p32, p33, p34, p35]
+828: p93 = getfield_gc_r(p87, descr=<FieldP rpyeffect.stored_environment.Stack__arb_arb.inst_tail 8 pure>)
+832: guard_isnull(p93, descr=<Guard0x14021db20>) [p0, i1, i2, i3, i4, i5, i6, i7, i8, i9, i10, i11, i12, i13, i14, i15, i16, p17, p18, p19, p20, p21, p22, p23, p24, p25, p26, p27, p28, p29, p30, p31, p32, p33, p34, p35]
debug_merge_point(0, 0, '278<main.rpyeffect:268([return_clause@[mcore:[#56]#774]#777])>+0: {"op": "Return". "args": {"num": [0]. "ptr": []}}')
+840: guard_nonnull_class(p89, 4373753536, descr=<Guard0x140219048>) [p0, i1, i2, i3, i4, i5, i6, i7, i8, i9, i10, i11, i12, i13, i14, i15, i16, p17, p18, p19, p20, p21, p22, p23, p24, p25, p26, p27, p28, p29, p30, p31, p32, p33, p34, p35]
+864: p95 = getfield_gc_r(p89, descr=<FieldP rpyeffect.stack.MetaStackLike.inst_stack 8 pure>)
+868: p96 = getfield_gc_r(p89, descr=<FieldP rpyeffect.stack.MetaStack.inst_label 16 pure>)
+872: p97 = getfield_gc_r(p89, descr=<FieldP rpyeffect.stack.MetaStack.inst_tail 32 pure>)
+876: guard_nonnull(p95, descr=<Guard0x14021db60>) [p0, i1, i2, i3, i4, i5, i6, i7, i8, i9, i10, i11, i12, i13, i14, i15, i16, p17, p18, p19, p20, p21, p22, p23, p24, p25, p26, p27, p28, p29, p30, p31, p32, p33, p34, p35]
+884: i98 = getfield_gc_i(p95, descr=<FieldS rpyeffect.stored_environment.Stack__arb_arb.inst_target 16 pure>)
+888: guard_value(i98, 294, descr=<Guard0x14021dba0>) [p0, i1, i2, i3, i4, i5, i6, i7, i8, i9, i10, i11, i12, i13, i14, i15, i16, p17, p18, p19, p20, p21, p22, p23, p24, p25, p26, p27, p28, p29, p30, p31, p32, p33, p34, p35]
+900: p100 = getfield_gc_r(p95, descr=<FieldP rpyeffect.stored_environment.Stack__0_1.inst_values_ptr_0 40 pure>)
+904: p101 = getfield_gc_r(p95, descr=<FieldP rpyeffect.stored_environment.Stack__arb_arb.inst_tail 8 pure>)
debug_merge_point(0, 0, '294<main.rpyeffect:284([k@[#823]#827])>+0: {"op": "Const". "type": "num". "out": 1. "value": 0}')
debug_merge_point(0, 0, '294<main.rpyeffect:284([k@[#823]#827])>+1: {"op": "Push". "target": 293. "args": {"num": [0]. "ptr": []}}')
debug_merge_point(0, 0, '294<main.rpyeffect:284([k@[#823]#827])>+2: {"op": "Copy". "type": "num". "from": 1. "to". 0}')
debug_merge_point(0, 0, '294<main.rpyeffect:284([k@[#823]#827])>+3: {"op": "Jump". "target": 277}')
debug_merge_point(0, 0, '277<main.rpyeffect:267(Name(k_145))>+0: {"op": "PushStack". "arg": 0}')
+908: guard_nonnull_class(p100, ConstClass(MetaStackWithBinding), descr=<Guard0x1402190a0>) [p0, i1, i2, i3, i4, i5, i6, i7, i8, i9, i10, i11, i12, i13, i14, i15, i16, p17, p18, p19, p20, p21, p22, p23, p24, p25, p26, p27, p28, p29, p30, p31, p32, p33, p34, p35]
+932: p103 = getfield_gc_r(p100, descr=<FieldP rpyeffect.stack.MetaStack.inst_region 24 pure>)
+936: guard_isnull(p103, descr=<Guard0x14021dbe0>) [p0, i1, i2, i3, i4, i5, i6, i7, i8, i9, i10, i11, i12, i13, i14, i15, i16, p17, p18, p19, p20, p21, p22, p23, p24, p25, p26, p27, p28, p29, p30, p31, p32, p33, p34, p35]
+944: p104 = getfield_gc_r(p100, descr=<FieldP rpyeffect.stack.MetaStackLike.inst_stack 8 pure>)
+948: p105 = getfield_gc_r(p100, descr=<FieldP rpyeffect.stack.MetaStack.inst_tail 32 pure>)
+952: guard_nonnull_class(p105, ConstClass(MetaStackWithBinding), descr=<Guard0x1402190f8>) [p0, i1, i2, i3, i4, i5, i6, i7, i8, i9, i10, i11, i12, i13, i14, i15, i16, p17, p18, p19, p20, p21, p22, p23, p24, p25, p26, p27, p28, p29, p30, p31, p32, p33, p34, p35]
+976: p107 = getfield_gc_r(p105, descr=<FieldP rpyeffect.stack.MetaStack.inst_region 24 pure>)
+980: guard_isnull(p107, descr=<Guard0x14021dc20>) [p0, i1, i2, i3, i4, i5, i6, i7, i8, i9, i10, i11, i12, i13, i14, i15, i16, p17, p18, p19, p20, p21, p22, p23, p24, p25, p26, p27, p28, p29, p30, p31, p32, p33, p34, p35]
+988: p108 = getfield_gc_r(p105, descr=<FieldP rpyeffect.stack.MetaStackLike.inst_stack 8 pure>)
+992: p109 = getfield_gc_r(p105, descr=<FieldP rpyeffect.stack.MetaStack.inst_tail 32 pure>)
+996: guard_nonnull_class(p109, 4373753536, descr=<Guard0x140219150>) [p0, i1, i2, i3, i4, i5, i6, i7, i8, i9, i10, i11, i12, i13, i14, i15, i16, p17, p18, p19, p20, p21, p22, p23, p24, p25, p26, p27, p28, p29, p30, p31, p32, p33, p34, p35]
+1020: p111 = getfield_gc_r(p109, descr=<FieldP rpyeffect.stack.MetaStack.inst_region 24 pure>)
+1024: guard_isnull(p111, descr=<Guard0x14021dc60>) [p0, i1, i2, i3, i4, i5, i6, i7, i8, i9, i10, i11, i12, i13, i14, i15, i16, p17, p18, p19, p20, p21, p22, p23, p24, p25, p26, p27, p28, p29, p30, p31, p32, p33, p34, p35]
+1032: p112 = getfield_gc_r(p109, descr=<FieldP rpyeffect.stack.MetaStackLike.inst_stack 8 pure>)
+1036: p113 = getfield_gc_r(p109, descr=<FieldP rpyeffect.stack.MetaStack.inst_tail 32 pure>)
+1040: guard_isnull(p113, descr=<Guard0x14021dca0>) [p0, i1, i2, i3, i4, i5, i6, i7, i8, i9, i10, i11, i12, i13, i14, i15, i16, p17, p18, p19, p20, p21, p22, p23, p24, p25, p26, p27, p28, p29, p30, p31, p32, p33, p34, p35]
+1048: p114 = getfield_gc_r(p109, descr=<FieldP rpyeffect.stack.MetaStack.inst_label 16 pure>)
+1052: p115 = getfield_gc_r(p105, descr=<FieldP rpyeffect.stack.MetaStack.inst_label 16 pure>)
+1056: p116 = getfield_gc_r(p105, descr=<FieldP rpyeffect.stack.MetaStackWithBinding.inst_binding 40 pure>)
+1060: guard_nonnull(p116, descr=<Guard0x14021dce0>) [p0, i1, i2, i3, i4, i5, i6, i7, i8, i9, i10, i11, i12, i13, i14, i15, i16, p17, p18, p19, p20, p21, p22, p23, p24, p25, p26, p27, p28, p29, p30, p31, p32, p33, p34, p35]
+1068: p117 = getfield_gc_r(p100, descr=<FieldP rpyeffect.stack.MetaStack.inst_label 16 pure>)
+1076: p118 = getfield_gc_r(p100, descr=<FieldP rpyeffect.stack.MetaStackWithBinding.inst_binding 40 pure>)
+1084: guard_nonnull(p118, descr=<Guard0x14021dd20>) [p0, i1, i2, i3, i4, i5, i6, i7, i8, i9, i10, i11, i12, i13, i14, i15, i16, p17, p18, p19, p20, p21, p22, p23, p24, p25, p26, p27, p28, p29, p30, p31, p32, p33, p34, p35]
+1092: guard_nonnull(p104, descr=<Guard0x14021dd60>) [p0, i1, i2, i3, i4, i5, i6, i7, i8, i9, i10, i11, i12, i13, i14, i15, i16, p17, p18, p19, p20, p21, p22, p23, p24, p25, p26, p27, p28, p29, p30, p31, p32, p33, p34, p35]
+1100: i119 = getfield_gc_i(p104, descr=<FieldS rpyeffect.stored_environment.Stack__arb_arb.inst_target 16 pure>)
+1108: guard_value(i119, 220, descr=<Guard0x14021dda0>) [p0, i1, i2, i3, i4, i5, i6, i7, i8, i9, i10, i11, i12, i13, i14, i15, i16, p17, p18, p19, p20, p21, p22, p23, p24, p25, p26, p27, p28, p29, p30, p31, p32, p33, p34, p35]
debug_merge_point(0, 0, '277<main.rpyeffect:267(Name(k_145))>+1: {"op": "Return". "args": {"num": [0]. "ptr": []}}')
+1120: i121 = getfield_gc_i(p104, descr=<FieldS rpyeffect.stored_environment.Stack__1_0.inst_values_num_0 40 pure>)
+1124: p122 = getfield_gc_r(p104, descr=<FieldP rpyeffect.stored_environment.Stack__arb_arb.inst_tail 8 pure>)
+1128: guard_nonnull(p122, descr=<Guard0x14021dde0>) [p0, i1, i2, i3, i4, i5, i6, i7, i8, i9, i10, i11, i12, i13, i14, i15, i16, p17, p18, p19, p20, p21, p22, p23, p24, p25, p26, p27, p28, p29, p30, p31, p32, p33, p34, p35]
+1136: i123 = getfield_gc_i(p122, descr=<FieldS rpyeffect.stored_environment.Stack__arb_arb.inst_target 16 pure>)
+1144: guard_value(i123, 209, descr=<Guard0x14021de20>) [p0, i1, i2, i3, i4, i5, i6, i7, i8, i9, i10, i11, i12, i13, i14, i15, i16, p17, p18, p19, p20, p21, p22, p23, p24, p25, p26, p27, p28, p29, p30, p31, p32, p33, p34, p35]
debug_merge_point(0, 0, '220<main.rpyeffect:210([k@[switch case for 0#562]#572])>+0: {"op": "Swap". "type": "num". "a": 1. "b". 0}')
+1156: p125 = new_with_vtable(descr=<SizeDescr 48>)
+1264: p126 = new_with_vtable(descr=<SizeDescr 40>)
+1276: setfield_gc(p126, p112, descr=<FieldP rpyeffect.stack.MetaStackLike.inst_stack 8 pure>)
+1280: setfield_gc(p126, p114, descr=<FieldP rpyeffect.stack.MetaStack.inst_label 16 pure>)
+1284: setfield_gc(p126, ConstPtr(null), descr=<FieldP rpyeffect.stack.MetaStack.inst_region 24 pure>)
+1292: p128 = new_with_vtable(descr=<SizeDescr 40>)
+1304: p129 = new_with_vtable(descr=<SizeDescr 48>)
+1316: setfield_gc(p129, p101, descr=<FieldP rpyeffect.stored_environment.Stack__arb_arb.inst_tail 8 pure>)
+1320: setfield_gc(p129, 293, descr=<FieldS rpyeffect.stored_environment.Stack__arb_arb.inst_target 16 pure>)
+1328: setfield_gc(p129, i75, descr=<FieldS rpyeffect.stored_environment.Stack__1_0.inst_values_num_0 40 pure>)
+1332: setfield_gc(p128, p129, descr=<FieldP rpyeffect.stack.MetaStackLike.inst_stack 8 pure>)
+1336: setfield_gc(p128, p96, descr=<FieldP rpyeffect.stack.MetaStack.inst_label 16 pure>)
+1340: setfield_gc(p128, ConstPtr(null), descr=<FieldP rpyeffect.stack.MetaStack.inst_region 24 pure>)
+1348: setfield_gc(p128, p97, descr=<FieldP rpyeffect.stack.MetaStack.inst_tail 32 pure>)
+1352: setfield_gc(p126, p128, descr=<FieldP rpyeffect.stack.MetaStack.inst_tail 32 pure>)
+1356: p132 = new_with_vtable(descr=<SizeDescr 40>)
+1368: setfield_gc(p125, p108, descr=<FieldP rpyeffect.stack.MetaStackLike.inst_stack 8 pure>)
+1372: setfield_gc(p125, p115, descr=<FieldP rpyeffect.stack.MetaStack.inst_label 16 pure>)
+1376: setfield_gc(p125, p116, descr=<FieldP rpyeffect.stack.MetaStackWithBinding.inst_binding 40 pure>)
+1380: setfield_gc(p125, p126, descr=<FieldP rpyeffect.stack.MetaStack.inst_tail 32 pure>)
+1384: setfield_gc(p125, ConstPtr(null), descr=<FieldP rpyeffect.stack.MetaStack.inst_region 24 pure>)
+1396: setfield_gc(p132, ConstPtr(ptr134), descr=<FieldP rpyeffect.stored_environment.CoData__arb_arb.inst_vtable 24 pure>)
+1400: setfield_gc(p132, i61, descr=<FieldS rpyeffect.stored_environment.CoData__1_0.inst_values_num_0 32 pure>)
+1436: jump(p117, p122, p0, p125, p118, 0, i121, 2809, 53, i46, i6, i7, i8, i9, i10, i11, i12, i13, i14, i15, i16, p100, p132, p18, p19, p20, p21, p22, p23, p24, p25, p26, p27, p28, p29, p30, p31, descr=TargetToken(5238635584))
+1776: --end of the loop--
[15c9e250] jit-log-opt-bridge}
[371f7751] {jit-log-opt-bridge
# bridge out of Guard 0x1180c4e60 with 149 ops
[p0, i1, i2, i3, i4, i5, i6, i7, i8, i9, i10, i11, i12, i13, i14, i15, i16, p17, p18, p19, p20, p21, p22, p23, p24, p25, p26, p27, p28, p29, p30, p31, p32, p33, p34, p35, p36]
+360: guard_not_invalidated(descr=<Guard0x1384167b0>) [p0, i1, i2, i3, i4, i5, i6, i7, i8, i9, i10, i11, i12, i13, i14, i15, i16, p17, p18, p19, p20, p21, p22, p23, p24, p25, p26, p27, p28, p29, p30, p31, p32, p33, p34, p35, p36]
+364: guard_nonnull(p34, descr=<Guard0x12833f520>) [p0, i1, i2, i3, i4, i5, i6, i7, i8, i9, i10, i11, i12, i13, i14, i15, i16, p17, p18, p19, p20, p21, p22, p23, p24, p25, p26, p27, p28, p29, p30, p31, p32, p33, p34, p35, p36]
+372: i37 = getfield_gc_i(p34, descr=<FieldS rpyeffect.stored_environment.Stack__arb_arb.inst_target 16 pure>)
+376: guard_value(i37, 225, descr=<Guard0x12833f4e0>) [p0, i1, i2, i3, i4, i5, i6, i7, i8, i9, i10, i11, i12, i13, i14, i15, i16, p17, p18, p19, p20, p21, p22, p23, p24, p25, p26, p27, p28, p29, p30, p31, p32, p33, p34, p35, p36]
debug_merge_point(0, 0, '69<main.rpyeffect:59(Name(<_5))>+0: {"op": "New". "out": 0. "targets": [62. 64. 66. 68]. "args": {"num": [0]. "ptr": []}}')
debug_merge_point(0, 0, '69<main.rpyeffect:59(Name(<_5))>+1: {"op": "Return". "args": {"num": []. "ptr": [0]}}')
+388: i39 = getfield_gc_i(p34, descr=<FieldS rpyeffect.stored_environment.Stack__1_0.inst_values_num_0 40 pure>)
+388: p40 = getfield_gc_r(p34, descr=<FieldP rpyeffect.stored_environment.Stack__arb_arb.inst_tail 8 pure>)
debug_merge_point(0, 0, '225<main.rpyeffect:215([k@Name(choice_48)#543])>+0: {"op": "Const". "type": "num". "out": 1. "value": 1}')
debug_merge_point(0, 0, '225<main.rpyeffect:215([k@Name(choice_48)#543])>+1: {"op": "Push". "target": 224. "args": {"num": [0]. "ptr": []}}')
debug_merge_point(0, 0, '225<main.rpyeffect:215([k@Name(choice_48)#543])>+2: {"op": "Copy". "type": "num". "from": 1. "to". 0}')
debug_merge_point(0, 0, '225<main.rpyeffect:215([k@Name(choice_48)#543])>+3: {"op": "Invoke". "receiver": 0. "tag": Interned(%apply(n):n). "args" : {"num": [0]. "ptr": []}}')
debug_merge_point(0, 0, '62<main.rpyeffect:52([method_%apply(n):n@Name(<_5)#157])>+0: {"op": "Jump". "target": 60}')
debug_merge_point(0, 0, '60<main.rpyeffect:50([mcore:[#20]#153])>+0: {"op": "PrimOp". "name": "infixLt(Int. Int): Boolean". "out": {"num": [0]. "ptr": []}. "in": {"num": [1. 0]. "ptr": []}}')
+392: i42 = int_lt(i1, 1)
guard_true(i42, descr=<Guard0x12833f4a0>) [p0, i1, i2, i3, i4, i5, i6, i7, i8, i9, i10, i11, i12, i13, i14, i15, i16, p17, p18, p19, p20, p21, p22, p23, p24, p25, p26, p27, p28, p29, p30, p31, p32, p33, p34, p35, p36]
debug_merge_point(0, 0, '60<main.rpyeffect:50([mcore:[#20]#153])>+1: {"op": "Return". "args": {"num": [0]. "ptr": []}}')
debug_merge_point(0, 0, '224<main.rpyeffect:214([k@[k@Name(choice_48)#543]#547])>+0: {"op": "Switch". "scrutinee": 0. "values": [1]. "targets": [212]. "default": 223}')
+400: guard_nonnull(p40, descr=<Guard0x12833f460>) [p0, i1, i2, i3, i4, i5, i6, i7, i8, i9, i10, i11, i12, i13, i14, i15, i16, p17, p18, p19, p20, p21, p22, p23, p24, p25, p26, p27, p28, p29, p30, p31, p32, p33, p34, p35, p36]
+408: i43 = getfield_gc_i(p40, descr=<FieldS rpyeffect.stored_environment.Stack__arb_arb.inst_target 16 pure>)
+412: guard_value(i43, 231, descr=<Guard0x12833f420>) [p0, i1, i2, i3, i4, i5, i6, i7, i8, i9, i10, i11, i12, i13, i14, i15, i16, p17, p18, p19, p20, p21, p22, p23, p24, p25, p26, p27, p28, p29, p30, p31, p32, p33, p34, p35, p36]
debug_merge_point(0, 0, '212<main.rpyeffect:202([switch case for 1#548])>+0: {"op": "Const". "type": "num". "out": 0. "value": 0}')
debug_merge_point(0, 0, '212<main.rpyeffect:202([switch case for 1#548])>+1: {"op": "Const". "type": "ptr". "out": 0. "format": "string". "value": "Name(Fail_1)"}')
debug_merge_point(0, 0, '212<main.rpyeffect:202([switch case for 1#548])>+2: {"op": "PrimOp". "name": "getGlobal(String): Ptr". "out": {"num": []. "ptr": [0]}. "in": {"num": []. "ptr": [0]}}')
debug_merge_point(0, 0, '212<main.rpyeffect:202([switch case for 1#548])>+3: {"op": "GetDynamic". "out": 0. "n": 0. "label": 0}')
+424: guard_nonnull(p36, descr=<Guard0x12833f3e0>) [p0, i1, i2, i3, i4, i5, i6, i7, i8, i9, i10, i11, i12, i13, i14, i15, i16, p17, p18, p19, p20, p21, p22, p23, p24, p25, p26, p27, p28, p29, p30, p31, p32, p33, p34, p35, p36]
+440: i46 = instance_ptr_eq(p33, ConstPtr(ptr45))
guard_false(i46, descr=<Guard0x12833f3a0>) [p0, i1, i2, i3, i4, i5, i6, i7, i8, i9, i10, i11, i12, i13, i14, i15, i16, p17, p18, p19, p20, p21, p22, p23, p24, p25, p26, p27, p28, p29, p30, p31, p32, p33, p34, p35, p36]
+456: guard_nonnull_class(p35, ConstClass(MetaStackWithBinding), descr=<Guard0x138416968>) [p0, i1, i2, i3, i4, i5, i6, i7, i8, i9, i10, i11, i12, i13, i14, i15, i16, p17, p18, p19, p20, p21, p22, p23, p24, p25, p26, p27, p28, p29, p30, p31, p32, p33, p34, p35, p36]
+488: p48 = getfield_gc_r(p35, descr=<FieldP rpyeffect.stack.MetaStack.inst_label 16 pure>)
+496: i50 = instance_ptr_eq(p48, ConstPtr(ptr49))
guard_true(i50, descr=<Guard0x12833f360>) [p0, i1, i2, i3, i4, i5, i6, i7, i8, i9, i10, i11, i12, i13, i14, i15, i16, p17, p18, p19, p20, p21, p22, p23, p24, p25, p26, p27, p28, p29, p30, p31, p32, p33, p34, p35, p36]
+504: p51 = getfield_gc_r(p35, descr=<FieldP rpyeffect.stack.MetaStackWithBinding.inst_binding 40 pure>)
debug_merge_point(0, 0, '212<main.rpyeffect:202([switch case for 1#548])>+4: {"op": "Construct". "out": 1. "type": Interned({"op": "eff$Tuple". "elements": []}). "tag": Interned({"op": "eff$Tuple". "elements": []}). "args": {"num": []. "ptr": []}}')
debug_merge_point(0, 0, '212<main.rpyeffect:202([switch case for 1#548])>+5: {"op": "Push". "target": 211. "args": {"num": []. "ptr": []}}')
debug_merge_point(0, 0, '212<main.rpyeffect:202([switch case for 1#548])>+6: {"op": "Swap". "type": "ptr". "a": 1. "b". 0}')
debug_merge_point(0, 0, '212<main.rpyeffect:202([switch case for 1#548])>+7: {"op": "Invoke". "receiver": 1. "tag": Interned(%Fail_1(p):p). "args" : {"num": []. "ptr": [0]}}')
+508: p52 = getfield_gc_r(p51, descr=<FieldP rpyeffect.stored_environment.CoData__arb_arb.inst_vtable 24 pure>)
+524: guard_value(p52, ConstPtr(ptr53), descr=<Guard0x12833f320>) [p0, i1, i2, i3, i4, i5, i6, i7, i8, i9, i10, i11, i12, i13, i14, i15, i16, p17, p18, p19, p20, p21, p22, p23, p24, p25, p26, p27, p28, p29, p30, p31, p32, p33, p34, p35, p36]
+532: p54 = getfield_gc_r(p51, descr=<FieldP rpyeffect.stored_environment.CoData__0_1.inst_values_ptr_0 32 pure>)
debug_merge_point(0, 0, '282<main.rpyeffect:272([method_%Fail_1(p):p@[mcore:[#56]#774]#779])>+0: {"op": "Const". "type": "num". "out": 0. "value": 0}')
debug_merge_point(0, 0, '282<main.rpyeffect:272([method_%Fail_1(p):p@[mcore:[#56]#774]#779])>+1: {"op": "ShiftDyn". "out": 1. "n": 0. "label": 1}')
+536: i55 = instance_ptr_eq(p33, p54)
guard_false(i55, descr=<Guard0x12833f2e0>) [p0, i1, i2, i3, i4, i5, i6, i7, i8, i9, i10, i11, i12, i13, i14, i15, i16, p17, p18, p19, p20, p21, p22, p23, p24, p25, p26, p27, p28, p29, p30, p31, p32, p33, p34, p35, p36]
+544: p56 = getfield_gc_r(p35, descr=<FieldP rpyeffect.stack.MetaStack.inst_region 24 pure>)
+548: guard_isnull(p56, descr=<Guard0x12833f2a0>) [p0, i1, i2, i3, i4, i5, i6, i7, i8, i9, i10, i11, i12, i13, i14, i15, i16, p17, p18, p19, p20, p21, p22, p23, p24, p25, p26, p27, p28, p29, p30, p31, p32, p33, p34, p35, p36]
+556: i57 = instance_ptr_eq(p48, p54)
guard_false(i57, descr=<Guard0x12833f260>) [p0, i1, i2, i3, i4, i5, i6, i7, i8, i9, i10, i11, i12, i13, i14, i15, i16, p17, p18, p19, p20, p21, p22, p23, p24, p25, p26, p27, p28, p29, p30, p31, p32, p33, p34, p35, p36]
+564: p58 = getfield_gc_r(p35, descr=<FieldP rpyeffect.stack.MetaStack.inst_tail 32 pure>)
+568: p59 = getfield_gc_r(p58, descr=<FieldP rpyeffect.stack.MetaStack.inst_region 24 pure>)
+576: guard_isnull(p59, descr=<Guard0x12833f220>) [p0, i1, i2, i3, i4, i5, i6, i7, i8, i9, i10, i11, i12, i13, i14, i15, i16, p17, p18, p19, p20, p21, p22, p23, p24, p25, p26, p27, p28, p29, p30, p31, p32, p33, p34, p35, p36]
+584: p60 = getfield_gc_r(p58, descr=<FieldP rpyeffect.stack.MetaStack.inst_label 16 pure>)
+588: i61 = instance_ptr_eq(p60, p54)
guard_true(i61, descr=<Guard0x12833f1e0>) [p0, i1, i2, i3, i4, i5, i6, i7, i8, i9, i10, i11, i12, i13, i14, i15, i16, p17, p18, p19, p20, p21, p22, p23, p24, p25, p26, p27, p28, p29, p30, p31, p32, p33, p34, p35, p36]
+596: p62 = getfield_gc_r(p58, descr=<FieldP rpyeffect.stack.MetaStackLike.inst_stack 8 pure>)
+600: guard_class(p58, 4373753536, descr=<Guard0x12833f1a0>) [p0, i1, i2, i3, i4, i5, i6, i7, i8, i9, i10, i11, i12, i13, i14, i15, i16, p17, p18, p19, p20, p21, p22, p23, p24, p25, p26, p27, p28, p29, p30, p31, p32, p33, p34, p35, p36]
+616: p64 = getfield_gc_r(p58, descr=<FieldP rpyeffect.stack.MetaStack.inst_tail 32 pure>)
+620: p65 = getfield_gc_r(p35, descr=<FieldP rpyeffect.stack.MetaStackLike.inst_stack 8 pure>)
+628: guard_nonnull_class(p64, 4373753536, descr=<Guard0x138416910>) [p0, i1, i2, i3, i4, i5, i6, i7, i8, i9, i10, i11, i12, i13, i14, i15, i16, p17, p18, p19, p20, p21, p22, p23, p24, p25, p26, p27, p28, p29, p30, p31, p32, p33, p34, p35, p36]
+652: p67 = getfield_gc_r(p64, descr=<FieldP rpyeffect.stack.MetaStackLike.inst_stack 8 pure>)
+660: p68 = getfield_gc_r(p64, descr=<FieldP rpyeffect.stack.MetaStack.inst_label 16 pure>)
+668: p69 = getfield_gc_r(p64, descr=<FieldP rpyeffect.stack.MetaStack.inst_tail 32 pure>)
+672: guard_nonnull(p67, descr=<Guard0x12833f160>) [p0, i1, i2, i3, i4, i5, i6, i7, i8, i9, i10, i11, i12, i13, i14, i15, i16, p17, p18, p19, p20, p21, p22, p23, p24, p25, p26, p27, p28, p29, p30, p31, p32, p33, p34, p35, p36]
+680: i70 = getfield_gc_i(p67, descr=<FieldS rpyeffect.stored_environment.Stack__arb_arb.inst_target 16 pure>)
+688: guard_value(i70, 294, descr=<Guard0x12833f120>) [p0, i1, i2, i3, i4, i5, i6, i7, i8, i9, i10, i11, i12, i13, i14, i15, i16, p17, p18, p19, p20, p21, p22, p23, p24, p25, p26, p27, p28, p29, p30, p31, p32, p33, p34, p35, p36]
debug_merge_point(0, 0, '282<main.rpyeffect:272([method_%Fail_1(p):p@[mcore:[#56]#774]#779])>+2: {"op": "Match". "type": Interned({"op": "eff$Tuple". "elements": []}). "scrutinee": 0. "clauses": [{"tag": Interned({"op": "eff$Tuple". "elements": []}). "target": 281. "args": {"num": []. "ptr": []}}]. "default": {"tag": Interned(c1ad4e97-e16b-4180-ac28-d851f2c5f77a#[Missing Tag#1079]). "target": 280. "args": {"num": []. "ptr": []}}}')
debug_merge_point(0, 0, '281<main.rpyeffect:271([#790])>+0: {"op": "Const". "type": "num". "out": 0. "value": 0}')
debug_merge_point(0, 0, '281<main.rpyeffect:271([#790])>+1: {"op": "Return". "args": {"num": [0]. "ptr": []}}')
+700: p72 = getfield_gc_r(p67, descr=<FieldP rpyeffect.stored_environment.Stack__0_1.inst_values_ptr_0 40 pure>)
+704: p73 = getfield_gc_r(p67, descr=<FieldP rpyeffect.stored_environment.Stack__arb_arb.inst_tail 8 pure>)
debug_merge_point(0, 0, '294<main.rpyeffect:284([k@[#823]#827])>+0: {"op": "Const". "type": "num". "out": 1. "value": 0}')
debug_merge_point(0, 0, '294<main.rpyeffect:284([k@[#823]#827])>+1: {"op": "Push". "target": 293. "args": {"num": [0]. "ptr": []}}')
debug_merge_point(0, 0, '294<main.rpyeffect:284([k@[#823]#827])>+2: {"op": "Copy". "type": "num". "from": 1. "to". 0}')
debug_merge_point(0, 0, '294<main.rpyeffect:284([k@[#823]#827])>+3: {"op": "Jump". "target": 277}')
debug_merge_point(0, 0, '277<main.rpyeffect:267(Name(k_145))>+0: {"op": "PushStack". "arg": 0}')
+708: guard_nonnull_class(p72, ConstClass(MetaStackWithBinding), descr=<Guard0x1384168b8>) [p0, i1, i2, i3, i4, i5, i6, i7, i8, i9, i10, i11, i12, i13, i14, i15, i16, p17, p18, p19, p20, p21, p22, p23, p24, p25, p26, p27, p28, p29, p30, p31, p32, p33, p34, p35, p36]
+732: p75 = getfield_gc_r(p72, descr=<FieldP rpyeffect.stack.MetaStack.inst_region 24 pure>)
+740: guard_isnull(p75, descr=<Guard0x12833f0e0>) [p0, i1, i2, i3, i4, i5, i6, i7, i8, i9, i10, i11, i12, i13, i14, i15, i16, p17, p18, p19, p20, p21, p22, p23, p24, p25, p26, p27, p28, p29, p30, p31, p32, p33, p34, p35, p36]
+748: p76 = getfield_gc_r(p72, descr=<FieldP rpyeffect.stack.MetaStackLike.inst_stack 8 pure>)
+752: p77 = getfield_gc_r(p72, descr=<FieldP rpyeffect.stack.MetaStack.inst_tail 32 pure>)
+760: guard_nonnull_class(p77, ConstClass(MetaStackWithBinding), descr=<Guard0x138416860>) [p0, i1, i2, i3, i4, i5, i6, i7, i8, i9, i10, i11, i12, i13, i14, i15, i16, p17, p18, p19, p20, p21, p22, p23, p24, p25, p26, p27, p28, p29, p30, p31, p32, p33, p34, p35, p36]
+784: p79 = getfield_gc_r(p77, descr=<FieldP rpyeffect.stack.MetaStack.inst_region 24 pure>)
+792: guard_isnull(p79, descr=<Guard0x12833f0a0>) [p0, i1, i2, i3, i4, i5, i6, i7, i8, i9, i10, i11, i12, i13, i14, i15, i16, p17, p18, p19, p20, p21, p22, p23, p24, p25, p26, p27, p28, p29, p30, p31, p32, p33, p34, p35, p36]
+800: p80 = getfield_gc_r(p77, descr=<FieldP rpyeffect.stack.MetaStackLike.inst_stack 8 pure>)
+804: p81 = getfield_gc_r(p77, descr=<FieldP rpyeffect.stack.MetaStack.inst_tail 32 pure>)
+812: guard_nonnull_class(p81, 4373753536, descr=<Guard0x138416808>) [p0, i1, i2, i3, i4, i5, i6, i7, i8, i9, i10, i11, i12, i13, i14, i15, i16, p17, p18, p19, p20, p21, p22, p23, p24, p25, p26, p27, p28, p29, p30, p31, p32, p33, p34, p35, p36]
+836: p83 = getfield_gc_r(p81, descr=<FieldP rpyeffect.stack.MetaStack.inst_region 24 pure>)
+840: guard_isnull(p83, descr=<Guard0x12833f060>) [p0, i1, i2, i3, i4, i5, i6, i7, i8, i9, i10, i11, i12, i13, i14, i15, i16, p17, p18, p19, p20, p21, p22, p23, p24, p25, p26, p27, p28, p29, p30, p31, p32, p33, p34, p35, p36]
+848: p84 = getfield_gc_r(p81, descr=<FieldP rpyeffect.stack.MetaStackLike.inst_stack 8 pure>)
+852: p85 = getfield_gc_r(p81, descr=<FieldP rpyeffect.stack.MetaStack.inst_tail 32 pure>)
+856: guard_isnull(p85, descr=<Guard0x12833f020>) [p0, i1, i2, i3, i4, i5, i6, i7, i8, i9, i10, i11, i12, i13, i14, i15, i16, p17, p18, p19, p20, p21, p22, p23, p24, p25, p26, p27, p28, p29, p30, p31, p32, p33, p34, p35, p36]
+864: p86 = getfield_gc_r(p81, descr=<FieldP rpyeffect.stack.MetaStack.inst_label 16 pure>)
+868: p87 = getfield_gc_r(p77, descr=<FieldP rpyeffect.stack.MetaStack.inst_label 16 pure>)
+872: p88 = getfield_gc_r(p77, descr=<FieldP rpyeffect.stack.MetaStackWithBinding.inst_binding 40 pure>)
+876: guard_nonnull(p88, descr=<Guard0x12833efe0>) [p0, i1, i2, i3, i4, i5, i6, i7, i8, i9, i10, i11, i12, i13, i14, i15, i16, p17, p18, p19, p20, p21, p22, p23, p24, p25, p26, p27, p28, p29, p30, p31, p32, p33, p34, p35, p36]
+884: p89 = getfield_gc_r(p72, descr=<FieldP rpyeffect.stack.MetaStack.inst_label 16 pure>)
+892: p90 = getfield_gc_r(p72, descr=<FieldP rpyeffect.stack.MetaStackWithBinding.inst_binding 40 pure>)
+900: guard_nonnull(p90, descr=<Guard0x12833efa0>) [p0, i1, i2, i3, i4, i5, i6, i7, i8, i9, i10, i11, i12, i13, i14, i15, i16, p17, p18, p19, p20, p21, p22, p23, p24, p25, p26, p27, p28, p29, p30, p31, p32, p33, p34, p35, p36]
+908: guard_nonnull(p76, descr=<Guard0x12833ef60>) [p0, i1, i2, i3, i4, i5, i6, i7, i8, i9, i10, i11, i12, i13, i14, i15, i16, p17, p18, p19, p20, p21, p22, p23, p24, p25, p26, p27, p28, p29, p30, p31, p32, p33, p34, p35, p36]
+916: i91 = getfield_gc_i(p76, descr=<FieldS rpyeffect.stored_environment.Stack__arb_arb.inst_target 16 pure>)
+924: guard_value(i91, 220, descr=<Guard0x12833ef20>) [p0, i1, i2, i3, i4, i5, i6, i7, i8, i9, i10, i11, i12, i13, i14, i15, i16, p17, p18, p19, p20, p21, p22, p23, p24, p25, p26, p27, p28, p29, p30, p31, p32, p33, p34, p35, p36]
debug_merge_point(0, 0, '277<main.rpyeffect:267(Name(k_145))>+1: {"op": "Return". "args": {"num": [0]. "ptr": []}}')
+936: i93 = getfield_gc_i(p76, descr=<FieldS rpyeffect.stored_environment.Stack__1_0.inst_values_num_0 40 pure>)
+940: p94 = getfield_gc_r(p76, descr=<FieldP rpyeffect.stored_environment.Stack__arb_arb.inst_tail 8 pure>)
+944: guard_nonnull(p94, descr=<Guard0x12833eee0>) [p0, i1, i2, i3, i4, i5, i6, i7, i8, i9, i10, i11, i12, i13, i14, i15, i16, p17, p18, p19, p20, p21, p22, p23, p24, p25, p26, p27, p28, p29, p30, p31, p32, p33, p34, p35, p36]
+952: i95 = getfield_gc_i(p94, descr=<FieldS rpyeffect.stored_environment.Stack__arb_arb.inst_target 16 pure>)
+960: guard_value(i95, 209, descr=<Guard0x12833eea0>) [p0, i1, i2, i3, i4, i5, i6, i7, i8, i9, i10, i11, i12, i13, i14, i15, i16, p17, p18, p19, p20, p21, p22, p23, p24, p25, p26, p27, p28, p29, p30, p31, p32, p33, p34, p35, p36]
debug_merge_point(0, 0, '220<main.rpyeffect:210([k@[switch case for 0#562]#572])>+0: {"op": "Swap". "type": "num". "a": 1. "b". 0}')
+972: p97 = new_with_vtable(descr=<SizeDescr 48>)
+1084: p98 = new_with_vtable(descr=<SizeDescr 40>)
+1096: setfield_gc(p98, p84, descr=<FieldP rpyeffect.stack.MetaStackLike.inst_stack 8 pure>)
+1100: setfield_gc(p98, p86, descr=<FieldP rpyeffect.stack.MetaStack.inst_label 16 pure>)
+1104: setfield_gc(p98, ConstPtr(null), descr=<FieldP rpyeffect.stack.MetaStack.inst_region 24 pure>)
+1112: p100 = new_with_vtable(descr=<SizeDescr 40>)
+1124: p101 = new_with_vtable(descr=<SizeDescr 48>)
+1136: setfield_gc(p101, p73, descr=<FieldP rpyeffect.stored_environment.Stack__arb_arb.inst_tail 8 pure>)
+1140: setfield_gc(p101, 293, descr=<FieldS rpyeffect.stored_environment.Stack__arb_arb.inst_target 16 pure>)
+1148: setfield_gc(p101, 0, descr=<FieldS rpyeffect.stored_environment.Stack__1_0.inst_values_num_0 40 pure>)
+1156: setfield_gc(p100, p101, descr=<FieldP rpyeffect.stack.MetaStackLike.inst_stack 8 pure>)
+1160: setfield_gc(p100, p68, descr=<FieldP rpyeffect.stack.MetaStack.inst_label 16 pure>)
+1168: setfield_gc(p100, ConstPtr(null), descr=<FieldP rpyeffect.stack.MetaStack.inst_region 24 pure>)
+1176: setfield_gc(p100, p69, descr=<FieldP rpyeffect.stack.MetaStack.inst_tail 32 pure>)
+1180: setfield_gc(p98, p100, descr=<FieldP rpyeffect.stack.MetaStack.inst_tail 32 pure>)
+1184: p105 = new_with_vtable(descr=<SizeDescr 48>)
+1196: p106 = new_with_vtable(descr=<SizeDescr 40>)
+1208: setfield_gc(p106, p40, descr=<FieldP rpyeffect.stored_environment.Stack__arb_arb.inst_tail 8 pure>)
+1212: setfield_gc(p106, 211, descr=<FieldS rpyeffect.stored_environment.Stack__arb_arb.inst_target 16 pure>)
+1220: setfield_gc(p97, p80, descr=<FieldP rpyeffect.stack.MetaStackLike.inst_stack 8 pure>)
+1224: setfield_gc(p97, p87, descr=<FieldP rpyeffect.stack.MetaStack.inst_label 16 pure>)
+1228: setfield_gc(p97, ConstPtr(null), descr=<FieldP rpyeffect.stack.MetaStack.inst_region 24 pure>)
+1236: p109 = new_with_vtable(descr=<SizeDescr 48>)
+1248: setfield_gc(p109, p65, descr=<FieldP rpyeffect.stack.MetaStackLike.inst_stack 8 pure>)
+1252: setfield_gc(p109, p48, descr=<FieldP rpyeffect.stack.MetaStack.inst_label 16 pure>)
+1256: setfield_gc(p109, ConstPtr(null), descr=<FieldP rpyeffect.stack.MetaStack.inst_region 24 pure>)
+1264: p111 = new_with_vtable(descr=<SizeDescr 40>)
+1276: setfield_gc(p111, p62, descr=<FieldP rpyeffect.stack.MetaStackLike.inst_stack 8 pure>)
+1280: setfield_gc(p111, p60, descr=<FieldP rpyeffect.stack.MetaStack.inst_label 16 pure>)
+1288: setfield_gc(p111, ConstPtr(null), descr=<FieldP rpyeffect.stack.MetaStack.inst_region 24 pure>)
+1296: setfield_gc(p111, ConstPtr(null), descr=<FieldP rpyeffect.stack.MetaStack.inst_tail 32 pure>)
+1304: setfield_gc(p109, p111, descr=<FieldP rpyeffect.stack.MetaStack.inst_tail 32 pure>)
+1308: setfield_gc(p109, p51, descr=<FieldP rpyeffect.stack.MetaStackWithBinding.inst_binding 40 pure>)
+1312: setfield_gc(p97, p98, descr=<FieldP rpyeffect.stack.MetaStack.inst_tail 32 pure>)
+1316: setfield_gc(p97, p88, descr=<FieldP rpyeffect.stack.MetaStackWithBinding.inst_binding 40 pure>)
+1324: setfield_gc(p105, p33, descr=<FieldP rpyeffect.stack.MetaStack.inst_label 16 pure>)
+1332: setfield_gc(p105, p36, descr=<FieldP rpyeffect.stack.MetaStackWithBinding.inst_binding 40 pure>)
+1340: setfield_gc(p105, ConstPtr(null), descr=<FieldP rpyeffect.stack.MetaStack.inst_region 24 pure>)
+1348: setfield_gc(p105, p109, descr=<FieldP rpyeffect.stack.MetaStack.inst_tail 32 pure>)
+1352: setfield_gc(p105, p106, descr=<FieldP rpyeffect.stack.MetaStackLike.inst_stack 8 pure>)
+1388: jump(p89, p94, p0, p97, p90, 0, i93, i3, i4, i5, i6, i7, i8, i9, i10, i11, i12, i13, i14, i15, i16, p72, p105, p19, p20, p21, p22, p23, p24, p25, p26, p27, p28, p29, p30, p31, p32, descr=TargetToken(5238635584))
+1608: --end of the loop--
[37225876] jit-log-opt-bridge}
[37290478] {jit-log-opt-bridge
# bridge out of Guard 0x1180c5ca0 with 97 ops
[p0, i1, i2, i3, i4, i5, i6, i7, i8, i9, i10, i11, i12, i13, i14, i15, i16, p17, p18, p19, p20, p21, p22, p23, p24, p25, p26, p27, p28, p29, p30, p31, p32, p33, p34, p35, p36]
+280: guard_not_invalidated(descr=<Guard0x1384169c0>) [p0, i1, i2, i3, i4, i5, i6, i7, i8, i9, i10, i11, i12, i13, i14, i15, i16, p17, p18, p19, p20, p21, p22, p23, p24, p25, p26, p27, p28, p29, p30, p31, p32, p33, p34, p35, p36]
debug_merge_point(0, 0, '225<main.rpyeffect:215([k@Name(choice_48)#543])>+3: {"op": "Invoke". "receiver": 0. "tag": Interned(%apply(n):n). "args" : {"num": [0]. "ptr": []}}')
+284: p37 = getfield_gc_r(p17, descr=<FieldP rpyeffect.stored_environment.CoData__arb_arb.inst_vtable 24 pure>)
+292: guard_value(p37, ConstPtr(ptr38), descr=<Guard0x12833f5a0>) [p0, i1, i2, i3, i4, i5, i6, i7, i8, i9, i10, i11, i12, i13, i14, i15, i16, p17, p18, p19, p20, p21, p22, p23, p24, p25, p26, p27, p28, p29, p30, p31, p32, p33, p34, p35, p36]
+300: i39 = getfield_gc_i(p17, descr=<FieldS rpyeffect.stored_environment.CoData__1_0.inst_values_num_0 32 pure>)
+304: guard_nonnull(p34, descr=<Guard0x12833f5e0>) [p0, i1, i2, i3, i4, i5, i6, i7, i8, i9, i10, i11, i12, i13, i14, i15, i16, p17, p18, p19, p20, p21, p22, p23, p24, p25, p26, p27, p28, p29, p30, p31, p32, p33, p34, p35, p36]
+312: i40 = getfield_gc_i(p34, descr=<FieldS rpyeffect.stored_environment.Stack__arb_arb.inst_target 16 pure>)
+316: guard_value(i40, 224, descr=<Guard0x12833f620>) [p0, i1, i2, i3, i4, i5, i6, i7, i8, i9, i10, i11, i12, i13, i14, i15, i16, p17, p18, p19, p20, p21, p22, p23, p24, p25, p26, p27, p28, p29, p30, p31, p32, p33, p34, p35, p36]
debug_merge_point(0, 0, '62<main.rpyeffect:52([method_%apply(n):n@Name(<_5)#157])>+0: {"op": "Jump". "target": 60}')
debug_merge_point(0, 0, '60<main.rpyeffect:50([mcore:[#20]#153])>+0: {"op": "PrimOp". "name": "infixLt(Int. Int): Boolean". "out": {"num": [0]. "ptr": []}. "in": {"num": [1. 0]. "ptr": []}}')
+328: i42 = int_lt(i39, i2)
guard_true(i42, descr=<Guard0x12833f660>) [p0, i1, i2, i3, i4, i5, i6, i7, i8, i9, i10, i11, i12, i13, i14, i15, i16, p17, p18, p19, p20, p21, p22, p23, p24, p25, p26, p27, p28, p29, p30, p31, p32, p33, p34, p35, p36]
debug_merge_point(0, 0, '60<main.rpyeffect:50([mcore:[#20]#153])>+1: {"op": "Return". "args": {"num": [0]. "ptr": []}}')
+336: i43 = getfield_gc_i(p34, descr=<FieldS rpyeffect.stored_environment.Stack__1_0.inst_values_num_0 40 pure>)
+336: p44 = getfield_gc_r(p34, descr=<FieldP rpyeffect.stored_environment.Stack__arb_arb.inst_tail 8 pure>)
debug_merge_point(0, 0, '224<main.rpyeffect:214([k@[k@Name(choice_48)#543]#547])>+0: {"op": "Switch". "scrutinee": 0. "values": [1]. "targets": [212]. "default": 223}')
+340: guard_nonnull(p44, descr=<Guard0x12833f6a0>) [p0, i1, i2, i3, i4, i5, i6, i7, i8, i9, i10, i11, i12, i13, i14, i15, i16, p17, p18, p19, p20, p21, p22, p23, p24, p25, p26, p27, p28, p29, p30, p31, p32, p33, p34, p35, p36]
+348: i45 = getfield_gc_i(p44, descr=<FieldS rpyeffect.stored_environment.Stack__arb_arb.inst_target 16 pure>)
+352: guard_value(i45, 209, descr=<Guard0x12833f6e0>) [p0, i1, i2, i3, i4, i5, i6, i7, i8, i9, i10, i11, i12, i13, i14, i15, i16, p17, p18, p19, p20, p21, p22, p23, p24, p25, p26, p27, p28, p29, p30, p31, p32, p33, p34, p35, p36]
debug_merge_point(0, 0, '212<main.rpyeffect:202([switch case for 1#548])>+0: {"op": "Const". "type": "num". "out": 0. "value": 0}')
debug_merge_point(0, 0, '212<main.rpyeffect:202([switch case for 1#548])>+1: {"op": "Const". "type": "ptr". "out": 0. "format": "string". "value": "Name(Fail_1)"}')
debug_merge_point(0, 0, '212<main.rpyeffect:202([switch case for 1#548])>+2: {"op": "PrimOp". "name": "getGlobal(String): Ptr". "out": {"num": []. "ptr": [0]}. "in": {"num": []. "ptr": [0]}}')
debug_merge_point(0, 0, '212<main.rpyeffect:202([switch case for 1#548])>+3: {"op": "GetDynamic". "out": 0. "n": 0. "label": 0}')
+364: guard_nonnull(p36, descr=<Guard0x12833f720>) [p0, i1, i2, i3, i4, i5, i6, i7, i8, i9, i10, i11, i12, i13, i14, i15, i16, p17, p18, p19, p20, p21, p22, p23, p24, p25, p26, p27, p28, p29, p30, p31, p32, p33, p34, p35, p36]
+380: i48 = instance_ptr_eq(p33, ConstPtr(ptr47))
guard_false(i48, descr=<Guard0x12833f760>) [p0, i1, i2, i3, i4, i5, i6, i7, i8, i9, i10, i11, i12, i13, i14, i15, i16, p17, p18, p19, p20, p21, p22, p23, p24, p25, p26, p27, p28, p29, p30, p31, p32, p33, p34, p35, p36]
+396: guard_nonnull_class(p35, ConstClass(MetaStackWithBinding), descr=<Guard0x138416a18>) [p0, i1, i2, i3, i4, i5, i6, i7, i8, i9, i10, i11, i12, i13, i14, i15, i16, p17, p18, p19, p20, p21, p22, p23, p24, p25, p26, p27, p28, p29, p30, p31, p32, p33, p34, p35, p36]
+428: p50 = getfield_gc_r(p35, descr=<FieldP rpyeffect.stack.MetaStack.inst_label 16 pure>)
+436: i52 = instance_ptr_eq(p50, ConstPtr(ptr51))
guard_true(i52, descr=<Guard0x12833f7a0>) [p0, i1, i2, i3, i4, i5, i6, i7, i8, i9, i10, i11, i12, i13, i14, i15, i16, p17, p18, p19, p20, p21, p22, p23, p24, p25, p26, p27, p28, p29, p30, p31, p32, p33, p34, p35, p36]
+444: p53 = getfield_gc_r(p35, descr=<FieldP rpyeffect.stack.MetaStackWithBinding.inst_binding 40 pure>)
debug_merge_point(0, 0, '212<main.rpyeffect:202([switch case for 1#548])>+4: {"op": "Construct". "out": 1. "type": Interned({"op": "eff$Tuple". "elements": []}). "tag": Interned({"op": "eff$Tuple". "elements": []}). "args": {"num": []. "ptr": []}}')
debug_merge_point(0, 0, '212<main.rpyeffect:202([switch case for 1#548])>+5: {"op": "Push". "target": 211. "args": {"num": []. "ptr": []}}')
debug_merge_point(0, 0, '212<main.rpyeffect:202([switch case for 1#548])>+6: {"op": "Swap". "type": "ptr". "a": 1. "b". 0}')
debug_merge_point(0, 0, '212<main.rpyeffect:202([switch case for 1#548])>+7: {"op": "Invoke". "receiver": 1. "tag": Interned(%Fail_1(p):p). "args" : {"num": []. "ptr": [0]}}')
+448: p54 = getfield_gc_r(p53, descr=<FieldP rpyeffect.stored_environment.CoData__arb_arb.inst_vtable 24 pure>)
+464: guard_value(p54, ConstPtr(ptr55), descr=<Guard0x12833f7e0>) [p0, i1, i2, i3, i4, i5, i6, i7, i8, i9, i10, i11, i12, i13, i14, i15, i16, p17, p18, p19, p20, p21, p22, p23, p24, p25, p26, p27, p28, p29, p30, p31, p32, p33, p34, p35, p36]
+472: p56 = getfield_gc_r(p53, descr=<FieldP rpyeffect.stored_environment.CoData__0_1.inst_values_ptr_0 32 pure>)
debug_merge_point(0, 0, '282<main.rpyeffect:272([method_%Fail_1(p):p@[mcore:[#56]#774]#779])>+0: {"op": "Const". "type": "num". "out": 0. "value": 0}')
debug_merge_point(0, 0, '282<main.rpyeffect:272([method_%Fail_1(p):p@[mcore:[#56]#774]#779])>+1: {"op": "ShiftDyn". "out": 1. "n": 0. "label": 1}')
+476: i57 = instance_ptr_eq(p33, p56)
guard_false(i57, descr=<Guard0x12833f820>) [p0, i1, i2, i3, i4, i5, i6, i7, i8, i9, i10, i11, i12, i13, i14, i15, i16, p17, p18, p19, p20, p21, p22, p23, p24, p25, p26, p27, p28, p29, p30, p31, p32, p33, p34, p35, p36]
+484: p58 = getfield_gc_r(p35, descr=<FieldP rpyeffect.stack.MetaStack.inst_region 24 pure>)
+488: guard_isnull(p58, descr=<Guard0x12833f860>) [p0, i1, i2, i3, i4, i5, i6, i7, i8, i9, i10, i11, i12, i13, i14, i15, i16, p17, p18, p19, p20, p21, p22, p23, p24, p25, p26, p27, p28, p29, p30, p31, p32, p33, p34, p35, p36]
+496: i59 = instance_ptr_eq(p50, p56)
guard_false(i59, descr=<Guard0x12833f8a0>) [p0, i1, i2, i3, i4, i5, i6, i7, i8, i9, i10, i11, i12, i13, i14, i15, i16, p17, p18, p19, p20, p21, p22, p23, p24, p25, p26, p27, p28, p29, p30, p31, p32, p33, p34, p35, p36]
+504: p60 = getfield_gc_r(p35, descr=<FieldP rpyeffect.stack.MetaStack.inst_tail 32 pure>)
+508: p61 = getfield_gc_r(p60, descr=<FieldP rpyeffect.stack.MetaStack.inst_region 24 pure>)
+516: guard_isnull(p61, descr=<Guard0x12833f8e0>) [p0, i1, i2, i3, i4, i5, i6, i7, i8, i9, i10, i11, i12, i13, i14, i15, i16, p17, p18, p19, p20, p21, p22, p23, p24, p25, p26, p27, p28, p29, p30, p31, p32, p33, p34, p35, p36]
+524: p62 = getfield_gc_r(p60, descr=<FieldP rpyeffect.stack.MetaStack.inst_label 16 pure>)
+528: i63 = instance_ptr_eq(p62, p56)
guard_true(i63, descr=<Guard0x12833f920>) [p0, i1, i2, i3, i4, i5, i6, i7, i8, i9, i10, i11, i12, i13, i14, i15, i16, p17, p18, p19, p20, p21, p22, p23, p24, p25, p26, p27, p28, p29, p30, p31, p32, p33, p34, p35, p36]
+536: p64 = getfield_gc_r(p60, descr=<FieldP rpyeffect.stack.MetaStackLike.inst_stack 8 pure>)
+540: guard_class(p60, 4373753536, descr=<Guard0x12833f960>) [p0, i1, i2, i3, i4, i5, i6, i7, i8, i9, i10, i11, i12, i13, i14, i15, i16, p17, p18, p19, p20, p21, p22, p23, p24, p25, p26, p27, p28, p29, p30, p31, p32, p33, p34, p35, p36]
+556: p66 = getfield_gc_r(p60, descr=<FieldP rpyeffect.stack.MetaStack.inst_tail 32 pure>)
+560: p67 = getfield_gc_r(p35, descr=<FieldP rpyeffect.stack.MetaStackLike.inst_stack 8 pure>)
+568: guard_nonnull_class(p66, 4373753536, descr=<Guard0x138416a70>) [p0, i1, i2, i3, i4, i5, i6, i7, i8, i9, i10, i11, i12, i13, i14, i15, i16, p17, p18, p19, p20, p21, p22, p23, p24, p25, p26, p27, p28, p29, p30, p31, p32, p33, p34, p35, p36]
+592: p69 = getfield_gc_r(p66, descr=<FieldP rpyeffect.stack.MetaStackLike.inst_stack 8 pure>)
+600: p70 = getfield_gc_r(p66, descr=<FieldP rpyeffect.stack.MetaStack.inst_label 16 pure>)
+608: p71 = getfield_gc_r(p66, descr=<FieldP rpyeffect.stack.MetaStack.inst_tail 32 pure>)
+612: guard_nonnull(p69, descr=<Guard0x12833f9a0>) [p0, i1, i2, i3, i4, i5, i6, i7, i8, i9, i10, i11, i12, i13, i14, i15, i16, p17, p18, p19, p20, p21, p22, p23, p24, p25, p26, p27, p28, p29, p30, p31, p32, p33, p34, p35, p36]
+620: i72 = getfield_gc_i(p69, descr=<FieldS rpyeffect.stored_environment.Stack__arb_arb.inst_target 16 pure>)
+628: guard_value(i72, 293, descr=<Guard0x12833f9e0>) [p0, i1, i2, i3, i4, i5, i6, i7, i8, i9, i10, i11, i12, i13, i14, i15, i16, p17, p18, p19, p20, p21, p22, p23, p24, p25, p26, p27, p28, p29, p30, p31, p32, p33, p34, p35, p36]
debug_merge_point(0, 0, '282<main.rpyeffect:272([method_%Fail_1(p):p@[mcore:[#56]#774]#779])>+2: {"op": "Match". "type": Interned({"op": "eff$Tuple". "elements": []}). "scrutinee": 0. "clauses": [{"tag": Interned({"op": "eff$Tuple". "elements": []}). "target": 281. "args": {"num": []. "ptr": []}}]. "default": {"tag": Interned(c1ad4e97-e16b-4180-ac28-d851f2c5f77a#[Missing Tag#1079]). "target": 280. "args": {"num": []. "ptr": []}}}')
debug_merge_point(0, 0, '281<main.rpyeffect:271([#790])>+0: {"op": "Const". "type": "num". "out": 0. "value": 0}')
debug_merge_point(0, 0, '281<main.rpyeffect:271([#790])>+1: {"op": "Return". "args": {"num": [0]. "ptr": []}}')
+640: i74 = getfield_gc_i(p69, descr=<FieldS rpyeffect.stored_environment.Stack__1_0.inst_values_num_0 40 pure>)
+644: p75 = getfield_gc_r(p69, descr=<FieldP rpyeffect.stored_environment.Stack__arb_arb.inst_tail 8 pure>)
debug_merge_point(0, 0, '293<main.rpyeffect:283([k@[k@[#823]#827]#831])>+0: {"op": "Push". "target": 292. "args": {"num": [0]. "ptr": []}}')
debug_merge_point(0, 0, '293<main.rpyeffect:283([k@[k@[#823]#827]#831])>+1: {"op": "Copy". "type": "num". "from": 1. "to". 0}')
+648: p76 = new_with_vtable(descr=<SizeDescr 48>)
+760: p77 = new_with_vtable(descr=<SizeDescr 32>)
+772: p78 = new_with_vtable(descr=<SizeDescr 48>)
+784: p79 = new_with_vtable(descr=<SizeDescr 40>)
+796: setfield_gc(p79, p44, descr=<FieldP rpyeffect.stored_environment.Stack__arb_arb.inst_tail 8 pure>)
+800: setfield_gc(p79, 211, descr=<FieldS rpyeffect.stored_environment.Stack__arb_arb.inst_target 16 pure>)
+808: p81 = new_with_vtable(descr=<SizeDescr 48>)
+820: setfield_gc(p81, p67, descr=<FieldP rpyeffect.stack.MetaStackLike.inst_stack 8 pure>)
+824: setfield_gc(p81, p50, descr=<FieldP rpyeffect.stack.MetaStack.inst_label 16 pure>)
+828: setfield_gc(p81, ConstPtr(null), descr=<FieldP rpyeffect.stack.MetaStack.inst_region 24 pure>)
+836: p83 = new_with_vtable(descr=<SizeDescr 40>)
+848: setfield_gc(p83, p64, descr=<FieldP rpyeffect.stack.MetaStackLike.inst_stack 8 pure>)
+852: setfield_gc(p83, p62, descr=<FieldP rpyeffect.stack.MetaStack.inst_label 16 pure>)
+860: setfield_gc(p83, ConstPtr(null), descr=<FieldP rpyeffect.stack.MetaStack.inst_region 24 pure>)
+868: setfield_gc(p83, ConstPtr(null), descr=<FieldP rpyeffect.stack.MetaStack.inst_tail 32 pure>)
+876: setfield_gc(p81, p83, descr=<FieldP rpyeffect.stack.MetaStack.inst_tail 32 pure>)
+880: setfield_gc(p81, p53, descr=<FieldP rpyeffect.stack.MetaStackWithBinding.inst_binding 40 pure>)
+884: setfield_gc(p76, 292, descr=<FieldS rpyeffect.stored_environment.Stack__arb_arb.inst_target 16 pure>)
+892: setfield_gc(p76, 0, descr=<FieldS rpyeffect.stored_environment.Stack__1_0.inst_values_num_0 40 pure>)
+900: setfield_gc(p76, p75, descr=<FieldP rpyeffect.stored_environment.Stack__arb_arb.inst_tail 8 pure>)
+904: setfield_gc(p78, p33, descr=<FieldP rpyeffect.stack.MetaStack.inst_label 16 pure>)
+908: setfield_gc(p78, p36, descr=<FieldP rpyeffect.stack.MetaStackWithBinding.inst_binding 40 pure>)
+916: setfield_gc(p78, ConstPtr(null), descr=<FieldP rpyeffect.stack.MetaStack.inst_region 24 pure>)
+924: setfield_gc(p78, p81, descr=<FieldP rpyeffect.stack.MetaStack.inst_tail 32 pure>)
+928: setfield_gc(p78, p79, descr=<FieldP rpyeffect.stack.MetaStackLike.inst_stack 8 pure>)
+936: setfield_gc(p77, ConstPtr(ptr89), descr=<FieldP rpyeffect.stored_environment.Data__arb_arb.inst_tag 8>)
+988: jump(p70, p76, p0, p71, ConstPtr(null), 0, i74, i3, i4, i5, i6, i7, i8, i9, i10, i11, i12, i13, i14, i15, i16, p77, p78, p19, p20, p21, p22, p23, p24, p25, p26, p27, p28, p29, p30, p31, p32, descr=TargetToken(4966633888))
+1224: --end of the loop--
[372a7c72] jit-log-opt-bridge}
[390f42fc] {jit-log-opt-bridge
# bridge out of Guard 0x1180c4ee0 with 118 ops
[p0, i1, i2, i3, i4, i5, i6, i7, i8, i9, i10, i11, i12, i13, i14, i15, i16, p17, p18, p19, p20, p21, p22, p23, p24, p25, p26, p27, p28, p29, p30, p31, p32, p33, p34, p35, p36]
+264: guard_not_invalidated(descr=<Guard0x138416ac8>) [p0, i1, i2, i3, i4, i5, i6, i7, i8, i9, i10, i11, i12, i13, i14, i15, i16, p17, p18, p19, p20, p21, p22, p23, p24, p25, p26, p27, p28, p29, p30, p31, p32, p33, p34, p35, p36]
+268: guard_nonnull(p34, descr=<Guard0x140354920>) [p0, i1, i2, i3, i4, i5, i6, i7, i8, i9, i10, i11, i12, i13, i14, i15, i16, p17, p18, p19, p20, p21, p22, p23, p24, p25, p26, p27, p28, p29, p30, p31, p32, p33, p34, p35, p36]
+276: i37 = getfield_gc_i(p34, descr=<FieldS rpyeffect.stored_environment.Stack__arb_arb.inst_target 16 pure>)
+280: guard_value(i37, 225, descr=<Guard0x140354960>) [p0, i1, i2, i3, i4, i5, i6, i7, i8, i9, i10, i11, i12, i13, i14, i15, i16, p17, p18, p19, p20, p21, p22, p23, p24, p25, p26, p27, p28, p29, p30, p31, p32, p33, p34, p35, p36]
debug_merge_point(0, 0, '69<main.rpyeffect:59(Name(<_5))>+0: {"op": "New". "out": 0. "targets": [62. 64. 66. 68]. "args": {"num": [0]. "ptr": []}}')
debug_merge_point(0, 0, '69<main.rpyeffect:59(Name(<_5))>+1: {"op": "Return". "args": {"num": []. "ptr": [0]}}')
+292: i39 = getfield_gc_i(p34, descr=<FieldS rpyeffect.stored_environment.Stack__1_0.inst_values_num_0 40 pure>)
+296: p40 = getfield_gc_r(p34, descr=<FieldP rpyeffect.stored_environment.Stack__arb_arb.inst_tail 8 pure>)
debug_merge_point(0, 0, '225<main.rpyeffect:215([k@Name(choice_48)#543])>+0: {"op": "Const". "type": "num". "out": 1. "value": 1}')
debug_merge_point(0, 0, '225<main.rpyeffect:215([k@Name(choice_48)#543])>+1: {"op": "Push". "target": 224. "args": {"num": [0]. "ptr": []}}')
debug_merge_point(0, 0, '225<main.rpyeffect:215([k@Name(choice_48)#543])>+2: {"op": "Copy". "type": "num". "from": 1. "to". 0}')
debug_merge_point(0, 0, '225<main.rpyeffect:215([k@Name(choice_48)#543])>+3: {"op": "Invoke". "receiver": 0. "tag": Interned(%apply(n):n). "args" : {"num": [0]. "ptr": []}}')
debug_merge_point(0, 0, '62<main.rpyeffect:52([method_%apply(n):n@Name(<_5)#157])>+0: {"op": "Jump". "target": 60}')
debug_merge_point(0, 0, '60<main.rpyeffect:50([mcore:[#20]#153])>+0: {"op": "PrimOp". "name": "infixLt(Int. Int): Boolean". "out": {"num": [0]. "ptr": []}. "in": {"num": [1. 0]. "ptr": []}}')
+300: i42 = int_lt(i1, 1)
guard_false(i42, descr=<Guard0x1403549a0>) [p0, i1, i2, i3, i4, i5, i6, i7, i8, i9, i10, i11, i12, i13, i14, i15, i16, p17, p18, p19, p20, p21, p22, p23, p24, p25, p26, p27, p28, p29, p30, p31, p32, p33, p34, p35, p36]
debug_merge_point(0, 0, '60<main.rpyeffect:50([mcore:[#20]#153])>+1: {"op": "Return". "args": {"num": [0]. "ptr": []}}')
debug_merge_point(0, 0, '224<main.rpyeffect:214([k@[k@Name(choice_48)#543]#547])>+0: {"op": "Switch". "scrutinee": 0. "values": [1]. "targets": [212]. "default": 223}')
+308: guard_nonnull(p40, descr=<Guard0x1403549e0>) [p0, i1, i2, i3, i4, i5, i6, i7, i8, i9, i10, i11, i12, i13, i14, i15, i16, p17, p18, p19, p20, p21, p22, p23, p24, p25, p26, p27, p28, p29, p30, p31, p32, p33, p34, p35, p36]
+316: i43 = getfield_gc_i(p40, descr=<FieldS rpyeffect.stored_environment.Stack__arb_arb.inst_target 16 pure>)
+320: guard_value(i43, 231, descr=<Guard0x140354a20>) [p0, i1, i2, i3, i4, i5, i6, i7, i8, i9, i10, i11, i12, i13, i14, i15, i16, p17, p18, p19, p20, p21, p22, p23, p24, p25, p26, p27, p28, p29, p30, p31, p32, p33, p34, p35, p36]
debug_merge_point(0, 0, '223<main.rpyeffect:213([switch default case#561])>+0: {"op": "Swap". "type": "num". "a": 1. "b". 0}')
debug_merge_point(0, 0, '223<main.rpyeffect:213([switch default case#561])>+1: {"op": "Switch". "scrutinee": 1. "values": [0]. "targets": [221]. "default": 222}')
debug_merge_point(0, 0, '221<main.rpyeffect:211([switch case for 0#562])>+0: {"op": "Const". "type": "num". "out": 1. "value": 0}')
debug_merge_point(0, 0, '221<main.rpyeffect:211([switch case for 0#562])>+1: {"op": "Const". "type": "ptr". "out": 0. "format": "string". "value": "Name(Flip_0)"}')
debug_merge_point(0, 0, '221<main.rpyeffect:211([switch case for 0#562])>+2: {"op": "PrimOp". "name": "getGlobal(String): Ptr". "out": {"num": []. "ptr": [0]}. "in": {"num": []. "ptr": [0]}}')
debug_merge_point(0, 0, '221<main.rpyeffect:211([switch case for 0#562])>+3: {"op": "GetDynamic". "out": 0. "n": 1. "label": 0}')
+332: guard_nonnull(p36, descr=<Guard0x140354a60>) [p0, i1, i2, i3, i4, i5, i6, i7, i8, i9, i10, i11, i12, i13, i14, i15, i16, p17, p18, p19, p20, p21, p22, p23, p24, p25, p26, p27, p28, p29, p30, p31, p32, p33, p34, p35, p36]
+348: i46 = instance_ptr_eq(p33, ConstPtr(ptr45))
guard_true(i46, descr=<Guard0x140354aa0>) [p0, i1, i2, i3, i4, i5, i6, i7, i8, i9, i10, i11, i12, i13, i14, i15, i16, p17, p18, p19, p20, p21, p22, p23, p24, p25, p26, p27, p28, p29, p30, p31, p32, p33, p34, p35, p36]
debug_merge_point(0, 0, '221<main.rpyeffect:211([switch case for 0#562])>+4: {"op": "Construct". "out": 1. "type": Interned({"op": "eff$Tuple". "elements": []}). "tag": Interned({"op": "eff$Tuple". "elements": []}). "args": {"num": []. "ptr": []}}')
debug_merge_point(0, 0, '221<main.rpyeffect:211([switch case for 0#562])>+5: {"op": "Push". "target": 220. "args": {"num": [0]. "ptr": []}}')
debug_merge_point(0, 0, '221<main.rpyeffect:211([switch case for 0#562])>+6: {"op": "Swap". "type": "ptr". "a": 1. "b". 0}')
debug_merge_point(0, 0, '221<main.rpyeffect:211([switch case for 0#562])>+7: {"op": "Invoke". "receiver": 1. "tag": Interned(%Flip_0(p):n). "args" : {"num": []. "ptr": [0]}}')
+364: p47 = getfield_gc_r(p36, descr=<FieldP rpyeffect.stored_environment.CoData__arb_arb.inst_vtable 24 pure>)
+384: guard_value(p47, ConstPtr(ptr48), descr=<Guard0x140354ae0>) [p0, i1, i2, i3, i4, i5, i6, i7, i8, i9, i10, i11, i12, i13, i14, i15, i16, p17, p18, p19, p20, p21, p22, p23, p24, p25, p26, p27, p28, p29, p30, p31, p32, p33, p34, p35, p36]
+392: p49 = getfield_gc_r(p36, descr=<FieldP rpyeffect.stored_environment.CoData__0_1.inst_values_ptr_0 32 pure>)
debug_merge_point(0, 0, '296<main.rpyeffect:286([method_%Flip_0(p):n@[mcore:[#56]#774]#812])>+0: {"op": "Const". "type": "num". "out": 0. "value": 0}')
debug_merge_point(0, 0, '296<main.rpyeffect:286([method_%Flip_0(p):n@[mcore:[#56]#774]#812])>+1: {"op": "ShiftDyn". "out": 1. "n": 0. "label": 1}')
+396: i50 = instance_ptr_eq(p33, p49)
guard_false(i50, descr=<Guard0x140354b20>) [p0, i1, i2, i3, i4, i5, i6, i7, i8, i9, i10, i11, i12, i13, i14, i15, i16, p17, p18, p19, p20, p21, p22, p23, p24, p25, p26, p27, p28, p29, p30, p31, p32, p33, p34, p35, p36]
+404: p51 = getfield_gc_r(p35, descr=<FieldP rpyeffect.stack.MetaStack.inst_region 24 pure>)
+416: guard_isnull(p51, descr=<Guard0x140354b60>) [p0, i1, i2, i3, i4, i5, i6, i7, i8, i9, i10, i11, i12, i13, i14, i15, i16, p17, p18, p19, p20, p21, p22, p23, p24, p25, p26, p27, p28, p29, p30, p31, p32, p33, p34, p35, p36]
+424: p52 = getfield_gc_r(p35, descr=<FieldP rpyeffect.stack.MetaStack.inst_label 16 pure>)
+428: i53 = instance_ptr_eq(p52, p49)
guard_false(i53, descr=<Guard0x140354ba0>) [p0, i1, i2, i3, i4, i5, i6, i7, i8, i9, i10, i11, i12, i13, i14, i15, i16, p17, p18, p19, p20, p21, p22, p23, p24, p25, p26, p27, p28, p29, p30, p31, p32, p33, p34, p35, p36]
+436: p54 = getfield_gc_r(p35, descr=<FieldP rpyeffect.stack.MetaStack.inst_tail 32 pure>)
+444: p55 = getfield_gc_r(p54, descr=<FieldP rpyeffect.stack.MetaStack.inst_region 24 pure>)
+452: guard_isnull(p55, descr=<Guard0x140354be0>) [p0, i1, i2, i3, i4, i5, i6, i7, i8, i9, i10, i11, i12, i13, i14, i15, i16, p17, p18, p19, p20, p21, p22, p23, p24, p25, p26, p27, p28, p29, p30, p31, p32, p33, p34, p35, p36]
+460: p56 = getfield_gc_r(p54, descr=<FieldP rpyeffect.stack.MetaStack.inst_label 16 pure>)
+464: i57 = instance_ptr_eq(p56, p49)
guard_true(i57, descr=<Guard0x140354c20>) [p0, i1, i2, i3, i4, i5, i6, i7, i8, i9, i10, i11, i12, i13, i14, i15, i16, p17, p18, p19, p20, p21, p22, p23, p24, p25, p26, p27, p28, p29, p30, p31, p32, p33, p34, p35, p36]
+472: p58 = getfield_gc_r(p54, descr=<FieldP rpyeffect.stack.MetaStackLike.inst_stack 8 pure>)
+476: guard_class(p54, 4373753536, descr=<Guard0x140354c60>) [p0, i1, i2, i3, i4, i5, i6, i7, i8, i9, i10, i11, i12, i13, i14, i15, i16, p17, p18, p19, p20, p21, p22, p23, p24, p25, p26, p27, p28, p29, p30, p31, p32, p33, p34, p35, p36]
+492: p60 = getfield_gc_r(p54, descr=<FieldP rpyeffect.stack.MetaStack.inst_tail 32 pure>)
+496: p61 = getfield_gc_r(p35, descr=<FieldP rpyeffect.stack.MetaStackLike.inst_stack 8 pure>)
+504: guard_class(p35, ConstClass(MetaStackWithBinding), descr=<Guard0x140354ca0>) [p0, i1, i2, i3, i4, i5, i6, i7, i8, i9, i10, i11, i12, i13, i14, i15, i16, p17, p18, p19, p20, p21, p22, p23, p24, p25, p26, p27, p28, p29, p30, p31, p32, p33, p34, p35, p36]
+520: p63 = getfield_gc_r(p35, descr=<FieldP rpyeffect.stack.MetaStackWithBinding.inst_binding 40 pure>)
+528: guard_nonnull(p63, descr=<Guard0x140354ce0>) [p0, i1, i2, i3, i4, i5, i6, i7, i8, i9, i10, i11, i12, i13, i14, i15, i16, p17, p18, p19, p20, p21, p22, p23, p24, p25, p26, p27, p28, p29, p30, p31, p32, p33, p34, p35, p36]
+536: guard_nonnull_class(p60, 4373753536, descr=<Guard0x138416b20>) [p0, i1, i2, i3, i4, i5, i6, i7, i8, i9, i10, i11, i12, i13, i14, i15, i16, p17, p18, p19, p20, p21, p22, p23, p24, p25, p26, p27, p28, p29, p30, p31, p32, p33, p34, p35, p36]
+560: p65 = getfield_gc_r(p60, descr=<FieldP rpyeffect.stack.MetaStackLike.inst_stack 8 pure>)
+568: p66 = getfield_gc_r(p60, descr=<FieldP rpyeffect.stack.MetaStack.inst_label 16 pure>)
+576: p67 = getfield_gc_r(p60, descr=<FieldP rpyeffect.stack.MetaStack.inst_tail 32 pure>)
+580: guard_nonnull(p65, descr=<Guard0x140354d20>) [p0, i1, i2, i3, i4, i5, i6, i7, i8, i9, i10, i11, i12, i13, i14, i15, i16, p17, p18, p19, p20, p21, p22, p23, p24, p25, p26, p27, p28, p29, p30, p31, p32, p33, p34, p35, p36]
+588: i68 = getfield_gc_i(p65, descr=<FieldS rpyeffect.stored_environment.Stack__arb_arb.inst_target 16 pure>)
+596: guard_value(i68, 294, descr=<Guard0x140354d60>) [p0, i1, i2, i3, i4, i5, i6, i7, i8, i9, i10, i11, i12, i13, i14, i15, i16, p17, p18, p19, p20, p21, p22, p23, p24, p25, p26, p27, p28, p29, p30, p31, p32, p33, p34, p35, p36]
debug_merge_point(0, 0, '296<main.rpyeffect:286([method_%Flip_0(p):n@[mcore:[#56]#774]#812])>+2: {"op": "Swap". "type": "ptr". "a": 1. "b". 0}')
debug_merge_point(0, 0, '296<main.rpyeffect:286([method_%Flip_0(p):n@[mcore:[#56]#774]#812])>+3: {"op": "Match". "type": Interned({"op": "eff$Tuple". "elements": []}). "scrutinee": 1. "clauses": [{"tag": Interned({"op": "eff$Tuple". "elements": []}). "target": 295. "args": {"num": []. "ptr": []}}]. "default": {"tag": Interned(c1ad4e97-e16b-4180-ac28-d851f2c5f77a#[Missing Tag#1081]). "target": 289. "args": {"num": []. "ptr": []}}}')
debug_merge_point(0, 0, '295<main.rpyeffect:285([#823])>+0: {"op": "Const". "type": "num". "out": 0. "value": 1}')
debug_merge_point(0, 0, '295<main.rpyeffect:285([#823])>+1: {"op": "Push". "target": 294. "args": {"num": []. "ptr": [0]}}')
debug_merge_point(0, 0, '295<main.rpyeffect:285([#823])>+2: {"op": "Jump". "target": 277}')
debug_merge_point(0, 0, '277<main.rpyeffect:267(Name(k_145))>+0: {"op": "PushStack". "arg": 0}')
debug_merge_point(0, 0, '277<main.rpyeffect:267(Name(k_145))>+1: {"op": "Return". "args": {"num": [0]. "ptr": []}}')
debug_merge_point(0, 0, '220<main.rpyeffect:210([k@[switch case for 0#562]#572])>+0: {"op": "Swap". "type": "num". "a": 1. "b". 0}')
+608: p70 = new_with_vtable(descr=<SizeDescr 48>)
+720: p71 = new_with_vtable(descr=<SizeDescr 40>)
+732: setfield_gc(p71, p58, descr=<FieldP rpyeffect.stack.MetaStackLike.inst_stack 8 pure>)
+736: setfield_gc(p71, p56, descr=<FieldP rpyeffect.stack.MetaStack.inst_label 16 pure>)
+740: setfield_gc(p71, ConstPtr(null), descr=<FieldP rpyeffect.stack.MetaStack.inst_region 24 pure>)
+748: p73 = new_with_vtable(descr=<SizeDescr 40>)
+760: p74 = new_with_vtable(descr=<SizeDescr 48>)
+772: setfield_gc(p74, p65, descr=<FieldP rpyeffect.stored_environment.Stack__arb_arb.inst_tail 8 pure>)
+776: setfield_gc(p74, 294, descr=<FieldS rpyeffect.stored_environment.Stack__arb_arb.inst_target 16 pure>)
+784: p76 = new_with_vtable(descr=<SizeDescr 48>)
+796: p77 = new_with_vtable(descr=<SizeDescr 48>)
+812: setfield_gc(p77, p40, descr=<FieldP rpyeffect.stored_environment.Stack__arb_arb.inst_tail 8 pure>)
+816: setfield_gc(p77, 220, descr=<FieldS rpyeffect.stored_environment.Stack__arb_arb.inst_target 16 pure>)
+824: setfield_gc(p77, i39, descr=<FieldS rpyeffect.stored_environment.Stack__1_0.inst_values_num_0 40 pure>)
+828: setfield_gc(p76, p77, descr=<FieldP rpyeffect.stack.MetaStackLike.inst_stack 8 pure>)
+832: setfield_gc(p76, p33, descr=<FieldP rpyeffect.stack.MetaStack.inst_label 16 pure>)
+836: setfield_gc(p76, ConstPtr(null), descr=<FieldP rpyeffect.stack.MetaStack.inst_region 24 pure>)
+844: p80 = new_with_vtable(descr=<SizeDescr 48>)
+860: setfield_gc(p80, p61, descr=<FieldP rpyeffect.stack.MetaStackLike.inst_stack 8 pure>)
+864: setfield_gc(p80, p52, descr=<FieldP rpyeffect.stack.MetaStack.inst_label 16 pure>)
+868: setfield_gc(p80, ConstPtr(null), descr=<FieldP rpyeffect.stack.MetaStack.inst_region 24 pure>)
+876: p82 = new_with_vtable(descr=<SizeDescr 40>)
+892: setfield_gc(p82, p58, descr=<FieldP rpyeffect.stack.MetaStackLike.inst_stack 8 pure>)
+896: setfield_gc(p82, p56, descr=<FieldP rpyeffect.stack.MetaStack.inst_label 16 pure>)
+900: setfield_gc(p82, ConstPtr(null), descr=<FieldP rpyeffect.stack.MetaStack.inst_region 24 pure>)
+908: setfield_gc(p82, ConstPtr(null), descr=<FieldP rpyeffect.stack.MetaStack.inst_tail 32 pure>)
+916: setfield_gc(p80, p82, descr=<FieldP rpyeffect.stack.MetaStack.inst_tail 32 pure>)
+920: setfield_gc(p80, p63, descr=<FieldP rpyeffect.stack.MetaStackWithBinding.inst_binding 40 pure>)
+924: setfield_gc(p76, p80, descr=<FieldP rpyeffect.stack.MetaStack.inst_tail 32 pure>)
+928: setfield_gc(p76, p36, descr=<FieldP rpyeffect.stack.MetaStackWithBinding.inst_binding 40 pure>)
+932: setfield_gc(p74, p76, descr=<FieldP rpyeffect.stored_environment.Stack__0_1.inst_values_ptr_0 40 pure>)
+936: setfield_gc(p73, p74, descr=<FieldP rpyeffect.stack.MetaStackLike.inst_stack 8 pure>)
+940: setfield_gc(p73, p66, descr=<FieldP rpyeffect.stack.MetaStack.inst_label 16 pure>)
+944: setfield_gc(p73, ConstPtr(null), descr=<FieldP rpyeffect.stack.MetaStack.inst_region 24 pure>)
+952: setfield_gc(p73, p67, descr=<FieldP rpyeffect.stack.MetaStack.inst_tail 32 pure>)
+960: setfield_gc(p71, p73, descr=<FieldP rpyeffect.stack.MetaStack.inst_tail 32 pure>)
+964: p86 = new_with_vtable(descr=<SizeDescr 32>)
+976: setfield_gc(p70, ConstPtr(null), descr=<FieldP rpyeffect.stack.MetaStack.inst_region 24 pure>)
+988: setfield_gc(p70, p52, descr=<FieldP rpyeffect.stack.MetaStack.inst_label 16 pure>)
+992: setfield_gc(p70, p71, descr=<FieldP rpyeffect.stack.MetaStack.inst_tail 32 pure>)
+996: setfield_gc(p70, p61, descr=<FieldP rpyeffect.stack.MetaStackLike.inst_stack 8 pure>)
+1000: setfield_gc(p70, p63, descr=<FieldP rpyeffect.stack.MetaStackWithBinding.inst_binding 40 pure>)
+1008: setfield_gc(p86, ConstPtr(ptr88), descr=<FieldP rpyeffect.stored_environment.Data__arb_arb.inst_tag 8>)
+1060: jump(p33, p40, p0, p70, p36, 1, i39, i3, i4, i5, i6, i7, i8, i9, i10, i11, i12, i13, i14, i15, i16, p76, p86, p19, p20, p21, p22, p23, p24, p25, p26, p27, p28, p29, p30, p31, p32, descr=TargetToken(4966780624))
+1416: --end of the loop--
[3910ef88] jit-log-opt-bridge}
[3913a58b] {jit-summary
Tracing:      	17	0.011241
Backend:      	17	0.004225
TOTAL:      		0.951434
ops:             	46115
heapcached ops:  	5641
recorded ops:    	12621
  calls:         	6407
guards:          	1920
opt ops:         	2397
opt guards:      	473
opt guards shared:	404
forcings:        	0
abort: trace too long:	0
abort: compiling:	0
abort: vable escape:	0
abort: bad loop: 	0
abort: force quasi-immut:	0
abort: segmenting trace:	0
virtualizables forced:	0
nvirtuals:       	8
nvholes:         	0
nvreused:        	0
vecopt tried:    	0
vecopt success:  	0
Total # of loops:	7
Total # of bridges:	10
Freed # of loops:	0
Freed # of bridges:	0
[3913cc1e] jit-summary}
