[860b6e] {jit-log-opt-loop
# Loop 1 (222<main.rpyeffect:214([method_%apply(n):n@Name(loop_50)#581])>+3: {"op": "Jump", "target": 218}) : loop with 186 ops
[p0, p1, p2, p3, p4]
+264: p5 = getfield_gc_r(p2, descr=<FieldP rpyeffect.environment.Environment.inst_values_num 16>)
+272: i7 = getarrayitem_gc_i(p5, 0, descr=<ArrayS 8>)
+276: i9 = getarrayitem_gc_i(p5, 1, descr=<ArrayS 8>)
+280: i11 = getarrayitem_gc_i(p5, 2, descr=<ArrayS 8>)
+284: i13 = getarrayitem_gc_i(p5, 3, descr=<ArrayS 8>)
+288: i15 = getarrayitem_gc_i(p5, 4, descr=<ArrayS 8>)
+292: i17 = getarrayitem_gc_i(p5, 5, descr=<ArrayS 8>)
+296: i19 = getarrayitem_gc_i(p5, 6, descr=<ArrayS 8>)
+300: i21 = getarrayitem_gc_i(p5, 7, descr=<ArrayS 8>)
+304: i23 = getarrayitem_gc_i(p5, 8, descr=<ArrayS 8>)
+308: i25 = getarrayitem_gc_i(p5, 9, descr=<ArrayS 8>)
+312: i27 = getarrayitem_gc_i(p5, 10, descr=<ArrayS 8>)
+316: i29 = getarrayitem_gc_i(p5, 11, descr=<ArrayS 8>)
+320: i31 = getarrayitem_gc_i(p5, 12, descr=<ArrayS 8>)
+324: i33 = getarrayitem_gc_i(p5, 13, descr=<ArrayS 8>)
+328: i35 = getarrayitem_gc_i(p5, 14, descr=<ArrayS 8>)
+336: i37 = getarrayitem_gc_i(p5, 15, descr=<ArrayS 8>)
+340: p38 = getfield_gc_r(p2, descr=<FieldP rpyeffect.environment.Environment.inst_values_ptr 24>)
+344: p40 = getarrayitem_gc_r(p38, 0, descr=<ArrayP 8>)
+352: p42 = getarrayitem_gc_r(p38, 1, descr=<ArrayP 8>)
+360: p44 = getarrayitem_gc_r(p38, 2, descr=<ArrayP 8>)
+368: p46 = getarrayitem_gc_r(p38, 3, descr=<ArrayP 8>)
+376: p48 = getarrayitem_gc_r(p38, 4, descr=<ArrayP 8>)
+384: p50 = getarrayitem_gc_r(p38, 5, descr=<ArrayP 8>)
+392: p52 = getarrayitem_gc_r(p38, 6, descr=<ArrayP 8>)
+400: p54 = getarrayitem_gc_r(p38, 7, descr=<ArrayP 8>)
+408: p56 = getarrayitem_gc_r(p38, 8, descr=<ArrayP 8>)
+416: p58 = getarrayitem_gc_r(p38, 9, descr=<ArrayP 8>)
+424: p60 = getarrayitem_gc_r(p38, 10, descr=<ArrayP 8>)
+432: p62 = getarrayitem_gc_r(p38, 11, descr=<ArrayP 8>)
+440: p64 = getarrayitem_gc_r(p38, 12, descr=<ArrayP 8>)
+448: p66 = getarrayitem_gc_r(p38, 13, descr=<ArrayP 8>)
+456: p68 = getarrayitem_gc_r(p38, 14, descr=<ArrayP 8>)
+464: p70 = getarrayitem_gc_r(p38, 15, descr=<ArrayP 8>)
+468: label(p0, p1, p2, p3, p4, i7, i9, i11, i13, i15, i17, i19, i21, i23, i25, i27, i29, i31, i33, i35, i37, p40, p42, p44, p46, p48, p50, p52, p54, p56, p58, p60, p62, p64, p66, p68, p70, descr=TargetToken(5104392000))
debug_merge_point(0, 0, '222<main.rpyeffect:214([method_%apply(n):n@Name(loop_50)#581])>+3: {"op": "Jump". "target": 218}')
+528: guard_not_invalidated(descr=<Guard0x1303e7f10>) [p2, i7, i9, i11, i13, i15, i17, i19, i21, i23, i25, i27, i29, i31, i33, i35, i37, p40, p42, p44, p46, p48, p50, p52, p54, p56, p58, p60, p62, p64, p66, p68, p70, p0, p1, p3, p4]
+532: guard_nonnull(p1, descr=<Guard0x1303f2ee0>) [p2, i7, i9, i11, i13, i15, i17, i19, i21, i23, i25, i27, i29, i31, i33, i35, i37, p40, p42, p44, p46, p48, p50, p52, p54, p56, p58, p60, p62, p64, p66, p68, p70, p0, p1, p3, p4]
+544: i71 = getfield_gc_i(p1, descr=<FieldS rpyeffect.stored_environment.Stack__arb_arb.inst_target 16 pure>)
+552: guard_value(i71, 221, descr=<Guard0x1303f2f20>) [p2, i7, i9, i11, i13, i15, i17, i19, i21, i23, i25, i27, i29, i31, i33, i35, i37, p40, p42, p44, p46, p48, p50, p52, p54, p56, p58, p60, p62, p64, p66, p68, p70, p0, p1, p3, p4]
debug_merge_point(0, 0, '218<main.rpyeffect:210([mcore:[#31]#533])>+0: {"op": "Push". "target": 217. "args": {"num": [0. 1]. "ptr": []}}')
debug_merge_point(0, 0, '218<main.rpyeffect:210([mcore:[#31]#533])>+1: {"op": "Copy". "type": "num". "from": 1. "to". 0}')
debug_merge_point(0, 0, '218<main.rpyeffect:210([mcore:[#31]#533])>+2: {"op": "Jump". "target": 17}')
debug_merge_point(0, 0, '17<main.rpyeffect:9(Name(=_0))>+0: {"op": "New". "out": 0. "targets": [10. 12. 14. 16]. "args": {"num": [0]. "ptr": []}}')
debug_merge_point(0, 0, '17<main.rpyeffect:9(Name(=_0))>+1: {"op": "Return". "args": {"num": []. "ptr": [0]}}')
debug_merge_point(0, 0, '217<main.rpyeffect:209([k@[mcore:[#31]#533]#535])>+0: {"op": "Const". "type": "num". "out": 2. "value": 0}')
debug_merge_point(0, 0, '217<main.rpyeffect:209([k@[mcore:[#31]#533]#535])>+1: {"op": "Push". "target": 216. "args": {"num": [0. 1]. "ptr": []}}')
debug_merge_point(0, 0, '217<main.rpyeffect:209([k@[mcore:[#31]#533]#535])>+2: {"op": "Copy". "type": "num". "from": 2. "to". 0}')
debug_merge_point(0, 0, '217<main.rpyeffect:209([k@[mcore:[#31]#533]#535])>+3: {"op": "Invoke". "receiver": 0. "tag": Interned(%apply(n):n). "args" : {"num": [0]. "ptr": []}}')
debug_merge_point(0, 0, '10<main.rpyeffect:2([method_%apply(n):n@Name(=_0)#7])>+0: {"op": "Jump". "target": 8}')
debug_merge_point(0, 0, '8<main.rpyeffect:0([mcore:[#9]#3])>+0: {"op": "PrimOp". "name": "infixEq(Int. Int): Boolean". "out": {"num": [0]. "ptr": []}. "in": {"num": [1. 0]. "ptr": []}}')
+564: i74 = int_eq(i9, 0)
guard_false(i74, descr=<Guard0x1303f2f60>) [p2, i7, i9, i11, i13, i15, i17, i19, i21, i23, i25, i27, i29, i31, i33, i35, i37, p40, p42, p44, p46, p48, p50, p52, p54, p56, p58, p60, p62, p64, p66, p68, p70, p0, p1, p3, p4]
debug_merge_point(0, 0, '8<main.rpyeffect:0([mcore:[#9]#3])>+1: {"op": "Return". "args": {"num": [0]. "ptr": []}}')
debug_merge_point(0, 0, '216<main.rpyeffect:208([k@[k@[mcore:[#31]#533]#535]#539])>+0: {"op": "Switch". "scrutinee": 0. "values": [1]. "targets": [207]. "default": 215}')
debug_merge_point(0, 0, '215<main.rpyeffect:207([switch default case#543])>+0: {"op": "Swap". "type": "num". "a": 2. "b". 0}')
debug_merge_point(0, 0, '215<main.rpyeffect:207([switch default case#543])>+1: {"op": "Swap". "type": "num". "a": 1. "b". 0}')
debug_merge_point(0, 0, '215<main.rpyeffect:207([switch default case#543])>+2: {"op": "Switch". "scrutinee": 2. "values": [0]. "targets": [213]. "default": 214}')
debug_merge_point(0, 0, '213<main.rpyeffect:205([switch case for 0#544])>+0: {"op": "Const". "type": "num". "out": 2. "value": 0}')
debug_merge_point(0, 0, '213<main.rpyeffect:205([switch case for 0#544])>+1: {"op": "Const". "type": "ptr". "out": 0. "format": "string". "value": "Name(Operator_0)"}')
debug_merge_point(0, 0, '213<main.rpyeffect:205([switch case for 0#544])>+2: {"op": "PrimOp". "name": "getGlobal(String): Ptr". "out": {"num": []. "ptr": [0]}. "in": {"num": []. "ptr": [0]}}')
debug_merge_point(0, 0, '213<main.rpyeffect:205([switch case for 0#544])>+3: {"op": "GetDynamic". "out": 0. "n": 2. "label": 0}')
+572: guard_nonnull(p4, descr=<Guard0x1303f2fa0>) [p2, i7, i9, i11, i13, i15, i17, i19, i21, i23, i25, i27, i29, i31, i33, i35, i37, p40, p42, p44, p46, p48, p50, p52, p54, p56, p58, p60, p62, p64, p66, p68, p70, p0, p1, p3, p4]
+588: i76 = instance_ptr_eq(p0, ConstPtr(ptr75))
guard_true(i76, descr=<Guard0x1303f2fe0>) [p2, i7, i9, i11, i13, i15, i17, i19, i21, i23, i25, i27, i29, i31, i33, i35, i37, p40, p42, p44, p46, p48, p50, p52, p54, p56, p58, p60, p62, p64, p66, p68, p70, p0, p1, p3, p4]
debug_merge_point(0, 0, '213<main.rpyeffect:205([switch case for 0#544])>+4: {"op": "Push". "target": 212. "args": {"num": [0. 1]. "ptr": []}}')
debug_merge_point(0, 0, '213<main.rpyeffect:205([switch case for 0#544])>+5: {"op": "Copy". "type": "num". "from": 1. "to". 0}')
debug_merge_point(0, 0, '213<main.rpyeffect:205([switch case for 0#544])>+6: {"op": "Invoke". "receiver": 0. "tag": Interned(%Operator_0(n):p). "args" : {"num": [0]. "ptr": []}}')
+600: p77 = getfield_gc_r(p4, descr=<FieldP rpyeffect.stored_environment.CoData__arb_arb.inst_vtable 24 pure>)
+612: guard_value(p77, ConstPtr(ptr78), descr=<Guard0x1303f3020>) [p2, i7, i9, i11, i13, i15, i17, i19, i21, i23, i25, i27, i29, i31, i33, i35, i37, p40, p42, p44, p46, p48, p50, p52, p54, p56, p58, p60, p62, p64, p66, p68, p70, p0, p1, p3, p4]
debug_merge_point(0, 0, '239<main.rpyeffect:231([#608])>+0: {"op": "Const". "type": "num". "out": 1. "value": 0}')
debug_merge_point(0, 0, '239<main.rpyeffect:231([#608])>+1: {"op": "Const". "type": "ptr". "out": 0. "format": "string". "value": "Name(Operator_0)"}')
debug_merge_point(0, 0, '239<main.rpyeffect:231([#608])>+2: {"op": "PrimOp". "name": "getGlobal(String): Ptr". "out": {"num": []. "ptr": [0]}. "in": {"num": []. "ptr": [0]}}')
debug_merge_point(0, 0, '239<main.rpyeffect:231([#608])>+3: {"op": "ShiftDyn". "out": 0. "n": 1. "label": 0}')
+620: guard_nonnull_class(p3, 4372295360, descr=<Guard0x1303e7f68>) [p2, i7, i9, i11, i13, i15, i17, i19, i21, i23, i25, i27, i29, i31, i33, i35, i37, p40, p42, p44, p46, p48, p50, p52, p54, p56, p58, p60, p62, p64, p66, p68, p70, p0, p1, p3, p4]
+648: p80 = getfield_gc_r(p3, descr=<FieldP rpyeffect.stack.MetaStackLike.inst_stack 8 pure>)
+652: p81 = getfield_gc_r(p3, descr=<FieldP rpyeffect.stack.MetaStack.inst_label 16 pure>)
+656: p82 = getfield_gc_r(p3, descr=<FieldP rpyeffect.stack.MetaStack.inst_tail 32 pure>)
+660: guard_nonnull(p80, descr=<Guard0x1303f3060>) [p2, i7, i9, i11, i13, i15, i17, i19, i21, i23, i25, i27, i29, i31, i33, i35, i37, p40, p42, p44, p46, p48, p50, p52, p54, p56, p58, p60, p62, p64, p66, p68, p70, p0, p1, p3, p4]
+668: i83 = getfield_gc_i(p80, descr=<FieldS rpyeffect.stored_environment.Stack__arb_arb.inst_target 16 pure>)
+672: guard_value(i83, 238, descr=<Guard0x1303f30a0>) [p2, i7, i9, i11, i13, i15, i17, i19, i21, i23, i25, i27, i29, i31, i33, i35, i37, p40, p42, p44, p46, p48, p50, p52, p54, p56, p58, p60, p62, p64, p66, p68, p70, p0, p1, p3, p4]
debug_merge_point(0, 0, '239<main.rpyeffect:231([#608])>+4: {"op": "Construct". "out": 1. "type": Interned({"op": "eff$Tuple". "elements": []}). "tag": Interned({"op": "eff$Tuple". "elements": []}). "args": {"num": []. "ptr": []}}')
debug_merge_point(0, 0, '239<main.rpyeffect:231([#608])>+5: {"op": "Push". "target": 238. "args": {"num": [0]. "ptr": []}}')
debug_merge_point(0, 0, '239<main.rpyeffect:231([#608])>+6: {"op": "Swap". "type": "ptr". "a": 1. "b". 0}')
debug_merge_point(0, 0, '239<main.rpyeffect:231([#608])>+7: {"op": "Jump". "target": 228}')
debug_merge_point(0, 0, '228<main.rpyeffect:220(Name(k_146))>+0: {"op": "PushStack". "arg": 1}')
debug_merge_point(0, 0, '228<main.rpyeffect:220(Name(k_146))>+1: {"op": "Return". "args": {"num": []. "ptr": [0]}}')
debug_merge_point(0, 0, '212<main.rpyeffect:204([k@[switch case for 0#544]#552])>+0: {"op": "Push". "target": 211. "args": {"num": [0]. "ptr": []}}')
debug_merge_point(0, 0, '212<main.rpyeffect:204([k@[switch case for 0#544]#552])>+1: {"op": "Copy". "type": "num". "from": 1. "to". 0}')
debug_merge_point(0, 0, '212<main.rpyeffect:204([k@[switch case for 0#544]#552])>+2: {"op": "Jump". "target": 186}')
debug_merge_point(0, 0, '186<main.rpyeffect:178(Name(-_34))>+0: {"op": "New". "out": 0. "targets": [179. 181. 183. 185]. "args": {"num": [0]. "ptr": []}}')
debug_merge_point(0, 0, '186<main.rpyeffect:178(Name(-_34))>+1: {"op": "Return". "args": {"num": []. "ptr": [0]}}')
debug_merge_point(0, 0, '211<main.rpyeffect:203([k@[k@[switch case for 0#544]#552]#554])>+0: {"op": "Const". "type": "num". "out": 1. "value": 1}')
debug_merge_point(0, 0, '211<main.rpyeffect:203([k@[k@[switch case for 0#544]#552]#554])>+1: {"op": "Push". "target": 210. "args": {"num": [0]. "ptr": []}}')
debug_merge_point(0, 0, '211<main.rpyeffect:203([k@[k@[switch case for 0#544]#552]#554])>+2: {"op": "Copy". "type": "num". "from": 1. "to". 0}')
debug_merge_point(0, 0, '211<main.rpyeffect:203([k@[k@[switch case for 0#544]#552]#554])>+3: {"op": "Invoke". "receiver": 0. "tag": Interned(%apply(n):n). "args" : {"num": [0]. "ptr": []}}')
debug_merge_point(0, 0, '179<main.rpyeffect:171([method_%apply(n):n@Name(-_34)#469])>+0: {"op": "Jump". "target": 177}')
debug_merge_point(0, 0, '177<main.rpyeffect:169([mcore:[#24]#465])>+0: {"op": "PrimOp". "name": "infixSub(Int. Int): Int". "out": {"num": [0]. "ptr": []}. "in": {"num": [1. 0]. "ptr": []}}')
+684: i86 = int_sub(i9, 1)
debug_merge_point(0, 0, '177<main.rpyeffect:169([mcore:[#24]#465])>+1: {"op": "Return". "args": {"num": [0]. "ptr": []}}')
debug_merge_point(0, 0, '210<main.rpyeffect:202([#558])>+0: {"op": "Const". "type": "ptr". "out": 0. "format": "string". "value": "Name(Operator_0)"}')
debug_merge_point(0, 0, '210<main.rpyeffect:202([#558])>+1: {"op": "PrimOp". "name": "getGlobal(String): Ptr". "out": {"num": []. "ptr": [0]}. "in": {"num": []. "ptr": [0]}}')
debug_merge_point(0, 0, '210<main.rpyeffect:202([#558])>+2: {"op": "Push". "target": 209. "args": {"num": [1]. "ptr": []}}')
debug_merge_point(0, 0, '210<main.rpyeffect:202([#558])>+3: {"op": "Jump". "target": 227}')
debug_merge_point(0, 0, '227<main.rpyeffect:219(Name(loop_50))>+0: {"op": "New". "out": 0. "targets": [220. 222. 224. 226]. "args": {"num": [0]. "ptr": []}}')
debug_merge_point(0, 0, '227<main.rpyeffect:219(Name(loop_50))>+1: {"op": "Return". "args": {"num": []. "ptr": [0]}}')
debug_merge_point(0, 0, '209<main.rpyeffect:201([k@[#558]#563])>+0: {"op": "Push". "target": 208. "args": {"num": []. "ptr": []}}')
debug_merge_point(0, 0, '209<main.rpyeffect:201([k@[#558]#563])>+1: {"op": "Invoke". "receiver": 0. "tag": Interned(%apply(n):n). "args" : {"num": [0]. "ptr": []}}')
debug_merge_point(0, 0, '222<main.rpyeffect:214([method_%apply(n):n@Name(loop_50)#581])>+0: {"op": "Const". "type": "ptr". "out": 0. "format": "string". "value": "Name(Operator_0)"}')
debug_merge_point(0, 0, '222<main.rpyeffect:214([method_%apply(n):n@Name(loop_50)#581])>+1: {"op": "PrimOp". "name": "getGlobal(String): Ptr". "out": {"num": []. "ptr": [0]}. "in": {"num": []. "ptr": [0]}}')
debug_merge_point(0, 0, '222<main.rpyeffect:214([method_%apply(n):n@Name(loop_50)#581])>+2: {"op": "Push". "target": 221. "args": {"num": []. "ptr": []}}')
debug_merge_point(0, 0, '222<main.rpyeffect:214([method_%apply(n):n@Name(loop_50)#581])>+3: {"op": "Jump". "target": 218}')
+688: label(p0, p1, p2, p80, i9, p81, p82, p4, i7, i86, i13, i15, i17, i19, i21, i23, i25, i27, i29, i31, i33, i35, i37, p44, p46, p48, p50, p52, p54, p56, p58, p60, p62, p64, p66, p68, p70, descr=TargetToken(5104392080))
debug_merge_point(0, 0, '222<main.rpyeffect:214([method_%apply(n):n@Name(loop_50)#581])>+3: {"op": "Jump". "target": 218}')
+696: guard_not_invalidated(descr=<Guard0x13043a020>) [p2, i7, i86, i13, i15, i17, i19, i21, i23, i25, i27, i29, i31, i33, i35, i37, p44, p46, p48, p50, p52, p54, p56, p58, p60, p62, p64, p66, p68, p70, p0, p4, p80, p82, p81, i9, p1]
debug_merge_point(0, 0, '218<main.rpyeffect:210([mcore:[#31]#533])>+0: {"op": "Push". "target": 217. "args": {"num": [0. 1]. "ptr": []}}')
debug_merge_point(0, 0, '218<main.rpyeffect:210([mcore:[#31]#533])>+1: {"op": "Copy". "type": "num". "from": 1. "to". 0}')
debug_merge_point(0, 0, '218<main.rpyeffect:210([mcore:[#31]#533])>+2: {"op": "Jump". "target": 17}')
debug_merge_point(0, 0, '17<main.rpyeffect:9(Name(=_0))>+0: {"op": "New". "out": 0. "targets": [10. 12. 14. 16]. "args": {"num": [0]. "ptr": []}}')
debug_merge_point(0, 0, '17<main.rpyeffect:9(Name(=_0))>+1: {"op": "Return". "args": {"num": []. "ptr": [0]}}')
debug_merge_point(0, 0, '217<main.rpyeffect:209([k@[mcore:[#31]#533]#535])>+0: {"op": "Const". "type": "num". "out": 2. "value": 0}')
debug_merge_point(0, 0, '217<main.rpyeffect:209([k@[mcore:[#31]#533]#535])>+1: {"op": "Push". "target": 216. "args": {"num": [0. 1]. "ptr": []}}')
debug_merge_point(0, 0, '217<main.rpyeffect:209([k@[mcore:[#31]#533]#535])>+2: {"op": "Copy". "type": "num". "from": 2. "to". 0}')
debug_merge_point(0, 0, '217<main.rpyeffect:209([k@[mcore:[#31]#533]#535])>+3: {"op": "Invoke". "receiver": 0. "tag": Interned(%apply(n):n). "args" : {"num": [0]. "ptr": []}}')
debug_merge_point(0, 0, '10<main.rpyeffect:2([method_%apply(n):n@Name(=_0)#7])>+0: {"op": "Jump". "target": 8}')
debug_merge_point(0, 0, '8<main.rpyeffect:0([mcore:[#9]#3])>+0: {"op": "PrimOp". "name": "infixEq(Int. Int): Boolean". "out": {"num": [0]. "ptr": []}. "in": {"num": [1. 0]. "ptr": []}}')
+700: i88 = int_eq(i86, 0)
guard_false(i88, descr=<Guard0x1303f30e0>) [p2, i7, i86, i13, i15, i17, i19, i21, i23, i25, i27, i29, i31, i33, i35, i37, p44, p46, p48, p50, p52, p54, p56, p58, p60, p62, p64, p66, p68, p70, p0, p4, p80, p82, p81, i9, p1]
debug_merge_point(0, 0, '8<main.rpyeffect:0([mcore:[#9]#3])>+1: {"op": "Return". "args": {"num": [0]. "ptr": []}}')
debug_merge_point(0, 0, '216<main.rpyeffect:208([k@[k@[mcore:[#31]#533]#535]#539])>+0: {"op": "Switch". "scrutinee": 0. "values": [1]. "targets": [207]. "default": 215}')
debug_merge_point(0, 0, '215<main.rpyeffect:207([switch default case#543])>+0: {"op": "Swap". "type": "num". "a": 2. "b". 0}')
debug_merge_point(0, 0, '215<main.rpyeffect:207([switch default case#543])>+1: {"op": "Swap". "type": "num". "a": 1. "b". 0}')
debug_merge_point(0, 0, '215<main.rpyeffect:207([switch default case#543])>+2: {"op": "Switch". "scrutinee": 2. "values": [0]. "targets": [213]. "default": 214}')
debug_merge_point(0, 0, '213<main.rpyeffect:205([switch case for 0#544])>+0: {"op": "Const". "type": "num". "out": 2. "value": 0}')
debug_merge_point(0, 0, '213<main.rpyeffect:205([switch case for 0#544])>+1: {"op": "Const". "type": "ptr". "out": 0. "format": "string". "value": "Name(Operator_0)"}')
debug_merge_point(0, 0, '213<main.rpyeffect:205([switch case for 0#544])>+2: {"op": "PrimOp". "name": "getGlobal(String): Ptr". "out": {"num": []. "ptr": [0]}. "in": {"num": []. "ptr": [0]}}')
debug_merge_point(0, 0, '213<main.rpyeffect:205([switch case for 0#544])>+3: {"op": "GetDynamic". "out": 0. "n": 2. "label": 0}')
debug_merge_point(0, 0, '213<main.rpyeffect:205([switch case for 0#544])>+4: {"op": "Push". "target": 212. "args": {"num": [0. 1]. "ptr": []}}')
debug_merge_point(0, 0, '213<main.rpyeffect:205([switch case for 0#544])>+5: {"op": "Copy". "type": "num". "from": 1. "to". 0}')
debug_merge_point(0, 0, '213<main.rpyeffect:205([switch case for 0#544])>+6: {"op": "Invoke". "receiver": 0. "tag": Interned(%Operator_0(n):p). "args" : {"num": [0]. "ptr": []}}')
debug_merge_point(0, 0, '239<main.rpyeffect:231([#608])>+0: {"op": "Const". "type": "num". "out": 1. "value": 0}')
debug_merge_point(0, 0, '239<main.rpyeffect:231([#608])>+1: {"op": "Const". "type": "ptr". "out": 0. "format": "string". "value": "Name(Operator_0)"}')
debug_merge_point(0, 0, '239<main.rpyeffect:231([#608])>+2: {"op": "PrimOp". "name": "getGlobal(String): Ptr". "out": {"num": []. "ptr": [0]}. "in": {"num": []. "ptr": [0]}}')
debug_merge_point(0, 0, '239<main.rpyeffect:231([#608])>+3: {"op": "ShiftDyn". "out": 0. "n": 1. "label": 0}')
debug_merge_point(0, 0, '239<main.rpyeffect:231([#608])>+4: {"op": "Construct". "out": 1. "type": Interned({"op": "eff$Tuple". "elements": []}). "tag": Interned({"op": "eff$Tuple". "elements": []}). "args": {"num": []. "ptr": []}}')
debug_merge_point(0, 0, '239<main.rpyeffect:231([#608])>+5: {"op": "Push". "target": 238. "args": {"num": [0]. "ptr": []}}')
debug_merge_point(0, 0, '239<main.rpyeffect:231([#608])>+6: {"op": "Swap". "type": "ptr". "a": 1. "b". 0}')
debug_merge_point(0, 0, '239<main.rpyeffect:231([#608])>+7: {"op": "Jump". "target": 228}')
debug_merge_point(0, 0, '228<main.rpyeffect:220(Name(k_146))>+0: {"op": "PushStack". "arg": 1}')
debug_merge_point(0, 0, '228<main.rpyeffect:220(Name(k_146))>+1: {"op": "Return". "args": {"num": []. "ptr": [0]}}')
debug_merge_point(0, 0, '212<main.rpyeffect:204([k@[switch case for 0#544]#552])>+0: {"op": "Push". "target": 211. "args": {"num": [0]. "ptr": []}}')
debug_merge_point(0, 0, '212<main.rpyeffect:204([k@[switch case for 0#544]#552])>+1: {"op": "Copy". "type": "num". "from": 1. "to". 0}')
debug_merge_point(0, 0, '212<main.rpyeffect:204([k@[switch case for 0#544]#552])>+2: {"op": "Jump". "target": 186}')
debug_merge_point(0, 0, '186<main.rpyeffect:178(Name(-_34))>+0: {"op": "New". "out": 0. "targets": [179. 181. 183. 185]. "args": {"num": [0]. "ptr": []}}')
debug_merge_point(0, 0, '186<main.rpyeffect:178(Name(-_34))>+1: {"op": "Return". "args": {"num": []. "ptr": [0]}}')
debug_merge_point(0, 0, '211<main.rpyeffect:203([k@[k@[switch case for 0#544]#552]#554])>+0: {"op": "Const". "type": "num". "out": 1. "value": 1}')
debug_merge_point(0, 0, '211<main.rpyeffect:203([k@[k@[switch case for 0#544]#552]#554])>+1: {"op": "Push". "target": 210. "args": {"num": [0]. "ptr": []}}')
debug_merge_point(0, 0, '211<main.rpyeffect:203([k@[k@[switch case for 0#544]#552]#554])>+2: {"op": "Copy". "type": "num". "from": 1. "to". 0}')
debug_merge_point(0, 0, '211<main.rpyeffect:203([k@[k@[switch case for 0#544]#552]#554])>+3: {"op": "Invoke". "receiver": 0. "tag": Interned(%apply(n):n). "args" : {"num": [0]. "ptr": []}}')
debug_merge_point(0, 0, '179<main.rpyeffect:171([method_%apply(n):n@Name(-_34)#469])>+0: {"op": "Jump". "target": 177}')
debug_merge_point(0, 0, '177<main.rpyeffect:169([mcore:[#24]#465])>+0: {"op": "PrimOp". "name": "infixSub(Int. Int): Int". "out": {"num": [0]. "ptr": []}. "in": {"num": [1. 0]. "ptr": []}}')
+708: i90 = int_sub(i86, 1)
debug_merge_point(0, 0, '177<main.rpyeffect:169([mcore:[#24]#465])>+1: {"op": "Return". "args": {"num": [0]. "ptr": []}}')
debug_merge_point(0, 0, '210<main.rpyeffect:202([#558])>+0: {"op": "Const". "type": "ptr". "out": 0. "format": "string". "value": "Name(Operator_0)"}')
debug_merge_point(0, 0, '210<main.rpyeffect:202([#558])>+1: {"op": "PrimOp". "name": "getGlobal(String): Ptr". "out": {"num": []. "ptr": [0]}. "in": {"num": []. "ptr": [0]}}')
debug_merge_point(0, 0, '210<main.rpyeffect:202([#558])>+2: {"op": "Push". "target": 209. "args": {"num": [1]. "ptr": []}}')
debug_merge_point(0, 0, '210<main.rpyeffect:202([#558])>+3: {"op": "Jump". "target": 227}')
debug_merge_point(0, 0, '227<main.rpyeffect:219(Name(loop_50))>+0: {"op": "New". "out": 0. "targets": [220. 222. 224. 226]. "args": {"num": [0]. "ptr": []}}')
debug_merge_point(0, 0, '227<main.rpyeffect:219(Name(loop_50))>+1: {"op": "Return". "args": {"num": []. "ptr": [0]}}')
debug_merge_point(0, 0, '209<main.rpyeffect:201([k@[#558]#563])>+0: {"op": "Push". "target": 208. "args": {"num": []. "ptr": []}}')
debug_merge_point(0, 0, '209<main.rpyeffect:201([k@[#558]#563])>+1: {"op": "Invoke". "receiver": 0. "tag": Interned(%apply(n):n). "args" : {"num": [0]. "ptr": []}}')
debug_merge_point(0, 0, '222<main.rpyeffect:214([method_%apply(n):n@Name(loop_50)#581])>+0: {"op": "Const". "type": "ptr". "out": 0. "format": "string". "value": "Name(Operator_0)"}')
debug_merge_point(0, 0, '222<main.rpyeffect:214([method_%apply(n):n@Name(loop_50)#581])>+1: {"op": "PrimOp". "name": "getGlobal(String): Ptr". "out": {"num": []. "ptr": [0]}. "in": {"num": []. "ptr": [0]}}')
debug_merge_point(0, 0, '222<main.rpyeffect:214([method_%apply(n):n@Name(loop_50)#581])>+2: {"op": "Push". "target": 221. "args": {"num": []. "ptr": []}}')
debug_merge_point(0, 0, '222<main.rpyeffect:214([method_%apply(n):n@Name(loop_50)#581])>+3: {"op": "Jump". "target": 218}')
+712: p91 = new_with_vtable(descr=<SizeDescr 40>)
+824: p92 = new_with_vtable(descr=<SizeDescr 40>)
+836: setfield_gc(p92, p1, descr=<FieldP rpyeffect.stored_environment.Stack__arb_arb.inst_tail 8 pure>)
+840: setfield_gc(p92, 208, descr=<FieldS rpyeffect.stored_environment.Stack__arb_arb.inst_target 16 pure>)
+848: p94 = new_with_vtable(descr=<SizeDescr 48>)
+860: setfield_gc(p91, p92, descr=<FieldP rpyeffect.stored_environment.Stack__arb_arb.inst_tail 8 pure>)
+864: setfield_gc(p91, 221, descr=<FieldS rpyeffect.stored_environment.Stack__arb_arb.inst_target 16 pure>)
+872: setfield_gc(p94, 238, descr=<FieldS rpyeffect.stored_environment.Stack__arb_arb.inst_target 16 pure>)
+880: setfield_gc(p94, p80, descr=<FieldP rpyeffect.stored_environment.Stack__arb_arb.inst_tail 8 pure>)
+884: setfield_gc(p94, i9, descr=<FieldS rpyeffect.stored_environment.Stack__1_0.inst_values_num_0 40 pure>)
+936: jump(p0, p91, p2, p94, i86, p81, p82, p4, i7, i90, i13, i15, i17, i19, i21, i23, i25, i27, i29, i31, i33, i35, i37, p44, p46, p48, p50, p52, p54, p56, p58, p60, p62, p64, p66, p68, p70, descr=TargetToken(5104392080))
+952: --end of the loop--
[8933dc] jit-log-opt-loop}
[94857c] {jit-log-opt-loop
# Loop 2 (208<main.rpyeffect:200([k@[k@[#558]#563]#565])>+0: {"op": "PrimOp", "name": "box(Num): Ptr", "out": {"num": [], "ptr": [0]}, "in": {"num": [0], "ptr": []}}) : loop with 68 ops
[p0, p1, p2, p3, p4]
+248: p5 = getfield_gc_r(p2, descr=<FieldP rpyeffect.environment.Environment.inst_values_num 16>)
+256: i7 = getarrayitem_gc_i(p5, 0, descr=<ArrayS 8>)
+260: i9 = getarrayitem_gc_i(p5, 1, descr=<ArrayS 8>)
+264: i11 = getarrayitem_gc_i(p5, 2, descr=<ArrayS 8>)
+268: i13 = getarrayitem_gc_i(p5, 3, descr=<ArrayS 8>)
+272: i15 = getarrayitem_gc_i(p5, 4, descr=<ArrayS 8>)
+276: i17 = getarrayitem_gc_i(p5, 5, descr=<ArrayS 8>)
+280: i19 = getarrayitem_gc_i(p5, 6, descr=<ArrayS 8>)
+284: i21 = getarrayitem_gc_i(p5, 7, descr=<ArrayS 8>)
+288: i23 = getarrayitem_gc_i(p5, 8, descr=<ArrayS 8>)
+292: i25 = getarrayitem_gc_i(p5, 9, descr=<ArrayS 8>)
+296: i27 = getarrayitem_gc_i(p5, 10, descr=<ArrayS 8>)
+300: i29 = getarrayitem_gc_i(p5, 11, descr=<ArrayS 8>)
+304: i31 = getarrayitem_gc_i(p5, 12, descr=<ArrayS 8>)
+308: i33 = getarrayitem_gc_i(p5, 13, descr=<ArrayS 8>)
+312: i35 = getarrayitem_gc_i(p5, 14, descr=<ArrayS 8>)
+320: i37 = getarrayitem_gc_i(p5, 15, descr=<ArrayS 8>)
+324: p38 = getfield_gc_r(p2, descr=<FieldP rpyeffect.environment.Environment.inst_values_ptr 24>)
+328: p40 = getarrayitem_gc_r(p38, 0, descr=<ArrayP 8>)
+336: p42 = getarrayitem_gc_r(p38, 1, descr=<ArrayP 8>)
+344: p44 = getarrayitem_gc_r(p38, 2, descr=<ArrayP 8>)
+352: p46 = getarrayitem_gc_r(p38, 3, descr=<ArrayP 8>)
+360: p48 = getarrayitem_gc_r(p38, 4, descr=<ArrayP 8>)
+368: p50 = getarrayitem_gc_r(p38, 5, descr=<ArrayP 8>)
+376: p52 = getarrayitem_gc_r(p38, 6, descr=<ArrayP 8>)
+384: p54 = getarrayitem_gc_r(p38, 7, descr=<ArrayP 8>)
+392: p56 = getarrayitem_gc_r(p38, 8, descr=<ArrayP 8>)
+400: p58 = getarrayitem_gc_r(p38, 9, descr=<ArrayP 8>)
+408: p60 = getarrayitem_gc_r(p38, 10, descr=<ArrayP 8>)
+416: p62 = getarrayitem_gc_r(p38, 11, descr=<ArrayP 8>)
+424: p64 = getarrayitem_gc_r(p38, 12, descr=<ArrayP 8>)
+432: p66 = getarrayitem_gc_r(p38, 13, descr=<ArrayP 8>)
+440: p68 = getarrayitem_gc_r(p38, 14, descr=<ArrayP 8>)
+448: p70 = getarrayitem_gc_r(p38, 15, descr=<ArrayP 8>)
+452: label(p0, p1, p2, p3, p4, i7, i9, i11, i13, i15, i17, i19, i21, i23, i25, i27, i29, i31, i33, i35, i37, p40, p42, p44, p46, p48, p50, p52, p54, p56, p58, p60, p62, p64, p66, p68, p70, descr=TargetToken(5104392240))
debug_merge_point(0, 0, '208<main.rpyeffect:200([k@[k@[#558]#563]#565])>+0: {"op": "PrimOp". "name": "box(Num): Ptr". "out": {"num": []. "ptr": [0]}. "in": {"num": [0]. "ptr": []}}')
+516: guard_not_invalidated(descr=<Guard0x13043a0d0>) [p2, i7, i9, i11, i13, i15, i17, i19, i21, i23, i25, i27, i29, i31, i33, i35, i37, p40, p42, p44, p46, p48, p50, p52, p54, p56, p58, p60, p62, p64, p66, p68, p70, p0, p1, p3, p4]
debug_merge_point(0, 0, '208<main.rpyeffect:200([k@[k@[#558]#563]#565])>+1: {"op": "Return". "args": {"num": []. "ptr": [0]}}')
+520: guard_nonnull(p1, descr=<Guard0x1303f37e0>) [p2, i7, i9, i11, i13, i15, i17, i19, i21, i23, i25, i27, i29, i31, i33, i35, i37, p40, p42, p44, p46, p48, p50, p52, p54, p56, p58, p60, p62, p64, p66, p68, p70, p0, p1, p3, p4]
+532: i71 = getfield_gc_i(p1, descr=<FieldS rpyeffect.stored_environment.Stack__arb_arb.inst_target 16 pure>)
+540: guard_value(i71, 221, descr=<Guard0x1303f3820>) [p2, i7, i9, i11, i13, i15, i17, i19, i21, i23, i25, i27, i29, i31, i33, i35, i37, p40, p42, p44, p46, p48, p50, p52, p54, p56, p58, p60, p62, p64, p66, p68, p70, p0, p1, p3, p4]
+552: p73 = getfield_gc_r(p1, descr=<FieldP rpyeffect.stored_environment.Stack__arb_arb.inst_tail 8 pure>)
debug_merge_point(0, 0, '221<main.rpyeffect:213([#584])>+0: {"op": "PrimOp". "name": "unbox(Ptr): Num". "out": {"num": [0]. "ptr": []}. "in": {"num": []. "ptr": [0]}}')
debug_merge_point(0, 0, '221<main.rpyeffect:213([#584])>+1: {"op": "Return". "args": {"num": [0]. "ptr": []}}')
+556: guard_nonnull(p73, descr=<Guard0x1303f3860>) [p2, i7, i9, i11, i13, i15, i17, i19, i21, i23, i25, i27, i29, i31, i33, i35, i37, p40, p42, p44, p46, p48, p50, p52, p54, p56, p58, p60, p62, p64, p66, p68, p70, p0, p1, p3, p4]
+564: i74 = getfield_gc_i(p73, descr=<FieldS rpyeffect.stored_environment.Stack__arb_arb.inst_target 16 pure>)
+568: guard_value(i74, 208, descr=<Guard0x1303f38a0>) [p2, i7, i9, i11, i13, i15, i17, i19, i21, i23, i25, i27, i29, i31, i33, i35, i37, p40, p42, p44, p46, p48, p50, p52, p54, p56, p58, p60, p62, p64, p66, p68, p70, p0, p1, p3, p4]
+580: p76 = getfield_gc_r(p73, descr=<FieldP rpyeffect.stored_environment.Stack__arb_arb.inst_tail 8 pure>)
+584: guard_nonnull(p76, descr=<Guard0x1303f38e0>) [p2, i7, i9, i11, i13, i15, i17, i19, i21, i23, i25, i27, i29, i31, i33, i35, i37, p40, p42, p44, p46, p48, p50, p52, p54, p56, p58, p60, p62, p64, p66, p68, p70, p0, p1, p3, p4]
+592: i77 = getfield_gc_i(p76, descr=<FieldS rpyeffect.stored_environment.Stack__arb_arb.inst_target 16 pure>)
+596: guard_value(i77, 221, descr=<Guard0x1303f3920>) [p2, i7, i9, i11, i13, i15, i17, i19, i21, i23, i25, i27, i29, i31, i33, i35, i37, p40, p42, p44, p46, p48, p50, p52, p54, p56, p58, p60, p62, p64, p66, p68, p70, p0, p1, p3, p4]
debug_merge_point(0, 0, '208<main.rpyeffect:200([k@[k@[#558]#563]#565])>+0: {"op": "PrimOp". "name": "box(Num): Ptr". "out": {"num": []. "ptr": [0]}. "in": {"num": [0]. "ptr": []}}')
+608: label(p0, p76, p2, p3, p4, i7, i9, i11, i13, i15, i17, i19, i21, i23, i25, i27, i29, i31, i33, i35, i37, p42, p44, p46, p48, p50, p52, p54, p56, p58, p60, p62, p64, p66, p68, p70, descr=TargetToken(5104392320))
debug_merge_point(0, 0, '208<main.rpyeffect:200([k@[k@[#558]#563]#565])>+0: {"op": "PrimOp". "name": "box(Num): Ptr". "out": {"num": []. "ptr": [0]}. "in": {"num": [0]. "ptr": []}}')
+608: guard_not_invalidated(descr=<Guard0x13043a128>) [p2, i7, i9, i11, i13, i15, i17, i19, i21, i23, i25, i27, i29, i31, i33, i35, i37, p42, p44, p46, p48, p50, p52, p54, p56, p58, p60, p62, p64, p66, p68, p70, p0, p76, p3, p4]
debug_merge_point(0, 0, '208<main.rpyeffect:200([k@[k@[#558]#563]#565])>+1: {"op": "Return". "args": {"num": []. "ptr": [0]}}')
+612: p79 = getfield_gc_r(p76, descr=<FieldP rpyeffect.stored_environment.Stack__arb_arb.inst_tail 8 pure>)
debug_merge_point(0, 0, '221<main.rpyeffect:213([#584])>+0: {"op": "PrimOp". "name": "unbox(Ptr): Num". "out": {"num": [0]. "ptr": []}. "in": {"num": []. "ptr": [0]}}')
debug_merge_point(0, 0, '221<main.rpyeffect:213([#584])>+1: {"op": "Return". "args": {"num": [0]. "ptr": []}}')
+616: guard_nonnull(p79, descr=<Guard0x1303f3960>) [p2, i7, i9, i11, i13, i15, i17, i19, i21, i23, i25, i27, i29, i31, i33, i35, i37, p42, p44, p46, p48, p50, p52, p54, p56, p58, p60, p62, p64, p66, p68, p70, p0, p76, p3, p4]
+624: i80 = getfield_gc_i(p79, descr=<FieldS rpyeffect.stored_environment.Stack__arb_arb.inst_target 16 pure>)
+628: guard_value(i80, 208, descr=<Guard0x1303f39a0>) [p2, i7, i9, i11, i13, i15, i17, i19, i21, i23, i25, i27, i29, i31, i33, i35, i37, p42, p44, p46, p48, p50, p52, p54, p56, p58, p60, p62, p64, p66, p68, p70, p0, p76, p3, p4]
+640: p82 = getfield_gc_r(p79, descr=<FieldP rpyeffect.stored_environment.Stack__arb_arb.inst_tail 8 pure>)
+644: guard_nonnull(p82, descr=<Guard0x1303f39e0>) [p2, i7, i9, i11, i13, i15, i17, i19, i21, i23, i25, i27, i29, i31, i33, i35, i37, p42, p44, p46, p48, p50, p52, p54, p56, p58, p60, p62, p64, p66, p68, p70, p0, p76, p3, p4]
+652: i83 = getfield_gc_i(p82, descr=<FieldS rpyeffect.stored_environment.Stack__arb_arb.inst_target 16 pure>)
+656: guard_value(i83, 221, descr=<Guard0x1303f3a20>) [p2, i7, i9, i11, i13, i15, i17, i19, i21, i23, i25, i27, i29, i31, i33, i35, i37, p42, p44, p46, p48, p50, p52, p54, p56, p58, p60, p62, p64, p66, p68, p70, p0, p76, p3, p4]
debug_merge_point(0, 0, '208<main.rpyeffect:200([k@[k@[#558]#563]#565])>+0: {"op": "PrimOp". "name": "box(Num): Ptr". "out": {"num": []. "ptr": [0]}. "in": {"num": [0]. "ptr": []}}')
+668: jump(p0, p82, p2, p3, p4, i7, i9, i11, i13, i15, i17, i19, i21, i23, i25, i27, i29, i31, i33, i35, i37, p42, p44, p46, p48, p50, p52, p54, p56, p58, p60, p62, p64, p66, p68, p70, descr=TargetToken(5104392320))
+676: --end of the loop--
[9574e7] jit-log-opt-loop}
[afc371] {jit-log-opt-loop
# Loop 3 (238<main.rpyeffect:230([k@[#608]#620])>+1: {"op": "Copy", "type": "num", "from": 1, "to", 0}) : loop with 170 ops
[p0, p1, p2, p3, p4]
+216: p5 = getfield_gc_r(p2, descr=<FieldP rpyeffect.environment.Environment.inst_values_num 16>)
+224: i7 = getarrayitem_gc_i(p5, 0, descr=<ArrayS 8>)
+228: i9 = getarrayitem_gc_i(p5, 1, descr=<ArrayS 8>)
+232: i11 = getarrayitem_gc_i(p5, 2, descr=<ArrayS 8>)
+236: i13 = getarrayitem_gc_i(p5, 3, descr=<ArrayS 8>)
+240: i15 = getarrayitem_gc_i(p5, 4, descr=<ArrayS 8>)
+244: i17 = getarrayitem_gc_i(p5, 5, descr=<ArrayS 8>)
+248: i19 = getarrayitem_gc_i(p5, 6, descr=<ArrayS 8>)
+252: i21 = getarrayitem_gc_i(p5, 7, descr=<ArrayS 8>)
+256: i23 = getarrayitem_gc_i(p5, 8, descr=<ArrayS 8>)
+260: i25 = getarrayitem_gc_i(p5, 9, descr=<ArrayS 8>)
+264: i27 = getarrayitem_gc_i(p5, 10, descr=<ArrayS 8>)
+268: i29 = getarrayitem_gc_i(p5, 11, descr=<ArrayS 8>)
+272: i31 = getarrayitem_gc_i(p5, 12, descr=<ArrayS 8>)
+276: i33 = getarrayitem_gc_i(p5, 13, descr=<ArrayS 8>)
+280: i35 = getarrayitem_gc_i(p5, 14, descr=<ArrayS 8>)
+288: i37 = getarrayitem_gc_i(p5, 15, descr=<ArrayS 8>)
+292: p38 = getfield_gc_r(p2, descr=<FieldP rpyeffect.environment.Environment.inst_values_ptr 24>)
+296: p40 = getarrayitem_gc_r(p38, 0, descr=<ArrayP 8>)
+304: p42 = getarrayitem_gc_r(p38, 1, descr=<ArrayP 8>)
+312: p44 = getarrayitem_gc_r(p38, 2, descr=<ArrayP 8>)
+320: p46 = getarrayitem_gc_r(p38, 3, descr=<ArrayP 8>)
+328: p48 = getarrayitem_gc_r(p38, 4, descr=<ArrayP 8>)
+336: p50 = getarrayitem_gc_r(p38, 5, descr=<ArrayP 8>)
+344: p52 = getarrayitem_gc_r(p38, 6, descr=<ArrayP 8>)
+352: p54 = getarrayitem_gc_r(p38, 7, descr=<ArrayP 8>)
+360: p56 = getarrayitem_gc_r(p38, 8, descr=<ArrayP 8>)
+368: p58 = getarrayitem_gc_r(p38, 9, descr=<ArrayP 8>)
+376: p60 = getarrayitem_gc_r(p38, 10, descr=<ArrayP 8>)
+384: p62 = getarrayitem_gc_r(p38, 11, descr=<ArrayP 8>)
+392: p64 = getarrayitem_gc_r(p38, 12, descr=<ArrayP 8>)
+400: p66 = getarrayitem_gc_r(p38, 13, descr=<ArrayP 8>)
+408: p68 = getarrayitem_gc_r(p38, 14, descr=<ArrayP 8>)
+416: p70 = getarrayitem_gc_r(p38, 15, descr=<ArrayP 8>)
+420: label(p0, p1, p2, p3, p4, i7, i9, i11, i13, i15, i17, i19, i21, i23, i25, i27, i29, i31, i33, i35, i37, p40, p42, p44, p46, p48, p50, p52, p54, p56, p58, p60, p62, p64, p66, p68, p70, descr=TargetToken(5104392400))
debug_merge_point(0, 0, '238<main.rpyeffect:230([k@[#608]#620])>+1: {"op": "Copy". "type": "num". "from": 1. "to". 0}')
+480: guard_not_invalidated(descr=<Guard0x13043a230>) [p2, i7, i9, i11, i13, i15, i17, i19, i21, i23, i25, i27, i29, i31, i33, i35, i37, p40, p42, p44, p46, p48, p50, p52, p54, p56, p58, p60, p62, p64, p66, p68, p70, p0, p1, p3, p4]
debug_merge_point(0, 0, '238<main.rpyeffect:230([k@[#608]#620])>+2: {"op": "Jump". "target": 186}')
+484: guard_nonnull(p1, descr=<Guard0x1303f3fa0>) [p2, i7, i9, i11, i13, i15, i17, i19, i21, i23, i25, i27, i29, i31, i33, i35, i37, p40, p42, p44, p46, p48, p50, p52, p54, p56, p58, p60, p62, p64, p66, p68, p70, p0, p1, p3, p4]
+496: i71 = getfield_gc_i(p1, descr=<FieldS rpyeffect.stored_environment.Stack__arb_arb.inst_target 16 pure>)
+504: guard_value(i71, 237, descr=<Guard0x12014e020>) [p2, i7, i9, i11, i13, i15, i17, i19, i21, i23, i25, i27, i29, i31, i33, i35, i37, p40, p42, p44, p46, p48, p50, p52, p54, p56, p58, p60, p62, p64, p66, p68, p70, p0, p1, p3, p4]
debug_merge_point(0, 0, '186<main.rpyeffect:178(Name(-_34))>+0: {"op": "New". "out": 0. "targets": [179. 181. 183. 185]. "args": {"num": [0]. "ptr": []}}')
debug_merge_point(0, 0, '186<main.rpyeffect:178(Name(-_34))>+1: {"op": "Return". "args": {"num": []. "ptr": [0]}}')
+516: i73 = getfield_gc_i(p1, descr=<FieldS rpyeffect.stored_environment.Stack__1_0.inst_values_num_0 40 pure>)
+520: p74 = getfield_gc_r(p1, descr=<FieldP rpyeffect.stored_environment.Stack__arb_arb.inst_tail 8 pure>)
debug_merge_point(0, 0, '237<main.rpyeffect:229([k@[k@[#608]#620]#622])>+0: {"op": "Const". "type": "num". "out": 1. "value": 503}')
debug_merge_point(0, 0, '237<main.rpyeffect:229([k@[k@[#608]#620]#622])>+1: {"op": "Push". "target": 236. "args": {"num": [0]. "ptr": [0]}}')
debug_merge_point(0, 0, '237<main.rpyeffect:229([k@[k@[#608]#620]#622])>+2: {"op": "Copy". "type": "num". "from": 1. "to". 0}')
debug_merge_point(0, 0, '237<main.rpyeffect:229([k@[k@[#608]#620]#622])>+3: {"op": "Jump". "target": 173}')
debug_merge_point(0, 0, '173<main.rpyeffect:165(Name(*_30))>+0: {"op": "New". "out": 0. "targets": [166. 168. 170. 172]. "args": {"num": [0]. "ptr": []}}')
debug_merge_point(0, 0, '173<main.rpyeffect:165(Name(*_30))>+1: {"op": "Return". "args": {"num": []. "ptr": [0]}}')
debug_merge_point(0, 0, '236<main.rpyeffect:228([k@[k@[k@[#608]#620]#622]#626])>+0: {"op": "Push". "target": 235. "args": {"num": []. "ptr": [1]}}')
debug_merge_point(0, 0, '236<main.rpyeffect:228([k@[k@[k@[#608]#620]#622]#626])>+1: {"op": "Invoke". "receiver": 0. "tag": Interned(%apply(n):n). "args" : {"num": [0]. "ptr": []}}')
debug_merge_point(0, 0, '166<main.rpyeffect:158([method_%apply(n):n@Name(*_30)#437])>+0: {"op": "Jump". "target": 164}')
debug_merge_point(0, 0, '164<main.rpyeffect:156([mcore:[#23]#433])>+0: {"op": "PrimOp". "name": "infixMul(Int. Int): Int". "out": {"num": [0]. "ptr": []}. "in": {"num": [1. 0]. "ptr": []}}')
+524: i76 = int_mul(503, i73)
debug_merge_point(0, 0, '164<main.rpyeffect:156([mcore:[#23]#433])>+1: {"op": "Return". "args": {"num": [0]. "ptr": []}}')
debug_merge_point(0, 0, '235<main.rpyeffect:227([k@[k@[k@[k@[#608]#620]#622]#626]#628])>+0: {"op": "Push". "target": 234. "args": {"num": []. "ptr": []}}')
debug_merge_point(0, 0, '235<main.rpyeffect:227([k@[k@[k@[k@[#608]#620]#622]#626]#628])>+1: {"op": "Invoke". "receiver": 0. "tag": Interned(%apply(n):n). "args" : {"num": [0]. "ptr": []}}')
debug_merge_point(0, 0, '179<main.rpyeffect:171([method_%apply(n):n@Name(-_34)#469])>+0: {"op": "Jump". "target": 177}')
debug_merge_point(0, 0, '177<main.rpyeffect:169([mcore:[#24]#465])>+0: {"op": "PrimOp". "name": "infixSub(Int. Int): Int". "out": {"num": [0]. "ptr": []}. "in": {"num": [1. 0]. "ptr": []}}')
+532: i77 = int_sub(i9, i76)
debug_merge_point(0, 0, '177<main.rpyeffect:169([mcore:[#24]#465])>+1: {"op": "Return". "args": {"num": [0]. "ptr": []}}')
debug_merge_point(0, 0, '234<main.rpyeffect:226([#630])>+0: {"op": "Push". "target": 233. "args": {"num": []. "ptr": []}}')
debug_merge_point(0, 0, '234<main.rpyeffect:226([#630])>+1: {"op": "Jump". "target": 143}')
debug_merge_point(0, 0, '143<main.rpyeffect:135(Name(+_27))>+0: {"op": "New". "out": 0. "targets": [136. 138. 140. 142]. "args": {"num": [0]. "ptr": []}}')
debug_merge_point(0, 0, '143<main.rpyeffect:135(Name(+_27))>+1: {"op": "Return". "args": {"num": []. "ptr": [0]}}')
debug_merge_point(0, 0, '233<main.rpyeffect:225([k@[#630]#632])>+0: {"op": "Const". "type": "num". "out": 0. "value": 37}')
debug_merge_point(0, 0, '233<main.rpyeffect:225([k@[#630]#632])>+1: {"op": "Push". "target": 232. "args": {"num": []. "ptr": []}}')
debug_merge_point(0, 0, '233<main.rpyeffect:225([k@[#630]#632])>+2: {"op": "Invoke". "receiver": 0. "tag": Interned(%apply(n):n). "args" : {"num": [0]. "ptr": []}}')
debug_merge_point(0, 0, '136<main.rpyeffect:128([method_%apply(n):n@Name(+_27)#347])>+0: {"op": "Jump". "target": 134}')
debug_merge_point(0, 0, '134<main.rpyeffect:126([mcore:[#20]#343])>+0: {"op": "PrimOp". "name": "infixAdd(Int. Int): Int". "out": {"num": [0]. "ptr": []}. "in": {"num": [1. 0]. "ptr": []}}')
+536: i79 = int_add(i77, 37)
debug_merge_point(0, 0, '134<main.rpyeffect:126([mcore:[#20]#343])>+1: {"op": "Return". "args": {"num": [0]. "ptr": []}}')
debug_merge_point(0, 0, '232<main.rpyeffect:224([k@[k@[#630]#632]#636])>+0: {"op": "Push". "target": 231. "args": {"num": []. "ptr": []}}')
debug_merge_point(0, 0, '232<main.rpyeffect:224([k@[k@[#630]#632]#636])>+1: {"op": "Jump". "target": 175}')
debug_merge_point(0, 0, '175<main.rpyeffect:167(Name(abs_32))>+0: {"op": "PrimOp". "name": "abs(Int): Int". "out": {"num": [0]. "ptr": []}. "in": {"num": [0]. "ptr": []}}')
+540: i81 = int_rshift(i79, 63)
+548: i82 = int_xor(i79, i81)
+552: i83 = int_sub(i82, i81)
debug_merge_point(0, 0, '175<main.rpyeffect:167(Name(abs_32))>+1: {"op": "Return". "args": {"num": [0]. "ptr": []}}')
debug_merge_point(0, 0, '231<main.rpyeffect:223([k@[k@[k@[#630]#632]#636]#638])>+0: {"op": "Push". "target": 230. "args": {"num": []. "ptr": []}}')
debug_merge_point(0, 0, '231<main.rpyeffect:223([k@[k@[k@[#630]#632]#636]#638])>+1: {"op": "Jump". "target": 163}')
debug_merge_point(0, 0, '163<main.rpyeffect:155(Name(mod_29))>+0: {"op": "New". "out": 0. "targets": [156. 158. 160. 162]. "args": {"num": [0]. "ptr": []}}')
debug_merge_point(0, 0, '163<main.rpyeffect:155(Name(mod_29))>+1: {"op": "Return". "args": {"num": []. "ptr": [0]}}')
debug_merge_point(0, 0, '230<main.rpyeffect:222([k@[k@[k@[k@[#630]#632]#636]#638]#640])>+0: {"op": "Const". "type": "num". "out": 0. "value": 1009}')
debug_merge_point(0, 0, '230<main.rpyeffect:222([k@[k@[k@[k@[#630]#632]#636]#638]#640])>+1: {"op": "Invoke". "receiver": 0. "tag": Interned(%apply(n):n). "args" : {"num": [0]. "ptr": []}}')
+556: guard_nonnull(p74, descr=<Guard0x12014e060>) [p2, i7, i9, i11, i13, i15, i17, i19, i21, i23, i25, i27, i29, i31, i33, i35, i37, p40, p42, p44, p46, p48, p50, p52, p54, p56, p58, p60, p62, p64, p66, p68, p70, p0, p1, p3, p4]
+564: i84 = getfield_gc_i(p74, descr=<FieldS rpyeffect.stored_environment.Stack__arb_arb.inst_target 16 pure>)
+568: guard_value(i84, 238, descr=<Guard0x12014e0a0>) [p2, i7, i9, i11, i13, i15, i17, i19, i21, i23, i25, i27, i29, i31, i33, i35, i37, p40, p42, p44, p46, p48, p50, p52, p54, p56, p58, p60, p62, p64, p66, p68, p70, p0, p1, p3, p4]
debug_merge_point(0, 0, '156<main.rpyeffect:148([method_%apply(n):n@Name(mod_29)#407])>+0: {"op": "Jump". "target": 154}')
debug_merge_point(0, 0, '154<main.rpyeffect:146([mcore:[#22]#403])>+0: {"op": "PrimOp". "name": "mod(Int. Int): Int". "out": {"num": [0]. "ptr": []}. "in": {"num": [1. 0]. "ptr": []}}')
+580: i87 = int_rshift(i83, 63)
+588: i88 = int_xor(i83, i87)
+592: i90 = uint_mul_high(i88, -9086255505087856445)
+612: i92 = uint_rshift(i90, 9)
+620: i93 = int_xor(i92, i87)
+624: i95 = int_mul(i93, 1009)
+632: i96 = int_sub(i83, i95)
debug_merge_point(0, 0, '154<main.rpyeffect:146([mcore:[#22]#403])>+1: {"op": "Return". "args": {"num": [0]. "ptr": []}}')
+636: i97 = getfield_gc_i(p74, descr=<FieldS rpyeffect.stored_environment.Stack__1_0.inst_values_num_0 40 pure>)
+640: p98 = getfield_gc_r(p74, descr=<FieldP rpyeffect.stored_environment.Stack__arb_arb.inst_tail 8 pure>)
debug_merge_point(0, 0, '238<main.rpyeffect:230([k@[#608]#620])>+0: {"op": "Push". "target": 237. "args": {"num": [0]. "ptr": []}}')
debug_merge_point(0, 0, '238<main.rpyeffect:230([k@[#608]#620])>+1: {"op": "Copy". "type": "num". "from": 1. "to". 0}')
+644: label(p0, p98, i96, p2, p3, p4, i97, i11, i13, i15, i17, i19, i21, i23, i25, i27, i29, i31, i33, i35, i37, i83, i9, p44, p46, p48, p50, p52, p54, p56, p58, p60, p62, p64, p66, p68, p70, descr=TargetToken(5104392480))
debug_merge_point(0, 0, '238<main.rpyeffect:230([k@[#608]#620])>+1: {"op": "Copy". "type": "num". "from": 1. "to". 0}')
+652: guard_not_invalidated(descr=<Guard0x13043a288>) [p2, i96, i97, i11, i13, i15, i17, i19, i21, i23, i25, i27, i29, i31, i33, i35, i37, p44, p46, p48, p50, p52, p54, p56, p58, p60, p62, p64, p66, p68, p70, p0, p3, p4, p98, i9, i83]
debug_merge_point(0, 0, '238<main.rpyeffect:230([k@[#608]#620])>+2: {"op": "Jump". "target": 186}')
debug_merge_point(0, 0, '186<main.rpyeffect:178(Name(-_34))>+0: {"op": "New". "out": 0. "targets": [179. 181. 183. 185]. "args": {"num": [0]. "ptr": []}}')
debug_merge_point(0, 0, '186<main.rpyeffect:178(Name(-_34))>+1: {"op": "Return". "args": {"num": []. "ptr": [0]}}')
debug_merge_point(0, 0, '237<main.rpyeffect:229([k@[k@[#608]#620]#622])>+0: {"op": "Const". "type": "num". "out": 1. "value": 503}')
debug_merge_point(0, 0, '237<main.rpyeffect:229([k@[k@[#608]#620]#622])>+1: {"op": "Push". "target": 236. "args": {"num": [0]. "ptr": [0]}}')
debug_merge_point(0, 0, '237<main.rpyeffect:229([k@[k@[#608]#620]#622])>+2: {"op": "Copy". "type": "num". "from": 1. "to". 0}')
debug_merge_point(0, 0, '237<main.rpyeffect:229([k@[k@[#608]#620]#622])>+3: {"op": "Jump". "target": 173}')
debug_merge_point(0, 0, '173<main.rpyeffect:165(Name(*_30))>+0: {"op": "New". "out": 0. "targets": [166. 168. 170. 172]. "args": {"num": [0]. "ptr": []}}')
debug_merge_point(0, 0, '173<main.rpyeffect:165(Name(*_30))>+1: {"op": "Return". "args": {"num": []. "ptr": [0]}}')
debug_merge_point(0, 0, '236<main.rpyeffect:228([k@[k@[k@[#608]#620]#622]#626])>+0: {"op": "Push". "target": 235. "args": {"num": []. "ptr": [1]}}')
debug_merge_point(0, 0, '236<main.rpyeffect:228([k@[k@[k@[#608]#620]#622]#626])>+1: {"op": "Invoke". "receiver": 0. "tag": Interned(%apply(n):n). "args" : {"num": [0]. "ptr": []}}')
debug_merge_point(0, 0, '166<main.rpyeffect:158([method_%apply(n):n@Name(*_30)#437])>+0: {"op": "Jump". "target": 164}')
debug_merge_point(0, 0, '164<main.rpyeffect:156([mcore:[#23]#433])>+0: {"op": "PrimOp". "name": "infixMul(Int. Int): Int". "out": {"num": [0]. "ptr": []}. "in": {"num": [1. 0]. "ptr": []}}')
+656: i100 = int_mul(503, i96)
debug_merge_point(0, 0, '164<main.rpyeffect:156([mcore:[#23]#433])>+1: {"op": "Return". "args": {"num": [0]. "ptr": []}}')
debug_merge_point(0, 0, '235<main.rpyeffect:227([k@[k@[k@[k@[#608]#620]#622]#626]#628])>+0: {"op": "Push". "target": 234. "args": {"num": []. "ptr": []}}')
debug_merge_point(0, 0, '235<main.rpyeffect:227([k@[k@[k@[k@[#608]#620]#622]#626]#628])>+1: {"op": "Invoke". "receiver": 0. "tag": Interned(%apply(n):n). "args" : {"num": [0]. "ptr": []}}')
debug_merge_point(0, 0, '179<main.rpyeffect:171([method_%apply(n):n@Name(-_34)#469])>+0: {"op": "Jump". "target": 177}')
debug_merge_point(0, 0, '177<main.rpyeffect:169([mcore:[#24]#465])>+0: {"op": "PrimOp". "name": "infixSub(Int. Int): Int". "out": {"num": [0]. "ptr": []}. "in": {"num": [1. 0]. "ptr": []}}')
+664: i101 = int_sub(i97, i100)
debug_merge_point(0, 0, '177<main.rpyeffect:169([mcore:[#24]#465])>+1: {"op": "Return". "args": {"num": [0]. "ptr": []}}')
debug_merge_point(0, 0, '234<main.rpyeffect:226([#630])>+0: {"op": "Push". "target": 233. "args": {"num": []. "ptr": []}}')
debug_merge_point(0, 0, '234<main.rpyeffect:226([#630])>+1: {"op": "Jump". "target": 143}')
debug_merge_point(0, 0, '143<main.rpyeffect:135(Name(+_27))>+0: {"op": "New". "out": 0. "targets": [136. 138. 140. 142]. "args": {"num": [0]. "ptr": []}}')
debug_merge_point(0, 0, '143<main.rpyeffect:135(Name(+_27))>+1: {"op": "Return". "args": {"num": []. "ptr": [0]}}')
debug_merge_point(0, 0, '233<main.rpyeffect:225([k@[#630]#632])>+0: {"op": "Const". "type": "num". "out": 0. "value": 37}')
debug_merge_point(0, 0, '233<main.rpyeffect:225([k@[#630]#632])>+1: {"op": "Push". "target": 232. "args": {"num": []. "ptr": []}}')
debug_merge_point(0, 0, '233<main.rpyeffect:225([k@[#630]#632])>+2: {"op": "Invoke". "receiver": 0. "tag": Interned(%apply(n):n). "args" : {"num": [0]. "ptr": []}}')
debug_merge_point(0, 0, '136<main.rpyeffect:128([method_%apply(n):n@Name(+_27)#347])>+0: {"op": "Jump". "target": 134}')
debug_merge_point(0, 0, '134<main.rpyeffect:126([mcore:[#20]#343])>+0: {"op": "PrimOp". "name": "infixAdd(Int. Int): Int". "out": {"num": [0]. "ptr": []}. "in": {"num": [1. 0]. "ptr": []}}')
+668: i103 = int_add(i101, 37)
debug_merge_point(0, 0, '134<main.rpyeffect:126([mcore:[#20]#343])>+1: {"op": "Return". "args": {"num": [0]. "ptr": []}}')
debug_merge_point(0, 0, '232<main.rpyeffect:224([k@[k@[#630]#632]#636])>+0: {"op": "Push". "target": 231. "args": {"num": []. "ptr": []}}')
debug_merge_point(0, 0, '232<main.rpyeffect:224([k@[k@[#630]#632]#636])>+1: {"op": "Jump". "target": 175}')
debug_merge_point(0, 0, '175<main.rpyeffect:167(Name(abs_32))>+0: {"op": "PrimOp". "name": "abs(Int): Int". "out": {"num": [0]. "ptr": []}. "in": {"num": [0]. "ptr": []}}')
+672: i105 = int_rshift(i103, 63)
+680: i106 = int_xor(i103, i105)
+684: i107 = int_sub(i106, i105)
debug_merge_point(0, 0, '175<main.rpyeffect:167(Name(abs_32))>+1: {"op": "Return". "args": {"num": [0]. "ptr": []}}')
debug_merge_point(0, 0, '231<main.rpyeffect:223([k@[k@[k@[#630]#632]#636]#638])>+0: {"op": "Push". "target": 230. "args": {"num": []. "ptr": []}}')
debug_merge_point(0, 0, '231<main.rpyeffect:223([k@[k@[k@[#630]#632]#636]#638])>+1: {"op": "Jump". "target": 163}')
debug_merge_point(0, 0, '163<main.rpyeffect:155(Name(mod_29))>+0: {"op": "New". "out": 0. "targets": [156. 158. 160. 162]. "args": {"num": [0]. "ptr": []}}')
debug_merge_point(0, 0, '163<main.rpyeffect:155(Name(mod_29))>+1: {"op": "Return". "args": {"num": []. "ptr": [0]}}')
debug_merge_point(0, 0, '230<main.rpyeffect:222([k@[k@[k@[k@[#630]#632]#636]#638]#640])>+0: {"op": "Const". "type": "num". "out": 0. "value": 1009}')
debug_merge_point(0, 0, '230<main.rpyeffect:222([k@[k@[k@[k@[#630]#632]#636]#638]#640])>+1: {"op": "Invoke". "receiver": 0. "tag": Interned(%apply(n):n). "args" : {"num": [0]. "ptr": []}}')
+688: guard_nonnull(p98, descr=<Guard0x12014e0e0>) [p2, i96, i97, i11, i13, i15, i17, i19, i21, i23, i25, i27, i29, i31, i33, i35, i37, p44, p46, p48, p50, p52, p54, p56, p58, p60, p62, p64, p66, p68, p70, p0, p3, p4, p98, i9, i83]
+696: i108 = getfield_gc_i(p98, descr=<FieldS rpyeffect.stored_environment.Stack__arb_arb.inst_target 16 pure>)
+700: guard_value(i108, 238, descr=<Guard0x12014e120>) [p2, i96, i97, i11, i13, i15, i17, i19, i21, i23, i25, i27, i29, i31, i33, i35, i37, p44, p46, p48, p50, p52, p54, p56, p58, p60, p62, p64, p66, p68, p70, p0, p3, p4, p98, i9, i83]
debug_merge_point(0, 0, '156<main.rpyeffect:148([method_%apply(n):n@Name(mod_29)#407])>+0: {"op": "Jump". "target": 154}')
debug_merge_point(0, 0, '154<main.rpyeffect:146([mcore:[#22]#403])>+0: {"op": "PrimOp". "name": "mod(Int. Int): Int". "out": {"num": [0]. "ptr": []}. "in": {"num": [1. 0]. "ptr": []}}')
+712: i111 = int_rshift(i107, 63)
+720: i112 = int_xor(i107, i111)
+724: i114 = uint_mul_high(i112, -9086255505087856445)
+744: i116 = uint_rshift(i114, 9)
+752: i117 = int_xor(i116, i111)
+756: i119 = int_mul(i117, 1009)
+764: i120 = int_sub(i107, i119)
debug_merge_point(0, 0, '154<main.rpyeffect:146([mcore:[#22]#403])>+1: {"op": "Return". "args": {"num": [0]. "ptr": []}}')
+768: i121 = getfield_gc_i(p98, descr=<FieldS rpyeffect.stored_environment.Stack__1_0.inst_values_num_0 40 pure>)
+772: p122 = getfield_gc_r(p98, descr=<FieldP rpyeffect.stored_environment.Stack__arb_arb.inst_tail 8 pure>)
debug_merge_point(0, 0, '238<main.rpyeffect:230([k@[#608]#620])>+0: {"op": "Push". "target": 237. "args": {"num": [0]. "ptr": []}}')
debug_merge_point(0, 0, '238<main.rpyeffect:230([k@[#608]#620])>+1: {"op": "Copy". "type": "num". "from": 1. "to". 0}')
+776: jump(p0, p122, i120, p2, p3, p4, i121, i11, i13, i15, i17, i19, i21, i23, i25, i27, i29, i31, i33, i35, i37, i107, i97, p44, p46, p48, p50, p52, p54, p56, p58, p60, p62, p64, p66, p68, p70, descr=TargetToken(5104392480))
+792: --end of the loop--
[b1864a] jit-log-opt-loop}
[3b3edec] {jit-log-opt-loop
# Loop 4 (218<main.rpyeffect:210([mcore:[#31]#533])>+1: {"op": "Copy", "type": "num", "from": 1, "to", 0}) : entry bridge with 73 ops
[p0, p1, p2, p3, p4]
+232: p5 = getfield_gc_r(p2, descr=<FieldP rpyeffect.environment.Environment.inst_values_num 16>)
+240: i7 = getarrayitem_gc_i(p5, 0, descr=<ArrayS 8>)
+244: i9 = getarrayitem_gc_i(p5, 1, descr=<ArrayS 8>)
+248: i11 = getarrayitem_gc_i(p5, 2, descr=<ArrayS 8>)
+252: i13 = getarrayitem_gc_i(p5, 3, descr=<ArrayS 8>)
+256: i15 = getarrayitem_gc_i(p5, 4, descr=<ArrayS 8>)
+260: i17 = getarrayitem_gc_i(p5, 5, descr=<ArrayS 8>)
+264: i19 = getarrayitem_gc_i(p5, 6, descr=<ArrayS 8>)
+268: i21 = getarrayitem_gc_i(p5, 7, descr=<ArrayS 8>)
+272: i23 = getarrayitem_gc_i(p5, 8, descr=<ArrayS 8>)
+276: i25 = getarrayitem_gc_i(p5, 9, descr=<ArrayS 8>)
+280: i27 = getarrayitem_gc_i(p5, 10, descr=<ArrayS 8>)
+284: i29 = getarrayitem_gc_i(p5, 11, descr=<ArrayS 8>)
+288: i31 = getarrayitem_gc_i(p5, 12, descr=<ArrayS 8>)
+292: i33 = getarrayitem_gc_i(p5, 13, descr=<ArrayS 8>)
+296: i35 = getarrayitem_gc_i(p5, 14, descr=<ArrayS 8>)
+304: i37 = getarrayitem_gc_i(p5, 15, descr=<ArrayS 8>)
+308: p38 = getfield_gc_r(p2, descr=<FieldP rpyeffect.environment.Environment.inst_values_ptr 24>)
+312: p40 = getarrayitem_gc_r(p38, 0, descr=<ArrayP 8>)
+320: p42 = getarrayitem_gc_r(p38, 1, descr=<ArrayP 8>)
+328: p44 = getarrayitem_gc_r(p38, 2, descr=<ArrayP 8>)
+336: p46 = getarrayitem_gc_r(p38, 3, descr=<ArrayP 8>)
+344: p48 = getarrayitem_gc_r(p38, 4, descr=<ArrayP 8>)
+352: p50 = getarrayitem_gc_r(p38, 5, descr=<ArrayP 8>)
+360: p52 = getarrayitem_gc_r(p38, 6, descr=<ArrayP 8>)
+368: p54 = getarrayitem_gc_r(p38, 7, descr=<ArrayP 8>)
+376: p56 = getarrayitem_gc_r(p38, 8, descr=<ArrayP 8>)
+384: p58 = getarrayitem_gc_r(p38, 9, descr=<ArrayP 8>)
+392: p60 = getarrayitem_gc_r(p38, 10, descr=<ArrayP 8>)
+400: p62 = getarrayitem_gc_r(p38, 11, descr=<ArrayP 8>)
+408: p64 = getarrayitem_gc_r(p38, 12, descr=<ArrayP 8>)
+416: p66 = getarrayitem_gc_r(p38, 13, descr=<ArrayP 8>)
+424: p68 = getarrayitem_gc_r(p38, 14, descr=<ArrayP 8>)
+432: p70 = getarrayitem_gc_r(p38, 15, descr=<ArrayP 8>)
debug_merge_point(0, 0, '218<main.rpyeffect:210([mcore:[#31]#533])>+1: {"op": "Copy". "type": "num". "from": 1. "to". 0}')
+436: guard_not_invalidated(descr=<Guard0x13043abd0>) [p2, i7, i9, i11, i13, i15, i17, i19, i21, i23, i25, i27, i29, i31, i33, i35, i37, p40, p42, p44, p46, p48, p50, p52, p54, p56, p58, p60, p62, p64, p66, p68, p70, p0, p1, p3, p4]
debug_merge_point(0, 0, '218<main.rpyeffect:210([mcore:[#31]#533])>+2: {"op": "Jump". "target": 17}')
+440: guard_nonnull(p1, descr=<Guard0x12014e8e0>) [p2, i7, i9, i11, i13, i15, i17, i19, i21, i23, i25, i27, i29, i31, i33, i35, i37, p40, p42, p44, p46, p48, p50, p52, p54, p56, p58, p60, p62, p64, p66, p68, p70, p0, p1, p3, p4]
+452: i71 = getfield_gc_i(p1, descr=<FieldS rpyeffect.stored_environment.Stack__arb_arb.inst_target 16 pure>)
+468: guard_value(i71, 217, descr=<Guard0x12014e920>) [p2, i7, i9, i11, i13, i15, i17, i19, i21, i23, i25, i27, i29, i31, i33, i35, i37, p40, p42, p44, p46, p48, p50, p52, p54, p56, p58, p60, p62, p64, p66, p68, p70, p0, p1, p3, p4]
debug_merge_point(0, 0, '17<main.rpyeffect:9(Name(=_0))>+0: {"op": "New". "out": 0. "targets": [10. 12. 14. 16]. "args": {"num": [0]. "ptr": []}}')
debug_merge_point(0, 0, '17<main.rpyeffect:9(Name(=_0))>+1: {"op": "Return". "args": {"num": []. "ptr": [0]}}')
+480: i73 = getfield_gc_i(p1, descr=<FieldS rpyeffect.stored_environment.Stack__2_0.inst_values_num_0 40 pure>)
+484: i74 = getfield_gc_i(p1, descr=<FieldS rpyeffect.stored_environment.Stack__2_0.inst_values_num_1 48 pure>)
+492: p75 = getfield_gc_r(p1, descr=<FieldP rpyeffect.stored_environment.Stack__arb_arb.inst_tail 8 pure>)
debug_merge_point(0, 0, '217<main.rpyeffect:209([k@[mcore:[#31]#533]#535])>+0: {"op": "Const". "type": "num". "out": 2. "value": 0}')
debug_merge_point(0, 0, '217<main.rpyeffect:209([k@[mcore:[#31]#533]#535])>+1: {"op": "Push". "target": 216. "args": {"num": [0. 1]. "ptr": []}}')
debug_merge_point(0, 0, '217<main.rpyeffect:209([k@[mcore:[#31]#533]#535])>+2: {"op": "Copy". "type": "num". "from": 2. "to". 0}')
debug_merge_point(0, 0, '217<main.rpyeffect:209([k@[mcore:[#31]#533]#535])>+3: {"op": "Invoke". "receiver": 0. "tag": Interned(%apply(n):n). "args" : {"num": [0]. "ptr": []}}')
debug_merge_point(0, 0, '10<main.rpyeffect:2([method_%apply(n):n@Name(=_0)#7])>+0: {"op": "Jump". "target": 8}')
debug_merge_point(0, 0, '8<main.rpyeffect:0([mcore:[#9]#3])>+0: {"op": "PrimOp". "name": "infixEq(Int. Int): Boolean". "out": {"num": [0]. "ptr": []}. "in": {"num": [1. 0]. "ptr": []}}')
+500: i77 = int_eq(i9, 0)
guard_true(i77, descr=<Guard0x12014e960>) [p2, i7, i9, i11, i13, i15, i17, i19, i21, i23, i25, i27, i29, i31, i33, i35, i37, p40, p42, p44, p46, p48, p50, p52, p54, p56, p58, p60, p62, p64, p66, p68, p70, p0, p1, p3, p4]
debug_merge_point(0, 0, '8<main.rpyeffect:0([mcore:[#9]#3])>+1: {"op": "Return". "args": {"num": [0]. "ptr": []}}')
debug_merge_point(0, 0, '216<main.rpyeffect:208([k@[k@[mcore:[#31]#533]#535]#539])>+0: {"op": "Switch". "scrutinee": 0. "values": [1]. "targets": [207]. "default": 215}')
+508: guard_nonnull(p75, descr=<Guard0x12014e9a0>) [p2, i7, i9, i11, i13, i15, i17, i19, i21, i23, i25, i27, i29, i31, i33, i35, i37, p40, p42, p44, p46, p48, p50, p52, p54, p56, p58, p60, p62, p64, p66, p68, p70, p0, p1, p3, p4]
+516: i78 = getfield_gc_i(p75, descr=<FieldS rpyeffect.stored_environment.Stack__arb_arb.inst_target 16 pure>)
+524: guard_value(i78, 221, descr=<Guard0x12014e9e0>) [p2, i7, i9, i11, i13, i15, i17, i19, i21, i23, i25, i27, i29, i31, i33, i35, i37, p40, p42, p44, p46, p48, p50, p52, p54, p56, p58, p60, p62, p64, p66, p68, p70, p0, p1, p3, p4]
debug_merge_point(0, 0, '207<main.rpyeffect:199([switch case for 1#540])>+0: {"op": "Copy". "type": "num". "from": 1. "to". 0}')
debug_merge_point(0, 0, '207<main.rpyeffect:199([switch case for 1#540])>+1: {"op": "PrimOp". "name": "box(Num): Ptr". "out": {"num": []. "ptr": [0]}. "in": {"num": [0]. "ptr": []}}')
debug_merge_point(0, 0, '207<main.rpyeffect:199([switch case for 1#540])>+2: {"op": "Return". "args": {"num": []. "ptr": [0]}}')
+536: p80 = getfield_gc_r(p75, descr=<FieldP rpyeffect.stored_environment.Stack__arb_arb.inst_tail 8 pure>)
debug_merge_point(0, 0, '221<main.rpyeffect:213([#584])>+0: {"op": "PrimOp". "name": "unbox(Ptr): Num". "out": {"num": [0]. "ptr": []}. "in": {"num": []. "ptr": [0]}}')
debug_merge_point(0, 0, '221<main.rpyeffect:213([#584])>+1: {"op": "Return". "args": {"num": [0]. "ptr": []}}')
+540: guard_nonnull(p80, descr=<Guard0x12014ea20>) [p2, i7, i9, i11, i13, i15, i17, i19, i21, i23, i25, i27, i29, i31, i33, i35, i37, p40, p42, p44, p46, p48, p50, p52, p54, p56, p58, p60, p62, p64, p66, p68, p70, p0, p1, p3, p4]
+548: i81 = getfield_gc_i(p80, descr=<FieldS rpyeffect.stored_environment.Stack__arb_arb.inst_target 16 pure>)
+552: guard_value(i81, 208, descr=<Guard0x12014ea60>) [p2, i7, i9, i11, i13, i15, i17, i19, i21, i23, i25, i27, i29, i31, i33, i35, i37, p40, p42, p44, p46, p48, p50, p52, p54, p56, p58, p60, p62, p64, p66, p68, p70, p0, p1, p3, p4]
+564: p83 = getfield_gc_r(p80, descr=<FieldP rpyeffect.stored_environment.Stack__arb_arb.inst_tail 8 pure>)
+568: guard_nonnull(p83, descr=<Guard0x12014eaa0>) [p2, i7, i9, i11, i13, i15, i17, i19, i21, i23, i25, i27, i29, i31, i33, i35, i37, p40, p42, p44, p46, p48, p50, p52, p54, p56, p58, p60, p62, p64, p66, p68, p70, p0, p1, p3, p4]
+576: i84 = getfield_gc_i(p83, descr=<FieldS rpyeffect.stored_environment.Stack__arb_arb.inst_target 16 pure>)
+580: guard_value(i84, 221, descr=<Guard0x12014eae0>) [p2, i7, i9, i11, i13, i15, i17, i19, i21, i23, i25, i27, i29, i31, i33, i35, i37, p40, p42, p44, p46, p48, p50, p52, p54, p56, p58, p60, p62, p64, p66, p68, p70, p0, p1, p3, p4]
debug_merge_point(0, 0, '208<main.rpyeffect:200([k@[k@[#558]#563]#565])>+0: {"op": "PrimOp". "name": "box(Num): Ptr". "out": {"num": []. "ptr": [0]}. "in": {"num": [0]. "ptr": []}}')
+592: jump(p0, p83, p2, p3, p4, i73, i73, i74, i13, i15, i17, i19, i21, i23, i25, i27, i29, i31, i33, i35, i37, p42, p44, p46, p48, p50, p52, p54, p56, p58, p60, p62, p64, p66, p68, p70, descr=TargetToken(5104392320))
+884: --end of the loop--
[3b5a754] jit-log-opt-loop}
[74ec404] {jit-log-opt-bridge
# bridge out of Guard 0x1303f30e0 with 46 ops
[p0, i1, i2, i3, i4, i5, i6, i7, i8, i9, i10, i11, i12, i13, i14, i15, p16, p17, p18, p19, p20, p21, p22, p23, p24, p25, p26, p27, p28, p29, p30, p31, p32, p33, p34, i35, p36]
+104: guard_not_invalidated(descr=<Guard0x1303e75c8>) [p0, i1, i2, i3, i4, i5, i6, i7, i8, i9, i10, i11, i12, i13, i14, i15, p16, p17, p18, p19, p20, p21, p22, p23, p24, p25, p26, p27, p28, p29, p30, p31, p32, p33, p34, i35, p36]
debug_merge_point(0, 0, '218<main.rpyeffect:210([mcore:[#31]#533])>+0: {"op": "Push". "target": 217. "args": {"num": [0. 1]. "ptr": []}}')
debug_merge_point(0, 0, '218<main.rpyeffect:210([mcore:[#31]#533])>+1: {"op": "Copy". "type": "num". "from": 1. "to". 0}')
debug_merge_point(0, 0, '218<main.rpyeffect:210([mcore:[#31]#533])>+2: {"op": "Jump". "target": 17}')
debug_merge_point(0, 0, '17<main.rpyeffect:9(Name(=_0))>+0: {"op": "New". "out": 0. "targets": [10. 12. 14. 16]. "args": {"num": [0]. "ptr": []}}')
debug_merge_point(0, 0, '17<main.rpyeffect:9(Name(=_0))>+1: {"op": "Return". "args": {"num": []. "ptr": [0]}}')
debug_merge_point(0, 0, '217<main.rpyeffect:209([k@[mcore:[#31]#533]#535])>+0: {"op": "Const". "type": "num". "out": 2. "value": 0}')
debug_merge_point(0, 0, '217<main.rpyeffect:209([k@[mcore:[#31]#533]#535])>+1: {"op": "Push". "target": 216. "args": {"num": [0. 1]. "ptr": []}}')
debug_merge_point(0, 0, '217<main.rpyeffect:209([k@[mcore:[#31]#533]#535])>+2: {"op": "Copy". "type": "num". "from": 2. "to". 0}')
debug_merge_point(0, 0, '217<main.rpyeffect:209([k@[mcore:[#31]#533]#535])>+3: {"op": "Invoke". "receiver": 0. "tag": Interned(%apply(n):n). "args" : {"num": [0]. "ptr": []}}')
debug_merge_point(0, 0, '10<main.rpyeffect:2([method_%apply(n):n@Name(=_0)#7])>+0: {"op": "Jump". "target": 8}')
debug_merge_point(0, 0, '8<main.rpyeffect:0([mcore:[#9]#3])>+0: {"op": "PrimOp". "name": "infixEq(Int. Int): Boolean". "out": {"num": [0]. "ptr": []}. "in": {"num": [1. 0]. "ptr": []}}')
+108: i38 = int_eq(i2, 0)
guard_true(i38, descr=<Guard0x12014e6a0>) [p0, i1, i2, i3, i4, i5, i6, i7, i8, i9, i10, i11, i12, i13, i14, i15, p16, p17, p18, p19, p20, p21, p22, p23, p24, p25, p26, p27, p28, p29, p30, p31, p32, p33, p34, i35, p36]
debug_merge_point(0, 0, '8<main.rpyeffect:0([mcore:[#9]#3])>+1: {"op": "Return". "args": {"num": [0]. "ptr": []}}')
debug_merge_point(0, 0, '216<main.rpyeffect:208([k@[k@[mcore:[#31]#533]#535]#539])>+0: {"op": "Switch". "scrutinee": 0. "values": [1]. "targets": [207]. "default": 215}')
debug_merge_point(0, 0, '207<main.rpyeffect:199([switch case for 1#540])>+0: {"op": "Copy". "type": "num". "from": 1. "to". 0}')
debug_merge_point(0, 0, '207<main.rpyeffect:199([switch case for 1#540])>+1: {"op": "PrimOp". "name": "box(Num): Ptr". "out": {"num": []. "ptr": [0]}. "in": {"num": [0]. "ptr": []}}')
debug_merge_point(0, 0, '207<main.rpyeffect:199([switch case for 1#540])>+2: {"op": "Return". "args": {"num": []. "ptr": [0]}}')
debug_merge_point(0, 0, '221<main.rpyeffect:213([#584])>+0: {"op": "PrimOp". "name": "unbox(Ptr): Num". "out": {"num": [0]. "ptr": []}. "in": {"num": []. "ptr": [0]}}')
debug_merge_point(0, 0, '221<main.rpyeffect:213([#584])>+1: {"op": "Return". "args": {"num": [0]. "ptr": []}}')
+116: guard_nonnull(p36, descr=<Guard0x12014e6e0>) [p0, i1, i2, i3, i4, i5, i6, i7, i8, i9, i10, i11, i12, i13, i14, i15, p16, p17, p18, p19, p20, p21, p22, p23, p24, p25, p26, p27, p28, p29, p30, p31, p32, p33, p34, i35, p36]
+124: i39 = getfield_gc_i(p36, descr=<FieldS rpyeffect.stored_environment.Stack__arb_arb.inst_target 16 pure>)
+128: guard_value(i39, 221, descr=<Guard0x12014e720>) [p0, i1, i2, i3, i4, i5, i6, i7, i8, i9, i10, i11, i12, i13, i14, i15, p16, p17, p18, p19, p20, p21, p22, p23, p24, p25, p26, p27, p28, p29, p30, p31, p32, p33, p34, i35, p36]
debug_merge_point(0, 0, '208<main.rpyeffect:200([k@[k@[#558]#563]#565])>+0: {"op": "PrimOp". "name": "box(Num): Ptr". "out": {"num": []. "ptr": [0]}. "in": {"num": [0]. "ptr": []}}')
+140: p41 = new_with_vtable(descr=<SizeDescr 40>)
+252: p42 = new_with_vtable(descr=<SizeDescr 48>)
+264: setfield_gc(p42, p32, descr=<FieldP rpyeffect.stored_environment.Stack__arb_arb.inst_tail 8 pure>)
+268: setfield_gc(p42, 238, descr=<FieldS rpyeffect.stored_environment.Stack__arb_arb.inst_target 16 pure>)
+276: setfield_gc(p42, i35, descr=<FieldS rpyeffect.stored_environment.Stack__1_0.inst_values_num_0 40 pure>)
+280: p44 = new_with_vtable(descr=<SizeDescr 48>)
+292: p45 = new_with_vtable(descr=<SizeDescr 56>)
+304: setfield_gc(p45, p36, descr=<FieldP rpyeffect.stored_environment.Stack__arb_arb.inst_tail 8 pure>)
+308: setfield_gc(p45, 212, descr=<FieldS rpyeffect.stored_environment.Stack__arb_arb.inst_target 16 pure>)
+316: setfield_gc(p45, i1, descr=<FieldS rpyeffect.stored_environment.Stack__2_0.inst_values_num_0 40 pure>)
+324: setfield_gc(p45, i35, descr=<FieldS rpyeffect.stored_environment.Stack__2_0.inst_values_num_1 48 pure>)
+328: setfield_gc(p41, p42, descr=<FieldP rpyeffect.stack.MetaStackLike.inst_stack 8 pure>)
+332: setfield_gc(p41, p34, descr=<FieldP rpyeffect.stack.MetaStack.inst_label 16 pure>)
+340: setfield_gc(p41, ConstPtr(null), descr=<FieldP rpyeffect.stack.MetaStack.inst_region 24 pure>)
+348: setfield_gc(p41, p33, descr=<FieldP rpyeffect.stack.MetaStack.inst_tail 32 pure>)
+356: setfield_gc(p44, p45, descr=<FieldP rpyeffect.stack.MetaStackLike.inst_stack 8 pure>)
+360: setfield_gc(p44, p30, descr=<FieldP rpyeffect.stack.MetaStack.inst_label 16 pure>)
+368: setfield_gc(p44, ConstPtr(null), descr=<FieldP rpyeffect.stack.MetaStack.inst_region 24 pure>)
+376: setfield_gc(p44, ConstPtr(null), descr=<FieldP rpyeffect.stack.MetaStack.inst_tail 32 pure>)
+384: setfield_gc(p44, p31, descr=<FieldP rpyeffect.stack.MetaStackWithBinding.inst_binding 40 pure>)
+424: jump(p30, p36, p0, p41, p31, i1, i1, 0, i3, i4, i5, i6, i7, i8, i9, i10, i11, i12, i13, i14, i15, p44, p16, p17, p18, p19, p20, p21, p22, p23, p24, p25, p26, p27, p28, p29, descr=TargetToken(5104392320))
+756: --end of the loop--
[7501aca] jit-log-opt-bridge}
[7546d8f] {jit-log-opt-bridge
# bridge out of Guard 0x1303f39a0 with 35 ops
[p0, i1, i2, i3, i4, i5, i6, i7, i8, i9, i10, i11, i12, i13, i14, i15, i16, p17, p18, p19, p20, p21, p22, p23, p24, p25, p26, p27, p28, p29, p30, p31, p32, p33, p34, p35]
+168: guard_not_invalidated(descr=<Guard0x1303e79e8>) [p0, i1, i2, i3, i4, i5, i6, i7, i8, i9, i10, i11, i12, i13, i14, i15, i16, p17, p18, p19, p20, p21, p22, p23, p24, p25, p26, p27, p28, p29, p30, p31, p32, p33, p34, p35]
debug_merge_point(0, 0, '208<main.rpyeffect:200([k@[k@[#558]#563]#565])>+1: {"op": "Return". "args": {"num": []. "ptr": [0]}}')
+172: guard_nonnull(p33, descr=<Guard0x12014e760>) [p0, i1, i2, i3, i4, i5, i6, i7, i8, i9, i10, i11, i12, i13, i14, i15, i16, p17, p18, p19, p20, p21, p22, p23, p24, p25, p26, p27, p28, p29, p30, p31, p32, p33, p34, p35]
+180: i36 = getfield_gc_i(p33, descr=<FieldS rpyeffect.stored_environment.Stack__arb_arb.inst_target 16 pure>)
+184: guard_value(i36, 221, descr=<Guard0x12014e7a0>) [p0, i1, i2, i3, i4, i5, i6, i7, i8, i9, i10, i11, i12, i13, i14, i15, i16, p17, p18, p19, p20, p21, p22, p23, p24, p25, p26, p27, p28, p29, p30, p31, p32, p33, p34, p35]
+196: p38 = getfield_gc_r(p33, descr=<FieldP rpyeffect.stored_environment.Stack__arb_arb.inst_tail 8 pure>)
debug_merge_point(0, 0, '221<main.rpyeffect:213([#584])>+0: {"op": "PrimOp". "name": "unbox(Ptr): Num". "out": {"num": [0]. "ptr": []}. "in": {"num": []. "ptr": [0]}}')
debug_merge_point(0, 0, '221<main.rpyeffect:213([#584])>+1: {"op": "Return". "args": {"num": [0]. "ptr": []}}')
+200: guard_nonnull_class(p38, ConstClass(Stack__0_0), descr=<Guard0x13043a2e0>) [p0, i1, i2, i3, i4, i5, i6, i7, i8, i9, i10, i11, i12, i13, i14, i15, i16, p17, p18, p19, p20, p21, p22, p23, p24, p25, p26, p27, p28, p29, p30, p31, p32, p33, p34, p35]
+224: i40 = getfield_gc_i(p38, descr=<FieldS rpyeffect.stored_environment.Stack__arb_arb.inst_target 16 pure>)
+228: guard_value(i40, 251, descr=<Guard0x12014e7e0>) [p0, i1, i2, i3, i4, i5, i6, i7, i8, i9, i10, i11, i12, i13, i14, i15, i16, p17, p18, p19, p20, p21, p22, p23, p24, p25, p26, p27, p28, p29, p30, p31, p32, p33, p34, p35]
+240: p42 = getfield_gc_r(p38, descr=<FieldP rpyeffect.stored_environment.Stack__arb_arb.inst_tail 8 pure>)
debug_merge_point(0, 0, '251<main.rpyeffect:243([return_clause@[mcore:[#40]#606]#679])>+0: {"op": "Return". "args": {"num": [0]. "ptr": []}}')
+244: guard_isnull(p42, descr=<Guard0x12014e820>) [p0, i1, i2, i3, i4, i5, i6, i7, i8, i9, i10, i11, i12, i13, i14, i15, i16, p17, p18, p19, p20, p21, p22, p23, p24, p25, p26, p27, p28, p29, p30, p31, p32, p33, p34, p35]
+252: guard_nonnull_class(p34, 4372295360, descr=<Guard0x13043a338>) [p0, i1, i2, i3, i4, i5, i6, i7, i8, i9, i10, i11, i12, i13, i14, i15, i16, p17, p18, p19, p20, p21, p22, p23, p24, p25, p26, p27, p28, p29, p30, p31, p32, p33, p34, p35]
+280: p44 = getfield_gc_r(p34, descr=<FieldP rpyeffect.stack.MetaStackLike.inst_stack 8 pure>)
+284: p45 = getfield_gc_r(p34, descr=<FieldP rpyeffect.stack.MetaStack.inst_label 16 pure>)
+288: p46 = getfield_gc_r(p34, descr=<FieldP rpyeffect.stack.MetaStack.inst_tail 32 pure>)
+292: guard_nonnull(p44, descr=<Guard0x12014e860>) [p0, i1, i2, i3, i4, i5, i6, i7, i8, i9, i10, i11, i12, i13, i14, i15, i16, p17, p18, p19, p20, p21, p22, p23, p24, p25, p26, p27, p28, p29, p30, p31, p32, p33, p34, p35]
+300: i47 = getfield_gc_i(p44, descr=<FieldS rpyeffect.stored_environment.Stack__arb_arb.inst_target 16 pure>)
+304: guard_value(i47, 238, descr=<Guard0x12014e8a0>) [p0, i1, i2, i3, i4, i5, i6, i7, i8, i9, i10, i11, i12, i13, i14, i15, i16, p17, p18, p19, p20, p21, p22, p23, p24, p25, p26, p27, p28, p29, p30, p31, p32, p33, p34, p35]
+316: i49 = getfield_gc_i(p44, descr=<FieldS rpyeffect.stored_environment.Stack__1_0.inst_values_num_0 40 pure>)
+320: p50 = getfield_gc_r(p44, descr=<FieldP rpyeffect.stored_environment.Stack__arb_arb.inst_tail 8 pure>)
+324: guard_nonnull(p50, descr=<Guard0x12014eb20>) [p0, i1, i2, i3, i4, i5, i6, i7, i8, i9, i10, i11, i12, i13, i14, i15, i16, p17, p18, p19, p20, p21, p22, p23, p24, p25, p26, p27, p28, p29, p30, p31, p32, p33, p34, p35]
+332: i51 = getfield_gc_i(p50, descr=<FieldS rpyeffect.stored_environment.Stack__arb_arb.inst_target 16 pure>)
+336: guard_value(i51, 238, descr=<Guard0x12014eb60>) [p0, i1, i2, i3, i4, i5, i6, i7, i8, i9, i10, i11, i12, i13, i14, i15, i16, p17, p18, p19, p20, p21, p22, p23, p24, p25, p26, p27, p28, p29, p30, p31, p32, p33, p34, p35]
debug_merge_point(0, 0, '238<main.rpyeffect:230([k@[#608]#620])>+0: {"op": "Push". "target": 237. "args": {"num": [0]. "ptr": []}}')
debug_merge_point(0, 0, '238<main.rpyeffect:230([k@[#608]#620])>+1: {"op": "Copy". "type": "num". "from": 1. "to". 0}')
+348: p53 = new_with_vtable(descr=<SizeDescr 48>)
+452: p54 = new_with_vtable(descr=<SizeDescr 16>)
+464: setfield_gc(p53, 237, descr=<FieldS rpyeffect.stored_environment.Stack__arb_arb.inst_target 16 pure>)
+472: setfield_gc(p53, p50, descr=<FieldP rpyeffect.stored_environment.Stack__arb_arb.inst_tail 8 pure>)
+476: setfield_gc(p53, i1, descr=<FieldS rpyeffect.stored_environment.Stack__1_0.inst_values_num_0 40 pure>)
+484: setfield_gc(p54, i1, descr=<FieldS rpyeffect.region.NumBox.inst_value 8 pure>)
+504: jump(p45, p53, p0, p46, ConstPtr(null), i1, i49, i3, i4, i5, i6, i7, i8, i9, i10, i11, i12, i13, i14, i15, i16, p54, p17, p18, p19, p20, p21, p22, p23, p24, p25, p26, p27, p28, p29, p30, p31, descr=TargetToken(5104392400))
+848: --end of the loop--
[7551cb0] jit-log-opt-bridge}
[76a8676] {jit-log-opt-bridge
# bridge out of Guard 0x12014e120 with 174 ops
[p0, i1, i2, i3, i4, i5, i6, i7, i8, i9, i10, i11, i12, i13, i14, i15, i16, p17, p18, p19, p20, p21, p22, p23, p24, p25, p26, p27, p28, p29, p30, p31, p32, p33, p34, i35, i36]
+168: guard_not_invalidated(descr=<Guard0x13043a9c0>) [p0, i1, i2, i3, i4, i5, i6, i7, i8, i9, i10, i11, i12, i13, i14, i15, i16, p17, p18, p19, p20, p21, p22, p23, p24, p25, p26, p27, p28, p29, p30, p31, p32, p33, p34, i35, i36]
debug_merge_point(0, 0, '238<main.rpyeffect:230([k@[#608]#620])>+2: {"op": "Jump". "target": 186}')
debug_merge_point(0, 0, '186<main.rpyeffect:178(Name(-_34))>+0: {"op": "New". "out": 0. "targets": [179. 181. 183. 185]. "args": {"num": [0]. "ptr": []}}')
debug_merge_point(0, 0, '186<main.rpyeffect:178(Name(-_34))>+1: {"op": "Return". "args": {"num": []. "ptr": [0]}}')
debug_merge_point(0, 0, '237<main.rpyeffect:229([k@[k@[#608]#620]#622])>+0: {"op": "Const". "type": "num". "out": 1. "value": 503}')
debug_merge_point(0, 0, '237<main.rpyeffect:229([k@[k@[#608]#620]#622])>+1: {"op": "Push". "target": 236. "args": {"num": [0]. "ptr": [0]}}')
debug_merge_point(0, 0, '237<main.rpyeffect:229([k@[k@[#608]#620]#622])>+2: {"op": "Copy". "type": "num". "from": 1. "to". 0}')
debug_merge_point(0, 0, '237<main.rpyeffect:229([k@[k@[#608]#620]#622])>+3: {"op": "Jump". "target": 173}')
debug_merge_point(0, 0, '173<main.rpyeffect:165(Name(*_30))>+0: {"op": "New". "out": 0. "targets": [166. 168. 170. 172]. "args": {"num": [0]. "ptr": []}}')
debug_merge_point(0, 0, '173<main.rpyeffect:165(Name(*_30))>+1: {"op": "Return". "args": {"num": []. "ptr": [0]}}')
debug_merge_point(0, 0, '236<main.rpyeffect:228([k@[k@[k@[#608]#620]#622]#626])>+0: {"op": "Push". "target": 235. "args": {"num": []. "ptr": [1]}}')
debug_merge_point(0, 0, '236<main.rpyeffect:228([k@[k@[k@[#608]#620]#622]#626])>+1: {"op": "Invoke". "receiver": 0. "tag": Interned(%apply(n):n). "args" : {"num": [0]. "ptr": []}}')
debug_merge_point(0, 0, '166<main.rpyeffect:158([method_%apply(n):n@Name(*_30)#437])>+0: {"op": "Jump". "target": 164}')
debug_merge_point(0, 0, '164<main.rpyeffect:156([mcore:[#23]#433])>+0: {"op": "PrimOp". "name": "infixMul(Int. Int): Int". "out": {"num": [0]. "ptr": []}. "in": {"num": [1. 0]. "ptr": []}}')
+172: i38 = int_mul(503, i1)
debug_merge_point(0, 0, '164<main.rpyeffect:156([mcore:[#23]#433])>+1: {"op": "Return". "args": {"num": [0]. "ptr": []}}')
debug_merge_point(0, 0, '235<main.rpyeffect:227([k@[k@[k@[k@[#608]#620]#622]#626]#628])>+0: {"op": "Push". "target": 234. "args": {"num": []. "ptr": []}}')
debug_merge_point(0, 0, '235<main.rpyeffect:227([k@[k@[k@[k@[#608]#620]#622]#626]#628])>+1: {"op": "Invoke". "receiver": 0. "tag": Interned(%apply(n):n). "args" : {"num": [0]. "ptr": []}}')
debug_merge_point(0, 0, '179<main.rpyeffect:171([method_%apply(n):n@Name(-_34)#469])>+0: {"op": "Jump". "target": 177}')
debug_merge_point(0, 0, '177<main.rpyeffect:169([mcore:[#24]#465])>+0: {"op": "PrimOp". "name": "infixSub(Int. Int): Int". "out": {"num": [0]. "ptr": []}. "in": {"num": [1. 0]. "ptr": []}}')
+180: i39 = int_sub(i2, i38)
debug_merge_point(0, 0, '177<main.rpyeffect:169([mcore:[#24]#465])>+1: {"op": "Return". "args": {"num": [0]. "ptr": []}}')
debug_merge_point(0, 0, '234<main.rpyeffect:226([#630])>+0: {"op": "Push". "target": 233. "args": {"num": []. "ptr": []}}')
debug_merge_point(0, 0, '234<main.rpyeffect:226([#630])>+1: {"op": "Jump". "target": 143}')
debug_merge_point(0, 0, '143<main.rpyeffect:135(Name(+_27))>+0: {"op": "New". "out": 0. "targets": [136. 138. 140. 142]. "args": {"num": [0]. "ptr": []}}')
debug_merge_point(0, 0, '143<main.rpyeffect:135(Name(+_27))>+1: {"op": "Return". "args": {"num": []. "ptr": [0]}}')
debug_merge_point(0, 0, '233<main.rpyeffect:225([k@[#630]#632])>+0: {"op": "Const". "type": "num". "out": 0. "value": 37}')
debug_merge_point(0, 0, '233<main.rpyeffect:225([k@[#630]#632])>+1: {"op": "Push". "target": 232. "args": {"num": []. "ptr": []}}')
debug_merge_point(0, 0, '233<main.rpyeffect:225([k@[#630]#632])>+2: {"op": "Invoke". "receiver": 0. "tag": Interned(%apply(n):n). "args" : {"num": [0]. "ptr": []}}')
debug_merge_point(0, 0, '136<main.rpyeffect:128([method_%apply(n):n@Name(+_27)#347])>+0: {"op": "Jump". "target": 134}')
debug_merge_point(0, 0, '134<main.rpyeffect:126([mcore:[#20]#343])>+0: {"op": "PrimOp". "name": "infixAdd(Int. Int): Int". "out": {"num": [0]. "ptr": []}. "in": {"num": [1. 0]. "ptr": []}}')
+184: i41 = int_add(i39, 37)
debug_merge_point(0, 0, '134<main.rpyeffect:126([mcore:[#20]#343])>+1: {"op": "Return". "args": {"num": [0]. "ptr": []}}')
debug_merge_point(0, 0, '232<main.rpyeffect:224([k@[k@[#630]#632]#636])>+0: {"op": "Push". "target": 231. "args": {"num": []. "ptr": []}}')
debug_merge_point(0, 0, '232<main.rpyeffect:224([k@[k@[#630]#632]#636])>+1: {"op": "Jump". "target": 175}')
debug_merge_point(0, 0, '175<main.rpyeffect:167(Name(abs_32))>+0: {"op": "PrimOp". "name": "abs(Int): Int". "out": {"num": [0]. "ptr": []}. "in": {"num": [0]. "ptr": []}}')
+188: i43 = int_rshift(i41, 63)
+196: i44 = int_xor(i41, i43)
+200: i45 = int_sub(i44, i43)
debug_merge_point(0, 0, '175<main.rpyeffect:167(Name(abs_32))>+1: {"op": "Return". "args": {"num": [0]. "ptr": []}}')
debug_merge_point(0, 0, '231<main.rpyeffect:223([k@[k@[k@[#630]#632]#636]#638])>+0: {"op": "Push". "target": 230. "args": {"num": []. "ptr": []}}')
debug_merge_point(0, 0, '231<main.rpyeffect:223([k@[k@[k@[#630]#632]#636]#638])>+1: {"op": "Jump". "target": 163}')
debug_merge_point(0, 0, '163<main.rpyeffect:155(Name(mod_29))>+0: {"op": "New". "out": 0. "targets": [156. 158. 160. 162]. "args": {"num": [0]. "ptr": []}}')
debug_merge_point(0, 0, '163<main.rpyeffect:155(Name(mod_29))>+1: {"op": "Return". "args": {"num": []. "ptr": [0]}}')
debug_merge_point(0, 0, '230<main.rpyeffect:222([k@[k@[k@[k@[#630]#632]#636]#638]#640])>+0: {"op": "Const". "type": "num". "out": 0. "value": 1009}')
debug_merge_point(0, 0, '230<main.rpyeffect:222([k@[k@[k@[k@[#630]#632]#636]#638]#640])>+1: {"op": "Invoke". "receiver": 0. "tag": Interned(%apply(n):n). "args" : {"num": [0]. "ptr": []}}')
+204: guard_nonnull(p34, descr=<Guard0x12014eea0>) [p0, i1, i2, i3, i4, i5, i6, i7, i8, i9, i10, i11, i12, i13, i14, i15, i16, p17, p18, p19, p20, p21, p22, p23, p24, p25, p26, p27, p28, p29, p30, p31, p32, p33, p34, i35, i36]
+212: i46 = getfield_gc_i(p34, descr=<FieldS rpyeffect.stored_environment.Stack__arb_arb.inst_target 16 pure>)
+216: guard_value(i46, 261, descr=<Guard0x12014eee0>) [p0, i1, i2, i3, i4, i5, i6, i7, i8, i9, i10, i11, i12, i13, i14, i15, i16, p17, p18, p19, p20, p21, p22, p23, p24, p25, p26, p27, p28, p29, p30, p31, p32, p33, p34, i35, i36]
debug_merge_point(0, 0, '156<main.rpyeffect:148([method_%apply(n):n@Name(mod_29)#407])>+0: {"op": "Jump". "target": 154}')
debug_merge_point(0, 0, '154<main.rpyeffect:146([mcore:[#22]#403])>+0: {"op": "PrimOp". "name": "mod(Int. Int): Int". "out": {"num": [0]. "ptr": []}. "in": {"num": [1. 0]. "ptr": []}}')
+228: i49 = int_rshift(i45, 63)
+236: i50 = int_xor(i45, i49)
+240: i52 = uint_mul_high(i50, -9086255505087856445)
+260: i54 = uint_rshift(i52, 9)
+268: i55 = int_xor(i54, i49)
+272: i57 = int_mul(i55, 1009)
+280: i58 = int_sub(i45, i57)
debug_merge_point(0, 0, '154<main.rpyeffect:146([mcore:[#22]#403])>+1: {"op": "Return". "args": {"num": [0]. "ptr": []}}')
+284: p59 = getfield_gc_r(p34, descr=<FieldP rpyeffect.stored_environment.Stack__0_1.inst_values_ptr_0 40 pure>)
+288: p60 = getfield_gc_r(p34, descr=<FieldP rpyeffect.stored_environment.Stack__arb_arb.inst_tail 8 pure>)
debug_merge_point(0, 0, '261<main.rpyeffect:253([k@[#708]#730])>+0: {"op": "Push". "target": 260. "args": {"num": []. "ptr": []}}')
debug_merge_point(0, 0, '261<main.rpyeffect:253([k@[#708]#730])>+1: {"op": "Invoke". "receiver": 0. "tag": Interned(%apply(n):n). "args" : {"num": [0]. "ptr": []}}')
+292: p61 = getfield_gc_r(p59, descr=<FieldP rpyeffect.stored_environment.CoData__arb_arb.inst_vtable 24 pure>)
+300: guard_value(p61, ConstPtr(ptr62), descr=<Guard0x12014ef20>) [p0, i1, i2, i3, i4, i5, i6, i7, i8, i9, i10, i11, i12, i13, i14, i15, i16, p17, p18, p19, p20, p21, p22, p23, p24, p25, p26, p27, p28, p29, p30, p31, p32, p33, p34, i35, i36]
+308: i63 = getfield_gc_i(p59, descr=<FieldS rpyeffect.stored_environment.CoData__2_0.inst_values_num_0 32 pure>)
+312: i64 = getfield_gc_i(p59, descr=<FieldS rpyeffect.stored_environment.CoData__2_0.inst_values_num_1 40 pure>)
debug_merge_point(0, 0, '274<main.rpyeffect:266([method_%apply(n):n@Name(step_102)#748])>+0: {"op": "Const". "type": "ptr". "out": 0. "format": "string". "value": "Name(Operator_0)"}')
debug_merge_point(0, 0, '274<main.rpyeffect:266([method_%apply(n):n@Name(step_102)#748])>+1: {"op": "PrimOp". "name": "getGlobal(String): Ptr". "out": {"num": []. "ptr": [0]}. "in": {"num": []. "ptr": [0]}}')
debug_merge_point(0, 0, '274<main.rpyeffect:266([method_%apply(n):n@Name(step_102)#748])>+2: {"op": "Push". "target": 273. "args": {"num": []. "ptr": []}}')
debug_merge_point(0, 0, '274<main.rpyeffect:266([method_%apply(n):n@Name(step_102)#748])>+3: {"op": "Jump". "target": 270}')
debug_merge_point(0, 0, '270<main.rpyeffect:262([mcore:[#42]#686])>+0: {"op": "Push". "target": 269. "args": {"num": [1. 0. 2]. "ptr": []}}')
debug_merge_point(0, 0, '270<main.rpyeffect:262([mcore:[#42]#686])>+1: {"op": "Copy". "type": "num". "from": 2. "to". 0}')
debug_merge_point(0, 0, '270<main.rpyeffect:262([mcore:[#42]#686])>+2: {"op": "Jump". "target": 17}')
debug_merge_point(0, 0, '17<main.rpyeffect:9(Name(=_0))>+0: {"op": "New". "out": 0. "targets": [10. 12. 14. 16]. "args": {"num": [0]. "ptr": []}}')
debug_merge_point(0, 0, '17<main.rpyeffect:9(Name(=_0))>+1: {"op": "Return". "args": {"num": []. "ptr": [0]}}')
debug_merge_point(0, 0, '269<main.rpyeffect:261([k@[mcore:[#42]#686]#688])>+0: {"op": "Const". "type": "num". "out": 3. "value": 0}')
debug_merge_point(0, 0, '269<main.rpyeffect:261([k@[mcore:[#42]#686]#688])>+1: {"op": "Push". "target": 268. "args": {"num": [0. 1. 2]. "ptr": []}}')
debug_merge_point(0, 0, '269<main.rpyeffect:261([k@[mcore:[#42]#686]#688])>+2: {"op": "Copy". "type": "num". "from": 3. "to". 0}')
debug_merge_point(0, 0, '269<main.rpyeffect:261([k@[mcore:[#42]#686]#688])>+3: {"op": "Invoke". "receiver": 0. "tag": Interned(%apply(n):n). "args" : {"num": [0]. "ptr": []}}')
debug_merge_point(0, 0, '10<main.rpyeffect:2([method_%apply(n):n@Name(=_0)#7])>+0: {"op": "Jump". "target": 8}')
debug_merge_point(0, 0, '8<main.rpyeffect:0([mcore:[#9]#3])>+0: {"op": "PrimOp". "name": "infixEq(Int. Int): Boolean". "out": {"num": [0]. "ptr": []}. "in": {"num": [1. 0]. "ptr": []}}')
+316: i66 = int_eq(i64, 0)
guard_false(i66, descr=<Guard0x12014ef60>) [p0, i1, i2, i3, i4, i5, i6, i7, i8, i9, i10, i11, i12, i13, i14, i15, i16, p17, p18, p19, p20, p21, p22, p23, p24, p25, p26, p27, p28, p29, p30, p31, p32, p33, p34, i35, i36]
debug_merge_point(0, 0, '8<main.rpyeffect:0([mcore:[#9]#3])>+1: {"op": "Return". "args": {"num": [0]. "ptr": []}}')
debug_merge_point(0, 0, '268<main.rpyeffect:260([k@[k@[mcore:[#42]#686]#688]#692])>+0: {"op": "Switch". "scrutinee": 0. "values": [1]. "targets": [255]. "default": 267}')
debug_merge_point(0, 0, '267<main.rpyeffect:259([switch default case#696])>+0: {"op": "Swap". "type": "num". "a": 2. "b". 3}')
debug_merge_point(0, 0, '267<main.rpyeffect:259([switch default case#696])>+1: {"op": "Swap". "type": "num". "a": 1. "b". 3}')
debug_merge_point(0, 0, '267<main.rpyeffect:259([switch default case#696])>+2: {"op": "Swap". "type": "num". "a": 0. "b". 3}')
debug_merge_point(0, 0, '267<main.rpyeffect:259([switch default case#696])>+3: {"op": "Switch". "scrutinee": 3. "values": [0]. "targets": [265]. "default": 266}')
debug_merge_point(0, 0, '265<main.rpyeffect:257([switch case for 0#697])>+0: {"op": "Push". "target": 264. "args": {"num": [0. 1]. "ptr": []}}')
debug_merge_point(0, 0, '265<main.rpyeffect:257([switch case for 0#697])>+1: {"op": "Copy". "type": "num". "from": 2. "to". 0}')
debug_merge_point(0, 0, '265<main.rpyeffect:257([switch case for 0#697])>+2: {"op": "Jump". "target": 186}')
debug_merge_point(0, 0, '186<main.rpyeffect:178(Name(-_34))>+0: {"op": "New". "out": 0. "targets": [179. 181. 183. 185]. "args": {"num": [0]. "ptr": []}}')
debug_merge_point(0, 0, '186<main.rpyeffect:178(Name(-_34))>+1: {"op": "Return". "args": {"num": []. "ptr": [0]}}')
debug_merge_point(0, 0, '264<main.rpyeffect:256([k@[switch case for 0#697]#699])>+0: {"op": "Const". "type": "num". "out": 2. "value": 1}')
debug_merge_point(0, 0, '264<main.rpyeffect:256([k@[switch case for 0#697]#699])>+1: {"op": "Push". "target": 263. "args": {"num": [0. 1]. "ptr": []}}')
debug_merge_point(0, 0, '264<main.rpyeffect:256([k@[switch case for 0#697]#699])>+2: {"op": "Copy". "type": "num". "from": 2. "to". 0}')
debug_merge_point(0, 0, '264<main.rpyeffect:256([k@[switch case for 0#697]#699])>+3: {"op": "Invoke". "receiver": 0. "tag": Interned(%apply(n):n). "args" : {"num": [0]. "ptr": []}}')
debug_merge_point(0, 0, '179<main.rpyeffect:171([method_%apply(n):n@Name(-_34)#469])>+0: {"op": "Jump". "target": 177}')
debug_merge_point(0, 0, '177<main.rpyeffect:169([mcore:[#24]#465])>+0: {"op": "PrimOp". "name": "infixSub(Int. Int): Int". "out": {"num": [0]. "ptr": []}. "in": {"num": [1. 0]. "ptr": []}}')
+324: i68 = int_sub(i64, 1)
debug_merge_point(0, 0, '177<main.rpyeffect:169([mcore:[#24]#465])>+1: {"op": "Return". "args": {"num": [0]. "ptr": []}}')
debug_merge_point(0, 0, '263<main.rpyeffect:255([k@[k@[switch case for 0#697]#699]#703])>+0: {"op": "Const". "type": "ptr". "out": 0. "format": "string". "value": "Name(Operator_0)"}')
debug_merge_point(0, 0, '263<main.rpyeffect:255([k@[k@[switch case for 0#697]#699]#703])>+1: {"op": "PrimOp". "name": "getGlobal(String): Ptr". "out": {"num": []. "ptr": [0]}. "in": {"num": []. "ptr": [0]}}')
debug_merge_point(0, 0, '263<main.rpyeffect:255([k@[k@[switch case for 0#697]#699]#703])>+2: {"op": "Push". "target": 262. "args": {"num": [1. 2]. "ptr": []}}')
debug_merge_point(0, 0, '263<main.rpyeffect:255([k@[k@[switch case for 0#697]#699]#703])>+3: {"op": "Jump". "target": 279}')
debug_merge_point(0, 0, '279<main.rpyeffect:271(Name(step_102))>+0: {"op": "New". "out": 0. "targets": [272. 274. 276. 278]. "args": {"num": [1. 0]. "ptr": []}}')
debug_merge_point(0, 0, '279<main.rpyeffect:271(Name(step_102))>+1: {"op": "Return". "args": {"num": []. "ptr": [0]}}')
debug_merge_point(0, 0, '262<main.rpyeffect:254([#708])>+0: {"op": "New". "out": 1. "targets": [257. 259]. "args": {"num": [0. 1]. "ptr": []}}')
debug_merge_point(0, 0, '262<main.rpyeffect:254([#708])>+1: {"op": "Const". "type": "ptr". "out": 2. "format": "string". "value": "Name(Operator_0)"}')
debug_merge_point(0, 0, '262<main.rpyeffect:254([#708])>+2: {"op": "PrimOp". "name": "getGlobal(String): Ptr". "out": {"num": []. "ptr": [2]}. "in": {"num": []. "ptr": [2]}}')
debug_merge_point(0, 0, '262<main.rpyeffect:254([#708])>+3: {"op": "Push". "target": 261. "args": {"num": []. "ptr": [0]}}')
debug_merge_point(0, 0, '262<main.rpyeffect:254([#708])>+4: {"op": "Copy". "type": "ptr". "from": 1. "to". 0}')
debug_merge_point(0, 0, '262<main.rpyeffect:254([#708])>+5: {"op": "Copy". "type": "ptr". "from": 2. "to". 1}')
debug_merge_point(0, 0, '262<main.rpyeffect:254([#708])>+6: {"op": "Jump". "target": 252}')
debug_merge_point(0, 0, '252<main.rpyeffect:244([mcore:[#40]#606])>+0: {"op": "New". "out": 1. "targets": [239. 250]. "args": {"num": []. "ptr": []}}')
debug_merge_point(0, 0, '252<main.rpyeffect:244([mcore:[#40]#606])>+1: {"op": "Const". "type": "ptr". "out": 2. "format": "string". "value": "Name(Operator_0)"}')
debug_merge_point(0, 0, '252<main.rpyeffect:244([mcore:[#40]#606])>+2: {"op": "PrimOp". "name": "getGlobal(String): Ptr". "out": {"num": []. "ptr": [2]}. "in": {"num": []. "ptr": [2]}}')
debug_merge_point(0, 0, '252<main.rpyeffect:244([mcore:[#40]#606])>+3: {"op": "NewStackWithBinding". "out": 1. "target": 251. "region": 2. "args": {"num": []. "ptr": []}. "label": 2. "binding": 1}')
debug_merge_point(0, 0, '252<main.rpyeffect:244([mcore:[#40]#606])>+4: {"op": "PushStack". "arg": 1}')
+328: guard_isnull(p33, descr=<Guard0x12014efa0>) [p0, i1, i2, i3, i4, i5, i6, i7, i8, i9, i10, i11, i12, i13, i14, i15, i16, p17, p18, p19, p20, p21, p22, p23, p24, p25, p26, p27, p28, p29, p30, p31, p32, p33, p34, i35, i36]
debug_merge_point(0, 0, '252<main.rpyeffect:244([mcore:[#40]#606])>+5: {"op": "Invoke". "receiver": 0. "tag": Interned(%apply():n). "args" : {"num": []. "ptr": []}}')
debug_merge_point(0, 0, '257<main.rpyeffect:249([method_%apply():n@[#708]#711])>+0: {"op": "Const". "type": "ptr". "out": 0. "format": "string". "value": "Name(Operator_0)"}')
debug_merge_point(0, 0, '257<main.rpyeffect:249([method_%apply():n@[#708]#711])>+1: {"op": "PrimOp". "name": "getGlobal(String): Ptr". "out": {"num": []. "ptr": [0]}. "in": {"num": []. "ptr": [0]}}')
debug_merge_point(0, 0, '257<main.rpyeffect:249([method_%apply():n@[#708]#711])>+2: {"op": "Jump". "target": 254}')
debug_merge_point(0, 0, '254<main.rpyeffect:246([mcore:[#41]#680])>+0: {"op": "Const". "type": "ptr". "out": 0. "format": "string". "value": "Name(Operator_0)"}')
debug_merge_point(0, 0, '254<main.rpyeffect:246([mcore:[#41]#680])>+1: {"op": "PrimOp". "name": "getGlobal(String): Ptr". "out": {"num": []. "ptr": [0]}. "in": {"num": []. "ptr": [0]}}')
debug_merge_point(0, 0, '254<main.rpyeffect:246([mcore:[#41]#680])>+2: {"op": "Push". "target": 253. "args": {"num": [1]. "ptr": []}}')
debug_merge_point(0, 0, '254<main.rpyeffect:246([mcore:[#41]#680])>+3: {"op": "Jump". "target": 227}')
debug_merge_point(0, 0, '227<main.rpyeffect:219(Name(loop_50))>+0: {"op": "New". "out": 0. "targets": [220. 222. 224. 226]. "args": {"num": [0]. "ptr": []}}')
debug_merge_point(0, 0, '227<main.rpyeffect:219(Name(loop_50))>+1: {"op": "Return". "args": {"num": []. "ptr": [0]}}')
debug_merge_point(0, 0, '253<main.rpyeffect:245([k@[mcore:[#41]#680]#685])>+0: {"op": "Invoke". "receiver": 0. "tag": Interned(%apply(n):n). "args" : {"num": [0]. "ptr": []}}')
debug_merge_point(0, 0, '222<main.rpyeffect:214([method_%apply(n):n@Name(loop_50)#581])>+0: {"op": "Const". "type": "ptr". "out": 0. "format": "string". "value": "Name(Operator_0)"}')
debug_merge_point(0, 0, '222<main.rpyeffect:214([method_%apply(n):n@Name(loop_50)#581])>+1: {"op": "PrimOp". "name": "getGlobal(String): Ptr". "out": {"num": []. "ptr": [0]}. "in": {"num": []. "ptr": [0]}}')
debug_merge_point(0, 0, '222<main.rpyeffect:214([method_%apply(n):n@Name(loop_50)#581])>+2: {"op": "Push". "target": 221. "args": {"num": []. "ptr": []}}')
debug_merge_point(0, 0, '222<main.rpyeffect:214([method_%apply(n):n@Name(loop_50)#581])>+3: {"op": "Jump". "target": 218}')
+340: p69 = new_with_vtable(descr=<SizeDescr 40>)
+444: p70 = new_with_vtable(descr=<SizeDescr 40>)
+456: setfield_gc(p70, ConstPtr(null), descr=<FieldP rpyeffect.stored_environment.Stack__arb_arb.inst_tail 8 pure>)
+464: setfield_gc(p70, 251, descr=<FieldS rpyeffect.stored_environment.Stack__arb_arb.inst_target 16 pure>)
+472: p73 = new_with_vtable(descr=<SizeDescr 40>)
+484: p74 = new_with_vtable(descr=<SizeDescr 48>)
+496: p75 = new_with_vtable(descr=<SizeDescr 40>)
+508: p76 = new_with_vtable(descr=<SizeDescr 40>)
+520: setfield_gc(p76, p60, descr=<FieldP rpyeffect.stored_environment.Stack__arb_arb.inst_tail 8 pure>)
+524: setfield_gc(p76, 260, descr=<FieldS rpyeffect.stored_environment.Stack__arb_arb.inst_target 16 pure>)
+532: setfield_gc(p75, p76, descr=<FieldP rpyeffect.stored_environment.Stack__arb_arb.inst_tail 8 pure>)
+536: setfield_gc(p75, 273, descr=<FieldS rpyeffect.stored_environment.Stack__arb_arb.inst_target 16 pure>)
+544: setfield_gc(p74, p75, descr=<FieldP rpyeffect.stored_environment.Stack__arb_arb.inst_tail 8 pure>)
+548: setfield_gc(p74, 261, descr=<FieldS rpyeffect.stored_environment.Stack__arb_arb.inst_target 16 pure>)
+556: p80 = new_with_vtable(descr=<SizeDescr 48>)
+568: setfield_gc(p80, ConstPtr(ptr81), descr=<FieldP rpyeffect.stored_environment.CoData__arb_arb.inst_vtable 24 pure>)
+572: setfield_gc(p80, i63, descr=<FieldS rpyeffect.stored_environment.CoData__2_0.inst_values_num_0 32 pure>)
+576: setfield_gc(p80, i68, descr=<FieldS rpyeffect.stored_environment.CoData__2_0.inst_values_num_1 40 pure>)
+580: setfield_gc(p74, p80, descr=<FieldP rpyeffect.stored_environment.Stack__0_1.inst_values_ptr_0 40 pure>)
+584: p82 = new_with_vtable(descr=<SizeDescr 32>)
+596: p83 = new_with_vtable(descr=<SizeDescr 48>)
+608: setfield_gc(p73, p74, descr=<FieldP rpyeffect.stack.MetaStackLike.inst_stack 8 pure>)
+612: setfield_gc(p73, p31, descr=<FieldP rpyeffect.stack.MetaStack.inst_label 16 pure>)
+620: p84 = new_with_vtable(descr=<SizeDescr 24>)
+636: setfield_gc(p84, ConstPtr(ptr85), descr=<FieldP rpyeffect.region.Region.inst_boxes 8 pure>)
+644: setfield_gc(p84, ConstPtr(ptr86), descr=<FieldP rpyeffect.region.Region.inst_refs 16>)
+648: setfield_gc(p73, ConstPtr(null), descr=<FieldP rpyeffect.stack.MetaStack.inst_region 24 pure>)
+656: setfield_gc(p73, p32, descr=<FieldP rpyeffect.stack.MetaStack.inst_tail 32 pure>)
+664: setfield_gc(p69, 221, descr=<FieldS rpyeffect.stored_environment.Stack__arb_arb.inst_target 16 pure>)
+672: setfield_gc(p69, p70, descr=<FieldP rpyeffect.stored_environment.Stack__arb_arb.inst_tail 8 pure>)
+680: setfield_gc(p82, ConstPtr(ptr89), descr=<FieldP rpyeffect.stored_environment.CoData__arb_arb.inst_vtable 24 pure>)
+684: setfield_gc(p83, p70, descr=<FieldP rpyeffect.stack.MetaStackLike.inst_stack 8 pure>)
+692: setfield_gc(p83, ConstPtr(ptr90), descr=<FieldP rpyeffect.stack.MetaStack.inst_label 16 pure>)
+696: setfield_gc(p83, p84, descr=<FieldP rpyeffect.stack.MetaStack.inst_region 24 pure>)
+700: setfield_gc(p83, ConstPtr(null), descr=<FieldP rpyeffect.stack.MetaStack.inst_tail 32 pure>)
+708: setfield_gc(p83, p82, descr=<FieldP rpyeffect.stack.MetaStackWithBinding.inst_binding 40 pure>)
+824: jump(ConstPtr(ptr92), p69, p0, p73, p82, i58, i63, i58, 0, i5, i6, i7, i8, i9, i10, i11, i12, i13, i14, i15, i16, ConstPtr(ptr94), p83, p84, p18, p19, p20, p21, p22, p23, p24, p25, p26, p27, p28, p29, p30, descr=TargetToken(5104392000))
+952: --end of the loop--
[76c6e41] jit-log-opt-bridge}
[779c380] {jit-log-opt-bridge
# bridge out of Guard 0x1303f30a0 with 77 ops
[p0, i1, i2, i3, i4, i5, i6, i7, i8, i9, i10, i11, i12, i13, i14, i15, i16, p17, p18, p19, p20, p21, p22, p23, p24, p25, p26, p27, p28, p29, p30, p31, p32, p33, p34, p35, p36]
+168: guard_not_invalidated(descr=<Guard0x120d369c0>) [p0, i1, i2, i3, i4, i5, i6, i7, i8, i9, i10, i11, i12, i13, i14, i15, i16, p17, p18, p19, p20, p21, p22, p23, p24, p25, p26, p27, p28, p29, p30, p31, p32, p33, p34, p35, p36]
+172: guard_nonnull(p34, descr=<Guard0x120ccc2e0>) [p0, i1, i2, i3, i4, i5, i6, i7, i8, i9, i10, i11, i12, i13, i14, i15, i16, p17, p18, p19, p20, p21, p22, p23, p24, p25, p26, p27, p28, p29, p30, p31, p32, p33, p34, p35, p36]
+180: i37 = getfield_gc_i(p34, descr=<FieldS rpyeffect.stored_environment.Stack__arb_arb.inst_target 16 pure>)
+184: guard_value(i37, 221, descr=<Guard0x120ccc320>) [p0, i1, i2, i3, i4, i5, i6, i7, i8, i9, i10, i11, i12, i13, i14, i15, i16, p17, p18, p19, p20, p21, p22, p23, p24, p25, p26, p27, p28, p29, p30, p31, p32, p33, p34, p35, p36]
debug_merge_point(0, 0, '218<main.rpyeffect:210([mcore:[#31]#533])>+0: {"op": "Push". "target": 217. "args": {"num": [0. 1]. "ptr": []}}')
debug_merge_point(0, 0, '218<main.rpyeffect:210([mcore:[#31]#533])>+1: {"op": "Copy". "type": "num". "from": 1. "to". 0}')
debug_merge_point(0, 0, '218<main.rpyeffect:210([mcore:[#31]#533])>+2: {"op": "Jump". "target": 17}')
debug_merge_point(0, 0, '17<main.rpyeffect:9(Name(=_0))>+0: {"op": "New". "out": 0. "targets": [10. 12. 14. 16]. "args": {"num": [0]. "ptr": []}}')
debug_merge_point(0, 0, '17<main.rpyeffect:9(Name(=_0))>+1: {"op": "Return". "args": {"num": []. "ptr": [0]}}')
debug_merge_point(0, 0, '217<main.rpyeffect:209([k@[mcore:[#31]#533]#535])>+0: {"op": "Const". "type": "num". "out": 2. "value": 0}')
debug_merge_point(0, 0, '217<main.rpyeffect:209([k@[mcore:[#31]#533]#535])>+1: {"op": "Push". "target": 216. "args": {"num": [0. 1]. "ptr": []}}')
debug_merge_point(0, 0, '217<main.rpyeffect:209([k@[mcore:[#31]#533]#535])>+2: {"op": "Copy". "type": "num". "from": 2. "to". 0}')
debug_merge_point(0, 0, '217<main.rpyeffect:209([k@[mcore:[#31]#533]#535])>+3: {"op": "Invoke". "receiver": 0. "tag": Interned(%apply(n):n). "args" : {"num": [0]. "ptr": []}}')
debug_merge_point(0, 0, '10<main.rpyeffect:2([method_%apply(n):n@Name(=_0)#7])>+0: {"op": "Jump". "target": 8}')
debug_merge_point(0, 0, '8<main.rpyeffect:0([mcore:[#9]#3])>+0: {"op": "PrimOp". "name": "infixEq(Int. Int): Boolean". "out": {"num": [0]. "ptr": []}. "in": {"num": [1. 0]. "ptr": []}}')
+196: i40 = int_eq(i2, 0)
guard_false(i40, descr=<Guard0x120ccc360>) [p0, i1, i2, i3, i4, i5, i6, i7, i8, i9, i10, i11, i12, i13, i14, i15, i16, p17, p18, p19, p20, p21, p22, p23, p24, p25, p26, p27, p28, p29, p30, p31, p32, p33, p34, p35, p36]
debug_merge_point(0, 0, '8<main.rpyeffect:0([mcore:[#9]#3])>+1: {"op": "Return". "args": {"num": [0]. "ptr": []}}')
debug_merge_point(0, 0, '216<main.rpyeffect:208([k@[k@[mcore:[#31]#533]#535]#539])>+0: {"op": "Switch". "scrutinee": 0. "values": [1]. "targets": [207]. "default": 215}')
debug_merge_point(0, 0, '215<main.rpyeffect:207([switch default case#543])>+0: {"op": "Swap". "type": "num". "a": 2. "b". 0}')
debug_merge_point(0, 0, '215<main.rpyeffect:207([switch default case#543])>+1: {"op": "Swap". "type": "num". "a": 1. "b". 0}')
debug_merge_point(0, 0, '215<main.rpyeffect:207([switch default case#543])>+2: {"op": "Switch". "scrutinee": 2. "values": [0]. "targets": [213]. "default": 214}')
debug_merge_point(0, 0, '213<main.rpyeffect:205([switch case for 0#544])>+0: {"op": "Const". "type": "num". "out": 2. "value": 0}')
debug_merge_point(0, 0, '213<main.rpyeffect:205([switch case for 0#544])>+1: {"op": "Const". "type": "ptr". "out": 0. "format": "string". "value": "Name(Operator_0)"}')
debug_merge_point(0, 0, '213<main.rpyeffect:205([switch case for 0#544])>+2: {"op": "PrimOp". "name": "getGlobal(String): Ptr". "out": {"num": []. "ptr": [0]}. "in": {"num": []. "ptr": [0]}}')
debug_merge_point(0, 0, '213<main.rpyeffect:205([switch case for 0#544])>+3: {"op": "GetDynamic". "out": 0. "n": 2. "label": 0}')
+204: guard_nonnull(p36, descr=<Guard0x120ccc3a0>) [p0, i1, i2, i3, i4, i5, i6, i7, i8, i9, i10, i11, i12, i13, i14, i15, i16, p17, p18, p19, p20, p21, p22, p23, p24, p25, p26, p27, p28, p29, p30, p31, p32, p33, p34, p35, p36]
+216: i42 = instance_ptr_eq(p33, ConstPtr(ptr41))
guard_true(i42, descr=<Guard0x120ccc3e0>) [p0, i1, i2, i3, i4, i5, i6, i7, i8, i9, i10, i11, i12, i13, i14, i15, i16, p17, p18, p19, p20, p21, p22, p23, p24, p25, p26, p27, p28, p29, p30, p31, p32, p33, p34, p35, p36]
debug_merge_point(0, 0, '213<main.rpyeffect:205([switch case for 0#544])>+4: {"op": "Push". "target": 212. "args": {"num": [0. 1]. "ptr": []}}')
debug_merge_point(0, 0, '213<main.rpyeffect:205([switch case for 0#544])>+5: {"op": "Copy". "type": "num". "from": 1. "to". 0}')
debug_merge_point(0, 0, '213<main.rpyeffect:205([switch case for 0#544])>+6: {"op": "Invoke". "receiver": 0. "tag": Interned(%Operator_0(n):p). "args" : {"num": [0]. "ptr": []}}')
+224: p43 = getfield_gc_r(p36, descr=<FieldP rpyeffect.stored_environment.CoData__arb_arb.inst_vtable 24 pure>)
+232: guard_value(p43, ConstPtr(ptr44), descr=<Guard0x120ccc420>) [p0, i1, i2, i3, i4, i5, i6, i7, i8, i9, i10, i11, i12, i13, i14, i15, i16, p17, p18, p19, p20, p21, p22, p23, p24, p25, p26, p27, p28, p29, p30, p31, p32, p33, p34, p35, p36]
debug_merge_point(0, 0, '239<main.rpyeffect:231([#608])>+0: {"op": "Const". "type": "num". "out": 1. "value": 0}')
debug_merge_point(0, 0, '239<main.rpyeffect:231([#608])>+1: {"op": "Const". "type": "ptr". "out": 0. "format": "string". "value": "Name(Operator_0)"}')
debug_merge_point(0, 0, '239<main.rpyeffect:231([#608])>+2: {"op": "PrimOp". "name": "getGlobal(String): Ptr". "out": {"num": []. "ptr": [0]}. "in": {"num": []. "ptr": [0]}}')
debug_merge_point(0, 0, '239<main.rpyeffect:231([#608])>+3: {"op": "ShiftDyn". "out": 0. "n": 1. "label": 0}')
+240: guard_nonnull_class(p35, 4372295360, descr=<Guard0x120d36a18>) [p0, i1, i2, i3, i4, i5, i6, i7, i8, i9, i10, i11, i12, i13, i14, i15, i16, p17, p18, p19, p20, p21, p22, p23, p24, p25, p26, p27, p28, p29, p30, p31, p32, p33, p34, p35, p36]
+264: p46 = getfield_gc_r(p35, descr=<FieldP rpyeffect.stack.MetaStackLike.inst_stack 8 pure>)
+268: p47 = getfield_gc_r(p35, descr=<FieldP rpyeffect.stack.MetaStack.inst_label 16 pure>)
+272: p48 = getfield_gc_r(p35, descr=<FieldP rpyeffect.stack.MetaStack.inst_tail 32 pure>)
+276: guard_nonnull(p46, descr=<Guard0x120ccc460>) [p0, i1, i2, i3, i4, i5, i6, i7, i8, i9, i10, i11, i12, i13, i14, i15, i16, p17, p18, p19, p20, p21, p22, p23, p24, p25, p26, p27, p28, p29, p30, p31, p32, p33, p34, p35, p36]
+284: i49 = getfield_gc_i(p46, descr=<FieldS rpyeffect.stored_environment.Stack__arb_arb.inst_target 16 pure>)
+288: guard_value(i49, 261, descr=<Guard0x120ccc4a0>) [p0, i1, i2, i3, i4, i5, i6, i7, i8, i9, i10, i11, i12, i13, i14, i15, i16, p17, p18, p19, p20, p21, p22, p23, p24, p25, p26, p27, p28, p29, p30, p31, p32, p33, p34, p35, p36]
debug_merge_point(0, 0, '239<main.rpyeffect:231([#608])>+4: {"op": "Construct". "out": 1. "type": Interned({"op": "eff$Tuple". "elements": []}). "tag": Interned({"op": "eff$Tuple". "elements": []}). "args": {"num": []. "ptr": []}}')
debug_merge_point(0, 0, '239<main.rpyeffect:231([#608])>+5: {"op": "Push". "target": 238. "args": {"num": [0]. "ptr": []}}')
debug_merge_point(0, 0, '239<main.rpyeffect:231([#608])>+6: {"op": "Swap". "type": "ptr". "a": 1. "b". 0}')
debug_merge_point(0, 0, '239<main.rpyeffect:231([#608])>+7: {"op": "Jump". "target": 228}')
debug_merge_point(0, 0, '228<main.rpyeffect:220(Name(k_146))>+0: {"op": "PushStack". "arg": 1}')
debug_merge_point(0, 0, '228<main.rpyeffect:220(Name(k_146))>+1: {"op": "Return". "args": {"num": []. "ptr": [0]}}')
debug_merge_point(0, 0, '212<main.rpyeffect:204([k@[switch case for 0#544]#552])>+0: {"op": "Push". "target": 211. "args": {"num": [0]. "ptr": []}}')
debug_merge_point(0, 0, '212<main.rpyeffect:204([k@[switch case for 0#544]#552])>+1: {"op": "Copy". "type": "num". "from": 1. "to". 0}')
debug_merge_point(0, 0, '212<main.rpyeffect:204([k@[switch case for 0#544]#552])>+2: {"op": "Jump". "target": 186}')
debug_merge_point(0, 0, '186<main.rpyeffect:178(Name(-_34))>+0: {"op": "New". "out": 0. "targets": [179. 181. 183. 185]. "args": {"num": [0]. "ptr": []}}')
debug_merge_point(0, 0, '186<main.rpyeffect:178(Name(-_34))>+1: {"op": "Return". "args": {"num": []. "ptr": [0]}}')
debug_merge_point(0, 0, '211<main.rpyeffect:203([k@[k@[switch case for 0#544]#552]#554])>+0: {"op": "Const". "type": "num". "out": 1. "value": 1}')
debug_merge_point(0, 0, '211<main.rpyeffect:203([k@[k@[switch case for 0#544]#552]#554])>+1: {"op": "Push". "target": 210. "args": {"num": [0]. "ptr": []}}')
debug_merge_point(0, 0, '211<main.rpyeffect:203([k@[k@[switch case for 0#544]#552]#554])>+2: {"op": "Copy". "type": "num". "from": 1. "to". 0}')
debug_merge_point(0, 0, '211<main.rpyeffect:203([k@[k@[switch case for 0#544]#552]#554])>+3: {"op": "Invoke". "receiver": 0. "tag": Interned(%apply(n):n). "args" : {"num": [0]. "ptr": []}}')
debug_merge_point(0, 0, '179<main.rpyeffect:171([method_%apply(n):n@Name(-_34)#469])>+0: {"op": "Jump". "target": 177}')
debug_merge_point(0, 0, '177<main.rpyeffect:169([mcore:[#24]#465])>+0: {"op": "PrimOp". "name": "infixSub(Int. Int): Int". "out": {"num": [0]. "ptr": []}. "in": {"num": [1. 0]. "ptr": []}}')
+300: i52 = int_sub(i2, 1)
debug_merge_point(0, 0, '177<main.rpyeffect:169([mcore:[#24]#465])>+1: {"op": "Return". "args": {"num": [0]. "ptr": []}}')
debug_merge_point(0, 0, '210<main.rpyeffect:202([#558])>+0: {"op": "Const". "type": "ptr". "out": 0. "format": "string". "value": "Name(Operator_0)"}')
debug_merge_point(0, 0, '210<main.rpyeffect:202([#558])>+1: {"op": "PrimOp". "name": "getGlobal(String): Ptr". "out": {"num": []. "ptr": [0]}. "in": {"num": []. "ptr": [0]}}')
debug_merge_point(0, 0, '210<main.rpyeffect:202([#558])>+2: {"op": "Push". "target": 209. "args": {"num": [1]. "ptr": []}}')
debug_merge_point(0, 0, '210<main.rpyeffect:202([#558])>+3: {"op": "Jump". "target": 227}')
debug_merge_point(0, 0, '227<main.rpyeffect:219(Name(loop_50))>+0: {"op": "New". "out": 0. "targets": [220. 222. 224. 226]. "args": {"num": [0]. "ptr": []}}')
debug_merge_point(0, 0, '227<main.rpyeffect:219(Name(loop_50))>+1: {"op": "Return". "args": {"num": []. "ptr": [0]}}')
debug_merge_point(0, 0, '209<main.rpyeffect:201([k@[#558]#563])>+0: {"op": "Push". "target": 208. "args": {"num": []. "ptr": []}}')
debug_merge_point(0, 0, '209<main.rpyeffect:201([k@[#558]#563])>+1: {"op": "Invoke". "receiver": 0. "tag": Interned(%apply(n):n). "args" : {"num": [0]. "ptr": []}}')
debug_merge_point(0, 0, '222<main.rpyeffect:214([method_%apply(n):n@Name(loop_50)#581])>+0: {"op": "Const". "type": "ptr". "out": 0. "format": "string". "value": "Name(Operator_0)"}')
debug_merge_point(0, 0, '222<main.rpyeffect:214([method_%apply(n):n@Name(loop_50)#581])>+1: {"op": "PrimOp". "name": "getGlobal(String): Ptr". "out": {"num": []. "ptr": [0]}. "in": {"num": []. "ptr": [0]}}')
debug_merge_point(0, 0, '222<main.rpyeffect:214([method_%apply(n):n@Name(loop_50)#581])>+2: {"op": "Push". "target": 221. "args": {"num": []. "ptr": []}}')
debug_merge_point(0, 0, '222<main.rpyeffect:214([method_%apply(n):n@Name(loop_50)#581])>+3: {"op": "Jump". "target": 218}')
+304: jump(p33, p34, p0, p46, i2, p47, p48, p36, i1, i52, i4, i5, i6, i7, i8, i9, i10, i11, i12, i13, i14, i15, i16, p19, p20, p21, p22, p23, p24, p25, p26, p27, p28, p29, p30, p31, p32, descr=TargetToken(5104392080))
+348: --end of the loop--
[77ad49d] jit-log-opt-bridge}
[14cfeac7] {jit-summary
Tracing:      	8	0.005398
Backend:      	8	0.001065
TOTAL:      		0.341909
ops:             	19495
heapcached ops:  	2268
recorded ops:    	5302
  calls:         	3216
guards:          	616
opt ops:         	691
opt guards:      	77
opt guards shared:	62
forcings:        	0
abort: trace too long:	0
abort: compiling:	0
abort: vable escape:	0
abort: bad loop: 	0
abort: force quasi-immut:	0
abort: segmenting trace:	0
virtualizables forced:	0
nvirtuals:       	20
nvholes:         	0
nvreused:        	0
vecopt tried:    	0
vecopt success:  	0
Total # of loops:	4
Total # of bridges:	4
Freed # of loops:	0
Freed # of bridges:	0
[14d01fac] jit-summary}
