[c5f39e] {jit-log-opt-loop
# Loop 1 (217<main.rpyeffect:209([#555])>+3: {"op": "Copy", "type": "ptr", "from": 2, "to", 1}) : loop with 81 ops
[p0, p1, p2, p3, p4]
+232: p5 = getfield_gc_r(p2, descr=<FieldP rpyeffect.environment.Environment.inst_values_num 16>)
+240: i7 = getarrayitem_gc_i(p5, 0, descr=<ArrayS 8>)
+244: i9 = getarrayitem_gc_i(p5, 1, descr=<ArrayS 8>)
+248: i11 = getarrayitem_gc_i(p5, 2, descr=<ArrayS 8>)
+252: i13 = getarrayitem_gc_i(p5, 3, descr=<ArrayS 8>)
+256: i15 = getarrayitem_gc_i(p5, 4, descr=<ArrayS 8>)
+260: i17 = getarrayitem_gc_i(p5, 5, descr=<ArrayS 8>)
+264: i19 = getarrayitem_gc_i(p5, 6, descr=<ArrayS 8>)
+268: i21 = getarrayitem_gc_i(p5, 7, descr=<ArrayS 8>)
+272: i23 = getarrayitem_gc_i(p5, 8, descr=<ArrayS 8>)
+276: i25 = getarrayitem_gc_i(p5, 9, descr=<ArrayS 8>)
+280: i27 = getarrayitem_gc_i(p5, 10, descr=<ArrayS 8>)
+284: i29 = getarrayitem_gc_i(p5, 11, descr=<ArrayS 8>)
+288: i31 = getarrayitem_gc_i(p5, 12, descr=<ArrayS 8>)
+292: i33 = getarrayitem_gc_i(p5, 13, descr=<ArrayS 8>)
+296: i35 = getarrayitem_gc_i(p5, 14, descr=<ArrayS 8>)
+304: i37 = getarrayitem_gc_i(p5, 15, descr=<ArrayS 8>)
+308: p38 = getfield_gc_r(p2, descr=<FieldP rpyeffect.environment.Environment.inst_values_ptr 24>)
+312: p40 = getarrayitem_gc_r(p38, 0, descr=<ArrayP 8>)
+320: p42 = getarrayitem_gc_r(p38, 1, descr=<ArrayP 8>)
+328: p44 = getarrayitem_gc_r(p38, 2, descr=<ArrayP 8>)
+336: p46 = getarrayitem_gc_r(p38, 3, descr=<ArrayP 8>)
+344: p48 = getarrayitem_gc_r(p38, 4, descr=<ArrayP 8>)
+352: p50 = getarrayitem_gc_r(p38, 5, descr=<ArrayP 8>)
+360: p52 = getarrayitem_gc_r(p38, 6, descr=<ArrayP 8>)
+368: p54 = getarrayitem_gc_r(p38, 7, descr=<ArrayP 8>)
+376: p56 = getarrayitem_gc_r(p38, 8, descr=<ArrayP 8>)
+384: p58 = getarrayitem_gc_r(p38, 9, descr=<ArrayP 8>)
+392: p60 = getarrayitem_gc_r(p38, 10, descr=<ArrayP 8>)
+400: p62 = getarrayitem_gc_r(p38, 11, descr=<ArrayP 8>)
+408: p64 = getarrayitem_gc_r(p38, 12, descr=<ArrayP 8>)
+416: p66 = getarrayitem_gc_r(p38, 13, descr=<ArrayP 8>)
+424: p68 = getarrayitem_gc_r(p38, 14, descr=<ArrayP 8>)
+432: p70 = getarrayitem_gc_r(p38, 15, descr=<ArrayP 8>)
+436: label(p0, p1, p2, p3, p4, i7, i9, i11, i13, i15, i17, i19, i21, i23, i25, i27, i29, i31, i33, i35, i37, p40, p42, p44, p46, p48, p50, p52, p54, p56, p58, p60, p62, p64, p66, p68, p70, descr=TargetToken(5641262992))
debug_merge_point(0, 0, '217<main.rpyeffect:209([#555])>+3: {"op": "Copy". "type": "ptr". "from": 2. "to". 1}')
+496: guard_not_invalidated(descr=<Guard0x1503e5b48>) [p2, i7, i9, i11, i13, i15, i17, i19, i21, i23, i25, i27, i29, i31, i33, i35, i37, p40, p42, p44, p46, p48, p50, p52, p54, p56, p58, p60, p62, p64, p66, p68, p70, p0, p1, p3, p4]
debug_merge_point(0, 0, '217<main.rpyeffect:209([#555])>+4: {"op": "Jump". "target": 221}')
debug_merge_point(0, 0, '221<main.rpyeffect:213(Name(iterate_56))>+0: {"op": "Match". "type": Interned({"op": "eff$Sum". "constructors": [{"name": Leaf_2. "arg": {"op": "Unit"}}]}). "scrutinee": 0. "clauses": [{"tag": Interned(Leaf_2). "target": 220. "args": {"num": []. "ptr": []}}]. "default": {"tag": Interned(2b926574-51e4-4a82-ba1d-f702565eb614#[Missing Tag#818]). "target": 219. "args": {"num": []. "ptr": []}}}')
+500: p71 = getfield_gc_r(p40, descr=<FieldP rpyeffect.stored_environment.Data__arb_arb.inst_tag 8>)
+508: guard_value(p71, ConstPtr(ptr72), descr=<Guard0x1503f4ee0>) [p2, i7, i9, i11, i13, i15, i17, i19, i21, i23, i25, i27, i29, i31, i33, i35, i37, p40, p42, p44, p46, p48, p50, p52, p54, p56, p58, p60, p62, p64, p66, p68, p70, p0, p1, p3, p4]
+516: guard_nonnull(p1, descr=<Guard0x1503f4f20>) [p2, i7, i9, i11, i13, i15, i17, i19, i21, i23, i25, i27, i29, i31, i33, i35, i37, p40, p42, p44, p46, p48, p50, p52, p54, p56, p58, p60, p62, p64, p66, p68, p70, p0, p1, p3, p4]
+528: i73 = getfield_gc_i(p1, descr=<FieldS rpyeffect.stored_environment.Stack__arb_arb.inst_target 16 pure>)
+536: guard_value(i73, 216, descr=<Guard0x1503f4f60>) [p2, i7, i9, i11, i13, i15, i17, i19, i21, i23, i25, i27, i29, i31, i33, i35, i37, p40, p42, p44, p46, p48, p50, p52, p54, p56, p58, p60, p62, p64, p66, p68, p70, p0, p1, p3, p4]
debug_merge_point(0, 0, '219<main.rpyeffect:211([match_def@Name(iterate_56)#547])>+0: {"op": "Match". "type": Interned({"op": "eff$Sum". "constructors": [{"name": Node_3. "arg": {"op": "Unit"}}]}). "scrutinee": 0. "clauses": [{"tag": Interned(Node_3). "target": 218. "args": {"num": []. "ptr": [0]}}]. "default": {"tag": Interned(2b926574-51e4-4a82-ba1d-f702565eb614#[Missing Tag#817]). "target": 213. "args": {"num": []. "ptr": []}}}')
+548: p75 = getfield_gc_r(p40, descr=<FieldP rpyeffect.stored_environment.Data__0_1.inst_values_ptr_0 32 pure>)
debug_merge_point(0, 0, '218<main.rpyeffect:210([#551])>+0: {"op": "Match". "type": Interned({"op": "eff$Tuple". "elements": [{"op": "Data". "type_tag": "{\"op\": \"eff$Sum\". \"constructors\": [{\"name\": Leaf_2. \"arg\": {\"op\": \"Unit\"}}. {\"name\": Node_3. \"arg\": {\"op\": \"Data\". \"type_tag\": \"{\\\"op\\\": \\\"eff$Tuple\\\". \\\"elements\\\": [{\\\"op\\\": \\\"Top\\\"}. {\\\"op\\\": \\\"Int\\\"}. {\\\"op\\\": \\\"Top\\\"}]}\". \"constructors\": [{\"tag\": \"{\\\"op\\\": \\\"eff$Tuple\\\". \\\"elements\\\": [{\\\"op\\\": \\\"Top\\\"}. {\\\"op\\\": \\\"Int\\\"}. {\\\"op\\\": \\\"Top\\\"}]}\". \"fields\": [{\"op\": \"Top\"}. {\"op\": \"Int\"}. {\"op\": \"Top\"}]}]}}]}". "constructors": [{"tag": "Leaf_2". "fields": []}. {"tag": "Node_3". "fields": [{"op": "Data". "type_tag": "{\"op\": \"eff$Tuple\". \"elements\": [{\"op\": \"Top\"}. {\"op\": \"Int\"}. {\"op\": \"Top\"}]}". "constructors": [{"tag": "{\"op\": \"eff$Tuple\". \"elements\": [{\"op\": \"Top\"}. {\"op\": \"Int\"}. {\"op\": \"Top\"}]}". "fields": [{"op": "Top"}. {"op": "Int"}. {"op": "Top"}]}]}]}]}. {"op": "Int"}. {"op": "Data". "type_tag": "{\"op\": \"eff$Sum\". \"constructors\": [{\"name\": Leaf_2. \"arg\": {\"op\": \"Unit\"}}. {\"name\": Node_3. \"arg\": {\"op\": \"Data\". \"type_tag\": \"{\\\"op\\\": \\\"eff$Tuple\\\". \\\"elements\\\": [{\\\"op\\\": \\\"Top\\\"}. {\\\"op\\\": \\\"Int\\\"}. {\\\"op\\\": \\\"Top\\\"}]}\". \"constructors\": [{\"tag\": \"{\\\"op\\\": \\\"eff$Tuple\\\". \\\"elements\\\": [{\\\"op\\\": \\\"Top\\\"}. {\\\"op\\\": \\\"Int\\\"}. {\\\"op\\\": \\\"Top\\\"}]}\". \"fields\": [{\"op\": \"Top\"}. {\"op\": \"Int\"}. {\"op\": \"Top\"}]}]}}]}". "constructors": [{"tag": "Leaf_2". "fields": []}. {"tag": "Node_3". "fields": [{"op": "Data". "type_tag": "{\"op\": \"eff$Tuple\". \"elements\": [{\"op\": \"Top\"}. {\"op\": \"Int\"}. {\"op\": \"Top\"}]}". "constructors": [{"tag": "{\"op\": \"eff$Tuple\". \"elements\": [{\"op\": \"Top\"}. {\"op\": \"Int\"}. {\"op\": \"Top\"}]}". "fields": [{"op": "Top"}. {"op": "Int"}. {"op": "Top"}]}]}]}]}]}). "scrutinee": 0. "clauses": [{"tag": Interned({"op": "eff$Tuple". "elements": [{"op": "Data". "type_tag": "{\"op\": \"eff$Sum\". \"constructors\": [{\"name\": Leaf_2. \"arg\": {\"op\": \"Unit\"}}. {\"name\": Node_3. \"arg\": {\"op\": \"Data\". \"type_tag\": \"{\\\"op\\\": \\\"eff$Tuple\\\". \\\"elements\\\": [{\\\"op\\\": \\\"Top\\\"}. {\\\"op\\\": \\\"Int\\\"}. {\\\"op\\\": \\\"Top\\\"}]}\". \"constructors\": [{\"tag\": \"{\\\"op\\\": \\\"eff$Tuple\\\". \\\"elements\\\": [{\\\"op\\\": \\\"Top\\\"}. {\\\"op\\\": \\\"Int\\\"}. {\\\"op\\\": \\\"Top\\\"}]}\". \"fields\": [{\"op\": \"Top\"}. {\"op\": \"Int\"}. {\"op\": \"Top\"}]}]}}]}". "constructors": [{"tag": "Leaf_2". "fields": []}. {"tag": "Node_3". "fields": [{"op": "Data". "type_tag": "{\"op\": \"eff$Tuple\". \"elements\": [{\"op\": \"Top\"}. {\"op\": \"Int\"}. {\"op\": \"Top\"}]}". "constructors": [{"tag": "{\"op\": \"eff$Tuple\". \"elements\": [{\"op\": \"Top\"}. {\"op\": \"Int\"}. {\"op\": \"Top\"}]}". "fields": [{"op": "Top"}. {"op": "Int"}. {"op": "Top"}]}]}]}]}. {"op": "Int"}. {"op": "Data". "type_tag": "{\"op\": \"eff$Sum\". \"constructors\": [{\"name\": Leaf_2. \"arg\": {\"op\": \"Unit\"}}. {\"name\": Node_3. \"arg\": {\"op\": \"Data\". \"type_tag\": \"{\\\"op\\\": \\\"eff$Tuple\\\". \\\"elements\\\": [{\\\"op\\\": \\\"Top\\\"}. {\\\"op\\\": \\\"Int\\\"}. {\\\"op\\\": \\\"Top\\\"}]}\". \"constructors\": [{\"tag\": \"{\\\"op\\\": \\\"eff$Tuple\\\". \\\"elements\\\": [{\\\"op\\\": \\\"Top\\\"}. {\\\"op\\\": \\\"Int\\\"}. {\\\"op\\\": \\\"Top\\\"}]}\". \"fields\": [{\"op\": \"Top\"}. {\"op\": \"Int\"}. {\"op\": \"Top\"}]}]}}]}". "constructors": [{"tag": "Leaf_2". "fields": []}. {"tag": "Node_3". "fields": [{"op": "Data". "type_tag": "{\"op\": \"eff$Tuple\". \"elements\": [{\"op\": \"Top\"}. {\"op\": \"Int\"}. {\"op\": \"Top\"}]}". "constructors": [{"tag": "{\"op\": \"eff$Tuple\". \"elements\": [{\"op\": \"Top\"}. {\"op\": \"Int\"}. {\"op\": \"Top\"}]}". "fields": [{"op": "Top"}. {"op": "Int"}. {"op": "Top"}]}]}]}]}]}). "target": 217. "args": {"num": [0]. "ptr": [0. 1]}}]. "default": {"tag": Interned(2b926574-51e4-4a82-ba1d-f702565eb614#[Missing Tag#816]). "target": 214. "args": {"num": []. "ptr": []}}}')
+552: p76 = getfield_gc_r(p75, descr=<FieldP rpyeffect.stored_environment.Data__arb_arb.inst_tag 8>)
+560: guard_value(p76, ConstPtr(ptr77), descr=<Guard0x1503f4fa0>) [p2, i7, i9, i11, i13, i15, i17, i19, i21, i23, i25, i27, i29, i31, i33, i35, i37, p40, p42, p44, p46, p48, p50, p52, p54, p56, p58, p60, p62, p64, p66, p68, p70, p0, p1, p3, p4]
+568: i78 = getfield_gc_i(p75, descr=<FieldS rpyeffect.stored_environment.Data__1_2.inst_values_num_0 32 pure>)
+572: p79 = getfield_gc_r(p75, descr=<FieldP rpyeffect.stored_environment.Data__1_2.inst_values_ptr_0 40 pure>)
+576: p80 = getfield_gc_r(p75, descr=<FieldP rpyeffect.stored_environment.Data__1_2.inst_values_ptr_1 48 pure>)
debug_merge_point(0, 0, '217<main.rpyeffect:209([#555])>+0: {"op": "Const". "type": "ptr". "out": 2. "format": "string". "value": "Name(Yield_0)"}')
debug_merge_point(0, 0, '217<main.rpyeffect:209([#555])>+1: {"op": "PrimOp". "name": "getGlobal(String): Ptr". "out": {"num": []. "ptr": [2]}. "in": {"num": []. "ptr": [2]}}')
debug_merge_point(0, 0, '217<main.rpyeffect:209([#555])>+2: {"op": "Push". "target": 216. "args": {"num": [0]. "ptr": [1]}}')
debug_merge_point(0, 0, '217<main.rpyeffect:209([#555])>+3: {"op": "Copy". "type": "ptr". "from": 2. "to". 1}')
+580: label(p0, p1, i78, p80, p2, p3, p4, i9, i11, i13, i15, i17, i19, i21, i23, i25, i27, i29, i31, i33, i35, i37, p79, p46, p48, p50, p52, p54, p56, p58, p60, p62, p64, p66, p68, p70, descr=TargetToken(5641263072))
debug_merge_point(0, 0, '217<main.rpyeffect:209([#555])>+3: {"op": "Copy". "type": "ptr". "from": 2. "to". 1}')
+580: guard_not_invalidated(descr=<Guard0x1503e5ba0>) [p2, i78, i9, i11, i13, i15, i17, i19, i21, i23, i25, i27, i29, i31, i33, i35, i37, p79, p80, p46, p48, p50, p52, p54, p56, p58, p60, p62, p64, p66, p68, p70, p0, p3, p4, p1]
debug_merge_point(0, 0, '217<main.rpyeffect:209([#555])>+4: {"op": "Jump". "target": 221}')
debug_merge_point(0, 0, '221<main.rpyeffect:213(Name(iterate_56))>+0: {"op": "Match". "type": Interned({"op": "eff$Sum". "constructors": [{"name": Leaf_2. "arg": {"op": "Unit"}}]}). "scrutinee": 0. "clauses": [{"tag": Interned(Leaf_2). "target": 220. "args": {"num": []. "ptr": []}}]. "default": {"tag": Interned(2b926574-51e4-4a82-ba1d-f702565eb614#[Missing Tag#818]). "target": 219. "args": {"num": []. "ptr": []}}}')
+584: p81 = getfield_gc_r(p79, descr=<FieldP rpyeffect.stored_environment.Data__arb_arb.inst_tag 8>)
+592: guard_value(p81, ConstPtr(ptr82), descr=<Guard0x1503f4fe0>) [p2, i78, i9, i11, i13, i15, i17, i19, i21, i23, i25, i27, i29, i31, i33, i35, i37, p79, p80, p46, p48, p50, p52, p54, p56, p58, p60, p62, p64, p66, p68, p70, p0, p3, p4, p1]
debug_merge_point(0, 0, '219<main.rpyeffect:211([match_def@Name(iterate_56)#547])>+0: {"op": "Match". "type": Interned({"op": "eff$Sum". "constructors": [{"name": Node_3. "arg": {"op": "Unit"}}]}). "scrutinee": 0. "clauses": [{"tag": Interned(Node_3). "target": 218. "args": {"num": []. "ptr": [0]}}]. "default": {"tag": Interned(2b926574-51e4-4a82-ba1d-f702565eb614#[Missing Tag#817]). "target": 213. "args": {"num": []. "ptr": []}}}')
+600: p83 = getfield_gc_r(p79, descr=<FieldP rpyeffect.stored_environment.Data__0_1.inst_values_ptr_0 32 pure>)
debug_merge_point(0, 0, '218<main.rpyeffect:210([#551])>+0: {"op": "Match". "type": Interned({"op": "eff$Tuple". "elements": [{"op": "Data". "type_tag": "{\"op\": \"eff$Sum\". \"constructors\": [{\"name\": Leaf_2. \"arg\": {\"op\": \"Unit\"}}. {\"name\": Node_3. \"arg\": {\"op\": \"Data\". \"type_tag\": \"{\\\"op\\\": \\\"eff$Tuple\\\". \\\"elements\\\": [{\\\"op\\\": \\\"Top\\\"}. {\\\"op\\\": \\\"Int\\\"}. {\\\"op\\\": \\\"Top\\\"}]}\". \"constructors\": [{\"tag\": \"{\\\"op\\\": \\\"eff$Tuple\\\". \\\"elements\\\": [{\\\"op\\\": \\\"Top\\\"}. {\\\"op\\\": \\\"Int\\\"}. {\\\"op\\\": \\\"Top\\\"}]}\". \"fields\": [{\"op\": \"Top\"}. {\"op\": \"Int\"}. {\"op\": \"Top\"}]}]}}]}". "constructors": [{"tag": "Leaf_2". "fields": []}. {"tag": "Node_3". "fields": [{"op": "Data". "type_tag": "{\"op\": \"eff$Tuple\". \"elements\": [{\"op\": \"Top\"}. {\"op\": \"Int\"}. {\"op\": \"Top\"}]}". "constructors": [{"tag": "{\"op\": \"eff$Tuple\". \"elements\": [{\"op\": \"Top\"}. {\"op\": \"Int\"}. {\"op\": \"Top\"}]}". "fields": [{"op": "Top"}. {"op": "Int"}. {"op": "Top"}]}]}]}]}. {"op": "Int"}. {"op": "Data". "type_tag": "{\"op\": \"eff$Sum\". \"constructors\": [{\"name\": Leaf_2. \"arg\": {\"op\": \"Unit\"}}. {\"name\": Node_3. \"arg\": {\"op\": \"Data\". \"type_tag\": \"{\\\"op\\\": \\\"eff$Tuple\\\". \\\"elements\\\": [{\\\"op\\\": \\\"Top\\\"}. {\\\"op\\\": \\\"Int\\\"}. {\\\"op\\\": \\\"Top\\\"}]}\". \"constructors\": [{\"tag\": \"{\\\"op\\\": \\\"eff$Tuple\\\". \\\"elements\\\": [{\\\"op\\\": \\\"Top\\\"}. {\\\"op\\\": \\\"Int\\\"}. {\\\"op\\\": \\\"Top\\\"}]}\". \"fields\": [{\"op\": \"Top\"}. {\"op\": \"Int\"}. {\"op\": \"Top\"}]}]}}]}". "constructors": [{"tag": "Leaf_2". "fields": []}. {"tag": "Node_3". "fields": [{"op": "Data". "type_tag": "{\"op\": \"eff$Tuple\". \"elements\": [{\"op\": \"Top\"}. {\"op\": \"Int\"}. {\"op\": \"Top\"}]}". "constructors": [{"tag": "{\"op\": \"eff$Tuple\". \"elements\": [{\"op\": \"Top\"}. {\"op\": \"Int\"}. {\"op\": \"Top\"}]}". "fields": [{"op": "Top"}. {"op": "Int"}. {"op": "Top"}]}]}]}]}]}). "scrutinee": 0. "clauses": [{"tag": Interned({"op": "eff$Tuple". "elements": [{"op": "Data". "type_tag": "{\"op\": \"eff$Sum\". \"constructors\": [{\"name\": Leaf_2. \"arg\": {\"op\": \"Unit\"}}. {\"name\": Node_3. \"arg\": {\"op\": \"Data\". \"type_tag\": \"{\\\"op\\\": \\\"eff$Tuple\\\". \\\"elements\\\": [{\\\"op\\\": \\\"Top\\\"}. {\\\"op\\\": \\\"Int\\\"}. {\\\"op\\\": \\\"Top\\\"}]}\". \"constructors\": [{\"tag\": \"{\\\"op\\\": \\\"eff$Tuple\\\". \\\"elements\\\": [{\\\"op\\\": \\\"Top\\\"}. {\\\"op\\\": \\\"Int\\\"}. {\\\"op\\\": \\\"Top\\\"}]}\". \"fields\": [{\"op\": \"Top\"}. {\"op\": \"Int\"}. {\"op\": \"Top\"}]}]}}]}". "constructors": [{"tag": "Leaf_2". "fields": []}. {"tag": "Node_3". "fields": [{"op": "Data". "type_tag": "{\"op\": \"eff$Tuple\". \"elements\": [{\"op\": \"Top\"}. {\"op\": \"Int\"}. {\"op\": \"Top\"}]}". "constructors": [{"tag": "{\"op\": \"eff$Tuple\". \"elements\": [{\"op\": \"Top\"}. {\"op\": \"Int\"}. {\"op\": \"Top\"}]}". "fields": [{"op": "Top"}. {"op": "Int"}. {"op": "Top"}]}]}]}]}. {"op": "Int"}. {"op": "Data". "type_tag": "{\"op\": \"eff$Sum\". \"constructors\": [{\"name\": Leaf_2. \"arg\": {\"op\": \"Unit\"}}. {\"name\": Node_3. \"arg\": {\"op\": \"Data\". \"type_tag\": \"{\\\"op\\\": \\\"eff$Tuple\\\". \\\"elements\\\": [{\\\"op\\\": \\\"Top\\\"}. {\\\"op\\\": \\\"Int\\\"}. {\\\"op\\\": \\\"Top\\\"}]}\". \"constructors\": [{\"tag\": \"{\\\"op\\\": \\\"eff$Tuple\\\". \\\"elements\\\": [{\\\"op\\\": \\\"Top\\\"}. {\\\"op\\\": \\\"Int\\\"}. {\\\"op\\\": \\\"Top\\\"}]}\". \"fields\": [{\"op\": \"Top\"}. {\"op\": \"Int\"}. {\"op\": \"Top\"}]}]}}]}". "constructors": [{"tag": "Leaf_2". "fields": []}. {"tag": "Node_3". "fields": [{"op": "Data". "type_tag": "{\"op\": \"eff$Tuple\". \"elements\": [{\"op\": \"Top\"}. {\"op\": \"Int\"}. {\"op\": \"Top\"}]}". "constructors": [{"tag": "{\"op\": \"eff$Tuple\". \"elements\": [{\"op\": \"Top\"}. {\"op\": \"Int\"}. {\"op\": \"Top\"}]}". "fields": [{"op": "Top"}. {"op": "Int"}. {"op": "Top"}]}]}]}]}]}). "target": 217. "args": {"num": [0]. "ptr": [0. 1]}}]. "default": {"tag": Interned(2b926574-51e4-4a82-ba1d-f702565eb614#[Missing Tag#816]). "target": 214. "args": {"num": []. "ptr": []}}}')
+604: p84 = getfield_gc_r(p83, descr=<FieldP rpyeffect.stored_environment.Data__arb_arb.inst_tag 8>)
+612: guard_value(p84, ConstPtr(ptr85), descr=<Guard0x1503f5020>) [p2, i78, i9, i11, i13, i15, i17, i19, i21, i23, i25, i27, i29, i31, i33, i35, i37, p79, p80, p46, p48, p50, p52, p54, p56, p58, p60, p62, p64, p66, p68, p70, p0, p3, p4, p1]
+620: i86 = getfield_gc_i(p83, descr=<FieldS rpyeffect.stored_environment.Data__1_2.inst_values_num_0 32 pure>)
+624: p87 = getfield_gc_r(p83, descr=<FieldP rpyeffect.stored_environment.Data__1_2.inst_values_ptr_0 40 pure>)
+628: p88 = getfield_gc_r(p83, descr=<FieldP rpyeffect.stored_environment.Data__1_2.inst_values_ptr_1 48 pure>)
debug_merge_point(0, 0, '217<main.rpyeffect:209([#555])>+0: {"op": "Const". "type": "ptr". "out": 2. "format": "string". "value": "Name(Yield_0)"}')
debug_merge_point(0, 0, '217<main.rpyeffect:209([#555])>+1: {"op": "PrimOp". "name": "getGlobal(String): Ptr". "out": {"num": []. "ptr": [2]}. "in": {"num": []. "ptr": [2]}}')
debug_merge_point(0, 0, '217<main.rpyeffect:209([#555])>+2: {"op": "Push". "target": 216. "args": {"num": [0]. "ptr": [1]}}')
debug_merge_point(0, 0, '217<main.rpyeffect:209([#555])>+3: {"op": "Copy". "type": "ptr". "from": 2. "to". 1}')
+632: p89 = new_with_vtable(descr=<SizeDescr 56>)
+740: setfield_gc(p89, 216, descr=<FieldS rpyeffect.stored_environment.Stack__arb_arb.inst_target 16 pure>)
+748: setfield_gc(p89, p1, descr=<FieldP rpyeffect.stored_environment.Stack__arb_arb.inst_tail 8 pure>)
+752: setfield_gc(p89, i78, descr=<FieldS rpyeffect.stored_environment.Stack__1_1.inst_values_num_0 40 pure>)
+756: setfield_gc(p89, p80, descr=<FieldP rpyeffect.stored_environment.Stack__1_1.inst_values_ptr_0 48 pure>)
+780: jump(p0, p89, i86, p88, p2, p3, p4, i9, i11, i13, i15, i17, i19, i21, i23, i25, i27, i29, i31, i33, i35, i37, p87, p46, p48, p50, p52, p54, p56, p58, p60, p62, p64, p66, p68, p70, descr=TargetToken(5641263072))
+800: --end of the loop--
[c8ec09] jit-log-opt-loop}
[d84418] {jit-log-opt-loop
# Loop 2 (220<main.rpyeffect:212([match_Leaf_2@Name(iterate_56)#572])>+0: {"op": "Construct", "out": 0, "type": Interned({"op": "eff$Tuple", "elements": []}), "tag": Interned({"op": "eff$Tuple", "elements": []}), "args": {"num": [], "ptr": []}}) : entry bridge with 144 ops
[p0, p1, p2, p3, p4]
+312: p5 = getfield_gc_r(p2, descr=<FieldP rpyeffect.environment.Environment.inst_values_num 16>)
+320: i7 = getarrayitem_gc_i(p5, 0, descr=<ArrayS 8>)
+324: i9 = getarrayitem_gc_i(p5, 1, descr=<ArrayS 8>)
+328: i11 = getarrayitem_gc_i(p5, 2, descr=<ArrayS 8>)
+332: i13 = getarrayitem_gc_i(p5, 3, descr=<ArrayS 8>)
+336: i15 = getarrayitem_gc_i(p5, 4, descr=<ArrayS 8>)
+340: i17 = getarrayitem_gc_i(p5, 5, descr=<ArrayS 8>)
+344: i19 = getarrayitem_gc_i(p5, 6, descr=<ArrayS 8>)
+348: i21 = getarrayitem_gc_i(p5, 7, descr=<ArrayS 8>)
+352: i23 = getarrayitem_gc_i(p5, 8, descr=<ArrayS 8>)
+356: i25 = getarrayitem_gc_i(p5, 9, descr=<ArrayS 8>)
+360: i27 = getarrayitem_gc_i(p5, 10, descr=<ArrayS 8>)
+364: i29 = getarrayitem_gc_i(p5, 11, descr=<ArrayS 8>)
+368: i31 = getarrayitem_gc_i(p5, 12, descr=<ArrayS 8>)
+372: i33 = getarrayitem_gc_i(p5, 13, descr=<ArrayS 8>)
+376: i35 = getarrayitem_gc_i(p5, 14, descr=<ArrayS 8>)
+384: i37 = getarrayitem_gc_i(p5, 15, descr=<ArrayS 8>)
+388: p38 = getfield_gc_r(p2, descr=<FieldP rpyeffect.environment.Environment.inst_values_ptr 24>)
+392: p40 = getarrayitem_gc_r(p38, 0, descr=<ArrayP 8>)
+400: p42 = getarrayitem_gc_r(p38, 1, descr=<ArrayP 8>)
+408: p44 = getarrayitem_gc_r(p38, 2, descr=<ArrayP 8>)
+416: p46 = getarrayitem_gc_r(p38, 3, descr=<ArrayP 8>)
+424: p48 = getarrayitem_gc_r(p38, 4, descr=<ArrayP 8>)
+432: p50 = getarrayitem_gc_r(p38, 5, descr=<ArrayP 8>)
+440: p52 = getarrayitem_gc_r(p38, 6, descr=<ArrayP 8>)
+448: p54 = getarrayitem_gc_r(p38, 7, descr=<ArrayP 8>)
+456: p56 = getarrayitem_gc_r(p38, 8, descr=<ArrayP 8>)
+464: p58 = getarrayitem_gc_r(p38, 9, descr=<ArrayP 8>)
+472: p60 = getarrayitem_gc_r(p38, 10, descr=<ArrayP 8>)
+480: p62 = getarrayitem_gc_r(p38, 11, descr=<ArrayP 8>)
+488: p64 = getarrayitem_gc_r(p38, 12, descr=<ArrayP 8>)
+496: p66 = getarrayitem_gc_r(p38, 13, descr=<ArrayP 8>)
+504: p68 = getarrayitem_gc_r(p38, 14, descr=<ArrayP 8>)
+512: p70 = getarrayitem_gc_r(p38, 15, descr=<ArrayP 8>)
debug_merge_point(0, 0, '220<main.rpyeffect:212([match_Leaf_2@Name(iterate_56)#572])>+0: {"op": "Construct". "out": 0. "type": Interned({"op": "eff$Tuple". "elements": []}). "tag": Interned({"op": "eff$Tuple". "elements": []}). "args": {"num": []. "ptr": []}}')
+516: guard_not_invalidated(descr=<Guard0x1503e5ca8>) [p2, i7, i9, i11, i13, i15, i17, i19, i21, i23, i25, i27, i29, i31, i33, i35, i37, p40, p42, p44, p46, p48, p50, p52, p54, p56, p58, p60, p62, p64, p66, p68, p70, p0, p1, p3, p4]
debug_merge_point(0, 0, '220<main.rpyeffect:212([match_Leaf_2@Name(iterate_56)#572])>+1: {"op": "Return". "args": {"num": []. "ptr": [0]}}')
+520: guard_nonnull(p1, descr=<Guard0x1503f55e0>) [p2, i7, i9, i11, i13, i15, i17, i19, i21, i23, i25, i27, i29, i31, i33, i35, i37, p40, p42, p44, p46, p48, p50, p52, p54, p56, p58, p60, p62, p64, p66, p68, p70, p0, p1, p3, p4]
+532: i71 = getfield_gc_i(p1, descr=<FieldS rpyeffect.stored_environment.Stack__arb_arb.inst_target 16 pure>)
+548: guard_value(i71, 216, descr=<Guard0x1503f5620>) [p2, i7, i9, i11, i13, i15, i17, i19, i21, i23, i25, i27, i29, i31, i33, i35, i37, p40, p42, p44, p46, p48, p50, p52, p54, p56, p58, p60, p62, p64, p66, p68, p70, p0, p1, p3, p4]
+560: i73 = getfield_gc_i(p1, descr=<FieldS rpyeffect.stored_environment.Stack__1_1.inst_values_num_0 40 pure>)
+564: p74 = getfield_gc_r(p1, descr=<FieldP rpyeffect.stored_environment.Stack__1_1.inst_values_ptr_0 48 pure>)
+572: p75 = getfield_gc_r(p1, descr=<FieldP rpyeffect.stored_environment.Stack__arb_arb.inst_tail 8 pure>)
+580: guard_nonnull(p75, descr=<Guard0x1503f5660>) [p2, i7, i9, i11, i13, i15, i17, i19, i21, i23, i25, i27, i29, i31, i33, i35, i37, p40, p42, p44, p46, p48, p50, p52, p54, p56, p58, p60, p62, p64, p66, p68, p70, p0, p1, p3, p4]
+588: i76 = getfield_gc_i(p75, descr=<FieldS rpyeffect.stored_environment.Stack__arb_arb.inst_target 16 pure>)
+596: guard_value(i76, 216, descr=<Guard0x1503f56a0>) [p2, i7, i9, i11, i13, i15, i17, i19, i21, i23, i25, i27, i29, i31, i33, i35, i37, p40, p42, p44, p46, p48, p50, p52, p54, p56, p58, p60, p62, p64, p66, p68, p70, p0, p1, p3, p4]
debug_merge_point(0, 0, '216<main.rpyeffect:208([k@[#555]#560])>+0: {"op": "Const". "type": "num". "out": 1. "value": 0}')
debug_merge_point(0, 0, '216<main.rpyeffect:208([k@[#555]#560])>+1: {"op": "Const". "type": "ptr". "out": 0. "format": "string". "value": "Name(Yield_0)"}')
debug_merge_point(0, 0, '216<main.rpyeffect:208([k@[#555]#560])>+2: {"op": "PrimOp". "name": "getGlobal(String): Ptr". "out": {"num": []. "ptr": [0]}. "in": {"num": []. "ptr": [0]}}')
debug_merge_point(0, 0, '216<main.rpyeffect:208([k@[#555]#560])>+3: {"op": "GetDynamic". "out": 0. "n": 1. "label": 0}')
+608: guard_nonnull(p4, descr=<Guard0x1503f56e0>) [p2, i7, i9, i11, i13, i15, i17, i19, i21, i23, i25, i27, i29, i31, i33, i35, i37, p40, p42, p44, p46, p48, p50, p52, p54, p56, p58, p60, p62, p64, p66, p68, p70, p0, p1, p3, p4]
+624: i79 = instance_ptr_eq(p0, ConstPtr(ptr78))
guard_true(i79, descr=<Guard0x1503f5720>) [p2, i7, i9, i11, i13, i15, i17, i19, i21, i23, i25, i27, i29, i31, i33, i35, i37, p40, p42, p44, p46, p48, p50, p52, p54, p56, p58, p60, p62, p64, p66, p68, p70, p0, p1, p3, p4]
debug_merge_point(0, 0, '216<main.rpyeffect:208([k@[#555]#560])>+4: {"op": "Push". "target": 215. "args": {"num": []. "ptr": [1]}}')
debug_merge_point(0, 0, '216<main.rpyeffect:208([k@[#555]#560])>+5: {"op": "Invoke". "receiver": 0. "tag": Interned(%Yield_0(n):p). "args" : {"num": [0]. "ptr": []}}')
+640: p80 = getfield_gc_r(p4, descr=<FieldP rpyeffect.stored_environment.CoData__arb_arb.inst_vtable 24 pure>)
+660: guard_value(p80, ConstPtr(ptr81), descr=<Guard0x1503f5760>) [p2, i7, i9, i11, i13, i15, i17, i19, i21, i23, i25, i27, i29, i31, i33, i35, i37, p40, p42, p44, p46, p48, p50, p52, p54, p56, p58, p60, p62, p64, p66, p68, p70, p0, p1, p3, p4]
debug_merge_point(0, 0, '226<main.rpyeffect:218([method_%Yield_0(n):p@[mcore:[#37]#574]#576])>+0: {"op": "Const". "type": "num". "out": 1. "value": 0}')
debug_merge_point(0, 0, '226<main.rpyeffect:218([method_%Yield_0(n):p@[mcore:[#37]#574]#576])>+1: {"op": "Const". "type": "ptr". "out": 0. "format": "string". "value": "Name(Yield_0)"}')
debug_merge_point(0, 0, '226<main.rpyeffect:218([method_%Yield_0(n):p@[mcore:[#37]#574]#576])>+2: {"op": "PrimOp". "name": "getGlobal(String): Ptr". "out": {"num": []. "ptr": [0]}. "in": {"num": []. "ptr": [0]}}')
debug_merge_point(0, 0, '226<main.rpyeffect:218([method_%Yield_0(n):p@[mcore:[#37]#574]#576])>+3: {"op": "ShiftDyn". "out": 0. "n": 1. "label": 0}')
+668: guard_nonnull_class(p3, 4302139072, descr=<Guard0x1503e5d00>) [p2, i7, i9, i11, i13, i15, i17, i19, i21, i23, i25, i27, i29, i31, i33, i35, i37, p40, p42, p44, p46, p48, p50, p52, p54, p56, p58, p60, p62, p64, p66, p68, p70, p0, p1, p3, p4]
+696: p83 = getfield_gc_r(p3, descr=<FieldP rpyeffect.stack.MetaStackLike.inst_stack 8 pure>)
+700: p84 = getfield_gc_r(p3, descr=<FieldP rpyeffect.stack.MetaStack.inst_label 16 pure>)
+708: p85 = getfield_gc_r(p3, descr=<FieldP rpyeffect.stack.MetaStack.inst_tail 32 pure>)
+716: guard_nonnull(p83, descr=<Guard0x1503f57a0>) [p2, i7, i9, i11, i13, i15, i17, i19, i21, i23, i25, i27, i29, i31, i33, i35, i37, p40, p42, p44, p46, p48, p50, p52, p54, p56, p58, p60, p62, p64, p66, p68, p70, p0, p1, p3, p4]
+724: i86 = getfield_gc_i(p83, descr=<FieldS rpyeffect.stored_environment.Stack__arb_arb.inst_target 16 pure>)
+732: guard_value(i86, 240, descr=<Guard0x1503f57e0>) [p2, i7, i9, i11, i13, i15, i17, i19, i21, i23, i25, i27, i29, i31, i33, i35, i37, p40, p42, p44, p46, p48, p50, p52, p54, p56, p58, p60, p62, p64, p66, p68, p70, p0, p1, p3, p4]
debug_merge_point(0, 0, '226<main.rpyeffect:218([method_%Yield_0(n):p@[mcore:[#37]#574]#576])>+4: {"op": "New". "out": 0. "targets": [225]. "args": {"num": []. "ptr": [0]}}')
debug_merge_point(0, 0, '226<main.rpyeffect:218([method_%Yield_0(n):p@[mcore:[#37]#574]#576])>+5: {"op": "Construct". "out": 0. "type": Interned({"op": "eff$Tuple". "elements": [{"op": "Int"}. {"op": "Function". "params": [{"op": "Data". "type_tag": "{\"op\": \"eff$Tuple\". \"elements\": []}". "constructors": [{"tag": "{\"op\": \"eff$Tuple\". \"elements\": []}". "fields": []}]}]. "return": {"op": "Data". "type_tag": "{\"op\": \"eff$Sum\". \"constructors\": [{\"name\": Empty_4. \"arg\": {\"op\": \"Unit\"}}. {\"name\": Thunk_5. \"arg\": {\"op\": \"Data\". \"type_tag\": \"{\\\"op\\\": \\\"eff$Tuple\\\". \\\"elements\\\": [{\\\"op\\\": \\\"Int\\\"}. {\\\"op\\\": \\\"Function\\\". \\\"params\\\": [{\\\"op\\\": \\\"Data\\\". \\\"type_tag\\\": \\\"{\\\\\\\"op\\\\\\\": \\\\\\\"eff$Tuple\\\\\\\". \\\\\\\"elements\\\\\\\": []}\\\". \\\"constructors\\\": [{\\\"tag\\\": \\\"{\\\\\\\"op\\\\\\\": \\\\\\\"eff$Tuple\\\\\\\". \\\\\\\"elements\\\\\\\": []}\\\". \\\"fields\\\": []}]}]. \\\"return\\\": {\\\"op\\\": \\\"Top\\\"}. \\\"purity\\\": \\\"Effectful\\\"}]}\". \"constructors\": [{\"tag\": \"{\\\"op\\\": \\\"eff$Tuple\\\". \\\"elements\\\": [{\\\"op\\\": \\\"Int\\\"}. {\\\"op\\\": \\\"Function\\\". \\\"params\\\": [{\\\"op\\\": \\\"Data\\\". \\\"type_tag\\\": \\\"{\\\\\\\"op\\\\\\\": \\\\\\\"eff$Tuple\\\\\\\". \\\\\\\"elements\\\\\\\": []}\\\". \\\"constructors\\\": [{\\\"tag\\\": \\\"{\\\\\\\"op\\\\\\\": \\\\\\\"eff$Tuple\\\\\\\". \\\\\\\"elements\\\\\\\": []}\\\". \\\"fields\\\": []}]}]. \\\"return\\\": {\\\"op\\\": \\\"Top\\\"}. \\\"purity\\\": \\\"Effectful\\\"}]}\". \"fields\": [{\"op\": \"Int\"}. {\"op\": \"Function\". \"params\": [{\"op\": \"Data\". \"type_tag\": \"{\\\"op\\\": \\\"eff$Tuple\\\". \\\"elements\\\": []}\". \"constructors\": [{\"tag\": \"{\\\"op\\\": \\\"eff$Tuple\\\". \\\"elements\\\": []}\". \"fields\": []}]}]. \"return\": {\"op\": \"Top\"}. \"purity\": \"Effectful\"}]}]}}]}". "constructors": [{"tag": "Empty_4". "fields": []}. {"tag": "Thunk_5". "fields": [{"op": "Data". "type_tag": "{\"op\": \"eff$Tuple\". \"elements\": [{\"op\": \"Int\"}. {\"op\": \"Function\". \"params\": [{\"op\": \"Data\". \"type_tag\": \"{\\\"op\\\": \\\"eff$Tuple\\\". \\\"elements\\\": []}\". \"constructors\": [{\"tag\": \"{\\\"op\\\": \\\"eff$Tuple\\\". \\\"elements\\\": []}\". \"fields\": []}]}]. \"return\": {\"op\": \"Top\"}. \"purity\": \"Effectful\"}]}". "constructors": [{"tag": "{\"op\": \"eff$Tuple\". \"elements\": [{\"op\": \"Int\"}. {\"op\": \"Function\". \"params\": [{\"op\": \"Data\". \"type_tag\": \"{\\\"op\\\": \\\"eff$Tuple\\\". \\\"elements\\\": []}\". \"constructors\": [{\"tag\": \"{\\\"op\\\": \\\"eff$Tuple\\\". \\\"elements\\\": []}\". \"fields\": []}]}]. \"return\": {\"op\": \"Top\"}. \"purity\": \"Effectful\"}]}". "fields": [{"op": "Int"}. {"op": "Function". "params": [{"op": "Data". "type_tag": "{\"op\": \"eff$Tuple\". \"elements\": []}". "constructors": [{"tag": "{\"op\": \"eff$Tuple\". \"elements\": []}". "fields": []}]}]. "return": {"op": "Top"}. "purity": "Effectful"}]}]}]}]}. "purity": "Effectful"}]}). "tag": Interned({"op": "eff$Tuple". "elements": [{"op": "Int"}. {"op": "Function". "params": [{"op": "Data". "type_tag": "{\"op\": \"eff$Tuple\". \"elements\": []}". "constructors": [{"tag": "{\"op\": \"eff$Tuple\". \"elements\": []}". "fields": []}]}]. "return": {"op": "Data". "type_tag": "{\"op\": \"eff$Sum\". \"constructors\": [{\"name\": Empty_4. \"arg\": {\"op\": \"Unit\"}}. {\"name\": Thunk_5. \"arg\": {\"op\": \"Data\". \"type_tag\": \"{\\\"op\\\": \\\"eff$Tuple\\\". \\\"elements\\\": [{\\\"op\\\": \\\"Int\\\"}. {\\\"op\\\": \\\"Function\\\". \\\"params\\\": [{\\\"op\\\": \\\"Data\\\". \\\"type_tag\\\": \\\"{\\\\\\\"op\\\\\\\": \\\\\\\"eff$Tuple\\\\\\\". \\\\\\\"elements\\\\\\\": []}\\\". \\\"constructors\\\": [{\\\"tag\\\": \\\"{\\\\\\\"op\\\\\\\": \\\\\\\"eff$Tuple\\\\\\\". \\\\\\\"elements\\\\\\\": []}\\\". \\\"fields\\\": []}]}]. \\\"return\\\": {\\\"op\\\": \\\"Top\\\"}. \\\"purity\\\": \\\"Effectful\\\"}]}\". \"constructors\": [{\"tag\": \"{\\\"op\\\": \\\"eff$Tuple\\\". \\\"elements\\\": [{\\\"op\\\": \\\"Int\\\"}. {\\\"op\\\": \\\"Function\\\". \\\"params\\\": [{\\\"op\\\": \\\"Data\\\". \\\"type_tag\\\": \\\"{\\\\\\\"op\\\\\\\": \\\\\\\"eff$Tuple\\\\\\\". \\\\\\\"elements\\\\\\\": []}\\\". \\\"constructors\\\": [{\\\"tag\\\": \\\"{\\\\\\\"op\\\\\\\": \\\\\\\"eff$Tuple\\\\\\\". \\\\\\\"elements\\\\\\\": []}\\\". \\\"fields\\\": []}]}]. \\\"return\\\": {\\\"op\\\": \\\"Top\\\"}. \\\"purity\\\": \\\"Effectful\\\"}]}\". \"fields\": [{\"op\": \"Int\"}. {\"op\": \"Function\". \"params\": [{\"op\": \"Data\". \"type_tag\": \"{\\\"op\\\": \\\"eff$Tuple\\\". \\\"elements\\\": []}\". \"constructors\": [{\"tag\": \"{\\\"op\\\": \\\"eff$Tuple\\\". \\\"elements\\\": []}\". \"fields\": []}]}]. \"return\": {\"op\": \"Top\"}. \"purity\": \"Effectful\"}]}]}}]}". "constructors": [{"tag": "Empty_4". "fields": []}. {"tag": "Thunk_5". "fields": [{"op": "Data". "type_tag": "{\"op\": \"eff$Tuple\". \"elements\": [{\"op\": \"Int\"}. {\"op\": \"Function\". \"params\": [{\"op\": \"Data\". \"type_tag\": \"{\\\"op\\\": \\\"eff$Tuple\\\". \\\"elements\\\": []}\". \"constructors\": [{\"tag\": \"{\\\"op\\\": \\\"eff$Tuple\\\". \\\"elements\\\": []}\". \"fields\": []}]}]. \"return\": {\"op\": \"Top\"}. \"purity\": \"Effectful\"}]}". "constructors": [{"tag": "{\"op\": \"eff$Tuple\". \"elements\": [{\"op\": \"Int\"}. {\"op\": \"Function\". \"params\": [{\"op\": \"Data\". \"type_tag\": \"{\\\"op\\\": \\\"eff$Tuple\\\". \\\"elements\\\": []}\". \"constructors\": [{\"tag\": \"{\\\"op\\\": \\\"eff$Tuple\\\". \\\"elements\\\": []}\". \"fields\": []}]}]. \"return\": {\"op\": \"Top\"}. \"purity\": \"Effectful\"}]}". "fields": [{"op": "Int"}. {"op": "Function". "params": [{"op": "Data". "type_tag": "{\"op\": \"eff$Tuple\". \"elements\": []}". "constructors": [{"tag": "{\"op\": \"eff$Tuple\". \"elements\": []}". "fields": []}]}]. "return": {"op": "Top"}. "purity": "Effectful"}]}]}]}]}. "purity": "Effectful"}]}). "args": {"num": [0]. "ptr": [0]}}')
debug_merge_point(0, 0, '226<main.rpyeffect:218([method_%Yield_0(n):p@[mcore:[#37]#574]#576])>+6: {"op": "Construct". "out": 0. "type": Interned({"op": "eff$Sum". "constructors": [{"name": Thunk_5. "arg": {"op": "Data". "type_tag": "{\"op\": \"eff$Tuple\". \"elements\": [{\"op\": \"Int\"}. {\"op\": \"Function\". \"params\": [{\"op\": \"Data\". \"type_tag\": \"{\\\"op\\\": \\\"eff$Tuple\\\". \\\"elements\\\": []}\". \"constructors\": [{\"tag\": \"{\\\"op\\\": \\\"eff$Tuple\\\". \\\"elements\\\": []}\". \"fields\": []}]}]. \"return\": {\"op\": \"Data\". \"type_tag\": \"{\\\"op\\\": \\\"eff$Sum\\\". \\\"constructors\\\": [{\\\"name\\\": Empty_4. \\\"arg\\\": {\\\"op\\\": \\\"Unit\\\"}}. {\\\"name\\\": Thunk_5. \\\"arg\\\": {\\\"op\\\": \\\"Data\\\". \\\"type_tag\\\": \\\"{\\\\\\\"op\\\\\\\": \\\\\\\"eff$Tuple\\\\\\\". \\\\\\\"elements\\\\\\\": [{\\\\\\\"op\\\\\\\": \\\\\\\"Int\\\\\\\"}. {\\\\\\\"op\\\\\\\": \\\\\\\"Function\\\\\\\". \\\\\\\"params\\\\\\\": [{\\\\\\\"op\\\\\\\": \\\\\\\"Data\\\\\\\". \\\\\\\"type_tag\\\\\\\": \\\\\\\"{\\\\\\\\\\\\\\\"op\\\\\\\\\\\\\\\": \\\\\\\\\\\\\\\"eff$Tuple\\\\\\\\\\\\\\\". \\\\\\\\\\\\\\\"elements\\\\\\\\\\\\\\\": []}\\\\\\\". \\\\\\\"constructors\\\\\\\": [{\\\\\\\"tag\\\\\\\": \\\\\\\"{\\\\\\\\\\\\\\\"op\\\\\\\\\\\\\\\": \\\\\\\\\\\\\\\"eff$Tuple\\\\\\\\\\\\\\\". \\\\\\\\\\\\\\\"elements\\\\\\\\\\\\\\\": []}\\\\\\\". \\\\\\\"fields\\\\\\\": []}]}]. \\\\\\\"return\\\\\\\": {\\\\\\\"op\\\\\\\": \\\\\\\"Top\\\\\\\"}. \\\\\\\"purity\\\\\\\": \\\\\\\"Effectful\\\\\\\"}]}\\\". \\\"constructors\\\": [{\\\"tag\\\": \\\"{\\\\\\\"op\\\\\\\": \\\\\\\"eff$Tuple\\\\\\\". \\\\\\\"elements\\\\\\\": [{\\\\\\\"op\\\\\\\": \\\\\\\"Int\\\\\\\"}. {\\\\\\\"op\\\\\\\": \\\\\\\"Function\\\\\\\". \\\\\\\"params\\\\\\\": [{\\\\\\\"op\\\\\\\": \\\\\\\"Data\\\\\\\". \\\\\\\"type_tag\\\\\\\": \\\\\\\"{\\\\\\\\\\\\\\\"op\\\\\\\\\\\\\\\": \\\\\\\\\\\\\\\"eff$Tuple\\\\\\\\\\\\\\\". \\\\\\\\\\\\\\\"elements\\\\\\\\\\\\\\\": []}\\\\\\\". \\\\\\\"constructors\\\\\\\": [{\\\\\\\"tag\\\\\\\": \\\\\\\"{\\\\\\\\\\\\\\\"op\\\\\\\\\\\\\\\": \\\\\\\\\\\\\\\"eff$Tuple\\\\\\\\\\\\\\\". \\\\\\\\\\\\\\\"elements\\\\\\\\\\\\\\\": []}\\\\\\\". \\\\\\\"fields\\\\\\\": []}]}]. \\\\\\\"return\\\\\\\": {\\\\\\\"op\\\\\\\": \\\\\\\"Top\\\\\\\"}. \\\\\\\"purity\\\\\\\": \\\\\\\"Effectful\\\\\\\"}]}\\\". \\\"fields\\\": [{\\\"op\\\": \\\"Int\\\"}. {\\\"op\\\": \\\"Function\\\". \\\"params\\\": [{\\\"op\\\": \\\"Data\\\". \\\"type_tag\\\": \\\"{\\\\\\\"op\\\\\\\": \\\\\\\"eff$Tuple\\\\\\\". \\\\\\\"elements\\\\\\\": []}\\\". \\\"constructors\\\": [{\\\"tag\\\": \\\"{\\\\\\\"op\\\\\\\": \\\\\\\"eff$Tuple\\\\\\\". \\\\\\\"elements\\\\\\\": []}\\\". \\\"fields\\\": []}]}]. \\\"return\\\": {\\\"op\\\": \\\"Top\\\"}. \\\"purity\\\": \\\"Effectful\\\"}]}]}}]}\". \"constructors\": [{\"tag\": \"Empty_4\". \"fields\": []}. {\"tag\": \"Thunk_5\". \"fields\": [{\"op\": \"Data\". \"type_tag\": \"{\\\"op\\\": \\\"eff$Tuple\\\". \\\"elements\\\": [{\\\"op\\\": \\\"Int\\\"}. {\\\"op\\\": \\\"Function\\\". \\\"params\\\": [{\\\"op\\\": \\\"Data\\\". \\\"type_tag\\\": \\\"{\\\\\\\"op\\\\\\\": \\\\\\\"eff$Tuple\\\\\\\". \\\\\\\"elements\\\\\\\": []}\\\". \\\"constructors\\\": [{\\\"tag\\\": \\\"{\\\\\\\"op\\\\\\\": \\\\\\\"eff$Tuple\\\\\\\". \\\\\\\"elements\\\\\\\": []}\\\". \\\"fields\\\": []}]}]. \\\"return\\\": {\\\"op\\\": \\\"Top\\\"}. \\\"purity\\\": \\\"Effectful\\\"}]}\". \"constructors\": [{\"tag\": \"{\\\"op\\\": \\\"eff$Tuple\\\". \\\"elements\\\": [{\\\"op\\\": \\\"Int\\\"}. {\\\"op\\\": \\\"Function\\\". \\\"params\\\": [{\\\"op\\\": \\\"Data\\\". \\\"type_tag\\\": \\\"{\\\\\\\"op\\\\\\\": \\\\\\\"eff$Tuple\\\\\\\". \\\\\\\"elements\\\\\\\": []}\\\". \\\"constructors\\\": [{\\\"tag\\\": \\\"{\\\\\\\"op\\\\\\\": \\\\\\\"eff$Tuple\\\\\\\". \\\\\\\"elements\\\\\\\": []}\\\". \\\"fields\\\": []}]}]. \\\"return\\\": {\\\"op\\\": \\\"Top\\\"}. \\\"purity\\\": \\\"Effectful\\\"}]}\". \"fields\": [{\"op\": \"Int\"}. {\"op\": \"Function\". \"params\": [{\"op\": \"Data\". \"type_tag\": \"{\\\"op\\\": \\\"eff$Tuple\\\". \\\"elements\\\": []}\". \"constructors\": [{\"tag\": \"{\\\"op\\\": \\\"eff$Tuple\\\". \\\"elements\\\": []}\". \"fields\": []}]}]. \"return\": {\"op\": \"Top\"}. \"purity\": \"Effectful\"}]}]}]}]}. \"purity\": \"Effectful\"}]}". "constructors": [{"tag": "{\"op\": \"eff$Tuple\". \"elements\": [{\"op\": \"Int\"}. {\"op\": \"Function\". \"params\": [{\"op\": \"Data\". \"type_tag\": \"{\\\"op\\\": \\\"eff$Tuple\\\". \\\"elements\\\": []}\". \"constructors\": [{\"tag\": \"{\\\"op\\\": \\\"eff$Tuple\\\". \\\"elements\\\": []}\". \"fields\": []}]}]. \"return\": {\"op\": \"Data\". \"type_tag\": \"{\\\"op\\\": \\\"eff$Sum\\\". \\\"constructors\\\": [{\\\"name\\\": Empty_4. \\\"arg\\\": {\\\"op\\\": \\\"Unit\\\"}}. {\\\"name\\\": Thunk_5. \\\"arg\\\": {\\\"op\\\": \\\"Data\\\". \\\"type_tag\\\": \\\"{\\\\\\\"op\\\\\\\": \\\\\\\"eff$Tuple\\\\\\\". \\\\\\\"elements\\\\\\\": [{\\\\\\\"op\\\\\\\": \\\\\\\"Int\\\\\\\"}. {\\\\\\\"op\\\\\\\": \\\\\\\"Function\\\\\\\". \\\\\\\"params\\\\\\\": [{\\\\\\\"op\\\\\\\": \\\\\\\"Data\\\\\\\". \\\\\\\"type_tag\\\\\\\": \\\\\\\"{\\\\\\\\\\\\\\\"op\\\\\\\\\\\\\\\": \\\\\\\\\\\\\\\"eff$Tuple\\\\\\\\\\\\\\\". \\\\\\\\\\\\\\\"elements\\\\\\\\\\\\\\\": []}\\\\\\\". \\\\\\\"constructors\\\\\\\": [{\\\\\\\"tag\\\\\\\": \\\\\\\"{\\\\\\\\\\\\\\\"op\\\\\\\\\\\\\\\": \\\\\\\\\\\\\\\"eff$Tuple\\\\\\\\\\\\\\\". \\\\\\\\\\\\\\\"elements\\\\\\\\\\\\\\\": []}\\\\\\\". \\\\\\\"fields\\\\\\\": []}]}]. \\\\\\\"return\\\\\\\": {\\\\\\\"op\\\\\\\": \\\\\\\"Top\\\\\\\"}. \\\\\\\"purity\\\\\\\": \\\\\\\"Effectful\\\\\\\"}]}\\\". \\\"constructors\\\": [{\\\"tag\\\": \\\"{\\\\\\\"op\\\\\\\": \\\\\\\"eff$Tuple\\\\\\\". \\\\\\\"elements\\\\\\\": [{\\\\\\\"op\\\\\\\": \\\\\\\"Int\\\\\\\"}. {\\\\\\\"op\\\\\\\": \\\\\\\"Function\\\\\\\". \\\\\\\"params\\\\\\\": [{\\\\\\\"op\\\\\\\": \\\\\\\"Data\\\\\\\". \\\\\\\"type_tag\\\\\\\": \\\\\\\"{\\\\\\\\\\\\\\\"op\\\\\\\\\\\\\\\": \\\\\\\\\\\\\\\"eff$Tuple\\\\\\\\\\\\\\\". \\\\\\\\\\\\\\\"elements\\\\\\\\\\\\\\\": []}\\\\\\\". \\\\\\\"constructors\\\\\\\": [{\\\\\\\"tag\\\\\\\": \\\\\\\"{\\\\\\\\\\\\\\\"op\\\\\\\\\\\\\\\": \\\\\\\\\\\\\\\"eff$Tuple\\\\\\\\\\\\\\\". \\\\\\\\\\\\\\\"elements\\\\\\\\\\\\\\\": []}\\\\\\\". \\\\\\\"fields\\\\\\\": []}]}]. \\\\\\\"return\\\\\\\": {\\\\\\\"op\\\\\\\": \\\\\\\"Top\\\\\\\"}. \\\\\\\"purity\\\\\\\": \\\\\\\"Effectful\\\\\\\"}]}\\\". \\\"fields\\\": [{\\\"op\\\": \\\"Int\\\"}. {\\\"op\\\": \\\"Function\\\". \\\"params\\\": [{\\\"op\\\": \\\"Data\\\". \\\"type_tag\\\": \\\"{\\\\\\\"op\\\\\\\": \\\\\\\"eff$Tuple\\\\\\\". \\\\\\\"elements\\\\\\\": []}\\\". \\\"constructors\\\": [{\\\"tag\\\": \\\"{\\\\\\\"op\\\\\\\": \\\\\\\"eff$Tuple\\\\\\\". \\\\\\\"elements\\\\\\\": []}\\\". \\\"fields\\\": []}]}]. \\\"return\\\": {\\\"op\\\": \\\"Top\\\"}. \\\"purity\\\": \\\"Effectful\\\"}]}]}}]}\". \"constructors\": [{\"tag\": \"Empty_4\". \"fields\": []}. {\"tag\": \"Thunk_5\". \"fields\": [{\"op\": \"Data\". \"type_tag\": \"{\\\"op\\\": \\\"eff$Tuple\\\". \\\"elements\\\": [{\\\"op\\\": \\\"Int\\\"}. {\\\"op\\\": \\\"Function\\\". \\\"params\\\": [{\\\"op\\\": \\\"Data\\\". \\\"type_tag\\\": \\\"{\\\\\\\"op\\\\\\\": \\\\\\\"eff$Tuple\\\\\\\". \\\\\\\"elements\\\\\\\": []}\\\". \\\"constructors\\\": [{\\\"tag\\\": \\\"{\\\\\\\"op\\\\\\\": \\\\\\\"eff$Tuple\\\\\\\". \\\\\\\"elements\\\\\\\": []}\\\". \\\"fields\\\": []}]}]. \\\"return\\\": {\\\"op\\\": \\\"Top\\\"}. \\\"purity\\\": \\\"Effectful\\\"}]}\". \"constructors\": [{\"tag\": \"{\\\"op\\\": \\\"eff$Tuple\\\". \\\"elements\\\": [{\\\"op\\\": \\\"Int\\\"}. {\\\"op\\\": \\\"Function\\\". \\\"params\\\": [{\\\"op\\\": \\\"Data\\\". \\\"type_tag\\\": \\\"{\\\\\\\"op\\\\\\\": \\\\\\\"eff$Tuple\\\\\\\". \\\\\\\"elements\\\\\\\": []}\\\". \\\"constructors\\\": [{\\\"tag\\\": \\\"{\\\\\\\"op\\\\\\\": \\\\\\\"eff$Tuple\\\\\\\". \\\\\\\"elements\\\\\\\": []}\\\". \\\"fields\\\": []}]}]. \\\"return\\\": {\\\"op\\\": \\\"Top\\\"}. \\\"purity\\\": \\\"Effectful\\\"}]}\". \"fields\": [{\"op\": \"Int\"}. {\"op\": \"Function\". \"params\": [{\"op\": \"Data\". \"type_tag\": \"{\\\"op\\\": \\\"eff$Tuple\\\". \\\"elements\\\": []}\". \"constructors\": [{\"tag\": \"{\\\"op\\\": \\\"eff$Tuple\\\". \\\"elements\\\": []}\". \"fields\": []}]}]. \"return\": {\"op\": \"Top\"}. \"purity\": \"Effectful\"}]}]}]}]}. \"purity\": \"Effectful\"}]}". "fields": [{"op": "Int"}. {"op": "Function". "params": [{"op": "Data". "type_tag": "{\"op\": \"eff$Tuple\". \"elements\": []}". "constructors": [{"tag": "{\"op\": \"eff$Tuple\". \"elements\": []}". "fields": []}]}]. "return": {"op": "Data". "type_tag": "{\"op\": \"eff$Sum\". \"constructors\": [{\"name\": Empty_4. \"arg\": {\"op\": \"Unit\"}}. {\"name\": Thunk_5. \"arg\": {\"op\": \"Data\". \"type_tag\": \"{\\\"op\\\": \\\"eff$Tuple\\\". \\\"elements\\\": [{\\\"op\\\": \\\"Int\\\"}. {\\\"op\\\": \\\"Function\\\". \\\"params\\\": [{\\\"op\\\": \\\"Data\\\". \\\"type_tag\\\": \\\"{\\\\\\\"op\\\\\\\": \\\\\\\"eff$Tuple\\\\\\\". \\\\\\\"elements\\\\\\\": []}\\\". \\\"constructors\\\": [{\\\"tag\\\": \\\"{\\\\\\\"op\\\\\\\": \\\\\\\"eff$Tuple\\\\\\\". \\\\\\\"elements\\\\\\\": []}\\\". \\\"fields\\\": []}]}]. \\\"return\\\": {\\\"op\\\": \\\"Top\\\"}. \\\"purity\\\": \\\"Effectful\\\"}]}\". \"constructors\": [{\"tag\": \"{\\\"op\\\": \\\"eff$Tuple\\\". \\\"elements\\\": [{\\\"op\\\": \\\"Int\\\"}. {\\\"op\\\": \\\"Function\\\". \\\"params\\\": [{\\\"op\\\": \\\"Data\\\". \\\"type_tag\\\": \\\"{\\\\\\\"op\\\\\\\": \\\\\\\"eff$Tuple\\\\\\\". \\\\\\\"elements\\\\\\\": []}\\\". \\\"constructors\\\": [{\\\"tag\\\": \\\"{\\\\\\\"op\\\\\\\": \\\\\\\"eff$Tuple\\\\\\\". \\\\\\\"elements\\\\\\\": []}\\\". \\\"fields\\\": []}]}]. \\\"return\\\": {\\\"op\\\": \\\"Top\\\"}. \\\"purity\\\": \\\"Effectful\\\"}]}\". \"fields\": [{\"op\": \"Int\"}. {\"op\": \"Function\". \"params\": [{\"op\": \"Data\". \"type_tag\": \"{\\\"op\\\": \\\"eff$Tuple\\\". \\\"elements\\\": []}\". \"constructors\": [{\"tag\": \"{\\\"op\\\": \\\"eff$Tuple\\\". \\\"elements\\\": []}\". \"fields\": []}]}]. \"return\": {\"op\": \"Top\"}. \"purity\": \"Effectful\"}]}]}}]}". "constructors": [{"tag": "Empty_4". "fields": []}. {"tag": "Thunk_5". "fields": [{"op": "Data". "type_tag": "{\"op\": \"eff$Tuple\". \"elements\": [{\"op\": \"Int\"}. {\"op\": \"Function\". \"params\": [{\"op\": \"Data\". \"type_tag\": \"{\\\"op\\\": \\\"eff$Tuple\\\". \\\"elements\\\": []}\". \"constructors\": [{\"tag\": \"{\\\"op\\\": \\\"eff$Tuple\\\". \\\"elements\\\": []}\". \"fields\": []}]}]. \"return\": {\"op\": \"Top\"}. \"purity\": \"Effectful\"}]}". "constructors": [{"tag": "{\"op\": \"eff$Tuple\". \"elements\": [{\"op\": \"Int\"}. {\"op\": \"Function\". \"params\": [{\"op\": \"Data\". \"type_tag\": \"{\\\"op\\\": \\\"eff$Tuple\\\". \\\"elements\\\": []}\". \"constructors\": [{\"tag\": \"{\\\"op\\\": \\\"eff$Tuple\\\". \\\"elements\\\": []}\". \"fields\": []}]}]. \"return\": {\"op\": \"Top\"}. \"purity\": \"Effectful\"}]}". "fields": [{"op": "Int"}. {"op": "Function". "params": [{"op": "Data". "type_tag": "{\"op\": \"eff$Tuple\". \"elements\": []}". "constructors": [{"tag": "{\"op\": \"eff$Tuple\". \"elements\": []}". "fields": []}]}]. "return": {"op": "Top"}. "purity": "Effectful"}]}]}]}]}. "purity": "Effectful"}]}]}}]}). "tag": Interned(Thunk_5). "args": {"num": []. "ptr": [0]}}')
debug_merge_point(0, 0, '226<main.rpyeffect:218([method_%Yield_0(n):p@[mcore:[#37]#574]#576])>+7: {"op": "Return". "args": {"num": []. "ptr": [0]}}')
+744: p88 = getfield_gc_r(p83, descr=<FieldP rpyeffect.stored_environment.Stack__0_1.inst_values_ptr_0 40 pure>)
+748: p89 = getfield_gc_r(p83, descr=<FieldP rpyeffect.stored_environment.Stack__arb_arb.inst_tail 8 pure>)
debug_merge_point(0, 0, '240<main.rpyeffect:232([k@[k@[k@[k@[#641]#643]#645]#647]#651])>+0: {"op": "Push". "target": 239. "args": {"num": []. "ptr": []}}')
debug_merge_point(0, 0, '240<main.rpyeffect:232([k@[k@[k@[k@[#641]#643]#645]#647]#651])>+1: {"op": "Invoke". "receiver": 1. "tag": Interned(%apply(p):n). "args" : {"num": []. "ptr": [0]}}')
+752: p90 = getfield_gc_r(p88, descr=<FieldP rpyeffect.stored_environment.CoData__arb_arb.inst_vtable 24 pure>)
+764: guard_value(p90, ConstPtr(ptr91), descr=<Guard0x1503f5820>) [p2, i7, i9, i11, i13, i15, i17, i19, i21, i23, i25, i27, i29, i31, i33, i35, i37, p40, p42, p44, p46, p48, p50, p52, p54, p56, p58, p60, p62, p64, p66, p68, p70, p0, p1, p3, p4]
+772: i92 = getfield_gc_i(p88, descr=<FieldS rpyeffect.stored_environment.CoData__1_0.inst_values_num_0 32 pure>)
debug_merge_point(0, 0, '252<main.rpyeffect:244([method_%apply(p):n@Name(sum_69)#666])>+0: {"op": "Push". "target": 251. "args": {"num": []. "ptr": []}}')
debug_merge_point(0, 0, '252<main.rpyeffect:244([method_%apply(p):n@Name(sum_69)#666])>+1: {"op": "Jump". "target": 248}')
debug_merge_point(0, 0, '248<main.rpyeffect:240([mcore:[#41]#632])>+0: {"op": "Match". "type": Interned({"op": "eff$Sum". "constructors": [{"name": Empty_4. "arg": {"op": "Unit"}}]}). "scrutinee": 0. "clauses": [{"tag": Interned(Empty_4). "target": 247. "args": {"num": []. "ptr": []}}]. "default": {"tag": Interned(2b926574-51e4-4a82-ba1d-f702565eb614#[Missing Tag#821]). "target": 246. "args": {"num": []. "ptr": []}}}')
debug_merge_point(0, 0, '246<main.rpyeffect:238([match_def@[mcore:[#41]#632]#633])>+0: {"op": "Match". "type": Interned({"op": "eff$Sum". "constructors": [{"name": Thunk_5. "arg": {"op": "Unit"}}]}). "scrutinee": 0. "clauses": [{"tag": Interned(Thunk_5). "target": 245. "args": {"num": []. "ptr": [0]}}]. "default": {"tag": Interned(2b926574-51e4-4a82-ba1d-f702565eb614#[Missing Tag#820]). "target": 237. "args": {"num": []. "ptr": []}}}')
debug_merge_point(0, 0, '245<main.rpyeffect:237([#637])>+0: {"op": "Match". "type": Interned({"op": "eff$Tuple". "elements": [{"op": "Int"}. {"op": "Function". "params": [{"op": "Data". "type_tag": "{\"op\": \"eff$Tuple\". \"elements\": []}". "constructors": [{"tag": "{\"op\": \"eff$Tuple\". \"elements\": []}". "fields": []}]}]. "return": {"op": "Data". "type_tag": "{\"op\": \"eff$Sum\". \"constructors\": [{\"name\": Empty_4. \"arg\": {\"op\": \"Unit\"}}. {\"name\": Thunk_5. \"arg\": {\"op\": \"Data\". \"type_tag\": \"{\\\"op\\\": \\\"eff$Tuple\\\". \\\"elements\\\": [{\\\"op\\\": \\\"Int\\\"}. {\\\"op\\\": \\\"Function\\\". \\\"params\\\": [{\\\"op\\\": \\\"Data\\\". \\\"type_tag\\\": \\\"{\\\\\\\"op\\\\\\\": \\\\\\\"eff$Tuple\\\\\\\". \\\\\\\"elements\\\\\\\": []}\\\". \\\"constructors\\\": [{\\\"tag\\\": \\\"{\\\\\\\"op\\\\\\\": \\\\\\\"eff$Tuple\\\\\\\". \\\\\\\"elements\\\\\\\": []}\\\". \\\"fields\\\": []}]}]. \\\"return\\\": {\\\"op\\\": \\\"Top\\\"}. \\\"purity\\\": \\\"Effectful\\\"}]}\". \"constructors\": [{\"tag\": \"{\\\"op\\\": \\\"eff$Tuple\\\". \\\"elements\\\": [{\\\"op\\\": \\\"Int\\\"}. {\\\"op\\\": \\\"Function\\\". \\\"params\\\": [{\\\"op\\\": \\\"Data\\\". \\\"type_tag\\\": \\\"{\\\\\\\"op\\\\\\\": \\\\\\\"eff$Tuple\\\\\\\". \\\\\\\"elements\\\\\\\": []}\\\". \\\"constructors\\\": [{\\\"tag\\\": \\\"{\\\\\\\"op\\\\\\\": \\\\\\\"eff$Tuple\\\\\\\". \\\\\\\"elements\\\\\\\": []}\\\". \\\"fields\\\": []}]}]. \\\"return\\\": {\\\"op\\\": \\\"Top\\\"}. \\\"purity\\\": \\\"Effectful\\\"}]}\". \"fields\": [{\"op\": \"Int\"}. {\"op\": \"Function\". \"params\": [{\"op\": \"Data\". \"type_tag\": \"{\\\"op\\\": \\\"eff$Tuple\\\". \\\"elements\\\": []}\". \"constructors\": [{\"tag\": \"{\\\"op\\\": \\\"eff$Tuple\\\". \\\"elements\\\": []}\". \"fields\": []}]}]. \"return\": {\"op\": \"Top\"}. \"purity\": \"Effectful\"}]}]}}]}". "constructors": [{"tag": "Empty_4". "fields": []}. {"tag": "Thunk_5". "fields": [{"op": "Data". "type_tag": "{\"op\": \"eff$Tuple\". \"elements\": [{\"op\": \"Int\"}. {\"op\": \"Function\". \"params\": [{\"op\": \"Data\". \"type_tag\": \"{\\\"op\\\": \\\"eff$Tuple\\\". \\\"elements\\\": []}\". \"constructors\": [{\"tag\": \"{\\\"op\\\": \\\"eff$Tuple\\\". \\\"elements\\\": []}\". \"fields\": []}]}]. \"return\": {\"op\": \"Top\"}. \"purity\": \"Effectful\"}]}". "constructors": [{"tag": "{\"op\": \"eff$Tuple\". \"elements\": [{\"op\": \"Int\"}. {\"op\": \"Function\". \"params\": [{\"op\": \"Data\". \"type_tag\": \"{\\\"op\\\": \\\"eff$Tuple\\\". \\\"elements\\\": []}\". \"constructors\": [{\"tag\": \"{\\\"op\\\": \\\"eff$Tuple\\\". \\\"elements\\\": []}\". \"fields\": []}]}]. \"return\": {\"op\": \"Top\"}. \"purity\": \"Effectful\"}]}". "fields": [{"op": "Int"}. {"op": "Function". "params": [{"op": "Data". "type_tag": "{\"op\": \"eff$Tuple\". \"elements\": []}". "constructors": [{"tag": "{\"op\": \"eff$Tuple\". \"elements\": []}". "fields": []}]}]. "return": {"op": "Top"}. "purity": "Effectful"}]}]}]}]}. "purity": "Effectful"}]}). "scrutinee": 0. "clauses": [{"tag": Interned({"op": "eff$Tuple". "elements": [{"op": "Int"}. {"op": "Function". "params": [{"op": "Data". "type_tag": "{\"op\": \"eff$Tuple\". \"elements\": []}". "constructors": [{"tag": "{\"op\": \"eff$Tuple\". \"elements\": []}". "fields": []}]}]. "return": {"op": "Data". "type_tag": "{\"op\": \"eff$Sum\". \"constructors\": [{\"name\": Empty_4. \"arg\": {\"op\": \"Unit\"}}. {\"name\": Thunk_5. \"arg\": {\"op\": \"Data\". \"type_tag\": \"{\\\"op\\\": \\\"eff$Tuple\\\". \\\"elements\\\": [{\\\"op\\\": \\\"Int\\\"}. {\\\"op\\\": \\\"Function\\\". \\\"params\\\": [{\\\"op\\\": \\\"Data\\\". \\\"type_tag\\\": \\\"{\\\\\\\"op\\\\\\\": \\\\\\\"eff$Tuple\\\\\\\". \\\\\\\"elements\\\\\\\": []}\\\". \\\"constructors\\\": [{\\\"tag\\\": \\\"{\\\\\\\"op\\\\\\\": \\\\\\\"eff$Tuple\\\\\\\". \\\\\\\"elements\\\\\\\": []}\\\". \\\"fields\\\": []}]}]. \\\"return\\\": {\\\"op\\\": \\\"Top\\\"}. \\\"purity\\\": \\\"Effectful\\\"}]}\". \"constructors\": [{\"tag\": \"{\\\"op\\\": \\\"eff$Tuple\\\". \\\"elements\\\": [{\\\"op\\\": \\\"Int\\\"}. {\\\"op\\\": \\\"Function\\\". \\\"params\\\": [{\\\"op\\\": \\\"Data\\\". \\\"type_tag\\\": \\\"{\\\\\\\"op\\\\\\\": \\\\\\\"eff$Tuple\\\\\\\". \\\\\\\"elements\\\\\\\": []}\\\". \\\"constructors\\\": [{\\\"tag\\\": \\\"{\\\\\\\"op\\\\\\\": \\\\\\\"eff$Tuple\\\\\\\". \\\\\\\"elements\\\\\\\": []}\\\". \\\"fields\\\": []}]}]. \\\"return\\\": {\\\"op\\\": \\\"Top\\\"}. \\\"purity\\\": \\\"Effectful\\\"}]}\". \"fields\": [{\"op\": \"Int\"}. {\"op\": \"Function\". \"params\": [{\"op\": \"Data\". \"type_tag\": \"{\\\"op\\\": \\\"eff$Tuple\\\". \\\"elements\\\": []}\". \"constructors\": [{\"tag\": \"{\\\"op\\\": \\\"eff$Tuple\\\". \\\"elements\\\": []}\". \"fields\": []}]}]. \"return\": {\"op\": \"Top\"}. \"purity\": \"Effectful\"}]}]}}]}". "constructors": [{"tag": "Empty_4". "fields": []}. {"tag": "Thunk_5". "fields": [{"op": "Data". "type_tag": "{\"op\": \"eff$Tuple\". \"elements\": [{\"op\": \"Int\"}. {\"op\": \"Function\". \"params\": [{\"op\": \"Data\". \"type_tag\": \"{\\\"op\\\": \\\"eff$Tuple\\\". \\\"elements\\\": []}\". \"constructors\": [{\"tag\": \"{\\\"op\\\": \\\"eff$Tuple\\\". \\\"elements\\\": []}\". \"fields\": []}]}]. \"return\": {\"op\": \"Top\"}. \"purity\": \"Effectful\"}]}". "constructors": [{"tag": "{\"op\": \"eff$Tuple\". \"elements\": [{\"op\": \"Int\"}. {\"op\": \"Function\". \"params\": [{\"op\": \"Data\". \"type_tag\": \"{\\\"op\\\": \\\"eff$Tuple\\\". \\\"elements\\\": []}\". \"constructors\": [{\"tag\": \"{\\\"op\\\": \\\"eff$Tuple\\\". \\\"elements\\\": []}\". \"fields\": []}]}]. \"return\": {\"op\": \"Top\"}. \"purity\": \"Effectful\"}]}". "fields": [{"op": "Int"}. {"op": "Function". "params": [{"op": "Data". "type_tag": "{\"op\": \"eff$Tuple\". \"elements\": []}". "constructors": [{"tag": "{\"op\": \"eff$Tuple\". \"elements\": []}". "fields": []}]}]. "return": {"op": "Top"}. "purity": "Effectful"}]}]}]}]}. "purity": "Effectful"}]}). "target": 244. "args": {"num": [1]. "ptr": [0]}}]. "default": {"tag": Interned(2b926574-51e4-4a82-ba1d-f702565eb614#[Missing Tag#819]). "target": 238. "args": {"num": []. "ptr": []}}}')
debug_merge_point(0, 0, '244<main.rpyeffect:236([#641])>+0: {"op": "Push". "target": 243. "args": {"num": [0]. "ptr": [0]}}')
debug_merge_point(0, 0, '244<main.rpyeffect:236([#641])>+1: {"op": "Copy". "type": "num". "from": 1. "to". 0}')
debug_merge_point(0, 0, '244<main.rpyeffect:236([#641])>+2: {"op": "Jump". "target": 143}')
debug_merge_point(0, 0, '143<main.rpyeffect:135(Name(+_27))>+0: {"op": "New". "out": 0. "targets": [136. 138. 140. 142]. "args": {"num": [0]. "ptr": []}}')
debug_merge_point(0, 0, '143<main.rpyeffect:135(Name(+_27))>+1: {"op": "Return". "args": {"num": []. "ptr": [0]}}')
debug_merge_point(0, 0, '243<main.rpyeffect:235([k@[#641]#643])>+0: {"op": "Push". "target": 242. "args": {"num": []. "ptr": [1]}}')
debug_merge_point(0, 0, '243<main.rpyeffect:235([k@[#641]#643])>+1: {"op": "Invoke". "receiver": 0. "tag": Interned(%apply(n):n). "args" : {"num": [0]. "ptr": []}}')
debug_merge_point(0, 0, '136<main.rpyeffect:128([method_%apply(n):n@Name(+_27)#347])>+0: {"op": "Jump". "target": 134}')
debug_merge_point(0, 0, '134<main.rpyeffect:126([mcore:[#23]#343])>+0: {"op": "PrimOp". "name": "infixAdd(Int. Int): Int". "out": {"num": [0]. "ptr": []}. "in": {"num": [1. 0]. "ptr": []}}')
+776: i93 = int_add(i73, i92)
debug_merge_point(0, 0, '134<main.rpyeffect:126([mcore:[#23]#343])>+1: {"op": "Return". "args": {"num": [0]. "ptr": []}}')
debug_merge_point(0, 0, '242<main.rpyeffect:234([k@[k@[#641]#643]#645])>+0: {"op": "Push". "target": 241. "args": {"num": []. "ptr": [0]}}')
debug_merge_point(0, 0, '242<main.rpyeffect:234([k@[k@[#641]#643]#645])>+1: {"op": "Jump". "target": 253}')
debug_merge_point(0, 0, '253<main.rpyeffect:245(Name(sum_69))>+0: {"op": "New". "out": 0. "targets": [250. 252]. "args": {"num": [0]. "ptr": []}}')
debug_merge_point(0, 0, '253<main.rpyeffect:245(Name(sum_69))>+1: {"op": "Return". "args": {"num": []. "ptr": [0]}}')
debug_merge_point(0, 0, '241<main.rpyeffect:233([k@[k@[k@[#641]#643]#645]#647])>+0: {"op": "Construct". "out": 2. "type": Interned({"op": "eff$Tuple". "elements": []}). "tag": Interned({"op": "eff$Tuple". "elements": []}). "args": {"num": []. "ptr": []}}')
debug_merge_point(0, 0, '241<main.rpyeffect:233([k@[k@[k@[#641]#643]#645]#647])>+1: {"op": "Push". "target": 240. "args": {"num": []. "ptr": [0]}}')
debug_merge_point(0, 0, '241<main.rpyeffect:233([k@[k@[k@[#641]#643]#645]#647])>+2: {"op": "Copy". "type": "ptr". "from": 2. "to". 0}')
debug_merge_point(0, 0, '241<main.rpyeffect:233([k@[k@[k@[#641]#643]#645]#647])>+3: {"op": "Invoke". "receiver": 1. "tag": Interned(%apply(p):p). "args" : {"num": []. "ptr": [0]}}')
debug_merge_point(0, 0, '225<main.rpyeffect:217([#588])>+0: {"op": "Jump". "target": 222}')
debug_merge_point(0, 0, '222<main.rpyeffect:214(Name(k_102))>+0: {"op": "PushStack". "arg": 1}')
debug_merge_point(0, 0, '222<main.rpyeffect:214(Name(k_102))>+1: {"op": "Return". "args": {"num": []. "ptr": [0]}}')
debug_merge_point(0, 0, '215<main.rpyeffect:207([k@[k@[#555]#560]#568])>+0: {"op": "Const". "type": "ptr". "out": 0. "format": "string". "value": "Name(Yield_0)"}')
debug_merge_point(0, 0, '215<main.rpyeffect:207([k@[k@[#555]#560]#568])>+1: {"op": "PrimOp". "name": "getGlobal(String): Ptr". "out": {"num": []. "ptr": [0]}. "in": {"num": []. "ptr": [0]}}')
debug_merge_point(0, 0, '215<main.rpyeffect:207([k@[k@[#555]#560]#568])>+2: {"op": "Swap". "type": "ptr". "a": 0. "b". 1}')
debug_merge_point(0, 0, '215<main.rpyeffect:207([k@[k@[#555]#560]#568])>+3: {"op": "Jump". "target": 221}')
debug_merge_point(0, 0, '221<main.rpyeffect:213(Name(iterate_56))>+0: {"op": "Match". "type": Interned({"op": "eff$Sum". "constructors": [{"name": Leaf_2. "arg": {"op": "Unit"}}]}). "scrutinee": 0. "clauses": [{"tag": Interned(Leaf_2). "target": 220. "args": {"num": []. "ptr": []}}]. "default": {"tag": Interned(2b926574-51e4-4a82-ba1d-f702565eb614#[Missing Tag#818]). "target": 219. "args": {"num": []. "ptr": []}}}')
+780: p94 = getfield_gc_r(p74, descr=<FieldP rpyeffect.stored_environment.Data__arb_arb.inst_tag 8>)
+792: guard_value(p94, ConstPtr(ptr95), descr=<Guard0x1503f5860>) [p2, i7, i9, i11, i13, i15, i17, i19, i21, i23, i25, i27, i29, i31, i33, i35, i37, p40, p42, p44, p46, p48, p50, p52, p54, p56, p58, p60, p62, p64, p66, p68, p70, p0, p1, p3, p4]
debug_merge_point(0, 0, '219<main.rpyeffect:211([match_def@Name(iterate_56)#547])>+0: {"op": "Match". "type": Interned({"op": "eff$Sum". "constructors": [{"name": Node_3. "arg": {"op": "Unit"}}]}). "scrutinee": 0. "clauses": [{"tag": Interned(Node_3). "target": 218. "args": {"num": []. "ptr": [0]}}]. "default": {"tag": Interned(2b926574-51e4-4a82-ba1d-f702565eb614#[Missing Tag#817]). "target": 213. "args": {"num": []. "ptr": []}}}')
+800: p96 = getfield_gc_r(p74, descr=<FieldP rpyeffect.stored_environment.Data__0_1.inst_values_ptr_0 32 pure>)
debug_merge_point(0, 0, '218<main.rpyeffect:210([#551])>+0: {"op": "Match". "type": Interned({"op": "eff$Tuple". "elements": [{"op": "Data". "type_tag": "{\"op\": \"eff$Sum\". \"constructors\": [{\"name\": Leaf_2. \"arg\": {\"op\": \"Unit\"}}. {\"name\": Node_3. \"arg\": {\"op\": \"Data\". \"type_tag\": \"{\\\"op\\\": \\\"eff$Tuple\\\". \\\"elements\\\": [{\\\"op\\\": \\\"Top\\\"}. {\\\"op\\\": \\\"Int\\\"}. {\\\"op\\\": \\\"Top\\\"}]}\". \"constructors\": [{\"tag\": \"{\\\"op\\\": \\\"eff$Tuple\\\". \\\"elements\\\": [{\\\"op\\\": \\\"Top\\\"}. {\\\"op\\\": \\\"Int\\\"}. {\\\"op\\\": \\\"Top\\\"}]}\". \"fields\": [{\"op\": \"Top\"}. {\"op\": \"Int\"}. {\"op\": \"Top\"}]}]}}]}". "constructors": [{"tag": "Leaf_2". "fields": []}. {"tag": "Node_3". "fields": [{"op": "Data". "type_tag": "{\"op\": \"eff$Tuple\". \"elements\": [{\"op\": \"Top\"}. {\"op\": \"Int\"}. {\"op\": \"Top\"}]}". "constructors": [{"tag": "{\"op\": \"eff$Tuple\". \"elements\": [{\"op\": \"Top\"}. {\"op\": \"Int\"}. {\"op\": \"Top\"}]}". "fields": [{"op": "Top"}. {"op": "Int"}. {"op": "Top"}]}]}]}]}. {"op": "Int"}. {"op": "Data". "type_tag": "{\"op\": \"eff$Sum\". \"constructors\": [{\"name\": Leaf_2. \"arg\": {\"op\": \"Unit\"}}. {\"name\": Node_3. \"arg\": {\"op\": \"Data\". \"type_tag\": \"{\\\"op\\\": \\\"eff$Tuple\\\". \\\"elements\\\": [{\\\"op\\\": \\\"Top\\\"}. {\\\"op\\\": \\\"Int\\\"}. {\\\"op\\\": \\\"Top\\\"}]}\". \"constructors\": [{\"tag\": \"{\\\"op\\\": \\\"eff$Tuple\\\". \\\"elements\\\": [{\\\"op\\\": \\\"Top\\\"}. {\\\"op\\\": \\\"Int\\\"}. {\\\"op\\\": \\\"Top\\\"}]}\". \"fields\": [{\"op\": \"Top\"}. {\"op\": \"Int\"}. {\"op\": \"Top\"}]}]}}]}". "constructors": [{"tag": "Leaf_2". "fields": []}. {"tag": "Node_3". "fields": [{"op": "Data". "type_tag": "{\"op\": \"eff$Tuple\". \"elements\": [{\"op\": \"Top\"}. {\"op\": \"Int\"}. {\"op\": \"Top\"}]}". "constructors": [{"tag": "{\"op\": \"eff$Tuple\". \"elements\": [{\"op\": \"Top\"}. {\"op\": \"Int\"}. {\"op\": \"Top\"}]}". "fields": [{"op": "Top"}. {"op": "Int"}. {"op": "Top"}]}]}]}]}]}). "scrutinee": 0. "clauses": [{"tag": Interned({"op": "eff$Tuple". "elements": [{"op": "Data". "type_tag": "{\"op\": \"eff$Sum\". \"constructors\": [{\"name\": Leaf_2. \"arg\": {\"op\": \"Unit\"}}. {\"name\": Node_3. \"arg\": {\"op\": \"Data\". \"type_tag\": \"{\\\"op\\\": \\\"eff$Tuple\\\". \\\"elements\\\": [{\\\"op\\\": \\\"Top\\\"}. {\\\"op\\\": \\\"Int\\\"}. {\\\"op\\\": \\\"Top\\\"}]}\". \"constructors\": [{\"tag\": \"{\\\"op\\\": \\\"eff$Tuple\\\". \\\"elements\\\": [{\\\"op\\\": \\\"Top\\\"}. {\\\"op\\\": \\\"Int\\\"}. {\\\"op\\\": \\\"Top\\\"}]}\". \"fields\": [{\"op\": \"Top\"}. {\"op\": \"Int\"}. {\"op\": \"Top\"}]}]}}]}". "constructors": [{"tag": "Leaf_2". "fields": []}. {"tag": "Node_3". "fields": [{"op": "Data". "type_tag": "{\"op\": \"eff$Tuple\". \"elements\": [{\"op\": \"Top\"}. {\"op\": \"Int\"}. {\"op\": \"Top\"}]}". "constructors": [{"tag": "{\"op\": \"eff$Tuple\". \"elements\": [{\"op\": \"Top\"}. {\"op\": \"Int\"}. {\"op\": \"Top\"}]}". "fields": [{"op": "Top"}. {"op": "Int"}. {"op": "Top"}]}]}]}]}. {"op": "Int"}. {"op": "Data". "type_tag": "{\"op\": \"eff$Sum\". \"constructors\": [{\"name\": Leaf_2. \"arg\": {\"op\": \"Unit\"}}. {\"name\": Node_3. \"arg\": {\"op\": \"Data\". \"type_tag\": \"{\\\"op\\\": \\\"eff$Tuple\\\". \\\"elements\\\": [{\\\"op\\\": \\\"Top\\\"}. {\\\"op\\\": \\\"Int\\\"}. {\\\"op\\\": \\\"Top\\\"}]}\". \"constructors\": [{\"tag\": \"{\\\"op\\\": \\\"eff$Tuple\\\". \\\"elements\\\": [{\\\"op\\\": \\\"Top\\\"}. {\\\"op\\\": \\\"Int\\\"}. {\\\"op\\\": \\\"Top\\\"}]}\". \"fields\": [{\"op\": \"Top\"}. {\"op\": \"Int\"}. {\"op\": \"Top\"}]}]}}]}". "constructors": [{"tag": "Leaf_2". "fields": []}. {"tag": "Node_3". "fields": [{"op": "Data". "type_tag": "{\"op\": \"eff$Tuple\". \"elements\": [{\"op\": \"Top\"}. {\"op\": \"Int\"}. {\"op\": \"Top\"}]}". "constructors": [{"tag": "{\"op\": \"eff$Tuple\". \"elements\": [{\"op\": \"Top\"}. {\"op\": \"Int\"}. {\"op\": \"Top\"}]}". "fields": [{"op": "Top"}. {"op": "Int"}. {"op": "Top"}]}]}]}]}]}). "target": 217. "args": {"num": [0]. "ptr": [0. 1]}}]. "default": {"tag": Interned(2b926574-51e4-4a82-ba1d-f702565eb614#[Missing Tag#816]). "target": 214. "args": {"num": []. "ptr": []}}}')
+804: p97 = getfield_gc_r(p96, descr=<FieldP rpyeffect.stored_environment.Data__arb_arb.inst_tag 8>)
+812: guard_value(p97, ConstPtr(ptr98), descr=<Guard0x1503f58a0>) [p2, i7, i9, i11, i13, i15, i17, i19, i21, i23, i25, i27, i29, i31, i33, i35, i37, p40, p42, p44, p46, p48, p50, p52, p54, p56, p58, p60, p62, p64, p66, p68, p70, p0, p1, p3, p4]
+820: i99 = getfield_gc_i(p96, descr=<FieldS rpyeffect.stored_environment.Data__1_2.inst_values_num_0 32 pure>)
+824: p100 = getfield_gc_r(p96, descr=<FieldP rpyeffect.stored_environment.Data__1_2.inst_values_ptr_0 40 pure>)
+828: p101 = getfield_gc_r(p96, descr=<FieldP rpyeffect.stored_environment.Data__1_2.inst_values_ptr_1 48 pure>)
debug_merge_point(0, 0, '217<main.rpyeffect:209([#555])>+0: {"op": "Const". "type": "ptr". "out": 2. "format": "string". "value": "Name(Yield_0)"}')
debug_merge_point(0, 0, '217<main.rpyeffect:209([#555])>+1: {"op": "PrimOp". "name": "getGlobal(String): Ptr". "out": {"num": []. "ptr": [2]}. "in": {"num": []. "ptr": [2]}}')
debug_merge_point(0, 0, '217<main.rpyeffect:209([#555])>+2: {"op": "Push". "target": 216. "args": {"num": [0]. "ptr": [1]}}')
debug_merge_point(0, 0, '217<main.rpyeffect:209([#555])>+3: {"op": "Copy". "type": "ptr". "from": 2. "to". 1}')
+832: p102 = new_with_vtable(descr=<SizeDescr 40>)
+940: p103 = new_with_vtable(descr=<SizeDescr 48>)
+952: p104 = new_with_vtable(descr=<SizeDescr 40>)
+964: p105 = new_with_vtable(descr=<SizeDescr 40>)
+976: setfield_gc(p105, p89, descr=<FieldP rpyeffect.stored_environment.Stack__arb_arb.inst_tail 8 pure>)
+980: setfield_gc(p105, 239, descr=<FieldS rpyeffect.stored_environment.Stack__arb_arb.inst_target 16 pure>)
+988: setfield_gc(p104, p105, descr=<FieldP rpyeffect.stored_environment.Stack__arb_arb.inst_tail 8 pure>)
+992: setfield_gc(p104, 251, descr=<FieldS rpyeffect.stored_environment.Stack__arb_arb.inst_target 16 pure>)
+1000: setfield_gc(p103, p104, descr=<FieldP rpyeffect.stored_environment.Stack__arb_arb.inst_tail 8 pure>)
+1004: setfield_gc(p103, 240, descr=<FieldS rpyeffect.stored_environment.Stack__arb_arb.inst_target 16 pure>)
+1012: p109 = new_with_vtable(descr=<SizeDescr 40>)
+1024: setfield_gc(p109, ConstPtr(ptr110), descr=<FieldP rpyeffect.stored_environment.CoData__arb_arb.inst_vtable 24 pure>)
+1028: setfield_gc(p109, i93, descr=<FieldS rpyeffect.stored_environment.CoData__1_0.inst_values_num_0 32 pure>)
+1036: setfield_gc(p103, p109, descr=<FieldP rpyeffect.stored_environment.Stack__0_1.inst_values_ptr_0 40 pure>)
+1040: setfield_gc(p102, p103, descr=<FieldP rpyeffect.stack.MetaStackLike.inst_stack 8 pure>)
+1044: setfield_gc(p102, p84, descr=<FieldP rpyeffect.stack.MetaStack.inst_label 16 pure>)
+1048: setfield_gc(p102, p85, descr=<FieldP rpyeffect.stack.MetaStack.inst_tail 32 pure>)
+1052: setfield_gc(p102, ConstPtr(null), descr=<FieldP rpyeffect.stack.MetaStack.inst_region 24 pure>)
+1124: jump(p0, p75, i99, p101, p2, p102, p4, i73, i11, i13, i15, i17, i19, i21, i23, i25, i27, i29, i31, i33, i35, i37, p100, p46, p48, p50, p52, p54, p56, p58, p60, p62, p64, p66, p68, p70, descr=TargetToken(5641263072))
+1452: --end of the loop--
[db07c7] jit-log-opt-loop}
[ebff87] {jit-log-opt-loop
# Loop 3 (216<main.rpyeffect:208([k@[#555]#560])>+0: {"op": "Const", "type": "num", "out": 1, "value": 0}) : loop with 183 ops
[p0, p1, p2, p3, p4]
+328: p5 = getfield_gc_r(p2, descr=<FieldP rpyeffect.environment.Environment.inst_values_num 16>)
+336: i7 = getarrayitem_gc_i(p5, 0, descr=<ArrayS 8>)
+340: i9 = getarrayitem_gc_i(p5, 1, descr=<ArrayS 8>)
+344: i11 = getarrayitem_gc_i(p5, 2, descr=<ArrayS 8>)
+348: i13 = getarrayitem_gc_i(p5, 3, descr=<ArrayS 8>)
+352: i15 = getarrayitem_gc_i(p5, 4, descr=<ArrayS 8>)
+356: i17 = getarrayitem_gc_i(p5, 5, descr=<ArrayS 8>)
+360: i19 = getarrayitem_gc_i(p5, 6, descr=<ArrayS 8>)
+364: i21 = getarrayitem_gc_i(p5, 7, descr=<ArrayS 8>)
+368: i23 = getarrayitem_gc_i(p5, 8, descr=<ArrayS 8>)
+372: i25 = getarrayitem_gc_i(p5, 9, descr=<ArrayS 8>)
+376: i27 = getarrayitem_gc_i(p5, 10, descr=<ArrayS 8>)
+380: i29 = getarrayitem_gc_i(p5, 11, descr=<ArrayS 8>)
+384: i31 = getarrayitem_gc_i(p5, 12, descr=<ArrayS 8>)
+388: i33 = getarrayitem_gc_i(p5, 13, descr=<ArrayS 8>)
+392: i35 = getarrayitem_gc_i(p5, 14, descr=<ArrayS 8>)
+400: i37 = getarrayitem_gc_i(p5, 15, descr=<ArrayS 8>)
+404: p38 = getfield_gc_r(p2, descr=<FieldP rpyeffect.environment.Environment.inst_values_ptr 24>)
+408: p40 = getarrayitem_gc_r(p38, 0, descr=<ArrayP 8>)
+416: p42 = getarrayitem_gc_r(p38, 1, descr=<ArrayP 8>)
+424: p44 = getarrayitem_gc_r(p38, 2, descr=<ArrayP 8>)
+432: p46 = getarrayitem_gc_r(p38, 3, descr=<ArrayP 8>)
+440: p48 = getarrayitem_gc_r(p38, 4, descr=<ArrayP 8>)
+448: p50 = getarrayitem_gc_r(p38, 5, descr=<ArrayP 8>)
+456: p52 = getarrayitem_gc_r(p38, 6, descr=<ArrayP 8>)
+464: p54 = getarrayitem_gc_r(p38, 7, descr=<ArrayP 8>)
+472: p56 = getarrayitem_gc_r(p38, 8, descr=<ArrayP 8>)
+480: p58 = getarrayitem_gc_r(p38, 9, descr=<ArrayP 8>)
+488: p60 = getarrayitem_gc_r(p38, 10, descr=<ArrayP 8>)
+496: p62 = getarrayitem_gc_r(p38, 11, descr=<ArrayP 8>)
+504: p64 = getarrayitem_gc_r(p38, 12, descr=<ArrayP 8>)
+512: p66 = getarrayitem_gc_r(p38, 13, descr=<ArrayP 8>)
+520: p68 = getarrayitem_gc_r(p38, 14, descr=<ArrayP 8>)
+528: p70 = getarrayitem_gc_r(p38, 15, descr=<ArrayP 8>)
+532: label(p0, p1, p2, p3, p4, i7, i9, i11, i13, i15, i17, i19, i21, i23, i25, i27, i29, i31, i33, i35, i37, p40, p42, p44, p46, p48, p50, p52, p54, p56, p58, p60, p62, p64, p66, p68, p70, descr=TargetToken(5641263392))
debug_merge_point(0, 0, '216<main.rpyeffect:208([k@[#555]#560])>+0: {"op": "Const". "type": "num". "out": 1. "value": 0}')
+588: guard_not_invalidated(descr=<Guard0x150449620>) [p2, i7, i9, i11, i13, i15, i17, i19, i21, i23, i25, i27, i29, i31, i33, i35, i37, p40, p42, p44, p46, p48, p50, p52, p54, p56, p58, p60, p62, p64, p66, p68, p70, p0, p1, p3, p4]
debug_merge_point(0, 0, '216<main.rpyeffect:208([k@[#555]#560])>+1: {"op": "Const". "type": "ptr". "out": 0. "format": "string". "value": "Name(Yield_0)"}')
debug_merge_point(0, 0, '216<main.rpyeffect:208([k@[#555]#560])>+2: {"op": "PrimOp". "name": "getGlobal(String): Ptr". "out": {"num": []. "ptr": [0]}. "in": {"num": []. "ptr": [0]}}')
debug_merge_point(0, 0, '216<main.rpyeffect:208([k@[#555]#560])>+3: {"op": "GetDynamic". "out": 0. "n": 1. "label": 0}')
+592: guard_nonnull(p4, descr=<Guard0x1503f5fa0>) [p2, i7, i9, i11, i13, i15, i17, i19, i21, i23, i25, i27, i29, i31, i33, i35, i37, p40, p42, p44, p46, p48, p50, p52, p54, p56, p58, p60, p62, p64, p66, p68, p70, p0, p1, p3, p4]
+608: i72 = instance_ptr_eq(p0, ConstPtr(ptr71))
guard_true(i72, descr=<Guard0x150452020>) [p2, i7, i9, i11, i13, i15, i17, i19, i21, i23, i25, i27, i29, i31, i33, i35, i37, p40, p42, p44, p46, p48, p50, p52, p54, p56, p58, p60, p62, p64, p66, p68, p70, p0, p1, p3, p4]
debug_merge_point(0, 0, '216<main.rpyeffect:208([k@[#555]#560])>+4: {"op": "Push". "target": 215. "args": {"num": []. "ptr": [1]}}')
debug_merge_point(0, 0, '216<main.rpyeffect:208([k@[#555]#560])>+5: {"op": "Invoke". "receiver": 0. "tag": Interned(%Yield_0(n):p). "args" : {"num": [0]. "ptr": []}}')
+620: p73 = getfield_gc_r(p4, descr=<FieldP rpyeffect.stored_environment.CoData__arb_arb.inst_vtable 24 pure>)
+632: guard_value(p73, ConstPtr(ptr74), descr=<Guard0x150452060>) [p2, i7, i9, i11, i13, i15, i17, i19, i21, i23, i25, i27, i29, i31, i33, i35, i37, p40, p42, p44, p46, p48, p50, p52, p54, p56, p58, p60, p62, p64, p66, p68, p70, p0, p1, p3, p4]
debug_merge_point(0, 0, '226<main.rpyeffect:218([method_%Yield_0(n):p@[mcore:[#37]#574]#576])>+0: {"op": "Const". "type": "num". "out": 1. "value": 0}')
debug_merge_point(0, 0, '226<main.rpyeffect:218([method_%Yield_0(n):p@[mcore:[#37]#574]#576])>+1: {"op": "Const". "type": "ptr". "out": 0. "format": "string". "value": "Name(Yield_0)"}')
debug_merge_point(0, 0, '226<main.rpyeffect:218([method_%Yield_0(n):p@[mcore:[#37]#574]#576])>+2: {"op": "PrimOp". "name": "getGlobal(String): Ptr". "out": {"num": []. "ptr": [0]}. "in": {"num": []. "ptr": [0]}}')
debug_merge_point(0, 0, '226<main.rpyeffect:218([method_%Yield_0(n):p@[mcore:[#37]#574]#576])>+3: {"op": "ShiftDyn". "out": 0. "n": 1. "label": 0}')
+640: guard_nonnull_class(p3, 4302139072, descr=<Guard0x150449678>) [p2, i7, i9, i11, i13, i15, i17, i19, i21, i23, i25, i27, i29, i31, i33, i35, i37, p40, p42, p44, p46, p48, p50, p52, p54, p56, p58, p60, p62, p64, p66, p68, p70, p0, p1, p3, p4]
+668: p76 = getfield_gc_r(p3, descr=<FieldP rpyeffect.stack.MetaStackLike.inst_stack 8 pure>)
+672: p77 = getfield_gc_r(p3, descr=<FieldP rpyeffect.stack.MetaStack.inst_label 16 pure>)
+676: p78 = getfield_gc_r(p3, descr=<FieldP rpyeffect.stack.MetaStack.inst_tail 32 pure>)
+680: guard_nonnull(p76, descr=<Guard0x1504520a0>) [p2, i7, i9, i11, i13, i15, i17, i19, i21, i23, i25, i27, i29, i31, i33, i35, i37, p40, p42, p44, p46, p48, p50, p52, p54, p56, p58, p60, p62, p64, p66, p68, p70, p0, p1, p3, p4]
+688: i79 = getfield_gc_i(p76, descr=<FieldS rpyeffect.stored_environment.Stack__arb_arb.inst_target 16 pure>)
+692: guard_value(i79, 240, descr=<Guard0x1504520e0>) [p2, i7, i9, i11, i13, i15, i17, i19, i21, i23, i25, i27, i29, i31, i33, i35, i37, p40, p42, p44, p46, p48, p50, p52, p54, p56, p58, p60, p62, p64, p66, p68, p70, p0, p1, p3, p4]
debug_merge_point(0, 0, '226<main.rpyeffect:218([method_%Yield_0(n):p@[mcore:[#37]#574]#576])>+4: {"op": "New". "out": 0. "targets": [225]. "args": {"num": []. "ptr": [0]}}')
debug_merge_point(0, 0, '226<main.rpyeffect:218([method_%Yield_0(n):p@[mcore:[#37]#574]#576])>+5: {"op": "Construct". "out": 0. "type": Interned({"op": "eff$Tuple". "elements": [{"op": "Int"}. {"op": "Function". "params": [{"op": "Data". "type_tag": "{\"op\": \"eff$Tuple\". \"elements\": []}". "constructors": [{"tag": "{\"op\": \"eff$Tuple\". \"elements\": []}". "fields": []}]}]. "return": {"op": "Data". "type_tag": "{\"op\": \"eff$Sum\". \"constructors\": [{\"name\": Empty_4. \"arg\": {\"op\": \"Unit\"}}. {\"name\": Thunk_5. \"arg\": {\"op\": \"Data\". \"type_tag\": \"{\\\"op\\\": \\\"eff$Tuple\\\". \\\"elements\\\": [{\\\"op\\\": \\\"Int\\\"}. {\\\"op\\\": \\\"Function\\\". \\\"params\\\": [{\\\"op\\\": \\\"Data\\\". \\\"type_tag\\\": \\\"{\\\\\\\"op\\\\\\\": \\\\\\\"eff$Tuple\\\\\\\". \\\\\\\"elements\\\\\\\": []}\\\". \\\"constructors\\\": [{\\\"tag\\\": \\\"{\\\\\\\"op\\\\\\\": \\\\\\\"eff$Tuple\\\\\\\". \\\\\\\"elements\\\\\\\": []}\\\". \\\"fields\\\": []}]}]. \\\"return\\\": {\\\"op\\\": \\\"Top\\\"}. \\\"purity\\\": \\\"Effectful\\\"}]}\". \"constructors\": [{\"tag\": \"{\\\"op\\\": \\\"eff$Tuple\\\". \\\"elements\\\": [{\\\"op\\\": \\\"Int\\\"}. {\\\"op\\\": \\\"Function\\\". \\\"params\\\": [{\\\"op\\\": \\\"Data\\\". \\\"type_tag\\\": \\\"{\\\\\\\"op\\\\\\\": \\\\\\\"eff$Tuple\\\\\\\". \\\\\\\"elements\\\\\\\": []}\\\". \\\"constructors\\\": [{\\\"tag\\\": \\\"{\\\\\\\"op\\\\\\\": \\\\\\\"eff$Tuple\\\\\\\". \\\\\\\"elements\\\\\\\": []}\\\". \\\"fields\\\": []}]}]. \\\"return\\\": {\\\"op\\\": \\\"Top\\\"}. \\\"purity\\\": \\\"Effectful\\\"}]}\". \"fields\": [{\"op\": \"Int\"}. {\"op\": \"Function\". \"params\": [{\"op\": \"Data\". \"type_tag\": \"{\\\"op\\\": \\\"eff$Tuple\\\". \\\"elements\\\": []}\". \"constructors\": [{\"tag\": \"{\\\"op\\\": \\\"eff$Tuple\\\". \\\"elements\\\": []}\". \"fields\": []}]}]. \"return\": {\"op\": \"Top\"}. \"purity\": \"Effectful\"}]}]}}]}". "constructors": [{"tag": "Empty_4". "fields": []}. {"tag": "Thunk_5". "fields": [{"op": "Data". "type_tag": "{\"op\": \"eff$Tuple\". \"elements\": [{\"op\": \"Int\"}. {\"op\": \"Function\". \"params\": [{\"op\": \"Data\". \"type_tag\": \"{\\\"op\\\": \\\"eff$Tuple\\\". \\\"elements\\\": []}\". \"constructors\": [{\"tag\": \"{\\\"op\\\": \\\"eff$Tuple\\\". \\\"elements\\\": []}\". \"fields\": []}]}]. \"return\": {\"op\": \"Top\"}. \"purity\": \"Effectful\"}]}". "constructors": [{"tag": "{\"op\": \"eff$Tuple\". \"elements\": [{\"op\": \"Int\"}. {\"op\": \"Function\". \"params\": [{\"op\": \"Data\". \"type_tag\": \"{\\\"op\\\": \\\"eff$Tuple\\\". \\\"elements\\\": []}\". \"constructors\": [{\"tag\": \"{\\\"op\\\": \\\"eff$Tuple\\\". \\\"elements\\\": []}\". \"fields\": []}]}]. \"return\": {\"op\": \"Top\"}. \"purity\": \"Effectful\"}]}". "fields": [{"op": "Int"}. {"op": "Function". "params": [{"op": "Data". "type_tag": "{\"op\": \"eff$Tuple\". \"elements\": []}". "constructors": [{"tag": "{\"op\": \"eff$Tuple\". \"elements\": []}". "fields": []}]}]. "return": {"op": "Top"}. "purity": "Effectful"}]}]}]}]}. "purity": "Effectful"}]}). "tag": Interned({"op": "eff$Tuple". "elements": [{"op": "Int"}. {"op": "Function". "params": [{"op": "Data". "type_tag": "{\"op\": \"eff$Tuple\". \"elements\": []}". "constructors": [{"tag": "{\"op\": \"eff$Tuple\". \"elements\": []}". "fields": []}]}]. "return": {"op": "Data". "type_tag": "{\"op\": \"eff$Sum\". \"constructors\": [{\"name\": Empty_4. \"arg\": {\"op\": \"Unit\"}}. {\"name\": Thunk_5. \"arg\": {\"op\": \"Data\". \"type_tag\": \"{\\\"op\\\": \\\"eff$Tuple\\\". \\\"elements\\\": [{\\\"op\\\": \\\"Int\\\"}. {\\\"op\\\": \\\"Function\\\". \\\"params\\\": [{\\\"op\\\": \\\"Data\\\". \\\"type_tag\\\": \\\"{\\\\\\\"op\\\\\\\": \\\\\\\"eff$Tuple\\\\\\\". \\\\\\\"elements\\\\\\\": []}\\\". \\\"constructors\\\": [{\\\"tag\\\": \\\"{\\\\\\\"op\\\\\\\": \\\\\\\"eff$Tuple\\\\\\\". \\\\\\\"elements\\\\\\\": []}\\\". \\\"fields\\\": []}]}]. \\\"return\\\": {\\\"op\\\": \\\"Top\\\"}. \\\"purity\\\": \\\"Effectful\\\"}]}\". \"constructors\": [{\"tag\": \"{\\\"op\\\": \\\"eff$Tuple\\\". \\\"elements\\\": [{\\\"op\\\": \\\"Int\\\"}. {\\\"op\\\": \\\"Function\\\". \\\"params\\\": [{\\\"op\\\": \\\"Data\\\". \\\"type_tag\\\": \\\"{\\\\\\\"op\\\\\\\": \\\\\\\"eff$Tuple\\\\\\\". \\\\\\\"elements\\\\\\\": []}\\\". \\\"constructors\\\": [{\\\"tag\\\": \\\"{\\\\\\\"op\\\\\\\": \\\\\\\"eff$Tuple\\\\\\\". \\\\\\\"elements\\\\\\\": []}\\\". \\\"fields\\\": []}]}]. \\\"return\\\": {\\\"op\\\": \\\"Top\\\"}. \\\"purity\\\": \\\"Effectful\\\"}]}\". \"fields\": [{\"op\": \"Int\"}. {\"op\": \"Function\". \"params\": [{\"op\": \"Data\". \"type_tag\": \"{\\\"op\\\": \\\"eff$Tuple\\\". \\\"elements\\\": []}\". \"constructors\": [{\"tag\": \"{\\\"op\\\": \\\"eff$Tuple\\\". \\\"elements\\\": []}\". \"fields\": []}]}]. \"return\": {\"op\": \"Top\"}. \"purity\": \"Effectful\"}]}]}}]}". "constructors": [{"tag": "Empty_4". "fields": []}. {"tag": "Thunk_5". "fields": [{"op": "Data". "type_tag": "{\"op\": \"eff$Tuple\". \"elements\": [{\"op\": \"Int\"}. {\"op\": \"Function\". \"params\": [{\"op\": \"Data\". \"type_tag\": \"{\\\"op\\\": \\\"eff$Tuple\\\". \\\"elements\\\": []}\". \"constructors\": [{\"tag\": \"{\\\"op\\\": \\\"eff$Tuple\\\". \\\"elements\\\": []}\". \"fields\": []}]}]. \"return\": {\"op\": \"Top\"}. \"purity\": \"Effectful\"}]}". "constructors": [{"tag": "{\"op\": \"eff$Tuple\". \"elements\": [{\"op\": \"Int\"}. {\"op\": \"Function\". \"params\": [{\"op\": \"Data\". \"type_tag\": \"{\\\"op\\\": \\\"eff$Tuple\\\". \\\"elements\\\": []}\". \"constructors\": [{\"tag\": \"{\\\"op\\\": \\\"eff$Tuple\\\". \\\"elements\\\": []}\". \"fields\": []}]}]. \"return\": {\"op\": \"Top\"}. \"purity\": \"Effectful\"}]}". "fields": [{"op": "Int"}. {"op": "Function". "params": [{"op": "Data". "type_tag": "{\"op\": \"eff$Tuple\". \"elements\": []}". "constructors": [{"tag": "{\"op\": \"eff$Tuple\". \"elements\": []}". "fields": []}]}]. "return": {"op": "Top"}. "purity": "Effectful"}]}]}]}]}. "purity": "Effectful"}]}). "args": {"num": [0]. "ptr": [0]}}')
debug_merge_point(0, 0, '226<main.rpyeffect:218([method_%Yield_0(n):p@[mcore:[#37]#574]#576])>+6: {"op": "Construct". "out": 0. "type": Interned({"op": "eff$Sum". "constructors": [{"name": Thunk_5. "arg": {"op": "Data". "type_tag": "{\"op\": \"eff$Tuple\". \"elements\": [{\"op\": \"Int\"}. {\"op\": \"Function\". \"params\": [{\"op\": \"Data\". \"type_tag\": \"{\\\"op\\\": \\\"eff$Tuple\\\". \\\"elements\\\": []}\". \"constructors\": [{\"tag\": \"{\\\"op\\\": \\\"eff$Tuple\\\". \\\"elements\\\": []}\". \"fields\": []}]}]. \"return\": {\"op\": \"Data\". \"type_tag\": \"{\\\"op\\\": \\\"eff$Sum\\\". \\\"constructors\\\": [{\\\"name\\\": Empty_4. \\\"arg\\\": {\\\"op\\\": \\\"Unit\\\"}}. {\\\"name\\\": Thunk_5. \\\"arg\\\": {\\\"op\\\": \\\"Data\\\". \\\"type_tag\\\": \\\"{\\\\\\\"op\\\\\\\": \\\\\\\"eff$Tuple\\\\\\\". \\\\\\\"elements\\\\\\\": [{\\\\\\\"op\\\\\\\": \\\\\\\"Int\\\\\\\"}. {\\\\\\\"op\\\\\\\": \\\\\\\"Function\\\\\\\". \\\\\\\"params\\\\\\\": [{\\\\\\\"op\\\\\\\": \\\\\\\"Data\\\\\\\". \\\\\\\"type_tag\\\\\\\": \\\\\\\"{\\\\\\\\\\\\\\\"op\\\\\\\\\\\\\\\": \\\\\\\\\\\\\\\"eff$Tuple\\\\\\\\\\\\\\\". \\\\\\\\\\\\\\\"elements\\\\\\\\\\\\\\\": []}\\\\\\\". \\\\\\\"constructors\\\\\\\": [{\\\\\\\"tag\\\\\\\": \\\\\\\"{\\\\\\\\\\\\\\\"op\\\\\\\\\\\\\\\": \\\\\\\\\\\\\\\"eff$Tuple\\\\\\\\\\\\\\\". \\\\\\\\\\\\\\\"elements\\\\\\\\\\\\\\\": []}\\\\\\\". \\\\\\\"fields\\\\\\\": []}]}]. \\\\\\\"return\\\\\\\": {\\\\\\\"op\\\\\\\": \\\\\\\"Top\\\\\\\"}. \\\\\\\"purity\\\\\\\": \\\\\\\"Effectful\\\\\\\"}]}\\\". \\\"constructors\\\": [{\\\"tag\\\": \\\"{\\\\\\\"op\\\\\\\": \\\\\\\"eff$Tuple\\\\\\\". \\\\\\\"elements\\\\\\\": [{\\\\\\\"op\\\\\\\": \\\\\\\"Int\\\\\\\"}. {\\\\\\\"op\\\\\\\": \\\\\\\"Function\\\\\\\". \\\\\\\"params\\\\\\\": [{\\\\\\\"op\\\\\\\": \\\\\\\"Data\\\\\\\". \\\\\\\"type_tag\\\\\\\": \\\\\\\"{\\\\\\\\\\\\\\\"op\\\\\\\\\\\\\\\": \\\\\\\\\\\\\\\"eff$Tuple\\\\\\\\\\\\\\\". \\\\\\\\\\\\\\\"elements\\\\\\\\\\\\\\\": []}\\\\\\\". \\\\\\\"constructors\\\\\\\": [{\\\\\\\"tag\\\\\\\": \\\\\\\"{\\\\\\\\\\\\\\\"op\\\\\\\\\\\\\\\": \\\\\\\\\\\\\\\"eff$Tuple\\\\\\\\\\\\\\\". \\\\\\\\\\\\\\\"elements\\\\\\\\\\\\\\\": []}\\\\\\\". \\\\\\\"fields\\\\\\\": []}]}]. \\\\\\\"return\\\\\\\": {\\\\\\\"op\\\\\\\": \\\\\\\"Top\\\\\\\"}. \\\\\\\"purity\\\\\\\": \\\\\\\"Effectful\\\\\\\"}]}\\\". \\\"fields\\\": [{\\\"op\\\": \\\"Int\\\"}. {\\\"op\\\": \\\"Function\\\". \\\"params\\\": [{\\\"op\\\": \\\"Data\\\". \\\"type_tag\\\": \\\"{\\\\\\\"op\\\\\\\": \\\\\\\"eff$Tuple\\\\\\\". \\\\\\\"elements\\\\\\\": []}\\\". \\\"constructors\\\": [{\\\"tag\\\": \\\"{\\\\\\\"op\\\\\\\": \\\\\\\"eff$Tuple\\\\\\\". \\\\\\\"elements\\\\\\\": []}\\\". \\\"fields\\\": []}]}]. \\\"return\\\": {\\\"op\\\": \\\"Top\\\"}. \\\"purity\\\": \\\"Effectful\\\"}]}]}}]}\". \"constructors\": [{\"tag\": \"Empty_4\". \"fields\": []}. {\"tag\": \"Thunk_5\". \"fields\": [{\"op\": \"Data\". \"type_tag\": \"{\\\"op\\\": \\\"eff$Tuple\\\". \\\"elements\\\": [{\\\"op\\\": \\\"Int\\\"}. {\\\"op\\\": \\\"Function\\\". \\\"params\\\": [{\\\"op\\\": \\\"Data\\\". \\\"type_tag\\\": \\\"{\\\\\\\"op\\\\\\\": \\\\\\\"eff$Tuple\\\\\\\". \\\\\\\"elements\\\\\\\": []}\\\". \\\"constructors\\\": [{\\\"tag\\\": \\\"{\\\\\\\"op\\\\\\\": \\\\\\\"eff$Tuple\\\\\\\". \\\\\\\"elements\\\\\\\": []}\\\". \\\"fields\\\": []}]}]. \\\"return\\\": {\\\"op\\\": \\\"Top\\\"}. \\\"purity\\\": \\\"Effectful\\\"}]}\". \"constructors\": [{\"tag\": \"{\\\"op\\\": \\\"eff$Tuple\\\". \\\"elements\\\": [{\\\"op\\\": \\\"Int\\\"}. {\\\"op\\\": \\\"Function\\\". \\\"params\\\": [{\\\"op\\\": \\\"Data\\\". \\\"type_tag\\\": \\\"{\\\\\\\"op\\\\\\\": \\\\\\\"eff$Tuple\\\\\\\". \\\\\\\"elements\\\\\\\": []}\\\". \\\"constructors\\\": [{\\\"tag\\\": \\\"{\\\\\\\"op\\\\\\\": \\\\\\\"eff$Tuple\\\\\\\". \\\\\\\"elements\\\\\\\": []}\\\". \\\"fields\\\": []}]}]. \\\"return\\\": {\\\"op\\\": \\\"Top\\\"}. \\\"purity\\\": \\\"Effectful\\\"}]}\". \"fields\": [{\"op\": \"Int\"}. {\"op\": \"Function\". \"params\": [{\"op\": \"Data\". \"type_tag\": \"{\\\"op\\\": \\\"eff$Tuple\\\". \\\"elements\\\": []}\". \"constructors\": [{\"tag\": \"{\\\"op\\\": \\\"eff$Tuple\\\". \\\"elements\\\": []}\". \"fields\": []}]}]. \"return\": {\"op\": \"Top\"}. \"purity\": \"Effectful\"}]}]}]}]}. \"purity\": \"Effectful\"}]}". "constructors": [{"tag": "{\"op\": \"eff$Tuple\". \"elements\": [{\"op\": \"Int\"}. {\"op\": \"Function\". \"params\": [{\"op\": \"Data\". \"type_tag\": \"{\\\"op\\\": \\\"eff$Tuple\\\". \\\"elements\\\": []}\". \"constructors\": [{\"tag\": \"{\\\"op\\\": \\\"eff$Tuple\\\". \\\"elements\\\": []}\". \"fields\": []}]}]. \"return\": {\"op\": \"Data\". \"type_tag\": \"{\\\"op\\\": \\\"eff$Sum\\\". \\\"constructors\\\": [{\\\"name\\\": Empty_4. \\\"arg\\\": {\\\"op\\\": \\\"Unit\\\"}}. {\\\"name\\\": Thunk_5. \\\"arg\\\": {\\\"op\\\": \\\"Data\\\". \\\"type_tag\\\": \\\"{\\\\\\\"op\\\\\\\": \\\\\\\"eff$Tuple\\\\\\\". \\\\\\\"elements\\\\\\\": [{\\\\\\\"op\\\\\\\": \\\\\\\"Int\\\\\\\"}. {\\\\\\\"op\\\\\\\": \\\\\\\"Function\\\\\\\". \\\\\\\"params\\\\\\\": [{\\\\\\\"op\\\\\\\": \\\\\\\"Data\\\\\\\". \\\\\\\"type_tag\\\\\\\": \\\\\\\"{\\\\\\\\\\\\\\\"op\\\\\\\\\\\\\\\": \\\\\\\\\\\\\\\"eff$Tuple\\\\\\\\\\\\\\\". \\\\\\\\\\\\\\\"elements\\\\\\\\\\\\\\\": []}\\\\\\\". \\\\\\\"constructors\\\\\\\": [{\\\\\\\"tag\\\\\\\": \\\\\\\"{\\\\\\\\\\\\\\\"op\\\\\\\\\\\\\\\": \\\\\\\\\\\\\\\"eff$Tuple\\\\\\\\\\\\\\\". \\\\\\\\\\\\\\\"elements\\\\\\\\\\\\\\\": []}\\\\\\\". \\\\\\\"fields\\\\\\\": []}]}]. \\\\\\\"return\\\\\\\": {\\\\\\\"op\\\\\\\": \\\\\\\"Top\\\\\\\"}. \\\\\\\"purity\\\\\\\": \\\\\\\"Effectful\\\\\\\"}]}\\\". \\\"constructors\\\": [{\\\"tag\\\": \\\"{\\\\\\\"op\\\\\\\": \\\\\\\"eff$Tuple\\\\\\\". \\\\\\\"elements\\\\\\\": [{\\\\\\\"op\\\\\\\": \\\\\\\"Int\\\\\\\"}. {\\\\\\\"op\\\\\\\": \\\\\\\"Function\\\\\\\". \\\\\\\"params\\\\\\\": [{\\\\\\\"op\\\\\\\": \\\\\\\"Data\\\\\\\". \\\\\\\"type_tag\\\\\\\": \\\\\\\"{\\\\\\\\\\\\\\\"op\\\\\\\\\\\\\\\": \\\\\\\\\\\\\\\"eff$Tuple\\\\\\\\\\\\\\\". \\\\\\\\\\\\\\\"elements\\\\\\\\\\\\\\\": []}\\\\\\\". \\\\\\\"constructors\\\\\\\": [{\\\\\\\"tag\\\\\\\": \\\\\\\"{\\\\\\\\\\\\\\\"op\\\\\\\\\\\\\\\": \\\\\\\\\\\\\\\"eff$Tuple\\\\\\\\\\\\\\\". \\\\\\\\\\\\\\\"elements\\\\\\\\\\\\\\\": []}\\\\\\\". \\\\\\\"fields\\\\\\\": []}]}]. \\\\\\\"return\\\\\\\": {\\\\\\\"op\\\\\\\": \\\\\\\"Top\\\\\\\"}. \\\\\\\"purity\\\\\\\": \\\\\\\"Effectful\\\\\\\"}]}\\\". \\\"fields\\\": [{\\\"op\\\": \\\"Int\\\"}. {\\\"op\\\": \\\"Function\\\". \\\"params\\\": [{\\\"op\\\": \\\"Data\\\". \\\"type_tag\\\": \\\"{\\\\\\\"op\\\\\\\": \\\\\\\"eff$Tuple\\\\\\\". \\\\\\\"elements\\\\\\\": []}\\\". \\\"constructors\\\": [{\\\"tag\\\": \\\"{\\\\\\\"op\\\\\\\": \\\\\\\"eff$Tuple\\\\\\\". \\\\\\\"elements\\\\\\\": []}\\\". \\\"fields\\\": []}]}]. \\\"return\\\": {\\\"op\\\": \\\"Top\\\"}. \\\"purity\\\": \\\"Effectful\\\"}]}]}}]}\". \"constructors\": [{\"tag\": \"Empty_4\". \"fields\": []}. {\"tag\": \"Thunk_5\". \"fields\": [{\"op\": \"Data\". \"type_tag\": \"{\\\"op\\\": \\\"eff$Tuple\\\". \\\"elements\\\": [{\\\"op\\\": \\\"Int\\\"}. {\\\"op\\\": \\\"Function\\\". \\\"params\\\": [{\\\"op\\\": \\\"Data\\\". \\\"type_tag\\\": \\\"{\\\\\\\"op\\\\\\\": \\\\\\\"eff$Tuple\\\\\\\". \\\\\\\"elements\\\\\\\": []}\\\". \\\"constructors\\\": [{\\\"tag\\\": \\\"{\\\\\\\"op\\\\\\\": \\\\\\\"eff$Tuple\\\\\\\". \\\\\\\"elements\\\\\\\": []}\\\". \\\"fields\\\": []}]}]. \\\"return\\\": {\\\"op\\\": \\\"Top\\\"}. \\\"purity\\\": \\\"Effectful\\\"}]}\". \"constructors\": [{\"tag\": \"{\\\"op\\\": \\\"eff$Tuple\\\". \\\"elements\\\": [{\\\"op\\\": \\\"Int\\\"}. {\\\"op\\\": \\\"Function\\\". \\\"params\\\": [{\\\"op\\\": \\\"Data\\\". \\\"type_tag\\\": \\\"{\\\\\\\"op\\\\\\\": \\\\\\\"eff$Tuple\\\\\\\". \\\\\\\"elements\\\\\\\": []}\\\". \\\"constructors\\\": [{\\\"tag\\\": \\\"{\\\\\\\"op\\\\\\\": \\\\\\\"eff$Tuple\\\\\\\". \\\\\\\"elements\\\\\\\": []}\\\". \\\"fields\\\": []}]}]. \\\"return\\\": {\\\"op\\\": \\\"Top\\\"}. \\\"purity\\\": \\\"Effectful\\\"}]}\". \"fields\": [{\"op\": \"Int\"}. {\"op\": \"Function\". \"params\": [{\"op\": \"Data\". \"type_tag\": \"{\\\"op\\\": \\\"eff$Tuple\\\". \\\"elements\\\": []}\". \"constructors\": [{\"tag\": \"{\\\"op\\\": \\\"eff$Tuple\\\". \\\"elements\\\": []}\". \"fields\": []}]}]. \"return\": {\"op\": \"Top\"}. \"purity\": \"Effectful\"}]}]}]}]}. \"purity\": \"Effectful\"}]}". "fields": [{"op": "Int"}. {"op": "Function". "params": [{"op": "Data". "type_tag": "{\"op\": \"eff$Tuple\". \"elements\": []}". "constructors": [{"tag": "{\"op\": \"eff$Tuple\". \"elements\": []}". "fields": []}]}]. "return": {"op": "Data". "type_tag": "{\"op\": \"eff$Sum\". \"constructors\": [{\"name\": Empty_4. \"arg\": {\"op\": \"Unit\"}}. {\"name\": Thunk_5. \"arg\": {\"op\": \"Data\". \"type_tag\": \"{\\\"op\\\": \\\"eff$Tuple\\\". \\\"elements\\\": [{\\\"op\\\": \\\"Int\\\"}. {\\\"op\\\": \\\"Function\\\". \\\"params\\\": [{\\\"op\\\": \\\"Data\\\". \\\"type_tag\\\": \\\"{\\\\\\\"op\\\\\\\": \\\\\\\"eff$Tuple\\\\\\\". \\\\\\\"elements\\\\\\\": []}\\\". \\\"constructors\\\": [{\\\"tag\\\": \\\"{\\\\\\\"op\\\\\\\": \\\\\\\"eff$Tuple\\\\\\\". \\\\\\\"elements\\\\\\\": []}\\\". \\\"fields\\\": []}]}]. \\\"return\\\": {\\\"op\\\": \\\"Top\\\"}. \\\"purity\\\": \\\"Effectful\\\"}]}\". \"constructors\": [{\"tag\": \"{\\\"op\\\": \\\"eff$Tuple\\\". \\\"elements\\\": [{\\\"op\\\": \\\"Int\\\"}. {\\\"op\\\": \\\"Function\\\". \\\"params\\\": [{\\\"op\\\": \\\"Data\\\". \\\"type_tag\\\": \\\"{\\\\\\\"op\\\\\\\": \\\\\\\"eff$Tuple\\\\\\\". \\\\\\\"elements\\\\\\\": []}\\\". \\\"constructors\\\": [{\\\"tag\\\": \\\"{\\\\\\\"op\\\\\\\": \\\\\\\"eff$Tuple\\\\\\\". \\\\\\\"elements\\\\\\\": []}\\\". \\\"fields\\\": []}]}]. \\\"return\\\": {\\\"op\\\": \\\"Top\\\"}. \\\"purity\\\": \\\"Effectful\\\"}]}\". \"fields\": [{\"op\": \"Int\"}. {\"op\": \"Function\". \"params\": [{\"op\": \"Data\". \"type_tag\": \"{\\\"op\\\": \\\"eff$Tuple\\\". \\\"elements\\\": []}\". \"constructors\": [{\"tag\": \"{\\\"op\\\": \\\"eff$Tuple\\\". \\\"elements\\\": []}\". \"fields\": []}]}]. \"return\": {\"op\": \"Top\"}. \"purity\": \"Effectful\"}]}]}}]}". "constructors": [{"tag": "Empty_4". "fields": []}. {"tag": "Thunk_5". "fields": [{"op": "Data". "type_tag": "{\"op\": \"eff$Tuple\". \"elements\": [{\"op\": \"Int\"}. {\"op\": \"Function\". \"params\": [{\"op\": \"Data\". \"type_tag\": \"{\\\"op\\\": \\\"eff$Tuple\\\". \\\"elements\\\": []}\". \"constructors\": [{\"tag\": \"{\\\"op\\\": \\\"eff$Tuple\\\". \\\"elements\\\": []}\". \"fields\": []}]}]. \"return\": {\"op\": \"Top\"}. \"purity\": \"Effectful\"}]}". "constructors": [{"tag": "{\"op\": \"eff$Tuple\". \"elements\": [{\"op\": \"Int\"}. {\"op\": \"Function\". \"params\": [{\"op\": \"Data\". \"type_tag\": \"{\\\"op\\\": \\\"eff$Tuple\\\". \\\"elements\\\": []}\". \"constructors\": [{\"tag\": \"{\\\"op\\\": \\\"eff$Tuple\\\". \\\"elements\\\": []}\". \"fields\": []}]}]. \"return\": {\"op\": \"Top\"}. \"purity\": \"Effectful\"}]}". "fields": [{"op": "Int"}. {"op": "Function". "params": [{"op": "Data". "type_tag": "{\"op\": \"eff$Tuple\". \"elements\": []}". "constructors": [{"tag": "{\"op\": \"eff$Tuple\". \"elements\": []}". "fields": []}]}]. "return": {"op": "Top"}. "purity": "Effectful"}]}]}]}]}. "purity": "Effectful"}]}]}}]}). "tag": Interned(Thunk_5). "args": {"num": []. "ptr": [0]}}')
debug_merge_point(0, 0, '226<main.rpyeffect:218([method_%Yield_0(n):p@[mcore:[#37]#574]#576])>+7: {"op": "Return". "args": {"num": []. "ptr": [0]}}')
+704: p81 = getfield_gc_r(p76, descr=<FieldP rpyeffect.stored_environment.Stack__0_1.inst_values_ptr_0 40 pure>)
+708: p82 = getfield_gc_r(p76, descr=<FieldP rpyeffect.stored_environment.Stack__arb_arb.inst_tail 8 pure>)
debug_merge_point(0, 0, '240<main.rpyeffect:232([k@[k@[k@[k@[#641]#643]#645]#647]#651])>+0: {"op": "Push". "target": 239. "args": {"num": []. "ptr": []}}')
debug_merge_point(0, 0, '240<main.rpyeffect:232([k@[k@[k@[k@[#641]#643]#645]#647]#651])>+1: {"op": "Invoke". "receiver": 1. "tag": Interned(%apply(p):n). "args" : {"num": []. "ptr": [0]}}')
+712: p83 = getfield_gc_r(p81, descr=<FieldP rpyeffect.stored_environment.CoData__arb_arb.inst_vtable 24 pure>)
+720: guard_value(p83, ConstPtr(ptr84), descr=<Guard0x150452120>) [p2, i7, i9, i11, i13, i15, i17, i19, i21, i23, i25, i27, i29, i31, i33, i35, i37, p40, p42, p44, p46, p48, p50, p52, p54, p56, p58, p60, p62, p64, p66, p68, p70, p0, p1, p3, p4]
+728: i85 = getfield_gc_i(p81, descr=<FieldS rpyeffect.stored_environment.CoData__1_0.inst_values_num_0 32 pure>)
debug_merge_point(0, 0, '252<main.rpyeffect:244([method_%apply(p):n@Name(sum_69)#666])>+0: {"op": "Push". "target": 251. "args": {"num": []. "ptr": []}}')
debug_merge_point(0, 0, '252<main.rpyeffect:244([method_%apply(p):n@Name(sum_69)#666])>+1: {"op": "Jump". "target": 248}')
debug_merge_point(0, 0, '248<main.rpyeffect:240([mcore:[#41]#632])>+0: {"op": "Match". "type": Interned({"op": "eff$Sum". "constructors": [{"name": Empty_4. "arg": {"op": "Unit"}}]}). "scrutinee": 0. "clauses": [{"tag": Interned(Empty_4). "target": 247. "args": {"num": []. "ptr": []}}]. "default": {"tag": Interned(2b926574-51e4-4a82-ba1d-f702565eb614#[Missing Tag#821]). "target": 246. "args": {"num": []. "ptr": []}}}')
debug_merge_point(0, 0, '246<main.rpyeffect:238([match_def@[mcore:[#41]#632]#633])>+0: {"op": "Match". "type": Interned({"op": "eff$Sum". "constructors": [{"name": Thunk_5. "arg": {"op": "Unit"}}]}). "scrutinee": 0. "clauses": [{"tag": Interned(Thunk_5). "target": 245. "args": {"num": []. "ptr": [0]}}]. "default": {"tag": Interned(2b926574-51e4-4a82-ba1d-f702565eb614#[Missing Tag#820]). "target": 237. "args": {"num": []. "ptr": []}}}')
debug_merge_point(0, 0, '245<main.rpyeffect:237([#637])>+0: {"op": "Match". "type": Interned({"op": "eff$Tuple". "elements": [{"op": "Int"}. {"op": "Function". "params": [{"op": "Data". "type_tag": "{\"op\": \"eff$Tuple\". \"elements\": []}". "constructors": [{"tag": "{\"op\": \"eff$Tuple\". \"elements\": []}". "fields": []}]}]. "return": {"op": "Data". "type_tag": "{\"op\": \"eff$Sum\". \"constructors\": [{\"name\": Empty_4. \"arg\": {\"op\": \"Unit\"}}. {\"name\": Thunk_5. \"arg\": {\"op\": \"Data\". \"type_tag\": \"{\\\"op\\\": \\\"eff$Tuple\\\". \\\"elements\\\": [{\\\"op\\\": \\\"Int\\\"}. {\\\"op\\\": \\\"Function\\\". \\\"params\\\": [{\\\"op\\\": \\\"Data\\\". \\\"type_tag\\\": \\\"{\\\\\\\"op\\\\\\\": \\\\\\\"eff$Tuple\\\\\\\". \\\\\\\"elements\\\\\\\": []}\\\". \\\"constructors\\\": [{\\\"tag\\\": \\\"{\\\\\\\"op\\\\\\\": \\\\\\\"eff$Tuple\\\\\\\". \\\\\\\"elements\\\\\\\": []}\\\". \\\"fields\\\": []}]}]. \\\"return\\\": {\\\"op\\\": \\\"Top\\\"}. \\\"purity\\\": \\\"Effectful\\\"}]}\". \"constructors\": [{\"tag\": \"{\\\"op\\\": \\\"eff$Tuple\\\". \\\"elements\\\": [{\\\"op\\\": \\\"Int\\\"}. {\\\"op\\\": \\\"Function\\\". \\\"params\\\": [{\\\"op\\\": \\\"Data\\\". \\\"type_tag\\\": \\\"{\\\\\\\"op\\\\\\\": \\\\\\\"eff$Tuple\\\\\\\". \\\\\\\"elements\\\\\\\": []}\\\". \\\"constructors\\\": [{\\\"tag\\\": \\\"{\\\\\\\"op\\\\\\\": \\\\\\\"eff$Tuple\\\\\\\". \\\\\\\"elements\\\\\\\": []}\\\". \\\"fields\\\": []}]}]. \\\"return\\\": {\\\"op\\\": \\\"Top\\\"}. \\\"purity\\\": \\\"Effectful\\\"}]}\". \"fields\": [{\"op\": \"Int\"}. {\"op\": \"Function\". \"params\": [{\"op\": \"Data\". \"type_tag\": \"{\\\"op\\\": \\\"eff$Tuple\\\". \\\"elements\\\": []}\". \"constructors\": [{\"tag\": \"{\\\"op\\\": \\\"eff$Tuple\\\". \\\"elements\\\": []}\". \"fields\": []}]}]. \"return\": {\"op\": \"Top\"}. \"purity\": \"Effectful\"}]}]}}]}". "constructors": [{"tag": "Empty_4". "fields": []}. {"tag": "Thunk_5". "fields": [{"op": "Data". "type_tag": "{\"op\": \"eff$Tuple\". \"elements\": [{\"op\": \"Int\"}. {\"op\": \"Function\". \"params\": [{\"op\": \"Data\". \"type_tag\": \"{\\\"op\\\": \\\"eff$Tuple\\\". \\\"elements\\\": []}\". \"constructors\": [{\"tag\": \"{\\\"op\\\": \\\"eff$Tuple\\\". \\\"elements\\\": []}\". \"fields\": []}]}]. \"return\": {\"op\": \"Top\"}. \"purity\": \"Effectful\"}]}". "constructors": [{"tag": "{\"op\": \"eff$Tuple\". \"elements\": [{\"op\": \"Int\"}. {\"op\": \"Function\". \"params\": [{\"op\": \"Data\". \"type_tag\": \"{\\\"op\\\": \\\"eff$Tuple\\\". \\\"elements\\\": []}\". \"constructors\": [{\"tag\": \"{\\\"op\\\": \\\"eff$Tuple\\\". \\\"elements\\\": []}\". \"fields\": []}]}]. \"return\": {\"op\": \"Top\"}. \"purity\": \"Effectful\"}]}". "fields": [{"op": "Int"}. {"op": "Function". "params": [{"op": "Data". "type_tag": "{\"op\": \"eff$Tuple\". \"elements\": []}". "constructors": [{"tag": "{\"op\": \"eff$Tuple\". \"elements\": []}". "fields": []}]}]. "return": {"op": "Top"}. "purity": "Effectful"}]}]}]}]}. "purity": "Effectful"}]}). "scrutinee": 0. "clauses": [{"tag": Interned({"op": "eff$Tuple". "elements": [{"op": "Int"}. {"op": "Function". "params": [{"op": "Data". "type_tag": "{\"op\": \"eff$Tuple\". \"elements\": []}". "constructors": [{"tag": "{\"op\": \"eff$Tuple\". \"elements\": []}". "fields": []}]}]. "return": {"op": "Data". "type_tag": "{\"op\": \"eff$Sum\". \"constructors\": [{\"name\": Empty_4. \"arg\": {\"op\": \"Unit\"}}. {\"name\": Thunk_5. \"arg\": {\"op\": \"Data\". \"type_tag\": \"{\\\"op\\\": \\\"eff$Tuple\\\". \\\"elements\\\": [{\\\"op\\\": \\\"Int\\\"}. {\\\"op\\\": \\\"Function\\\". \\\"params\\\": [{\\\"op\\\": \\\"Data\\\". \\\"type_tag\\\": \\\"{\\\\\\\"op\\\\\\\": \\\\\\\"eff$Tuple\\\\\\\". \\\\\\\"elements\\\\\\\": []}\\\". \\\"constructors\\\": [{\\\"tag\\\": \\\"{\\\\\\\"op\\\\\\\": \\\\\\\"eff$Tuple\\\\\\\". \\\\\\\"elements\\\\\\\": []}\\\". \\\"fields\\\": []}]}]. \\\"return\\\": {\\\"op\\\": \\\"Top\\\"}. \\\"purity\\\": \\\"Effectful\\\"}]}\". \"constructors\": [{\"tag\": \"{\\\"op\\\": \\\"eff$Tuple\\\". \\\"elements\\\": [{\\\"op\\\": \\\"Int\\\"}. {\\\"op\\\": \\\"Function\\\". \\\"params\\\": [{\\\"op\\\": \\\"Data\\\". \\\"type_tag\\\": \\\"{\\\\\\\"op\\\\\\\": \\\\\\\"eff$Tuple\\\\\\\". \\\\\\\"elements\\\\\\\": []}\\\". \\\"constructors\\\": [{\\\"tag\\\": \\\"{\\\\\\\"op\\\\\\\": \\\\\\\"eff$Tuple\\\\\\\". \\\\\\\"elements\\\\\\\": []}\\\". \\\"fields\\\": []}]}]. \\\"return\\\": {\\\"op\\\": \\\"Top\\\"}. \\\"purity\\\": \\\"Effectful\\\"}]}\". \"fields\": [{\"op\": \"Int\"}. {\"op\": \"Function\". \"params\": [{\"op\": \"Data\". \"type_tag\": \"{\\\"op\\\": \\\"eff$Tuple\\\". \\\"elements\\\": []}\". \"constructors\": [{\"tag\": \"{\\\"op\\\": \\\"eff$Tuple\\\". \\\"elements\\\": []}\". \"fields\": []}]}]. \"return\": {\"op\": \"Top\"}. \"purity\": \"Effectful\"}]}]}}]}". "constructors": [{"tag": "Empty_4". "fields": []}. {"tag": "Thunk_5". "fields": [{"op": "Data". "type_tag": "{\"op\": \"eff$Tuple\". \"elements\": [{\"op\": \"Int\"}. {\"op\": \"Function\". \"params\": [{\"op\": \"Data\". \"type_tag\": \"{\\\"op\\\": \\\"eff$Tuple\\\". \\\"elements\\\": []}\". \"constructors\": [{\"tag\": \"{\\\"op\\\": \\\"eff$Tuple\\\". \\\"elements\\\": []}\". \"fields\": []}]}]. \"return\": {\"op\": \"Top\"}. \"purity\": \"Effectful\"}]}". "constructors": [{"tag": "{\"op\": \"eff$Tuple\". \"elements\": [{\"op\": \"Int\"}. {\"op\": \"Function\". \"params\": [{\"op\": \"Data\". \"type_tag\": \"{\\\"op\\\": \\\"eff$Tuple\\\". \\\"elements\\\": []}\". \"constructors\": [{\"tag\": \"{\\\"op\\\": \\\"eff$Tuple\\\". \\\"elements\\\": []}\". \"fields\": []}]}]. \"return\": {\"op\": \"Top\"}. \"purity\": \"Effectful\"}]}". "fields": [{"op": "Int"}. {"op": "Function". "params": [{"op": "Data". "type_tag": "{\"op\": \"eff$Tuple\". \"elements\": []}". "constructors": [{"tag": "{\"op\": \"eff$Tuple\". \"elements\": []}". "fields": []}]}]. "return": {"op": "Top"}. "purity": "Effectful"}]}]}]}]}. "purity": "Effectful"}]}). "target": 244. "args": {"num": [1]. "ptr": [0]}}]. "default": {"tag": Interned(2b926574-51e4-4a82-ba1d-f702565eb614#[Missing Tag#819]). "target": 238. "args": {"num": []. "ptr": []}}}')
debug_merge_point(0, 0, '244<main.rpyeffect:236([#641])>+0: {"op": "Push". "target": 243. "args": {"num": [0]. "ptr": [0]}}')
debug_merge_point(0, 0, '244<main.rpyeffect:236([#641])>+1: {"op": "Copy". "type": "num". "from": 1. "to". 0}')
debug_merge_point(0, 0, '244<main.rpyeffect:236([#641])>+2: {"op": "Jump". "target": 143}')
debug_merge_point(0, 0, '143<main.rpyeffect:135(Name(+_27))>+0: {"op": "New". "out": 0. "targets": [136. 138. 140. 142]. "args": {"num": [0]. "ptr": []}}')
debug_merge_point(0, 0, '143<main.rpyeffect:135(Name(+_27))>+1: {"op": "Return". "args": {"num": []. "ptr": [0]}}')
debug_merge_point(0, 0, '243<main.rpyeffect:235([k@[#641]#643])>+0: {"op": "Push". "target": 242. "args": {"num": []. "ptr": [1]}}')
debug_merge_point(0, 0, '243<main.rpyeffect:235([k@[#641]#643])>+1: {"op": "Invoke". "receiver": 0. "tag": Interned(%apply(n):n). "args" : {"num": [0]. "ptr": []}}')
debug_merge_point(0, 0, '136<main.rpyeffect:128([method_%apply(n):n@Name(+_27)#347])>+0: {"op": "Jump". "target": 134}')
debug_merge_point(0, 0, '134<main.rpyeffect:126([mcore:[#23]#343])>+0: {"op": "PrimOp". "name": "infixAdd(Int. Int): Int". "out": {"num": [0]. "ptr": []}. "in": {"num": [1. 0]. "ptr": []}}')
+732: i86 = int_add(i7, i85)
debug_merge_point(0, 0, '134<main.rpyeffect:126([mcore:[#23]#343])>+1: {"op": "Return". "args": {"num": [0]. "ptr": []}}')
debug_merge_point(0, 0, '242<main.rpyeffect:234([k@[k@[#641]#643]#645])>+0: {"op": "Push". "target": 241. "args": {"num": []. "ptr": [0]}}')
debug_merge_point(0, 0, '242<main.rpyeffect:234([k@[k@[#641]#643]#645])>+1: {"op": "Jump". "target": 253}')
debug_merge_point(0, 0, '253<main.rpyeffect:245(Name(sum_69))>+0: {"op": "New". "out": 0. "targets": [250. 252]. "args": {"num": [0]. "ptr": []}}')
debug_merge_point(0, 0, '253<main.rpyeffect:245(Name(sum_69))>+1: {"op": "Return". "args": {"num": []. "ptr": [0]}}')
debug_merge_point(0, 0, '241<main.rpyeffect:233([k@[k@[k@[#641]#643]#645]#647])>+0: {"op": "Construct". "out": 2. "type": Interned({"op": "eff$Tuple". "elements": []}). "tag": Interned({"op": "eff$Tuple". "elements": []}). "args": {"num": []. "ptr": []}}')
debug_merge_point(0, 0, '241<main.rpyeffect:233([k@[k@[k@[#641]#643]#645]#647])>+1: {"op": "Push". "target": 240. "args": {"num": []. "ptr": [0]}}')
debug_merge_point(0, 0, '241<main.rpyeffect:233([k@[k@[k@[#641]#643]#645]#647])>+2: {"op": "Copy". "type": "ptr". "from": 2. "to". 0}')
debug_merge_point(0, 0, '241<main.rpyeffect:233([k@[k@[k@[#641]#643]#645]#647])>+3: {"op": "Invoke". "receiver": 1. "tag": Interned(%apply(p):p). "args" : {"num": []. "ptr": [0]}}')
debug_merge_point(0, 0, '225<main.rpyeffect:217([#588])>+0: {"op": "Jump". "target": 222}')
debug_merge_point(0, 0, '222<main.rpyeffect:214(Name(k_102))>+0: {"op": "PushStack". "arg": 1}')
debug_merge_point(0, 0, '222<main.rpyeffect:214(Name(k_102))>+1: {"op": "Return". "args": {"num": []. "ptr": [0]}}')
+736: guard_nonnull(p1, descr=<Guard0x150452160>) [p2, i7, i9, i11, i13, i15, i17, i19, i21, i23, i25, i27, i29, i31, i33, i35, i37, p40, p42, p44, p46, p48, p50, p52, p54, p56, p58, p60, p62, p64, p66, p68, p70, p0, p1, p3, p4]
+748: i87 = getfield_gc_i(p1, descr=<FieldS rpyeffect.stored_environment.Stack__arb_arb.inst_target 16 pure>)
+756: guard_value(i87, 216, descr=<Guard0x1504521a0>) [p2, i7, i9, i11, i13, i15, i17, i19, i21, i23, i25, i27, i29, i31, i33, i35, i37, p40, p42, p44, p46, p48, p50, p52, p54, p56, p58, p60, p62, p64, p66, p68, p70, p0, p1, p3, p4]
debug_merge_point(0, 0, '215<main.rpyeffect:207([k@[k@[#555]#560]#568])>+0: {"op": "Const". "type": "ptr". "out": 0. "format": "string". "value": "Name(Yield_0)"}')
debug_merge_point(0, 0, '215<main.rpyeffect:207([k@[k@[#555]#560]#568])>+1: {"op": "PrimOp". "name": "getGlobal(String): Ptr". "out": {"num": []. "ptr": [0]}. "in": {"num": []. "ptr": [0]}}')
debug_merge_point(0, 0, '215<main.rpyeffect:207([k@[k@[#555]#560]#568])>+2: {"op": "Swap". "type": "ptr". "a": 0. "b". 1}')
debug_merge_point(0, 0, '215<main.rpyeffect:207([k@[k@[#555]#560]#568])>+3: {"op": "Jump". "target": 221}')
debug_merge_point(0, 0, '221<main.rpyeffect:213(Name(iterate_56))>+0: {"op": "Match". "type": Interned({"op": "eff$Sum". "constructors": [{"name": Leaf_2. "arg": {"op": "Unit"}}]}). "scrutinee": 0. "clauses": [{"tag": Interned(Leaf_2). "target": 220. "args": {"num": []. "ptr": []}}]. "default": {"tag": Interned(2b926574-51e4-4a82-ba1d-f702565eb614#[Missing Tag#818]). "target": 219. "args": {"num": []. "ptr": []}}}')
+768: p89 = getfield_gc_r(p42, descr=<FieldP rpyeffect.stored_environment.Data__arb_arb.inst_tag 8>)
+776: guard_value(p89, ConstPtr(ptr90), descr=<Guard0x1504521e0>) [p2, i7, i9, i11, i13, i15, i17, i19, i21, i23, i25, i27, i29, i31, i33, i35, i37, p40, p42, p44, p46, p48, p50, p52, p54, p56, p58, p60, p62, p64, p66, p68, p70, p0, p1, p3, p4]
debug_merge_point(0, 0, '220<main.rpyeffect:212([match_Leaf_2@Name(iterate_56)#572])>+0: {"op": "Construct". "out": 0. "type": Interned({"op": "eff$Tuple". "elements": []}). "tag": Interned({"op": "eff$Tuple". "elements": []}). "args": {"num": []. "ptr": []}}')
debug_merge_point(0, 0, '220<main.rpyeffect:212([match_Leaf_2@Name(iterate_56)#572])>+1: {"op": "Return". "args": {"num": []. "ptr": [0]}}')
+784: i91 = getfield_gc_i(p1, descr=<FieldS rpyeffect.stored_environment.Stack__1_1.inst_values_num_0 40 pure>)
+788: p92 = getfield_gc_r(p1, descr=<FieldP rpyeffect.stored_environment.Stack__1_1.inst_values_ptr_0 48 pure>)
+792: p93 = getfield_gc_r(p1, descr=<FieldP rpyeffect.stored_environment.Stack__arb_arb.inst_tail 8 pure>)
+796: guard_nonnull(p93, descr=<Guard0x150452220>) [p2, i7, i9, i11, i13, i15, i17, i19, i21, i23, i25, i27, i29, i31, i33, i35, i37, p40, p42, p44, p46, p48, p50, p52, p54, p56, p58, p60, p62, p64, p66, p68, p70, p0, p1, p3, p4]
+804: i94 = getfield_gc_i(p93, descr=<FieldS rpyeffect.stored_environment.Stack__arb_arb.inst_target 16 pure>)
+808: guard_value(i94, 216, descr=<Guard0x150452260>) [p2, i7, i9, i11, i13, i15, i17, i19, i21, i23, i25, i27, i29, i31, i33, i35, i37, p40, p42, p44, p46, p48, p50, p52, p54, p56, p58, p60, p62, p64, p66, p68, p70, p0, p1, p3, p4]
debug_merge_point(0, 0, '216<main.rpyeffect:208([k@[#555]#560])>+0: {"op": "Const". "type": "num". "out": 1. "value": 0}')
+820: label(p0, p93, p2, p82, i86, p77, p78, p4, i91, i7, i11, i13, i15, i17, i19, i21, i23, i25, i27, i29, i31, i33, i35, i37, p92, p46, p48, p50, p52, p54, p56, p58, p60, p62, p64, p66, p68, p70, descr=TargetToken(5641263472))
debug_merge_point(0, 0, '216<main.rpyeffect:208([k@[#555]#560])>+0: {"op": "Const". "type": "num". "out": 1. "value": 0}')
+832: guard_not_invalidated(descr=<Guard0x1504496d0>) [p2, i91, i7, i11, i13, i15, i17, i19, i21, i23, i25, i27, i29, i31, i33, i35, i37, p92, p46, p48, p50, p52, p54, p56, p58, p60, p62, p64, p66, p68, p70, p0, p93, p4, i86, p82, p78, p77]
debug_merge_point(0, 0, '216<main.rpyeffect:208([k@[#555]#560])>+1: {"op": "Const". "type": "ptr". "out": 0. "format": "string". "value": "Name(Yield_0)"}')
debug_merge_point(0, 0, '216<main.rpyeffect:208([k@[#555]#560])>+2: {"op": "PrimOp". "name": "getGlobal(String): Ptr". "out": {"num": []. "ptr": [0]}. "in": {"num": []. "ptr": [0]}}')
debug_merge_point(0, 0, '216<main.rpyeffect:208([k@[#555]#560])>+3: {"op": "GetDynamic". "out": 0. "n": 1. "label": 0}')
debug_merge_point(0, 0, '216<main.rpyeffect:208([k@[#555]#560])>+4: {"op": "Push". "target": 215. "args": {"num": []. "ptr": [1]}}')
debug_merge_point(0, 0, '216<main.rpyeffect:208([k@[#555]#560])>+5: {"op": "Invoke". "receiver": 0. "tag": Interned(%Yield_0(n):p). "args" : {"num": [0]. "ptr": []}}')
debug_merge_point(0, 0, '226<main.rpyeffect:218([method_%Yield_0(n):p@[mcore:[#37]#574]#576])>+0: {"op": "Const". "type": "num". "out": 1. "value": 0}')
debug_merge_point(0, 0, '226<main.rpyeffect:218([method_%Yield_0(n):p@[mcore:[#37]#574]#576])>+1: {"op": "Const". "type": "ptr". "out": 0. "format": "string". "value": "Name(Yield_0)"}')
debug_merge_point(0, 0, '226<main.rpyeffect:218([method_%Yield_0(n):p@[mcore:[#37]#574]#576])>+2: {"op": "PrimOp". "name": "getGlobal(String): Ptr". "out": {"num": []. "ptr": [0]}. "in": {"num": []. "ptr": [0]}}')
debug_merge_point(0, 0, '226<main.rpyeffect:218([method_%Yield_0(n):p@[mcore:[#37]#574]#576])>+3: {"op": "ShiftDyn". "out": 0. "n": 1. "label": 0}')
debug_merge_point(0, 0, '226<main.rpyeffect:218([method_%Yield_0(n):p@[mcore:[#37]#574]#576])>+4: {"op": "New". "out": 0. "targets": [225]. "args": {"num": []. "ptr": [0]}}')
debug_merge_point(0, 0, '226<main.rpyeffect:218([method_%Yield_0(n):p@[mcore:[#37]#574]#576])>+5: {"op": "Construct". "out": 0. "type": Interned({"op": "eff$Tuple". "elements": [{"op": "Int"}. {"op": "Function". "params": [{"op": "Data". "type_tag": "{\"op\": \"eff$Tuple\". \"elements\": []}". "constructors": [{"tag": "{\"op\": \"eff$Tuple\". \"elements\": []}". "fields": []}]}]. "return": {"op": "Data". "type_tag": "{\"op\": \"eff$Sum\". \"constructors\": [{\"name\": Empty_4. \"arg\": {\"op\": \"Unit\"}}. {\"name\": Thunk_5. \"arg\": {\"op\": \"Data\". \"type_tag\": \"{\\\"op\\\": \\\"eff$Tuple\\\". \\\"elements\\\": [{\\\"op\\\": \\\"Int\\\"}. {\\\"op\\\": \\\"Function\\\". \\\"params\\\": [{\\\"op\\\": \\\"Data\\\". \\\"type_tag\\\": \\\"{\\\\\\\"op\\\\\\\": \\\\\\\"eff$Tuple\\\\\\\". \\\\\\\"elements\\\\\\\": []}\\\". \\\"constructors\\\": [{\\\"tag\\\": \\\"{\\\\\\\"op\\\\\\\": \\\\\\\"eff$Tuple\\\\\\\". \\\\\\\"elements\\\\\\\": []}\\\". \\\"fields\\\": []}]}]. \\\"return\\\": {\\\"op\\\": \\\"Top\\\"}. \\\"purity\\\": \\\"Effectful\\\"}]}\". \"constructors\": [{\"tag\": \"{\\\"op\\\": \\\"eff$Tuple\\\". \\\"elements\\\": [{\\\"op\\\": \\\"Int\\\"}. {\\\"op\\\": \\\"Function\\\". \\\"params\\\": [{\\\"op\\\": \\\"Data\\\". \\\"type_tag\\\": \\\"{\\\\\\\"op\\\\\\\": \\\\\\\"eff$Tuple\\\\\\\". \\\\\\\"elements\\\\\\\": []}\\\". \\\"constructors\\\": [{\\\"tag\\\": \\\"{\\\\\\\"op\\\\\\\": \\\\\\\"eff$Tuple\\\\\\\". \\\\\\\"elements\\\\\\\": []}\\\". \\\"fields\\\": []}]}]. \\\"return\\\": {\\\"op\\\": \\\"Top\\\"}. \\\"purity\\\": \\\"Effectful\\\"}]}\". \"fields\": [{\"op\": \"Int\"}. {\"op\": \"Function\". \"params\": [{\"op\": \"Data\". \"type_tag\": \"{\\\"op\\\": \\\"eff$Tuple\\\". \\\"elements\\\": []}\". \"constructors\": [{\"tag\": \"{\\\"op\\\": \\\"eff$Tuple\\\". \\\"elements\\\": []}\". \"fields\": []}]}]. \"return\": {\"op\": \"Top\"}. \"purity\": \"Effectful\"}]}]}}]}". "constructors": [{"tag": "Empty_4". "fields": []}. {"tag": "Thunk_5". "fields": [{"op": "Data". "type_tag": "{\"op\": \"eff$Tuple\". \"elements\": [{\"op\": \"Int\"}. {\"op\": \"Function\". \"params\": [{\"op\": \"Data\". \"type_tag\": \"{\\\"op\\\": \\\"eff$Tuple\\\". \\\"elements\\\": []}\". \"constructors\": [{\"tag\": \"{\\\"op\\\": \\\"eff$Tuple\\\". \\\"elements\\\": []}\". \"fields\": []}]}]. \"return\": {\"op\": \"Top\"}. \"purity\": \"Effectful\"}]}". "constructors": [{"tag": "{\"op\": \"eff$Tuple\". \"elements\": [{\"op\": \"Int\"}. {\"op\": \"Function\". \"params\": [{\"op\": \"Data\". \"type_tag\": \"{\\\"op\\\": \\\"eff$Tuple\\\". \\\"elements\\\": []}\". \"constructors\": [{\"tag\": \"{\\\"op\\\": \\\"eff$Tuple\\\". \\\"elements\\\": []}\". \"fields\": []}]}]. \"return\": {\"op\": \"Top\"}. \"purity\": \"Effectful\"}]}". "fields": [{"op": "Int"}. {"op": "Function". "params": [{"op": "Data". "type_tag": "{\"op\": \"eff$Tuple\". \"elements\": []}". "constructors": [{"tag": "{\"op\": \"eff$Tuple\". \"elements\": []}". "fields": []}]}]. "return": {"op": "Top"}. "purity": "Effectful"}]}]}]}]}. "purity": "Effectful"}]}). "tag": Interned({"op": "eff$Tuple". "elements": [{"op": "Int"}. {"op": "Function". "params": [{"op": "Data". "type_tag": "{\"op\": \"eff$Tuple\". \"elements\": []}". "constructors": [{"tag": "{\"op\": \"eff$Tuple\". \"elements\": []}". "fields": []}]}]. "return": {"op": "Data". "type_tag": "{\"op\": \"eff$Sum\". \"constructors\": [{\"name\": Empty_4. \"arg\": {\"op\": \"Unit\"}}. {\"name\": Thunk_5. \"arg\": {\"op\": \"Data\". \"type_tag\": \"{\\\"op\\\": \\\"eff$Tuple\\\". \\\"elements\\\": [{\\\"op\\\": \\\"Int\\\"}. {\\\"op\\\": \\\"Function\\\". \\\"params\\\": [{\\\"op\\\": \\\"Data\\\". \\\"type_tag\\\": \\\"{\\\\\\\"op\\\\\\\": \\\\\\\"eff$Tuple\\\\\\\". \\\\\\\"elements\\\\\\\": []}\\\". \\\"constructors\\\": [{\\\"tag\\\": \\\"{\\\\\\\"op\\\\\\\": \\\\\\\"eff$Tuple\\\\\\\". \\\\\\\"elements\\\\\\\": []}\\\". \\\"fields\\\": []}]}]. \\\"return\\\": {\\\"op\\\": \\\"Top\\\"}. \\\"purity\\\": \\\"Effectful\\\"}]}\". \"constructors\": [{\"tag\": \"{\\\"op\\\": \\\"eff$Tuple\\\". \\\"elements\\\": [{\\\"op\\\": \\\"Int\\\"}. {\\\"op\\\": \\\"Function\\\". \\\"params\\\": [{\\\"op\\\": \\\"Data\\\". \\\"type_tag\\\": \\\"{\\\\\\\"op\\\\\\\": \\\\\\\"eff$Tuple\\\\\\\". \\\\\\\"elements\\\\\\\": []}\\\". \\\"constructors\\\": [{\\\"tag\\\": \\\"{\\\\\\\"op\\\\\\\": \\\\\\\"eff$Tuple\\\\\\\". \\\\\\\"elements\\\\\\\": []}\\\". \\\"fields\\\": []}]}]. \\\"return\\\": {\\\"op\\\": \\\"Top\\\"}. \\\"purity\\\": \\\"Effectful\\\"}]}\". \"fields\": [{\"op\": \"Int\"}. {\"op\": \"Function\". \"params\": [{\"op\": \"Data\". \"type_tag\": \"{\\\"op\\\": \\\"eff$Tuple\\\". \\\"elements\\\": []}\". \"constructors\": [{\"tag\": \"{\\\"op\\\": \\\"eff$Tuple\\\". \\\"elements\\\": []}\". \"fields\": []}]}]. \"return\": {\"op\": \"Top\"}. \"purity\": \"Effectful\"}]}]}}]}". "constructors": [{"tag": "Empty_4". "fields": []}. {"tag": "Thunk_5". "fields": [{"op": "Data". "type_tag": "{\"op\": \"eff$Tuple\". \"elements\": [{\"op\": \"Int\"}. {\"op\": \"Function\". \"params\": [{\"op\": \"Data\". \"type_tag\": \"{\\\"op\\\": \\\"eff$Tuple\\\". \\\"elements\\\": []}\". \"constructors\": [{\"tag\": \"{\\\"op\\\": \\\"eff$Tuple\\\". \\\"elements\\\": []}\". \"fields\": []}]}]. \"return\": {\"op\": \"Top\"}. \"purity\": \"Effectful\"}]}". "constructors": [{"tag": "{\"op\": \"eff$Tuple\". \"elements\": [{\"op\": \"Int\"}. {\"op\": \"Function\". \"params\": [{\"op\": \"Data\". \"type_tag\": \"{\\\"op\\\": \\\"eff$Tuple\\\". \\\"elements\\\": []}\". \"constructors\": [{\"tag\": \"{\\\"op\\\": \\\"eff$Tuple\\\". \\\"elements\\\": []}\". \"fields\": []}]}]. \"return\": {\"op\": \"Top\"}. \"purity\": \"Effectful\"}]}". "fields": [{"op": "Int"}. {"op": "Function". "params": [{"op": "Data". "type_tag": "{\"op\": \"eff$Tuple\". \"elements\": []}". "constructors": [{"tag": "{\"op\": \"eff$Tuple\". \"elements\": []}". "fields": []}]}]. "return": {"op": "Top"}. "purity": "Effectful"}]}]}]}]}. "purity": "Effectful"}]}). "args": {"num": [0]. "ptr": [0]}}')
debug_merge_point(0, 0, '226<main.rpyeffect:218([method_%Yield_0(n):p@[mcore:[#37]#574]#576])>+6: {"op": "Construct". "out": 0. "type": Interned({"op": "eff$Sum". "constructors": [{"name": Thunk_5. "arg": {"op": "Data". "type_tag": "{\"op\": \"eff$Tuple\". \"elements\": [{\"op\": \"Int\"}. {\"op\": \"Function\". \"params\": [{\"op\": \"Data\". \"type_tag\": \"{\\\"op\\\": \\\"eff$Tuple\\\". \\\"elements\\\": []}\". \"constructors\": [{\"tag\": \"{\\\"op\\\": \\\"eff$Tuple\\\". \\\"elements\\\": []}\". \"fields\": []}]}]. \"return\": {\"op\": \"Data\". \"type_tag\": \"{\\\"op\\\": \\\"eff$Sum\\\". \\\"constructors\\\": [{\\\"name\\\": Empty_4. \\\"arg\\\": {\\\"op\\\": \\\"Unit\\\"}}. {\\\"name\\\": Thunk_5. \\\"arg\\\": {\\\"op\\\": \\\"Data\\\". \\\"type_tag\\\": \\\"{\\\\\\\"op\\\\\\\": \\\\\\\"eff$Tuple\\\\\\\". \\\\\\\"elements\\\\\\\": [{\\\\\\\"op\\\\\\\": \\\\\\\"Int\\\\\\\"}. {\\\\\\\"op\\\\\\\": \\\\\\\"Function\\\\\\\". \\\\\\\"params\\\\\\\": [{\\\\\\\"op\\\\\\\": \\\\\\\"Data\\\\\\\". \\\\\\\"type_tag\\\\\\\": \\\\\\\"{\\\\\\\\\\\\\\\"op\\\\\\\\\\\\\\\": \\\\\\\\\\\\\\\"eff$Tuple\\\\\\\\\\\\\\\". \\\\\\\\\\\\\\\"elements\\\\\\\\\\\\\\\": []}\\\\\\\". \\\\\\\"constructors\\\\\\\": [{\\\\\\\"tag\\\\\\\": \\\\\\\"{\\\\\\\\\\\\\\\"op\\\\\\\\\\\\\\\": \\\\\\\\\\\\\\\"eff$Tuple\\\\\\\\\\\\\\\". \\\\\\\\\\\\\\\"elements\\\\\\\\\\\\\\\": []}\\\\\\\". \\\\\\\"fields\\\\\\\": []}]}]. \\\\\\\"return\\\\\\\": {\\\\\\\"op\\\\\\\": \\\\\\\"Top\\\\\\\"}. \\\\\\\"purity\\\\\\\": \\\\\\\"Effectful\\\\\\\"}]}\\\". \\\"constructors\\\": [{\\\"tag\\\": \\\"{\\\\\\\"op\\\\\\\": \\\\\\\"eff$Tuple\\\\\\\". \\\\\\\"elements\\\\\\\": [{\\\\\\\"op\\\\\\\": \\\\\\\"Int\\\\\\\"}. {\\\\\\\"op\\\\\\\": \\\\\\\"Function\\\\\\\". \\\\\\\"params\\\\\\\": [{\\\\\\\"op\\\\\\\": \\\\\\\"Data\\\\\\\". \\\\\\\"type_tag\\\\\\\": \\\\\\\"{\\\\\\\\\\\\\\\"op\\\\\\\\\\\\\\\": \\\\\\\\\\\\\\\"eff$Tuple\\\\\\\\\\\\\\\". \\\\\\\\\\\\\\\"elements\\\\\\\\\\\\\\\": []}\\\\\\\". \\\\\\\"constructors\\\\\\\": [{\\\\\\\"tag\\\\\\\": \\\\\\\"{\\\\\\\\\\\\\\\"op\\\\\\\\\\\\\\\": \\\\\\\\\\\\\\\"eff$Tuple\\\\\\\\\\\\\\\". \\\\\\\\\\\\\\\"elements\\\\\\\\\\\\\\\": []}\\\\\\\". \\\\\\\"fields\\\\\\\": []}]}]. \\\\\\\"return\\\\\\\": {\\\\\\\"op\\\\\\\": \\\\\\\"Top\\\\\\\"}. \\\\\\\"purity\\\\\\\": \\\\\\\"Effectful\\\\\\\"}]}\\\". \\\"fields\\\": [{\\\"op\\\": \\\"Int\\\"}. {\\\"op\\\": \\\"Function\\\". \\\"params\\\": [{\\\"op\\\": \\\"Data\\\". \\\"type_tag\\\": \\\"{\\\\\\\"op\\\\\\\": \\\\\\\"eff$Tuple\\\\\\\". \\\\\\\"elements\\\\\\\": []}\\\". \\\"constructors\\\": [{\\\"tag\\\": \\\"{\\\\\\\"op\\\\\\\": \\\\\\\"eff$Tuple\\\\\\\". \\\\\\\"elements\\\\\\\": []}\\\". \\\"fields\\\": []}]}]. \\\"return\\\": {\\\"op\\\": \\\"Top\\\"}. \\\"purity\\\": \\\"Effectful\\\"}]}]}}]}\". \"constructors\": [{\"tag\": \"Empty_4\". \"fields\": []}. {\"tag\": \"Thunk_5\". \"fields\": [{\"op\": \"Data\". \"type_tag\": \"{\\\"op\\\": \\\"eff$Tuple\\\". \\\"elements\\\": [{\\\"op\\\": \\\"Int\\\"}. {\\\"op\\\": \\\"Function\\\". \\\"params\\\": [{\\\"op\\\": \\\"Data\\\". \\\"type_tag\\\": \\\"{\\\\\\\"op\\\\\\\": \\\\\\\"eff$Tuple\\\\\\\". \\\\\\\"elements\\\\\\\": []}\\\". \\\"constructors\\\": [{\\\"tag\\\": \\\"{\\\\\\\"op\\\\\\\": \\\\\\\"eff$Tuple\\\\\\\". \\\\\\\"elements\\\\\\\": []}\\\". \\\"fields\\\": []}]}]. \\\"return\\\": {\\\"op\\\": \\\"Top\\\"}. \\\"purity\\\": \\\"Effectful\\\"}]}\". \"constructors\": [{\"tag\": \"{\\\"op\\\": \\\"eff$Tuple\\\". \\\"elements\\\": [{\\\"op\\\": \\\"Int\\\"}. {\\\"op\\\": \\\"Function\\\". \\\"params\\\": [{\\\"op\\\": \\\"Data\\\". \\\"type_tag\\\": \\\"{\\\\\\\"op\\\\\\\": \\\\\\\"eff$Tuple\\\\\\\". \\\\\\\"elements\\\\\\\": []}\\\". \\\"constructors\\\": [{\\\"tag\\\": \\\"{\\\\\\\"op\\\\\\\": \\\\\\\"eff$Tuple\\\\\\\". \\\\\\\"elements\\\\\\\": []}\\\". \\\"fields\\\": []}]}]. \\\"return\\\": {\\\"op\\\": \\\"Top\\\"}. \\\"purity\\\": \\\"Effectful\\\"}]}\". \"fields\": [{\"op\": \"Int\"}. {\"op\": \"Function\". \"params\": [{\"op\": \"Data\". \"type_tag\": \"{\\\"op\\\": \\\"eff$Tuple\\\". \\\"elements\\\": []}\". \"constructors\": [{\"tag\": \"{\\\"op\\\": \\\"eff$Tuple\\\". \\\"elements\\\": []}\". \"fields\": []}]}]. \"return\": {\"op\": \"Top\"}. \"purity\": \"Effectful\"}]}]}]}]}. \"purity\": \"Effectful\"}]}". "constructors": [{"tag": "{\"op\": \"eff$Tuple\". \"elements\": [{\"op\": \"Int\"}. {\"op\": \"Function\". \"params\": [{\"op\": \"Data\". \"type_tag\": \"{\\\"op\\\": \\\"eff$Tuple\\\". \\\"elements\\\": []}\". \"constructors\": [{\"tag\": \"{\\\"op\\\": \\\"eff$Tuple\\\". \\\"elements\\\": []}\". \"fields\": []}]}]. \"return\": {\"op\": \"Data\". \"type_tag\": \"{\\\"op\\\": \\\"eff$Sum\\\". \\\"constructors\\\": [{\\\"name\\\": Empty_4. \\\"arg\\\": {\\\"op\\\": \\\"Unit\\\"}}. {\\\"name\\\": Thunk_5. \\\"arg\\\": {\\\"op\\\": \\\"Data\\\". \\\"type_tag\\\": \\\"{\\\\\\\"op\\\\\\\": \\\\\\\"eff$Tuple\\\\\\\". \\\\\\\"elements\\\\\\\": [{\\\\\\\"op\\\\\\\": \\\\\\\"Int\\\\\\\"}. {\\\\\\\"op\\\\\\\": \\\\\\\"Function\\\\\\\". \\\\\\\"params\\\\\\\": [{\\\\\\\"op\\\\\\\": \\\\\\\"Data\\\\\\\". \\\\\\\"type_tag\\\\\\\": \\\\\\\"{\\\\\\\\\\\\\\\"op\\\\\\\\\\\\\\\": \\\\\\\\\\\\\\\"eff$Tuple\\\\\\\\\\\\\\\". \\\\\\\\\\\\\\\"elements\\\\\\\\\\\\\\\": []}\\\\\\\". \\\\\\\"constructors\\\\\\\": [{\\\\\\\"tag\\\\\\\": \\\\\\\"{\\\\\\\\\\\\\\\"op\\\\\\\\\\\\\\\": \\\\\\\\\\\\\\\"eff$Tuple\\\\\\\\\\\\\\\". \\\\\\\\\\\\\\\"elements\\\\\\\\\\\\\\\": []}\\\\\\\". \\\\\\\"fields\\\\\\\": []}]}]. \\\\\\\"return\\\\\\\": {\\\\\\\"op\\\\\\\": \\\\\\\"Top\\\\\\\"}. \\\\\\\"purity\\\\\\\": \\\\\\\"Effectful\\\\\\\"}]}\\\". \\\"constructors\\\": [{\\\"tag\\\": \\\"{\\\\\\\"op\\\\\\\": \\\\\\\"eff$Tuple\\\\\\\". \\\\\\\"elements\\\\\\\": [{\\\\\\\"op\\\\\\\": \\\\\\\"Int\\\\\\\"}. {\\\\\\\"op\\\\\\\": \\\\\\\"Function\\\\\\\". \\\\\\\"params\\\\\\\": [{\\\\\\\"op\\\\\\\": \\\\\\\"Data\\\\\\\". \\\\\\\"type_tag\\\\\\\": \\\\\\\"{\\\\\\\\\\\\\\\"op\\\\\\\\\\\\\\\": \\\\\\\\\\\\\\\"eff$Tuple\\\\\\\\\\\\\\\". \\\\\\\\\\\\\\\"elements\\\\\\\\\\\\\\\": []}\\\\\\\". \\\\\\\"constructors\\\\\\\": [{\\\\\\\"tag\\\\\\\": \\\\\\\"{\\\\\\\\\\\\\\\"op\\\\\\\\\\\\\\\": \\\\\\\\\\\\\\\"eff$Tuple\\\\\\\\\\\\\\\". \\\\\\\\\\\\\\\"elements\\\\\\\\\\\\\\\": []}\\\\\\\". \\\\\\\"fields\\\\\\\": []}]}]. \\\\\\\"return\\\\\\\": {\\\\\\\"op\\\\\\\": \\\\\\\"Top\\\\\\\"}. \\\\\\\"purity\\\\\\\": \\\\\\\"Effectful\\\\\\\"}]}\\\". \\\"fields\\\": [{\\\"op\\\": \\\"Int\\\"}. {\\\"op\\\": \\\"Function\\\". \\\"params\\\": [{\\\"op\\\": \\\"Data\\\". \\\"type_tag\\\": \\\"{\\\\\\\"op\\\\\\\": \\\\\\\"eff$Tuple\\\\\\\". \\\\\\\"elements\\\\\\\": []}\\\". \\\"constructors\\\": [{\\\"tag\\\": \\\"{\\\\\\\"op\\\\\\\": \\\\\\\"eff$Tuple\\\\\\\". \\\\\\\"elements\\\\\\\": []}\\\". \\\"fields\\\": []}]}]. \\\"return\\\": {\\\"op\\\": \\\"Top\\\"}. \\\"purity\\\": \\\"Effectful\\\"}]}]}}]}\". \"constructors\": [{\"tag\": \"Empty_4\". \"fields\": []}. {\"tag\": \"Thunk_5\". \"fields\": [{\"op\": \"Data\". \"type_tag\": \"{\\\"op\\\": \\\"eff$Tuple\\\". \\\"elements\\\": [{\\\"op\\\": \\\"Int\\\"}. {\\\"op\\\": \\\"Function\\\". \\\"params\\\": [{\\\"op\\\": \\\"Data\\\". \\\"type_tag\\\": \\\"{\\\\\\\"op\\\\\\\": \\\\\\\"eff$Tuple\\\\\\\". \\\\\\\"elements\\\\\\\": []}\\\". \\\"constructors\\\": [{\\\"tag\\\": \\\"{\\\\\\\"op\\\\\\\": \\\\\\\"eff$Tuple\\\\\\\". \\\\\\\"elements\\\\\\\": []}\\\". \\\"fields\\\": []}]}]. \\\"return\\\": {\\\"op\\\": \\\"Top\\\"}. \\\"purity\\\": \\\"Effectful\\\"}]}\". \"constructors\": [{\"tag\": \"{\\\"op\\\": \\\"eff$Tuple\\\". \\\"elements\\\": [{\\\"op\\\": \\\"Int\\\"}. {\\\"op\\\": \\\"Function\\\". \\\"params\\\": [{\\\"op\\\": \\\"Data\\\". \\\"type_tag\\\": \\\"{\\\\\\\"op\\\\\\\": \\\\\\\"eff$Tuple\\\\\\\". \\\\\\\"elements\\\\\\\": []}\\\". \\\"constructors\\\": [{\\\"tag\\\": \\\"{\\\\\\\"op\\\\\\\": \\\\\\\"eff$Tuple\\\\\\\". \\\\\\\"elements\\\\\\\": []}\\\". \\\"fields\\\": []}]}]. \\\"return\\\": {\\\"op\\\": \\\"Top\\\"}. \\\"purity\\\": \\\"Effectful\\\"}]}\". \"fields\": [{\"op\": \"Int\"}. {\"op\": \"Function\". \"params\": [{\"op\": \"Data\". \"type_tag\": \"{\\\"op\\\": \\\"eff$Tuple\\\". \\\"elements\\\": []}\". \"constructors\": [{\"tag\": \"{\\\"op\\\": \\\"eff$Tuple\\\". \\\"elements\\\": []}\". \"fields\": []}]}]. \"return\": {\"op\": \"Top\"}. \"purity\": \"Effectful\"}]}]}]}]}. \"purity\": \"Effectful\"}]}". "fields": [{"op": "Int"}. {"op": "Function". "params": [{"op": "Data". "type_tag": "{\"op\": \"eff$Tuple\". \"elements\": []}". "constructors": [{"tag": "{\"op\": \"eff$Tuple\". \"elements\": []}". "fields": []}]}]. "return": {"op": "Data". "type_tag": "{\"op\": \"eff$Sum\". \"constructors\": [{\"name\": Empty_4. \"arg\": {\"op\": \"Unit\"}}. {\"name\": Thunk_5. \"arg\": {\"op\": \"Data\". \"type_tag\": \"{\\\"op\\\": \\\"eff$Tuple\\\". \\\"elements\\\": [{\\\"op\\\": \\\"Int\\\"}. {\\\"op\\\": \\\"Function\\\". \\\"params\\\": [{\\\"op\\\": \\\"Data\\\". \\\"type_tag\\\": \\\"{\\\\\\\"op\\\\\\\": \\\\\\\"eff$Tuple\\\\\\\". \\\\\\\"elements\\\\\\\": []}\\\". \\\"constructors\\\": [{\\\"tag\\\": \\\"{\\\\\\\"op\\\\\\\": \\\\\\\"eff$Tuple\\\\\\\". \\\\\\\"elements\\\\\\\": []}\\\". \\\"fields\\\": []}]}]. \\\"return\\\": {\\\"op\\\": \\\"Top\\\"}. \\\"purity\\\": \\\"Effectful\\\"}]}\". \"constructors\": [{\"tag\": \"{\\\"op\\\": \\\"eff$Tuple\\\". \\\"elements\\\": [{\\\"op\\\": \\\"Int\\\"}. {\\\"op\\\": \\\"Function\\\". \\\"params\\\": [{\\\"op\\\": \\\"Data\\\". \\\"type_tag\\\": \\\"{\\\\\\\"op\\\\\\\": \\\\\\\"eff$Tuple\\\\\\\". \\\\\\\"elements\\\\\\\": []}\\\". \\\"constructors\\\": [{\\\"tag\\\": \\\"{\\\\\\\"op\\\\\\\": \\\\\\\"eff$Tuple\\\\\\\". \\\\\\\"elements\\\\\\\": []}\\\". \\\"fields\\\": []}]}]. \\\"return\\\": {\\\"op\\\": \\\"Top\\\"}. \\\"purity\\\": \\\"Effectful\\\"}]}\". \"fields\": [{\"op\": \"Int\"}. {\"op\": \"Function\". \"params\": [{\"op\": \"Data\". \"type_tag\": \"{\\\"op\\\": \\\"eff$Tuple\\\". \\\"elements\\\": []}\". \"constructors\": [{\"tag\": \"{\\\"op\\\": \\\"eff$Tuple\\\". \\\"elements\\\": []}\". \"fields\": []}]}]. \"return\": {\"op\": \"Top\"}. \"purity\": \"Effectful\"}]}]}}]}". "constructors": [{"tag": "Empty_4". "fields": []}. {"tag": "Thunk_5". "fields": [{"op": "Data". "type_tag": "{\"op\": \"eff$Tuple\". \"elements\": [{\"op\": \"Int\"}. {\"op\": \"Function\". \"params\": [{\"op\": \"Data\". \"type_tag\": \"{\\\"op\\\": \\\"eff$Tuple\\\". \\\"elements\\\": []}\". \"constructors\": [{\"tag\": \"{\\\"op\\\": \\\"eff$Tuple\\\". \\\"elements\\\": []}\". \"fields\": []}]}]. \"return\": {\"op\": \"Top\"}. \"purity\": \"Effectful\"}]}". "constructors": [{"tag": "{\"op\": \"eff$Tuple\". \"elements\": [{\"op\": \"Int\"}. {\"op\": \"Function\". \"params\": [{\"op\": \"Data\". \"type_tag\": \"{\\\"op\\\": \\\"eff$Tuple\\\". \\\"elements\\\": []}\". \"constructors\": [{\"tag\": \"{\\\"op\\\": \\\"eff$Tuple\\\". \\\"elements\\\": []}\". \"fields\": []}]}]. \"return\": {\"op\": \"Top\"}. \"purity\": \"Effectful\"}]}". "fields": [{"op": "Int"}. {"op": "Function". "params": [{"op": "Data". "type_tag": "{\"op\": \"eff$Tuple\". \"elements\": []}". "constructors": [{"tag": "{\"op\": \"eff$Tuple\". \"elements\": []}". "fields": []}]}]. "return": {"op": "Top"}. "purity": "Effectful"}]}]}]}]}. "purity": "Effectful"}]}]}}]}). "tag": Interned(Thunk_5). "args": {"num": []. "ptr": [0]}}')
debug_merge_point(0, 0, '226<main.rpyeffect:218([method_%Yield_0(n):p@[mcore:[#37]#574]#576])>+7: {"op": "Return". "args": {"num": []. "ptr": [0]}}')
debug_merge_point(0, 0, '240<main.rpyeffect:232([k@[k@[k@[k@[#641]#643]#645]#647]#651])>+0: {"op": "Push". "target": 239. "args": {"num": []. "ptr": []}}')
debug_merge_point(0, 0, '240<main.rpyeffect:232([k@[k@[k@[k@[#641]#643]#645]#647]#651])>+1: {"op": "Invoke". "receiver": 1. "tag": Interned(%apply(p):n). "args" : {"num": []. "ptr": [0]}}')
debug_merge_point(0, 0, '252<main.rpyeffect:244([method_%apply(p):n@Name(sum_69)#666])>+0: {"op": "Push". "target": 251. "args": {"num": []. "ptr": []}}')
debug_merge_point(0, 0, '252<main.rpyeffect:244([method_%apply(p):n@Name(sum_69)#666])>+1: {"op": "Jump". "target": 248}')
debug_merge_point(0, 0, '248<main.rpyeffect:240([mcore:[#41]#632])>+0: {"op": "Match". "type": Interned({"op": "eff$Sum". "constructors": [{"name": Empty_4. "arg": {"op": "Unit"}}]}). "scrutinee": 0. "clauses": [{"tag": Interned(Empty_4). "target": 247. "args": {"num": []. "ptr": []}}]. "default": {"tag": Interned(2b926574-51e4-4a82-ba1d-f702565eb614#[Missing Tag#821]). "target": 246. "args": {"num": []. "ptr": []}}}')
debug_merge_point(0, 0, '246<main.rpyeffect:238([match_def@[mcore:[#41]#632]#633])>+0: {"op": "Match". "type": Interned({"op": "eff$Sum". "constructors": [{"name": Thunk_5. "arg": {"op": "Unit"}}]}). "scrutinee": 0. "clauses": [{"tag": Interned(Thunk_5). "target": 245. "args": {"num": []. "ptr": [0]}}]. "default": {"tag": Interned(2b926574-51e4-4a82-ba1d-f702565eb614#[Missing Tag#820]). "target": 237. "args": {"num": []. "ptr": []}}}')
debug_merge_point(0, 0, '245<main.rpyeffect:237([#637])>+0: {"op": "Match". "type": Interned({"op": "eff$Tuple". "elements": [{"op": "Int"}. {"op": "Function". "params": [{"op": "Data". "type_tag": "{\"op\": \"eff$Tuple\". \"elements\": []}". "constructors": [{"tag": "{\"op\": \"eff$Tuple\". \"elements\": []}". "fields": []}]}]. "return": {"op": "Data". "type_tag": "{\"op\": \"eff$Sum\". \"constructors\": [{\"name\": Empty_4. \"arg\": {\"op\": \"Unit\"}}. {\"name\": Thunk_5. \"arg\": {\"op\": \"Data\". \"type_tag\": \"{\\\"op\\\": \\\"eff$Tuple\\\". \\\"elements\\\": [{\\\"op\\\": \\\"Int\\\"}. {\\\"op\\\": \\\"Function\\\". \\\"params\\\": [{\\\"op\\\": \\\"Data\\\". \\\"type_tag\\\": \\\"{\\\\\\\"op\\\\\\\": \\\\\\\"eff$Tuple\\\\\\\". \\\\\\\"elements\\\\\\\": []}\\\". \\\"constructors\\\": [{\\\"tag\\\": \\\"{\\\\\\\"op\\\\\\\": \\\\\\\"eff$Tuple\\\\\\\". \\\\\\\"elements\\\\\\\": []}\\\". \\\"fields\\\": []}]}]. \\\"return\\\": {\\\"op\\\": \\\"Top\\\"}. \\\"purity\\\": \\\"Effectful\\\"}]}\". \"constructors\": [{\"tag\": \"{\\\"op\\\": \\\"eff$Tuple\\\". \\\"elements\\\": [{\\\"op\\\": \\\"Int\\\"}. {\\\"op\\\": \\\"Function\\\". \\\"params\\\": [{\\\"op\\\": \\\"Data\\\". \\\"type_tag\\\": \\\"{\\\\\\\"op\\\\\\\": \\\\\\\"eff$Tuple\\\\\\\". \\\\\\\"elements\\\\\\\": []}\\\". \\\"constructors\\\": [{\\\"tag\\\": \\\"{\\\\\\\"op\\\\\\\": \\\\\\\"eff$Tuple\\\\\\\". \\\\\\\"elements\\\\\\\": []}\\\". \\\"fields\\\": []}]}]. \\\"return\\\": {\\\"op\\\": \\\"Top\\\"}. \\\"purity\\\": \\\"Effectful\\\"}]}\". \"fields\": [{\"op\": \"Int\"}. {\"op\": \"Function\". \"params\": [{\"op\": \"Data\". \"type_tag\": \"{\\\"op\\\": \\\"eff$Tuple\\\". \\\"elements\\\": []}\". \"constructors\": [{\"tag\": \"{\\\"op\\\": \\\"eff$Tuple\\\". \\\"elements\\\": []}\". \"fields\": []}]}]. \"return\": {\"op\": \"Top\"}. \"purity\": \"Effectful\"}]}]}}]}". "constructors": [{"tag": "Empty_4". "fields": []}. {"tag": "Thunk_5". "fields": [{"op": "Data". "type_tag": "{\"op\": \"eff$Tuple\". \"elements\": [{\"op\": \"Int\"}. {\"op\": \"Function\". \"params\": [{\"op\": \"Data\". \"type_tag\": \"{\\\"op\\\": \\\"eff$Tuple\\\". \\\"elements\\\": []}\". \"constructors\": [{\"tag\": \"{\\\"op\\\": \\\"eff$Tuple\\\". \\\"elements\\\": []}\". \"fields\": []}]}]. \"return\": {\"op\": \"Top\"}. \"purity\": \"Effectful\"}]}". "constructors": [{"tag": "{\"op\": \"eff$Tuple\". \"elements\": [{\"op\": \"Int\"}. {\"op\": \"Function\". \"params\": [{\"op\": \"Data\". \"type_tag\": \"{\\\"op\\\": \\\"eff$Tuple\\\". \\\"elements\\\": []}\". \"constructors\": [{\"tag\": \"{\\\"op\\\": \\\"eff$Tuple\\\". \\\"elements\\\": []}\". \"fields\": []}]}]. \"return\": {\"op\": \"Top\"}. \"purity\": \"Effectful\"}]}". "fields": [{"op": "Int"}. {"op": "Function". "params": [{"op": "Data". "type_tag": "{\"op\": \"eff$Tuple\". \"elements\": []}". "constructors": [{"tag": "{\"op\": \"eff$Tuple\". \"elements\": []}". "fields": []}]}]. "return": {"op": "Top"}. "purity": "Effectful"}]}]}]}]}. "purity": "Effectful"}]}). "scrutinee": 0. "clauses": [{"tag": Interned({"op": "eff$Tuple". "elements": [{"op": "Int"}. {"op": "Function". "params": [{"op": "Data". "type_tag": "{\"op\": \"eff$Tuple\". \"elements\": []}". "constructors": [{"tag": "{\"op\": \"eff$Tuple\". \"elements\": []}". "fields": []}]}]. "return": {"op": "Data". "type_tag": "{\"op\": \"eff$Sum\". \"constructors\": [{\"name\": Empty_4. \"arg\": {\"op\": \"Unit\"}}. {\"name\": Thunk_5. \"arg\": {\"op\": \"Data\". \"type_tag\": \"{\\\"op\\\": \\\"eff$Tuple\\\". \\\"elements\\\": [{\\\"op\\\": \\\"Int\\\"}. {\\\"op\\\": \\\"Function\\\". \\\"params\\\": [{\\\"op\\\": \\\"Data\\\". \\\"type_tag\\\": \\\"{\\\\\\\"op\\\\\\\": \\\\\\\"eff$Tuple\\\\\\\". \\\\\\\"elements\\\\\\\": []}\\\". \\\"constructors\\\": [{\\\"tag\\\": \\\"{\\\\\\\"op\\\\\\\": \\\\\\\"eff$Tuple\\\\\\\". \\\\\\\"elements\\\\\\\": []}\\\". \\\"fields\\\": []}]}]. \\\"return\\\": {\\\"op\\\": \\\"Top\\\"}. \\\"purity\\\": \\\"Effectful\\\"}]}\". \"constructors\": [{\"tag\": \"{\\\"op\\\": \\\"eff$Tuple\\\". \\\"elements\\\": [{\\\"op\\\": \\\"Int\\\"}. {\\\"op\\\": \\\"Function\\\". \\\"params\\\": [{\\\"op\\\": \\\"Data\\\". \\\"type_tag\\\": \\\"{\\\\\\\"op\\\\\\\": \\\\\\\"eff$Tuple\\\\\\\". \\\\\\\"elements\\\\\\\": []}\\\". \\\"constructors\\\": [{\\\"tag\\\": \\\"{\\\\\\\"op\\\\\\\": \\\\\\\"eff$Tuple\\\\\\\". \\\\\\\"elements\\\\\\\": []}\\\". \\\"fields\\\": []}]}]. \\\"return\\\": {\\\"op\\\": \\\"Top\\\"}. \\\"purity\\\": \\\"Effectful\\\"}]}\". \"fields\": [{\"op\": \"Int\"}. {\"op\": \"Function\". \"params\": [{\"op\": \"Data\". \"type_tag\": \"{\\\"op\\\": \\\"eff$Tuple\\\". \\\"elements\\\": []}\". \"constructors\": [{\"tag\": \"{\\\"op\\\": \\\"eff$Tuple\\\". \\\"elements\\\": []}\". \"fields\": []}]}]. \"return\": {\"op\": \"Top\"}. \"purity\": \"Effectful\"}]}]}}]}". "constructors": [{"tag": "Empty_4". "fields": []}. {"tag": "Thunk_5". "fields": [{"op": "Data". "type_tag": "{\"op\": \"eff$Tuple\". \"elements\": [{\"op\": \"Int\"}. {\"op\": \"Function\". \"params\": [{\"op\": \"Data\". \"type_tag\": \"{\\\"op\\\": \\\"eff$Tuple\\\". \\\"elements\\\": []}\". \"constructors\": [{\"tag\": \"{\\\"op\\\": \\\"eff$Tuple\\\". \\\"elements\\\": []}\". \"fields\": []}]}]. \"return\": {\"op\": \"Top\"}. \"purity\": \"Effectful\"}]}". "constructors": [{"tag": "{\"op\": \"eff$Tuple\". \"elements\": [{\"op\": \"Int\"}. {\"op\": \"Function\". \"params\": [{\"op\": \"Data\". \"type_tag\": \"{\\\"op\\\": \\\"eff$Tuple\\\". \\\"elements\\\": []}\". \"constructors\": [{\"tag\": \"{\\\"op\\\": \\\"eff$Tuple\\\". \\\"elements\\\": []}\". \"fields\": []}]}]. \"return\": {\"op\": \"Top\"}. \"purity\": \"Effectful\"}]}". "fields": [{"op": "Int"}. {"op": "Function". "params": [{"op": "Data". "type_tag": "{\"op\": \"eff$Tuple\". \"elements\": []}". "constructors": [{"tag": "{\"op\": \"eff$Tuple\". \"elements\": []}". "fields": []}]}]. "return": {"op": "Top"}. "purity": "Effectful"}]}]}]}]}. "purity": "Effectful"}]}). "target": 244. "args": {"num": [1]. "ptr": [0]}}]. "default": {"tag": Interned(2b926574-51e4-4a82-ba1d-f702565eb614#[Missing Tag#819]). "target": 238. "args": {"num": []. "ptr": []}}}')
debug_merge_point(0, 0, '244<main.rpyeffect:236([#641])>+0: {"op": "Push". "target": 243. "args": {"num": [0]. "ptr": [0]}}')
debug_merge_point(0, 0, '244<main.rpyeffect:236([#641])>+1: {"op": "Copy". "type": "num". "from": 1. "to". 0}')
debug_merge_point(0, 0, '244<main.rpyeffect:236([#641])>+2: {"op": "Jump". "target": 143}')
debug_merge_point(0, 0, '143<main.rpyeffect:135(Name(+_27))>+0: {"op": "New". "out": 0. "targets": [136. 138. 140. 142]. "args": {"num": [0]. "ptr": []}}')
debug_merge_point(0, 0, '143<main.rpyeffect:135(Name(+_27))>+1: {"op": "Return". "args": {"num": []. "ptr": [0]}}')
debug_merge_point(0, 0, '243<main.rpyeffect:235([k@[#641]#643])>+0: {"op": "Push". "target": 242. "args": {"num": []. "ptr": [1]}}')
debug_merge_point(0, 0, '243<main.rpyeffect:235([k@[#641]#643])>+1: {"op": "Invoke". "receiver": 0. "tag": Interned(%apply(n):n). "args" : {"num": [0]. "ptr": []}}')
debug_merge_point(0, 0, '136<main.rpyeffect:128([method_%apply(n):n@Name(+_27)#347])>+0: {"op": "Jump". "target": 134}')
debug_merge_point(0, 0, '134<main.rpyeffect:126([mcore:[#23]#343])>+0: {"op": "PrimOp". "name": "infixAdd(Int. Int): Int". "out": {"num": [0]. "ptr": []}. "in": {"num": [1. 0]. "ptr": []}}')
+836: i96 = int_add(i91, i86)
debug_merge_point(0, 0, '134<main.rpyeffect:126([mcore:[#23]#343])>+1: {"op": "Return". "args": {"num": [0]. "ptr": []}}')
debug_merge_point(0, 0, '242<main.rpyeffect:234([k@[k@[#641]#643]#645])>+0: {"op": "Push". "target": 241. "args": {"num": []. "ptr": [0]}}')
debug_merge_point(0, 0, '242<main.rpyeffect:234([k@[k@[#641]#643]#645])>+1: {"op": "Jump". "target": 253}')
debug_merge_point(0, 0, '253<main.rpyeffect:245(Name(sum_69))>+0: {"op": "New". "out": 0. "targets": [250. 252]. "args": {"num": [0]. "ptr": []}}')
debug_merge_point(0, 0, '253<main.rpyeffect:245(Name(sum_69))>+1: {"op": "Return". "args": {"num": []. "ptr": [0]}}')
debug_merge_point(0, 0, '241<main.rpyeffect:233([k@[k@[k@[#641]#643]#645]#647])>+0: {"op": "Construct". "out": 2. "type": Interned({"op": "eff$Tuple". "elements": []}). "tag": Interned({"op": "eff$Tuple". "elements": []}). "args": {"num": []. "ptr": []}}')
debug_merge_point(0, 0, '241<main.rpyeffect:233([k@[k@[k@[#641]#643]#645]#647])>+1: {"op": "Push". "target": 240. "args": {"num": []. "ptr": [0]}}')
debug_merge_point(0, 0, '241<main.rpyeffect:233([k@[k@[k@[#641]#643]#645]#647])>+2: {"op": "Copy". "type": "ptr". "from": 2. "to". 0}')
debug_merge_point(0, 0, '241<main.rpyeffect:233([k@[k@[k@[#641]#643]#645]#647])>+3: {"op": "Invoke". "receiver": 1. "tag": Interned(%apply(p):p). "args" : {"num": []. "ptr": [0]}}')
debug_merge_point(0, 0, '225<main.rpyeffect:217([#588])>+0: {"op": "Jump". "target": 222}')
debug_merge_point(0, 0, '222<main.rpyeffect:214(Name(k_102))>+0: {"op": "PushStack". "arg": 1}')
debug_merge_point(0, 0, '222<main.rpyeffect:214(Name(k_102))>+1: {"op": "Return". "args": {"num": []. "ptr": [0]}}')
debug_merge_point(0, 0, '215<main.rpyeffect:207([k@[k@[#555]#560]#568])>+0: {"op": "Const". "type": "ptr". "out": 0. "format": "string". "value": "Name(Yield_0)"}')
debug_merge_point(0, 0, '215<main.rpyeffect:207([k@[k@[#555]#560]#568])>+1: {"op": "PrimOp". "name": "getGlobal(String): Ptr". "out": {"num": []. "ptr": [0]}. "in": {"num": []. "ptr": [0]}}')
debug_merge_point(0, 0, '215<main.rpyeffect:207([k@[k@[#555]#560]#568])>+2: {"op": "Swap". "type": "ptr". "a": 0. "b". 1}')
debug_merge_point(0, 0, '215<main.rpyeffect:207([k@[k@[#555]#560]#568])>+3: {"op": "Jump". "target": 221}')
debug_merge_point(0, 0, '221<main.rpyeffect:213(Name(iterate_56))>+0: {"op": "Match". "type": Interned({"op": "eff$Sum". "constructors": [{"name": Leaf_2. "arg": {"op": "Unit"}}]}). "scrutinee": 0. "clauses": [{"tag": Interned(Leaf_2). "target": 220. "args": {"num": []. "ptr": []}}]. "default": {"tag": Interned(2b926574-51e4-4a82-ba1d-f702565eb614#[Missing Tag#818]). "target": 219. "args": {"num": []. "ptr": []}}}')
+840: p97 = getfield_gc_r(p92, descr=<FieldP rpyeffect.stored_environment.Data__arb_arb.inst_tag 8>)
+848: guard_value(p97, ConstPtr(ptr98), descr=<Guard0x1504522a0>) [p2, i91, i7, i11, i13, i15, i17, i19, i21, i23, i25, i27, i29, i31, i33, i35, i37, p92, p46, p48, p50, p52, p54, p56, p58, p60, p62, p64, p66, p68, p70, p0, p93, p4, i86, p82, p78, p77]
debug_merge_point(0, 0, '220<main.rpyeffect:212([match_Leaf_2@Name(iterate_56)#572])>+0: {"op": "Construct". "out": 0. "type": Interned({"op": "eff$Tuple". "elements": []}). "tag": Interned({"op": "eff$Tuple". "elements": []}). "args": {"num": []. "ptr": []}}')
debug_merge_point(0, 0, '220<main.rpyeffect:212([match_Leaf_2@Name(iterate_56)#572])>+1: {"op": "Return". "args": {"num": []. "ptr": [0]}}')
+856: i99 = getfield_gc_i(p93, descr=<FieldS rpyeffect.stored_environment.Stack__1_1.inst_values_num_0 40 pure>)
+860: p100 = getfield_gc_r(p93, descr=<FieldP rpyeffect.stored_environment.Stack__1_1.inst_values_ptr_0 48 pure>)
+864: p101 = getfield_gc_r(p93, descr=<FieldP rpyeffect.stored_environment.Stack__arb_arb.inst_tail 8 pure>)
+868: guard_nonnull(p101, descr=<Guard0x1504522e0>) [p2, i91, i7, i11, i13, i15, i17, i19, i21, i23, i25, i27, i29, i31, i33, i35, i37, p92, p46, p48, p50, p52, p54, p56, p58, p60, p62, p64, p66, p68, p70, p0, p93, p4, i86, p82, p78, p77]
+876: i102 = getfield_gc_i(p101, descr=<FieldS rpyeffect.stored_environment.Stack__arb_arb.inst_target 16 pure>)
+880: guard_value(i102, 216, descr=<Guard0x150452320>) [p2, i91, i7, i11, i13, i15, i17, i19, i21, i23, i25, i27, i29, i31, i33, i35, i37, p92, p46, p48, p50, p52, p54, p56, p58, p60, p62, p64, p66, p68, p70, p0, p93, p4, i86, p82, p78, p77]
debug_merge_point(0, 0, '216<main.rpyeffect:208([k@[#555]#560])>+0: {"op": "Const". "type": "num". "out": 1. "value": 0}')
+892: p104 = new_with_vtable(descr=<SizeDescr 40>)
+1000: p105 = new_with_vtable(descr=<SizeDescr 40>)
+1012: setfield_gc(p105, p82, descr=<FieldP rpyeffect.stored_environment.Stack__arb_arb.inst_tail 8 pure>)
+1016: setfield_gc(p105, 239, descr=<FieldS rpyeffect.stored_environment.Stack__arb_arb.inst_target 16 pure>)
+1024: setfield_gc(p104, 251, descr=<FieldS rpyeffect.stored_environment.Stack__arb_arb.inst_target 16 pure>)
+1032: setfield_gc(p104, p105, descr=<FieldP rpyeffect.stored_environment.Stack__arb_arb.inst_tail 8 pure>)
+1068: jump(p0, p101, p2, p104, i96, p77, p78, p4, i99, i91, i11, i13, i15, i17, i19, i21, i23, i25, i27, i29, i31, i33, i35, i37, p100, p46, p48, p50, p52, p54, p56, p58, p60, p62, p64, p66, p68, p70, descr=TargetToken(5641263472))
+1096: --end of the loop--
[f090a2] jit-log-opt-loop}
[1001a03] {jit-log-opt-loop
# Loop 4 (216<main.rpyeffect:208([k@[#555]#560])>+5: {"op": "Invoke", "receiver": 0, "tag": Interned(%Yield_0(n):p), "args" : {"num": [0], "ptr": []}}) : entry bridge with 136 ops
[p0, p1, p2, p3, p4]
+312: p5 = getfield_gc_r(p2, descr=<FieldP rpyeffect.environment.Environment.inst_values_num 16>)
+320: i7 = getarrayitem_gc_i(p5, 0, descr=<ArrayS 8>)
+324: i9 = getarrayitem_gc_i(p5, 1, descr=<ArrayS 8>)
+328: i11 = getarrayitem_gc_i(p5, 2, descr=<ArrayS 8>)
+332: i13 = getarrayitem_gc_i(p5, 3, descr=<ArrayS 8>)
+336: i15 = getarrayitem_gc_i(p5, 4, descr=<ArrayS 8>)
+340: i17 = getarrayitem_gc_i(p5, 5, descr=<ArrayS 8>)
+344: i19 = getarrayitem_gc_i(p5, 6, descr=<ArrayS 8>)
+348: i21 = getarrayitem_gc_i(p5, 7, descr=<ArrayS 8>)
+352: i23 = getarrayitem_gc_i(p5, 8, descr=<ArrayS 8>)
+356: i25 = getarrayitem_gc_i(p5, 9, descr=<ArrayS 8>)
+360: i27 = getarrayitem_gc_i(p5, 10, descr=<ArrayS 8>)
+364: i29 = getarrayitem_gc_i(p5, 11, descr=<ArrayS 8>)
+368: i31 = getarrayitem_gc_i(p5, 12, descr=<ArrayS 8>)
+372: i33 = getarrayitem_gc_i(p5, 13, descr=<ArrayS 8>)
+376: i35 = getarrayitem_gc_i(p5, 14, descr=<ArrayS 8>)
+384: i37 = getarrayitem_gc_i(p5, 15, descr=<ArrayS 8>)
+388: p38 = getfield_gc_r(p2, descr=<FieldP rpyeffect.environment.Environment.inst_values_ptr 24>)
+392: p40 = getarrayitem_gc_r(p38, 0, descr=<ArrayP 8>)
+400: p42 = getarrayitem_gc_r(p38, 1, descr=<ArrayP 8>)
+408: p44 = getarrayitem_gc_r(p38, 2, descr=<ArrayP 8>)
+416: p46 = getarrayitem_gc_r(p38, 3, descr=<ArrayP 8>)
+424: p48 = getarrayitem_gc_r(p38, 4, descr=<ArrayP 8>)
+432: p50 = getarrayitem_gc_r(p38, 5, descr=<ArrayP 8>)
+440: p52 = getarrayitem_gc_r(p38, 6, descr=<ArrayP 8>)
+448: p54 = getarrayitem_gc_r(p38, 7, descr=<ArrayP 8>)
+456: p56 = getarrayitem_gc_r(p38, 8, descr=<ArrayP 8>)
+464: p58 = getarrayitem_gc_r(p38, 9, descr=<ArrayP 8>)
+472: p60 = getarrayitem_gc_r(p38, 10, descr=<ArrayP 8>)
+480: p62 = getarrayitem_gc_r(p38, 11, descr=<ArrayP 8>)
+488: p64 = getarrayitem_gc_r(p38, 12, descr=<ArrayP 8>)
+496: p66 = getarrayitem_gc_r(p38, 13, descr=<ArrayP 8>)
+504: p68 = getarrayitem_gc_r(p38, 14, descr=<ArrayP 8>)
+512: p70 = getarrayitem_gc_r(p38, 15, descr=<ArrayP 8>)
debug_merge_point(0, 0, '216<main.rpyeffect:208([k@[#555]#560])>+5: {"op": "Invoke". "receiver": 0. "tag": Interned(%Yield_0(n):p). "args" : {"num": [0]. "ptr": []}}')
+516: guard_not_invalidated(descr=<Guard0x15045bdb0>) [p2, i7, i9, i11, i13, i15, i17, i19, i21, i23, i25, i27, i29, i31, i33, i35, i37, p40, p42, p44, p46, p48, p50, p52, p54, p56, p58, p60, p62, p64, p66, p68, p70, p0, p1, p3, p4]
+520: p71 = getfield_gc_r(p40, descr=<FieldP rpyeffect.stored_environment.CoData__arb_arb.inst_vtable 24 pure>)
+536: guard_value(p71, ConstPtr(ptr72), descr=<Guard0x150452f60>) [p2, i7, i9, i11, i13, i15, i17, i19, i21, i23, i25, i27, i29, i31, i33, i35, i37, p40, p42, p44, p46, p48, p50, p52, p54, p56, p58, p60, p62, p64, p66, p68, p70, p0, p1, p3, p4]
debug_merge_point(0, 0, '226<main.rpyeffect:218([method_%Yield_0(n):p@[mcore:[#37]#574]#576])>+0: {"op": "Const". "type": "num". "out": 1. "value": 0}')
debug_merge_point(0, 0, '226<main.rpyeffect:218([method_%Yield_0(n):p@[mcore:[#37]#574]#576])>+1: {"op": "Const". "type": "ptr". "out": 0. "format": "string". "value": "Name(Yield_0)"}')
debug_merge_point(0, 0, '226<main.rpyeffect:218([method_%Yield_0(n):p@[mcore:[#37]#574]#576])>+2: {"op": "PrimOp". "name": "getGlobal(String): Ptr". "out": {"num": []. "ptr": [0]}. "in": {"num": []. "ptr": [0]}}')
debug_merge_point(0, 0, '226<main.rpyeffect:218([method_%Yield_0(n):p@[mcore:[#37]#574]#576])>+3: {"op": "ShiftDyn". "out": 0. "n": 1. "label": 0}')
+544: guard_nonnull(p4, descr=<Guard0x150452f20>) [p2, i7, i9, i11, i13, i15, i17, i19, i21, i23, i25, i27, i29, i31, i33, i35, i37, p40, p42, p44, p46, p48, p50, p52, p54, p56, p58, p60, p62, p64, p66, p68, p70, p0, p1, p3, p4]
+560: i74 = instance_ptr_eq(p0, ConstPtr(ptr73))
guard_true(i74, descr=<Guard0x150452ee0>) [p2, i7, i9, i11, i13, i15, i17, i19, i21, i23, i25, i27, i29, i31, i33, i35, i37, p40, p42, p44, p46, p48, p50, p52, p54, p56, p58, p60, p62, p64, p66, p68, p70, p0, p1, p3, p4]
+572: guard_nonnull_class(p3, 4302139072, descr=<Guard0x15045be08>) [p2, i7, i9, i11, i13, i15, i17, i19, i21, i23, i25, i27, i29, i31, i33, i35, i37, p40, p42, p44, p46, p48, p50, p52, p54, p56, p58, p60, p62, p64, p66, p68, p70, p0, p1, p3, p4]
+600: p76 = getfield_gc_r(p3, descr=<FieldP rpyeffect.stack.MetaStackLike.inst_stack 8 pure>)
+608: p77 = getfield_gc_r(p3, descr=<FieldP rpyeffect.stack.MetaStack.inst_label 16 pure>)
+616: p78 = getfield_gc_r(p3, descr=<FieldP rpyeffect.stack.MetaStack.inst_tail 32 pure>)
+624: guard_nonnull(p76, descr=<Guard0x150452ea0>) [p2, i7, i9, i11, i13, i15, i17, i19, i21, i23, i25, i27, i29, i31, i33, i35, i37, p40, p42, p44, p46, p48, p50, p52, p54, p56, p58, p60, p62, p64, p66, p68, p70, p0, p1, p3, p4]
+632: i79 = getfield_gc_i(p76, descr=<FieldS rpyeffect.stored_environment.Stack__arb_arb.inst_target 16 pure>)
+640: guard_value(i79, 240, descr=<Guard0x150452e60>) [p2, i7, i9, i11, i13, i15, i17, i19, i21, i23, i25, i27, i29, i31, i33, i35, i37, p40, p42, p44, p46, p48, p50, p52, p54, p56, p58, p60, p62, p64, p66, p68, p70, p0, p1, p3, p4]
debug_merge_point(0, 0, '226<main.rpyeffect:218([method_%Yield_0(n):p@[mcore:[#37]#574]#576])>+4: {"op": "New". "out": 0. "targets": [225]. "args": {"num": []. "ptr": [0]}}')
debug_merge_point(0, 0, '226<main.rpyeffect:218([method_%Yield_0(n):p@[mcore:[#37]#574]#576])>+5: {"op": "Construct". "out": 0. "type": Interned({"op": "eff$Tuple". "elements": [{"op": "Int"}. {"op": "Function". "params": [{"op": "Data". "type_tag": "{\"op\": \"eff$Tuple\". \"elements\": []}". "constructors": [{"tag": "{\"op\": \"eff$Tuple\". \"elements\": []}". "fields": []}]}]. "return": {"op": "Data". "type_tag": "{\"op\": \"eff$Sum\". \"constructors\": [{\"name\": Empty_4. \"arg\": {\"op\": \"Unit\"}}. {\"name\": Thunk_5. \"arg\": {\"op\": \"Data\". \"type_tag\": \"{\\\"op\\\": \\\"eff$Tuple\\\". \\\"elements\\\": [{\\\"op\\\": \\\"Int\\\"}. {\\\"op\\\": \\\"Function\\\". \\\"params\\\": [{\\\"op\\\": \\\"Data\\\". \\\"type_tag\\\": \\\"{\\\\\\\"op\\\\\\\": \\\\\\\"eff$Tuple\\\\\\\". \\\\\\\"elements\\\\\\\": []}\\\". \\\"constructors\\\": [{\\\"tag\\\": \\\"{\\\\\\\"op\\\\\\\": \\\\\\\"eff$Tuple\\\\\\\". \\\\\\\"elements\\\\\\\": []}\\\". \\\"fields\\\": []}]}]. \\\"return\\\": {\\\"op\\\": \\\"Top\\\"}. \\\"purity\\\": \\\"Effectful\\\"}]}\". \"constructors\": [{\"tag\": \"{\\\"op\\\": \\\"eff$Tuple\\\". \\\"elements\\\": [{\\\"op\\\": \\\"Int\\\"}. {\\\"op\\\": \\\"Function\\\". \\\"params\\\": [{\\\"op\\\": \\\"Data\\\". \\\"type_tag\\\": \\\"{\\\\\\\"op\\\\\\\": \\\\\\\"eff$Tuple\\\\\\\". \\\\\\\"elements\\\\\\\": []}\\\". \\\"constructors\\\": [{\\\"tag\\\": \\\"{\\\\\\\"op\\\\\\\": \\\\\\\"eff$Tuple\\\\\\\". \\\\\\\"elements\\\\\\\": []}\\\". \\\"fields\\\": []}]}]. \\\"return\\\": {\\\"op\\\": \\\"Top\\\"}. \\\"purity\\\": \\\"Effectful\\\"}]}\". \"fields\": [{\"op\": \"Int\"}. {\"op\": \"Function\". \"params\": [{\"op\": \"Data\". \"type_tag\": \"{\\\"op\\\": \\\"eff$Tuple\\\". \\\"elements\\\": []}\". \"constructors\": [{\"tag\": \"{\\\"op\\\": \\\"eff$Tuple\\\". \\\"elements\\\": []}\". \"fields\": []}]}]. \"return\": {\"op\": \"Top\"}. \"purity\": \"Effectful\"}]}]}}]}". "constructors": [{"tag": "Empty_4". "fields": []}. {"tag": "Thunk_5". "fields": [{"op": "Data". "type_tag": "{\"op\": \"eff$Tuple\". \"elements\": [{\"op\": \"Int\"}. {\"op\": \"Function\". \"params\": [{\"op\": \"Data\". \"type_tag\": \"{\\\"op\\\": \\\"eff$Tuple\\\". \\\"elements\\\": []}\". \"constructors\": [{\"tag\": \"{\\\"op\\\": \\\"eff$Tuple\\\". \\\"elements\\\": []}\". \"fields\": []}]}]. \"return\": {\"op\": \"Top\"}. \"purity\": \"Effectful\"}]}". "constructors": [{"tag": "{\"op\": \"eff$Tuple\". \"elements\": [{\"op\": \"Int\"}. {\"op\": \"Function\". \"params\": [{\"op\": \"Data\". \"type_tag\": \"{\\\"op\\\": \\\"eff$Tuple\\\". \\\"elements\\\": []}\". \"constructors\": [{\"tag\": \"{\\\"op\\\": \\\"eff$Tuple\\\". \\\"elements\\\": []}\". \"fields\": []}]}]. \"return\": {\"op\": \"Top\"}. \"purity\": \"Effectful\"}]}". "fields": [{"op": "Int"}. {"op": "Function". "params": [{"op": "Data". "type_tag": "{\"op\": \"eff$Tuple\". \"elements\": []}". "constructors": [{"tag": "{\"op\": \"eff$Tuple\". \"elements\": []}". "fields": []}]}]. "return": {"op": "Top"}. "purity": "Effectful"}]}]}]}]}. "purity": "Effectful"}]}). "tag": Interned({"op": "eff$Tuple". "elements": [{"op": "Int"}. {"op": "Function". "params": [{"op": "Data". "type_tag": "{\"op\": \"eff$Tuple\". \"elements\": []}". "constructors": [{"tag": "{\"op\": \"eff$Tuple\". \"elements\": []}". "fields": []}]}]. "return": {"op": "Data". "type_tag": "{\"op\": \"eff$Sum\". \"constructors\": [{\"name\": Empty_4. \"arg\": {\"op\": \"Unit\"}}. {\"name\": Thunk_5. \"arg\": {\"op\": \"Data\". \"type_tag\": \"{\\\"op\\\": \\\"eff$Tuple\\\". \\\"elements\\\": [{\\\"op\\\": \\\"Int\\\"}. {\\\"op\\\": \\\"Function\\\". \\\"params\\\": [{\\\"op\\\": \\\"Data\\\". \\\"type_tag\\\": \\\"{\\\\\\\"op\\\\\\\": \\\\\\\"eff$Tuple\\\\\\\". \\\\\\\"elements\\\\\\\": []}\\\". \\\"constructors\\\": [{\\\"tag\\\": \\\"{\\\\\\\"op\\\\\\\": \\\\\\\"eff$Tuple\\\\\\\". \\\\\\\"elements\\\\\\\": []}\\\". \\\"fields\\\": []}]}]. \\\"return\\\": {\\\"op\\\": \\\"Top\\\"}. \\\"purity\\\": \\\"Effectful\\\"}]}\". \"constructors\": [{\"tag\": \"{\\\"op\\\": \\\"eff$Tuple\\\". \\\"elements\\\": [{\\\"op\\\": \\\"Int\\\"}. {\\\"op\\\": \\\"Function\\\". \\\"params\\\": [{\\\"op\\\": \\\"Data\\\". \\\"type_tag\\\": \\\"{\\\\\\\"op\\\\\\\": \\\\\\\"eff$Tuple\\\\\\\". \\\\\\\"elements\\\\\\\": []}\\\". \\\"constructors\\\": [{\\\"tag\\\": \\\"{\\\\\\\"op\\\\\\\": \\\\\\\"eff$Tuple\\\\\\\". \\\\\\\"elements\\\\\\\": []}\\\". \\\"fields\\\": []}]}]. \\\"return\\\": {\\\"op\\\": \\\"Top\\\"}. \\\"purity\\\": \\\"Effectful\\\"}]}\". \"fields\": [{\"op\": \"Int\"}. {\"op\": \"Function\". \"params\": [{\"op\": \"Data\". \"type_tag\": \"{\\\"op\\\": \\\"eff$Tuple\\\". \\\"elements\\\": []}\". \"constructors\": [{\"tag\": \"{\\\"op\\\": \\\"eff$Tuple\\\". \\\"elements\\\": []}\". \"fields\": []}]}]. \"return\": {\"op\": \"Top\"}. \"purity\": \"Effectful\"}]}]}}]}". "constructors": [{"tag": "Empty_4". "fields": []}. {"tag": "Thunk_5". "fields": [{"op": "Data". "type_tag": "{\"op\": \"eff$Tuple\". \"elements\": [{\"op\": \"Int\"}. {\"op\": \"Function\". \"params\": [{\"op\": \"Data\". \"type_tag\": \"{\\\"op\\\": \\\"eff$Tuple\\\". \\\"elements\\\": []}\". \"constructors\": [{\"tag\": \"{\\\"op\\\": \\\"eff$Tuple\\\". \\\"elements\\\": []}\". \"fields\": []}]}]. \"return\": {\"op\": \"Top\"}. \"purity\": \"Effectful\"}]}". "constructors": [{"tag": "{\"op\": \"eff$Tuple\". \"elements\": [{\"op\": \"Int\"}. {\"op\": \"Function\". \"params\": [{\"op\": \"Data\". \"type_tag\": \"{\\\"op\\\": \\\"eff$Tuple\\\". \\\"elements\\\": []}\". \"constructors\": [{\"tag\": \"{\\\"op\\\": \\\"eff$Tuple\\\". \\\"elements\\\": []}\". \"fields\": []}]}]. \"return\": {\"op\": \"Top\"}. \"purity\": \"Effectful\"}]}". "fields": [{"op": "Int"}. {"op": "Function". "params": [{"op": "Data". "type_tag": "{\"op\": \"eff$Tuple\". \"elements\": []}". "constructors": [{"tag": "{\"op\": \"eff$Tuple\". \"elements\": []}". "fields": []}]}]. "return": {"op": "Top"}. "purity": "Effectful"}]}]}]}]}. "purity": "Effectful"}]}). "args": {"num": [0]. "ptr": [0]}}')
debug_merge_point(0, 0, '226<main.rpyeffect:218([method_%Yield_0(n):p@[mcore:[#37]#574]#576])>+6: {"op": "Construct". "out": 0. "type": Interned({"op": "eff$Sum". "constructors": [{"name": Thunk_5. "arg": {"op": "Data". "type_tag": "{\"op\": \"eff$Tuple\". \"elements\": [{\"op\": \"Int\"}. {\"op\": \"Function\". \"params\": [{\"op\": \"Data\". \"type_tag\": \"{\\\"op\\\": \\\"eff$Tuple\\\". \\\"elements\\\": []}\". \"constructors\": [{\"tag\": \"{\\\"op\\\": \\\"eff$Tuple\\\". \\\"elements\\\": []}\". \"fields\": []}]}]. \"return\": {\"op\": \"Data\". \"type_tag\": \"{\\\"op\\\": \\\"eff$Sum\\\". \\\"constructors\\\": [{\\\"name\\\": Empty_4. \\\"arg\\\": {\\\"op\\\": \\\"Unit\\\"}}. {\\\"name\\\": Thunk_5. \\\"arg\\\": {\\\"op\\\": \\\"Data\\\". \\\"type_tag\\\": \\\"{\\\\\\\"op\\\\\\\": \\\\\\\"eff$Tuple\\\\\\\". \\\\\\\"elements\\\\\\\": [{\\\\\\\"op\\\\\\\": \\\\\\\"Int\\\\\\\"}. {\\\\\\\"op\\\\\\\": \\\\\\\"Function\\\\\\\". \\\\\\\"params\\\\\\\": [{\\\\\\\"op\\\\\\\": \\\\\\\"Data\\\\\\\". \\\\\\\"type_tag\\\\\\\": \\\\\\\"{\\\\\\\\\\\\\\\"op\\\\\\\\\\\\\\\": \\\\\\\\\\\\\\\"eff$Tuple\\\\\\\\\\\\\\\". \\\\\\\\\\\\\\\"elements\\\\\\\\\\\\\\\": []}\\\\\\\". \\\\\\\"constructors\\\\\\\": [{\\\\\\\"tag\\\\\\\": \\\\\\\"{\\\\\\\\\\\\\\\"op\\\\\\\\\\\\\\\": \\\\\\\\\\\\\\\"eff$Tuple\\\\\\\\\\\\\\\". \\\\\\\\\\\\\\\"elements\\\\\\\\\\\\\\\": []}\\\\\\\". \\\\\\\"fields\\\\\\\": []}]}]. \\\\\\\"return\\\\\\\": {\\\\\\\"op\\\\\\\": \\\\\\\"Top\\\\\\\"}. \\\\\\\"purity\\\\\\\": \\\\\\\"Effectful\\\\\\\"}]}\\\". \\\"constructors\\\": [{\\\"tag\\\": \\\"{\\\\\\\"op\\\\\\\": \\\\\\\"eff$Tuple\\\\\\\". \\\\\\\"elements\\\\\\\": [{\\\\\\\"op\\\\\\\": \\\\\\\"Int\\\\\\\"}. {\\\\\\\"op\\\\\\\": \\\\\\\"Function\\\\\\\". \\\\\\\"params\\\\\\\": [{\\\\\\\"op\\\\\\\": \\\\\\\"Data\\\\\\\". \\\\\\\"type_tag\\\\\\\": \\\\\\\"{\\\\\\\\\\\\\\\"op\\\\\\\\\\\\\\\": \\\\\\\\\\\\\\\"eff$Tuple\\\\\\\\\\\\\\\". \\\\\\\\\\\\\\\"elements\\\\\\\\\\\\\\\": []}\\\\\\\". \\\\\\\"constructors\\\\\\\": [{\\\\\\\"tag\\\\\\\": \\\\\\\"{\\\\\\\\\\\\\\\"op\\\\\\\\\\\\\\\": \\\\\\\\\\\\\\\"eff$Tuple\\\\\\\\\\\\\\\". \\\\\\\\\\\\\\\"elements\\\\\\\\\\\\\\\": []}\\\\\\\". \\\\\\\"fields\\\\\\\": []}]}]. \\\\\\\"return\\\\\\\": {\\\\\\\"op\\\\\\\": \\\\\\\"Top\\\\\\\"}. \\\\\\\"purity\\\\\\\": \\\\\\\"Effectful\\\\\\\"}]}\\\". \\\"fields\\\": [{\\\"op\\\": \\\"Int\\\"}. {\\\"op\\\": \\\"Function\\\". \\\"params\\\": [{\\\"op\\\": \\\"Data\\\". \\\"type_tag\\\": \\\"{\\\\\\\"op\\\\\\\": \\\\\\\"eff$Tuple\\\\\\\". \\\\\\\"elements\\\\\\\": []}\\\". \\\"constructors\\\": [{\\\"tag\\\": \\\"{\\\\\\\"op\\\\\\\": \\\\\\\"eff$Tuple\\\\\\\". \\\\\\\"elements\\\\\\\": []}\\\". \\\"fields\\\": []}]}]. \\\"return\\\": {\\\"op\\\": \\\"Top\\\"}. \\\"purity\\\": \\\"Effectful\\\"}]}]}}]}\". \"constructors\": [{\"tag\": \"Empty_4\". \"fields\": []}. {\"tag\": \"Thunk_5\". \"fields\": [{\"op\": \"Data\". \"type_tag\": \"{\\\"op\\\": \\\"eff$Tuple\\\". \\\"elements\\\": [{\\\"op\\\": \\\"Int\\\"}. {\\\"op\\\": \\\"Function\\\". \\\"params\\\": [{\\\"op\\\": \\\"Data\\\". \\\"type_tag\\\": \\\"{\\\\\\\"op\\\\\\\": \\\\\\\"eff$Tuple\\\\\\\". \\\\\\\"elements\\\\\\\": []}\\\". \\\"constructors\\\": [{\\\"tag\\\": \\\"{\\\\\\\"op\\\\\\\": \\\\\\\"eff$Tuple\\\\\\\". \\\\\\\"elements\\\\\\\": []}\\\". \\\"fields\\\": []}]}]. \\\"return\\\": {\\\"op\\\": \\\"Top\\\"}. \\\"purity\\\": \\\"Effectful\\\"}]}\". \"constructors\": [{\"tag\": \"{\\\"op\\\": \\\"eff$Tuple\\\". \\\"elements\\\": [{\\\"op\\\": \\\"Int\\\"}. {\\\"op\\\": \\\"Function\\\". \\\"params\\\": [{\\\"op\\\": \\\"Data\\\". \\\"type_tag\\\": \\\"{\\\\\\\"op\\\\\\\": \\\\\\\"eff$Tuple\\\\\\\". \\\\\\\"elements\\\\\\\": []}\\\". \\\"constructors\\\": [{\\\"tag\\\": \\\"{\\\\\\\"op\\\\\\\": \\\\\\\"eff$Tuple\\\\\\\". \\\\\\\"elements\\\\\\\": []}\\\". \\\"fields\\\": []}]}]. \\\"return\\\": {\\\"op\\\": \\\"Top\\\"}. \\\"purity\\\": \\\"Effectful\\\"}]}\". \"fields\": [{\"op\": \"Int\"}. {\"op\": \"Function\". \"params\": [{\"op\": \"Data\". \"type_tag\": \"{\\\"op\\\": \\\"eff$Tuple\\\". \\\"elements\\\": []}\". \"constructors\": [{\"tag\": \"{\\\"op\\\": \\\"eff$Tuple\\\". \\\"elements\\\": []}\". \"fields\": []}]}]. \"return\": {\"op\": \"Top\"}. \"purity\": \"Effectful\"}]}]}]}]}. \"purity\": \"Effectful\"}]}". "constructors": [{"tag": "{\"op\": \"eff$Tuple\". \"elements\": [{\"op\": \"Int\"}. {\"op\": \"Function\". \"params\": [{\"op\": \"Data\". \"type_tag\": \"{\\\"op\\\": \\\"eff$Tuple\\\". \\\"elements\\\": []}\". \"constructors\": [{\"tag\": \"{\\\"op\\\": \\\"eff$Tuple\\\". \\\"elements\\\": []}\". \"fields\": []}]}]. \"return\": {\"op\": \"Data\". \"type_tag\": \"{\\\"op\\\": \\\"eff$Sum\\\". \\\"constructors\\\": [{\\\"name\\\": Empty_4. \\\"arg\\\": {\\\"op\\\": \\\"Unit\\\"}}. {\\\"name\\\": Thunk_5. \\\"arg\\\": {\\\"op\\\": \\\"Data\\\". \\\"type_tag\\\": \\\"{\\\\\\\"op\\\\\\\": \\\\\\\"eff$Tuple\\\\\\\". \\\\\\\"elements\\\\\\\": [{\\\\\\\"op\\\\\\\": \\\\\\\"Int\\\\\\\"}. {\\\\\\\"op\\\\\\\": \\\\\\\"Function\\\\\\\". \\\\\\\"params\\\\\\\": [{\\\\\\\"op\\\\\\\": \\\\\\\"Data\\\\\\\". \\\\\\\"type_tag\\\\\\\": \\\\\\\"{\\\\\\\\\\\\\\\"op\\\\\\\\\\\\\\\": \\\\\\\\\\\\\\\"eff$Tuple\\\\\\\\\\\\\\\". \\\\\\\\\\\\\\\"elements\\\\\\\\\\\\\\\": []}\\\\\\\". \\\\\\\"constructors\\\\\\\": [{\\\\\\\"tag\\\\\\\": \\\\\\\"{\\\\\\\\\\\\\\\"op\\\\\\\\\\\\\\\": \\\\\\\\\\\\\\\"eff$Tuple\\\\\\\\\\\\\\\". \\\\\\\\\\\\\\\"elements\\\\\\\\\\\\\\\": []}\\\\\\\". \\\\\\\"fields\\\\\\\": []}]}]. \\\\\\\"return\\\\\\\": {\\\\\\\"op\\\\\\\": \\\\\\\"Top\\\\\\\"}. \\\\\\\"purity\\\\\\\": \\\\\\\"Effectful\\\\\\\"}]}\\\". \\\"constructors\\\": [{\\\"tag\\\": \\\"{\\\\\\\"op\\\\\\\": \\\\\\\"eff$Tuple\\\\\\\". \\\\\\\"elements\\\\\\\": [{\\\\\\\"op\\\\\\\": \\\\\\\"Int\\\\\\\"}. {\\\\\\\"op\\\\\\\": \\\\\\\"Function\\\\\\\". \\\\\\\"params\\\\\\\": [{\\\\\\\"op\\\\\\\": \\\\\\\"Data\\\\\\\". \\\\\\\"type_tag\\\\\\\": \\\\\\\"{\\\\\\\\\\\\\\\"op\\\\\\\\\\\\\\\": \\\\\\\\\\\\\\\"eff$Tuple\\\\\\\\\\\\\\\". \\\\\\\\\\\\\\\"elements\\\\\\\\\\\\\\\": []}\\\\\\\". \\\\\\\"constructors\\\\\\\": [{\\\\\\\"tag\\\\\\\": \\\\\\\"{\\\\\\\\\\\\\\\"op\\\\\\\\\\\\\\\": \\\\\\\\\\\\\\\"eff$Tuple\\\\\\\\\\\\\\\". \\\\\\\\\\\\\\\"elements\\\\\\\\\\\\\\\": []}\\\\\\\". \\\\\\\"fields\\\\\\\": []}]}]. \\\\\\\"return\\\\\\\": {\\\\\\\"op\\\\\\\": \\\\\\\"Top\\\\\\\"}. \\\\\\\"purity\\\\\\\": \\\\\\\"Effectful\\\\\\\"}]}\\\". \\\"fields\\\": [{\\\"op\\\": \\\"Int\\\"}. {\\\"op\\\": \\\"Function\\\". \\\"params\\\": [{\\\"op\\\": \\\"Data\\\". \\\"type_tag\\\": \\\"{\\\\\\\"op\\\\\\\": \\\\\\\"eff$Tuple\\\\\\\". \\\\\\\"elements\\\\\\\": []}\\\". \\\"constructors\\\": [{\\\"tag\\\": \\\"{\\\\\\\"op\\\\\\\": \\\\\\\"eff$Tuple\\\\\\\". \\\\\\\"elements\\\\\\\": []}\\\". \\\"fields\\\": []}]}]. \\\"return\\\": {\\\"op\\\": \\\"Top\\\"}. \\\"purity\\\": \\\"Effectful\\\"}]}]}}]}\". \"constructors\": [{\"tag\": \"Empty_4\". \"fields\": []}. {\"tag\": \"Thunk_5\". \"fields\": [{\"op\": \"Data\". \"type_tag\": \"{\\\"op\\\": \\\"eff$Tuple\\\". \\\"elements\\\": [{\\\"op\\\": \\\"Int\\\"}. {\\\"op\\\": \\\"Function\\\". \\\"params\\\": [{\\\"op\\\": \\\"Data\\\". \\\"type_tag\\\": \\\"{\\\\\\\"op\\\\\\\": \\\\\\\"eff$Tuple\\\\\\\". \\\\\\\"elements\\\\\\\": []}\\\". \\\"constructors\\\": [{\\\"tag\\\": \\\"{\\\\\\\"op\\\\\\\": \\\\\\\"eff$Tuple\\\\\\\". \\\\\\\"elements\\\\\\\": []}\\\". \\\"fields\\\": []}]}]. \\\"return\\\": {\\\"op\\\": \\\"Top\\\"}. \\\"purity\\\": \\\"Effectful\\\"}]}\". \"constructors\": [{\"tag\": \"{\\\"op\\\": \\\"eff$Tuple\\\". \\\"elements\\\": [{\\\"op\\\": \\\"Int\\\"}. {\\\"op\\\": \\\"Function\\\". \\\"params\\\": [{\\\"op\\\": \\\"Data\\\". \\\"type_tag\\\": \\\"{\\\\\\\"op\\\\\\\": \\\\\\\"eff$Tuple\\\\\\\". \\\\\\\"elements\\\\\\\": []}\\\". \\\"constructors\\\": [{\\\"tag\\\": \\\"{\\\\\\\"op\\\\\\\": \\\\\\\"eff$Tuple\\\\\\\". \\\\\\\"elements\\\\\\\": []}\\\". \\\"fields\\\": []}]}]. \\\"return\\\": {\\\"op\\\": \\\"Top\\\"}. \\\"purity\\\": \\\"Effectful\\\"}]}\". \"fields\": [{\"op\": \"Int\"}. {\"op\": \"Function\". \"params\": [{\"op\": \"Data\". \"type_tag\": \"{\\\"op\\\": \\\"eff$Tuple\\\". \\\"elements\\\": []}\". \"constructors\": [{\"tag\": \"{\\\"op\\\": \\\"eff$Tuple\\\". \\\"elements\\\": []}\". \"fields\": []}]}]. \"return\": {\"op\": \"Top\"}. \"purity\": \"Effectful\"}]}]}]}]}. \"purity\": \"Effectful\"}]}". "fields": [{"op": "Int"}. {"op": "Function". "params": [{"op": "Data". "type_tag": "{\"op\": \"eff$Tuple\". \"elements\": []}". "constructors": [{"tag": "{\"op\": \"eff$Tuple\". \"elements\": []}". "fields": []}]}]. "return": {"op": "Data". "type_tag": "{\"op\": \"eff$Sum\". \"constructors\": [{\"name\": Empty_4. \"arg\": {\"op\": \"Unit\"}}. {\"name\": Thunk_5. \"arg\": {\"op\": \"Data\". \"type_tag\": \"{\\\"op\\\": \\\"eff$Tuple\\\". \\\"elements\\\": [{\\\"op\\\": \\\"Int\\\"}. {\\\"op\\\": \\\"Function\\\". \\\"params\\\": [{\\\"op\\\": \\\"Data\\\". \\\"type_tag\\\": \\\"{\\\\\\\"op\\\\\\\": \\\\\\\"eff$Tuple\\\\\\\". \\\\\\\"elements\\\\\\\": []}\\\". \\\"constructors\\\": [{\\\"tag\\\": \\\"{\\\\\\\"op\\\\\\\": \\\\\\\"eff$Tuple\\\\\\\". \\\\\\\"elements\\\\\\\": []}\\\". \\\"fields\\\": []}]}]. \\\"return\\\": {\\\"op\\\": \\\"Top\\\"}. \\\"purity\\\": \\\"Effectful\\\"}]}\". \"constructors\": [{\"tag\": \"{\\\"op\\\": \\\"eff$Tuple\\\". \\\"elements\\\": [{\\\"op\\\": \\\"Int\\\"}. {\\\"op\\\": \\\"Function\\\". \\\"params\\\": [{\\\"op\\\": \\\"Data\\\". \\\"type_tag\\\": \\\"{\\\\\\\"op\\\\\\\": \\\\\\\"eff$Tuple\\\\\\\". \\\\\\\"elements\\\\\\\": []}\\\". \\\"constructors\\\": [{\\\"tag\\\": \\\"{\\\\\\\"op\\\\\\\": \\\\\\\"eff$Tuple\\\\\\\". \\\\\\\"elements\\\\\\\": []}\\\". \\\"fields\\\": []}]}]. \\\"return\\\": {\\\"op\\\": \\\"Top\\\"}. \\\"purity\\\": \\\"Effectful\\\"}]}\". \"fields\": [{\"op\": \"Int\"}. {\"op\": \"Function\". \"params\": [{\"op\": \"Data\". \"type_tag\": \"{\\\"op\\\": \\\"eff$Tuple\\\". \\\"elements\\\": []}\". \"constructors\": [{\"tag\": \"{\\\"op\\\": \\\"eff$Tuple\\\". \\\"elements\\\": []}\". \"fields\": []}]}]. \"return\": {\"op\": \"Top\"}. \"purity\": \"Effectful\"}]}]}}]}". "constructors": [{"tag": "Empty_4". "fields": []}. {"tag": "Thunk_5". "fields": [{"op": "Data". "type_tag": "{\"op\": \"eff$Tuple\". \"elements\": [{\"op\": \"Int\"}. {\"op\": \"Function\". \"params\": [{\"op\": \"Data\". \"type_tag\": \"{\\\"op\\\": \\\"eff$Tuple\\\". \\\"elements\\\": []}\". \"constructors\": [{\"tag\": \"{\\\"op\\\": \\\"eff$Tuple\\\". \\\"elements\\\": []}\". \"fields\": []}]}]. \"return\": {\"op\": \"Top\"}. \"purity\": \"Effectful\"}]}". "constructors": [{"tag": "{\"op\": \"eff$Tuple\". \"elements\": [{\"op\": \"Int\"}. {\"op\": \"Function\". \"params\": [{\"op\": \"Data\". \"type_tag\": \"{\\\"op\\\": \\\"eff$Tuple\\\". \\\"elements\\\": []}\". \"constructors\": [{\"tag\": \"{\\\"op\\\": \\\"eff$Tuple\\\". \\\"elements\\\": []}\". \"fields\": []}]}]. \"return\": {\"op\": \"Top\"}. \"purity\": \"Effectful\"}]}". "fields": [{"op": "Int"}. {"op": "Function". "params": [{"op": "Data". "type_tag": "{\"op\": \"eff$Tuple\". \"elements\": []}". "constructors": [{"tag": "{\"op\": \"eff$Tuple\". \"elements\": []}". "fields": []}]}]. "return": {"op": "Top"}. "purity": "Effectful"}]}]}]}]}. "purity": "Effectful"}]}]}}]}). "tag": Interned(Thunk_5). "args": {"num": []. "ptr": [0]}}')
debug_merge_point(0, 0, '226<main.rpyeffect:218([method_%Yield_0(n):p@[mcore:[#37]#574]#576])>+7: {"op": "Return". "args": {"num": []. "ptr": [0]}}')
+652: p81 = getfield_gc_r(p76, descr=<FieldP rpyeffect.stored_environment.Stack__0_1.inst_values_ptr_0 40 pure>)
+656: p82 = getfield_gc_r(p76, descr=<FieldP rpyeffect.stored_environment.Stack__arb_arb.inst_tail 8 pure>)
debug_merge_point(0, 0, '240<main.rpyeffect:232([k@[k@[k@[k@[#641]#643]#645]#647]#651])>+0: {"op": "Push". "target": 239. "args": {"num": []. "ptr": []}}')
debug_merge_point(0, 0, '240<main.rpyeffect:232([k@[k@[k@[k@[#641]#643]#645]#647]#651])>+1: {"op": "Invoke". "receiver": 1. "tag": Interned(%apply(p):n). "args" : {"num": []. "ptr": [0]}}')
+660: p83 = getfield_gc_r(p81, descr=<FieldP rpyeffect.stored_environment.CoData__arb_arb.inst_vtable 24 pure>)
+676: guard_value(p83, ConstPtr(ptr84), descr=<Guard0x150452e20>) [p2, i7, i9, i11, i13, i15, i17, i19, i21, i23, i25, i27, i29, i31, i33, i35, i37, p40, p42, p44, p46, p48, p50, p52, p54, p56, p58, p60, p62, p64, p66, p68, p70, p0, p1, p3, p4]
+684: i85 = getfield_gc_i(p81, descr=<FieldS rpyeffect.stored_environment.CoData__1_0.inst_values_num_0 32 pure>)
debug_merge_point(0, 0, '252<main.rpyeffect:244([method_%apply(p):n@Name(sum_69)#666])>+0: {"op": "Push". "target": 251. "args": {"num": []. "ptr": []}}')
debug_merge_point(0, 0, '252<main.rpyeffect:244([method_%apply(p):n@Name(sum_69)#666])>+1: {"op": "Jump". "target": 248}')
debug_merge_point(0, 0, '248<main.rpyeffect:240([mcore:[#41]#632])>+0: {"op": "Match". "type": Interned({"op": "eff$Sum". "constructors": [{"name": Empty_4. "arg": {"op": "Unit"}}]}). "scrutinee": 0. "clauses": [{"tag": Interned(Empty_4). "target": 247. "args": {"num": []. "ptr": []}}]. "default": {"tag": Interned(2b926574-51e4-4a82-ba1d-f702565eb614#[Missing Tag#821]). "target": 246. "args": {"num": []. "ptr": []}}}')
debug_merge_point(0, 0, '246<main.rpyeffect:238([match_def@[mcore:[#41]#632]#633])>+0: {"op": "Match". "type": Interned({"op": "eff$Sum". "constructors": [{"name": Thunk_5. "arg": {"op": "Unit"}}]}). "scrutinee": 0. "clauses": [{"tag": Interned(Thunk_5). "target": 245. "args": {"num": []. "ptr": [0]}}]. "default": {"tag": Interned(2b926574-51e4-4a82-ba1d-f702565eb614#[Missing Tag#820]). "target": 237. "args": {"num": []. "ptr": []}}}')
debug_merge_point(0, 0, '245<main.rpyeffect:237([#637])>+0: {"op": "Match". "type": Interned({"op": "eff$Tuple". "elements": [{"op": "Int"}. {"op": "Function". "params": [{"op": "Data". "type_tag": "{\"op\": \"eff$Tuple\". \"elements\": []}". "constructors": [{"tag": "{\"op\": \"eff$Tuple\". \"elements\": []}". "fields": []}]}]. "return": {"op": "Data". "type_tag": "{\"op\": \"eff$Sum\". \"constructors\": [{\"name\": Empty_4. \"arg\": {\"op\": \"Unit\"}}. {\"name\": Thunk_5. \"arg\": {\"op\": \"Data\". \"type_tag\": \"{\\\"op\\\": \\\"eff$Tuple\\\". \\\"elements\\\": [{\\\"op\\\": \\\"Int\\\"}. {\\\"op\\\": \\\"Function\\\". \\\"params\\\": [{\\\"op\\\": \\\"Data\\\". \\\"type_tag\\\": \\\"{\\\\\\\"op\\\\\\\": \\\\\\\"eff$Tuple\\\\\\\". \\\\\\\"elements\\\\\\\": []}\\\". \\\"constructors\\\": [{\\\"tag\\\": \\\"{\\\\\\\"op\\\\\\\": \\\\\\\"eff$Tuple\\\\\\\". \\\\\\\"elements\\\\\\\": []}\\\". \\\"fields\\\": []}]}]. \\\"return\\\": {\\\"op\\\": \\\"Top\\\"}. \\\"purity\\\": \\\"Effectful\\\"}]}\". \"constructors\": [{\"tag\": \"{\\\"op\\\": \\\"eff$Tuple\\\". \\\"elements\\\": [{\\\"op\\\": \\\"Int\\\"}. {\\\"op\\\": \\\"Function\\\". \\\"params\\\": [{\\\"op\\\": \\\"Data\\\". \\\"type_tag\\\": \\\"{\\\\\\\"op\\\\\\\": \\\\\\\"eff$Tuple\\\\\\\". \\\\\\\"elements\\\\\\\": []}\\\". \\\"constructors\\\": [{\\\"tag\\\": \\\"{\\\\\\\"op\\\\\\\": \\\\\\\"eff$Tuple\\\\\\\". \\\\\\\"elements\\\\\\\": []}\\\". \\\"fields\\\": []}]}]. \\\"return\\\": {\\\"op\\\": \\\"Top\\\"}. \\\"purity\\\": \\\"Effectful\\\"}]}\". \"fields\": [{\"op\": \"Int\"}. {\"op\": \"Function\". \"params\": [{\"op\": \"Data\". \"type_tag\": \"{\\\"op\\\": \\\"eff$Tuple\\\". \\\"elements\\\": []}\". \"constructors\": [{\"tag\": \"{\\\"op\\\": \\\"eff$Tuple\\\". \\\"elements\\\": []}\". \"fields\": []}]}]. \"return\": {\"op\": \"Top\"}. \"purity\": \"Effectful\"}]}]}}]}". "constructors": [{"tag": "Empty_4". "fields": []}. {"tag": "Thunk_5". "fields": [{"op": "Data". "type_tag": "{\"op\": \"eff$Tuple\". \"elements\": [{\"op\": \"Int\"}. {\"op\": \"Function\". \"params\": [{\"op\": \"Data\". \"type_tag\": \"{\\\"op\\\": \\\"eff$Tuple\\\". \\\"elements\\\": []}\". \"constructors\": [{\"tag\": \"{\\\"op\\\": \\\"eff$Tuple\\\". \\\"elements\\\": []}\". \"fields\": []}]}]. \"return\": {\"op\": \"Top\"}. \"purity\": \"Effectful\"}]}". "constructors": [{"tag": "{\"op\": \"eff$Tuple\". \"elements\": [{\"op\": \"Int\"}. {\"op\": \"Function\". \"params\": [{\"op\": \"Data\". \"type_tag\": \"{\\\"op\\\": \\\"eff$Tuple\\\". \\\"elements\\\": []}\". \"constructors\": [{\"tag\": \"{\\\"op\\\": \\\"eff$Tuple\\\". \\\"elements\\\": []}\". \"fields\": []}]}]. \"return\": {\"op\": \"Top\"}. \"purity\": \"Effectful\"}]}". "fields": [{"op": "Int"}. {"op": "Function". "params": [{"op": "Data". "type_tag": "{\"op\": \"eff$Tuple\". \"elements\": []}". "constructors": [{"tag": "{\"op\": \"eff$Tuple\". \"elements\": []}". "fields": []}]}]. "return": {"op": "Top"}. "purity": "Effectful"}]}]}]}]}. "purity": "Effectful"}]}). "scrutinee": 0. "clauses": [{"tag": Interned({"op": "eff$Tuple". "elements": [{"op": "Int"}. {"op": "Function". "params": [{"op": "Data". "type_tag": "{\"op\": \"eff$Tuple\". \"elements\": []}". "constructors": [{"tag": "{\"op\": \"eff$Tuple\". \"elements\": []}". "fields": []}]}]. "return": {"op": "Data". "type_tag": "{\"op\": \"eff$Sum\". \"constructors\": [{\"name\": Empty_4. \"arg\": {\"op\": \"Unit\"}}. {\"name\": Thunk_5. \"arg\": {\"op\": \"Data\". \"type_tag\": \"{\\\"op\\\": \\\"eff$Tuple\\\". \\\"elements\\\": [{\\\"op\\\": \\\"Int\\\"}. {\\\"op\\\": \\\"Function\\\". \\\"params\\\": [{\\\"op\\\": \\\"Data\\\". \\\"type_tag\\\": \\\"{\\\\\\\"op\\\\\\\": \\\\\\\"eff$Tuple\\\\\\\". \\\\\\\"elements\\\\\\\": []}\\\". \\\"constructors\\\": [{\\\"tag\\\": \\\"{\\\\\\\"op\\\\\\\": \\\\\\\"eff$Tuple\\\\\\\". \\\\\\\"elements\\\\\\\": []}\\\". \\\"fields\\\": []}]}]. \\\"return\\\": {\\\"op\\\": \\\"Top\\\"}. \\\"purity\\\": \\\"Effectful\\\"}]}\". \"constructors\": [{\"tag\": \"{\\\"op\\\": \\\"eff$Tuple\\\". \\\"elements\\\": [{\\\"op\\\": \\\"Int\\\"}. {\\\"op\\\": \\\"Function\\\". \\\"params\\\": [{\\\"op\\\": \\\"Data\\\". \\\"type_tag\\\": \\\"{\\\\\\\"op\\\\\\\": \\\\\\\"eff$Tuple\\\\\\\". \\\\\\\"elements\\\\\\\": []}\\\". \\\"constructors\\\": [{\\\"tag\\\": \\\"{\\\\\\\"op\\\\\\\": \\\\\\\"eff$Tuple\\\\\\\". \\\\\\\"elements\\\\\\\": []}\\\". \\\"fields\\\": []}]}]. \\\"return\\\": {\\\"op\\\": \\\"Top\\\"}. \\\"purity\\\": \\\"Effectful\\\"}]}\". \"fields\": [{\"op\": \"Int\"}. {\"op\": \"Function\". \"params\": [{\"op\": \"Data\". \"type_tag\": \"{\\\"op\\\": \\\"eff$Tuple\\\". \\\"elements\\\": []}\". \"constructors\": [{\"tag\": \"{\\\"op\\\": \\\"eff$Tuple\\\". \\\"elements\\\": []}\". \"fields\": []}]}]. \"return\": {\"op\": \"Top\"}. \"purity\": \"Effectful\"}]}]}}]}". "constructors": [{"tag": "Empty_4". "fields": []}. {"tag": "Thunk_5". "fields": [{"op": "Data". "type_tag": "{\"op\": \"eff$Tuple\". \"elements\": [{\"op\": \"Int\"}. {\"op\": \"Function\". \"params\": [{\"op\": \"Data\". \"type_tag\": \"{\\\"op\\\": \\\"eff$Tuple\\\". \\\"elements\\\": []}\". \"constructors\": [{\"tag\": \"{\\\"op\\\": \\\"eff$Tuple\\\". \\\"elements\\\": []}\". \"fields\": []}]}]. \"return\": {\"op\": \"Top\"}. \"purity\": \"Effectful\"}]}". "constructors": [{"tag": "{\"op\": \"eff$Tuple\". \"elements\": [{\"op\": \"Int\"}. {\"op\": \"Function\". \"params\": [{\"op\": \"Data\". \"type_tag\": \"{\\\"op\\\": \\\"eff$Tuple\\\". \\\"elements\\\": []}\". \"constructors\": [{\"tag\": \"{\\\"op\\\": \\\"eff$Tuple\\\". \\\"elements\\\": []}\". \"fields\": []}]}]. \"return\": {\"op\": \"Top\"}. \"purity\": \"Effectful\"}]}". "fields": [{"op": "Int"}. {"op": "Function". "params": [{"op": "Data". "type_tag": "{\"op\": \"eff$Tuple\". \"elements\": []}". "constructors": [{"tag": "{\"op\": \"eff$Tuple\". \"elements\": []}". "fields": []}]}]. "return": {"op": "Top"}. "purity": "Effectful"}]}]}]}]}. "purity": "Effectful"}]}). "target": 244. "args": {"num": [1]. "ptr": [0]}}]. "default": {"tag": Interned(2b926574-51e4-4a82-ba1d-f702565eb614#[Missing Tag#819]). "target": 238. "args": {"num": []. "ptr": []}}}')
debug_merge_point(0, 0, '244<main.rpyeffect:236([#641])>+0: {"op": "Push". "target": 243. "args": {"num": [0]. "ptr": [0]}}')
debug_merge_point(0, 0, '244<main.rpyeffect:236([#641])>+1: {"op": "Copy". "type": "num". "from": 1. "to". 0}')
debug_merge_point(0, 0, '244<main.rpyeffect:236([#641])>+2: {"op": "Jump". "target": 143}')
debug_merge_point(0, 0, '143<main.rpyeffect:135(Name(+_27))>+0: {"op": "New". "out": 0. "targets": [136. 138. 140. 142]. "args": {"num": [0]. "ptr": []}}')
debug_merge_point(0, 0, '143<main.rpyeffect:135(Name(+_27))>+1: {"op": "Return". "args": {"num": []. "ptr": [0]}}')
debug_merge_point(0, 0, '243<main.rpyeffect:235([k@[#641]#643])>+0: {"op": "Push". "target": 242. "args": {"num": []. "ptr": [1]}}')
debug_merge_point(0, 0, '243<main.rpyeffect:235([k@[#641]#643])>+1: {"op": "Invoke". "receiver": 0. "tag": Interned(%apply(n):n). "args" : {"num": [0]. "ptr": []}}')
debug_merge_point(0, 0, '136<main.rpyeffect:128([method_%apply(n):n@Name(+_27)#347])>+0: {"op": "Jump". "target": 134}')
debug_merge_point(0, 0, '134<main.rpyeffect:126([mcore:[#23]#343])>+0: {"op": "PrimOp". "name": "infixAdd(Int. Int): Int". "out": {"num": [0]. "ptr": []}. "in": {"num": [1. 0]. "ptr": []}}')
+688: i86 = int_add(i7, i85)
debug_merge_point(0, 0, '134<main.rpyeffect:126([mcore:[#23]#343])>+1: {"op": "Return". "args": {"num": [0]. "ptr": []}}')
debug_merge_point(0, 0, '242<main.rpyeffect:234([k@[k@[#641]#643]#645])>+0: {"op": "Push". "target": 241. "args": {"num": []. "ptr": [0]}}')
debug_merge_point(0, 0, '242<main.rpyeffect:234([k@[k@[#641]#643]#645])>+1: {"op": "Jump". "target": 253}')
debug_merge_point(0, 0, '253<main.rpyeffect:245(Name(sum_69))>+0: {"op": "New". "out": 0. "targets": [250. 252]. "args": {"num": [0]. "ptr": []}}')
debug_merge_point(0, 0, '253<main.rpyeffect:245(Name(sum_69))>+1: {"op": "Return". "args": {"num": []. "ptr": [0]}}')
debug_merge_point(0, 0, '241<main.rpyeffect:233([k@[k@[k@[#641]#643]#645]#647])>+0: {"op": "Construct". "out": 2. "type": Interned({"op": "eff$Tuple". "elements": []}). "tag": Interned({"op": "eff$Tuple". "elements": []}). "args": {"num": []. "ptr": []}}')
debug_merge_point(0, 0, '241<main.rpyeffect:233([k@[k@[k@[#641]#643]#645]#647])>+1: {"op": "Push". "target": 240. "args": {"num": []. "ptr": [0]}}')
debug_merge_point(0, 0, '241<main.rpyeffect:233([k@[k@[k@[#641]#643]#645]#647])>+2: {"op": "Copy". "type": "ptr". "from": 2. "to". 0}')
debug_merge_point(0, 0, '241<main.rpyeffect:233([k@[k@[k@[#641]#643]#645]#647])>+3: {"op": "Invoke". "receiver": 1. "tag": Interned(%apply(p):p). "args" : {"num": []. "ptr": [0]}}')
debug_merge_point(0, 0, '225<main.rpyeffect:217([#588])>+0: {"op": "Jump". "target": 222}')
debug_merge_point(0, 0, '222<main.rpyeffect:214(Name(k_102))>+0: {"op": "PushStack". "arg": 1}')
+692: guard_nonnull(p1, descr=<Guard0x150452de0>) [p2, i7, i9, i11, i13, i15, i17, i19, i21, i23, i25, i27, i29, i31, i33, i35, i37, p40, p42, p44, p46, p48, p50, p52, p54, p56, p58, p60, p62, p64, p66, p68, p70, p0, p1, p3, p4]
+704: i87 = getfield_gc_i(p1, descr=<FieldS rpyeffect.stored_environment.Stack__arb_arb.inst_target 16 pure>)
+716: guard_value(i87, 215, descr=<Guard0x150452da0>) [p2, i7, i9, i11, i13, i15, i17, i19, i21, i23, i25, i27, i29, i31, i33, i35, i37, p40, p42, p44, p46, p48, p50, p52, p54, p56, p58, p60, p62, p64, p66, p68, p70, p0, p1, p3, p4]
debug_merge_point(0, 0, '222<main.rpyeffect:214(Name(k_102))>+1: {"op": "Return". "args": {"num": []. "ptr": [0]}}')
+728: p89 = getfield_gc_r(p1, descr=<FieldP rpyeffect.stored_environment.Stack__0_1.inst_values_ptr_0 40 pure>)
+732: p90 = getfield_gc_r(p1, descr=<FieldP rpyeffect.stored_environment.Stack__arb_arb.inst_tail 8 pure>)
+740: guard_nonnull(p90, descr=<Guard0x150452d60>) [p2, i7, i9, i11, i13, i15, i17, i19, i21, i23, i25, i27, i29, i31, i33, i35, i37, p40, p42, p44, p46, p48, p50, p52, p54, p56, p58, p60, p62, p64, p66, p68, p70, p0, p1, p3, p4]
+748: i91 = getfield_gc_i(p90, descr=<FieldS rpyeffect.stored_environment.Stack__arb_arb.inst_target 16 pure>)
+756: guard_value(i91, 216, descr=<Guard0x150452d20>) [p2, i7, i9, i11, i13, i15, i17, i19, i21, i23, i25, i27, i29, i31, i33, i35, i37, p40, p42, p44, p46, p48, p50, p52, p54, p56, p58, p60, p62, p64, p66, p68, p70, p0, p1, p3, p4]
debug_merge_point(0, 0, '215<main.rpyeffect:207([k@[k@[#555]#560]#568])>+0: {"op": "Const". "type": "ptr". "out": 0. "format": "string". "value": "Name(Yield_0)"}')
debug_merge_point(0, 0, '215<main.rpyeffect:207([k@[k@[#555]#560]#568])>+1: {"op": "PrimOp". "name": "getGlobal(String): Ptr". "out": {"num": []. "ptr": [0]}. "in": {"num": []. "ptr": [0]}}')
debug_merge_point(0, 0, '215<main.rpyeffect:207([k@[k@[#555]#560]#568])>+2: {"op": "Swap". "type": "ptr". "a": 0. "b". 1}')
debug_merge_point(0, 0, '215<main.rpyeffect:207([k@[k@[#555]#560]#568])>+3: {"op": "Jump". "target": 221}')
debug_merge_point(0, 0, '221<main.rpyeffect:213(Name(iterate_56))>+0: {"op": "Match". "type": Interned({"op": "eff$Sum". "constructors": [{"name": Leaf_2. "arg": {"op": "Unit"}}]}). "scrutinee": 0. "clauses": [{"tag": Interned(Leaf_2). "target": 220. "args": {"num": []. "ptr": []}}]. "default": {"tag": Interned(2b926574-51e4-4a82-ba1d-f702565eb614#[Missing Tag#818]). "target": 219. "args": {"num": []. "ptr": []}}}')
+768: p93 = getfield_gc_r(p89, descr=<FieldP rpyeffect.stored_environment.Data__arb_arb.inst_tag 8>)
+780: guard_value(p93, ConstPtr(ptr94), descr=<Guard0x150452ce0>) [p2, i7, i9, i11, i13, i15, i17, i19, i21, i23, i25, i27, i29, i31, i33, i35, i37, p40, p42, p44, p46, p48, p50, p52, p54, p56, p58, p60, p62, p64, p66, p68, p70, p0, p1, p3, p4]
debug_merge_point(0, 0, '219<main.rpyeffect:211([match_def@Name(iterate_56)#547])>+0: {"op": "Match". "type": Interned({"op": "eff$Sum". "constructors": [{"name": Node_3. "arg": {"op": "Unit"}}]}). "scrutinee": 0. "clauses": [{"tag": Interned(Node_3). "target": 218. "args": {"num": []. "ptr": [0]}}]. "default": {"tag": Interned(2b926574-51e4-4a82-ba1d-f702565eb614#[Missing Tag#817]). "target": 213. "args": {"num": []. "ptr": []}}}')
+788: p95 = getfield_gc_r(p89, descr=<FieldP rpyeffect.stored_environment.Data__0_1.inst_values_ptr_0 32 pure>)
debug_merge_point(0, 0, '218<main.rpyeffect:210([#551])>+0: {"op": "Match". "type": Interned({"op": "eff$Tuple". "elements": [{"op": "Data". "type_tag": "{\"op\": \"eff$Sum\". \"constructors\": [{\"name\": Leaf_2. \"arg\": {\"op\": \"Unit\"}}. {\"name\": Node_3. \"arg\": {\"op\": \"Data\". \"type_tag\": \"{\\\"op\\\": \\\"eff$Tuple\\\". \\\"elements\\\": [{\\\"op\\\": \\\"Top\\\"}. {\\\"op\\\": \\\"Int\\\"}. {\\\"op\\\": \\\"Top\\\"}]}\". \"constructors\": [{\"tag\": \"{\\\"op\\\": \\\"eff$Tuple\\\". \\\"elements\\\": [{\\\"op\\\": \\\"Top\\\"}. {\\\"op\\\": \\\"Int\\\"}. {\\\"op\\\": \\\"Top\\\"}]}\". \"fields\": [{\"op\": \"Top\"}. {\"op\": \"Int\"}. {\"op\": \"Top\"}]}]}}]}". "constructors": [{"tag": "Leaf_2". "fields": []}. {"tag": "Node_3". "fields": [{"op": "Data". "type_tag": "{\"op\": \"eff$Tuple\". \"elements\": [{\"op\": \"Top\"}. {\"op\": \"Int\"}. {\"op\": \"Top\"}]}". "constructors": [{"tag": "{\"op\": \"eff$Tuple\". \"elements\": [{\"op\": \"Top\"}. {\"op\": \"Int\"}. {\"op\": \"Top\"}]}". "fields": [{"op": "Top"}. {"op": "Int"}. {"op": "Top"}]}]}]}]}. {"op": "Int"}. {"op": "Data". "type_tag": "{\"op\": \"eff$Sum\". \"constructors\": [{\"name\": Leaf_2. \"arg\": {\"op\": \"Unit\"}}. {\"name\": Node_3. \"arg\": {\"op\": \"Data\". \"type_tag\": \"{\\\"op\\\": \\\"eff$Tuple\\\". \\\"elements\\\": [{\\\"op\\\": \\\"Top\\\"}. {\\\"op\\\": \\\"Int\\\"}. {\\\"op\\\": \\\"Top\\\"}]}\". \"constructors\": [{\"tag\": \"{\\\"op\\\": \\\"eff$Tuple\\\". \\\"elements\\\": [{\\\"op\\\": \\\"Top\\\"}. {\\\"op\\\": \\\"Int\\\"}. {\\\"op\\\": \\\"Top\\\"}]}\". \"fields\": [{\"op\": \"Top\"}. {\"op\": \"Int\"}. {\"op\": \"Top\"}]}]}}]}". "constructors": [{"tag": "Leaf_2". "fields": []}. {"tag": "Node_3". "fields": [{"op": "Data". "type_tag": "{\"op\": \"eff$Tuple\". \"elements\": [{\"op\": \"Top\"}. {\"op\": \"Int\"}. {\"op\": \"Top\"}]}". "constructors": [{"tag": "{\"op\": \"eff$Tuple\". \"elements\": [{\"op\": \"Top\"}. {\"op\": \"Int\"}. {\"op\": \"Top\"}]}". "fields": [{"op": "Top"}. {"op": "Int"}. {"op": "Top"}]}]}]}]}]}). "scrutinee": 0. "clauses": [{"tag": Interned({"op": "eff$Tuple". "elements": [{"op": "Data". "type_tag": "{\"op\": \"eff$Sum\". \"constructors\": [{\"name\": Leaf_2. \"arg\": {\"op\": \"Unit\"}}. {\"name\": Node_3. \"arg\": {\"op\": \"Data\". \"type_tag\": \"{\\\"op\\\": \\\"eff$Tuple\\\". \\\"elements\\\": [{\\\"op\\\": \\\"Top\\\"}. {\\\"op\\\": \\\"Int\\\"}. {\\\"op\\\": \\\"Top\\\"}]}\". \"constructors\": [{\"tag\": \"{\\\"op\\\": \\\"eff$Tuple\\\". \\\"elements\\\": [{\\\"op\\\": \\\"Top\\\"}. {\\\"op\\\": \\\"Int\\\"}. {\\\"op\\\": \\\"Top\\\"}]}\". \"fields\": [{\"op\": \"Top\"}. {\"op\": \"Int\"}. {\"op\": \"Top\"}]}]}}]}". "constructors": [{"tag": "Leaf_2". "fields": []}. {"tag": "Node_3". "fields": [{"op": "Data". "type_tag": "{\"op\": \"eff$Tuple\". \"elements\": [{\"op\": \"Top\"}. {\"op\": \"Int\"}. {\"op\": \"Top\"}]}". "constructors": [{"tag": "{\"op\": \"eff$Tuple\". \"elements\": [{\"op\": \"Top\"}. {\"op\": \"Int\"}. {\"op\": \"Top\"}]}". "fields": [{"op": "Top"}. {"op": "Int"}. {"op": "Top"}]}]}]}]}. {"op": "Int"}. {"op": "Data". "type_tag": "{\"op\": \"eff$Sum\". \"constructors\": [{\"name\": Leaf_2. \"arg\": {\"op\": \"Unit\"}}. {\"name\": Node_3. \"arg\": {\"op\": \"Data\". \"type_tag\": \"{\\\"op\\\": \\\"eff$Tuple\\\". \\\"elements\\\": [{\\\"op\\\": \\\"Top\\\"}. {\\\"op\\\": \\\"Int\\\"}. {\\\"op\\\": \\\"Top\\\"}]}\". \"constructors\": [{\"tag\": \"{\\\"op\\\": \\\"eff$Tuple\\\". \\\"elements\\\": [{\\\"op\\\": \\\"Top\\\"}. {\\\"op\\\": \\\"Int\\\"}. {\\\"op\\\": \\\"Top\\\"}]}\". \"fields\": [{\"op\": \"Top\"}. {\"op\": \"Int\"}. {\"op\": \"Top\"}]}]}}]}". "constructors": [{"tag": "Leaf_2". "fields": []}. {"tag": "Node_3". "fields": [{"op": "Data". "type_tag": "{\"op\": \"eff$Tuple\". \"elements\": [{\"op\": \"Top\"}. {\"op\": \"Int\"}. {\"op\": \"Top\"}]}". "constructors": [{"tag": "{\"op\": \"eff$Tuple\". \"elements\": [{\"op\": \"Top\"}. {\"op\": \"Int\"}. {\"op\": \"Top\"}]}". "fields": [{"op": "Top"}. {"op": "Int"}. {"op": "Top"}]}]}]}]}]}). "target": 217. "args": {"num": [0]. "ptr": [0. 1]}}]. "default": {"tag": Interned(2b926574-51e4-4a82-ba1d-f702565eb614#[Missing Tag#816]). "target": 214. "args": {"num": []. "ptr": []}}}')
+792: p96 = getfield_gc_r(p95, descr=<FieldP rpyeffect.stored_environment.Data__arb_arb.inst_tag 8>)
+800: guard_value(p96, ConstPtr(ptr97), descr=<Guard0x1504538a0>) [p2, i7, i9, i11, i13, i15, i17, i19, i21, i23, i25, i27, i29, i31, i33, i35, i37, p40, p42, p44, p46, p48, p50, p52, p54, p56, p58, p60, p62, p64, p66, p68, p70, p0, p1, p3, p4]
+808: i98 = getfield_gc_i(p95, descr=<FieldS rpyeffect.stored_environment.Data__1_2.inst_values_num_0 32 pure>)
+812: p99 = getfield_gc_r(p95, descr=<FieldP rpyeffect.stored_environment.Data__1_2.inst_values_ptr_0 40 pure>)
+816: p100 = getfield_gc_r(p95, descr=<FieldP rpyeffect.stored_environment.Data__1_2.inst_values_ptr_1 48 pure>)
debug_merge_point(0, 0, '217<main.rpyeffect:209([#555])>+0: {"op": "Const". "type": "ptr". "out": 2. "format": "string". "value": "Name(Yield_0)"}')
debug_merge_point(0, 0, '217<main.rpyeffect:209([#555])>+1: {"op": "PrimOp". "name": "getGlobal(String): Ptr". "out": {"num": []. "ptr": [2]}. "in": {"num": []. "ptr": [2]}}')
debug_merge_point(0, 0, '217<main.rpyeffect:209([#555])>+2: {"op": "Push". "target": 216. "args": {"num": [0]. "ptr": [1]}}')
debug_merge_point(0, 0, '217<main.rpyeffect:209([#555])>+3: {"op": "Copy". "type": "ptr". "from": 2. "to". 1}')
+820: p101 = new_with_vtable(descr=<SizeDescr 40>)
+932: p102 = new_with_vtable(descr=<SizeDescr 48>)
+944: p103 = new_with_vtable(descr=<SizeDescr 40>)
+956: p104 = new_with_vtable(descr=<SizeDescr 40>)
+968: setfield_gc(p104, p82, descr=<FieldP rpyeffect.stored_environment.Stack__arb_arb.inst_tail 8 pure>)
+972: setfield_gc(p104, 239, descr=<FieldS rpyeffect.stored_environment.Stack__arb_arb.inst_target 16 pure>)
+980: setfield_gc(p103, p104, descr=<FieldP rpyeffect.stored_environment.Stack__arb_arb.inst_tail 8 pure>)
+984: setfield_gc(p103, 251, descr=<FieldS rpyeffect.stored_environment.Stack__arb_arb.inst_target 16 pure>)
+992: setfield_gc(p102, p103, descr=<FieldP rpyeffect.stored_environment.Stack__arb_arb.inst_tail 8 pure>)
+996: setfield_gc(p102, 240, descr=<FieldS rpyeffect.stored_environment.Stack__arb_arb.inst_target 16 pure>)
+1004: p108 = new_with_vtable(descr=<SizeDescr 40>)
+1016: setfield_gc(p108, ConstPtr(ptr109), descr=<FieldP rpyeffect.stored_environment.CoData__arb_arb.inst_vtable 24 pure>)
+1024: setfield_gc(p108, i86, descr=<FieldS rpyeffect.stored_environment.CoData__1_0.inst_values_num_0 32 pure>)
+1028: setfield_gc(p102, p108, descr=<FieldP rpyeffect.stored_environment.Stack__0_1.inst_values_ptr_0 40 pure>)
+1032: setfield_gc(p101, p102, descr=<FieldP rpyeffect.stack.MetaStackLike.inst_stack 8 pure>)
+1036: setfield_gc(p101, p77, descr=<FieldP rpyeffect.stack.MetaStack.inst_label 16 pure>)
+1040: setfield_gc(p101, p78, descr=<FieldP rpyeffect.stack.MetaStack.inst_tail 32 pure>)
+1044: setfield_gc(p101, ConstPtr(null), descr=<FieldP rpyeffect.stack.MetaStack.inst_region 24 pure>)
+1116: jump(p0, p90, i98, p100, p2, p101, p4, i7, i11, i13, i15, i17, i19, i21, i23, i25, i27, i29, i31, i33, i35, i37, p99, p46, p48, p50, p52, p54, p56, p58, p60, p62, p64, p66, p68, p70, descr=TargetToken(5641263072))
+1444: --end of the loop--
[102796f] jit-log-opt-loop}
[10a375e] {jit-log-opt-bridge
# bridge out of Guard 0x1503f4fe0 with 14 ops
[p0, i1, i2, i3, i4, i5, i6, i7, i8, i9, i10, i11, i12, i13, i14, i15, i16, p17, p18, p19, p20, p21, p22, p23, p24, p25, p26, p27, p28, p29, p30, p31, p32, p33, p34, p35]
+136: guard_not_invalidated(descr=<Guard0x15046ebd0>) [p0, i1, i2, i3, i4, i5, i6, i7, i8, i9, i10, i11, i12, i13, i14, i15, i16, p17, p18, p19, p20, p21, p22, p23, p24, p25, p26, p27, p28, p29, p30, p31, p32, p33, p34, p35]
debug_merge_point(0, 0, '217<main.rpyeffect:209([#555])>+4: {"op": "Jump". "target": 221}')
debug_merge_point(0, 0, '221<main.rpyeffect:213(Name(iterate_56))>+0: {"op": "Match". "type": Interned({"op": "eff$Sum". "constructors": [{"name": Leaf_2. "arg": {"op": "Unit"}}]}). "scrutinee": 0. "clauses": [{"tag": Interned(Leaf_2). "target": 220. "args": {"num": []. "ptr": []}}]. "default": {"tag": Interned(2b926574-51e4-4a82-ba1d-f702565eb614#[Missing Tag#818]). "target": 219. "args": {"num": []. "ptr": []}}}')
+140: p36 = getfield_gc_r(p17, descr=<FieldP rpyeffect.stored_environment.Data__arb_arb.inst_tag 8>)
+148: guard_value(p36, ConstPtr(ptr37), descr=<Guard0x150453960>) [p0, i1, i2, i3, i4, i5, i6, i7, i8, i9, i10, i11, i12, i13, i14, i15, i16, p17, p18, p19, p20, p21, p22, p23, p24, p25, p26, p27, p28, p29, p30, p31, p32, p33, p34, p35]
debug_merge_point(0, 0, '220<main.rpyeffect:212([match_Leaf_2@Name(iterate_56)#572])>+0: {"op": "Construct". "out": 0. "type": Interned({"op": "eff$Tuple". "elements": []}). "tag": Interned({"op": "eff$Tuple". "elements": []}). "args": {"num": []. "ptr": []}}')
debug_merge_point(0, 0, '220<main.rpyeffect:212([match_Leaf_2@Name(iterate_56)#572])>+1: {"op": "Return". "args": {"num": []. "ptr": [0]}}')
+156: guard_nonnull(p35, descr=<Guard0x1504539a0>) [p0, i1, i2, i3, i4, i5, i6, i7, i8, i9, i10, i11, i12, i13, i14, i15, i16, p17, p18, p19, p20, p21, p22, p23, p24, p25, p26, p27, p28, p29, p30, p31, p32, p33, p34, p35]
+164: i38 = getfield_gc_i(p35, descr=<FieldS rpyeffect.stored_environment.Stack__arb_arb.inst_target 16 pure>)
+168: guard_value(i38, 216, descr=<Guard0x1504539e0>) [p0, i1, i2, i3, i4, i5, i6, i7, i8, i9, i10, i11, i12, i13, i14, i15, i16, p17, p18, p19, p20, p21, p22, p23, p24, p25, p26, p27, p28, p29, p30, p31, p32, p33, p34, p35]
debug_merge_point(0, 0, '216<main.rpyeffect:208([k@[#555]#560])>+0: {"op": "Const". "type": "num". "out": 1. "value": 0}')
+180: p40 = new_with_vtable(descr=<SizeDescr 32>)
+292: setfield_gc(p40, ConstPtr(ptr41), descr=<FieldP rpyeffect.stored_environment.Data__arb_arb.inst_tag 8>)
+316: jump(p32, p35, p0, p33, p34, i1, i2, i3, i4, i5, i6, i7, i8, i9, i10, i11, i12, i13, i14, i15, i16, p40, p18, ConstPtr(ptr42), p19, p20, p21, p22, p23, p24, p25, p26, p27, p28, p29, p30, p31, descr=TargetToken(5641263392))
+640: --end of the loop--
[10a7fa2] jit-log-opt-bridge}
[115af13] {jit-log-opt-bridge
# bridge out of Guard 0x1504522a0 with 94 ops
[p0, i1, i2, i3, i4, i5, i6, i7, i8, i9, i10, i11, i12, i13, i14, i15, i16, p17, p18, p19, p20, p21, p22, p23, p24, p25, p26, p27, p28, p29, p30, p31, p32, p33, i34, p35, p36, p37]
+168: guard_not_invalidated(descr=<Guard0x150482ac8>) [p0, i1, i2, i3, i4, i5, i6, i7, i8, i9, i10, i11, i12, i13, i14, i15, i16, p17, p18, p19, p20, p21, p22, p23, p24, p25, p26, p27, p28, p29, p30, p31, p32, p33, i34, p35, p36, p37]
debug_merge_point(0, 0, '216<main.rpyeffect:208([k@[#555]#560])>+1: {"op": "Const". "type": "ptr". "out": 0. "format": "string". "value": "Name(Yield_0)"}')
debug_merge_point(0, 0, '216<main.rpyeffect:208([k@[#555]#560])>+2: {"op": "PrimOp". "name": "getGlobal(String): Ptr". "out": {"num": []. "ptr": [0]}. "in": {"num": []. "ptr": [0]}}')
debug_merge_point(0, 0, '216<main.rpyeffect:208([k@[#555]#560])>+3: {"op": "GetDynamic". "out": 0. "n": 1. "label": 0}')
+176: i39 = instance_ptr_eq(p31, ConstPtr(ptr38))
guard_true(i39, descr=<Guard0x1504842e0>) [p0, i1, i2, i3, i4, i5, i6, i7, i8, i9, i10, i11, i12, i13, i14, i15, i16, p17, p18, p19, p20, p21, p22, p23, p24, p25, p26, p27, p28, p29, p30, p31, p32, p33, i34, p35, p36, p37]
debug_merge_point(0, 0, '216<main.rpyeffect:208([k@[#555]#560])>+4: {"op": "Push". "target": 215. "args": {"num": []. "ptr": [1]}}')
debug_merge_point(0, 0, '216<main.rpyeffect:208([k@[#555]#560])>+5: {"op": "Invoke". "receiver": 0. "tag": Interned(%Yield_0(n):p). "args" : {"num": [0]. "ptr": []}}')
+188: p40 = getfield_gc_r(p33, descr=<FieldP rpyeffect.stored_environment.CoData__arb_arb.inst_vtable 24 pure>)
+200: guard_value(p40, ConstPtr(ptr41), descr=<Guard0x150484320>) [p0, i1, i2, i3, i4, i5, i6, i7, i8, i9, i10, i11, i12, i13, i14, i15, i16, p17, p18, p19, p20, p21, p22, p23, p24, p25, p26, p27, p28, p29, p30, p31, p32, p33, i34, p35, p36, p37]
debug_merge_point(0, 0, '226<main.rpyeffect:218([method_%Yield_0(n):p@[mcore:[#37]#574]#576])>+0: {"op": "Const". "type": "num". "out": 1. "value": 0}')
debug_merge_point(0, 0, '226<main.rpyeffect:218([method_%Yield_0(n):p@[mcore:[#37]#574]#576])>+1: {"op": "Const". "type": "ptr". "out": 0. "format": "string". "value": "Name(Yield_0)"}')
debug_merge_point(0, 0, '226<main.rpyeffect:218([method_%Yield_0(n):p@[mcore:[#37]#574]#576])>+2: {"op": "PrimOp". "name": "getGlobal(String): Ptr". "out": {"num": []. "ptr": [0]}. "in": {"num": []. "ptr": [0]}}')
debug_merge_point(0, 0, '226<main.rpyeffect:218([method_%Yield_0(n):p@[mcore:[#37]#574]#576])>+3: {"op": "ShiftDyn". "out": 0. "n": 1. "label": 0}')
debug_merge_point(0, 0, '226<main.rpyeffect:218([method_%Yield_0(n):p@[mcore:[#37]#574]#576])>+4: {"op": "New". "out": 0. "targets": [225]. "args": {"num": []. "ptr": [0]}}')
debug_merge_point(0, 0, '226<main.rpyeffect:218([method_%Yield_0(n):p@[mcore:[#37]#574]#576])>+5: {"op": "Construct". "out": 0. "type": Interned({"op": "eff$Tuple". "elements": [{"op": "Int"}. {"op": "Function". "params": [{"op": "Data". "type_tag": "{\"op\": \"eff$Tuple\". \"elements\": []}". "constructors": [{"tag": "{\"op\": \"eff$Tuple\". \"elements\": []}". "fields": []}]}]. "return": {"op": "Data". "type_tag": "{\"op\": \"eff$Sum\". \"constructors\": [{\"name\": Empty_4. \"arg\": {\"op\": \"Unit\"}}. {\"name\": Thunk_5. \"arg\": {\"op\": \"Data\". \"type_tag\": \"{\\\"op\\\": \\\"eff$Tuple\\\". \\\"elements\\\": [{\\\"op\\\": \\\"Int\\\"}. {\\\"op\\\": \\\"Function\\\". \\\"params\\\": [{\\\"op\\\": \\\"Data\\\". \\\"type_tag\\\": \\\"{\\\\\\\"op\\\\\\\": \\\\\\\"eff$Tuple\\\\\\\". \\\\\\\"elements\\\\\\\": []}\\\". \\\"constructors\\\": [{\\\"tag\\\": \\\"{\\\\\\\"op\\\\\\\": \\\\\\\"eff$Tuple\\\\\\\". \\\\\\\"elements\\\\\\\": []}\\\". \\\"fields\\\": []}]}]. \\\"return\\\": {\\\"op\\\": \\\"Top\\\"}. \\\"purity\\\": \\\"Effectful\\\"}]}\". \"constructors\": [{\"tag\": \"{\\\"op\\\": \\\"eff$Tuple\\\". \\\"elements\\\": [{\\\"op\\\": \\\"Int\\\"}. {\\\"op\\\": \\\"Function\\\". \\\"params\\\": [{\\\"op\\\": \\\"Data\\\". \\\"type_tag\\\": \\\"{\\\\\\\"op\\\\\\\": \\\\\\\"eff$Tuple\\\\\\\". \\\\\\\"elements\\\\\\\": []}\\\". \\\"constructors\\\": [{\\\"tag\\\": \\\"{\\\\\\\"op\\\\\\\": \\\\\\\"eff$Tuple\\\\\\\". \\\\\\\"elements\\\\\\\": []}\\\". \\\"fields\\\": []}]}]. \\\"return\\\": {\\\"op\\\": \\\"Top\\\"}. \\\"purity\\\": \\\"Effectful\\\"}]}\". \"fields\": [{\"op\": \"Int\"}. {\"op\": \"Function\". \"params\": [{\"op\": \"Data\". \"type_tag\": \"{\\\"op\\\": \\\"eff$Tuple\\\". \\\"elements\\\": []}\". \"constructors\": [{\"tag\": \"{\\\"op\\\": \\\"eff$Tuple\\\". \\\"elements\\\": []}\". \"fields\": []}]}]. \"return\": {\"op\": \"Top\"}. \"purity\": \"Effectful\"}]}]}}]}". "constructors": [{"tag": "Empty_4". "fields": []}. {"tag": "Thunk_5". "fields": [{"op": "Data". "type_tag": "{\"op\": \"eff$Tuple\". \"elements\": [{\"op\": \"Int\"}. {\"op\": \"Function\". \"params\": [{\"op\": \"Data\". \"type_tag\": \"{\\\"op\\\": \\\"eff$Tuple\\\". \\\"elements\\\": []}\". \"constructors\": [{\"tag\": \"{\\\"op\\\": \\\"eff$Tuple\\\". \\\"elements\\\": []}\". \"fields\": []}]}]. \"return\": {\"op\": \"Top\"}. \"purity\": \"Effectful\"}]}". "constructors": [{"tag": "{\"op\": \"eff$Tuple\". \"elements\": [{\"op\": \"Int\"}. {\"op\": \"Function\". \"params\": [{\"op\": \"Data\". \"type_tag\": \"{\\\"op\\\": \\\"eff$Tuple\\\". \\\"elements\\\": []}\". \"constructors\": [{\"tag\": \"{\\\"op\\\": \\\"eff$Tuple\\\". \\\"elements\\\": []}\". \"fields\": []}]}]. \"return\": {\"op\": \"Top\"}. \"purity\": \"Effectful\"}]}". "fields": [{"op": "Int"}. {"op": "Function". "params": [{"op": "Data". "type_tag": "{\"op\": \"eff$Tuple\". \"elements\": []}". "constructors": [{"tag": "{\"op\": \"eff$Tuple\". \"elements\": []}". "fields": []}]}]. "return": {"op": "Top"}. "purity": "Effectful"}]}]}]}]}. "purity": "Effectful"}]}). "tag": Interned({"op": "eff$Tuple". "elements": [{"op": "Int"}. {"op": "Function". "params": [{"op": "Data". "type_tag": "{\"op\": \"eff$Tuple\". \"elements\": []}". "constructors": [{"tag": "{\"op\": \"eff$Tuple\". \"elements\": []}". "fields": []}]}]. "return": {"op": "Data". "type_tag": "{\"op\": \"eff$Sum\". \"constructors\": [{\"name\": Empty_4. \"arg\": {\"op\": \"Unit\"}}. {\"name\": Thunk_5. \"arg\": {\"op\": \"Data\". \"type_tag\": \"{\\\"op\\\": \\\"eff$Tuple\\\". \\\"elements\\\": [{\\\"op\\\": \\\"Int\\\"}. {\\\"op\\\": \\\"Function\\\". \\\"params\\\": [{\\\"op\\\": \\\"Data\\\". \\\"type_tag\\\": \\\"{\\\\\\\"op\\\\\\\": \\\\\\\"eff$Tuple\\\\\\\". \\\\\\\"elements\\\\\\\": []}\\\". \\\"constructors\\\": [{\\\"tag\\\": \\\"{\\\\\\\"op\\\\\\\": \\\\\\\"eff$Tuple\\\\\\\". \\\\\\\"elements\\\\\\\": []}\\\". \\\"fields\\\": []}]}]. \\\"return\\\": {\\\"op\\\": \\\"Top\\\"}. \\\"purity\\\": \\\"Effectful\\\"}]}\". \"constructors\": [{\"tag\": \"{\\\"op\\\": \\\"eff$Tuple\\\". \\\"elements\\\": [{\\\"op\\\": \\\"Int\\\"}. {\\\"op\\\": \\\"Function\\\". \\\"params\\\": [{\\\"op\\\": \\\"Data\\\". \\\"type_tag\\\": \\\"{\\\\\\\"op\\\\\\\": \\\\\\\"eff$Tuple\\\\\\\". \\\\\\\"elements\\\\\\\": []}\\\". \\\"constructors\\\": [{\\\"tag\\\": \\\"{\\\\\\\"op\\\\\\\": \\\\\\\"eff$Tuple\\\\\\\". \\\\\\\"elements\\\\\\\": []}\\\". \\\"fields\\\": []}]}]. \\\"return\\\": {\\\"op\\\": \\\"Top\\\"}. \\\"purity\\\": \\\"Effectful\\\"}]}\". \"fields\": [{\"op\": \"Int\"}. {\"op\": \"Function\". \"params\": [{\"op\": \"Data\". \"type_tag\": \"{\\\"op\\\": \\\"eff$Tuple\\\". \\\"elements\\\": []}\". \"constructors\": [{\"tag\": \"{\\\"op\\\": \\\"eff$Tuple\\\". \\\"elements\\\": []}\". \"fields\": []}]}]. \"return\": {\"op\": \"Top\"}. \"purity\": \"Effectful\"}]}]}}]}". "constructors": [{"tag": "Empty_4". "fields": []}. {"tag": "Thunk_5". "fields": [{"op": "Data". "type_tag": "{\"op\": \"eff$Tuple\". \"elements\": [{\"op\": \"Int\"}. {\"op\": \"Function\". \"params\": [{\"op\": \"Data\". \"type_tag\": \"{\\\"op\\\": \\\"eff$Tuple\\\". \\\"elements\\\": []}\". \"constructors\": [{\"tag\": \"{\\\"op\\\": \\\"eff$Tuple\\\". \\\"elements\\\": []}\". \"fields\": []}]}]. \"return\": {\"op\": \"Top\"}. \"purity\": \"Effectful\"}]}". "constructors": [{"tag": "{\"op\": \"eff$Tuple\". \"elements\": [{\"op\": \"Int\"}. {\"op\": \"Function\". \"params\": [{\"op\": \"Data\". \"type_tag\": \"{\\\"op\\\": \\\"eff$Tuple\\\". \\\"elements\\\": []}\". \"constructors\": [{\"tag\": \"{\\\"op\\\": \\\"eff$Tuple\\\". \\\"elements\\\": []}\". \"fields\": []}]}]. \"return\": {\"op\": \"Top\"}. \"purity\": \"Effectful\"}]}". "fields": [{"op": "Int"}. {"op": "Function". "params": [{"op": "Data". "type_tag": "{\"op\": \"eff$Tuple\". \"elements\": []}". "constructors": [{"tag": "{\"op\": \"eff$Tuple\". \"elements\": []}". "fields": []}]}]. "return": {"op": "Top"}. "purity": "Effectful"}]}]}]}]}. "purity": "Effectful"}]}). "args": {"num": [0]. "ptr": [0]}}')
debug_merge_point(0, 0, '226<main.rpyeffect:218([method_%Yield_0(n):p@[mcore:[#37]#574]#576])>+6: {"op": "Construct". "out": 0. "type": Interned({"op": "eff$Sum". "constructors": [{"name": Thunk_5. "arg": {"op": "Data". "type_tag": "{\"op\": \"eff$Tuple\". \"elements\": [{\"op\": \"Int\"}. {\"op\": \"Function\". \"params\": [{\"op\": \"Data\". \"type_tag\": \"{\\\"op\\\": \\\"eff$Tuple\\\". \\\"elements\\\": []}\". \"constructors\": [{\"tag\": \"{\\\"op\\\": \\\"eff$Tuple\\\". \\\"elements\\\": []}\". \"fields\": []}]}]. \"return\": {\"op\": \"Data\". \"type_tag\": \"{\\\"op\\\": \\\"eff$Sum\\\". \\\"constructors\\\": [{\\\"name\\\": Empty_4. \\\"arg\\\": {\\\"op\\\": \\\"Unit\\\"}}. {\\\"name\\\": Thunk_5. \\\"arg\\\": {\\\"op\\\": \\\"Data\\\". \\\"type_tag\\\": \\\"{\\\\\\\"op\\\\\\\": \\\\\\\"eff$Tuple\\\\\\\". \\\\\\\"elements\\\\\\\": [{\\\\\\\"op\\\\\\\": \\\\\\\"Int\\\\\\\"}. {\\\\\\\"op\\\\\\\": \\\\\\\"Function\\\\\\\". \\\\\\\"params\\\\\\\": [{\\\\\\\"op\\\\\\\": \\\\\\\"Data\\\\\\\". \\\\\\\"type_tag\\\\\\\": \\\\\\\"{\\\\\\\\\\\\\\\"op\\\\\\\\\\\\\\\": \\\\\\\\\\\\\\\"eff$Tuple\\\\\\\\\\\\\\\". \\\\\\\\\\\\\\\"elements\\\\\\\\\\\\\\\": []}\\\\\\\". \\\\\\\"constructors\\\\\\\": [{\\\\\\\"tag\\\\\\\": \\\\\\\"{\\\\\\\\\\\\\\\"op\\\\\\\\\\\\\\\": \\\\\\\\\\\\\\\"eff$Tuple\\\\\\\\\\\\\\\". \\\\\\\\\\\\\\\"elements\\\\\\\\\\\\\\\": []}\\\\\\\". \\\\\\\"fields\\\\\\\": []}]}]. \\\\\\\"return\\\\\\\": {\\\\\\\"op\\\\\\\": \\\\\\\"Top\\\\\\\"}. \\\\\\\"purity\\\\\\\": \\\\\\\"Effectful\\\\\\\"}]}\\\". \\\"constructors\\\": [{\\\"tag\\\": \\\"{\\\\\\\"op\\\\\\\": \\\\\\\"eff$Tuple\\\\\\\". \\\\\\\"elements\\\\\\\": [{\\\\\\\"op\\\\\\\": \\\\\\\"Int\\\\\\\"}. {\\\\\\\"op\\\\\\\": \\\\\\\"Function\\\\\\\". \\\\\\\"params\\\\\\\": [{\\\\\\\"op\\\\\\\": \\\\\\\"Data\\\\\\\". \\\\\\\"type_tag\\\\\\\": \\\\\\\"{\\\\\\\\\\\\\\\"op\\\\\\\\\\\\\\\": \\\\\\\\\\\\\\\"eff$Tuple\\\\\\\\\\\\\\\". \\\\\\\\\\\\\\\"elements\\\\\\\\\\\\\\\": []}\\\\\\\". \\\\\\\"constructors\\\\\\\": [{\\\\\\\"tag\\\\\\\": \\\\\\\"{\\\\\\\\\\\\\\\"op\\\\\\\\\\\\\\\": \\\\\\\\\\\\\\\"eff$Tuple\\\\\\\\\\\\\\\". \\\\\\\\\\\\\\\"elements\\\\\\\\\\\\\\\": []}\\\\\\\". \\\\\\\"fields\\\\\\\": []}]}]. \\\\\\\"return\\\\\\\": {\\\\\\\"op\\\\\\\": \\\\\\\"Top\\\\\\\"}. \\\\\\\"purity\\\\\\\": \\\\\\\"Effectful\\\\\\\"}]}\\\". \\\"fields\\\": [{\\\"op\\\": \\\"Int\\\"}. {\\\"op\\\": \\\"Function\\\". \\\"params\\\": [{\\\"op\\\": \\\"Data\\\". \\\"type_tag\\\": \\\"{\\\\\\\"op\\\\\\\": \\\\\\\"eff$Tuple\\\\\\\". \\\\\\\"elements\\\\\\\": []}\\\". \\\"constructors\\\": [{\\\"tag\\\": \\\"{\\\\\\\"op\\\\\\\": \\\\\\\"eff$Tuple\\\\\\\". \\\\\\\"elements\\\\\\\": []}\\\". \\\"fields\\\": []}]}]. \\\"return\\\": {\\\"op\\\": \\\"Top\\\"}. \\\"purity\\\": \\\"Effectful\\\"}]}]}}]}\". \"constructors\": [{\"tag\": \"Empty_4\". \"fields\": []}. {\"tag\": \"Thunk_5\". \"fields\": [{\"op\": \"Data\". \"type_tag\": \"{\\\"op\\\": \\\"eff$Tuple\\\". \\\"elements\\\": [{\\\"op\\\": \\\"Int\\\"}. {\\\"op\\\": \\\"Function\\\". \\\"params\\\": [{\\\"op\\\": \\\"Data\\\". \\\"type_tag\\\": \\\"{\\\\\\\"op\\\\\\\": \\\\\\\"eff$Tuple\\\\\\\". \\\\\\\"elements\\\\\\\": []}\\\". \\\"constructors\\\": [{\\\"tag\\\": \\\"{\\\\\\\"op\\\\\\\": \\\\\\\"eff$Tuple\\\\\\\". \\\\\\\"elements\\\\\\\": []}\\\". \\\"fields\\\": []}]}]. \\\"return\\\": {\\\"op\\\": \\\"Top\\\"}. \\\"purity\\\": \\\"Effectful\\\"}]}\". \"constructors\": [{\"tag\": \"{\\\"op\\\": \\\"eff$Tuple\\\". \\\"elements\\\": [{\\\"op\\\": \\\"Int\\\"}. {\\\"op\\\": \\\"Function\\\". \\\"params\\\": [{\\\"op\\\": \\\"Data\\\". \\\"type_tag\\\": \\\"{\\\\\\\"op\\\\\\\": \\\\\\\"eff$Tuple\\\\\\\". \\\\\\\"elements\\\\\\\": []}\\\". \\\"constructors\\\": [{\\\"tag\\\": \\\"{\\\\\\\"op\\\\\\\": \\\\\\\"eff$Tuple\\\\\\\". \\\\\\\"elements\\\\\\\": []}\\\". \\\"fields\\\": []}]}]. \\\"return\\\": {\\\"op\\\": \\\"Top\\\"}. \\\"purity\\\": \\\"Effectful\\\"}]}\". \"fields\": [{\"op\": \"Int\"}. {\"op\": \"Function\". \"params\": [{\"op\": \"Data\". \"type_tag\": \"{\\\"op\\\": \\\"eff$Tuple\\\". \\\"elements\\\": []}\". \"constructors\": [{\"tag\": \"{\\\"op\\\": \\\"eff$Tuple\\\". \\\"elements\\\": []}\". \"fields\": []}]}]. \"return\": {\"op\": \"Top\"}. \"purity\": \"Effectful\"}]}]}]}]}. \"purity\": \"Effectful\"}]}". "constructors": [{"tag": "{\"op\": \"eff$Tuple\". \"elements\": [{\"op\": \"Int\"}. {\"op\": \"Function\". \"params\": [{\"op\": \"Data\". \"type_tag\": \"{\\\"op\\\": \\\"eff$Tuple\\\". \\\"elements\\\": []}\". \"constructors\": [{\"tag\": \"{\\\"op\\\": \\\"eff$Tuple\\\". \\\"elements\\\": []}\". \"fields\": []}]}]. \"return\": {\"op\": \"Data\". \"type_tag\": \"{\\\"op\\\": \\\"eff$Sum\\\". \\\"constructors\\\": [{\\\"name\\\": Empty_4. \\\"arg\\\": {\\\"op\\\": \\\"Unit\\\"}}. {\\\"name\\\": Thunk_5. \\\"arg\\\": {\\\"op\\\": \\\"Data\\\". \\\"type_tag\\\": \\\"{\\\\\\\"op\\\\\\\": \\\\\\\"eff$Tuple\\\\\\\". \\\\\\\"elements\\\\\\\": [{\\\\\\\"op\\\\\\\": \\\\\\\"Int\\\\\\\"}. {\\\\\\\"op\\\\\\\": \\\\\\\"Function\\\\\\\". \\\\\\\"params\\\\\\\": [{\\\\\\\"op\\\\\\\": \\\\\\\"Data\\\\\\\". \\\\\\\"type_tag\\\\\\\": \\\\\\\"{\\\\\\\\\\\\\\\"op\\\\\\\\\\\\\\\": \\\\\\\\\\\\\\\"eff$Tuple\\\\\\\\\\\\\\\". \\\\\\\\\\\\\\\"elements\\\\\\\\\\\\\\\": []}\\\\\\\". \\\\\\\"constructors\\\\\\\": [{\\\\\\\"tag\\\\\\\": \\\\\\\"{\\\\\\\\\\\\\\\"op\\\\\\\\\\\\\\\": \\\\\\\\\\\\\\\"eff$Tuple\\\\\\\\\\\\\\\". \\\\\\\\\\\\\\\"elements\\\\\\\\\\\\\\\": []}\\\\\\\". \\\\\\\"fields\\\\\\\": []}]}]. \\\\\\\"return\\\\\\\": {\\\\\\\"op\\\\\\\": \\\\\\\"Top\\\\\\\"}. \\\\\\\"purity\\\\\\\": \\\\\\\"Effectful\\\\\\\"}]}\\\". \\\"constructors\\\": [{\\\"tag\\\": \\\"{\\\\\\\"op\\\\\\\": \\\\\\\"eff$Tuple\\\\\\\". \\\\\\\"elements\\\\\\\": [{\\\\\\\"op\\\\\\\": \\\\\\\"Int\\\\\\\"}. {\\\\\\\"op\\\\\\\": \\\\\\\"Function\\\\\\\". \\\\\\\"params\\\\\\\": [{\\\\\\\"op\\\\\\\": \\\\\\\"Data\\\\\\\". \\\\\\\"type_tag\\\\\\\": \\\\\\\"{\\\\\\\\\\\\\\\"op\\\\\\\\\\\\\\\": \\\\\\\\\\\\\\\"eff$Tuple\\\\\\\\\\\\\\\". \\\\\\\\\\\\\\\"elements\\\\\\\\\\\\\\\": []}\\\\\\\". \\\\\\\"constructors\\\\\\\": [{\\\\\\\"tag\\\\\\\": \\\\\\\"{\\\\\\\\\\\\\\\"op\\\\\\\\\\\\\\\": \\\\\\\\\\\\\\\"eff$Tuple\\\\\\\\\\\\\\\". \\\\\\\\\\\\\\\"elements\\\\\\\\\\\\\\\": []}\\\\\\\". \\\\\\\"fields\\\\\\\": []}]}]. \\\\\\\"return\\\\\\\": {\\\\\\\"op\\\\\\\": \\\\\\\"Top\\\\\\\"}. \\\\\\\"purity\\\\\\\": \\\\\\\"Effectful\\\\\\\"}]}\\\". \\\"fields\\\": [{\\\"op\\\": \\\"Int\\\"}. {\\\"op\\\": \\\"Function\\\". \\\"params\\\": [{\\\"op\\\": \\\"Data\\\". \\\"type_tag\\\": \\\"{\\\\\\\"op\\\\\\\": \\\\\\\"eff$Tuple\\\\\\\". \\\\\\\"elements\\\\\\\": []}\\\". \\\"constructors\\\": [{\\\"tag\\\": \\\"{\\\\\\\"op\\\\\\\": \\\\\\\"eff$Tuple\\\\\\\". \\\\\\\"elements\\\\\\\": []}\\\". \\\"fields\\\": []}]}]. \\\"return\\\": {\\\"op\\\": \\\"Top\\\"}. \\\"purity\\\": \\\"Effectful\\\"}]}]}}]}\". \"constructors\": [{\"tag\": \"Empty_4\". \"fields\": []}. {\"tag\": \"Thunk_5\". \"fields\": [{\"op\": \"Data\". \"type_tag\": \"{\\\"op\\\": \\\"eff$Tuple\\\". \\\"elements\\\": [{\\\"op\\\": \\\"Int\\\"}. {\\\"op\\\": \\\"Function\\\". \\\"params\\\": [{\\\"op\\\": \\\"Data\\\". \\\"type_tag\\\": \\\"{\\\\\\\"op\\\\\\\": \\\\\\\"eff$Tuple\\\\\\\". \\\\\\\"elements\\\\\\\": []}\\\". \\\"constructors\\\": [{\\\"tag\\\": \\\"{\\\\\\\"op\\\\\\\": \\\\\\\"eff$Tuple\\\\\\\". \\\\\\\"elements\\\\\\\": []}\\\". \\\"fields\\\": []}]}]. \\\"return\\\": {\\\"op\\\": \\\"Top\\\"}. \\\"purity\\\": \\\"Effectful\\\"}]}\". \"constructors\": [{\"tag\": \"{\\\"op\\\": \\\"eff$Tuple\\\". \\\"elements\\\": [{\\\"op\\\": \\\"Int\\\"}. {\\\"op\\\": \\\"Function\\\". \\\"params\\\": [{\\\"op\\\": \\\"Data\\\". \\\"type_tag\\\": \\\"{\\\\\\\"op\\\\\\\": \\\\\\\"eff$Tuple\\\\\\\". \\\\\\\"elements\\\\\\\": []}\\\". \\\"constructors\\\": [{\\\"tag\\\": \\\"{\\\\\\\"op\\\\\\\": \\\\\\\"eff$Tuple\\\\\\\". \\\\\\\"elements\\\\\\\": []}\\\". \\\"fields\\\": []}]}]. \\\"return\\\": {\\\"op\\\": \\\"Top\\\"}. \\\"purity\\\": \\\"Effectful\\\"}]}\". \"fields\": [{\"op\": \"Int\"}. {\"op\": \"Function\". \"params\": [{\"op\": \"Data\". \"type_tag\": \"{\\\"op\\\": \\\"eff$Tuple\\\". \\\"elements\\\": []}\". \"constructors\": [{\"tag\": \"{\\\"op\\\": \\\"eff$Tuple\\\". \\\"elements\\\": []}\". \"fields\": []}]}]. \"return\": {\"op\": \"Top\"}. \"purity\": \"Effectful\"}]}]}]}]}. \"purity\": \"Effectful\"}]}". "fields": [{"op": "Int"}. {"op": "Function". "params": [{"op": "Data". "type_tag": "{\"op\": \"eff$Tuple\". \"elements\": []}". "constructors": [{"tag": "{\"op\": \"eff$Tuple\". \"elements\": []}". "fields": []}]}]. "return": {"op": "Data". "type_tag": "{\"op\": \"eff$Sum\". \"constructors\": [{\"name\": Empty_4. \"arg\": {\"op\": \"Unit\"}}. {\"name\": Thunk_5. \"arg\": {\"op\": \"Data\". \"type_tag\": \"{\\\"op\\\": \\\"eff$Tuple\\\". \\\"elements\\\": [{\\\"op\\\": \\\"Int\\\"}. {\\\"op\\\": \\\"Function\\\". \\\"params\\\": [{\\\"op\\\": \\\"Data\\\". \\\"type_tag\\\": \\\"{\\\\\\\"op\\\\\\\": \\\\\\\"eff$Tuple\\\\\\\". \\\\\\\"elements\\\\\\\": []}\\\". \\\"constructors\\\": [{\\\"tag\\\": \\\"{\\\\\\\"op\\\\\\\": \\\\\\\"eff$Tuple\\\\\\\". \\\\\\\"elements\\\\\\\": []}\\\". \\\"fields\\\": []}]}]. \\\"return\\\": {\\\"op\\\": \\\"Top\\\"}. \\\"purity\\\": \\\"Effectful\\\"}]}\". \"constructors\": [{\"tag\": \"{\\\"op\\\": \\\"eff$Tuple\\\". \\\"elements\\\": [{\\\"op\\\": \\\"Int\\\"}. {\\\"op\\\": \\\"Function\\\". \\\"params\\\": [{\\\"op\\\": \\\"Data\\\". \\\"type_tag\\\": \\\"{\\\\\\\"op\\\\\\\": \\\\\\\"eff$Tuple\\\\\\\". \\\\\\\"elements\\\\\\\": []}\\\". \\\"constructors\\\": [{\\\"tag\\\": \\\"{\\\\\\\"op\\\\\\\": \\\\\\\"eff$Tuple\\\\\\\". \\\\\\\"elements\\\\\\\": []}\\\". \\\"fields\\\": []}]}]. \\\"return\\\": {\\\"op\\\": \\\"Top\\\"}. \\\"purity\\\": \\\"Effectful\\\"}]}\". \"fields\": [{\"op\": \"Int\"}. {\"op\": \"Function\". \"params\": [{\"op\": \"Data\". \"type_tag\": \"{\\\"op\\\": \\\"eff$Tuple\\\". \\\"elements\\\": []}\". \"constructors\": [{\"tag\": \"{\\\"op\\\": \\\"eff$Tuple\\\". \\\"elements\\\": []}\". \"fields\": []}]}]. \"return\": {\"op\": \"Top\"}. \"purity\": \"Effectful\"}]}]}}]}". "constructors": [{"tag": "Empty_4". "fields": []}. {"tag": "Thunk_5". "fields": [{"op": "Data". "type_tag": "{\"op\": \"eff$Tuple\". \"elements\": [{\"op\": \"Int\"}. {\"op\": \"Function\". \"params\": [{\"op\": \"Data\". \"type_tag\": \"{\\\"op\\\": \\\"eff$Tuple\\\". \\\"elements\\\": []}\". \"constructors\": [{\"tag\": \"{\\\"op\\\": \\\"eff$Tuple\\\". \\\"elements\\\": []}\". \"fields\": []}]}]. \"return\": {\"op\": \"Top\"}. \"purity\": \"Effectful\"}]}". "constructors": [{"tag": "{\"op\": \"eff$Tuple\". \"elements\": [{\"op\": \"Int\"}. {\"op\": \"Function\". \"params\": [{\"op\": \"Data\". \"type_tag\": \"{\\\"op\\\": \\\"eff$Tuple\\\". \\\"elements\\\": []}\". \"constructors\": [{\"tag\": \"{\\\"op\\\": \\\"eff$Tuple\\\". \\\"elements\\\": []}\". \"fields\": []}]}]. \"return\": {\"op\": \"Top\"}. \"purity\": \"Effectful\"}]}". "fields": [{"op": "Int"}. {"op": "Function". "params": [{"op": "Data". "type_tag": "{\"op\": \"eff$Tuple\". \"elements\": []}". "constructors": [{"tag": "{\"op\": \"eff$Tuple\". \"elements\": []}". "fields": []}]}]. "return": {"op": "Top"}. "purity": "Effectful"}]}]}]}]}. "purity": "Effectful"}]}]}}]}). "tag": Interned(Thunk_5). "args": {"num": []. "ptr": [0]}}')
debug_merge_point(0, 0, '226<main.rpyeffect:218([method_%Yield_0(n):p@[mcore:[#37]#574]#576])>+7: {"op": "Return". "args": {"num": []. "ptr": [0]}}')
debug_merge_point(0, 0, '240<main.rpyeffect:232([k@[k@[k@[k@[#641]#643]#645]#647]#651])>+0: {"op": "Push". "target": 239. "args": {"num": []. "ptr": []}}')
debug_merge_point(0, 0, '240<main.rpyeffect:232([k@[k@[k@[k@[#641]#643]#645]#647]#651])>+1: {"op": "Invoke". "receiver": 1. "tag": Interned(%apply(p):n). "args" : {"num": []. "ptr": [0]}}')
debug_merge_point(0, 0, '252<main.rpyeffect:244([method_%apply(p):n@Name(sum_69)#666])>+0: {"op": "Push". "target": 251. "args": {"num": []. "ptr": []}}')
debug_merge_point(0, 0, '252<main.rpyeffect:244([method_%apply(p):n@Name(sum_69)#666])>+1: {"op": "Jump". "target": 248}')
debug_merge_point(0, 0, '248<main.rpyeffect:240([mcore:[#41]#632])>+0: {"op": "Match". "type": Interned({"op": "eff$Sum". "constructors": [{"name": Empty_4. "arg": {"op": "Unit"}}]}). "scrutinee": 0. "clauses": [{"tag": Interned(Empty_4). "target": 247. "args": {"num": []. "ptr": []}}]. "default": {"tag": Interned(2b926574-51e4-4a82-ba1d-f702565eb614#[Missing Tag#821]). "target": 246. "args": {"num": []. "ptr": []}}}')
debug_merge_point(0, 0, '246<main.rpyeffect:238([match_def@[mcore:[#41]#632]#633])>+0: {"op": "Match". "type": Interned({"op": "eff$Sum". "constructors": [{"name": Thunk_5. "arg": {"op": "Unit"}}]}). "scrutinee": 0. "clauses": [{"tag": Interned(Thunk_5). "target": 245. "args": {"num": []. "ptr": [0]}}]. "default": {"tag": Interned(2b926574-51e4-4a82-ba1d-f702565eb614#[Missing Tag#820]). "target": 237. "args": {"num": []. "ptr": []}}}')
debug_merge_point(0, 0, '245<main.rpyeffect:237([#637])>+0: {"op": "Match". "type": Interned({"op": "eff$Tuple". "elements": [{"op": "Int"}. {"op": "Function". "params": [{"op": "Data". "type_tag": "{\"op\": \"eff$Tuple\". \"elements\": []}". "constructors": [{"tag": "{\"op\": \"eff$Tuple\". \"elements\": []}". "fields": []}]}]. "return": {"op": "Data". "type_tag": "{\"op\": \"eff$Sum\". \"constructors\": [{\"name\": Empty_4. \"arg\": {\"op\": \"Unit\"}}. {\"name\": Thunk_5. \"arg\": {\"op\": \"Data\". \"type_tag\": \"{\\\"op\\\": \\\"eff$Tuple\\\". \\\"elements\\\": [{\\\"op\\\": \\\"Int\\\"}. {\\\"op\\\": \\\"Function\\\". \\\"params\\\": [{\\\"op\\\": \\\"Data\\\". \\\"type_tag\\\": \\\"{\\\\\\\"op\\\\\\\": \\\\\\\"eff$Tuple\\\\\\\". \\\\\\\"elements\\\\\\\": []}\\\". \\\"constructors\\\": [{\\\"tag\\\": \\\"{\\\\\\\"op\\\\\\\": \\\\\\\"eff$Tuple\\\\\\\". \\\\\\\"elements\\\\\\\": []}\\\". \\\"fields\\\": []}]}]. \\\"return\\\": {\\\"op\\\": \\\"Top\\\"}. \\\"purity\\\": \\\"Effectful\\\"}]}\". \"constructors\": [{\"tag\": \"{\\\"op\\\": \\\"eff$Tuple\\\". \\\"elements\\\": [{\\\"op\\\": \\\"Int\\\"}. {\\\"op\\\": \\\"Function\\\". \\\"params\\\": [{\\\"op\\\": \\\"Data\\\". \\\"type_tag\\\": \\\"{\\\\\\\"op\\\\\\\": \\\\\\\"eff$Tuple\\\\\\\". \\\\\\\"elements\\\\\\\": []}\\\". \\\"constructors\\\": [{\\\"tag\\\": \\\"{\\\\\\\"op\\\\\\\": \\\\\\\"eff$Tuple\\\\\\\". \\\\\\\"elements\\\\\\\": []}\\\". \\\"fields\\\": []}]}]. \\\"return\\\": {\\\"op\\\": \\\"Top\\\"}. \\\"purity\\\": \\\"Effectful\\\"}]}\". \"fields\": [{\"op\": \"Int\"}. {\"op\": \"Function\". \"params\": [{\"op\": \"Data\". \"type_tag\": \"{\\\"op\\\": \\\"eff$Tuple\\\". \\\"elements\\\": []}\". \"constructors\": [{\"tag\": \"{\\\"op\\\": \\\"eff$Tuple\\\". \\\"elements\\\": []}\". \"fields\": []}]}]. \"return\": {\"op\": \"Top\"}. \"purity\": \"Effectful\"}]}]}}]}". "constructors": [{"tag": "Empty_4". "fields": []}. {"tag": "Thunk_5". "fields": [{"op": "Data". "type_tag": "{\"op\": \"eff$Tuple\". \"elements\": [{\"op\": \"Int\"}. {\"op\": \"Function\". \"params\": [{\"op\": \"Data\". \"type_tag\": \"{\\\"op\\\": \\\"eff$Tuple\\\". \\\"elements\\\": []}\". \"constructors\": [{\"tag\": \"{\\\"op\\\": \\\"eff$Tuple\\\". \\\"elements\\\": []}\". \"fields\": []}]}]. \"return\": {\"op\": \"Top\"}. \"purity\": \"Effectful\"}]}". "constructors": [{"tag": "{\"op\": \"eff$Tuple\". \"elements\": [{\"op\": \"Int\"}. {\"op\": \"Function\". \"params\": [{\"op\": \"Data\". \"type_tag\": \"{\\\"op\\\": \\\"eff$Tuple\\\". \\\"elements\\\": []}\". \"constructors\": [{\"tag\": \"{\\\"op\\\": \\\"eff$Tuple\\\". \\\"elements\\\": []}\". \"fields\": []}]}]. \"return\": {\"op\": \"Top\"}. \"purity\": \"Effectful\"}]}". "fields": [{"op": "Int"}. {"op": "Function". "params": [{"op": "Data". "type_tag": "{\"op\": \"eff$Tuple\". \"elements\": []}". "constructors": [{"tag": "{\"op\": \"eff$Tuple\". \"elements\": []}". "fields": []}]}]. "return": {"op": "Top"}. "purity": "Effectful"}]}]}]}]}. "purity": "Effectful"}]}). "scrutinee": 0. "clauses": [{"tag": Interned({"op": "eff$Tuple". "elements": [{"op": "Int"}. {"op": "Function". "params": [{"op": "Data". "type_tag": "{\"op\": \"eff$Tuple\". \"elements\": []}". "constructors": [{"tag": "{\"op\": \"eff$Tuple\". \"elements\": []}". "fields": []}]}]. "return": {"op": "Data". "type_tag": "{\"op\": \"eff$Sum\". \"constructors\": [{\"name\": Empty_4. \"arg\": {\"op\": \"Unit\"}}. {\"name\": Thunk_5. \"arg\": {\"op\": \"Data\". \"type_tag\": \"{\\\"op\\\": \\\"eff$Tuple\\\". \\\"elements\\\": [{\\\"op\\\": \\\"Int\\\"}. {\\\"op\\\": \\\"Function\\\". \\\"params\\\": [{\\\"op\\\": \\\"Data\\\". \\\"type_tag\\\": \\\"{\\\\\\\"op\\\\\\\": \\\\\\\"eff$Tuple\\\\\\\". \\\\\\\"elements\\\\\\\": []}\\\". \\\"constructors\\\": [{\\\"tag\\\": \\\"{\\\\\\\"op\\\\\\\": \\\\\\\"eff$Tuple\\\\\\\". \\\\\\\"elements\\\\\\\": []}\\\". \\\"fields\\\": []}]}]. \\\"return\\\": {\\\"op\\\": \\\"Top\\\"}. \\\"purity\\\": \\\"Effectful\\\"}]}\". \"constructors\": [{\"tag\": \"{\\\"op\\\": \\\"eff$Tuple\\\". \\\"elements\\\": [{\\\"op\\\": \\\"Int\\\"}. {\\\"op\\\": \\\"Function\\\". \\\"params\\\": [{\\\"op\\\": \\\"Data\\\". \\\"type_tag\\\": \\\"{\\\\\\\"op\\\\\\\": \\\\\\\"eff$Tuple\\\\\\\". \\\\\\\"elements\\\\\\\": []}\\\". \\\"constructors\\\": [{\\\"tag\\\": \\\"{\\\\\\\"op\\\\\\\": \\\\\\\"eff$Tuple\\\\\\\". \\\\\\\"elements\\\\\\\": []}\\\". \\\"fields\\\": []}]}]. \\\"return\\\": {\\\"op\\\": \\\"Top\\\"}. \\\"purity\\\": \\\"Effectful\\\"}]}\". \"fields\": [{\"op\": \"Int\"}. {\"op\": \"Function\". \"params\": [{\"op\": \"Data\". \"type_tag\": \"{\\\"op\\\": \\\"eff$Tuple\\\". \\\"elements\\\": []}\". \"constructors\": [{\"tag\": \"{\\\"op\\\": \\\"eff$Tuple\\\". \\\"elements\\\": []}\". \"fields\": []}]}]. \"return\": {\"op\": \"Top\"}. \"purity\": \"Effectful\"}]}]}}]}". "constructors": [{"tag": "Empty_4". "fields": []}. {"tag": "Thunk_5". "fields": [{"op": "Data". "type_tag": "{\"op\": \"eff$Tuple\". \"elements\": [{\"op\": \"Int\"}. {\"op\": \"Function\". \"params\": [{\"op\": \"Data\". \"type_tag\": \"{\\\"op\\\": \\\"eff$Tuple\\\". \\\"elements\\\": []}\". \"constructors\": [{\"tag\": \"{\\\"op\\\": \\\"eff$Tuple\\\". \\\"elements\\\": []}\". \"fields\": []}]}]. \"return\": {\"op\": \"Top\"}. \"purity\": \"Effectful\"}]}". "constructors": [{"tag": "{\"op\": \"eff$Tuple\". \"elements\": [{\"op\": \"Int\"}. {\"op\": \"Function\". \"params\": [{\"op\": \"Data\". \"type_tag\": \"{\\\"op\\\": \\\"eff$Tuple\\\". \\\"elements\\\": []}\". \"constructors\": [{\"tag\": \"{\\\"op\\\": \\\"eff$Tuple\\\". \\\"elements\\\": []}\". \"fields\": []}]}]. \"return\": {\"op\": \"Top\"}. \"purity\": \"Effectful\"}]}". "fields": [{"op": "Int"}. {"op": "Function". "params": [{"op": "Data". "type_tag": "{\"op\": \"eff$Tuple\". \"elements\": []}". "constructors": [{"tag": "{\"op\": \"eff$Tuple\". \"elements\": []}". "fields": []}]}]. "return": {"op": "Top"}. "purity": "Effectful"}]}]}]}]}. "purity": "Effectful"}]}). "target": 244. "args": {"num": [1]. "ptr": [0]}}]. "default": {"tag": Interned(2b926574-51e4-4a82-ba1d-f702565eb614#[Missing Tag#819]). "target": 238. "args": {"num": []. "ptr": []}}}')
debug_merge_point(0, 0, '244<main.rpyeffect:236([#641])>+0: {"op": "Push". "target": 243. "args": {"num": [0]. "ptr": [0]}}')
debug_merge_point(0, 0, '244<main.rpyeffect:236([#641])>+1: {"op": "Copy". "type": "num". "from": 1. "to". 0}')
debug_merge_point(0, 0, '244<main.rpyeffect:236([#641])>+2: {"op": "Jump". "target": 143}')
debug_merge_point(0, 0, '143<main.rpyeffect:135(Name(+_27))>+0: {"op": "New". "out": 0. "targets": [136. 138. 140. 142]. "args": {"num": [0]. "ptr": []}}')
debug_merge_point(0, 0, '143<main.rpyeffect:135(Name(+_27))>+1: {"op": "Return". "args": {"num": []. "ptr": [0]}}')
debug_merge_point(0, 0, '243<main.rpyeffect:235([k@[#641]#643])>+0: {"op": "Push". "target": 242. "args": {"num": []. "ptr": [1]}}')
debug_merge_point(0, 0, '243<main.rpyeffect:235([k@[#641]#643])>+1: {"op": "Invoke". "receiver": 0. "tag": Interned(%apply(n):n). "args" : {"num": [0]. "ptr": []}}')
debug_merge_point(0, 0, '136<main.rpyeffect:128([method_%apply(n):n@Name(+_27)#347])>+0: {"op": "Jump". "target": 134}')
debug_merge_point(0, 0, '134<main.rpyeffect:126([mcore:[#23]#343])>+0: {"op": "PrimOp". "name": "infixAdd(Int. Int): Int". "out": {"num": [0]. "ptr": []}. "in": {"num": [1. 0]. "ptr": []}}')
+208: i42 = int_add(i1, i34)
debug_merge_point(0, 0, '134<main.rpyeffect:126([mcore:[#23]#343])>+1: {"op": "Return". "args": {"num": [0]. "ptr": []}}')
debug_merge_point(0, 0, '242<main.rpyeffect:234([k@[k@[#641]#643]#645])>+0: {"op": "Push". "target": 241. "args": {"num": []. "ptr": [0]}}')
debug_merge_point(0, 0, '242<main.rpyeffect:234([k@[k@[#641]#643]#645])>+1: {"op": "Jump". "target": 253}')
debug_merge_point(0, 0, '253<main.rpyeffect:245(Name(sum_69))>+0: {"op": "New". "out": 0. "targets": [250. 252]. "args": {"num": [0]. "ptr": []}}')
debug_merge_point(0, 0, '253<main.rpyeffect:245(Name(sum_69))>+1: {"op": "Return". "args": {"num": []. "ptr": [0]}}')
debug_merge_point(0, 0, '241<main.rpyeffect:233([k@[k@[k@[#641]#643]#645]#647])>+0: {"op": "Construct". "out": 2. "type": Interned({"op": "eff$Tuple". "elements": []}). "tag": Interned({"op": "eff$Tuple". "elements": []}). "args": {"num": []. "ptr": []}}')
debug_merge_point(0, 0, '241<main.rpyeffect:233([k@[k@[k@[#641]#643]#645]#647])>+1: {"op": "Push". "target": 240. "args": {"num": []. "ptr": [0]}}')
debug_merge_point(0, 0, '241<main.rpyeffect:233([k@[k@[k@[#641]#643]#645]#647])>+2: {"op": "Copy". "type": "ptr". "from": 2. "to". 0}')
debug_merge_point(0, 0, '241<main.rpyeffect:233([k@[k@[k@[#641]#643]#645]#647])>+3: {"op": "Invoke". "receiver": 1. "tag": Interned(%apply(p):p). "args" : {"num": []. "ptr": [0]}}')
debug_merge_point(0, 0, '225<main.rpyeffect:217([#588])>+0: {"op": "Jump". "target": 222}')
debug_merge_point(0, 0, '222<main.rpyeffect:214(Name(k_102))>+0: {"op": "PushStack". "arg": 1}')
debug_merge_point(0, 0, '222<main.rpyeffect:214(Name(k_102))>+1: {"op": "Return". "args": {"num": []. "ptr": [0]}}')
+212: guard_nonnull(p32, descr=<Guard0x150484360>) [p0, i1, i2, i3, i4, i5, i6, i7, i8, i9, i10, i11, i12, i13, i14, i15, i16, p17, p18, p19, p20, p21, p22, p23, p24, p25, p26, p27, p28, p29, p30, p31, p32, p33, i34, p35, p36, p37]
+220: i43 = getfield_gc_i(p32, descr=<FieldS rpyeffect.stored_environment.Stack__arb_arb.inst_target 16 pure>)
+224: guard_value(i43, 216, descr=<Guard0x1504843a0>) [p0, i1, i2, i3, i4, i5, i6, i7, i8, i9, i10, i11, i12, i13, i14, i15, i16, p17, p18, p19, p20, p21, p22, p23, p24, p25, p26, p27, p28, p29, p30, p31, p32, p33, i34, p35, p36, p37]
debug_merge_point(0, 0, '215<main.rpyeffect:207([k@[k@[#555]#560]#568])>+0: {"op": "Const". "type": "ptr". "out": 0. "format": "string". "value": "Name(Yield_0)"}')
debug_merge_point(0, 0, '215<main.rpyeffect:207([k@[k@[#555]#560]#568])>+1: {"op": "PrimOp". "name": "getGlobal(String): Ptr". "out": {"num": []. "ptr": [0]}. "in": {"num": []. "ptr": [0]}}')
debug_merge_point(0, 0, '215<main.rpyeffect:207([k@[k@[#555]#560]#568])>+2: {"op": "Swap". "type": "ptr". "a": 0. "b". 1}')
debug_merge_point(0, 0, '215<main.rpyeffect:207([k@[k@[#555]#560]#568])>+3: {"op": "Jump". "target": 221}')
debug_merge_point(0, 0, '221<main.rpyeffect:213(Name(iterate_56))>+0: {"op": "Match". "type": Interned({"op": "eff$Sum". "constructors": [{"name": Leaf_2. "arg": {"op": "Unit"}}]}). "scrutinee": 0. "clauses": [{"tag": Interned(Leaf_2). "target": 220. "args": {"num": []. "ptr": []}}]. "default": {"tag": Interned(2b926574-51e4-4a82-ba1d-f702565eb614#[Missing Tag#818]). "target": 219. "args": {"num": []. "ptr": []}}}')
+236: p45 = getfield_gc_r(p17, descr=<FieldP rpyeffect.stored_environment.Data__arb_arb.inst_tag 8>)
+244: guard_value(p45, ConstPtr(ptr46), descr=<Guard0x1504843e0>) [p0, i1, i2, i3, i4, i5, i6, i7, i8, i9, i10, i11, i12, i13, i14, i15, i16, p17, p18, p19, p20, p21, p22, p23, p24, p25, p26, p27, p28, p29, p30, p31, p32, p33, i34, p35, p36, p37]
debug_merge_point(0, 0, '219<main.rpyeffect:211([match_def@Name(iterate_56)#547])>+0: {"op": "Match". "type": Interned({"op": "eff$Sum". "constructors": [{"name": Node_3. "arg": {"op": "Unit"}}]}). "scrutinee": 0. "clauses": [{"tag": Interned(Node_3). "target": 218. "args": {"num": []. "ptr": [0]}}]. "default": {"tag": Interned(2b926574-51e4-4a82-ba1d-f702565eb614#[Missing Tag#817]). "target": 213. "args": {"num": []. "ptr": []}}}')
+252: p47 = getfield_gc_r(p17, descr=<FieldP rpyeffect.stored_environment.Data__0_1.inst_values_ptr_0 32 pure>)
debug_merge_point(0, 0, '218<main.rpyeffect:210([#551])>+0: {"op": "Match". "type": Interned({"op": "eff$Tuple". "elements": [{"op": "Data". "type_tag": "{\"op\": \"eff$Sum\". \"constructors\": [{\"name\": Leaf_2. \"arg\": {\"op\": \"Unit\"}}. {\"name\": Node_3. \"arg\": {\"op\": \"Data\". \"type_tag\": \"{\\\"op\\\": \\\"eff$Tuple\\\". \\\"elements\\\": [{\\\"op\\\": \\\"Top\\\"}. {\\\"op\\\": \\\"Int\\\"}. {\\\"op\\\": \\\"Top\\\"}]}\". \"constructors\": [{\"tag\": \"{\\\"op\\\": \\\"eff$Tuple\\\". \\\"elements\\\": [{\\\"op\\\": \\\"Top\\\"}. {\\\"op\\\": \\\"Int\\\"}. {\\\"op\\\": \\\"Top\\\"}]}\". \"fields\": [{\"op\": \"Top\"}. {\"op\": \"Int\"}. {\"op\": \"Top\"}]}]}}]}". "constructors": [{"tag": "Leaf_2". "fields": []}. {"tag": "Node_3". "fields": [{"op": "Data". "type_tag": "{\"op\": \"eff$Tuple\". \"elements\": [{\"op\": \"Top\"}. {\"op\": \"Int\"}. {\"op\": \"Top\"}]}". "constructors": [{"tag": "{\"op\": \"eff$Tuple\". \"elements\": [{\"op\": \"Top\"}. {\"op\": \"Int\"}. {\"op\": \"Top\"}]}". "fields": [{"op": "Top"}. {"op": "Int"}. {"op": "Top"}]}]}]}]}. {"op": "Int"}. {"op": "Data". "type_tag": "{\"op\": \"eff$Sum\". \"constructors\": [{\"name\": Leaf_2. \"arg\": {\"op\": \"Unit\"}}. {\"name\": Node_3. \"arg\": {\"op\": \"Data\". \"type_tag\": \"{\\\"op\\\": \\\"eff$Tuple\\\". \\\"elements\\\": [{\\\"op\\\": \\\"Top\\\"}. {\\\"op\\\": \\\"Int\\\"}. {\\\"op\\\": \\\"Top\\\"}]}\". \"constructors\": [{\"tag\": \"{\\\"op\\\": \\\"eff$Tuple\\\". \\\"elements\\\": [{\\\"op\\\": \\\"Top\\\"}. {\\\"op\\\": \\\"Int\\\"}. {\\\"op\\\": \\\"Top\\\"}]}\". \"fields\": [{\"op\": \"Top\"}. {\"op\": \"Int\"}. {\"op\": \"Top\"}]}]}}]}". "constructors": [{"tag": "Leaf_2". "fields": []}. {"tag": "Node_3". "fields": [{"op": "Data". "type_tag": "{\"op\": \"eff$Tuple\". \"elements\": [{\"op\": \"Top\"}. {\"op\": \"Int\"}. {\"op\": \"Top\"}]}". "constructors": [{"tag": "{\"op\": \"eff$Tuple\". \"elements\": [{\"op\": \"Top\"}. {\"op\": \"Int\"}. {\"op\": \"Top\"}]}". "fields": [{"op": "Top"}. {"op": "Int"}. {"op": "Top"}]}]}]}]}]}). "scrutinee": 0. "clauses": [{"tag": Interned({"op": "eff$Tuple". "elements": [{"op": "Data". "type_tag": "{\"op\": \"eff$Sum\". \"constructors\": [{\"name\": Leaf_2. \"arg\": {\"op\": \"Unit\"}}. {\"name\": Node_3. \"arg\": {\"op\": \"Data\". \"type_tag\": \"{\\\"op\\\": \\\"eff$Tuple\\\". \\\"elements\\\": [{\\\"op\\\": \\\"Top\\\"}. {\\\"op\\\": \\\"Int\\\"}. {\\\"op\\\": \\\"Top\\\"}]}\". \"constructors\": [{\"tag\": \"{\\\"op\\\": \\\"eff$Tuple\\\". \\\"elements\\\": [{\\\"op\\\": \\\"Top\\\"}. {\\\"op\\\": \\\"Int\\\"}. {\\\"op\\\": \\\"Top\\\"}]}\". \"fields\": [{\"op\": \"Top\"}. {\"op\": \"Int\"}. {\"op\": \"Top\"}]}]}}]}". "constructors": [{"tag": "Leaf_2". "fields": []}. {"tag": "Node_3". "fields": [{"op": "Data". "type_tag": "{\"op\": \"eff$Tuple\". \"elements\": [{\"op\": \"Top\"}. {\"op\": \"Int\"}. {\"op\": \"Top\"}]}". "constructors": [{"tag": "{\"op\": \"eff$Tuple\". \"elements\": [{\"op\": \"Top\"}. {\"op\": \"Int\"}. {\"op\": \"Top\"}]}". "fields": [{"op": "Top"}. {"op": "Int"}. {"op": "Top"}]}]}]}]}. {"op": "Int"}. {"op": "Data". "type_tag": "{\"op\": \"eff$Sum\". \"constructors\": [{\"name\": Leaf_2. \"arg\": {\"op\": \"Unit\"}}. {\"name\": Node_3. \"arg\": {\"op\": \"Data\". \"type_tag\": \"{\\\"op\\\": \\\"eff$Tuple\\\". \\\"elements\\\": [{\\\"op\\\": \\\"Top\\\"}. {\\\"op\\\": \\\"Int\\\"}. {\\\"op\\\": \\\"Top\\\"}]}\". \"constructors\": [{\"tag\": \"{\\\"op\\\": \\\"eff$Tuple\\\". \\\"elements\\\": [{\\\"op\\\": \\\"Top\\\"}. {\\\"op\\\": \\\"Int\\\"}. {\\\"op\\\": \\\"Top\\\"}]}\". \"fields\": [{\"op\": \"Top\"}. {\"op\": \"Int\"}. {\"op\": \"Top\"}]}]}}]}". "constructors": [{"tag": "Leaf_2". "fields": []}. {"tag": "Node_3". "fields": [{"op": "Data". "type_tag": "{\"op\": \"eff$Tuple\". \"elements\": [{\"op\": \"Top\"}. {\"op\": \"Int\"}. {\"op\": \"Top\"}]}". "constructors": [{"tag": "{\"op\": \"eff$Tuple\". \"elements\": [{\"op\": \"Top\"}. {\"op\": \"Int\"}. {\"op\": \"Top\"}]}". "fields": [{"op": "Top"}. {"op": "Int"}. {"op": "Top"}]}]}]}]}]}). "target": 217. "args": {"num": [0]. "ptr": [0. 1]}}]. "default": {"tag": Interned(2b926574-51e4-4a82-ba1d-f702565eb614#[Missing Tag#816]). "target": 214. "args": {"num": []. "ptr": []}}}')
+256: p48 = getfield_gc_r(p47, descr=<FieldP rpyeffect.stored_environment.Data__arb_arb.inst_tag 8>)
+264: guard_value(p48, ConstPtr(ptr49), descr=<Guard0x150484420>) [p0, i1, i2, i3, i4, i5, i6, i7, i8, i9, i10, i11, i12, i13, i14, i15, i16, p17, p18, p19, p20, p21, p22, p23, p24, p25, p26, p27, p28, p29, p30, p31, p32, p33, i34, p35, p36, p37]
+272: i50 = getfield_gc_i(p47, descr=<FieldS rpyeffect.stored_environment.Data__1_2.inst_values_num_0 32 pure>)
+276: p51 = getfield_gc_r(p47, descr=<FieldP rpyeffect.stored_environment.Data__1_2.inst_values_ptr_0 40 pure>)
+280: p52 = getfield_gc_r(p47, descr=<FieldP rpyeffect.stored_environment.Data__1_2.inst_values_ptr_1 48 pure>)
debug_merge_point(0, 0, '217<main.rpyeffect:209([#555])>+0: {"op": "Const". "type": "ptr". "out": 2. "format": "string". "value": "Name(Yield_0)"}')
debug_merge_point(0, 0, '217<main.rpyeffect:209([#555])>+1: {"op": "PrimOp". "name": "getGlobal(String): Ptr". "out": {"num": []. "ptr": [2]}. "in": {"num": []. "ptr": [2]}}')
debug_merge_point(0, 0, '217<main.rpyeffect:209([#555])>+2: {"op": "Push". "target": 216. "args": {"num": [0]. "ptr": [1]}}')
debug_merge_point(0, 0, '217<main.rpyeffect:209([#555])>+3: {"op": "Copy". "type": "ptr". "from": 2. "to". 1}')
+284: p53 = new_with_vtable(descr=<SizeDescr 40>)
+388: p54 = new_with_vtable(descr=<SizeDescr 48>)
+400: p55 = new_with_vtable(descr=<SizeDescr 40>)
+412: p56 = new_with_vtable(descr=<SizeDescr 40>)
+424: p57 = new_with_vtable(descr=<SizeDescr 40>)
+436: p58 = new_with_vtable(descr=<SizeDescr 40>)
+448: setfield_gc(p58, p35, descr=<FieldP rpyeffect.stored_environment.Stack__arb_arb.inst_tail 8 pure>)
+452: setfield_gc(p58, 239, descr=<FieldS rpyeffect.stored_environment.Stack__arb_arb.inst_target 16 pure>)
+460: setfield_gc(p57, p58, descr=<FieldP rpyeffect.stored_environment.Stack__arb_arb.inst_tail 8 pure>)
+464: setfield_gc(p57, 251, descr=<FieldS rpyeffect.stored_environment.Stack__arb_arb.inst_target 16 pure>)
+472: setfield_gc(p56, p57, descr=<FieldP rpyeffect.stored_environment.Stack__arb_arb.inst_tail 8 pure>)
+476: setfield_gc(p56, 239, descr=<FieldS rpyeffect.stored_environment.Stack__arb_arb.inst_target 16 pure>)
+484: setfield_gc(p55, p56, descr=<FieldP rpyeffect.stored_environment.Stack__arb_arb.inst_tail 8 pure>)
+488: setfield_gc(p55, 251, descr=<FieldS rpyeffect.stored_environment.Stack__arb_arb.inst_target 16 pure>)
+496: setfield_gc(p54, p55, descr=<FieldP rpyeffect.stored_environment.Stack__arb_arb.inst_tail 8 pure>)
+500: setfield_gc(p54, 240, descr=<FieldS rpyeffect.stored_environment.Stack__arb_arb.inst_target 16 pure>)
+508: p64 = new_with_vtable(descr=<SizeDescr 40>)
+524: setfield_gc(p64, ConstPtr(ptr65), descr=<FieldP rpyeffect.stored_environment.CoData__arb_arb.inst_vtable 24 pure>)
+528: setfield_gc(p64, i42, descr=<FieldS rpyeffect.stored_environment.CoData__1_0.inst_values_num_0 32 pure>)
+532: setfield_gc(p54, p64, descr=<FieldP rpyeffect.stored_environment.Stack__0_1.inst_values_ptr_0 40 pure>)
+536: setfield_gc(p53, p54, descr=<FieldP rpyeffect.stack.MetaStackLike.inst_stack 8 pure>)
+540: setfield_gc(p53, p37, descr=<FieldP rpyeffect.stack.MetaStack.inst_label 16 pure>)
+548: setfield_gc(p53, ConstPtr(null), descr=<FieldP rpyeffect.stack.MetaStack.inst_region 24 pure>)
+556: setfield_gc(p53, p36, descr=<FieldP rpyeffect.stack.MetaStack.inst_tail 32 pure>)
+660: jump(p31, p32, i50, p52, p0, p53, p33, i1, i3, i4, i5, i6, i7, i8, i9, i10, i11, i12, i13, i14, i15, i16, p51, p18, p19, p20, p21, p22, p23, p24, p25, p26, p27, p28, p29, p30, descr=TargetToken(5641263072))
+988: --end of the loop--
[1178fb5] jit-log-opt-bridge}
[f248ea94] {jit-log-opt-loop
# Loop 7 (239<main.rpyeffect:231([#653])>+0: {"op": "PrimOp", "name": "box(Num): Ptr", "out": {"num": [], "ptr": [0]}, "in": {"num": [0], "ptr": []}}) : loop with 68 ops
[p0, p1, p2, p3, p4]
+248: p5 = getfield_gc_r(p2, descr=<FieldP rpyeffect.environment.Environment.inst_values_num 16>)
+256: i7 = getarrayitem_gc_i(p5, 0, descr=<ArrayS 8>)
+260: i9 = getarrayitem_gc_i(p5, 1, descr=<ArrayS 8>)
+264: i11 = getarrayitem_gc_i(p5, 2, descr=<ArrayS 8>)
+268: i13 = getarrayitem_gc_i(p5, 3, descr=<ArrayS 8>)
+272: i15 = getarrayitem_gc_i(p5, 4, descr=<ArrayS 8>)
+276: i17 = getarrayitem_gc_i(p5, 5, descr=<ArrayS 8>)
+280: i19 = getarrayitem_gc_i(p5, 6, descr=<ArrayS 8>)
+284: i21 = getarrayitem_gc_i(p5, 7, descr=<ArrayS 8>)
+288: i23 = getarrayitem_gc_i(p5, 8, descr=<ArrayS 8>)
+292: i25 = getarrayitem_gc_i(p5, 9, descr=<ArrayS 8>)
+296: i27 = getarrayitem_gc_i(p5, 10, descr=<ArrayS 8>)
+300: i29 = getarrayitem_gc_i(p5, 11, descr=<ArrayS 8>)
+304: i31 = getarrayitem_gc_i(p5, 12, descr=<ArrayS 8>)
+308: i33 = getarrayitem_gc_i(p5, 13, descr=<ArrayS 8>)
+312: i35 = getarrayitem_gc_i(p5, 14, descr=<ArrayS 8>)
+320: i37 = getarrayitem_gc_i(p5, 15, descr=<ArrayS 8>)
+324: p38 = getfield_gc_r(p2, descr=<FieldP rpyeffect.environment.Environment.inst_values_ptr 24>)
+328: p40 = getarrayitem_gc_r(p38, 0, descr=<ArrayP 8>)
+336: p42 = getarrayitem_gc_r(p38, 1, descr=<ArrayP 8>)
+344: p44 = getarrayitem_gc_r(p38, 2, descr=<ArrayP 8>)
+352: p46 = getarrayitem_gc_r(p38, 3, descr=<ArrayP 8>)
+360: p48 = getarrayitem_gc_r(p38, 4, descr=<ArrayP 8>)
+368: p50 = getarrayitem_gc_r(p38, 5, descr=<ArrayP 8>)
+376: p52 = getarrayitem_gc_r(p38, 6, descr=<ArrayP 8>)
+384: p54 = getarrayitem_gc_r(p38, 7, descr=<ArrayP 8>)
+392: p56 = getarrayitem_gc_r(p38, 8, descr=<ArrayP 8>)
+400: p58 = getarrayitem_gc_r(p38, 9, descr=<ArrayP 8>)
+408: p60 = getarrayitem_gc_r(p38, 10, descr=<ArrayP 8>)
+416: p62 = getarrayitem_gc_r(p38, 11, descr=<ArrayP 8>)
+424: p64 = getarrayitem_gc_r(p38, 12, descr=<ArrayP 8>)
+432: p66 = getarrayitem_gc_r(p38, 13, descr=<ArrayP 8>)
+440: p68 = getarrayitem_gc_r(p38, 14, descr=<ArrayP 8>)
+448: p70 = getarrayitem_gc_r(p38, 15, descr=<ArrayP 8>)
+452: label(p0, p1, p2, p3, p4, i7, i9, i11, i13, i15, i17, i19, i21, i23, i25, i27, i29, i31, i33, i35, i37, p40, p42, p44, p46, p48, p50, p52, p54, p56, p58, p60, p62, p64, p66, p68, p70, descr=TargetToken(5641756704))
debug_merge_point(0, 0, '239<main.rpyeffect:231([#653])>+0: {"op": "PrimOp". "name": "box(Num): Ptr". "out": {"num": []. "ptr": [0]}. "in": {"num": [0]. "ptr": []}}')
+516: guard_not_invalidated(descr=<Guard0x1504823e8>) [p2, i7, i9, i11, i13, i15, i17, i19, i21, i23, i25, i27, i29, i31, i33, i35, i37, p40, p42, p44, p46, p48, p50, p52, p54, p56, p58, p60, p62, p64, p66, p68, p70, p0, p1, p3, p4]
debug_merge_point(0, 0, '239<main.rpyeffect:231([#653])>+1: {"op": "Return". "args": {"num": []. "ptr": [0]}}')
+520: guard_nonnull(p1, descr=<Guard0x1504849e0>) [p2, i7, i9, i11, i13, i15, i17, i19, i21, i23, i25, i27, i29, i31, i33, i35, i37, p40, p42, p44, p46, p48, p50, p52, p54, p56, p58, p60, p62, p64, p66, p68, p70, p0, p1, p3, p4]
+532: i71 = getfield_gc_i(p1, descr=<FieldS rpyeffect.stored_environment.Stack__arb_arb.inst_target 16 pure>)
+540: guard_value(i71, 251, descr=<Guard0x1504849a0>) [p2, i7, i9, i11, i13, i15, i17, i19, i21, i23, i25, i27, i29, i31, i33, i35, i37, p40, p42, p44, p46, p48, p50, p52, p54, p56, p58, p60, p62, p64, p66, p68, p70, p0, p1, p3, p4]
+552: p73 = getfield_gc_r(p1, descr=<FieldP rpyeffect.stored_environment.Stack__arb_arb.inst_tail 8 pure>)
debug_merge_point(0, 0, '251<main.rpyeffect:243([k@[method_%apply(p):n@Name(sum_69)#666]#668])>+0: {"op": "PrimOp". "name": "unbox(Ptr): Num". "out": {"num": [0]. "ptr": []}. "in": {"num": []. "ptr": [0]}}')
debug_merge_point(0, 0, '251<main.rpyeffect:243([k@[method_%apply(p):n@Name(sum_69)#666]#668])>+1: {"op": "Return". "args": {"num": [0]. "ptr": []}}')
+556: guard_nonnull(p73, descr=<Guard0x150484960>) [p2, i7, i9, i11, i13, i15, i17, i19, i21, i23, i25, i27, i29, i31, i33, i35, i37, p40, p42, p44, p46, p48, p50, p52, p54, p56, p58, p60, p62, p64, p66, p68, p70, p0, p1, p3, p4]
+564: i74 = getfield_gc_i(p73, descr=<FieldS rpyeffect.stored_environment.Stack__arb_arb.inst_target 16 pure>)
+568: guard_value(i74, 239, descr=<Guard0x150484920>) [p2, i7, i9, i11, i13, i15, i17, i19, i21, i23, i25, i27, i29, i31, i33, i35, i37, p40, p42, p44, p46, p48, p50, p52, p54, p56, p58, p60, p62, p64, p66, p68, p70, p0, p1, p3, p4]
+580: p76 = getfield_gc_r(p73, descr=<FieldP rpyeffect.stored_environment.Stack__arb_arb.inst_tail 8 pure>)
+584: guard_nonnull(p76, descr=<Guard0x1504848e0>) [p2, i7, i9, i11, i13, i15, i17, i19, i21, i23, i25, i27, i29, i31, i33, i35, i37, p40, p42, p44, p46, p48, p50, p52, p54, p56, p58, p60, p62, p64, p66, p68, p70, p0, p1, p3, p4]
+592: i77 = getfield_gc_i(p76, descr=<FieldS rpyeffect.stored_environment.Stack__arb_arb.inst_target 16 pure>)
+596: guard_value(i77, 251, descr=<Guard0x1504848a0>) [p2, i7, i9, i11, i13, i15, i17, i19, i21, i23, i25, i27, i29, i31, i33, i35, i37, p40, p42, p44, p46, p48, p50, p52, p54, p56, p58, p60, p62, p64, p66, p68, p70, p0, p1, p3, p4]
debug_merge_point(0, 0, '239<main.rpyeffect:231([#653])>+0: {"op": "PrimOp". "name": "box(Num): Ptr". "out": {"num": []. "ptr": [0]}. "in": {"num": [0]. "ptr": []}}')
+608: label(p0, p76, p2, p3, p4, i7, i9, i11, i13, i15, i17, i19, i21, i23, i25, i27, i29, i31, i33, i35, i37, p42, p44, p46, p48, p50, p52, p54, p56, p58, p60, p62, p64, p66, p68, p70, descr=TargetToken(5641756864))
debug_merge_point(0, 0, '239<main.rpyeffect:231([#653])>+0: {"op": "PrimOp". "name": "box(Num): Ptr". "out": {"num": []. "ptr": [0]}. "in": {"num": [0]. "ptr": []}}')
+608: guard_not_invalidated(descr=<Guard0x150482390>) [p2, i7, i9, i11, i13, i15, i17, i19, i21, i23, i25, i27, i29, i31, i33, i35, i37, p42, p44, p46, p48, p50, p52, p54, p56, p58, p60, p62, p64, p66, p68, p70, p0, p76, p3, p4]
debug_merge_point(0, 0, '239<main.rpyeffect:231([#653])>+1: {"op": "Return". "args": {"num": []. "ptr": [0]}}')
+612: p79 = getfield_gc_r(p76, descr=<FieldP rpyeffect.stored_environment.Stack__arb_arb.inst_tail 8 pure>)
debug_merge_point(0, 0, '251<main.rpyeffect:243([k@[method_%apply(p):n@Name(sum_69)#666]#668])>+0: {"op": "PrimOp". "name": "unbox(Ptr): Num". "out": {"num": [0]. "ptr": []}. "in": {"num": []. "ptr": [0]}}')
debug_merge_point(0, 0, '251<main.rpyeffect:243([k@[method_%apply(p):n@Name(sum_69)#666]#668])>+1: {"op": "Return". "args": {"num": [0]. "ptr": []}}')
+616: guard_nonnull(p79, descr=<Guard0x150484860>) [p2, i7, i9, i11, i13, i15, i17, i19, i21, i23, i25, i27, i29, i31, i33, i35, i37, p42, p44, p46, p48, p50, p52, p54, p56, p58, p60, p62, p64, p66, p68, p70, p0, p76, p3, p4]
+624: i80 = getfield_gc_i(p79, descr=<FieldS rpyeffect.stored_environment.Stack__arb_arb.inst_target 16 pure>)
+628: guard_value(i80, 239, descr=<Guard0x150484820>) [p2, i7, i9, i11, i13, i15, i17, i19, i21, i23, i25, i27, i29, i31, i33, i35, i37, p42, p44, p46, p48, p50, p52, p54, p56, p58, p60, p62, p64, p66, p68, p70, p0, p76, p3, p4]
+640: p82 = getfield_gc_r(p79, descr=<FieldP rpyeffect.stored_environment.Stack__arb_arb.inst_tail 8 pure>)
+644: guard_nonnull(p82, descr=<Guard0x1504847e0>) [p2, i7, i9, i11, i13, i15, i17, i19, i21, i23, i25, i27, i29, i31, i33, i35, i37, p42, p44, p46, p48, p50, p52, p54, p56, p58, p60, p62, p64, p66, p68, p70, p0, p76, p3, p4]
+652: i83 = getfield_gc_i(p82, descr=<FieldS rpyeffect.stored_environment.Stack__arb_arb.inst_target 16 pure>)
+656: guard_value(i83, 251, descr=<Guard0x1504847a0>) [p2, i7, i9, i11, i13, i15, i17, i19, i21, i23, i25, i27, i29, i31, i33, i35, i37, p42, p44, p46, p48, p50, p52, p54, p56, p58, p60, p62, p64, p66, p68, p70, p0, p76, p3, p4]
debug_merge_point(0, 0, '239<main.rpyeffect:231([#653])>+0: {"op": "PrimOp". "name": "box(Num): Ptr". "out": {"num": []. "ptr": [0]}. "in": {"num": [0]. "ptr": []}}')
+668: jump(p0, p82, p2, p3, p4, i7, i9, i11, i13, i15, i17, i19, i21, i23, i25, i27, i29, i31, i33, i35, i37, p42, p44, p46, p48, p50, p52, p54, p56, p58, p60, p62, p64, p66, p68, p70, descr=TargetToken(5641756864))
+676: --end of the loop--
[f24aebed] jit-log-opt-loop}
[f7c7d815] {jit-summary
Tracing:      	7	0.004340
Backend:      	7	0.003642
TOTAL:      		4.214495
ops:             	13961
heapcached ops:  	1514
recorded ops:    	3702
  calls:         	2188
guards:          	490
opt ops:         	547
opt guards:      	79
opt guards shared:	66
forcings:        	0
abort: trace too long:	0
abort: compiling:	0
abort: vable escape:	0
abort: bad loop: 	0
abort: force quasi-immut:	0
abort: segmenting trace:	0
virtualizables forced:	0
nvirtuals:       	17
nvholes:         	0
nvreused:        	0
vecopt tried:    	0
vecopt success:  	0
Total # of loops:	5
Total # of bridges:	2
Freed # of loops:	0
Freed # of bridges:	0
[f7c80da1] jit-summary}
