[7723a24] {jit-log-opt-loop
# Loop 1 (5041<main.rpyeffect:44([switch default case#92])>+0: {"op": "Const", "type": "num", "out": 2, "value": 0}) : loop with 307 ops
[p0, p1, p2, p3]
+376: p4 = getfield_gc_r(p2, descr=<FieldP rpyeffect.environment.Environment.inst_values_num 16>)
+384: i6 = getarrayitem_gc_i(p4, 0, descr=<ArrayS 8>)
+388: i8 = getarrayitem_gc_i(p4, 1, descr=<ArrayS 8>)
+392: i10 = getarrayitem_gc_i(p4, 2, descr=<ArrayS 8>)
+396: i12 = getarrayitem_gc_i(p4, 3, descr=<ArrayS 8>)
+400: i14 = getarrayitem_gc_i(p4, 4, descr=<ArrayS 8>)
+404: i16 = getarrayitem_gc_i(p4, 5, descr=<ArrayS 8>)
+408: i18 = getarrayitem_gc_i(p4, 6, descr=<ArrayS 8>)
+412: i20 = getarrayitem_gc_i(p4, 7, descr=<ArrayS 8>)
+416: i22 = getarrayitem_gc_i(p4, 8, descr=<ArrayS 8>)
+420: i24 = getarrayitem_gc_i(p4, 9, descr=<ArrayS 8>)
+424: i26 = getarrayitem_gc_i(p4, 10, descr=<ArrayS 8>)
+428: i28 = getarrayitem_gc_i(p4, 11, descr=<ArrayS 8>)
+432: i30 = getarrayitem_gc_i(p4, 12, descr=<ArrayS 8>)
+436: i32 = getarrayitem_gc_i(p4, 13, descr=<ArrayS 8>)
+440: i34 = getarrayitem_gc_i(p4, 14, descr=<ArrayS 8>)
+448: i36 = getarrayitem_gc_i(p4, 15, descr=<ArrayS 8>)
+452: p37 = getfield_gc_r(p2, descr=<FieldP rpyeffect.environment.Environment.inst_values_ptr 24>)
+456: p39 = getarrayitem_gc_r(p37, 0, descr=<ArrayP 8>)
+464: p41 = getarrayitem_gc_r(p37, 1, descr=<ArrayP 8>)
+472: p43 = getarrayitem_gc_r(p37, 2, descr=<ArrayP 8>)
+480: p45 = getarrayitem_gc_r(p37, 3, descr=<ArrayP 8>)
+488: p47 = getarrayitem_gc_r(p37, 4, descr=<ArrayP 8>)
+496: p49 = getarrayitem_gc_r(p37, 5, descr=<ArrayP 8>)
+504: p51 = getarrayitem_gc_r(p37, 6, descr=<ArrayP 8>)
+512: p53 = getarrayitem_gc_r(p37, 7, descr=<ArrayP 8>)
+520: p55 = getarrayitem_gc_r(p37, 8, descr=<ArrayP 8>)
+528: p57 = getarrayitem_gc_r(p37, 9, descr=<ArrayP 8>)
+536: p59 = getarrayitem_gc_r(p37, 10, descr=<ArrayP 8>)
+544: p61 = getarrayitem_gc_r(p37, 11, descr=<ArrayP 8>)
+552: p63 = getarrayitem_gc_r(p37, 12, descr=<ArrayP 8>)
+560: p65 = getarrayitem_gc_r(p37, 13, descr=<ArrayP 8>)
+568: p67 = getarrayitem_gc_r(p37, 14, descr=<ArrayP 8>)
+576: p69 = getarrayitem_gc_r(p37, 15, descr=<ArrayP 8>)
+580: label(p0, p1, p2, p3, i6, i8, i10, i12, i14, i16, i18, i20, i22, i24, i26, i28, i30, i32, i34, i36, p39, p41, p43, p45, p47, p49, p51, p53, p55, p57, p59, p61, p63, p65, p67, p69, descr=TargetToken(5775646560))
debug_merge_point(0, 0, '5041<main.rpyeffect:44([switch default case#92])>+0: {"op": "Const". "type": "num". "out": 2. "value": 0}')
+640: guard_not_invalidated(descr=<Guard0x148675f10>) [p2, i6, i8, i10, i12, i14, i16, i18, i20, i22, i24, i26, i28, i30, i32, i34, i36, p39, p41, p43, p45, p47, p49, p51, p53, p55, p57, p59, p61, p63, p65, p67, p69, p0, p1, p3]
debug_merge_point(0, 0, '5041<main.rpyeffect:44([switch default case#92])>+1: {"op": "PrimOp". "name": "infixEq(Int. Int): Boolean". "out": {"num": [2]. "ptr": []}. "in": {"num": [0. 2]. "ptr": []}}')
+644: i71 = int_eq(i6, 0)
guard_false(i71, descr=<Guard0x158440a20>) [p2, i6, i8, i10, i12, i14, i16, i18, i20, i22, i24, i26, i28, i30, i32, i34, i36, p39, p41, p43, p45, p47, p49, p51, p53, p55, p57, p59, p61, p63, p65, p67, p69, p0, p1, p3]
debug_merge_point(0, 0, '5041<main.rpyeffect:44([switch default case#92])>+2: {"op": "Switch". "scrutinee": 2. "values": [0]. "targets": [5039]. "default": 5040}')
+652: guard_nonnull(p1, descr=<Guard0x158440a60>) [p2, i6, i8, i10, i12, i14, i16, i18, i20, i22, i24, i26, i28, i30, i32, i34, i36, p39, p41, p43, p45, p47, p49, p51, p53, p55, p57, p59, p61, p63, p65, p67, p69, p0, p1, p3]
+664: i72 = getfield_gc_i(p1, descr=<FieldS rpyeffect.stored_environment.Stack__arb_arb.inst_target 16 pure>)
+672: guard_value(i72, 5082, descr=<Guard0x158440aa0>) [p2, i6, i8, i10, i12, i14, i16, i18, i20, i22, i24, i26, i28, i30, i32, i34, i36, p39, p41, p43, p45, p47, p49, p51, p53, p55, p57, p59, p61, p63, p65, p67, p69, p0, p1, p3]
debug_merge_point(0, 0, '5039<main.rpyeffect:42([switch case for 0#96])>+0: {"op": "Const". "type": "num". "out": 2. "value": 0}')
debug_merge_point(0, 0, '5039<main.rpyeffect:42([switch case for 0#96])>+1: {"op": "Const". "type": "ptr". "out": 0. "format": "string". "value": "Name(import$std/core/hnd)"}')
debug_merge_point(0, 0, '5039<main.rpyeffect:42([switch case for 0#96])>+2: {"op": "PrimOp". "name": "getGlobal(String): Ptr". "out": {"num": []. "ptr": [0]}. "in": {"num": []. "ptr": [0]}}')
debug_merge_point(0, 0, '5039<main.rpyeffect:42([switch case for 0#96])>+3: {"op": "Push". "target": 5038. "args": {"num": [2. 0. 1]. "ptr": []}}')
debug_merge_point(0, 0, '5039<main.rpyeffect:42([switch case for 0#96])>+4: {"op": "Jump". "target": 5024}')
debug_merge_point(0, 0, '5024<main.rpyeffect:27([mcore:[#103]#83])>+0: {"op": "Const". "type": "ptr". "out": 0. "format": "string". "value": "Name(import$std/core/hnd)"}')
debug_merge_point(0, 0, '5024<main.rpyeffect:27([mcore:[#103]#83])>+1: {"op": "PrimOp". "name": "getGlobal(String): Ptr". "out": {"num": []. "ptr": [0]}. "in": {"num": []. "ptr": [0]}}')
debug_merge_point(0, 0, '5024<main.rpyeffect:27([mcore:[#103]#83])>+2: {"op": "CallLib". "lib": "0". "symbol": "getCurrentEvv"}')
debug_merge_point(0, 0, '301<std_core_hnd.rpyeffect:0(Name(getCurrentEvv))>+0: {"op": "Const". "type": "ptr". "out": 0. "format": "string". "value": "current-evv"}')
debug_merge_point(0, 0, '301<std_core_hnd.rpyeffect:0(Name(getCurrentEvv))>+1: {"op": "PrimOp". "name": "getGlobal(String): Ptr". "out": {"num": []. "ptr": [0]}. "in": {"num": []. "ptr": [0]}}')
debug_merge_point(0, 0, '301<std_core_hnd.rpyeffect:0(Name(getCurrentEvv))>+2: {"op": "PrimOp". "name": "getRef(Ref[Ptr]): Ptr". "out": {"num": []. "ptr": [0]}. "in": {"num": []. "ptr": [0]}}')
+688: p75 = getfield_gc_r(ConstPtr(ptr74), descr=<FieldP rpyeffect.region.PtrRef.inst_value 8>)
debug_merge_point(0, 0, '301<std_core_hnd.rpyeffect:0(Name(getCurrentEvv))>+3: {"op": "Return". "args": {"num": []. "ptr": [0]}}')
debug_merge_point(0, 0, '5038<main.rpyeffect:41([k@[switch case for 0#96]#102])>+0: {"op": "PrimOp". "name": "promote_ptr". "out": {"num": []. "ptr": [0]}. "in": {"num": []. "ptr": [0]}}')
+696: i77 = ptr_eq(ConstPtr(ptr76), p75)
guard_true(i77, descr=<Guard0x158440ae0>) [p2, i6, i8, i10, i12, i14, i16, i18, i20, i22, i24, i26, i28, i30, i32, i34, i36, p39, p41, p43, p45, p47, p49, p51, p53, p55, p57, p59, p61, p63, p65, p67, p69, p0, p1, p3]
+704: guard_value(p75, ConstPtr(ptr78), descr=<Guard0x158440b20>) [p2, i6, i8, i10, i12, i14, i16, i18, i20, i22, i24, i26, i28, i30, i32, i34, i36, p39, p41, p43, p45, p47, p49, p51, p53, p55, p57, p59, p61, p63, p65, p67, p69, p0, p1, p3]
debug_merge_point(0, 0, '5038<main.rpyeffect:41([k@[switch case for 0#96]#102])>+1: {"op": "Const". "type": "ptr". "out": 1. "format": "string". "value": "Name(import$std/core/hnd)"}')
debug_merge_point(0, 0, '5038<main.rpyeffect:41([k@[switch case for 0#96]#102])>+2: {"op": "PrimOp". "name": "getGlobal(String): Ptr". "out": {"num": []. "ptr": [1]}. "in": {"num": []. "ptr": [1]}}')
debug_merge_point(0, 0, '5038<main.rpyeffect:41([k@[switch case for 0#96]#102])>+3: {"op": "Push". "target": 5037. "args": {"num": [1. 2]. "ptr": []}}')
debug_merge_point(0, 0, '5038<main.rpyeffect:41([k@[switch case for 0#96]#102])>+4: {"op": "Jump". "target": 5023}')
debug_merge_point(0, 0, '5023<main.rpyeffect:26([mcore:[#102]#77])>+0: {"op": "Const". "type": "ptr". "out": 1. "format": "string". "value": "Name(import$std/core/hnd)"}')
debug_merge_point(0, 0, '5023<main.rpyeffect:26([mcore:[#102]#77])>+1: {"op": "PrimOp". "name": "getGlobal(String): Ptr". "out": {"num": []. "ptr": [1]}. "in": {"num": []. "ptr": [1]}}')
debug_merge_point(0, 0, '5023<main.rpyeffect:26([mcore:[#102]#77])>+2: {"op": "CallLib". "lib": "1". "symbol": "elt"}')
debug_merge_point(0, 0, '331<std_core_hnd.rpyeffect:30(Name(elt))>+0: {"op": "Switch". "scrutinee": 0. "values": [0]. "targets": [329]. "default": 330}')
debug_merge_point(0, 0, '329<std_core_hnd.rpyeffect:28([switch case for 0#86])>+0: {"op": "Proj". "out": 0. "type": Interned(evv). "scrutinee": 0. "tag": Interned(cons). "field": 0. "field_type": "ptr"}')
+712: p80 = getfield_gc_r(ConstPtr(ptr79), descr=<FieldP rpyeffect.stored_environment.Data__arb_arb.inst_tag 8>)
+720: guard_value(p80, ConstPtr(ptr81), descr=<Guard0x158440b60>) [p2, i6, i8, i10, i12, i14, i16, i18, i20, i22, i24, i26, i28, i30, i32, i34, i36, p39, p41, p43, p45, p47, p49, p51, p53, p55, p57, p59, p61, p63, p65, p67, p69, p0, p1, p3]
debug_merge_point(0, 0, '329<std_core_hnd.rpyeffect:28([switch case for 0#86])>+1: {"op": "Return". "args": {"num": []. "ptr": [0]}}')
debug_merge_point(0, 0, '5037<main.rpyeffect:40([k@[k@[switch case for 0#96]#102]#110])>+0: {"op": "Push". "target": 5027. "args": {"num": [0. 1]. "ptr": []}}')
debug_merge_point(0, 0, '5037<main.rpyeffect:40([k@[k@[switch case for 0#96]#102]#110])>+1: {"op": "Match". "type": Interned(std/core/hnd/ev). "scrutinee": 0. "clauses": [{"tag": Interned(std/core/hnd/Ev). "target": 5036. "args": {"num": []. "ptr": [1. 2. 3. 4]}}]. "default": {"tag": Interned(f57803dc-acce-49a1-b59f-636af7df14d6#[Missing Tag#706]). "target": 5028. "args": {"num": []. "ptr": []}}}')
+732: p83 = getfield_gc_r(ConstPtr(ptr82), descr=<FieldP rpyeffect.stored_environment.Data__arb_arb.inst_tag 8>)
+740: guard_value(p83, ConstPtr(ptr84), descr=<Guard0x158440ba0>) [p2, i6, i8, i10, i12, i14, i16, i18, i20, i22, i24, i26, i28, i30, i32, i34, i36, p39, p41, p43, p45, p47, p49, p51, p53, p55, p57, p59, p61, p63, p65, p67, p69, p0, p1, p3]
debug_merge_point(0, 0, '5036<main.rpyeffect:39([#123])>+0: {"op": "Copy". "type": "ptr". "from": 0. "to". 1}')
debug_merge_point(0, 0, '5036<main.rpyeffect:39([#123])>+1: {"op": "Copy". "type": "ptr". "from": 2. "to". 0}')
debug_merge_point(0, 0, '5036<main.rpyeffect:39([#123])>+2: {"op": "Match". "type": Interned(main/operator). "scrutinee": 3. "clauses": [{"tag": Interned(main/@Hnd-operator). "target": 5035. "args": {"num": [1]. "ptr": [2]}}]. "default": {"tag": Interned(f57803dc-acce-49a1-b59f-636af7df14d6#[Missing Tag#705]). "target": 5030. "args": {"num": []. "ptr": []}}}')
+752: p86 = getfield_gc_r(ConstPtr(ptr85), descr=<FieldP rpyeffect.stored_environment.Data__arb_arb.inst_tag 8>)
+760: guard_value(p86, ConstPtr(ptr87), descr=<Guard0x158440be0>) [p2, i6, i8, i10, i12, i14, i16, i18, i20, i22, i24, i26, i28, i30, i32, i34, i36, p39, p41, p43, p45, p47, p49, p51, p53, p55, p57, p59, p61, p63, p65, p67, p69, p0, p1, p3]
debug_merge_point(0, 0, '5035<main.rpyeffect:38([match_main/@Hnd-operator@[#123]#128])>+0: {"op": "Match". "type": Interned(std/core/hnd/clause1). "scrutinee": 2. "clauses": [{"tag": Interned(std/core/hnd/Clause1). "target": 5034. "args": {"num": []. "ptr": [2]}}]. "default": {"tag": Interned(f57803dc-acce-49a1-b59f-636af7df14d6#[Missing Tag#704]). "target": 5032. "args": {"num": []. "ptr": []}}}')
+772: p89 = getfield_gc_r(ConstPtr(ptr88), descr=<FieldP rpyeffect.stored_environment.Data__arb_arb.inst_tag 8>)
+780: guard_value(p89, ConstPtr(ptr90), descr=<Guard0x158440c20>) [p2, i6, i8, i10, i12, i14, i16, i18, i20, i22, i24, i26, i28, i30, i32, i34, i36, p39, p41, p43, p45, p47, p49, p51, p53, p55, p57, p59, p61, p63, p65, p67, p69, p0, p1, p3]
debug_merge_point(0, 0, '5034<main.rpyeffect:37([#133])>+0: {"op": "PrimOp". "name": "box(Num): Ptr". "out": {"num": []. "ptr": [3]}. "in": {"num": [0]. "ptr": []}}')
debug_merge_point(0, 0, '5034<main.rpyeffect:37([#133])>+1: {"op": "Push". "target": 5033. "args": {"num": []. "ptr": []}}')
debug_merge_point(0, 0, '5034<main.rpyeffect:37([#133])>+2: {"op": "Swap". "type": "ptr". "a": 3. "b". 2}')
debug_merge_point(0, 0, '5034<main.rpyeffect:37([#133])>+3: {"op": "Invoke". "receiver": 3. "tag": Interned(%apply(ppp):p). "args" : {"num": []. "ptr": [0. 1. 2]}}')
debug_merge_point(0, 0, '5069<main.rpyeffect:72([method_%apply(ppp):p@[mcore:[#151]#242]#264])>+0: {"op": "Const". "type": "ptr". "out": 3. "format": "string". "value": "Name(import$std/core/hnd)"}')
debug_merge_point(0, 0, '5069<main.rpyeffect:72([method_%apply(ppp):p@[mcore:[#151]#242]#264])>+1: {"op": "PrimOp". "name": "getGlobal(String): Ptr". "out": {"num": []. "ptr": [3]}. "in": {"num": []. "ptr": [3]}}')
debug_merge_point(0, 0, '5069<main.rpyeffect:72([method_%apply(ppp):p@[mcore:[#151]#242]#264])>+2: {"op": "PrimOp". "name": "unbox(Ptr): Num". "out": {"num": [0]. "ptr": []}. "in": {"num": []. "ptr": [2]}}')
debug_merge_point(0, 0, '5069<main.rpyeffect:72([method_%apply(ppp):p@[mcore:[#151]#242]#264])>+3: {"op": "Copy". "type": "ptr". "from": 3. "to". 2}')
debug_merge_point(0, 0, '5069<main.rpyeffect:72([method_%apply(ppp):p@[mcore:[#151]#242]#264])>+4: {"op": "Jump". "target": 5061}')
debug_merge_point(0, 0, '5061<main.rpyeffect:64([mcore:[#140]#209])>+0: {"op": "New". "out": 1. "targets": [5058. 5060]. "args": {"num": [0]. "ptr": []}}')
debug_merge_point(0, 0, '5061<main.rpyeffect:64([mcore:[#140]#209])>+1: {"op": "Const". "type": "ptr". "out": 2. "format": "string". "value": "Name(import$std/core/hnd)"}')
debug_merge_point(0, 0, '5061<main.rpyeffect:64([mcore:[#140]#209])>+2: {"op": "PrimOp". "name": "getGlobal(String): Ptr". "out": {"num": []. "ptr": [2]}. "in": {"num": []. "ptr": [2]}}')
debug_merge_point(0, 0, '5061<main.rpyeffect:64([mcore:[#140]#209])>+3: {"op": "Jump". "target": 5044}')
debug_merge_point(0, 0, '5044<main.rpyeffect:47([mcore:[#122]#148])>+0: {"op": "Const". "type": "ptr". "out": 2. "format": "string". "value": "Name(import$std/core/hnd)"}')
debug_merge_point(0, 0, '5044<main.rpyeffect:47([mcore:[#122]#148])>+1: {"op": "PrimOp". "name": "getGlobal(String): Ptr". "out": {"num": []. "ptr": [2]}. "in": {"num": []. "ptr": [2]}}')
debug_merge_point(0, 0, '5044<main.rpyeffect:47([mcore:[#122]#148])>+2: {"op": "CallLib". "lib": "2". "symbol": "std/core/hnd/yield-to"}')
debug_merge_point(0, 0, '1022<std_core_hnd.rpyeffect:721([mcore:[#893]#2108])>+0: {"op": "Push". "target": 1021. "args": {"num": []. "ptr": [1. 0]}}')
debug_merge_point(0, 0, '1022<std_core_hnd.rpyeffect:721([mcore:[#893]#2108])>+1: {"op": "Jump". "target": 509}')
debug_merge_point(0, 0, '509<std_core_hnd.rpyeffect:208([mcore:[#471]#472])>+0: {"op": "Jump". "target": 301}')
debug_merge_point(0, 0, '301<std_core_hnd.rpyeffect:0(Name(getCurrentEvv))>+0: {"op": "Const". "type": "ptr". "out": 0. "format": "string". "value": "current-evv"}')
debug_merge_point(0, 0, '301<std_core_hnd.rpyeffect:0(Name(getCurrentEvv))>+1: {"op": "PrimOp". "name": "getGlobal(String): Ptr". "out": {"num": []. "ptr": [0]}. "in": {"num": []. "ptr": [0]}}')
debug_merge_point(0, 0, '301<std_core_hnd.rpyeffect:0(Name(getCurrentEvv))>+2: {"op": "PrimOp". "name": "getRef(Ref[Ptr]): Ptr". "out": {"num": []. "ptr": [0]}. "in": {"num": []. "ptr": [0]}}')
debug_merge_point(0, 0, '301<std_core_hnd.rpyeffect:0(Name(getCurrentEvv))>+3: {"op": "Return". "args": {"num": []. "ptr": [0]}}')
debug_merge_point(0, 0, '1021<std_core_hnd.rpyeffect:720([k@[mcore:[#893]#2108]#2110])>+0: {"op": "Push". "target": 1020. "args": {"num": []. "ptr": [0]}}')
debug_merge_point(0, 0, '1021<std_core_hnd.rpyeffect:720([k@[mcore:[#893]#2108]#2110])>+1: {"op": "Copy". "type": "ptr". "from": 2. "to". 0}')
debug_merge_point(0, 0, '1021<std_core_hnd.rpyeffect:720([k@[mcore:[#893]#2108]#2110])>+2: {"op": "Jump". "target": 507}')
debug_merge_point(0, 0, '507<std_core_hnd.rpyeffect:206([mcore:[#470]#437])>+0: {"op": "Const". "type": "num". "out": 0. "value": 0}')
debug_merge_point(0, 0, '507<std_core_hnd.rpyeffect:206([mcore:[#470]#437])>+1: {"op": "ShiftDyn". "out": 0. "n": 0. "label": 0}')
+792: i92 = instance_ptr_eq(p0, ConstPtr(ptr91))
guard_true(i92, descr=<Guard0x158440c60>) [p2, i6, i8, i10, i12, i14, i16, i18, i20, i22, i24, i26, i28, i30, i32, i34, i36, p39, p41, p43, p45, p47, p49, p51, p53, p55, p57, p59, p61, p63, p65, p67, p69, p0, p1, p3]
+804: guard_nonnull_class(p3, 4309429248, descr=<Guard0x148780180>) [p2, i6, i8, i10, i12, i14, i16, i18, i20, i22, i24, i26, i28, i30, i32, i34, i36, p39, p41, p43, p45, p47, p49, p51, p53, p55, p57, p59, p61, p63, p65, p67, p69, p0, p1, p3]
+832: p94 = getfield_gc_r(p3, descr=<FieldP rpyeffect.stack.MetaStackLike.inst_stack 8 pure>)
+836: p95 = getfield_gc_r(p3, descr=<FieldP rpyeffect.stack.MetaStack.inst_label 16 pure>)
+840: p96 = getfield_gc_r(p3, descr=<FieldP rpyeffect.stack.MetaStack.inst_tail 32 pure>)
+844: guard_nonnull(p94, descr=<Guard0x158441320>) [p2, i6, i8, i10, i12, i14, i16, i18, i20, i22, i24, i26, i28, i30, i32, i34, i36, p39, p41, p43, p45, p47, p49, p51, p53, p55, p57, p59, p61, p63, p65, p67, p69, p0, p1, p3]
+852: i97 = getfield_gc_i(p94, descr=<FieldS rpyeffect.stored_environment.Stack__arb_arb.inst_target 16 pure>)
+856: guard_value(i97, 501, descr=<Guard0x1584412e0>) [p2, i6, i8, i10, i12, i14, i16, i18, i20, i22, i24, i26, i28, i30, i32, i34, i36, p39, p41, p43, p45, p47, p49, p51, p53, p55, p57, p59, p61, p63, p65, p67, p69, p0, p1, p3]
debug_merge_point(0, 0, '507<std_core_hnd.rpyeffect:206([mcore:[#470]#437])>+2: {"op": "New". "out": 0. "targets": [500. 502. 504. 506]. "args": {"num": []. "ptr": [0]}}')
debug_merge_point(0, 0, '507<std_core_hnd.rpyeffect:206([mcore:[#470]#437])>+3: {"op": "Invoke". "receiver": 1. "tag": Interned(%apply(p):p). "args" : {"num": []. "ptr": [0]}}')
debug_merge_point(0, 0, '5058<main.rpyeffect:61([method_%apply(p):p@[mcore:[#140]#209]#213])>+0: {"op": "Const". "type": "ptr". "out": 1. "format": "string". "value": "Name(import$std/core/hnd)"}')
debug_merge_point(0, 0, '5058<main.rpyeffect:61([method_%apply(p):p@[mcore:[#140]#209]#213])>+1: {"op": "PrimOp". "name": "getGlobal(String): Ptr". "out": {"num": []. "ptr": [1]}. "in": {"num": []. "ptr": [1]}}')
debug_merge_point(0, 0, '5058<main.rpyeffect:61([method_%apply(p):p@[mcore:[#140]#209]#213])>+2: {"op": "PrimOp". "name": "box(Num): Ptr". "out": {"num": []. "ptr": [2]}. "in": {"num": [0]. "ptr": []}}')
debug_merge_point(0, 0, '5058<main.rpyeffect:61([method_%apply(p):p@[mcore:[#140]#209]#213])>+3: {"op": "Jump". "target": 5056}')
debug_merge_point(0, 0, '5056<main.rpyeffect:59([mcore:[#138]#174])>+0: {"op": "New". "out": 1. "targets": [5049. 5051. 5053. 5055]. "args": {"num": []. "ptr": []}}')
debug_merge_point(0, 0, '5056<main.rpyeffect:59([mcore:[#138]#174])>+1: {"op": "Const". "type": "ptr". "out": 3. "format": "string". "value": "Name(import$std/core/hnd)"}')
debug_merge_point(0, 0, '5056<main.rpyeffect:59([mcore:[#138]#174])>+2: {"op": "PrimOp". "name": "getGlobal(String): Ptr". "out": {"num": []. "ptr": [3]}. "in": {"num": []. "ptr": [3]}}')
debug_merge_point(0, 0, '5056<main.rpyeffect:59([mcore:[#138]#174])>+3: {"op": "Swap". "type": "ptr". "a": 2. "b". 0}')
debug_merge_point(0, 0, '5056<main.rpyeffect:59([mcore:[#138]#174])>+4: {"op": "Jump". "target": 5045}')
debug_merge_point(0, 0, '5045<main.rpyeffect:48([mcore:[#125]#154])>+0: {"op": "Const". "type": "ptr". "out": 3. "format": "string". "value": "Name(import$std/core/hnd)"}')
debug_merge_point(0, 0, '5045<main.rpyeffect:48([mcore:[#125]#154])>+1: {"op": "PrimOp". "name": "getGlobal(String): Ptr". "out": {"num": []. "ptr": [3]}. "in": {"num": []. "ptr": [3]}}')
debug_merge_point(0, 0, '5045<main.rpyeffect:48([mcore:[#125]#154])>+2: {"op": "CallLib". "lib": "3". "symbol": "std/core/hnd/protect"}')
debug_merge_point(0, 0, '495<std_core_hnd.rpyeffect:194([mcore:[#466]#434])>+0: {"op": "Swap". "type": "ptr". "a": 1. "b". 2}')
debug_merge_point(0, 0, '495<std_core_hnd.rpyeffect:194([mcore:[#466]#434])>+1: {"op": "Invoke". "receiver": 2. "tag": Interned(%apply(pp):p). "args" : {"num": []. "ptr": [0. 1]}}')
debug_merge_point(0, 0, '5055<main.rpyeffect:58([method_%apply(pp):p@[mcore:[#138]#174]#196])>+0: {"op": "PrimOp". "name": "unbox(Ptr): Num". "out": {"num": [0]. "ptr": []}. "in": {"num": []. "ptr": [0]}}')
debug_merge_point(0, 0, '5055<main.rpyeffect:58([method_%apply(pp):p@[mcore:[#138]#174]#196])>+1: {"op": "Push". "target": 5054. "args": {"num": []. "ptr": []}}')
debug_merge_point(0, 0, '5055<main.rpyeffect:58([method_%apply(pp):p@[mcore:[#138]#174]#196])>+2: {"op": "Copy". "type": "ptr". "from": 1. "to". 0}')
debug_merge_point(0, 0, '5055<main.rpyeffect:58([method_%apply(pp):p@[mcore:[#138]#174]#196])>+3: {"op": "Jump". "target": 5047}')
debug_merge_point(0, 0, '5047<main.rpyeffect:50([mcore:[#135]#161])>+0: {"op": "Construct". "out": 1. "type": Interned(Unit). "tag": Interned(unit). "args": {"num": []. "ptr": []}}')
debug_merge_point(0, 0, '5047<main.rpyeffect:50([mcore:[#135]#161])>+1: {"op": "Push". "target": 5046. "args": {"num": [0]. "ptr": []}}')
debug_merge_point(0, 0, '5047<main.rpyeffect:50([mcore:[#135]#161])>+2: {"op": "Swap". "type": "ptr". "a": 1. "b". 0}')
debug_merge_point(0, 0, '5047<main.rpyeffect:50([mcore:[#135]#161])>+3: {"op": "Invoke". "receiver": 1. "tag": Interned(%apply(p):n). "args" : {"num": []. "ptr": [0]}}')
debug_merge_point(0, 0, '502<std_core_hnd.rpyeffect:201([method_%apply(p):n@[mcore:[#470]#437]#449])>+0: {"op": "Push". "target": 501. "args": {"num": []. "ptr": []}}')
debug_merge_point(0, 0, '502<std_core_hnd.rpyeffect:201([method_%apply(p):n@[mcore:[#470]#437]#449])>+1: {"op": "Jump". "target": 497}')
debug_merge_point(0, 0, '497<std_core_hnd.rpyeffect:196([mcore:[#469]#436])>+0: {"op": "PushStack". "arg": 1}')
debug_merge_point(0, 0, '497<std_core_hnd.rpyeffect:196([mcore:[#469]#436])>+1: {"op": "Return". "args": {"num": []. "ptr": [0]}}')
debug_merge_point(0, 0, '1020<std_core_hnd.rpyeffect:719([k@[k@[mcore:[#893]#2108]#2110]#2112])>+0: {"op": "Const". "type": "ptr". "out": 2. "format": "string". "value": "Name(import$std/core/hnd)"}')
debug_merge_point(0, 0, '1020<std_core_hnd.rpyeffect:719([k@[k@[mcore:[#893]#2108]#2110]#2112])>+1: {"op": "PrimOp". "name": "getGlobal(String): Ptr". "out": {"num": []. "ptr": [2]}. "in": {"num": []. "ptr": [2]}}')
debug_merge_point(0, 0, '1020<std_core_hnd.rpyeffect:719([k@[k@[mcore:[#893]#2108]#2110]#2112])>+2: {"op": "Push". "target": 1019. "args": {"num": []. "ptr": [0]}}')
debug_merge_point(0, 0, '1020<std_core_hnd.rpyeffect:719([k@[k@[mcore:[#893]#2108]#2110]#2112])>+3: {"op": "Copy". "type": "ptr". "from": 1. "to". 0}')
debug_merge_point(0, 0, '1020<std_core_hnd.rpyeffect:719([k@[k@[mcore:[#893]#2108]#2110]#2112])>+4: {"op": "Copy". "type": "ptr". "from": 2. "to". 1}')
debug_merge_point(0, 0, '1020<std_core_hnd.rpyeffect:719([k@[k@[mcore:[#893]#2108]#2110]#2112])>+5: {"op": "Jump". "target": 1018}')
debug_merge_point(0, 0, '1018<std_core_hnd.rpyeffect:717([mcore:[#892]#2103])>+0: {"op": "Const". "type": "ptr". "out": 1. "format": "string". "value": "Name(import$std/core/hnd)"}')
debug_merge_point(0, 0, '1018<std_core_hnd.rpyeffect:717([mcore:[#892]#2103])>+1: {"op": "PrimOp". "name": "getGlobal(String): Ptr". "out": {"num": []. "ptr": [1]}. "in": {"num": []. "ptr": [1]}}')
debug_merge_point(0, 0, '1018<std_core_hnd.rpyeffect:717([mcore:[#892]#2103])>+2: {"op": "CallLib". "lib": "1". "symbol": "setCurrentEvv"}')
debug_merge_point(0, 0, '302<std_core_hnd.rpyeffect:1(Name(setCurrentEvv))>+0: {"op": "Const". "type": "ptr". "out": 1. "format": "string". "value": "current-evv"}')
debug_merge_point(0, 0, '302<std_core_hnd.rpyeffect:1(Name(setCurrentEvv))>+1: {"op": "PrimOp". "name": "getGlobal(String): Ptr". "out": {"num": []. "ptr": [1]}. "in": {"num": []. "ptr": [1]}}')
debug_merge_point(0, 0, '302<std_core_hnd.rpyeffect:1(Name(setCurrentEvv))>+2: {"op": "PrimOp". "name": "setRef(Ref[Ptr]. Ptr): Unit". "out": {"num": []. "ptr": [0]}. "in": {"num": []. "ptr": [1. 0]}}')
debug_merge_point(0, 0, '302<std_core_hnd.rpyeffect:1(Name(setCurrentEvv))>+3: {"op": "Return". "args": {"num": []. "ptr": [0]}}')
debug_merge_point(0, 0, '1019<std_core_hnd.rpyeffect:718([k@[k@[k@[mcore:[#893]#2108]#2110]#2112]#2117])>+0: {"op": "Copy". "type": "ptr". "from": 1. "to". 0}')
debug_merge_point(0, 0, '1019<std_core_hnd.rpyeffect:718([k@[k@[k@[mcore:[#893]#2108]#2110]#2112]#2117])>+1: {"op": "Return". "args": {"num": []. "ptr": [0]}}')
debug_merge_point(0, 0, '5033<main.rpyeffect:36([k@[#133]#138])>+0: {"op": "Return". "args": {"num": []. "ptr": [0]}}')
debug_merge_point(0, 0, '5027<main.rpyeffect:30([#112])>+0: {"op": "Const". "type": "num". "out": 2. "value": 1}')
debug_merge_point(0, 0, '5027<main.rpyeffect:30([#112])>+1: {"op": "PrimOp". "name": "infixSub(Int. Int): Int". "out": {"num": [0]. "ptr": []}. "in": {"num": [0. 2]. "ptr": []}}')
+868: i100 = int_sub(i6, 1)
debug_merge_point(0, 0, '5027<main.rpyeffect:30([#112])>+2: {"op": "Const". "type": "ptr". "out": 0. "format": "string". "value": "Name(import$std/core/hnd)"}')
debug_merge_point(0, 0, '5027<main.rpyeffect:30([#112])>+3: {"op": "PrimOp". "name": "getGlobal(String): Ptr". "out": {"num": []. "ptr": [0]}. "in": {"num": []. "ptr": [0]}}')
debug_merge_point(0, 0, '5027<main.rpyeffect:30([#112])>+4: {"op": "Jump". "target": 5042}')
debug_merge_point(0, 0, '5042<main.rpyeffect:45([mcore:[#116]#87])>+0: {"op": "Const". "type": "num". "out": 2. "value": 0}')
debug_merge_point(0, 0, '5042<main.rpyeffect:45([mcore:[#116]#87])>+1: {"op": "PrimOp". "name": "infixEq(Int. Int): Boolean". "out": {"num": [2]. "ptr": []}. "in": {"num": [0. 2]. "ptr": []}}')
+872: i102 = int_eq(i100, 0)
guard_false(i102, descr=<Guard0x1584412a0>) [p2, i6, i8, i10, i12, i14, i16, i18, i20, i22, i24, i26, i28, i30, i32, i34, i36, p39, p41, p43, p45, p47, p49, p51, p53, p55, p57, p59, p61, p63, p65, p67, p69, p0, p1, p3]
debug_merge_point(0, 0, '5042<main.rpyeffect:45([mcore:[#116]#87])>+2: {"op": "Switch". "scrutinee": 2. "values": [1]. "targets": [5025]. "default": 5041}')
debug_merge_point(0, 0, '5041<main.rpyeffect:44([switch default case#92])>+0: {"op": "Const". "type": "num". "out": 2. "value": 0}')
+880: label(p0, p1, p2, p94, i6, p95, p96, i100, i8, i12, i14, i16, i18, i20, i22, i24, i26, i28, i30, i32, i34, i36, p49, p51, p53, p55, p57, p59, p61, p63, p65, p67, p69, descr=TargetToken(5775646640))
debug_merge_point(0, 0, '5041<main.rpyeffect:44([switch default case#92])>+0: {"op": "Const". "type": "num". "out": 2. "value": 0}')
+888: guard_not_invalidated(descr=<Guard0x148780020>) [p2, i100, i8, i12, i14, i16, i18, i20, i22, i24, i26, i28, i30, i32, i34, i36, p49, p51, p53, p55, p57, p59, p61, p63, p65, p67, p69, p0, p1, p94, i6, p96, p95]
debug_merge_point(0, 0, '5041<main.rpyeffect:44([switch default case#92])>+1: {"op": "PrimOp". "name": "infixEq(Int. Int): Boolean". "out": {"num": [2]. "ptr": []}. "in": {"num": [0. 2]. "ptr": []}}')
debug_merge_point(0, 0, '5041<main.rpyeffect:44([switch default case#92])>+2: {"op": "Switch". "scrutinee": 2. "values": [0]. "targets": [5039]. "default": 5040}')
debug_merge_point(0, 0, '5039<main.rpyeffect:42([switch case for 0#96])>+0: {"op": "Const". "type": "num". "out": 2. "value": 0}')
debug_merge_point(0, 0, '5039<main.rpyeffect:42([switch case for 0#96])>+1: {"op": "Const". "type": "ptr". "out": 0. "format": "string". "value": "Name(import$std/core/hnd)"}')
debug_merge_point(0, 0, '5039<main.rpyeffect:42([switch case for 0#96])>+2: {"op": "PrimOp". "name": "getGlobal(String): Ptr". "out": {"num": []. "ptr": [0]}. "in": {"num": []. "ptr": [0]}}')
debug_merge_point(0, 0, '5039<main.rpyeffect:42([switch case for 0#96])>+3: {"op": "Push". "target": 5038. "args": {"num": [2. 0. 1]. "ptr": []}}')
debug_merge_point(0, 0, '5039<main.rpyeffect:42([switch case for 0#96])>+4: {"op": "Jump". "target": 5024}')
debug_merge_point(0, 0, '5024<main.rpyeffect:27([mcore:[#103]#83])>+0: {"op": "Const". "type": "ptr". "out": 0. "format": "string". "value": "Name(import$std/core/hnd)"}')
debug_merge_point(0, 0, '5024<main.rpyeffect:27([mcore:[#103]#83])>+1: {"op": "PrimOp". "name": "getGlobal(String): Ptr". "out": {"num": []. "ptr": [0]}. "in": {"num": []. "ptr": [0]}}')
debug_merge_point(0, 0, '5024<main.rpyeffect:27([mcore:[#103]#83])>+2: {"op": "CallLib". "lib": "0". "symbol": "getCurrentEvv"}')
debug_merge_point(0, 0, '301<std_core_hnd.rpyeffect:0(Name(getCurrentEvv))>+0: {"op": "Const". "type": "ptr". "out": 0. "format": "string". "value": "current-evv"}')
debug_merge_point(0, 0, '301<std_core_hnd.rpyeffect:0(Name(getCurrentEvv))>+1: {"op": "PrimOp". "name": "getGlobal(String): Ptr". "out": {"num": []. "ptr": [0]}. "in": {"num": []. "ptr": [0]}}')
debug_merge_point(0, 0, '301<std_core_hnd.rpyeffect:0(Name(getCurrentEvv))>+2: {"op": "PrimOp". "name": "getRef(Ref[Ptr]): Ptr". "out": {"num": []. "ptr": [0]}. "in": {"num": []. "ptr": [0]}}')
debug_merge_point(0, 0, '301<std_core_hnd.rpyeffect:0(Name(getCurrentEvv))>+3: {"op": "Return". "args": {"num": []. "ptr": [0]}}')
debug_merge_point(0, 0, '5038<main.rpyeffect:41([k@[switch case for 0#96]#102])>+0: {"op": "PrimOp". "name": "promote_ptr". "out": {"num": []. "ptr": [0]}. "in": {"num": []. "ptr": [0]}}')
debug_merge_point(0, 0, '5038<main.rpyeffect:41([k@[switch case for 0#96]#102])>+1: {"op": "Const". "type": "ptr". "out": 1. "format": "string". "value": "Name(import$std/core/hnd)"}')
debug_merge_point(0, 0, '5038<main.rpyeffect:41([k@[switch case for 0#96]#102])>+2: {"op": "PrimOp". "name": "getGlobal(String): Ptr". "out": {"num": []. "ptr": [1]}. "in": {"num": []. "ptr": [1]}}')
debug_merge_point(0, 0, '5038<main.rpyeffect:41([k@[switch case for 0#96]#102])>+3: {"op": "Push". "target": 5037. "args": {"num": [1. 2]. "ptr": []}}')
debug_merge_point(0, 0, '5038<main.rpyeffect:41([k@[switch case for 0#96]#102])>+4: {"op": "Jump". "target": 5023}')
debug_merge_point(0, 0, '5023<main.rpyeffect:26([mcore:[#102]#77])>+0: {"op": "Const". "type": "ptr". "out": 1. "format": "string". "value": "Name(import$std/core/hnd)"}')
debug_merge_point(0, 0, '5023<main.rpyeffect:26([mcore:[#102]#77])>+1: {"op": "PrimOp". "name": "getGlobal(String): Ptr". "out": {"num": []. "ptr": [1]}. "in": {"num": []. "ptr": [1]}}')
debug_merge_point(0, 0, '5023<main.rpyeffect:26([mcore:[#102]#77])>+2: {"op": "CallLib". "lib": "1". "symbol": "elt"}')
debug_merge_point(0, 0, '331<std_core_hnd.rpyeffect:30(Name(elt))>+0: {"op": "Switch". "scrutinee": 0. "values": [0]. "targets": [329]. "default": 330}')
debug_merge_point(0, 0, '329<std_core_hnd.rpyeffect:28([switch case for 0#86])>+0: {"op": "Proj". "out": 0. "type": Interned(evv). "scrutinee": 0. "tag": Interned(cons). "field": 0. "field_type": "ptr"}')
debug_merge_point(0, 0, '329<std_core_hnd.rpyeffect:28([switch case for 0#86])>+1: {"op": "Return". "args": {"num": []. "ptr": [0]}}')
debug_merge_point(0, 0, '5037<main.rpyeffect:40([k@[k@[switch case for 0#96]#102]#110])>+0: {"op": "Push". "target": 5027. "args": {"num": [0. 1]. "ptr": []}}')
debug_merge_point(0, 0, '5037<main.rpyeffect:40([k@[k@[switch case for 0#96]#102]#110])>+1: {"op": "Match". "type": Interned(std/core/hnd/ev). "scrutinee": 0. "clauses": [{"tag": Interned(std/core/hnd/Ev). "target": 5036. "args": {"num": []. "ptr": [1. 2. 3. 4]}}]. "default": {"tag": Interned(f57803dc-acce-49a1-b59f-636af7df14d6#[Missing Tag#706]). "target": 5028. "args": {"num": []. "ptr": []}}}')
debug_merge_point(0, 0, '5036<main.rpyeffect:39([#123])>+0: {"op": "Copy". "type": "ptr". "from": 0. "to". 1}')
debug_merge_point(0, 0, '5036<main.rpyeffect:39([#123])>+1: {"op": "Copy". "type": "ptr". "from": 2. "to". 0}')
debug_merge_point(0, 0, '5036<main.rpyeffect:39([#123])>+2: {"op": "Match". "type": Interned(main/operator). "scrutinee": 3. "clauses": [{"tag": Interned(main/@Hnd-operator). "target": 5035. "args": {"num": [1]. "ptr": [2]}}]. "default": {"tag": Interned(f57803dc-acce-49a1-b59f-636af7df14d6#[Missing Tag#705]). "target": 5030. "args": {"num": []. "ptr": []}}}')
debug_merge_point(0, 0, '5035<main.rpyeffect:38([match_main/@Hnd-operator@[#123]#128])>+0: {"op": "Match". "type": Interned(std/core/hnd/clause1). "scrutinee": 2. "clauses": [{"tag": Interned(std/core/hnd/Clause1). "target": 5034. "args": {"num": []. "ptr": [2]}}]. "default": {"tag": Interned(f57803dc-acce-49a1-b59f-636af7df14d6#[Missing Tag#704]). "target": 5032. "args": {"num": []. "ptr": []}}}')
debug_merge_point(0, 0, '5034<main.rpyeffect:37([#133])>+0: {"op": "PrimOp". "name": "box(Num): Ptr". "out": {"num": []. "ptr": [3]}. "in": {"num": [0]. "ptr": []}}')
debug_merge_point(0, 0, '5034<main.rpyeffect:37([#133])>+1: {"op": "Push". "target": 5033. "args": {"num": []. "ptr": []}}')
debug_merge_point(0, 0, '5034<main.rpyeffect:37([#133])>+2: {"op": "Swap". "type": "ptr". "a": 3. "b". 2}')
debug_merge_point(0, 0, '5034<main.rpyeffect:37([#133])>+3: {"op": "Invoke". "receiver": 3. "tag": Interned(%apply(ppp):p). "args" : {"num": []. "ptr": [0. 1. 2]}}')
debug_merge_point(0, 0, '5069<main.rpyeffect:72([method_%apply(ppp):p@[mcore:[#151]#242]#264])>+0: {"op": "Const". "type": "ptr". "out": 3. "format": "string". "value": "Name(import$std/core/hnd)"}')
debug_merge_point(0, 0, '5069<main.rpyeffect:72([method_%apply(ppp):p@[mcore:[#151]#242]#264])>+1: {"op": "PrimOp". "name": "getGlobal(String): Ptr". "out": {"num": []. "ptr": [3]}. "in": {"num": []. "ptr": [3]}}')
debug_merge_point(0, 0, '5069<main.rpyeffect:72([method_%apply(ppp):p@[mcore:[#151]#242]#264])>+2: {"op": "PrimOp". "name": "unbox(Ptr): Num". "out": {"num": [0]. "ptr": []}. "in": {"num": []. "ptr": [2]}}')
debug_merge_point(0, 0, '5069<main.rpyeffect:72([method_%apply(ppp):p@[mcore:[#151]#242]#264])>+3: {"op": "Copy". "type": "ptr". "from": 3. "to". 2}')
debug_merge_point(0, 0, '5069<main.rpyeffect:72([method_%apply(ppp):p@[mcore:[#151]#242]#264])>+4: {"op": "Jump". "target": 5061}')
debug_merge_point(0, 0, '5061<main.rpyeffect:64([mcore:[#140]#209])>+0: {"op": "New". "out": 1. "targets": [5058. 5060]. "args": {"num": [0]. "ptr": []}}')
debug_merge_point(0, 0, '5061<main.rpyeffect:64([mcore:[#140]#209])>+1: {"op": "Const". "type": "ptr". "out": 2. "format": "string". "value": "Name(import$std/core/hnd)"}')
debug_merge_point(0, 0, '5061<main.rpyeffect:64([mcore:[#140]#209])>+2: {"op": "PrimOp". "name": "getGlobal(String): Ptr". "out": {"num": []. "ptr": [2]}. "in": {"num": []. "ptr": [2]}}')
debug_merge_point(0, 0, '5061<main.rpyeffect:64([mcore:[#140]#209])>+3: {"op": "Jump". "target": 5044}')
debug_merge_point(0, 0, '5044<main.rpyeffect:47([mcore:[#122]#148])>+0: {"op": "Const". "type": "ptr". "out": 2. "format": "string". "value": "Name(import$std/core/hnd)"}')
debug_merge_point(0, 0, '5044<main.rpyeffect:47([mcore:[#122]#148])>+1: {"op": "PrimOp". "name": "getGlobal(String): Ptr". "out": {"num": []. "ptr": [2]}. "in": {"num": []. "ptr": [2]}}')
debug_merge_point(0, 0, '5044<main.rpyeffect:47([mcore:[#122]#148])>+2: {"op": "CallLib". "lib": "2". "symbol": "std/core/hnd/yield-to"}')
debug_merge_point(0, 0, '1022<std_core_hnd.rpyeffect:721([mcore:[#893]#2108])>+0: {"op": "Push". "target": 1021. "args": {"num": []. "ptr": [1. 0]}}')
debug_merge_point(0, 0, '1022<std_core_hnd.rpyeffect:721([mcore:[#893]#2108])>+1: {"op": "Jump". "target": 509}')
debug_merge_point(0, 0, '509<std_core_hnd.rpyeffect:208([mcore:[#471]#472])>+0: {"op": "Jump". "target": 301}')
debug_merge_point(0, 0, '301<std_core_hnd.rpyeffect:0(Name(getCurrentEvv))>+0: {"op": "Const". "type": "ptr". "out": 0. "format": "string". "value": "current-evv"}')
debug_merge_point(0, 0, '301<std_core_hnd.rpyeffect:0(Name(getCurrentEvv))>+1: {"op": "PrimOp". "name": "getGlobal(String): Ptr". "out": {"num": []. "ptr": [0]}. "in": {"num": []. "ptr": [0]}}')
debug_merge_point(0, 0, '301<std_core_hnd.rpyeffect:0(Name(getCurrentEvv))>+2: {"op": "PrimOp". "name": "getRef(Ref[Ptr]): Ptr". "out": {"num": []. "ptr": [0]}. "in": {"num": []. "ptr": [0]}}')
debug_merge_point(0, 0, '301<std_core_hnd.rpyeffect:0(Name(getCurrentEvv))>+3: {"op": "Return". "args": {"num": []. "ptr": [0]}}')
debug_merge_point(0, 0, '1021<std_core_hnd.rpyeffect:720([k@[mcore:[#893]#2108]#2110])>+0: {"op": "Push". "target": 1020. "args": {"num": []. "ptr": [0]}}')
debug_merge_point(0, 0, '1021<std_core_hnd.rpyeffect:720([k@[mcore:[#893]#2108]#2110])>+1: {"op": "Copy". "type": "ptr". "from": 2. "to". 0}')
debug_merge_point(0, 0, '1021<std_core_hnd.rpyeffect:720([k@[mcore:[#893]#2108]#2110])>+2: {"op": "Jump". "target": 507}')
debug_merge_point(0, 0, '507<std_core_hnd.rpyeffect:206([mcore:[#470]#437])>+0: {"op": "Const". "type": "num". "out": 0. "value": 0}')
debug_merge_point(0, 0, '507<std_core_hnd.rpyeffect:206([mcore:[#470]#437])>+1: {"op": "ShiftDyn". "out": 0. "n": 0. "label": 0}')
debug_merge_point(0, 0, '507<std_core_hnd.rpyeffect:206([mcore:[#470]#437])>+2: {"op": "New". "out": 0. "targets": [500. 502. 504. 506]. "args": {"num": []. "ptr": [0]}}')
debug_merge_point(0, 0, '507<std_core_hnd.rpyeffect:206([mcore:[#470]#437])>+3: {"op": "Invoke". "receiver": 1. "tag": Interned(%apply(p):p). "args" : {"num": []. "ptr": [0]}}')
debug_merge_point(0, 0, '5058<main.rpyeffect:61([method_%apply(p):p@[mcore:[#140]#209]#213])>+0: {"op": "Const". "type": "ptr". "out": 1. "format": "string". "value": "Name(import$std/core/hnd)"}')
debug_merge_point(0, 0, '5058<main.rpyeffect:61([method_%apply(p):p@[mcore:[#140]#209]#213])>+1: {"op": "PrimOp". "name": "getGlobal(String): Ptr". "out": {"num": []. "ptr": [1]}. "in": {"num": []. "ptr": [1]}}')
debug_merge_point(0, 0, '5058<main.rpyeffect:61([method_%apply(p):p@[mcore:[#140]#209]#213])>+2: {"op": "PrimOp". "name": "box(Num): Ptr". "out": {"num": []. "ptr": [2]}. "in": {"num": [0]. "ptr": []}}')
debug_merge_point(0, 0, '5058<main.rpyeffect:61([method_%apply(p):p@[mcore:[#140]#209]#213])>+3: {"op": "Jump". "target": 5056}')
debug_merge_point(0, 0, '5056<main.rpyeffect:59([mcore:[#138]#174])>+0: {"op": "New". "out": 1. "targets": [5049. 5051. 5053. 5055]. "args": {"num": []. "ptr": []}}')
debug_merge_point(0, 0, '5056<main.rpyeffect:59([mcore:[#138]#174])>+1: {"op": "Const". "type": "ptr". "out": 3. "format": "string". "value": "Name(import$std/core/hnd)"}')
debug_merge_point(0, 0, '5056<main.rpyeffect:59([mcore:[#138]#174])>+2: {"op": "PrimOp". "name": "getGlobal(String): Ptr". "out": {"num": []. "ptr": [3]}. "in": {"num": []. "ptr": [3]}}')
debug_merge_point(0, 0, '5056<main.rpyeffect:59([mcore:[#138]#174])>+3: {"op": "Swap". "type": "ptr". "a": 2. "b". 0}')
debug_merge_point(0, 0, '5056<main.rpyeffect:59([mcore:[#138]#174])>+4: {"op": "Jump". "target": 5045}')
debug_merge_point(0, 0, '5045<main.rpyeffect:48([mcore:[#125]#154])>+0: {"op": "Const". "type": "ptr". "out": 3. "format": "string". "value": "Name(import$std/core/hnd)"}')
debug_merge_point(0, 0, '5045<main.rpyeffect:48([mcore:[#125]#154])>+1: {"op": "PrimOp". "name": "getGlobal(String): Ptr". "out": {"num": []. "ptr": [3]}. "in": {"num": []. "ptr": [3]}}')
debug_merge_point(0, 0, '5045<main.rpyeffect:48([mcore:[#125]#154])>+2: {"op": "CallLib". "lib": "3". "symbol": "std/core/hnd/protect"}')
debug_merge_point(0, 0, '495<std_core_hnd.rpyeffect:194([mcore:[#466]#434])>+0: {"op": "Swap". "type": "ptr". "a": 1. "b". 2}')
debug_merge_point(0, 0, '495<std_core_hnd.rpyeffect:194([mcore:[#466]#434])>+1: {"op": "Invoke". "receiver": 2. "tag": Interned(%apply(pp):p). "args" : {"num": []. "ptr": [0. 1]}}')
debug_merge_point(0, 0, '5055<main.rpyeffect:58([method_%apply(pp):p@[mcore:[#138]#174]#196])>+0: {"op": "PrimOp". "name": "unbox(Ptr): Num". "out": {"num": [0]. "ptr": []}. "in": {"num": []. "ptr": [0]}}')
debug_merge_point(0, 0, '5055<main.rpyeffect:58([method_%apply(pp):p@[mcore:[#138]#174]#196])>+1: {"op": "Push". "target": 5054. "args": {"num": []. "ptr": []}}')
debug_merge_point(0, 0, '5055<main.rpyeffect:58([method_%apply(pp):p@[mcore:[#138]#174]#196])>+2: {"op": "Copy". "type": "ptr". "from": 1. "to". 0}')
debug_merge_point(0, 0, '5055<main.rpyeffect:58([method_%apply(pp):p@[mcore:[#138]#174]#196])>+3: {"op": "Jump". "target": 5047}')
debug_merge_point(0, 0, '5047<main.rpyeffect:50([mcore:[#135]#161])>+0: {"op": "Construct". "out": 1. "type": Interned(Unit). "tag": Interned(unit). "args": {"num": []. "ptr": []}}')
debug_merge_point(0, 0, '5047<main.rpyeffect:50([mcore:[#135]#161])>+1: {"op": "Push". "target": 5046. "args": {"num": [0]. "ptr": []}}')
debug_merge_point(0, 0, '5047<main.rpyeffect:50([mcore:[#135]#161])>+2: {"op": "Swap". "type": "ptr". "a": 1. "b". 0}')
debug_merge_point(0, 0, '5047<main.rpyeffect:50([mcore:[#135]#161])>+3: {"op": "Invoke". "receiver": 1. "tag": Interned(%apply(p):n). "args" : {"num": []. "ptr": [0]}}')
debug_merge_point(0, 0, '502<std_core_hnd.rpyeffect:201([method_%apply(p):n@[mcore:[#470]#437]#449])>+0: {"op": "Push". "target": 501. "args": {"num": []. "ptr": []}}')
debug_merge_point(0, 0, '502<std_core_hnd.rpyeffect:201([method_%apply(p):n@[mcore:[#470]#437]#449])>+1: {"op": "Jump". "target": 497}')
debug_merge_point(0, 0, '497<std_core_hnd.rpyeffect:196([mcore:[#469]#436])>+0: {"op": "PushStack". "arg": 1}')
debug_merge_point(0, 0, '497<std_core_hnd.rpyeffect:196([mcore:[#469]#436])>+1: {"op": "Return". "args": {"num": []. "ptr": [0]}}')
debug_merge_point(0, 0, '1020<std_core_hnd.rpyeffect:719([k@[k@[mcore:[#893]#2108]#2110]#2112])>+0: {"op": "Const". "type": "ptr". "out": 2. "format": "string". "value": "Name(import$std/core/hnd)"}')
debug_merge_point(0, 0, '1020<std_core_hnd.rpyeffect:719([k@[k@[mcore:[#893]#2108]#2110]#2112])>+1: {"op": "PrimOp". "name": "getGlobal(String): Ptr". "out": {"num": []. "ptr": [2]}. "in": {"num": []. "ptr": [2]}}')
debug_merge_point(0, 0, '1020<std_core_hnd.rpyeffect:719([k@[k@[mcore:[#893]#2108]#2110]#2112])>+2: {"op": "Push". "target": 1019. "args": {"num": []. "ptr": [0]}}')
debug_merge_point(0, 0, '1020<std_core_hnd.rpyeffect:719([k@[k@[mcore:[#893]#2108]#2110]#2112])>+3: {"op": "Copy". "type": "ptr". "from": 1. "to". 0}')
debug_merge_point(0, 0, '1020<std_core_hnd.rpyeffect:719([k@[k@[mcore:[#893]#2108]#2110]#2112])>+4: {"op": "Copy". "type": "ptr". "from": 2. "to". 1}')
debug_merge_point(0, 0, '1020<std_core_hnd.rpyeffect:719([k@[k@[mcore:[#893]#2108]#2110]#2112])>+5: {"op": "Jump". "target": 1018}')
debug_merge_point(0, 0, '1018<std_core_hnd.rpyeffect:717([mcore:[#892]#2103])>+0: {"op": "Const". "type": "ptr". "out": 1. "format": "string". "value": "Name(import$std/core/hnd)"}')
debug_merge_point(0, 0, '1018<std_core_hnd.rpyeffect:717([mcore:[#892]#2103])>+1: {"op": "PrimOp". "name": "getGlobal(String): Ptr". "out": {"num": []. "ptr": [1]}. "in": {"num": []. "ptr": [1]}}')
debug_merge_point(0, 0, '1018<std_core_hnd.rpyeffect:717([mcore:[#892]#2103])>+2: {"op": "CallLib". "lib": "1". "symbol": "setCurrentEvv"}')
debug_merge_point(0, 0, '302<std_core_hnd.rpyeffect:1(Name(setCurrentEvv))>+0: {"op": "Const". "type": "ptr". "out": 1. "format": "string". "value": "current-evv"}')
debug_merge_point(0, 0, '302<std_core_hnd.rpyeffect:1(Name(setCurrentEvv))>+1: {"op": "PrimOp". "name": "getGlobal(String): Ptr". "out": {"num": []. "ptr": [1]}. "in": {"num": []. "ptr": [1]}}')
debug_merge_point(0, 0, '302<std_core_hnd.rpyeffect:1(Name(setCurrentEvv))>+2: {"op": "PrimOp". "name": "setRef(Ref[Ptr]. Ptr): Unit". "out": {"num": []. "ptr": [0]}. "in": {"num": []. "ptr": [1. 0]}}')
debug_merge_point(0, 0, '302<std_core_hnd.rpyeffect:1(Name(setCurrentEvv))>+3: {"op": "Return". "args": {"num": []. "ptr": [0]}}')
debug_merge_point(0, 0, '1019<std_core_hnd.rpyeffect:718([k@[k@[k@[mcore:[#893]#2108]#2110]#2112]#2117])>+0: {"op": "Copy". "type": "ptr". "from": 1. "to". 0}')
debug_merge_point(0, 0, '1019<std_core_hnd.rpyeffect:718([k@[k@[k@[mcore:[#893]#2108]#2110]#2112]#2117])>+1: {"op": "Return". "args": {"num": []. "ptr": [0]}}')
debug_merge_point(0, 0, '5033<main.rpyeffect:36([k@[#133]#138])>+0: {"op": "Return". "args": {"num": []. "ptr": [0]}}')
debug_merge_point(0, 0, '5027<main.rpyeffect:30([#112])>+0: {"op": "Const". "type": "num". "out": 2. "value": 1}')
debug_merge_point(0, 0, '5027<main.rpyeffect:30([#112])>+1: {"op": "PrimOp". "name": "infixSub(Int. Int): Int". "out": {"num": [0]. "ptr": []}. "in": {"num": [0. 2]. "ptr": []}}')
+892: i104 = int_sub(i100, 1)
debug_merge_point(0, 0, '5027<main.rpyeffect:30([#112])>+2: {"op": "Const". "type": "ptr". "out": 0. "format": "string". "value": "Name(import$std/core/hnd)"}')
debug_merge_point(0, 0, '5027<main.rpyeffect:30([#112])>+3: {"op": "PrimOp". "name": "getGlobal(String): Ptr". "out": {"num": []. "ptr": [0]}. "in": {"num": []. "ptr": [0]}}')
debug_merge_point(0, 0, '5027<main.rpyeffect:30([#112])>+4: {"op": "Jump". "target": 5042}')
debug_merge_point(0, 0, '5042<main.rpyeffect:45([mcore:[#116]#87])>+0: {"op": "Const". "type": "num". "out": 2. "value": 0}')
debug_merge_point(0, 0, '5042<main.rpyeffect:45([mcore:[#116]#87])>+1: {"op": "PrimOp". "name": "infixEq(Int. Int): Boolean". "out": {"num": [2]. "ptr": []}. "in": {"num": [0. 2]. "ptr": []}}')
+896: i106 = int_eq(i104, 0)
guard_false(i106, descr=<Guard0x158441260>) [p2, i100, i8, i12, i14, i16, i18, i20, i22, i24, i26, i28, i30, i32, i34, i36, p49, p51, p53, p55, p57, p59, p61, p63, p65, p67, p69, p0, p1, p94, i6, p96, p95]
debug_merge_point(0, 0, '5042<main.rpyeffect:45([mcore:[#116]#87])>+2: {"op": "Switch". "scrutinee": 2. "values": [1]. "targets": [5025]. "default": 5041}')
debug_merge_point(0, 0, '5041<main.rpyeffect:44([switch default case#92])>+0: {"op": "Const". "type": "num". "out": 2. "value": 0}')
+904: p107 = new_with_vtable(descr=<SizeDescr 40>)
+1012: p108 = new_with_vtable(descr=<SizeDescr 48>)
+1024: p109 = new_with_vtable(descr=<SizeDescr 40>)
+1036: setfield_gc(p109, p94, descr=<FieldP rpyeffect.stored_environment.Stack__arb_arb.inst_tail 8 pure>)
+1044: setfield_gc(p109, 5054, descr=<FieldS rpyeffect.stored_environment.Stack__arb_arb.inst_target 16 pure>)
+1052: setfield_gc(p108, p109, descr=<FieldP rpyeffect.stored_environment.Stack__arb_arb.inst_tail 8 pure>)
+1056: setfield_gc(p108, 5046, descr=<FieldS rpyeffect.stored_environment.Stack__arb_arb.inst_target 16 pure>)
+1064: setfield_gc(p108, i6, descr=<FieldS rpyeffect.stored_environment.Stack__1_0.inst_values_num_0 40 pure>)
+1068: setfield_gc(p107, 501, descr=<FieldS rpyeffect.stored_environment.Stack__arb_arb.inst_target 16 pure>)
+1076: setfield_gc(p107, p108, descr=<FieldP rpyeffect.stored_environment.Stack__arb_arb.inst_tail 8 pure>)
+1128: jump(p0, p1, p2, p107, i100, p95, p96, i104, i8, i12, i14, i16, i18, i20, i22, i24, i26, i28, i30, i32, i34, i36, p49, p51, p53, p55, p57, p59, p61, p63, p65, p67, p69, descr=TargetToken(5775646640))
+1144: --end of the loop--
[7787f72] jit-log-opt-loop}
[78dbc4b] {jit-log-opt-loop
# Loop 2 (501<std_core_hnd.rpyeffect:200([#451])>+0: {"op": "PrimOp", "name": "unbox(Ptr): Num", "out": {"num": [0], "ptr": []}, "in": {"num": [], "ptr": [0]}}) : loop with 123 ops
[p0, p1, p2, p3]
+280: p4 = getfield_gc_r(p2, descr=<FieldP rpyeffect.environment.Environment.inst_values_num 16>)
+288: i6 = getarrayitem_gc_i(p4, 0, descr=<ArrayS 8>)
+292: i8 = getarrayitem_gc_i(p4, 1, descr=<ArrayS 8>)
+296: i10 = getarrayitem_gc_i(p4, 2, descr=<ArrayS 8>)
+300: i12 = getarrayitem_gc_i(p4, 3, descr=<ArrayS 8>)
+304: i14 = getarrayitem_gc_i(p4, 4, descr=<ArrayS 8>)
+308: i16 = getarrayitem_gc_i(p4, 5, descr=<ArrayS 8>)
+312: i18 = getarrayitem_gc_i(p4, 6, descr=<ArrayS 8>)
+316: i20 = getarrayitem_gc_i(p4, 7, descr=<ArrayS 8>)
+320: i22 = getarrayitem_gc_i(p4, 8, descr=<ArrayS 8>)
+324: i24 = getarrayitem_gc_i(p4, 9, descr=<ArrayS 8>)
+328: i26 = getarrayitem_gc_i(p4, 10, descr=<ArrayS 8>)
+332: i28 = getarrayitem_gc_i(p4, 11, descr=<ArrayS 8>)
+336: i30 = getarrayitem_gc_i(p4, 12, descr=<ArrayS 8>)
+340: i32 = getarrayitem_gc_i(p4, 13, descr=<ArrayS 8>)
+344: i34 = getarrayitem_gc_i(p4, 14, descr=<ArrayS 8>)
+352: i36 = getarrayitem_gc_i(p4, 15, descr=<ArrayS 8>)
+356: p37 = getfield_gc_r(p2, descr=<FieldP rpyeffect.environment.Environment.inst_values_ptr 24>)
+360: p39 = getarrayitem_gc_r(p37, 0, descr=<ArrayP 8>)
+368: p41 = getarrayitem_gc_r(p37, 1, descr=<ArrayP 8>)
+376: p43 = getarrayitem_gc_r(p37, 2, descr=<ArrayP 8>)
+384: p45 = getarrayitem_gc_r(p37, 3, descr=<ArrayP 8>)
+392: p47 = getarrayitem_gc_r(p37, 4, descr=<ArrayP 8>)
+400: p49 = getarrayitem_gc_r(p37, 5, descr=<ArrayP 8>)
+408: p51 = getarrayitem_gc_r(p37, 6, descr=<ArrayP 8>)
+416: p53 = getarrayitem_gc_r(p37, 7, descr=<ArrayP 8>)
+424: p55 = getarrayitem_gc_r(p37, 8, descr=<ArrayP 8>)
+432: p57 = getarrayitem_gc_r(p37, 9, descr=<ArrayP 8>)
+440: p59 = getarrayitem_gc_r(p37, 10, descr=<ArrayP 8>)
+448: p61 = getarrayitem_gc_r(p37, 11, descr=<ArrayP 8>)
+456: p63 = getarrayitem_gc_r(p37, 12, descr=<ArrayP 8>)
+464: p65 = getarrayitem_gc_r(p37, 13, descr=<ArrayP 8>)
+472: p67 = getarrayitem_gc_r(p37, 14, descr=<ArrayP 8>)
+480: p69 = getarrayitem_gc_r(p37, 15, descr=<ArrayP 8>)
+484: label(p0, p1, p2, p3, i6, i8, i10, i12, i14, i16, i18, i20, i22, i24, i26, i28, i30, i32, i34, i36, p39, p41, p43, p45, p47, p49, p51, p53, p55, p57, p59, p61, p63, p65, p67, p69, descr=TargetToken(5510826048))
debug_merge_point(0, 0, '501<std_core_hnd.rpyeffect:200([#451])>+0: {"op": "PrimOp". "name": "unbox(Ptr): Num". "out": {"num": [0]. "ptr": []}. "in": {"num": []. "ptr": [0]}}')
+544: guard_not_invalidated(descr=<Guard0x148791b48>) [p2, i6, i8, i10, i12, i14, i16, i18, i20, i22, i24, i26, i28, i30, i32, i34, i36, p39, p41, p43, p45, p47, p49, p51, p53, p55, p57, p59, p61, p63, p65, p67, p69, p0, p1, p3]
+548: i70 = getfield_gc_i(p39, descr=<FieldS rpyeffect.region.NumBox.inst_value 8 pure>)
debug_merge_point(0, 0, '501<std_core_hnd.rpyeffect:200([#451])>+1: {"op": "Return". "args": {"num": [0]. "ptr": []}}')
+552: guard_nonnull(p1, descr=<Guard0x1487924a0>) [p2, i6, i8, i10, i12, i14, i16, i18, i20, i22, i24, i26, i28, i30, i32, i34, i36, p39, p41, p43, p45, p47, p49, p51, p53, p55, p57, p59, p61, p63, p65, p67, p69, p0, p1, p3]
+564: i71 = getfield_gc_i(p1, descr=<FieldS rpyeffect.stored_environment.Stack__arb_arb.inst_target 16 pure>)
+572: guard_value(i71, 5046, descr=<Guard0x1487924e0>) [p2, i6, i8, i10, i12, i14, i16, i18, i20, i22, i24, i26, i28, i30, i32, i34, i36, p39, p41, p43, p45, p47, p49, p51, p53, p55, p57, p59, p61, p63, p65, p67, p69, p0, p1, p3]
+584: i73 = getfield_gc_i(p1, descr=<FieldS rpyeffect.stored_environment.Stack__1_0.inst_values_num_0 40 pure>)
+588: p74 = getfield_gc_r(p1, descr=<FieldP rpyeffect.stored_environment.Stack__arb_arb.inst_tail 8 pure>)
debug_merge_point(0, 0, '5046<main.rpyeffect:49([k@[mcore:[#135]#161]#165])>+0: {"op": "Const". "type": "num". "out": 2. "value": 503}')
debug_merge_point(0, 0, '5046<main.rpyeffect:49([k@[mcore:[#135]#161]#165])>+1: {"op": "PrimOp". "name": "infixMul(Int. Int): Int". "out": {"num": [0]. "ptr": []}. "in": {"num": [2. 0]. "ptr": []}}')
+592: i76 = int_mul(503, i70)
debug_merge_point(0, 0, '5046<main.rpyeffect:49([k@[mcore:[#135]#161]#165])>+2: {"op": "PrimOp". "name": "infixSub(Int. Int): Int". "out": {"num": [0]. "ptr": []}. "in": {"num": [1. 0]. "ptr": []}}')
+600: i77 = int_sub(i73, i76)
debug_merge_point(0, 0, '5046<main.rpyeffect:49([k@[mcore:[#135]#161]#165])>+3: {"op": "Const". "type": "num". "out": 1. "value": 37}')
debug_merge_point(0, 0, '5046<main.rpyeffect:49([k@[mcore:[#135]#161]#165])>+4: {"op": "PrimOp". "name": "infixAdd(Int. Int): Int". "out": {"num": [0]. "ptr": []}. "in": {"num": [0. 1]. "ptr": []}}')
+604: i79 = int_add(i77, 37)
debug_merge_point(0, 0, '5046<main.rpyeffect:49([k@[mcore:[#135]#161]#165])>+5: {"op": "PrimOp". "name": "abs(Int): Int". "out": {"num": [0]. "ptr": []}. "in": {"num": [0]. "ptr": []}}')
+608: i81 = int_rshift(i79, 63)
+616: i82 = int_xor(i79, i81)
+620: i83 = int_sub(i82, i81)
debug_merge_point(0, 0, '5046<main.rpyeffect:49([k@[mcore:[#135]#161]#165])>+6: {"op": "Const". "type": "num". "out": 1. "value": 1009}')
debug_merge_point(0, 0, '5046<main.rpyeffect:49([k@[mcore:[#135]#161]#165])>+7: {"op": "PrimOp". "name": "mod(Int. Int): Int". "out": {"num": [0]. "ptr": []}. "in": {"num": [0. 1]. "ptr": []}}')
+624: i85 = int_rshift(i83, 63)
+632: i86 = int_xor(i83, i85)
+636: i88 = uint_mul_high(i86, -9086255505087856445)
+656: i90 = uint_rshift(i88, 9)
+664: i91 = int_xor(i90, i85)
+668: i93 = int_mul(i91, 1009)
+676: i94 = int_sub(i83, i93)
debug_merge_point(0, 0, '5046<main.rpyeffect:49([k@[mcore:[#135]#161]#165])>+8: {"op": "Return". "args": {"num": [0]. "ptr": []}}')
+680: guard_nonnull(p74, descr=<Guard0x148792520>) [p2, i6, i8, i10, i12, i14, i16, i18, i20, i22, i24, i26, i28, i30, i32, i34, i36, p39, p41, p43, p45, p47, p49, p51, p53, p55, p57, p59, p61, p63, p65, p67, p69, p0, p1, p3]
+688: i95 = getfield_gc_i(p74, descr=<FieldS rpyeffect.stored_environment.Stack__arb_arb.inst_target 16 pure>)
+692: guard_value(i95, 5054, descr=<Guard0x148792560>) [p2, i6, i8, i10, i12, i14, i16, i18, i20, i22, i24, i26, i28, i30, i32, i34, i36, p39, p41, p43, p45, p47, p49, p51, p53, p55, p57, p59, p61, p63, p65, p67, p69, p0, p1, p3]
+704: p97 = getfield_gc_r(p74, descr=<FieldP rpyeffect.stored_environment.Stack__arb_arb.inst_tail 8 pure>)
debug_merge_point(0, 0, '5054<main.rpyeffect:57([#201])>+0: {"op": "PrimOp". "name": "box(Num): Ptr". "out": {"num": []. "ptr": [0]}. "in": {"num": [0]. "ptr": []}}')
debug_merge_point(0, 0, '5054<main.rpyeffect:57([#201])>+1: {"op": "Return". "args": {"num": []. "ptr": [0]}}')
+708: guard_nonnull(p97, descr=<Guard0x1487925a0>) [p2, i6, i8, i10, i12, i14, i16, i18, i20, i22, i24, i26, i28, i30, i32, i34, i36, p39, p41, p43, p45, p47, p49, p51, p53, p55, p57, p59, p61, p63, p65, p67, p69, p0, p1, p3]
+716: i98 = getfield_gc_i(p97, descr=<FieldS rpyeffect.stored_environment.Stack__arb_arb.inst_target 16 pure>)
+720: guard_value(i98, 501, descr=<Guard0x1487925e0>) [p2, i6, i8, i10, i12, i14, i16, i18, i20, i22, i24, i26, i28, i30, i32, i34, i36, p39, p41, p43, p45, p47, p49, p51, p53, p55, p57, p59, p61, p63, p65, p67, p69, p0, p1, p3]
+732: p100 = getfield_gc_r(p97, descr=<FieldP rpyeffect.stored_environment.Stack__arb_arb.inst_tail 8 pure>)
+736: guard_nonnull(p100, descr=<Guard0x148792620>) [p2, i6, i8, i10, i12, i14, i16, i18, i20, i22, i24, i26, i28, i30, i32, i34, i36, p39, p41, p43, p45, p47, p49, p51, p53, p55, p57, p59, p61, p63, p65, p67, p69, p0, p1, p3]
+744: i101 = getfield_gc_i(p100, descr=<FieldS rpyeffect.stored_environment.Stack__arb_arb.inst_target 16 pure>)
+748: guard_value(i101, 5046, descr=<Guard0x148792660>) [p2, i6, i8, i10, i12, i14, i16, i18, i20, i22, i24, i26, i28, i30, i32, i34, i36, p39, p41, p43, p45, p47, p49, p51, p53, p55, p57, p59, p61, p63, p65, p67, p69, p0, p1, p3]
debug_merge_point(0, 0, '501<std_core_hnd.rpyeffect:200([#451])>+0: {"op": "PrimOp". "name": "unbox(Ptr): Num". "out": {"num": [0]. "ptr": []}. "in": {"num": []. "ptr": [0]}}')
+760: label(p0, p100, p2, p3, i94, i12, i14, i16, i18, i20, i22, i24, i26, i28, i30, i32, i34, i36, p41, p43, p45, p47, p49, p51, p53, p55, p57, p59, p61, p63, p65, p67, p69, descr=TargetToken(5510826128))
debug_merge_point(0, 0, '501<std_core_hnd.rpyeffect:200([#451])>+0: {"op": "PrimOp". "name": "unbox(Ptr): Num". "out": {"num": [0]. "ptr": []}. "in": {"num": []. "ptr": [0]}}')
+760: guard_not_invalidated(descr=<Guard0x148791ba0>) [p2, i94, i12, i14, i16, i18, i20, i22, i24, i26, i28, i30, i32, i34, i36, p41, p43, p45, p47, p49, p51, p53, p55, p57, p59, p61, p63, p65, p67, p69, p0, p100, p3]
debug_merge_point(0, 0, '501<std_core_hnd.rpyeffect:200([#451])>+1: {"op": "Return". "args": {"num": [0]. "ptr": []}}')
+764: i103 = getfield_gc_i(p100, descr=<FieldS rpyeffect.stored_environment.Stack__1_0.inst_values_num_0 40 pure>)
+768: p104 = getfield_gc_r(p100, descr=<FieldP rpyeffect.stored_environment.Stack__arb_arb.inst_tail 8 pure>)
debug_merge_point(0, 0, '5046<main.rpyeffect:49([k@[mcore:[#135]#161]#165])>+0: {"op": "Const". "type": "num". "out": 2. "value": 503}')
debug_merge_point(0, 0, '5046<main.rpyeffect:49([k@[mcore:[#135]#161]#165])>+1: {"op": "PrimOp". "name": "infixMul(Int. Int): Int". "out": {"num": [0]. "ptr": []}. "in": {"num": [2. 0]. "ptr": []}}')
+772: i106 = int_mul(503, i94)
debug_merge_point(0, 0, '5046<main.rpyeffect:49([k@[mcore:[#135]#161]#165])>+2: {"op": "PrimOp". "name": "infixSub(Int. Int): Int". "out": {"num": [0]. "ptr": []}. "in": {"num": [1. 0]. "ptr": []}}')
+780: i107 = int_sub(i103, i106)
debug_merge_point(0, 0, '5046<main.rpyeffect:49([k@[mcore:[#135]#161]#165])>+3: {"op": "Const". "type": "num". "out": 1. "value": 37}')
debug_merge_point(0, 0, '5046<main.rpyeffect:49([k@[mcore:[#135]#161]#165])>+4: {"op": "PrimOp". "name": "infixAdd(Int. Int): Int". "out": {"num": [0]. "ptr": []}. "in": {"num": [0. 1]. "ptr": []}}')
+784: i109 = int_add(i107, 37)
debug_merge_point(0, 0, '5046<main.rpyeffect:49([k@[mcore:[#135]#161]#165])>+5: {"op": "PrimOp". "name": "abs(Int): Int". "out": {"num": [0]. "ptr": []}. "in": {"num": [0]. "ptr": []}}')
+788: i111 = int_rshift(i109, 63)
+796: i112 = int_xor(i109, i111)
+800: i113 = int_sub(i112, i111)
debug_merge_point(0, 0, '5046<main.rpyeffect:49([k@[mcore:[#135]#161]#165])>+6: {"op": "Const". "type": "num". "out": 1. "value": 1009}')
debug_merge_point(0, 0, '5046<main.rpyeffect:49([k@[mcore:[#135]#161]#165])>+7: {"op": "PrimOp". "name": "mod(Int. Int): Int". "out": {"num": [0]. "ptr": []}. "in": {"num": [0. 1]. "ptr": []}}')
+804: i115 = int_rshift(i113, 63)
+812: i116 = int_xor(i113, i115)
+816: i118 = uint_mul_high(i116, -9086255505087856445)
+836: i120 = uint_rshift(i118, 9)
+844: i121 = int_xor(i120, i115)
+848: i123 = int_mul(i121, 1009)
+856: i124 = int_sub(i113, i123)
debug_merge_point(0, 0, '5046<main.rpyeffect:49([k@[mcore:[#135]#161]#165])>+8: {"op": "Return". "args": {"num": [0]. "ptr": []}}')
+860: guard_nonnull(p104, descr=<Guard0x1487926a0>) [p2, i94, i12, i14, i16, i18, i20, i22, i24, i26, i28, i30, i32, i34, i36, p41, p43, p45, p47, p49, p51, p53, p55, p57, p59, p61, p63, p65, p67, p69, p0, p100, p3]
+868: i125 = getfield_gc_i(p104, descr=<FieldS rpyeffect.stored_environment.Stack__arb_arb.inst_target 16 pure>)
+872: guard_value(i125, 5054, descr=<Guard0x1487926e0>) [p2, i94, i12, i14, i16, i18, i20, i22, i24, i26, i28, i30, i32, i34, i36, p41, p43, p45, p47, p49, p51, p53, p55, p57, p59, p61, p63, p65, p67, p69, p0, p100, p3]
+884: p127 = getfield_gc_r(p104, descr=<FieldP rpyeffect.stored_environment.Stack__arb_arb.inst_tail 8 pure>)
debug_merge_point(0, 0, '5054<main.rpyeffect:57([#201])>+0: {"op": "PrimOp". "name": "box(Num): Ptr". "out": {"num": []. "ptr": [0]}. "in": {"num": [0]. "ptr": []}}')
debug_merge_point(0, 0, '5054<main.rpyeffect:57([#201])>+1: {"op": "Return". "args": {"num": []. "ptr": [0]}}')
+888: guard_nonnull(p127, descr=<Guard0x148792720>) [p2, i94, i12, i14, i16, i18, i20, i22, i24, i26, i28, i30, i32, i34, i36, p41, p43, p45, p47, p49, p51, p53, p55, p57, p59, p61, p63, p65, p67, p69, p0, p100, p3]
+896: i128 = getfield_gc_i(p127, descr=<FieldS rpyeffect.stored_environment.Stack__arb_arb.inst_target 16 pure>)
+900: guard_value(i128, 501, descr=<Guard0x148792760>) [p2, i94, i12, i14, i16, i18, i20, i22, i24, i26, i28, i30, i32, i34, i36, p41, p43, p45, p47, p49, p51, p53, p55, p57, p59, p61, p63, p65, p67, p69, p0, p100, p3]
+912: p130 = getfield_gc_r(p127, descr=<FieldP rpyeffect.stored_environment.Stack__arb_arb.inst_tail 8 pure>)
+916: guard_nonnull(p130, descr=<Guard0x1487927a0>) [p2, i94, i12, i14, i16, i18, i20, i22, i24, i26, i28, i30, i32, i34, i36, p41, p43, p45, p47, p49, p51, p53, p55, p57, p59, p61, p63, p65, p67, p69, p0, p100, p3]
+924: i131 = getfield_gc_i(p130, descr=<FieldS rpyeffect.stored_environment.Stack__arb_arb.inst_target 16 pure>)
+928: guard_value(i131, 5046, descr=<Guard0x1487927e0>) [p2, i94, i12, i14, i16, i18, i20, i22, i24, i26, i28, i30, i32, i34, i36, p41, p43, p45, p47, p49, p51, p53, p55, p57, p59, p61, p63, p65, p67, p69, p0, p100, p3]
debug_merge_point(0, 0, '501<std_core_hnd.rpyeffect:200([#451])>+0: {"op": "PrimOp". "name": "unbox(Ptr): Num". "out": {"num": [0]. "ptr": []}. "in": {"num": []. "ptr": [0]}}')
+940: jump(p0, p130, p2, p3, i124, i12, i14, i16, i18, i20, i22, i24, i26, i28, i30, i32, i34, i36, p41, p43, p45, p47, p49, p51, p53, p55, p57, p59, p61, p63, p65, p67, p69, descr=TargetToken(5510826128))
+952: --end of the loop--
[78f670d] jit-log-opt-loop}
[7ae3c1e] {jit-log-opt-loop
# Loop 3 (5039<main.rpyeffect:42([switch case for 0#96])>+0: {"op": "Const", "type": "num", "out": 2, "value": 0}) : loop with 316 ops
[p0, p1, p2, p3]
+328: p4 = getfield_gc_r(p2, descr=<FieldP rpyeffect.environment.Environment.inst_values_num 16>)
+336: i6 = getarrayitem_gc_i(p4, 0, descr=<ArrayS 8>)
+340: i8 = getarrayitem_gc_i(p4, 1, descr=<ArrayS 8>)
+344: i10 = getarrayitem_gc_i(p4, 2, descr=<ArrayS 8>)
+348: i12 = getarrayitem_gc_i(p4, 3, descr=<ArrayS 8>)
+352: i14 = getarrayitem_gc_i(p4, 4, descr=<ArrayS 8>)
+356: i16 = getarrayitem_gc_i(p4, 5, descr=<ArrayS 8>)
+360: i18 = getarrayitem_gc_i(p4, 6, descr=<ArrayS 8>)
+364: i20 = getarrayitem_gc_i(p4, 7, descr=<ArrayS 8>)
+368: i22 = getarrayitem_gc_i(p4, 8, descr=<ArrayS 8>)
+372: i24 = getarrayitem_gc_i(p4, 9, descr=<ArrayS 8>)
+376: i26 = getarrayitem_gc_i(p4, 10, descr=<ArrayS 8>)
+380: i28 = getarrayitem_gc_i(p4, 11, descr=<ArrayS 8>)
+384: i30 = getarrayitem_gc_i(p4, 12, descr=<ArrayS 8>)
+388: i32 = getarrayitem_gc_i(p4, 13, descr=<ArrayS 8>)
+392: i34 = getarrayitem_gc_i(p4, 14, descr=<ArrayS 8>)
+400: i36 = getarrayitem_gc_i(p4, 15, descr=<ArrayS 8>)
+404: p37 = getfield_gc_r(p2, descr=<FieldP rpyeffect.environment.Environment.inst_values_ptr 24>)
+408: p39 = getarrayitem_gc_r(p37, 0, descr=<ArrayP 8>)
+416: p41 = getarrayitem_gc_r(p37, 1, descr=<ArrayP 8>)
+424: p43 = getarrayitem_gc_r(p37, 2, descr=<ArrayP 8>)
+432: p45 = getarrayitem_gc_r(p37, 3, descr=<ArrayP 8>)
+440: p47 = getarrayitem_gc_r(p37, 4, descr=<ArrayP 8>)
+448: p49 = getarrayitem_gc_r(p37, 5, descr=<ArrayP 8>)
+456: p51 = getarrayitem_gc_r(p37, 6, descr=<ArrayP 8>)
+464: p53 = getarrayitem_gc_r(p37, 7, descr=<ArrayP 8>)
+472: p55 = getarrayitem_gc_r(p37, 8, descr=<ArrayP 8>)
+480: p57 = getarrayitem_gc_r(p37, 9, descr=<ArrayP 8>)
+488: p59 = getarrayitem_gc_r(p37, 10, descr=<ArrayP 8>)
+496: p61 = getarrayitem_gc_r(p37, 11, descr=<ArrayP 8>)
+504: p63 = getarrayitem_gc_r(p37, 12, descr=<ArrayP 8>)
+512: p65 = getarrayitem_gc_r(p37, 13, descr=<ArrayP 8>)
+520: p67 = getarrayitem_gc_r(p37, 14, descr=<ArrayP 8>)
+528: p69 = getarrayitem_gc_r(p37, 15, descr=<ArrayP 8>)
+532: label(p0, p1, p2, p3, i6, i8, i10, i12, i14, i16, i18, i20, i22, i24, i26, i28, i30, i32, i34, i36, p39, p41, p43, p45, p47, p49, p51, p53, p55, p57, p59, p61, p63, p65, p67, p69, descr=TargetToken(5510826368))
debug_merge_point(0, 0, '5039<main.rpyeffect:42([switch case for 0#96])>+0: {"op": "Const". "type": "num". "out": 2. "value": 0}')
+592: guard_not_invalidated(descr=<Guard0x1488c46a8>) [p2, i6, i8, i10, i12, i14, i16, i18, i20, i22, i24, i26, i28, i30, i32, i34, i36, p39, p41, p43, p45, p47, p49, p51, p53, p55, p57, p59, p61, p63, p65, p67, p69, p0, p1, p3]
debug_merge_point(0, 0, '5039<main.rpyeffect:42([switch case for 0#96])>+1: {"op": "Const". "type": "ptr". "out": 0. "format": "string". "value": "Name(import$std/core/hnd)"}')
debug_merge_point(0, 0, '5039<main.rpyeffect:42([switch case for 0#96])>+2: {"op": "PrimOp". "name": "getGlobal(String): Ptr". "out": {"num": []. "ptr": [0]}. "in": {"num": []. "ptr": [0]}}')
debug_merge_point(0, 0, '5039<main.rpyeffect:42([switch case for 0#96])>+3: {"op": "Push". "target": 5038. "args": {"num": [2. 0. 1]. "ptr": []}}')
debug_merge_point(0, 0, '5039<main.rpyeffect:42([switch case for 0#96])>+4: {"op": "Jump". "target": 5024}')
debug_merge_point(0, 0, '5024<main.rpyeffect:27([mcore:[#103]#83])>+0: {"op": "Const". "type": "ptr". "out": 0. "format": "string". "value": "Name(import$std/core/hnd)"}')
debug_merge_point(0, 0, '5024<main.rpyeffect:27([mcore:[#103]#83])>+1: {"op": "PrimOp". "name": "getGlobal(String): Ptr". "out": {"num": []. "ptr": [0]}. "in": {"num": []. "ptr": [0]}}')
debug_merge_point(0, 0, '5024<main.rpyeffect:27([mcore:[#103]#83])>+2: {"op": "CallLib". "lib": "0". "symbol": "getCurrentEvv"}')
debug_merge_point(0, 0, '301<std_core_hnd.rpyeffect:0(Name(getCurrentEvv))>+0: {"op": "Const". "type": "ptr". "out": 0. "format": "string". "value": "current-evv"}')
debug_merge_point(0, 0, '301<std_core_hnd.rpyeffect:0(Name(getCurrentEvv))>+1: {"op": "PrimOp". "name": "getGlobal(String): Ptr". "out": {"num": []. "ptr": [0]}. "in": {"num": []. "ptr": [0]}}')
debug_merge_point(0, 0, '301<std_core_hnd.rpyeffect:0(Name(getCurrentEvv))>+2: {"op": "PrimOp". "name": "getRef(Ref[Ptr]): Ptr". "out": {"num": []. "ptr": [0]}. "in": {"num": []. "ptr": [0]}}')
+600: p71 = getfield_gc_r(ConstPtr(ptr70), descr=<FieldP rpyeffect.region.PtrRef.inst_value 8>)
debug_merge_point(0, 0, '301<std_core_hnd.rpyeffect:0(Name(getCurrentEvv))>+3: {"op": "Return". "args": {"num": []. "ptr": [0]}}')
debug_merge_point(0, 0, '5038<main.rpyeffect:41([k@[switch case for 0#96]#102])>+0: {"op": "PrimOp". "name": "promote_ptr". "out": {"num": []. "ptr": [0]}. "in": {"num": []. "ptr": [0]}}')
debug_merge_point(0, 0, '5038<main.rpyeffect:41([k@[switch case for 0#96]#102])>+1: {"op": "Const". "type": "ptr". "out": 1. "format": "string". "value": "Name(import$std/core/hnd)"}')
debug_merge_point(0, 0, '5038<main.rpyeffect:41([k@[switch case for 0#96]#102])>+2: {"op": "PrimOp". "name": "getGlobal(String): Ptr". "out": {"num": []. "ptr": [1]}. "in": {"num": []. "ptr": [1]}}')
debug_merge_point(0, 0, '5038<main.rpyeffect:41([k@[switch case for 0#96]#102])>+3: {"op": "Push". "target": 5037. "args": {"num": [1. 2]. "ptr": []}}')
debug_merge_point(0, 0, '5038<main.rpyeffect:41([k@[switch case for 0#96]#102])>+4: {"op": "Jump". "target": 5023}')
debug_merge_point(0, 0, '5023<main.rpyeffect:26([mcore:[#102]#77])>+0: {"op": "Const". "type": "ptr". "out": 1. "format": "string". "value": "Name(import$std/core/hnd)"}')
debug_merge_point(0, 0, '5023<main.rpyeffect:26([mcore:[#102]#77])>+1: {"op": "PrimOp". "name": "getGlobal(String): Ptr". "out": {"num": []. "ptr": [1]}. "in": {"num": []. "ptr": [1]}}')
debug_merge_point(0, 0, '5023<main.rpyeffect:26([mcore:[#102]#77])>+2: {"op": "CallLib". "lib": "1". "symbol": "elt"}')
debug_merge_point(0, 0, '331<std_core_hnd.rpyeffect:30(Name(elt))>+0: {"op": "Switch". "scrutinee": 0. "values": [0]. "targets": [329]. "default": 330}')
debug_merge_point(0, 0, '329<std_core_hnd.rpyeffect:28([switch case for 0#86])>+0: {"op": "Proj". "out": 0. "type": Interned(evv). "scrutinee": 0. "tag": Interned(cons). "field": 0. "field_type": "ptr"}')
+604: p72 = getfield_gc_r(p71, descr=<FieldP rpyeffect.stored_environment.Data__arb_arb.inst_tag 8>)
+612: guard_value(p72, ConstPtr(ptr73), descr=<Guard0x1487939a0>) [p2, i6, i8, i10, i12, i14, i16, i18, i20, i22, i24, i26, i28, i30, i32, i34, i36, p39, p41, p43, p45, p47, p49, p51, p53, p55, p57, p59, p61, p63, p65, p67, p69, p0, p1, p3]
+620: guard_class(p71, ConstClass(Data__0_2), descr=<Guard0x1487939e0>) [p2, i6, i8, i10, i12, i14, i16, i18, i20, i22, i24, i26, i28, i30, i32, i34, i36, p39, p41, p43, p45, p47, p49, p51, p53, p55, p57, p59, p61, p63, p65, p67, p69, p0, p1, p3]
+636: p75 = getfield_gc_r(p71, descr=<FieldP rpyeffect.stored_environment.Data__0_2.inst_values_ptr_0 32 pure>)
debug_merge_point(0, 0, '329<std_core_hnd.rpyeffect:28([switch case for 0#86])>+1: {"op": "Return". "args": {"num": []. "ptr": [0]}}')
debug_merge_point(0, 0, '5037<main.rpyeffect:40([k@[k@[switch case for 0#96]#102]#110])>+0: {"op": "Push". "target": 5027. "args": {"num": [0. 1]. "ptr": []}}')
debug_merge_point(0, 0, '5037<main.rpyeffect:40([k@[k@[switch case for 0#96]#102]#110])>+1: {"op": "Match". "type": Interned(std/core/hnd/ev). "scrutinee": 0. "clauses": [{"tag": Interned(std/core/hnd/Ev). "target": 5036. "args": {"num": []. "ptr": [1. 2. 3. 4]}}]. "default": {"tag": Interned(f57803dc-acce-49a1-b59f-636af7df14d6#[Missing Tag#706]). "target": 5028. "args": {"num": []. "ptr": []}}}')
+640: p76 = getfield_gc_r(p75, descr=<FieldP rpyeffect.stored_environment.Data__arb_arb.inst_tag 8>)
+648: guard_value(p76, ConstPtr(ptr77), descr=<Guard0x148793a20>) [p2, i6, i8, i10, i12, i14, i16, i18, i20, i22, i24, i26, i28, i30, i32, i34, i36, p39, p41, p43, p45, p47, p49, p51, p53, p55, p57, p59, p61, p63, p65, p67, p69, p0, p1, p3]
+656: p78 = getfield_gc_r(p75, descr=<FieldP rpyeffect.stored_environment.Data__arb_arb.inst_values_ptr 24 pure>)
+660: p80 = getarrayitem_gc_pure_r(p78, 0, descr=<ArrayP 8>)
+660: p82 = getarrayitem_gc_pure_r(p78, 1, descr=<ArrayP 8>)
+664: p84 = getarrayitem_gc_pure_r(p78, 2, descr=<ArrayP 8>)
+668: p86 = getarrayitem_gc_pure_r(p78, 3, descr=<ArrayP 8>)
debug_merge_point(0, 0, '5036<main.rpyeffect:39([#123])>+0: {"op": "Copy". "type": "ptr". "from": 0. "to". 1}')
debug_merge_point(0, 0, '5036<main.rpyeffect:39([#123])>+1: {"op": "Copy". "type": "ptr". "from": 2. "to". 0}')
debug_merge_point(0, 0, '5036<main.rpyeffect:39([#123])>+2: {"op": "Match". "type": Interned(main/operator). "scrutinee": 3. "clauses": [{"tag": Interned(main/@Hnd-operator). "target": 5035. "args": {"num": [1]. "ptr": [2]}}]. "default": {"tag": Interned(f57803dc-acce-49a1-b59f-636af7df14d6#[Missing Tag#705]). "target": 5030. "args": {"num": []. "ptr": []}}}')
+672: p87 = getfield_gc_r(p84, descr=<FieldP rpyeffect.stored_environment.Data__arb_arb.inst_tag 8>)
+680: guard_value(p87, ConstPtr(ptr88), descr=<Guard0x148793a60>) [p2, i6, i8, i10, i12, i14, i16, i18, i20, i22, i24, i26, i28, i30, i32, i34, i36, p39, p41, p43, p45, p47, p49, p51, p53, p55, p57, p59, p61, p63, p65, p67, p69, p0, p1, p3]
+688: i89 = getfield_gc_i(p84, descr=<FieldS rpyeffect.stored_environment.Data__1_1.inst_values_num_0 32 pure>)
+688: p90 = getfield_gc_r(p84, descr=<FieldP rpyeffect.stored_environment.Data__1_1.inst_values_ptr_0 40 pure>)
debug_merge_point(0, 0, '5035<main.rpyeffect:38([match_main/@Hnd-operator@[#123]#128])>+0: {"op": "Match". "type": Interned(std/core/hnd/clause1). "scrutinee": 2. "clauses": [{"tag": Interned(std/core/hnd/Clause1). "target": 5034. "args": {"num": []. "ptr": [2]}}]. "default": {"tag": Interned(f57803dc-acce-49a1-b59f-636af7df14d6#[Missing Tag#704]). "target": 5032. "args": {"num": []. "ptr": []}}}')
+692: p91 = getfield_gc_r(p90, descr=<FieldP rpyeffect.stored_environment.Data__arb_arb.inst_tag 8>)
+700: guard_value(p91, ConstPtr(ptr92), descr=<Guard0x148793aa0>) [p2, i6, i8, i10, i12, i14, i16, i18, i20, i22, i24, i26, i28, i30, i32, i34, i36, p39, p41, p43, p45, p47, p49, p51, p53, p55, p57, p59, p61, p63, p65, p67, p69, p0, p1, p3]
+708: p93 = getfield_gc_r(p90, descr=<FieldP rpyeffect.stored_environment.Data__0_1.inst_values_ptr_0 32 pure>)
debug_merge_point(0, 0, '5034<main.rpyeffect:37([#133])>+0: {"op": "PrimOp". "name": "box(Num): Ptr". "out": {"num": []. "ptr": [3]}. "in": {"num": [0]. "ptr": []}}')
debug_merge_point(0, 0, '5034<main.rpyeffect:37([#133])>+1: {"op": "Push". "target": 5033. "args": {"num": []. "ptr": []}}')
debug_merge_point(0, 0, '5034<main.rpyeffect:37([#133])>+2: {"op": "Swap". "type": "ptr". "a": 3. "b". 2}')
debug_merge_point(0, 0, '5034<main.rpyeffect:37([#133])>+3: {"op": "Invoke". "receiver": 3. "tag": Interned(%apply(ppp):p). "args" : {"num": []. "ptr": [0. 1. 2]}}')
+712: p94 = getfield_gc_r(p93, descr=<FieldP rpyeffect.stored_environment.CoData__arb_arb.inst_vtable 24 pure>)
+720: guard_value(p94, ConstPtr(ptr95), descr=<Guard0x148793ae0>) [p2, i6, i8, i10, i12, i14, i16, i18, i20, i22, i24, i26, i28, i30, i32, i34, i36, p39, p41, p43, p45, p47, p49, p51, p53, p55, p57, p59, p61, p63, p65, p67, p69, p0, p1, p3]
debug_merge_point(0, 0, '5069<main.rpyeffect:72([method_%apply(ppp):p@[mcore:[#151]#242]#264])>+0: {"op": "Const". "type": "ptr". "out": 3. "format": "string". "value": "Name(import$std/core/hnd)"}')
debug_merge_point(0, 0, '5069<main.rpyeffect:72([method_%apply(ppp):p@[mcore:[#151]#242]#264])>+1: {"op": "PrimOp". "name": "getGlobal(String): Ptr". "out": {"num": []. "ptr": [3]}. "in": {"num": []. "ptr": [3]}}')
debug_merge_point(0, 0, '5069<main.rpyeffect:72([method_%apply(ppp):p@[mcore:[#151]#242]#264])>+2: {"op": "PrimOp". "name": "unbox(Ptr): Num". "out": {"num": [0]. "ptr": []}. "in": {"num": []. "ptr": [2]}}')
debug_merge_point(0, 0, '5069<main.rpyeffect:72([method_%apply(ppp):p@[mcore:[#151]#242]#264])>+3: {"op": "Copy". "type": "ptr". "from": 3. "to". 2}')
debug_merge_point(0, 0, '5069<main.rpyeffect:72([method_%apply(ppp):p@[mcore:[#151]#242]#264])>+4: {"op": "Jump". "target": 5061}')
debug_merge_point(0, 0, '5061<main.rpyeffect:64([mcore:[#140]#209])>+0: {"op": "New". "out": 1. "targets": [5058. 5060]. "args": {"num": [0]. "ptr": []}}')
debug_merge_point(0, 0, '5061<main.rpyeffect:64([mcore:[#140]#209])>+1: {"op": "Const". "type": "ptr". "out": 2. "format": "string". "value": "Name(import$std/core/hnd)"}')
debug_merge_point(0, 0, '5061<main.rpyeffect:64([mcore:[#140]#209])>+2: {"op": "PrimOp". "name": "getGlobal(String): Ptr". "out": {"num": []. "ptr": [2]}. "in": {"num": []. "ptr": [2]}}')
debug_merge_point(0, 0, '5061<main.rpyeffect:64([mcore:[#140]#209])>+3: {"op": "Jump". "target": 5044}')
debug_merge_point(0, 0, '5044<main.rpyeffect:47([mcore:[#122]#148])>+0: {"op": "Const". "type": "ptr". "out": 2. "format": "string". "value": "Name(import$std/core/hnd)"}')
debug_merge_point(0, 0, '5044<main.rpyeffect:47([mcore:[#122]#148])>+1: {"op": "PrimOp". "name": "getGlobal(String): Ptr". "out": {"num": []. "ptr": [2]}. "in": {"num": []. "ptr": [2]}}')
debug_merge_point(0, 0, '5044<main.rpyeffect:47([mcore:[#122]#148])>+2: {"op": "CallLib". "lib": "2". "symbol": "std/core/hnd/yield-to"}')
debug_merge_point(0, 0, '1022<std_core_hnd.rpyeffect:721([mcore:[#893]#2108])>+0: {"op": "Push". "target": 1021. "args": {"num": []. "ptr": [1. 0]}}')
debug_merge_point(0, 0, '1022<std_core_hnd.rpyeffect:721([mcore:[#893]#2108])>+1: {"op": "Jump". "target": 509}')
debug_merge_point(0, 0, '509<std_core_hnd.rpyeffect:208([mcore:[#471]#472])>+0: {"op": "Jump". "target": 301}')
debug_merge_point(0, 0, '301<std_core_hnd.rpyeffect:0(Name(getCurrentEvv))>+0: {"op": "Const". "type": "ptr". "out": 0. "format": "string". "value": "current-evv"}')
debug_merge_point(0, 0, '301<std_core_hnd.rpyeffect:0(Name(getCurrentEvv))>+1: {"op": "PrimOp". "name": "getGlobal(String): Ptr". "out": {"num": []. "ptr": [0]}. "in": {"num": []. "ptr": [0]}}')
debug_merge_point(0, 0, '301<std_core_hnd.rpyeffect:0(Name(getCurrentEvv))>+2: {"op": "PrimOp". "name": "getRef(Ref[Ptr]): Ptr". "out": {"num": []. "ptr": [0]}. "in": {"num": []. "ptr": [0]}}')
debug_merge_point(0, 0, '301<std_core_hnd.rpyeffect:0(Name(getCurrentEvv))>+3: {"op": "Return". "args": {"num": []. "ptr": [0]}}')
debug_merge_point(0, 0, '1021<std_core_hnd.rpyeffect:720([k@[mcore:[#893]#2108]#2110])>+0: {"op": "Push". "target": 1020. "args": {"num": []. "ptr": [0]}}')
debug_merge_point(0, 0, '1021<std_core_hnd.rpyeffect:720([k@[mcore:[#893]#2108]#2110])>+1: {"op": "Copy". "type": "ptr". "from": 2. "to". 0}')
debug_merge_point(0, 0, '1021<std_core_hnd.rpyeffect:720([k@[mcore:[#893]#2108]#2110])>+2: {"op": "Jump". "target": 507}')
debug_merge_point(0, 0, '507<std_core_hnd.rpyeffect:206([mcore:[#470]#437])>+0: {"op": "Const". "type": "num". "out": 0. "value": 0}')
debug_merge_point(0, 0, '507<std_core_hnd.rpyeffect:206([mcore:[#470]#437])>+1: {"op": "ShiftDyn". "out": 0. "n": 0. "label": 0}')
+728: i96 = instance_ptr_eq(p0, p82)
guard_true(i96, descr=<Guard0x148793b20>) [p2, i6, i8, i10, i12, i14, i16, i18, i20, i22, i24, i26, i28, i30, i32, i34, i36, p39, p41, p43, p45, p47, p49, p51, p53, p55, p57, p59, p61, p63, p65, p67, p69, p0, p1, p3]
+740: guard_nonnull_class(p3, 4309429248, descr=<Guard0x1488c4700>) [p2, i6, i8, i10, i12, i14, i16, i18, i20, i22, i24, i26, i28, i30, i32, i34, i36, p39, p41, p43, p45, p47, p49, p51, p53, p55, p57, p59, p61, p63, p65, p67, p69, p0, p1, p3]
+768: p98 = getfield_gc_r(p3, descr=<FieldP rpyeffect.stack.MetaStackLike.inst_stack 8 pure>)
+772: p99 = getfield_gc_r(p3, descr=<FieldP rpyeffect.stack.MetaStack.inst_label 16 pure>)
+776: p100 = getfield_gc_r(p3, descr=<FieldP rpyeffect.stack.MetaStack.inst_tail 32 pure>)
+780: guard_nonnull(p98, descr=<Guard0x148793b60>) [p2, i6, i8, i10, i12, i14, i16, i18, i20, i22, i24, i26, i28, i30, i32, i34, i36, p39, p41, p43, p45, p47, p49, p51, p53, p55, p57, p59, p61, p63, p65, p67, p69, p0, p1, p3]
+788: i101 = getfield_gc_i(p98, descr=<FieldS rpyeffect.stored_environment.Stack__arb_arb.inst_target 16 pure>)
+792: guard_value(i101, 501, descr=<Guard0x148793ba0>) [p2, i6, i8, i10, i12, i14, i16, i18, i20, i22, i24, i26, i28, i30, i32, i34, i36, p39, p41, p43, p45, p47, p49, p51, p53, p55, p57, p59, p61, p63, p65, p67, p69, p0, p1, p3]
debug_merge_point(0, 0, '507<std_core_hnd.rpyeffect:206([mcore:[#470]#437])>+2: {"op": "New". "out": 0. "targets": [500. 502. 504. 506]. "args": {"num": []. "ptr": [0]}}')
debug_merge_point(0, 0, '507<std_core_hnd.rpyeffect:206([mcore:[#470]#437])>+3: {"op": "Invoke". "receiver": 1. "tag": Interned(%apply(p):p). "args" : {"num": []. "ptr": [0]}}')
debug_merge_point(0, 0, '5058<main.rpyeffect:61([method_%apply(p):p@[mcore:[#140]#209]#213])>+0: {"op": "Const". "type": "ptr". "out": 1. "format": "string". "value": "Name(import$std/core/hnd)"}')
debug_merge_point(0, 0, '5058<main.rpyeffect:61([method_%apply(p):p@[mcore:[#140]#209]#213])>+1: {"op": "PrimOp". "name": "getGlobal(String): Ptr". "out": {"num": []. "ptr": [1]}. "in": {"num": []. "ptr": [1]}}')
debug_merge_point(0, 0, '5058<main.rpyeffect:61([method_%apply(p):p@[mcore:[#140]#209]#213])>+2: {"op": "PrimOp". "name": "box(Num): Ptr". "out": {"num": []. "ptr": [2]}. "in": {"num": [0]. "ptr": []}}')
debug_merge_point(0, 0, '5058<main.rpyeffect:61([method_%apply(p):p@[mcore:[#140]#209]#213])>+3: {"op": "Jump". "target": 5056}')
debug_merge_point(0, 0, '5056<main.rpyeffect:59([mcore:[#138]#174])>+0: {"op": "New". "out": 1. "targets": [5049. 5051. 5053. 5055]. "args": {"num": []. "ptr": []}}')
debug_merge_point(0, 0, '5056<main.rpyeffect:59([mcore:[#138]#174])>+1: {"op": "Const". "type": "ptr". "out": 3. "format": "string". "value": "Name(import$std/core/hnd)"}')
debug_merge_point(0, 0, '5056<main.rpyeffect:59([mcore:[#138]#174])>+2: {"op": "PrimOp". "name": "getGlobal(String): Ptr". "out": {"num": []. "ptr": [3]}. "in": {"num": []. "ptr": [3]}}')
debug_merge_point(0, 0, '5056<main.rpyeffect:59([mcore:[#138]#174])>+3: {"op": "Swap". "type": "ptr". "a": 2. "b". 0}')
debug_merge_point(0, 0, '5056<main.rpyeffect:59([mcore:[#138]#174])>+4: {"op": "Jump". "target": 5045}')
debug_merge_point(0, 0, '5045<main.rpyeffect:48([mcore:[#125]#154])>+0: {"op": "Const". "type": "ptr". "out": 3. "format": "string". "value": "Name(import$std/core/hnd)"}')
debug_merge_point(0, 0, '5045<main.rpyeffect:48([mcore:[#125]#154])>+1: {"op": "PrimOp". "name": "getGlobal(String): Ptr". "out": {"num": []. "ptr": [3]}. "in": {"num": []. "ptr": [3]}}')
debug_merge_point(0, 0, '5045<main.rpyeffect:48([mcore:[#125]#154])>+2: {"op": "CallLib". "lib": "3". "symbol": "std/core/hnd/protect"}')
debug_merge_point(0, 0, '495<std_core_hnd.rpyeffect:194([mcore:[#466]#434])>+0: {"op": "Swap". "type": "ptr". "a": 1. "b". 2}')
debug_merge_point(0, 0, '495<std_core_hnd.rpyeffect:194([mcore:[#466]#434])>+1: {"op": "Invoke". "receiver": 2. "tag": Interned(%apply(pp):p). "args" : {"num": []. "ptr": [0. 1]}}')
debug_merge_point(0, 0, '5055<main.rpyeffect:58([method_%apply(pp):p@[mcore:[#138]#174]#196])>+0: {"op": "PrimOp". "name": "unbox(Ptr): Num". "out": {"num": [0]. "ptr": []}. "in": {"num": []. "ptr": [0]}}')
debug_merge_point(0, 0, '5055<main.rpyeffect:58([method_%apply(pp):p@[mcore:[#138]#174]#196])>+1: {"op": "Push". "target": 5054. "args": {"num": []. "ptr": []}}')
debug_merge_point(0, 0, '5055<main.rpyeffect:58([method_%apply(pp):p@[mcore:[#138]#174]#196])>+2: {"op": "Copy". "type": "ptr". "from": 1. "to". 0}')
debug_merge_point(0, 0, '5055<main.rpyeffect:58([method_%apply(pp):p@[mcore:[#138]#174]#196])>+3: {"op": "Jump". "target": 5047}')
debug_merge_point(0, 0, '5047<main.rpyeffect:50([mcore:[#135]#161])>+0: {"op": "Construct". "out": 1. "type": Interned(Unit). "tag": Interned(unit). "args": {"num": []. "ptr": []}}')
debug_merge_point(0, 0, '5047<main.rpyeffect:50([mcore:[#135]#161])>+1: {"op": "Push". "target": 5046. "args": {"num": [0]. "ptr": []}}')
debug_merge_point(0, 0, '5047<main.rpyeffect:50([mcore:[#135]#161])>+2: {"op": "Swap". "type": "ptr". "a": 1. "b". 0}')
debug_merge_point(0, 0, '5047<main.rpyeffect:50([mcore:[#135]#161])>+3: {"op": "Invoke". "receiver": 1. "tag": Interned(%apply(p):n). "args" : {"num": []. "ptr": [0]}}')
debug_merge_point(0, 0, '502<std_core_hnd.rpyeffect:201([method_%apply(p):n@[mcore:[#470]#437]#449])>+0: {"op": "Push". "target": 501. "args": {"num": []. "ptr": []}}')
debug_merge_point(0, 0, '502<std_core_hnd.rpyeffect:201([method_%apply(p):n@[mcore:[#470]#437]#449])>+1: {"op": "Jump". "target": 497}')
debug_merge_point(0, 0, '497<std_core_hnd.rpyeffect:196([mcore:[#469]#436])>+0: {"op": "PushStack". "arg": 1}')
debug_merge_point(0, 0, '497<std_core_hnd.rpyeffect:196([mcore:[#469]#436])>+1: {"op": "Return". "args": {"num": []. "ptr": [0]}}')
debug_merge_point(0, 0, '1020<std_core_hnd.rpyeffect:719([k@[k@[mcore:[#893]#2108]#2110]#2112])>+0: {"op": "Const". "type": "ptr". "out": 2. "format": "string". "value": "Name(import$std/core/hnd)"}')
debug_merge_point(0, 0, '1020<std_core_hnd.rpyeffect:719([k@[k@[mcore:[#893]#2108]#2110]#2112])>+1: {"op": "PrimOp". "name": "getGlobal(String): Ptr". "out": {"num": []. "ptr": [2]}. "in": {"num": []. "ptr": [2]}}')
debug_merge_point(0, 0, '1020<std_core_hnd.rpyeffect:719([k@[k@[mcore:[#893]#2108]#2110]#2112])>+2: {"op": "Push". "target": 1019. "args": {"num": []. "ptr": [0]}}')
debug_merge_point(0, 0, '1020<std_core_hnd.rpyeffect:719([k@[k@[mcore:[#893]#2108]#2110]#2112])>+3: {"op": "Copy". "type": "ptr". "from": 1. "to". 0}')
debug_merge_point(0, 0, '1020<std_core_hnd.rpyeffect:719([k@[k@[mcore:[#893]#2108]#2110]#2112])>+4: {"op": "Copy". "type": "ptr". "from": 2. "to". 1}')
debug_merge_point(0, 0, '1020<std_core_hnd.rpyeffect:719([k@[k@[mcore:[#893]#2108]#2110]#2112])>+5: {"op": "Jump". "target": 1018}')
debug_merge_point(0, 0, '1018<std_core_hnd.rpyeffect:717([mcore:[#892]#2103])>+0: {"op": "Const". "type": "ptr". "out": 1. "format": "string". "value": "Name(import$std/core/hnd)"}')
debug_merge_point(0, 0, '1018<std_core_hnd.rpyeffect:717([mcore:[#892]#2103])>+1: {"op": "PrimOp". "name": "getGlobal(String): Ptr". "out": {"num": []. "ptr": [1]}. "in": {"num": []. "ptr": [1]}}')
debug_merge_point(0, 0, '1018<std_core_hnd.rpyeffect:717([mcore:[#892]#2103])>+2: {"op": "CallLib". "lib": "1". "symbol": "setCurrentEvv"}')
debug_merge_point(0, 0, '302<std_core_hnd.rpyeffect:1(Name(setCurrentEvv))>+0: {"op": "Const". "type": "ptr". "out": 1. "format": "string". "value": "current-evv"}')
debug_merge_point(0, 0, '302<std_core_hnd.rpyeffect:1(Name(setCurrentEvv))>+1: {"op": "PrimOp". "name": "getGlobal(String): Ptr". "out": {"num": []. "ptr": [1]}. "in": {"num": []. "ptr": [1]}}')
debug_merge_point(0, 0, '302<std_core_hnd.rpyeffect:1(Name(setCurrentEvv))>+2: {"op": "PrimOp". "name": "setRef(Ref[Ptr]. Ptr): Unit". "out": {"num": []. "ptr": [0]}. "in": {"num": []. "ptr": [1. 0]}}')
debug_merge_point(0, 0, '302<std_core_hnd.rpyeffect:1(Name(setCurrentEvv))>+3: {"op": "Return". "args": {"num": []. "ptr": [0]}}')
debug_merge_point(0, 0, '1019<std_core_hnd.rpyeffect:718([k@[k@[k@[mcore:[#893]#2108]#2110]#2112]#2117])>+0: {"op": "Copy". "type": "ptr". "from": 1. "to". 0}')
debug_merge_point(0, 0, '1019<std_core_hnd.rpyeffect:718([k@[k@[k@[mcore:[#893]#2108]#2110]#2112]#2117])>+1: {"op": "Return". "args": {"num": []. "ptr": [0]}}')
debug_merge_point(0, 0, '5033<main.rpyeffect:36([k@[#133]#138])>+0: {"op": "Return". "args": {"num": []. "ptr": [0]}}')
+804: guard_nonnull(p1, descr=<Guard0x148793be0>) [p2, i6, i8, i10, i12, i14, i16, i18, i20, i22, i24, i26, i28, i30, i32, i34, i36, p39, p41, p43, p45, p47, p49, p51, p53, p55, p57, p59, p61, p63, p65, p67, p69, p0, p1, p3]
+816: i103 = getfield_gc_i(p1, descr=<FieldS rpyeffect.stored_environment.Stack__arb_arb.inst_target 16 pure>)
+824: guard_value(i103, 5082, descr=<Guard0x148793c20>) [p2, i6, i8, i10, i12, i14, i16, i18, i20, i22, i24, i26, i28, i30, i32, i34, i36, p39, p41, p43, p45, p47, p49, p51, p53, p55, p57, p59, p61, p63, p65, p67, p69, p0, p1, p3]
debug_merge_point(0, 0, '5027<main.rpyeffect:30([#112])>+0: {"op": "Const". "type": "num". "out": 2. "value": 1}')
debug_merge_point(0, 0, '5027<main.rpyeffect:30([#112])>+1: {"op": "PrimOp". "name": "infixSub(Int. Int): Int". "out": {"num": [0]. "ptr": []}. "in": {"num": [0. 2]. "ptr": []}}')
+836: i106 = int_sub(i6, 1)
debug_merge_point(0, 0, '5027<main.rpyeffect:30([#112])>+2: {"op": "Const". "type": "ptr". "out": 0. "format": "string". "value": "Name(import$std/core/hnd)"}')
debug_merge_point(0, 0, '5027<main.rpyeffect:30([#112])>+3: {"op": "PrimOp". "name": "getGlobal(String): Ptr". "out": {"num": []. "ptr": [0]}. "in": {"num": []. "ptr": [0]}}')
debug_merge_point(0, 0, '5027<main.rpyeffect:30([#112])>+4: {"op": "Jump". "target": 5042}')
debug_merge_point(0, 0, '5042<main.rpyeffect:45([mcore:[#116]#87])>+0: {"op": "Const". "type": "num". "out": 2. "value": 0}')
debug_merge_point(0, 0, '5042<main.rpyeffect:45([mcore:[#116]#87])>+1: {"op": "PrimOp". "name": "infixEq(Int. Int): Boolean". "out": {"num": [2]. "ptr": []}. "in": {"num": [0. 2]. "ptr": []}}')
+840: i108 = int_eq(i106, 0)
guard_false(i108, descr=<Guard0x148793c60>) [p2, i6, i8, i10, i12, i14, i16, i18, i20, i22, i24, i26, i28, i30, i32, i34, i36, p39, p41, p43, p45, p47, p49, p51, p53, p55, p57, p59, p61, p63, p65, p67, p69, p0, p1, p3]
debug_merge_point(0, 0, '5042<main.rpyeffect:45([mcore:[#116]#87])>+2: {"op": "Switch". "scrutinee": 2. "values": [1]. "targets": [5025]. "default": 5041}')
debug_merge_point(0, 0, '5041<main.rpyeffect:44([switch default case#92])>+0: {"op": "Const". "type": "num". "out": 2. "value": 0}')
debug_merge_point(0, 0, '5041<main.rpyeffect:44([switch default case#92])>+1: {"op": "PrimOp". "name": "infixEq(Int. Int): Boolean". "out": {"num": [2]. "ptr": []}. "in": {"num": [0. 2]. "ptr": []}}')
debug_merge_point(0, 0, '5041<main.rpyeffect:44([switch default case#92])>+2: {"op": "Switch". "scrutinee": 2. "values": [0]. "targets": [5039]. "default": 5040}')
debug_merge_point(0, 0, '5039<main.rpyeffect:42([switch case for 0#96])>+0: {"op": "Const". "type": "num". "out": 2. "value": 0}')
+848: p109 = same_as_r(p86)
+852: label(p0, p1, p2, p98, i6, p99, p100, i106, i8, i12, i14, i16, i18, i20, i22, i24, i26, i28, i30, i32, i34, i36, p86, p49, p51, p53, p55, p57, p59, p61, p63, p65, p67, p69, p71, p75, p84, p90, p93, p109, p78, descr=TargetToken(5510826448))
debug_merge_point(0, 0, '5039<main.rpyeffect:42([switch case for 0#96])>+0: {"op": "Const". "type": "num". "out": 2. "value": 0}')
+892: guard_not_invalidated(descr=<Guard0x1488c4758>) [p2, i106, i8, i12, i14, i16, i18, i20, i22, i24, i26, i28, i30, i32, i34, i36, p86, p49, p51, p53, p55, p57, p59, p61, p63, p65, p67, p69, p0, p1, p98, i6, p100, p99]
debug_merge_point(0, 0, '5039<main.rpyeffect:42([switch case for 0#96])>+1: {"op": "Const". "type": "ptr". "out": 0. "format": "string". "value": "Name(import$std/core/hnd)"}')
debug_merge_point(0, 0, '5039<main.rpyeffect:42([switch case for 0#96])>+2: {"op": "PrimOp". "name": "getGlobal(String): Ptr". "out": {"num": []. "ptr": [0]}. "in": {"num": []. "ptr": [0]}}')
debug_merge_point(0, 0, '5039<main.rpyeffect:42([switch case for 0#96])>+3: {"op": "Push". "target": 5038. "args": {"num": [2. 0. 1]. "ptr": []}}')
debug_merge_point(0, 0, '5039<main.rpyeffect:42([switch case for 0#96])>+4: {"op": "Jump". "target": 5024}')
debug_merge_point(0, 0, '5024<main.rpyeffect:27([mcore:[#103]#83])>+0: {"op": "Const". "type": "ptr". "out": 0. "format": "string". "value": "Name(import$std/core/hnd)"}')
debug_merge_point(0, 0, '5024<main.rpyeffect:27([mcore:[#103]#83])>+1: {"op": "PrimOp". "name": "getGlobal(String): Ptr". "out": {"num": []. "ptr": [0]}. "in": {"num": []. "ptr": [0]}}')
debug_merge_point(0, 0, '5024<main.rpyeffect:27([mcore:[#103]#83])>+2: {"op": "CallLib". "lib": "0". "symbol": "getCurrentEvv"}')
debug_merge_point(0, 0, '301<std_core_hnd.rpyeffect:0(Name(getCurrentEvv))>+0: {"op": "Const". "type": "ptr". "out": 0. "format": "string". "value": "current-evv"}')
debug_merge_point(0, 0, '301<std_core_hnd.rpyeffect:0(Name(getCurrentEvv))>+1: {"op": "PrimOp". "name": "getGlobal(String): Ptr". "out": {"num": []. "ptr": [0]}. "in": {"num": []. "ptr": [0]}}')
debug_merge_point(0, 0, '301<std_core_hnd.rpyeffect:0(Name(getCurrentEvv))>+2: {"op": "PrimOp". "name": "getRef(Ref[Ptr]): Ptr". "out": {"num": []. "ptr": [0]}. "in": {"num": []. "ptr": [0]}}')
debug_merge_point(0, 0, '301<std_core_hnd.rpyeffect:0(Name(getCurrentEvv))>+3: {"op": "Return". "args": {"num": []. "ptr": [0]}}')
debug_merge_point(0, 0, '5038<main.rpyeffect:41([k@[switch case for 0#96]#102])>+0: {"op": "PrimOp". "name": "promote_ptr". "out": {"num": []. "ptr": [0]}. "in": {"num": []. "ptr": [0]}}')
debug_merge_point(0, 0, '5038<main.rpyeffect:41([k@[switch case for 0#96]#102])>+1: {"op": "Const". "type": "ptr". "out": 1. "format": "string". "value": "Name(import$std/core/hnd)"}')
debug_merge_point(0, 0, '5038<main.rpyeffect:41([k@[switch case for 0#96]#102])>+2: {"op": "PrimOp". "name": "getGlobal(String): Ptr". "out": {"num": []. "ptr": [1]}. "in": {"num": []. "ptr": [1]}}')
debug_merge_point(0, 0, '5038<main.rpyeffect:41([k@[switch case for 0#96]#102])>+3: {"op": "Push". "target": 5037. "args": {"num": [1. 2]. "ptr": []}}')
debug_merge_point(0, 0, '5038<main.rpyeffect:41([k@[switch case for 0#96]#102])>+4: {"op": "Jump". "target": 5023}')
debug_merge_point(0, 0, '5023<main.rpyeffect:26([mcore:[#102]#77])>+0: {"op": "Const". "type": "ptr". "out": 1. "format": "string". "value": "Name(import$std/core/hnd)"}')
debug_merge_point(0, 0, '5023<main.rpyeffect:26([mcore:[#102]#77])>+1: {"op": "PrimOp". "name": "getGlobal(String): Ptr". "out": {"num": []. "ptr": [1]}. "in": {"num": []. "ptr": [1]}}')
debug_merge_point(0, 0, '5023<main.rpyeffect:26([mcore:[#102]#77])>+2: {"op": "CallLib". "lib": "1". "symbol": "elt"}')
debug_merge_point(0, 0, '331<std_core_hnd.rpyeffect:30(Name(elt))>+0: {"op": "Switch". "scrutinee": 0. "values": [0]. "targets": [329]. "default": 330}')
debug_merge_point(0, 0, '329<std_core_hnd.rpyeffect:28([switch case for 0#86])>+0: {"op": "Proj". "out": 0. "type": Interned(evv). "scrutinee": 0. "tag": Interned(cons). "field": 0. "field_type": "ptr"}')
debug_merge_point(0, 0, '329<std_core_hnd.rpyeffect:28([switch case for 0#86])>+1: {"op": "Return". "args": {"num": []. "ptr": [0]}}')
debug_merge_point(0, 0, '5037<main.rpyeffect:40([k@[k@[switch case for 0#96]#102]#110])>+0: {"op": "Push". "target": 5027. "args": {"num": [0. 1]. "ptr": []}}')
debug_merge_point(0, 0, '5037<main.rpyeffect:40([k@[k@[switch case for 0#96]#102]#110])>+1: {"op": "Match". "type": Interned(std/core/hnd/ev). "scrutinee": 0. "clauses": [{"tag": Interned(std/core/hnd/Ev). "target": 5036. "args": {"num": []. "ptr": [1. 2. 3. 4]}}]. "default": {"tag": Interned(f57803dc-acce-49a1-b59f-636af7df14d6#[Missing Tag#706]). "target": 5028. "args": {"num": []. "ptr": []}}}')
debug_merge_point(0, 0, '5036<main.rpyeffect:39([#123])>+0: {"op": "Copy". "type": "ptr". "from": 0. "to". 1}')
debug_merge_point(0, 0, '5036<main.rpyeffect:39([#123])>+1: {"op": "Copy". "type": "ptr". "from": 2. "to". 0}')
debug_merge_point(0, 0, '5036<main.rpyeffect:39([#123])>+2: {"op": "Match". "type": Interned(main/operator). "scrutinee": 3. "clauses": [{"tag": Interned(main/@Hnd-operator). "target": 5035. "args": {"num": [1]. "ptr": [2]}}]. "default": {"tag": Interned(f57803dc-acce-49a1-b59f-636af7df14d6#[Missing Tag#705]). "target": 5030. "args": {"num": []. "ptr": []}}}')
debug_merge_point(0, 0, '5035<main.rpyeffect:38([match_main/@Hnd-operator@[#123]#128])>+0: {"op": "Match". "type": Interned(std/core/hnd/clause1). "scrutinee": 2. "clauses": [{"tag": Interned(std/core/hnd/Clause1). "target": 5034. "args": {"num": []. "ptr": [2]}}]. "default": {"tag": Interned(f57803dc-acce-49a1-b59f-636af7df14d6#[Missing Tag#704]). "target": 5032. "args": {"num": []. "ptr": []}}}')
debug_merge_point(0, 0, '5034<main.rpyeffect:37([#133])>+0: {"op": "PrimOp". "name": "box(Num): Ptr". "out": {"num": []. "ptr": [3]}. "in": {"num": [0]. "ptr": []}}')
debug_merge_point(0, 0, '5034<main.rpyeffect:37([#133])>+1: {"op": "Push". "target": 5033. "args": {"num": []. "ptr": []}}')
debug_merge_point(0, 0, '5034<main.rpyeffect:37([#133])>+2: {"op": "Swap". "type": "ptr". "a": 3. "b". 2}')
debug_merge_point(0, 0, '5034<main.rpyeffect:37([#133])>+3: {"op": "Invoke". "receiver": 3. "tag": Interned(%apply(ppp):p). "args" : {"num": []. "ptr": [0. 1. 2]}}')
debug_merge_point(0, 0, '5069<main.rpyeffect:72([method_%apply(ppp):p@[mcore:[#151]#242]#264])>+0: {"op": "Const". "type": "ptr". "out": 3. "format": "string". "value": "Name(import$std/core/hnd)"}')
debug_merge_point(0, 0, '5069<main.rpyeffect:72([method_%apply(ppp):p@[mcore:[#151]#242]#264])>+1: {"op": "PrimOp". "name": "getGlobal(String): Ptr". "out": {"num": []. "ptr": [3]}. "in": {"num": []. "ptr": [3]}}')
debug_merge_point(0, 0, '5069<main.rpyeffect:72([method_%apply(ppp):p@[mcore:[#151]#242]#264])>+2: {"op": "PrimOp". "name": "unbox(Ptr): Num". "out": {"num": [0]. "ptr": []}. "in": {"num": []. "ptr": [2]}}')
debug_merge_point(0, 0, '5069<main.rpyeffect:72([method_%apply(ppp):p@[mcore:[#151]#242]#264])>+3: {"op": "Copy". "type": "ptr". "from": 3. "to". 2}')
debug_merge_point(0, 0, '5069<main.rpyeffect:72([method_%apply(ppp):p@[mcore:[#151]#242]#264])>+4: {"op": "Jump". "target": 5061}')
debug_merge_point(0, 0, '5061<main.rpyeffect:64([mcore:[#140]#209])>+0: {"op": "New". "out": 1. "targets": [5058. 5060]. "args": {"num": [0]. "ptr": []}}')
debug_merge_point(0, 0, '5061<main.rpyeffect:64([mcore:[#140]#209])>+1: {"op": "Const". "type": "ptr". "out": 2. "format": "string". "value": "Name(import$std/core/hnd)"}')
debug_merge_point(0, 0, '5061<main.rpyeffect:64([mcore:[#140]#209])>+2: {"op": "PrimOp". "name": "getGlobal(String): Ptr". "out": {"num": []. "ptr": [2]}. "in": {"num": []. "ptr": [2]}}')
debug_merge_point(0, 0, '5061<main.rpyeffect:64([mcore:[#140]#209])>+3: {"op": "Jump". "target": 5044}')
debug_merge_point(0, 0, '5044<main.rpyeffect:47([mcore:[#122]#148])>+0: {"op": "Const". "type": "ptr". "out": 2. "format": "string". "value": "Name(import$std/core/hnd)"}')
debug_merge_point(0, 0, '5044<main.rpyeffect:47([mcore:[#122]#148])>+1: {"op": "PrimOp". "name": "getGlobal(String): Ptr". "out": {"num": []. "ptr": [2]}. "in": {"num": []. "ptr": [2]}}')
debug_merge_point(0, 0, '5044<main.rpyeffect:47([mcore:[#122]#148])>+2: {"op": "CallLib". "lib": "2". "symbol": "std/core/hnd/yield-to"}')
debug_merge_point(0, 0, '1022<std_core_hnd.rpyeffect:721([mcore:[#893]#2108])>+0: {"op": "Push". "target": 1021. "args": {"num": []. "ptr": [1. 0]}}')
debug_merge_point(0, 0, '1022<std_core_hnd.rpyeffect:721([mcore:[#893]#2108])>+1: {"op": "Jump". "target": 509}')
debug_merge_point(0, 0, '509<std_core_hnd.rpyeffect:208([mcore:[#471]#472])>+0: {"op": "Jump". "target": 301}')
debug_merge_point(0, 0, '301<std_core_hnd.rpyeffect:0(Name(getCurrentEvv))>+0: {"op": "Const". "type": "ptr". "out": 0. "format": "string". "value": "current-evv"}')
debug_merge_point(0, 0, '301<std_core_hnd.rpyeffect:0(Name(getCurrentEvv))>+1: {"op": "PrimOp". "name": "getGlobal(String): Ptr". "out": {"num": []. "ptr": [0]}. "in": {"num": []. "ptr": [0]}}')
debug_merge_point(0, 0, '301<std_core_hnd.rpyeffect:0(Name(getCurrentEvv))>+2: {"op": "PrimOp". "name": "getRef(Ref[Ptr]): Ptr". "out": {"num": []. "ptr": [0]}. "in": {"num": []. "ptr": [0]}}')
debug_merge_point(0, 0, '301<std_core_hnd.rpyeffect:0(Name(getCurrentEvv))>+3: {"op": "Return". "args": {"num": []. "ptr": [0]}}')
debug_merge_point(0, 0, '1021<std_core_hnd.rpyeffect:720([k@[mcore:[#893]#2108]#2110])>+0: {"op": "Push". "target": 1020. "args": {"num": []. "ptr": [0]}}')
debug_merge_point(0, 0, '1021<std_core_hnd.rpyeffect:720([k@[mcore:[#893]#2108]#2110])>+1: {"op": "Copy". "type": "ptr". "from": 2. "to". 0}')
debug_merge_point(0, 0, '1021<std_core_hnd.rpyeffect:720([k@[mcore:[#893]#2108]#2110])>+2: {"op": "Jump". "target": 507}')
debug_merge_point(0, 0, '507<std_core_hnd.rpyeffect:206([mcore:[#470]#437])>+0: {"op": "Const". "type": "num". "out": 0. "value": 0}')
debug_merge_point(0, 0, '507<std_core_hnd.rpyeffect:206([mcore:[#470]#437])>+1: {"op": "ShiftDyn". "out": 0. "n": 0. "label": 0}')
debug_merge_point(0, 0, '507<std_core_hnd.rpyeffect:206([mcore:[#470]#437])>+2: {"op": "New". "out": 0. "targets": [500. 502. 504. 506]. "args": {"num": []. "ptr": [0]}}')
debug_merge_point(0, 0, '507<std_core_hnd.rpyeffect:206([mcore:[#470]#437])>+3: {"op": "Invoke". "receiver": 1. "tag": Interned(%apply(p):p). "args" : {"num": []. "ptr": [0]}}')
debug_merge_point(0, 0, '5058<main.rpyeffect:61([method_%apply(p):p@[mcore:[#140]#209]#213])>+0: {"op": "Const". "type": "ptr". "out": 1. "format": "string". "value": "Name(import$std/core/hnd)"}')
debug_merge_point(0, 0, '5058<main.rpyeffect:61([method_%apply(p):p@[mcore:[#140]#209]#213])>+1: {"op": "PrimOp". "name": "getGlobal(String): Ptr". "out": {"num": []. "ptr": [1]}. "in": {"num": []. "ptr": [1]}}')
debug_merge_point(0, 0, '5058<main.rpyeffect:61([method_%apply(p):p@[mcore:[#140]#209]#213])>+2: {"op": "PrimOp". "name": "box(Num): Ptr". "out": {"num": []. "ptr": [2]}. "in": {"num": [0]. "ptr": []}}')
debug_merge_point(0, 0, '5058<main.rpyeffect:61([method_%apply(p):p@[mcore:[#140]#209]#213])>+3: {"op": "Jump". "target": 5056}')
debug_merge_point(0, 0, '5056<main.rpyeffect:59([mcore:[#138]#174])>+0: {"op": "New". "out": 1. "targets": [5049. 5051. 5053. 5055]. "args": {"num": []. "ptr": []}}')
debug_merge_point(0, 0, '5056<main.rpyeffect:59([mcore:[#138]#174])>+1: {"op": "Const". "type": "ptr". "out": 3. "format": "string". "value": "Name(import$std/core/hnd)"}')
debug_merge_point(0, 0, '5056<main.rpyeffect:59([mcore:[#138]#174])>+2: {"op": "PrimOp". "name": "getGlobal(String): Ptr". "out": {"num": []. "ptr": [3]}. "in": {"num": []. "ptr": [3]}}')
debug_merge_point(0, 0, '5056<main.rpyeffect:59([mcore:[#138]#174])>+3: {"op": "Swap". "type": "ptr". "a": 2. "b". 0}')
debug_merge_point(0, 0, '5056<main.rpyeffect:59([mcore:[#138]#174])>+4: {"op": "Jump". "target": 5045}')
debug_merge_point(0, 0, '5045<main.rpyeffect:48([mcore:[#125]#154])>+0: {"op": "Const". "type": "ptr". "out": 3. "format": "string". "value": "Name(import$std/core/hnd)"}')
debug_merge_point(0, 0, '5045<main.rpyeffect:48([mcore:[#125]#154])>+1: {"op": "PrimOp". "name": "getGlobal(String): Ptr". "out": {"num": []. "ptr": [3]}. "in": {"num": []. "ptr": [3]}}')
debug_merge_point(0, 0, '5045<main.rpyeffect:48([mcore:[#125]#154])>+2: {"op": "CallLib". "lib": "3". "symbol": "std/core/hnd/protect"}')
debug_merge_point(0, 0, '495<std_core_hnd.rpyeffect:194([mcore:[#466]#434])>+0: {"op": "Swap". "type": "ptr". "a": 1. "b". 2}')
debug_merge_point(0, 0, '495<std_core_hnd.rpyeffect:194([mcore:[#466]#434])>+1: {"op": "Invoke". "receiver": 2. "tag": Interned(%apply(pp):p). "args" : {"num": []. "ptr": [0. 1]}}')
debug_merge_point(0, 0, '5055<main.rpyeffect:58([method_%apply(pp):p@[mcore:[#138]#174]#196])>+0: {"op": "PrimOp". "name": "unbox(Ptr): Num". "out": {"num": [0]. "ptr": []}. "in": {"num": []. "ptr": [0]}}')
debug_merge_point(0, 0, '5055<main.rpyeffect:58([method_%apply(pp):p@[mcore:[#138]#174]#196])>+1: {"op": "Push". "target": 5054. "args": {"num": []. "ptr": []}}')
debug_merge_point(0, 0, '5055<main.rpyeffect:58([method_%apply(pp):p@[mcore:[#138]#174]#196])>+2: {"op": "Copy". "type": "ptr". "from": 1. "to". 0}')
debug_merge_point(0, 0, '5055<main.rpyeffect:58([method_%apply(pp):p@[mcore:[#138]#174]#196])>+3: {"op": "Jump". "target": 5047}')
debug_merge_point(0, 0, '5047<main.rpyeffect:50([mcore:[#135]#161])>+0: {"op": "Construct". "out": 1. "type": Interned(Unit). "tag": Interned(unit). "args": {"num": []. "ptr": []}}')
debug_merge_point(0, 0, '5047<main.rpyeffect:50([mcore:[#135]#161])>+1: {"op": "Push". "target": 5046. "args": {"num": [0]. "ptr": []}}')
debug_merge_point(0, 0, '5047<main.rpyeffect:50([mcore:[#135]#161])>+2: {"op": "Swap". "type": "ptr". "a": 1. "b". 0}')
debug_merge_point(0, 0, '5047<main.rpyeffect:50([mcore:[#135]#161])>+3: {"op": "Invoke". "receiver": 1. "tag": Interned(%apply(p):n). "args" : {"num": []. "ptr": [0]}}')
debug_merge_point(0, 0, '502<std_core_hnd.rpyeffect:201([method_%apply(p):n@[mcore:[#470]#437]#449])>+0: {"op": "Push". "target": 501. "args": {"num": []. "ptr": []}}')
debug_merge_point(0, 0, '502<std_core_hnd.rpyeffect:201([method_%apply(p):n@[mcore:[#470]#437]#449])>+1: {"op": "Jump". "target": 497}')
debug_merge_point(0, 0, '497<std_core_hnd.rpyeffect:196([mcore:[#469]#436])>+0: {"op": "PushStack". "arg": 1}')
debug_merge_point(0, 0, '497<std_core_hnd.rpyeffect:196([mcore:[#469]#436])>+1: {"op": "Return". "args": {"num": []. "ptr": [0]}}')
debug_merge_point(0, 0, '1020<std_core_hnd.rpyeffect:719([k@[k@[mcore:[#893]#2108]#2110]#2112])>+0: {"op": "Const". "type": "ptr". "out": 2. "format": "string". "value": "Name(import$std/core/hnd)"}')
debug_merge_point(0, 0, '1020<std_core_hnd.rpyeffect:719([k@[k@[mcore:[#893]#2108]#2110]#2112])>+1: {"op": "PrimOp". "name": "getGlobal(String): Ptr". "out": {"num": []. "ptr": [2]}. "in": {"num": []. "ptr": [2]}}')
debug_merge_point(0, 0, '1020<std_core_hnd.rpyeffect:719([k@[k@[mcore:[#893]#2108]#2110]#2112])>+2: {"op": "Push". "target": 1019. "args": {"num": []. "ptr": [0]}}')
debug_merge_point(0, 0, '1020<std_core_hnd.rpyeffect:719([k@[k@[mcore:[#893]#2108]#2110]#2112])>+3: {"op": "Copy". "type": "ptr". "from": 1. "to". 0}')
debug_merge_point(0, 0, '1020<std_core_hnd.rpyeffect:719([k@[k@[mcore:[#893]#2108]#2110]#2112])>+4: {"op": "Copy". "type": "ptr". "from": 2. "to". 1}')
debug_merge_point(0, 0, '1020<std_core_hnd.rpyeffect:719([k@[k@[mcore:[#893]#2108]#2110]#2112])>+5: {"op": "Jump". "target": 1018}')
debug_merge_point(0, 0, '1018<std_core_hnd.rpyeffect:717([mcore:[#892]#2103])>+0: {"op": "Const". "type": "ptr". "out": 1. "format": "string". "value": "Name(import$std/core/hnd)"}')
debug_merge_point(0, 0, '1018<std_core_hnd.rpyeffect:717([mcore:[#892]#2103])>+1: {"op": "PrimOp". "name": "getGlobal(String): Ptr". "out": {"num": []. "ptr": [1]}. "in": {"num": []. "ptr": [1]}}')
debug_merge_point(0, 0, '1018<std_core_hnd.rpyeffect:717([mcore:[#892]#2103])>+2: {"op": "CallLib". "lib": "1". "symbol": "setCurrentEvv"}')
debug_merge_point(0, 0, '302<std_core_hnd.rpyeffect:1(Name(setCurrentEvv))>+0: {"op": "Const". "type": "ptr". "out": 1. "format": "string". "value": "current-evv"}')
debug_merge_point(0, 0, '302<std_core_hnd.rpyeffect:1(Name(setCurrentEvv))>+1: {"op": "PrimOp". "name": "getGlobal(String): Ptr". "out": {"num": []. "ptr": [1]}. "in": {"num": []. "ptr": [1]}}')
debug_merge_point(0, 0, '302<std_core_hnd.rpyeffect:1(Name(setCurrentEvv))>+2: {"op": "PrimOp". "name": "setRef(Ref[Ptr]. Ptr): Unit". "out": {"num": []. "ptr": [0]}. "in": {"num": []. "ptr": [1. 0]}}')
debug_merge_point(0, 0, '302<std_core_hnd.rpyeffect:1(Name(setCurrentEvv))>+3: {"op": "Return". "args": {"num": []. "ptr": [0]}}')
debug_merge_point(0, 0, '1019<std_core_hnd.rpyeffect:718([k@[k@[k@[mcore:[#893]#2108]#2110]#2112]#2117])>+0: {"op": "Copy". "type": "ptr". "from": 1. "to". 0}')
debug_merge_point(0, 0, '1019<std_core_hnd.rpyeffect:718([k@[k@[k@[mcore:[#893]#2108]#2110]#2112]#2117])>+1: {"op": "Return". "args": {"num": []. "ptr": [0]}}')
debug_merge_point(0, 0, '5033<main.rpyeffect:36([k@[#133]#138])>+0: {"op": "Return". "args": {"num": []. "ptr": [0]}}')
debug_merge_point(0, 0, '5027<main.rpyeffect:30([#112])>+0: {"op": "Const". "type": "num". "out": 2. "value": 1}')
debug_merge_point(0, 0, '5027<main.rpyeffect:30([#112])>+1: {"op": "PrimOp". "name": "infixSub(Int. Int): Int". "out": {"num": [0]. "ptr": []}. "in": {"num": [0. 2]. "ptr": []}}')
+896: i111 = int_sub(i106, 1)
debug_merge_point(0, 0, '5027<main.rpyeffect:30([#112])>+2: {"op": "Const". "type": "ptr". "out": 0. "format": "string". "value": "Name(import$std/core/hnd)"}')
debug_merge_point(0, 0, '5027<main.rpyeffect:30([#112])>+3: {"op": "PrimOp". "name": "getGlobal(String): Ptr". "out": {"num": []. "ptr": [0]}. "in": {"num": []. "ptr": [0]}}')
debug_merge_point(0, 0, '5027<main.rpyeffect:30([#112])>+4: {"op": "Jump". "target": 5042}')
debug_merge_point(0, 0, '5042<main.rpyeffect:45([mcore:[#116]#87])>+0: {"op": "Const". "type": "num". "out": 2. "value": 0}')
debug_merge_point(0, 0, '5042<main.rpyeffect:45([mcore:[#116]#87])>+1: {"op": "PrimOp". "name": "infixEq(Int. Int): Boolean". "out": {"num": [2]. "ptr": []}. "in": {"num": [0. 2]. "ptr": []}}')
+900: i113 = int_eq(i111, 0)
guard_false(i113, descr=<Guard0x148793ca0>) [p2, i106, i8, i12, i14, i16, i18, i20, i22, i24, i26, i28, i30, i32, i34, i36, p86, p49, p51, p53, p55, p57, p59, p61, p63, p65, p67, p69, p0, p1, p98, i6, p100, p99]
debug_merge_point(0, 0, '5042<main.rpyeffect:45([mcore:[#116]#87])>+2: {"op": "Switch". "scrutinee": 2. "values": [1]. "targets": [5025]. "default": 5041}')
debug_merge_point(0, 0, '5041<main.rpyeffect:44([switch default case#92])>+0: {"op": "Const". "type": "num". "out": 2. "value": 0}')
debug_merge_point(0, 0, '5041<main.rpyeffect:44([switch default case#92])>+1: {"op": "PrimOp". "name": "infixEq(Int. Int): Boolean". "out": {"num": [2]. "ptr": []}. "in": {"num": [0. 2]. "ptr": []}}')
debug_merge_point(0, 0, '5041<main.rpyeffect:44([switch default case#92])>+2: {"op": "Switch". "scrutinee": 2. "values": [0]. "targets": [5039]. "default": 5040}')
debug_merge_point(0, 0, '5039<main.rpyeffect:42([switch case for 0#96])>+0: {"op": "Const". "type": "num". "out": 2. "value": 0}')
+908: p114 = new_with_vtable(descr=<SizeDescr 40>)
+1016: p115 = new_with_vtable(descr=<SizeDescr 48>)
+1028: p116 = new_with_vtable(descr=<SizeDescr 40>)
+1040: setfield_gc(p116, p98, descr=<FieldP rpyeffect.stored_environment.Stack__arb_arb.inst_tail 8 pure>)
+1044: setfield_gc(p116, 5054, descr=<FieldS rpyeffect.stored_environment.Stack__arb_arb.inst_target 16 pure>)
+1052: setfield_gc(p115, p116, descr=<FieldP rpyeffect.stored_environment.Stack__arb_arb.inst_tail 8 pure>)
+1056: setfield_gc(p115, 5046, descr=<FieldS rpyeffect.stored_environment.Stack__arb_arb.inst_target 16 pure>)
+1064: setfield_gc(p115, i6, descr=<FieldS rpyeffect.stored_environment.Stack__1_0.inst_values_num_0 40 pure>)
+1068: i119 = arraylen_gc(p78, descr=<ArrayP 8>)
+1068: setfield_gc(p114, 501, descr=<FieldS rpyeffect.stored_environment.Stack__arb_arb.inst_target 16 pure>)
+1076: setfield_gc(p114, p115, descr=<FieldP rpyeffect.stored_environment.Stack__arb_arb.inst_tail 8 pure>)
+1128: jump(p0, p1, p2, p114, i106, p99, p100, i111, i8, i12, i14, i16, i18, i20, i22, i24, i26, i28, i30, i32, i34, i36, p109, p49, p51, p53, p55, p57, p59, p61, p63, p65, p67, p69, p71, p75, p84, p90, p93, p109, p78, descr=TargetToken(5510826448))
+1152: --end of the loop--
[7b16f9e] jit-log-opt-loop}
[879bd20] {jit-log-opt-loop
# Loop 4 (5039<main.rpyeffect:42([switch case for 0#96])>+4: {"op": "Jump", "target": 5024}) : entry bridge with 191 ops
[p0, p1, p2, p3]
+344: p4 = getfield_gc_r(p2, descr=<FieldP rpyeffect.environment.Environment.inst_values_num 16>)
+352: i6 = getarrayitem_gc_i(p4, 0, descr=<ArrayS 8>)
+356: i8 = getarrayitem_gc_i(p4, 1, descr=<ArrayS 8>)
+360: i10 = getarrayitem_gc_i(p4, 2, descr=<ArrayS 8>)
+364: i12 = getarrayitem_gc_i(p4, 3, descr=<ArrayS 8>)
+368: i14 = getarrayitem_gc_i(p4, 4, descr=<ArrayS 8>)
+372: i16 = getarrayitem_gc_i(p4, 5, descr=<ArrayS 8>)
+376: i18 = getarrayitem_gc_i(p4, 6, descr=<ArrayS 8>)
+380: i20 = getarrayitem_gc_i(p4, 7, descr=<ArrayS 8>)
+384: i22 = getarrayitem_gc_i(p4, 8, descr=<ArrayS 8>)
+388: i24 = getarrayitem_gc_i(p4, 9, descr=<ArrayS 8>)
+392: i26 = getarrayitem_gc_i(p4, 10, descr=<ArrayS 8>)
+396: i28 = getarrayitem_gc_i(p4, 11, descr=<ArrayS 8>)
+400: i30 = getarrayitem_gc_i(p4, 12, descr=<ArrayS 8>)
+404: i32 = getarrayitem_gc_i(p4, 13, descr=<ArrayS 8>)
+408: i34 = getarrayitem_gc_i(p4, 14, descr=<ArrayS 8>)
+416: i36 = getarrayitem_gc_i(p4, 15, descr=<ArrayS 8>)
+420: p37 = getfield_gc_r(p2, descr=<FieldP rpyeffect.environment.Environment.inst_values_ptr 24>)
+424: p39 = getarrayitem_gc_r(p37, 0, descr=<ArrayP 8>)
+432: p41 = getarrayitem_gc_r(p37, 1, descr=<ArrayP 8>)
+440: p43 = getarrayitem_gc_r(p37, 2, descr=<ArrayP 8>)
+448: p45 = getarrayitem_gc_r(p37, 3, descr=<ArrayP 8>)
+456: p47 = getarrayitem_gc_r(p37, 4, descr=<ArrayP 8>)
+464: p49 = getarrayitem_gc_r(p37, 5, descr=<ArrayP 8>)
+472: p51 = getarrayitem_gc_r(p37, 6, descr=<ArrayP 8>)
+480: p53 = getarrayitem_gc_r(p37, 7, descr=<ArrayP 8>)
+488: p55 = getarrayitem_gc_r(p37, 8, descr=<ArrayP 8>)
+496: p57 = getarrayitem_gc_r(p37, 9, descr=<ArrayP 8>)
+504: p59 = getarrayitem_gc_r(p37, 10, descr=<ArrayP 8>)
+512: p61 = getarrayitem_gc_r(p37, 11, descr=<ArrayP 8>)
+520: p63 = getarrayitem_gc_r(p37, 12, descr=<ArrayP 8>)
+528: p65 = getarrayitem_gc_r(p37, 13, descr=<ArrayP 8>)
+536: p67 = getarrayitem_gc_r(p37, 14, descr=<ArrayP 8>)
+544: p69 = getarrayitem_gc_r(p37, 15, descr=<ArrayP 8>)
debug_merge_point(0, 0, '5039<main.rpyeffect:42([switch case for 0#96])>+4: {"op": "Jump". "target": 5024}')
+548: guard_not_invalidated(descr=<Guard0x148675b48>) [p2, i6, i8, i10, i12, i14, i16, i18, i20, i22, i24, i26, i28, i30, i32, i34, i36, p39, p41, p43, p45, p47, p49, p51, p53, p55, p57, p59, p61, p63, p65, p67, p69, p0, p1, p3]
+552: guard_nonnull(p1, descr=<Guard0x1488da620>) [p2, i6, i8, i10, i12, i14, i16, i18, i20, i22, i24, i26, i28, i30, i32, i34, i36, p39, p41, p43, p45, p47, p49, p51, p53, p55, p57, p59, p61, p63, p65, p67, p69, p0, p1, p3]
+564: i70 = getfield_gc_i(p1, descr=<FieldS rpyeffect.stored_environment.Stack__arb_arb.inst_target 16 pure>)
+580: guard_value(i70, 5038, descr=<Guard0x1488da660>) [p2, i6, i8, i10, i12, i14, i16, i18, i20, i22, i24, i26, i28, i30, i32, i34, i36, p39, p41, p43, p45, p47, p49, p51, p53, p55, p57, p59, p61, p63, p65, p67, p69, p0, p1, p3]
debug_merge_point(0, 0, '5024<main.rpyeffect:27([mcore:[#103]#83])>+0: {"op": "Const". "type": "ptr". "out": 0. "format": "string". "value": "Name(import$std/core/hnd)"}')
debug_merge_point(0, 0, '5024<main.rpyeffect:27([mcore:[#103]#83])>+1: {"op": "PrimOp". "name": "getGlobal(String): Ptr". "out": {"num": []. "ptr": [0]}. "in": {"num": []. "ptr": [0]}}')
debug_merge_point(0, 0, '5024<main.rpyeffect:27([mcore:[#103]#83])>+2: {"op": "CallLib". "lib": "0". "symbol": "getCurrentEvv"}')
debug_merge_point(0, 0, '301<std_core_hnd.rpyeffect:0(Name(getCurrentEvv))>+0: {"op": "Const". "type": "ptr". "out": 0. "format": "string". "value": "current-evv"}')
debug_merge_point(0, 0, '301<std_core_hnd.rpyeffect:0(Name(getCurrentEvv))>+1: {"op": "PrimOp". "name": "getGlobal(String): Ptr". "out": {"num": []. "ptr": [0]}. "in": {"num": []. "ptr": [0]}}')
debug_merge_point(0, 0, '301<std_core_hnd.rpyeffect:0(Name(getCurrentEvv))>+2: {"op": "PrimOp". "name": "getRef(Ref[Ptr]): Ptr". "out": {"num": []. "ptr": [0]}. "in": {"num": []. "ptr": [0]}}')
+600: p73 = getfield_gc_r(ConstPtr(ptr72), descr=<FieldP rpyeffect.region.PtrRef.inst_value 8>)
debug_merge_point(0, 0, '301<std_core_hnd.rpyeffect:0(Name(getCurrentEvv))>+3: {"op": "Return". "args": {"num": []. "ptr": [0]}}')
+604: i74 = getfield_gc_i(p1, descr=<FieldS rpyeffect.stored_environment.Stack__3_0.inst_values_num_0 40 pure>)
+608: i75 = getfield_gc_i(p1, descr=<FieldS rpyeffect.stored_environment.Stack__3_0.inst_values_num_1 48 pure>)
+616: i76 = getfield_gc_i(p1, descr=<FieldS rpyeffect.stored_environment.Stack__3_0.inst_values_num_2 56 pure>)
+624: p77 = getfield_gc_r(p1, descr=<FieldP rpyeffect.stored_environment.Stack__arb_arb.inst_tail 8 pure>)
debug_merge_point(0, 0, '5038<main.rpyeffect:41([k@[switch case for 0#96]#102])>+0: {"op": "PrimOp". "name": "promote_ptr". "out": {"num": []. "ptr": [0]}. "in": {"num": []. "ptr": [0]}}')
debug_merge_point(0, 0, '5038<main.rpyeffect:41([k@[switch case for 0#96]#102])>+1: {"op": "Const". "type": "ptr". "out": 1. "format": "string". "value": "Name(import$std/core/hnd)"}')
debug_merge_point(0, 0, '5038<main.rpyeffect:41([k@[switch case for 0#96]#102])>+2: {"op": "PrimOp". "name": "getGlobal(String): Ptr". "out": {"num": []. "ptr": [1]}. "in": {"num": []. "ptr": [1]}}')
debug_merge_point(0, 0, '5038<main.rpyeffect:41([k@[switch case for 0#96]#102])>+3: {"op": "Push". "target": 5037. "args": {"num": [1. 2]. "ptr": []}}')
debug_merge_point(0, 0, '5038<main.rpyeffect:41([k@[switch case for 0#96]#102])>+4: {"op": "Jump". "target": 5023}')
debug_merge_point(0, 0, '5023<main.rpyeffect:26([mcore:[#102]#77])>+0: {"op": "Const". "type": "ptr". "out": 1. "format": "string". "value": "Name(import$std/core/hnd)"}')
debug_merge_point(0, 0, '5023<main.rpyeffect:26([mcore:[#102]#77])>+1: {"op": "PrimOp". "name": "getGlobal(String): Ptr". "out": {"num": []. "ptr": [1]}. "in": {"num": []. "ptr": [1]}}')
debug_merge_point(0, 0, '5023<main.rpyeffect:26([mcore:[#102]#77])>+2: {"op": "CallLib". "lib": "1". "symbol": "elt"}')
debug_merge_point(0, 0, '331<std_core_hnd.rpyeffect:30(Name(elt))>+0: {"op": "Switch". "scrutinee": 0. "values": [0]. "targets": [329]. "default": 330}')
+632: i79 = int_eq(i74, 0)
guard_true(i79, descr=<Guard0x1488da6a0>) [p2, i6, i8, i10, i12, i14, i16, i18, i20, i22, i24, i26, i28, i30, i32, i34, i36, p39, p41, p43, p45, p47, p49, p51, p53, p55, p57, p59, p61, p63, p65, p67, p69, p0, p1, p3]
debug_merge_point(0, 0, '329<std_core_hnd.rpyeffect:28([switch case for 0#86])>+0: {"op": "Proj". "out": 0. "type": Interned(evv). "scrutinee": 0. "tag": Interned(cons). "field": 0. "field_type": "ptr"}')
+640: p80 = getfield_gc_r(p73, descr=<FieldP rpyeffect.stored_environment.Data__arb_arb.inst_tag 8>)
+652: guard_value(p80, ConstPtr(ptr81), descr=<Guard0x1488da6e0>) [p2, i6, i8, i10, i12, i14, i16, i18, i20, i22, i24, i26, i28, i30, i32, i34, i36, p39, p41, p43, p45, p47, p49, p51, p53, p55, p57, p59, p61, p63, p65, p67, p69, p0, p1, p3]
+660: guard_class(p73, ConstClass(Data__0_2), descr=<Guard0x1488da720>) [p2, i6, i8, i10, i12, i14, i16, i18, i20, i22, i24, i26, i28, i30, i32, i34, i36, p39, p41, p43, p45, p47, p49, p51, p53, p55, p57, p59, p61, p63, p65, p67, p69, p0, p1, p3]
+676: p83 = getfield_gc_r(p73, descr=<FieldP rpyeffect.stored_environment.Data__0_2.inst_values_ptr_0 32 pure>)
debug_merge_point(0, 0, '329<std_core_hnd.rpyeffect:28([switch case for 0#86])>+1: {"op": "Return". "args": {"num": []. "ptr": [0]}}')
debug_merge_point(0, 0, '5037<main.rpyeffect:40([k@[k@[switch case for 0#96]#102]#110])>+0: {"op": "Push". "target": 5027. "args": {"num": [0. 1]. "ptr": []}}')
debug_merge_point(0, 0, '5037<main.rpyeffect:40([k@[k@[switch case for 0#96]#102]#110])>+1: {"op": "Match". "type": Interned(std/core/hnd/ev). "scrutinee": 0. "clauses": [{"tag": Interned(std/core/hnd/Ev). "target": 5036. "args": {"num": []. "ptr": [1. 2. 3. 4]}}]. "default": {"tag": Interned(f57803dc-acce-49a1-b59f-636af7df14d6#[Missing Tag#706]). "target": 5028. "args": {"num": []. "ptr": []}}}')
+680: p84 = getfield_gc_r(p83, descr=<FieldP rpyeffect.stored_environment.Data__arb_arb.inst_tag 8>)
+692: guard_value(p84, ConstPtr(ptr85), descr=<Guard0x1488da760>) [p2, i6, i8, i10, i12, i14, i16, i18, i20, i22, i24, i26, i28, i30, i32, i34, i36, p39, p41, p43, p45, p47, p49, p51, p53, p55, p57, p59, p61, p63, p65, p67, p69, p0, p1, p3]
+700: p86 = getfield_gc_r(p83, descr=<FieldP rpyeffect.stored_environment.Data__arb_arb.inst_values_ptr 24 pure>)
+704: p88 = getarrayitem_gc_pure_r(p86, 0, descr=<ArrayP 8>)
+704: p90 = getarrayitem_gc_pure_r(p86, 1, descr=<ArrayP 8>)
+708: p92 = getarrayitem_gc_pure_r(p86, 2, descr=<ArrayP 8>)
+716: p94 = getarrayitem_gc_pure_r(p86, 3, descr=<ArrayP 8>)
debug_merge_point(0, 0, '5036<main.rpyeffect:39([#123])>+0: {"op": "Copy". "type": "ptr". "from": 0. "to". 1}')
debug_merge_point(0, 0, '5036<main.rpyeffect:39([#123])>+1: {"op": "Copy". "type": "ptr". "from": 2. "to". 0}')
debug_merge_point(0, 0, '5036<main.rpyeffect:39([#123])>+2: {"op": "Match". "type": Interned(main/operator). "scrutinee": 3. "clauses": [{"tag": Interned(main/@Hnd-operator). "target": 5035. "args": {"num": [1]. "ptr": [2]}}]. "default": {"tag": Interned(f57803dc-acce-49a1-b59f-636af7df14d6#[Missing Tag#705]). "target": 5030. "args": {"num": []. "ptr": []}}}')
+724: p95 = getfield_gc_r(p92, descr=<FieldP rpyeffect.stored_environment.Data__arb_arb.inst_tag 8>)
+740: guard_value(p95, ConstPtr(ptr96), descr=<Guard0x1488da7a0>) [p2, i6, i8, i10, i12, i14, i16, i18, i20, i22, i24, i26, i28, i30, i32, i34, i36, p39, p41, p43, p45, p47, p49, p51, p53, p55, p57, p59, p61, p63, p65, p67, p69, p0, p1, p3]
+748: i97 = getfield_gc_i(p92, descr=<FieldS rpyeffect.stored_environment.Data__1_1.inst_values_num_0 32 pure>)
+748: p98 = getfield_gc_r(p92, descr=<FieldP rpyeffect.stored_environment.Data__1_1.inst_values_ptr_0 40 pure>)
debug_merge_point(0, 0, '5035<main.rpyeffect:38([match_main/@Hnd-operator@[#123]#128])>+0: {"op": "Match". "type": Interned(std/core/hnd/clause1). "scrutinee": 2. "clauses": [{"tag": Interned(std/core/hnd/Clause1). "target": 5034. "args": {"num": []. "ptr": [2]}}]. "default": {"tag": Interned(f57803dc-acce-49a1-b59f-636af7df14d6#[Missing Tag#704]). "target": 5032. "args": {"num": []. "ptr": []}}}')
+752: p99 = getfield_gc_r(p98, descr=<FieldP rpyeffect.stored_environment.Data__arb_arb.inst_tag 8>)
+764: guard_value(p99, ConstPtr(ptr100), descr=<Guard0x1488da7e0>) [p2, i6, i8, i10, i12, i14, i16, i18, i20, i22, i24, i26, i28, i30, i32, i34, i36, p39, p41, p43, p45, p47, p49, p51, p53, p55, p57, p59, p61, p63, p65, p67, p69, p0, p1, p3]
+772: p101 = getfield_gc_r(p98, descr=<FieldP rpyeffect.stored_environment.Data__0_1.inst_values_ptr_0 32 pure>)
debug_merge_point(0, 0, '5034<main.rpyeffect:37([#133])>+0: {"op": "PrimOp". "name": "box(Num): Ptr". "out": {"num": []. "ptr": [3]}. "in": {"num": [0]. "ptr": []}}')
debug_merge_point(0, 0, '5034<main.rpyeffect:37([#133])>+1: {"op": "Push". "target": 5033. "args": {"num": []. "ptr": []}}')
debug_merge_point(0, 0, '5034<main.rpyeffect:37([#133])>+2: {"op": "Swap". "type": "ptr". "a": 3. "b". 2}')
debug_merge_point(0, 0, '5034<main.rpyeffect:37([#133])>+3: {"op": "Invoke". "receiver": 3. "tag": Interned(%apply(ppp):p). "args" : {"num": []. "ptr": [0. 1. 2]}}')
+776: p102 = getfield_gc_r(p101, descr=<FieldP rpyeffect.stored_environment.CoData__arb_arb.inst_vtable 24 pure>)
+788: guard_value(p102, ConstPtr(ptr103), descr=<Guard0x1488da820>) [p2, i6, i8, i10, i12, i14, i16, i18, i20, i22, i24, i26, i28, i30, i32, i34, i36, p39, p41, p43, p45, p47, p49, p51, p53, p55, p57, p59, p61, p63, p65, p67, p69, p0, p1, p3]
debug_merge_point(0, 0, '5069<main.rpyeffect:72([method_%apply(ppp):p@[mcore:[#151]#242]#264])>+0: {"op": "Const". "type": "ptr". "out": 3. "format": "string". "value": "Name(import$std/core/hnd)"}')
debug_merge_point(0, 0, '5069<main.rpyeffect:72([method_%apply(ppp):p@[mcore:[#151]#242]#264])>+1: {"op": "PrimOp". "name": "getGlobal(String): Ptr". "out": {"num": []. "ptr": [3]}. "in": {"num": []. "ptr": [3]}}')
debug_merge_point(0, 0, '5069<main.rpyeffect:72([method_%apply(ppp):p@[mcore:[#151]#242]#264])>+2: {"op": "PrimOp". "name": "unbox(Ptr): Num". "out": {"num": [0]. "ptr": []}. "in": {"num": []. "ptr": [2]}}')
debug_merge_point(0, 0, '5069<main.rpyeffect:72([method_%apply(ppp):p@[mcore:[#151]#242]#264])>+3: {"op": "Copy". "type": "ptr". "from": 3. "to". 2}')
debug_merge_point(0, 0, '5069<main.rpyeffect:72([method_%apply(ppp):p@[mcore:[#151]#242]#264])>+4: {"op": "Jump". "target": 5061}')
debug_merge_point(0, 0, '5061<main.rpyeffect:64([mcore:[#140]#209])>+0: {"op": "New". "out": 1. "targets": [5058. 5060]. "args": {"num": [0]. "ptr": []}}')
debug_merge_point(0, 0, '5061<main.rpyeffect:64([mcore:[#140]#209])>+1: {"op": "Const". "type": "ptr". "out": 2. "format": "string". "value": "Name(import$std/core/hnd)"}')
debug_merge_point(0, 0, '5061<main.rpyeffect:64([mcore:[#140]#209])>+2: {"op": "PrimOp". "name": "getGlobal(String): Ptr". "out": {"num": []. "ptr": [2]}. "in": {"num": []. "ptr": [2]}}')
debug_merge_point(0, 0, '5061<main.rpyeffect:64([mcore:[#140]#209])>+3: {"op": "Jump". "target": 5044}')
debug_merge_point(0, 0, '5044<main.rpyeffect:47([mcore:[#122]#148])>+0: {"op": "Const". "type": "ptr". "out": 2. "format": "string". "value": "Name(import$std/core/hnd)"}')
debug_merge_point(0, 0, '5044<main.rpyeffect:47([mcore:[#122]#148])>+1: {"op": "PrimOp". "name": "getGlobal(String): Ptr". "out": {"num": []. "ptr": [2]}. "in": {"num": []. "ptr": [2]}}')
debug_merge_point(0, 0, '5044<main.rpyeffect:47([mcore:[#122]#148])>+2: {"op": "CallLib". "lib": "2". "symbol": "std/core/hnd/yield-to"}')
debug_merge_point(0, 0, '1022<std_core_hnd.rpyeffect:721([mcore:[#893]#2108])>+0: {"op": "Push". "target": 1021. "args": {"num": []. "ptr": [1. 0]}}')
debug_merge_point(0, 0, '1022<std_core_hnd.rpyeffect:721([mcore:[#893]#2108])>+1: {"op": "Jump". "target": 509}')
debug_merge_point(0, 0, '509<std_core_hnd.rpyeffect:208([mcore:[#471]#472])>+0: {"op": "Jump". "target": 301}')
debug_merge_point(0, 0, '301<std_core_hnd.rpyeffect:0(Name(getCurrentEvv))>+0: {"op": "Const". "type": "ptr". "out": 0. "format": "string". "value": "current-evv"}')
debug_merge_point(0, 0, '301<std_core_hnd.rpyeffect:0(Name(getCurrentEvv))>+1: {"op": "PrimOp". "name": "getGlobal(String): Ptr". "out": {"num": []. "ptr": [0]}. "in": {"num": []. "ptr": [0]}}')
debug_merge_point(0, 0, '301<std_core_hnd.rpyeffect:0(Name(getCurrentEvv))>+2: {"op": "PrimOp". "name": "getRef(Ref[Ptr]): Ptr". "out": {"num": []. "ptr": [0]}. "in": {"num": []. "ptr": [0]}}')
debug_merge_point(0, 0, '301<std_core_hnd.rpyeffect:0(Name(getCurrentEvv))>+3: {"op": "Return". "args": {"num": []. "ptr": [0]}}')
debug_merge_point(0, 0, '1021<std_core_hnd.rpyeffect:720([k@[mcore:[#893]#2108]#2110])>+0: {"op": "Push". "target": 1020. "args": {"num": []. "ptr": [0]}}')
debug_merge_point(0, 0, '1021<std_core_hnd.rpyeffect:720([k@[mcore:[#893]#2108]#2110])>+1: {"op": "Copy". "type": "ptr". "from": 2. "to". 0}')
debug_merge_point(0, 0, '1021<std_core_hnd.rpyeffect:720([k@[mcore:[#893]#2108]#2110])>+2: {"op": "Jump". "target": 507}')
debug_merge_point(0, 0, '507<std_core_hnd.rpyeffect:206([mcore:[#470]#437])>+0: {"op": "Const". "type": "num". "out": 0. "value": 0}')
debug_merge_point(0, 0, '507<std_core_hnd.rpyeffect:206([mcore:[#470]#437])>+1: {"op": "ShiftDyn". "out": 0. "n": 0. "label": 0}')
+796: i104 = instance_ptr_eq(p0, p90)
guard_true(i104, descr=<Guard0x1488da860>) [p2, i6, i8, i10, i12, i14, i16, i18, i20, i22, i24, i26, i28, i30, i32, i34, i36, p39, p41, p43, p45, p47, p49, p51, p53, p55, p57, p59, p61, p63, p65, p67, p69, p0, p1, p3]
+808: guard_nonnull_class(p3, 4309429248, descr=<Guard0x148675ba0>) [p2, i6, i8, i10, i12, i14, i16, i18, i20, i22, i24, i26, i28, i30, i32, i34, i36, p39, p41, p43, p45, p47, p49, p51, p53, p55, p57, p59, p61, p63, p65, p67, p69, p0, p1, p3]
+836: p106 = getfield_gc_r(p3, descr=<FieldP rpyeffect.stack.MetaStackLike.inst_stack 8 pure>)
+840: p107 = getfield_gc_r(p3, descr=<FieldP rpyeffect.stack.MetaStack.inst_label 16 pure>)
+848: p108 = getfield_gc_r(p3, descr=<FieldP rpyeffect.stack.MetaStack.inst_tail 32 pure>)
+856: guard_nonnull(p106, descr=<Guard0x1488da8a0>) [p2, i6, i8, i10, i12, i14, i16, i18, i20, i22, i24, i26, i28, i30, i32, i34, i36, p39, p41, p43, p45, p47, p49, p51, p53, p55, p57, p59, p61, p63, p65, p67, p69, p0, p1, p3]
+864: i109 = getfield_gc_i(p106, descr=<FieldS rpyeffect.stored_environment.Stack__arb_arb.inst_target 16 pure>)
+868: guard_value(i109, 714, descr=<Guard0x1488da8e0>) [p2, i6, i8, i10, i12, i14, i16, i18, i20, i22, i24, i26, i28, i30, i32, i34, i36, p39, p41, p43, p45, p47, p49, p51, p53, p55, p57, p59, p61, p63, p65, p67, p69, p0, p1, p3]
debug_merge_point(0, 0, '507<std_core_hnd.rpyeffect:206([mcore:[#470]#437])>+2: {"op": "New". "out": 0. "targets": [500. 502. 504. 506]. "args": {"num": []. "ptr": [0]}}')
debug_merge_point(0, 0, '507<std_core_hnd.rpyeffect:206([mcore:[#470]#437])>+3: {"op": "Invoke". "receiver": 1. "tag": Interned(%apply(p):p). "args" : {"num": []. "ptr": [0]}}')
debug_merge_point(0, 0, '5058<main.rpyeffect:61([method_%apply(p):p@[mcore:[#140]#209]#213])>+0: {"op": "Const". "type": "ptr". "out": 1. "format": "string". "value": "Name(import$std/core/hnd)"}')
debug_merge_point(0, 0, '5058<main.rpyeffect:61([method_%apply(p):p@[mcore:[#140]#209]#213])>+1: {"op": "PrimOp". "name": "getGlobal(String): Ptr". "out": {"num": []. "ptr": [1]}. "in": {"num": []. "ptr": [1]}}')
debug_merge_point(0, 0, '5058<main.rpyeffect:61([method_%apply(p):p@[mcore:[#140]#209]#213])>+2: {"op": "PrimOp". "name": "box(Num): Ptr". "out": {"num": []. "ptr": [2]}. "in": {"num": [0]. "ptr": []}}')
debug_merge_point(0, 0, '5058<main.rpyeffect:61([method_%apply(p):p@[mcore:[#140]#209]#213])>+3: {"op": "Jump". "target": 5056}')
debug_merge_point(0, 0, '5056<main.rpyeffect:59([mcore:[#138]#174])>+0: {"op": "New". "out": 1. "targets": [5049. 5051. 5053. 5055]. "args": {"num": []. "ptr": []}}')
debug_merge_point(0, 0, '5056<main.rpyeffect:59([mcore:[#138]#174])>+1: {"op": "Const". "type": "ptr". "out": 3. "format": "string". "value": "Name(import$std/core/hnd)"}')
debug_merge_point(0, 0, '5056<main.rpyeffect:59([mcore:[#138]#174])>+2: {"op": "PrimOp". "name": "getGlobal(String): Ptr". "out": {"num": []. "ptr": [3]}. "in": {"num": []. "ptr": [3]}}')
debug_merge_point(0, 0, '5056<main.rpyeffect:59([mcore:[#138]#174])>+3: {"op": "Swap". "type": "ptr". "a": 2. "b". 0}')
debug_merge_point(0, 0, '5056<main.rpyeffect:59([mcore:[#138]#174])>+4: {"op": "Jump". "target": 5045}')
debug_merge_point(0, 0, '5045<main.rpyeffect:48([mcore:[#125]#154])>+0: {"op": "Const". "type": "ptr". "out": 3. "format": "string". "value": "Name(import$std/core/hnd)"}')
debug_merge_point(0, 0, '5045<main.rpyeffect:48([mcore:[#125]#154])>+1: {"op": "PrimOp". "name": "getGlobal(String): Ptr". "out": {"num": []. "ptr": [3]}. "in": {"num": []. "ptr": [3]}}')
debug_merge_point(0, 0, '5045<main.rpyeffect:48([mcore:[#125]#154])>+2: {"op": "CallLib". "lib": "3". "symbol": "std/core/hnd/protect"}')
debug_merge_point(0, 0, '495<std_core_hnd.rpyeffect:194([mcore:[#466]#434])>+0: {"op": "Swap". "type": "ptr". "a": 1. "b". 2}')
debug_merge_point(0, 0, '495<std_core_hnd.rpyeffect:194([mcore:[#466]#434])>+1: {"op": "Invoke". "receiver": 2. "tag": Interned(%apply(pp):p). "args" : {"num": []. "ptr": [0. 1]}}')
debug_merge_point(0, 0, '5055<main.rpyeffect:58([method_%apply(pp):p@[mcore:[#138]#174]#196])>+0: {"op": "PrimOp". "name": "unbox(Ptr): Num". "out": {"num": [0]. "ptr": []}. "in": {"num": []. "ptr": [0]}}')
debug_merge_point(0, 0, '5055<main.rpyeffect:58([method_%apply(pp):p@[mcore:[#138]#174]#196])>+1: {"op": "Push". "target": 5054. "args": {"num": []. "ptr": []}}')
debug_merge_point(0, 0, '5055<main.rpyeffect:58([method_%apply(pp):p@[mcore:[#138]#174]#196])>+2: {"op": "Copy". "type": "ptr". "from": 1. "to". 0}')
debug_merge_point(0, 0, '5055<main.rpyeffect:58([method_%apply(pp):p@[mcore:[#138]#174]#196])>+3: {"op": "Jump". "target": 5047}')
debug_merge_point(0, 0, '5047<main.rpyeffect:50([mcore:[#135]#161])>+0: {"op": "Construct". "out": 1. "type": Interned(Unit). "tag": Interned(unit). "args": {"num": []. "ptr": []}}')
debug_merge_point(0, 0, '5047<main.rpyeffect:50([mcore:[#135]#161])>+1: {"op": "Push". "target": 5046. "args": {"num": [0]. "ptr": []}}')
debug_merge_point(0, 0, '5047<main.rpyeffect:50([mcore:[#135]#161])>+2: {"op": "Swap". "type": "ptr". "a": 1. "b". 0}')
debug_merge_point(0, 0, '5047<main.rpyeffect:50([mcore:[#135]#161])>+3: {"op": "Invoke". "receiver": 1. "tag": Interned(%apply(p):n). "args" : {"num": []. "ptr": [0]}}')
debug_merge_point(0, 0, '502<std_core_hnd.rpyeffect:201([method_%apply(p):n@[mcore:[#470]#437]#449])>+0: {"op": "Push". "target": 501. "args": {"num": []. "ptr": []}}')
debug_merge_point(0, 0, '502<std_core_hnd.rpyeffect:201([method_%apply(p):n@[mcore:[#470]#437]#449])>+1: {"op": "Jump". "target": 497}')
debug_merge_point(0, 0, '497<std_core_hnd.rpyeffect:196([mcore:[#469]#436])>+0: {"op": "PushStack". "arg": 1}')
debug_merge_point(0, 0, '497<std_core_hnd.rpyeffect:196([mcore:[#469]#436])>+1: {"op": "Return". "args": {"num": []. "ptr": [0]}}')
debug_merge_point(0, 0, '1020<std_core_hnd.rpyeffect:719([k@[k@[mcore:[#893]#2108]#2110]#2112])>+0: {"op": "Const". "type": "ptr". "out": 2. "format": "string". "value": "Name(import$std/core/hnd)"}')
debug_merge_point(0, 0, '1020<std_core_hnd.rpyeffect:719([k@[k@[mcore:[#893]#2108]#2110]#2112])>+1: {"op": "PrimOp". "name": "getGlobal(String): Ptr". "out": {"num": []. "ptr": [2]}. "in": {"num": []. "ptr": [2]}}')
debug_merge_point(0, 0, '1020<std_core_hnd.rpyeffect:719([k@[k@[mcore:[#893]#2108]#2110]#2112])>+2: {"op": "Push". "target": 1019. "args": {"num": []. "ptr": [0]}}')
debug_merge_point(0, 0, '1020<std_core_hnd.rpyeffect:719([k@[k@[mcore:[#893]#2108]#2110]#2112])>+3: {"op": "Copy". "type": "ptr". "from": 1. "to". 0}')
debug_merge_point(0, 0, '1020<std_core_hnd.rpyeffect:719([k@[k@[mcore:[#893]#2108]#2110]#2112])>+4: {"op": "Copy". "type": "ptr". "from": 2. "to". 1}')
debug_merge_point(0, 0, '1020<std_core_hnd.rpyeffect:719([k@[k@[mcore:[#893]#2108]#2110]#2112])>+5: {"op": "Jump". "target": 1018}')
debug_merge_point(0, 0, '1018<std_core_hnd.rpyeffect:717([mcore:[#892]#2103])>+0: {"op": "Const". "type": "ptr". "out": 1. "format": "string". "value": "Name(import$std/core/hnd)"}')
debug_merge_point(0, 0, '1018<std_core_hnd.rpyeffect:717([mcore:[#892]#2103])>+1: {"op": "PrimOp". "name": "getGlobal(String): Ptr". "out": {"num": []. "ptr": [1]}. "in": {"num": []. "ptr": [1]}}')
debug_merge_point(0, 0, '1018<std_core_hnd.rpyeffect:717([mcore:[#892]#2103])>+2: {"op": "CallLib". "lib": "1". "symbol": "setCurrentEvv"}')
debug_merge_point(0, 0, '302<std_core_hnd.rpyeffect:1(Name(setCurrentEvv))>+0: {"op": "Const". "type": "ptr". "out": 1. "format": "string". "value": "current-evv"}')
debug_merge_point(0, 0, '302<std_core_hnd.rpyeffect:1(Name(setCurrentEvv))>+1: {"op": "PrimOp". "name": "getGlobal(String): Ptr". "out": {"num": []. "ptr": [1]}. "in": {"num": []. "ptr": [1]}}')
debug_merge_point(0, 0, '302<std_core_hnd.rpyeffect:1(Name(setCurrentEvv))>+2: {"op": "PrimOp". "name": "setRef(Ref[Ptr]. Ptr): Unit". "out": {"num": []. "ptr": [0]}. "in": {"num": []. "ptr": [1. 0]}}')
debug_merge_point(0, 0, '302<std_core_hnd.rpyeffect:1(Name(setCurrentEvv))>+3: {"op": "Return". "args": {"num": []. "ptr": [0]}}')
debug_merge_point(0, 0, '1019<std_core_hnd.rpyeffect:718([k@[k@[k@[mcore:[#893]#2108]#2110]#2112]#2117])>+0: {"op": "Copy". "type": "ptr". "from": 1. "to". 0}')
debug_merge_point(0, 0, '1019<std_core_hnd.rpyeffect:718([k@[k@[k@[mcore:[#893]#2108]#2110]#2112]#2117])>+1: {"op": "Return". "args": {"num": []. "ptr": [0]}}')
debug_merge_point(0, 0, '5033<main.rpyeffect:36([k@[#133]#138])>+0: {"op": "Return". "args": {"num": []. "ptr": [0]}}')
+880: guard_nonnull(p77, descr=<Guard0x1488da920>) [p2, i6, i8, i10, i12, i14, i16, i18, i20, i22, i24, i26, i28, i30, i32, i34, i36, p39, p41, p43, p45, p47, p49, p51, p53, p55, p57, p59, p61, p63, p65, p67, p69, p0, p1, p3]
+888: i111 = getfield_gc_i(p77, descr=<FieldS rpyeffect.stored_environment.Stack__arb_arb.inst_target 16 pure>)
+892: guard_value(i111, 5082, descr=<Guard0x1488da960>) [p2, i6, i8, i10, i12, i14, i16, i18, i20, i22, i24, i26, i28, i30, i32, i34, i36, p39, p41, p43, p45, p47, p49, p51, p53, p55, p57, p59, p61, p63, p65, p67, p69, p0, p1, p3]
debug_merge_point(0, 0, '5027<main.rpyeffect:30([#112])>+0: {"op": "Const". "type": "num". "out": 2. "value": 1}')
debug_merge_point(0, 0, '5027<main.rpyeffect:30([#112])>+1: {"op": "PrimOp". "name": "infixSub(Int. Int): Int". "out": {"num": [0]. "ptr": []}. "in": {"num": [0. 2]. "ptr": []}}')
+908: i114 = int_sub(i75, 1)
debug_merge_point(0, 0, '5027<main.rpyeffect:30([#112])>+2: {"op": "Const". "type": "ptr". "out": 0. "format": "string". "value": "Name(import$std/core/hnd)"}')
debug_merge_point(0, 0, '5027<main.rpyeffect:30([#112])>+3: {"op": "PrimOp". "name": "getGlobal(String): Ptr". "out": {"num": []. "ptr": [0]}. "in": {"num": []. "ptr": [0]}}')
debug_merge_point(0, 0, '5027<main.rpyeffect:30([#112])>+4: {"op": "Jump". "target": 5042}')
debug_merge_point(0, 0, '5042<main.rpyeffect:45([mcore:[#116]#87])>+0: {"op": "Const". "type": "num". "out": 2. "value": 0}')
debug_merge_point(0, 0, '5042<main.rpyeffect:45([mcore:[#116]#87])>+1: {"op": "PrimOp". "name": "infixEq(Int. Int): Boolean". "out": {"num": [2]. "ptr": []}. "in": {"num": [0. 2]. "ptr": []}}')
+912: i116 = int_eq(i114, 0)
guard_false(i116, descr=<Guard0x1488da9a0>) [p2, i6, i8, i10, i12, i14, i16, i18, i20, i22, i24, i26, i28, i30, i32, i34, i36, p39, p41, p43, p45, p47, p49, p51, p53, p55, p57, p59, p61, p63, p65, p67, p69, p0, p1, p3]
debug_merge_point(0, 0, '5042<main.rpyeffect:45([mcore:[#116]#87])>+2: {"op": "Switch". "scrutinee": 2. "values": [1]. "targets": [5025]. "default": 5041}')
debug_merge_point(0, 0, '5041<main.rpyeffect:44([switch default case#92])>+0: {"op": "Const". "type": "num". "out": 2. "value": 0}')
debug_merge_point(0, 0, '5041<main.rpyeffect:44([switch default case#92])>+1: {"op": "PrimOp". "name": "infixEq(Int. Int): Boolean". "out": {"num": [2]. "ptr": []}. "in": {"num": [0. 2]. "ptr": []}}')
debug_merge_point(0, 0, '5041<main.rpyeffect:44([switch default case#92])>+2: {"op": "Switch". "scrutinee": 2. "values": [0]. "targets": [5039]. "default": 5040}')
debug_merge_point(0, 0, '5039<main.rpyeffect:42([switch case for 0#96])>+0: {"op": "Const". "type": "num". "out": 2. "value": 0}')
+920: i117 = arraylen_gc(p86, descr=<ArrayP 8>)
+920: jump(p0, p77, p2, p106, i75, p107, p108, i114, i76, i12, i14, i16, i18, i20, i22, i24, i26, i28, i30, i32, i34, i36, p94, p49, p51, p53, p55, p57, p59, p61, p63, p65, p67, p69, p73, p83, p92, p98, p101, p94, p86, descr=TargetToken(5510826448))
+1316: --end of the loop--
[87c3767] jit-log-opt-loop}
[def7ff2] {jit-log-opt-loop
# Loop 5 (301<std_core_hnd.rpyeffect:0(Name(getCurrentEvv))>+0: {"op": "Const", "type": "ptr", "out": 0, "format": "string", "value": "current-evv"}) : entry bridge with 212 ops
[p0, p1, p2, p3]
+392: p4 = getfield_gc_r(p2, descr=<FieldP rpyeffect.environment.Environment.inst_values_num 16>)
+400: i6 = getarrayitem_gc_i(p4, 0, descr=<ArrayS 8>)
+404: i8 = getarrayitem_gc_i(p4, 1, descr=<ArrayS 8>)
+408: i10 = getarrayitem_gc_i(p4, 2, descr=<ArrayS 8>)
+412: i12 = getarrayitem_gc_i(p4, 3, descr=<ArrayS 8>)
+416: i14 = getarrayitem_gc_i(p4, 4, descr=<ArrayS 8>)
+420: i16 = getarrayitem_gc_i(p4, 5, descr=<ArrayS 8>)
+424: i18 = getarrayitem_gc_i(p4, 6, descr=<ArrayS 8>)
+428: i20 = getarrayitem_gc_i(p4, 7, descr=<ArrayS 8>)
+432: i22 = getarrayitem_gc_i(p4, 8, descr=<ArrayS 8>)
+436: i24 = getarrayitem_gc_i(p4, 9, descr=<ArrayS 8>)
+440: i26 = getarrayitem_gc_i(p4, 10, descr=<ArrayS 8>)
+444: i28 = getarrayitem_gc_i(p4, 11, descr=<ArrayS 8>)
+448: i30 = getarrayitem_gc_i(p4, 12, descr=<ArrayS 8>)
+452: i32 = getarrayitem_gc_i(p4, 13, descr=<ArrayS 8>)
+456: i34 = getarrayitem_gc_i(p4, 14, descr=<ArrayS 8>)
+464: i36 = getarrayitem_gc_i(p4, 15, descr=<ArrayS 8>)
+468: p37 = getfield_gc_r(p2, descr=<FieldP rpyeffect.environment.Environment.inst_values_ptr 24>)
+472: p39 = getarrayitem_gc_r(p37, 0, descr=<ArrayP 8>)
+480: p41 = getarrayitem_gc_r(p37, 1, descr=<ArrayP 8>)
+488: p43 = getarrayitem_gc_r(p37, 2, descr=<ArrayP 8>)
+496: p45 = getarrayitem_gc_r(p37, 3, descr=<ArrayP 8>)
+504: p47 = getarrayitem_gc_r(p37, 4, descr=<ArrayP 8>)
+512: p49 = getarrayitem_gc_r(p37, 5, descr=<ArrayP 8>)
+520: p51 = getarrayitem_gc_r(p37, 6, descr=<ArrayP 8>)
+528: p53 = getarrayitem_gc_r(p37, 7, descr=<ArrayP 8>)
+536: p55 = getarrayitem_gc_r(p37, 8, descr=<ArrayP 8>)
+544: p57 = getarrayitem_gc_r(p37, 9, descr=<ArrayP 8>)
+552: p59 = getarrayitem_gc_r(p37, 10, descr=<ArrayP 8>)
+560: p61 = getarrayitem_gc_r(p37, 11, descr=<ArrayP 8>)
+568: p63 = getarrayitem_gc_r(p37, 12, descr=<ArrayP 8>)
+576: p65 = getarrayitem_gc_r(p37, 13, descr=<ArrayP 8>)
+584: p67 = getarrayitem_gc_r(p37, 14, descr=<ArrayP 8>)
+592: p69 = getarrayitem_gc_r(p37, 15, descr=<ArrayP 8>)
debug_merge_point(0, 0, '301<std_core_hnd.rpyeffect:0(Name(getCurrentEvv))>+0: {"op": "Const". "type": "ptr". "out": 0. "format": "string". "value": "current-evv"}')
+596: guard_not_invalidated(descr=<Guard0x1488c5780>) [p2, i6, i8, i10, i12, i14, i16, i18, i20, i22, i24, i26, i28, i30, i32, i34, i36, p39, p41, p43, p45, p47, p49, p51, p53, p55, p57, p59, p61, p63, p65, p67, p69, p0, p1, p3]
debug_merge_point(0, 0, '301<std_core_hnd.rpyeffect:0(Name(getCurrentEvv))>+1: {"op": "PrimOp". "name": "getGlobal(String): Ptr". "out": {"num": []. "ptr": [0]}. "in": {"num": []. "ptr": [0]}}')
debug_merge_point(0, 0, '301<std_core_hnd.rpyeffect:0(Name(getCurrentEvv))>+2: {"op": "PrimOp". "name": "getRef(Ref[Ptr]): Ptr". "out": {"num": []. "ptr": [0]}. "in": {"num": []. "ptr": [0]}}')
+608: p71 = getfield_gc_r(ConstPtr(ptr70), descr=<FieldP rpyeffect.region.PtrRef.inst_value 8>)
debug_merge_point(0, 0, '301<std_core_hnd.rpyeffect:0(Name(getCurrentEvv))>+3: {"op": "Return". "args": {"num": []. "ptr": [0]}}')
+612: guard_nonnull(p1, descr=<Guard0x148792a60>) [p2, i6, i8, i10, i12, i14, i16, i18, i20, i22, i24, i26, i28, i30, i32, i34, i36, p39, p41, p43, p45, p47, p49, p51, p53, p55, p57, p59, p61, p63, p65, p67, p69, p0, p1, p3]
+624: i72 = getfield_gc_i(p1, descr=<FieldS rpyeffect.stored_environment.Stack__arb_arb.inst_target 16 pure>)
+640: guard_value(i72, 5038, descr=<Guard0x148792aa0>) [p2, i6, i8, i10, i12, i14, i16, i18, i20, i22, i24, i26, i28, i30, i32, i34, i36, p39, p41, p43, p45, p47, p49, p51, p53, p55, p57, p59, p61, p63, p65, p67, p69, p0, p1, p3]
+656: i74 = getfield_gc_i(p1, descr=<FieldS rpyeffect.stored_environment.Stack__3_0.inst_values_num_0 40 pure>)
+660: i75 = getfield_gc_i(p1, descr=<FieldS rpyeffect.stored_environment.Stack__3_0.inst_values_num_1 48 pure>)
+664: i76 = getfield_gc_i(p1, descr=<FieldS rpyeffect.stored_environment.Stack__3_0.inst_values_num_2 56 pure>)
+672: p77 = getfield_gc_r(p1, descr=<FieldP rpyeffect.stored_environment.Stack__arb_arb.inst_tail 8 pure>)
debug_merge_point(0, 0, '5038<main.rpyeffect:41([k@[switch case for 0#96]#102])>+0: {"op": "PrimOp". "name": "promote_ptr". "out": {"num": []. "ptr": [0]}. "in": {"num": []. "ptr": [0]}}')
debug_merge_point(0, 0, '5038<main.rpyeffect:41([k@[switch case for 0#96]#102])>+1: {"op": "Const". "type": "ptr". "out": 1. "format": "string". "value": "Name(import$std/core/hnd)"}')
debug_merge_point(0, 0, '5038<main.rpyeffect:41([k@[switch case for 0#96]#102])>+2: {"op": "PrimOp". "name": "getGlobal(String): Ptr". "out": {"num": []. "ptr": [1]}. "in": {"num": []. "ptr": [1]}}')
debug_merge_point(0, 0, '5038<main.rpyeffect:41([k@[switch case for 0#96]#102])>+3: {"op": "Push". "target": 5037. "args": {"num": [1. 2]. "ptr": []}}')
debug_merge_point(0, 0, '5038<main.rpyeffect:41([k@[switch case for 0#96]#102])>+4: {"op": "Jump". "target": 5023}')
debug_merge_point(0, 0, '5023<main.rpyeffect:26([mcore:[#102]#77])>+0: {"op": "Const". "type": "ptr". "out": 1. "format": "string". "value": "Name(import$std/core/hnd)"}')
debug_merge_point(0, 0, '5023<main.rpyeffect:26([mcore:[#102]#77])>+1: {"op": "PrimOp". "name": "getGlobal(String): Ptr". "out": {"num": []. "ptr": [1]}. "in": {"num": []. "ptr": [1]}}')
debug_merge_point(0, 0, '5023<main.rpyeffect:26([mcore:[#102]#77])>+2: {"op": "CallLib". "lib": "1". "symbol": "elt"}')
debug_merge_point(0, 0, '331<std_core_hnd.rpyeffect:30(Name(elt))>+0: {"op": "Switch". "scrutinee": 0. "values": [0]. "targets": [329]. "default": 330}')
+680: i79 = int_eq(i74, 0)
guard_true(i79, descr=<Guard0x148792ae0>) [p2, i6, i8, i10, i12, i14, i16, i18, i20, i22, i24, i26, i28, i30, i32, i34, i36, p39, p41, p43, p45, p47, p49, p51, p53, p55, p57, p59, p61, p63, p65, p67, p69, p0, p1, p3]
debug_merge_point(0, 0, '329<std_core_hnd.rpyeffect:28([switch case for 0#86])>+0: {"op": "Proj". "out": 0. "type": Interned(evv). "scrutinee": 0. "tag": Interned(cons). "field": 0. "field_type": "ptr"}')
+688: p80 = getfield_gc_r(p71, descr=<FieldP rpyeffect.stored_environment.Data__arb_arb.inst_tag 8>)
+700: guard_value(p80, ConstPtr(ptr81), descr=<Guard0x148792b20>) [p2, i6, i8, i10, i12, i14, i16, i18, i20, i22, i24, i26, i28, i30, i32, i34, i36, p39, p41, p43, p45, p47, p49, p51, p53, p55, p57, p59, p61, p63, p65, p67, p69, p0, p1, p3]
+708: guard_class(p71, ConstClass(Data__0_2), descr=<Guard0x148792b60>) [p2, i6, i8, i10, i12, i14, i16, i18, i20, i22, i24, i26, i28, i30, i32, i34, i36, p39, p41, p43, p45, p47, p49, p51, p53, p55, p57, p59, p61, p63, p65, p67, p69, p0, p1, p3]
+724: p83 = getfield_gc_r(p71, descr=<FieldP rpyeffect.stored_environment.Data__0_2.inst_values_ptr_0 32 pure>)
debug_merge_point(0, 0, '329<std_core_hnd.rpyeffect:28([switch case for 0#86])>+1: {"op": "Return". "args": {"num": []. "ptr": [0]}}')
debug_merge_point(0, 0, '5037<main.rpyeffect:40([k@[k@[switch case for 0#96]#102]#110])>+0: {"op": "Push". "target": 5027. "args": {"num": [0. 1]. "ptr": []}}')
debug_merge_point(0, 0, '5037<main.rpyeffect:40([k@[k@[switch case for 0#96]#102]#110])>+1: {"op": "Match". "type": Interned(std/core/hnd/ev). "scrutinee": 0. "clauses": [{"tag": Interned(std/core/hnd/Ev). "target": 5036. "args": {"num": []. "ptr": [1. 2. 3. 4]}}]. "default": {"tag": Interned(f57803dc-acce-49a1-b59f-636af7df14d6#[Missing Tag#706]). "target": 5028. "args": {"num": []. "ptr": []}}}')
+728: p84 = getfield_gc_r(p83, descr=<FieldP rpyeffect.stored_environment.Data__arb_arb.inst_tag 8>)
+736: guard_value(p84, ConstPtr(ptr85), descr=<Guard0x148792ba0>) [p2, i6, i8, i10, i12, i14, i16, i18, i20, i22, i24, i26, i28, i30, i32, i34, i36, p39, p41, p43, p45, p47, p49, p51, p53, p55, p57, p59, p61, p63, p65, p67, p69, p0, p1, p3]
+744: p86 = getfield_gc_r(p83, descr=<FieldP rpyeffect.stored_environment.Data__arb_arb.inst_values_ptr 24 pure>)
+748: p88 = getarrayitem_gc_pure_r(p86, 0, descr=<ArrayP 8>)
+748: p90 = getarrayitem_gc_pure_r(p86, 1, descr=<ArrayP 8>)
+752: p92 = getarrayitem_gc_pure_r(p86, 2, descr=<ArrayP 8>)
+756: p94 = getarrayitem_gc_pure_r(p86, 3, descr=<ArrayP 8>)
debug_merge_point(0, 0, '5036<main.rpyeffect:39([#123])>+0: {"op": "Copy". "type": "ptr". "from": 0. "to". 1}')
debug_merge_point(0, 0, '5036<main.rpyeffect:39([#123])>+1: {"op": "Copy". "type": "ptr". "from": 2. "to". 0}')
debug_merge_point(0, 0, '5036<main.rpyeffect:39([#123])>+2: {"op": "Match". "type": Interned(main/operator). "scrutinee": 3. "clauses": [{"tag": Interned(main/@Hnd-operator). "target": 5035. "args": {"num": [1]. "ptr": [2]}}]. "default": {"tag": Interned(f57803dc-acce-49a1-b59f-636af7df14d6#[Missing Tag#705]). "target": 5030. "args": {"num": []. "ptr": []}}}')
+760: p95 = getfield_gc_r(p92, descr=<FieldP rpyeffect.stored_environment.Data__arb_arb.inst_tag 8>)
+776: guard_value(p95, ConstPtr(ptr96), descr=<Guard0x148792be0>) [p2, i6, i8, i10, i12, i14, i16, i18, i20, i22, i24, i26, i28, i30, i32, i34, i36, p39, p41, p43, p45, p47, p49, p51, p53, p55, p57, p59, p61, p63, p65, p67, p69, p0, p1, p3]
+784: i97 = getfield_gc_i(p92, descr=<FieldS rpyeffect.stored_environment.Data__1_1.inst_values_num_0 32 pure>)
+784: p98 = getfield_gc_r(p92, descr=<FieldP rpyeffect.stored_environment.Data__1_1.inst_values_ptr_0 40 pure>)
debug_merge_point(0, 0, '5035<main.rpyeffect:38([match_main/@Hnd-operator@[#123]#128])>+0: {"op": "Match". "type": Interned(std/core/hnd/clause1). "scrutinee": 2. "clauses": [{"tag": Interned(std/core/hnd/Clause1). "target": 5034. "args": {"num": []. "ptr": [2]}}]. "default": {"tag": Interned(f57803dc-acce-49a1-b59f-636af7df14d6#[Missing Tag#704]). "target": 5032. "args": {"num": []. "ptr": []}}}')
+788: p99 = getfield_gc_r(p98, descr=<FieldP rpyeffect.stored_environment.Data__arb_arb.inst_tag 8>)
+796: guard_value(p99, ConstPtr(ptr100), descr=<Guard0x148792c20>) [p2, i6, i8, i10, i12, i14, i16, i18, i20, i22, i24, i26, i28, i30, i32, i34, i36, p39, p41, p43, p45, p47, p49, p51, p53, p55, p57, p59, p61, p63, p65, p67, p69, p0, p1, p3]
+804: p101 = getfield_gc_r(p98, descr=<FieldP rpyeffect.stored_environment.Data__0_1.inst_values_ptr_0 32 pure>)
debug_merge_point(0, 0, '5034<main.rpyeffect:37([#133])>+0: {"op": "PrimOp". "name": "box(Num): Ptr". "out": {"num": []. "ptr": [3]}. "in": {"num": [0]. "ptr": []}}')
debug_merge_point(0, 0, '5034<main.rpyeffect:37([#133])>+1: {"op": "Push". "target": 5033. "args": {"num": []. "ptr": []}}')
debug_merge_point(0, 0, '5034<main.rpyeffect:37([#133])>+2: {"op": "Swap". "type": "ptr". "a": 3. "b". 2}')
debug_merge_point(0, 0, '5034<main.rpyeffect:37([#133])>+3: {"op": "Invoke". "receiver": 3. "tag": Interned(%apply(ppp):p). "args" : {"num": []. "ptr": [0. 1. 2]}}')
+808: p102 = getfield_gc_r(p101, descr=<FieldP rpyeffect.stored_environment.CoData__arb_arb.inst_vtable 24 pure>)
+816: guard_value(p102, ConstPtr(ptr103), descr=<Guard0x148792c60>) [p2, i6, i8, i10, i12, i14, i16, i18, i20, i22, i24, i26, i28, i30, i32, i34, i36, p39, p41, p43, p45, p47, p49, p51, p53, p55, p57, p59, p61, p63, p65, p67, p69, p0, p1, p3]
debug_merge_point(0, 0, '5069<main.rpyeffect:72([method_%apply(ppp):p@[mcore:[#151]#242]#264])>+0: {"op": "Const". "type": "ptr". "out": 3. "format": "string". "value": "Name(import$std/core/hnd)"}')
debug_merge_point(0, 0, '5069<main.rpyeffect:72([method_%apply(ppp):p@[mcore:[#151]#242]#264])>+1: {"op": "PrimOp". "name": "getGlobal(String): Ptr". "out": {"num": []. "ptr": [3]}. "in": {"num": []. "ptr": [3]}}')
debug_merge_point(0, 0, '5069<main.rpyeffect:72([method_%apply(ppp):p@[mcore:[#151]#242]#264])>+2: {"op": "PrimOp". "name": "unbox(Ptr): Num". "out": {"num": [0]. "ptr": []}. "in": {"num": []. "ptr": [2]}}')
debug_merge_point(0, 0, '5069<main.rpyeffect:72([method_%apply(ppp):p@[mcore:[#151]#242]#264])>+3: {"op": "Copy". "type": "ptr". "from": 3. "to". 2}')
debug_merge_point(0, 0, '5069<main.rpyeffect:72([method_%apply(ppp):p@[mcore:[#151]#242]#264])>+4: {"op": "Jump". "target": 5061}')
debug_merge_point(0, 0, '5061<main.rpyeffect:64([mcore:[#140]#209])>+0: {"op": "New". "out": 1. "targets": [5058. 5060]. "args": {"num": [0]. "ptr": []}}')
debug_merge_point(0, 0, '5061<main.rpyeffect:64([mcore:[#140]#209])>+1: {"op": "Const". "type": "ptr". "out": 2. "format": "string". "value": "Name(import$std/core/hnd)"}')
debug_merge_point(0, 0, '5061<main.rpyeffect:64([mcore:[#140]#209])>+2: {"op": "PrimOp". "name": "getGlobal(String): Ptr". "out": {"num": []. "ptr": [2]}. "in": {"num": []. "ptr": [2]}}')
debug_merge_point(0, 0, '5061<main.rpyeffect:64([mcore:[#140]#209])>+3: {"op": "Jump". "target": 5044}')
debug_merge_point(0, 0, '5044<main.rpyeffect:47([mcore:[#122]#148])>+0: {"op": "Const". "type": "ptr". "out": 2. "format": "string". "value": "Name(import$std/core/hnd)"}')
debug_merge_point(0, 0, '5044<main.rpyeffect:47([mcore:[#122]#148])>+1: {"op": "PrimOp". "name": "getGlobal(String): Ptr". "out": {"num": []. "ptr": [2]}. "in": {"num": []. "ptr": [2]}}')
debug_merge_point(0, 0, '5044<main.rpyeffect:47([mcore:[#122]#148])>+2: {"op": "CallLib". "lib": "2". "symbol": "std/core/hnd/yield-to"}')
debug_merge_point(0, 0, '1022<std_core_hnd.rpyeffect:721([mcore:[#893]#2108])>+0: {"op": "Push". "target": 1021. "args": {"num": []. "ptr": [1. 0]}}')
debug_merge_point(0, 0, '1022<std_core_hnd.rpyeffect:721([mcore:[#893]#2108])>+1: {"op": "Jump". "target": 509}')
debug_merge_point(0, 0, '509<std_core_hnd.rpyeffect:208([mcore:[#471]#472])>+0: {"op": "Jump". "target": 301}')
debug_merge_point(0, 0, '301<std_core_hnd.rpyeffect:0(Name(getCurrentEvv))>+0: {"op": "Const". "type": "ptr". "out": 0. "format": "string". "value": "current-evv"}')
debug_merge_point(0, 0, '301<std_core_hnd.rpyeffect:0(Name(getCurrentEvv))>+1: {"op": "PrimOp". "name": "getGlobal(String): Ptr". "out": {"num": []. "ptr": [0]}. "in": {"num": []. "ptr": [0]}}')
debug_merge_point(0, 0, '301<std_core_hnd.rpyeffect:0(Name(getCurrentEvv))>+2: {"op": "PrimOp". "name": "getRef(Ref[Ptr]): Ptr". "out": {"num": []. "ptr": [0]}. "in": {"num": []. "ptr": [0]}}')
debug_merge_point(0, 0, '301<std_core_hnd.rpyeffect:0(Name(getCurrentEvv))>+3: {"op": "Return". "args": {"num": []. "ptr": [0]}}')
debug_merge_point(0, 0, '1021<std_core_hnd.rpyeffect:720([k@[mcore:[#893]#2108]#2110])>+0: {"op": "Push". "target": 1020. "args": {"num": []. "ptr": [0]}}')
debug_merge_point(0, 0, '1021<std_core_hnd.rpyeffect:720([k@[mcore:[#893]#2108]#2110])>+1: {"op": "Copy". "type": "ptr". "from": 2. "to". 0}')
debug_merge_point(0, 0, '1021<std_core_hnd.rpyeffect:720([k@[mcore:[#893]#2108]#2110])>+2: {"op": "Jump". "target": 507}')
debug_merge_point(0, 0, '507<std_core_hnd.rpyeffect:206([mcore:[#470]#437])>+0: {"op": "Const". "type": "num". "out": 0. "value": 0}')
debug_merge_point(0, 0, '507<std_core_hnd.rpyeffect:206([mcore:[#470]#437])>+1: {"op": "ShiftDyn". "out": 0. "n": 0. "label": 0}')
+824: i104 = instance_ptr_eq(p0, p90)
guard_true(i104, descr=<Guard0x148792ca0>) [p2, i6, i8, i10, i12, i14, i16, i18, i20, i22, i24, i26, i28, i30, i32, i34, i36, p39, p41, p43, p45, p47, p49, p51, p53, p55, p57, p59, p61, p63, p65, p67, p69, p0, p1, p3]
+836: guard_nonnull_class(p3, 4309429248, descr=<Guard0x1488c57d8>) [p2, i6, i8, i10, i12, i14, i16, i18, i20, i22, i24, i26, i28, i30, i32, i34, i36, p39, p41, p43, p45, p47, p49, p51, p53, p55, p57, p59, p61, p63, p65, p67, p69, p0, p1, p3]
+864: p106 = getfield_gc_r(p3, descr=<FieldP rpyeffect.stack.MetaStackLike.inst_stack 8 pure>)
+868: p107 = getfield_gc_r(p3, descr=<FieldP rpyeffect.stack.MetaStack.inst_label 16 pure>)
+872: p108 = getfield_gc_r(p3, descr=<FieldP rpyeffect.stack.MetaStack.inst_tail 32 pure>)
+880: guard_nonnull(p106, descr=<Guard0x148792ce0>) [p2, i6, i8, i10, i12, i14, i16, i18, i20, i22, i24, i26, i28, i30, i32, i34, i36, p39, p41, p43, p45, p47, p49, p51, p53, p55, p57, p59, p61, p63, p65, p67, p69, p0, p1, p3]
+888: i109 = getfield_gc_i(p106, descr=<FieldS rpyeffect.stored_environment.Stack__arb_arb.inst_target 16 pure>)
+896: guard_value(i109, 501, descr=<Guard0x148792d20>) [p2, i6, i8, i10, i12, i14, i16, i18, i20, i22, i24, i26, i28, i30, i32, i34, i36, p39, p41, p43, p45, p47, p49, p51, p53, p55, p57, p59, p61, p63, p65, p67, p69, p0, p1, p3]
debug_merge_point(0, 0, '507<std_core_hnd.rpyeffect:206([mcore:[#470]#437])>+2: {"op": "New". "out": 0. "targets": [500. 502. 504. 506]. "args": {"num": []. "ptr": [0]}}')
debug_merge_point(0, 0, '507<std_core_hnd.rpyeffect:206([mcore:[#470]#437])>+3: {"op": "Invoke". "receiver": 1. "tag": Interned(%apply(p):p). "args" : {"num": []. "ptr": [0]}}')
debug_merge_point(0, 0, '5058<main.rpyeffect:61([method_%apply(p):p@[mcore:[#140]#209]#213])>+0: {"op": "Const". "type": "ptr". "out": 1. "format": "string". "value": "Name(import$std/core/hnd)"}')
debug_merge_point(0, 0, '5058<main.rpyeffect:61([method_%apply(p):p@[mcore:[#140]#209]#213])>+1: {"op": "PrimOp". "name": "getGlobal(String): Ptr". "out": {"num": []. "ptr": [1]}. "in": {"num": []. "ptr": [1]}}')
debug_merge_point(0, 0, '5058<main.rpyeffect:61([method_%apply(p):p@[mcore:[#140]#209]#213])>+2: {"op": "PrimOp". "name": "box(Num): Ptr". "out": {"num": []. "ptr": [2]}. "in": {"num": [0]. "ptr": []}}')
debug_merge_point(0, 0, '5058<main.rpyeffect:61([method_%apply(p):p@[mcore:[#140]#209]#213])>+3: {"op": "Jump". "target": 5056}')
debug_merge_point(0, 0, '5056<main.rpyeffect:59([mcore:[#138]#174])>+0: {"op": "New". "out": 1. "targets": [5049. 5051. 5053. 5055]. "args": {"num": []. "ptr": []}}')
debug_merge_point(0, 0, '5056<main.rpyeffect:59([mcore:[#138]#174])>+1: {"op": "Const". "type": "ptr". "out": 3. "format": "string". "value": "Name(import$std/core/hnd)"}')
debug_merge_point(0, 0, '5056<main.rpyeffect:59([mcore:[#138]#174])>+2: {"op": "PrimOp". "name": "getGlobal(String): Ptr". "out": {"num": []. "ptr": [3]}. "in": {"num": []. "ptr": [3]}}')
debug_merge_point(0, 0, '5056<main.rpyeffect:59([mcore:[#138]#174])>+3: {"op": "Swap". "type": "ptr". "a": 2. "b". 0}')
debug_merge_point(0, 0, '5056<main.rpyeffect:59([mcore:[#138]#174])>+4: {"op": "Jump". "target": 5045}')
debug_merge_point(0, 0, '5045<main.rpyeffect:48([mcore:[#125]#154])>+0: {"op": "Const". "type": "ptr". "out": 3. "format": "string". "value": "Name(import$std/core/hnd)"}')
debug_merge_point(0, 0, '5045<main.rpyeffect:48([mcore:[#125]#154])>+1: {"op": "PrimOp". "name": "getGlobal(String): Ptr". "out": {"num": []. "ptr": [3]}. "in": {"num": []. "ptr": [3]}}')
debug_merge_point(0, 0, '5045<main.rpyeffect:48([mcore:[#125]#154])>+2: {"op": "CallLib". "lib": "3". "symbol": "std/core/hnd/protect"}')
debug_merge_point(0, 0, '495<std_core_hnd.rpyeffect:194([mcore:[#466]#434])>+0: {"op": "Swap". "type": "ptr". "a": 1. "b". 2}')
debug_merge_point(0, 0, '495<std_core_hnd.rpyeffect:194([mcore:[#466]#434])>+1: {"op": "Invoke". "receiver": 2. "tag": Interned(%apply(pp):p). "args" : {"num": []. "ptr": [0. 1]}}')
debug_merge_point(0, 0, '5055<main.rpyeffect:58([method_%apply(pp):p@[mcore:[#138]#174]#196])>+0: {"op": "PrimOp". "name": "unbox(Ptr): Num". "out": {"num": [0]. "ptr": []}. "in": {"num": []. "ptr": [0]}}')
debug_merge_point(0, 0, '5055<main.rpyeffect:58([method_%apply(pp):p@[mcore:[#138]#174]#196])>+1: {"op": "Push". "target": 5054. "args": {"num": []. "ptr": []}}')
debug_merge_point(0, 0, '5055<main.rpyeffect:58([method_%apply(pp):p@[mcore:[#138]#174]#196])>+2: {"op": "Copy". "type": "ptr". "from": 1. "to". 0}')
debug_merge_point(0, 0, '5055<main.rpyeffect:58([method_%apply(pp):p@[mcore:[#138]#174]#196])>+3: {"op": "Jump". "target": 5047}')
debug_merge_point(0, 0, '5047<main.rpyeffect:50([mcore:[#135]#161])>+0: {"op": "Construct". "out": 1. "type": Interned(Unit). "tag": Interned(unit). "args": {"num": []. "ptr": []}}')
debug_merge_point(0, 0, '5047<main.rpyeffect:50([mcore:[#135]#161])>+1: {"op": "Push". "target": 5046. "args": {"num": [0]. "ptr": []}}')
debug_merge_point(0, 0, '5047<main.rpyeffect:50([mcore:[#135]#161])>+2: {"op": "Swap". "type": "ptr". "a": 1. "b". 0}')
debug_merge_point(0, 0, '5047<main.rpyeffect:50([mcore:[#135]#161])>+3: {"op": "Invoke". "receiver": 1. "tag": Interned(%apply(p):n). "args" : {"num": []. "ptr": [0]}}')
debug_merge_point(0, 0, '502<std_core_hnd.rpyeffect:201([method_%apply(p):n@[mcore:[#470]#437]#449])>+0: {"op": "Push". "target": 501. "args": {"num": []. "ptr": []}}')
debug_merge_point(0, 0, '502<std_core_hnd.rpyeffect:201([method_%apply(p):n@[mcore:[#470]#437]#449])>+1: {"op": "Jump". "target": 497}')
debug_merge_point(0, 0, '497<std_core_hnd.rpyeffect:196([mcore:[#469]#436])>+0: {"op": "PushStack". "arg": 1}')
debug_merge_point(0, 0, '497<std_core_hnd.rpyeffect:196([mcore:[#469]#436])>+1: {"op": "Return". "args": {"num": []. "ptr": [0]}}')
debug_merge_point(0, 0, '1020<std_core_hnd.rpyeffect:719([k@[k@[mcore:[#893]#2108]#2110]#2112])>+0: {"op": "Const". "type": "ptr". "out": 2. "format": "string". "value": "Name(import$std/core/hnd)"}')
debug_merge_point(0, 0, '1020<std_core_hnd.rpyeffect:719([k@[k@[mcore:[#893]#2108]#2110]#2112])>+1: {"op": "PrimOp". "name": "getGlobal(String): Ptr". "out": {"num": []. "ptr": [2]}. "in": {"num": []. "ptr": [2]}}')
debug_merge_point(0, 0, '1020<std_core_hnd.rpyeffect:719([k@[k@[mcore:[#893]#2108]#2110]#2112])>+2: {"op": "Push". "target": 1019. "args": {"num": []. "ptr": [0]}}')
debug_merge_point(0, 0, '1020<std_core_hnd.rpyeffect:719([k@[k@[mcore:[#893]#2108]#2110]#2112])>+3: {"op": "Copy". "type": "ptr". "from": 1. "to". 0}')
debug_merge_point(0, 0, '1020<std_core_hnd.rpyeffect:719([k@[k@[mcore:[#893]#2108]#2110]#2112])>+4: {"op": "Copy". "type": "ptr". "from": 2. "to". 1}')
debug_merge_point(0, 0, '1020<std_core_hnd.rpyeffect:719([k@[k@[mcore:[#893]#2108]#2110]#2112])>+5: {"op": "Jump". "target": 1018}')
debug_merge_point(0, 0, '1018<std_core_hnd.rpyeffect:717([mcore:[#892]#2103])>+0: {"op": "Const". "type": "ptr". "out": 1. "format": "string". "value": "Name(import$std/core/hnd)"}')
debug_merge_point(0, 0, '1018<std_core_hnd.rpyeffect:717([mcore:[#892]#2103])>+1: {"op": "PrimOp". "name": "getGlobal(String): Ptr". "out": {"num": []. "ptr": [1]}. "in": {"num": []. "ptr": [1]}}')
debug_merge_point(0, 0, '1018<std_core_hnd.rpyeffect:717([mcore:[#892]#2103])>+2: {"op": "CallLib". "lib": "1". "symbol": "setCurrentEvv"}')
debug_merge_point(0, 0, '302<std_core_hnd.rpyeffect:1(Name(setCurrentEvv))>+0: {"op": "Const". "type": "ptr". "out": 1. "format": "string". "value": "current-evv"}')
debug_merge_point(0, 0, '302<std_core_hnd.rpyeffect:1(Name(setCurrentEvv))>+1: {"op": "PrimOp". "name": "getGlobal(String): Ptr". "out": {"num": []. "ptr": [1]}. "in": {"num": []. "ptr": [1]}}')
debug_merge_point(0, 0, '302<std_core_hnd.rpyeffect:1(Name(setCurrentEvv))>+2: {"op": "PrimOp". "name": "setRef(Ref[Ptr]. Ptr): Unit". "out": {"num": []. "ptr": [0]}. "in": {"num": []. "ptr": [1. 0]}}')
debug_merge_point(0, 0, '302<std_core_hnd.rpyeffect:1(Name(setCurrentEvv))>+3: {"op": "Return". "args": {"num": []. "ptr": [0]}}')
debug_merge_point(0, 0, '1019<std_core_hnd.rpyeffect:718([k@[k@[k@[mcore:[#893]#2108]#2110]#2112]#2117])>+0: {"op": "Copy". "type": "ptr". "from": 1. "to". 0}')
debug_merge_point(0, 0, '1019<std_core_hnd.rpyeffect:718([k@[k@[k@[mcore:[#893]#2108]#2110]#2112]#2117])>+1: {"op": "Return". "args": {"num": []. "ptr": [0]}}')
debug_merge_point(0, 0, '5033<main.rpyeffect:36([k@[#133]#138])>+0: {"op": "Return". "args": {"num": []. "ptr": [0]}}')
+908: guard_nonnull(p77, descr=<Guard0x148792d60>) [p2, i6, i8, i10, i12, i14, i16, i18, i20, i22, i24, i26, i28, i30, i32, i34, i36, p39, p41, p43, p45, p47, p49, p51, p53, p55, p57, p59, p61, p63, p65, p67, p69, p0, p1, p3]
+916: i111 = getfield_gc_i(p77, descr=<FieldS rpyeffect.stored_environment.Stack__arb_arb.inst_target 16 pure>)
+920: guard_value(i111, 5082, descr=<Guard0x148792da0>) [p2, i6, i8, i10, i12, i14, i16, i18, i20, i22, i24, i26, i28, i30, i32, i34, i36, p39, p41, p43, p45, p47, p49, p51, p53, p55, p57, p59, p61, p63, p65, p67, p69, p0, p1, p3]
debug_merge_point(0, 0, '5027<main.rpyeffect:30([#112])>+0: {"op": "Const". "type": "num". "out": 2. "value": 1}')
debug_merge_point(0, 0, '5027<main.rpyeffect:30([#112])>+1: {"op": "PrimOp". "name": "infixSub(Int. Int): Int". "out": {"num": [0]. "ptr": []}. "in": {"num": [0. 2]. "ptr": []}}')
+936: i114 = int_sub(i75, 1)
debug_merge_point(0, 0, '5027<main.rpyeffect:30([#112])>+2: {"op": "Const". "type": "ptr". "out": 0. "format": "string". "value": "Name(import$std/core/hnd)"}')
debug_merge_point(0, 0, '5027<main.rpyeffect:30([#112])>+3: {"op": "PrimOp". "name": "getGlobal(String): Ptr". "out": {"num": []. "ptr": [0]}. "in": {"num": []. "ptr": [0]}}')
debug_merge_point(0, 0, '5027<main.rpyeffect:30([#112])>+4: {"op": "Jump". "target": 5042}')
debug_merge_point(0, 0, '5042<main.rpyeffect:45([mcore:[#116]#87])>+0: {"op": "Const". "type": "num". "out": 2. "value": 0}')
debug_merge_point(0, 0, '5042<main.rpyeffect:45([mcore:[#116]#87])>+1: {"op": "PrimOp". "name": "infixEq(Int. Int): Boolean". "out": {"num": [2]. "ptr": []}. "in": {"num": [0. 2]. "ptr": []}}')
+940: i116 = int_eq(i114, 0)
guard_true(i116, descr=<Guard0x148792de0>) [p2, i6, i8, i10, i12, i14, i16, i18, i20, i22, i24, i26, i28, i30, i32, i34, i36, p39, p41, p43, p45, p47, p49, p51, p53, p55, p57, p59, p61, p63, p65, p67, p69, p0, p1, p3]
debug_merge_point(0, 0, '5042<main.rpyeffect:45([mcore:[#116]#87])>+2: {"op": "Switch". "scrutinee": 2. "values": [1]. "targets": [5025]. "default": 5041}')
debug_merge_point(0, 0, '5025<main.rpyeffect:28([switch case for 1#91])>+0: {"op": "Copy". "type": "num". "from": 1. "to". 0}')
debug_merge_point(0, 0, '5025<main.rpyeffect:28([switch case for 1#91])>+1: {"op": "Return". "args": {"num": [0]. "ptr": []}}')
+948: p117 = getfield_gc_r(p77, descr=<FieldP rpyeffect.stored_environment.Stack__arb_arb.inst_tail 8 pure>)
debug_merge_point(0, 0, '5082<main.rpyeffect:85([k@[#331]#334])>+0: {"op": "PrimOp". "name": "box(Num): Ptr". "out": {"num": []. "ptr": [0]}. "in": {"num": [0]. "ptr": []}}')
debug_merge_point(0, 0, '5082<main.rpyeffect:85([k@[#331]#334])>+1: {"op": "Return". "args": {"num": []. "ptr": [0]}}')
+952: guard_nonnull_class(p117, ConstClass(Stack__0_1), descr=<Guard0x1488c5830>) [p2, i6, i8, i10, i12, i14, i16, i18, i20, i22, i24, i26, i28, i30, i32, i34, i36, p39, p41, p43, p45, p47, p49, p51, p53, p55, p57, p59, p61, p63, p65, p67, p69, p0, p1, p3]
+976: i119 = getfield_gc_i(p117, descr=<FieldS rpyeffect.stored_environment.Stack__arb_arb.inst_target 16 pure>)
+980: guard_value(i119, 432, descr=<Guard0x148792e20>) [p2, i6, i8, i10, i12, i14, i16, i18, i20, i22, i24, i26, i28, i30, i32, i34, i36, p39, p41, p43, p45, p47, p49, p51, p53, p55, p57, p59, p61, p63, p65, p67, p69, p0, p1, p3]
+992: p121 = getfield_gc_r(p117, descr=<FieldP rpyeffect.stored_environment.Stack__0_1.inst_values_ptr_0 40 pure>)
+996: p122 = getfield_gc_r(p117, descr=<FieldP rpyeffect.stored_environment.Stack__arb_arb.inst_tail 8 pure>)
+1000: guard_isnull(p122, descr=<Guard0x148792e60>) [p2, i6, i8, i10, i12, i14, i16, i18, i20, i22, i24, i26, i28, i30, i32, i34, i36, p39, p41, p43, p45, p47, p49, p51, p53, p55, p57, p59, p61, p63, p65, p67, p69, p0, p1, p3]
debug_merge_point(0, 0, '432<std_core_hnd.rpyeffect:131([return_clause@[mcore:[#404]#265]#269])>+0: {"op": "Invoke". "receiver": 1. "tag": Interned(%apply(p):p). "args" : {"num": []. "ptr": [0]}}')
+1008: p123 = getfield_gc_r(p121, descr=<FieldP rpyeffect.stored_environment.CoData__arb_arb.inst_vtable 24 pure>)
+1016: guard_value(p123, ConstPtr(ptr124), descr=<Guard0x148792ea0>) [p2, i6, i8, i10, i12, i14, i16, i18, i20, i22, i24, i26, i28, i30, i32, i34, i36, p39, p41, p43, p45, p47, p49, p51, p53, p55, p57, p59, p61, p63, p65, p67, p69, p0, p1, p3]
debug_merge_point(0, 0, '5079<main.rpyeffect:82([#312])>+0: {"op": "PrimOp". "name": "unbox(Ptr): Num". "out": {"num": [0]. "ptr": []}. "in": {"num": []. "ptr": [0]}}')
debug_merge_point(0, 0, '5079<main.rpyeffect:82([#312])>+1: {"op": "Push". "target": 5078. "args": {"num": []. "ptr": []}}')
debug_merge_point(0, 0, '5079<main.rpyeffect:82([#312])>+2: {"op": "Jump". "target": 5062}')
debug_merge_point(0, 0, '5062<main.rpyeffect:65([mcore:[#144]#237])>+0: {"op": "Return". "args": {"num": [0]. "ptr": []}}')
debug_merge_point(0, 0, '5078<main.rpyeffect:81([k@[#312]#317])>+0: {"op": "PrimOp". "name": "box(Num): Ptr". "out": {"num": []. "ptr": [0]}. "in": {"num": [0]. "ptr": []}}')
debug_merge_point(0, 0, '5078<main.rpyeffect:81([k@[#312]#317])>+1: {"op": "Return". "args": {"num": []. "ptr": [0]}}')
debug_merge_point(0, 0, '501<std_core_hnd.rpyeffect:200([#451])>+0: {"op": "PrimOp". "name": "unbox(Ptr): Num". "out": {"num": [0]. "ptr": []}. "in": {"num": []. "ptr": [0]}}')
+1024: p125 = new_with_vtable(descr=<SizeDescr 48>)
+1128: p126 = new_with_vtable(descr=<SizeDescr 40>)
+1140: setfield_gc(p126, p106, descr=<FieldP rpyeffect.stored_environment.Stack__arb_arb.inst_tail 8 pure>)
+1144: setfield_gc(p126, 5054, descr=<FieldS rpyeffect.stored_environment.Stack__arb_arb.inst_target 16 pure>)
+1152: p128 = new_with_vtable(descr=<SizeDescr 16>)
+1164: setfield_gc(p125, 5046, descr=<FieldS rpyeffect.stored_environment.Stack__arb_arb.inst_target 16 pure>)
+1172: setfield_gc(p125, p126, descr=<FieldP rpyeffect.stored_environment.Stack__arb_arb.inst_tail 8 pure>)
+1176: setfield_gc(p125, 1, descr=<FieldS rpyeffect.stored_environment.Stack__1_0.inst_values_num_0 40 pure>)
+1184: setfield_gc(p128, i76, descr=<FieldS rpyeffect.region.NumBox.inst_value 8 pure>)
+1224: jump(p107, p125, p2, p108, i76, i76, 1, i12, i14, i16, i18, i20, i22, i24, i26, i28, i30, i32, i34, i36, p128, p121, ConstPtr(ptr132), ConstPtr(ptr133), p94, p49, p51, p53, p55, p57, p59, p61, p63, p65, p67, p69, descr=TargetToken(5510826048))
+1452: --end of the loop--
[df29cfc] jit-log-opt-loop}
[f4b0f35] {jit-log-opt-bridge
# bridge out of Guard 0x148792760 with 259 ops
[p0, i1, i2, i3, i4, i5, i6, i7, i8, i9, i10, i11, i12, i13, i14, p15, p16, p17, p18, p19, p20, p21, p22, p23, p24, p25, p26, p27, p28, p29, p30, p31, p32]
+312: guard_not_invalidated(descr=<Guard0x149d08128>) [p0, i1, i2, i3, i4, i5, i6, i7, i8, i9, i10, i11, i12, i13, i14, p15, p16, p17, p18, p19, p20, p21, p22, p23, p24, p25, p26, p27, p28, p29, p30, p31, p32]
debug_merge_point(0, 0, '501<std_core_hnd.rpyeffect:200([#451])>+1: {"op": "Return". "args": {"num": [0]. "ptr": []}}')
+316: guard_nonnull(p31, descr=<Guard0x149d0a360>) [p0, i1, i2, i3, i4, i5, i6, i7, i8, i9, i10, i11, i12, i13, i14, p15, p16, p17, p18, p19, p20, p21, p22, p23, p24, p25, p26, p27, p28, p29, p30, p31, p32]
+324: i33 = getfield_gc_i(p31, descr=<FieldS rpyeffect.stored_environment.Stack__arb_arb.inst_target 16 pure>)
+328: guard_value(i33, 5046, descr=<Guard0x149d0a320>) [p0, i1, i2, i3, i4, i5, i6, i7, i8, i9, i10, i11, i12, i13, i14, p15, p16, p17, p18, p19, p20, p21, p22, p23, p24, p25, p26, p27, p28, p29, p30, p31, p32]
+340: i35 = getfield_gc_i(p31, descr=<FieldS rpyeffect.stored_environment.Stack__1_0.inst_values_num_0 40 pure>)
+344: p36 = getfield_gc_r(p31, descr=<FieldP rpyeffect.stored_environment.Stack__arb_arb.inst_tail 8 pure>)
debug_merge_point(0, 0, '5046<main.rpyeffect:49([k@[mcore:[#135]#161]#165])>+0: {"op": "Const". "type": "num". "out": 2. "value": 503}')
debug_merge_point(0, 0, '5046<main.rpyeffect:49([k@[mcore:[#135]#161]#165])>+1: {"op": "PrimOp". "name": "infixMul(Int. Int): Int". "out": {"num": [0]. "ptr": []}. "in": {"num": [2. 0]. "ptr": []}}')
+348: i38 = int_mul(503, i1)
debug_merge_point(0, 0, '5046<main.rpyeffect:49([k@[mcore:[#135]#161]#165])>+2: {"op": "PrimOp". "name": "infixSub(Int. Int): Int". "out": {"num": [0]. "ptr": []}. "in": {"num": [1. 0]. "ptr": []}}')
+356: i39 = int_sub(i35, i38)
debug_merge_point(0, 0, '5046<main.rpyeffect:49([k@[mcore:[#135]#161]#165])>+3: {"op": "Const". "type": "num". "out": 1. "value": 37}')
debug_merge_point(0, 0, '5046<main.rpyeffect:49([k@[mcore:[#135]#161]#165])>+4: {"op": "PrimOp". "name": "infixAdd(Int. Int): Int". "out": {"num": [0]. "ptr": []}. "in": {"num": [0. 1]. "ptr": []}}')
+360: i41 = int_add(i39, 37)
debug_merge_point(0, 0, '5046<main.rpyeffect:49([k@[mcore:[#135]#161]#165])>+5: {"op": "PrimOp". "name": "abs(Int): Int". "out": {"num": [0]. "ptr": []}. "in": {"num": [0]. "ptr": []}}')
+364: i43 = int_rshift(i41, 63)
+372: i44 = int_xor(i41, i43)
+376: i45 = int_sub(i44, i43)
debug_merge_point(0, 0, '5046<main.rpyeffect:49([k@[mcore:[#135]#161]#165])>+6: {"op": "Const". "type": "num". "out": 1. "value": 1009}')
debug_merge_point(0, 0, '5046<main.rpyeffect:49([k@[mcore:[#135]#161]#165])>+7: {"op": "PrimOp". "name": "mod(Int. Int): Int". "out": {"num": [0]. "ptr": []}. "in": {"num": [0. 1]. "ptr": []}}')
+380: i47 = int_rshift(i45, 63)
+388: i48 = int_xor(i45, i47)
+392: i50 = uint_mul_high(i48, -9086255505087856445)
+412: i52 = uint_rshift(i50, 9)
+420: i53 = int_xor(i52, i47)
+424: i55 = int_mul(i53, 1009)
+432: i56 = int_sub(i45, i55)
debug_merge_point(0, 0, '5046<main.rpyeffect:49([k@[mcore:[#135]#161]#165])>+8: {"op": "Return". "args": {"num": [0]. "ptr": []}}')
+436: guard_nonnull(p36, descr=<Guard0x149d0a2e0>) [p0, i1, i2, i3, i4, i5, i6, i7, i8, i9, i10, i11, i12, i13, i14, p15, p16, p17, p18, p19, p20, p21, p22, p23, p24, p25, p26, p27, p28, p29, p30, p31, p32]
+444: i57 = getfield_gc_i(p36, descr=<FieldS rpyeffect.stored_environment.Stack__arb_arb.inst_target 16 pure>)
+448: guard_value(i57, 5054, descr=<Guard0x149d0a2a0>) [p0, i1, i2, i3, i4, i5, i6, i7, i8, i9, i10, i11, i12, i13, i14, p15, p16, p17, p18, p19, p20, p21, p22, p23, p24, p25, p26, p27, p28, p29, p30, p31, p32]
+460: p59 = getfield_gc_r(p36, descr=<FieldP rpyeffect.stored_environment.Stack__arb_arb.inst_tail 8 pure>)
debug_merge_point(0, 0, '5054<main.rpyeffect:57([#201])>+0: {"op": "PrimOp". "name": "box(Num): Ptr". "out": {"num": []. "ptr": [0]}. "in": {"num": [0]. "ptr": []}}')
debug_merge_point(0, 0, '5054<main.rpyeffect:57([#201])>+1: {"op": "Return". "args": {"num": []. "ptr": [0]}}')
+464: guard_nonnull(p59, descr=<Guard0x149d0a260>) [p0, i1, i2, i3, i4, i5, i6, i7, i8, i9, i10, i11, i12, i13, i14, p15, p16, p17, p18, p19, p20, p21, p22, p23, p24, p25, p26, p27, p28, p29, p30, p31, p32]
+472: i60 = getfield_gc_i(p59, descr=<FieldS rpyeffect.stored_environment.Stack__arb_arb.inst_target 16 pure>)
+476: guard_value(i60, 714, descr=<Guard0x149d0a220>) [p0, i1, i2, i3, i4, i5, i6, i7, i8, i9, i10, i11, i12, i13, i14, p15, p16, p17, p18, p19, p20, p21, p22, p23, p24, p25, p26, p27, p28, p29, p30, p31, p32]
+488: p62 = getfield_gc_r(p59, descr=<FieldP rpyeffect.stored_environment.Stack__0_1.inst_values_ptr_0 40 pure>)
+492: p63 = getfield_gc_r(p59, descr=<FieldP rpyeffect.stored_environment.Stack__arb_arb.inst_tail 8 pure>)
+496: guard_nonnull(p63, descr=<Guard0x149d0a1e0>) [p0, i1, i2, i3, i4, i5, i6, i7, i8, i9, i10, i11, i12, i13, i14, p15, p16, p17, p18, p19, p20, p21, p22, p23, p24, p25, p26, p27, p28, p29, p30, p31, p32]
+504: i64 = getfield_gc_i(p63, descr=<FieldS rpyeffect.stored_environment.Stack__arb_arb.inst_target 16 pure>)
+508: guard_value(i64, 5087, descr=<Guard0x149d0a1a0>) [p0, i1, i2, i3, i4, i5, i6, i7, i8, i9, i10, i11, i12, i13, i14, p15, p16, p17, p18, p19, p20, p21, p22, p23, p24, p25, p26, p27, p28, p29, p30, p31, p32]
debug_merge_point(0, 0, '714<std_core_hnd.rpyeffect:413([k@[k@[#1063]#1068]#1070])>+0: {"op": "Const". "type": "ptr". "out": 2. "format": "string". "value": "Name(import$std/core/hnd)"}')
debug_merge_point(0, 0, '714<std_core_hnd.rpyeffect:413([k@[k@[#1063]#1068]#1070])>+1: {"op": "PrimOp". "name": "getGlobal(String): Ptr". "out": {"num": []. "ptr": [2]}. "in": {"num": []. "ptr": [2]}}')
debug_merge_point(0, 0, '714<std_core_hnd.rpyeffect:413([k@[k@[#1063]#1068]#1070])>+2: {"op": "Push". "target": 713. "args": {"num": []. "ptr": [0]}}')
debug_merge_point(0, 0, '714<std_core_hnd.rpyeffect:413([k@[k@[#1063]#1068]#1070])>+3: {"op": "Copy". "type": "ptr". "from": 1. "to". 0}')
debug_merge_point(0, 0, '714<std_core_hnd.rpyeffect:413([k@[k@[#1063]#1068]#1070])>+4: {"op": "Copy". "type": "ptr". "from": 2. "to". 1}')
debug_merge_point(0, 0, '714<std_core_hnd.rpyeffect:413([k@[k@[#1063]#1068]#1070])>+5: {"op": "Jump". "target": 712}')
debug_merge_point(0, 0, '712<std_core_hnd.rpyeffect:411([mcore:[#655]#1049])>+0: {"op": "Const". "type": "ptr". "out": 1. "format": "string". "value": "Name(import$std/core/hnd)"}')
debug_merge_point(0, 0, '712<std_core_hnd.rpyeffect:411([mcore:[#655]#1049])>+1: {"op": "PrimOp". "name": "getGlobal(String): Ptr". "out": {"num": []. "ptr": [1]}. "in": {"num": []. "ptr": [1]}}')
debug_merge_point(0, 0, '712<std_core_hnd.rpyeffect:411([mcore:[#655]#1049])>+2: {"op": "CallLib". "lib": "1". "symbol": "setCurrentEvv"}')
debug_merge_point(0, 0, '302<std_core_hnd.rpyeffect:1(Name(setCurrentEvv))>+0: {"op": "Const". "type": "ptr". "out": 1. "format": "string". "value": "current-evv"}')
debug_merge_point(0, 0, '302<std_core_hnd.rpyeffect:1(Name(setCurrentEvv))>+1: {"op": "PrimOp". "name": "getGlobal(String): Ptr". "out": {"num": []. "ptr": [1]}. "in": {"num": []. "ptr": [1]}}')
debug_merge_point(0, 0, '302<std_core_hnd.rpyeffect:1(Name(setCurrentEvv))>+2: {"op": "PrimOp". "name": "setRef(Ref[Ptr]. Ptr): Unit". "out": {"num": []. "ptr": [0]}. "in": {"num": []. "ptr": [1. 0]}}')
debug_merge_point(0, 0, '302<std_core_hnd.rpyeffect:1(Name(setCurrentEvv))>+3: {"op": "Return". "args": {"num": []. "ptr": [0]}}')
debug_merge_point(0, 0, '713<std_core_hnd.rpyeffect:412([k@[k@[k@[#1063]#1068]#1070]#1075])>+0: {"op": "Copy". "type": "ptr". "from": 1. "to". 0}')
debug_merge_point(0, 0, '713<std_core_hnd.rpyeffect:412([k@[k@[k@[#1063]#1068]#1070]#1075])>+1: {"op": "Return". "args": {"num": []. "ptr": [0]}}')
+520: p66 = getfield_gc_r(p63, descr=<FieldP rpyeffect.stored_environment.Stack__arb_arb.inst_tail 8 pure>)
debug_merge_point(0, 0, '5087<main.rpyeffect:90([k@[mcore:[eta-expanded fn#449]#346]#352])>+0: {"op": "PrimOp". "name": "unbox(Ptr): Num". "out": {"num": [0]. "ptr": []}. "in": {"num": []. "ptr": [0]}}')
debug_merge_point(0, 0, '5087<main.rpyeffect:90([k@[mcore:[eta-expanded fn#449]#346]#352])>+1: {"op": "Return". "args": {"num": [0]. "ptr": []}}')
+592: setfield_gc(ConstPtr(ptr67), p62, descr=<FieldP rpyeffect.region.PtrRef.inst_value 8>)
+596: guard_nonnull(p66, descr=<Guard0x149d080d0>) [p0, i56, i2, i3, i4, i5, i6, i7, i8, i9, i10, i11, i12, i13, i14, p17, p18, p19, p20, p21, p22, p23, p24, p25, p26, p27, p28, p29, p30, p66, p32]
+604: i68 = getfield_gc_i(p66, descr=<FieldS rpyeffect.stored_environment.Stack__arb_arb.inst_target 16 pure>)
+608: guard_value(i68, 5091, descr=<Guard0x149d0a160>) [p0, i56, i2, i3, i4, i5, i6, i7, i8, i9, i10, i11, i12, i13, i14, p17, p18, p19, p20, p21, p22, p23, p24, p25, p26, p27, p28, p29, p30, p66, p32]
+620: i70 = getfield_gc_i(p66, descr=<FieldS rpyeffect.stored_environment.Stack__2_0.inst_values_num_0 40 pure>)
+624: i71 = getfield_gc_i(p66, descr=<FieldS rpyeffect.stored_environment.Stack__2_0.inst_values_num_1 48 pure>)
+628: p72 = getfield_gc_r(p66, descr=<FieldP rpyeffect.stored_environment.Stack__arb_arb.inst_tail 8 pure>)
debug_merge_point(0, 0, '5091<main.rpyeffect:94([k@[switch case for 0#365]#375])>+0: {"op": "Const". "type": "ptr". "out": 0. "format": "string". "value": "Name(import$std/core/hnd)"}')
debug_merge_point(0, 0, '5091<main.rpyeffect:94([k@[switch case for 0#365]#375])>+1: {"op": "PrimOp". "name": "getGlobal(String): Ptr". "out": {"num": []. "ptr": [0]}. "in": {"num": []. "ptr": [0]}}')
debug_merge_point(0, 0, '5091<main.rpyeffect:94([k@[switch case for 0#365]#375])>+2: {"op": "Const". "type": "ptr". "out": 1. "format": "string". "value": "Name(main/@tag-operator)"}')
debug_merge_point(0, 0, '5091<main.rpyeffect:94([k@[switch case for 0#365]#375])>+3: {"op": "PrimOp". "name": "getGlobal(String): Ptr". "out": {"num": []. "ptr": [1]}. "in": {"num": []. "ptr": [1]}}')
debug_merge_point(0, 0, '5091<main.rpyeffect:94([k@[switch case for 0#365]#375])>+4: {"op": "Swap". "type": "num". "a": 0. "b". 2}')
debug_merge_point(0, 0, '5091<main.rpyeffect:94([k@[switch case for 0#365]#375])>+5: {"op": "Jump". "target": 5095}')
debug_merge_point(0, 0, '5095<main.rpyeffect:98([mcore:[#164]#356])>+0: {"op": "Const". "type": "num". "out": 3. "value": 0}')
debug_merge_point(0, 0, '5095<main.rpyeffect:98([mcore:[#164]#356])>+1: {"op": "PrimOp". "name": "infixEq(Int. Int): Boolean". "out": {"num": [3]. "ptr": []}. "in": {"num": [1. 3]. "ptr": []}}')
+632: i74 = int_eq(i70, 0)
guard_false(i74, descr=<Guard0x149d0a120>) [p0, i56, i2, i3, i4, i5, i6, i7, i8, i9, i10, i11, i12, i13, i14, p17, p18, p19, p20, p21, p22, p23, p24, p25, p26, p27, p28, p29, p30, p66, p32]
debug_merge_point(0, 0, '5095<main.rpyeffect:98([mcore:[#164]#356])>+2: {"op": "Swap". "type": "num". "a": 1. "b". 0}')
debug_merge_point(0, 0, '5095<main.rpyeffect:98([mcore:[#164]#356])>+3: {"op": "Switch". "scrutinee": 3. "values": [1]. "targets": [5089]. "default": 5094}')
+640: guard_nonnull(p72, descr=<Guard0x149d0a0e0>) [p0, i56, i2, i3, i4, i5, i6, i7, i8, i9, i10, i11, i12, i13, i14, p17, p18, p19, p20, p21, p22, p23, p24, p25, p26, p27, p28, p29, p30, p66, p32]
+648: i75 = getfield_gc_i(p72, descr=<FieldS rpyeffect.stored_environment.Stack__arb_arb.inst_target 16 pure>)
+652: guard_value(i75, 5102, descr=<Guard0x149d0a0a0>) [p0, i56, i2, i3, i4, i5, i6, i7, i8, i9, i10, i11, i12, i13, i14, p17, p18, p19, p20, p21, p22, p23, p24, p25, p26, p27, p28, p29, p30, p66, p32]
debug_merge_point(0, 0, '5094<main.rpyeffect:97([switch default case#361])>+0: {"op": "Const". "type": "num". "out": 3. "value": 0}')
debug_merge_point(0, 0, '5094<main.rpyeffect:97([switch default case#361])>+1: {"op": "PrimOp". "name": "infixEq(Int. Int): Boolean". "out": {"num": [3]. "ptr": []}. "in": {"num": [0. 3]. "ptr": []}}')
debug_merge_point(0, 0, '5094<main.rpyeffect:97([switch default case#361])>+2: {"op": "Switch". "scrutinee": 3. "values": [0]. "targets": [5092]. "default": 5093}')
debug_merge_point(0, 0, '5092<main.rpyeffect:95([switch case for 0#365])>+0: {"op": "Const". "type": "num". "out": 3. "value": 1}')
debug_merge_point(0, 0, '5092<main.rpyeffect:95([switch case for 0#365])>+1: {"op": "PrimOp". "name": "infixSub(Int. Int): Int". "out": {"num": [0]. "ptr": []}. "in": {"num": [0. 3]. "ptr": []}}')
+664: i78 = int_sub(i70, 1)
debug_merge_point(0, 0, '5092<main.rpyeffect:95([switch case for 0#365])>+2: {"op": "Const". "type": "ptr". "out": 0. "format": "string". "value": "Name(import$std/core/hnd)"}')
debug_merge_point(0, 0, '5092<main.rpyeffect:95([switch case for 0#365])>+3: {"op": "PrimOp". "name": "getGlobal(String): Ptr". "out": {"num": []. "ptr": [0]}. "in": {"num": []. "ptr": [0]}}')
debug_merge_point(0, 0, '5092<main.rpyeffect:95([switch case for 0#365])>+4: {"op": "Const". "type": "ptr". "out": 1. "format": "string". "value": "Name(main/@tag-operator)"}')
debug_merge_point(0, 0, '5092<main.rpyeffect:95([switch case for 0#365])>+5: {"op": "PrimOp". "name": "getGlobal(String): Ptr". "out": {"num": []. "ptr": [1]}. "in": {"num": []. "ptr": [1]}}')
debug_merge_point(0, 0, '5092<main.rpyeffect:95([switch case for 0#365])>+6: {"op": "Push". "target": 5091. "args": {"num": [0. 1]. "ptr": []}}')
debug_merge_point(0, 0, '5092<main.rpyeffect:95([switch case for 0#365])>+7: {"op": "Copy". "type": "num". "from": 1. "to". 0}')
debug_merge_point(0, 0, '5092<main.rpyeffect:95([switch case for 0#365])>+8: {"op": "Copy". "type": "num". "from": 2. "to". 1}')
debug_merge_point(0, 0, '5092<main.rpyeffect:95([switch case for 0#365])>+9: {"op": "Jump". "target": 5088}')
debug_merge_point(0, 0, '5088<main.rpyeffect:91([mcore:[eta-expanded fn#449]#346])>+0: {"op": "Push". "target": 5087. "args": {"num": []. "ptr": []}}')
debug_merge_point(0, 0, '5088<main.rpyeffect:91([mcore:[eta-expanded fn#449]#346])>+1: {"op": "Jump". "target": 5086}')
debug_merge_point(0, 0, '5086<main.rpyeffect:89([mcore:[#151]#242])>+0: {"op": "Const". "type": "num". "out": 2. "value": 3}')
debug_merge_point(0, 0, '5086<main.rpyeffect:89([mcore:[#151]#242])>+1: {"op": "New". "out": 0. "targets": [5065. 5067. 5069. 5071]. "args": {"num": []. "ptr": []}}')
debug_merge_point(0, 0, '5086<main.rpyeffect:89([mcore:[#151]#242])>+2: {"op": "Const". "type": "ptr". "out": 1. "format": "string". "value": "Name(import$std/core/hnd)"}')
debug_merge_point(0, 0, '5086<main.rpyeffect:89([mcore:[#151]#242])>+3: {"op": "PrimOp". "name": "getGlobal(String): Ptr". "out": {"num": []. "ptr": [1]}. "in": {"num": []. "ptr": [1]}}')
debug_merge_point(0, 0, '5086<main.rpyeffect:89([mcore:[#151]#242])>+4: {"op": "Push". "target": 5085. "args": {"num": [0. 1. 2]. "ptr": []}}')
debug_merge_point(0, 0, '5086<main.rpyeffect:89([mcore:[#151]#242])>+5: {"op": "Jump". "target": 5043}')
debug_merge_point(0, 0, '5043<main.rpyeffect:46([mcore:[#120]#143])>+0: {"op": "Const". "type": "ptr". "out": 1. "format": "string". "value": "Name(import$std/core/hnd)"}')
debug_merge_point(0, 0, '5043<main.rpyeffect:46([mcore:[#120]#143])>+1: {"op": "PrimOp". "name": "getGlobal(String): Ptr". "out": {"num": []. "ptr": [1]}. "in": {"num": []. "ptr": [1]}}')
debug_merge_point(0, 0, '5043<main.rpyeffect:46([mcore:[#120]#143])>+2: {"op": "CallLib". "lib": "1". "symbol": "std/core/hnd/Clause1"}')
debug_merge_point(0, 0, '1849<std_core_hnd.rpyeffect:1548([mcore:[#1450]#153])>+0: {"op": "Construct". "out": 0. "type": Interned(std/core/hnd/clause1). "tag": Interned(std/core/hnd/Clause1). "args": {"num": []. "ptr": [0]}}')
debug_merge_point(0, 0, '1849<std_core_hnd.rpyeffect:1548([mcore:[#1450]#153])>+1: {"op": "Return". "args": {"num": []. "ptr": [0]}}')
debug_merge_point(0, 0, '5085<main.rpyeffect:88([k@[mcore:[#151]#242]#287])>+0: {"op": "Push". "target": 5084. "args": {"num": [0. 1]. "ptr": []}}')
debug_merge_point(0, 0, '5085<main.rpyeffect:88([k@[mcore:[#151]#242]#287])>+1: {"op": "Copy". "type": "num". "from": 2. "to". 0}')
debug_merge_point(0, 0, '5085<main.rpyeffect:88([k@[mcore:[#151]#242]#287])>+2: {"op": "Jump". "target": 5116}')
debug_merge_point(0, 0, '5116<main.rpyeffect:119([mcore:[#188]#345])>+0: {"op": "Construct". "out": 0. "type": Interned(main/operator). "tag": Interned(main/@Hnd-operator). "args": {"num": [0]. "ptr": [0]}}')
debug_merge_point(0, 0, '5116<main.rpyeffect:119([mcore:[#188]#345])>+1: {"op": "Return". "args": {"num": []. "ptr": [0]}}')
debug_merge_point(0, 0, '5084<main.rpyeffect:87([k@[k@[mcore:[#151]#242]#287]#290])>+0: {"op": "New". "out": 1. "targets": [5073. 5075. 5077. 5079]. "args": {"num": []. "ptr": []}}')
debug_merge_point(0, 0, '5084<main.rpyeffect:87([k@[k@[mcore:[#151]#242]#287]#290])>+1: {"op": "New". "out": 2. "targets": [5081. 5083]. "args": {"num": [0. 1]. "ptr": []}}')
debug_merge_point(0, 0, '5084<main.rpyeffect:87([k@[k@[mcore:[#151]#242]#287]#290])>+2: {"op": "Const". "type": "ptr". "out": 3. "format": "string". "value": "Name(import$std/core/hnd)"}')
debug_merge_point(0, 0, '5084<main.rpyeffect:87([k@[k@[mcore:[#151]#242]#287]#290])>+3: {"op": "PrimOp". "name": "getGlobal(String): Ptr". "out": {"num": []. "ptr": [3]}. "in": {"num": []. "ptr": [3]}}')
debug_merge_point(0, 0, '5084<main.rpyeffect:87([k@[k@[mcore:[#151]#242]#287]#290])>+4: {"op": "Const". "type": "ptr". "out": 4. "format": "string". "value": "Name(main/@tag-operator)"}')
debug_merge_point(0, 0, '5084<main.rpyeffect:87([k@[k@[mcore:[#151]#242]#287]#290])>+5: {"op": "PrimOp". "name": "getGlobal(String): Ptr". "out": {"num": []. "ptr": [4]}. "in": {"num": []. "ptr": [4]}}')
debug_merge_point(0, 0, '5084<main.rpyeffect:87([k@[k@[mcore:[#151]#242]#287]#290])>+6: {"op": "Jump". "target": 5005}')
debug_merge_point(0, 0, '5005<main.rpyeffect:8([mcore:[#85]#24])>+0: {"op": "Const". "type": "ptr". "out": 3. "format": "string". "value": "Name(main/@tag-operator)"}')
debug_merge_point(0, 0, '5005<main.rpyeffect:8([mcore:[#85]#24])>+1: {"op": "PrimOp". "name": "getGlobal(String): Ptr". "out": {"num": []. "ptr": [3]}. "in": {"num": []. "ptr": [3]}}')
debug_merge_point(0, 0, '5005<main.rpyeffect:8([mcore:[#85]#24])>+2: {"op": "Const". "type": "ptr". "out": 4. "format": "string". "value": "Name(import$std/core/hnd)"}')
debug_merge_point(0, 0, '5005<main.rpyeffect:8([mcore:[#85]#24])>+3: {"op": "PrimOp". "name": "getGlobal(String): Ptr". "out": {"num": []. "ptr": [4]}. "in": {"num": []. "ptr": [4]}}')
debug_merge_point(0, 0, '5005<main.rpyeffect:8([mcore:[#85]#24])>+4: {"op": "Swap". "type": "ptr". "a": 1. "b". 0}')
debug_merge_point(0, 0, '5005<main.rpyeffect:8([mcore:[#85]#24])>+5: {"op": "Swap". "type": "ptr". "a": 2. "b". 0}')
debug_merge_point(0, 0, '5005<main.rpyeffect:8([mcore:[#85]#24])>+6: {"op": "Swap". "type": "ptr". "a": 3. "b". 0}')
debug_merge_point(0, 0, '5005<main.rpyeffect:8([mcore:[#85]#24])>+7: {"op": "Jump". "target": 5004}')
debug_merge_point(0, 0, '5004<main.rpyeffect:7([mcore:[#79]#16])>+0: {"op": "Const". "type": "ptr". "out": 4. "format": "string". "value": "Name(import$std/core/hnd)"}')
debug_merge_point(0, 0, '5004<main.rpyeffect:7([mcore:[#79]#16])>+1: {"op": "PrimOp". "name": "getGlobal(String): Ptr". "out": {"num": []. "ptr": [4]}. "in": {"num": []. "ptr": [4]}}')
debug_merge_point(0, 0, '5004<main.rpyeffect:7([mcore:[#79]#16])>+2: {"op": "CallLib". "lib": "4". "symbol": "std/core/hnd/@hhandle"}')
debug_merge_point(0, 0, '720<std_core_hnd.rpyeffect:419([mcore:[#656]#1054])>+0: {"op": "Push". "target": 719. "args": {"num": []. "ptr": [3. 1. 2. 0]}}')
debug_merge_point(0, 0, '720<std_core_hnd.rpyeffect:419([mcore:[#656]#1054])>+1: {"op": "Jump". "target": 509}')
debug_merge_point(0, 0, '509<std_core_hnd.rpyeffect:208([mcore:[#471]#472])>+0: {"op": "Jump". "target": 301}')
debug_merge_point(0, 0, '301<std_core_hnd.rpyeffect:0(Name(getCurrentEvv))>+0: {"op": "Const". "type": "ptr". "out": 0. "format": "string". "value": "current-evv"}')
debug_merge_point(0, 0, '301<std_core_hnd.rpyeffect:0(Name(getCurrentEvv))>+1: {"op": "PrimOp". "name": "getGlobal(String): Ptr". "out": {"num": []. "ptr": [0]}. "in": {"num": []. "ptr": [0]}}')
debug_merge_point(0, 0, '301<std_core_hnd.rpyeffect:0(Name(getCurrentEvv))>+2: {"op": "PrimOp". "name": "getRef(Ref[Ptr]): Ptr". "out": {"num": []. "ptr": [0]}. "in": {"num": []. "ptr": [0]}}')
debug_merge_point(0, 0, '301<std_core_hnd.rpyeffect:0(Name(getCurrentEvv))>+3: {"op": "Return". "args": {"num": []. "ptr": [0]}}')
debug_merge_point(0, 0, '719<std_core_hnd.rpyeffect:418([k@[mcore:[#656]#1054]#1056])>+0: {"op": "Push". "target": 718. "args": {"num": []. "ptr": [1. 2. 3. 4. 0]}}')
debug_merge_point(0, 0, '719<std_core_hnd.rpyeffect:418([k@[mcore:[#656]#1054]#1056])>+1: {"op": "Jump". "target": 512}')
debug_merge_point(0, 0, '512<std_core_hnd.rpyeffect:211([mcore:[#473]#478])>+0: {"op": "PrimOp". "name": "freshlabel". "out": {"num": []. "ptr": [0]}. "in": {"num": []. "ptr": []}}')
debug_merge_point(0, 0, '512<std_core_hnd.rpyeffect:211([mcore:[#473]#478])>+1: {"op": "Return". "args": {"num": []. "ptr": [0]}}')
debug_merge_point(0, 0, '718<std_core_hnd.rpyeffect:417([k@[k@[mcore:[#656]#1054]#1056]#1058])>+0: {"op": "Push". "target": 717. "args": {"num": []. "ptr": [1. 0. 3. 5]}}')
debug_merge_point(0, 0, '718<std_core_hnd.rpyeffect:417([k@[k@[mcore:[#656]#1054]#1056]#1058])>+1: {"op": "Copy". "type": "ptr". "from": 5. "to". 3}')
debug_merge_point(0, 0, '718<std_core_hnd.rpyeffect:417([k@[k@[mcore:[#656]#1054]#1056]#1058])>+2: {"op": "Copy". "type": "ptr". "from": 0. "to". 1}')
debug_merge_point(0, 0, '718<std_core_hnd.rpyeffect:417([k@[k@[mcore:[#656]#1054]#1056]#1058])>+3: {"op": "Copy". "type": "ptr". "from": 4. "to". 0}')
debug_merge_point(0, 0, '718<std_core_hnd.rpyeffect:417([k@[k@[mcore:[#656]#1054]#1056]#1058])>+4: {"op": "Jump". "target": 1847}')
debug_merge_point(0, 0, '1847<std_core_hnd.rpyeffect:1546([mcore:[#1448]#119])>+0: {"op": "Construct". "out": 0. "type": Interned(std/core/hnd/ev). "tag": Interned(std/core/hnd/Ev). "args": {"num": []. "ptr": [0. 1. 2. 3]}}')
debug_merge_point(0, 0, '1847<std_core_hnd.rpyeffect:1546([mcore:[#1448]#119])>+1: {"op": "Return". "args": {"num": []. "ptr": [0]}}')
debug_merge_point(0, 0, '717<std_core_hnd.rpyeffect:416([k@[k@[k@[mcore:[#656]#1054]#1056]#1058]#1060])>+0: {"op": "Push". "target": 716. "args": {"num": []. "ptr": [1. 2. 3. 4]}}')
debug_merge_point(0, 0, '717<std_core_hnd.rpyeffect:416([k@[k@[k@[mcore:[#656]#1054]#1056]#1058]#1060])>+1: {"op": "Copy". "type": "ptr". "from": 0. "to". 1}')
debug_merge_point(0, 0, '717<std_core_hnd.rpyeffect:416([k@[k@[k@[mcore:[#656]#1054]#1056]#1058]#1060])>+2: {"op": "Copy". "type": "ptr". "from": 4. "to". 0}')
debug_merge_point(0, 0, '717<std_core_hnd.rpyeffect:416([k@[k@[k@[mcore:[#656]#1054]#1056]#1058]#1060])>+3: {"op": "Jump". "target": 511}')
debug_merge_point(0, 0, '511<std_core_hnd.rpyeffect:210([mcore:[#472]#475])>+0: {"op": "Push". "target": 510. "args": {"num": []. "ptr": []}}')
debug_merge_point(0, 0, '511<std_core_hnd.rpyeffect:210([mcore:[#472]#475])>+1: {"op": "Jump". "target": 319}')
debug_merge_point(0, 0, '319<std_core_hnd.rpyeffect:18(Name(evvInsert))>+0: {"op": "Swap". "type": "ptr". "a": 0. "b". 1}')
debug_merge_point(0, 0, '319<std_core_hnd.rpyeffect:18(Name(evvInsert))>+1: {"op": "Match". "type": Interned(evv). "scrutinee": 1. "clauses": [{"tag": Interned(cons). "target": 318. "args": {"num": []. "ptr": [2. 3]}}]. "default": {"tag": Interned(f1366ff7-7d8a-4a49-ba54-2f66d995f403#[Missing Tag#4899]). "target": 312. "args": {"num": []. "ptr": []}}}')
+668: p79 = getfield_gc_r(p62, descr=<FieldP rpyeffect.stored_environment.Data__arb_arb.inst_tag 8>)
+676: guard_value(p79, ConstPtr(ptr80), descr=<Guard0x149d0b9e0>) [p0, i56, i2, i3, i4, i5, i6, i7, i8, i9, i10, i11, i12, i13, i14, p17, p18, p19, p20, p21, p22, p23, p24, p25, p26, p27, p28, p29, p30, p66, p32]
debug_merge_point(0, 0, '312<std_core_hnd.rpyeffect:11([match_def@Name(evvInsert)#35])>+0: {"op": "Construct". "out": 0. "type": Interned(evv). "tag": Interned(cons). "args": {"num": []. "ptr": [0. 1]}}')
debug_merge_point(0, 0, '312<std_core_hnd.rpyeffect:11([match_def@Name(evvInsert)#35])>+1: {"op": "Return". "args": {"num": []. "ptr": [0]}}')
debug_merge_point(0, 0, '510<std_core_hnd.rpyeffect:209([k@[mcore:[#472]#475]#477])>+0: {"op": "Return". "args": {"num": []. "ptr": [0]}}')
debug_merge_point(0, 0, '716<std_core_hnd.rpyeffect:415([#1063])>+0: {"op": "Const". "type": "ptr". "out": 5. "format": "string". "value": "Name(import$std/core/hnd)"}')
debug_merge_point(0, 0, '716<std_core_hnd.rpyeffect:415([#1063])>+1: {"op": "PrimOp". "name": "getGlobal(String): Ptr". "out": {"num": []. "ptr": [5]}. "in": {"num": []. "ptr": [5]}}')
debug_merge_point(0, 0, '716<std_core_hnd.rpyeffect:415([#1063])>+2: {"op": "Push". "target": 715. "args": {"num": []. "ptr": [1. 2. 3. 4]}}')
debug_merge_point(0, 0, '716<std_core_hnd.rpyeffect:415([#1063])>+3: {"op": "Copy". "type": "ptr". "from": 5. "to". 1}')
debug_merge_point(0, 0, '716<std_core_hnd.rpyeffect:415([#1063])>+4: {"op": "Jump". "target": 711}')
debug_merge_point(0, 0, '711<std_core_hnd.rpyeffect:410([mcore:[#650]#1044])>+0: {"op": "Const". "type": "ptr". "out": 1. "format": "string". "value": "Name(import$std/core/hnd)"}')
debug_merge_point(0, 0, '711<std_core_hnd.rpyeffect:410([mcore:[#650]#1044])>+1: {"op": "PrimOp". "name": "getGlobal(String): Ptr". "out": {"num": []. "ptr": [1]}. "in": {"num": []. "ptr": [1]}}')
debug_merge_point(0, 0, '711<std_core_hnd.rpyeffect:410([mcore:[#650]#1044])>+2: {"op": "CallLib". "lib": "1". "symbol": "setCurrentEvv"}')
debug_merge_point(0, 0, '302<std_core_hnd.rpyeffect:1(Name(setCurrentEvv))>+0: {"op": "Const". "type": "ptr". "out": 1. "format": "string". "value": "current-evv"}')
debug_merge_point(0, 0, '302<std_core_hnd.rpyeffect:1(Name(setCurrentEvv))>+1: {"op": "PrimOp". "name": "getGlobal(String): Ptr". "out": {"num": []. "ptr": [1]}. "in": {"num": []. "ptr": [1]}}')
debug_merge_point(0, 0, '302<std_core_hnd.rpyeffect:1(Name(setCurrentEvv))>+2: {"op": "PrimOp". "name": "setRef(Ref[Ptr]. Ptr): Unit". "out": {"num": []. "ptr": [0]}. "in": {"num": []. "ptr": [1. 0]}}')
debug_merge_point(0, 0, '302<std_core_hnd.rpyeffect:1(Name(setCurrentEvv))>+3: {"op": "Return". "args": {"num": []. "ptr": [0]}}')
debug_merge_point(0, 0, '715<std_core_hnd.rpyeffect:414([k@[#1063]#1068])>+0: {"op": "Push". "target": 714. "args": {"num": []. "ptr": [4]}}')
debug_merge_point(0, 0, '715<std_core_hnd.rpyeffect:414([k@[#1063]#1068])>+1: {"op": "Copy". "type": "ptr". "from": 2. "to". 0}')
debug_merge_point(0, 0, '715<std_core_hnd.rpyeffect:414([k@[#1063]#1068])>+2: {"op": "Copy". "type": "ptr". "from": 1. "to". 2}')
debug_merge_point(0, 0, '715<std_core_hnd.rpyeffect:414([k@[#1063]#1068])>+3: {"op": "Copy". "type": "ptr". "from": 3. "to". 1}')
debug_merge_point(0, 0, '715<std_core_hnd.rpyeffect:414([k@[#1063]#1068])>+4: {"op": "Jump". "target": 434}')
debug_merge_point(0, 0, '434<std_core_hnd.rpyeffect:133([mcore:[#404]#265])>+0: {"op": "NewStack". "out": 0. "target": 432. "region": 1. "args": {"num": []. "ptr": [1]}. "label": 0}')
debug_merge_point(0, 0, '434<std_core_hnd.rpyeffect:133([mcore:[#404]#265])>+1: {"op": "PushStack". "arg": 0}')
debug_merge_point(0, 0, '434<std_core_hnd.rpyeffect:133([mcore:[#404]#265])>+2: {"op": "Invoke". "receiver": 2. "tag": Interned(%apply():p). "args" : {"num": []. "ptr": []}}')
debug_merge_point(0, 0, '5083<main.rpyeffect:86([#331])>+0: {"op": "Const". "type": "ptr". "out": 0. "format": "string". "value": "Name(import$std/core/hnd)"}')
debug_merge_point(0, 0, '5083<main.rpyeffect:86([#331])>+1: {"op": "PrimOp". "name": "getGlobal(String): Ptr". "out": {"num": []. "ptr": [0]}. "in": {"num": []. "ptr": [0]}}')
debug_merge_point(0, 0, '5083<main.rpyeffect:86([#331])>+2: {"op": "Push". "target": 5082. "args": {"num": []. "ptr": []}}')
debug_merge_point(0, 0, '5083<main.rpyeffect:86([#331])>+3: {"op": "Jump". "target": 5063}')
debug_merge_point(0, 0, '5063<main.rpyeffect:66([mcore:[#149]#238])>+0: {"op": "Const". "type": "ptr". "out": 0. "format": "string". "value": "Name(import$std/core/hnd)"}')
debug_merge_point(0, 0, '5063<main.rpyeffect:66([mcore:[#149]#238])>+1: {"op": "PrimOp". "name": "getGlobal(String): Ptr". "out": {"num": []. "ptr": [0]}. "in": {"num": []. "ptr": [0]}}')
debug_merge_point(0, 0, '5063<main.rpyeffect:66([mcore:[#149]#238])>+2: {"op": "Jump". "target": 5042}')
debug_merge_point(0, 0, '5042<main.rpyeffect:45([mcore:[#116]#87])>+0: {"op": "Const". "type": "num". "out": 2. "value": 0}')
debug_merge_point(0, 0, '5042<main.rpyeffect:45([mcore:[#116]#87])>+1: {"op": "PrimOp". "name": "infixEq(Int. Int): Boolean". "out": {"num": [2]. "ptr": []}. "in": {"num": [0. 2]. "ptr": []}}')
+684: i82 = int_eq(i71, 0)
guard_false(i82, descr=<Guard0x149d0ba20>) [p0, i56, i2, i3, i4, i5, i6, i7, i8, i9, i10, i11, i12, i13, i14, p17, p18, p19, p20, p21, p22, p23, p24, p25, p26, p27, p28, p29, p30, p66, p32]
debug_merge_point(0, 0, '5042<main.rpyeffect:45([mcore:[#116]#87])>+2: {"op": "Switch". "scrutinee": 2. "values": [1]. "targets": [5025]. "default": 5041}')
debug_merge_point(0, 0, '5041<main.rpyeffect:44([switch default case#92])>+0: {"op": "Const". "type": "num". "out": 2. "value": 0}')
debug_merge_point(0, 0, '5041<main.rpyeffect:44([switch default case#92])>+1: {"op": "PrimOp". "name": "infixEq(Int. Int): Boolean". "out": {"num": [2]. "ptr": []}. "in": {"num": [0. 2]. "ptr": []}}')
debug_merge_point(0, 0, '5041<main.rpyeffect:44([switch default case#92])>+2: {"op": "Switch". "scrutinee": 2. "values": [0]. "targets": [5039]. "default": 5040}')
debug_merge_point(0, 0, '5039<main.rpyeffect:42([switch case for 0#96])>+0: {"op": "Const". "type": "num". "out": 2. "value": 0}')
+692: p83 = new_with_vtable(descr=<SizeDescr 48>)
+800: setfield_gc(p83, ConstPtr(ptr84), descr=<FieldP rpyeffect.stored_environment.Data__arb_arb.inst_tag 8>)
+804: p85 = new_with_vtable(descr=<SizeDescr 32>)
+820: setfield_gc(p85, ConstPtr(ptr86), descr=<FieldP rpyeffect.stored_environment.Data__arb_arb.inst_tag 8>)
+824: p88 = new_array_clear(0, descr=<ArrayS 8>)
+844: setfield_gc(p85, p88, descr=<FieldP rpyeffect.stored_environment.Data__arb_arb.inst_values_num 16 pure>)
+848: p90 = new_array_clear(4, descr=<ArrayP 8>)
+872: setarrayitem_gc(p90, 0, ConstPtr(ptr92), descr=<ArrayP 8>)
+876: p93 = new_with_vtable(descr=<SizeDescr 8>)
+888: setarrayitem_gc(p90, 1, p93, descr=<ArrayP 8>)
+892: p95 = new_with_vtable(descr=<SizeDescr 48>)
+908: setfield_gc(p95, ConstPtr(ptr96), descr=<FieldP rpyeffect.stored_environment.Data__arb_arb.inst_tag 8>)
+912: setfield_gc(p95, 3, descr=<FieldS rpyeffect.stored_environment.Data__1_1.inst_values_num_0 32 pure>)
+920: p98 = new_with_vtable(descr=<SizeDescr 40>)
+936: setfield_gc(p98, ConstPtr(ptr99), descr=<FieldP rpyeffect.stored_environment.Data__arb_arb.inst_tag 8>)
+940: p100 = new_with_vtable(descr=<SizeDescr 32>)
+956: setfield_gc(p100, ConstPtr(ptr101), descr=<FieldP rpyeffect.stored_environment.CoData__arb_arb.inst_vtable 24 pure>)
+960: setfield_gc(p98, p100, descr=<FieldP rpyeffect.stored_environment.Data__0_1.inst_values_ptr_0 32 pure>)
+964: setfield_gc(p95, p98, descr=<FieldP rpyeffect.stored_environment.Data__1_1.inst_values_ptr_0 40 pure>)
+968: setarrayitem_gc(p90, 2, p95, descr=<ArrayP 8>)
+972: setarrayitem_gc(p90, 3, p62, descr=<ArrayP 8>)
+976: setfield_gc(p85, p90, descr=<FieldP rpyeffect.stored_environment.Data__arb_arb.inst_values_ptr 24 pure>)
+980: setfield_gc(p83, p85, descr=<FieldP rpyeffect.stored_environment.Data__0_2.inst_values_ptr_0 32 pure>)
+984: setfield_gc(p83, p62, descr=<FieldP rpyeffect.stored_environment.Data__0_2.inst_values_ptr_1 40 pure>)
+1052: setfield_gc(ConstPtr(ptr104), p83, descr=<FieldP rpyeffect.region.PtrRef.inst_value 8>)
+1056: p105 = new_with_vtable(descr=<SizeDescr 40>)
+1068: p106 = new_with_vtable(descr=<SizeDescr 48>)
+1080: setfield_gc(p106, ConstPtr(null), descr=<FieldP rpyeffect.stored_environment.Stack__arb_arb.inst_tail 8 pure>)
+1088: setfield_gc(p106, 432, descr=<FieldS rpyeffect.stored_environment.Stack__arb_arb.inst_target 16 pure>)
+1096: p109 = new_with_vtable(descr=<SizeDescr 32>)
+1112: setfield_gc(p109, ConstPtr(ptr110), descr=<FieldP rpyeffect.stored_environment.CoData__arb_arb.inst_vtable 24 pure>)
+1116: setfield_gc(p106, p109, descr=<FieldP rpyeffect.stored_environment.Stack__0_1.inst_values_ptr_0 40 pure>)
+1120: p111 = new_with_vtable(descr=<SizeDescr 40>)
+1132: p112 = new_with_vtable(descr=<SizeDescr 48>)
+1144: p113 = new_with_vtable(descr=<SizeDescr 40>)
+1160: p114 = new_with_vtable(descr=<SizeDescr 56>)
+1176: setfield_gc(p114, p72, descr=<FieldP rpyeffect.stored_environment.Stack__arb_arb.inst_tail 8 pure>)
+1180: setfield_gc(p114, 5091, descr=<FieldS rpyeffect.stored_environment.Stack__arb_arb.inst_target 16 pure>)
+1188: setfield_gc(p114, i78, descr=<FieldS rpyeffect.stored_environment.Stack__2_0.inst_values_num_0 40 pure>)
+1192: setfield_gc(p114, i71, descr=<FieldS rpyeffect.stored_environment.Stack__2_0.inst_values_num_1 48 pure>)
+1196: setfield_gc(p113, p114, descr=<FieldP rpyeffect.stored_environment.Stack__arb_arb.inst_tail 8 pure>)
+1200: setfield_gc(p113, 5087, descr=<FieldS rpyeffect.stored_environment.Stack__arb_arb.inst_target 16 pure>)
+1208: setfield_gc(p112, p113, descr=<FieldP rpyeffect.stored_environment.Stack__arb_arb.inst_tail 8 pure>)
+1212: setfield_gc(p112, 714, descr=<FieldS rpyeffect.stored_environment.Stack__arb_arb.inst_target 16 pure>)
+1220: setfield_gc(p112, p62, descr=<FieldP rpyeffect.stored_environment.Stack__0_1.inst_values_ptr_0 40 pure>)
+1224: p118 = new_with_vtable(descr=<SizeDescr 24>)
+1236: p119 = new_with_vtable(descr=<SizeDescr 48>)
+1248: setfield_gc(p105, 5082, descr=<FieldS rpyeffect.stored_environment.Stack__arb_arb.inst_target 16 pure>)
+1256: setfield_gc(p105, p106, descr=<FieldP rpyeffect.stored_environment.Stack__arb_arb.inst_tail 8 pure>)
+1260: setfield_gc(p111, p112, descr=<FieldP rpyeffect.stack.MetaStackLike.inst_stack 8 pure>)
+1264: setfield_gc(p111, p30, descr=<FieldP rpyeffect.stack.MetaStack.inst_label 16 pure>)
+1272: setfield_gc(p111, ConstPtr(null), descr=<FieldP rpyeffect.stack.MetaStack.inst_region 24 pure>)
+1280: setfield_gc(p111, p32, descr=<FieldP rpyeffect.stack.MetaStack.inst_tail 32 pure>)
+1292: setfield_gc(p118, ConstPtr(ptr122), descr=<FieldP rpyeffect.region.Region.inst_boxes 8 pure>)
+1300: setfield_gc(p118, ConstPtr(ptr123), descr=<FieldP rpyeffect.region.Region.inst_refs 16>)
+1308: setfield_gc(p119, ConstPtr(ptr124), descr=<FieldP rpyeffect.stored_environment.CoData__arb_arb.inst_vtable 24 pure>)
+1312: setfield_gc(p119, i71, descr=<FieldS rpyeffect.stored_environment.CoData__2_0.inst_values_num_0 32 pure>)
+1316: setfield_gc(p119, i56, descr=<FieldS rpyeffect.stored_environment.CoData__2_0.inst_values_num_1 40 pure>)
+1504: jump(p93, p105, p0, p111, i71, i56, 0, 1, i3, i4, i5, i6, i7, i8, i9, i10, i11, i12, i13, i14, ConstPtr(ptr127), p118, p119, p109, p62, ConstPtr(ptr128), p20, p21, p22, p23, p24, p25, p26, p27, p28, p29, descr=TargetToken(5510826368))
+1752: --end of the loop--
[f4de73c] jit-log-opt-bridge}
[f741e1d] {jit-log-opt-bridge
# bridge out of Guard 0x148793ca0 with 179 ops
[p0, i1, i2, i3, i4, i5, i6, i7, i8, i9, i10, i11, i12, i13, i14, i15, p16, p17, p18, p19, p20, p21, p22, p23, p24, p25, p26, p27, p28, p29, p30, i31, p32, p33]
+264: guard_not_invalidated(descr=<Guard0x148675620>) [p0, i1, i2, i3, i4, i5, i6, i7, i8, i9, i10, i11, i12, i13, i14, i15, p16, p17, p18, p19, p20, p21, p22, p23, p24, p25, p26, p27, p28, p29, p30, i31, p32, p33]
debug_merge_point(0, 0, '5039<main.rpyeffect:42([switch case for 0#96])>+1: {"op": "Const". "type": "ptr". "out": 0. "format": "string". "value": "Name(import$std/core/hnd)"}')
debug_merge_point(0, 0, '5039<main.rpyeffect:42([switch case for 0#96])>+2: {"op": "PrimOp". "name": "getGlobal(String): Ptr". "out": {"num": []. "ptr": [0]}. "in": {"num": []. "ptr": [0]}}')
debug_merge_point(0, 0, '5039<main.rpyeffect:42([switch case for 0#96])>+3: {"op": "Push". "target": 5038. "args": {"num": [2. 0. 1]. "ptr": []}}')
debug_merge_point(0, 0, '5039<main.rpyeffect:42([switch case for 0#96])>+4: {"op": "Jump". "target": 5024}')
debug_merge_point(0, 0, '5024<main.rpyeffect:27([mcore:[#103]#83])>+0: {"op": "Const". "type": "ptr". "out": 0. "format": "string". "value": "Name(import$std/core/hnd)"}')
debug_merge_point(0, 0, '5024<main.rpyeffect:27([mcore:[#103]#83])>+1: {"op": "PrimOp". "name": "getGlobal(String): Ptr". "out": {"num": []. "ptr": [0]}. "in": {"num": []. "ptr": [0]}}')
debug_merge_point(0, 0, '5024<main.rpyeffect:27([mcore:[#103]#83])>+2: {"op": "CallLib". "lib": "0". "symbol": "getCurrentEvv"}')
debug_merge_point(0, 0, '301<std_core_hnd.rpyeffect:0(Name(getCurrentEvv))>+0: {"op": "Const". "type": "ptr". "out": 0. "format": "string". "value": "current-evv"}')
debug_merge_point(0, 0, '301<std_core_hnd.rpyeffect:0(Name(getCurrentEvv))>+1: {"op": "PrimOp". "name": "getGlobal(String): Ptr". "out": {"num": []. "ptr": [0]}. "in": {"num": []. "ptr": [0]}}')
debug_merge_point(0, 0, '301<std_core_hnd.rpyeffect:0(Name(getCurrentEvv))>+2: {"op": "PrimOp". "name": "getRef(Ref[Ptr]): Ptr". "out": {"num": []. "ptr": [0]}. "in": {"num": []. "ptr": [0]}}')
+272: p35 = getfield_gc_r(ConstPtr(ptr34), descr=<FieldP rpyeffect.region.PtrRef.inst_value 8>)
debug_merge_point(0, 0, '301<std_core_hnd.rpyeffect:0(Name(getCurrentEvv))>+3: {"op": "Return". "args": {"num": []. "ptr": [0]}}')
debug_merge_point(0, 0, '5038<main.rpyeffect:41([k@[switch case for 0#96]#102])>+0: {"op": "PrimOp". "name": "promote_ptr". "out": {"num": []. "ptr": [0]}. "in": {"num": []. "ptr": [0]}}')
debug_merge_point(0, 0, '5038<main.rpyeffect:41([k@[switch case for 0#96]#102])>+1: {"op": "Const". "type": "ptr". "out": 1. "format": "string". "value": "Name(import$std/core/hnd)"}')
debug_merge_point(0, 0, '5038<main.rpyeffect:41([k@[switch case for 0#96]#102])>+2: {"op": "PrimOp". "name": "getGlobal(String): Ptr". "out": {"num": []. "ptr": [1]}. "in": {"num": []. "ptr": [1]}}')
debug_merge_point(0, 0, '5038<main.rpyeffect:41([k@[switch case for 0#96]#102])>+3: {"op": "Push". "target": 5037. "args": {"num": [1. 2]. "ptr": []}}')
debug_merge_point(0, 0, '5038<main.rpyeffect:41([k@[switch case for 0#96]#102])>+4: {"op": "Jump". "target": 5023}')
debug_merge_point(0, 0, '5023<main.rpyeffect:26([mcore:[#102]#77])>+0: {"op": "Const". "type": "ptr". "out": 1. "format": "string". "value": "Name(import$std/core/hnd)"}')
debug_merge_point(0, 0, '5023<main.rpyeffect:26([mcore:[#102]#77])>+1: {"op": "PrimOp". "name": "getGlobal(String): Ptr". "out": {"num": []. "ptr": [1]}. "in": {"num": []. "ptr": [1]}}')
debug_merge_point(0, 0, '5023<main.rpyeffect:26([mcore:[#102]#77])>+2: {"op": "CallLib". "lib": "1". "symbol": "elt"}')
debug_merge_point(0, 0, '331<std_core_hnd.rpyeffect:30(Name(elt))>+0: {"op": "Switch". "scrutinee": 0. "values": [0]. "targets": [329]. "default": 330}')
debug_merge_point(0, 0, '329<std_core_hnd.rpyeffect:28([switch case for 0#86])>+0: {"op": "Proj". "out": 0. "type": Interned(evv). "scrutinee": 0. "tag": Interned(cons). "field": 0. "field_type": "ptr"}')
+276: p36 = getfield_gc_r(p35, descr=<FieldP rpyeffect.stored_environment.Data__arb_arb.inst_tag 8>)
+284: guard_value(p36, ConstPtr(ptr37), descr=<Guard0x1487921a0>) [p0, i1, i2, i3, i4, i5, i6, i7, i8, i9, i10, i11, i12, i13, i14, i15, p16, p17, p18, p19, p20, p21, p22, p23, p24, p25, p26, p27, p28, p29, p30, i31, p32, p33]
+292: guard_class(p35, ConstClass(Data__0_2), descr=<Guard0x148792160>) [p0, i1, i2, i3, i4, i5, i6, i7, i8, i9, i10, i11, i12, i13, i14, i15, p16, p17, p18, p19, p20, p21, p22, p23, p24, p25, p26, p27, p28, p29, p30, i31, p32, p33]
+308: p39 = getfield_gc_r(p35, descr=<FieldP rpyeffect.stored_environment.Data__0_2.inst_values_ptr_0 32 pure>)
debug_merge_point(0, 0, '329<std_core_hnd.rpyeffect:28([switch case for 0#86])>+1: {"op": "Return". "args": {"num": []. "ptr": [0]}}')
debug_merge_point(0, 0, '5037<main.rpyeffect:40([k@[k@[switch case for 0#96]#102]#110])>+0: {"op": "Push". "target": 5027. "args": {"num": [0. 1]. "ptr": []}}')
debug_merge_point(0, 0, '5037<main.rpyeffect:40([k@[k@[switch case for 0#96]#102]#110])>+1: {"op": "Match". "type": Interned(std/core/hnd/ev). "scrutinee": 0. "clauses": [{"tag": Interned(std/core/hnd/Ev). "target": 5036. "args": {"num": []. "ptr": [1. 2. 3. 4]}}]. "default": {"tag": Interned(f57803dc-acce-49a1-b59f-636af7df14d6#[Missing Tag#706]). "target": 5028. "args": {"num": []. "ptr": []}}}')
+312: p40 = getfield_gc_r(p39, descr=<FieldP rpyeffect.stored_environment.Data__arb_arb.inst_tag 8>)
+320: guard_value(p40, ConstPtr(ptr41), descr=<Guard0x148792120>) [p0, i1, i2, i3, i4, i5, i6, i7, i8, i9, i10, i11, i12, i13, i14, i15, p16, p17, p18, p19, p20, p21, p22, p23, p24, p25, p26, p27, p28, p29, p30, i31, p32, p33]
+328: p42 = getfield_gc_r(p39, descr=<FieldP rpyeffect.stored_environment.Data__arb_arb.inst_values_ptr 24 pure>)
+332: p44 = getarrayitem_gc_pure_r(p42, 0, descr=<ArrayP 8>)
+332: p46 = getarrayitem_gc_pure_r(p42, 1, descr=<ArrayP 8>)
+336: p48 = getarrayitem_gc_pure_r(p42, 2, descr=<ArrayP 8>)
+340: p50 = getarrayitem_gc_pure_r(p42, 3, descr=<ArrayP 8>)
debug_merge_point(0, 0, '5036<main.rpyeffect:39([#123])>+0: {"op": "Copy". "type": "ptr". "from": 0. "to". 1}')
debug_merge_point(0, 0, '5036<main.rpyeffect:39([#123])>+1: {"op": "Copy". "type": "ptr". "from": 2. "to". 0}')
debug_merge_point(0, 0, '5036<main.rpyeffect:39([#123])>+2: {"op": "Match". "type": Interned(main/operator). "scrutinee": 3. "clauses": [{"tag": Interned(main/@Hnd-operator). "target": 5035. "args": {"num": [1]. "ptr": [2]}}]. "default": {"tag": Interned(f57803dc-acce-49a1-b59f-636af7df14d6#[Missing Tag#705]). "target": 5030. "args": {"num": []. "ptr": []}}}')
+344: p51 = getfield_gc_r(p48, descr=<FieldP rpyeffect.stored_environment.Data__arb_arb.inst_tag 8>)
+352: guard_value(p51, ConstPtr(ptr52), descr=<Guard0x1487920e0>) [p0, i1, i2, i3, i4, i5, i6, i7, i8, i9, i10, i11, i12, i13, i14, i15, p16, p17, p18, p19, p20, p21, p22, p23, p24, p25, p26, p27, p28, p29, p30, i31, p32, p33]
+360: i53 = getfield_gc_i(p48, descr=<FieldS rpyeffect.stored_environment.Data__1_1.inst_values_num_0 32 pure>)
+360: p54 = getfield_gc_r(p48, descr=<FieldP rpyeffect.stored_environment.Data__1_1.inst_values_ptr_0 40 pure>)
debug_merge_point(0, 0, '5035<main.rpyeffect:38([match_main/@Hnd-operator@[#123]#128])>+0: {"op": "Match". "type": Interned(std/core/hnd/clause1). "scrutinee": 2. "clauses": [{"tag": Interned(std/core/hnd/Clause1). "target": 5034. "args": {"num": []. "ptr": [2]}}]. "default": {"tag": Interned(f57803dc-acce-49a1-b59f-636af7df14d6#[Missing Tag#704]). "target": 5032. "args": {"num": []. "ptr": []}}}')
+364: p55 = getfield_gc_r(p54, descr=<FieldP rpyeffect.stored_environment.Data__arb_arb.inst_tag 8>)
+372: guard_value(p55, ConstPtr(ptr56), descr=<Guard0x1487920a0>) [p0, i1, i2, i3, i4, i5, i6, i7, i8, i9, i10, i11, i12, i13, i14, i15, p16, p17, p18, p19, p20, p21, p22, p23, p24, p25, p26, p27, p28, p29, p30, i31, p32, p33]
+380: p57 = getfield_gc_r(p54, descr=<FieldP rpyeffect.stored_environment.Data__0_1.inst_values_ptr_0 32 pure>)
debug_merge_point(0, 0, '5034<main.rpyeffect:37([#133])>+0: {"op": "PrimOp". "name": "box(Num): Ptr". "out": {"num": []. "ptr": [3]}. "in": {"num": [0]. "ptr": []}}')
debug_merge_point(0, 0, '5034<main.rpyeffect:37([#133])>+1: {"op": "Push". "target": 5033. "args": {"num": []. "ptr": []}}')
debug_merge_point(0, 0, '5034<main.rpyeffect:37([#133])>+2: {"op": "Swap". "type": "ptr". "a": 3. "b". 2}')
debug_merge_point(0, 0, '5034<main.rpyeffect:37([#133])>+3: {"op": "Invoke". "receiver": 3. "tag": Interned(%apply(ppp):p). "args" : {"num": []. "ptr": [0. 1. 2]}}')
+384: p58 = getfield_gc_r(p57, descr=<FieldP rpyeffect.stored_environment.CoData__arb_arb.inst_vtable 24 pure>)
+392: guard_value(p58, ConstPtr(ptr59), descr=<Guard0x148792060>) [p0, i1, i2, i3, i4, i5, i6, i7, i8, i9, i10, i11, i12, i13, i14, i15, p16, p17, p18, p19, p20, p21, p22, p23, p24, p25, p26, p27, p28, p29, p30, i31, p32, p33]
debug_merge_point(0, 0, '5069<main.rpyeffect:72([method_%apply(ppp):p@[mcore:[#151]#242]#264])>+0: {"op": "Const". "type": "ptr". "out": 3. "format": "string". "value": "Name(import$std/core/hnd)"}')
debug_merge_point(0, 0, '5069<main.rpyeffect:72([method_%apply(ppp):p@[mcore:[#151]#242]#264])>+1: {"op": "PrimOp". "name": "getGlobal(String): Ptr". "out": {"num": []. "ptr": [3]}. "in": {"num": []. "ptr": [3]}}')
debug_merge_point(0, 0, '5069<main.rpyeffect:72([method_%apply(ppp):p@[mcore:[#151]#242]#264])>+2: {"op": "PrimOp". "name": "unbox(Ptr): Num". "out": {"num": [0]. "ptr": []}. "in": {"num": []. "ptr": [2]}}')
debug_merge_point(0, 0, '5069<main.rpyeffect:72([method_%apply(ppp):p@[mcore:[#151]#242]#264])>+3: {"op": "Copy". "type": "ptr". "from": 3. "to". 2}')
debug_merge_point(0, 0, '5069<main.rpyeffect:72([method_%apply(ppp):p@[mcore:[#151]#242]#264])>+4: {"op": "Jump". "target": 5061}')
debug_merge_point(0, 0, '5061<main.rpyeffect:64([mcore:[#140]#209])>+0: {"op": "New". "out": 1. "targets": [5058. 5060]. "args": {"num": [0]. "ptr": []}}')
debug_merge_point(0, 0, '5061<main.rpyeffect:64([mcore:[#140]#209])>+1: {"op": "Const". "type": "ptr". "out": 2. "format": "string". "value": "Name(import$std/core/hnd)"}')
debug_merge_point(0, 0, '5061<main.rpyeffect:64([mcore:[#140]#209])>+2: {"op": "PrimOp". "name": "getGlobal(String): Ptr". "out": {"num": []. "ptr": [2]}. "in": {"num": []. "ptr": [2]}}')
debug_merge_point(0, 0, '5061<main.rpyeffect:64([mcore:[#140]#209])>+3: {"op": "Jump". "target": 5044}')
debug_merge_point(0, 0, '5044<main.rpyeffect:47([mcore:[#122]#148])>+0: {"op": "Const". "type": "ptr". "out": 2. "format": "string". "value": "Name(import$std/core/hnd)"}')
debug_merge_point(0, 0, '5044<main.rpyeffect:47([mcore:[#122]#148])>+1: {"op": "PrimOp". "name": "getGlobal(String): Ptr". "out": {"num": []. "ptr": [2]}. "in": {"num": []. "ptr": [2]}}')
debug_merge_point(0, 0, '5044<main.rpyeffect:47([mcore:[#122]#148])>+2: {"op": "CallLib". "lib": "2". "symbol": "std/core/hnd/yield-to"}')
debug_merge_point(0, 0, '1022<std_core_hnd.rpyeffect:721([mcore:[#893]#2108])>+0: {"op": "Push". "target": 1021. "args": {"num": []. "ptr": [1. 0]}}')
debug_merge_point(0, 0, '1022<std_core_hnd.rpyeffect:721([mcore:[#893]#2108])>+1: {"op": "Jump". "target": 509}')
debug_merge_point(0, 0, '509<std_core_hnd.rpyeffect:208([mcore:[#471]#472])>+0: {"op": "Jump". "target": 301}')
debug_merge_point(0, 0, '301<std_core_hnd.rpyeffect:0(Name(getCurrentEvv))>+0: {"op": "Const". "type": "ptr". "out": 0. "format": "string". "value": "current-evv"}')
debug_merge_point(0, 0, '301<std_core_hnd.rpyeffect:0(Name(getCurrentEvv))>+1: {"op": "PrimOp". "name": "getGlobal(String): Ptr". "out": {"num": []. "ptr": [0]}. "in": {"num": []. "ptr": [0]}}')
debug_merge_point(0, 0, '301<std_core_hnd.rpyeffect:0(Name(getCurrentEvv))>+2: {"op": "PrimOp". "name": "getRef(Ref[Ptr]): Ptr". "out": {"num": []. "ptr": [0]}. "in": {"num": []. "ptr": [0]}}')
debug_merge_point(0, 0, '301<std_core_hnd.rpyeffect:0(Name(getCurrentEvv))>+3: {"op": "Return". "args": {"num": []. "ptr": [0]}}')
debug_merge_point(0, 0, '1021<std_core_hnd.rpyeffect:720([k@[mcore:[#893]#2108]#2110])>+0: {"op": "Push". "target": 1020. "args": {"num": []. "ptr": [0]}}')
debug_merge_point(0, 0, '1021<std_core_hnd.rpyeffect:720([k@[mcore:[#893]#2108]#2110])>+1: {"op": "Copy". "type": "ptr". "from": 2. "to". 0}')
debug_merge_point(0, 0, '1021<std_core_hnd.rpyeffect:720([k@[mcore:[#893]#2108]#2110])>+2: {"op": "Jump". "target": 507}')
debug_merge_point(0, 0, '507<std_core_hnd.rpyeffect:206([mcore:[#470]#437])>+0: {"op": "Const". "type": "num". "out": 0. "value": 0}')
debug_merge_point(0, 0, '507<std_core_hnd.rpyeffect:206([mcore:[#470]#437])>+1: {"op": "ShiftDyn". "out": 0. "n": 0. "label": 0}')
+400: i60 = instance_ptr_eq(p28, p46)
guard_true(i60, descr=<Guard0x158441b20>) [p0, i1, i2, i3, i4, i5, i6, i7, i8, i9, i10, i11, i12, i13, i14, i15, p16, p17, p18, p19, p20, p21, p22, p23, p24, p25, p26, p27, p28, p29, p30, i31, p32, p33]
debug_merge_point(0, 0, '507<std_core_hnd.rpyeffect:206([mcore:[#470]#437])>+2: {"op": "New". "out": 0. "targets": [500. 502. 504. 506]. "args": {"num": []. "ptr": [0]}}')
debug_merge_point(0, 0, '507<std_core_hnd.rpyeffect:206([mcore:[#470]#437])>+3: {"op": "Invoke". "receiver": 1. "tag": Interned(%apply(p):p). "args" : {"num": []. "ptr": [0]}}')
debug_merge_point(0, 0, '5058<main.rpyeffect:61([method_%apply(p):p@[mcore:[#140]#209]#213])>+0: {"op": "Const". "type": "ptr". "out": 1. "format": "string". "value": "Name(import$std/core/hnd)"}')
debug_merge_point(0, 0, '5058<main.rpyeffect:61([method_%apply(p):p@[mcore:[#140]#209]#213])>+1: {"op": "PrimOp". "name": "getGlobal(String): Ptr". "out": {"num": []. "ptr": [1]}. "in": {"num": []. "ptr": [1]}}')
debug_merge_point(0, 0, '5058<main.rpyeffect:61([method_%apply(p):p@[mcore:[#140]#209]#213])>+2: {"op": "PrimOp". "name": "box(Num): Ptr". "out": {"num": []. "ptr": [2]}. "in": {"num": [0]. "ptr": []}}')
debug_merge_point(0, 0, '5058<main.rpyeffect:61([method_%apply(p):p@[mcore:[#140]#209]#213])>+3: {"op": "Jump". "target": 5056}')
debug_merge_point(0, 0, '5056<main.rpyeffect:59([mcore:[#138]#174])>+0: {"op": "New". "out": 1. "targets": [5049. 5051. 5053. 5055]. "args": {"num": []. "ptr": []}}')
debug_merge_point(0, 0, '5056<main.rpyeffect:59([mcore:[#138]#174])>+1: {"op": "Const". "type": "ptr". "out": 3. "format": "string". "value": "Name(import$std/core/hnd)"}')
debug_merge_point(0, 0, '5056<main.rpyeffect:59([mcore:[#138]#174])>+2: {"op": "PrimOp". "name": "getGlobal(String): Ptr". "out": {"num": []. "ptr": [3]}. "in": {"num": []. "ptr": [3]}}')
debug_merge_point(0, 0, '5056<main.rpyeffect:59([mcore:[#138]#174])>+3: {"op": "Swap". "type": "ptr". "a": 2. "b". 0}')
debug_merge_point(0, 0, '5056<main.rpyeffect:59([mcore:[#138]#174])>+4: {"op": "Jump". "target": 5045}')
debug_merge_point(0, 0, '5045<main.rpyeffect:48([mcore:[#125]#154])>+0: {"op": "Const". "type": "ptr". "out": 3. "format": "string". "value": "Name(import$std/core/hnd)"}')
debug_merge_point(0, 0, '5045<main.rpyeffect:48([mcore:[#125]#154])>+1: {"op": "PrimOp". "name": "getGlobal(String): Ptr". "out": {"num": []. "ptr": [3]}. "in": {"num": []. "ptr": [3]}}')
debug_merge_point(0, 0, '5045<main.rpyeffect:48([mcore:[#125]#154])>+2: {"op": "CallLib". "lib": "3". "symbol": "std/core/hnd/protect"}')
debug_merge_point(0, 0, '495<std_core_hnd.rpyeffect:194([mcore:[#466]#434])>+0: {"op": "Swap". "type": "ptr". "a": 1. "b". 2}')
debug_merge_point(0, 0, '495<std_core_hnd.rpyeffect:194([mcore:[#466]#434])>+1: {"op": "Invoke". "receiver": 2. "tag": Interned(%apply(pp):p). "args" : {"num": []. "ptr": [0. 1]}}')
debug_merge_point(0, 0, '5055<main.rpyeffect:58([method_%apply(pp):p@[mcore:[#138]#174]#196])>+0: {"op": "PrimOp". "name": "unbox(Ptr): Num". "out": {"num": [0]. "ptr": []}. "in": {"num": []. "ptr": [0]}}')
debug_merge_point(0, 0, '5055<main.rpyeffect:58([method_%apply(pp):p@[mcore:[#138]#174]#196])>+1: {"op": "Push". "target": 5054. "args": {"num": []. "ptr": []}}')
debug_merge_point(0, 0, '5055<main.rpyeffect:58([method_%apply(pp):p@[mcore:[#138]#174]#196])>+2: {"op": "Copy". "type": "ptr". "from": 1. "to". 0}')
debug_merge_point(0, 0, '5055<main.rpyeffect:58([method_%apply(pp):p@[mcore:[#138]#174]#196])>+3: {"op": "Jump". "target": 5047}')
debug_merge_point(0, 0, '5047<main.rpyeffect:50([mcore:[#135]#161])>+0: {"op": "Construct". "out": 1. "type": Interned(Unit). "tag": Interned(unit). "args": {"num": []. "ptr": []}}')
debug_merge_point(0, 0, '5047<main.rpyeffect:50([mcore:[#135]#161])>+1: {"op": "Push". "target": 5046. "args": {"num": [0]. "ptr": []}}')
debug_merge_point(0, 0, '5047<main.rpyeffect:50([mcore:[#135]#161])>+2: {"op": "Swap". "type": "ptr". "a": 1. "b". 0}')
debug_merge_point(0, 0, '5047<main.rpyeffect:50([mcore:[#135]#161])>+3: {"op": "Invoke". "receiver": 1. "tag": Interned(%apply(p):n). "args" : {"num": []. "ptr": [0]}}')
debug_merge_point(0, 0, '502<std_core_hnd.rpyeffect:201([method_%apply(p):n@[mcore:[#470]#437]#449])>+0: {"op": "Push". "target": 501. "args": {"num": []. "ptr": []}}')
debug_merge_point(0, 0, '502<std_core_hnd.rpyeffect:201([method_%apply(p):n@[mcore:[#470]#437]#449])>+1: {"op": "Jump". "target": 497}')
debug_merge_point(0, 0, '497<std_core_hnd.rpyeffect:196([mcore:[#469]#436])>+0: {"op": "PushStack". "arg": 1}')
debug_merge_point(0, 0, '497<std_core_hnd.rpyeffect:196([mcore:[#469]#436])>+1: {"op": "Return". "args": {"num": []. "ptr": [0]}}')
debug_merge_point(0, 0, '1020<std_core_hnd.rpyeffect:719([k@[k@[mcore:[#893]#2108]#2110]#2112])>+0: {"op": "Const". "type": "ptr". "out": 2. "format": "string". "value": "Name(import$std/core/hnd)"}')
debug_merge_point(0, 0, '1020<std_core_hnd.rpyeffect:719([k@[k@[mcore:[#893]#2108]#2110]#2112])>+1: {"op": "PrimOp". "name": "getGlobal(String): Ptr". "out": {"num": []. "ptr": [2]}. "in": {"num": []. "ptr": [2]}}')
debug_merge_point(0, 0, '1020<std_core_hnd.rpyeffect:719([k@[k@[mcore:[#893]#2108]#2110]#2112])>+2: {"op": "Push". "target": 1019. "args": {"num": []. "ptr": [0]}}')
debug_merge_point(0, 0, '1020<std_core_hnd.rpyeffect:719([k@[k@[mcore:[#893]#2108]#2110]#2112])>+3: {"op": "Copy". "type": "ptr". "from": 1. "to". 0}')
debug_merge_point(0, 0, '1020<std_core_hnd.rpyeffect:719([k@[k@[mcore:[#893]#2108]#2110]#2112])>+4: {"op": "Copy". "type": "ptr". "from": 2. "to". 1}')
debug_merge_point(0, 0, '1020<std_core_hnd.rpyeffect:719([k@[k@[mcore:[#893]#2108]#2110]#2112])>+5: {"op": "Jump". "target": 1018}')
debug_merge_point(0, 0, '1018<std_core_hnd.rpyeffect:717([mcore:[#892]#2103])>+0: {"op": "Const". "type": "ptr". "out": 1. "format": "string". "value": "Name(import$std/core/hnd)"}')
debug_merge_point(0, 0, '1018<std_core_hnd.rpyeffect:717([mcore:[#892]#2103])>+1: {"op": "PrimOp". "name": "getGlobal(String): Ptr". "out": {"num": []. "ptr": [1]}. "in": {"num": []. "ptr": [1]}}')
debug_merge_point(0, 0, '1018<std_core_hnd.rpyeffect:717([mcore:[#892]#2103])>+2: {"op": "CallLib". "lib": "1". "symbol": "setCurrentEvv"}')
debug_merge_point(0, 0, '302<std_core_hnd.rpyeffect:1(Name(setCurrentEvv))>+0: {"op": "Const". "type": "ptr". "out": 1. "format": "string". "value": "current-evv"}')
debug_merge_point(0, 0, '302<std_core_hnd.rpyeffect:1(Name(setCurrentEvv))>+1: {"op": "PrimOp". "name": "getGlobal(String): Ptr". "out": {"num": []. "ptr": [1]}. "in": {"num": []. "ptr": [1]}}')
debug_merge_point(0, 0, '302<std_core_hnd.rpyeffect:1(Name(setCurrentEvv))>+2: {"op": "PrimOp". "name": "setRef(Ref[Ptr]. Ptr): Unit". "out": {"num": []. "ptr": [0]}. "in": {"num": []. "ptr": [1. 0]}}')
debug_merge_point(0, 0, '302<std_core_hnd.rpyeffect:1(Name(setCurrentEvv))>+3: {"op": "Return". "args": {"num": []. "ptr": [0]}}')
debug_merge_point(0, 0, '1019<std_core_hnd.rpyeffect:718([k@[k@[k@[mcore:[#893]#2108]#2110]#2112]#2117])>+0: {"op": "Copy". "type": "ptr". "from": 1. "to". 0}')
debug_merge_point(0, 0, '1019<std_core_hnd.rpyeffect:718([k@[k@[k@[mcore:[#893]#2108]#2110]#2112]#2117])>+1: {"op": "Return". "args": {"num": []. "ptr": [0]}}')
debug_merge_point(0, 0, '5033<main.rpyeffect:36([k@[#133]#138])>+0: {"op": "Return". "args": {"num": []. "ptr": [0]}}')
+412: guard_nonnull(p29, descr=<Guard0x158441b60>) [p0, i1, i2, i3, i4, i5, i6, i7, i8, i9, i10, i11, i12, i13, i14, i15, p16, p17, p18, p19, p20, p21, p22, p23, p24, p25, p26, p27, p28, p29, p30, i31, p32, p33]
+424: i61 = getfield_gc_i(p29, descr=<FieldS rpyeffect.stored_environment.Stack__arb_arb.inst_target 16 pure>)
+432: guard_value(i61, 5082, descr=<Guard0x158441ba0>) [p0, i1, i2, i3, i4, i5, i6, i7, i8, i9, i10, i11, i12, i13, i14, i15, p16, p17, p18, p19, p20, p21, p22, p23, p24, p25, p26, p27, p28, p29, p30, i31, p32, p33]
debug_merge_point(0, 0, '5027<main.rpyeffect:30([#112])>+0: {"op": "Const". "type": "num". "out": 2. "value": 1}')
debug_merge_point(0, 0, '5027<main.rpyeffect:30([#112])>+1: {"op": "PrimOp". "name": "infixSub(Int. Int): Int". "out": {"num": [0]. "ptr": []}. "in": {"num": [0. 2]. "ptr": []}}')
+444: i64 = int_sub(i1, 1)
debug_merge_point(0, 0, '5027<main.rpyeffect:30([#112])>+2: {"op": "Const". "type": "ptr". "out": 0. "format": "string". "value": "Name(import$std/core/hnd)"}')
debug_merge_point(0, 0, '5027<main.rpyeffect:30([#112])>+3: {"op": "PrimOp". "name": "getGlobal(String): Ptr". "out": {"num": []. "ptr": [0]}. "in": {"num": []. "ptr": [0]}}')
debug_merge_point(0, 0, '5027<main.rpyeffect:30([#112])>+4: {"op": "Jump". "target": 5042}')
debug_merge_point(0, 0, '5042<main.rpyeffect:45([mcore:[#116]#87])>+0: {"op": "Const". "type": "num". "out": 2. "value": 0}')
debug_merge_point(0, 0, '5042<main.rpyeffect:45([mcore:[#116]#87])>+1: {"op": "PrimOp". "name": "infixEq(Int. Int): Boolean". "out": {"num": [2]. "ptr": []}. "in": {"num": [0. 2]. "ptr": []}}')
+448: i66 = int_eq(i64, 0)
guard_true(i66, descr=<Guard0x158441be0>) [p0, i1, i2, i3, i4, i5, i6, i7, i8, i9, i10, i11, i12, i13, i14, i15, p16, p17, p18, p19, p20, p21, p22, p23, p24, p25, p26, p27, p28, p29, p30, i31, p32, p33]
debug_merge_point(0, 0, '5042<main.rpyeffect:45([mcore:[#116]#87])>+2: {"op": "Switch". "scrutinee": 2. "values": [1]. "targets": [5025]. "default": 5041}')
debug_merge_point(0, 0, '5025<main.rpyeffect:28([switch case for 1#91])>+0: {"op": "Copy". "type": "num". "from": 1. "to". 0}')
debug_merge_point(0, 0, '5025<main.rpyeffect:28([switch case for 1#91])>+1: {"op": "Return". "args": {"num": [0]. "ptr": []}}')
+456: p67 = getfield_gc_r(p29, descr=<FieldP rpyeffect.stored_environment.Stack__arb_arb.inst_tail 8 pure>)
debug_merge_point(0, 0, '5082<main.rpyeffect:85([k@[#331]#334])>+0: {"op": "PrimOp". "name": "box(Num): Ptr". "out": {"num": []. "ptr": [0]}. "in": {"num": [0]. "ptr": []}}')
debug_merge_point(0, 0, '5082<main.rpyeffect:85([k@[#331]#334])>+1: {"op": "Return". "args": {"num": []. "ptr": [0]}}')
+460: guard_nonnull_class(p67, ConstClass(Stack__0_1), descr=<Guard0x148780f40>) [p0, i1, i2, i3, i4, i5, i6, i7, i8, i9, i10, i11, i12, i13, i14, i15, p16, p17, p18, p19, p20, p21, p22, p23, p24, p25, p26, p27, p28, p29, p30, i31, p32, p33]
+484: i69 = getfield_gc_i(p67, descr=<FieldS rpyeffect.stored_environment.Stack__arb_arb.inst_target 16 pure>)
+488: guard_value(i69, 432, descr=<Guard0x158441c20>) [p0, i1, i2, i3, i4, i5, i6, i7, i8, i9, i10, i11, i12, i13, i14, i15, p16, p17, p18, p19, p20, p21, p22, p23, p24, p25, p26, p27, p28, p29, p30, i31, p32, p33]
+500: p71 = getfield_gc_r(p67, descr=<FieldP rpyeffect.stored_environment.Stack__0_1.inst_values_ptr_0 40 pure>)
+504: p72 = getfield_gc_r(p67, descr=<FieldP rpyeffect.stored_environment.Stack__arb_arb.inst_tail 8 pure>)
+508: guard_isnull(p72, descr=<Guard0x158441c60>) [p0, i1, i2, i3, i4, i5, i6, i7, i8, i9, i10, i11, i12, i13, i14, i15, p16, p17, p18, p19, p20, p21, p22, p23, p24, p25, p26, p27, p28, p29, p30, i31, p32, p33]
debug_merge_point(0, 0, '432<std_core_hnd.rpyeffect:131([return_clause@[mcore:[#404]#265]#269])>+0: {"op": "Invoke". "receiver": 1. "tag": Interned(%apply(p):p). "args" : {"num": []. "ptr": [0]}}')
+516: p73 = getfield_gc_r(p71, descr=<FieldP rpyeffect.stored_environment.CoData__arb_arb.inst_vtable 24 pure>)
+524: guard_value(p73, ConstPtr(ptr74), descr=<Guard0x158441ca0>) [p0, i1, i2, i3, i4, i5, i6, i7, i8, i9, i10, i11, i12, i13, i14, i15, p16, p17, p18, p19, p20, p21, p22, p23, p24, p25, p26, p27, p28, p29, p30, i31, p32, p33]
debug_merge_point(0, 0, '5079<main.rpyeffect:82([#312])>+0: {"op": "PrimOp". "name": "unbox(Ptr): Num". "out": {"num": [0]. "ptr": []}. "in": {"num": []. "ptr": [0]}}')
debug_merge_point(0, 0, '5079<main.rpyeffect:82([#312])>+1: {"op": "Push". "target": 5078. "args": {"num": []. "ptr": []}}')
debug_merge_point(0, 0, '5079<main.rpyeffect:82([#312])>+2: {"op": "Jump". "target": 5062}')
debug_merge_point(0, 0, '5062<main.rpyeffect:65([mcore:[#144]#237])>+0: {"op": "Return". "args": {"num": [0]. "ptr": []}}')
debug_merge_point(0, 0, '5078<main.rpyeffect:81([k@[#312]#317])>+0: {"op": "PrimOp". "name": "box(Num): Ptr". "out": {"num": []. "ptr": [0]}. "in": {"num": [0]. "ptr": []}}')
debug_merge_point(0, 0, '5078<main.rpyeffect:81([k@[#312]#317])>+1: {"op": "Return". "args": {"num": []. "ptr": [0]}}')
debug_merge_point(0, 0, '501<std_core_hnd.rpyeffect:200([#451])>+0: {"op": "PrimOp". "name": "unbox(Ptr): Num". "out": {"num": [0]. "ptr": []}. "in": {"num": []. "ptr": [0]}}')
+532: p75 = new_with_vtable(descr=<SizeDescr 48>)
+636: p76 = new_with_vtable(descr=<SizeDescr 40>)
+648: p77 = new_with_vtable(descr=<SizeDescr 40>)
+660: p78 = new_with_vtable(descr=<SizeDescr 48>)
+672: p79 = new_with_vtable(descr=<SizeDescr 40>)
+684: setfield_gc(p79, p30, descr=<FieldP rpyeffect.stored_environment.Stack__arb_arb.inst_tail 8 pure>)
+688: setfield_gc(p79, 5054, descr=<FieldS rpyeffect.stored_environment.Stack__arb_arb.inst_target 16 pure>)
+696: setfield_gc(p78, p79, descr=<FieldP rpyeffect.stored_environment.Stack__arb_arb.inst_tail 8 pure>)
+700: setfield_gc(p78, 5046, descr=<FieldS rpyeffect.stored_environment.Stack__arb_arb.inst_target 16 pure>)
+708: setfield_gc(p78, i31, descr=<FieldS rpyeffect.stored_environment.Stack__1_0.inst_values_num_0 40 pure>)
+712: setfield_gc(p77, p78, descr=<FieldP rpyeffect.stored_environment.Stack__arb_arb.inst_tail 8 pure>)
+716: setfield_gc(p77, 501, descr=<FieldS rpyeffect.stored_environment.Stack__arb_arb.inst_target 16 pure>)
+724: setfield_gc(p76, p77, descr=<FieldP rpyeffect.stored_environment.Stack__arb_arb.inst_tail 8 pure>)
+728: setfield_gc(p76, 5054, descr=<FieldS rpyeffect.stored_environment.Stack__arb_arb.inst_target 16 pure>)
+736: p84 = new_with_vtable(descr=<SizeDescr 16>)
+748: setfield_gc(p75, 5046, descr=<FieldS rpyeffect.stored_environment.Stack__arb_arb.inst_target 16 pure>)
+756: setfield_gc(p75, p76, descr=<FieldP rpyeffect.stored_environment.Stack__arb_arb.inst_tail 8 pure>)
+760: setfield_gc(p75, 1, descr=<FieldS rpyeffect.stored_environment.Stack__1_0.inst_values_num_0 40 pure>)
+768: setfield_gc(p84, i2, descr=<FieldS rpyeffect.region.NumBox.inst_value 8 pure>)
+860: jump(p33, p75, p0, p32, i2, i2, 1, i3, i4, i5, i6, i7, i8, i9, i10, i11, i12, i13, i14, i15, p84, p71, ConstPtr(ptr88), ConstPtr(ptr89), p50, p17, p18, p19, p20, p21, p22, p23, p24, p25, p26, p27, descr=TargetToken(5510826048))
+1116: --end of the loop--
[f768294] jit-log-opt-bridge}
[f8eafb5] {jit-log-opt-bridge
# bridge out of Guard 0x148793ba0 with 151 ops
[p0, i1, i2, i3, i4, i5, i6, i7, i8, i9, i10, i11, i12, i13, i14, i15, i16, p17, p18, p19, p20, p21, p22, p23, p24, p25, p26, p27, p28, p29, p30, p31, p32, p33, p34, p35]
+232: guard_not_invalidated(descr=<Guard0x14997eb78>) [p0, i1, i2, i3, i4, i5, i6, i7, i8, i9, i10, i11, i12, i13, i14, i15, i16, p17, p18, p19, p20, p21, p22, p23, p24, p25, p26, p27, p28, p29, p30, p31, p32, p33, p34, p35]
debug_merge_point(0, 0, '5039<main.rpyeffect:42([switch case for 0#96])>+1: {"op": "Const". "type": "ptr". "out": 0. "format": "string". "value": "Name(import$std/core/hnd)"}')
debug_merge_point(0, 0, '5039<main.rpyeffect:42([switch case for 0#96])>+2: {"op": "PrimOp". "name": "getGlobal(String): Ptr". "out": {"num": []. "ptr": [0]}. "in": {"num": []. "ptr": [0]}}')
debug_merge_point(0, 0, '5039<main.rpyeffect:42([switch case for 0#96])>+3: {"op": "Push". "target": 5038. "args": {"num": [2. 0. 1]. "ptr": []}}')
debug_merge_point(0, 0, '5039<main.rpyeffect:42([switch case for 0#96])>+4: {"op": "Jump". "target": 5024}')
debug_merge_point(0, 0, '5024<main.rpyeffect:27([mcore:[#103]#83])>+0: {"op": "Const". "type": "ptr". "out": 0. "format": "string". "value": "Name(import$std/core/hnd)"}')
debug_merge_point(0, 0, '5024<main.rpyeffect:27([mcore:[#103]#83])>+1: {"op": "PrimOp". "name": "getGlobal(String): Ptr". "out": {"num": []. "ptr": [0]}. "in": {"num": []. "ptr": [0]}}')
debug_merge_point(0, 0, '5024<main.rpyeffect:27([mcore:[#103]#83])>+2: {"op": "CallLib". "lib": "0". "symbol": "getCurrentEvv"}')
debug_merge_point(0, 0, '301<std_core_hnd.rpyeffect:0(Name(getCurrentEvv))>+0: {"op": "Const". "type": "ptr". "out": 0. "format": "string". "value": "current-evv"}')
debug_merge_point(0, 0, '301<std_core_hnd.rpyeffect:0(Name(getCurrentEvv))>+1: {"op": "PrimOp". "name": "getGlobal(String): Ptr". "out": {"num": []. "ptr": [0]}. "in": {"num": []. "ptr": [0]}}')
debug_merge_point(0, 0, '301<std_core_hnd.rpyeffect:0(Name(getCurrentEvv))>+2: {"op": "PrimOp". "name": "getRef(Ref[Ptr]): Ptr". "out": {"num": []. "ptr": [0]}. "in": {"num": []. "ptr": [0]}}')
+240: p37 = getfield_gc_r(ConstPtr(ptr36), descr=<FieldP rpyeffect.region.PtrRef.inst_value 8>)
debug_merge_point(0, 0, '301<std_core_hnd.rpyeffect:0(Name(getCurrentEvv))>+3: {"op": "Return". "args": {"num": []. "ptr": [0]}}')
debug_merge_point(0, 0, '5038<main.rpyeffect:41([k@[switch case for 0#96]#102])>+0: {"op": "PrimOp". "name": "promote_ptr". "out": {"num": []. "ptr": [0]}. "in": {"num": []. "ptr": [0]}}')
debug_merge_point(0, 0, '5038<main.rpyeffect:41([k@[switch case for 0#96]#102])>+1: {"op": "Const". "type": "ptr". "out": 1. "format": "string". "value": "Name(import$std/core/hnd)"}')
debug_merge_point(0, 0, '5038<main.rpyeffect:41([k@[switch case for 0#96]#102])>+2: {"op": "PrimOp". "name": "getGlobal(String): Ptr". "out": {"num": []. "ptr": [1]}. "in": {"num": []. "ptr": [1]}}')
debug_merge_point(0, 0, '5038<main.rpyeffect:41([k@[switch case for 0#96]#102])>+3: {"op": "Push". "target": 5037. "args": {"num": [1. 2]. "ptr": []}}')
debug_merge_point(0, 0, '5038<main.rpyeffect:41([k@[switch case for 0#96]#102])>+4: {"op": "Jump". "target": 5023}')
debug_merge_point(0, 0, '5023<main.rpyeffect:26([mcore:[#102]#77])>+0: {"op": "Const". "type": "ptr". "out": 1. "format": "string". "value": "Name(import$std/core/hnd)"}')
debug_merge_point(0, 0, '5023<main.rpyeffect:26([mcore:[#102]#77])>+1: {"op": "PrimOp". "name": "getGlobal(String): Ptr". "out": {"num": []. "ptr": [1]}. "in": {"num": []. "ptr": [1]}}')
debug_merge_point(0, 0, '5023<main.rpyeffect:26([mcore:[#102]#77])>+2: {"op": "CallLib". "lib": "1". "symbol": "elt"}')
debug_merge_point(0, 0, '331<std_core_hnd.rpyeffect:30(Name(elt))>+0: {"op": "Switch". "scrutinee": 0. "values": [0]. "targets": [329]. "default": 330}')
debug_merge_point(0, 0, '329<std_core_hnd.rpyeffect:28([switch case for 0#86])>+0: {"op": "Proj". "out": 0. "type": Interned(evv). "scrutinee": 0. "tag": Interned(cons). "field": 0. "field_type": "ptr"}')
+244: p38 = getfield_gc_r(p37, descr=<FieldP rpyeffect.stored_environment.Data__arb_arb.inst_tag 8>)
+252: guard_value(p38, ConstPtr(ptr39), descr=<Guard0x1488db260>) [p0, i1, i2, i3, i4, i5, i6, i7, i8, i9, i10, i11, i12, i13, i14, i15, i16, p17, p18, p19, p20, p21, p22, p23, p24, p25, p26, p27, p28, p29, p30, p31, p32, p33, p34, p35]
+260: guard_class(p37, ConstClass(Data__0_2), descr=<Guard0x1488db2a0>) [p0, i1, i2, i3, i4, i5, i6, i7, i8, i9, i10, i11, i12, i13, i14, i15, i16, p17, p18, p19, p20, p21, p22, p23, p24, p25, p26, p27, p28, p29, p30, p31, p32, p33, p34, p35]
+276: p41 = getfield_gc_r(p37, descr=<FieldP rpyeffect.stored_environment.Data__0_2.inst_values_ptr_0 32 pure>)
debug_merge_point(0, 0, '329<std_core_hnd.rpyeffect:28([switch case for 0#86])>+1: {"op": "Return". "args": {"num": []. "ptr": [0]}}')
debug_merge_point(0, 0, '5037<main.rpyeffect:40([k@[k@[switch case for 0#96]#102]#110])>+0: {"op": "Push". "target": 5027. "args": {"num": [0. 1]. "ptr": []}}')
debug_merge_point(0, 0, '5037<main.rpyeffect:40([k@[k@[switch case for 0#96]#102]#110])>+1: {"op": "Match". "type": Interned(std/core/hnd/ev). "scrutinee": 0. "clauses": [{"tag": Interned(std/core/hnd/Ev). "target": 5036. "args": {"num": []. "ptr": [1. 2. 3. 4]}}]. "default": {"tag": Interned(f57803dc-acce-49a1-b59f-636af7df14d6#[Missing Tag#706]). "target": 5028. "args": {"num": []. "ptr": []}}}')
+280: p42 = getfield_gc_r(p41, descr=<FieldP rpyeffect.stored_environment.Data__arb_arb.inst_tag 8>)
+288: guard_value(p42, ConstPtr(ptr43), descr=<Guard0x1488db2e0>) [p0, i1, i2, i3, i4, i5, i6, i7, i8, i9, i10, i11, i12, i13, i14, i15, i16, p17, p18, p19, p20, p21, p22, p23, p24, p25, p26, p27, p28, p29, p30, p31, p32, p33, p34, p35]
+296: p44 = getfield_gc_r(p41, descr=<FieldP rpyeffect.stored_environment.Data__arb_arb.inst_values_ptr 24 pure>)
+300: p46 = getarrayitem_gc_pure_r(p44, 0, descr=<ArrayP 8>)
+300: p48 = getarrayitem_gc_pure_r(p44, 1, descr=<ArrayP 8>)
+304: p50 = getarrayitem_gc_pure_r(p44, 2, descr=<ArrayP 8>)
+308: p52 = getarrayitem_gc_pure_r(p44, 3, descr=<ArrayP 8>)
debug_merge_point(0, 0, '5036<main.rpyeffect:39([#123])>+0: {"op": "Copy". "type": "ptr". "from": 0. "to". 1}')
debug_merge_point(0, 0, '5036<main.rpyeffect:39([#123])>+1: {"op": "Copy". "type": "ptr". "from": 2. "to". 0}')
debug_merge_point(0, 0, '5036<main.rpyeffect:39([#123])>+2: {"op": "Match". "type": Interned(main/operator). "scrutinee": 3. "clauses": [{"tag": Interned(main/@Hnd-operator). "target": 5035. "args": {"num": [1]. "ptr": [2]}}]. "default": {"tag": Interned(f57803dc-acce-49a1-b59f-636af7df14d6#[Missing Tag#705]). "target": 5030. "args": {"num": []. "ptr": []}}}')
+312: p53 = getfield_gc_r(p50, descr=<FieldP rpyeffect.stored_environment.Data__arb_arb.inst_tag 8>)
+320: guard_value(p53, ConstPtr(ptr54), descr=<Guard0x1488db320>) [p0, i1, i2, i3, i4, i5, i6, i7, i8, i9, i10, i11, i12, i13, i14, i15, i16, p17, p18, p19, p20, p21, p22, p23, p24, p25, p26, p27, p28, p29, p30, p31, p32, p33, p34, p35]
+328: i55 = getfield_gc_i(p50, descr=<FieldS rpyeffect.stored_environment.Data__1_1.inst_values_num_0 32 pure>)
+328: p56 = getfield_gc_r(p50, descr=<FieldP rpyeffect.stored_environment.Data__1_1.inst_values_ptr_0 40 pure>)
debug_merge_point(0, 0, '5035<main.rpyeffect:38([match_main/@Hnd-operator@[#123]#128])>+0: {"op": "Match". "type": Interned(std/core/hnd/clause1). "scrutinee": 2. "clauses": [{"tag": Interned(std/core/hnd/Clause1). "target": 5034. "args": {"num": []. "ptr": [2]}}]. "default": {"tag": Interned(f57803dc-acce-49a1-b59f-636af7df14d6#[Missing Tag#704]). "target": 5032. "args": {"num": []. "ptr": []}}}')
+332: p57 = getfield_gc_r(p56, descr=<FieldP rpyeffect.stored_environment.Data__arb_arb.inst_tag 8>)
+340: guard_value(p57, ConstPtr(ptr58), descr=<Guard0x1488db360>) [p0, i1, i2, i3, i4, i5, i6, i7, i8, i9, i10, i11, i12, i13, i14, i15, i16, p17, p18, p19, p20, p21, p22, p23, p24, p25, p26, p27, p28, p29, p30, p31, p32, p33, p34, p35]
+348: p59 = getfield_gc_r(p56, descr=<FieldP rpyeffect.stored_environment.Data__0_1.inst_values_ptr_0 32 pure>)
debug_merge_point(0, 0, '5034<main.rpyeffect:37([#133])>+0: {"op": "PrimOp". "name": "box(Num): Ptr". "out": {"num": []. "ptr": [3]}. "in": {"num": [0]. "ptr": []}}')
debug_merge_point(0, 0, '5034<main.rpyeffect:37([#133])>+1: {"op": "Push". "target": 5033. "args": {"num": []. "ptr": []}}')
debug_merge_point(0, 0, '5034<main.rpyeffect:37([#133])>+2: {"op": "Swap". "type": "ptr". "a": 3. "b". 2}')
debug_merge_point(0, 0, '5034<main.rpyeffect:37([#133])>+3: {"op": "Invoke". "receiver": 3. "tag": Interned(%apply(ppp):p). "args" : {"num": []. "ptr": [0. 1. 2]}}')
+352: p60 = getfield_gc_r(p59, descr=<FieldP rpyeffect.stored_environment.CoData__arb_arb.inst_vtable 24 pure>)
+360: guard_value(p60, ConstPtr(ptr61), descr=<Guard0x1488db3a0>) [p0, i1, i2, i3, i4, i5, i6, i7, i8, i9, i10, i11, i12, i13, i14, i15, i16, p17, p18, p19, p20, p21, p22, p23, p24, p25, p26, p27, p28, p29, p30, p31, p32, p33, p34, p35]
debug_merge_point(0, 0, '5069<main.rpyeffect:72([method_%apply(ppp):p@[mcore:[#151]#242]#264])>+0: {"op": "Const". "type": "ptr". "out": 3. "format": "string". "value": "Name(import$std/core/hnd)"}')
debug_merge_point(0, 0, '5069<main.rpyeffect:72([method_%apply(ppp):p@[mcore:[#151]#242]#264])>+1: {"op": "PrimOp". "name": "getGlobal(String): Ptr". "out": {"num": []. "ptr": [3]}. "in": {"num": []. "ptr": [3]}}')
debug_merge_point(0, 0, '5069<main.rpyeffect:72([method_%apply(ppp):p@[mcore:[#151]#242]#264])>+2: {"op": "PrimOp". "name": "unbox(Ptr): Num". "out": {"num": [0]. "ptr": []}. "in": {"num": []. "ptr": [2]}}')
debug_merge_point(0, 0, '5069<main.rpyeffect:72([method_%apply(ppp):p@[mcore:[#151]#242]#264])>+3: {"op": "Copy". "type": "ptr". "from": 3. "to". 2}')
debug_merge_point(0, 0, '5069<main.rpyeffect:72([method_%apply(ppp):p@[mcore:[#151]#242]#264])>+4: {"op": "Jump". "target": 5061}')
debug_merge_point(0, 0, '5061<main.rpyeffect:64([mcore:[#140]#209])>+0: {"op": "New". "out": 1. "targets": [5058. 5060]. "args": {"num": [0]. "ptr": []}}')
debug_merge_point(0, 0, '5061<main.rpyeffect:64([mcore:[#140]#209])>+1: {"op": "Const". "type": "ptr". "out": 2. "format": "string". "value": "Name(import$std/core/hnd)"}')
debug_merge_point(0, 0, '5061<main.rpyeffect:64([mcore:[#140]#209])>+2: {"op": "PrimOp". "name": "getGlobal(String): Ptr". "out": {"num": []. "ptr": [2]}. "in": {"num": []. "ptr": [2]}}')
debug_merge_point(0, 0, '5061<main.rpyeffect:64([mcore:[#140]#209])>+3: {"op": "Jump". "target": 5044}')
debug_merge_point(0, 0, '5044<main.rpyeffect:47([mcore:[#122]#148])>+0: {"op": "Const". "type": "ptr". "out": 2. "format": "string". "value": "Name(import$std/core/hnd)"}')
debug_merge_point(0, 0, '5044<main.rpyeffect:47([mcore:[#122]#148])>+1: {"op": "PrimOp". "name": "getGlobal(String): Ptr". "out": {"num": []. "ptr": [2]}. "in": {"num": []. "ptr": [2]}}')
debug_merge_point(0, 0, '5044<main.rpyeffect:47([mcore:[#122]#148])>+2: {"op": "CallLib". "lib": "2". "symbol": "std/core/hnd/yield-to"}')
debug_merge_point(0, 0, '1022<std_core_hnd.rpyeffect:721([mcore:[#893]#2108])>+0: {"op": "Push". "target": 1021. "args": {"num": []. "ptr": [1. 0]}}')
debug_merge_point(0, 0, '1022<std_core_hnd.rpyeffect:721([mcore:[#893]#2108])>+1: {"op": "Jump". "target": 509}')
debug_merge_point(0, 0, '509<std_core_hnd.rpyeffect:208([mcore:[#471]#472])>+0: {"op": "Jump". "target": 301}')
debug_merge_point(0, 0, '301<std_core_hnd.rpyeffect:0(Name(getCurrentEvv))>+0: {"op": "Const". "type": "ptr". "out": 0. "format": "string". "value": "current-evv"}')
debug_merge_point(0, 0, '301<std_core_hnd.rpyeffect:0(Name(getCurrentEvv))>+1: {"op": "PrimOp". "name": "getGlobal(String): Ptr". "out": {"num": []. "ptr": [0]}. "in": {"num": []. "ptr": [0]}}')
debug_merge_point(0, 0, '301<std_core_hnd.rpyeffect:0(Name(getCurrentEvv))>+2: {"op": "PrimOp". "name": "getRef(Ref[Ptr]): Ptr". "out": {"num": []. "ptr": [0]}. "in": {"num": []. "ptr": [0]}}')
debug_merge_point(0, 0, '301<std_core_hnd.rpyeffect:0(Name(getCurrentEvv))>+3: {"op": "Return". "args": {"num": []. "ptr": [0]}}')
debug_merge_point(0, 0, '1021<std_core_hnd.rpyeffect:720([k@[mcore:[#893]#2108]#2110])>+0: {"op": "Push". "target": 1020. "args": {"num": []. "ptr": [0]}}')
debug_merge_point(0, 0, '1021<std_core_hnd.rpyeffect:720([k@[mcore:[#893]#2108]#2110])>+1: {"op": "Copy". "type": "ptr". "from": 2. "to". 0}')
debug_merge_point(0, 0, '1021<std_core_hnd.rpyeffect:720([k@[mcore:[#893]#2108]#2110])>+2: {"op": "Jump". "target": 507}')
debug_merge_point(0, 0, '507<std_core_hnd.rpyeffect:206([mcore:[#470]#437])>+0: {"op": "Const". "type": "num". "out": 0. "value": 0}')
debug_merge_point(0, 0, '507<std_core_hnd.rpyeffect:206([mcore:[#470]#437])>+1: {"op": "ShiftDyn". "out": 0. "n": 0. "label": 0}')
+368: i62 = instance_ptr_eq(p33, p48)
guard_true(i62, descr=<Guard0x1488db3e0>) [p0, i1, i2, i3, i4, i5, i6, i7, i8, i9, i10, i11, i12, i13, i14, i15, i16, p17, p18, p19, p20, p21, p22, p23, p24, p25, p26, p27, p28, p29, p30, p31, p32, p33, p34, p35]
+376: guard_nonnull_class(p35, 4309429248, descr=<Guard0x14997ebd0>) [p0, i1, i2, i3, i4, i5, i6, i7, i8, i9, i10, i11, i12, i13, i14, i15, i16, p17, p18, p19, p20, p21, p22, p23, p24, p25, p26, p27, p28, p29, p30, p31, p32, p33, p34, p35]
+400: p64 = getfield_gc_r(p35, descr=<FieldP rpyeffect.stack.MetaStackLike.inst_stack 8 pure>)
+404: p65 = getfield_gc_r(p35, descr=<FieldP rpyeffect.stack.MetaStack.inst_label 16 pure>)
+408: p66 = getfield_gc_r(p35, descr=<FieldP rpyeffect.stack.MetaStack.inst_tail 32 pure>)
+412: guard_nonnull(p64, descr=<Guard0x1488db420>) [p0, i1, i2, i3, i4, i5, i6, i7, i8, i9, i10, i11, i12, i13, i14, i15, i16, p17, p18, p19, p20, p21, p22, p23, p24, p25, p26, p27, p28, p29, p30, p31, p32, p33, p34, p35]
+420: i67 = getfield_gc_i(p64, descr=<FieldS rpyeffect.stored_environment.Stack__arb_arb.inst_target 16 pure>)
+424: guard_value(i67, 714, descr=<Guard0x1488db460>) [p0, i1, i2, i3, i4, i5, i6, i7, i8, i9, i10, i11, i12, i13, i14, i15, i16, p17, p18, p19, p20, p21, p22, p23, p24, p25, p26, p27, p28, p29, p30, p31, p32, p33, p34, p35]
debug_merge_point(0, 0, '507<std_core_hnd.rpyeffect:206([mcore:[#470]#437])>+2: {"op": "New". "out": 0. "targets": [500. 502. 504. 506]. "args": {"num": []. "ptr": [0]}}')
debug_merge_point(0, 0, '507<std_core_hnd.rpyeffect:206([mcore:[#470]#437])>+3: {"op": "Invoke". "receiver": 1. "tag": Interned(%apply(p):p). "args" : {"num": []. "ptr": [0]}}')
debug_merge_point(0, 0, '5058<main.rpyeffect:61([method_%apply(p):p@[mcore:[#140]#209]#213])>+0: {"op": "Const". "type": "ptr". "out": 1. "format": "string". "value": "Name(import$std/core/hnd)"}')
debug_merge_point(0, 0, '5058<main.rpyeffect:61([method_%apply(p):p@[mcore:[#140]#209]#213])>+1: {"op": "PrimOp". "name": "getGlobal(String): Ptr". "out": {"num": []. "ptr": [1]}. "in": {"num": []. "ptr": [1]}}')
debug_merge_point(0, 0, '5058<main.rpyeffect:61([method_%apply(p):p@[mcore:[#140]#209]#213])>+2: {"op": "PrimOp". "name": "box(Num): Ptr". "out": {"num": []. "ptr": [2]}. "in": {"num": [0]. "ptr": []}}')
debug_merge_point(0, 0, '5058<main.rpyeffect:61([method_%apply(p):p@[mcore:[#140]#209]#213])>+3: {"op": "Jump". "target": 5056}')
debug_merge_point(0, 0, '5056<main.rpyeffect:59([mcore:[#138]#174])>+0: {"op": "New". "out": 1. "targets": [5049. 5051. 5053. 5055]. "args": {"num": []. "ptr": []}}')
debug_merge_point(0, 0, '5056<main.rpyeffect:59([mcore:[#138]#174])>+1: {"op": "Const". "type": "ptr". "out": 3. "format": "string". "value": "Name(import$std/core/hnd)"}')
debug_merge_point(0, 0, '5056<main.rpyeffect:59([mcore:[#138]#174])>+2: {"op": "PrimOp". "name": "getGlobal(String): Ptr". "out": {"num": []. "ptr": [3]}. "in": {"num": []. "ptr": [3]}}')
debug_merge_point(0, 0, '5056<main.rpyeffect:59([mcore:[#138]#174])>+3: {"op": "Swap". "type": "ptr". "a": 2. "b". 0}')
debug_merge_point(0, 0, '5056<main.rpyeffect:59([mcore:[#138]#174])>+4: {"op": "Jump". "target": 5045}')
debug_merge_point(0, 0, '5045<main.rpyeffect:48([mcore:[#125]#154])>+0: {"op": "Const". "type": "ptr". "out": 3. "format": "string". "value": "Name(import$std/core/hnd)"}')
debug_merge_point(0, 0, '5045<main.rpyeffect:48([mcore:[#125]#154])>+1: {"op": "PrimOp". "name": "getGlobal(String): Ptr". "out": {"num": []. "ptr": [3]}. "in": {"num": []. "ptr": [3]}}')
debug_merge_point(0, 0, '5045<main.rpyeffect:48([mcore:[#125]#154])>+2: {"op": "CallLib". "lib": "3". "symbol": "std/core/hnd/protect"}')
debug_merge_point(0, 0, '495<std_core_hnd.rpyeffect:194([mcore:[#466]#434])>+0: {"op": "Swap". "type": "ptr". "a": 1. "b". 2}')
debug_merge_point(0, 0, '495<std_core_hnd.rpyeffect:194([mcore:[#466]#434])>+1: {"op": "Invoke". "receiver": 2. "tag": Interned(%apply(pp):p). "args" : {"num": []. "ptr": [0. 1]}}')
debug_merge_point(0, 0, '5055<main.rpyeffect:58([method_%apply(pp):p@[mcore:[#138]#174]#196])>+0: {"op": "PrimOp". "name": "unbox(Ptr): Num". "out": {"num": [0]. "ptr": []}. "in": {"num": []. "ptr": [0]}}')
debug_merge_point(0, 0, '5055<main.rpyeffect:58([method_%apply(pp):p@[mcore:[#138]#174]#196])>+1: {"op": "Push". "target": 5054. "args": {"num": []. "ptr": []}}')
debug_merge_point(0, 0, '5055<main.rpyeffect:58([method_%apply(pp):p@[mcore:[#138]#174]#196])>+2: {"op": "Copy". "type": "ptr". "from": 1. "to". 0}')
debug_merge_point(0, 0, '5055<main.rpyeffect:58([method_%apply(pp):p@[mcore:[#138]#174]#196])>+3: {"op": "Jump". "target": 5047}')
debug_merge_point(0, 0, '5047<main.rpyeffect:50([mcore:[#135]#161])>+0: {"op": "Construct". "out": 1. "type": Interned(Unit). "tag": Interned(unit). "args": {"num": []. "ptr": []}}')
debug_merge_point(0, 0, '5047<main.rpyeffect:50([mcore:[#135]#161])>+1: {"op": "Push". "target": 5046. "args": {"num": [0]. "ptr": []}}')
debug_merge_point(0, 0, '5047<main.rpyeffect:50([mcore:[#135]#161])>+2: {"op": "Swap". "type": "ptr". "a": 1. "b". 0}')
debug_merge_point(0, 0, '5047<main.rpyeffect:50([mcore:[#135]#161])>+3: {"op": "Invoke". "receiver": 1. "tag": Interned(%apply(p):n). "args" : {"num": []. "ptr": [0]}}')
debug_merge_point(0, 0, '502<std_core_hnd.rpyeffect:201([method_%apply(p):n@[mcore:[#470]#437]#449])>+0: {"op": "Push". "target": 501. "args": {"num": []. "ptr": []}}')
debug_merge_point(0, 0, '502<std_core_hnd.rpyeffect:201([method_%apply(p):n@[mcore:[#470]#437]#449])>+1: {"op": "Jump". "target": 497}')
debug_merge_point(0, 0, '497<std_core_hnd.rpyeffect:196([mcore:[#469]#436])>+0: {"op": "PushStack". "arg": 1}')
debug_merge_point(0, 0, '497<std_core_hnd.rpyeffect:196([mcore:[#469]#436])>+1: {"op": "Return". "args": {"num": []. "ptr": [0]}}')
debug_merge_point(0, 0, '1020<std_core_hnd.rpyeffect:719([k@[k@[mcore:[#893]#2108]#2110]#2112])>+0: {"op": "Const". "type": "ptr". "out": 2. "format": "string". "value": "Name(import$std/core/hnd)"}')
debug_merge_point(0, 0, '1020<std_core_hnd.rpyeffect:719([k@[k@[mcore:[#893]#2108]#2110]#2112])>+1: {"op": "PrimOp". "name": "getGlobal(String): Ptr". "out": {"num": []. "ptr": [2]}. "in": {"num": []. "ptr": [2]}}')
debug_merge_point(0, 0, '1020<std_core_hnd.rpyeffect:719([k@[k@[mcore:[#893]#2108]#2110]#2112])>+2: {"op": "Push". "target": 1019. "args": {"num": []. "ptr": [0]}}')
debug_merge_point(0, 0, '1020<std_core_hnd.rpyeffect:719([k@[k@[mcore:[#893]#2108]#2110]#2112])>+3: {"op": "Copy". "type": "ptr". "from": 1. "to". 0}')
debug_merge_point(0, 0, '1020<std_core_hnd.rpyeffect:719([k@[k@[mcore:[#893]#2108]#2110]#2112])>+4: {"op": "Copy". "type": "ptr". "from": 2. "to". 1}')
debug_merge_point(0, 0, '1020<std_core_hnd.rpyeffect:719([k@[k@[mcore:[#893]#2108]#2110]#2112])>+5: {"op": "Jump". "target": 1018}')
debug_merge_point(0, 0, '1018<std_core_hnd.rpyeffect:717([mcore:[#892]#2103])>+0: {"op": "Const". "type": "ptr". "out": 1. "format": "string". "value": "Name(import$std/core/hnd)"}')
debug_merge_point(0, 0, '1018<std_core_hnd.rpyeffect:717([mcore:[#892]#2103])>+1: {"op": "PrimOp". "name": "getGlobal(String): Ptr". "out": {"num": []. "ptr": [1]}. "in": {"num": []. "ptr": [1]}}')
debug_merge_point(0, 0, '1018<std_core_hnd.rpyeffect:717([mcore:[#892]#2103])>+2: {"op": "CallLib". "lib": "1". "symbol": "setCurrentEvv"}')
debug_merge_point(0, 0, '302<std_core_hnd.rpyeffect:1(Name(setCurrentEvv))>+0: {"op": "Const". "type": "ptr". "out": 1. "format": "string". "value": "current-evv"}')
debug_merge_point(0, 0, '302<std_core_hnd.rpyeffect:1(Name(setCurrentEvv))>+1: {"op": "PrimOp". "name": "getGlobal(String): Ptr". "out": {"num": []. "ptr": [1]}. "in": {"num": []. "ptr": [1]}}')
debug_merge_point(0, 0, '302<std_core_hnd.rpyeffect:1(Name(setCurrentEvv))>+2: {"op": "PrimOp". "name": "setRef(Ref[Ptr]. Ptr): Unit". "out": {"num": []. "ptr": [0]}. "in": {"num": []. "ptr": [1. 0]}}')
debug_merge_point(0, 0, '302<std_core_hnd.rpyeffect:1(Name(setCurrentEvv))>+3: {"op": "Return". "args": {"num": []. "ptr": [0]}}')
debug_merge_point(0, 0, '1019<std_core_hnd.rpyeffect:718([k@[k@[k@[mcore:[#893]#2108]#2110]#2112]#2117])>+0: {"op": "Copy". "type": "ptr". "from": 1. "to". 0}')
debug_merge_point(0, 0, '1019<std_core_hnd.rpyeffect:718([k@[k@[k@[mcore:[#893]#2108]#2110]#2112]#2117])>+1: {"op": "Return". "args": {"num": []. "ptr": [0]}}')
debug_merge_point(0, 0, '5033<main.rpyeffect:36([k@[#133]#138])>+0: {"op": "Return". "args": {"num": []. "ptr": [0]}}')
+436: guard_nonnull(p34, descr=<Guard0x1488db4a0>) [p0, i1, i2, i3, i4, i5, i6, i7, i8, i9, i10, i11, i12, i13, i14, i15, i16, p17, p18, p19, p20, p21, p22, p23, p24, p25, p26, p27, p28, p29, p30, p31, p32, p33, p34, p35]
+448: i69 = getfield_gc_i(p34, descr=<FieldS rpyeffect.stored_environment.Stack__arb_arb.inst_target 16 pure>)
+456: guard_value(i69, 5082, descr=<Guard0x1488db4e0>) [p0, i1, i2, i3, i4, i5, i6, i7, i8, i9, i10, i11, i12, i13, i14, i15, i16, p17, p18, p19, p20, p21, p22, p23, p24, p25, p26, p27, p28, p29, p30, p31, p32, p33, p34, p35]
debug_merge_point(0, 0, '5027<main.rpyeffect:30([#112])>+0: {"op": "Const". "type": "num". "out": 2. "value": 1}')
debug_merge_point(0, 0, '5027<main.rpyeffect:30([#112])>+1: {"op": "PrimOp". "name": "infixSub(Int. Int): Int". "out": {"num": [0]. "ptr": []}. "in": {"num": [0. 2]. "ptr": []}}')
+468: i72 = int_sub(i1, 1)
debug_merge_point(0, 0, '5027<main.rpyeffect:30([#112])>+2: {"op": "Const". "type": "ptr". "out": 0. "format": "string". "value": "Name(import$std/core/hnd)"}')
debug_merge_point(0, 0, '5027<main.rpyeffect:30([#112])>+3: {"op": "PrimOp". "name": "getGlobal(String): Ptr". "out": {"num": []. "ptr": [0]}. "in": {"num": []. "ptr": [0]}}')
debug_merge_point(0, 0, '5027<main.rpyeffect:30([#112])>+4: {"op": "Jump". "target": 5042}')
debug_merge_point(0, 0, '5042<main.rpyeffect:45([mcore:[#116]#87])>+0: {"op": "Const". "type": "num". "out": 2. "value": 0}')
debug_merge_point(0, 0, '5042<main.rpyeffect:45([mcore:[#116]#87])>+1: {"op": "PrimOp". "name": "infixEq(Int. Int): Boolean". "out": {"num": [2]. "ptr": []}. "in": {"num": [0. 2]. "ptr": []}}')
+472: i74 = int_eq(i72, 0)
guard_false(i74, descr=<Guard0x1488db520>) [p0, i1, i2, i3, i4, i5, i6, i7, i8, i9, i10, i11, i12, i13, i14, i15, i16, p17, p18, p19, p20, p21, p22, p23, p24, p25, p26, p27, p28, p29, p30, p31, p32, p33, p34, p35]
debug_merge_point(0, 0, '5042<main.rpyeffect:45([mcore:[#116]#87])>+2: {"op": "Switch". "scrutinee": 2. "values": [1]. "targets": [5025]. "default": 5041}')
debug_merge_point(0, 0, '5041<main.rpyeffect:44([switch default case#92])>+0: {"op": "Const". "type": "num". "out": 2. "value": 0}')
debug_merge_point(0, 0, '5041<main.rpyeffect:44([switch default case#92])>+1: {"op": "PrimOp". "name": "infixEq(Int. Int): Boolean". "out": {"num": [2]. "ptr": []}. "in": {"num": [0. 2]. "ptr": []}}')
debug_merge_point(0, 0, '5041<main.rpyeffect:44([switch default case#92])>+2: {"op": "Switch". "scrutinee": 2. "values": [0]. "targets": [5039]. "default": 5040}')
debug_merge_point(0, 0, '5039<main.rpyeffect:42([switch case for 0#96])>+0: {"op": "Const". "type": "num". "out": 2. "value": 0}')
+480: i75 = arraylen_gc(p44, descr=<ArrayP 8>)
+480: jump(p33, p34, p0, p64, i1, p65, p66, i72, i2, i4, i5, i6, i7, i8, i9, i10, i11, i12, i13, i14, i15, i16, p52, p22, p23, p24, p25, p26, p27, p28, p29, p30, p31, p32, p37, p41, p50, p56, p59, p52, p44, descr=TargetToken(5510826448))
+552: --end of the loop--
[f9089fe] jit-log-opt-bridge}
[1d32858a] {jit-summary
Tracing:      	8	0.014784
Backend:      	8	0.001629
TOTAL:      		0.367016
ops:             	55067
heapcached ops:  	5396
recorded ops:    	26930
  calls:         	22787
guards:          	1349
opt ops:         	1568
opt guards:      	139
opt guards shared:	120
forcings:        	0
abort: trace too long:	0
abort: compiling:	0
abort: vable escape:	0
abort: bad loop: 	0
abort: force quasi-immut:	0
abort: segmenting trace:	0
virtualizables forced:	0
nvirtuals:       	18
nvholes:         	0
nvreused:        	0
vecopt tried:    	0
vecopt success:  	0
Total # of loops:	5
Total # of bridges:	3
Freed # of loops:	0
Freed # of bridges:	0
[1d32b3c3] jit-summary}
