{
  "results": [
    {
      "command": "effekt-jit-2-context:bounce",
      "mean": 0.5300831083499999,
      "stddev": 0.005219569426698566,
      "median": 0.5278525414999999,
      "user": 0.5217151,
      "system": 0.00517975,
      "min": 0.52493875,
      "max": 0.543995,
      "times": [
        0.5340204580000001,
        0.527089292,
        0.52815375,
        0.5257820830000001,
        0.5295328340000001,
        0.52493875,
        0.528496458,
        0.5253845,
        0.5260596670000001,
        0.537349541,
        0.537625875,
        0.534352583,
        0.527551333,
        0.5353255840000001,
        0.5261687500000001,
        0.543995,
        0.529417333,
        0.526832917,
        0.526963417,
        0.5266220420000001
      ],
      "exit_codes": [
        0,
        0,
        0,
        0,
        0,
        0,
        0,
        0,
        0,
        0,
        0,
        0,
        0,
        0,
        0,
        0,
        0,
        0,
        0,
        0
      ]
    },
    {
      "command": "effekt-jit-no-labelbydefsite:bounce",
      "mean": 0.42327658755,
      "stddev": 0.0005744701378268373,
      "median": 0.423217667,
      "user": 0.41480074999999994,
      "system": 0.00561295,
      "min": 0.42219420900000004,
      "max": 0.42473237500000005,
      "times": [
        0.42287233300000004,
        0.42388895800000004,
        0.423784125,
        0.423410583,
        0.42318587500000004,
        0.42270083300000005,
        0.4233905,
        0.422616625,
        0.42473237500000005,
        0.42320412500000004,
        0.42265158300000005,
        0.422832417,
        0.423219709,
        0.42219420900000004,
        0.422968875,
        0.4237425,
        0.42382995900000003,
        0.423459417,
        0.42321562500000004,
        0.42363112500000005
      ],
      "exit_codes": [
        0,
        0,
        0,
        0,
        0,
        0,
        0,
        0,
        0,
        0,
        0,
        0,
        0,
        0,
        0,
        0,
        0,
        0,
        0,
        0
      ]
    },
    {
      "command": "effekt-jit-no-context:bounce",
      "mean": 4.500900697950001,
      "stddev": 0.0038360444219453474,
      "median": 4.4997342495,
      "user": 4.472509949999999,
      "system": 0.0201024,
      "min": 4.496615542,
      "max": 4.5112366250000004,
      "times": [
        4.502823209,
        4.501566542,
        4.5035,
        4.5017650830000004,
        4.50207575,
        4.499676541,
        4.503626875,
        4.497634667,
        4.497334584,
        4.496615542,
        4.499133167,
        4.4969153330000005,
        4.499791958,
        4.49747175,
        4.505618416,
        4.506477083,
        4.5112366250000004,
        4.498575708,
        4.496974709,
        4.499200417
      ],
      "exit_codes": [
        0,
        0,
        0,
        0,
        0,
        0,
        0,
        0,
        0,
        0,
        0,
        0,
        0,
        0,
        0,
        0,
        0,
        0,
        0,
        0
      ]
    },
    {
      "command": "python-cpython:bounce",
      "mean": 8.6858856062,
      "stddev": 0.012235963035702964,
      "median": 8.6859458955,
      "user": 8.6674781,
      "system": 0.0043945,
      "min": 8.664832041,
      "max": 8.705034834,
      "times": [
        8.673987333,
        8.689077084000001,
        8.694608291,
        8.667663166,
        8.668576708,
        8.705034834,
        8.697821417,
        8.68227425,
        8.677977125,
        8.68324375,
        8.687132833,
        8.698365333,
        8.693713042,
        8.694395625,
        8.664832041,
        8.684758958,
        8.683755458,
        8.671179834,
        8.694281584,
        8.705033458
      ],
      "exit_codes": [
        0,
        0,
        0,
        0,
        0,
        0,
        0,
        0,
        0,
        0,
        0,
        0,
        0,
        0,
        0,
        0,
        0,
        0,
        0,
        0
      ]
    },
    {
      "command": "python-pypy:bounce",
      "mean": 0.25144944382608697,
      "stddev": 0.00054787208821632,
      "median": 0.251425292,
      "user": 0.23580286956521737,
      "system": 0.011921130434782608,
      "min": 0.25043475000000004,
      "max": 0.25242816700000004,
      "times": [
        0.251591791,
        0.2515855,
        0.252386917,
        0.25097,
        0.252230167,
        0.2512105,
        0.251425292,
        0.25242816700000004,
        0.251504,
        0.25123075,
        0.251037459,
        0.25043475000000004,
        0.25201358300000004,
        0.250966,
        0.25155995800000003,
        0.251771958,
        0.250758666,
        0.251147,
        0.252117959,
        0.25139245800000004,
        0.251629625,
        0.250521708,
        0.251423
      ],
      "exit_codes": [
        0,
        0,
        0,
        0,
        0,
        0,
        0,
        0,
        0,
        0,
        0,
        0,
        0,
        0,
        0,
        0,
        0,
        0,
        0,
        0,
        0,
        0,
        0
      ]
    },
    {
      "command": "lua-luajit:bounce",
      "mean": 0.8099991271,
      "stddev": 0.005736673664111016,
      "median": 0.809131375,
      "user": 0.8036670499999999,
      "system": 0.0040113499999999995,
      "min": 0.801464167,
      "max": 0.819491917,
      "times": [
        0.802766292,
        0.813959875,
        0.8049160000000001,
        0.809462,
        0.813830833,
        0.8158382500000001,
        0.8071727500000001,
        0.801464167,
        0.817010542,
        0.805239875,
        0.8135305,
        0.819491917,
        0.8088007500000001,
        0.8042172080000001,
        0.816727916,
        0.8136521250000001,
        0.806313292,
        0.8040215000000001,
        0.817229708,
        0.804337042
      ],
      "exit_codes": [
        0,
        0,
        0,
        0,
        0,
        0,
        0,
        0,
        0,
        0,
        0,
        0,
        0,
        0,
        0,
        0,
        0,
        0,
        0,
        0
      ]
    },
    {
      "command": "effekt-jit-no-specialization:bounce",
      "mean": 0.5001886853,
      "stddev": 0.0011851821786101392,
      "median": 0.4998083125,
      "user": 0.49087710000000007,
      "system": 0.0058627,
      "min": 0.49897050000000004,
      "max": 0.5034726660000001,
      "times": [
        0.500020125,
        0.50258125,
        0.499777958,
        0.502146292,
        0.499687417,
        0.500324291,
        0.49990412500000003,
        0.49988550000000004,
        0.500441792,
        0.5034726660000001,
        0.49897050000000004,
        0.49964487500000004,
        0.50045225,
        0.49947025,
        0.499721042,
        0.499210166,
        0.499838667,
        0.499251541,
        0.499726541,
        0.499246458
      ],
      "exit_codes": [
        0,
        0,
        0,
        0,
        0,
        0,
        0,
        0,
        0,
        0,
        0,
        0,
        0,
        0,
        0,
        0,
        0,
        0,
        0,
        0
      ]
    },
    {
      "command": "effekt-jit-no-opt:bounce",
      "mean": 5.046708289550001,
      "stddev": 0.007696923582576601,
      "median": 5.0445624165,
      "user": 5.017733099999999,
      "system": 0.020613849999999996,
      "min": 5.03973025,
      "max": 5.075728667,
      "times": [
        5.047832792,
        5.0466545,
        5.042612667,
        5.044317375,
        5.045417209,
        5.046228583,
        5.03973025,
        5.043523583,
        5.075728667,
        5.0473025,
        5.048788416,
        5.044807458,
        5.042680167,
        5.042603708,
        5.042919208,
        5.04105975,
        5.04370925,
        5.056416208,
        5.044070584,
        5.047762916
      ],