{
  "results": [
    {
      "command": "koka-vm-no-context:counter",
      "mean": 1.2223827187,
      "stddev": 0.0017226022283107936,
      "median": 1.221778271,
      "user": 1.21230495,
      "system": 0.0056326,
      "min": 1.220194708,
      "max": 1.226133708,
      "times": [
        1.2231705,
        1.221079666,
        1.221422875,
        1.220589917,
        1.2243722080000001,
        1.2211280420000001,
        1.2224532080000001,
        1.221516125,
        1.2214715,
        1.221848042,
        1.220194708,
        1.2203490000000001,
        1.224253834,
        1.2214245,
        1.222706708,
        1.223997333,
        1.226133708,
        1.2217085,
        1.225818875,
        1.222015125
      ],
      "exit_codes": [
        0,
        0,
        0,
        0,
        0,
        0,
        0,
        0,
        0,
        0,
        0,
        0,
        0,
        0,
        0,
        0,
        0,
        0,
        0,
        0
      ]
    },
    {
      "command": "koka-vm-no-labelbydefsite:counter",
      "mean": 0.32063717305,
      "stddev": 0.0012547783869081611,
      "median": 0.3206530415,
      "user": 0.31210069999999995,
      "system": 0.005409049999999999,
      "min": 0.31835487500000004,
      "max": 0.32501391700000004,
      "times": [
        0.321419667,
        0.31992975,
        0.320100583,
        0.321097208,
        0.320228375,
        0.32073270800000003,
        0.32106337500000004,
        0.320874125,
        0.320573375,
        0.31835487500000004,
        0.3209215,
        0.32035570900000004,
        0.319485583,
        0.320861542,
        0.320196584,
        0.31974045900000003,
        0.32074225,
        0.32501391700000004,
        0.319837042,
        0.321214834
      ],
      "exit_codes": [
        0,
        0,
        0,
        0,
        0,
        0,
        0,
        0,
        0,
        0,
        0,
        0,
        0,
        0,
        0,
        0,
        0,
        0,
        0,
        0
      ]
    },
    {
      "command": "koka-c:counter",
      "mean": 1.9701487083500002,
      "stddev": 0.007310500088131499,
      "median": 1.9690766245,
      "user": 1.96439445,
      "system": 0.0018210000000000004,
      "min": 1.957746417,
      "max": 1.9828677080000001,
      "times": [
        1.96308975,
        1.970454708,
        1.977734791,
        1.962561541,
        1.967698541,
        1.957746417,
        1.970618792,
        1.9789262920000001,
        1.981734667,
        1.963521792,
        1.976777875,
        1.9708731670000001,
        1.9674940840000001,
        1.966112459,
        1.972620375,
        1.961622625,
        1.9828677080000001,
        1.965136583,
        1.96603075,
        1.9793512500000001
      ],
      "exit_codes": [
        0,
        0,
        0,
        0,
        0,
        0,
        0,
        0,
        0,
        0,
        0,
        0,
        0,
        0,
        0,
        0,
        0,
        0,
        0,
        0
      ]
    },
    {
      "command": "koka-vm-no-opt:counter",
      "mean": 1.3438971188000002,
      "stddev": 0.0011162549047133894,
      "median": 1.3436915,
      "user": 1.3337868,
      "system": 0.005928849999999999,
      "min": 1.342381875,
      "max": 1.3466882500000001,
      "times": [
        1.344413666,
        1.34313675,
        1.344657167,
        1.345382542,
        1.343350167,
        1.345394834,
        1.342985083,
        1.343577666,
        1.344323333,
        1.34417175,
        1.344962167,
        1.343805334,
        1.343044833,
        1.342512917,
        1.343081583,
        1.343262959,
        1.342381875,
        1.3466882500000001,
        1.34273825,
        1.34407125
      ],
      "exit_codes": [
        0,
        0,
        0,
        0,
        0,
        0,
        0,
        0,
        0,
        0,
        0,
        0,
        0,
        0,
        0,
        0,
        0,
        0,
        0,
        0
      ]
    },
    {
      "command": "koka-vm-2-context:counter",
      "mean": 0.32074851665000004,
      "stddev": 0.0005663460477331729,
      "median": 0.320640563,
      "user": 0.3125034,
      "system": 0.0054865,
      "min": 0.31963575,
      "max": 0.32171229100000004,
      "times": [
        0.32171229100000004,
        0.320595958,
        0.320408917,
        0.32148895800000005,
        0.320789041,
        0.32065870900000004,
        0.320354334,
        0.320489083,
        0.321522334,
        0.321295375,
        0.320622417,
        0.321484916,
        0.32138858400000003,
        0.32040166600000003,
        0.320253375,
        0.3199555,
        0.31963575,
        0.320378583,
        0.32069575,
        0.32083879200000004
      ],
      "exit_codes": [
        0,
        0,
        0,
        0,
        0,
        0,
        0,
        0,
        0,
        0,
        0,
        0,
        0,
        0,
        0,
        0,
        0,
        0,
        0,
        0
      ]
    },
    {
      "command": "koka-vm-no-addcej:counter",
      "mean": 0.31750326665000006,
      "stddev": 0.00040957240155586536,
      "median": 0.317503188,
      "user": 0.31101985,
      "system": 0.003946950000000001,
      "min": 0.316517625,
      "max": 0.31812625,
      "times": [
        0.31735412500000004,
        0.316517625,
        0.317964625,
        0.317140458,
        0.31787970800000004,
        0.31787191600000003,
        0.317430959,
        0.31787216700000004,
        0.317807958,
        0.31812625,
        0.317228125,
        0.317814959,
        0.317403041,
        0.317614292,
        0.317145,
        0.317405292,
        0.317279666,
        0.317575417,
        0.31682125,
        0.3178125
      ],
      "exit_codes": [
        0,
        0,
        0,
        0,
        0,
        0,
        0,
        0,
        0,
        0,
        0,
        0,
        0,
        0,
        0,
        0,
        0,
        0,
        0,
        0
      ]
    },
    {
      "command": "koka-vm-no-specialization:counter",
      "mean": 0.32024921445,
      "stddev": 0.00044148535353943084,
      "median": 0.3201300625,
      "user": 0.31192765,
      "system": 0.0053625999999999995,
      "min": 0.31970837500000004,
      "max": 0.321005708,
      "times": [
        0.321003708,
        0.32069841600000004,
        0.31986383300000004,
        0.31970837500000004,
        0.320154875,
        0.321005708,
        0.32040470800000004,
        0.319943959,
        0.32100233300000003,
        0.320731875,
        0.320637416,
        0.320106375,
        0.32006,
        0.320163083,
        0.319827417,
        0.32015375,
        0.319790375,
        0.31997454200000003,
        0.319994583,
        0.31975895800000004
      ],
      "exit_codes": [
        0,
        0,
        0,
        0,
        0,
        0,
        0,
        0,
        0,
        0,
        0,
        0,
        0,
        0,
        0,
        0,
        0,
        0,
        0,
        0
      ]
    },
    {
      "command": "koka-js:counter",
      "mean": 0.5446573376000001,
      "stddev": 0.00156936288476116,
      "median": 0.5443678540000001,
      "user": 0.5153703500000001,
      "system": 0.013905299999999999,
      "min": 0.54225,
      "max": 0.5484493340000001,
      "times": [
        0.544514083,
        0.5471135420000001,
        0.543770666,
        0.544993834,
        0.5438992500000001,
        0.544137375,
        0.544776959,
        0.542288208,
        0.544000334,
        0.5454131670000001,
        0.545211167,
        0.544414791,
        0.5434559170000001,
        0.5443209170000001,
        0.545583708,
        0.5437430830000001,
        0.5434741670000001,
        0.5484493340000001,
        0.54225,
        0.5473362500000001
      ],