{
  "results": [
    {
      "command": "effekt-llvm:growing_cont_2000",
      "mean": 0.14408981368,
      "stddev": 0.002278771758486563,
      "median": 0.14410903248,
      "user": 0.014095699999999997,
      "system": 0.12357982,
      "min": 0.14013036648000002,
      "max": 0.14817011648,
      "times": [
        0.14154557348000002,
        0.14817011648,
        0.14223624048000003,
        0.14665949048000002,
        0.14671361548,
        0.14422265748000002,
        0.14013036648000002,
        0.14254961648,
        0.14399540748,
        0.14088782348,
        0.14364353248,
        0.14449807448000002,
        0.14192086548000002,
        0.14593086548,
        0.14662961548,
        0.14434040748000002,
        0.14331686548,
        0.14245165748000002,
        0.14754424048,
        0.14440924148
      ],
      "exit_codes": [
        0,
        0,
        0,
        0,
        0,
        0,
        0,
        0,
        0,
        0,
        0,
        0,
        0,
        0,
        0,
        0,
        0,
        0,
        0,
        0
      ]
    },
    {
      "command": "koka-vm:growing_cont_2000",
      "mean": 0.14844709298,
      "stddev": 0.002045146412851389,
      "median": 0.14777211598,
      "user": 0.14064615,
      "system": 0.00492182,
      "min": 0.14660140748,
      "max": 0.15464157448000002,
      "times": [
        0.14660140748,
        0.15464157448000002,
        0.15149828248000002,
        0.15255774148,
        0.14824486648000001,
        0.14743440748,
        0.14793511648000002,
        0.14763478248,
        0.14845390748,
        0.14756849148,
        0.14817657348000002,
        0.14716415748,
        0.14714719948000002,
        0.14851311548,
        0.14716069848000002,
        0.14793161548,
        0.14711044948000002,
        0.14768882448,
        0.14762324048,
        0.14785540748
      ],
      "exit_codes": [
        0,
        0,
        0,
        0,
        0,
        0,
        0,
        0,
        0,
        0,
        0,
        0,
        0,
        0,
        0,
        0,
        0,
        0,
        0,
        0
      ]
    },
    {
      "command": "koka-js:growing_cont_2000",
      "mean": 0.06116391119111111,
      "stddev": 0.0015138168957613963,
      "median": 0.061026907479999996,
      "user": 0.05493982222222223,
      "system": 0.010790742222222222,
      "min": 0.058827115480000004,
      "max": 0.06798849048000001,
      "times": [
        0.06212649148,
        0.060468199480000005,
        0.061152865480000006,
        0.06104053248,
        0.061626657480000006,
        0.06457290748000001,
        0.061474241480000004,
        0.06069911548,
        0.058827115480000004,
        0.059626491479999995,
        0.06086094848,
        0.059654782479999995,
        0.05888749048,
        0.05949586648,
        0.06076444948,
        0.06333057348000001,
        0.06209869948,
        0.06129419848,
        0.060782366479999995,
        0.06191494948,
        0.06178594848,
        0.06153615748,
        0.06150636648,
        0.06014107448000001,
        0.059326032480000006,
        0.06058003248,
        0.060909449479999996,
        0.060455115479999995,
        0.06097915748,
        0.06125536548,
        0.06225565748,
        0.06194715748000001,
        0.061171157479999995,
        0.06073444848,
        0.059722407479999996,
        0.061026907479999996,
        0.059717198480000004,
        0.06798849048000001,
        0.061857782480000005,
        0.06067565748,
        0.060178491480000006,
        0.060603907480000004,
        0.06151186648,
        0.06247507348,
        0.06133615748000001
      ],
      "exit_codes": [
        1,
        1,
        1,
        1,
        1,
        1,
        1,
        1,
        1,
        1,
        1,
        1,
        1,
        1,
        1,
        1,
        1,
        1,
        1,
        1,
        1,
        1,
        1,
        1,
        1,
        1,
        1,
        1,
        1,
        1,
        1,
        1,
        1,
        1,
        1,
        1,
        1,
        1,
        1,
        1,
        1,
        1,
        1,
        1,
        1
      ]
    },
    {
      "command": "koka-c:growing_cont_2000",
      "mean": 0.005352693637556273,
      "stddev": 0.00041083577614046675,
      "median": 0.00535736648,
      "user": 0.0032022926045016096,
      "system": 0.0014495933118971061,
      "min": 0.00455882348,
      "max": 0.0064101984800000004,