{
  "results": [
    {
      "command": "effekt-jit-2-context:list_tail",
      "mean": 0.48513215205,
      "stddev": 0.0006428206758982323,
      "median": 0.48517987500000004,
      "user": 0.4778883999999999,
      "system": 0.0045235499999999994,
      "min": 0.483953375,
      "max": 0.486141625,
      "times": [
        0.48519350000000006,
        0.48458708300000003,
        0.48559804100000004,
        0.48563691600000003,
        0.48600312500000004,
        0.484861166,
        0.485370666,
        0.48441916700000004,
        0.483953375,
        0.484723167,
        0.48484512500000004,
        0.48540616700000006,
        0.485594334,
        0.48425300000000004,
        0.48496000000000006,
        0.486141625,
        0.48516625,
        0.484205875,
        0.4859195,
        0.48580495900000004
      ],
      "exit_codes": [
        0,
        0,
        0,
        0,
        0,
        0,
        0,
        0,
        0,
        0,
        0,
        0,
        0,
        0,
        0,
        0,
        0,
        0,
        0,
        0
      ]
    },
    {
      "command": "effekt-jit-no-labelbydefsite:list_tail",
      "mean": 0.35048590015000003,
      "stddev": 0.0006871545225391694,
      "median": 0.3505551255,
      "user": 0.3435036,
      "system": 0.0043039,
      "min": 0.34906775,
      "max": 0.351560625,
      "times": [
        0.350831334,
        0.350387125,
        0.35110066700000003,
        0.350997167,
        0.349448917,
        0.349136375,
        0.350327667,
        0.34993,
        0.350581709,
        0.35083475000000003,
        0.35153283300000004,
        0.35050625,
        0.35033058300000003,
        0.351560625,
        0.350528542,
        0.35083008400000004,
        0.350742583,
        0.350093708,
        0.34906775,
        0.350949334
      ],
      "exit_codes": [
        0,
        0,
        0,
        0,
        0,
        0,
        0,
        0,
        0,
        0,
        0,
        0,
        0,
        0,
        0,
        0,
        0,
        0,
        0,
        0
      ]
    },
    {
      "command": "effekt-jit-no-context:list_tail",
      "mean": 0.2981267021500001,
      "stddev": 0.0003883609323396373,
      "median": 0.298117729,
      "user": 0.29146219999999995,
      "system": 0.00409365,
      "min": 0.297502459,
      "max": 0.298748291,
      "times": [
        0.29775525,
        0.29812883300000004,
        0.297867333,
        0.298330833,
        0.2986455,
        0.29855995900000004,
        0.298748291,
        0.298418334,
        0.29856929200000004,
        0.29791900000000004,
        0.29771466700000004,
        0.298599416,
        0.297502459,
        0.29782637500000003,
        0.298427292,
        0.29791066600000005,
        0.297655459,
        0.298106625,
        0.297662667,
        0.298185792
      ],
      "exit_codes": [
        0,
        0,
        0,
        0,
        0,
        0,
        0,
        0,
        0,
        0,
        0,
        0,
        0,
        0,
        0,
        0,
        0,
        0,
        0,
        0
      ]
    },
    {
      "command": "python-cpython:list_tail",
      "mean": 5.274373677,
      "stddev": 0.02153008498843088,
      "median": 5.2740178125,
      "user": 5.2605631,
      "system": 0.0041351999999999995,
      "min": 5.236664542,
      "max": 5.305077334,
      "times": [
        5.305077334,
        5.254956166,
        5.287635625,
        5.249999625,
        5.242039458,
        5.272312416,
        5.275723209,
        5.259591625,
        5.3038485,
        5.297148292,
        5.290339208,
        5.2628006670000005,
        5.2908615,
        5.236664542,
        5.282782125,
        5.303254958,
        5.248644208,
        5.291100833,
        5.265364583,
        5.267328666
      ],
      "exit_codes": [
        0,
        0,
        0,
        0,
        0,
        0,
        0,
        0,
        0,
        0,
        0,
        0,
        0,
        0,
        0,
        0,
        0,
        0,
        0,
        0
      ]
    },
    {
      "command": "python-pypy:list_tail",
      "mean": 1.5514799248499997,
      "stddev": 0.002629237231645671,
      "median": 1.551853979,
      "user": 1.53123755,
      "system": 0.01591755,
      "min": 1.544130666,
      "max": 1.555306375,
      "times": [
        1.552988333,
        1.5540568330000002,
        1.552758334,
        1.552101667,
        1.5519313330000002,
        1.551776625,
        1.5490381659999999,
        1.552218833,
        1.5513125410000002,
        1.5483656250000002,
        1.555306375,
        1.5546599589999999,
        1.549573916,
        1.554520208,
        1.5505480409999999,
        1.5484303750000001,
        1.5528996670000002,
        1.544130666,
        1.5516566250000001,
        1.551324375
      ],
      "exit_codes": [
        0,
        0,
        0,
        0,
        0,
        0,
        0,
        0,
        0,
        0,
        0,
        0,
        0,
        0,
        0,
        0,
        0,
        0,
        0,
        0
      ]
    },
    {
      "command": "lua-luajit:list_tail",
      "mean": 0.7061974917,
      "stddev": 0.005526138595629501,
      "median": 0.7026171255,
      "user": 0.7005235000000001,
      "system": 0.0035233499999999993,
      "min": 0.701145458,
      "max": 0.71889075,
      "times": [
        0.714072959,
        0.71889075,
        0.7022058750000001,
        0.7139825000000001,
        0.702223166,
        0.708056333,
        0.7029312090000001,
        0.701732333,
        0.707663959,
        0.708077083,
        0.701571292,
        0.702303042,
        0.707868834,
        0.7015662500000001,
        0.7155610830000001,
        0.702273208,
        0.70200025,
        0.70762075,
        0.701145458,
        0.7022035000000001
      ],
      "exit_codes": [
        0,
        0,
        0,
        0,
        0,
        0,
        0,
        0,
        0,
        0,
        0,
        0,
        0,
        0,
        0,
        0,
        0,
        0,
        0,
        0
      ]
    },
    {
      "command": "effekt-jit-no-specialization:list_tail",
      "mean": 0.48782185,
      "stddev": 0.0004482602927738318,
      "median": 0.48782037500000003,
      "user": 0.48027679999999995,
      "system": 0.004613600000000001,
      "min": 0.487010292,
      "max": 0.488608959,
      "times": [
        0.48763766700000005,
        0.48749108300000005,
        0.487857458,
        0.488024667,
        0.488220625,
        0.48856466600000004,
        0.48802720800000005,
        0.48717200000000005,
        0.487891917,
        0.48770041700000005,
        0.48751970800000005,
        0.487785291,
        0.48785545900000005,
        0.4881515,
        0.487564125,
        0.488548709,
        0.487330833,
        0.487010292,
        0.487474416,
        0.488608959
      ],
      "exit_codes": [
        0,
        0,
        0,
        0,
        0,
        0,
        0,
        0,
        0,
        0,
        0,
        0,
        0,
        0,
        0,
        0,
        0,
        0,
        0,
        0
      ]
    },
    {
      "command": "effekt-jit-no-opt:list_tail",
      "mean": 0.4225054770500001,
      "stddev": 0.0007388768716828564,
      "median": 0.42250177050000004,
      "user": 0.41517165,
      "system": 0.0045547,
      "min": 0.420402292,
      "max": 0.423652833,
      "times": [
        0.423101,
        0.423652833,
        0.42232762500000004,
        0.42290120800000003,
        0.42211783300000005,
        0.42297625000000005,
        0.42221458300000003,
        0.42343591700000005,
        0.421837542,
        0.422361625,
        0.422753792,
        0.421747458,
        0.421897291,
        0.42249437500000003,
        0.42250916600000005,
        0.423598375,
        0.42237295900000005,
        0.42274966700000005,
        0.420402292,
        0.42265775
      ],