{
  "results": [
    {
      "command": "effekt-jit-2-context:sieve",
      "mean": 0.40801381245,
      "stddev": 0.0008081738593069552,
      "median": 0.4080987085000001,
      "user": 0.3971929499999999,
      "system": 0.008468199999999999,
      "min": 0.406856125,
      "max": 0.409673375,
      "times": [
        0.40802216700000005,
        0.40824108400000003,
        0.407350541,
        0.408519208,
        0.409673375,
        0.407431084,
        0.406974125,
        0.408777583,
        0.407027083,
        0.40763266600000003,
        0.40817525000000004,
        0.40836900000000004,
        0.407403958,
        0.40849158300000005,
        0.409582375,
        0.406856125,
        0.408374542,
        0.40800125000000004,
        0.40702016700000004,
        0.408353083
      ],
      "exit_codes": [
        0,
        0,
        0,
        0,
        0,
        0,
        0,
        0,
        0,
        0,
        0,
        0,
        0,
        0,
        0,
        0,
        0,
        0,
        0,
        0
      ]
    },
    {
      "command": "effekt-jit-no-labelbydefsite:sieve",
      "mean": 0.67355452085,
      "stddev": 0.000544005336290414,
      "median": 0.6734894795,
      "user": 0.6607605000000001,
      "system": 0.010611099999999997,
      "min": 0.67226825,
      "max": 0.674737958,
      "times": [
        0.67314525,
        0.673364833,
        0.6738304580000001,
        0.674220083,
        0.673564416,
        0.673530042,
        0.6732492910000001,
        0.67226825,
        0.6733342090000001,
        0.673325625,
        0.673299125,
        0.67369475,
        0.674003333,
        0.673908542,
        0.6730444170000001,
        0.6729511250000001,
        0.674737958,
        0.6734489170000001,
        0.673942084,
        0.6742277090000001
      ],
      "exit_codes": [
        0,
        0,
        0,
        0,
        0,
        0,
        0,
        0,
        0,
        0,
        0,
        0,
        0,
        0,
        0,
        0,
        0,
        0,
        0,
        0
      ]
    },
    {
      "command": "effekt-jit-no-context:sieve",
      "mean": 0.98107888345,
      "stddev": 0.0006538406430968484,
      "median": 0.9810472920000001,
      "user": 0.9653120999999999,
      "system": 0.012539399999999997,
      "min": 0.9801492500000001,
      "max": 0.983266709,
      "times": [
        0.9812040000000001,
        0.98057225,
        0.981507875,
        0.981098667,
        0.9809959170000001,
        0.9812241250000001,
        0.9814995420000001,
        0.9807132500000001,
        0.980702834,
        0.980396416,
        0.980958167,
        0.980745583,
        0.9802982080000001,
        0.981263167,
        0.981553042,
        0.983266709,
        0.9801492500000001,
        0.981300417,
        0.9811778750000001,
        0.980950375
      ],
      "exit_codes": [
        0,
        0,
        0,
        0,
        0,
        0,
        0,
        0,
        0,
        0,
        0,
        0,
        0,
        0,
        0,
        0,
        0,
        0,
        0,
        0
      ]
    },
    {
      "command": "python-cpython:sieve",
      "mean": 5.567952668799999,
      "stddev": 0.044420290257239155,
      "median": 5.5704858545,
      "user": 5.553110599999999,
      "system": 0.0042361000000000005,
      "min": 5.501606625,
      "max": 5.721267458,
      "times": [
        5.565205792,
        5.524203667,
        5.515392792,
        5.589696459,
        5.721267458,
        5.586078125,
        5.570640375,
        5.570748375,
        5.560111916,
        5.5703313340000005,
        5.50887475,
        5.560837458,
        5.583345959,
        5.567485666,
        5.565018375,
        5.580741083,
        5.573526917,
        5.501606625,
        5.571022875,
        5.572917375
      ],
      "exit_codes": [
        0,
        0,
        0,
        0,
        0,
        0,
        0,
        0,
        0,
        0,
        0,
        0,
        0,
        0,
        0,
        0,
        0,
        0,
        0,
        0
      ]
    },
    {
      "command": "python-pypy:sieve",
      "mean": 0.40207391675000004,
      "stddev": 0.0009627110876360888,
      "median": 0.4020472915,
      "user": 0.38612845000000007,
      "system": 0.013252299999999998,
      "min": 0.40042183400000003,
      "max": 0.40445545800000005,
      "times": [
        0.40192566700000004,
        0.402036708,
        0.403864875,
        0.40070729200000005,
        0.40222641600000003,
        0.40131750000000005,
        0.40042183400000003,
        0.402211833,
        0.400919709,
        0.40445545800000005,
        0.40262058300000003,
        0.401733542,
        0.402949584,
        0.402057875,
        0.402552083,
        0.401903375,
        0.401601417,
        0.401456792,
        0.40241891700000004,
        0.402096875
      ],
      "exit_codes": [
        0,
        0,
        0,
        0,
        0,
        0,
        0,
        0,
        0,
        0,
        0,
        0,
        0,
        0,
        0,
        0,
        0,
        0,
        0,
        0
      ]
    },
    {
      "command": "lua-luajit:sieve",
      "mean": 0.17043088217142863,
      "stddev": 0.00017955647775028184,
      "median": 0.17044266700000002,
      "user": 0.16676828571428576,
      "system": 0.0026377142857142853,
      "min": 0.16988150000000002,
      "max": 0.17074129200000002,
      "times": [
        0.170403041,
        0.17048375000000002,
        0.17059375000000002,
        0.17020575000000002,
        0.170610916,
        0.17050304200000002,
        0.170240625,
        0.170411958,
        0.1703645,
        0.17045612500000001,
        0.16988150000000002,
        0.170393084,
        0.170469958,
        0.17044266700000002,
        0.170507875,
        0.17011125000000002,
        0.17038708400000002,
        0.170382583,
        0.170559084,
        0.170657792,
        0.17040908300000002,
        0.170324167,
        0.170297458,
        0.170376417,
        0.1705015,
        0.170455125,
        0.17074129200000002,
        0.170354417,
        0.17070795800000002,
        0.17052450000000002,
        0.17069820800000002,
        0.17057687500000002,
        0.170556,
        0.170400834,
        0.170090708
      ],
      "exit_codes": [
        0,
        0,
        0,
        0,
        0,
        0,
        0,
        0,
        0,
        0,
        0,
        0,
        0,
        0,
        0,
        0,
        0,
        0,
        0,
        0,
        0,
        0,
        0,
        0,
        0,
        0,
        0,
        0,
        0,
        0,
        0,
        0,
        0,
        0,
        0
      ]
    },
    {
      "command": "effekt-jit-no-specialization:sieve",
      "mean": 0.7673677645500001,
      "stddev": 0.0009580470596923266,
      "median": 0.767330042,
      "user": 0.7530883499999999,
      "system": 0.0113812,
      "min": 0.765738833,
      "max": 0.7694288340000001,
      "times": [
        0.768194209,
        0.768222708,
        0.7694288340000001,
        0.765738833,
        0.7673626250000001,
        0.7670990000000001,
        0.767051708,
        0.767062875,
        0.7680132080000001,
        0.767297459,
        0.766731083,
        0.766444125,
        0.767648666,
        0.7676095000000001,
        0.766413667,
        0.768495416,
        0.7679212910000001,
        0.768451,
        0.765876709,
        0.766292375
      ],
      "exit_codes": [
        0,
        0,
        0,
        0,
        0,
        0,
        0,
        0,
        0,
        0,
        0,
        0,
        0,
        0,
        0,
        0,
        0,
        0,
        0,
        0
      ]
    },
    {
      "command": "effekt-jit-no-opt:sieve",
      "mean": 1.1629729042999999,
      "stddev": 0.0006875213235342931,
      "median": 1.162862084,
      "user": 1.1436692499999996,
      "system": 0.01594625,