{
  "results": [
    {
      "command": "effekt-jit-2-context:to_outermost_handler",
      "mean": 0.7913751082,
      "stddev": 0.0003581863193930991,
      "median": 0.7913829375000001,
      "user": 0.7841335499999998,
      "system": 0.003995799999999999,
      "min": 0.7907557080000001,
      "max": 0.792005375,
      "times": [
        0.791164125,
        0.79135425,
        0.7912758750000001,
        0.7916036670000001,
        0.791237458,
        0.7907557080000001,
        0.7914264160000001,
        0.7919855,
        0.790965333,
        0.7914883330000001,
        0.791316083,
        0.792005375,
        0.791625875,
        0.791864667,
        0.791010792,
        0.790775458,
        0.791110916,
        0.7914116250000001,
        0.791429625,
        0.791695083
      ],
      "exit_codes": [
        0,
        0,
        0,
        0,
        0,
        0,
        0,
        0,
        0,
        0,
        0,
        0,
        0,
        0,
        0,
        0,
        0,
        0,
        0,
        0
      ]
    },
    {
      "command": "effekt-jit-no-labelbydefsite:to_outermost_handler",
      "mean": 1.4363923959,
      "stddev": 0.0012836026249238928,
      "median": 1.4364776460000002,
      "user": 1.42772785,
      "system": 0.0041017499999999995,
      "min": 1.43386125,
      "max": 1.438619209,
      "times": [
        1.435118958,
        1.435546292,
        1.436864125,
        1.437812334,
        1.434930042,
        1.437186042,
        1.4375189160000001,
        1.4376935,
        1.4357893750000001,
        1.4366648340000001,
        1.434979416,
        1.435100834,
        1.438619209,
        1.436123333,
        1.438525792,
        1.43386125,
        1.436862625,
        1.435639291,
        1.436290458,
        1.436721292
      ],
      "exit_codes": [
        0,
        0,
        0,
        0,
        0,
        0,
        0,
        0,
        0,
        0,
        0,
        0,
        0,
        0,
        0,
        0,
        0,
        0,
        0,
        0
      ]
    },
    {
      "command": "effekt-jit-no-context:to_outermost_handler",
      "mean": 0.7913739333500002,
      "stddev": 0.00040797149816007734,
      "median": 0.791434438,
      "user": 0.7841419500000001,
      "system": 0.0039879500000000005,
      "min": 0.790739167,
      "max": 0.791987167,
      "times": [
        0.79147425,
        0.7917439580000001,
        0.790739167,
        0.7916226660000001,
        0.7907833750000001,
        0.791987167,
        0.790968792,
        0.791577292,
        0.7919292920000001,
        0.791425292,
        0.791360083,
        0.791443584,
        0.790876792,
        0.791661833,
        0.790749333,
        0.7918711660000001,
        0.7908682920000001,
        0.791650167,
        0.791422083,
        0.791324083
      ],
      "exit_codes": [
        0,
        0,
        0,
        0,
        0,
        0,
        0,
        0,
        0,
        0,
        0,
        0,
        0,
        0,
        0,
        0,
        0,
        0,
        0,
        0
      ]
    },
    {
      "command": "koka-vm-no-context:to_outermost_handler",
      "mean": 2.2242667770500004,
      "stddev": 0.0037046697954170767,
      "median": 2.2230196875,
      "user": 2.2111065,
      "system": 0.0068090999999999985,
      "min": 2.2210475,
      "max": 2.236878625,
      "times": [
        2.2228975,
        2.221303375,
        2.222086375,
        2.223663666,
        2.221902875,
        2.23041725,
        2.222461208,
        2.221884917,
        2.224707541,
        2.22351825,
        2.2210475,
        2.223141875,
        2.236878625,
        2.225157125,
        2.223290417,
        2.226119625,
        2.222818208,
        2.222791542,
        2.222226792,
        2.227020875
      ],
      "exit_codes": [
        0,
        0,
        0,
        0,
        0,
        0,
        0,
        0,
        0,
        0,
        0,
        0,
        0,
        0,
        0,
        0,
        0,
        0,
        0,
        0
      ]
    },
    {
      "command": "koka-vm-no-labelbydefsite:to_outermost_handler",
      "mean": 0.5904677582500001,
      "stddev": 0.000809526243367324,
      "median": 0.590705812,
      "user": 0.5802560999999999,
      "system": 0.0064623,
      "min": 0.5886761660000001,
      "max": 0.591487583,
      "times": [
        0.589290667,
        0.590720958,
        0.590838041,
        0.5906906660000001,
        0.59066825,
        0.589073917,
        0.5886761660000001,
        0.5907844170000001,
        0.590993125,
        0.5903302500000001,
        0.591209917,
        0.590303542,
        0.59082025,
        0.5902548750000001,
        0.591384208,
        0.5912785,
        0.58915925,
        0.590946875,
        0.590443708,
        0.591487583
      ],
      "exit_codes": [
        0,
        0,
        0,
        0,
        0,
        0,
        0,
        0,
        0,
        0,
        0,
        0,
        0,
        0,
        0,
        0,
        0,
        0,
        0,
        0
      ]
    },
    {
      "command": "koka-c:to_outermost_handler",
      "mean": 3.99244048755,
      "stddev": 0.03858231316489092,
      "median": 4.0038801665,
      "user": 3.9828866999999994,
      "system": 0.00195615,
      "min": 3.895620042,
      "max": 4.037106875,
      "times": [
        4.020053667,
        4.001941875,
        4.037106875,
        4.037005625,
        3.973112333,
        4.004206833,
        4.034054542,
        3.979572,
        3.971190125,
        3.9316960830000003,
        3.973267792,
        3.895620042,
        4.021667125,
        4.017999334,
        4.005305208,
        4.0035535,
        3.986493833,
        3.9273247920000003,
        4.023061417,
        4.00457675
      ],
      "exit_codes": [
        0,
        0,
        0,
        0,
        0,
        0,
        0,
        0,
        0,
        0,
        0,
        0,
        0,
        0,
        0,
        0,
        0,
        0,
        0,
        0
      ]
    },
    {
      "command": "koka-vm-no-opt:to_outermost_handler",
      "mean": 2.4505632541,
      "stddev": 0.007837142580158142,
      "median": 2.446556146,
      "user": 2.4374941499999996,
      "system": 0.00665365,
      "min": 2.44329675,
      "max": 2.467679083,
      "times": [
        2.4444275,
        2.459322041,
        2.457302041,
        2.446577417,
        2.467679083,
        2.445140709,
        2.456404709,
        2.444448667,
        2.446618875,
        2.444712542,
        2.446534875,
        2.465192041,
        2.449461666,
        2.44672,
        2.445284083,
        2.445791375,
        2.463394625,
        2.44329675,
        2.446484,
        2.446472083
      ],
      "exit_codes": [
        0,
        0,
        0,
        0,
        0,
        0,
        0,
        0,
        0,
        0,
        0,
        0,
        0,
        0,
        0,
        0,
        0,
        0,
        0,
        0
      ]
    },
    {
      "command": "koka-vm-2-context:to_outermost_handler",
      "mean": 0.59113712685,
      "stddev": 0.0006717373407020662,
      "median": 0.5911989995,
      "user": 0.5807313999999999,
      "system": 0.0066864,
      "min": 0.5894547920000001,
      "max": 0.592699667,
      "times": [
        0.5916125,
        0.5908092500000001,
        0.590191125,
        0.59097575,
        0.591220708,
        0.5905888330000001,
        0.591177291,
        0.590805333,
        0.5914530410000001,
        0.591025208,
        0.591347417,
        0.590774208,
        0.5894547920000001,
        0.591912416,
        0.5912255000000001,
        0.591279416,
        0.590925958,
        0.591928666,
        0.592699667,
        0.5913354580000001
      ],