{"definitions":[],
"main":{"op":"Let",
"definitions":[{"name":{"id":"#UID_C199",
"type":{"op":"Top"}},
"value":{"op":"Abs",
"params":[{"id":"#UID_C44D",
"type":{"op":"Top"}}],
"body":{"op":"Let",
"definitions":[{"name":{"id":"#UID_C44E",
"type":{"op":"Top"}},
"value":{"op":"Construct",
"type_tag":"#UID_C70E",
"tag":0,
"args":[]},
"export_as":[]}],
"body":{"op":"Let",
"definitions":[{"name":{"id":"#UID_C44F",
"type":{"op":"Top"}},
"value":{"op":"Construct",
"type_tag":"#UID_C70D",
"tag":0,
"args":[]},
"export_as":[]}],
"body":{"op":"Let",
"definitions":[{"name":{"id":"#UID_C450",
"type":{"op":"Top"}},
"value":{"op":"Construct",
"type_tag":"#UID_C70C",
"tag":0,
"args":[]},
"export_as":[]}],
"body":{"op":"Let",
"definitions":[{"name":{"id":"#UID_C451",
"type":{"op":"Ptr"}},
"value":{"op":"Literal",
"type":{"op":"String"},
"value":"(some data type)"},
"export_as":[]}],
"body":{"op":"Let",
"definitions":[{"name":{"id":"#UID_C452",
"type":{"op":"Top"}},
"value":{"op":"Construct",
"type_tag":"#UID_C70B",
"tag":0,
"args":[{"op":"Var",
"id":"#UID_C451",
"type":{"op":"Ptr"}},
{"op":"Var",
"id":"#UID_C451",
"type":{"op":"Ptr"}},
{"op":"Var",
"id":"#UID_C451",
"type":{"op":"Ptr"}}]},
"export_as":[]}],
"body":{"op":"Let",
"definitions":[{"name":{"id":"#UID_C453",
"type":{"op":"Ptr"}},
"value":{"op":"Literal",
"type":{"op":"String"},
"value":"(some data type)"},
"export_as":[]}],
"body":{"op":"Let",
"definitions":[{"name":{"id":"#UID_C454",
"type":{"op":"Top"}},
"value":{"op":"Construct",
"type_tag":"#UID_C70A",
"tag":0,
"args":[{"op":"Var",
"id":"#UID_C453",
"type":{"op":"Ptr"}},
{"op":"Var",
"id":"#UID_C453",
"type":{"op":"Ptr"}},
{"op":"Var",
"id":"#UID_C453",
"type":{"op":"Ptr"}},
{"op":"Var",
"id":"#UID_C453",
"type":{"op":"Ptr"}}]},
"export_as":[]}],
"body":{"op":"Let",
"definitions":[{"name":{"id":"#UID_C455",
"type":{"op":"Ptr"}},
"value":{"op":"Literal",
"type":{"op":"String"},
"value":"forall ?. (some data type)"},
"export_as":[]}],
"body":{"op":"Let",
"definitions":[{"name":{"id":"#UID_C456",
"type":{"op":"Top"}},
"value":{"op":"Construct",
"type_tag":"#UID_C709",
"tag":0,
"args":[{"op":"Abs",
"params":[{"id":"#UID_C707",
"type":{"op":"Top"}}],
"body":{"op":"Let",
"definitions":[{"name":{"id":"#UID_C708",
"type":{"op":"Top"}},
"value":{"op":"Var",
"id":"#UID_C455",
"type":{"op":"Ptr"}},
"export_as":[]}],
"body":{"op":"Var",
"id":"#UID_C708",
"type":{"op":"Top"}}}},
{"op":"Var",
"id":"#UID_C455",
"type":{"op":"Ptr"}},
{"op":"Var",
"id":"#UID_C455",
"type":{"op":"Ptr"}},
{"op":"Var",
"id":"#UID_C455",
"type":{"op":"Ptr"}}]},
"export_as":[]}],
"body":{"op":"Let",
"definitions":[{"name":{"id":"#UID_C457",
"type":{"op":"Ptr"}},
"value":{"op":"Literal",
"type":{"op":"String"},
"value":"forall ?. forall ?. (some data type)"},
"export_as":[]}],
"body":{"op":"Let",
"definitions":[{"name":{"id":"#UID_C458",
"type":{"op":"Top"}},
"value":{"op":"Construct",
"type_tag":"#UID_C706",
"tag":0,
"args":[{"op":"Abs",
"params":[{"id":"#UID_C702",
"type":{"op":"Top"}}],
"body":{"op":"Abs",
"params":[{"id":"#UID_C703",
"type":{"op":"Top"}}],
"body":{"op":"Let",
"definitions":[{"name":{"id":"#UID_C704",
"type":{"op":"Top"}},
"value":{"op":"Var",
"id":"#UID_C457",
"type":{"op":"Ptr"}},
"export_as":[]}],
"body":{"op":"Let",
"definitions":[{"name":{"id":"#UID_C705",
"type":{"op":"Top"}},
"value":{"op":"Var",
"id":"#UID_C704",
"type":{"op":"Top"}},
"export_as":[]}],
"body":{"op":"Var",
"id":"#UID_C705",
"type":{"op":"Top"}}}}}},
{"op":"Var",
"id":"#UID_C457",
"type":{"op":"Ptr"}},
{"op":"Var",
"id":"#UID_C457",
"type":{"op":"Ptr"}}]},
"export_as":[]}],
"body":{"op":"Let",
"definitions":[{"name":{"id":"#UID_C459",
"type":{"op":"Ptr"}},
"value":{"op":"Literal",
"type":{"op":"String"},
"value":"forall ?. forall ?. (some data type)"},
"export_as":[]}],
"body":{"op":"Let",
"definitions":[{"name":{"id":"#UID_C45A",
"type":{"op":"Top"}},
"value":{"op":"Construct",
"type_tag":"#UID_C701",
"tag":0,
"args":[{"op":"Abs",
"params":[{"id":"#UID_C6FD",
"type":{"op":"Top"}}],
"body":{"op":"Abs",
"params":[{"id":"#UID_C6FE",
"type":{"op":"Top"}}],
"body":{"op":"Let",
"definitions":[{"name":{"id":"#UID_C6FF",
"type":{"op":"Top"}},
"value":{"op":"Var",
"id":"#UID_C459",
"type":{"op":"Ptr"}},
"export_as":[]}],
"body":{"op":"Let",
"definitions":[{"name":{"id":"#UID_C700",
"type":{"op":"Top"}},
"value":{"op":"Var",
"id":"#UID_C6FF",
"type":{"op":"Top"}},
"export_as":[]}],
"body":{"op":"Var",
"id":"#UID_C700",
"type":{"op":"Top"}}}}}},
{"op":"Var",
"id":"#UID_C459",
"type":{"op":"Ptr"}},
{"op":"Var",
"id":"#UID_C459",
"type":{"op":"Ptr"}},
{"op":"Var",
"id":"#UID_C459",
"type":{"op":"Ptr"}}]},
"export_as":[]}],
"body":{"op":"Let",
"definitions":[{"name":{"id":"#UID_C45B",
"type":{"op":"Ptr"}},
"value":{"op":"Literal",
"type":{"op":"String"},
"value":"forall ?. (some data type)"},
"export_as":[]}],
"body":{"op":"Let",
"definitions":[{"name":{"id":"#UID_C45C",
"type":{"op":"Top"}},
"value":{"op":"Construct",
"type_tag":"#UID_C6FC",
"tag":0,
"args":[{"op":"Abs",
"params":[{"id":"#UID_C6FA",
"type":{"op":"Top"}}],
"body":{"op":"Let",
"definitions":[{"name":{"id":"#UID_C6FB",
"type":{"op":"Top"}},
"value":{"op":"Var",
"id":"#UID_C45B",
"type":{"op":"Ptr"}},
"export_as":[]}],
"body":{"op":"Var",
"id":"#UID_C6FB",
"type":{"op":"Top"}}}},
{"op":"Var",
"id":"#UID_C45B",
"type":{"op":"Ptr"}},
{"op":"Var",
"id":"#UID_C45B",
"type":{"op":"Ptr"}},
{"op":"Var",
"id":"#UID_C45B",
"type":{"op":"Ptr"}}]},
"export_as":[]}],
"body":{"op":"Let",
"definitions":[{"name":{"id":"#UID_C45D",
"type":{"op":"Ptr"}},
"value":{"op":"Literal",
"type":{"op":"String"},
"value":"(some data type)"},
"export_as":[]}],
"body":{"op":"Let",
"definitions":[{"name":{"id":"#UID_C45E",
"type":{"op":"Top"}},
"value":{"op":"Construct",
"type_tag":"#UID_C6F9",
"tag":0,
"args":[{"op":"Var",
"id":"#UID_C45D",
"type":{"op":"Ptr"}},
{"op":"Var",
"id":"#UID_C45D",
"type":{"op":"Ptr"}},
{"op":"Var",
"id":"#UID_C45D",
"type":{"op":"Ptr"}},
{"op":"Var",
"id":"#UID_C45D",
"type":{"op":"Ptr"}},
{"op":"Var",
"id":"#UID_C45D",
"type":{"op":"Ptr"}}]},
"export_as":[]}],
"body":{"op":"Let",
"definitions":[{"name":{"id":"#UID_C45F",
"type":{"op":"Top"}},
"value":{"op":"Construct",
"type_tag":"#UID_C6F8",
"tag":0,
"args":[]},
"export_as":[]}],
"body":{"op":"Let",
"definitions":[{"name":{"id":"#UID_C460",
"type":{"op":"Top"}},
"value":{"op":"Abs",
"params":[{"id":"#UID_C6F6",
"type":{"op":"Top"}}],
"body":{"op":"Primitive",
"name":"readInt(InStream): Int",
"args":[{"op":"Var",
"id":"#UID_C6F6",
"type":{"op":"Ptr"}}],
"returns":[{"id":"#UID_C6F7",
"type":{"op":"Int"}}],
"rest":{"op":"Var",
"id":"#UID_C6F7",
"type":{"op":"Top"}}}},
"export_as":[]}],
"body":{"op":"Let",
"definitions":[{"name":{"id":"#UID_C461",
"type":{"op":"Top"}},
"value":{"op":"Abs",
"params":[{"id":"#UID_C6F4",
"type":{"op":"Top"}}],
"body":{"op":"Primitive",
"name":"println(Int): Unit",
"args":[{"op":"Var",
"id":"#UID_C6F4",
"type":{"op":"Int"}}],
"returns":[{"id":"#UID_C6F5",
"type":{"op":"Top"}}],
"rest":{"op":"Var",
"id":"#UID_C6F5",
"type":{"op":"Top"}}}},
"export_as":[]}],
"body":{"op":"Let",
"definitions":[{"name":{"id":"#UID_C462",
"type":{"op":"Top"}},
"value":{"op":"Abs",
"params":[{"id":"#UID_C6F2",
"type":{"op":"Top"}}],
"body":{"op":"Primitive",
"name":"readLine(InStream): String",
"args":[{"op":"Var",
"id":"#UID_C6F2",
"type":{"op":"Ptr"}}],
"returns":[{"id":"#UID_C6F3",
"type":{"op":"String"}}],
"rest":{"op":"Var",
"id":"#UID_C6F3",
"type":{"op":"Top"}}}},
"export_as":[]}],
"body":{"op":"Let",
"definitions":[{"name":{"id":"#UID_C463",
"type":{"op":"Top"}},
"value":{"op":"Abs",
"params":[{"id":"#UID_C6F0",
"type":{"op":"Top"}}],
"body":{"op":"Primitive",
"name":"println(String): Unit",
"args":[{"op":"Var",
"id":"#UID_C6F0",
"type":{"op":"String"}}],
"returns":[{"id":"#UID_C6F1",
"type":{"op":"Top"}}],
"rest":{"op":"Var",
"id":"#UID_C6F1",
"type":{"op":"Top"}}}},
"export_as":[]}],
"body":{"op":"Let",
"definitions":[{"name":{"id":"#UID_C464",
"type":{"op":"Top"}},
"value":{"op":"Let",
"definitions":[{"name":{"id":"#UID_C6EC",
"type":{"op":"Top"}},
"value":{"op":"Construct",
"type_tag":"#UID_C6EF",
"tag":0,
"args":[]},
"export_as":[]}],
"body":{"op":"Abs",
"params":[{"id":"#UID_C6ED",
"type":{"op":"Top"}}],
"body":{"op":"Primitive",
"name":"exit(Int): Void",
"args":[{"op":"Var",
"id":"#UID_C6ED",
"type":{"op":"Int"}}],
"returns":[{"id":"#UID_C6EE",
"type":{"op":"Bottom"}}],
"rest":{"op":"Var",
"id":"#UID_C6EE",
"type":{"op":"Top"}}}}},
"export_as":[]}],
"body":{"op":"Let",
"definitions":[{"name":{"id":"#UID_C465",
"type":{"op":"Top"}},
"value":{"op":"Abs",
"params":[{"id":"#UID_C6EA",
"type":{"op":"Top"}}],
"body":{"op":"Primitive",
"name":"show(Int): String",
"args":[{"op":"Var",
"id":"#UID_C6EA",
"type":{"op":"Int"}}],
"returns":[{"id":"#UID_C6EB",
"type":{"op":"String"}}],
"rest":{"op":"Var",
"id":"#UID_C6EB",
"type":{"op":"Top"}}}},
"export_as":[]}],
"body":{"op":"Let",
"definitions":[{"name":{"id":"#UID_C466",
"type":{"op":"Top"}},
"value":{"op":"Abs",
"params":[{"id":"#UID_C6E7",
"type":{"op":"Top"}}],
"body":{"op":"Abs",
"params":[{"id":"#UID_C6E8",
"type":{"op":"Top"}}],
"body":{"op":"Primitive",
"name":"infixConcat(String, String): String",
"args":[{"op":"Var",
"id":"#UID_C6E7",
"type":{"op":"String"}},
{"op":"Var",
"id":"#UID_C6E8",
"type":{"op":"String"}}],
"returns":[{"id":"#UID_C6E9",
"type":{"op":"String"}}],
"rest":{"op":"Var",
"id":"#UID_C6E9",
"type":{"op":"Top"}}}}},
"export_as":[]}],
"body":{"op":"Let",
"definitions":[{"name":{"id":"#UID_C467",
"type":{"op":"Top"}},
"value":{"op":"Let",
"definitions":[{"name":{"id":"#UID_C6E3",
"type":{"op":"Top"}},
"value":{"op":"Construct",
"type_tag":"#UID_C6E6",
"tag":0,
"args":[]},
"export_as":[]}],
"body":{"op":"Abs",
"params":[{"id":"#UID_C6E4",
"type":{"op":"Top"}}],
"body":{"op":"Primitive",
"name":"assertFalse(String): Void",
"args":[{"op":"Var",
"id":"#UID_C6E4",
"type":{"op":"String"}}],
"returns":[{"id":"#UID_C6E5",
"type":{"op":"Top"}}],
"rest":{"op":"Var",
"id":"#UID_C6E5",
"type":{"op":"Top"}}}}},
"export_as":[]}],
"body":{"op":"Let",
"definitions":[{"name":{"id":"#UID_C468",
"type":{"op":"Top"}},
"value":{"op":"Abs",
"params":[{"id":"#UID_C6D5",
"type":{"op":"Top"}}],
"body":{"op":"Abs",
"params":[{"id":"#UID_C6D6",
"type":{"op":"Top"}}],
"body":{"op":"Let",
"definitions":[{"name":{"id":"#UID_C6D7",
"type":{"op":"Top"}},
"value":{"op":"Var",
"id":"#UID_C6D6",
"type":{"op":"Top"}},
"export_as":[]}],
"body":{"op":"Let",
"definitions":[{"name":{"id":"#UID_C6D8",
"type":{"op":"Top"}},
"value":{"op":"Let",
"definitions":[{"name":{"id":"#UID_C6E1",
"type":{"op":"Top"}},
"value":{"op":"Project",
"scrutinee":{"op":"Var",
"id":"#UID_C454",
"type":{"op":"Top"}},
"type_tag":"#UID_C6E2",
"tag":0,
"field":3},
"export_as":[]}],
"body":{"op":"Var",
"id":"#UID_C6E1",
"type":{"op":"Top"}}},
"export_as":[]}],
"body":{"op":"Match",
"scrutinee":{"op":"Var",
"id":"#UID_C6D7",
"type":{"op":"Top"}},
"type_tag":"#UID_C6E0",
"clauses":[{"tag":0,
"params":[],
"body":{"op":"Let",
"definitions":[{"name":{"id":"#UID_C6D9",
"type":{"op":"Top"}},
"value":{"op":"Let",
"definitions":[{"name":{"id":"#UID_C6DA",
"type":{"op":"Top"}},
"value":{"op":"Var",
"id":"#UID_C467",
"type":{"op":"Top"}},
"export_as":[]}],
"body":{"op":"Var",
"id":"#UID_C6DA",
"type":{"op":"Top"}}},
"export_as":[]}],
"body":{"op":"App",
"fn":{"op":"Var",
"id":"#UID_C6D9",
"type":{"op":"Top"}},
"args":[{"op":"Var",
"id":"#UID_C6D5",
"type":{"op":"Top"}}]}}},
{"tag":1,
"params":[],
"body":{"op":"Let",
"definitions":[{"name":{"id":"#UID_C6DB",
"type":{"op":"Top"}},
"value":{"op":"Let",
"definitions":[{"name":{"id":"#UID_C6DC",
"type":{"op":"Top"}},
"value":{"op":"Let",
"definitions":[{"name":{"id":"#UID_C6DE",
"type":{"op":"Top"}},
"value":{"op":"Project",
"scrutinee":{"op":"Var",
"id":"#UID_C452",
"type":{"op":"Top"}},
"type_tag":"#UID_C6DF",
"tag":0,
"field":2},
"export_as":[]}],
"body":{"op":"Var",
"id":"#UID_C6DE",
"type":{"op":"Top"}}},
"export_as":[]}],
"body":{"op":"Construct",
"type_tag":"#UID_C6DD",
"tag":0,
"args":[]}},
"export_as":[]}],
"body":{"op":"Var",
"id":"#UID_C6DB",
"type":{"op":"Top"}}}}],
"default_clause":{"params":[],
"body":{"op":"Primitive",
"name":"non-exhaustive match",
"args":[],
"returns":[],
"rest":{"op":"Literal",
"type":{"op":"Int"},
"value":0}}}}}}}},
"export_as":[]}],
"body":{"op":"Let",
"definitions":[{"name":{"id":"#UID_C469",
"type":{"op":"Ptr"}},
"value":{"op":"Literal",
"type":{"op":"String"},
"value":"(some effect signature)"},
"export_as":[]}],
"body":{"op":"Let",
"definitions":[{"name":{"id":"#UID_C46A",
"type":{"op":"Top"}},
"value":{"op":"Construct",
"type_tag":"#UID_C6D4",
"tag":0,
"args":[{"op":"Var",
"id":"#UID_C469",
"type":{"op":"Ptr"}},
{"op":"Var",
"id":"#UID_C469",
"type":{"op":"Ptr"}},
{"op":"Var",
"id":"#UID_C469",
"type":{"op":"Ptr"}}]},
"export_as":[]}],
"body":{"op":"Let",
"definitions":[{"name":{"id":"#UID_C46B",
"type":{"op":"Top"}},
"value":{"op":"Let",
"definitions":[{"name":{"id":"#UID_C478",
"type":{"op":"Top"}},
"value":{"op":"Let",
"definitions":[{"name":{"id":"#UID_C6D2",
"type":{"op":"Top"}},
"value":{"op":"Project",
"scrutinee":{"op":"Var",
"id":"#UID_C46A",
"type":{"op":"Top"}},
"type_tag":"#UID_C6D3",
"tag":0,
"field":2},
"export_as":[]}],
"body":{"op":"Var",
"id":"#UID_C6D2",
"type":{"op":"Top"}}},
"export_as":[]}],
"body":{"op":"Let",
"definitions":[{"name":{"id":"#UID_C479",
"type":{"op":"Ptr"}},
"value":{"op":"FreshLabel"},
"export_as":[]}],
"body":{"op":"DHandle",
"tpe":"Deep",
"tag":{"op":"Var",
"id":"#UID_C479",
"type":{"op":"Ptr"}},
"handlers":[{"tag":0,
"params":[{"id":"#UID_C6C6",
"type":{"op":"Function",
"params":[{"op":"Top"}],
"return":{"op":"Top"},
"purity":"Effectful"}},
{"id":"#UID_C6C7",
"type":{"op":"Top"}}],
"body":{"op":"Let",
"definitions":[{"name":{"id":"#UID_C6C8",
"type":{"op":"Top"}},
"value":{"op":"Let",
"definitions":[{"name":{"id":"#UID_C6CF",
"type":{"op":"Top"}},
"value":{"op":"Let",
"definitions":[{"name":{"id":"#UID_C6D0",
"type":{"op":"Top"}},
"value":{"op":"Let",
"definitions":[{"name":{"id":"#UID_C6D1",
"type":{"op":"Top"}},
"value":{"op":"Literal",
"type":{"op":"String"},
"value":"Runtime error raised: "},
"export_as":[]}],
"body":{"op":"App",
"fn":{"op":"Var",
"id":"#UID_C466",
"type":{"op":"Top"}},
"args":[{"op":"Var",
"id":"#UID_C6D1",
"type":{"op":"Top"}}]}},
"export_as":[]}],
"body":{"op":"App",
"fn":{"op":"Var",
"id":"#UID_C6D0",
"type":{"op":"Top"}},
"args":[{"op":"Var",
"id":"#UID_C6C7",
"type":{"op":"Top"}}]}},
"export_as":[]}],
"body":{"op":"App",
"fn":{"op":"Var",
"id":"#UID_C463",
"type":{"op":"Top"}},
"args":[{"op":"Var",
"id":"#UID_C6CF",
"type":{"op":"Top"}}]}},
"export_as":[]}],
"body":{"op":"Let",
"definitions":[{"name":{"id":"#UID_C6C9",
"type":{"op":"Top"}},
"value":{"op":"Var",
"id":"#UID_C6C8",
"type":{"op":"Top"}},
"export_as":[]}],
"body":{"op":"Let",
"definitions":[{"name":{"id":"#UID_C6CA",
"type":{"op":"Top"}},
"value":{"op":"Literal",
"type":{"op":"Int"},
"value":3},
"export_as":[]}],
"body":{"op":"Let",
"definitions":[{"name":{"id":"#UID_C6CB",
"type":{"op":"Top"}},
"value":{"op":"Let",
"definitions":[{"name":{"id":"#UID_C6CD",
"type":{"op":"Top"}},
"value":{"op":"Let",
"definitions":[{"name":{"id":"#UID_C6CE",
"type":{"op":"Top"}},
"value":{"op":"Var",
"id":"#UID_C464",
"type":{"op":"Top"}},
"export_as":[]}],
"body":{"op":"Var",
"id":"#UID_C6CE",
"type":{"op":"Top"}}},
"export_as":[]}],
"body":{"op":"App",
"fn":{"op":"Var",
"id":"#UID_C6CD",
"type":{"op":"Top"}},
"args":[{"op":"Var",
"id":"#UID_C6CA",
"type":{"op":"Top"}}]}},
"export_as":[]}],
"body":{"op":"Let",
"definitions":[{"name":{"id":"#UID_C6CC",
"type":{"op":"Top"}},
"value":{"op":"Var",
"id":"#UID_C6CB",
"type":{"op":"Top"}},
"export_as":[]}],
"body":{"op":"Var",
"id":"#UID_C6CC",
"type":{"op":"Top"}}}}}}}}],
"return":{"params":[{"id":"#UID_C47A",
"type":{"op":"Top"}}],
"body":{"op":"Var",
"id":"#UID_C47A",
"type":{"op":"Top"}}},
"body":{"op":"Let",
"definitions":[{"name":{"id":"#UID_C47B",
"type":{"op":"Top"}},
"value":{"op":"Construct",
"type_tag":"#UID_C6C5",
"tag":0,
"args":[]},
"export_as":[]}],
"body":{"op":"Let",
"definitions":[{"name":{"id":"#UID_C47C",
"type":{"op":"Top"}},
"value":{"op":"Abs",
"params":[{"id":"#UID_C6BA",
"type":{"op":"Top"}}],
"body":{"op":"Let",
"definitions":[{"name":{"id":"#UID_C6BB",
"type":{"op":"Top"}},
"value":{"op":"Abs",
"params":[{"id":"#UID_C6BF",
"type":{"op":"Top"}}],
"body":{"op":"Abs",
"params":[{"id":"#UID_C6C0",
"type":{"op":"Top"}}],
"body":{"op":"Let",
"definitions":[{"name":{"id":"#UID_C6C1",
"type":{"op":"Top"}},
"value":{"op":"Let",
"definitions":[{"name":{"id":"#UID_C6C3",
"type":{"op":"Top"}},
"value":{"op":"Project",
"scrutinee":{"op":"Var",
"id":"#UID_C46A",
"type":{"op":"Top"}},
"type_tag":"#UID_C6C4",
"tag":0,
"field":2},
"export_as":[]}],
"body":{"op":"Var",
"id":"#UID_C6C3",
"type":{"op":"Top"}}},
"export_as":[]}],
"body":{"op":"DOp",
"tag":{"op":"Var",
"id":"#UID_C6BF",
"type":{"op":"Top"}},
"op_tag":0,
"args":[{"op":"Var",
"id":"#UID_C6C0",
"type":{"op":"Top"}}],
"k":{"params":[{"id":"#UID_C6C2",
"type":{"op":"Top"}}],
"body":{"op":"Var",
"id":"#UID_C6C2",
"type":{"op":"Top"}}},
"rtpe":{"op":"Top"}}}}},
"export_as":[]}],
"body":{"op":"Let",
"definitions":[{"name":{"id":"#UID_C6BC",
"type":{"op":"Top"}},
"value":{"op":"Let",
"definitions":[{"name":{"id":"#UID_C6BD",
"type":{"op":"Top"}},
"value":{"op":"App",
"fn":{"op":"Var",
"id":"#UID_C6BB",
"type":{"op":"Top"}},
"args":[{"op":"Var",
"id":"#UID_C479",
"type":{"op":"Ptr"}}]},
"export_as":[]}],
"body":{"op":"Let",
"definitions":[{"name":{"id":"#UID_C6BE",
"type":{"op":"Top"}},
"value":{"op":"Var",
"id":"#UID_C6BD",
"type":{"op":"Top"}},
"export_as":[]}],
"body":{"op":"Var",
"id":"#UID_C6BE",
"type":{"op":"Top"}}}},
"export_as":[]}],
"body":{"op":"App",
"fn":{"op":"Var",
"id":"#UID_C6BC",
"type":{"op":"Top"}},
"args":[{"op":"Var",
"id":"#UID_C6BA",
"type":{"op":"Top"}}]}}}},
"export_as":[]}],
"body":{"op":"Let",
"definitions":[{"name":{"id":"#UID_C47D",
"type":{"op":"Ptr"}},
"value":{"op":"Literal",
"type":{"op":"String"},
"value":"(some effect signature)"},
"export_as":[]}],
"body":{"op":"Let",
"definitions":[{"name":{"id":"#UID_C47E",
"type":{"op":"Top"}},
"value":{"op":"Let",
"definitions":[{"name":{"id":"#UID_C47F",
"type":{"op":"Top"}},
"value":{"op":"Construct",
"type_tag":"#UID_C6B9",
"tag":0,
"args":[{"op":"Var",
"id":"#UID_C47D",
"type":{"op":"Ptr"}},
{"op":"Var",
"id":"#UID_C47D",
"type":{"op":"Ptr"}},
{"op":"Var",
"id":"#UID_C47D",
"type":{"op":"Ptr"}}]},
"export_as":[]}],
"body":{"op":"Let",
"definitions":[{"name":{"id":"#UID_C480",
"type":{"op":"Ptr"}},
"value":{"op":"Literal",
"type":{"op":"String"},
"value":"forall ?. (some effect signature)"},
"export_as":[]}],
"body":{"op":"Let",
"definitions":[{"name":{"id":"#UID_C481",
"type":{"op":"Top"}},
"value":{"op":"Let",
"definitions":[{"name":{"id":"#UID_C482",
"type":{"op":"Top"}},
"value":{"op":"Construct",
"type_tag":"#UID_C6B8",
"tag":0,
"args":[{"op":"Abs",
"params":[{"id":"#UID_C6B6",
"type":{"op":"Top"}}],
"body":{"op":"Let",
"definitions":[{"name":{"id":"#UID_C6B7",
"type":{"op":"Top"}},
"value":{"op":"Var",
"id":"#UID_C480",
"type":{"op":"Ptr"}},
"export_as":[]}],
"body":{"op":"Var",
"id":"#UID_C6B7",
"type":{"op":"Top"}}}},
{"op":"Var",
"id":"#UID_C480",
"type":{"op":"Ptr"}},
{"op":"Var",
"id":"#UID_C480",
"type":{"op":"Ptr"}}]},
"export_as":[]}],
"body":{"op":"Let",
"definitions":[{"name":{"id":"#UID_C483",
"type":{"op":"Ptr"}},
"value":{"op":"Literal",
"type":{"op":"String"},
"value":"(some effect signature)"},
"export_as":[]}],
"body":{"op":"Let",
"definitions":[{"name":{"id":"#UID_C484",
"type":{"op":"Top"}},
"value":{"op":"Let",
"definitions":[{"name":{"id":"#UID_C485",
"type":{"op":"Top"}},
"value":{"op":"Construct",
"type_tag":"#UID_C6B5",
"tag":0,
"args":[{"op":"Var",
"id":"#UID_C483",
"type":{"op":"Ptr"}},
{"op":"Var",
"id":"#UID_C483",
"type":{"op":"Ptr"}},
{"op":"Var",
"id":"#UID_C483",
"type":{"op":"Ptr"}}]},
"export_as":[]}],
"body":{"op":"Let",
"definitions":[{"name":{"id":"#UID_C486",
"type":{"op":"Top"}},
"value":{"op":"Abs",
"params":[{"id":"#UID_C6B0",
"type":{"op":"Top"}}],
"body":{"op":"Abs",
"params":[{"id":"#UID_C6B1",
"type":{"op":"Top"}}],
"body":{"op":"Primitive",
"name":"infixEq(Int, Int): Boolean",
"args":[{"op":"Var",
"id":"#UID_C6B0",
"type":{"op":"Int"}},
{"op":"Var",
"id":"#UID_C6B1",
"type":{"op":"Int"}}],
"returns":[{"id":"#UID_C6B2",
"type":{"op":"Int"}}],
"rest":{"op":"IfZero",
"cond":{"op":"Var",
"id":"#UID_C6B2",
"type":{"op":"Int"}},
"then":{"op":"Construct",
"type_tag":"#UID_C6B4",
"tag":0,
"args":[]},
"else":{"op":"Construct",
"type_tag":"#UID_C6B3",
"tag":1,
"args":[]}}}}},
"export_as":[]}],
"body":{"op":"Let",
"definitions":[{"name":{"id":"#UID_C487",
"type":{"op":"Top"}},
"value":{"op":"Abs",
"params":[{"id":"#UID_C6AB",
"type":{"op":"Top"}}],
"body":{"op":"Abs",
"params":[{"id":"#UID_C6AC",
"type":{"op":"Top"}}],
"body":{"op":"Primitive",
"name":"infixNeq(Int, Int): Boolean",
"args":[{"op":"Var",
"id":"#UID_C6AB",
"type":{"op":"Int"}},
{"op":"Var",
"id":"#UID_C6AC",
"type":{"op":"Int"}}],
"returns":[{"id":"#UID_C6AD",
"type":{"op":"Int"}}],
"rest":{"op":"IfZero",
"cond":{"op":"Var",
"id":"#UID_C6AD",
"type":{"op":"Int"}},
"then":{"op":"Construct",
"type_tag":"#UID_C6AF",
"tag":0,
"args":[]},
"else":{"op":"Construct",
"type_tag":"#UID_C6AE",
"tag":1,
"args":[]}}}}},
"export_as":[]}],
"body":{"op":"Let",
"definitions":[{"name":{"id":"#UID_C488",
"type":{"op":"Top"}},
"value":{"op":"Abs",
"params":[{"id":"#UID_C6A6",
"type":{"op":"Top"}}],
"body":{"op":"Abs",
"params":[{"id":"#UID_C6A7",
"type":{"op":"Top"}}],
"body":{"op":"Primitive",
"name":"infixLt(Int, Int): Boolean",
"args":[{"op":"Var",
"id":"#UID_C6A6",
"type":{"op":"Int"}},
{"op":"Var",
"id":"#UID_C6A7",
"type":{"op":"Int"}}],
"returns":[{"id":"#UID_C6A8",
"type":{"op":"Int"}}],
"rest":{"op":"IfZero",
"cond":{"op":"Var",
"id":"#UID_C6A8",
"type":{"op":"Int"}},
"then":{"op":"Construct",
"type_tag":"#UID_C6AA",
"tag":0,
"args":[]},
"else":{"op":"Construct",
"type_tag":"#UID_C6A9",
"tag":1,
"args":[]}}}}},
"export_as":[]}],
"body":{"op":"Let",
"definitions":[{"name":{"id":"#UID_C489",
"type":{"op":"Top"}},
"value":{"op":"Abs",
"params":[{"id":"#UID_C6A1",
"type":{"op":"Top"}}],
"body":{"op":"Abs",
"params":[{"id":"#UID_C6A2",
"type":{"op":"Top"}}],
"body":{"op":"Primitive",
"name":"infixGt(Int, Int): Boolean",
"args":[{"op":"Var",
"id":"#UID_C6A1",
"type":{"op":"Int"}},
{"op":"Var",
"id":"#UID_C6A2",
"type":{"op":"Int"}}],
"returns":[{"id":"#UID_C6A3",
"type":{"op":"Int"}}],
"rest":{"op":"IfZero",
"cond":{"op":"Var",
"id":"#UID_C6A3",
"type":{"op":"Int"}},
"then":{"op":"Construct",
"type_tag":"#UID_C6A5",
"tag":0,
"args":[]},
"else":{"op":"Construct",
"type_tag":"#UID_C6A4",
"tag":1,
"args":[]}}}}},
"export_as":[]}],
"body":{"op":"Let",
"definitions":[{"name":{"id":"#UID_C48A",
"type":{"op":"Top"}},
"value":{"op":"Abs",
"params":[{"id":"#UID_C69C",
"type":{"op":"Top"}}],
"body":{"op":"Abs",
"params":[{"id":"#UID_C69D",
"type":{"op":"Top"}}],
"body":{"op":"Primitive",
"name":"infixLte(Int, Int): Boolean",
"args":[{"op":"Var",
"id":"#UID_C69C",
"type":{"op":"Int"}},
{"op":"Var",
"id":"#UID_C69D",
"type":{"op":"Int"}}],
"returns":[{"id":"#UID_C69E",
"type":{"op":"Int"}}],
"rest":{"op":"IfZero",
"cond":{"op":"Var",
"id":"#UID_C69E",
"type":{"op":"Int"}},
"then":{"op":"Construct",
"type_tag":"#UID_C6A0",
"tag":0,
"args":[]},
"else":{"op":"Construct",
"type_tag":"#UID_C69F",
"tag":1,
"args":[]}}}}},
"export_as":[]}],
"body":{"op":"Let",
"definitions":[{"name":{"id":"#UID_C48B",
"type":{"op":"Top"}},
"value":{"op":"Abs",
"params":[{"id":"#UID_C697",
"type":{"op":"Top"}}],
"body":{"op":"Abs",
"params":[{"id":"#UID_C698",
"type":{"op":"Top"}}],
"body":{"op":"Primitive",
"name":"infixGte(Int, Int): Boolean",
"args":[{"op":"Var",
"id":"#UID_C697",
"type":{"op":"Int"}},
{"op":"Var",
"id":"#UID_C698",
"type":{"op":"Int"}}],
"returns":[{"id":"#UID_C699",
"type":{"op":"Int"}}],
"rest":{"op":"IfZero",
"cond":{"op":"Var",
"id":"#UID_C699",
"type":{"op":"Int"}},
"then":{"op":"Construct",
"type_tag":"#UID_C69B",
"tag":0,
"args":[]},
"else":{"op":"Construct",
"type_tag":"#UID_C69A",
"tag":1,
"args":[]}}}}},
"export_as":[]}],
"body":{"op":"Let",
"definitions":[{"name":{"id":"#UID_C48C",
"type":{"op":"Top"}},
"value":{"op":"Abs",
"params":[{"id":"#UID_C694",
"type":{"op":"Top"}}],
"body":{"op":"Abs",
"params":[{"id":"#UID_C695",
"type":{"op":"Top"}}],
"body":{"op":"Primitive",
"name":"infixAdd(Int, Int): Int",
"args":[{"op":"Var",
"id":"#UID_C694",
"type":{"op":"Int"}},
{"op":"Var",
"id":"#UID_C695",
"type":{"op":"Int"}}],
"returns":[{"id":"#UID_C696",
"type":{"op":"Int"}}],
"rest":{"op":"Var",
"id":"#UID_C696",
"type":{"op":"Top"}}}}},
"export_as":[]}],
"body":{"op":"Let",
"definitions":[{"name":{"id":"#UID_C48D",
"type":{"op":"Top"}},
"value":{"op":"Abs",
"params":[{"id":"#UID_C691",
"type":{"op":"Top"}}],
"body":{"op":"Abs",
"params":[{"id":"#UID_C692",
"type":{"op":"Top"}}],
"body":{"op":"Primitive",
"name":"infixSub(Int, Int): Int",
"args":[{"op":"Var",
"id":"#UID_C691",
"type":{"op":"Int"}},
{"op":"Var",
"id":"#UID_C692",
"type":{"op":"Int"}}],
"returns":[{"id":"#UID_C693",
"type":{"op":"Int"}}],
"rest":{"op":"Var",
"id":"#UID_C693",
"type":{"op":"Top"}}}}},
"export_as":[]}],
"body":{"op":"Let",
"definitions":[{"name":{"id":"#UID_C48E",
"type":{"op":"Top"}},
"value":{"op":"Abs",
"params":[{"id":"#UID_C68E",
"type":{"op":"Top"}}],
"body":{"op":"Abs",
"params":[{"id":"#UID_C68F",
"type":{"op":"Top"}}],
"body":{"op":"Primitive",
"name":"infixMul(Int, Int): Int",
"args":[{"op":"Var",
"id":"#UID_C68E",
"type":{"op":"Int"}},
{"op":"Var",
"id":"#UID_C68F",
"type":{"op":"Int"}}],
"returns":[{"id":"#UID_C690",
"type":{"op":"Int"}}],
"rest":{"op":"Var",
"id":"#UID_C690",
"type":{"op":"Top"}}}}},
"export_as":[]}],
"body":{"op":"Let",
"definitions":[{"name":{"id":"#UID_C48F",
"type":{"op":"Top"}},
"value":{"op":"Let",
"definitions":[{"name":{"id":"#UID_C67C",
"type":{"op":"Top"}},
"value":{"op":"Abs",
"params":[{"id":"#UID_C68B",
"type":{"op":"Top"}}],
"body":{"op":"Abs",
"params":[{"id":"#UID_C68C",
"type":{"op":"Top"}}],
"body":{"op":"Primitive",
"name":"infixDiv(Int, Int): Int",
"args":[{"op":"Var",
"id":"#UID_C68B",
"type":{"op":"Int"}},
{"op":"Var",
"id":"#UID_C68C",
"type":{"op":"Int"}}],
"returns":[{"id":"#UID_C68D",
"type":{"op":"Int"}}],
"rest":{"op":"Var",
"id":"#UID_C68D",
"type":{"op":"Top"}}}}},
"export_as":[]}],
"body":{"op":"Abs",
"params":[{"id":"#UID_C67D",
"type":{"op":"Top"}}],
"body":{"op":"Abs",
"params":[{"id":"#UID_C67E",
"type":{"op":"Top"}}],
"body":{"op":"Let",
"definitions":[{"name":{"id":"#UID_C67F",
"type":{"op":"Top"}},
"value":{"op":"Let",
"definitions":[{"name":{"id":"#UID_C689",
"type":{"op":"Top"}},
"value":{"op":"App",
"fn":{"op":"Var",
"id":"#UID_C486",
"type":{"op":"Top"}},
"args":[{"op":"Var",
"id":"#UID_C67E",
"type":{"op":"Top"}}]},
"export_as":[]}],
"body":{"op":"Let",
"definitions":[{"name":{"id":"#UID_C68A",
"type":{"op":"Top"}},
"value":{"op":"Literal",
"type":{"op":"Int"},
"value":0},
"export_as":[]}],
"body":{"op":"App",
"fn":{"op":"Var",
"id":"#UID_C689",
"type":{"op":"Top"}},
"args":[{"op":"Var",
"id":"#UID_C68A",
"type":{"op":"Top"}}]}}},
"export_as":[]}],
"body":{"op":"Let",
"definitions":[{"name":{"id":"#UID_C680",
"type":{"op":"Top"}},
"value":{"op":"Var",
"id":"#UID_C67F",
"type":{"op":"Top"}},
"export_as":[]}],
"body":{"op":"Let",
"definitions":[{"name":{"id":"#UID_C681",
"type":{"op":"Top"}},
"value":{"op":"Let",
"definitions":[{"name":{"id":"#UID_C687",
"type":{"op":"Top"}},
"value":{"op":"Project",
"scrutinee":{"op":"Var",
"id":"#UID_C454",
"type":{"op":"Top"}},
"type_tag":"#UID_C688",
"tag":0,
"field":3},
"export_as":[]}],
"body":{"op":"Var",
"id":"#UID_C687",
"type":{"op":"Top"}}},
"export_as":[]}],
"body":{"op":"Match",
"scrutinee":{"op":"Var",
"id":"#UID_C680",
"type":{"op":"Top"}},
"type_tag":"#UID_C686",
"clauses":[{"tag":0,
"params":[],
"body":{"op":"Let",
"definitions":[{"name":{"id":"#UID_C682",
"type":{"op":"Top"}},
"value":{"op":"App",
"fn":{"op":"Var",
"id":"#UID_C67C",
"type":{"op":"Top"}},
"args":[{"op":"Var",
"id":"#UID_C67D",
"type":{"op":"Top"}}]},
"export_as":[]}],
"body":{"op":"App",
"fn":{"op":"Var",
"id":"#UID_C682",
"type":{"op":"Top"}},
"args":[{"op":"Var",
"id":"#UID_C67E",
"type":{"op":"Top"}}]}}},
{"tag":1,
"params":[],
"body":{"op":"Let",
"definitions":[{"name":{"id":"#UID_C683",
"type":{"op":"Top"}},
"value":{"op":"Literal",
"type":{"op":"String"},
"value":"division by zero"},
"export_as":[]}],
"body":{"op":"Let",
"definitions":[{"name":{"id":"#UID_C684",
"type":{"op":"Top"}},
"value":{"op":"Let",
"definitions":[{"name":{"id":"#UID_C685",
"type":{"op":"Top"}},
"value":{"op":"Var",
"id":"#UID_C47C",
"type":{"op":"Top"}},
"export_as":[]}],
"body":{"op":"Var",
"id":"#UID_C685",
"type":{"op":"Top"}}},
"export_as":[]}],
"body":{"op":"App",
"fn":{"op":"Var",
"id":"#UID_C684",
"type":{"op":"Top"}},
"args":[{"op":"Var",
"id":"#UID_C683",
"type":{"op":"Top"}}]}}}}],
"default_clause":{"params":[],
"body":{"op":"Primitive",
"name":"non-exhaustive match",
"args":[],
"returns":[],
"rest":{"op":"Literal",
"type":{"op":"Int"},
"value":0}}}}}}}}}},
"export_as":[]}],
"body":{"op":"Let",
"definitions":[{"name":{"id":"#UID_C490",
"type":{"op":"Top"}},
"value":{"op":"Var",
"id":"#UID_C48F",
"type":{"op":"Top"}},
"export_as":[]}],
"body":{"op":"Let",
"definitions":[{"name":{"id":"#UID_C491",
"type":{"op":"Top"}},
"value":{"op":"Let",
"definitions":[{"name":{"id":"#UID_C66A",
"type":{"op":"Top"}},
"value":{"op":"Abs",
"params":[{"id":"#UID_C679",
"type":{"op":"Top"}}],
"body":{"op":"Abs",
"params":[{"id":"#UID_C67A",
"type":{"op":"Top"}}],
"body":{"op":"Primitive",
"name":"mod(Int, Int): Int",
"args":[{"op":"Var",
"id":"#UID_C679",
"type":{"op":"Int"}},
{"op":"Var",
"id":"#UID_C67A",
"type":{"op":"Int"}}],
"returns":[{"id":"#UID_C67B",
"type":{"op":"Int"}}],
"rest":{"op":"Var",
"id":"#UID_C67B",
"type":{"op":"Top"}}}}},
"export_as":[]}],
"body":{"op":"Abs",
"params":[{"id":"#UID_C66B",
"type":{"op":"Top"}}],
"body":{"op":"Abs",
"params":[{"id":"#UID_C66C",
"type":{"op":"Top"}}],
"body":{"op":"Let",
"definitions":[{"name":{"id":"#UID_C66D",
"type":{"op":"Top"}},
"value":{"op":"Let",
"definitions":[{"name":{"id":"#UID_C677",
"type":{"op":"Top"}},
"value":{"op":"App",
"fn":{"op":"Var",
"id":"#UID_C486",
"type":{"op":"Top"}},
"args":[{"op":"Var",
"id":"#UID_C66C",
"type":{"op":"Top"}}]},
"export_as":[]}],
"body":{"op":"Let",
"definitions":[{"name":{"id":"#UID_C678",
"type":{"op":"Top"}},
"value":{"op":"Literal",
"type":{"op":"Int"},
"value":0},
"export_as":[]}],
"body":{"op":"App",
"fn":{"op":"Var",
"id":"#UID_C677",
"type":{"op":"Top"}},
"args":[{"op":"Var",
"id":"#UID_C678",
"type":{"op":"Top"}}]}}},
"export_as":[]}],
"body":{"op":"Let",
"definitions":[{"name":{"id":"#UID_C66E",
"type":{"op":"Top"}},
"value":{"op":"Var",
"id":"#UID_C66D",
"type":{"op":"Top"}},
"export_as":[]}],
"body":{"op":"Let",
"definitions":[{"name":{"id":"#UID_C66F",
"type":{"op":"Top"}},
"value":{"op":"Let",
"definitions":[{"name":{"id":"#UID_C675",
"type":{"op":"Top"}},
"value":{"op":"Project",
"scrutinee":{"op":"Var",
"id":"#UID_C454",
"type":{"op":"Top"}},
"type_tag":"#UID_C676",
"tag":0,
"field":3},
"export_as":[]}],
"body":{"op":"Var",
"id":"#UID_C675",
"type":{"op":"Top"}}},
"export_as":[]}],
"body":{"op":"Match",
"scrutinee":{"op":"Var",
"id":"#UID_C66E",
"type":{"op":"Top"}},
"type_tag":"#UID_C674",
"clauses":[{"tag":0,
"params":[],
"body":{"op":"Let",
"definitions":[{"name":{"id":"#UID_C670",
"type":{"op":"Top"}},
"value":{"op":"App",
"fn":{"op":"Var",
"id":"#UID_C66A",
"type":{"op":"Top"}},
"args":[{"op":"Var",
"id":"#UID_C66B",
"type":{"op":"Top"}}]},
"export_as":[]}],
"body":{"op":"App",
"fn":{"op":"Var",
"id":"#UID_C670",
"type":{"op":"Top"}},
"args":[{"op":"Var",
"id":"#UID_C66C",
"type":{"op":"Top"}}]}}},
{"tag":1,
"params":[],
"body":{"op":"Let",
"definitions":[{"name":{"id":"#UID_C671",
"type":{"op":"Top"}},
"value":{"op":"Literal",
"type":{"op":"String"},
"value":"division by zero"},
"export_as":[]}],
"body":{"op":"Let",
"definitions":[{"name":{"id":"#UID_C672",
"type":{"op":"Top"}},
"value":{"op":"Let",
"definitions":[{"name":{"id":"#UID_C673",
"type":{"op":"Top"}},
"value":{"op":"Var",
"id":"#UID_C47C",
"type":{"op":"Top"}},
"export_as":[]}],
"body":{"op":"Var",
"id":"#UID_C673",
"type":{"op":"Top"}}},
"export_as":[]}],
"body":{"op":"App",
"fn":{"op":"Var",
"id":"#UID_C672",
"type":{"op":"Top"}},
"args":[{"op":"Var",
"id":"#UID_C671",
"type":{"op":"Top"}}]}}}}],
"default_clause":{"params":[],
"body":{"op":"Primitive",
"name":"non-exhaustive match",
"args":[],
"returns":[],
"rest":{"op":"Literal",
"type":{"op":"Int"},
"value":0}}}}}}}}}},
"export_as":[]}],
"body":{"op":"Let",
"definitions":[{"name":{"id":"#UID_C492",
"type":{"op":"Top"}},
"value":{"op":"Var",
"id":"#UID_C491",
"type":{"op":"Top"}},
"export_as":[]}],
"body":{"op":"Let",
"definitions":[{"name":{"id":"#UID_C493",
"type":{"op":"Top"}},
"value":{"op":"Abs",
"params":[{"id":"#UID_C668",
"type":{"op":"Top"}}],
"body":{"op":"Primitive",
"name":"neg(Int): Int",
"args":[{"op":"Var",
"id":"#UID_C668",
"type":{"op":"Int"}}],
"returns":[{"id":"#UID_C669",
"type":{"op":"Int"}}],
"rest":{"op":"Var",
"id":"#UID_C669",
"type":{"op":"Top"}}}},
"export_as":[]}],
"body":{"op":"Let",
"definitions":[{"name":{"id":"#UID_C494",
"type":{"op":"Top"}},
"value":{"op":"Abs",
"params":[{"id":"#UID_C667",
"type":{"op":"Top"}}],
"body":{"op":"Var",
"id":"#UID_C667",
"type":{"op":"Top"}}},
"export_as":[]}],
"body":{"op":"Let",
"definitions":[{"name":{"id":"#UID_C495",
"type":{"op":"Top"}},
"value":{"op":"Abs",
"params":[{"id":"#UID_C664",
"type":{"op":"Top"}}],
"body":{"op":"Abs",
"params":[{"id":"#UID_C665",
"type":{"op":"Top"}}],
"body":{"op":"Primitive",
"name":"infixAnd(Int, Int): Int",
"args":[{"op":"Var",
"id":"#UID_C664",
"type":{"op":"Int"}},
{"op":"Var",
"id":"#UID_C665",
"type":{"op":"Int"}}],
"returns":[{"id":"#UID_C666",
"type":{"op":"Int"}}],
"rest":{"op":"Var",
"id":"#UID_C666",
"type":{"op":"Top"}}}}},
"export_as":[]}],
"body":{"op":"Let",
"definitions":[{"name":{"id":"#UID_C496",
"type":{"op":"Top"}},
"value":{"op":"Abs",
"params":[{"id":"#UID_C661",
"type":{"op":"Top"}}],
"body":{"op":"Abs",
"params":[{"id":"#UID_C662",
"type":{"op":"Top"}}],
"body":{"op":"Primitive",
"name":"infixOr(Int, Int): Int",
"args":[{"op":"Var",
"id":"#UID_C661",
"type":{"op":"Int"}},
{"op":"Var",
"id":"#UID_C662",
"type":{"op":"Int"}}],
"returns":[{"id":"#UID_C663",
"type":{"op":"Int"}}],
"rest":{"op":"Var",
"id":"#UID_C663",
"type":{"op":"Top"}}}}},
"export_as":[]}],
"body":{"op":"Let",
"definitions":[{"name":{"id":"#UID_C497",
"type":{"op":"Top"}},
"value":{"op":"Abs",
"params":[{"id":"#UID_C65E",
"type":{"op":"Top"}}],
"body":{"op":"Abs",
"params":[{"id":"#UID_C65F",
"type":{"op":"Top"}}],
"body":{"op":"Primitive",
"name":"xor(Int, Int): Int",
"args":[{"op":"Var",
"id":"#UID_C65E",
"type":{"op":"Int"}},
{"op":"Var",
"id":"#UID_C65F",
"type":{"op":"Int"}}],
"returns":[{"id":"#UID_C660",
"type":{"op":"Int"}}],
"rest":{"op":"Var",
"id":"#UID_C660",
"type":{"op":"Top"}}}}},
"export_as":[]}],
"body":{"op":"Let",
"definitions":[{"name":{"id":"#UID_C498",
"type":{"op":"Top"}},
"value":{"op":"Abs",
"params":[{"id":"#UID_C65B",
"type":{"op":"Top"}}],
"body":{"op":"Abs",
"params":[{"id":"#UID_C65C",
"type":{"op":"Top"}}],
"body":{"op":"Primitive",
"name":"lsl(Int, Int): Int",
"args":[{"op":"Var",
"id":"#UID_C65B",
"type":{"op":"Int"}},
{"op":"Var",
"id":"#UID_C65C",
"type":{"op":"Int"}}],
"returns":[{"id":"#UID_C65D",
"type":{"op":"Int"}}],
"rest":{"op":"Var",
"id":"#UID_C65D",
"type":{"op":"Top"}}}}},
"export_as":[]}],
"body":{"op":"Let",
"definitions":[{"name":{"id":"#UID_C499",
"type":{"op":"Top"}},
"value":{"op":"Abs",
"params":[{"id":"#UID_C658",
"type":{"op":"Top"}}],
"body":{"op":"Abs",
"params":[{"id":"#UID_C659",
"type":{"op":"Top"}}],
"body":{"op":"Primitive",
"name":"lsr(Int, Int): Int",
"args":[{"op":"Var",
"id":"#UID_C658",
"type":{"op":"Int"}},
{"op":"Var",
"id":"#UID_C659",
"type":{"op":"Int"}}],
"returns":[{"id":"#UID_C65A",
"type":{"op":"Int"}}],
"rest":{"op":"Var",
"id":"#UID_C65A",
"type":{"op":"Top"}}}}},
"export_as":[]}],
"body":{"op":"Let",
"definitions":[{"name":{"id":"#UID_C49A",
"type":{"op":"Top"}},
"value":{"op":"Abs",
"params":[{"id":"#UID_C655",
"type":{"op":"Top"}}],
"body":{"op":"Abs",
"params":[{"id":"#UID_C656",
"type":{"op":"Top"}}],
"body":{"op":"Primitive",
"name":"asr(Int, Int): Int",
"args":[{"op":"Var",
"id":"#UID_C655",
"type":{"op":"Int"}},
{"op":"Var",
"id":"#UID_C656",
"type":{"op":"Int"}}],
"returns":[{"id":"#UID_C657",
"type":{"op":"Int"}}],
"rest":{"op":"Var",
"id":"#UID_C657",
"type":{"op":"Top"}}}}},
"export_as":[]}],
"body":{"op":"Let",
"definitions":[{"name":{"id":"#UID_C49B",
"type":{"op":"Top"}},
"value":{"op":"Abs",
"params":[{"id":"#UID_C653",
"type":{"op":"Top"}}],
"body":{"op":"Primitive",
"name":"infixNot(Int): Int",
"args":[{"op":"Var",
"id":"#UID_C653",
"type":{"op":"Int"}}],
"returns":[{"id":"#UID_C654",
"type":{"op":"Int"}}],
"rest":{"op":"Var",
"id":"#UID_C654",
"type":{"op":"Top"}}}},
"export_as":[]}],
"body":{"op":"Let",
"definitions":[{"name":{"id":"#UID_C49C",
"type":{"op":"Top"}},
"value":{"op":"Abs",
"params":[{"id":"#UID_C64A",
"type":{"op":"Top"}}],
"body":{"op":"Let",
"definitions":[{"name":{"id":"#UID_C64B",
"type":{"op":"Top"}},
"value":{"op":"Let",
"definitions":[{"name":{"id":"#UID_C64F",
"type":{"op":"Top"}},
"value":{"op":"Project",
"scrutinee":{"op":"Var",
"id":"#UID_C458",
"type":{"op":"Top"}},
"type_tag":"#UID_C652",
"tag":0,
"field":2},
"export_as":[]}],
"body":{"op":"Let",
"definitions":[{"name":{"id":"#UID_C650",
"type":{"op":"Top"}},
"value":{"op":"Var",
"id":"#UID_C64F",
"type":{"op":"Top"}},
"export_as":[]}],
"body":{"op":"Let",
"definitions":[{"name":{"id":"#UID_C651",
"type":{"op":"Top"}},
"value":{"op":"Var",
"id":"#UID_C650",
"type":{"op":"Top"}},
"export_as":[]}],
"body":{"op":"Var",
"id":"#UID_C651",
"type":{"op":"Top"}}}}},
"export_as":[]}],
"body":{"op":"Match",
"scrutinee":{"op":"Var",
"id":"#UID_C64A",
"type":{"op":"Top"}},
"type_tag":"#UID_C64E",
"clauses":[{"tag":0,
"params":[{"id":"#UID_C64C",
"type":{"op":"Top"}},
{"id":"#UID_C64D",
"type":{"op":"Top"}}],
"body":{"op":"Var",
"id":"#UID_C64C",
"type":{"op":"Top"}}}],
"default_clause":{"params":[],
"body":{"op":"Primitive",
"name":"non-exhaustive match",
"args":[],
"returns":[],
"rest":{"op":"Literal",
"type":{"op":"Int"},
"value":0}}}}}},
"export_as":[]}],
"body":{"op":"Let",
"definitions":[{"name":{"id":"#UID_C49D",
"type":{"op":"Top"}},
"value":{"op":"Abs",
"params":[{"id":"#UID_C641",
"type":{"op":"Top"}}],
"body":{"op":"Let",
"definitions":[{"name":{"id":"#UID_C642",
"type":{"op":"Top"}},
"value":{"op":"Let",
"definitions":[{"name":{"id":"#UID_C646",
"type":{"op":"Top"}},
"value":{"op":"Project",
"scrutinee":{"op":"Var",
"id":"#UID_C458",
"type":{"op":"Top"}},
"type_tag":"#UID_C649",
"tag":0,
"field":2},
"export_as":[]}],
"body":{"op":"Let",
"definitions":[{"name":{"id":"#UID_C647",
"type":{"op":"Top"}},
"value":{"op":"Var",
"id":"#UID_C646",
"type":{"op":"Top"}},
"export_as":[]}],
"body":{"op":"Let",
"definitions":[{"name":{"id":"#UID_C648",
"type":{"op":"Top"}},
"value":{"op":"Var",
"id":"#UID_C647",
"type":{"op":"Top"}},
"export_as":[]}],
"body":{"op":"Var",
"id":"#UID_C648",
"type":{"op":"Top"}}}}},
"export_as":[]}],
"body":{"op":"Match",
"scrutinee":{"op":"Var",
"id":"#UID_C641",
"type":{"op":"Top"}},
"type_tag":"#UID_C645",
"clauses":[{"tag":0,
"params":[{"id":"#UID_C643",
"type":{"op":"Top"}},
{"id":"#UID_C644",
"type":{"op":"Top"}}],
"body":{"op":"Var",
"id":"#UID_C644",
"type":{"op":"Top"}}}],
"default_clause":{"params":[],
"body":{"op":"Primitive",
"name":"non-exhaustive match",
"args":[],
"returns":[],
"rest":{"op":"Literal",
"type":{"op":"Int"},
"value":0}}}}}},
"export_as":[]}],
"body":{"op":"Let",
"definitions":[{"name":{"id":"#UID_C49E",
"type":{"op":"Top"}},
"value":{"op":"Abs",
"params":[{"id":"#UID_C628",
"type":{"op":"Top"}}],
"body":{"op":"Abs",
"params":[{"id":"#UID_C629",
"type":{"op":"Top"}}],
"body":{"op":"LetRec",
"definitions":[{"name":{"id":"#UID_C62A",
"type":{"op":"Top"}},
"value":{"op":"Abs",
"params":[{"id":"#UID_C62B",
"type":{"op":"Top"}}],
"body":{"op":"App",
"fn":{"op":"Abs",
"params":[{"id":"#UID_C62C",
"type":{"op":"Top"}}],
"body":{"op":"Let",
"definitions":[{"name":{"id":"#UID_C62D",
"type":{"op":"Top"}},
"value":{"op":"Var",
"id":"#UID_C62C",
"type":{"op":"Top"}},
"export_as":[]}],
"body":{"op":"Let",
"definitions":[{"name":{"id":"#UID_C62E",
"type":{"op":"Top"}},
"value":{"op":"Let",
"definitions":[{"name":{"id":"#UID_C63E",
"type":{"op":"Top"}},
"value":{"op":"Project",
"scrutinee":{"op":"Var",
"id":"#UID_C45C",
"type":{"op":"Top"}},
"type_tag":"#UID_C640",
"tag":0,
"field":2},
"export_as":[]}],
"body":{"op":"Let",
"definitions":[{"name":{"id":"#UID_C63F",
"type":{"op":"Top"}},
"value":{"op":"Var",
"id":"#UID_C63E",
"type":{"op":"Top"}},
"export_as":[]}],
"body":{"op":"Var",
"id":"#UID_C63F",
"type":{"op":"Top"}}}},
"export_as":[]}],
"body":{"op":"Match",
"scrutinee":{"op":"Var",
"id":"#UID_C62D",
"type":{"op":"Top"}},
"type_tag":"#UID_C63D",
"clauses":[{"tag":0,
"params":[],
"body":{"op":"Var",
"id":"#UID_C629",
"type":{"op":"Top"}}},
{"tag":1,
"params":[{"id":"#UID_C62F",
"type":{"op":"Top"}},
{"id":"#UID_C630",
"type":{"op":"Top"}}],
"body":{"op":"Let",
"definitions":[{"name":{"id":"#UID_C631",
"type":{"op":"Top"}},
"value":{"op":"Let",
"definitions":[{"name":{"id":"#UID_C633",
"type":{"op":"Top"}},
"value":{"op":"Abs",
"params":[{"id":"#UID_C636",
"type":{"op":"Top"}}],
"body":{"op":"Abs",
"params":[{"id":"#UID_C637",
"type":{"op":"Top"}}],
"body":{"op":"Let",
"definitions":[{"name":{"id":"#UID_C638",
"type":{"op":"Top"}},
"value":{"op":"Let",
"definitions":[{"name":{"id":"#UID_C63A",
"type":{"op":"Top"}},
"value":{"op":"Project",
"scrutinee":{"op":"Var",
"id":"#UID_C45C",
"type":{"op":"Top"}},
"type_tag":"#UID_C63C",
"tag":0,
"field":3},
"export_as":[]}],
"body":{"op":"Let",
"definitions":[{"name":{"id":"#UID_C63B",
"type":{"op":"Top"}},
"value":{"op":"Var",
"id":"#UID_C63A",
"type":{"op":"Top"}},
"export_as":[]}],
"body":{"op":"Var",
"id":"#UID_C63B",
"type":{"op":"Top"}}}},
"export_as":[]}],
"body":{"op":"Construct",
"type_tag":"#UID_C639",
"tag":1,
"args":[{"op":"Var",
"id":"#UID_C636",
"type":{"op":"Top"}},
{"op":"Var",
"id":"#UID_C637",
"type":{"op":"Top"}}]}}}},
"export_as":[]}],
"body":{"op":"Let",
"definitions":[{"name":{"id":"#UID_C634",
"type":{"op":"Top"}},
"value":{"op":"Let",
"definitions":[{"name":{"id":"#UID_C635",
"type":{"op":"Top"}},
"value":{"op":"Var",
"id":"#UID_C633",
"type":{"op":"Top"}},
"export_as":[]}],
"body":{"op":"Var",
"id":"#UID_C635",
"type":{"op":"Top"}}},
"export_as":[]}],
"body":{"op":"App",
"fn":{"op":"Var",
"id":"#UID_C634",
"type":{"op":"Top"}},
"args":[{"op":"Var",
"id":"#UID_C62F",
"type":{"op":"Top"}}]}}},
"export_as":[]}],
"body":{"op":"Let",
"definitions":[{"name":{"id":"#UID_C632",
"type":{"op":"Top"}},
"value":{"op":"App",
"fn":{"op":"Var",
"id":"#UID_C62A",
"type":{"op":"Top"}},
"args":[{"op":"Var",
"id":"#UID_C630",
"type":{"op":"Top"}}]},
"export_as":[]}],
"body":{"op":"App",
"fn":{"op":"Var",
"id":"#UID_C631",
"type":{"op":"Top"}},
"args":[{"op":"Var",
"id":"#UID_C632",
"type":{"op":"Top"}}]}}}}],
"default_clause":{"params":[],
"body":{"op":"Primitive",
"name":"non-exhaustive match",
"args":[],
"returns":[],
"rest":{"op":"Literal",
"type":{"op":"Int"},
"value":0}}}}}}},
"args":[{"op":"Var",
"id":"#UID_C62B",
"type":{"op":"Top"}}]}},
"export_as":[]}],
"body":{"op":"App",
"fn":{"op":"Var",
"id":"#UID_C62A",
"type":{"op":"Top"}},
"args":[{"op":"Var",
"id":"#UID_C628",
"type":{"op":"Top"}}]}}}},
"export_as":[]}],
"body":{"op":"Let",
"definitions":[{"name":{"id":"#UID_C49F",
"type":{"op":"Top"}},
"value":{"op":"Abs",
"params":[{"id":"#UID_C622",
"type":{"op":"Top"}}],
"body":{"op":"Let",
"definitions":[{"name":{"id":"#UID_C623",
"type":{"op":"Top"}},
"value":{"op":"Let",
"definitions":[{"name":{"id":"#UID_C626",
"type":{"op":"Top"}},
"value":{"op":"Project",
"scrutinee":{"op":"Var",
"id":"#UID_C452",
"type":{"op":"Top"}},
"type_tag":"#UID_C627",
"tag":0,
"field":2},
"export_as":[]}],
"body":{"op":"Var",
"id":"#UID_C626",
"type":{"op":"Top"}}},
"export_as":[]}],
"body":{"op":"Match",
"scrutinee":{"op":"Var",
"id":"#UID_C622",
"type":{"op":"Top"}},
"type_tag":"#UID_C625",
"clauses":[{"tag":0,
"params":[],
"body":{"op":"Abs",
"params":[{"id":"#UID_C624",
"type":{"op":"Top"}}],
"body":{"op":"Var",
"id":"#UID_C624",
"type":{"op":"Top"}}}}],
"default_clause":{"params":[],
"body":{"op":"Primitive",
"name":"non-exhaustive match",
"args":[],
"returns":[],
"rest":{"op":"Literal",
"type":{"op":"Int"},
"value":0}}}}}},
"export_as":[]}],
"body":{"op":"Let",
"definitions":[{"name":{"id":"#UID_C4A0",
"type":{"op":"Top"}},
"value":{"op":"Abs",
"params":[{"id":"#UID_C61D",
"type":{"op":"Top"}}],
"body":{"op":"Let",
"definitions":[{"name":{"id":"#UID_C61E",
"type":{"op":"Top"}},
"value":{"op":"Let",
"definitions":[{"name":{"id":"#UID_C620",
"type":{"op":"Top"}},
"value":{"op":"Project",
"scrutinee":{"op":"Var",
"id":"#UID_C452",
"type":{"op":"Top"}},
"type_tag":"#UID_C621",
"tag":0,
"field":2},
"export_as":[]}],
"body":{"op":"Var",
"id":"#UID_C620",
"type":{"op":"Top"}}},
"export_as":[]}],
"body":{"op":"Construct",
"type_tag":"#UID_C61F",
"tag":0,
"args":[]}}},
"export_as":[]}],
"body":{"op":"Let",
"definitions":[{"name":{"id":"#UID_C4A1",
"type":{"op":"Top"}},
"value":{"op":"Abs",
"params":[{"id":"#UID_C60D",
"type":{"op":"Top"}}],
"body":{"op":"Let",
"definitions":[{"name":{"id":"#UID_C60E",
"type":{"op":"Top"}},
"value":{"op":"Var",
"id":"#UID_C60D",
"type":{"op":"Top"}},
"export_as":[]}],
"body":{"op":"Let",
"definitions":[{"name":{"id":"#UID_C60F",
"type":{"op":"Top"}},
"value":{"op":"Let",
"definitions":[{"name":{"id":"#UID_C61B",
"type":{"op":"Top"}},
"value":{"op":"Project",
"scrutinee":{"op":"Var",
"id":"#UID_C454",
"type":{"op":"Top"}},
"type_tag":"#UID_C61C",
"tag":0,
"field":3},
"export_as":[]}],
"body":{"op":"Var",
"id":"#UID_C61B",
"type":{"op":"Top"}}},
"export_as":[]}],
"body":{"op":"Match",
"scrutinee":{"op":"Var",
"id":"#UID_C60E",
"type":{"op":"Top"}},
"type_tag":"#UID_C61A",
"clauses":[{"tag":0,
"params":[],
"body":{"op":"Let",
"definitions":[{"name":{"id":"#UID_C610",
"type":{"op":"Top"}},
"value":{"op":"Let",
"definitions":[{"name":{"id":"#UID_C611",
"type":{"op":"Top"}},
"value":{"op":"Let",
"definitions":[{"name":{"id":"#UID_C613",
"type":{"op":"Top"}},
"value":{"op":"Project",
"scrutinee":{"op":"Var",
"id":"#UID_C454",
"type":{"op":"Top"}},
"type_tag":"#UID_C614",
"tag":0,
"field":3},
"export_as":[]}],
"body":{"op":"Var",
"id":"#UID_C613",
"type":{"op":"Top"}}},
"export_as":[]}],
"body":{"op":"Construct",
"type_tag":"#UID_C612",
"tag":1,
"args":[]}},
"export_as":[]}],
"body":{"op":"Var",
"id":"#UID_C610",
"type":{"op":"Top"}}}},
{"tag":1,
"params":[],
"body":{"op":"Let",
"definitions":[{"name":{"id":"#UID_C615",
"type":{"op":"Top"}},
"value":{"op":"Let",
"definitions":[{"name":{"id":"#UID_C616",
"type":{"op":"Top"}},
"value":{"op":"Let",
"definitions":[{"name":{"id":"#UID_C618",
"type":{"op":"Top"}},
"value":{"op":"Project",
"scrutinee":{"op":"Var",
"id":"#UID_C454",
"type":{"op":"Top"}},
"type_tag":"#UID_C619",
"tag":0,
"field":2},
"export_as":[]}],
"body":{"op":"Var",
"id":"#UID_C618",
"type":{"op":"Top"}}},
"export_as":[]}],
"body":{"op":"Construct",
"type_tag":"#UID_C617",
"tag":0,
"args":[]}},
"export_as":[]}],
"body":{"op":"Var",
"id":"#UID_C615",
"type":{"op":"Top"}}}}],
"default_clause":{"params":[],
"body":{"op":"Primitive",
"name":"non-exhaustive match",
"args":[],
"returns":[],
"rest":{"op":"Literal",
"type":{"op":"Int"},
"value":0}}}}}}},
"export_as":[]}],
"body":{"op":"Let",
"definitions":[{"name":{"id":"#UID_C4A2",
"type":{"op":"Top"}},
"value":{"op":"Abs",
"params":[{"id":"#UID_C601",
"type":{"op":"Top"}}],
"body":{"op":"Abs",
"params":[{"id":"#UID_C602",
"type":{"op":"Top"}}],
"body":{"op":"Let",
"definitions":[{"name":{"id":"#UID_C603",
"type":{"op":"Top"}},
"value":{"op":"Var",
"id":"#UID_C601",
"type":{"op":"Top"}},
"export_as":[]}],
"body":{"op":"Let",
"definitions":[{"name":{"id":"#UID_C604",
"type":{"op":"Top"}},
"value":{"op":"Let",
"definitions":[{"name":{"id":"#UID_C60B",
"type":{"op":"Top"}},
"value":{"op":"Project",
"scrutinee":{"op":"Var",
"id":"#UID_C454",
"type":{"op":"Top"}},
"type_tag":"#UID_C60C",
"tag":0,
"field":3},
"export_as":[]}],
"body":{"op":"Var",
"id":"#UID_C60B",
"type":{"op":"Top"}}},
"export_as":[]}],
"body":{"op":"Match",
"scrutinee":{"op":"Var",
"id":"#UID_C603",
"type":{"op":"Top"}},
"type_tag":"#UID_C60A",
"clauses":[{"tag":0,
"params":[],
"body":{"op":"Let",
"definitions":[{"name":{"id":"#UID_C605",
"type":{"op":"Top"}},
"value":{"op":"Let",
"definitions":[{"name":{"id":"#UID_C606",
"type":{"op":"Top"}},
"value":{"op":"Let",
"definitions":[{"name":{"id":"#UID_C608",
"type":{"op":"Top"}},
"value":{"op":"Project",
"scrutinee":{"op":"Var",
"id":"#UID_C454",
"type":{"op":"Top"}},
"type_tag":"#UID_C609",
"tag":0,
"field":2},
"export_as":[]}],
"body":{"op":"Var",
"id":"#UID_C608",
"type":{"op":"Top"}}},
"export_as":[]}],
"body":{"op":"Construct",
"type_tag":"#UID_C607",
"tag":0,
"args":[]}},
"export_as":[]}],
"body":{"op":"Var",
"id":"#UID_C605",
"type":{"op":"Top"}}}},
{"tag":1,
"params":[],
"body":{"op":"Var",
"id":"#UID_C602",
"type":{"op":"Top"}}}],
"default_clause":{"params":[],
"body":{"op":"Primitive",
"name":"non-exhaustive match",
"args":[],
"returns":[],
"rest":{"op":"Literal",
"type":{"op":"Int"},
"value":0}}}}}}}},
"export_as":[]}],
"body":{"op":"Let",
"definitions":[{"name":{"id":"#UID_C4A3",
"type":{"op":"Top"}},
"value":{"op":"Abs",
"params":[{"id":"#UID_C5F5",
"type":{"op":"Top"}}],
"body":{"op":"Abs",
"params":[{"id":"#UID_C5F6",
"type":{"op":"Top"}}],
"body":{"op":"Let",
"definitions":[{"name":{"id":"#UID_C5F7",
"type":{"op":"Top"}},
"value":{"op":"Var",
"id":"#UID_C5F5",
"type":{"op":"Top"}},
"export_as":[]}],
"body":{"op":"Let",
"definitions":[{"name":{"id":"#UID_C5F8",
"type":{"op":"Top"}},
"value":{"op":"Let",
"definitions":[{"name":{"id":"#UID_C5FF",
"type":{"op":"Top"}},
"value":{"op":"Project",
"scrutinee":{"op":"Var",
"id":"#UID_C454",
"type":{"op":"Top"}},
"type_tag":"#UID_C600",
"tag":0,
"field":3},
"export_as":[]}],
"body":{"op":"Var",
"id":"#UID_C5FF",
"type":{"op":"Top"}}},
"export_as":[]}],
"body":{"op":"Match",
"scrutinee":{"op":"Var",
"id":"#UID_C5F7",
"type":{"op":"Top"}},
"type_tag":"#UID_C5FE",
"clauses":[{"tag":0,
"params":[],
"body":{"op":"Var",
"id":"#UID_C5F6",
"type":{"op":"Top"}}},
{"tag":1,
"params":[],
"body":{"op":"Let",
"definitions":[{"name":{"id":"#UID_C5F9",
"type":{"op":"Top"}},
"value":{"op":"Let",
"definitions":[{"name":{"id":"#UID_C5FA",
"type":{"op":"Top"}},
"value":{"op":"Let",
"definitions":[{"name":{"id":"#UID_C5FC",
"type":{"op":"Top"}},
"value":{"op":"Project",
"scrutinee":{"op":"Var",
"id":"#UID_C454",
"type":{"op":"Top"}},
"type_tag":"#UID_C5FD",
"tag":0,
"field":3},
"export_as":[]}],
"body":{"op":"Var",
"id":"#UID_C5FC",
"type":{"op":"Top"}}},
"export_as":[]}],
"body":{"op":"Construct",
"type_tag":"#UID_C5FB",
"tag":1,
"args":[]}},
"export_as":[]}],
"body":{"op":"Var",
"id":"#UID_C5F9",
"type":{"op":"Top"}}}}],
"default_clause":{"params":[],
"body":{"op":"Primitive",
"name":"non-exhaustive match",
"args":[],
"returns":[],
"rest":{"op":"Literal",
"type":{"op":"Int"},
"value":0}}}}}}}},
"export_as":[]}],
"body":{"op":"Let",
"definitions":[{"name":{"id":"#UID_C4A4",
"type":{"op":"Ptr"}},
"value":{"op":"Literal",
"type":{"op":"String"},
"value":"(some data type)"},
"export_as":[]}],
"body":{"op":"Let",
"definitions":[{"name":{"id":"#UID_C4A5",
"type":{"op":"Top"}},
"value":{"op":"Let",
"definitions":[{"name":{"id":"#UID_C4A6",
"type":{"op":"Top"}},
"value":{"op":"Construct",
"type_tag":"#UID_C5F4",
"tag":0,
"args":[{"op":"Var",
"id":"#UID_C4A4",
"type":{"op":"Ptr"}},
{"op":"Var",
"id":"#UID_C4A4",
"type":{"op":"Ptr"}}]},
"export_as":[]}],
"body":{"op":"Let",
"definitions":[{"name":{"id":"#UID_C4A7",
"type":{"op":"Top"}},
"value":{"op":"Primitive",
"name":"getStdin(): InStream",
"args":[],
"returns":[{"id":"#UID_C5F3",
"type":{"op":"Ptr"}}],
"rest":{"op":"Var",
"id":"#UID_C5F3",
"type":{"op":"Top"}}},
"export_as":[]}],
"body":{"op":"Let",
"definitions":[{"name":{"id":"#UID_C4A8",
"type":{"op":"Top"}},
"value":{"op":"Abs",
"params":[{"id":"#UID_C5F1",
"type":{"op":"Top"}}],
"body":{"op":"Primitive",
"name":"openIn(String): InStream",
"args":[{"op":"Var",
"id":"#UID_C5F1",
"type":{"op":"String"}}],
"returns":[{"id":"#UID_C5F2",
"type":{"op":"Ptr"}}],
"rest":{"op":"Var",
"id":"#UID_C5F2",
"type":{"op":"Top"}}}},
"export_as":[]}],
"body":{"op":"Let",
"definitions":[{"name":{"id":"#UID_C4A9",
"type":{"op":"Top"}},
"value":{"op":"Abs",
"params":[{"id":"#UID_C5EF",
"type":{"op":"Top"}}],
"body":{"op":"Primitive",
"name":"closeIn(InStream): Unit",
"args":[{"op":"Var",
"id":"#UID_C5EF",
"type":{"op":"Ptr"}}],
"returns":[{"id":"#UID_C5F0",
"type":{"op":"Top"}}],
"rest":{"op":"Var",
"id":"#UID_C5F0",
"type":{"op":"Top"}}}},
"export_as":[]}],
"body":{"op":"Let",
"definitions":[{"name":{"id":"#UID_C4AA",
"type":{"op":"Top"}},
"value":{"op":"Abs",
"params":[{"id":"#UID_C5EC",
"type":{"op":"Top"}}],
"body":{"op":"Abs",
"params":[{"id":"#UID_C5ED",
"type":{"op":"Top"}}],
"body":{"op":"Primitive",
"name":"read(InStream, Int): String",
"args":[{"op":"Var",
"id":"#UID_C5EC",
"type":{"op":"Ptr"}},
{"op":"Var",
"id":"#UID_C5ED",
"type":{"op":"Int"}}],
"returns":[{"id":"#UID_C5EE",
"type":{"op":"String"}}],
"rest":{"op":"Var",
"id":"#UID_C5EE",
"type":{"op":"Top"}}}}},
"export_as":[]}],
"body":{"op":"Let",
"definitions":[{"name":{"id":"#UID_C4AB",
"type":{"op":"Ptr"}},
"value":{"op":"Literal",
"type":{"op":"String"},
"value":"(some data type)"},
"export_as":[]}],
"body":{"op":"Let",
"definitions":[{"name":{"id":"#UID_C4AC",
"type":{"op":"Top"}},
"value":{"op":"Let",
"definitions":[{"name":{"id":"#UID_C4AD",
"type":{"op":"Top"}},
"value":{"op":"Construct",
"type_tag":"#UID_C5EB",
"tag":0,
"args":[{"op":"Var",
"id":"#UID_C4AB",
"type":{"op":"Ptr"}},
{"op":"Var",
"id":"#UID_C4AB",
"type":{"op":"Ptr"}}]},
"export_as":[]}],
"body":{"op":"Let",
"definitions":[{"name":{"id":"#UID_C4AE",
"type":{"op":"Top"}},
"value":{"op":"Primitive",
"name":"getStdout(): OutStream",
"args":[],
"returns":[{"id":"#UID_C5EA",
"type":{"op":"Ptr"}}],
"rest":{"op":"Var",
"id":"#UID_C5EA",
"type":{"op":"Top"}}},
"export_as":[]}],
"body":{"op":"Let",
"definitions":[{"name":{"id":"#UID_C4AF",
"type":{"op":"Top"}},
"value":{"op":"Primitive",
"name":"getStderr(): OutStream",
"args":[],
"returns":[{"id":"#UID_C5E9",
"type":{"op":"Ptr"}}],
"rest":{"op":"Var",
"id":"#UID_C5E9",
"type":{"op":"Top"}}},
"export_as":[]}],
"body":{"op":"Let",
"definitions":[{"name":{"id":"#UID_C4B0",
"type":{"op":"Top"}},
"value":{"op":"Abs",
"params":[{"id":"#UID_C5E7",
"type":{"op":"Top"}}],
"body":{"op":"Primitive",
"name":"openOut(String): OutStream",
"args":[{"op":"Var",
"id":"#UID_C5E7",
"type":{"op":"String"}}],
"returns":[{"id":"#UID_C5E8",
"type":{"op":"Ptr"}}],
"rest":{"op":"Var",
"id":"#UID_C5E8",
"type":{"op":"Top"}}}},
"export_as":[]}],
"body":{"op":"Let",
"definitions":[{"name":{"id":"#UID_C4B1",
"type":{"op":"Top"}},
"value":{"op":"Abs",
"params":[{"id":"#UID_C5E5",
"type":{"op":"Top"}}],
"body":{"op":"Primitive",
"name":"closeOut(OutStream): Unit",
"args":[{"op":"Var",
"id":"#UID_C5E5",
"type":{"op":"Ptr"}}],
"returns":[{"id":"#UID_C5E6",
"type":{"op":"Top"}}],
"rest":{"op":"Var",
"id":"#UID_C5E6",
"type":{"op":"Top"}}}},
"export_as":[]}],
"body":{"op":"Let",
"definitions":[{"name":{"id":"#UID_C4B2",
"type":{"op":"Top"}},
"value":{"op":"Abs",
"params":[{"id":"#UID_C5E2",
"type":{"op":"Top"}}],
"body":{"op":"Abs",
"params":[{"id":"#UID_C5E3",
"type":{"op":"Top"}}],
"body":{"op":"Primitive",
"name":"write(OutStream, String): Unit",
"args":[{"op":"Var",
"id":"#UID_C5E2",
"type":{"op":"Ptr"}},
{"op":"Var",
"id":"#UID_C5E3",
"type":{"op":"String"}}],
"returns":[{"id":"#UID_C5E4",
"type":{"op":"Top"}}],
"rest":{"op":"Var",
"id":"#UID_C5E4",
"type":{"op":"Top"}}}}},
"export_as":[]}],
"body":{"op":"Let",
"definitions":[{"name":{"id":"#UID_C4B3",
"type":{"op":"Top"}},
"value":{"op":"Let",
"definitions":[{"name":{"id":"#UID_C5D4",
"type":{"op":"Top"}},
"value":{"op":"Var",
"id":"#UID_C44D",
"type":{"op":"Top"}},
"export_as":[]}],
"body":{"op":"Let",
"definitions":[{"name":{"id":"#UID_C5D5",
"type":{"op":"Top"}},
"value":{"op":"Var",
"id":"#UID_C5D4",
"type":{"op":"Top"}},
"export_as":[]}],
"body":{"op":"Let",
"definitions":[{"name":{"id":"#UID_C5D6",
"type":{"op":"Top"}},
"value":{"op":"Var",
"id":"#UID_C5D5",
"type":{"op":"Top"}},
"export_as":[]}],
"body":{"op":"Let",
"definitions":[{"name":{"id":"#UID_C5D7",
"type":{"op":"Top"}},
"value":{"op":"Var",
"id":"#UID_C5D6",
"type":{"op":"Top"}},
"export_as":[]}],
"body":{"op":"Let",
"definitions":[{"name":{"id":"#UID_C5D8",
"type":{"op":"Top"}},
"value":{"op":"Var",
"id":"#UID_C5D7",
"type":{"op":"Top"}},
"export_as":[]}],
"body":{"op":"Let",
"definitions":[{"name":{"id":"#UID_C5D9",
"type":{"op":"Top"}},
"value":{"op":"Var",
"id":"#UID_C5D8",
"type":{"op":"Top"}},
"export_as":[]}],
"body":{"op":"Let",
"definitions":[{"name":{"id":"#UID_C5DA",
"type":{"op":"Top"}},
"value":{"op":"Var",
"id":"#UID_C5D9",
"type":{"op":"Top"}},
"export_as":[]}],
"body":{"op":"Let",
"definitions":[{"name":{"id":"#UID_C5DB",
"type":{"op":"Top"}},
"value":{"op":"Var",
"id":"#UID_C5DA",
"type":{"op":"Top"}},
"export_as":[]}],
"body":{"op":"Let",
"definitions":[{"name":{"id":"#UID_C5DC",
"type":{"op":"Top"}},
"value":{"op":"Var",
"id":"#UID_C5DB",
"type":{"op":"Top"}},
"export_as":[]}],
"body":{"op":"Let",
"definitions":[{"name":{"id":"#UID_C5DD",
"type":{"op":"Top"}},
"value":{"op":"Var",
"id":"#UID_C5DC",
"type":{"op":"Top"}},
"export_as":[]}],
"body":{"op":"Let",
"definitions":[{"name":{"id":"#UID_C5DE",
"type":{"op":"Top"}},
"value":{"op":"Var",
"id":"#UID_C5DD",
"type":{"op":"Top"}},
"export_as":[]}],
"body":{"op":"Let",
"definitions":[{"name":{"id":"#UID_C5DF",
"type":{"op":"Top"}},
"value":{"op":"Var",
"id":"#UID_C5DE",
"type":{"op":"Top"}},
"export_as":[]}],
"body":{"op":"Let",
"definitions":[{"name":{"id":"#UID_C5E0",
"type":{"op":"Top"}},
"value":{"op":"Var",
"id":"#UID_C5DF",
"type":{"op":"Top"}},
"export_as":[]}],
"body":{"op":"Let",
"definitions":[{"name":{"id":"#UID_C5E1",
"type":{"op":"Top"}},
"value":{"op":"Var",
"id":"#UID_C5E0",
"type":{"op":"Top"}},
"export_as":[]}],
"body":{"op":"Var",
"id":"#UID_C5E1",
"type":{"op":"Top"}}}}}}}}}}}}}}}},
"export_as":[]}],
"body":{"op":"Let",
"definitions":[{"name":{"id":"#UID_C4B4",
"type":{"op":"Top"}},
"value":{"op":"Let",
"definitions":[{"name":{"id":"#UID_C4B5",
"type":{"op":"Top"}},
"value":{"op":"Let",
"definitions":[{"name":{"id":"#UID_C5B1",
"type":{"op":"Top"}},
"value":{"op":"Project",
"scrutinee":{"op":"Var",
"id":"#UID_C452",
"type":{"op":"Top"}},
"type_tag":"#UID_C5D3",
"tag":0,
"field":2},
"export_as":[]}],
"body":{"op":"Let",
"definitions":[{"name":{"id":"#UID_C5B2",
"type":{"op":"Top"}},
"value":{"op":"Project",
"scrutinee":{"op":"Var",
"id":"#UID_C454",
"type":{"op":"Top"}},
"type_tag":"#UID_C5D2",
"tag":0,
"field":2},
"export_as":[]}],
"body":{"op":"Let",
"definitions":[{"name":{"id":"#UID_C5B3",
"type":{"op":"Top"}},
"value":{"op":"Project",
"scrutinee":{"op":"Var",
"id":"#UID_C454",
"type":{"op":"Top"}},
"type_tag":"#UID_C5D1",
"tag":0,
"field":3},
"export_as":[]}],
"body":{"op":"Let",
"definitions":[{"name":{"id":"#UID_C5B4",
"type":{"op":"Top"}},
"value":{"op":"Project",
"scrutinee":{"op":"Var",
"id":"#UID_C456",
"type":{"op":"Top"}},
"type_tag":"#UID_C5D0",
"tag":0,
"field":2},
"export_as":[]}],
"body":{"op":"Let",
"definitions":[{"name":{"id":"#UID_C5B5",
"type":{"op":"Top"}},
"value":{"op":"Project",
"scrutinee":{"op":"Var",
"id":"#UID_C456",
"type":{"op":"Top"}},
"type_tag":"#UID_C5CF",
"tag":0,
"field":3},
"export_as":[]}],
"body":{"op":"Let",
"definitions":[{"name":{"id":"#UID_C5B6",
"type":{"op":"Top"}},
"value":{"op":"Project",
"scrutinee":{"op":"Var",
"id":"#UID_C458",
"type":{"op":"Top"}},
"type_tag":"#UID_C5CE",
"tag":0,
"field":2},
"export_as":[]}],
"body":{"op":"Let",
"definitions":[{"name":{"id":"#UID_C5B7",
"type":{"op":"Top"}},
"value":{"op":"Project",
"scrutinee":{"op":"Var",
"id":"#UID_C45A",
"type":{"op":"Top"}},
"type_tag":"#UID_C5CD",
"tag":0,
"field":2},
"export_as":[]}],
"body":{"op":"Let",
"definitions":[{"name":{"id":"#UID_C5B8",
"type":{"op":"Top"}},
"value":{"op":"Project",
"scrutinee":{"op":"Var",
"id":"#UID_C45A",
"type":{"op":"Top"}},
"type_tag":"#UID_C5CC",
"tag":0,
"field":3},
"export_as":[]}],
"body":{"op":"Let",
"definitions":[{"name":{"id":"#UID_C5B9",
"type":{"op":"Top"}},
"value":{"op":"Project",
"scrutinee":{"op":"Var",
"id":"#UID_C45C",
"type":{"op":"Top"}},
"type_tag":"#UID_C5CB",
"tag":0,
"field":2},
"export_as":[]}],
"body":{"op":"Let",
"definitions":[{"name":{"id":"#UID_C5BA",
"type":{"op":"Top"}},
"value":{"op":"Project",
"scrutinee":{"op":"Var",
"id":"#UID_C45C",
"type":{"op":"Top"}},
"type_tag":"#UID_C5CA",
"tag":0,
"field":3},
"export_as":[]}],
"body":{"op":"Let",
"definitions":[{"name":{"id":"#UID_C5BB",
"type":{"op":"Top"}},
"value":{"op":"Project",
"scrutinee":{"op":"Var",
"id":"#UID_C45E",
"type":{"op":"Top"}},
"type_tag":"#UID_C5C9",
"tag":0,
"field":2},
"export_as":[]}],
"body":{"op":"Let",
"definitions":[{"name":{"id":"#UID_C5BC",
"type":{"op":"Top"}},
"value":{"op":"Project",
"scrutinee":{"op":"Var",
"id":"#UID_C45E",
"type":{"op":"Top"}},
"type_tag":"#UID_C5C8",
"tag":0,
"field":3},
"export_as":[]}],
"body":{"op":"Let",
"definitions":[{"name":{"id":"#UID_C5BD",
"type":{"op":"Top"}},
"value":{"op":"Project",
"scrutinee":{"op":"Var",
"id":"#UID_C45E",
"type":{"op":"Top"}},
"type_tag":"#UID_C5C7",
"tag":0,
"field":4},
"export_as":[]}],
"body":{"op":"Let",
"definitions":[{"name":{"id":"#UID_C5BE",
"type":{"op":"Top"}},
"value":{"op":"Project",
"scrutinee":{"op":"Var",
"id":"#UID_C46A",
"type":{"op":"Top"}},
"type_tag":"#UID_C5C6",
"tag":0,
"field":2},
"export_as":[]}],
"body":{"op":"Let",
"definitions":[{"name":{"id":"#UID_C5BF",
"type":{"op":"Top"}},
"value":{"op":"Project",
"scrutinee":{"op":"Var",
"id":"#UID_C47F",
"type":{"op":"Top"}},
"type_tag":"#UID_C5C5",
"tag":0,
"field":2},
"export_as":[]}],
"body":{"op":"Let",
"definitions":[{"name":{"id":"#UID_C5C0",
"type":{"op":"Top"}},
"value":{"op":"Project",
"scrutinee":{"op":"Var",
"id":"#UID_C482",
"type":{"op":"Top"}},
"type_tag":"#UID_C5C4",
"tag":0,
"field":2},
"export_as":[]}],
"body":{"op":"Let",
"definitions":[{"name":{"id":"#UID_C5C1",
"type":{"op":"Top"}},
"value":{"op":"Project",
"scrutinee":{"op":"Var",
"id":"#UID_C485",
"type":{"op":"Top"}},
"type_tag":"#UID_C5C3",
"tag":0,
"field":2},
"export_as":[]}],
"body":{"op":"Construct",
"type_tag":"#UID_C5C2",
"tag":0,
"args":[{"op":"Var",
"id":"#UID_C44E",
"type":{"op":"Top"}},
{"op":"Var",
"id":"#UID_C44F",
"type":{"op":"Top"}},
{"op":"Var",
"id":"#UID_C450",
"type":{"op":"Top"}},
{"op":"Var",
"id":"#UID_C452",
"type":{"op":"Top"}},
{"op":"Var",
"id":"#UID_C5B1",
"type":{"op":"Top"}},
{"op":"Var",
"id":"#UID_C454",
"type":{"op":"Top"}},
{"op":"Var",
"id":"#UID_C5B2",
"type":{"op":"Top"}},
{"op":"Var",
"id":"#UID_C5B3",
"type":{"op":"Top"}},
{"op":"Var",
"id":"#UID_C456",
"type":{"op":"Top"}},
{"op":"Var",
"id":"#UID_C5B4",
"type":{"op":"Top"}},
{"op":"Var",
"id":"#UID_C5B5",
"type":{"op":"Top"}},
{"op":"Var",
"id":"#UID_C458",
"type":{"op":"Top"}},
{"op":"Var",
"id":"#UID_C5B6",
"type":{"op":"Top"}},
{"op":"Var",
"id":"#UID_C45A",
"type":{"op":"Top"}},
{"op":"Var",
"id":"#UID_C5B7",
"type":{"op":"Top"}},
{"op":"Var",
"id":"#UID_C5B8",
"type":{"op":"Top"}},
{"op":"Var",
"id":"#UID_C45C",
"type":{"op":"Top"}},
{"op":"Var",
"id":"#UID_C5B9",
"type":{"op":"Top"}},
{"op":"Var",
"id":"#UID_C5BA",
"type":{"op":"Top"}},
{"op":"Var",
"id":"#UID_C45E",
"type":{"op":"Top"}},
{"op":"Var",
"id":"#UID_C5BB",
"type":{"op":"Top"}},
{"op":"Var",
"id":"#UID_C5BC",
"type":{"op":"Top"}},
{"op":"Var",
"id":"#UID_C5BD",
"type":{"op":"Top"}},
{"op":"Var",
"id":"#UID_C45F",
"type":{"op":"Top"}},
{"op":"Var",
"id":"#UID_C460",
"type":{"op":"Top"}},
{"op":"Var",
"id":"#UID_C461",
"type":{"op":"Top"}},
{"op":"Var",
"id":"#UID_C462",
"type":{"op":"Top"}},
{"op":"Var",
"id":"#UID_C463",
"type":{"op":"Top"}},
{"op":"Var",
"id":"#UID_C464",
"type":{"op":"Top"}},
{"op":"Var",
"id":"#UID_C465",
"type":{"op":"Top"}},
{"op":"Var",
"id":"#UID_C466",
"type":{"op":"Top"}},
{"op":"Var",
"id":"#UID_C467",
"type":{"op":"Top"}},
{"op":"Var",
"id":"#UID_C468",
"type":{"op":"Top"}},
{"op":"Var",
"id":"#UID_C46A",
"type":{"op":"Top"}},
{"op":"Var",
"id":"#UID_C5BE",
"type":{"op":"Top"}},
{"op":"Var",
"id":"#UID_C47B",
"type":{"op":"Top"}},
{"op":"Var",
"id":"#UID_C47C",
"type":{"op":"Top"}},
{"op":"Var",
"id":"#UID_C47F",
"type":{"op":"Top"}},
{"op":"Var",
"id":"#UID_C5BF",
"type":{"op":"Top"}},
{"op":"Var",
"id":"#UID_C482",
"type":{"op":"Top"}},
{"op":"Var",
"id":"#UID_C5C0",
"type":{"op":"Top"}},
{"op":"Var",
"id":"#UID_C485",
"type":{"op":"Top"}},
{"op":"Var",
"id":"#UID_C5C1",
"type":{"op":"Top"}},
{"op":"Var",
"id":"#UID_C486",
"type":{"op":"Top"}},
{"op":"Var",
"id":"#UID_C487",
"type":{"op":"Top"}},
{"op":"Var",
"id":"#UID_C488",
"type":{"op":"Top"}},
{"op":"Var",
"id":"#UID_C489",
"type":{"op":"Top"}},
{"op":"Var",
"id":"#UID_C48A",
"type":{"op":"Top"}},
{"op":"Var",
"id":"#UID_C48B",
"type":{"op":"Top"}},
{"op":"Var",
"id":"#UID_C48C",
"type":{"op":"Top"}},
{"op":"Var",
"id":"#UID_C48D",
"type":{"op":"Top"}},
{"op":"Var",
"id":"#UID_C48E",
"type":{"op":"Top"}},
{"op":"Var",
"id":"#UID_C490",
"type":{"op":"Top"}},
{"op":"Var",
"id":"#UID_C492",
"type":{"op":"Top"}},
{"op":"Var",
"id":"#UID_C493",
"type":{"op":"Top"}},
{"op":"Var",
"id":"#UID_C494",
"type":{"op":"Top"}},
{"op":"Var",
"id":"#UID_C495",
"type":{"op":"Top"}},
{"op":"Var",
"id":"#UID_C496",
"type":{"op":"Top"}},
{"op":"Var",
"id":"#UID_C497",
"type":{"op":"Top"}},
{"op":"Var",
"id":"#UID_C498",
"type":{"op":"Top"}},
{"op":"Var",
"id":"#UID_C499",
"type":{"op":"Top"}},
{"op":"Var",
"id":"#UID_C49A",
"type":{"op":"Top"}},
{"op":"Var",
"id":"#UID_C49B",
"type":{"op":"Top"}},
{"op":"Var",
"id":"#UID_C49C",
"type":{"op":"Top"}},
{"op":"Var",
"id":"#UID_C49D",
"type":{"op":"Top"}},
{"op":"Var",
"id":"#UID_C49E",
"type":{"op":"Top"}},
{"op":"Var",
"id":"#UID_C49F",
"type":{"op":"Top"}},
{"op":"Var",
"id":"#UID_C4A0",
"type":{"op":"Top"}},
{"op":"Var",
"id":"#UID_C4A1",
"type":{"op":"Top"}},
{"op":"Var",
"id":"#UID_C4A2",
"type":{"op":"Top"}},
{"op":"Var",
"id":"#UID_C4A3",
"type":{"op":"Top"}},
{"op":"Var",
"id":"#UID_C4A6",
"type":{"op":"Top"}},
{"op":"Var",
"id":"#UID_C4A7",
"type":{"op":"Top"}},
{"op":"Var",
"id":"#UID_C4A8",
"type":{"op":"Top"}},
{"op":"Var",
"id":"#UID_C4A9",
"type":{"op":"Top"}},
{"op":"Var",
"id":"#UID_C4AA",
"type":{"op":"Top"}},
{"op":"Var",
"id":"#UID_C4AD",
"type":{"op":"Top"}},
{"op":"Var",
"id":"#UID_C4AE",
"type":{"op":"Top"}},
{"op":"Var",
"id":"#UID_C4AF",
"type":{"op":"Top"}},
{"op":"Var",
"id":"#UID_C4B0",
"type":{"op":"Top"}},
{"op":"Var",
"id":"#UID_C4B1",
"type":{"op":"Top"}},
{"op":"Var",
"id":"#UID_C4B2",
"type":{"op":"Top"}}]}}}}}}}}}}}}}}}}}},
"export_as":[]}],
"body":{"op":"Let",
"definitions":[{"name":{"id":"#UID_C4B6",
"type":{"op":"Top"}},
"value":{"op":"Let",
"definitions":[{"name":{"id":"#UID_C5AF",
"type":{"op":"Top"}},
"value":{"op":"Project",
"scrutinee":{"op":"Var",
"id":"#UID_C4B5",
"type":{"op":"Top"}},
"type_tag":"#UID_C5B0",
"tag":0,
"field":0},
"export_as":[]}],
"body":{"op":"Var",
"id":"#UID_C5AF",
"type":{"op":"Top"}}},
"export_as":[]}],
"body":{"op":"Let",
"definitions":[{"name":{"id":"#UID_C4B7",
"type":{"op":"Top"}},
"value":{"op":"Let",
"definitions":[{"name":{"id":"#UID_C5AD",
"type":{"op":"Top"}},
"value":{"op":"Project",
"scrutinee":{"op":"Var",
"id":"#UID_C4B5",
"type":{"op":"Top"}},
"type_tag":"#UID_C5AE",
"tag":0,
"field":1},
"export_as":[]}],
"body":{"op":"Var",
"id":"#UID_C5AD",
"type":{"op":"Top"}}},
"export_as":[]}],
"body":{"op":"Let",
"definitions":[{"name":{"id":"#UID_C4B8",
"type":{"op":"Top"}},
"value":{"op":"Let",
"definitions":[{"name":{"id":"#UID_C5AB",
"type":{"op":"Top"}},
"value":{"op":"Project",
"scrutinee":{"op":"Var",
"id":"#UID_C4B5",
"type":{"op":"Top"}},
"type_tag":"#UID_C5AC",
"tag":0,
"field":2},
"export_as":[]}],
"body":{"op":"Var",
"id":"#UID_C5AB",
"type":{"op":"Top"}}},
"export_as":[]}],
"body":{"op":"Let",
"definitions":[{"name":{"id":"#UID_C4B9",
"type":{"op":"Top"}},
"value":{"op":"Let",
"definitions":[{"name":{"id":"#UID_C5A9",
"type":{"op":"Top"}},
"value":{"op":"Project",
"scrutinee":{"op":"Var",
"id":"#UID_C4B5",
"type":{"op":"Top"}},
"type_tag":"#UID_C5AA",
"tag":0,
"field":3},
"export_as":[]}],
"body":{"op":"Var",
"id":"#UID_C5A9",
"type":{"op":"Top"}}},
"export_as":[]}],
"body":{"op":"Let",
"definitions":[{"name":{"id":"#UID_C4BA",
"type":{"op":"Top"}},
"value":{"op":"Let",
"definitions":[{"name":{"id":"#UID_C5A7",
"type":{"op":"Top"}},
"value":{"op":"Project",
"scrutinee":{"op":"Var",
"id":"#UID_C4B5",
"type":{"op":"Top"}},
"type_tag":"#UID_C5A8",
"tag":0,
"field":4},
"export_as":[]}],
"body":{"op":"Var",
"id":"#UID_C5A7",
"type":{"op":"Top"}}},
"export_as":[]}],
"body":{"op":"Let",
"definitions":[{"name":{"id":"#UID_C4BB",
"type":{"op":"Top"}},
"value":{"op":"Let",
"definitions":[{"name":{"id":"#UID_C5A5",
"type":{"op":"Top"}},
"value":{"op":"Project",
"scrutinee":{"op":"Var",
"id":"#UID_C4B5",
"type":{"op":"Top"}},
"type_tag":"#UID_C5A6",
"tag":0,
"field":5},
"export_as":[]}],
"body":{"op":"Var",
"id":"#UID_C5A5",
"type":{"op":"Top"}}},
"export_as":[]}],
"body":{"op":"Let",
"definitions":[{"name":{"id":"#UID_C4BC",
"type":{"op":"Top"}},
"value":{"op":"Let",
"definitions":[{"name":{"id":"#UID_C5A3",
"type":{"op":"Top"}},
"value":{"op":"Project",
"scrutinee":{"op":"Var",
"id":"#UID_C4B5",
"type":{"op":"Top"}},
"type_tag":"#UID_C5A4",
"tag":0,
"field":6},
"export_as":[]}],
"body":{"op":"Var",
"id":"#UID_C5A3",
"type":{"op":"Top"}}},
"export_as":[]}],
"body":{"op":"Let",
"definitions":[{"name":{"id":"#UID_C4BD",
"type":{"op":"Top"}},
"value":{"op":"Let",
"definitions":[{"name":{"id":"#UID_C5A1",
"type":{"op":"Top"}},
"value":{"op":"Project",
"scrutinee":{"op":"Var",
"id":"#UID_C4B5",
"type":{"op":"Top"}},
"type_tag":"#UID_C5A2",
"tag":0,
"field":7},
"export_as":[]}],
"body":{"op":"Var",
"id":"#UID_C5A1",
"type":{"op":"Top"}}},
"export_as":[]}],
"body":{"op":"Let",
"definitions":[{"name":{"id":"#UID_C4BE",
"type":{"op":"Top"}},
"value":{"op":"Let",
"definitions":[{"name":{"id":"#UID_C59F",
"type":{"op":"Top"}},
"value":{"op":"Project",
"scrutinee":{"op":"Var",
"id":"#UID_C4B5",
"type":{"op":"Top"}},
"type_tag":"#UID_C5A0",
"tag":0,
"field":8},
"export_as":[]}],
"body":{"op":"Var",
"id":"#UID_C59F",
"type":{"op":"Top"}}},
"export_as":[]}],
"body":{"op":"Let",
"definitions":[{"name":{"id":"#UID_C4BF",
"type":{"op":"Top"}},
"value":{"op":"Let",
"definitions":[{"name":{"id":"#UID_C59D",
"type":{"op":"Top"}},
"value":{"op":"Project",
"scrutinee":{"op":"Var",
"id":"#UID_C4B5",
"type":{"op":"Top"}},
"type_tag":"#UID_C59E",
"tag":0,
"field":11},
"export_as":[]}],
"body":{"op":"Var",
"id":"#UID_C59D",
"type":{"op":"Top"}}},
"export_as":[]}],
"body":{"op":"Let",
"definitions":[{"name":{"id":"#UID_C4C0",
"type":{"op":"Top"}},
"value":{"op":"Let",
"definitions":[{"name":{"id":"#UID_C59B",
"type":{"op":"Top"}},
"value":{"op":"Project",
"scrutinee":{"op":"Var",
"id":"#UID_C4B5",
"type":{"op":"Top"}},
"type_tag":"#UID_C59C",
"tag":0,
"field":13},
"export_as":[]}],
"body":{"op":"Var",
"id":"#UID_C59B",
"type":{"op":"Top"}}},
"export_as":[]}],
"body":{"op":"Let",
"definitions":[{"name":{"id":"#UID_C4C1",
"type":{"op":"Top"}},
"value":{"op":"Let",
"definitions":[{"name":{"id":"#UID_C599",
"type":{"op":"Top"}},
"value":{"op":"Project",
"scrutinee":{"op":"Var",
"id":"#UID_C4B5",
"type":{"op":"Top"}},
"type_tag":"#UID_C59A",
"tag":0,
"field":16},
"export_as":[]}],
"body":{"op":"Var",
"id":"#UID_C599",
"type":{"op":"Top"}}},
"export_as":[]}],
"body":{"op":"Let",
"definitions":[{"name":{"id":"#UID_C4C2",
"type":{"op":"Top"}},
"value":{"op":"Let",
"definitions":[{"name":{"id":"#UID_C597",
"type":{"op":"Top"}},
"value":{"op":"Project",
"scrutinee":{"op":"Var",
"id":"#UID_C4B5",
"type":{"op":"Top"}},
"type_tag":"#UID_C598",
"tag":0,
"field":19},
"export_as":[]}],
"body":{"op":"Var",
"id":"#UID_C597",
"type":{"op":"Top"}}},
"export_as":[]}],
"body":{"op":"Let",
"definitions":[{"name":{"id":"#UID_C4C3",
"type":{"op":"Top"}},
"value":{"op":"Let",
"definitions":[{"name":{"id":"#UID_C595",
"type":{"op":"Top"}},
"value":{"op":"Project",
"scrutinee":{"op":"Var",
"id":"#UID_C4B5",
"type":{"op":"Top"}},
"type_tag":"#UID_C596",
"tag":0,
"field":20},
"export_as":[]}],
"body":{"op":"Var",
"id":"#UID_C595",
"type":{"op":"Top"}}},
"export_as":[]}],
"body":{"op":"Let",
"definitions":[{"name":{"id":"#UID_C4C4",
"type":{"op":"Top"}},
"value":{"op":"Let",
"definitions":[{"name":{"id":"#UID_C593",
"type":{"op":"Top"}},
"value":{"op":"Project",
"scrutinee":{"op":"Var",
"id":"#UID_C4B5",
"type":{"op":"Top"}},
"type_tag":"#UID_C594",
"tag":0,
"field":21},
"export_as":[]}],
"body":{"op":"Var",
"id":"#UID_C593",
"type":{"op":"Top"}}},
"export_as":[]}],
"body":{"op":"Let",
"definitions":[{"name":{"id":"#UID_C4C5",
"type":{"op":"Top"}},
"value":{"op":"Let",
"definitions":[{"name":{"id":"#UID_C591",
"type":{"op":"Top"}},
"value":{"op":"Project",
"scrutinee":{"op":"Var",
"id":"#UID_C4B5",
"type":{"op":"Top"}},
"type_tag":"#UID_C592",
"tag":0,
"field":22},
"export_as":[]}],
"body":{"op":"Var",
"id":"#UID_C591",
"type":{"op":"Top"}}},
"export_as":[]}],
"body":{"op":"Let",
"definitions":[{"name":{"id":"#UID_C4C6",
"type":{"op":"Top"}},
"value":{"op":"Let",
"definitions":[{"name":{"id":"#UID_C58F",
"type":{"op":"Top"}},
"value":{"op":"Project",
"scrutinee":{"op":"Var",
"id":"#UID_C4B5",
"type":{"op":"Top"}},
"type_tag":"#UID_C590",
"tag":0,
"field":23},
"export_as":[]}],
"body":{"op":"Var",
"id":"#UID_C58F",
"type":{"op":"Top"}}},
"export_as":[]}],
"body":{"op":"Let",
"definitions":[{"name":{"id":"#UID_C4C7",
"type":{"op":"Top"}},
"value":{"op":"Let",
"definitions":[{"name":{"id":"#UID_C58D",
"type":{"op":"Top"}},
"value":{"op":"Project",
"scrutinee":{"op":"Var",
"id":"#UID_C4B5",
"type":{"op":"Top"}},
"type_tag":"#UID_C58E",
"tag":0,
"field":35},
"export_as":[]}],
"body":{"op":"Var",
"id":"#UID_C58D",
"type":{"op":"Top"}}},
"export_as":[]}],
"body":{"op":"Let",
"definitions":[{"name":{"id":"#UID_C4C8",
"type":{"op":"Top"}},
"value":{"op":"Let",
"definitions":[{"name":{"id":"#UID_C58B",
"type":{"op":"Top"}},
"value":{"op":"Project",
"scrutinee":{"op":"Var",
"id":"#UID_C4B5",
"type":{"op":"Top"}},
"type_tag":"#UID_C58C",
"tag":0,
"field":36},
"export_as":[]}],
"body":{"op":"Var",
"id":"#UID_C58B",
"type":{"op":"Top"}}},
"export_as":[]}],
"body":{"op":"Let",
"definitions":[{"name":{"id":"#UID_C4C9",
"type":{"op":"Top"}},
"value":{"op":"Let",
"definitions":[{"name":{"id":"#UID_C589",
"type":{"op":"Top"}},
"value":{"op":"Project",
"scrutinee":{"op":"Var",
"id":"#UID_C4B5",
"type":{"op":"Top"}},
"type_tag":"#UID_C58A",
"tag":0,
"field":32},
"export_as":[]}],
"body":{"op":"Var",
"id":"#UID_C589",
"type":{"op":"Top"}}},
"export_as":[]}],
"body":{"op":"Let",
"definitions":[{"name":{"id":"#UID_C4CA",
"type":{"op":"Top"}},
"value":{"op":"Let",
"definitions":[{"name":{"id":"#UID_C587",
"type":{"op":"Top"}},
"value":{"op":"Project",
"scrutinee":{"op":"Var",
"id":"#UID_C4B5",
"type":{"op":"Top"}},
"type_tag":"#UID_C588",
"tag":0,
"field":31},
"export_as":[]}],
"body":{"op":"Var",
"id":"#UID_C587",
"type":{"op":"Top"}}},
"export_as":[]}],
"body":{"op":"Let",
"definitions":[{"name":{"id":"#UID_C4CB",
"type":{"op":"Top"}},
"value":{"op":"Let",
"definitions":[{"name":{"id":"#UID_C585",
"type":{"op":"Top"}},
"value":{"op":"Project",
"scrutinee":{"op":"Var",
"id":"#UID_C4B5",
"type":{"op":"Top"}},
"type_tag":"#UID_C586",
"tag":0,
"field":37},
"export_as":[]}],
"body":{"op":"Var",
"id":"#UID_C585",
"type":{"op":"Top"}}},
"export_as":[]}],
"body":{"op":"Let",
"definitions":[{"name":{"id":"#UID_C4CC",
"type":{"op":"Top"}},
"value":{"op":"Let",
"definitions":[{"name":{"id":"#UID_C583",
"type":{"op":"Top"}},
"value":{"op":"Project",
"scrutinee":{"op":"Var",
"id":"#UID_C4B5",
"type":{"op":"Top"}},
"type_tag":"#UID_C584",
"tag":0,
"field":38},
"export_as":[]}],
"body":{"op":"Var",
"id":"#UID_C583",
"type":{"op":"Top"}}},
"export_as":[]}],
"body":{"op":"Let",
"definitions":[{"name":{"id":"#UID_C4CD",
"type":{"op":"Top"}},
"value":{"op":"Let",
"definitions":[{"name":{"id":"#UID_C581",
"type":{"op":"Top"}},
"value":{"op":"Project",
"scrutinee":{"op":"Var",
"id":"#UID_C4B5",
"type":{"op":"Top"}},
"type_tag":"#UID_C582",
"tag":0,
"field":39},
"export_as":[]}],
"body":{"op":"Var",
"id":"#UID_C581",
"type":{"op":"Top"}}},
"export_as":[]}],
"body":{"op":"Let",
"definitions":[{"name":{"id":"#UID_C4CE",
"type":{"op":"Top"}},
"value":{"op":"Let",
"definitions":[{"name":{"id":"#UID_C57F",
"type":{"op":"Top"}},
"value":{"op":"Project",
"scrutinee":{"op":"Var",
"id":"#UID_C4B5",
"type":{"op":"Top"}},
"type_tag":"#UID_C580",
"tag":0,
"field":41},
"export_as":[]}],
"body":{"op":"Var",
"id":"#UID_C57F",
"type":{"op":"Top"}}},
"export_as":[]}],
"body":{"op":"Let",
"definitions":[{"name":{"id":"#UID_C4CF",
"type":{"op":"Top"}},
"value":{"op":"Let",
"definitions":[{"name":{"id":"#UID_C57D",
"type":{"op":"Top"}},
"value":{"op":"Project",
"scrutinee":{"op":"Var",
"id":"#UID_C4B5",
"type":{"op":"Top"}},
"type_tag":"#UID_C57E",
"tag":0,
"field":42},
"export_as":[]}],
"body":{"op":"Var",
"id":"#UID_C57D",
"type":{"op":"Top"}}},
"export_as":[]}],
"body":{"op":"Let",
"definitions":[{"name":{"id":"#UID_C4D0",
"type":{"op":"Top"}},
"value":{"op":"Let",
"definitions":[{"name":{"id":"#UID_C57B",
"type":{"op":"Top"}},
"value":{"op":"Project",
"scrutinee":{"op":"Var",
"id":"#UID_C4B5",
"type":{"op":"Top"}},
"type_tag":"#UID_C57C",
"tag":0,
"field":43},
"export_as":[]}],
"body":{"op":"Var",
"id":"#UID_C57B",
"type":{"op":"Top"}}},
"export_as":[]}],
"body":{"op":"Let",
"definitions":[{"name":{"id":"#UID_C4D1",
"type":{"op":"Top"}},
"value":{"op":"Let",
"definitions":[{"name":{"id":"#UID_C579",
"type":{"op":"Top"}},
"value":{"op":"Project",
"scrutinee":{"op":"Var",
"id":"#UID_C4B5",
"type":{"op":"Top"}},
"type_tag":"#UID_C57A",
"tag":0,
"field":44},
"export_as":[]}],
"body":{"op":"Var",
"id":"#UID_C579",
"type":{"op":"Top"}}},
"export_as":[]}],
"body":{"op":"Let",
"definitions":[{"name":{"id":"#UID_C4D2",
"type":{"op":"Top"}},
"value":{"op":"Let",
"definitions":[{"name":{"id":"#UID_C577",
"type":{"op":"Top"}},
"value":{"op":"Project",
"scrutinee":{"op":"Var",
"id":"#UID_C4B5",
"type":{"op":"Top"}},
"type_tag":"#UID_C578",
"tag":0,
"field":45},
"export_as":[]}],
"body":{"op":"Var",
"id":"#UID_C577",
"type":{"op":"Top"}}},
"export_as":[]}],
"body":{"op":"Let",
"definitions":[{"name":{"id":"#UID_C4D3",
"type":{"op":"Top"}},
"value":{"op":"Let",
"definitions":[{"name":{"id":"#UID_C575",
"type":{"op":"Top"}},
"value":{"op":"Project",
"scrutinee":{"op":"Var",
"id":"#UID_C4B5",
"type":{"op":"Top"}},
"type_tag":"#UID_C576",
"tag":0,
"field":46},
"export_as":[]}],
"body":{"op":"Var",
"id":"#UID_C575",
"type":{"op":"Top"}}},
"export_as":[]}],
"body":{"op":"Let",
"definitions":[{"name":{"id":"#UID_C4D4",
"type":{"op":"Top"}},
"value":{"op":"Let",
"definitions":[{"name":{"id":"#UID_C573",
"type":{"op":"Top"}},
"value":{"op":"Project",
"scrutinee":{"op":"Var",
"id":"#UID_C4B5",
"type":{"op":"Top"}},
"type_tag":"#UID_C574",
"tag":0,
"field":47},
"export_as":[]}],
"body":{"op":"Var",
"id":"#UID_C573",
"type":{"op":"Top"}}},
"export_as":[]}],
"body":{"op":"Let",
"definitions":[{"name":{"id":"#UID_C4D5",
"type":{"op":"Top"}},
"value":{"op":"Let",
"definitions":[{"name":{"id":"#UID_C571",
"type":{"op":"Top"}},
"value":{"op":"Project",
"scrutinee":{"op":"Var",
"id":"#UID_C4B5",
"type":{"op":"Top"}},
"type_tag":"#UID_C572",
"tag":0,
"field":48},
"export_as":[]}],
"body":{"op":"Var",
"id":"#UID_C571",
"type":{"op":"Top"}}},
"export_as":[]}],
"body":{"op":"Let",
"definitions":[{"name":{"id":"#UID_C4D6",
"type":{"op":"Top"}},
"value":{"op":"Let",
"definitions":[{"name":{"id":"#UID_C56F",
"type":{"op":"Top"}},
"value":{"op":"Project",
"scrutinee":{"op":"Var",
"id":"#UID_C4B5",
"type":{"op":"Top"}},
"type_tag":"#UID_C570",
"tag":0,
"field":49},
"export_as":[]}],
"body":{"op":"Var",
"id":"#UID_C56F",
"type":{"op":"Top"}}},
"export_as":[]}],
"body":{"op":"Let",
"definitions":[{"name":{"id":"#UID_C4D7",
"type":{"op":"Top"}},
"value":{"op":"Let",
"definitions":[{"name":{"id":"#UID_C56D",
"type":{"op":"Top"}},
"value":{"op":"Project",
"scrutinee":{"op":"Var",
"id":"#UID_C4B5",
"type":{"op":"Top"}},
"type_tag":"#UID_C56E",
"tag":0,
"field":50},
"export_as":[]}],
"body":{"op":"Var",
"id":"#UID_C56D",
"type":{"op":"Top"}}},
"export_as":[]}],
"body":{"op":"Let",
"definitions":[{"name":{"id":"#UID_C4D8",
"type":{"op":"Top"}},
"value":{"op":"Let",
"definitions":[{"name":{"id":"#UID_C56B",
"type":{"op":"Top"}},
"value":{"op":"Project",
"scrutinee":{"op":"Var",
"id":"#UID_C4B5",
"type":{"op":"Top"}},
"type_tag":"#UID_C56C",
"tag":0,
"field":51},
"export_as":[]}],
"body":{"op":"Var",
"id":"#UID_C56B",
"type":{"op":"Top"}}},
"export_as":[]}],
"body":{"op":"Let",
"definitions":[{"name":{"id":"#UID_C4D9",
"type":{"op":"Top"}},
"value":{"op":"Let",
"definitions":[{"name":{"id":"#UID_C569",
"type":{"op":"Top"}},
"value":{"op":"Project",
"scrutinee":{"op":"Var",
"id":"#UID_C4B5",
"type":{"op":"Top"}},
"type_tag":"#UID_C56A",
"tag":0,
"field":52},
"export_as":[]}],
"body":{"op":"Var",
"id":"#UID_C569",
"type":{"op":"Top"}}},
"export_as":[]}],
"body":{"op":"Let",
"definitions":[{"name":{"id":"#UID_C4DA",
"type":{"op":"Top"}},
"value":{"op":"Let",
"definitions":[{"name":{"id":"#UID_C567",
"type":{"op":"Top"}},
"value":{"op":"Project",
"scrutinee":{"op":"Var",
"id":"#UID_C4B5",
"type":{"op":"Top"}},
"type_tag":"#UID_C568",
"tag":0,
"field":53},
"export_as":[]}],
"body":{"op":"Var",
"id":"#UID_C567",
"type":{"op":"Top"}}},
"export_as":[]}],
"body":{"op":"Let",
"definitions":[{"name":{"id":"#UID_C4DB",
"type":{"op":"Top"}},
"value":{"op":"Let",
"definitions":[{"name":{"id":"#UID_C565",
"type":{"op":"Top"}},
"value":{"op":"Project",
"scrutinee":{"op":"Var",
"id":"#UID_C4B5",
"type":{"op":"Top"}},
"type_tag":"#UID_C566",
"tag":0,
"field":54},
"export_as":[]}],
"body":{"op":"Var",
"id":"#UID_C565",
"type":{"op":"Top"}}},
"export_as":[]}],
"body":{"op":"Let",
"definitions":[{"name":{"id":"#UID_C4DC",
"type":{"op":"Top"}},
"value":{"op":"Let",
"definitions":[{"name":{"id":"#UID_C563",
"type":{"op":"Top"}},
"value":{"op":"Project",
"scrutinee":{"op":"Var",
"id":"#UID_C4B5",
"type":{"op":"Top"}},
"type_tag":"#UID_C564",
"tag":0,
"field":55},
"export_as":[]}],
"body":{"op":"Var",
"id":"#UID_C563",
"type":{"op":"Top"}}},
"export_as":[]}],
"body":{"op":"Let",
"definitions":[{"name":{"id":"#UID_C4DD",
"type":{"op":"Top"}},
"value":{"op":"Let",
"definitions":[{"name":{"id":"#UID_C561",
"type":{"op":"Top"}},
"value":{"op":"Project",
"scrutinee":{"op":"Var",
"id":"#UID_C4B5",
"type":{"op":"Top"}},
"type_tag":"#UID_C562",
"tag":0,
"field":56},
"export_as":[]}],
"body":{"op":"Var",
"id":"#UID_C561",
"type":{"op":"Top"}}},
"export_as":[]}],
"body":{"op":"Let",
"definitions":[{"name":{"id":"#UID_C4DE",
"type":{"op":"Top"}},
"value":{"op":"Let",
"definitions":[{"name":{"id":"#UID_C55F",
"type":{"op":"Top"}},
"value":{"op":"Project",
"scrutinee":{"op":"Var",
"id":"#UID_C4B5",
"type":{"op":"Top"}},
"type_tag":"#UID_C560",
"tag":0,
"field":57},
"export_as":[]}],
"body":{"op":"Var",
"id":"#UID_C55F",
"type":{"op":"Top"}}},
"export_as":[]}],
"body":{"op":"Let",
"definitions":[{"name":{"id":"#UID_C4DF",
"type":{"op":"Top"}},
"value":{"op":"Let",
"definitions":[{"name":{"id":"#UID_C55D",
"type":{"op":"Top"}},
"value":{"op":"Project",
"scrutinee":{"op":"Var",
"id":"#UID_C4B5",
"type":{"op":"Top"}},
"type_tag":"#UID_C55E",
"tag":0,
"field":58},
"export_as":[]}],
"body":{"op":"Var",
"id":"#UID_C55D",
"type":{"op":"Top"}}},
"export_as":[]}],
"body":{"op":"Let",
"definitions":[{"name":{"id":"#UID_C4E0",
"type":{"op":"Top"}},
"value":{"op":"Let",
"definitions":[{"name":{"id":"#UID_C55B",
"type":{"op":"Top"}},
"value":{"op":"Project",
"scrutinee":{"op":"Var",
"id":"#UID_C4B5",
"type":{"op":"Top"}},
"type_tag":"#UID_C55C",
"tag":0,
"field":59},
"export_as":[]}],
"body":{"op":"Var",
"id":"#UID_C55B",
"type":{"op":"Top"}}},
"export_as":[]}],
"body":{"op":"Let",
"definitions":[{"name":{"id":"#UID_C4E1",
"type":{"op":"Top"}},
"value":{"op":"Let",
"definitions":[{"name":{"id":"#UID_C559",
"type":{"op":"Top"}},
"value":{"op":"Project",
"scrutinee":{"op":"Var",
"id":"#UID_C4B5",
"type":{"op":"Top"}},
"type_tag":"#UID_C55A",
"tag":0,
"field":60},
"export_as":[]}],
"body":{"op":"Var",
"id":"#UID_C559",
"type":{"op":"Top"}}},
"export_as":[]}],
"body":{"op":"Let",
"definitions":[{"name":{"id":"#UID_C4E2",
"type":{"op":"Top"}},
"value":{"op":"Let",
"definitions":[{"name":{"id":"#UID_C557",
"type":{"op":"Top"}},
"value":{"op":"Project",
"scrutinee":{"op":"Var",
"id":"#UID_C4B5",
"type":{"op":"Top"}},
"type_tag":"#UID_C558",
"tag":0,
"field":61},
"export_as":[]}],
"body":{"op":"Var",
"id":"#UID_C557",
"type":{"op":"Top"}}},
"export_as":[]}],
"body":{"op":"Let",
"definitions":[{"name":{"id":"#UID_C4E3",
"type":{"op":"Top"}},
"value":{"op":"Let",
"definitions":[{"name":{"id":"#UID_C555",
"type":{"op":"Top"}},
"value":{"op":"Project",
"scrutinee":{"op":"Var",
"id":"#UID_C4B5",
"type":{"op":"Top"}},
"type_tag":"#UID_C556",
"tag":0,
"field":62},
"export_as":[]}],
"body":{"op":"Var",
"id":"#UID_C555",
"type":{"op":"Top"}}},
"export_as":[]}],
"body":{"op":"Let",
"definitions":[{"name":{"id":"#UID_C4E4",
"type":{"op":"Top"}},
"value":{"op":"Let",
"definitions":[{"name":{"id":"#UID_C553",
"type":{"op":"Top"}},
"value":{"op":"Project",
"scrutinee":{"op":"Var",
"id":"#UID_C4B5",
"type":{"op":"Top"}},
"type_tag":"#UID_C554",
"tag":0,
"field":29},
"export_as":[]}],
"body":{"op":"Var",
"id":"#UID_C553",
"type":{"op":"Top"}}},
"export_as":[]}],
"body":{"op":"Let",
"definitions":[{"name":{"id":"#UID_C4E5",
"type":{"op":"Top"}},
"value":{"op":"Let",
"definitions":[{"name":{"id":"#UID_C551",
"type":{"op":"Top"}},
"value":{"op":"Project",
"scrutinee":{"op":"Var",
"id":"#UID_C4B5",
"type":{"op":"Top"}},
"type_tag":"#UID_C552",
"tag":0,
"field":30},
"export_as":[]}],
"body":{"op":"Var",
"id":"#UID_C551",
"type":{"op":"Top"}}},
"export_as":[]}],
"body":{"op":"Let",
"definitions":[{"name":{"id":"#UID_C4E6",
"type":{"op":"Top"}},
"value":{"op":"Let",
"definitions":[{"name":{"id":"#UID_C54D",
"type":{"op":"Top"}},
"value":{"op":"Project",
"scrutinee":{"op":"Var",
"id":"#UID_C4B5",
"type":{"op":"Top"}},
"type_tag":"#UID_C550",
"tag":0,
"field":63},
"export_as":[]}],
"body":{"op":"Let",
"definitions":[{"name":{"id":"#UID_C54E",
"type":{"op":"Top"}},
"value":{"op":"Var",
"id":"#UID_C54D",
"type":{"op":"Top"}},
"export_as":[]}],
"body":{"op":"Let",
"definitions":[{"name":{"id":"#UID_C54F",
"type":{"op":"Top"}},
"value":{"op":"Var",
"id":"#UID_C54E",
"type":{"op":"Top"}},
"export_as":[]}],
"body":{"op":"Var",
"id":"#UID_C54F",
"type":{"op":"Top"}}}}},
"export_as":[]}],
"body":{"op":"Let",
"definitions":[{"name":{"id":"#UID_C4E7",
"type":{"op":"Top"}},
"value":{"op":"Let",
"definitions":[{"name":{"id":"#UID_C549",
"type":{"op":"Top"}},
"value":{"op":"Project",
"scrutinee":{"op":"Var",
"id":"#UID_C4B5",
"type":{"op":"Top"}},
"type_tag":"#UID_C54C",
"tag":0,
"field":64},
"export_as":[]}],
"body":{"op":"Let",
"definitions":[{"name":{"id":"#UID_C54A",
"type":{"op":"Top"}},
"value":{"op":"Var",
"id":"#UID_C549",
"type":{"op":"Top"}},
"export_as":[]}],
"body":{"op":"Let",
"definitions":[{"name":{"id":"#UID_C54B",
"type":{"op":"Top"}},
"value":{"op":"Var",
"id":"#UID_C54A",
"type":{"op":"Top"}},
"export_as":[]}],
"body":{"op":"Var",
"id":"#UID_C54B",
"type":{"op":"Top"}}}}},
"export_as":[]}],
"body":{"op":"Let",
"definitions":[{"name":{"id":"#UID_C4E8",
"type":{"op":"Top"}},
"value":{"op":"Let",
"definitions":[{"name":{"id":"#UID_C547",
"type":{"op":"Top"}},
"value":{"op":"Project",
"scrutinee":{"op":"Var",
"id":"#UID_C4B5",
"type":{"op":"Top"}},
"type_tag":"#UID_C548",
"tag":0,
"field":65},
"export_as":[]}],
"body":{"op":"Var",
"id":"#UID_C547",
"type":{"op":"Top"}}},
"export_as":[]}],
"body":{"op":"Let",
"definitions":[{"name":{"id":"#UID_C4E9",
"type":{"op":"Top"}},
"value":{"op":"Let",
"definitions":[{"name":{"id":"#UID_C545",
"type":{"op":"Top"}},
"value":{"op":"Project",
"scrutinee":{"op":"Var",
"id":"#UID_C4B5",
"type":{"op":"Top"}},
"type_tag":"#UID_C546",
"tag":0,
"field":66},
"export_as":[]}],
"body":{"op":"Var",
"id":"#UID_C545",
"type":{"op":"Top"}}},
"export_as":[]}],
"body":{"op":"Let",
"definitions":[{"name":{"id":"#UID_C4EA",
"type":{"op":"Top"}},
"value":{"op":"Let",
"definitions":[{"name":{"id":"#UID_C543",
"type":{"op":"Top"}},
"value":{"op":"Project",
"scrutinee":{"op":"Var",
"id":"#UID_C4B5",
"type":{"op":"Top"}},
"type_tag":"#UID_C544",
"tag":0,
"field":67},
"export_as":[]}],
"body":{"op":"Var",
"id":"#UID_C543",
"type":{"op":"Top"}}},
"export_as":[]}],
"body":{"op":"Let",
"definitions":[{"name":{"id":"#UID_C4EB",
"type":{"op":"Top"}},
"value":{"op":"Let",
"definitions":[{"name":{"id":"#UID_C541",
"type":{"op":"Top"}},
"value":{"op":"Project",
"scrutinee":{"op":"Var",
"id":"#UID_C4B5",
"type":{"op":"Top"}},
"type_tag":"#UID_C542",
"tag":0,
"field":68},
"export_as":[]}],
"body":{"op":"Var",
"id":"#UID_C541",
"type":{"op":"Top"}}},
"export_as":[]}],
"body":{"op":"Let",
"definitions":[{"name":{"id":"#UID_C4EC",
"type":{"op":"Top"}},
"value":{"op":"Let",
"definitions":[{"name":{"id":"#UID_C53F",
"type":{"op":"Top"}},
"value":{"op":"Project",
"scrutinee":{"op":"Var",
"id":"#UID_C4B5",
"type":{"op":"Top"}},
"type_tag":"#UID_C540",
"tag":0,
"field":69},
"export_as":[]}],
"body":{"op":"Var",
"id":"#UID_C53F",
"type":{"op":"Top"}}},
"export_as":[]}],
"body":{"op":"Let",
"definitions":[{"name":{"id":"#UID_C4ED",
"type":{"op":"Top"}},
"value":{"op":"Let",
"definitions":[{"name":{"id":"#UID_C53D",
"type":{"op":"Top"}},
"value":{"op":"Project",
"scrutinee":{"op":"Var",
"id":"#UID_C4B5",
"type":{"op":"Top"}},
"type_tag":"#UID_C53E",
"tag":0,
"field":70},
"export_as":[]}],
"body":{"op":"Var",
"id":"#UID_C53D",
"type":{"op":"Top"}}},
"export_as":[]}],
"body":{"op":"Let",
"definitions":[{"name":{"id":"#UID_C4EE",
"type":{"op":"Top"}},
"value":{"op":"Let",
"definitions":[{"name":{"id":"#UID_C53B",
"type":{"op":"Top"}},
"value":{"op":"Project",
"scrutinee":{"op":"Var",
"id":"#UID_C4B5",
"type":{"op":"Top"}},
"type_tag":"#UID_C53C",
"tag":0,
"field":24},
"export_as":[]}],
"body":{"op":"Var",
"id":"#UID_C53B",
"type":{"op":"Top"}}},
"export_as":[]}],
"body":{"op":"Let",
"definitions":[{"name":{"id":"#UID_C4EF",
"type":{"op":"Top"}},
"value":{"op":"Let",
"definitions":[{"name":{"id":"#UID_C539",
"type":{"op":"Top"}},
"value":{"op":"Project",
"scrutinee":{"op":"Var",
"id":"#UID_C4B5",
"type":{"op":"Top"}},
"type_tag":"#UID_C53A",
"tag":0,
"field":25},
"export_as":[]}],
"body":{"op":"Var",
"id":"#UID_C539",
"type":{"op":"Top"}}},
"export_as":[]}],
"body":{"op":"Let",
"definitions":[{"name":{"id":"#UID_C4F0",
"type":{"op":"Top"}},
"value":{"op":"Let",
"definitions":[{"name":{"id":"#UID_C537",
"type":{"op":"Top"}},
"value":{"op":"Project",
"scrutinee":{"op":"Var",
"id":"#UID_C4B5",
"type":{"op":"Top"}},
"type_tag":"#UID_C538",
"tag":0,
"field":26},
"export_as":[]}],
"body":{"op":"Var",
"id":"#UID_C537",
"type":{"op":"Top"}}},
"export_as":[]}],
"body":{"op":"Let",
"definitions":[{"name":{"id":"#UID_C4F1",
"type":{"op":"Top"}},
"value":{"op":"Let",
"definitions":[{"name":{"id":"#UID_C535",
"type":{"op":"Top"}},
"value":{"op":"Project",
"scrutinee":{"op":"Var",
"id":"#UID_C4B5",
"type":{"op":"Top"}},
"type_tag":"#UID_C536",
"tag":0,
"field":27},
"export_as":[]}],
"body":{"op":"Var",
"id":"#UID_C535",
"type":{"op":"Top"}}},
"export_as":[]}],
"body":{"op":"Let",
"definitions":[{"name":{"id":"#UID_C4F2",
"type":{"op":"Top"}},
"value":{"op":"Let",
"definitions":[{"name":{"id":"#UID_C530",
"type":{"op":"Top"}},
"value":{"op":"Project",
"scrutinee":{"op":"Var",
"id":"#UID_C4B5",
"type":{"op":"Top"}},
"type_tag":"#UID_C534",
"tag":0,
"field":71},
"export_as":[]}],
"body":{"op":"Let",
"definitions":[{"name":{"id":"#UID_C531",
"type":{"op":"Top"}},
"value":{"op":"Project",
"scrutinee":{"op":"Var",
"id":"#UID_C530",
"type":{"op":"Top"}},
"type_tag":"#UID_C533",
"tag":0,
"field":0},
"export_as":[]}],
"body":{"op":"Construct",
"type_tag":"#UID_C532",
"tag":0,
"args":[]}}},
"export_as":[]}],
"body":{"op":"Let",
"definitions":[{"name":{"id":"#UID_C4F3",
"type":{"op":"Top"}},
"value":{"op":"Let",
"definitions":[{"name":{"id":"#UID_C52E",
"type":{"op":"Top"}},
"value":{"op":"Project",
"scrutinee":{"op":"Var",
"id":"#UID_C4B5",
"type":{"op":"Top"}},
"type_tag":"#UID_C52F",
"tag":0,
"field":72},
"export_as":[]}],
"body":{"op":"Var",
"id":"#UID_C52E",
"type":{"op":"Top"}}},
"export_as":[]}],
"body":{"op":"Let",
"definitions":[{"name":{"id":"#UID_C4F4",
"type":{"op":"Top"}},
"value":{"op":"Let",
"definitions":[{"name":{"id":"#UID_C52C",
"type":{"op":"Top"}},
"value":{"op":"Project",
"scrutinee":{"op":"Var",
"id":"#UID_C4B5",
"type":{"op":"Top"}},
"type_tag":"#UID_C52D",
"tag":0,
"field":73},
"export_as":[]}],
"body":{"op":"Var",
"id":"#UID_C52C",
"type":{"op":"Top"}}},
"export_as":[]}],
"body":{"op":"Let",
"definitions":[{"name":{"id":"#UID_C4F5",
"type":{"op":"Top"}},
"value":{"op":"Let",
"definitions":[{"name":{"id":"#UID_C52A",
"type":{"op":"Top"}},
"value":{"op":"Project",
"scrutinee":{"op":"Var",
"id":"#UID_C4B5",
"type":{"op":"Top"}},
"type_tag":"#UID_C52B",
"tag":0,
"field":74},
"export_as":[]}],
"body":{"op":"Var",
"id":"#UID_C52A",
"type":{"op":"Top"}}},
"export_as":[]}],
"body":{"op":"Let",
"definitions":[{"name":{"id":"#UID_C4F6",
"type":{"op":"Top"}},
"value":{"op":"Let",
"definitions":[{"name":{"id":"#UID_C528",
"type":{"op":"Top"}},
"value":{"op":"Project",
"scrutinee":{"op":"Var",
"id":"#UID_C4B5",
"type":{"op":"Top"}},
"type_tag":"#UID_C529",
"tag":0,
"field":75},
"export_as":[]}],
"body":{"op":"Var",
"id":"#UID_C528",
"type":{"op":"Top"}}},
"export_as":[]}],
"body":{"op":"Let",
"definitions":[{"name":{"id":"#UID_C4F7",
"type":{"op":"Top"}},
"value":{"op":"Let",
"definitions":[{"name":{"id":"#UID_C523",
"type":{"op":"Top"}},
"value":{"op":"Project",
"scrutinee":{"op":"Var",
"id":"#UID_C4B5",
"type":{"op":"Top"}},
"type_tag":"#UID_C527",
"tag":0,
"field":76},
"export_as":[]}],
"body":{"op":"Let",
"definitions":[{"name":{"id":"#UID_C524",
"type":{"op":"Top"}},
"value":{"op":"Project",
"scrutinee":{"op":"Var",
"id":"#UID_C523",
"type":{"op":"Top"}},
"type_tag":"#UID_C526",
"tag":0,
"field":0},
"export_as":[]}],
"body":{"op":"Construct",
"type_tag":"#UID_C525",
"tag":0,
"args":[]}}},
"export_as":[]}],
"body":{"op":"Let",
"definitions":[{"name":{"id":"#UID_C4F8",
"type":{"op":"Top"}},
"value":{"op":"Let",
"definitions":[{"name":{"id":"#UID_C521",
"type":{"op":"Top"}},
"value":{"op":"Project",
"scrutinee":{"op":"Var",
"id":"#UID_C4B5",
"type":{"op":"Top"}},
"type_tag":"#UID_C522",
"tag":0,
"field":77},
"export_as":[]}],
"body":{"op":"Var",
"id":"#UID_C521",
"type":{"op":"Top"}}},
"export_as":[]}],
"body":{"op":"Let",
"definitions":[{"name":{"id":"#UID_C4F9",
"type":{"op":"Top"}},
"value":{"op":"Let",
"definitions":[{"name":{"id":"#UID_C51F",
"type":{"op":"Top"}},
"value":{"op":"Project",
"scrutinee":{"op":"Var",
"id":"#UID_C4B5",
"type":{"op":"Top"}},
"type_tag":"#UID_C520",
"tag":0,
"field":78},
"export_as":[]}],
"body":{"op":"Var",
"id":"#UID_C51F",
"type":{"op":"Top"}}},
"export_as":[]}],
"body":{"op":"Let",
"definitions":[{"name":{"id":"#UID_C4FA",
"type":{"op":"Top"}},
"value":{"op":"Let",
"definitions":[{"name":{"id":"#UID_C51D",
"type":{"op":"Top"}},
"value":{"op":"Project",
"scrutinee":{"op":"Var",
"id":"#UID_C4B5",
"type":{"op":"Top"}},
"type_tag":"#UID_C51E",
"tag":0,
"field":79},
"export_as":[]}],
"body":{"op":"Var",
"id":"#UID_C51D",
"type":{"op":"Top"}}},
"export_as":[]}],
"body":{"op":"Let",
"definitions":[{"name":{"id":"#UID_C4FB",
"type":{"op":"Top"}},
"value":{"op":"Let",
"definitions":[{"name":{"id":"#UID_C51B",
"type":{"op":"Top"}},
"value":{"op":"Project",
"scrutinee":{"op":"Var",
"id":"#UID_C4B5",
"type":{"op":"Top"}},
"type_tag":"#UID_C51C",
"tag":0,
"field":80},
"export_as":[]}],
"body":{"op":"Var",
"id":"#UID_C51B",
"type":{"op":"Top"}}},
"export_as":[]}],
"body":{"op":"Let",
"definitions":[{"name":{"id":"#UID_C4FC",
"type":{"op":"Top"}},
"value":{"op":"Let",
"definitions":[{"name":{"id":"#UID_C519",
"type":{"op":"Top"}},
"value":{"op":"Project",
"scrutinee":{"op":"Var",
"id":"#UID_C4B5",
"type":{"op":"Top"}},
"type_tag":"#UID_C51A",
"tag":0,
"field":81},
"export_as":[]}],
"body":{"op":"Var",
"id":"#UID_C519",
"type":{"op":"Top"}}},
"export_as":[]}],
"body":{"op":"Construct",
"type_tag":"#UID_C518",
"tag":0,
"args":[{"op":"Var",
"id":"#UID_C4B6",
"type":{"op":"Top"}},
{"op":"Var",
"id":"#UID_C4B7",
"type":{"op":"Top"}},
{"op":"Var",
"id":"#UID_C4B8",
"type":{"op":"Top"}},
{"op":"Var",
"id":"#UID_C4B9",
"type":{"op":"Top"}},
{"op":"Var",
"id":"#UID_C4BA",
"type":{"op":"Top"}},
{"op":"Var",
"id":"#UID_C4BB",
"type":{"op":"Top"}},
{"op":"Var",
"id":"#UID_C4BC",
"type":{"op":"Top"}},
{"op":"Var",
"id":"#UID_C4BD",
"type":{"op":"Top"}},
{"op":"Var",
"id":"#UID_C4BE",
"type":{"op":"Top"}},
{"op":"Let",
"definitions":[{"name":{"id":"#UID_C4FD",
"type":{"op":"Top"}},
"value":{"op":"Project",
"scrutinee":{"op":"Var",
"id":"#UID_C4B5",
"type":{"op":"Top"}},
"type_tag":"#UID_C4FF",
"tag":0,
"field":9},
"export_as":[]}],
"body":{"op":"Let",
"definitions":[{"name":{"id":"#UID_C4FE",
"type":{"op":"Top"}},
"value":{"op":"Var",
"id":"#UID_C4FD",
"type":{"op":"Top"}},
"export_as":[]}],
"body":{"op":"Var",
"id":"#UID_C4FE",
"type":{"op":"Top"}}}},
{"op":"Let",
"definitions":[{"name":{"id":"#UID_C500",
"type":{"op":"Top"}},
"value":{"op":"Project",
"scrutinee":{"op":"Var",
"id":"#UID_C4B5",
"type":{"op":"Top"}},
"type_tag":"#UID_C502",
"tag":0,
"field":10},
"export_as":[]}],
"body":{"op":"Let",
"definitions":[{"name":{"id":"#UID_C501",
"type":{"op":"Top"}},
"value":{"op":"Var",
"id":"#UID_C500",
"type":{"op":"Top"}},
"export_as":[]}],
"body":{"op":"Var",
"id":"#UID_C501",
"type":{"op":"Top"}}}},
{"op":"Var",
"id":"#UID_C4BF",
"type":{"op":"Top"}},
{"op":"Let",
"definitions":[{"name":{"id":"#UID_C503",
"type":{"op":"Top"}},
"value":{"op":"Project",
"scrutinee":{"op":"Var",
"id":"#UID_C4B5",
"type":{"op":"Top"}},
"type_tag":"#UID_C506",
"tag":0,
"field":12},
"export_as":[]}],
"body":{"op":"Let",
"definitions":[{"name":{"id":"#UID_C504",
"type":{"op":"Top"}},
"value":{"op":"Var",
"id":"#UID_C503",
"type":{"op":"Top"}},
"export_as":[]}],
"body":{"op":"Let",
"definitions":[{"name":{"id":"#UID_C505",
"type":{"op":"Top"}},
"value":{"op":"Var",
"id":"#UID_C504",
"type":{"op":"Top"}},
"export_as":[]}],
"body":{"op":"Var",
"id":"#UID_C505",
"type":{"op":"Top"}}}}},
{"op":"Var",
"id":"#UID_C4C0",
"type":{"op":"Top"}},
{"op":"Let",
"definitions":[{"name":{"id":"#UID_C507",
"type":{"op":"Top"}},
"value":{"op":"Project",
"scrutinee":{"op":"Var",
"id":"#UID_C4B5",
"type":{"op":"Top"}},
"type_tag":"#UID_C50A",
"tag":0,
"field":14},
"export_as":[]}],
"body":{"op":"Let",
"definitions":[{"name":{"id":"#UID_C508",
"type":{"op":"Top"}},
"value":{"op":"Var",
"id":"#UID_C507",
"type":{"op":"Top"}},
"export_as":[]}],
"body":{"op":"Let",
"definitions":[{"name":{"id":"#UID_C509",
"type":{"op":"Top"}},
"value":{"op":"Var",
"id":"#UID_C508",
"type":{"op":"Top"}},
"export_as":[]}],
"body":{"op":"Var",
"id":"#UID_C509",
"type":{"op":"Top"}}}}},
{"op":"Let",
"definitions":[{"name":{"id":"#UID_C50B",
"type":{"op":"Top"}},
"value":{"op":"Project",
"scrutinee":{"op":"Var",
"id":"#UID_C4B5",
"type":{"op":"Top"}},
"type_tag":"#UID_C50E",
"tag":0,
"field":15},
"export_as":[]}],
"body":{"op":"Let",
"definitions":[{"name":{"id":"#UID_C50C",
"type":{"op":"Top"}},
"value":{"op":"Var",
"id":"#UID_C50B",
"type":{"op":"Top"}},
"export_as":[]}],
"body":{"op":"Let",
"definitions":[{"name":{"id":"#UID_C50D",
"type":{"op":"Top"}},
"value":{"op":"Var",
"id":"#UID_C50C",
"type":{"op":"Top"}},
"export_as":[]}],
"body":{"op":"Var",
"id":"#UID_C50D",
"type":{"op":"Top"}}}}},
{"op":"Var",
"id":"#UID_C4C1",
"type":{"op":"Top"}},
{"op":"Let",
"definitions":[{"name":{"id":"#UID_C50F",
"type":{"op":"Top"}},
"value":{"op":"Project",
"scrutinee":{"op":"Var",
"id":"#UID_C4B5",
"type":{"op":"Top"}},
"type_tag":"#UID_C511",
"tag":0,
"field":17},
"export_as":[]}],
"body":{"op":"Let",
"definitions":[{"name":{"id":"#UID_C510",
"type":{"op":"Top"}},
"value":{"op":"Var",
"id":"#UID_C50F",
"type":{"op":"Top"}},
"export_as":[]}],
"body":{"op":"Var",
"id":"#UID_C510",
"type":{"op":"Top"}}}},
{"op":"Let",
"definitions":[{"name":{"id":"#UID_C512",
"type":{"op":"Top"}},
"value":{"op":"Project",
"scrutinee":{"op":"Var",
"id":"#UID_C4B5",
"type":{"op":"Top"}},
"type_tag":"#UID_C514",
"tag":0,
"field":18},
"export_as":[]}],
"body":{"op":"Let",
"definitions":[{"name":{"id":"#UID_C513",
"type":{"op":"Top"}},
"value":{"op":"Var",
"id":"#UID_C512",
"type":{"op":"Top"}},
"export_as":[]}],
"body":{"op":"Var",
"id":"#UID_C513",
"type":{"op":"Top"}}}},
{"op":"Var",
"id":"#UID_C4C2",
"type":{"op":"Top"}},
{"op":"Var",
"id":"#UID_C4C3",
"type":{"op":"Top"}},
{"op":"Var",
"id":"#UID_C4C4",
"type":{"op":"Top"}},
{"op":"Var",
"id":"#UID_C4C5",
"type":{"op":"Top"}},
{"op":"Var",
"id":"#UID_C4C6",
"type":{"op":"Top"}},
{"op":"Var",
"id":"#UID_C4C7",
"type":{"op":"Top"}},
{"op":"Var",
"id":"#UID_C4C8",
"type":{"op":"Top"}},
{"op":"Var",
"id":"#UID_C4C9",
"type":{"op":"Top"}},
{"op":"Var",
"id":"#UID_C4CA",
"type":{"op":"Top"}},
{"op":"Var",
"id":"#UID_C4CB",
"type":{"op":"Top"}},
{"op":"Var",
"id":"#UID_C4CC",
"type":{"op":"Top"}},
{"op":"Var",
"id":"#UID_C4CD",
"type":{"op":"Top"}},
{"op":"Let",
"definitions":[{"name":{"id":"#UID_C515",
"type":{"op":"Top"}},
"value":{"op":"Project",
"scrutinee":{"op":"Var",
"id":"#UID_C4B5",
"type":{"op":"Top"}},
"type_tag":"#UID_C517",
"tag":0,
"field":40},
"export_as":[]}],
"body":{"op":"Let",
"definitions":[{"name":{"id":"#UID_C516",
"type":{"op":"Top"}},
"value":{"op":"Var",
"id":"#UID_C515",
"type":{"op":"Top"}},
"export_as":[]}],
"body":{"op":"Var",
"id":"#UID_C516",
"type":{"op":"Top"}}}},
{"op":"Var",
"id":"#UID_C4CE",
"type":{"op":"Top"}},
{"op":"Var",
"id":"#UID_C4CF",
"type":{"op":"Top"}},
{"op":"Var",
"id":"#UID_C4D0",
"type":{"op":"Top"}},
{"op":"Var",
"id":"#UID_C4D1",
"type":{"op":"Top"}},
{"op":"Var",
"id":"#UID_C4D2",
"type":{"op":"Top"}},
{"op":"Var",
"id":"#UID_C4D3",
"type":{"op":"Top"}},
{"op":"Var",
"id":"#UID_C4D4",
"type":{"op":"Top"}},
{"op":"Var",
"id":"#UID_C4D5",
"type":{"op":"Top"}},
{"op":"Var",
"id":"#UID_C4D6",
"type":{"op":"Top"}},
{"op":"Var",
"id":"#UID_C4D7",
"type":{"op":"Top"}},
{"op":"Var",
"id":"#UID_C4D8",
"type":{"op":"Top"}},
{"op":"Var",
"id":"#UID_C4D9",
"type":{"op":"Top"}},
{"op":"Var",
"id":"#UID_C4DA",
"type":{"op":"Top"}},
{"op":"Var",
"id":"#UID_C4DB",
"type":{"op":"Top"}},
{"op":"Var",
"id":"#UID_C4DC",
"type":{"op":"Top"}},
{"op":"Var",
"id":"#UID_C4DD",
"type":{"op":"Top"}},
{"op":"Var",
"id":"#UID_C4DE",
"type":{"op":"Top"}},
{"op":"Var",
"id":"#UID_C4DF",
"type":{"op":"Top"}},
{"op":"Var",
"id":"#UID_C4E0",
"type":{"op":"Top"}},
{"op":"Var",
"id":"#UID_C4E1",
"type":{"op":"Top"}},
{"op":"Var",
"id":"#UID_C4E2",
"type":{"op":"Top"}},
{"op":"Var",
"id":"#UID_C4E3",
"type":{"op":"Top"}},
{"op":"Var",
"id":"#UID_C4E4",
"type":{"op":"Top"}},
{"op":"Var",
"id":"#UID_C4E5",
"type":{"op":"Top"}},
{"op":"Var",
"id":"#UID_C4E6",
"type":{"op":"Top"}},
{"op":"Var",
"id":"#UID_C4E7",
"type":{"op":"Top"}},
{"op":"Var",
"id":"#UID_C4E8",
"type":{"op":"Top"}},
{"op":"Var",
"id":"#UID_C4E9",
"type":{"op":"Top"}},
{"op":"Var",
"id":"#UID_C4EA",
"type":{"op":"Top"}},
{"op":"Var",
"id":"#UID_C4EB",
"type":{"op":"Top"}},
{"op":"Var",
"id":"#UID_C4EC",
"type":{"op":"Top"}},
{"op":"Var",
"id":"#UID_C4ED",
"type":{"op":"Top"}},
{"op":"Var",
"id":"#UID_C4EE",
"type":{"op":"Top"}},
{"op":"Var",
"id":"#UID_C4EF",
"type":{"op":"Top"}},
{"op":"Var",
"id":"#UID_C4F0",
"type":{"op":"Top"}},
{"op":"Var",
"id":"#UID_C4F1",
"type":{"op":"Top"}},
{"op":"Var",
"id":"#UID_C4F2",
"type":{"op":"Top"}},
{"op":"Var",
"id":"#UID_C4F3",
"type":{"op":"Top"}},
{"op":"Var",
"id":"#UID_C4F4",
"type":{"op":"Top"}},
{"op":"Var",
"id":"#UID_C4F5",
"type":{"op":"Top"}},
{"op":"Var",
"id":"#UID_C4F6",
"type":{"op":"Top"}},
{"op":"Var",
"id":"#UID_C4F7",
"type":{"op":"Top"}},
{"op":"Var",
"id":"#UID_C4F8",
"type":{"op":"Top"}},
{"op":"Var",
"id":"#UID_C4F9",
"type":{"op":"Top"}},
{"op":"Var",
"id":"#UID_C4FA",
"type":{"op":"Top"}},
{"op":"Var",
"id":"#UID_C4FB",
"type":{"op":"Top"}},
{"op":"Var",
"id":"#UID_C4FC",
"type":{"op":"Top"}}]}}}}}}}}}}}}}}}}}}}}}}}}}}}}}}}}}}}}}}}}}}}}}}}}}}}}}}}}}}}}}}}}}}}}}}}}},
"export_as":[]}],
"body":{"op":"App",
"fn":{"op":"Var",
"id":"#UID_C4B3",
"type":{"op":"Top"}},
"args":[{"op":"Var",
"id":"#UID_C4B4",
"type":{"op":"Top"}}]}}}}}}}}},
"export_as":[]}],
"body":{"op":"Var",
"id":"#UID_C4AC",
"type":{"op":"Top"}}}}}}}}},
"export_as":[]}],
"body":{"op":"Var",
"id":"#UID_C4A5",
"type":{"op":"Top"}}}}}}}}}}}}}}}}}}}}}}}}}}}}}}}}}}},
"export_as":[]}],
"body":{"op":"Var",
"id":"#UID_C484",
"type":{"op":"Top"}}}}},
"export_as":[]}],
"body":{"op":"Var",
"id":"#UID_C481",
"type":{"op":"Top"}}}}},
"export_as":[]}],
"body":{"op":"Var",
"id":"#UID_C47E",
"type":{"op":"Top"}}}}}}}}},
"export_as":[]}],
"body":{"op":"Let",
"definitions":[{"name":{"id":"#UID_C46C",
"type":{"op":"Top"}},
"value":{"op":"Var",
"id":"#UID_C46B",
"type":{"op":"Top"}},
"export_as":[]}],
"body":{"op":"Let",
"definitions":[{"name":{"id":"#UID_C46D",
"type":{"op":"Top"}},
"value":{"op":"Var",
"id":"#UID_C46C",
"type":{"op":"Top"}},
"export_as":[]}],
"body":{"op":"Let",
"definitions":[{"name":{"id":"#UID_C46E",
"type":{"op":"Top"}},
"value":{"op":"Var",
"id":"#UID_C46D",
"type":{"op":"Top"}},
"export_as":[]}],
"body":{"op":"Let",
"definitions":[{"name":{"id":"#UID_C46F",
"type":{"op":"Top"}},
"value":{"op":"Var",
"id":"#UID_C46E",
"type":{"op":"Top"}},
"export_as":[]}],
"body":{"op":"Let",
"definitions":[{"name":{"id":"#UID_C470",
"type":{"op":"Top"}},
"value":{"op":"Var",
"id":"#UID_C46F",
"type":{"op":"Top"}},
"export_as":[]}],
"body":{"op":"Let",
"definitions":[{"name":{"id":"#UID_C471",
"type":{"op":"Top"}},
"value":{"op":"Var",
"id":"#UID_C470",
"type":{"op":"Top"}},
"export_as":[]}],
"body":{"op":"Let",
"definitions":[{"name":{"id":"#UID_C472",
"type":{"op":"Top"}},
"value":{"op":"Var",
"id":"#UID_C471",
"type":{"op":"Top"}},
"export_as":[]}],
"body":{"op":"Let",
"definitions":[{"name":{"id":"#UID_C473",
"type":{"op":"Top"}},
"value":{"op":"Var",
"id":"#UID_C472",
"type":{"op":"Top"}},
"export_as":[]}],
"body":{"op":"Let",
"definitions":[{"name":{"id":"#UID_C474",
"type":{"op":"Top"}},
"value":{"op":"Var",
"id":"#UID_C473",
"type":{"op":"Top"}},
"export_as":[]}],
"body":{"op":"Let",
"definitions":[{"name":{"id":"#UID_C475",
"type":{"op":"Top"}},
"value":{"op":"Var",
"id":"#UID_C474",
"type":{"op":"Top"}},
"export_as":[]}],
"body":{"op":"Let",
"definitions":[{"name":{"id":"#UID_C476",
"type":{"op":"Top"}},
"value":{"op":"Var",
"id":"#UID_C475",
"type":{"op":"Top"}},
"export_as":[]}],
"body":{"op":"Let",
"definitions":[{"name":{"id":"#UID_C477",
"type":{"op":"Top"}},
"value":{"op":"Var",
"id":"#UID_C476",
"type":{"op":"Top"}},
"export_as":[]}],
"body":{"op":"Var",
"id":"#UID_C477",
"type":{"op":"Top"}}}}}}}}}}}}}}}}}}}}}}}}}}}}}}}}}}}}}}}}}}}}},
"export_as":[]}],
"body":{"op":"Let",
"definitions":[{"name":{"id":"#UID_C19A",
"type":{"op":"Top"}},
"value":{"op":"Var",
"id":"#UID_C199",
"type":{"op":"Top"}},
"export_as":[]}],
"body":{"op":"Let",
"definitions":[{"name":{"id":"#UID_C19B",
"type":{"op":"Top"}},
"value":{"op":"Var",
"id":"#UID_C19A",
"type":{"op":"Top"}},
"export_as":[]}],
"body":{"op":"Let",
"definitions":[{"name":{"id":"#UID_C19C",
"type":{"op":"Top"}},
"value":{"op":"Abs",
"params":[{"id":"#UID_C19D",
"type":{"op":"Top"}}],
"body":{"op":"Let",
"definitions":[{"name":{"id":"#UID_C19E",
"type":{"op":"Top"}},
"value":{"op":"Var",
"id":"#UID_C19D",
"type":{"op":"Top"}},
"export_as":[]}],
"body":{"op":"Let",
"definitions":[{"name":{"id":"#UID_C19F",
"type":{"op":"Top"}},
"value":{"op":"Let",
"definitions":[{"name":{"id":"#UID_C436",
"type":{"op":"Top"}},
"value":{"op":"Let",
"definitions":[{"name":{"id":"#UID_C43E",
"type":{"op":"Top"}},
"value":{"op":"Abs",
"params":[{"id":"#UID_C445",
"type":{"op":"Top"}}],
"body":{"op":"Primitive",
"name":"get_argc(): Int",
"args":[],
"returns":[{"id":"#UID_C44B",
"type":{"op":"Int"}}],
"rest":{"op":"LetRec",
"definitions":[{"name":{"id":"#UID_C446",
"type":{"op":"Function",
"params":[{"op":"Int"}],
"return":{"op":"Ptr"},
"purity":"Effectful"}},
"value":{"op":"Abs",
"params":[{"id":"#UID_C447",
"type":{"op":"Int"}}],
"body":{"op":"Primitive",
"name":"infixSub(Int, Int): Int",
"args":[{"op":"Var",
"id":"#UID_C44B",
"type":{"op":"Int"}},
{"op":"Var",
"id":"#UID_C447",
"type":{"op":"Int"}}],
"returns":[{"id":"#UID_C449",
"type":{"op":"Int"}}],
"rest":{"op":"IfZero",
"cond":{"op":"Var",
"id":"#UID_C449",
"type":{"op":"Int"}},
"then":{"op":"Construct",
"type_tag":"#UID_C44C",
"tag":0,
"args":[]},
"else":{"op":"Primitive",
"name":"get_arg(Int): String",
"args":[{"op":"Var",
"id":"#UID_C447",
"type":{"op":"Int"}}],
"returns":[{"id":"#UID_C44A",
"type":{"op":"String"}}],
"rest":{"op":"Primitive",
"name":"infixAdd(Int, Int): Int",
"args":[{"op":"Var",
"id":"#UID_C447",
"type":{"op":"Int"}},
{"op":"Literal",
"type":{"op":"Int"},
"value":1}],
"returns":[{"id":"#UID_C448",
"type":{"op":"Int"}}],
"rest":{"op":"Construct",
"type_tag":"#UID_C44C",
"tag":1,
"args":[{"op":"Var",
"id":"#UID_C44A",
"type":{"op":"String"}},
{"op":"App",
"fn":{"op":"Var",
"id":"#UID_C446",
"type":{"op":"Function",
"params":[{"op":"Int"}],
"return":{"op":"Ptr"},
"purity":"Effectful"}},
"args":[{"op":"Var",
"id":"#UID_C448",
"type":{"op":"Int"}}]}]}}}}}},
"export_as":["%helium_getArgs%go"]}],
"body":{"op":"App",
"fn":{"op":"Var",
"id":"#UID_C446",
"type":{"op":"Function",
"params":[{"op":"Int"}],
"return":{"op":"Ptr"},
"purity":"Effectful"}},
"args":[{"op":"Literal",
"type":{"op":"Int"},
"value":0}]}}}},
"export_as":[]}],
"body":{"op":"Let",
"definitions":[{"name":{"id":"#UID_C43F",
"type":{"op":"Top"}},
"value":{"op":"Let",
"definitions":[{"name":{"id":"#UID_C440",
"type":{"op":"Top"}},
"value":{"op":"Let",
"definitions":[{"name":{"id":"#UID_C441",
"type":{"op":"Top"}},
"value":{"op":"Let",
"definitions":[{"name":{"id":"#UID_C443",
"type":{"op":"Top"}},
"value":{"op":"Project",
"scrutinee":{"op":"Var",
"id":"#UID_C19E",
"type":{"op":"Top"}},
"type_tag":"#UID_C444",
"tag":0,
"field":4},
"export_as":[]}],
"body":{"op":"Var",
"id":"#UID_C443",
"type":{"op":"Top"}}},
"export_as":[]}],
"body":{"op":"Construct",
"type_tag":"#UID_C442",
"tag":0,
"args":[]}},
"export_as":[]}],
"body":{"op":"Var",
"id":"#UID_C440",
"type":{"op":"Top"}}},
"export_as":[]}],
"body":{"op":"App",
"fn":{"op":"Var",
"id":"#UID_C43E",
"type":{"op":"Top"}},
"args":[{"op":"Var",
"id":"#UID_C43F",
"type":{"op":"Top"}}]}}},
"export_as":[]}],
"body":{"op":"Let",
"definitions":[{"name":{"id":"#UID_C437",
"type":{"op":"Top"}},
"value":{"op":"Var",
"id":"#UID_C436",
"type":{"op":"Top"}},
"export_as":[]}],
"body":{"op":"Let",
"definitions":[{"name":{"id":"#UID_C438",
"type":{"op":"Top"}},
"value":{"op":"Let",
"definitions":[{"name":{"id":"#UID_C43A",
"type":{"op":"Top"}},
"value":{"op":"Construct",
"type_tag":"#UID_C43D",
"tag":0,
"args":[]},
"export_as":[]}],
"body":{"op":"Abs",
"params":[{"id":"#UID_C43B",
"type":{"op":"Top"}}],
"body":{"op":"Primitive",
"name":"exit(Int): Void",
"args":[{"op":"Var",
"id":"#UID_C43B",
"type":{"op":"Int"}}],
"returns":[{"id":"#UID_C43C",
"type":{"op":"Bottom"}}],
"rest":{"op":"Var",
"id":"#UID_C43C",
"type":{"op":"Top"}}}}},
"export_as":[]}],
"body":{"op":"Construct",
"type_tag":"#UID_C439",
"tag":0,
"args":[{"op":"Var",
"id":"#UID_C437",
"type":{"op":"Top"}},
{"op":"Var",
"id":"#UID_C438",
"type":{"op":"Top"}}]}}}},
"export_as":[]}],
"body":{"op":"Let",
"definitions":[{"name":{"id":"#UID_C1A0",
"type":{"op":"Top"}},
"value":{"op":"Var",
"id":"#UID_C19D",
"type":{"op":"Top"}},
"export_as":[]}],
"body":{"op":"Let",
"definitions":[{"name":{"id":"#UID_C1A1",
"type":{"op":"Top"}},
"value":{"op":"Let",
"definitions":[{"name":{"id":"#UID_C412",
"type":{"op":"Top"}},
"value":{"op":"Project",
"scrutinee":{"op":"Var",
"id":"#UID_C1A0",
"type":{"op":"Top"}},
"type_tag":"#UID_C435",
"tag":0,
"field":2},
"export_as":[]}],
"body":{"op":"Let",
"definitions":[{"name":{"id":"#UID_C413",
"type":{"op":"Top"}},
"value":{"op":"Abs",
"params":[{"id":"#UID_C433",
"type":{"op":"Top"}}],
"body":{"op":"Primitive",
"name":"charCode(String): Int",
"args":[{"op":"Var",
"id":"#UID_C433",
"type":{"op":"String"}}],
"returns":[{"id":"#UID_C434",
"type":{"op":"Int"}}],
"rest":{"op":"Var",
"id":"#UID_C434",
"type":{"op":"Top"}}}},
"export_as":[]}],
"body":{"op":"Let",
"definitions":[{"name":{"id":"#UID_C414",
"type":{"op":"Top"}},
"value":{"op":"Abs",
"params":[{"id":"#UID_C431",
"type":{"op":"Top"}}],
"body":{"op":"Primitive",
"name":"chr(Int): String",
"args":[{"op":"Var",
"id":"#UID_C431",
"type":{"op":"Int"}}],
"returns":[{"id":"#UID_C432",
"type":{"op":"String"}}],
"rest":{"op":"Var",
"id":"#UID_C432",
"type":{"op":"Top"}}}},
"export_as":[]}],
"body":{"op":"Let",
"definitions":[{"name":{"id":"#UID_C415",
"type":{"op":"Top"}},
"value":{"op":"Abs",
"params":[{"id":"#UID_C42A",
"type":{"op":"Top"}}],
"body":{"op":"Abs",
"params":[{"id":"#UID_C42B",
"type":{"op":"Top"}}],
"body":{"op":"Let",
"definitions":[{"name":{"id":"#UID_C42C",
"type":{"op":"Top"}},
"value":{"op":"Let",
"definitions":[{"name":{"id":"#UID_C42E",
"type":{"op":"Top"}},
"value":{"op":"Project",
"scrutinee":{"op":"Var",
"id":"#UID_C1A0",
"type":{"op":"Top"}},
"type_tag":"#UID_C430",
"tag":0,
"field":34},
"export_as":[]}],
"body":{"op":"Let",
"definitions":[{"name":{"id":"#UID_C42F",
"type":{"op":"Top"}},
"value":{"op":"App",
"fn":{"op":"Var",
"id":"#UID_C413",
"type":{"op":"Top"}},
"args":[{"op":"Var",
"id":"#UID_C42A",
"type":{"op":"Top"}}]},
"export_as":[]}],
"body":{"op":"App",
"fn":{"op":"Var",
"id":"#UID_C42E",
"type":{"op":"Top"}},
"args":[{"op":"Var",
"id":"#UID_C42F",
"type":{"op":"Top"}}]}}},
"export_as":[]}],
"body":{"op":"Let",
"definitions":[{"name":{"id":"#UID_C42D",
"type":{"op":"Top"}},
"value":{"op":"App",
"fn":{"op":"Var",
"id":"#UID_C413",
"type":{"op":"Top"}},
"args":[{"op":"Var",
"id":"#UID_C42B",
"type":{"op":"Top"}}]},
"export_as":[]}],
"body":{"op":"App",
"fn":{"op":"Var",
"id":"#UID_C42C",
"type":{"op":"Top"}},
"args":[{"op":"Var",
"id":"#UID_C42D",
"type":{"op":"Top"}}]}}}}},
"export_as":[]}],
"body":{"op":"Let",
"definitions":[{"name":{"id":"#UID_C416",
"type":{"op":"Top"}},
"value":{"op":"Abs",
"params":[{"id":"#UID_C418",
"type":{"op":"Top"}}],
"body":{"op":"Let",
"definitions":[{"name":{"id":"#UID_C419",
"type":{"op":"Top"}},
"value":{"op":"Let",
"definitions":[{"name":{"id":"#UID_C421",
"type":{"op":"Top"}},
"value":{"op":"Project",
"scrutinee":{"op":"Var",
"id":"#UID_C1A0",
"type":{"op":"Top"}},
"type_tag":"#UID_C429",
"tag":0,
"field":62},
"export_as":[]}],
"body":{"op":"Let",
"definitions":[{"name":{"id":"#UID_C422",
"type":{"op":"Top"}},
"value":{"op":"Let",
"definitions":[{"name":{"id":"#UID_C423",
"type":{"op":"Top"}},
"value":{"op":"Let",
"definitions":[{"name":{"id":"#UID_C426",
"type":{"op":"Top"}},
"value":{"op":"Project",
"scrutinee":{"op":"Var",
"id":"#UID_C1A0",
"type":{"op":"Top"}},
"type_tag":"#UID_C428",
"tag":0,
"field":39},
"export_as":[]}],
"body":{"op":"Let",
"definitions":[{"name":{"id":"#UID_C427",
"type":{"op":"Top"}},
"value":{"op":"App",
"fn":{"op":"Var",
"id":"#UID_C413",
"type":{"op":"Top"}},
"args":[{"op":"Var",
"id":"#UID_C418",
"type":{"op":"Top"}}]},
"export_as":[]}],
"body":{"op":"App",
"fn":{"op":"Var",
"id":"#UID_C426",
"type":{"op":"Top"}},
"args":[{"op":"Var",
"id":"#UID_C427",
"type":{"op":"Top"}}]}}},
"export_as":[]}],
"body":{"op":"Let",
"definitions":[{"name":{"id":"#UID_C424",
"type":{"op":"Top"}},
"value":{"op":"Let",
"definitions":[{"name":{"id":"#UID_C425",
"type":{"op":"Top"}},
"value":{"op":"Literal",
"type":{"op":"String"},
"value":"0"},
"export_as":[]}],
"body":{"op":"App",
"fn":{"op":"Var",
"id":"#UID_C413",
"type":{"op":"Top"}},
"args":[{"op":"Var",
"id":"#UID_C425",
"type":{"op":"Top"}}]}},
"export_as":[]}],
"body":{"op":"App",
"fn":{"op":"Var",
"id":"#UID_C423",
"type":{"op":"Top"}},
"args":[{"op":"Var",
"id":"#UID_C424",
"type":{"op":"Top"}}]}}},
"export_as":[]}],
"body":{"op":"App",
"fn":{"op":"Var",
"id":"#UID_C421",
"type":{"op":"Top"}},
"args":[{"op":"Var",
"id":"#UID_C422",
"type":{"op":"Top"}}]}}},
"export_as":[]}],
"body":{"op":"Let",
"definitions":[{"name":{"id":"#UID_C41A",
"type":{"op":"Top"}},
"value":{"op":"Let",
"definitions":[{"name":{"id":"#UID_C41B",
"type":{"op":"Top"}},
"value":{"op":"Let",
"definitions":[{"name":{"id":"#UID_C41E",
"type":{"op":"Top"}},
"value":{"op":"Project",
"scrutinee":{"op":"Var",
"id":"#UID_C1A0",
"type":{"op":"Top"}},
"type_tag":"#UID_C420",
"tag":0,
"field":38},
"export_as":[]}],
"body":{"op":"Let",
"definitions":[{"name":{"id":"#UID_C41F",
"type":{"op":"Top"}},
"value":{"op":"App",
"fn":{"op":"Var",
"id":"#UID_C413",
"type":{"op":"Top"}},
"args":[{"op":"Var",
"id":"#UID_C418",
"type":{"op":"Top"}}]},
"export_as":[]}],
"body":{"op":"App",
"fn":{"op":"Var",
"id":"#UID_C41E",
"type":{"op":"Top"}},
"args":[{"op":"Var",
"id":"#UID_C41F",
"type":{"op":"Top"}}]}}},
"export_as":[]}],
"body":{"op":"Let",
"definitions":[{"name":{"id":"#UID_C41C",
"type":{"op":"Top"}},
"value":{"op":"Let",
"definitions":[{"name":{"id":"#UID_C41D",
"type":{"op":"Top"}},
"value":{"op":"Literal",
"type":{"op":"String"},
"value":"9"},
"export_as":[]}],
"body":{"op":"App",
"fn":{"op":"Var",
"id":"#UID_C413",
"type":{"op":"Top"}},
"args":[{"op":"Var",
"id":"#UID_C41D",
"type":{"op":"Top"}}]}},
"export_as":[]}],
"body":{"op":"App",
"fn":{"op":"Var",
"id":"#UID_C41B",
"type":{"op":"Top"}},
"args":[{"op":"Var",
"id":"#UID_C41C",
"type":{"op":"Top"}}]}}},
"export_as":[]}],
"body":{"op":"App",
"fn":{"op":"Var",
"id":"#UID_C419",
"type":{"op":"Top"}},
"args":[{"op":"Var",
"id":"#UID_C41A",
"type":{"op":"Top"}}]}}}},
"export_as":[]}],
"body":{"op":"Construct",
"type_tag":"#UID_C417",
"tag":0,
"args":[{"op":"Var",
"id":"#UID_C412",
"type":{"op":"Top"}},
{"op":"Var",
"id":"#UID_C413",
"type":{"op":"Top"}},
{"op":"Var",
"id":"#UID_C414",
"type":{"op":"Top"}},
{"op":"Var",
"id":"#UID_C415",
"type":{"op":"Top"}},
{"op":"Var",
"id":"#UID_C416",
"type":{"op":"Top"}}]}}}}}},
"export_as":[]}],
"body":{"op":"Let",
"definitions":[{"name":{"id":"#UID_C1A2",
"type":{"op":"Top"}},
"value":{"op":"Var",
"id":"#UID_C19D",
"type":{"op":"Top"}},
"export_as":[]}],
"body":{"op":"Let",
"definitions":[{"name":{"id":"#UID_C1A3",
"type":{"op":"Top"}},
"value":{"op":"Let",
"definitions":[{"name":{"id":"#UID_C3BA",
"type":{"op":"Top"}},
"value":{"op":"Project",
"scrutinee":{"op":"Var",
"id":"#UID_C1A2",
"type":{"op":"Top"}},
"type_tag":"#UID_C411",
"tag":0,
"field":1},
"export_as":[]}],
"body":{"op":"Let",
"definitions":[{"name":{"id":"#UID_C3BB",
"type":{"op":"Top"}},
"value":{"op":"Abs",
"params":[{"id":"#UID_C40D",
"type":{"op":"Top"}}],
"body":{"op":"Abs",
"params":[{"id":"#UID_C40E",
"type":{"op":"Top"}}],
"body":{"op":"Abs",
"params":[{"id":"#UID_C40F",
"type":{"op":"Top"}}],
"body":{"op":"Primitive",
"name":"substring(String, Int, Int): String",
"args":[{"op":"Var",
"id":"#UID_C40D",
"type":{"op":"String"}},
{"op":"Var",
"id":"#UID_C40E",
"type":{"op":"Int"}},
{"op":"Var",
"id":"#UID_C40F",
"type":{"op":"Int"}}],
"returns":[{"id":"#UID_C410",
"type":{"op":"String"}}],
"rest":{"op":"Var",
"id":"#UID_C410",
"type":{"op":"Top"}}}}}},
"export_as":[]}],
"body":{"op":"Let",
"definitions":[{"name":{"id":"#UID_C3BC",
"type":{"op":"Top"}},
"value":{"op":"Abs",
"params":[{"id":"#UID_C40B",
"type":{"op":"Top"}}],
"body":{"op":"Primitive",
"name":"length(String): Int",
"args":[{"op":"Var",
"id":"#UID_C40B",
"type":{"op":"String"}}],
"returns":[{"id":"#UID_C40C",
"type":{"op":"Int"}}],
"rest":{"op":"Var",
"id":"#UID_C40C",
"type":{"op":"Top"}}}},
"export_as":[]}],
"body":{"op":"Let",
"definitions":[{"name":{"id":"#UID_C3BD",
"type":{"op":"Top"}},
"value":{"op":"Abs",
"params":[{"id":"#UID_C408",
"type":{"op":"Top"}}],
"body":{"op":"Abs",
"params":[{"id":"#UID_C409",
"type":{"op":"Top"}}],
"body":{"op":"Primitive",
"name":"charAt(Int, String): String",
"args":[{"op":"Var",
"id":"#UID_C408",
"type":{"op":"Int"}},
{"op":"Var",
"id":"#UID_C409",
"type":{"op":"String"}}],
"returns":[{"id":"#UID_C40A",
"type":{"op":"String"}}],
"rest":{"op":"Var",
"id":"#UID_C40A",
"type":{"op":"Top"}}}}},
"export_as":[]}],
"body":{"op":"Let",
"definitions":[{"name":{"id":"#UID_C3BE",
"type":{"op":"Top"}},
"value":{"op":"Abs",
"params":[{"id":"#UID_C3DC",
"type":{"op":"Top"}}],
"body":{"op":"Abs",
"params":[{"id":"#UID_C3DD",
"type":{"op":"Top"}}],
"body":{"op":"Let",
"definitions":[{"name":{"id":"#UID_C3DE",
"type":{"op":"Top"}},
"value":{"op":"Abs",
"params":[{"id":"#UID_C405",
"type":{"op":"Top"}}],
"body":{"op":"Abs",
"params":[{"id":"#UID_C406",
"type":{"op":"Top"}}],
"body":{"op":"Primitive",
"name":"compare(String, String): Int",
"args":[{"op":"Var",
"id":"#UID_C405",
"type":{"op":"String"}},
{"op":"Var",
"id":"#UID_C406",
"type":{"op":"String"}}],
"returns":[{"id":"#UID_C407",
"type":{"op":"Int"}}],
"rest":{"op":"Var",
"id":"#UID_C407",
"type":{"op":"Top"}}}}},
"export_as":[]}],
"body":{"op":"Let",
"definitions":[{"name":{"id":"#UID_C3DF",
"type":{"op":"Top"}},
"value":{"op":"Let",
"definitions":[{"name":{"id":"#UID_C404",
"type":{"op":"Top"}},
"value":{"op":"App",
"fn":{"op":"Var",
"id":"#UID_C3DE",
"type":{"op":"Top"}},
"args":[{"op":"Var",
"id":"#UID_C3DC",
"type":{"op":"Top"}}]},
"export_as":[]}],
"body":{"op":"App",
"fn":{"op":"Var",
"id":"#UID_C404",
"type":{"op":"Top"}},
"args":[{"op":"Var",
"id":"#UID_C3DD",
"type":{"op":"Top"}}]}},
"export_as":[]}],
"body":{"op":"Let",
"definitions":[{"name":{"id":"#UID_C3E0",
"type":{"op":"Top"}},
"value":{"op":"Var",
"id":"#UID_C3DF",
"type":{"op":"Top"}},
"export_as":[]}],
"body":{"op":"Let",
"definitions":[{"name":{"id":"#UID_C3E1",
"type":{"op":"Top"}},
"value":{"op":"Let",
"definitions":[{"name":{"id":"#UID_C400",
"type":{"op":"Top"}},
"value":{"op":"Let",
"definitions":[{"name":{"id":"#UID_C402",
"type":{"op":"Top"}},
"value":{"op":"Project",
"scrutinee":{"op":"Var",
"id":"#UID_C1A2",
"type":{"op":"Top"}},
"type_tag":"#UID_C403",
"tag":0,
"field":34},
"export_as":[]}],
"body":{"op":"App",
"fn":{"op":"Var",
"id":"#UID_C402",
"type":{"op":"Top"}},
"args":[{"op":"Var",
"id":"#UID_C3E0",
"type":{"op":"Top"}}]}},
"export_as":[]}],
"body":{"op":"Let",
"definitions":[{"name":{"id":"#UID_C401",
"type":{"op":"Top"}},
"value":{"op":"Literal",
"type":{"op":"Int"},
"value":0},
"export_as":[]}],
"body":{"op":"App",
"fn":{"op":"Var",
"id":"#UID_C400",
"type":{"op":"Top"}},
"args":[{"op":"Var",
"id":"#UID_C401",
"type":{"op":"Top"}}]}}},
"export_as":[]}],
"body":{"op":"Let",
"definitions":[{"name":{"id":"#UID_C3E2",
"type":{"op":"Top"}},
"value":{"op":"Var",
"id":"#UID_C3E1",
"type":{"op":"Top"}},
"export_as":[]}],
"body":{"op":"Let",
"definitions":[{"name":{"id":"#UID_C3E3",
"type":{"op":"Top"}},
"value":{"op":"Let",
"definitions":[{"name":{"id":"#UID_C3FE",
"type":{"op":"Top"}},
"value":{"op":"Project",
"scrutinee":{"op":"Var",
"id":"#UID_C1A2",
"type":{"op":"Top"}},
"type_tag":"#UID_C3FF",
"tag":0,
"field":7},
"export_as":[]}],
"body":{"op":"Var",
"id":"#UID_C3FE",
"type":{"op":"Top"}}},
"export_as":[]}],
"body":{"op":"Match",
"scrutinee":{"op":"Var",
"id":"#UID_C3E2",
"type":{"op":"Top"}},
"type_tag":"#UID_C3FD",
"clauses":[{"tag":0,
"params":[],
"body":{"op":"Let",
"definitions":[{"name":{"id":"#UID_C3E4",
"type":{"op":"Top"}},
"value":{"op":"Let",
"definitions":[{"name":{"id":"#UID_C3F4",
"type":{"op":"Top"}},
"value":{"op":"Let",
"definitions":[{"name":{"id":"#UID_C3F6",
"type":{"op":"Top"}},
"value":{"op":"Project",
"scrutinee":{"op":"Var",
"id":"#UID_C1A2",
"type":{"op":"Top"}},
"type_tag":"#UID_C3F7",
"tag":0,
"field":36},
"export_as":[]}],
"body":{"op":"App",
"fn":{"op":"Var",
"id":"#UID_C3F6",
"type":{"op":"Top"}},
"args":[{"op":"Var",
"id":"#UID_C3E0",
"type":{"op":"Top"}}]}},
"export_as":[]}],
"body":{"op":"Let",
"definitions":[{"name":{"id":"#UID_C3F5",
"type":{"op":"Top"}},
"value":{"op":"Literal",
"type":{"op":"Int"},
"value":0},
"export_as":[]}],
"body":{"op":"App",
"fn":{"op":"Var",
"id":"#UID_C3F4",
"type":{"op":"Top"}},
"args":[{"op":"Var",
"id":"#UID_C3F5",
"type":{"op":"Top"}}]}}},
"export_as":[]}],
"body":{"op":"Let",
"definitions":[{"name":{"id":"#UID_C3E5",
"type":{"op":"Top"}},
"value":{"op":"Var",
"id":"#UID_C3E4",
"type":{"op":"Top"}},
"export_as":[]}],
"body":{"op":"Let",
"definitions":[{"name":{"id":"#UID_C3E6",
"type":{"op":"Top"}},
"value":{"op":"Let",
"definitions":[{"name":{"id":"#UID_C3F2",
"type":{"op":"Top"}},
"value":{"op":"Project",
"scrutinee":{"op":"Var",
"id":"#UID_C1A2",
"type":{"op":"Top"}},
"type_tag":"#UID_C3F3",
"tag":0,
"field":7},
"export_as":[]}],
"body":{"op":"Var",
"id":"#UID_C3F2",
"type":{"op":"Top"}}},
"export_as":[]}],
"body":{"op":"Match",
"scrutinee":{"op":"Var",
"id":"#UID_C3E5",
"type":{"op":"Top"}},
"type_tag":"#UID_C3F1",
"clauses":[{"tag":0,
"params":[],
"body":{"op":"Let",
"definitions":[{"name":{"id":"#UID_C3E7",
"type":{"op":"Top"}},
"value":{"op":"Let",
"definitions":[{"name":{"id":"#UID_C3E8",
"type":{"op":"Top"}},
"value":{"op":"Let",
"definitions":[{"name":{"id":"#UID_C3EA",
"type":{"op":"Top"}},
"value":{"op":"Project",
"scrutinee":{"op":"Var",
"id":"#UID_C1A2",
"type":{"op":"Top"}},
"type_tag":"#UID_C3EB",
"tag":0,
"field":22},
"export_as":[]}],
"body":{"op":"Var",
"id":"#UID_C3EA",
"type":{"op":"Top"}}},
"export_as":[]}],
"body":{"op":"Construct",
"type_tag":"#UID_C3E9",
"tag":2,
"args":[]}},
"export_as":[]}],
"body":{"op":"Var",
"id":"#UID_C3E7",
"type":{"op":"Top"}}}},
{"tag":1,
"params":[],
"body":{"op":"Let",
"definitions":[{"name":{"id":"#UID_C3EC",
"type":{"op":"Top"}},
"value":{"op":"Let",
"definitions":[{"name":{"id":"#UID_C3ED",
"type":{"op":"Top"}},
"value":{"op":"Let",
"definitions":[{"name":{"id":"#UID_C3EF",
"type":{"op":"Top"}},
"value":{"op":"Project",
"scrutinee":{"op":"Var",
"id":"#UID_C1A2",
"type":{"op":"Top"}},
"type_tag":"#UID_C3F0",
"tag":0,
"field":20},
"export_as":[]}],
"body":{"op":"Var",
"id":"#UID_C3EF",
"type":{"op":"Top"}}},
"export_as":[]}],
"body":{"op":"Construct",
"type_tag":"#UID_C3EE",
"tag":0,
"args":[]}},
"export_as":[]}],
"body":{"op":"Var",
"id":"#UID_C3EC",
"type":{"op":"Top"}}}}],
"default_clause":{"params":[],
"body":{"op":"Primitive",
"name":"non-exhaustive match",
"args":[],
"returns":[],
"rest":{"op":"Literal",
"type":{"op":"Int"},
"value":0}}}}}}}},
{"tag":1,
"params":[],
"body":{"op":"Let",
"definitions":[{"name":{"id":"#UID_C3F8",
"type":{"op":"Top"}},
"value":{"op":"Let",
"definitions":[{"name":{"id":"#UID_C3F9",
"type":{"op":"Top"}},
"value":{"op":"Let",
"definitions":[{"name":{"id":"#UID_C3FB",
"type":{"op":"Top"}},
"value":{"op":"Project",
"scrutinee":{"op":"Var",
"id":"#UID_C1A2",
"type":{"op":"Top"}},
"type_tag":"#UID_C3FC",
"tag":0,
"field":21},
"export_as":[]}],
"body":{"op":"Var",
"id":"#UID_C3FB",
"type":{"op":"Top"}}},
"export_as":[]}],
"body":{"op":"Construct",
"type_tag":"#UID_C3FA",
"tag":1,
"args":[]}},
"export_as":[]}],
"body":{"op":"Var",
"id":"#UID_C3F8",
"type":{"op":"Top"}}}}],
"default_clause":{"params":[],
"body":{"op":"Primitive",
"name":"non-exhaustive match",
"args":[],
"returns":[],
"rest":{"op":"Literal",
"type":{"op":"Int"},
"value":0}}}}}}}}}}}},
"export_as":[]}],
"body":{"op":"Let",
"definitions":[{"name":{"id":"#UID_C3BF",
"type":{"op":"Top"}},
"value":{"op":"Abs",
"params":[{"id":"#UID_C3C5",
"type":{"op":"Top"}}],
"body":{"op":"Abs",
"params":[{"id":"#UID_C3C6",
"type":{"op":"Top"}}],
"body":{"op":"Let",
"definitions":[{"name":{"id":"#UID_C3C7",
"type":{"op":"Top"}},
"value":{"op":"Let",
"definitions":[{"name":{"id":"#UID_C3DB",
"type":{"op":"Top"}},
"value":{"op":"App",
"fn":{"op":"Var",
"id":"#UID_C3BE",
"type":{"op":"Top"}},
"args":[{"op":"Var",
"id":"#UID_C3C5",
"type":{"op":"Top"}}]},
"export_as":[]}],
"body":{"op":"App",
"fn":{"op":"Var",
"id":"#UID_C3DB",
"type":{"op":"Top"}},
"args":[{"op":"Var",
"id":"#UID_C3C6",
"type":{"op":"Top"}}]}},
"export_as":[]}],
"body":{"op":"Let",
"definitions":[{"name":{"id":"#UID_C3C8",
"type":{"op":"Top"}},
"value":{"op":"Var",
"id":"#UID_C3C7",
"type":{"op":"Top"}},
"export_as":[]}],
"body":{"op":"Let",
"definitions":[{"name":{"id":"#UID_C3C9",
"type":{"op":"Top"}},
"value":{"op":"Abs",
"params":[{"id":"#UID_C3D5",
"type":{"op":"Top"}}],
"body":{"op":"Let",
"definitions":[{"name":{"id":"#UID_C3D6",
"type":{"op":"Top"}},
"value":{"op":"Let",
"definitions":[{"name":{"id":"#UID_C3D7",
"type":{"op":"Top"}},
"value":{"op":"Let",
"definitions":[{"name":{"id":"#UID_C3D9",
"type":{"op":"Top"}},
"value":{"op":"Project",
"scrutinee":{"op":"Var",
"id":"#UID_C1A2",
"type":{"op":"Top"}},
"type_tag":"#UID_C3DA",
"tag":0,
"field":6},
"export_as":[]}],
"body":{"op":"Var",
"id":"#UID_C3D9",
"type":{"op":"Top"}}},
"export_as":[]}],
"body":{"op":"Construct",
"type_tag":"#UID_C3D8",
"tag":0,
"args":[]}},
"export_as":[]}],
"body":{"op":"Var",
"id":"#UID_C3D6",
"type":{"op":"Top"}}}},
"export_as":[]}],
"body":{"op":"Let",
"definitions":[{"name":{"id":"#UID_C3CA",
"type":{"op":"Top"}},
"value":{"op":"Let",
"definitions":[{"name":{"id":"#UID_C3D3",
"type":{"op":"Top"}},
"value":{"op":"Project",
"scrutinee":{"op":"Var",
"id":"#UID_C1A2",
"type":{"op":"Top"}},
"type_tag":"#UID_C3D4",
"tag":0,
"field":21},
"export_as":[]}],
"body":{"op":"Var",
"id":"#UID_C3D3",
"type":{"op":"Top"}}},
"export_as":[]}],
"body":{"op":"Match",
"scrutinee":{"op":"Var",
"id":"#UID_C3C8",
"type":{"op":"Top"}},
"type_tag":"#UID_C3D2",
"clauses":[{"tag":0,
"params":[],
"body":{"op":"App",
"fn":{"op":"Var",
"id":"#UID_C3C9",
"type":{"op":"Top"}},
"args":[{"op":"Construct",
"type_tag":"#UID_C3CB",
"tag":0,
"args":[]}]}},
{"tag":1,
"params":[],
"body":{"op":"Let",
"definitions":[{"name":{"id":"#UID_C3CC",
"type":{"op":"Top"}},
"value":{"op":"Let",
"definitions":[{"name":{"id":"#UID_C3CD",
"type":{"op":"Top"}},
"value":{"op":"Let",
"definitions":[{"name":{"id":"#UID_C3CF",
"type":{"op":"Top"}},
"value":{"op":"Project",
"scrutinee":{"op":"Var",
"id":"#UID_C1A2",
"type":{"op":"Top"}},
"type_tag":"#UID_C3D0",
"tag":0,
"field":7},
"export_as":[]}],
"body":{"op":"Var",
"id":"#UID_C3CF",
"type":{"op":"Top"}}},
"export_as":[]}],
"body":{"op":"Construct",
"type_tag":"#UID_C3CE",
"tag":1,
"args":[]}},
"export_as":[]}],
"body":{"op":"Var",
"id":"#UID_C3CC",
"type":{"op":"Top"}}}},
{"tag":2,
"params":[],
"body":{"op":"App",
"fn":{"op":"Var",
"id":"#UID_C3C9",
"type":{"op":"Top"}},
"args":[{"op":"Construct",
"type_tag":"#UID_C3D1",
"tag":0,
"args":[]}]}}],
"default_clause":{"params":[],
"body":{"op":"Primitive",
"name":"non-exhaustive match",
"args":[],
"returns":[],
"rest":{"op":"Literal",
"type":{"op":"Int"},
"value":0}}}}}}}}}},
"export_as":[]}],
"body":{"op":"Let",
"definitions":[{"name":{"id":"#UID_C3C0",
"type":{"op":"Top"}},
"value":{"op":"Abs",
"params":[{"id":"#UID_C3C2",
"type":{"op":"Top"}}],
"body":{"op":"Abs",
"params":[{"id":"#UID_C3C3",
"type":{"op":"Top"}}],
"body":{"op":"Primitive",
"name":"repeat(Int, String): String",
"args":[{"op":"Var",
"id":"#UID_C3C2",
"type":{"op":"Int"}},
{"op":"Var",
"id":"#UID_C3C3",
"type":{"op":"String"}}],
"returns":[{"id":"#UID_C3C4",
"type":{"op":"String"}}],
"rest":{"op":"Var",
"id":"#UID_C3C4",
"type":{"op":"Top"}}}}},
"export_as":[]}],
"body":{"op":"Construct",
"type_tag":"#UID_C3C1",
"tag":0,
"args":[{"op":"Var",
"id":"#UID_C3BA",
"type":{"op":"Top"}},
{"op":"Var",
"id":"#UID_C3BB",
"type":{"op":"Top"}},
{"op":"Var",
"id":"#UID_C3BC",
"type":{"op":"Top"}},
{"op":"Var",
"id":"#UID_C3BD",
"type":{"op":"Top"}},
{"op":"Var",
"id":"#UID_C3BE",
"type":{"op":"Top"}},
{"op":"Var",
"id":"#UID_C3BF",
"type":{"op":"Top"}},
{"op":"Var",
"id":"#UID_C3C0",
"type":{"op":"Top"}}]}}}}}}}},
"export_as":[]}],
"body":{"op":"Let",
"definitions":[{"name":{"id":"#UID_C1A4",
"type":{"op":"Top"}},
"value":{"op":"Var",
"id":"#UID_C19D",
"type":{"op":"Top"}},
"export_as":[]}],
"body":{"op":"Let",
"definitions":[{"name":{"id":"#UID_C1A5",
"type":{"op":"Top"}},
"value":{"op":"Var",
"id":"#UID_C1A1",
"type":{"op":"Top"}},
"export_as":[]}],
"body":{"op":"Let",
"definitions":[{"name":{"id":"#UID_C1A6",
"type":{"op":"Top"}},
"value":{"op":"Var",
"id":"#UID_C1A3",
"type":{"op":"Top"}},
"export_as":[]}],
"body":{"op":"Let",
"definitions":[{"name":{"id":"#UID_C1A7",
"type":{"op":"Top"}},
"value":{"op":"Let",
"definitions":[{"name":{"id":"#UID_C2C1",
"type":{"op":"Top"}},
"value":{"op":"Project",
"scrutinee":{"op":"Var",
"id":"#UID_C1A4",
"type":{"op":"Top"}},
"type_tag":"#UID_C3B9",
"tag":0,
"field":0},
"export_as":[]}],
"body":{"op":"Let",
"definitions":[{"name":{"id":"#UID_C2C2",
"type":{"op":"Top"}},
"value":{"op":"Abs",
"params":[{"id":"#UID_C3B4",
"type":{"op":"Top"}}],
"body":{"op":"Abs",
"params":[{"id":"#UID_C3B5",
"type":{"op":"Top"}}],
"body":{"op":"Let",
"definitions":[{"name":{"id":"#UID_C3B6",
"type":{"op":"Top"}},
"value":{"op":"Let",
"definitions":[{"name":{"id":"#UID_C3B7",
"type":{"op":"Top"}},
"value":{"op":"Project",
"scrutinee":{"op":"Var",
"id":"#UID_C1A4",
"type":{"op":"Top"}},
"type_tag":"#UID_C3B8",
"tag":0,
"field":34},
"export_as":[]}],
"body":{"op":"App",
"fn":{"op":"Var",
"id":"#UID_C3B7",
"type":{"op":"Top"}},
"args":[{"op":"Var",
"id":"#UID_C3B4",
"type":{"op":"Top"}}]}},
"export_as":[]}],
"body":{"op":"App",
"fn":{"op":"Var",
"id":"#UID_C3B6",
"type":{"op":"Top"}},
"args":[{"op":"Var",
"id":"#UID_C3B5",
"type":{"op":"Top"}}]}}}},
"export_as":[]}],
"body":{"op":"Let",
"definitions":[{"name":{"id":"#UID_C2C3",
"type":{"op":"Top"}},
"value":{"op":"Abs",
"params":[{"id":"#UID_C391",
"type":{"op":"Top"}}],
"body":{"op":"Abs",
"params":[{"id":"#UID_C392",
"type":{"op":"Top"}}],
"body":{"op":"Let",
"definitions":[{"name":{"id":"#UID_C393",
"type":{"op":"Top"}},
"value":{"op":"Let",
"definitions":[{"name":{"id":"#UID_C3B1",
"type":{"op":"Top"}},
"value":{"op":"Let",
"definitions":[{"name":{"id":"#UID_C3B2",
"type":{"op":"Top"}},
"value":{"op":"Project",
"scrutinee":{"op":"Var",
"id":"#UID_C1A4",
"type":{"op":"Top"}},
"type_tag":"#UID_C3B3",
"tag":0,
"field":34},
"export_as":[]}],
"body":{"op":"App",
"fn":{"op":"Var",
"id":"#UID_C3B2",
"type":{"op":"Top"}},
"args":[{"op":"Var",
"id":"#UID_C391",
"type":{"op":"Top"}}]}},
"export_as":[]}],
"body":{"op":"App",
"fn":{"op":"Var",
"id":"#UID_C3B1",
"type":{"op":"Top"}},
"args":[{"op":"Var",
"id":"#UID_C392",
"type":{"op":"Top"}}]}},
"export_as":[]}],
"body":{"op":"Let",
"definitions":[{"name":{"id":"#UID_C394",
"type":{"op":"Top"}},
"value":{"op":"Var",
"id":"#UID_C393",
"type":{"op":"Top"}},
"export_as":[]}],
"body":{"op":"Let",
"definitions":[{"name":{"id":"#UID_C395",
"type":{"op":"Top"}},
"value":{"op":"Let",
"definitions":[{"name":{"id":"#UID_C3AF",
"type":{"op":"Top"}},
"value":{"op":"Project",
"scrutinee":{"op":"Var",
"id":"#UID_C1A4",
"type":{"op":"Top"}},
"type_tag":"#UID_C3B0",
"tag":0,
"field":7},
"export_as":[]}],
"body":{"op":"Var",
"id":"#UID_C3AF",
"type":{"op":"Top"}}},
"export_as":[]}],
"body":{"op":"Match",
"scrutinee":{"op":"Var",
"id":"#UID_C394",
"type":{"op":"Top"}},
"type_tag":"#UID_C3AE",
"clauses":[{"tag":0,
"params":[],
"body":{"op":"Let",
"definitions":[{"name":{"id":"#UID_C396",
"type":{"op":"Top"}},
"value":{"op":"Let",
"definitions":[{"name":{"id":"#UID_C3A6",
"type":{"op":"Top"}},
"value":{"op":"Let",
"definitions":[{"name":{"id":"#UID_C3A7",
"type":{"op":"Top"}},
"value":{"op":"Project",
"scrutinee":{"op":"Var",
"id":"#UID_C1A4",
"type":{"op":"Top"}},
"type_tag":"#UID_C3A8",
"tag":0,
"field":36},
"export_as":[]}],
"body":{"op":"App",
"fn":{"op":"Var",
"id":"#UID_C3A7",
"type":{"op":"Top"}},
"args":[{"op":"Var",
"id":"#UID_C391",
"type":{"op":"Top"}}]}},
"export_as":[]}],
"body":{"op":"App",
"fn":{"op":"Var",
"id":"#UID_C3A6",
"type":{"op":"Top"}},
"args":[{"op":"Var",
"id":"#UID_C392",
"type":{"op":"Top"}}]}},
"export_as":[]}],
"body":{"op":"Let",
"definitions":[{"name":{"id":"#UID_C397",
"type":{"op":"Top"}},
"value":{"op":"Var",
"id":"#UID_C396",
"type":{"op":"Top"}},
"export_as":[]}],
"body":{"op":"Let",
"definitions":[{"name":{"id":"#UID_C398",
"type":{"op":"Top"}},
"value":{"op":"Let",
"definitions":[{"name":{"id":"#UID_C3A4",
"type":{"op":"Top"}},
"value":{"op":"Project",
"scrutinee":{"op":"Var",
"id":"#UID_C1A4",
"type":{"op":"Top"}},
"type_tag":"#UID_C3A5",
"tag":0,
"field":7},
"export_as":[]}],
"body":{"op":"Var",
"id":"#UID_C3A4",
"type":{"op":"Top"}}},
"export_as":[]}],
"body":{"op":"Match",
"scrutinee":{"op":"Var",
"id":"#UID_C397",
"type":{"op":"Top"}},
"type_tag":"#UID_C3A3",
"clauses":[{"tag":0,
"params":[],
"body":{"op":"Let",
"definitions":[{"name":{"id":"#UID_C399",
"type":{"op":"Top"}},
"value":{"op":"Let",
"definitions":[{"name":{"id":"#UID_C39A",
"type":{"op":"Top"}},
"value":{"op":"Let",
"definitions":[{"name":{"id":"#UID_C39C",
"type":{"op":"Top"}},
"value":{"op":"Project",
"scrutinee":{"op":"Var",
"id":"#UID_C1A4",
"type":{"op":"Top"}},
"type_tag":"#UID_C39D",
"tag":0,
"field":22},
"export_as":[]}],
"body":{"op":"Var",
"id":"#UID_C39C",
"type":{"op":"Top"}}},
"export_as":[]}],
"body":{"op":"Construct",
"type_tag":"#UID_C39B",
"tag":2,
"args":[]}},
"export_as":[]}],
"body":{"op":"Var",
"id":"#UID_C399",
"type":{"op":"Top"}}}},
{"tag":1,
"params":[],
"body":{"op":"Let",
"definitions":[{"name":{"id":"#UID_C39E",
"type":{"op":"Top"}},
"value":{"op":"Let",
"definitions":[{"name":{"id":"#UID_C39F",
"type":{"op":"Top"}},
"value":{"op":"Let",
"definitions":[{"name":{"id":"#UID_C3A1",
"type":{"op":"Top"}},
"value":{"op":"Project",
"scrutinee":{"op":"Var",
"id":"#UID_C1A4",
"type":{"op":"Top"}},
"type_tag":"#UID_C3A2",
"tag":0,
"field":20},
"export_as":[]}],
"body":{"op":"Var",
"id":"#UID_C3A1",
"type":{"op":"Top"}}},
"export_as":[]}],
"body":{"op":"Construct",
"type_tag":"#UID_C3A0",
"tag":0,
"args":[]}},
"export_as":[]}],
"body":{"op":"Var",
"id":"#UID_C39E",
"type":{"op":"Top"}}}}],
"default_clause":{"params":[],
"body":{"op":"Primitive",
"name":"non-exhaustive match",
"args":[],
"returns":[],
"rest":{"op":"Literal",
"type":{"op":"Int"},
"value":0}}}}}}}},
{"tag":1,
"params":[],
"body":{"op":"Let",
"definitions":[{"name":{"id":"#UID_C3A9",
"type":{"op":"Top"}},
"value":{"op":"Let",
"definitions":[{"name":{"id":"#UID_C3AA",
"type":{"op":"Top"}},
"value":{"op":"Let",
"definitions":[{"name":{"id":"#UID_C3AC",
"type":{"op":"Top"}},
"value":{"op":"Project",
"scrutinee":{"op":"Var",
"id":"#UID_C1A4",
"type":{"op":"Top"}},
"type_tag":"#UID_C3AD",
"tag":0,
"field":21},
"export_as":[]}],
"body":{"op":"Var",
"id":"#UID_C3AC",
"type":{"op":"Top"}}},
"export_as":[]}],
"body":{"op":"Construct",
"type_tag":"#UID_C3AB",
"tag":1,
"args":[]}},
"export_as":[]}],
"body":{"op":"Var",
"id":"#UID_C3A9",
"type":{"op":"Top"}}}}],
"default_clause":{"params":[],
"body":{"op":"Primitive",
"name":"non-exhaustive match",
"args":[],
"returns":[],
"rest":{"op":"Literal",
"type":{"op":"Int"},
"value":0}}}}}}}}},
"export_as":[]}],
"body":{"op":"Let",
"definitions":[{"name":{"id":"#UID_C2C4",
"type":{"op":"Top"}},
"value":{"op":"Abs",
"params":[{"id":"#UID_C386",
"type":{"op":"Top"}}],
"body":{"op":"Abs",
"params":[{"id":"#UID_C387",
"type":{"op":"Top"}}],
"body":{"op":"Let",
"definitions":[{"name":{"id":"#UID_C388",
"type":{"op":"Top"}},
"value":{"op":"Let",
"definitions":[{"name":{"id":"#UID_C38E",
"type":{"op":"Top"}},
"value":{"op":"Let",
"definitions":[{"name":{"id":"#UID_C38F",
"type":{"op":"Top"}},
"value":{"op":"Project",
"scrutinee":{"op":"Var",
"id":"#UID_C1A4",
"type":{"op":"Top"}},
"type_tag":"#UID_C390",
"tag":0,
"field":37},
"export_as":[]}],
"body":{"op":"App",
"fn":{"op":"Var",
"id":"#UID_C38F",
"type":{"op":"Top"}},
"args":[{"op":"Var",
"id":"#UID_C386",
"type":{"op":"Top"}}]}},
"export_as":[]}],
"body":{"op":"App",
"fn":{"op":"Var",
"id":"#UID_C38E",
"type":{"op":"Top"}},
"args":[{"op":"Var",
"id":"#UID_C387",
"type":{"op":"Top"}}]}},
"export_as":[]}],
"body":{"op":"Let",
"definitions":[{"name":{"id":"#UID_C389",
"type":{"op":"Top"}},
"value":{"op":"Var",
"id":"#UID_C388",
"type":{"op":"Top"}},
"export_as":[]}],
"body":{"op":"Let",
"definitions":[{"name":{"id":"#UID_C38A",
"type":{"op":"Top"}},
"value":{"op":"Let",
"definitions":[{"name":{"id":"#UID_C38C",
"type":{"op":"Top"}},
"value":{"op":"Project",
"scrutinee":{"op":"Var",
"id":"#UID_C1A4",
"type":{"op":"Top"}},
"type_tag":"#UID_C38D",
"tag":0,
"field":7},
"export_as":[]}],
"body":{"op":"Var",
"id":"#UID_C38C",
"type":{"op":"Top"}}},
"export_as":[]}],
"body":{"op":"Match",
"scrutinee":{"op":"Var",
"id":"#UID_C389",
"type":{"op":"Top"}},
"type_tag":"#UID_C38B",
"clauses":[{"tag":0,
"params":[],
"body":{"op":"Var",
"id":"#UID_C387",
"type":{"op":"Top"}}},
{"tag":1,
"params":[],
"body":{"op":"Var",
"id":"#UID_C386",
"type":{"op":"Top"}}}],
"default_clause":{"params":[],
"body":{"op":"Primitive",
"name":"non-exhaustive match",
"args":[],
"returns":[],
"rest":{"op":"Literal",
"type":{"op":"Int"},
"value":0}}}}}}}}},
"export_as":[]}],
"body":{"op":"Let",
"definitions":[{"name":{"id":"#UID_C2C5",
"type":{"op":"Top"}},
"value":{"op":"Abs",
"params":[{"id":"#UID_C37B",
"type":{"op":"Top"}}],
"body":{"op":"Abs",
"params":[{"id":"#UID_C37C",
"type":{"op":"Top"}}],
"body":{"op":"Let",
"definitions":[{"name":{"id":"#UID_C37D",
"type":{"op":"Top"}},
"value":{"op":"Let",
"definitions":[{"name":{"id":"#UID_C383",
"type":{"op":"Top"}},
"value":{"op":"Let",
"definitions":[{"name":{"id":"#UID_C384",
"type":{"op":"Top"}},
"value":{"op":"Project",
"scrutinee":{"op":"Var",
"id":"#UID_C1A4",
"type":{"op":"Top"}},
"type_tag":"#UID_C385",
"tag":0,
"field":36},
"export_as":[]}],
"body":{"op":"App",
"fn":{"op":"Var",
"id":"#UID_C384",
"type":{"op":"Top"}},
"args":[{"op":"Var",
"id":"#UID_C37B",
"type":{"op":"Top"}}]}},
"export_as":[]}],
"body":{"op":"App",
"fn":{"op":"Var",
"id":"#UID_C383",
"type":{"op":"Top"}},
"args":[{"op":"Var",
"id":"#UID_C37C",
"type":{"op":"Top"}}]}},
"export_as":[]}],
"body":{"op":"Let",
"definitions":[{"name":{"id":"#UID_C37E",
"type":{"op":"Top"}},
"value":{"op":"Var",
"id":"#UID_C37D",
"type":{"op":"Top"}},
"export_as":[]}],
"body":{"op":"Let",
"definitions":[{"name":{"id":"#UID_C37F",
"type":{"op":"Top"}},
"value":{"op":"Let",
"definitions":[{"name":{"id":"#UID_C381",
"type":{"op":"Top"}},
"value":{"op":"Project",
"scrutinee":{"op":"Var",
"id":"#UID_C1A4",
"type":{"op":"Top"}},
"type_tag":"#UID_C382",
"tag":0,
"field":7},
"export_as":[]}],
"body":{"op":"Var",
"id":"#UID_C381",
"type":{"op":"Top"}}},
"export_as":[]}],
"body":{"op":"Match",
"scrutinee":{"op":"Var",
"id":"#UID_C37E",
"type":{"op":"Top"}},
"type_tag":"#UID_C380",
"clauses":[{"tag":0,
"params":[],
"body":{"op":"Var",
"id":"#UID_C37C",
"type":{"op":"Top"}}},
{"tag":1,
"params":[],
"body":{"op":"Var",
"id":"#UID_C37B",
"type":{"op":"Top"}}}],
"default_clause":{"params":[],
"body":{"op":"Primitive",
"name":"non-exhaustive match",
"args":[],
"returns":[],
"rest":{"op":"Literal",
"type":{"op":"Int"},
"value":0}}}}}}}}},
"export_as":[]}],
"body":{"op":"Let",
"definitions":[{"name":{"id":"#UID_C2C6",
"type":{"op":"Top"}},
"value":{"op":"Project",
"scrutinee":{"op":"Var",
"id":"#UID_C1A4",
"type":{"op":"Top"}},
"type_tag":"#UID_C37A",
"tag":0,
"field":54},
"export_as":[]}],
"body":{"op":"Let",
"definitions":[{"name":{"id":"#UID_C2C7",
"type":{"op":"Top"}},
"value":{"op":"Abs",
"params":[{"id":"#UID_C2C9",
"type":{"op":"Top"}}],
"body":{"op":"Abs",
"params":[{"id":"#UID_C2CA",
"type":{"op":"Top"}}],
"body":{"op":"Let",
"definitions":[{"name":{"id":"#UID_C2CB",
"type":{"op":"Top"}},
"value":{"op":"Let",
"definitions":[{"name":{"id":"#UID_C378",
"type":{"op":"Top"}},
"value":{"op":"Project",
"scrutinee":{"op":"Var",
"id":"#UID_C1A6",
"type":{"op":"Top"}},
"type_tag":"#UID_C379",
"tag":0,
"field":2},
"export_as":[]}],
"body":{"op":"App",
"fn":{"op":"Var",
"id":"#UID_C378",
"type":{"op":"Top"}},
"args":[{"op":"Var",
"id":"#UID_C2CA",
"type":{"op":"Top"}}]}},
"export_as":[]}],
"body":{"op":"Let",
"definitions":[{"name":{"id":"#UID_C2CC",
"type":{"op":"Top"}},
"value":{"op":"Var",
"id":"#UID_C2CB",
"type":{"op":"Top"}},
"export_as":[]}],
"body":{"op":"LetRec",
"definitions":[{"name":{"id":"#UID_C2CD",
"type":{"op":"Top"}},
"value":{"op":"Abs",
"params":[{"id":"#UID_C324",
"type":{"op":"Top"}}],
"body":{"op":"App",
"fn":{"op":"Abs",
"params":[{"id":"#UID_C325",
"type":{"op":"Top"}}],
"body":{"op":"Abs",
"params":[{"id":"#UID_C326",
"type":{"op":"Top"}}],
"body":{"op":"Let",
"definitions":[{"name":{"id":"#UID_C327",
"type":{"op":"Top"}},
"value":{"op":"Let",
"definitions":[{"name":{"id":"#UID_C375",
"type":{"op":"Top"}},
"value":{"op":"Let",
"definitions":[{"name":{"id":"#UID_C376",
"type":{"op":"Top"}},
"value":{"op":"Project",
"scrutinee":{"op":"Var",
"id":"#UID_C1A4",
"type":{"op":"Top"}},
"type_tag":"#UID_C377",
"tag":0,
"field":39},
"export_as":[]}],
"body":{"op":"App",
"fn":{"op":"Var",
"id":"#UID_C376",
"type":{"op":"Top"}},
"args":[{"op":"Var",
"id":"#UID_C326",
"type":{"op":"Top"}}]}},
"export_as":[]}],
"body":{"op":"App",
"fn":{"op":"Var",
"id":"#UID_C375",
"type":{"op":"Top"}},
"args":[{"op":"Var",
"id":"#UID_C2CC",
"type":{"op":"Top"}}]}},
"export_as":[]}],
"body":{"op":"Let",
"definitions":[{"name":{"id":"#UID_C328",
"type":{"op":"Top"}},
"value":{"op":"Var",
"id":"#UID_C327",
"type":{"op":"Top"}},
"export_as":[]}],
"body":{"op":"Let",
"definitions":[{"name":{"id":"#UID_C329",
"type":{"op":"Top"}},
"value":{"op":"Let",
"definitions":[{"name":{"id":"#UID_C373",
"type":{"op":"Top"}},
"value":{"op":"Project",
"scrutinee":{"op":"Var",
"id":"#UID_C1A4",
"type":{"op":"Top"}},
"type_tag":"#UID_C374",
"tag":0,
"field":7},
"export_as":[]}],
"body":{"op":"Var",
"id":"#UID_C373",
"type":{"op":"Top"}}},
"export_as":[]}],
"body":{"op":"Match",
"scrutinee":{"op":"Var",
"id":"#UID_C328",
"type":{"op":"Top"}},
"type_tag":"#UID_C372",
"clauses":[{"tag":0,
"params":[],
"body":{"op":"Let",
"definitions":[{"name":{"id":"#UID_C32A",
"type":{"op":"Top"}},
"value":{"op":"Let",
"definitions":[{"name":{"id":"#UID_C36C",
"type":{"op":"Top"}},
"value":{"op":"Project",
"scrutinee":{"op":"Var",
"id":"#UID_C1A5",
"type":{"op":"Top"}},
"type_tag":"#UID_C371",
"tag":0,
"field":1},
"export_as":[]}],
"body":{"op":"Let",
"definitions":[{"name":{"id":"#UID_C36D",
"type":{"op":"Top"}},
"value":{"op":"Let",
"definitions":[{"name":{"id":"#UID_C36E",
"type":{"op":"Top"}},
"value":{"op":"Let",
"definitions":[{"name":{"id":"#UID_C36F",
"type":{"op":"Top"}},
"value":{"op":"Project",
"scrutinee":{"op":"Var",
"id":"#UID_C1A6",
"type":{"op":"Top"}},
"type_tag":"#UID_C370",
"tag":0,
"field":3},
"export_as":[]}],
"body":{"op":"App",
"fn":{"op":"Var",
"id":"#UID_C36F",
"type":{"op":"Top"}},
"args":[{"op":"Var",
"id":"#UID_C326",
"type":{"op":"Top"}}]}},
"export_as":[]}],
"body":{"op":"App",
"fn":{"op":"Var",
"id":"#UID_C36E",
"type":{"op":"Top"}},
"args":[{"op":"Var",
"id":"#UID_C2CA",
"type":{"op":"Top"}}]}},
"export_as":[]}],
"body":{"op":"App",
"fn":{"op":"Var",
"id":"#UID_C36C",
"type":{"op":"Top"}},
"args":[{"op":"Var",
"id":"#UID_C36D",
"type":{"op":"Top"}}]}}},
"export_as":[]}],
"body":{"op":"Let",
"definitions":[{"name":{"id":"#UID_C32B",
"type":{"op":"Top"}},
"value":{"op":"Var",
"id":"#UID_C32A",
"type":{"op":"Top"}},
"export_as":[]}],
"body":{"op":"Let",
"definitions":[{"name":{"id":"#UID_C32C",
"type":{"op":"Top"}},
"value":{"op":"Let",
"definitions":[{"name":{"id":"#UID_C359",
"type":{"op":"Top"}},
"value":{"op":"Let",
"definitions":[{"name":{"id":"#UID_C362",
"type":{"op":"Top"}},
"value":{"op":"Project",
"scrutinee":{"op":"Var",
"id":"#UID_C1A4",
"type":{"op":"Top"}},
"type_tag":"#UID_C36B",
"tag":0,
"field":63},
"export_as":[]}],
"body":{"op":"Let",
"definitions":[{"name":{"id":"#UID_C363",
"type":{"op":"Top"}},
"value":{"op":"Let",
"definitions":[{"name":{"id":"#UID_C364",
"type":{"op":"Top"}},
"value":{"op":"Let",
"definitions":[{"name":{"id":"#UID_C369",
"type":{"op":"Top"}},
"value":{"op":"Project",
"scrutinee":{"op":"Var",
"id":"#UID_C1A4",
"type":{"op":"Top"}},
"type_tag":"#UID_C36A",
"tag":0,
"field":36},
"export_as":[]}],
"body":{"op":"App",
"fn":{"op":"Var",
"id":"#UID_C369",
"type":{"op":"Top"}},
"args":[{"op":"Var",
"id":"#UID_C32B",
"type":{"op":"Top"}}]}},
"export_as":[]}],
"body":{"op":"Let",
"definitions":[{"name":{"id":"#UID_C365",
"type":{"op":"Top"}},
"value":{"op":"Let",
"definitions":[{"name":{"id":"#UID_C366",
"type":{"op":"Top"}},
"value":{"op":"Project",
"scrutinee":{"op":"Var",
"id":"#UID_C1A5",
"type":{"op":"Top"}},
"type_tag":"#UID_C368",
"tag":0,
"field":1},
"export_as":[]}],
"body":{"op":"Let",
"definitions":[{"name":{"id":"#UID_C367",
"type":{"op":"Top"}},
"value":{"op":"Literal",
"type":{"op":"String"},
"value":"0"},
"export_as":[]}],
"body":{"op":"App",
"fn":{"op":"Var",
"id":"#UID_C366",
"type":{"op":"Top"}},
"args":[{"op":"Var",
"id":"#UID_C367",
"type":{"op":"Top"}}]}}},
"export_as":[]}],
"body":{"op":"App",
"fn":{"op":"Var",
"id":"#UID_C364",
"type":{"op":"Top"}},
"args":[{"op":"Var",
"id":"#UID_C365",
"type":{"op":"Top"}}]}}},
"export_as":[]}],
"body":{"op":"App",
"fn":{"op":"Var",
"id":"#UID_C362",
"type":{"op":"Top"}},
"args":[{"op":"Var",
"id":"#UID_C363",
"type":{"op":"Top"}}]}}},
"export_as":[]}],
"body":{"op":"Let",
"definitions":[{"name":{"id":"#UID_C35A",
"type":{"op":"Top"}},
"value":{"op":"Let",
"definitions":[{"name":{"id":"#UID_C35B",
"type":{"op":"Top"}},
"value":{"op":"Let",
"definitions":[{"name":{"id":"#UID_C360",
"type":{"op":"Top"}},
"value":{"op":"Project",
"scrutinee":{"op":"Var",
"id":"#UID_C1A4",
"type":{"op":"Top"}},
"type_tag":"#UID_C361",
"tag":0,
"field":37},
"export_as":[]}],
"body":{"op":"App",
"fn":{"op":"Var",
"id":"#UID_C360",
"type":{"op":"Top"}},
"args":[{"op":"Var",
"id":"#UID_C32B",
"type":{"op":"Top"}}]}},
"export_as":[]}],
"body":{"op":"Let",
"definitions":[{"name":{"id":"#UID_C35C",
"type":{"op":"Top"}},
"value":{"op":"Let",
"definitions":[{"name":{"id":"#UID_C35D",
"type":{"op":"Top"}},
"value":{"op":"Project",
"scrutinee":{"op":"Var",
"id":"#UID_C1A5",
"type":{"op":"Top"}},
"type_tag":"#UID_C35F",
"tag":0,
"field":1},
"export_as":[]}],
"body":{"op":"Let",
"definitions":[{"name":{"id":"#UID_C35E",
"type":{"op":"Top"}},
"value":{"op":"Literal",
"type":{"op":"String"},
"value":"9"},
"export_as":[]}],
"body":{"op":"App",
"fn":{"op":"Var",
"id":"#UID_C35D",
"type":{"op":"Top"}},
"args":[{"op":"Var",
"id":"#UID_C35E",
"type":{"op":"Top"}}]}}},
"export_as":[]}],
"body":{"op":"App",
"fn":{"op":"Var",
"id":"#UID_C35B",
"type":{"op":"Top"}},
"args":[{"op":"Var",
"id":"#UID_C35C",
"type":{"op":"Top"}}]}}},
"export_as":[]}],
"body":{"op":"App",
"fn":{"op":"Var",
"id":"#UID_C359",
"type":{"op":"Top"}},
"args":[{"op":"Var",
"id":"#UID_C35A",
"type":{"op":"Top"}}]}}},
"export_as":[]}],
"body":{"op":"Let",
"definitions":[{"name":{"id":"#UID_C32D",
"type":{"op":"Top"}},
"value":{"op":"Var",
"id":"#UID_C32C",
"type":{"op":"Top"}},
"export_as":[]}],
"body":{"op":"Let",
"definitions":[{"name":{"id":"#UID_C32E",
"type":{"op":"Top"}},
"value":{"op":"Let",
"definitions":[{"name":{"id":"#UID_C357",
"type":{"op":"Top"}},
"value":{"op":"Project",
"scrutinee":{"op":"Var",
"id":"#UID_C1A4",
"type":{"op":"Top"}},
"type_tag":"#UID_C358",
"tag":0,
"field":7},
"export_as":[]}],
"body":{"op":"Var",
"id":"#UID_C357",
"type":{"op":"Top"}}},
"export_as":[]}],
"body":{"op":"Match",
"scrutinee":{"op":"Var",
"id":"#UID_C32D",
"type":{"op":"Top"}},
"type_tag":"#UID_C356",
"clauses":[{"tag":0,
"params":[],
"body":{"op":"Let",
"definitions":[{"name":{"id":"#UID_C32F",
"type":{"op":"Top"}},
"value":{"op":"Let",
"definitions":[{"name":{"id":"#UID_C335",
"type":{"op":"Top"}},
"value":{"op":"Let",
"definitions":[{"name":{"id":"#UID_C336",
"type":{"op":"Top"}},
"value":{"op":"Let",
"definitions":[{"name":{"id":"#UID_C33B",
"type":{"op":"Top"}},
"value":{"op":"Project",
"scrutinee":{"op":"Var",
"id":"#UID_C1A4",
"type":{"op":"Top"}},
"type_tag":"#UID_C345",
"tag":0,
"field":41},
"export_as":[]}],
"body":{"op":"Let",
"definitions":[{"name":{"id":"#UID_C33C",
"type":{"op":"Top"}},
"value":{"op":"Let",
"definitions":[{"name":{"id":"#UID_C33D",
"type":{"op":"Top"}},
"value":{"op":"Let",
"definitions":[{"name":{"id":"#UID_C33E",
"type":{"op":"Top"}},
"value":{"op":"Project",
"scrutinee":{"op":"Var",
"id":"#UID_C1A4",
"type":{"op":"Top"}},
"type_tag":"#UID_C344",
"tag":0,
"field":40},
"export_as":[]}],
"body":{"op":"Let",
"definitions":[{"name":{"id":"#UID_C33F",
"type":{"op":"Top"}},
"value":{"op":"Let",
"definitions":[{"name":{"id":"#UID_C340",
"type":{"op":"Top"}},
"value":{"op":"Let",
"definitions":[{"name":{"id":"#UID_C342",
"type":{"op":"Top"}},
"value":{"op":"Project",
"scrutinee":{"op":"Var",
"id":"#UID_C1A4",
"type":{"op":"Top"}},
"type_tag":"#UID_C343",
"tag":0,
"field":42},
"export_as":[]}],
"body":{"op":"App",
"fn":{"op":"Var",
"id":"#UID_C342",
"type":{"op":"Top"}},
"args":[{"op":"Var",
"id":"#UID_C325",
"type":{"op":"Top"}}]}},
"export_as":[]}],
"body":{"op":"Let",
"definitions":[{"name":{"id":"#UID_C341",
"type":{"op":"Top"}},
"value":{"op":"Literal",
"type":{"op":"Int"},
"value":10},
"export_as":[]}],
"body":{"op":"App",
"fn":{"op":"Var",
"id":"#UID_C340",
"type":{"op":"Top"}},
"args":[{"op":"Var",
"id":"#UID_C341",
"type":{"op":"Top"}}]}}},
"export_as":[]}],
"body":{"op":"App",
"fn":{"op":"Var",
"id":"#UID_C33E",
"type":{"op":"Top"}},
"args":[{"op":"Var",
"id":"#UID_C33F",
"type":{"op":"Top"}}]}}},
"export_as":[]}],
"body":{"op":"App",
"fn":{"op":"Var",
"id":"#UID_C33D",
"type":{"op":"Top"}},
"args":[{"op":"Var",
"id":"#UID_C32B",
"type":{"op":"Top"}}]}},
"export_as":[]}],
"body":{"op":"App",
"fn":{"op":"Var",
"id":"#UID_C33B",
"type":{"op":"Top"}},
"args":[{"op":"Var",
"id":"#UID_C33C",
"type":{"op":"Top"}}]}}},
"export_as":[]}],
"body":{"op":"Let",
"definitions":[{"name":{"id":"#UID_C337",
"type":{"op":"Top"}},
"value":{"op":"Let",
"definitions":[{"name":{"id":"#UID_C338",
"type":{"op":"Top"}},
"value":{"op":"Project",
"scrutinee":{"op":"Var",
"id":"#UID_C1A5",
"type":{"op":"Top"}},
"type_tag":"#UID_C33A",
"tag":0,
"field":1},
"export_as":[]}],
"body":{"op":"Let",
"definitions":[{"name":{"id":"#UID_C339",
"type":{"op":"Top"}},
"value":{"op":"Literal",
"type":{"op":"String"},
"value":"0"},
"export_as":[]}],
"body":{"op":"App",
"fn":{"op":"Var",
"id":"#UID_C338",
"type":{"op":"Top"}},
"args":[{"op":"Var",
"id":"#UID_C339",
"type":{"op":"Top"}}]}}},
"export_as":[]}],
"body":{"op":"App",
"fn":{"op":"Var",
"id":"#UID_C336",
"type":{"op":"Top"}},
"args":[{"op":"Var",
"id":"#UID_C337",
"type":{"op":"Top"}}]}}},
"export_as":[]}],
"body":{"op":"App",
"fn":{"op":"Var",
"id":"#UID_C2CD",
"type":{"op":"Top"}},
"args":[{"op":"Var",
"id":"#UID_C335",
"type":{"op":"Top"}}]}},
"export_as":[]}],
"body":{"op":"Let",
"definitions":[{"name":{"id":"#UID_C330",
"type":{"op":"Top"}},
"value":{"op":"Let",
"definitions":[{"name":{"id":"#UID_C331",
"type":{"op":"Top"}},
"value":{"op":"Let",
"definitions":[{"name":{"id":"#UID_C333",
"type":{"op":"Top"}},
"value":{"op":"Project",
"scrutinee":{"op":"Var",
"id":"#UID_C1A4",
"type":{"op":"Top"}},
"type_tag":"#UID_C334",
"tag":0,
"field":40},
"export_as":[]}],
"body":{"op":"App",
"fn":{"op":"Var",
"id":"#UID_C333",
"type":{"op":"Top"}},
"args":[{"op":"Var",
"id":"#UID_C326",
"type":{"op":"Top"}}]}},
"export_as":[]}],
"body":{"op":"Let",
"definitions":[{"name":{"id":"#UID_C332",
"type":{"op":"Top"}},
"value":{"op":"Literal",
"type":{"op":"Int"},
"value":1},
"export_as":[]}],
"body":{"op":"App",
"fn":{"op":"Var",
"id":"#UID_C331",
"type":{"op":"Top"}},
"args":[{"op":"Var",
"id":"#UID_C332",
"type":{"op":"Top"}}]}}},
"export_as":[]}],
"body":{"op":"App",
"fn":{"op":"Var",
"id":"#UID_C32F",
"type":{"op":"Top"}},
"args":[{"op":"Var",
"id":"#UID_C330",
"type":{"op":"Top"}}]}}}},
{"tag":1,
"params":[],
"body":{"op":"Let",
"definitions":[{"name":{"id":"#UID_C346",
"type":{"op":"Top"}},
"value":{"op":"Abs",
"params":[{"id":"#UID_C350",
"type":{"op":"Top"}}],
"body":{"op":"Abs",
"params":[{"id":"#UID_C351",
"type":{"op":"Top"}}],
"body":{"op":"Let",
"definitions":[{"name":{"id":"#UID_C352",
"type":{"op":"Top"}},
"value":{"op":"Let",
"definitions":[{"name":{"id":"#UID_C354",
"type":{"op":"Top"}},
"value":{"op":"Project",
"scrutinee":{"op":"Var",
"id":"#UID_C1A4",
"type":{"op":"Top"}},
"type_tag":"#UID_C355",
"tag":0,
"field":29},
"export_as":[]}],
"body":{"op":"Var",
"id":"#UID_C354",
"type":{"op":"Top"}}},
"export_as":[]}],
"body":{"op":"DOp",
"tag":{"op":"Var",
"id":"#UID_C350",
"type":{"op":"Top"}},
"op_tag":0,
"args":[{"op":"Var",
"id":"#UID_C351",
"type":{"op":"Top"}}],
"k":{"params":[{"id":"#UID_C353",
"type":{"op":"Top"}}],
"body":{"op":"Var",
"id":"#UID_C353",
"type":{"op":"Top"}}},
"rtpe":{"op":"Top"}}}}},
"export_as":[]}],
"body":{"op":"Let",
"definitions":[{"name":{"id":"#UID_C347",
"type":{"op":"Top"}},
"value":{"op":"Let",
"definitions":[{"name":{"id":"#UID_C34B",
"type":{"op":"Top"}},
"value":{"op":"Let",
"definitions":[{"name":{"id":"#UID_C34C",
"type":{"op":"Top"}},
"value":{"op":"Let",
"definitions":[{"name":{"id":"#UID_C34E",
"type":{"op":"Top"}},
"value":{"op":"Project",
"scrutinee":{"op":"Var",
"id":"#UID_C1A4",
"type":{"op":"Top"}},
"type_tag":"#UID_C34F",
"tag":0,
"field":4},
"export_as":[]}],
"body":{"op":"Var",
"id":"#UID_C34E",
"type":{"op":"Top"}}},
"export_as":[]}],
"body":{"op":"Construct",
"type_tag":"#UID_C34D",
"tag":0,
"args":[]}},
"export_as":[]}],
"body":{"op":"Var",
"id":"#UID_C34B",
"type":{"op":"Top"}}},
"export_as":[]}],
"body":{"op":"Let",
"definitions":[{"name":{"id":"#UID_C348",
"type":{"op":"Top"}},
"value":{"op":"Let",
"definitions":[{"name":{"id":"#UID_C349",
"type":{"op":"Top"}},
"value":{"op":"App",
"fn":{"op":"Var",
"id":"#UID_C346",
"type":{"op":"Top"}},
"args":[{"op":"Var",
"id":"#UID_C2C9",
"type":{"op":"Top"}}]},
"export_as":[]}],
"body":{"op":"Let",
"definitions":[{"name":{"id":"#UID_C34A",
"type":{"op":"Top"}},
"value":{"op":"Var",
"id":"#UID_C349",
"type":{"op":"Top"}},
"export_as":[]}],
"body":{"op":"Var",
"id":"#UID_C34A",
"type":{"op":"Top"}}}},
"export_as":[]}],
"body":{"op":"App",
"fn":{"op":"Var",
"id":"#UID_C348",
"type":{"op":"Top"}},
"args":[{"op":"Var",
"id":"#UID_C347",
"type":{"op":"Top"}}]}}}}}],
"default_clause":{"params":[],
"body":{"op":"Primitive",
"name":"non-exhaustive match",
"args":[],
"returns":[],
"rest":{"op":"Literal",
"type":{"op":"Int"},
"value":0}}}}}}}}}},
{"tag":1,
"params":[],
"body":{"op":"Var",
"id":"#UID_C325",
"type":{"op":"Top"}}}],
"default_clause":{"params":[],
"body":{"op":"Primitive",
"name":"non-exhaustive match",
"args":[],
"returns":[],
"rest":{"op":"Literal",
"type":{"op":"Int"},
"value":0}}}}}}}}},
"args":[{"op":"Var",
"id":"#UID_C324",
"type":{"op":"Top"}}]}},
"export_as":[]}],
"body":{"op":"Let",
"definitions":[{"name":{"id":"#UID_C2CE",
"type":{"op":"Top"}},
"value":{"op":"Let",
"definitions":[{"name":{"id":"#UID_C320",
"type":{"op":"Top"}},
"value":{"op":"Let",
"definitions":[{"name":{"id":"#UID_C322",
"type":{"op":"Top"}},
"value":{"op":"Project",
"scrutinee":{"op":"Var",
"id":"#UID_C1A4",
"type":{"op":"Top"}},
"type_tag":"#UID_C323",
"tag":0,
"field":34},
"export_as":[]}],
"body":{"op":"App",
"fn":{"op":"Var",
"id":"#UID_C322",
"type":{"op":"Top"}},
"args":[{"op":"Var",
"id":"#UID_C2CC",
"type":{"op":"Top"}}]}},
"export_as":[]}],
"body":{"op":"Let",
"definitions":[{"name":{"id":"#UID_C321",
"type":{"op":"Top"}},
"value":{"op":"Literal",
"type":{"op":"Int"},
"value":0},
"export_as":[]}],
"body":{"op":"App",
"fn":{"op":"Var",
"id":"#UID_C320",
"type":{"op":"Top"}},
"args":[{"op":"Var",
"id":"#UID_C321",
"type":{"op":"Top"}}]}}},
"export_as":[]}],
"body":{"op":"Let",
"definitions":[{"name":{"id":"#UID_C2CF",
"type":{"op":"Top"}},
"value":{"op":"Var",
"id":"#UID_C2CE",
"type":{"op":"Top"}},
"export_as":[]}],
"body":{"op":"Let",
"definitions":[{"name":{"id":"#UID_C2D0",
"type":{"op":"Top"}},
"value":{"op":"Let",
"definitions":[{"name":{"id":"#UID_C31E",
"type":{"op":"Top"}},
"value":{"op":"Project",
"scrutinee":{"op":"Var",
"id":"#UID_C1A4",
"type":{"op":"Top"}},
"type_tag":"#UID_C31F",
"tag":0,
"field":7},
"export_as":[]}],
"body":{"op":"Var",
"id":"#UID_C31E",
"type":{"op":"Top"}}},
"export_as":[]}],
"body":{"op":"Match",
"scrutinee":{"op":"Var",
"id":"#UID_C2CF",
"type":{"op":"Top"}},
"type_tag":"#UID_C31D",
"clauses":[{"tag":0,
"params":[],
"body":{"op":"Let",
"definitions":[{"name":{"id":"#UID_C2D1",
"type":{"op":"Top"}},
"value":{"op":"Let",
"definitions":[{"name":{"id":"#UID_C2FB",
"type":{"op":"Top"}},
"value":{"op":"Let",
"definitions":[{"name":{"id":"#UID_C301",
"type":{"op":"Top"}},
"value":{"op":"Project",
"scrutinee":{"op":"Var",
"id":"#UID_C1A4",
"type":{"op":"Top"}},
"type_tag":"#UID_C30C",
"tag":0,
"field":62},
"export_as":[]}],
"body":{"op":"Let",
"definitions":[{"name":{"id":"#UID_C302",
"type":{"op":"Top"}},
"value":{"op":"Let",
"definitions":[{"name":{"id":"#UID_C303",
"type":{"op":"Top"}},
"value":{"op":"Let",
"definitions":[{"name":{"id":"#UID_C305",
"type":{"op":"Top"}},
"value":{"op":"Project",
"scrutinee":{"op":"Var",
"id":"#UID_C1A5",
"type":{"op":"Top"}},
"type_tag":"#UID_C30B",
"tag":0,
"field":3},
"export_as":[]}],
"body":{"op":"Let",
"definitions":[{"name":{"id":"#UID_C306",
"type":{"op":"Top"}},
"value":{"op":"Let",
"definitions":[{"name":{"id":"#UID_C307",
"type":{"op":"Top"}},
"value":{"op":"Let",
"definitions":[{"name":{"id":"#UID_C308",
"type":{"op":"Top"}},
"value":{"op":"Project",
"scrutinee":{"op":"Var",
"id":"#UID_C1A6",
"type":{"op":"Top"}},
"type_tag":"#UID_C30A",
"tag":0,
"field":3},
"export_as":[]}],
"body":{"op":"Let",
"definitions":[{"name":{"id":"#UID_C309",
"type":{"op":"Top"}},
"value":{"op":"Literal",
"type":{"op":"Int"},
"value":0},
"export_as":[]}],
"body":{"op":"App",
"fn":{"op":"Var",
"id":"#UID_C308",
"type":{"op":"Top"}},
"args":[{"op":"Var",
"id":"#UID_C309",
"type":{"op":"Top"}}]}}},
"export_as":[]}],
"body":{"op":"App",
"fn":{"op":"Var",
"id":"#UID_C307",
"type":{"op":"Top"}},
"args":[{"op":"Var",
"id":"#UID_C2CA",
"type":{"op":"Top"}}]}},
"export_as":[]}],
"body":{"op":"App",
"fn":{"op":"Var",
"id":"#UID_C305",
"type":{"op":"Top"}},
"args":[{"op":"Var",
"id":"#UID_C306",
"type":{"op":"Top"}}]}}},
"export_as":[]}],
"body":{"op":"Let",
"definitions":[{"name":{"id":"#UID_C304",
"type":{"op":"Top"}},
"value":{"op":"Literal",
"type":{"op":"String"},
"value":"-"},
"export_as":[]}],
"body":{"op":"App",
"fn":{"op":"Var",
"id":"#UID_C303",
"type":{"op":"Top"}},
"args":[{"op":"Var",
"id":"#UID_C304",
"type":{"op":"Top"}}]}}},
"export_as":[]}],
"body":{"op":"App",
"fn":{"op":"Var",
"id":"#UID_C301",
"type":{"op":"Top"}},
"args":[{"op":"Var",
"id":"#UID_C302",
"type":{"op":"Top"}}]}}},
"export_as":[]}],
"body":{"op":"Let",
"definitions":[{"name":{"id":"#UID_C2FC",
"type":{"op":"Top"}},
"value":{"op":"Let",
"definitions":[{"name":{"id":"#UID_C2FD",
"type":{"op":"Top"}},
"value":{"op":"Let",
"definitions":[{"name":{"id":"#UID_C2FF",
"type":{"op":"Top"}},
"value":{"op":"Project",
"scrutinee":{"op":"Var",
"id":"#UID_C1A4",
"type":{"op":"Top"}},
"type_tag":"#UID_C300",
"tag":0,
"field":37},
"export_as":[]}],
"body":{"op":"App",
"fn":{"op":"Var",
"id":"#UID_C2FF",
"type":{"op":"Top"}},
"args":[{"op":"Var",
"id":"#UID_C2CC",
"type":{"op":"Top"}}]}},
"export_as":[]}],
"body":{"op":"Let",
"definitions":[{"name":{"id":"#UID_C2FE",
"type":{"op":"Top"}},
"value":{"op":"Literal",
"type":{"op":"Int"},
"value":1},
"export_as":[]}],
"body":{"op":"App",
"fn":{"op":"Var",
"id":"#UID_C2FD",
"type":{"op":"Top"}},
"args":[{"op":"Var",
"id":"#UID_C2FE",
"type":{"op":"Top"}}]}}},
"export_as":[]}],
"body":{"op":"App",
"fn":{"op":"Var",
"id":"#UID_C2FB",
"type":{"op":"Top"}},
"args":[{"op":"Var",
"id":"#UID_C2FC",
"type":{"op":"Top"}}]}}},
"export_as":[]}],
"body":{"op":"Let",
"definitions":[{"name":{"id":"#UID_C2D2",
"type":{"op":"Top"}},
"value":{"op":"Var",
"id":"#UID_C2D1",
"type":{"op":"Top"}},
"export_as":[]}],
"body":{"op":"Let",
"definitions":[{"name":{"id":"#UID_C2D3",
"type":{"op":"Top"}},
"value":{"op":"Let",
"definitions":[{"name":{"id":"#UID_C2F9",
"type":{"op":"Top"}},
"value":{"op":"Project",
"scrutinee":{"op":"Var",
"id":"#UID_C1A4",
"type":{"op":"Top"}},
"type_tag":"#UID_C2FA",
"tag":0,
"field":7},
"export_as":[]}],
"body":{"op":"Var",
"id":"#UID_C2F9",
"type":{"op":"Top"}}},
"export_as":[]}],
"body":{"op":"Match",
"scrutinee":{"op":"Var",
"id":"#UID_C2D2",
"type":{"op":"Top"}},
"type_tag":"#UID_C2F8",
"clauses":[{"tag":0,
"params":[],
"body":{"op":"Let",
"definitions":[{"name":{"id":"#UID_C2D4",
"type":{"op":"Top"}},
"value":{"op":"Let",
"definitions":[{"name":{"id":"#UID_C2E0",
"type":{"op":"Top"}},
"value":{"op":"Let",
"definitions":[{"name":{"id":"#UID_C2E6",
"type":{"op":"Top"}},
"value":{"op":"Project",
"scrutinee":{"op":"Var",
"id":"#UID_C1A4",
"type":{"op":"Top"}},
"type_tag":"#UID_C2F1",
"tag":0,
"field":62},
"export_as":[]}],
"body":{"op":"Let",
"definitions":[{"name":{"id":"#UID_C2E7",
"type":{"op":"Top"}},
"value":{"op":"Let",
"definitions":[{"name":{"id":"#UID_C2E8",
"type":{"op":"Top"}},
"value":{"op":"Let",
"definitions":[{"name":{"id":"#UID_C2EA",
"type":{"op":"Top"}},
"value":{"op":"Project",
"scrutinee":{"op":"Var",
"id":"#UID_C1A5",
"type":{"op":"Top"}},
"type_tag":"#UID_C2F0",
"tag":0,
"field":3},
"export_as":[]}],
"body":{"op":"Let",
"definitions":[{"name":{"id":"#UID_C2EB",
"type":{"op":"Top"}},
"value":{"op":"Let",
"definitions":[{"name":{"id":"#UID_C2EC",
"type":{"op":"Top"}},
"value":{"op":"Let",
"definitions":[{"name":{"id":"#UID_C2ED",
"type":{"op":"Top"}},
"value":{"op":"Project",
"scrutinee":{"op":"Var",
"id":"#UID_C1A6",
"type":{"op":"Top"}},
"type_tag":"#UID_C2EF",
"tag":0,
"field":3},
"export_as":[]}],
"body":{"op":"Let",
"definitions":[{"name":{"id":"#UID_C2EE",
"type":{"op":"Top"}},
"value":{"op":"Literal",
"type":{"op":"Int"},
"value":0},
"export_as":[]}],
"body":{"op":"App",
"fn":{"op":"Var",
"id":"#UID_C2ED",
"type":{"op":"Top"}},
"args":[{"op":"Var",
"id":"#UID_C2EE",
"type":{"op":"Top"}}]}}},
"export_as":[]}],
"body":{"op":"App",
"fn":{"op":"Var",
"id":"#UID_C2EC",
"type":{"op":"Top"}},
"args":[{"op":"Var",
"id":"#UID_C2CA",
"type":{"op":"Top"}}]}},
"export_as":[]}],
"body":{"op":"App",
"fn":{"op":"Var",
"id":"#UID_C2EA",
"type":{"op":"Top"}},
"args":[{"op":"Var",
"id":"#UID_C2EB",
"type":{"op":"Top"}}]}}},
"export_as":[]}],
"body":{"op":"Let",
"definitions":[{"name":{"id":"#UID_C2E9",
"type":{"op":"Top"}},
"value":{"op":"Literal",
"type":{"op":"String"},
"value":"+"},
"export_as":[]}],
"body":{"op":"App",
"fn":{"op":"Var",
"id":"#UID_C2E8",
"type":{"op":"Top"}},
"args":[{"op":"Var",
"id":"#UID_C2E9",
"type":{"op":"Top"}}]}}},
"export_as":[]}],
"body":{"op":"App",
"fn":{"op":"Var",
"id":"#UID_C2E6",
"type":{"op":"Top"}},
"args":[{"op":"Var",
"id":"#UID_C2E7",
"type":{"op":"Top"}}]}}},
"export_as":[]}],
"body":{"op":"Let",
"definitions":[{"name":{"id":"#UID_C2E1",
"type":{"op":"Top"}},
"value":{"op":"Let",
"definitions":[{"name":{"id":"#UID_C2E2",
"type":{"op":"Top"}},
"value":{"op":"Let",
"definitions":[{"name":{"id":"#UID_C2E4",
"type":{"op":"Top"}},
"value":{"op":"Project",
"scrutinee":{"op":"Var",
"id":"#UID_C1A4",
"type":{"op":"Top"}},
"type_tag":"#UID_C2E5",
"tag":0,
"field":37},
"export_as":[]}],
"body":{"op":"App",
"fn":{"op":"Var",
"id":"#UID_C2E4",
"type":{"op":"Top"}},
"args":[{"op":"Var",
"id":"#UID_C2CC",
"type":{"op":"Top"}}]}},
"export_as":[]}],
"body":{"op":"Let",
"definitions":[{"name":{"id":"#UID_C2E3",
"type":{"op":"Top"}},
"value":{"op":"Literal",
"type":{"op":"Int"},
"value":1},
"export_as":[]}],
"body":{"op":"App",
"fn":{"op":"Var",
"id":"#UID_C2E2",
"type":{"op":"Top"}},
"args":[{"op":"Var",
"id":"#UID_C2E3",
"type":{"op":"Top"}}]}}},
"export_as":[]}],
"body":{"op":"App",
"fn":{"op":"Var",
"id":"#UID_C2E0",
"type":{"op":"Top"}},
"args":[{"op":"Var",
"id":"#UID_C2E1",
"type":{"op":"Top"}}]}}},
"export_as":[]}],
"body":{"op":"Let",
"definitions":[{"name":{"id":"#UID_C2D5",
"type":{"op":"Top"}},
"value":{"op":"Var",
"id":"#UID_C2D4",
"type":{"op":"Top"}},
"export_as":[]}],
"body":{"op":"Let",
"definitions":[{"name":{"id":"#UID_C2D6",
"type":{"op":"Top"}},
"value":{"op":"Let",
"definitions":[{"name":{"id":"#UID_C2DE",
"type":{"op":"Top"}},
"value":{"op":"Project",
"scrutinee":{"op":"Var",
"id":"#UID_C1A4",
"type":{"op":"Top"}},
"type_tag":"#UID_C2DF",
"tag":0,
"field":7},
"export_as":[]}],
"body":{"op":"Var",
"id":"#UID_C2DE",
"type":{"op":"Top"}}},
"export_as":[]}],
"body":{"op":"Match",
"scrutinee":{"op":"Var",
"id":"#UID_C2D5",
"type":{"op":"Top"}},
"type_tag":"#UID_C2DD",
"clauses":[{"tag":0,
"params":[],
"body":{"op":"Let",
"definitions":[{"name":{"id":"#UID_C2D7",
"type":{"op":"Top"}},
"value":{"op":"Let",
"definitions":[{"name":{"id":"#UID_C2D9",
"type":{"op":"Top"}},
"value":{"op":"Literal",
"type":{"op":"Int"},
"value":0},
"export_as":[]}],
"body":{"op":"App",
"fn":{"op":"Var",
"id":"#UID_C2CD",
"type":{"op":"Top"}},
"args":[{"op":"Var",
"id":"#UID_C2D9",
"type":{"op":"Top"}}]}},
"export_as":[]}],
"body":{"op":"Let",
"definitions":[{"name":{"id":"#UID_C2D8",
"type":{"op":"Top"}},
"value":{"op":"Literal",
"type":{"op":"Int"},
"value":0},
"export_as":[]}],
"body":{"op":"App",
"fn":{"op":"Var",
"id":"#UID_C2D7",
"type":{"op":"Top"}},
"args":[{"op":"Var",
"id":"#UID_C2D8",
"type":{"op":"Top"}}]}}}},
{"tag":1,
"params":[],
"body":{"op":"Let",
"definitions":[{"name":{"id":"#UID_C2DA",
"type":{"op":"Top"}},
"value":{"op":"Let",
"definitions":[{"name":{"id":"#UID_C2DC",
"type":{"op":"Top"}},
"value":{"op":"Literal",
"type":{"op":"Int"},
"value":0},
"export_as":[]}],
"body":{"op":"App",
"fn":{"op":"Var",
"id":"#UID_C2CD",
"type":{"op":"Top"}},
"args":[{"op":"Var",
"id":"#UID_C2DC",
"type":{"op":"Top"}}]}},
"export_as":[]}],
"body":{"op":"Let",
"definitions":[{"name":{"id":"#UID_C2DB",
"type":{"op":"Top"}},
"value":{"op":"Literal",
"type":{"op":"Int"},
"value":1},
"export_as":[]}],
"body":{"op":"App",
"fn":{"op":"Var",
"id":"#UID_C2DA",
"type":{"op":"Top"}},
"args":[{"op":"Var",
"id":"#UID_C2DB",
"type":{"op":"Top"}}]}}}}],
"default_clause":{"params":[],
"body":{"op":"Primitive",
"name":"non-exhaustive match",
"args":[],
"returns":[],
"rest":{"op":"Literal",
"type":{"op":"Int"},
"value":0}}}}}}}},
{"tag":1,
"params":[],
"body":{"op":"Let",
"definitions":[{"name":{"id":"#UID_C2F2",
"type":{"op":"Top"}},
"value":{"op":"Project",
"scrutinee":{"op":"Var",
"id":"#UID_C1A4",
"type":{"op":"Top"}},
"type_tag":"#UID_C2F7",
"tag":0,
"field":45},
"export_as":[]}],
"body":{"op":"Let",
"definitions":[{"name":{"id":"#UID_C2F3",
"type":{"op":"Top"}},
"value":{"op":"Let",
"definitions":[{"name":{"id":"#UID_C2F4",
"type":{"op":"Top"}},
"value":{"op":"Let",
"definitions":[{"name":{"id":"#UID_C2F6",
"type":{"op":"Top"}},
"value":{"op":"Literal",
"type":{"op":"Int"},
"value":0},
"export_as":[]}],
"body":{"op":"App",
"fn":{"op":"Var",
"id":"#UID_C2CD",
"type":{"op":"Top"}},
"args":[{"op":"Var",
"id":"#UID_C2F6",
"type":{"op":"Top"}}]}},
"export_as":[]}],
"body":{"op":"Let",
"definitions":[{"name":{"id":"#UID_C2F5",
"type":{"op":"Top"}},
"value":{"op":"Literal",
"type":{"op":"Int"},
"value":1},
"export_as":[]}],
"body":{"op":"App",
"fn":{"op":"Var",
"id":"#UID_C2F4",
"type":{"op":"Top"}},
"args":[{"op":"Var",
"id":"#UID_C2F5",
"type":{"op":"Top"}}]}}},
"export_as":[]}],
"body":{"op":"App",
"fn":{"op":"Var",
"id":"#UID_C2F2",
"type":{"op":"Top"}},
"args":[{"op":"Var",
"id":"#UID_C2F3",
"type":{"op":"Top"}}]}}}}],
"default_clause":{"params":[],
"body":{"op":"Primitive",
"name":"non-exhaustive match",
"args":[],
"returns":[],
"rest":{"op":"Literal",
"type":{"op":"Int"},
"value":0}}}}}}}},
{"tag":1,
"params":[],
"body":{"op":"Let",
"definitions":[{"name":{"id":"#UID_C30D",
"type":{"op":"Top"}},
"value":{"op":"Abs",
"params":[{"id":"#UID_C317",
"type":{"op":"Top"}}],
"body":{"op":"Abs",
"params":[{"id":"#UID_C318",
"type":{"op":"Top"}}],
"body":{"op":"Let",
"definitions":[{"name":{"id":"#UID_C319",
"type":{"op":"Top"}},
"value":{"op":"Let",
"definitions":[{"name":{"id":"#UID_C31B",
"type":{"op":"Top"}},
"value":{"op":"Project",
"scrutinee":{"op":"Var",
"id":"#UID_C1A4",
"type":{"op":"Top"}},
"type_tag":"#UID_C31C",
"tag":0,
"field":29},
"export_as":[]}],
"body":{"op":"Var",
"id":"#UID_C31B",
"type":{"op":"Top"}}},
"export_as":[]}],
"body":{"op":"DOp",
"tag":{"op":"Var",
"id":"#UID_C317",
"type":{"op":"Top"}},
"op_tag":0,
"args":[{"op":"Var",
"id":"#UID_C318",
"type":{"op":"Top"}}],
"k":{"params":[{"id":"#UID_C31A",
"type":{"op":"Top"}}],
"body":{"op":"Var",
"id":"#UID_C31A",
"type":{"op":"Top"}}},
"rtpe":{"op":"Top"}}}}},
"export_as":[]}],
"body":{"op":"Let",
"definitions":[{"name":{"id":"#UID_C30E",
"type":{"op":"Top"}},
"value":{"op":"Let",
"definitions":[{"name":{"id":"#UID_C312",
"type":{"op":"Top"}},
"value":{"op":"Let",
"definitions":[{"name":{"id":"#UID_C313",
"type":{"op":"Top"}},
"value":{"op":"Let",
"definitions":[{"name":{"id":"#UID_C315",
"type":{"op":"Top"}},
"value":{"op":"Project",
"scrutinee":{"op":"Var",
"id":"#UID_C1A4",
"type":{"op":"Top"}},
"type_tag":"#UID_C316",
"tag":0,
"field":4},
"export_as":[]}],
"body":{"op":"Var",
"id":"#UID_C315",
"type":{"op":"Top"}}},
"export_as":[]}],
"body":{"op":"Construct",
"type_tag":"#UID_C314",
"tag":0,
"args":[]}},
"export_as":[]}],
"body":{"op":"Var",
"id":"#UID_C312",
"type":{"op":"Top"}}},
"export_as":[]}],
"body":{"op":"Let",
"definitions":[{"name":{"id":"#UID_C30F",
"type":{"op":"Top"}},
"value":{"op":"Let",
"definitions":[{"name":{"id":"#UID_C310",
"type":{"op":"Top"}},
"value":{"op":"App",
"fn":{"op":"Var",
"id":"#UID_C30D",
"type":{"op":"Top"}},
"args":[{"op":"Var",
"id":"#UID_C2C9",
"type":{"op":"Top"}}]},
"export_as":[]}],
"body":{"op":"Let",
"definitions":[{"name":{"id":"#UID_C311",
"type":{"op":"Top"}},
"value":{"op":"Var",
"id":"#UID_C310",
"type":{"op":"Top"}},
"export_as":[]}],
"body":{"op":"Var",
"id":"#UID_C311",
"type":{"op":"Top"}}}},
"export_as":[]}],
"body":{"op":"App",
"fn":{"op":"Var",
"id":"#UID_C30F",
"type":{"op":"Top"}},
"args":[{"op":"Var",
"id":"#UID_C30E",
"type":{"op":"Top"}}]}}}}}],
"default_clause":{"params":[],
"body":{"op":"Primitive",
"name":"non-exhaustive match",
"args":[],
"returns":[],
"rest":{"op":"Literal",
"type":{"op":"Int"},
"value":0}}}}}}}}}}}},
"export_as":[]}],
"body":{"op":"Construct",
"type_tag":"#UID_C2C8",
"tag":0,
"args":[{"op":"Var",
"id":"#UID_C2C1",
"type":{"op":"Top"}},
{"op":"Var",
"id":"#UID_C2C2",
"type":{"op":"Top"}},
{"op":"Var",
"id":"#UID_C2C3",
"type":{"op":"Top"}},
{"op":"Var",
"id":"#UID_C2C4",
"type":{"op":"Top"}},
{"op":"Var",
"id":"#UID_C2C5",
"type":{"op":"Top"}},
{"op":"Var",
"id":"#UID_C2C6",
"type":{"op":"Top"}},
{"op":"Var",
"id":"#UID_C2C7",
"type":{"op":"Top"}}]}}}}}}}},
"export_as":[]}],
"body":{"op":"Let",
"definitions":[{"name":{"id":"#UID_C1A8",
"type":{"op":"Top"}},
"value":{"op":"Var",
"id":"#UID_C19D",
"type":{"op":"Top"}},
"export_as":[]}],
"body":{"op":"Let",
"definitions":[{"name":{"id":"#UID_C1A9",
"type":{"op":"Top"}},
"value":{"op":"Var",
"id":"#UID_C19F",
"type":{"op":"Top"}},
"export_as":[]}],
"body":{"op":"Let",
"definitions":[{"name":{"id":"#UID_C1AA",
"type":{"op":"Top"}},
"value":{"op":"Var",
"id":"#UID_C1A1",
"type":{"op":"Top"}},
"export_as":[]}],
"body":{"op":"Let",
"definitions":[{"name":{"id":"#UID_C1AB",
"type":{"op":"Top"}},
"value":{"op":"Var",
"id":"#UID_C1A3",
"type":{"op":"Top"}},
"export_as":[]}],
"body":{"op":"Let",
"definitions":[{"name":{"id":"#UID_C1AC",
"type":{"op":"Top"}},
"value":{"op":"Var",
"id":"#UID_C1A7",
"type":{"op":"Top"}},
"export_as":[]}],
"body":{"op":"Let",
"definitions":[{"name":{"id":"#UID_C1AD",
"type":{"op":"Top"}},
"value":{"op":"Let",
"definitions":[{"name":{"id":"#UID_C1B1",
"type":{"op":"Ptr"}},
"value":{"op":"Literal",
"type":{"op":"String"},
"value":"(some effect signature)"},
"export_as":[]}],
"body":{"op":"Let",
"definitions":[{"name":{"id":"#UID_C1B2",
"type":{"op":"Top"}},
"value":{"op":"Let",
"definitions":[{"name":{"id":"#UID_C1B3",
"type":{"op":"Top"}},
"value":{"op":"Construct",
"type_tag":"#UID_C2C0",
"tag":0,
"args":[{"op":"Var",
"id":"#UID_C1B1",
"type":{"op":"Ptr"}},
{"op":"Var",
"id":"#UID_C1B1",
"type":{"op":"Ptr"}},
{"op":"Var",
"id":"#UID_C1B1",
"type":{"op":"Ptr"}},
{"op":"Var",
"id":"#UID_C1B1",
"type":{"op":"Ptr"}}]},
"export_as":[]}],
"body":{"op":"Let",
"definitions":[{"name":{"id":"#UID_C1B4",
"type":{"op":"Ptr"}},
"value":{"op":"Literal",
"type":{"op":"String"},
"value":"(some data type)"},
"export_as":[]}],
"body":{"op":"Let",
"definitions":[{"name":{"id":"#UID_C1B5",
"type":{"op":"Top"}},
"value":{"op":"Let",
"definitions":[{"name":{"id":"#UID_C1B6",
"type":{"op":"Top"}},
"value":{"op":"Construct",
"type_tag":"#UID_C2BF",
"tag":0,
"args":[{"op":"Var",
"id":"#UID_C1B4",
"type":{"op":"Ptr"}},
{"op":"Var",
"id":"#UID_C1B4",
"type":{"op":"Ptr"}},
{"op":"Var",
"id":"#UID_C1B4",
"type":{"op":"Ptr"}}]},
"export_as":[]}],
"body":{"op":"Let",
"definitions":[{"name":{"id":"#UID_C1B7",
"type":{"op":"Top"}},
"value":{"op":"Abs",
"params":[{"id":"#UID_C286",
"type":{"op":"Top"}}],
"body":{"op":"Abs",
"params":[{"id":"#UID_C287",
"type":{"op":"Top"}}],
"body":{"op":"LetRec",
"definitions":[{"name":{"id":"#UID_C288",
"type":{"op":"Top"}},
"value":{"op":"Abs",
"params":[{"id":"#UID_C289",
"type":{"op":"Top"}}],
"body":{"op":"App",
"fn":{"op":"Abs",
"params":[{"id":"#UID_C28A",
"type":{"op":"Top"}}],
"body":{"op":"Let",
"definitions":[{"name":{"id":"#UID_C28B",
"type":{"op":"Top"}},
"value":{"op":"Let",
"definitions":[{"name":{"id":"#UID_C2BB",
"type":{"op":"Top"}},
"value":{"op":"Let",
"definitions":[{"name":{"id":"#UID_C2BD",
"type":{"op":"Top"}},
"value":{"op":"Project",
"scrutinee":{"op":"Var",
"id":"#UID_C1A8",
"type":{"op":"Top"}},
"type_tag":"#UID_C2BE",
"tag":0,
"field":36},
"export_as":[]}],
"body":{"op":"App",
"fn":{"op":"Var",
"id":"#UID_C2BD",
"type":{"op":"Top"}},
"args":[{"op":"Var",
"id":"#UID_C28A",
"type":{"op":"Top"}}]}},
"export_as":[]}],
"body":{"op":"Let",
"definitions":[{"name":{"id":"#UID_C2BC",
"type":{"op":"Top"}},
"value":{"op":"Literal",
"type":{"op":"Int"},
"value":1},
"export_as":[]}],
"body":{"op":"App",
"fn":{"op":"Var",
"id":"#UID_C2BB",
"type":{"op":"Top"}},
"args":[{"op":"Var",
"id":"#UID_C2BC",
"type":{"op":"Top"}}]}}},
"export_as":[]}],
"body":{"op":"Let",
"definitions":[{"name":{"id":"#UID_C28C",
"type":{"op":"Top"}},
"value":{"op":"Var",
"id":"#UID_C28B",
"type":{"op":"Top"}},
"export_as":[]}],
"body":{"op":"Let",
"definitions":[{"name":{"id":"#UID_C28D",
"type":{"op":"Top"}},
"value":{"op":"Let",
"definitions":[{"name":{"id":"#UID_C2B9",
"type":{"op":"Top"}},
"value":{"op":"Project",
"scrutinee":{"op":"Var",
"id":"#UID_C1A8",
"type":{"op":"Top"}},
"type_tag":"#UID_C2BA",
"tag":0,
"field":7},
"export_as":[]}],
"body":{"op":"Var",
"id":"#UID_C2B9",
"type":{"op":"Top"}}},
"export_as":[]}],
"body":{"op":"Match",
"scrutinee":{"op":"Var",
"id":"#UID_C28C",
"type":{"op":"Top"}},
"type_tag":"#UID_C2B8",
"clauses":[{"tag":0,
"params":[],
"body":{"op":"Let",
"definitions":[{"name":{"id":"#UID_C28E",
"type":{"op":"Top"}},
"value":{"op":"Let",
"definitions":[{"name":{"id":"#UID_C299",
"type":{"op":"Top"}},
"value":{"op":"Abs",
"params":[{"id":"#UID_C2A2",
"type":{"op":"Top"}}],
"body":{"op":"Abs",
"params":[{"id":"#UID_C2A3",
"type":{"op":"Top"}}],
"body":{"op":"Let",
"definitions":[{"name":{"id":"#UID_C2A4",
"type":{"op":"Top"}},
"value":{"op":"Let",
"definitions":[{"name":{"id":"#UID_C2A6",
"type":{"op":"Top"}},
"value":{"op":"Project",
"scrutinee":{"op":"Var",
"id":"#UID_C1B3",
"type":{"op":"Top"}},
"type_tag":"#UID_C2A7",
"tag":0,
"field":2},
"export_as":[]}],
"body":{"op":"Var",
"id":"#UID_C2A6",
"type":{"op":"Top"}}},
"export_as":[]}],
"body":{"op":"DOp",
"tag":{"op":"Var",
"id":"#UID_C2A2",
"type":{"op":"Top"}},
"op_tag":0,
"args":[{"op":"Var",
"id":"#UID_C2A3",
"type":{"op":"Top"}}],
"k":{"params":[{"id":"#UID_C2A5",
"type":{"op":"Top"}}],
"body":{"op":"Var",
"id":"#UID_C2A5",
"type":{"op":"Top"}}},
"rtpe":{"op":"Top"}}}}},
"export_as":[]}],
"body":{"op":"Let",
"definitions":[{"name":{"id":"#UID_C29A",
"type":{"op":"Top"}},
"value":{"op":"Let",
"definitions":[{"name":{"id":"#UID_C29D",
"type":{"op":"Top"}},
"value":{"op":"Let",
"definitions":[{"name":{"id":"#UID_C29E",
"type":{"op":"Top"}},
"value":{"op":"Let",
"definitions":[{"name":{"id":"#UID_C2A0",
"type":{"op":"Top"}},
"value":{"op":"Project",
"scrutinee":{"op":"Var",
"id":"#UID_C1A8",
"type":{"op":"Top"}},
"type_tag":"#UID_C2A1",
"tag":0,
"field":4},
"export_as":[]}],
"body":{"op":"Var",
"id":"#UID_C2A0",
"type":{"op":"Top"}}},
"export_as":[]}],
"body":{"op":"Construct",
"type_tag":"#UID_C29F",
"tag":0,
"args":[]}},
"export_as":[]}],
"body":{"op":"Var",
"id":"#UID_C29D",
"type":{"op":"Top"}}},
"export_as":[]}],
"body":{"op":"Let",
"definitions":[{"name":{"id":"#UID_C29B",
"type":{"op":"Top"}},
"value":{"op":"Let",
"definitions":[{"name":{"id":"#UID_C29C",
"type":{"op":"Top"}},
"value":{"op":"App",
"fn":{"op":"Var",
"id":"#UID_C299",
"type":{"op":"Top"}},
"args":[{"op":"Var",
"id":"#UID_C286",
"type":{"op":"Top"}}]},
"export_as":[]}],
"body":{"op":"Var",
"id":"#UID_C29C",
"type":{"op":"Top"}}},
"export_as":[]}],
"body":{"op":"App",
"fn":{"op":"Var",
"id":"#UID_C29B",
"type":{"op":"Top"}},
"args":[{"op":"Var",
"id":"#UID_C29A",
"type":{"op":"Top"}}]}}}},
"export_as":[]}],
"body":{"op":"Let",
"definitions":[{"name":{"id":"#UID_C28F",
"type":{"op":"Top"}},
"value":{"op":"Var",
"id":"#UID_C28E",
"type":{"op":"Top"}},
"export_as":[]}],
"body":{"op":"Let",
"definitions":[{"name":{"id":"#UID_C290",
"type":{"op":"Top"}},
"value":{"op":"Let",
"definitions":[{"name":{"id":"#UID_C297",
"type":{"op":"Top"}},
"value":{"op":"Project",
"scrutinee":{"op":"Var",
"id":"#UID_C1A8",
"type":{"op":"Top"}},
"type_tag":"#UID_C298",
"tag":0,
"field":7},
"export_as":[]}],
"body":{"op":"Var",
"id":"#UID_C297",
"type":{"op":"Top"}}},
"export_as":[]}],
"body":{"op":"Match",
"scrutinee":{"op":"Var",
"id":"#UID_C28F",
"type":{"op":"Top"}},
"type_tag":"#UID_C296",
"clauses":[{"tag":0,
"params":[],
"body":{"op":"Let",
"definitions":[{"name":{"id":"#UID_C291",
"type":{"op":"Top"}},
"value":{"op":"Let",
"definitions":[{"name":{"id":"#UID_C292",
"type":{"op":"Top"}},
"value":{"op":"Let",
"definitions":[{"name":{"id":"#UID_C294",
"type":{"op":"Top"}},
"value":{"op":"Project",
"scrutinee":{"op":"Var",
"id":"#UID_C1A8",
"type":{"op":"Top"}},
"type_tag":"#UID_C295",
"tag":0,
"field":41},
"export_as":[]}],
"body":{"op":"App",
"fn":{"op":"Var",
"id":"#UID_C294",
"type":{"op":"Top"}},
"args":[{"op":"Var",
"id":"#UID_C28A",
"type":{"op":"Top"}}]}},
"export_as":[]}],
"body":{"op":"Let",
"definitions":[{"name":{"id":"#UID_C293",
"type":{"op":"Top"}},
"value":{"op":"Literal",
"type":{"op":"Int"},
"value":1},
"export_as":[]}],
"body":{"op":"App",
"fn":{"op":"Var",
"id":"#UID_C292",
"type":{"op":"Top"}},
"args":[{"op":"Var",
"id":"#UID_C293",
"type":{"op":"Top"}}]}}},
"export_as":[]}],
"body":{"op":"App",
"fn":{"op":"Var",
"id":"#UID_C288",
"type":{"op":"Top"}},
"args":[{"op":"Var",
"id":"#UID_C291",
"type":{"op":"Top"}}]}}},
{"tag":1,
"params":[],
"body":{"op":"Var",
"id":"#UID_C28A",
"type":{"op":"Top"}}}],
"default_clause":{"params":[],
"body":{"op":"Primitive",
"name":"non-exhaustive match",
"args":[],
"returns":[],
"rest":{"op":"Literal",
"type":{"op":"Int"},
"value":0}}}}}}}},
{"tag":1,
"params":[],
"body":{"op":"Let",
"definitions":[{"name":{"id":"#UID_C2A8",
"type":{"op":"Top"}},
"value":{"op":"Abs",
"params":[{"id":"#UID_C2B2",
"type":{"op":"Top"}}],
"body":{"op":"Abs",
"params":[{"id":"#UID_C2B3",
"type":{"op":"Top"}}],
"body":{"op":"Let",
"definitions":[{"name":{"id":"#UID_C2B4",
"type":{"op":"Top"}},
"value":{"op":"Let",
"definitions":[{"name":{"id":"#UID_C2B6",
"type":{"op":"Top"}},
"value":{"op":"Project",
"scrutinee":{"op":"Var",
"id":"#UID_C1B3",
"type":{"op":"Top"}},
"type_tag":"#UID_C2B7",
"tag":0,
"field":3},
"export_as":[]}],
"body":{"op":"Var",
"id":"#UID_C2B6",
"type":{"op":"Top"}}},
"export_as":[]}],
"body":{"op":"DOp",
"tag":{"op":"Var",
"id":"#UID_C2B2",
"type":{"op":"Top"}},
"op_tag":1,
"args":[{"op":"Var",
"id":"#UID_C2B3",
"type":{"op":"Top"}}],
"k":{"params":[{"id":"#UID_C2B5",
"type":{"op":"Top"}}],
"body":{"op":"Var",
"id":"#UID_C2B5",
"type":{"op":"Top"}}},
"rtpe":{"op":"Top"}}}}},
"export_as":[]}],
"body":{"op":"Let",
"definitions":[{"name":{"id":"#UID_C2A9",
"type":{"op":"Top"}},
"value":{"op":"Let",
"definitions":[{"name":{"id":"#UID_C2AD",
"type":{"op":"Top"}},
"value":{"op":"Let",
"definitions":[{"name":{"id":"#UID_C2AE",
"type":{"op":"Top"}},
"value":{"op":"Let",
"definitions":[{"name":{"id":"#UID_C2B0",
"type":{"op":"Top"}},
"value":{"op":"Project",
"scrutinee":{"op":"Var",
"id":"#UID_C1A8",
"type":{"op":"Top"}},
"type_tag":"#UID_C2B1",
"tag":0,
"field":4},
"export_as":[]}],
"body":{"op":"Var",
"id":"#UID_C2B0",
"type":{"op":"Top"}}},
"export_as":[]}],
"body":{"op":"Construct",
"type_tag":"#UID_C2AF",
"tag":0,
"args":[]}},
"export_as":[]}],
"body":{"op":"Var",
"id":"#UID_C2AD",
"type":{"op":"Top"}}},
"export_as":[]}],
"body":{"op":"Let",
"definitions":[{"name":{"id":"#UID_C2AA",
"type":{"op":"Top"}},
"value":{"op":"Let",
"definitions":[{"name":{"id":"#UID_C2AB",
"type":{"op":"Top"}},
"value":{"op":"App",
"fn":{"op":"Var",
"id":"#UID_C2A8",
"type":{"op":"Top"}},
"args":[{"op":"Var",
"id":"#UID_C286",
"type":{"op":"Top"}}]},
"export_as":[]}],
"body":{"op":"Let",
"definitions":[{"name":{"id":"#UID_C2AC",
"type":{"op":"Top"}},
"value":{"op":"Var",
"id":"#UID_C2AB",
"type":{"op":"Top"}},
"export_as":[]}],
"body":{"op":"Var",
"id":"#UID_C2AC",
"type":{"op":"Top"}}}},
"export_as":[]}],
"body":{"op":"App",
"fn":{"op":"Var",
"id":"#UID_C2AA",
"type":{"op":"Top"}},
"args":[{"op":"Var",
"id":"#UID_C2A9",
"type":{"op":"Top"}}]}}}}}],
"default_clause":{"params":[],
"body":{"op":"Primitive",
"name":"non-exhaustive match",
"args":[],
"returns":[],
"rest":{"op":"Literal",
"type":{"op":"Int"},
"value":0}}}}}}}},
"args":[{"op":"Var",
"id":"#UID_C289",
"type":{"op":"Top"}}]}},
"export_as":[]}],
"body":{"op":"App",
"fn":{"op":"Var",
"id":"#UID_C288",
"type":{"op":"Top"}},
"args":[{"op":"Var",
"id":"#UID_C287",
"type":{"op":"Top"}}]}}}},
"export_as":[]}],
"body":{"op":"Let",
"definitions":[{"name":{"id":"#UID_C1B8",
"type":{"op":"Top"}},
"value":{"op":"Abs",
"params":[{"id":"#UID_C242",
"type":{"op":"Top"}}],
"body":{"op":"Abs",
"params":[{"id":"#UID_C243",
"type":{"op":"Top"}}],
"body":{"op":"Abs",
"params":[{"id":"#UID_C244",
"type":{"op":"Top"}}],
"body":{"op":"Let",
"definitions":[{"name":{"id":"#UID_C245",
"type":{"op":"Top"}},
"value":{"op":"Let",
"definitions":[{"name":{"id":"#UID_C284",
"type":{"op":"Top"}},
"value":{"op":"Let",
"definitions":[{"name":{"id":"#UID_C285",
"type":{"op":"Top"}},
"value":{"op":"App",
"fn":{"op":"Var",
"id":"#UID_C1B7",
"type":{"op":"Top"}},
"args":[{"op":"Var",
"id":"#UID_C242",
"type":{"op":"Top"}}]},
"export_as":[]}],
"body":{"op":"Var",
"id":"#UID_C285",
"type":{"op":"Top"}}},
"export_as":[]}],
"body":{"op":"App",
"fn":{"op":"Var",
"id":"#UID_C284",
"type":{"op":"Top"}},
"args":[{"op":"Var",
"id":"#UID_C243",
"type":{"op":"Top"}}]}},
"export_as":[]}],
"body":{"op":"Let",
"definitions":[{"name":{"id":"#UID_C246",
"type":{"op":"Top"}},
"value":{"op":"Var",
"id":"#UID_C245",
"type":{"op":"Top"}},
"export_as":[]}],
"body":{"op":"Let",
"definitions":[{"name":{"id":"#UID_C247",
"type":{"op":"Top"}},
"value":{"op":"Let",
"definitions":[{"name":{"id":"#UID_C27D",
"type":{"op":"Top"}},
"value":{"op":"Let",
"definitions":[{"name":{"id":"#UID_C280",
"type":{"op":"Top"}},
"value":{"op":"Let",
"definitions":[{"name":{"id":"#UID_C282",
"type":{"op":"Top"}},
"value":{"op":"Project",
"scrutinee":{"op":"Var",
"id":"#UID_C1A8",
"type":{"op":"Top"}},
"type_tag":"#UID_C283",
"tag":0,
"field":41},
"export_as":[]}],
"body":{"op":"App",
"fn":{"op":"Var",
"id":"#UID_C282",
"type":{"op":"Top"}},
"args":[{"op":"Var",
"id":"#UID_C246",
"type":{"op":"Top"}}]}},
"export_as":[]}],
"body":{"op":"Let",
"definitions":[{"name":{"id":"#UID_C281",
"type":{"op":"Top"}},
"value":{"op":"Literal",
"type":{"op":"Int"},
"value":1},
"export_as":[]}],
"body":{"op":"App",
"fn":{"op":"Var",
"id":"#UID_C280",
"type":{"op":"Top"}},
"args":[{"op":"Var",
"id":"#UID_C281",
"type":{"op":"Top"}}]}}},
"export_as":[]}],
"body":{"op":"Let",
"definitions":[{"name":{"id":"#UID_C27E",
"type":{"op":"Top"}},
"value":{"op":"Let",
"definitions":[{"name":{"id":"#UID_C27F",
"type":{"op":"Top"}},
"value":{"op":"App",
"fn":{"op":"Var",
"id":"#UID_C1B7",
"type":{"op":"Top"}},
"args":[{"op":"Var",
"id":"#UID_C242",
"type":{"op":"Top"}}]},
"export_as":[]}],
"body":{"op":"Var",
"id":"#UID_C27F",
"type":{"op":"Top"}}},
"export_as":[]}],
"body":{"op":"App",
"fn":{"op":"Var",
"id":"#UID_C27E",
"type":{"op":"Top"}},
"args":[{"op":"Var",
"id":"#UID_C27D",
"type":{"op":"Top"}}]}}},
"export_as":[]}],
"body":{"op":"Let",
"definitions":[{"name":{"id":"#UID_C248",
"type":{"op":"Top"}},
"value":{"op":"Var",
"id":"#UID_C247",
"type":{"op":"Top"}},
"export_as":[]}],
"body":{"op":"Let",
"definitions":[{"name":{"id":"#UID_C249",
"type":{"op":"Top"}},
"value":{"op":"Let",
"definitions":[{"name":{"id":"#UID_C276",
"type":{"op":"Top"}},
"value":{"op":"Let",
"definitions":[{"name":{"id":"#UID_C279",
"type":{"op":"Top"}},
"value":{"op":"Let",
"definitions":[{"name":{"id":"#UID_C27B",
"type":{"op":"Top"}},
"value":{"op":"Project",
"scrutinee":{"op":"Var",
"id":"#UID_C1A8",
"type":{"op":"Top"}},
"type_tag":"#UID_C27C",
"tag":0,
"field":41},
"export_as":[]}],
"body":{"op":"App",
"fn":{"op":"Var",
"id":"#UID_C27B",
"type":{"op":"Top"}},
"args":[{"op":"Var",
"id":"#UID_C248",
"type":{"op":"Top"}}]}},
"export_as":[]}],
"body":{"op":"Let",
"definitions":[{"name":{"id":"#UID_C27A",
"type":{"op":"Top"}},
"value":{"op":"Literal",
"type":{"op":"Int"},
"value":1},
"export_as":[]}],
"body":{"op":"App",
"fn":{"op":"Var",
"id":"#UID_C279",
"type":{"op":"Top"}},
"args":[{"op":"Var",
"id":"#UID_C27A",
"type":{"op":"Top"}}]}}},
"export_as":[]}],
"body":{"op":"Let",
"definitions":[{"name":{"id":"#UID_C277",
"type":{"op":"Top"}},
"value":{"op":"Let",
"definitions":[{"name":{"id":"#UID_C278",
"type":{"op":"Top"}},
"value":{"op":"App",
"fn":{"op":"Var",
"id":"#UID_C1B7",
"type":{"op":"Top"}},
"args":[{"op":"Var",
"id":"#UID_C242",
"type":{"op":"Top"}}]},
"export_as":[]}],
"body":{"op":"Var",
"id":"#UID_C278",
"type":{"op":"Top"}}},
"export_as":[]}],
"body":{"op":"App",
"fn":{"op":"Var",
"id":"#UID_C277",
"type":{"op":"Top"}},
"args":[{"op":"Var",
"id":"#UID_C276",
"type":{"op":"Top"}}]}}},
"export_as":[]}],
"body":{"op":"Let",
"definitions":[{"name":{"id":"#UID_C24A",
"type":{"op":"Top"}},
"value":{"op":"Var",
"id":"#UID_C249",
"type":{"op":"Top"}},
"export_as":[]}],
"body":{"op":"Let",
"definitions":[{"name":{"id":"#UID_C24B",
"type":{"op":"Top"}},
"value":{"op":"Let",
"definitions":[{"name":{"id":"#UID_C26B",
"type":{"op":"Top"}},
"value":{"op":"Let",
"definitions":[{"name":{"id":"#UID_C26C",
"type":{"op":"Top"}},
"value":{"op":"Project",
"scrutinee":{"op":"Var",
"id":"#UID_C1A8",
"type":{"op":"Top"}},
"type_tag":"#UID_C275",
"tag":0,
"field":34},
"export_as":[]}],
"body":{"op":"Let",
"definitions":[{"name":{"id":"#UID_C26D",
"type":{"op":"Top"}},
"value":{"op":"Let",
"definitions":[{"name":{"id":"#UID_C26E",
"type":{"op":"Top"}},
"value":{"op":"Let",
"definitions":[{"name":{"id":"#UID_C26F",
"type":{"op":"Top"}},
"value":{"op":"Project",
"scrutinee":{"op":"Var",
"id":"#UID_C1A8",
"type":{"op":"Top"}},
"type_tag":"#UID_C274",
"tag":0,
"field":40},
"export_as":[]}],
"body":{"op":"Let",
"definitions":[{"name":{"id":"#UID_C270",
"type":{"op":"Top"}},
"value":{"op":"Let",
"definitions":[{"name":{"id":"#UID_C271",
"type":{"op":"Top"}},
"value":{"op":"Let",
"definitions":[{"name":{"id":"#UID_C272",
"type":{"op":"Top"}},
"value":{"op":"Project",
"scrutinee":{"op":"Var",
"id":"#UID_C1A8",
"type":{"op":"Top"}},
"type_tag":"#UID_C273",
"tag":0,
"field":40},
"export_as":[]}],
"body":{"op":"App",
"fn":{"op":"Var",
"id":"#UID_C272",
"type":{"op":"Top"}},
"args":[{"op":"Var",
"id":"#UID_C246",
"type":{"op":"Top"}}]}},
"export_as":[]}],
"body":{"op":"App",
"fn":{"op":"Var",
"id":"#UID_C271",
"type":{"op":"Top"}},
"args":[{"op":"Var",
"id":"#UID_C248",
"type":{"op":"Top"}}]}},
"export_as":[]}],
"body":{"op":"App",
"fn":{"op":"Var",
"id":"#UID_C26F",
"type":{"op":"Top"}},
"args":[{"op":"Var",
"id":"#UID_C270",
"type":{"op":"Top"}}]}}},
"export_as":[]}],
"body":{"op":"App",
"fn":{"op":"Var",
"id":"#UID_C26E",
"type":{"op":"Top"}},
"args":[{"op":"Var",
"id":"#UID_C24A",
"type":{"op":"Top"}}]}},
"export_as":[]}],
"body":{"op":"App",
"fn":{"op":"Var",
"id":"#UID_C26C",
"type":{"op":"Top"}},
"args":[{"op":"Var",
"id":"#UID_C26D",
"type":{"op":"Top"}}]}}},
"export_as":[]}],
"body":{"op":"App",
"fn":{"op":"Var",
"id":"#UID_C26B",
"type":{"op":"Top"}},
"args":[{"op":"Var",
"id":"#UID_C244",
"type":{"op":"Top"}}]}},
"export_as":[]}],
"body":{"op":"Let",
"definitions":[{"name":{"id":"#UID_C24C",
"type":{"op":"Top"}},
"value":{"op":"Var",
"id":"#UID_C24B",
"type":{"op":"Top"}},
"export_as":[]}],
"body":{"op":"Let",
"definitions":[{"name":{"id":"#UID_C24D",
"type":{"op":"Top"}},
"value":{"op":"Let",
"definitions":[{"name":{"id":"#UID_C269",
"type":{"op":"Top"}},
"value":{"op":"Project",
"scrutinee":{"op":"Var",
"id":"#UID_C1A8",
"type":{"op":"Top"}},
"type_tag":"#UID_C26A",
"tag":0,
"field":7},
"export_as":[]}],
"body":{"op":"Var",
"id":"#UID_C269",
"type":{"op":"Top"}}},
"export_as":[]}],
"body":{"op":"Match",
"scrutinee":{"op":"Var",
"id":"#UID_C24C",
"type":{"op":"Top"}},
"type_tag":"#UID_C268",
"clauses":[{"tag":0,
"params":[],
"body":{"op":"Let",
"definitions":[{"name":{"id":"#UID_C24E",
"type":{"op":"Top"}},
"value":{"op":"Abs",
"params":[{"id":"#UID_C258",
"type":{"op":"Top"}}],
"body":{"op":"Abs",
"params":[{"id":"#UID_C259",
"type":{"op":"Top"}}],
"body":{"op":"Let",
"definitions":[{"name":{"id":"#UID_C25A",
"type":{"op":"Top"}},
"value":{"op":"Let",
"definitions":[{"name":{"id":"#UID_C25C",
"type":{"op":"Top"}},
"value":{"op":"Project",
"scrutinee":{"op":"Var",
"id":"#UID_C1B3",
"type":{"op":"Top"}},
"type_tag":"#UID_C25D",
"tag":0,
"field":3},
"export_as":[]}],
"body":{"op":"Var",
"id":"#UID_C25C",
"type":{"op":"Top"}}},
"export_as":[]}],
"body":{"op":"DOp",
"tag":{"op":"Var",
"id":"#UID_C258",
"type":{"op":"Top"}},
"op_tag":1,
"args":[{"op":"Var",
"id":"#UID_C259",
"type":{"op":"Top"}}],
"k":{"params":[{"id":"#UID_C25B",
"type":{"op":"Top"}}],
"body":{"op":"Var",
"id":"#UID_C25B",
"type":{"op":"Top"}}},
"rtpe":{"op":"Top"}}}}},
"export_as":[]}],
"body":{"op":"Let",
"definitions":[{"name":{"id":"#UID_C24F",
"type":{"op":"Top"}},
"value":{"op":"Let",
"definitions":[{"name":{"id":"#UID_C253",
"type":{"op":"Top"}},
"value":{"op":"Let",
"definitions":[{"name":{"id":"#UID_C254",
"type":{"op":"Top"}},
"value":{"op":"Let",
"definitions":[{"name":{"id":"#UID_C256",
"type":{"op":"Top"}},
"value":{"op":"Project",
"scrutinee":{"op":"Var",
"id":"#UID_C1A8",
"type":{"op":"Top"}},
"type_tag":"#UID_C257",
"tag":0,
"field":4},
"export_as":[]}],
"body":{"op":"Var",
"id":"#UID_C256",
"type":{"op":"Top"}}},
"export_as":[]}],
"body":{"op":"Construct",
"type_tag":"#UID_C255",
"tag":0,
"args":[]}},
"export_as":[]}],
"body":{"op":"Var",
"id":"#UID_C253",
"type":{"op":"Top"}}},
"export_as":[]}],
"body":{"op":"Let",
"definitions":[{"name":{"id":"#UID_C250",
"type":{"op":"Top"}},
"value":{"op":"Let",
"definitions":[{"name":{"id":"#UID_C251",
"type":{"op":"Top"}},
"value":{"op":"App",
"fn":{"op":"Var",
"id":"#UID_C24E",
"type":{"op":"Top"}},
"args":[{"op":"Var",
"id":"#UID_C242",
"type":{"op":"Top"}}]},
"export_as":[]}],
"body":{"op":"Let",
"definitions":[{"name":{"id":"#UID_C252",
"type":{"op":"Top"}},
"value":{"op":"Var",
"id":"#UID_C251",
"type":{"op":"Top"}},
"export_as":[]}],
"body":{"op":"Var",
"id":"#UID_C252",
"type":{"op":"Top"}}}},
"export_as":[]}],
"body":{"op":"App",
"fn":{"op":"Var",
"id":"#UID_C250",
"type":{"op":"Top"}},
"args":[{"op":"Var",
"id":"#UID_C24F",
"type":{"op":"Top"}}]}}}}},
{"tag":1,
"params":[],
"body":{"op":"Let",
"definitions":[{"name":{"id":"#UID_C25E",
"type":{"op":"Top"}},
"value":{"op":"Let",
"definitions":[{"name":{"id":"#UID_C25F",
"type":{"op":"Top"}},
"value":{"op":"Let",
"definitions":[{"name":{"id":"#UID_C260",
"type":{"op":"Top"}},
"value":{"op":"Abs",
"params":[{"id":"#UID_C261",
"type":{"op":"Top"}}],
"body":{"op":"Abs",
"params":[{"id":"#UID_C262",
"type":{"op":"Top"}}],
"body":{"op":"Abs",
"params":[{"id":"#UID_C263",
"type":{"op":"Top"}}],
"body":{"op":"Let",
"definitions":[{"name":{"id":"#UID_C264",
"type":{"op":"Top"}},
"value":{"op":"Let",
"definitions":[{"name":{"id":"#UID_C266",
"type":{"op":"Top"}},
"value":{"op":"Project",
"scrutinee":{"op":"Var",
"id":"#UID_C1B6",
"type":{"op":"Top"}},
"type_tag":"#UID_C267",
"tag":0,
"field":2},
"export_as":[]}],
"body":{"op":"Var",
"id":"#UID_C266",
"type":{"op":"Top"}}},
"export_as":[]}],
"body":{"op":"Construct",
"type_tag":"#UID_C265",
"tag":0,
"args":[{"op":"Var",
"id":"#UID_C261",
"type":{"op":"Top"}},
{"op":"Var",
"id":"#UID_C262",
"type":{"op":"Top"}},
{"op":"Var",
"id":"#UID_C263",
"type":{"op":"Top"}}]}}}}},
"export_as":[]}],
"body":{"op":"App",
"fn":{"op":"Var",
"id":"#UID_C260",
"type":{"op":"Top"}},
"args":[{"op":"Var",
"id":"#UID_C246",
"type":{"op":"Top"}}]}},
"export_as":[]}],
"body":{"op":"App",
"fn":{"op":"Var",
"id":"#UID_C25F",
"type":{"op":"Top"}},
"args":[{"op":"Var",
"id":"#UID_C248",
"type":{"op":"Top"}}]}},
"export_as":[]}],
"body":{"op":"App",
"fn":{"op":"Var",
"id":"#UID_C25E",
"type":{"op":"Top"}},
"args":[{"op":"Var",
"id":"#UID_C24A",
"type":{"op":"Top"}}]}}}],
"default_clause":{"params":[],
"body":{"op":"Primitive",
"name":"non-exhaustive match",
"args":[],
"returns":[],
"rest":{"op":"Literal",
"type":{"op":"Int"},
"value":0}}}}}}}}}}}}}}}},
"export_as":[]}],
"body":{"op":"Let",
"definitions":[{"name":{"id":"#UID_C1B9",
"type":{"op":"Top"}},
"value":{"op":"Abs",
"params":[{"id":"#UID_C21F",
"type":{"op":"Top"}}],
"body":{"op":"Let",
"definitions":[{"name":{"id":"#UID_C220",
"type":{"op":"Top"}},
"value":{"op":"Let",
"definitions":[{"name":{"id":"#UID_C240",
"type":{"op":"Top"}},
"value":{"op":"Project",
"scrutinee":{"op":"Var",
"id":"#UID_C1B6",
"type":{"op":"Top"}},
"type_tag":"#UID_C241",
"tag":0,
"field":2},
"export_as":[]}],
"body":{"op":"Var",
"id":"#UID_C240",
"type":{"op":"Top"}}},
"export_as":[]}],
"body":{"op":"Match",
"scrutinee":{"op":"Var",
"id":"#UID_C21F",
"type":{"op":"Top"}},
"type_tag":"#UID_C23F",
"clauses":[{"tag":0,
"params":[{"id":"#UID_C221",
"type":{"op":"Top"}},
{"id":"#UID_C222",
"type":{"op":"Top"}},
{"id":"#UID_C223",
"type":{"op":"Top"}}],
"body":{"op":"Let",
"definitions":[{"name":{"id":"#UID_C224",
"type":{"op":"Top"}},
"value":{"op":"Let",
"definitions":[{"name":{"id":"#UID_C226",
"type":{"op":"Top"}},
"value":{"op":"Project",
"scrutinee":{"op":"Var",
"id":"#UID_C1A8",
"type":{"op":"Top"}},
"type_tag":"#UID_C23E",
"tag":0,
"field":44},
"export_as":[]}],
"body":{"op":"Let",
"definitions":[{"name":{"id":"#UID_C227",
"type":{"op":"Top"}},
"value":{"op":"Let",
"definitions":[{"name":{"id":"#UID_C228",
"type":{"op":"Top"}},
"value":{"op":"Let",
"definitions":[{"name":{"id":"#UID_C22E",
"type":{"op":"Top"}},
"value":{"op":"Project",
"scrutinee":{"op":"Var",
"id":"#UID_C1A8",
"type":{"op":"Top"}},
"type_tag":"#UID_C23D",
"tag":0,
"field":40},
"export_as":[]}],
"body":{"op":"Let",
"definitions":[{"name":{"id":"#UID_C22F",
"type":{"op":"Top"}},
"value":{"op":"Let",
"definitions":[{"name":{"id":"#UID_C230",
"type":{"op":"Top"}},
"value":{"op":"Let",
"definitions":[{"name":{"id":"#UID_C236",
"type":{"op":"Top"}},
"value":{"op":"Project",
"scrutinee":{"op":"Var",
"id":"#UID_C1A8",
"type":{"op":"Top"}},
"type_tag":"#UID_C23C",
"tag":0,
"field":40},
"export_as":[]}],
"body":{"op":"Let",
"definitions":[{"name":{"id":"#UID_C237",
"type":{"op":"Top"}},
"value":{"op":"Let",
"definitions":[{"name":{"id":"#UID_C238",
"type":{"op":"Top"}},
"value":{"op":"Let",
"definitions":[{"name":{"id":"#UID_C239",
"type":{"op":"Top"}},
"value":{"op":"Project",
"scrutinee":{"op":"Var",
"id":"#UID_C1A8",
"type":{"op":"Top"}},
"type_tag":"#UID_C23B",
"tag":0,
"field":42},
"export_as":[]}],
"body":{"op":"Let",
"definitions":[{"name":{"id":"#UID_C23A",
"type":{"op":"Top"}},
"value":{"op":"Literal",
"type":{"op":"Int"},
"value":53},
"export_as":[]}],
"body":{"op":"App",
"fn":{"op":"Var",
"id":"#UID_C239",
"type":{"op":"Top"}},
"args":[{"op":"Var",
"id":"#UID_C23A",
"type":{"op":"Top"}}]}}},
"export_as":[]}],
"body":{"op":"App",
"fn":{"op":"Var",
"id":"#UID_C238",
"type":{"op":"Top"}},
"args":[{"op":"Var",
"id":"#UID_C221",
"type":{"op":"Top"}}]}},
"export_as":[]}],
"body":{"op":"App",
"fn":{"op":"Var",
"id":"#UID_C236",
"type":{"op":"Top"}},
"args":[{"op":"Var",
"id":"#UID_C237",
"type":{"op":"Top"}}]}}},
"export_as":[]}],
"body":{"op":"Let",
"definitions":[{"name":{"id":"#UID_C231",
"type":{"op":"Top"}},
"value":{"op":"Let",
"definitions":[{"name":{"id":"#UID_C232",
"type":{"op":"Top"}},
"value":{"op":"Let",
"definitions":[{"name":{"id":"#UID_C233",
"type":{"op":"Top"}},
"value":{"op":"Project",
"scrutinee":{"op":"Var",
"id":"#UID_C1A8",
"type":{"op":"Top"}},
"type_tag":"#UID_C235",
"tag":0,
"field":42},
"export_as":[]}],
"body":{"op":"Let",
"definitions":[{"name":{"id":"#UID_C234",
"type":{"op":"Top"}},
"value":{"op":"Literal",
"type":{"op":"Int"},
"value":2809},
"export_as":[]}],
"body":{"op":"App",
"fn":{"op":"Var",
"id":"#UID_C233",
"type":{"op":"Top"}},
"args":[{"op":"Var",
"id":"#UID_C234",
"type":{"op":"Top"}}]}}},
"export_as":[]}],
"body":{"op":"App",
"fn":{"op":"Var",
"id":"#UID_C232",
"type":{"op":"Top"}},
"args":[{"op":"Var",
"id":"#UID_C222",
"type":{"op":"Top"}}]}},
"export_as":[]}],
"body":{"op":"App",
"fn":{"op":"Var",
"id":"#UID_C230",
"type":{"op":"Top"}},
"args":[{"op":"Var",
"id":"#UID_C231",
"type":{"op":"Top"}}]}}},
"export_as":[]}],
"body":{"op":"App",
"fn":{"op":"Var",
"id":"#UID_C22E",
"type":{"op":"Top"}},
"args":[{"op":"Var",
"id":"#UID_C22F",
"type":{"op":"Top"}}]}}},
"export_as":[]}],
"body":{"op":"Let",
"definitions":[{"name":{"id":"#UID_C229",
"type":{"op":"Top"}},
"value":{"op":"Let",
"definitions":[{"name":{"id":"#UID_C22A",
"type":{"op":"Top"}},
"value":{"op":"Let",
"definitions":[{"name":{"id":"#UID_C22B",
"type":{"op":"Top"}},
"value":{"op":"Project",
"scrutinee":{"op":"Var",
"id":"#UID_C1A8",
"type":{"op":"Top"}},
"type_tag":"#UID_C22D",
"tag":0,
"field":42},
"export_as":[]}],
"body":{"op":"Let",
"definitions":[{"name":{"id":"#UID_C22C",
"type":{"op":"Top"}},
"value":{"op":"Literal",
"type":{"op":"Int"},
"value":148877},
"export_as":[]}],
"body":{"op":"App",
"fn":{"op":"Var",
"id":"#UID_C22B",
"type":{"op":"Top"}},
"args":[{"op":"Var",
"id":"#UID_C22C",
"type":{"op":"Top"}}]}}},
"export_as":[]}],
"body":{"op":"App",
"fn":{"op":"Var",
"id":"#UID_C22A",
"type":{"op":"Top"}},
"args":[{"op":"Var",
"id":"#UID_C223",
"type":{"op":"Top"}}]}},
"export_as":[]}],
"body":{"op":"App",
"fn":{"op":"Var",
"id":"#UID_C228",
"type":{"op":"Top"}},
"args":[{"op":"Var",
"id":"#UID_C229",
"type":{"op":"Top"}}]}}},
"export_as":[]}],
"body":{"op":"App",
"fn":{"op":"Var",
"id":"#UID_C226",
"type":{"op":"Top"}},
"args":[{"op":"Var",
"id":"#UID_C227",
"type":{"op":"Top"}}]}}},
"export_as":[]}],
"body":{"op":"Let",
"definitions":[{"name":{"id":"#UID_C225",
"type":{"op":"Top"}},
"value":{"op":"Literal",
"type":{"op":"Int"},
"value":1000000007},
"export_as":[]}],
"body":{"op":"App",
"fn":{"op":"Var",
"id":"#UID_C224",
"type":{"op":"Top"}},
"args":[{"op":"Var",
"id":"#UID_C225",
"type":{"op":"Top"}}]}}}}],
"default_clause":{"params":[],
"body":{"op":"Primitive",
"name":"non-exhaustive match",
"args":[],
"returns":[],
"rest":{"op":"Literal",
"type":{"op":"Int"},
"value":0}}}}}},
"export_as":[]}],
"body":{"op":"Let",
"definitions":[{"name":{"id":"#UID_C1BA",
"type":{"op":"Top"}},
"value":{"op":"Abs",
"params":[{"id":"#UID_C1F6",
"type":{"op":"Top"}}],
"body":{"op":"Abs",
"params":[{"id":"#UID_C1F7",
"type":{"op":"Top"}}],
"body":{"op":"Let",
"definitions":[{"name":{"id":"#UID_C1F8",
"type":{"op":"Top"}},
"value":{"op":"Let",
"definitions":[{"name":{"id":"#UID_C21D",
"type":{"op":"Top"}},
"value":{"op":"Project",
"scrutinee":{"op":"Var",
"id":"#UID_C1B3",
"type":{"op":"Top"}},
"type_tag":"#UID_C21E",
"tag":0,
"field":2},
"export_as":[]}],
"body":{"op":"Var",
"id":"#UID_C21D",
"type":{"op":"Top"}}},
"export_as":[]}],
"body":{"op":"Let",
"definitions":[{"name":{"id":"#UID_C1F9",
"type":{"op":"Ptr"}},
"value":{"op":"FreshLabel"},
"export_as":[]}],
"body":{"op":"DHandle",
"tpe":"Deep",
"tag":{"op":"Var",
"id":"#UID_C1F9",
"type":{"op":"Ptr"}},
"handlers":[{"tag":0,
"params":[{"id":"#UID_C1FF",
"type":{"op":"Function",
"params":[{"op":"Top"}],
"return":{"op":"Top"},
"purity":"Effectful"}},
{"id":"#UID_C200",
"type":{"op":"Top"}}],
"body":{"op":"Let",
"definitions":[{"name":{"id":"#UID_C201",
"type":{"op":"Top"}},
"value":{"op":"Let",
"definitions":[{"name":{"id":"#UID_C219",
"type":{"op":"Top"}},
"value":{"op":"Project",
"scrutinee":{"op":"Var",
"id":"#UID_C1A8",
"type":{"op":"Top"}},
"type_tag":"#UID_C21A",
"tag":0,
"field":4},
"export_as":[]}],
"body":{"op":"Var",
"id":"#UID_C219",
"type":{"op":"Top"}}},
"export_as":[]}],
"body":{"op":"Match",
"scrutinee":{"op":"Var",
"id":"#UID_C200",
"type":{"op":"Top"}},
"type_tag":"#UID_C218",
"clauses":[{"tag":0,
"params":[],
"body":{"op":"Let",
"definitions":[{"name":{"id":"#UID_C202",
"type":{"op":"Top"}},
"value":{"op":"Let",
"definitions":[{"name":{"id":"#UID_C204",
"type":{"op":"Top"}},
"value":{"op":"Project",
"scrutinee":{"op":"Var",
"id":"#UID_C1A8",
"type":{"op":"Top"}},
"type_tag":"#UID_C217",
"tag":0,
"field":44},
"export_as":[]}],
"body":{"op":"Let",
"definitions":[{"name":{"id":"#UID_C205",
"type":{"op":"Top"}},
"value":{"op":"Let",
"definitions":[{"name":{"id":"#UID_C206",
"type":{"op":"Top"}},
"value":{"op":"Let",
"definitions":[{"name":{"id":"#UID_C20E",
"type":{"op":"Top"}},
"value":{"op":"Project",
"scrutinee":{"op":"Var",
"id":"#UID_C1A8",
"type":{"op":"Top"}},
"type_tag":"#UID_C216",
"tag":0,
"field":40},
"export_as":[]}],
"body":{"op":"Let",
"definitions":[{"name":{"id":"#UID_C20F",
"type":{"op":"Top"}},
"value":{"op":"Let",
"definitions":[{"name":{"id":"#UID_C210",
"type":{"op":"Top"}},
"value":{"op":"Let",
"definitions":[{"name":{"id":"#UID_C211",
"type":{"op":"Top"}},
"value":{"op":"Let",
"definitions":[{"name":{"id":"#UID_C212",
"type":{"op":"Top"}},
"value":{"op":"Let",
"definitions":[{"name":{"id":"#UID_C214",
"type":{"op":"Top"}},
"value":{"op":"Project",
"scrutinee":{"op":"Var",
"id":"#UID_C1A8",
"type":{"op":"Top"}},
"type_tag":"#UID_C215",
"tag":0,
"field":7},
"export_as":[]}],
"body":{"op":"Var",
"id":"#UID_C214",
"type":{"op":"Top"}}},
"export_as":[]}],
"body":{"op":"Construct",
"type_tag":"#UID_C213",
"tag":1,
"args":[]}},
"export_as":[]}],
"body":{"op":"Var",
"id":"#UID_C211",
"type":{"op":"Top"}}},
"export_as":[]}],
"body":{"op":"App",
"fn":{"op":"Var",
"id":"#UID_C1FF",
"type":{"op":"Function",
"params":[{"op":"Top"}],
"return":{"op":"Top"},
"purity":"Effectful"}},
"args":[{"op":"Var",
"id":"#UID_C210",
"type":{"op":"Top"}}]}},
"export_as":[]}],
"body":{"op":"App",
"fn":{"op":"Var",
"id":"#UID_C20E",
"type":{"op":"Top"}},
"args":[{"op":"Var",
"id":"#UID_C20F",
"type":{"op":"Top"}}]}}},
"export_as":[]}],
"body":{"op":"Let",
"definitions":[{"name":{"id":"#UID_C207",
"type":{"op":"Top"}},
"value":{"op":"Let",
"definitions":[{"name":{"id":"#UID_C208",
"type":{"op":"Top"}},
"value":{"op":"Let",
"definitions":[{"name":{"id":"#UID_C209",
"type":{"op":"Top"}},
"value":{"op":"Let",
"definitions":[{"name":{"id":"#UID_C20A",
"type":{"op":"Top"}},
"value":{"op":"Let",
"definitions":[{"name":{"id":"#UID_C20C",
"type":{"op":"Top"}},
"value":{"op":"Project",
"scrutinee":{"op":"Var",
"id":"#UID_C1A8",
"type":{"op":"Top"}},
"type_tag":"#UID_C20D",
"tag":0,
"field":6},
"export_as":[]}],
"body":{"op":"Var",
"id":"#UID_C20C",
"type":{"op":"Top"}}},
"export_as":[]}],
"body":{"op":"Construct",
"type_tag":"#UID_C20B",
"tag":0,
"args":[]}},
"export_as":[]}],
"body":{"op":"Var",
"id":"#UID_C209",
"type":{"op":"Top"}}},
"export_as":[]}],
"body":{"op":"App",
"fn":{"op":"Var",
"id":"#UID_C1FF",
"type":{"op":"Function",
"params":[{"op":"Top"}],
"return":{"op":"Top"},
"purity":"Effectful"}},
"args":[{"op":"Var",
"id":"#UID_C208",
"type":{"op":"Top"}}]}},
"export_as":[]}],
"body":{"op":"App",
"fn":{"op":"Var",
"id":"#UID_C206",
"type":{"op":"Top"}},
"args":[{"op":"Var",
"id":"#UID_C207",
"type":{"op":"Top"}}]}}},
"export_as":[]}],
"body":{"op":"App",
"fn":{"op":"Var",
"id":"#UID_C204",
"type":{"op":"Top"}},
"args":[{"op":"Var",
"id":"#UID_C205",
"type":{"op":"Top"}}]}}},
"export_as":[]}],
"body":{"op":"Let",
"definitions":[{"name":{"id":"#UID_C203",
"type":{"op":"Top"}},
"value":{"op":"Literal",
"type":{"op":"Int"},
"value":1000000007},
"export_as":[]}],
"body":{"op":"App",
"fn":{"op":"Var",
"id":"#UID_C202",
"type":{"op":"Top"}},
"args":[{"op":"Var",
"id":"#UID_C203",
"type":{"op":"Top"}}]}}}}],
"default_clause":{"params":[],
"body":{"op":"Primitive",
"name":"non-exhaustive match",
"args":[],
"returns":[],
"rest":{"op":"Literal",
"type":{"op":"Int"},
"value":0}}}}}},
{"tag":1,
"params":[{"id":"#UID_C21B",
"type":{"op":"Function",
"params":[{"op":"Top"}],
"return":{"op":"Top"},
"purity":"Effectful"}},
{"id":"#UID_C21C",
"type":{"op":"Top"}}],
"body":{"op":"Literal",
"type":{"op":"Int"},
"value":0}}],
"return":{"params":[{"id":"#UID_C1FA",
"type":{"op":"Top"}}],
"body":{"op":"Var",
"id":"#UID_C1FA",
"type":{"op":"Top"}}},
"body":{"op":"Let",
"definitions":[{"name":{"id":"#UID_C1FB",
"type":{"op":"Top"}},
"value":{"op":"Let",
"definitions":[{"name":{"id":"#UID_C1FC",
"type":{"op":"Top"}},
"value":{"op":"Let",
"definitions":[{"name":{"id":"#UID_C1FD",
"type":{"op":"Top"}},
"value":{"op":"Let",
"definitions":[{"name":{"id":"#UID_C1FE",
"type":{"op":"Top"}},
"value":{"op":"App",
"fn":{"op":"Var",
"id":"#UID_C1B8",
"type":{"op":"Top"}},
"args":[{"op":"Var",
"id":"#UID_C1F9",
"type":{"op":"Ptr"}}]},
"export_as":[]}],
"body":{"op":"Var",
"id":"#UID_C1FE",
"type":{"op":"Top"}}},
"export_as":[]}],
"body":{"op":"App",
"fn":{"op":"Var",
"id":"#UID_C1FD",
"type":{"op":"Top"}},
"args":[{"op":"Var",
"id":"#UID_C1F6",
"type":{"op":"Top"}}]}},
"export_as":[]}],
"body":{"op":"App",
"fn":{"op":"Var",
"id":"#UID_C1FC",
"type":{"op":"Top"}},
"args":[{"op":"Var",
"id":"#UID_C1F7",
"type":{"op":"Top"}}]}},
"export_as":[]}],
"body":{"op":"App",
"fn":{"op":"Var",
"id":"#UID_C1B9",
"type":{"op":"Top"}},
"args":[{"op":"Var",
"id":"#UID_C1FB",
"type":{"op":"Top"}}]}}}}}}},
"export_as":[]}],
"body":{"op":"Let",
"definitions":[{"name":{"id":"#UID_C1BB",
"type":{"op":"Top"}},
"value":{"op":"Let",
"definitions":[{"name":{"id":"#UID_C1C4",
"type":{"op":"Top"}},
"value":{"op":"Let",
"definitions":[{"name":{"id":"#UID_C1F4",
"type":{"op":"Top"}},
"value":{"op":"Project",
"scrutinee":{"op":"Var",
"id":"#UID_C1A8",
"type":{"op":"Top"}},
"type_tag":"#UID_C1F5",
"tag":0,
"field":29},
"export_as":[]}],
"body":{"op":"Var",
"id":"#UID_C1F4",
"type":{"op":"Top"}}},
"export_as":[]}],
"body":{"op":"Let",
"definitions":[{"name":{"id":"#UID_C1C5",
"type":{"op":"Ptr"}},
"value":{"op":"FreshLabel"},
"export_as":[]}],
"body":{"op":"DHandle",
"tpe":"Deep",
"tag":{"op":"Var",
"id":"#UID_C1C5",
"type":{"op":"Ptr"}},
"handlers":[{"tag":0,
"params":[{"id":"#UID_C1EC",
"type":{"op":"Function",
"params":[{"op":"Top"}],
"return":{"op":"Top"},
"purity":"Effectful"}},
{"id":"#UID_C1ED",
"type":{"op":"Top"}}],
"body":{"op":"Let",
"definitions":[{"name":{"id":"#UID_C1EE",
"type":{"op":"Top"}},
"value":{"op":"Project",
"scrutinee":{"op":"Var",
"id":"#UID_C1A8",
"type":{"op":"Top"}},
"type_tag":"#UID_C1F3",
"tag":0,
"field":65},
"export_as":[]}],
"body":{"op":"Let",
"definitions":[{"name":{"id":"#UID_C1EF",
"type":{"op":"Top"}},
"value":{"op":"Let",
"definitions":[{"name":{"id":"#UID_C1F0",
"type":{"op":"Top"}},
"value":{"op":"Let",
"definitions":[{"name":{"id":"#UID_C1F2",
"type":{"op":"Top"}},
"value":{"op":"Literal",
"type":{"op":"Int"},
"value":5},
"export_as":[]}],
"body":{"op":"App",
"fn":{"op":"Var",
"id":"#UID_C1BA",
"type":{"op":"Top"}},
"args":[{"op":"Var",
"id":"#UID_C1F2",
"type":{"op":"Top"}}]}},
"export_as":[]}],
"body":{"op":"Let",
"definitions":[{"name":{"id":"#UID_C1F1",
"type":{"op":"Top"}},
"value":{"op":"Literal",
"type":{"op":"Int"},
"value":5},
"export_as":[]}],
"body":{"op":"App",
"fn":{"op":"Var",
"id":"#UID_C1F0",
"type":{"op":"Top"}},
"args":[{"op":"Var",
"id":"#UID_C1F1",
"type":{"op":"Top"}}]}}},
"export_as":[]}],
"body":{"op":"App",
"fn":{"op":"Var",
"id":"#UID_C1EE",
"type":{"op":"Top"}},
"args":[{"op":"Var",
"id":"#UID_C1EF",
"type":{"op":"Top"}}]}}}}],
"return":{"params":[{"id":"#UID_C1C6",
"type":{"op":"Top"}}],
"body":{"op":"Var",
"id":"#UID_C1C6",
"type":{"op":"Top"}}},
"body":{"op":"Let",
"definitions":[{"name":{"id":"#UID_C1C7",
"type":{"op":"Top"}},
"value":{"op":"Project",
"scrutinee":{"op":"Var",
"id":"#UID_C1A9",
"type":{"op":"Top"}},
"type_tag":"#UID_C1EB",
"tag":0,
"field":0},
"export_as":[]}],
"body":{"op":"Let",
"definitions":[{"name":{"id":"#UID_C1C8",
"type":{"op":"Top"}},
"value":{"op":"Var",
"id":"#UID_C1C7",
"type":{"op":"Top"}},
"export_as":[]}],
"body":{"op":"Let",
"definitions":[{"name":{"id":"#UID_C1C9",
"type":{"op":"Top"}},
"value":{"op":"Abs",
"params":[{"id":"#UID_C1E4",
"type":{"op":"Top"}}],
"body":{"op":"Let",
"definitions":[{"name":{"id":"#UID_C1E5",
"type":{"op":"Top"}},
"value":{"op":"Project",
"scrutinee":{"op":"Var",
"id":"#UID_C1A8",
"type":{"op":"Top"}},
"type_tag":"#UID_C1EA",
"tag":0,
"field":65},
"export_as":[]}],
"body":{"op":"Let",
"definitions":[{"name":{"id":"#UID_C1E6",
"type":{"op":"Top"}},
"value":{"op":"Let",
"definitions":[{"name":{"id":"#UID_C1E7",
"type":{"op":"Top"}},
"value":{"op":"Let",
"definitions":[{"name":{"id":"#UID_C1E9",
"type":{"op":"Top"}},
"value":{"op":"Literal",
"type":{"op":"Int"},
"value":5},
"export_as":[]}],
"body":{"op":"App",
"fn":{"op":"Var",
"id":"#UID_C1BA",
"type":{"op":"Top"}},
"args":[{"op":"Var",
"id":"#UID_C1E9",
"type":{"op":"Top"}}]}},
"export_as":[]}],
"body":{"op":"Let",
"definitions":[{"name":{"id":"#UID_C1E8",
"type":{"op":"Top"}},
"value":{"op":"Literal",
"type":{"op":"Int"},
"value":5},
"export_as":[]}],
"body":{"op":"App",
"fn":{"op":"Var",
"id":"#UID_C1E7",
"type":{"op":"Top"}},
"args":[{"op":"Var",
"id":"#UID_C1E8",
"type":{"op":"Top"}}]}}},
"export_as":[]}],
"body":{"op":"App",
"fn":{"op":"Var",
"id":"#UID_C1E5",
"type":{"op":"Top"}},
"args":[{"op":"Var",
"id":"#UID_C1E6",
"type":{"op":"Top"}}]}}}},
"export_as":[]}],
"body":{"op":"Let",
"definitions":[{"name":{"id":"#UID_C1CA",
"type":{"op":"Top"}},
"value":{"op":"Let",
"definitions":[{"name":{"id":"#UID_C1E1",
"type":{"op":"Top"}},
"value":{"op":"Project",
"scrutinee":{"op":"Var",
"id":"#UID_C1A8",
"type":{"op":"Top"}},
"type_tag":"#UID_C1E3",
"tag":0,
"field":18},
"export_as":[]}],
"body":{"op":"Let",
"definitions":[{"name":{"id":"#UID_C1E2",
"type":{"op":"Top"}},
"value":{"op":"Var",
"id":"#UID_C1E1",
"type":{"op":"Top"}},
"export_as":[]}],
"body":{"op":"Var",
"id":"#UID_C1E2",
"type":{"op":"Top"}}}},
"export_as":[]}],
"body":{"op":"Match",
"scrutinee":{"op":"Var",
"id":"#UID_C1C8",
"type":{"op":"Top"}},
"type_tag":"#UID_C1E0",
"clauses":[{"tag":0,
"params":[],
"body":{"op":"App",
"fn":{"op":"Var",
"id":"#UID_C1C9",
"type":{"op":"Top"}},
"args":[{"op":"Construct",
"type_tag":"#UID_C1CB",
"tag":0,
"args":[]}]}},
{"tag":1,
"params":[{"id":"#UID_C1CC",
"type":{"op":"Top"}},
{"id":"#UID_C1CD",
"type":{"op":"Top"}}],
"body":{"op":"Let",
"definitions":[{"name":{"id":"#UID_C1CE",
"type":{"op":"Top"}},
"value":{"op":"Let",
"definitions":[{"name":{"id":"#UID_C1DD",
"type":{"op":"Top"}},
"value":{"op":"Project",
"scrutinee":{"op":"Var",
"id":"#UID_C1A8",
"type":{"op":"Top"}},
"type_tag":"#UID_C1DF",
"tag":0,
"field":17},
"export_as":[]}],
"body":{"op":"Let",
"definitions":[{"name":{"id":"#UID_C1DE",
"type":{"op":"Top"}},
"value":{"op":"Var",
"id":"#UID_C1DD",
"type":{"op":"Top"}},
"export_as":[]}],
"body":{"op":"Var",
"id":"#UID_C1DE",
"type":{"op":"Top"}}}},
"export_as":[]}],
"body":{"op":"Match",
"scrutinee":{"op":"Var",
"id":"#UID_C1CD",
"type":{"op":"Top"}},
"type_tag":"#UID_C1DC",
"clauses":[{"tag":0,
"params":[],
"body":{"op":"Let",
"definitions":[{"name":{"id":"#UID_C1CF",
"type":{"op":"Top"}},
"value":{"op":"Let",
"definitions":[{"name":{"id":"#UID_C1D5",
"type":{"op":"Top"}},
"value":{"op":"Project",
"scrutinee":{"op":"Var",
"id":"#UID_C1AC",
"type":{"op":"Top"}},
"type_tag":"#UID_C1D8",
"tag":0,
"field":6},
"export_as":[]}],
"body":{"op":"Let",
"definitions":[{"name":{"id":"#UID_C1D6",
"type":{"op":"Top"}},
"value":{"op":"Let",
"definitions":[{"name":{"id":"#UID_C1D7",
"type":{"op":"Top"}},
"value":{"op":"App",
"fn":{"op":"Var",
"id":"#UID_C1D5",
"type":{"op":"Top"}},
"args":[{"op":"Var",
"id":"#UID_C1C5",
"type":{"op":"Ptr"}}]},
"export_as":[]}],
"body":{"op":"Var",
"id":"#UID_C1D7",
"type":{"op":"Top"}}},
"export_as":[]}],
"body":{"op":"App",
"fn":{"op":"Var",
"id":"#UID_C1D6",
"type":{"op":"Top"}},
"args":[{"op":"Var",
"id":"#UID_C1CC",
"type":{"op":"Top"}}]}}},
"export_as":[]}],
"body":{"op":"Let",
"definitions":[{"name":{"id":"#UID_C1D0",
"type":{"op":"Top"}},
"value":{"op":"Var",
"id":"#UID_C1CF",
"type":{"op":"Top"}},
"export_as":[]}],
"body":{"op":"Let",
"definitions":[{"name":{"id":"#UID_C1D1",
"type":{"op":"Top"}},
"value":{"op":"Project",
"scrutinee":{"op":"Var",
"id":"#UID_C1A8",
"type":{"op":"Top"}},
"type_tag":"#UID_C1D4",
"tag":0,
"field":65},
"export_as":[]}],
"body":{"op":"Let",
"definitions":[{"name":{"id":"#UID_C1D2",
"type":{"op":"Top"}},
"value":{"op":"Let",
"definitions":[{"name":{"id":"#UID_C1D3",
"type":{"op":"Top"}},
"value":{"op":"App",
"fn":{"op":"Var",
"id":"#UID_C1BA",
"type":{"op":"Top"}},
"args":[{"op":"Var",
"id":"#UID_C1D0",
"type":{"op":"Top"}}]},
"export_as":[]}],
"body":{"op":"App",
"fn":{"op":"Var",
"id":"#UID_C1D3",
"type":{"op":"Top"}},
"args":[{"op":"Var",
"id":"#UID_C1D0",
"type":{"op":"Top"}}]}},
"export_as":[]}],
"body":{"op":"App",
"fn":{"op":"Var",
"id":"#UID_C1D1",
"type":{"op":"Top"}},
"args":[{"op":"Var",
"id":"#UID_C1D2",
"type":{"op":"Top"}}]}}}}}},
{"tag":1,
"params":[{"id":"#UID_C1D9",
"type":{"op":"Top"}},
{"id":"#UID_C1DA",
"type":{"op":"Top"}}],
"body":{"op":"App",
"fn":{"op":"Var",
"id":"#UID_C1C9",
"type":{"op":"Top"}},
"args":[{"op":"Construct",
"type_tag":"#UID_C1DB",
"tag":0,
"args":[]}]}}],
"default_clause":{"params":[],
"body":{"op":"Primitive",
"name":"non-exhaustive match",
"args":[],
"returns":[],
"rest":{"op":"Literal",
"type":{"op":"Int"},
"value":0}}}}}}],
"default_clause":{"params":[],
"body":{"op":"Primitive",
"name":"non-exhaustive match",
"args":[],
"returns":[],
"rest":{"op":"Literal",
"type":{"op":"Int"},
"value":0}}}}}}}}}}},
"export_as":[]}],
"body":{"op":"Let",
"definitions":[{"name":{"id":"#UID_C1BC",
"type":{"op":"Top"}},
"value":{"op":"Var",
"id":"#UID_C1BB",
"type":{"op":"Top"}},
"export_as":[]}],
"body":{"op":"Let",
"definitions":[{"name":{"id":"#UID_C1BD",
"type":{"op":"Top"}},
"value":{"op":"Project",
"scrutinee":{"op":"Var",
"id":"#UID_C1B3",
"type":{"op":"Top"}},
"type_tag":"#UID_C1C3",
"tag":0,
"field":2},
"export_as":[]}],
"body":{"op":"Let",
"definitions":[{"name":{"id":"#UID_C1BE",
"type":{"op":"Top"}},
"value":{"op":"Project",
"scrutinee":{"op":"Var",
"id":"#UID_C1B3",
"type":{"op":"Top"}},
"type_tag":"#UID_C1C2",
"tag":0,
"field":3},
"export_as":[]}],
"body":{"op":"Let",
"definitions":[{"name":{"id":"#UID_C1BF",
"type":{"op":"Top"}},
"value":{"op":"Project",
"scrutinee":{"op":"Var",
"id":"#UID_C1B6",
"type":{"op":"Top"}},
"type_tag":"#UID_C1C1",
"tag":0,
"field":2},
"export_as":[]}],
"body":{"op":"Construct",
"type_tag":"#UID_C1C0",
"tag":0,
"args":[{"op":"Var",
"id":"#UID_C1B3",
"type":{"op":"Top"}},
{"op":"Var",
"id":"#UID_C1BD",
"type":{"op":"Top"}},
{"op":"Var",
"id":"#UID_C1BE",
"type":{"op":"Top"}},
{"op":"Var",
"id":"#UID_C1B6",
"type":{"op":"Top"}},
{"op":"Var",
"id":"#UID_C1BF",
"type":{"op":"Top"}},
{"op":"Var",
"id":"#UID_C1B7",
"type":{"op":"Top"}},
{"op":"Var",
"id":"#UID_C1B8",
"type":{"op":"Top"}},
{"op":"Var",
"id":"#UID_C1B9",
"type":{"op":"Top"}},
{"op":"Var",
"id":"#UID_C1BA",
"type":{"op":"Top"}}]}}}}}}}}}}},
"export_as":[]}],
"body":{"op":"Var",
"id":"#UID_C1B5",
"type":{"op":"Top"}}}}},
"export_as":[]}],
"body":{"op":"Var",
"id":"#UID_C1B2",
"type":{"op":"Top"}}}},
"export_as":[]}],
"body":{"op":"Let",
"definitions":[{"name":{"id":"#UID_C1AE",
"type":{"op":"Top"}},
"value":{"op":"Var",
"id":"#UID_C1AD",
"type":{"op":"Top"}},
"export_as":[]}],
"body":{"op":"Let",
"definitions":[{"name":{"id":"#UID_C1AF",
"type":{"op":"Top"}},
"value":{"op":"Var",
"id":"#UID_C1AE",
"type":{"op":"Top"}},
"export_as":[]}],
"body":{"op":"Construct",
"type_tag":"#UID_C1B0",
"tag":0,
"args":[]}}}}}}}}}}}}}}}}}}}},
"export_as":[]}],
"body":{"op":"App",
"fn":{"op":"Var",
"id":"#UID_C19B",
"type":{"op":"Top"}},
"args":[{"op":"Var",
"id":"#UID_C19C",
"type":{"op":"Top"}}]}}}}}}