[c0138c] {jit-log-opt-loop
# Loop 1 (226<main.rpyeffect:218(Name(parse_58))>+6: {"op": "Swap", "type": "ptr", "a": 1, "b", 0}) : loop with 335 ops
[p0, p1, p2, p3, p4]
+360: p5 = getfield_gc_r(p2, descr=<FieldP rpyeffect.environment.Environment.inst_values_num 16>)
+368: i7 = getarrayitem_gc_i(p5, 0, descr=<ArrayS 8>)
+372: i9 = getarrayitem_gc_i(p5, 1, descr=<ArrayS 8>)
+376: i11 = getarrayitem_gc_i(p5, 2, descr=<ArrayS 8>)
+380: i13 = getarrayitem_gc_i(p5, 3, descr=<ArrayS 8>)
+384: i15 = getarrayitem_gc_i(p5, 4, descr=<ArrayS 8>)
+388: i17 = getarrayitem_gc_i(p5, 5, descr=<ArrayS 8>)
+392: i19 = getarrayitem_gc_i(p5, 6, descr=<ArrayS 8>)
+396: i21 = getarrayitem_gc_i(p5, 7, descr=<ArrayS 8>)
+400: i23 = getarrayitem_gc_i(p5, 8, descr=<ArrayS 8>)
+404: i25 = getarrayitem_gc_i(p5, 9, descr=<ArrayS 8>)
+408: i27 = getarrayitem_gc_i(p5, 10, descr=<ArrayS 8>)
+412: i29 = getarrayitem_gc_i(p5, 11, descr=<ArrayS 8>)
+416: i31 = getarrayitem_gc_i(p5, 12, descr=<ArrayS 8>)
+420: i33 = getarrayitem_gc_i(p5, 13, descr=<ArrayS 8>)
+424: i35 = getarrayitem_gc_i(p5, 14, descr=<ArrayS 8>)
+432: i37 = getarrayitem_gc_i(p5, 15, descr=<ArrayS 8>)
+436: p38 = getfield_gc_r(p2, descr=<FieldP rpyeffect.environment.Environment.inst_values_ptr 24>)
+440: p40 = getarrayitem_gc_r(p38, 0, descr=<ArrayP 8>)
+448: p42 = getarrayitem_gc_r(p38, 1, descr=<ArrayP 8>)
+456: p44 = getarrayitem_gc_r(p38, 2, descr=<ArrayP 8>)
+464: p46 = getarrayitem_gc_r(p38, 3, descr=<ArrayP 8>)
+472: p48 = getarrayitem_gc_r(p38, 4, descr=<ArrayP 8>)
+480: p50 = getarrayitem_gc_r(p38, 5, descr=<ArrayP 8>)
+488: p52 = getarrayitem_gc_r(p38, 6, descr=<ArrayP 8>)
+496: p54 = getarrayitem_gc_r(p38, 7, descr=<ArrayP 8>)
+504: p56 = getarrayitem_gc_r(p38, 8, descr=<ArrayP 8>)
+512: p58 = getarrayitem_gc_r(p38, 9, descr=<ArrayP 8>)
+520: p60 = getarrayitem_gc_r(p38, 10, descr=<ArrayP 8>)
+528: p62 = getarrayitem_gc_r(p38, 11, descr=<ArrayP 8>)
+536: p64 = getarrayitem_gc_r(p38, 12, descr=<ArrayP 8>)
+544: p66 = getarrayitem_gc_r(p38, 13, descr=<ArrayP 8>)
+552: p68 = getarrayitem_gc_r(p38, 14, descr=<ArrayP 8>)
+560: p70 = getarrayitem_gc_r(p38, 15, descr=<ArrayP 8>)
+564: label(p0, p1, p2, p3, p4, i7, i9, i11, i13, i15, i17, i19, i21, i23, i25, i27, i29, i31, i33, i35, i37, p40, p42, p44, p46, p48, p50, p52, p54, p56, p58, p60, p62, p64, p66, p68, p70, descr=TargetToken(5641255760))
debug_merge_point(0, 0, '226<main.rpyeffect:218(Name(parse_58))>+6: {"op": "Swap". "type": "ptr". "a": 1. "b". 0}')
+620: guard_not_invalidated(descr=<Guard0x1504216d0>) [p2, i7, i9, i11, i13, i15, i17, i19, i21, i23, i25, i27, i29, i31, i33, i35, i37, p40, p42, p44, p46, p48, p50, p52, p54, p56, p58, p60, p62, p64, p66, p68, p70, p0, p1, p3, p4]
debug_merge_point(0, 0, '226<main.rpyeffect:218(Name(parse_58))>+7: {"op": "Invoke". "receiver": 1. "tag": Interned(%Reade_0(p):n). "args" : {"num": []. "ptr": [0]}}')
+624: p71 = getfield_gc_r(p40, descr=<FieldP rpyeffect.stored_environment.CoData__arb_arb.inst_vtable 24 pure>)
+632: guard_value(p71, ConstPtr(ptr72), descr=<Guard0x1503f39e0>) [p2, i7, i9, i11, i13, i15, i17, i19, i21, i23, i25, i27, i29, i31, i33, i35, i37, p40, p42, p44, p46, p48, p50, p52, p54, p56, p58, p60, p62, p64, p66, p68, p70, p0, p1, p3, p4]
+640: i73 = getfield_gc_i(p40, descr=<FieldS rpyeffect.stored_environment.CoData__1_0.inst_values_num_0 32 pure>)
debug_merge_point(0, 0, '317<main.rpyeffect:309([method_%Reade_0(p):n@[mcore:[#62]#912]#914])>+0: {"op": "Const". "type": "num". "out": 1. "value": 0}')
debug_merge_point(0, 0, '317<main.rpyeffect:309([method_%Reade_0(p):n@[mcore:[#62]#912]#914])>+1: {"op": "Const". "type": "ptr". "out": 1. "format": "string". "value": "Name(Reade_0)"}')
debug_merge_point(0, 0, '317<main.rpyeffect:309([method_%Reade_0(p):n@[mcore:[#62]#912]#914])>+2: {"op": "PrimOp". "name": "getGlobal(String): Ptr". "out": {"num": []. "ptr": [1]}. "in": {"num": []. "ptr": [1]}}')
debug_merge_point(0, 0, '317<main.rpyeffect:309([method_%Reade_0(p):n@[mcore:[#62]#912]#914])>+3: {"op": "ShiftDyn". "out": 1. "n": 1. "label": 1}')
+644: guard_nonnull(p4, descr=<Guard0x1503f3a20>) [p2, i7, i9, i11, i13, i15, i17, i19, i21, i23, i25, i27, i29, i31, i33, i35, i37, p40, p42, p44, p46, p48, p50, p52, p54, p56, p58, p60, p62, p64, p66, p68, p70, p0, p1, p3, p4]
+656: i74 = getfield_gc_i(p0, descr=<FieldS rpyeffect.stack.Label.inst_origin 8 pure>)
+664: guard_value(i74, 353311, descr=<Guard0x1503f3a60>) [p2, i7, i9, i11, i13, i15, i17, i19, i21, i23, i25, i27, i29, i31, i33, i35, i37, p40, p42, p44, p46, p48, p50, p52, p54, p56, p58, p60, p62, p64, p66, p68, p70, p0, p1, p3, p4]
+684: i77 = instance_ptr_eq(p0, ConstPtr(ptr76))
guard_true(i77, descr=<Guard0x1503f3aa0>) [p2, i7, i9, i11, i13, i15, i17, i19, i21, i23, i25, i27, i29, i31, i33, i35, i37, p40, p42, p44, p46, p48, p50, p52, p54, p56, p58, p60, p62, p64, p66, p68, p70, p0, p1, p3, p4]
+692: guard_nonnull_class(p3, ConstClass(MetaStackWithBinding), descr=<Guard0x150421728>) [p2, i7, i9, i11, i13, i15, i17, i19, i21, i23, i25, i27, i29, i31, i33, i35, i37, p40, p42, p44, p46, p48, p50, p52, p54, p56, p58, p60, p62, p64, p66, p68, p70, p0, p1, p3, p4]
+720: p79 = getfield_gc_r(p3, descr=<FieldP rpyeffect.stack.MetaStackLike.inst_stack 8 pure>)
+724: p80 = getfield_gc_r(p3, descr=<FieldP rpyeffect.stack.MetaStack.inst_label 16 pure>)
+728: p81 = getfield_gc_r(p3, descr=<FieldP rpyeffect.stack.MetaStackWithBinding.inst_binding 40 pure>)
+732: p82 = getfield_gc_r(p3, descr=<FieldP rpyeffect.stack.MetaStack.inst_tail 32 pure>)
+736: guard_nonnull(p79, descr=<Guard0x1503f3ae0>) [p2, i7, i9, i11, i13, i15, i17, i19, i21, i23, i25, i27, i29, i31, i33, i35, i37, p40, p42, p44, p46, p48, p50, p52, p54, p56, p58, p60, p62, p64, p66, p68, p70, p0, p1, p3, p4]
+744: i83 = getfield_gc_i(p79, descr=<FieldS rpyeffect.stored_environment.Stack__arb_arb.inst_target 16 pure>)
+748: guard_value(i83, 283, descr=<Guard0x1503f3b20>) [p2, i7, i9, i11, i13, i15, i17, i19, i21, i23, i25, i27, i29, i31, i33, i35, i37, p40, p42, p44, p46, p48, p50, p52, p54, p56, p58, p60, p62, p64, p66, p68, p70, p0, p1, p3, p4]
debug_merge_point(0, 0, '317<main.rpyeffect:309([method_%Reade_0(p):n@[mcore:[#62]#912]#914])>+4: {"op": "Swap". "type": "ptr". "a": 1. "b". 0}')
debug_merge_point(0, 0, '317<main.rpyeffect:309([method_%Reade_0(p):n@[mcore:[#62]#912]#914])>+5: {"op": "Match". "type": Interned({"op": "eff$Tuple". "elements": []}). "scrutinee": 1. "clauses": [{"tag": Interned({"op": "eff$Tuple". "elements": []}). "target": 316. "args": {"num": []. "ptr": []}}]. "default": {"tag": Interned(74daf2d0-4735-4ddf-904c-67170a32738c#[Missing Tag#1285]). "target": 311. "args": {"num": []. "ptr": []}}}')
+760: p85 = getfield_gc_r(p42, descr=<FieldP rpyeffect.stored_environment.Data__arb_arb.inst_tag 8>)
+768: guard_value(p85, ConstPtr(ptr86), descr=<Guard0x1503f3b60>) [p2, i7, i9, i11, i13, i15, i17, i19, i21, i23, i25, i27, i29, i31, i33, i35, i37, p40, p42, p44, p46, p48, p50, p52, p54, p56, p58, p60, p62, p64, p66, p68, p70, p0, p1, p3, p4]
debug_merge_point(0, 0, '316<main.rpyeffect:308([#926])>+0: {"op": "New". "out": 0. "targets": [313. 315]. "args": {"num": [0]. "ptr": [0]}}')
debug_merge_point(0, 0, '316<main.rpyeffect:308([#926])>+1: {"op": "Return". "args": {"num": []. "ptr": [0]}}')
+776: i87 = getfield_gc_i(p79, descr=<FieldS rpyeffect.stored_environment.Stack__2_0.inst_values_num_0 40 pure>)
+780: i88 = getfield_gc_i(p79, descr=<FieldS rpyeffect.stored_environment.Stack__2_0.inst_values_num_1 48 pure>)
+784: p89 = getfield_gc_r(p79, descr=<FieldP rpyeffect.stored_environment.Stack__arb_arb.inst_tail 8 pure>)
+788: guard_nonnull(p89, descr=<Guard0x1503f3ba0>) [p2, i7, i9, i11, i13, i15, i17, i19, i21, i23, i25, i27, i29, i31, i33, i35, i37, p40, p42, p44, p46, p48, p50, p52, p54, p56, p58, p60, p62, p64, p66, p68, p70, p0, p1, p3, p4]
+796: i90 = getfield_gc_i(p89, descr=<FieldS rpyeffect.stored_environment.Stack__arb_arb.inst_target 16 pure>)
+800: guard_value(i90, 268, descr=<Guard0x1503f3be0>) [p2, i7, i9, i11, i13, i15, i17, i19, i21, i23, i25, i27, i29, i31, i33, i35, i37, p40, p42, p44, p46, p48, p50, p52, p54, p56, p58, p60, p62, p64, p66, p68, p70, p0, p1, p3, p4]
debug_merge_point(0, 0, '283<main.rpyeffect:275([k@[switch case for 0#810]#817])>+0: {"op": "Push". "target": 282. "args": {"num": [1]. "ptr": []}}')
debug_merge_point(0, 0, '283<main.rpyeffect:275([k@[switch case for 0#810]#817])>+1: {"op": "Invoke". "receiver": 0. "tag": Interned(%apply(n):p). "args" : {"num": [0]. "ptr": []}}')
debug_merge_point(0, 0, '313<main.rpyeffect:305([method_%apply(n):p@[#926]#930])>+0: {"op": "Const". "type": "ptr". "out": 1. "format": "string". "value": "Name(Stop_2)"}')
debug_merge_point(0, 0, '313<main.rpyeffect:305([method_%apply(n):p@[#926]#930])>+1: {"op": "PrimOp". "name": "getGlobal(String): Ptr". "out": {"num": []. "ptr": [1]}. "in": {"num": []. "ptr": [1]}}')
debug_merge_point(0, 0, '313<main.rpyeffect:305([method_%apply(n):p@[#926]#930])>+2: {"op": "Const". "type": "ptr". "out": 2. "format": "string". "value": "Name(dollar_52)"}')
debug_merge_point(0, 0, '313<main.rpyeffect:305([method_%apply(n):p@[#926]#930])>+3: {"op": "PrimOp". "name": "getGlobal(String): Ptr". "out": {"num": []. "ptr": [2]}. "in": {"num": []. "ptr": [2]}}')
debug_merge_point(0, 0, '313<main.rpyeffect:305([method_%apply(n):p@[#926]#930])>+4: {"op": "PrimOp". "name": "unbox(Ptr): Num". "out": {"num": [2]. "ptr": []}. "in": {"num": []. "ptr": [2]}}')
debug_merge_point(0, 0, '313<main.rpyeffect:305([method_%apply(n):p@[#926]#930])>+5: {"op": "Const". "type": "ptr". "out": 2. "format": "string". "value": "Name(newline_48)"}')
debug_merge_point(0, 0, '313<main.rpyeffect:305([method_%apply(n):p@[#926]#930])>+6: {"op": "PrimOp". "name": "getGlobal(String): Ptr". "out": {"num": []. "ptr": [2]}. "in": {"num": []. "ptr": [2]}}')
debug_merge_point(0, 0, '313<main.rpyeffect:305([method_%apply(n):p@[#926]#930])>+7: {"op": "PrimOp". "name": "unbox(Ptr): Num". "out": {"num": [3]. "ptr": []}. "in": {"num": []. "ptr": [2]}}')
debug_merge_point(0, 0, '313<main.rpyeffect:305([method_%apply(n):p@[#926]#930])>+8: {"op": "Swap". "type": "ptr". "a": 1. "b". 0}')
debug_merge_point(0, 0, '313<main.rpyeffect:305([method_%apply(n):p@[#926]#930])>+9: {"op": "Swap". "type": "num". "a": 1. "b". 2}')
debug_merge_point(0, 0, '313<main.rpyeffect:305([method_%apply(n):p@[#926]#930])>+10: {"op": "Jump". "target": 303}')
debug_merge_point(0, 0, '303<main.rpyeffect:295([mcore:[#58]#832])>+0: {"op": "New". "out": 0. "targets": [296. 298. 300. 302]. "args": {"num": [0. 2]. "ptr": [1]}}')
debug_merge_point(0, 0, '303<main.rpyeffect:295([mcore:[#58]#832])>+1: {"op": "Return". "args": {"num": []. "ptr": [0]}}')
debug_merge_point(0, 0, '282<main.rpyeffect:274([k@[k@[switch case for 0#810]#817]#819])>+0: {"op": "Push". "target": 281. "args": {"num": []. "ptr": [0]}}')
debug_merge_point(0, 0, '282<main.rpyeffect:274([k@[k@[switch case for 0#810]#817]#819])>+1: {"op": "Jump". "target": 186}')
debug_merge_point(0, 0, '186<main.rpyeffect:178(Name(-_34))>+0: {"op": "New". "out": 0. "targets": [179. 181. 183. 185]. "args": {"num": [0]. "ptr": []}}')
debug_merge_point(0, 0, '186<main.rpyeffect:178(Name(-_34))>+1: {"op": "Return". "args": {"num": []. "ptr": [0]}}')
debug_merge_point(0, 0, '281<main.rpyeffect:273([#821])>+0: {"op": "Const". "type": "num". "out": 0. "value": 1}')
debug_merge_point(0, 0, '281<main.rpyeffect:273([#821])>+1: {"op": "Push". "target": 280. "args": {"num": []. "ptr": [1]}}')
debug_merge_point(0, 0, '281<main.rpyeffect:273([#821])>+2: {"op": "Invoke". "receiver": 0. "tag": Interned(%apply(n):n). "args" : {"num": [0]. "ptr": []}}')
debug_merge_point(0, 0, '179<main.rpyeffect:171([method_%apply(n):n@Name(-_34)#469])>+0: {"op": "Jump". "target": 177}')
debug_merge_point(0, 0, '177<main.rpyeffect:169([mcore:[#28]#465])>+0: {"op": "PrimOp". "name": "infixSub(Int. Int): Int". "out": {"num": [0]. "ptr": []}. "in": {"num": [1. 0]. "ptr": []}}')
+812: i93 = int_sub(i88, 1)
debug_merge_point(0, 0, '177<main.rpyeffect:169([mcore:[#28]#465])>+1: {"op": "Return". "args": {"num": [0]. "ptr": []}}')
debug_merge_point(0, 0, '280<main.rpyeffect:272([k@[#821]#825])>+0: {"op": "Invoke". "receiver": 0. "tag": Interned(%apply(n):p). "args" : {"num": [0]. "ptr": []}}')
debug_merge_point(0, 0, '296<main.rpyeffect:288([method_%apply(n):p@[mcore:[#58]#832]#836])>+0: {"op": "Const". "type": "ptr". "out": 1. "format": "string". "value": "Name(Stop_2)"}')
debug_merge_point(0, 0, '296<main.rpyeffect:288([method_%apply(n):p@[mcore:[#58]#832]#836])>+1: {"op": "PrimOp". "name": "getGlobal(String): Ptr". "out": {"num": []. "ptr": [1]}. "in": {"num": []. "ptr": [1]}}')
debug_merge_point(0, 0, '296<main.rpyeffect:288([method_%apply(n):p@[mcore:[#58]#832]#836])>+2: {"op": "Const". "type": "ptr". "out": 2. "format": "string". "value": "Name(dollar_52)"}')
debug_merge_point(0, 0, '296<main.rpyeffect:288([method_%apply(n):p@[mcore:[#58]#832]#836])>+3: {"op": "PrimOp". "name": "getGlobal(String): Ptr". "out": {"num": []. "ptr": [2]}. "in": {"num": []. "ptr": [2]}}')
debug_merge_point(0, 0, '296<main.rpyeffect:288([method_%apply(n):p@[mcore:[#58]#832]#836])>+4: {"op": "PrimOp". "name": "unbox(Ptr): Num". "out": {"num": [3]. "ptr": []}. "in": {"num": []. "ptr": [2]}}')
debug_merge_point(0, 0, '296<main.rpyeffect:288([method_%apply(n):p@[mcore:[#58]#832]#836])>+5: {"op": "Const". "type": "ptr". "out": 2. "format": "string". "value": "Name(newline_48)"}')
debug_merge_point(0, 0, '296<main.rpyeffect:288([method_%apply(n):p@[mcore:[#58]#832]#836])>+6: {"op": "PrimOp". "name": "getGlobal(String): Ptr". "out": {"num": []. "ptr": [2]}. "in": {"num": []. "ptr": [2]}}')
debug_merge_point(0, 0, '296<main.rpyeffect:288([method_%apply(n):p@[mcore:[#58]#832]#836])>+7: {"op": "PrimOp". "name": "unbox(Ptr): Num". "out": {"num": [4]. "ptr": []}. "in": {"num": []. "ptr": [2]}}')
debug_merge_point(0, 0, '296<main.rpyeffect:288([method_%apply(n):p@[mcore:[#58]#832]#836])>+8: {"op": "Swap". "type": "ptr". "a": 1. "b". 0}')
debug_merge_point(0, 0, '296<main.rpyeffect:288([method_%apply(n):p@[mcore:[#58]#832]#836])>+9: {"op": "Swap". "type": "num". "a": 3. "b". 2}')
debug_merge_point(0, 0, '296<main.rpyeffect:288([method_%apply(n):p@[mcore:[#58]#832]#836])>+10: {"op": "Swap". "type": "num". "a": 1. "b". 2}')
debug_merge_point(0, 0, '296<main.rpyeffect:288([method_%apply(n):p@[mcore:[#58]#832]#836])>+11: {"op": "Jump". "target": 294}')
debug_merge_point(0, 0, '294<main.rpyeffect:286([mcore:[#57]#763])>+0: {"op": "Push". "target": 293. "args": {"num": [2. 0. 3]. "ptr": [1]}}')
debug_merge_point(0, 0, '294<main.rpyeffect:286([mcore:[#57]#763])>+1: {"op": "Copy". "type": "num". "from": 2. "to". 0}')
debug_merge_point(0, 0, '294<main.rpyeffect:286([mcore:[#57]#763])>+2: {"op": "Jump". "target": 37}')
debug_merge_point(0, 0, '37<main.rpyeffect:29(Name(>_2))>+0: {"op": "New". "out": 0. "targets": [30. 32. 34. 36]. "args": {"num": [0]. "ptr": []}}')
debug_merge_point(0, 0, '37<main.rpyeffect:29(Name(>_2))>+1: {"op": "Return". "args": {"num": []. "ptr": [0]}}')
debug_merge_point(0, 0, '293<main.rpyeffect:285([k@[mcore:[#57]#763]#765])>+0: {"op": "Push". "target": 292. "args": {"num": [0. 1]. "ptr": [1]}}')
debug_merge_point(0, 0, '293<main.rpyeffect:285([k@[mcore:[#57]#763]#765])>+1: {"op": "Copy". "type": "num". "from": 2. "to". 0}')
debug_merge_point(0, 0, '293<main.rpyeffect:285([k@[mcore:[#57]#763]#765])>+2: {"op": "Invoke". "receiver": 0. "tag": Interned(%apply(n):n). "args" : {"num": [0]. "ptr": []}}')
debug_merge_point(0, 0, '30<main.rpyeffect:22([method_%apply(n):n@Name(>_2)#67])>+0: {"op": "Jump". "target": 28}')
debug_merge_point(0, 0, '28<main.rpyeffect:20([mcore:[#15]#63])>+0: {"op": "PrimOp". "name": "infixGt(Int. Int): Boolean". "out": {"num": [0]. "ptr": []}. "in": {"num": [1. 0]. "ptr": []}}')
+816: i94 = int_gt(i87, i73)
guard_false(i94, descr=<Guard0x1503f3c20>) [p2, i7, i9, i11, i13, i15, i17, i19, i21, i23, i25, i27, i29, i31, i33, i35, i37, p40, p42, p44, p46, p48, p50, p52, p54, p56, p58, p60, p62, p64, p66, p68, p70, p0, p1, p3, p4]
debug_merge_point(0, 0, '28<main.rpyeffect:20([mcore:[#15]#63])>+1: {"op": "Return". "args": {"num": [0]. "ptr": []}}')
debug_merge_point(0, 0, '292<main.rpyeffect:284([k@[k@[mcore:[#57]#763]#765]#767])>+0: {"op": "Switch". "scrutinee": 0. "values": [1]. "targets": [272]. "default": 291}')
debug_merge_point(0, 0, '291<main.rpyeffect:283([switch default case#779])>+0: {"op": "Swap". "type": "num". "a": 1. "b". 2}')
debug_merge_point(0, 0, '291<main.rpyeffect:283([switch default case#779])>+1: {"op": "Swap". "type": "num". "a": 0. "b". 2}')
debug_merge_point(0, 0, '291<main.rpyeffect:283([switch default case#779])>+2: {"op": "Switch". "scrutinee": 2. "values": [0]. "targets": [289]. "default": 290}')
debug_merge_point(0, 0, '289<main.rpyeffect:281([switch case for 0#780])>+0: {"op": "Push". "target": 288. "args": {"num": [0. 1]. "ptr": [0]}}')
debug_merge_point(0, 0, '289<main.rpyeffect:281([switch case for 0#780])>+1: {"op": "Copy". "type": "num". "from": 1. "to". 0}')
debug_merge_point(0, 0, '289<main.rpyeffect:281([switch case for 0#780])>+2: {"op": "Jump". "target": 17}')
debug_merge_point(0, 0, '17<main.rpyeffect:9(Name(=_0))>+0: {"op": "New". "out": 0. "targets": [10. 12. 14. 16]. "args": {"num": [0]. "ptr": []}}')
debug_merge_point(0, 0, '17<main.rpyeffect:9(Name(=_0))>+1: {"op": "Return". "args": {"num": []. "ptr": [0]}}')
debug_merge_point(0, 0, '288<main.rpyeffect:280([k@[switch case for 0#780]#782])>+0: {"op": "Const". "type": "num". "out": 2. "value": 0}')
debug_merge_point(0, 0, '288<main.rpyeffect:280([k@[switch case for 0#780]#782])>+1: {"op": "Push". "target": 287. "args": {"num": [0. 1]. "ptr": [1]}}')
debug_merge_point(0, 0, '288<main.rpyeffect:280([k@[switch case for 0#780]#782])>+2: {"op": "Copy". "type": "num". "from": 2. "to". 0}')
debug_merge_point(0, 0, '288<main.rpyeffect:280([k@[switch case for 0#780]#782])>+3: {"op": "Invoke". "receiver": 0. "tag": Interned(%apply(n):n). "args" : {"num": [0]. "ptr": []}}')
debug_merge_point(0, 0, '10<main.rpyeffect:2([method_%apply(n):n@Name(=_0)#7])>+0: {"op": "Jump". "target": 8}')
debug_merge_point(0, 0, '8<main.rpyeffect:0([mcore:[#13]#3])>+0: {"op": "PrimOp". "name": "infixEq(Int. Int): Boolean". "out": {"num": [0]. "ptr": []}. "in": {"num": [1. 0]. "ptr": []}}')
+824: i96 = int_eq(i93, 0)
guard_false(i96, descr=<Guard0x1503f3c60>) [p2, i7, i9, i11, i13, i15, i17, i19, i21, i23, i25, i27, i29, i31, i33, i35, i37, p40, p42, p44, p46, p48, p50, p52, p54, p56, p58, p60, p62, p64, p66, p68, p70, p0, p1, p3, p4]
debug_merge_point(0, 0, '8<main.rpyeffect:0([mcore:[#13]#3])>+1: {"op": "Return". "args": {"num": [0]. "ptr": []}}')
debug_merge_point(0, 0, '287<main.rpyeffect:279([k@[k@[switch case for 0#780]#782]#786])>+0: {"op": "Switch". "scrutinee": 0. "values": [1]. "targets": [279]. "default": 286}')
debug_merge_point(0, 0, '286<main.rpyeffect:278([switch default case#809])>+0: {"op": "Swap". "type": "num". "a": 1. "b". 2}')
debug_merge_point(0, 0, '286<main.rpyeffect:278([switch default case#809])>+1: {"op": "Swap". "type": "num". "a": 0. "b". 2}')
debug_merge_point(0, 0, '286<main.rpyeffect:278([switch default case#809])>+2: {"op": "Switch". "scrutinee": 2. "values": [0]. "targets": [284]. "default": 285}')
debug_merge_point(0, 0, '284<main.rpyeffect:276([switch case for 0#810])>+0: {"op": "Const". "type": "ptr". "out": 1. "format": "string". "value": "Name(dollar_52)"}')
debug_merge_point(0, 0, '284<main.rpyeffect:276([switch case for 0#810])>+1: {"op": "PrimOp". "name": "getGlobal(String): Ptr". "out": {"num": []. "ptr": [1]}. "in": {"num": []. "ptr": [1]}}')
debug_merge_point(0, 0, '284<main.rpyeffect:276([switch case for 0#810])>+2: {"op": "PrimOp". "name": "unbox(Ptr): Num". "out": {"num": [2]. "ptr": []}. "in": {"num": []. "ptr": [1]}}')
debug_merge_point(0, 0, '284<main.rpyeffect:276([switch case for 0#810])>+3: {"op": "Push". "target": 283. "args": {"num": [0. 1]. "ptr": []}}')
debug_merge_point(0, 0, '284<main.rpyeffect:276([switch case for 0#810])>+4: {"op": "Copy". "type": "num". "from": 2. "to". 0}')
debug_merge_point(0, 0, '284<main.rpyeffect:276([switch case for 0#810])>+5: {"op": "Jump". "target": 270}')
debug_merge_point(0, 0, '270<main.rpyeffect:262(Name(k_221))>+0: {"op": "PushStack". "arg": 0}')
+832: guard_nonnull(p81, descr=<Guard0x1503f3ca0>) [p2, i7, i9, i11, i13, i15, i17, i19, i21, i23, i25, i27, i29, i31, i33, i35, i37, p40, p42, p44, p46, p48, p50, p52, p54, p56, p58, p60, p62, p64, p66, p68, p70, p0, p1, p3, p4]
+840: guard_nonnull(p1, descr=<Guard0x1503f3ce0>) [p2, i7, i9, i11, i13, i15, i17, i19, i21, i23, i25, i27, i29, i31, i33, i35, i37, p40, p42, p44, p46, p48, p50, p52, p54, p56, p58, p60, p62, p64, p66, p68, p70, p0, p1, p3, p4]
+852: i97 = getfield_gc_i(p1, descr=<FieldS rpyeffect.stored_environment.Stack__arb_arb.inst_target 16 pure>)
+860: guard_value(i97, 225, descr=<Guard0x1503f3d20>) [p2, i7, i9, i11, i13, i15, i17, i19, i21, i23, i25, i27, i29, i31, i33, i35, i37, p40, p42, p44, p46, p48, p50, p52, p54, p56, p58, p60, p62, p64, p66, p68, p70, p0, p1, p3, p4]
debug_merge_point(0, 0, '270<main.rpyeffect:262(Name(k_221))>+1: {"op": "Return". "args": {"num": [0]. "ptr": []}}')
+872: i99 = getfield_gc_i(p1, descr=<FieldS rpyeffect.stored_environment.Stack__1_0.inst_values_num_0 40 pure>)
+876: p100 = getfield_gc_r(p1, descr=<FieldP rpyeffect.stored_environment.Stack__arb_arb.inst_tail 8 pure>)
+880: guard_nonnull(p100, descr=<Guard0x1503f3d60>) [p2, i7, i9, i11, i13, i15, i17, i19, i21, i23, i25, i27, i29, i31, i33, i35, i37, p40, p42, p44, p46, p48, p50, p52, p54, p56, p58, p60, p62, p64, p66, p68, p70, p0, p1, p3, p4]
+888: i101 = getfield_gc_i(p100, descr=<FieldS rpyeffect.stored_environment.Stack__arb_arb.inst_target 16 pure>)
+892: guard_value(i101, 330, descr=<Guard0x1503f3da0>) [p2, i7, i9, i11, i13, i15, i17, i19, i21, i23, i25, i27, i29, i31, i33, i35, i37, p40, p42, p44, p46, p48, p50, p52, p54, p56, p58, p60, p62, p64, p66, p68, p70, p0, p1, p3, p4]
debug_merge_point(0, 0, '225<main.rpyeffect:217([k@Name(parse_58)#550])>+0: {"op": "Push". "target": 224. "args": {"num": [1. 0]. "ptr": []}}')
debug_merge_point(0, 0, '225<main.rpyeffect:217([k@Name(parse_58)#550])>+1: {"op": "Jump". "target": 210}')
debug_merge_point(0, 0, '210<main.rpyeffect:202(Name(is_dollar_53))>+0: {"op": "Push". "target": 209. "args": {"num": []. "ptr": []}}')
debug_merge_point(0, 0, '210<main.rpyeffect:202(Name(is_dollar_53))>+1: {"op": "Jump". "target": 17}')
debug_merge_point(0, 0, '17<main.rpyeffect:9(Name(=_0))>+0: {"op": "New". "out": 0. "targets": [10. 12. 14. 16]. "args": {"num": [0]. "ptr": []}}')
debug_merge_point(0, 0, '17<main.rpyeffect:9(Name(=_0))>+1: {"op": "Return". "args": {"num": []. "ptr": [0]}}')
debug_merge_point(0, 0, '209<main.rpyeffect:201([k@Name(is_dollar_53)#538])>+0: {"op": "Const". "type": "num". "out": 0. "value": 36}')
debug_merge_point(0, 0, '209<main.rpyeffect:201([k@Name(is_dollar_53)#538])>+1: {"op": "Invoke". "receiver": 0. "tag": Interned(%apply(n):n). "args" : {"num": [0]. "ptr": []}}')
debug_merge_point(0, 0, '10<main.rpyeffect:2([method_%apply(n):n@Name(=_0)#7])>+0: {"op": "Jump". "target": 8}')
debug_merge_point(0, 0, '8<main.rpyeffect:0([mcore:[#13]#3])>+0: {"op": "PrimOp". "name": "infixEq(Int. Int): Boolean". "out": {"num": [0]. "ptr": []}. "in": {"num": [1. 0]. "ptr": []}}')
debug_merge_point(0, 0, '8<main.rpyeffect:0([mcore:[#13]#3])>+1: {"op": "Return". "args": {"num": [0]. "ptr": []}}')
debug_merge_point(0, 0, '224<main.rpyeffect:216([k@[k@Name(parse_58)#550]#552])>+0: {"op": "Switch". "scrutinee": 0. "values": [1]. "targets": [213]. "default": 223}')
debug_merge_point(0, 0, '213<main.rpyeffect:205([switch case for 1#553])>+0: {"op": "Push". "target": 212. "args": {"num": []. "ptr": []}}')
debug_merge_point(0, 0, '213<main.rpyeffect:205([switch case for 1#553])>+1: {"op": "Copy". "type": "num". "from": 1. "to". 0}')
debug_merge_point(0, 0, '213<main.rpyeffect:205([switch case for 1#553])>+2: {"op": "Jump". "target": 143}')
debug_merge_point(0, 0, '143<main.rpyeffect:135(Name(+_27))>+0: {"op": "New". "out": 0. "targets": [136. 138. 140. 142]. "args": {"num": [0]. "ptr": []}}')
debug_merge_point(0, 0, '143<main.rpyeffect:135(Name(+_27))>+1: {"op": "Return". "args": {"num": []. "ptr": [0]}}')
debug_merge_point(0, 0, '212<main.rpyeffect:204([k@[switch case for 1#553]#555])>+0: {"op": "Const". "type": "num". "out": 0. "value": 1}')
debug_merge_point(0, 0, '212<main.rpyeffect:204([k@[switch case for 1#553]#555])>+1: {"op": "Push". "target": 211. "args": {"num": []. "ptr": []}}')
debug_merge_point(0, 0, '212<main.rpyeffect:204([k@[switch case for 1#553]#555])>+2: {"op": "Invoke". "receiver": 0. "tag": Interned(%apply(n):n). "args" : {"num": [0]. "ptr": []}}')
debug_merge_point(0, 0, '136<main.rpyeffect:128([method_%apply(n):n@Name(+_27)#347])>+0: {"op": "Jump". "target": 134}')
debug_merge_point(0, 0, '134<main.rpyeffect:126([mcore:[#24]#343])>+0: {"op": "PrimOp". "name": "infixAdd(Int. Int): Int". "out": {"num": [0]. "ptr": []}. "in": {"num": [1. 0]. "ptr": []}}')
+904: i104 = int_add(i99, 1)
debug_merge_point(0, 0, '134<main.rpyeffect:126([mcore:[#24]#343])>+1: {"op": "Return". "args": {"num": [0]. "ptr": []}}')
debug_merge_point(0, 0, '211<main.rpyeffect:203([k@[k@[switch case for 1#553]#555]#559])>+0: {"op": "Const". "type": "ptr". "out": 0. "format": "string". "value": "Name(Emit_1)"}')
debug_merge_point(0, 0, '211<main.rpyeffect:203([k@[k@[switch case for 1#553]#555]#559])>+1: {"op": "PrimOp". "name": "getGlobal(String): Ptr". "out": {"num": []. "ptr": [0]}. "in": {"num": []. "ptr": [0]}}')
debug_merge_point(0, 0, '211<main.rpyeffect:203([k@[k@[switch case for 1#553]#555]#559])>+2: {"op": "Const". "type": "ptr". "out": 1. "format": "string". "value": "Name(Reade_0)"}')
debug_merge_point(0, 0, '211<main.rpyeffect:203([k@[k@[switch case for 1#553]#555]#559])>+3: {"op": "PrimOp". "name": "getGlobal(String): Ptr". "out": {"num": []. "ptr": [1]}. "in": {"num": []. "ptr": [1]}}')
debug_merge_point(0, 0, '211<main.rpyeffect:203([k@[k@[switch case for 1#553]#555]#559])>+4: {"op": "Const". "type": "ptr". "out": 2. "format": "string". "value": "Name(Stop_2)"}')
debug_merge_point(0, 0, '211<main.rpyeffect:203([k@[k@[switch case for 1#553]#555]#559])>+5: {"op": "PrimOp". "name": "getGlobal(String): Ptr". "out": {"num": []. "ptr": [2]}. "in": {"num": []. "ptr": [2]}}')
debug_merge_point(0, 0, '211<main.rpyeffect:203([k@[k@[switch case for 1#553]#555]#559])>+6: {"op": "Jump". "target": 226}')
debug_merge_point(0, 0, '226<main.rpyeffect:218(Name(parse_58))>+0: {"op": "Const". "type": "num". "out": 1. "value": 0}')
debug_merge_point(0, 0, '226<main.rpyeffect:218(Name(parse_58))>+1: {"op": "Const". "type": "ptr". "out": 0. "format": "string". "value": "Name(Reade_0)"}')
debug_merge_point(0, 0, '226<main.rpyeffect:218(Name(parse_58))>+2: {"op": "PrimOp". "name": "getGlobal(String): Ptr". "out": {"num": []. "ptr": [0]}. "in": {"num": []. "ptr": [0]}}')
debug_merge_point(0, 0, '226<main.rpyeffect:218(Name(parse_58))>+3: {"op": "GetDynamic". "out": 0. "n": 1. "label": 0}')
debug_merge_point(0, 0, '226<main.rpyeffect:218(Name(parse_58))>+4: {"op": "Construct". "out": 1. "type": Interned({"op": "eff$Tuple". "elements": []}). "tag": Interned({"op": "eff$Tuple". "elements": []}). "args": {"num": []. "ptr": []}}')
debug_merge_point(0, 0, '226<main.rpyeffect:218(Name(parse_58))>+5: {"op": "Push". "target": 225. "args": {"num": [0]. "ptr": []}}')
debug_merge_point(0, 0, '226<main.rpyeffect:218(Name(parse_58))>+6: {"op": "Swap". "type": "ptr". "a": 1. "b". 0}')
+908: label(p0, p100, i104, p2, p89, i87, i93, p80, p82, p81, p4, i73, i17, i19, i21, i23, i25, i27, i29, i31, i33, i35, i37, p46, p48, p50, p52, p54, p56, p58, p60, p62, p64, p66, p68, p70, descr=TargetToken(5641255840))
debug_merge_point(0, 0, '226<main.rpyeffect:218(Name(parse_58))>+6: {"op": "Swap". "type": "ptr". "a": 1. "b". 0}')
+932: guard_not_invalidated(descr=<Guard0x150421780>) [p2, i104, i73, i17, i19, i21, i23, i25, i27, i29, i31, i33, i35, i37, p4, p46, p48, p50, p52, p54, p56, p58, p60, p62, p64, p66, p68, p70, p0, i93, i87, p89, p81, p82, p80, p100]
debug_merge_point(0, 0, '226<main.rpyeffect:218(Name(parse_58))>+7: {"op": "Invoke". "receiver": 1. "tag": Interned(%Reade_0(p):n). "args" : {"num": []. "ptr": [0]}}')
+936: p105 = getfield_gc_r(p4, descr=<FieldP rpyeffect.stored_environment.CoData__arb_arb.inst_vtable 24 pure>)
+948: guard_value(p105, ConstPtr(ptr106), descr=<Guard0x1503f3de0>) [p2, i104, i73, i17, i19, i21, i23, i25, i27, i29, i31, i33, i35, i37, p4, p46, p48, p50, p52, p54, p56, p58, p60, p62, p64, p66, p68, p70, p0, i93, i87, p89, p81, p82, p80, p100]
+956: i107 = getfield_gc_i(p4, descr=<FieldS rpyeffect.stored_environment.CoData__1_0.inst_values_num_0 32 pure>)
debug_merge_point(0, 0, '317<main.rpyeffect:309([method_%Reade_0(p):n@[mcore:[#62]#912]#914])>+0: {"op": "Const". "type": "num". "out": 1. "value": 0}')
debug_merge_point(0, 0, '317<main.rpyeffect:309([method_%Reade_0(p):n@[mcore:[#62]#912]#914])>+1: {"op": "Const". "type": "ptr". "out": 1. "format": "string". "value": "Name(Reade_0)"}')
debug_merge_point(0, 0, '317<main.rpyeffect:309([method_%Reade_0(p):n@[mcore:[#62]#912]#914])>+2: {"op": "PrimOp". "name": "getGlobal(String): Ptr". "out": {"num": []. "ptr": [1]}. "in": {"num": []. "ptr": [1]}}')
debug_merge_point(0, 0, '317<main.rpyeffect:309([method_%Reade_0(p):n@[mcore:[#62]#912]#914])>+3: {"op": "ShiftDyn". "out": 1. "n": 1. "label": 1}')
debug_merge_point(0, 0, '317<main.rpyeffect:309([method_%Reade_0(p):n@[mcore:[#62]#912]#914])>+4: {"op": "Swap". "type": "ptr". "a": 1. "b". 0}')
debug_merge_point(0, 0, '317<main.rpyeffect:309([method_%Reade_0(p):n@[mcore:[#62]#912]#914])>+5: {"op": "Match". "type": Interned({"op": "eff$Tuple". "elements": []}). "scrutinee": 1. "clauses": [{"tag": Interned({"op": "eff$Tuple". "elements": []}). "target": 316. "args": {"num": []. "ptr": []}}]. "default": {"tag": Interned(74daf2d0-4735-4ddf-904c-67170a32738c#[Missing Tag#1285]). "target": 311. "args": {"num": []. "ptr": []}}}')
debug_merge_point(0, 0, '316<main.rpyeffect:308([#926])>+0: {"op": "New". "out": 0. "targets": [313. 315]. "args": {"num": [0]. "ptr": [0]}}')
debug_merge_point(0, 0, '316<main.rpyeffect:308([#926])>+1: {"op": "Return". "args": {"num": []. "ptr": [0]}}')
debug_merge_point(0, 0, '283<main.rpyeffect:275([k@[switch case for 0#810]#817])>+0: {"op": "Push". "target": 282. "args": {"num": [1]. "ptr": []}}')
debug_merge_point(0, 0, '283<main.rpyeffect:275([k@[switch case for 0#810]#817])>+1: {"op": "Invoke". "receiver": 0. "tag": Interned(%apply(n):p). "args" : {"num": [0]. "ptr": []}}')
debug_merge_point(0, 0, '313<main.rpyeffect:305([method_%apply(n):p@[#926]#930])>+0: {"op": "Const". "type": "ptr". "out": 1. "format": "string". "value": "Name(Stop_2)"}')
debug_merge_point(0, 0, '313<main.rpyeffect:305([method_%apply(n):p@[#926]#930])>+1: {"op": "PrimOp". "name": "getGlobal(String): Ptr". "out": {"num": []. "ptr": [1]}. "in": {"num": []. "ptr": [1]}}')
debug_merge_point(0, 0, '313<main.rpyeffect:305([method_%apply(n):p@[#926]#930])>+2: {"op": "Const". "type": "ptr". "out": 2. "format": "string". "value": "Name(dollar_52)"}')
debug_merge_point(0, 0, '313<main.rpyeffect:305([method_%apply(n):p@[#926]#930])>+3: {"op": "PrimOp". "name": "getGlobal(String): Ptr". "out": {"num": []. "ptr": [2]}. "in": {"num": []. "ptr": [2]}}')
debug_merge_point(0, 0, '313<main.rpyeffect:305([method_%apply(n):p@[#926]#930])>+4: {"op": "PrimOp". "name": "unbox(Ptr): Num". "out": {"num": [2]. "ptr": []}. "in": {"num": []. "ptr": [2]}}')
debug_merge_point(0, 0, '313<main.rpyeffect:305([method_%apply(n):p@[#926]#930])>+5: {"op": "Const". "type": "ptr". "out": 2. "format": "string". "value": "Name(newline_48)"}')
debug_merge_point(0, 0, '313<main.rpyeffect:305([method_%apply(n):p@[#926]#930])>+6: {"op": "PrimOp". "name": "getGlobal(String): Ptr". "out": {"num": []. "ptr": [2]}. "in": {"num": []. "ptr": [2]}}')
debug_merge_point(0, 0, '313<main.rpyeffect:305([method_%apply(n):p@[#926]#930])>+7: {"op": "PrimOp". "name": "unbox(Ptr): Num". "out": {"num": [3]. "ptr": []}. "in": {"num": []. "ptr": [2]}}')
debug_merge_point(0, 0, '313<main.rpyeffect:305([method_%apply(n):p@[#926]#930])>+8: {"op": "Swap". "type": "ptr". "a": 1. "b". 0}')
debug_merge_point(0, 0, '313<main.rpyeffect:305([method_%apply(n):p@[#926]#930])>+9: {"op": "Swap". "type": "num". "a": 1. "b". 2}')
debug_merge_point(0, 0, '313<main.rpyeffect:305([method_%apply(n):p@[#926]#930])>+10: {"op": "Jump". "target": 303}')
debug_merge_point(0, 0, '303<main.rpyeffect:295([mcore:[#58]#832])>+0: {"op": "New". "out": 0. "targets": [296. 298. 300. 302]. "args": {"num": [0. 2]. "ptr": [1]}}')
debug_merge_point(0, 0, '303<main.rpyeffect:295([mcore:[#58]#832])>+1: {"op": "Return". "args": {"num": []. "ptr": [0]}}')
debug_merge_point(0, 0, '282<main.rpyeffect:274([k@[k@[switch case for 0#810]#817]#819])>+0: {"op": "Push". "target": 281. "args": {"num": []. "ptr": [0]}}')
debug_merge_point(0, 0, '282<main.rpyeffect:274([k@[k@[switch case for 0#810]#817]#819])>+1: {"op": "Jump". "target": 186}')
debug_merge_point(0, 0, '186<main.rpyeffect:178(Name(-_34))>+0: {"op": "New". "out": 0. "targets": [179. 181. 183. 185]. "args": {"num": [0]. "ptr": []}}')
debug_merge_point(0, 0, '186<main.rpyeffect:178(Name(-_34))>+1: {"op": "Return". "args": {"num": []. "ptr": [0]}}')
debug_merge_point(0, 0, '281<main.rpyeffect:273([#821])>+0: {"op": "Const". "type": "num". "out": 0. "value": 1}')
debug_merge_point(0, 0, '281<main.rpyeffect:273([#821])>+1: {"op": "Push". "target": 280. "args": {"num": []. "ptr": [1]}}')
debug_merge_point(0, 0, '281<main.rpyeffect:273([#821])>+2: {"op": "Invoke". "receiver": 0. "tag": Interned(%apply(n):n). "args" : {"num": [0]. "ptr": []}}')
debug_merge_point(0, 0, '179<main.rpyeffect:171([method_%apply(n):n@Name(-_34)#469])>+0: {"op": "Jump". "target": 177}')
debug_merge_point(0, 0, '177<main.rpyeffect:169([mcore:[#28]#465])>+0: {"op": "PrimOp". "name": "infixSub(Int. Int): Int". "out": {"num": [0]. "ptr": []}. "in": {"num": [1. 0]. "ptr": []}}')
+960: i109 = int_sub(i93, 1)
debug_merge_point(0, 0, '177<main.rpyeffect:169([mcore:[#28]#465])>+1: {"op": "Return". "args": {"num": [0]. "ptr": []}}')
debug_merge_point(0, 0, '280<main.rpyeffect:272([k@[#821]#825])>+0: {"op": "Invoke". "receiver": 0. "tag": Interned(%apply(n):p). "args" : {"num": [0]. "ptr": []}}')
debug_merge_point(0, 0, '296<main.rpyeffect:288([method_%apply(n):p@[mcore:[#58]#832]#836])>+0: {"op": "Const". "type": "ptr". "out": 1. "format": "string". "value": "Name(Stop_2)"}')
debug_merge_point(0, 0, '296<main.rpyeffect:288([method_%apply(n):p@[mcore:[#58]#832]#836])>+1: {"op": "PrimOp". "name": "getGlobal(String): Ptr". "out": {"num": []. "ptr": [1]}. "in": {"num": []. "ptr": [1]}}')
debug_merge_point(0, 0, '296<main.rpyeffect:288([method_%apply(n):p@[mcore:[#58]#832]#836])>+2: {"op": "Const". "type": "ptr". "out": 2. "format": "string". "value": "Name(dollar_52)"}')
debug_merge_point(0, 0, '296<main.rpyeffect:288([method_%apply(n):p@[mcore:[#58]#832]#836])>+3: {"op": "PrimOp". "name": "getGlobal(String): Ptr". "out": {"num": []. "ptr": [2]}. "in": {"num": []. "ptr": [2]}}')
debug_merge_point(0, 0, '296<main.rpyeffect:288([method_%apply(n):p@[mcore:[#58]#832]#836])>+4: {"op": "PrimOp". "name": "unbox(Ptr): Num". "out": {"num": [3]. "ptr": []}. "in": {"num": []. "ptr": [2]}}')
debug_merge_point(0, 0, '296<main.rpyeffect:288([method_%apply(n):p@[mcore:[#58]#832]#836])>+5: {"op": "Const". "type": "ptr". "out": 2. "format": "string". "value": "Name(newline_48)"}')
debug_merge_point(0, 0, '296<main.rpyeffect:288([method_%apply(n):p@[mcore:[#58]#832]#836])>+6: {"op": "PrimOp". "name": "getGlobal(String): Ptr". "out": {"num": []. "ptr": [2]}. "in": {"num": []. "ptr": [2]}}')
debug_merge_point(0, 0, '296<main.rpyeffect:288([method_%apply(n):p@[mcore:[#58]#832]#836])>+7: {"op": "PrimOp". "name": "unbox(Ptr): Num". "out": {"num": [4]. "ptr": []}. "in": {"num": []. "ptr": [2]}}')
debug_merge_point(0, 0, '296<main.rpyeffect:288([method_%apply(n):p@[mcore:[#58]#832]#836])>+8: {"op": "Swap". "type": "ptr". "a": 1. "b". 0}')
debug_merge_point(0, 0, '296<main.rpyeffect:288([method_%apply(n):p@[mcore:[#58]#832]#836])>+9: {"op": "Swap". "type": "num". "a": 3. "b". 2}')
debug_merge_point(0, 0, '296<main.rpyeffect:288([method_%apply(n):p@[mcore:[#58]#832]#836])>+10: {"op": "Swap". "type": "num". "a": 1. "b". 2}')
debug_merge_point(0, 0, '296<main.rpyeffect:288([method_%apply(n):p@[mcore:[#58]#832]#836])>+11: {"op": "Jump". "target": 294}')
debug_merge_point(0, 0, '294<main.rpyeffect:286([mcore:[#57]#763])>+0: {"op": "Push". "target": 293. "args": {"num": [2. 0. 3]. "ptr": [1]}}')
debug_merge_point(0, 0, '294<main.rpyeffect:286([mcore:[#57]#763])>+1: {"op": "Copy". "type": "num". "from": 2. "to". 0}')
debug_merge_point(0, 0, '294<main.rpyeffect:286([mcore:[#57]#763])>+2: {"op": "Jump". "target": 37}')
debug_merge_point(0, 0, '37<main.rpyeffect:29(Name(>_2))>+0: {"op": "New". "out": 0. "targets": [30. 32. 34. 36]. "args": {"num": [0]. "ptr": []}}')
debug_merge_point(0, 0, '37<main.rpyeffect:29(Name(>_2))>+1: {"op": "Return". "args": {"num": []. "ptr": [0]}}')
debug_merge_point(0, 0, '293<main.rpyeffect:285([k@[mcore:[#57]#763]#765])>+0: {"op": "Push". "target": 292. "args": {"num": [0. 1]. "ptr": [1]}}')
debug_merge_point(0, 0, '293<main.rpyeffect:285([k@[mcore:[#57]#763]#765])>+1: {"op": "Copy". "type": "num". "from": 2. "to". 0}')
debug_merge_point(0, 0, '293<main.rpyeffect:285([k@[mcore:[#57]#763]#765])>+2: {"op": "Invoke". "receiver": 0. "tag": Interned(%apply(n):n). "args" : {"num": [0]. "ptr": []}}')
debug_merge_point(0, 0, '30<main.rpyeffect:22([method_%apply(n):n@Name(>_2)#67])>+0: {"op": "Jump". "target": 28}')
debug_merge_point(0, 0, '28<main.rpyeffect:20([mcore:[#15]#63])>+0: {"op": "PrimOp". "name": "infixGt(Int. Int): Boolean". "out": {"num": [0]. "ptr": []}. "in": {"num": [1. 0]. "ptr": []}}')
+964: i110 = int_gt(i87, i107)
guard_false(i110, descr=<Guard0x1503f3e20>) [p2, i104, i73, i17, i19, i21, i23, i25, i27, i29, i31, i33, i35, i37, p4, p46, p48, p50, p52, p54, p56, p58, p60, p62, p64, p66, p68, p70, p0, i93, i87, p89, p81, p82, p80, p100]
debug_merge_point(0, 0, '28<main.rpyeffect:20([mcore:[#15]#63])>+1: {"op": "Return". "args": {"num": [0]. "ptr": []}}')
debug_merge_point(0, 0, '292<main.rpyeffect:284([k@[k@[mcore:[#57]#763]#765]#767])>+0: {"op": "Switch". "scrutinee": 0. "values": [1]. "targets": [272]. "default": 291}')
debug_merge_point(0, 0, '291<main.rpyeffect:283([switch default case#779])>+0: {"op": "Swap". "type": "num". "a": 1. "b". 2}')
debug_merge_point(0, 0, '291<main.rpyeffect:283([switch default case#779])>+1: {"op": "Swap". "type": "num". "a": 0. "b". 2}')
debug_merge_point(0, 0, '291<main.rpyeffect:283([switch default case#779])>+2: {"op": "Switch". "scrutinee": 2. "values": [0]. "targets": [289]. "default": 290}')
debug_merge_point(0, 0, '289<main.rpyeffect:281([switch case for 0#780])>+0: {"op": "Push". "target": 288. "args": {"num": [0. 1]. "ptr": [0]}}')
debug_merge_point(0, 0, '289<main.rpyeffect:281([switch case for 0#780])>+1: {"op": "Copy". "type": "num". "from": 1. "to". 0}')
debug_merge_point(0, 0, '289<main.rpyeffect:281([switch case for 0#780])>+2: {"op": "Jump". "target": 17}')
debug_merge_point(0, 0, '17<main.rpyeffect:9(Name(=_0))>+0: {"op": "New". "out": 0. "targets": [10. 12. 14. 16]. "args": {"num": [0]. "ptr": []}}')
debug_merge_point(0, 0, '17<main.rpyeffect:9(Name(=_0))>+1: {"op": "Return". "args": {"num": []. "ptr": [0]}}')
debug_merge_point(0, 0, '288<main.rpyeffect:280([k@[switch case for 0#780]#782])>+0: {"op": "Const". "type": "num". "out": 2. "value": 0}')
debug_merge_point(0, 0, '288<main.rpyeffect:280([k@[switch case for 0#780]#782])>+1: {"op": "Push". "target": 287. "args": {"num": [0. 1]. "ptr": [1]}}')
debug_merge_point(0, 0, '288<main.rpyeffect:280([k@[switch case for 0#780]#782])>+2: {"op": "Copy". "type": "num". "from": 2. "to". 0}')
debug_merge_point(0, 0, '288<main.rpyeffect:280([k@[switch case for 0#780]#782])>+3: {"op": "Invoke". "receiver": 0. "tag": Interned(%apply(n):n). "args" : {"num": [0]. "ptr": []}}')
debug_merge_point(0, 0, '10<main.rpyeffect:2([method_%apply(n):n@Name(=_0)#7])>+0: {"op": "Jump". "target": 8}')
debug_merge_point(0, 0, '8<main.rpyeffect:0([mcore:[#13]#3])>+0: {"op": "PrimOp". "name": "infixEq(Int. Int): Boolean". "out": {"num": [0]. "ptr": []}. "in": {"num": [1. 0]. "ptr": []}}')
+972: i112 = int_eq(i109, 0)
guard_false(i112, descr=<Guard0x1503f3e60>) [p2, i104, i73, i17, i19, i21, i23, i25, i27, i29, i31, i33, i35, i37, p4, p46, p48, p50, p52, p54, p56, p58, p60, p62, p64, p66, p68, p70, p0, i93, i87, p89, p81, p82, p80, p100]
debug_merge_point(0, 0, '8<main.rpyeffect:0([mcore:[#13]#3])>+1: {"op": "Return". "args": {"num": [0]. "ptr": []}}')
debug_merge_point(0, 0, '287<main.rpyeffect:279([k@[k@[switch case for 0#780]#782]#786])>+0: {"op": "Switch". "scrutinee": 0. "values": [1]. "targets": [279]. "default": 286}')
debug_merge_point(0, 0, '286<main.rpyeffect:278([switch default case#809])>+0: {"op": "Swap". "type": "num". "a": 1. "b". 2}')
debug_merge_point(0, 0, '286<main.rpyeffect:278([switch default case#809])>+1: {"op": "Swap". "type": "num". "a": 0. "b". 2}')
debug_merge_point(0, 0, '286<main.rpyeffect:278([switch default case#809])>+2: {"op": "Switch". "scrutinee": 2. "values": [0]. "targets": [284]. "default": 285}')
debug_merge_point(0, 0, '284<main.rpyeffect:276([switch case for 0#810])>+0: {"op": "Const". "type": "ptr". "out": 1. "format": "string". "value": "Name(dollar_52)"}')
debug_merge_point(0, 0, '284<main.rpyeffect:276([switch case for 0#810])>+1: {"op": "PrimOp". "name": "getGlobal(String): Ptr". "out": {"num": []. "ptr": [1]}. "in": {"num": []. "ptr": [1]}}')
debug_merge_point(0, 0, '284<main.rpyeffect:276([switch case for 0#810])>+2: {"op": "PrimOp". "name": "unbox(Ptr): Num". "out": {"num": [2]. "ptr": []}. "in": {"num": []. "ptr": [1]}}')
debug_merge_point(0, 0, '284<main.rpyeffect:276([switch case for 0#810])>+3: {"op": "Push". "target": 283. "args": {"num": [0. 1]. "ptr": []}}')
debug_merge_point(0, 0, '284<main.rpyeffect:276([switch case for 0#810])>+4: {"op": "Copy". "type": "num". "from": 2. "to". 0}')
debug_merge_point(0, 0, '284<main.rpyeffect:276([switch case for 0#810])>+5: {"op": "Jump". "target": 270}')
debug_merge_point(0, 0, '270<main.rpyeffect:262(Name(k_221))>+0: {"op": "PushStack". "arg": 0}')
debug_merge_point(0, 0, '270<main.rpyeffect:262(Name(k_221))>+1: {"op": "Return". "args": {"num": [0]. "ptr": []}}')
debug_merge_point(0, 0, '225<main.rpyeffect:217([k@Name(parse_58)#550])>+0: {"op": "Push". "target": 224. "args": {"num": [1. 0]. "ptr": []}}')
debug_merge_point(0, 0, '225<main.rpyeffect:217([k@Name(parse_58)#550])>+1: {"op": "Jump". "target": 210}')
debug_merge_point(0, 0, '210<main.rpyeffect:202(Name(is_dollar_53))>+0: {"op": "Push". "target": 209. "args": {"num": []. "ptr": []}}')
debug_merge_point(0, 0, '210<main.rpyeffect:202(Name(is_dollar_53))>+1: {"op": "Jump". "target": 17}')
debug_merge_point(0, 0, '17<main.rpyeffect:9(Name(=_0))>+0: {"op": "New". "out": 0. "targets": [10. 12. 14. 16]. "args": {"num": [0]. "ptr": []}}')
debug_merge_point(0, 0, '17<main.rpyeffect:9(Name(=_0))>+1: {"op": "Return". "args": {"num": []. "ptr": [0]}}')
debug_merge_point(0, 0, '209<main.rpyeffect:201([k@Name(is_dollar_53)#538])>+0: {"op": "Const". "type": "num". "out": 0. "value": 36}')
debug_merge_point(0, 0, '209<main.rpyeffect:201([k@Name(is_dollar_53)#538])>+1: {"op": "Invoke". "receiver": 0. "tag": Interned(%apply(n):n). "args" : {"num": [0]. "ptr": []}}')
debug_merge_point(0, 0, '10<main.rpyeffect:2([method_%apply(n):n@Name(=_0)#7])>+0: {"op": "Jump". "target": 8}')
debug_merge_point(0, 0, '8<main.rpyeffect:0([mcore:[#13]#3])>+0: {"op": "PrimOp". "name": "infixEq(Int. Int): Boolean". "out": {"num": [0]. "ptr": []}. "in": {"num": [1. 0]. "ptr": []}}')
debug_merge_point(0, 0, '8<main.rpyeffect:0([mcore:[#13]#3])>+1: {"op": "Return". "args": {"num": [0]. "ptr": []}}')
debug_merge_point(0, 0, '224<main.rpyeffect:216([k@[k@Name(parse_58)#550]#552])>+0: {"op": "Switch". "scrutinee": 0. "values": [1]. "targets": [213]. "default": 223}')
debug_merge_point(0, 0, '213<main.rpyeffect:205([switch case for 1#553])>+0: {"op": "Push". "target": 212. "args": {"num": []. "ptr": []}}')
debug_merge_point(0, 0, '213<main.rpyeffect:205([switch case for 1#553])>+1: {"op": "Copy". "type": "num". "from": 1. "to". 0}')
debug_merge_point(0, 0, '213<main.rpyeffect:205([switch case for 1#553])>+2: {"op": "Jump". "target": 143}')
debug_merge_point(0, 0, '143<main.rpyeffect:135(Name(+_27))>+0: {"op": "New". "out": 0. "targets": [136. 138. 140. 142]. "args": {"num": [0]. "ptr": []}}')
debug_merge_point(0, 0, '143<main.rpyeffect:135(Name(+_27))>+1: {"op": "Return". "args": {"num": []. "ptr": [0]}}')
debug_merge_point(0, 0, '212<main.rpyeffect:204([k@[switch case for 1#553]#555])>+0: {"op": "Const". "type": "num". "out": 0. "value": 1}')
debug_merge_point(0, 0, '212<main.rpyeffect:204([k@[switch case for 1#553]#555])>+1: {"op": "Push". "target": 211. "args": {"num": []. "ptr": []}}')
debug_merge_point(0, 0, '212<main.rpyeffect:204([k@[switch case for 1#553]#555])>+2: {"op": "Invoke". "receiver": 0. "tag": Interned(%apply(n):n). "args" : {"num": [0]. "ptr": []}}')
debug_merge_point(0, 0, '136<main.rpyeffect:128([method_%apply(n):n@Name(+_27)#347])>+0: {"op": "Jump". "target": 134}')
debug_merge_point(0, 0, '134<main.rpyeffect:126([mcore:[#24]#343])>+0: {"op": "PrimOp". "name": "infixAdd(Int. Int): Int". "out": {"num": [0]. "ptr": []}. "in": {"num": [1. 0]. "ptr": []}}')
+980: i114 = int_add(i104, 1)
debug_merge_point(0, 0, '134<main.rpyeffect:126([mcore:[#24]#343])>+1: {"op": "Return". "args": {"num": [0]. "ptr": []}}')
debug_merge_point(0, 0, '211<main.rpyeffect:203([k@[k@[switch case for 1#553]#555]#559])>+0: {"op": "Const". "type": "ptr". "out": 0. "format": "string". "value": "Name(Emit_1)"}')
debug_merge_point(0, 0, '211<main.rpyeffect:203([k@[k@[switch case for 1#553]#555]#559])>+1: {"op": "PrimOp". "name": "getGlobal(String): Ptr". "out": {"num": []. "ptr": [0]}. "in": {"num": []. "ptr": [0]}}')
debug_merge_point(0, 0, '211<main.rpyeffect:203([k@[k@[switch case for 1#553]#555]#559])>+2: {"op": "Const". "type": "ptr". "out": 1. "format": "string". "value": "Name(Reade_0)"}')
debug_merge_point(0, 0, '211<main.rpyeffect:203([k@[k@[switch case for 1#553]#555]#559])>+3: {"op": "PrimOp". "name": "getGlobal(String): Ptr". "out": {"num": []. "ptr": [1]}. "in": {"num": []. "ptr": [1]}}')
debug_merge_point(0, 0, '211<main.rpyeffect:203([k@[k@[switch case for 1#553]#555]#559])>+4: {"op": "Const". "type": "ptr". "out": 2. "format": "string". "value": "Name(Stop_2)"}')
debug_merge_point(0, 0, '211<main.rpyeffect:203([k@[k@[switch case for 1#553]#555]#559])>+5: {"op": "PrimOp". "name": "getGlobal(String): Ptr". "out": {"num": []. "ptr": [2]}. "in": {"num": []. "ptr": [2]}}')
debug_merge_point(0, 0, '211<main.rpyeffect:203([k@[k@[switch case for 1#553]#555]#559])>+6: {"op": "Jump". "target": 226}')
debug_merge_point(0, 0, '226<main.rpyeffect:218(Name(parse_58))>+0: {"op": "Const". "type": "num". "out": 1. "value": 0}')
debug_merge_point(0, 0, '226<main.rpyeffect:218(Name(parse_58))>+1: {"op": "Const". "type": "ptr". "out": 0. "format": "string". "value": "Name(Reade_0)"}')
debug_merge_point(0, 0, '226<main.rpyeffect:218(Name(parse_58))>+2: {"op": "PrimOp". "name": "getGlobal(String): Ptr". "out": {"num": []. "ptr": [0]}. "in": {"num": []. "ptr": [0]}}')
debug_merge_point(0, 0, '226<main.rpyeffect:218(Name(parse_58))>+3: {"op": "GetDynamic". "out": 0. "n": 1. "label": 0}')
debug_merge_point(0, 0, '226<main.rpyeffect:218(Name(parse_58))>+4: {"op": "Construct". "out": 1. "type": Interned({"op": "eff$Tuple". "elements": []}). "tag": Interned({"op": "eff$Tuple". "elements": []}). "args": {"num": []. "ptr": []}}')
debug_merge_point(0, 0, '226<main.rpyeffect:218(Name(parse_58))>+5: {"op": "Push". "target": 225. "args": {"num": [0]. "ptr": []}}')
debug_merge_point(0, 0, '226<main.rpyeffect:218(Name(parse_58))>+6: {"op": "Swap". "type": "ptr". "a": 1. "b". 0}')
+984: jump(p0, p100, i114, p2, p89, i87, i109, p80, p82, p81, p4, i107, i17, i19, i21, i23, i25, i27, i29, i31, i33, i35, i37, p46, p48, p50, p52, p54, p56, p58, p60, p62, p64, p66, p68, p70, descr=TargetToken(5641255840))
+1000: --end of the loop--
[c78814] jit-log-opt-loop}
[dcce34] {jit-log-opt-loop
# Loop 2 (294<main.rpyeffect:286([mcore:[#57]#763])>+0: {"op": "Push", "target": 293, "args": {"num": [2, 0, 3], "ptr": [1]}}) : entry bridge with 239 ops
[p0, p1, p2, p3, p4]
+424: p5 = getfield_gc_r(p2, descr=<FieldP rpyeffect.environment.Environment.inst_values_num 16>)
+432: i7 = getarrayitem_gc_i(p5, 0, descr=<ArrayS 8>)
+436: i9 = getarrayitem_gc_i(p5, 1, descr=<ArrayS 8>)
+440: i11 = getarrayitem_gc_i(p5, 2, descr=<ArrayS 8>)
+444: i13 = getarrayitem_gc_i(p5, 3, descr=<ArrayS 8>)
+448: i15 = getarrayitem_gc_i(p5, 4, descr=<ArrayS 8>)
+452: i17 = getarrayitem_gc_i(p5, 5, descr=<ArrayS 8>)
+456: i19 = getarrayitem_gc_i(p5, 6, descr=<ArrayS 8>)
+460: i21 = getarrayitem_gc_i(p5, 7, descr=<ArrayS 8>)
+464: i23 = getarrayitem_gc_i(p5, 8, descr=<ArrayS 8>)
+468: i25 = getarrayitem_gc_i(p5, 9, descr=<ArrayS 8>)
+472: i27 = getarrayitem_gc_i(p5, 10, descr=<ArrayS 8>)
+476: i29 = getarrayitem_gc_i(p5, 11, descr=<ArrayS 8>)
+480: i31 = getarrayitem_gc_i(p5, 12, descr=<ArrayS 8>)
+484: i33 = getarrayitem_gc_i(p5, 13, descr=<ArrayS 8>)
+488: i35 = getarrayitem_gc_i(p5, 14, descr=<ArrayS 8>)
+496: i37 = getarrayitem_gc_i(p5, 15, descr=<ArrayS 8>)
+500: p38 = getfield_gc_r(p2, descr=<FieldP rpyeffect.environment.Environment.inst_values_ptr 24>)
+504: p40 = getarrayitem_gc_r(p38, 0, descr=<ArrayP 8>)
+512: p42 = getarrayitem_gc_r(p38, 1, descr=<ArrayP 8>)
+520: p44 = getarrayitem_gc_r(p38, 2, descr=<ArrayP 8>)
+528: p46 = getarrayitem_gc_r(p38, 3, descr=<ArrayP 8>)
+536: p48 = getarrayitem_gc_r(p38, 4, descr=<ArrayP 8>)
+544: p50 = getarrayitem_gc_r(p38, 5, descr=<ArrayP 8>)
+552: p52 = getarrayitem_gc_r(p38, 6, descr=<ArrayP 8>)
+560: p54 = getarrayitem_gc_r(p38, 7, descr=<ArrayP 8>)
+568: p56 = getarrayitem_gc_r(p38, 8, descr=<ArrayP 8>)
+576: p58 = getarrayitem_gc_r(p38, 9, descr=<ArrayP 8>)
+584: p60 = getarrayitem_gc_r(p38, 10, descr=<ArrayP 8>)
+592: p62 = getarrayitem_gc_r(p38, 11, descr=<ArrayP 8>)
+600: p64 = getarrayitem_gc_r(p38, 12, descr=<ArrayP 8>)
+608: p66 = getarrayitem_gc_r(p38, 13, descr=<ArrayP 8>)
+616: p68 = getarrayitem_gc_r(p38, 14, descr=<ArrayP 8>)
+624: p70 = getarrayitem_gc_r(p38, 15, descr=<ArrayP 8>)
debug_merge_point(0, 0, '294<main.rpyeffect:286([mcore:[#57]#763])>+0: {"op": "Push". "target": 293. "args": {"num": [2. 0. 3]. "ptr": [1]}}')
+628: guard_not_invalidated(descr=<Guard0x14006c128>) [p2, i7, i9, i11, i13, i15, i17, i19, i21, i23, i25, i27, i29, i31, i33, i35, i37, p40, p42, p44, p46, p48, p50, p52, p54, p56, p58, p60, p62, p64, p66, p68, p70, p0, p1, p3, p4]
debug_merge_point(0, 0, '294<main.rpyeffect:286([mcore:[#57]#763])>+1: {"op": "Copy". "type": "num". "from": 2. "to". 0}')
debug_merge_point(0, 0, '294<main.rpyeffect:286([mcore:[#57]#763])>+2: {"op": "Jump". "target": 37}')
debug_merge_point(0, 0, '37<main.rpyeffect:29(Name(>_2))>+0: {"op": "New". "out": 0. "targets": [30. 32. 34. 36]. "args": {"num": [0]. "ptr": []}}')
debug_merge_point(0, 0, '37<main.rpyeffect:29(Name(>_2))>+1: {"op": "Return". "args": {"num": []. "ptr": [0]}}')
debug_merge_point(0, 0, '293<main.rpyeffect:285([k@[mcore:[#57]#763]#765])>+0: {"op": "Push". "target": 292. "args": {"num": [0. 1]. "ptr": [1]}}')
debug_merge_point(0, 0, '293<main.rpyeffect:285([k@[mcore:[#57]#763]#765])>+1: {"op": "Copy". "type": "num". "from": 2. "to". 0}')
debug_merge_point(0, 0, '293<main.rpyeffect:285([k@[mcore:[#57]#763]#765])>+2: {"op": "Invoke". "receiver": 0. "tag": Interned(%apply(n):n). "args" : {"num": [0]. "ptr": []}}')
debug_merge_point(0, 0, '30<main.rpyeffect:22([method_%apply(n):n@Name(>_2)#67])>+0: {"op": "Jump". "target": 28}')
debug_merge_point(0, 0, '28<main.rpyeffect:20([mcore:[#15]#63])>+0: {"op": "PrimOp". "name": "infixGt(Int. Int): Boolean". "out": {"num": [0]. "ptr": []}. "in": {"num": [1. 0]. "ptr": []}}')
+632: i71 = int_gt(i11, i13)
guard_false(i71, descr=<Guard0x14006ec60>) [p2, i7, i9, i11, i13, i15, i17, i19, i21, i23, i25, i27, i29, i31, i33, i35, i37, p40, p42, p44, p46, p48, p50, p52, p54, p56, p58, p60, p62, p64, p66, p68, p70, p0, p1, p3, p4]
debug_merge_point(0, 0, '28<main.rpyeffect:20([mcore:[#15]#63])>+1: {"op": "Return". "args": {"num": [0]. "ptr": []}}')
debug_merge_point(0, 0, '292<main.rpyeffect:284([k@[k@[mcore:[#57]#763]#765]#767])>+0: {"op": "Switch". "scrutinee": 0. "values": [1]. "targets": [272]. "default": 291}')
+640: guard_nonnull(p1, descr=<Guard0x14006ec20>) [p2, i7, i9, i11, i13, i15, i17, i19, i21, i23, i25, i27, i29, i31, i33, i35, i37, p40, p42, p44, p46, p48, p50, p52, p54, p56, p58, p60, p62, p64, p66, p68, p70, p0, p1, p3, p4]
+652: i72 = getfield_gc_i(p1, descr=<FieldS rpyeffect.stored_environment.Stack__arb_arb.inst_target 16 pure>)
+668: guard_value(i72, 268, descr=<Guard0x14006ebe0>) [p2, i7, i9, i11, i13, i15, i17, i19, i21, i23, i25, i27, i29, i31, i33, i35, i37, p40, p42, p44, p46, p48, p50, p52, p54, p56, p58, p60, p62, p64, p66, p68, p70, p0, p1, p3, p4]
debug_merge_point(0, 0, '291<main.rpyeffect:283([switch default case#779])>+0: {"op": "Swap". "type": "num". "a": 1. "b". 2}')
debug_merge_point(0, 0, '291<main.rpyeffect:283([switch default case#779])>+1: {"op": "Swap". "type": "num". "a": 0. "b". 2}')
debug_merge_point(0, 0, '291<main.rpyeffect:283([switch default case#779])>+2: {"op": "Switch". "scrutinee": 2. "values": [0]. "targets": [289]. "default": 290}')
debug_merge_point(0, 0, '289<main.rpyeffect:281([switch case for 0#780])>+0: {"op": "Push". "target": 288. "args": {"num": [0. 1]. "ptr": [0]}}')
debug_merge_point(0, 0, '289<main.rpyeffect:281([switch case for 0#780])>+1: {"op": "Copy". "type": "num". "from": 1. "to". 0}')
debug_merge_point(0, 0, '289<main.rpyeffect:281([switch case for 0#780])>+2: {"op": "Jump". "target": 17}')
debug_merge_point(0, 0, '17<main.rpyeffect:9(Name(=_0))>+0: {"op": "New". "out": 0. "targets": [10. 12. 14. 16]. "args": {"num": [0]. "ptr": []}}')
debug_merge_point(0, 0, '17<main.rpyeffect:9(Name(=_0))>+1: {"op": "Return". "args": {"num": []. "ptr": [0]}}')
debug_merge_point(0, 0, '288<main.rpyeffect:280([k@[switch case for 0#780]#782])>+0: {"op": "Const". "type": "num". "out": 2. "value": 0}')
debug_merge_point(0, 0, '288<main.rpyeffect:280([k@[switch case for 0#780]#782])>+1: {"op": "Push". "target": 287. "args": {"num": [0. 1]. "ptr": [1]}}')
debug_merge_point(0, 0, '288<main.rpyeffect:280([k@[switch case for 0#780]#782])>+2: {"op": "Copy". "type": "num". "from": 2. "to". 0}')
debug_merge_point(0, 0, '288<main.rpyeffect:280([k@[switch case for 0#780]#782])>+3: {"op": "Invoke". "receiver": 0. "tag": Interned(%apply(n):n). "args" : {"num": [0]. "ptr": []}}')
debug_merge_point(0, 0, '10<main.rpyeffect:2([method_%apply(n):n@Name(=_0)#7])>+0: {"op": "Jump". "target": 8}')
debug_merge_point(0, 0, '8<main.rpyeffect:0([mcore:[#13]#3])>+0: {"op": "PrimOp". "name": "infixEq(Int. Int): Boolean". "out": {"num": [0]. "ptr": []}. "in": {"num": [1. 0]. "ptr": []}}')
+680: i75 = int_eq(i7, 0)
guard_true(i75, descr=<Guard0x14006eba0>) [p2, i7, i9, i11, i13, i15, i17, i19, i21, i23, i25, i27, i29, i31, i33, i35, i37, p40, p42, p44, p46, p48, p50, p52, p54, p56, p58, p60, p62, p64, p66, p68, p70, p0, p1, p3, p4]
debug_merge_point(0, 0, '8<main.rpyeffect:0([mcore:[#13]#3])>+1: {"op": "Return". "args": {"num": [0]. "ptr": []}}')
debug_merge_point(0, 0, '287<main.rpyeffect:279([k@[k@[switch case for 0#780]#782]#786])>+0: {"op": "Switch". "scrutinee": 0. "values": [1]. "targets": [279]. "default": 286}')
debug_merge_point(0, 0, '279<main.rpyeffect:271([switch case for 1#787])>+0: {"op": "Const". "type": "ptr". "out": 1. "format": "string". "value": "Name(newline_48)"}')
debug_merge_point(0, 0, '279<main.rpyeffect:271([switch case for 1#787])>+1: {"op": "PrimOp". "name": "getGlobal(String): Ptr". "out": {"num": []. "ptr": [1]}. "in": {"num": []. "ptr": [1]}}')
debug_merge_point(0, 0, '279<main.rpyeffect:271([switch case for 1#787])>+2: {"op": "PrimOp". "name": "unbox(Ptr): Num". "out": {"num": [0]. "ptr": []}. "in": {"num": []. "ptr": [1]}}')
debug_merge_point(0, 0, '279<main.rpyeffect:271([switch case for 1#787])>+3: {"op": "Push". "target": 278. "args": {"num": [1]. "ptr": []}}')
debug_merge_point(0, 0, '279<main.rpyeffect:271([switch case for 1#787])>+4: {"op": "Jump". "target": 270}')
debug_merge_point(0, 0, '270<main.rpyeffect:262(Name(k_221))>+0: {"op": "PushStack". "arg": 0}')
+688: guard_nonnull(p4, descr=<Guard0x14006eb60>) [p2, i7, i9, i11, i13, i15, i17, i19, i21, i23, i25, i27, i29, i31, i33, i35, i37, p40, p42, p44, p46, p48, p50, p52, p54, p56, p58, p60, p62, p64, p66, p68, p70, p0, p1, p3, p4]
+700: guard_nonnull_class(p42, ConstClass(MetaStackWithBinding), descr=<Guard0x14006c230>) [p2, i7, i9, i11, i13, i15, i17, i19, i21, i23, i25, i27, i29, i31, i33, i35, i37, p40, p42, p44, p46, p48, p50, p52, p54, p56, p58, p60, p62, p64, p66, p68, p70, p0, p1, p3, p4]
+724: p77 = getfield_gc_r(p42, descr=<FieldP rpyeffect.stack.MetaStack.inst_region 24 pure>)
+728: guard_isnull(p77, descr=<Guard0x14006eb20>) [p2, i7, i9, i11, i13, i15, i17, i19, i21, i23, i25, i27, i29, i31, i33, i35, i37, p40, p42, p44, p46, p48, p50, p52, p54, p56, p58, p60, p62, p64, p66, p68, p70, p0, p1, p3, p4]
+736: p78 = getfield_gc_r(p42, descr=<FieldP rpyeffect.stack.MetaStackLike.inst_stack 8 pure>)
+740: p79 = getfield_gc_r(p42, descr=<FieldP rpyeffect.stack.MetaStack.inst_tail 32 pure>)
+748: guard_isnull(p79, descr=<Guard0x14006eae0>) [p2, i7, i9, i11, i13, i15, i17, i19, i21, i23, i25, i27, i29, i31, i33, i35, i37, p40, p42, p44, p46, p48, p50, p52, p54, p56, p58, p60, p62, p64, p66, p68, p70, p0, p1, p3, p4]
+756: p80 = getfield_gc_r(p42, descr=<FieldP rpyeffect.stack.MetaStack.inst_label 16 pure>)
+760: p81 = getfield_gc_r(p42, descr=<FieldP rpyeffect.stack.MetaStackWithBinding.inst_binding 40 pure>)
+768: guard_nonnull(p81, descr=<Guard0x14006eaa0>) [p2, i7, i9, i11, i13, i15, i17, i19, i21, i23, i25, i27, i29, i31, i33, i35, i37, p40, p42, p44, p46, p48, p50, p52, p54, p56, p58, p60, p62, p64, p66, p68, p70, p0, p1, p3, p4]
+776: guard_nonnull(p78, descr=<Guard0x14006ea60>) [p2, i7, i9, i11, i13, i15, i17, i19, i21, i23, i25, i27, i29, i31, i33, i35, i37, p40, p42, p44, p46, p48, p50, p52, p54, p56, p58, p60, p62, p64, p66, p68, p70, p0, p1, p3, p4]
+784: i82 = getfield_gc_i(p78, descr=<FieldS rpyeffect.stored_environment.Stack__arb_arb.inst_target 16 pure>)
+792: guard_value(i82, 225, descr=<Guard0x14006ea20>) [p2, i7, i9, i11, i13, i15, i17, i19, i21, i23, i25, i27, i29, i31, i33, i35, i37, p40, p42, p44, p46, p48, p50, p52, p54, p56, p58, p60, p62, p64, p66, p68, p70, p0, p1, p3, p4]
debug_merge_point(0, 0, '270<main.rpyeffect:262(Name(k_221))>+1: {"op": "Return". "args": {"num": [0]. "ptr": []}}')
+804: i84 = getfield_gc_i(p78, descr=<FieldS rpyeffect.stored_environment.Stack__1_0.inst_values_num_0 40 pure>)
+808: p85 = getfield_gc_r(p78, descr=<FieldP rpyeffect.stored_environment.Stack__arb_arb.inst_tail 8 pure>)
+812: guard_nonnull(p85, descr=<Guard0x14006e9e0>) [p2, i7, i9, i11, i13, i15, i17, i19, i21, i23, i25, i27, i29, i31, i33, i35, i37, p40, p42, p44, p46, p48, p50, p52, p54, p56, p58, p60, p62, p64, p66, p68, p70, p0, p1, p3, p4]
+820: i86 = getfield_gc_i(p85, descr=<FieldS rpyeffect.stored_environment.Stack__arb_arb.inst_target 16 pure>)
+828: guard_value(i86, 330, descr=<Guard0x14006e9a0>) [p2, i7, i9, i11, i13, i15, i17, i19, i21, i23, i25, i27, i29, i31, i33, i35, i37, p40, p42, p44, p46, p48, p50, p52, p54, p56, p58, p60, p62, p64, p66, p68, p70, p0, p1, p3, p4]
debug_merge_point(0, 0, '225<main.rpyeffect:217([k@Name(parse_58)#550])>+0: {"op": "Push". "target": 224. "args": {"num": [1. 0]. "ptr": []}}')
debug_merge_point(0, 0, '225<main.rpyeffect:217([k@Name(parse_58)#550])>+1: {"op": "Jump". "target": 210}')
debug_merge_point(0, 0, '210<main.rpyeffect:202(Name(is_dollar_53))>+0: {"op": "Push". "target": 209. "args": {"num": []. "ptr": []}}')
debug_merge_point(0, 0, '210<main.rpyeffect:202(Name(is_dollar_53))>+1: {"op": "Jump". "target": 17}')
debug_merge_point(0, 0, '17<main.rpyeffect:9(Name(=_0))>+0: {"op": "New". "out": 0. "targets": [10. 12. 14. 16]. "args": {"num": [0]. "ptr": []}}')
debug_merge_point(0, 0, '17<main.rpyeffect:9(Name(=_0))>+1: {"op": "Return". "args": {"num": []. "ptr": [0]}}')
debug_merge_point(0, 0, '209<main.rpyeffect:201([k@Name(is_dollar_53)#538])>+0: {"op": "Const". "type": "num". "out": 0. "value": 36}')
debug_merge_point(0, 0, '209<main.rpyeffect:201([k@Name(is_dollar_53)#538])>+1: {"op": "Invoke". "receiver": 0. "tag": Interned(%apply(n):n). "args" : {"num": [0]. "ptr": []}}')
debug_merge_point(0, 0, '10<main.rpyeffect:2([method_%apply(n):n@Name(=_0)#7])>+0: {"op": "Jump". "target": 8}')
debug_merge_point(0, 0, '8<main.rpyeffect:0([mcore:[#13]#3])>+0: {"op": "PrimOp". "name": "infixEq(Int. Int): Boolean". "out": {"num": [0]. "ptr": []}. "in": {"num": [1. 0]. "ptr": []}}')
debug_merge_point(0, 0, '8<main.rpyeffect:0([mcore:[#13]#3])>+1: {"op": "Return". "args": {"num": [0]. "ptr": []}}')
debug_merge_point(0, 0, '224<main.rpyeffect:216([k@[k@Name(parse_58)#550]#552])>+0: {"op": "Switch". "scrutinee": 0. "values": [1]. "targets": [213]. "default": 223}')
debug_merge_point(0, 0, '223<main.rpyeffect:215([switch default case#569])>+0: {"op": "Swap". "type": "num". "a": 1. "b". 2}')
debug_merge_point(0, 0, '223<main.rpyeffect:215([switch default case#569])>+1: {"op": "Swap". "type": "num". "a": 0. "b". 2}')
debug_merge_point(0, 0, '223<main.rpyeffect:215([switch default case#569])>+2: {"op": "Switch". "scrutinee": 2. "values": [0]. "targets": [221]. "default": 222}')
debug_merge_point(0, 0, '221<main.rpyeffect:213([switch case for 0#570])>+0: {"op": "Push". "target": 220. "args": {"num": [0]. "ptr": []}}')
debug_merge_point(0, 0, '221<main.rpyeffect:213([switch case for 0#570])>+1: {"op": "Copy". "type": "num". "from": 1. "to". 0}')
debug_merge_point(0, 0, '221<main.rpyeffect:213([switch case for 0#570])>+2: {"op": "Jump". "target": 208}')
debug_merge_point(0, 0, '208<main.rpyeffect:200(Name(is_newline_49))>+0: {"op": "Push". "target": 207. "args": {"num": []. "ptr": []}}')
debug_merge_point(0, 0, '208<main.rpyeffect:200(Name(is_newline_49))>+1: {"op": "Jump". "target": 17}')
debug_merge_point(0, 0, '17<main.rpyeffect:9(Name(=_0))>+0: {"op": "New". "out": 0. "targets": [10. 12. 14. 16]. "args": {"num": [0]. "ptr": []}}')
debug_merge_point(0, 0, '17<main.rpyeffect:9(Name(=_0))>+1: {"op": "Return". "args": {"num": []. "ptr": [0]}}')
debug_merge_point(0, 0, '207<main.rpyeffect:199([k@Name(is_newline_49)#534])>+0: {"op": "Const". "type": "num". "out": 0. "value": 10}')
debug_merge_point(0, 0, '207<main.rpyeffect:199([k@Name(is_newline_49)#534])>+1: {"op": "Invoke". "receiver": 0. "tag": Interned(%apply(n):n). "args" : {"num": [0]. "ptr": []}}')
debug_merge_point(0, 0, '10<main.rpyeffect:2([method_%apply(n):n@Name(=_0)#7])>+0: {"op": "Jump". "target": 8}')
debug_merge_point(0, 0, '8<main.rpyeffect:0([mcore:[#13]#3])>+0: {"op": "PrimOp". "name": "infixEq(Int. Int): Boolean". "out": {"num": [0]. "ptr": []}. "in": {"num": [1. 0]. "ptr": []}}')
debug_merge_point(0, 0, '8<main.rpyeffect:0([mcore:[#13]#3])>+1: {"op": "Return". "args": {"num": [0]. "ptr": []}}')
debug_merge_point(0, 0, '220<main.rpyeffect:212([k@[switch case for 0#570]#572])>+0: {"op": "Switch". "scrutinee": 0. "values": [1]. "targets": [215]. "default": 219}')
debug_merge_point(0, 0, '215<main.rpyeffect:207([switch case for 1#573])>+0: {"op": "Const". "type": "num". "out": 0. "value": 0}')
debug_merge_point(0, 0, '215<main.rpyeffect:207([switch case for 1#573])>+1: {"op": "Const". "type": "ptr". "out": 0. "format": "string". "value": "Name(Emit_1)"}')
debug_merge_point(0, 0, '215<main.rpyeffect:207([switch case for 1#573])>+2: {"op": "PrimOp". "name": "getGlobal(String): Ptr". "out": {"num": []. "ptr": [0]}. "in": {"num": []. "ptr": [0]}}')
debug_merge_point(0, 0, '215<main.rpyeffect:207([switch case for 1#573])>+3: {"op": "GetDynamic". "out": 0. "n": 0. "label": 0}')
+840: i88 = getfield_gc_i(p80, descr=<FieldS rpyeffect.stack.Label.inst_origin 8 pure>)
+844: guard_value(i88, 353311, descr=<Guard0x14006e960>) [p2, i7, i9, i11, i13, i15, i17, i19, i21, i23, i25, i27, i29, i31, i33, i35, i37, p40, p42, p44, p46, p48, p50, p52, p54, p56, p58, p60, p62, p64, p66, p68, p70, p0, p1, p3, p4]
+868: i91 = instance_ptr_eq(p80, ConstPtr(ptr90))
guard_false(i91, descr=<Guard0x14006e920>) [p2, i7, i9, i11, i13, i15, i17, i19, i21, i23, i25, i27, i29, i31, i33, i35, i37, p40, p42, p44, p46, p48, p50, p52, p54, p56, p58, p60, p62, p64, p66, p68, p70, p0, p1, p3, p4]
+876: i92 = getfield_gc_i(p0, descr=<FieldS rpyeffect.stack.Label.inst_origin 8 pure>)
+888: guard_value(i92, 353321, descr=<Guard0x14006e8e0>) [p2, i7, i9, i11, i13, i15, i17, i19, i21, i23, i25, i27, i29, i31, i33, i35, i37, p40, p42, p44, p46, p48, p50, p52, p54, p56, p58, p60, p62, p64, p66, p68, p70, p0, p1, p3, p4]
+908: i95 = instance_ptr_eq(p0, ConstPtr(ptr94))
guard_false(i95, descr=<Guard0x14006e8a0>) [p2, i7, i9, i11, i13, i15, i17, i19, i21, i23, i25, i27, i29, i31, i33, i35, i37, p40, p42, p44, p46, p48, p50, p52, p54, p56, p58, p60, p62, p64, p66, p68, p70, p0, p1, p3, p4]
+916: guard_nonnull_class(p3, ConstClass(MetaStackWithBinding), descr=<Guard0x14006c1d8>) [p2, i7, i9, i11, i13, i15, i17, i19, i21, i23, i25, i27, i29, i31, i33, i35, i37, p40, p42, p44, p46, p48, p50, p52, p54, p56, p58, p60, p62, p64, p66, p68, p70, p0, p1, p3, p4]
+944: p97 = getfield_gc_r(p3, descr=<FieldP rpyeffect.stack.MetaStack.inst_label 16 pure>)
+948: i98 = getfield_gc_i(p97, descr=<FieldS rpyeffect.stack.Label.inst_origin 8 pure>)
+956: guard_value(i98, 353316, descr=<Guard0x14006e860>) [p2, i7, i9, i11, i13, i15, i17, i19, i21, i23, i25, i27, i29, i31, i33, i35, i37, p40, p42, p44, p46, p48, p50, p52, p54, p56, p58, p60, p62, p64, p66, p68, p70, p0, p1, p3, p4]
+976: i101 = instance_ptr_eq(p97, ConstPtr(ptr100))
guard_true(i101, descr=<Guard0x14006e820>) [p2, i7, i9, i11, i13, i15, i17, i19, i21, i23, i25, i27, i29, i31, i33, i35, i37, p40, p42, p44, p46, p48, p50, p52, p54, p56, p58, p60, p62, p64, p66, p68, p70, p0, p1, p3, p4]
+984: p102 = getfield_gc_r(p3, descr=<FieldP rpyeffect.stack.MetaStackWithBinding.inst_binding 40 pure>)
debug_merge_point(0, 0, '215<main.rpyeffect:207([switch case for 1#573])>+4: {"op": "Push". "target": 214. "args": {"num": []. "ptr": []}}')
debug_merge_point(0, 0, '215<main.rpyeffect:207([switch case for 1#573])>+5: {"op": "Copy". "type": "num". "from": 1. "to". 0}')
debug_merge_point(0, 0, '215<main.rpyeffect:207([switch case for 1#573])>+6: {"op": "Invoke". "receiver": 0. "tag": Interned(%Emit_1(n):p). "args" : {"num": [0]. "ptr": []}}')
+988: p103 = getfield_gc_r(p102, descr=<FieldP rpyeffect.stored_environment.CoData__arb_arb.inst_vtable 24 pure>)
+996: guard_value(p103, ConstPtr(ptr104), descr=<Guard0x14006e7e0>) [p2, i7, i9, i11, i13, i15, i17, i19, i21, i23, i25, i27, i29, i31, i33, i35, i37, p40, p42, p44, p46, p48, p50, p52, p54, p56, p58, p60, p62, p64, p66, p68, p70, p0, p1, p3, p4]
debug_merge_point(0, 0, '242<main.rpyeffect:234([method_%Emit_1(n):p@[mcore:[#46]#621]#623])>+0: {"op": "Const". "type": "num". "out": 1. "value": 0}')
debug_merge_point(0, 0, '242<main.rpyeffect:234([method_%Emit_1(n):p@[mcore:[#46]#621]#623])>+1: {"op": "Const". "type": "ptr". "out": 0. "format": "string". "value": "Name(Emit_1)"}')
debug_merge_point(0, 0, '242<main.rpyeffect:234([method_%Emit_1(n):p@[mcore:[#46]#621]#623])>+2: {"op": "PrimOp". "name": "getGlobal(String): Ptr". "out": {"num": []. "ptr": [0]}. "in": {"num": []. "ptr": [0]}}')
debug_merge_point(0, 0, '242<main.rpyeffect:234([method_%Emit_1(n):p@[mcore:[#46]#621]#623])>+3: {"op": "ShiftDyn". "out": 0. "n": 1. "label": 0}')
+1004: p105 = getfield_gc_r(p3, descr=<FieldP rpyeffect.stack.MetaStack.inst_region 24 pure>)
+1008: guard_isnull(p105, descr=<Guard0x14006e7a0>) [p2, i7, i9, i11, i13, i15, i17, i19, i21, i23, i25, i27, i29, i31, i33, i35, i37, p40, p42, p44, p46, p48, p50, p52, p54, p56, p58, p60, p62, p64, p66, p68, p70, p0, p1, p3, p4]
+1016: p106 = getfield_gc_r(p3, descr=<FieldP rpyeffect.stack.MetaStackLike.inst_stack 8 pure>)
+1020: p107 = getfield_gc_r(p3, descr=<FieldP rpyeffect.stack.MetaStack.inst_tail 32 pure>)
+1024: guard_nonnull_class(p107, 4375686888, descr=<Guard0x14006c180>) [p2, i7, i9, i11, i13, i15, i17, i19, i21, i23, i25, i27, i29, i31, i33, i35, i37, p40, p42, p44, p46, p48, p50, p52, p54, p56, p58, p60, p62, p64, p66, p68, p70, p0, p1, p3, p4]
+1048: p109 = getfield_gc_r(p107, descr=<FieldP rpyeffect.stack.MetaStackLike.inst_stack 8 pure>)
+1056: p110 = getfield_gc_r(p107, descr=<FieldP rpyeffect.stack.MetaStack.inst_label 16 pure>)
+1064: p111 = getfield_gc_r(p107, descr=<FieldP rpyeffect.stack.MetaStack.inst_tail 32 pure>)
+1068: guard_nonnull(p109, descr=<Guard0x14006e760>) [p2, i7, i9, i11, i13, i15, i17, i19, i21, i23, i25, i27, i29, i31, i33, i35, i37, p40, p42, p44, p46, p48, p50, p52, p54, p56, p58, p60, p62, p64, p66, p68, p70, p0, p1, p3, p4]
+1076: i112 = getfield_gc_i(p109, descr=<FieldS rpyeffect.stored_environment.Stack__arb_arb.inst_target 16 pure>)
+1084: guard_value(i112, 230, descr=<Guard0x14006e720>) [p2, i7, i9, i11, i13, i15, i17, i19, i21, i23, i25, i27, i29, i31, i33, i35, i37, p40, p42, p44, p46, p48, p50, p52, p54, p56, p58, p60, p62, p64, p66, p68, p70, p0, p1, p3, p4]
debug_merge_point(0, 0, '242<main.rpyeffect:234([method_%Emit_1(n):p@[mcore:[#46]#621]#623])>+4: {"op": "New". "out": 0. "targets": [235. 237. 239. 241]. "args": {"num": [0]. "ptr": [0]}}')
debug_merge_point(0, 0, '242<main.rpyeffect:234([method_%Emit_1(n):p@[mcore:[#46]#621]#623])>+5: {"op": "Return". "args": {"num": []. "ptr": [0]}}')
+1096: i114 = getfield_gc_i(p109, descr=<FieldS rpyeffect.stored_environment.Stack__2_0.inst_values_num_0 40 pure>)
+1100: i115 = getfield_gc_i(p109, descr=<FieldS rpyeffect.stored_environment.Stack__2_0.inst_values_num_1 48 pure>)
+1108: p116 = getfield_gc_r(p109, descr=<FieldP rpyeffect.stored_environment.Stack__arb_arb.inst_tail 8 pure>)
+1112: guard_nonnull(p116, descr=<Guard0x14006e6e0>) [p2, i7, i9, i11, i13, i15, i17, i19, i21, i23, i25, i27, i29, i31, i33, i35, i37, p40, p42, p44, p46, p48, p50, p52, p54, p56, p58, p60, p62, p64, p66, p68, p70, p0, p1, p3, p4]
+1120: i117 = getfield_gc_i(p116, descr=<FieldS rpyeffect.stored_environment.Stack__arb_arb.inst_target 16 pure>)
+1128: guard_value(i117, 1, descr=<Guard0x14006e6a0>) [p2, i7, i9, i11, i13, i15, i17, i19, i21, i23, i25, i27, i29, i31, i33, i35, i37, p40, p42, p44, p46, p48, p50, p52, p54, p56, p58, p60, p62, p64, p66, p68, p70, p0, p1, p3, p4]
debug_merge_point(0, 0, '230<main.rpyeffect:222([k@[mcore:[#43]#611]#615])>+0: {"op": "Push". "target": 229. "args": {"num": [0]. "ptr": [0]}}')
debug_merge_point(0, 0, '230<main.rpyeffect:222([k@[mcore:[#43]#611]#615])>+1: {"op": "Copy". "type": "num". "from": 1. "to". 0}')
debug_merge_point(0, 0, '230<main.rpyeffect:222([k@[mcore:[#43]#611]#615])>+2: {"op": "Jump". "target": 143}')
debug_merge_point(0, 0, '143<main.rpyeffect:135(Name(+_27))>+0: {"op": "New". "out": 0. "targets": [136. 138. 140. 142]. "args": {"num": [0]. "ptr": []}}')
debug_merge_point(0, 0, '143<main.rpyeffect:135(Name(+_27))>+1: {"op": "Return". "args": {"num": []. "ptr": [0]}}')
debug_merge_point(0, 0, '229<main.rpyeffect:221([k@[k@[mcore:[#43]#611]#615]#617])>+0: {"op": "Push". "target": 228. "args": {"num": []. "ptr": [1]}}')
debug_merge_point(0, 0, '229<main.rpyeffect:221([k@[k@[mcore:[#43]#611]#615]#617])>+1: {"op": "Invoke". "receiver": 0. "tag": Interned(%apply(n):n). "args" : {"num": [0]. "ptr": []}}')
debug_merge_point(0, 0, '136<main.rpyeffect:128([method_%apply(n):n@Name(+_27)#347])>+0: {"op": "Jump". "target": 134}')
debug_merge_point(0, 0, '134<main.rpyeffect:126([mcore:[#24]#343])>+0: {"op": "PrimOp". "name": "infixAdd(Int. Int): Int". "out": {"num": [0]. "ptr": []}. "in": {"num": [1. 0]. "ptr": []}}')
+1140: i119 = int_add(i115, i114)
debug_merge_point(0, 0, '134<main.rpyeffect:126([mcore:[#24]#343])>+1: {"op": "Return". "args": {"num": [0]. "ptr": []}}')
debug_merge_point(0, 0, '228<main.rpyeffect:220([k@[k@[k@[mcore:[#43]#611]#615]#617]#619])>+0: {"op": "Invoke". "receiver": 0. "tag": Interned(%apply(n):n). "args" : {"num": [0]. "ptr": []}}')
debug_merge_point(0, 0, '235<main.rpyeffect:227([#635])>+0: {"op": "Jump". "target": 231}')
debug_merge_point(0, 0, '231<main.rpyeffect:223([mcore:[#43]#611])>+0: {"op": "Construct". "out": 1. "type": Interned({"op": "eff$Tuple". "elements": []}). "tag": Interned({"op": "eff$Tuple". "elements": []}). "args": {"num": []. "ptr": []}}')
debug_merge_point(0, 0, '231<main.rpyeffect:223([mcore:[#43]#611])>+1: {"op": "Push". "target": 230. "args": {"num": [1. 0]. "ptr": []}}')
debug_merge_point(0, 0, '231<main.rpyeffect:223([mcore:[#43]#611])>+2: {"op": "Swap". "type": "ptr". "a": 1. "b". 0}')
debug_merge_point(0, 0, '231<main.rpyeffect:223([mcore:[#43]#611])>+3: {"op": "Jump". "target": 227}')
debug_merge_point(0, 0, '227<main.rpyeffect:219(Name(k_248))>+0: {"op": "PushStack". "arg": 1}')
debug_merge_point(0, 0, '227<main.rpyeffect:219(Name(k_248))>+1: {"op": "Return". "args": {"num": []. "ptr": [0]}}')
debug_merge_point(0, 0, '214<main.rpyeffect:206([k@[switch case for 1#573]#581])>+0: {"op": "Const". "type": "num". "out": 0. "value": 0}')
debug_merge_point(0, 0, '214<main.rpyeffect:206([k@[switch case for 1#573]#581])>+1: {"op": "Const". "type": "ptr". "out": 0. "format": "string". "value": "Name(Emit_1)"}')
debug_merge_point(0, 0, '214<main.rpyeffect:206([k@[switch case for 1#573]#581])>+2: {"op": "PrimOp". "name": "getGlobal(String): Ptr". "out": {"num": []. "ptr": [0]}. "in": {"num": []. "ptr": [0]}}')
debug_merge_point(0, 0, '214<main.rpyeffect:206([k@[switch case for 1#573]#581])>+3: {"op": "Const". "type": "ptr". "out": 1. "format": "string". "value": "Name(Reade_0)"}')
debug_merge_point(0, 0, '214<main.rpyeffect:206([k@[switch case for 1#573]#581])>+4: {"op": "PrimOp". "name": "getGlobal(String): Ptr". "out": {"num": []. "ptr": [1]}. "in": {"num": []. "ptr": [1]}}')
debug_merge_point(0, 0, '214<main.rpyeffect:206([k@[switch case for 1#573]#581])>+5: {"op": "Const". "type": "ptr". "out": 2. "format": "string". "value": "Name(Stop_2)"}')
debug_merge_point(0, 0, '214<main.rpyeffect:206([k@[switch case for 1#573]#581])>+6: {"op": "PrimOp". "name": "getGlobal(String): Ptr". "out": {"num": []. "ptr": [2]}. "in": {"num": []. "ptr": [2]}}')
debug_merge_point(0, 0, '214<main.rpyeffect:206([k@[switch case for 1#573]#581])>+7: {"op": "Jump". "target": 226}')
debug_merge_point(0, 0, '226<main.rpyeffect:218(Name(parse_58))>+0: {"op": "Const". "type": "num". "out": 1. "value": 0}')
debug_merge_point(0, 0, '226<main.rpyeffect:218(Name(parse_58))>+1: {"op": "Const". "type": "ptr". "out": 0. "format": "string". "value": "Name(Reade_0)"}')
debug_merge_point(0, 0, '226<main.rpyeffect:218(Name(parse_58))>+2: {"op": "PrimOp". "name": "getGlobal(String): Ptr". "out": {"num": []. "ptr": [0]}. "in": {"num": []. "ptr": [0]}}')
debug_merge_point(0, 0, '226<main.rpyeffect:218(Name(parse_58))>+3: {"op": "GetDynamic". "out": 0. "n": 1. "label": 0}')
+1148: i121 = instance_ptr_eq(p80, ConstPtr(ptr120))
guard_true(i121, descr=<Guard0x14006e660>) [p2, i7, i9, i11, i13, i15, i17, i19, i21, i23, i25, i27, i29, i31, i33, i35, i37, p40, p42, p44, p46, p48, p50, p52, p54, p56, p58, p60, p62, p64, p66, p68, p70, p0, p1, p3, p4]
debug_merge_point(0, 0, '226<main.rpyeffect:218(Name(parse_58))>+4: {"op": "Construct". "out": 1. "type": Interned({"op": "eff$Tuple". "elements": []}). "tag": Interned({"op": "eff$Tuple". "elements": []}). "args": {"num": []. "ptr": []}}')
debug_merge_point(0, 0, '226<main.rpyeffect:218(Name(parse_58))>+5: {"op": "Push". "target": 225. "args": {"num": [0]. "ptr": []}}')
debug_merge_point(0, 0, '226<main.rpyeffect:218(Name(parse_58))>+6: {"op": "Swap". "type": "ptr". "a": 1. "b". 0}')
+1156: p122 = new_with_vtable(descr=<SizeDescr 48>)
+1268: p123 = new_with_vtable(descr=<SizeDescr 48>)
+1280: p124 = new_with_vtable(descr=<SizeDescr 48>)
+1292: setfield_gc(p124, p1, descr=<FieldP rpyeffect.stored_environment.Stack__arb_arb.inst_tail 8 pure>)
+1296: setfield_gc(p124, 278, descr=<FieldS rpyeffect.stored_environment.Stack__arb_arb.inst_target 16 pure>)
+1304: setfield_gc(p124, i11, descr=<FieldS rpyeffect.stored_environment.Stack__1_0.inst_values_num_0 40 pure>)
+1308: p126 = new_with_vtable(descr=<SizeDescr 48>)
+1320: setfield_gc(p126, p106, descr=<FieldP rpyeffect.stack.MetaStackLike.inst_stack 8 pure>)
+1328: setfield_gc(p126, p97, descr=<FieldP rpyeffect.stack.MetaStack.inst_label 16 pure>)
+1332: setfield_gc(p126, ConstPtr(null), descr=<FieldP rpyeffect.stack.MetaStack.inst_region 24 pure>)
+1340: p128 = new_with_vtable(descr=<SizeDescr 40>)
+1352: p129 = new_with_vtable(descr=<SizeDescr 56>)
+1364: setfield_gc(p129, p116, descr=<FieldP rpyeffect.stored_environment.Stack__arb_arb.inst_tail 8 pure>)
+1368: setfield_gc(p129, 230, descr=<FieldS rpyeffect.stored_environment.Stack__arb_arb.inst_target 16 pure>)
+1376: setfield_gc(p129, i84, descr=<FieldS rpyeffect.stored_environment.Stack__2_0.inst_values_num_0 40 pure>)
+1384: setfield_gc(p129, i119, descr=<FieldS rpyeffect.stored_environment.Stack__2_0.inst_values_num_1 48 pure>)
+1388: setfield_gc(p128, p129, descr=<FieldP rpyeffect.stack.MetaStackLike.inst_stack 8 pure>)
+1392: setfield_gc(p128, p110, descr=<FieldP rpyeffect.stack.MetaStack.inst_label 16 pure>)
+1396: setfield_gc(p128, ConstPtr(null), descr=<FieldP rpyeffect.stack.MetaStack.inst_region 24 pure>)
+1404: setfield_gc(p128, p111, descr=<FieldP rpyeffect.stack.MetaStack.inst_tail 32 pure>)
+1408: setfield_gc(p126, p128, descr=<FieldP rpyeffect.stack.MetaStack.inst_tail 32 pure>)
+1412: setfield_gc(p126, p102, descr=<FieldP rpyeffect.stack.MetaStackWithBinding.inst_binding 40 pure>)
+1416: p132 = new_with_vtable(descr=<SizeDescr 32>)
+1428: setfield_gc(p122, 225, descr=<FieldS rpyeffect.stored_environment.Stack__arb_arb.inst_target 16 pure>)
+1436: setfield_gc(p123, ConstPtr(null), descr=<FieldP rpyeffect.stack.MetaStack.inst_region 24 pure>)
+1444: setfield_gc(p123, p124, descr=<FieldP rpyeffect.stack.MetaStackLike.inst_stack 8 pure>)
+1448: setfield_gc(p123, p126, descr=<FieldP rpyeffect.stack.MetaStack.inst_tail 32 pure>)
+1452: setfield_gc(p123, p0, descr=<FieldP rpyeffect.stack.MetaStack.inst_label 16 pure>)
+1456: setfield_gc(p123, p4, descr=<FieldP rpyeffect.stack.MetaStackWithBinding.inst_binding 40 pure>)
+1464: setfield_gc(p122, 0, descr=<FieldS rpyeffect.stored_environment.Stack__1_0.inst_values_num_0 40 pure>)
+1472: setfield_gc(p122, p85, descr=<FieldP rpyeffect.stored_environment.Stack__arb_arb.inst_tail 8 pure>)
+1480: setfield_gc(p132, ConstPtr(ptr136), descr=<FieldP rpyeffect.stored_environment.Data__arb_arb.inst_tag 8>)
+1552: jump(p80, p122, p2, p123, p81, 0, 0, 0, i13, i15, i17, i19, i21, i23, i25, i27, i29, i31, i33, i35, i37, p81, p132, ConstPtr(ptr140), p46, p48, p50, p52, p54, p56, p58, p60, p62, p64, p66, p68, p70, descr=TargetToken(5641255760))
+1896: --end of the loop--
[e13ab1] jit-log-opt-loop}
[f17620] {jit-log-opt-loop
# Loop 3 (37<main.rpyeffect:29(Name(>_2))>+0: {"op": "New", "out": 0, "targets": [30, 32, 34, 36], "args": {"num": [0], "ptr": []}}) : entry bridge with 148 ops
[p0, p1, p2, p3, p4]
+312: p5 = getfield_gc_r(p2, descr=<FieldP rpyeffect.environment.Environment.inst_values_num 16>)
+320: i7 = getarrayitem_gc_i(p5, 0, descr=<ArrayS 8>)
+324: i9 = getarrayitem_gc_i(p5, 1, descr=<ArrayS 8>)
+328: i11 = getarrayitem_gc_i(p5, 2, descr=<ArrayS 8>)
+332: i13 = getarrayitem_gc_i(p5, 3, descr=<ArrayS 8>)
+336: i15 = getarrayitem_gc_i(p5, 4, descr=<ArrayS 8>)
+340: i17 = getarrayitem_gc_i(p5, 5, descr=<ArrayS 8>)
+344: i19 = getarrayitem_gc_i(p5, 6, descr=<ArrayS 8>)
+348: i21 = getarrayitem_gc_i(p5, 7, descr=<ArrayS 8>)
+352: i23 = getarrayitem_gc_i(p5, 8, descr=<ArrayS 8>)
+356: i25 = getarrayitem_gc_i(p5, 9, descr=<ArrayS 8>)
+360: i27 = getarrayitem_gc_i(p5, 10, descr=<ArrayS 8>)
+364: i29 = getarrayitem_gc_i(p5, 11, descr=<ArrayS 8>)
+368: i31 = getarrayitem_gc_i(p5, 12, descr=<ArrayS 8>)
+372: i33 = getarrayitem_gc_i(p5, 13, descr=<ArrayS 8>)
+376: i35 = getarrayitem_gc_i(p5, 14, descr=<ArrayS 8>)
+384: i37 = getarrayitem_gc_i(p5, 15, descr=<ArrayS 8>)
+388: p38 = getfield_gc_r(p2, descr=<FieldP rpyeffect.environment.Environment.inst_values_ptr 24>)
+392: p40 = getarrayitem_gc_r(p38, 0, descr=<ArrayP 8>)
+400: p42 = getarrayitem_gc_r(p38, 1, descr=<ArrayP 8>)
+408: p44 = getarrayitem_gc_r(p38, 2, descr=<ArrayP 8>)
+416: p46 = getarrayitem_gc_r(p38, 3, descr=<ArrayP 8>)
+424: p48 = getarrayitem_gc_r(p38, 4, descr=<ArrayP 8>)
+432: p50 = getarrayitem_gc_r(p38, 5, descr=<ArrayP 8>)
+440: p52 = getarrayitem_gc_r(p38, 6, descr=<ArrayP 8>)
+448: p54 = getarrayitem_gc_r(p38, 7, descr=<ArrayP 8>)
+456: p56 = getarrayitem_gc_r(p38, 8, descr=<ArrayP 8>)
+464: p58 = getarrayitem_gc_r(p38, 9, descr=<ArrayP 8>)
+472: p60 = getarrayitem_gc_r(p38, 10, descr=<ArrayP 8>)
+480: p62 = getarrayitem_gc_r(p38, 11, descr=<ArrayP 8>)
+488: p64 = getarrayitem_gc_r(p38, 12, descr=<ArrayP 8>)
+496: p66 = getarrayitem_gc_r(p38, 13, descr=<ArrayP 8>)
+504: p68 = getarrayitem_gc_r(p38, 14, descr=<ArrayP 8>)
+512: p70 = getarrayitem_gc_r(p38, 15, descr=<ArrayP 8>)
debug_merge_point(0, 0, '37<main.rpyeffect:29(Name(>_2))>+0: {"op": "New". "out": 0. "targets": [30. 32. 34. 36]. "args": {"num": [0]. "ptr": []}}')
+516: guard_not_invalidated(descr=<Guard0x14006c2e0>) [p2, i7, i9, i11, i13, i15, i17, i19, i21, i23, i25, i27, i29, i31, i33, i35, i37, p40, p42, p44, p46, p48, p50, p52, p54, p56, p58, p60, p62, p64, p66, p68, p70, p0, p1, p3, p4]
debug_merge_point(0, 0, '37<main.rpyeffect:29(Name(>_2))>+1: {"op": "Return". "args": {"num": []. "ptr": [0]}}')
+520: guard_nonnull(p1, descr=<Guard0x14006eca0>) [p2, i7, i9, i11, i13, i15, i17, i19, i21, i23, i25, i27, i29, i31, i33, i35, i37, p40, p42, p44, p46, p48, p50, p52, p54, p56, p58, p60, p62, p64, p66, p68, p70, p0, p1, p3, p4]
+532: i71 = getfield_gc_i(p1, descr=<FieldS rpyeffect.stored_environment.Stack__arb_arb.inst_target 16 pure>)
+548: guard_value(i71, 293, descr=<Guard0x14006ece0>) [p2, i7, i9, i11, i13, i15, i17, i19, i21, i23, i25, i27, i29, i31, i33, i35, i37, p40, p42, p44, p46, p48, p50, p52, p54, p56, p58, p60, p62, p64, p66, p68, p70, p0, p1, p3, p4]
+560: i73 = getfield_gc_i(p1, descr=<FieldS rpyeffect.stored_environment.Stack__3_1.inst_values_num_0 40 pure>)
+564: i74 = getfield_gc_i(p1, descr=<FieldS rpyeffect.stored_environment.Stack__3_1.inst_values_num_1 48 pure>)
+572: i75 = getfield_gc_i(p1, descr=<FieldS rpyeffect.stored_environment.Stack__3_1.inst_values_num_2 56 pure>)
+580: p76 = getfield_gc_r(p1, descr=<FieldP rpyeffect.stored_environment.Stack__3_1.inst_values_ptr_0 64 pure>)
+588: p77 = getfield_gc_r(p1, descr=<FieldP rpyeffect.stored_environment.Stack__arb_arb.inst_tail 8 pure>)
debug_merge_point(0, 0, '293<main.rpyeffect:285([k@[mcore:[#57]#763]#765])>+0: {"op": "Push". "target": 292. "args": {"num": [0. 1]. "ptr": [1]}}')
debug_merge_point(0, 0, '293<main.rpyeffect:285([k@[mcore:[#57]#763]#765])>+1: {"op": "Copy". "type": "num". "from": 2. "to". 0}')
debug_merge_point(0, 0, '293<main.rpyeffect:285([k@[mcore:[#57]#763]#765])>+2: {"op": "Invoke". "receiver": 0. "tag": Interned(%apply(n):n). "args" : {"num": [0]. "ptr": []}}')
debug_merge_point(0, 0, '30<main.rpyeffect:22([method_%apply(n):n@Name(>_2)#67])>+0: {"op": "Jump". "target": 28}')
debug_merge_point(0, 0, '28<main.rpyeffect:20([mcore:[#15]#63])>+0: {"op": "PrimOp". "name": "infixGt(Int. Int): Boolean". "out": {"num": [0]. "ptr": []}. "in": {"num": [1. 0]. "ptr": []}}')
+596: i78 = int_gt(i7, i75)
guard_false(i78, descr=<Guard0x14006ed20>) [p2, i7, i9, i11, i13, i15, i17, i19, i21, i23, i25, i27, i29, i31, i33, i35, i37, p40, p42, p44, p46, p48, p50, p52, p54, p56, p58, p60, p62, p64, p66, p68, p70, p0, p1, p3, p4]
debug_merge_point(0, 0, '28<main.rpyeffect:20([mcore:[#15]#63])>+1: {"op": "Return". "args": {"num": [0]. "ptr": []}}')
debug_merge_point(0, 0, '292<main.rpyeffect:284([k@[k@[mcore:[#57]#763]#765]#767])>+0: {"op": "Switch". "scrutinee": 0. "values": [1]. "targets": [272]. "default": 291}')
+604: guard_nonnull(p77, descr=<Guard0x14006fd20>) [p2, i7, i9, i11, i13, i15, i17, i19, i21, i23, i25, i27, i29, i31, i33, i35, i37, p40, p42, p44, p46, p48, p50, p52, p54, p56, p58, p60, p62, p64, p66, p68, p70, p0, p1, p3, p4]
+612: i79 = getfield_gc_i(p77, descr=<FieldS rpyeffect.stored_environment.Stack__arb_arb.inst_target 16 pure>)
+616: guard_value(i79, 268, descr=<Guard0x14006fce0>) [p2, i7, i9, i11, i13, i15, i17, i19, i21, i23, i25, i27, i29, i31, i33, i35, i37, p40, p42, p44, p46, p48, p50, p52, p54, p56, p58, p60, p62, p64, p66, p68, p70, p0, p1, p3, p4]
debug_merge_point(0, 0, '291<main.rpyeffect:283([switch default case#779])>+0: {"op": "Swap". "type": "num". "a": 1. "b". 2}')
debug_merge_point(0, 0, '291<main.rpyeffect:283([switch default case#779])>+1: {"op": "Swap". "type": "num". "a": 0. "b". 2}')
debug_merge_point(0, 0, '291<main.rpyeffect:283([switch default case#779])>+2: {"op": "Switch". "scrutinee": 2. "values": [0]. "targets": [289]. "default": 290}')
debug_merge_point(0, 0, '289<main.rpyeffect:281([switch case for 0#780])>+0: {"op": "Push". "target": 288. "args": {"num": [0. 1]. "ptr": [0]}}')
debug_merge_point(0, 0, '289<main.rpyeffect:281([switch case for 0#780])>+1: {"op": "Copy". "type": "num". "from": 1. "to". 0}')
debug_merge_point(0, 0, '289<main.rpyeffect:281([switch case for 0#780])>+2: {"op": "Jump". "target": 17}')
debug_merge_point(0, 0, '17<main.rpyeffect:9(Name(=_0))>+0: {"op": "New". "out": 0. "targets": [10. 12. 14. 16]. "args": {"num": [0]. "ptr": []}}')
debug_merge_point(0, 0, '17<main.rpyeffect:9(Name(=_0))>+1: {"op": "Return". "args": {"num": []. "ptr": [0]}}')
debug_merge_point(0, 0, '288<main.rpyeffect:280([k@[switch case for 0#780]#782])>+0: {"op": "Const". "type": "num". "out": 2. "value": 0}')
debug_merge_point(0, 0, '288<main.rpyeffect:280([k@[switch case for 0#780]#782])>+1: {"op": "Push". "target": 287. "args": {"num": [0. 1]. "ptr": [1]}}')
debug_merge_point(0, 0, '288<main.rpyeffect:280([k@[switch case for 0#780]#782])>+2: {"op": "Copy". "type": "num". "from": 2. "to". 0}')
debug_merge_point(0, 0, '288<main.rpyeffect:280([k@[switch case for 0#780]#782])>+3: {"op": "Invoke". "receiver": 0. "tag": Interned(%apply(n):n). "args" : {"num": [0]. "ptr": []}}')
debug_merge_point(0, 0, '10<main.rpyeffect:2([method_%apply(n):n@Name(=_0)#7])>+0: {"op": "Jump". "target": 8}')
debug_merge_point(0, 0, '8<main.rpyeffect:0([mcore:[#13]#3])>+0: {"op": "PrimOp". "name": "infixEq(Int. Int): Boolean". "out": {"num": [0]. "ptr": []}. "in": {"num": [1. 0]. "ptr": []}}')
+628: i82 = int_eq(i74, 0)
guard_false(i82, descr=<Guard0x14006fca0>) [p2, i7, i9, i11, i13, i15, i17, i19, i21, i23, i25, i27, i29, i31, i33, i35, i37, p40, p42, p44, p46, p48, p50, p52, p54, p56, p58, p60, p62, p64, p66, p68, p70, p0, p1, p3, p4]
debug_merge_point(0, 0, '8<main.rpyeffect:0([mcore:[#13]#3])>+1: {"op": "Return". "args": {"num": [0]. "ptr": []}}')
debug_merge_point(0, 0, '287<main.rpyeffect:279([k@[k@[switch case for 0#780]#782]#786])>+0: {"op": "Switch". "scrutinee": 0. "values": [1]. "targets": [279]. "default": 286}')
debug_merge_point(0, 0, '286<main.rpyeffect:278([switch default case#809])>+0: {"op": "Swap". "type": "num". "a": 1. "b". 2}')
debug_merge_point(0, 0, '286<main.rpyeffect:278([switch default case#809])>+1: {"op": "Swap". "type": "num". "a": 0. "b". 2}')
debug_merge_point(0, 0, '286<main.rpyeffect:278([switch default case#809])>+2: {"op": "Switch". "scrutinee": 2. "values": [0]. "targets": [284]. "default": 285}')
debug_merge_point(0, 0, '284<main.rpyeffect:276([switch case for 0#810])>+0: {"op": "Const". "type": "ptr". "out": 1. "format": "string". "value": "Name(dollar_52)"}')
debug_merge_point(0, 0, '284<main.rpyeffect:276([switch case for 0#810])>+1: {"op": "PrimOp". "name": "getGlobal(String): Ptr". "out": {"num": []. "ptr": [1]}. "in": {"num": []. "ptr": [1]}}')
debug_merge_point(0, 0, '284<main.rpyeffect:276([switch case for 0#810])>+2: {"op": "PrimOp". "name": "unbox(Ptr): Num". "out": {"num": [2]. "ptr": []}. "in": {"num": []. "ptr": [1]}}')
debug_merge_point(0, 0, '284<main.rpyeffect:276([switch case for 0#810])>+3: {"op": "Push". "target": 283. "args": {"num": [0. 1]. "ptr": []}}')
debug_merge_point(0, 0, '284<main.rpyeffect:276([switch case for 0#810])>+4: {"op": "Copy". "type": "num". "from": 2. "to". 0}')
debug_merge_point(0, 0, '284<main.rpyeffect:276([switch case for 0#810])>+5: {"op": "Jump". "target": 270}')
debug_merge_point(0, 0, '270<main.rpyeffect:262(Name(k_221))>+0: {"op": "PushStack". "arg": 0}')
+636: guard_nonnull(p4, descr=<Guard0x14006fc60>) [p2, i7, i9, i11, i13, i15, i17, i19, i21, i23, i25, i27, i29, i31, i33, i35, i37, p40, p42, p44, p46, p48, p50, p52, p54, p56, p58, p60, p62, p64, p66, p68, p70, p0, p1, p3, p4]
+648: guard_nonnull_class(p76, ConstClass(MetaStackWithBinding), descr=<Guard0x14008b308>) [p2, i7, i9, i11, i13, i15, i17, i19, i21, i23, i25, i27, i29, i31, i33, i35, i37, p40, p42, p44, p46, p48, p50, p52, p54, p56, p58, p60, p62, p64, p66, p68, p70, p0, p1, p3, p4]
+672: p84 = getfield_gc_r(p76, descr=<FieldP rpyeffect.stack.MetaStack.inst_region 24 pure>)
+676: guard_isnull(p84, descr=<Guard0x14006fc20>) [p2, i7, i9, i11, i13, i15, i17, i19, i21, i23, i25, i27, i29, i31, i33, i35, i37, p40, p42, p44, p46, p48, p50, p52, p54, p56, p58, p60, p62, p64, p66, p68, p70, p0, p1, p3, p4]
+684: p85 = getfield_gc_r(p76, descr=<FieldP rpyeffect.stack.MetaStackLike.inst_stack 8 pure>)
+688: p86 = getfield_gc_r(p76, descr=<FieldP rpyeffect.stack.MetaStack.inst_tail 32 pure>)
+696: guard_isnull(p86, descr=<Guard0x14006fbe0>) [p2, i7, i9, i11, i13, i15, i17, i19, i21, i23, i25, i27, i29, i31, i33, i35, i37, p40, p42, p44, p46, p48, p50, p52, p54, p56, p58, p60, p62, p64, p66, p68, p70, p0, p1, p3, p4]
+704: p87 = getfield_gc_r(p76, descr=<FieldP rpyeffect.stack.MetaStack.inst_label 16 pure>)
+708: p88 = getfield_gc_r(p76, descr=<FieldP rpyeffect.stack.MetaStackWithBinding.inst_binding 40 pure>)
+712: guard_nonnull(p88, descr=<Guard0x14006fba0>) [p2, i7, i9, i11, i13, i15, i17, i19, i21, i23, i25, i27, i29, i31, i33, i35, i37, p40, p42, p44, p46, p48, p50, p52, p54, p56, p58, p60, p62, p64, p66, p68, p70, p0, p1, p3, p4]
+720: guard_nonnull(p85, descr=<Guard0x14006fb60>) [p2, i7, i9, i11, i13, i15, i17, i19, i21, i23, i25, i27, i29, i31, i33, i35, i37, p40, p42, p44, p46, p48, p50, p52, p54, p56, p58, p60, p62, p64, p66, p68, p70, p0, p1, p3, p4]
+728: i89 = getfield_gc_i(p85, descr=<FieldS rpyeffect.stored_environment.Stack__arb_arb.inst_target 16 pure>)
+736: guard_value(i89, 225, descr=<Guard0x14006fb20>) [p2, i7, i9, i11, i13, i15, i17, i19, i21, i23, i25, i27, i29, i31, i33, i35, i37, p40, p42, p44, p46, p48, p50, p52, p54, p56, p58, p60, p62, p64, p66, p68, p70, p0, p1, p3, p4]
debug_merge_point(0, 0, '270<main.rpyeffect:262(Name(k_221))>+1: {"op": "Return". "args": {"num": [0]. "ptr": []}}')
+748: i91 = getfield_gc_i(p85, descr=<FieldS rpyeffect.stored_environment.Stack__1_0.inst_values_num_0 40 pure>)
+752: p92 = getfield_gc_r(p85, descr=<FieldP rpyeffect.stored_environment.Stack__arb_arb.inst_tail 8 pure>)
+756: guard_nonnull(p92, descr=<Guard0x14006fae0>) [p2, i7, i9, i11, i13, i15, i17, i19, i21, i23, i25, i27, i29, i31, i33, i35, i37, p40, p42, p44, p46, p48, p50, p52, p54, p56, p58, p60, p62, p64, p66, p68, p70, p0, p1, p3, p4]
+764: i93 = getfield_gc_i(p92, descr=<FieldS rpyeffect.stored_environment.Stack__arb_arb.inst_target 16 pure>)
+772: guard_value(i93, 330, descr=<Guard0x14006faa0>) [p2, i7, i9, i11, i13, i15, i17, i19, i21, i23, i25, i27, i29, i31, i33, i35, i37, p40, p42, p44, p46, p48, p50, p52, p54, p56, p58, p60, p62, p64, p66, p68, p70, p0, p1, p3, p4]
debug_merge_point(0, 0, '225<main.rpyeffect:217([k@Name(parse_58)#550])>+0: {"op": "Push". "target": 224. "args": {"num": [1. 0]. "ptr": []}}')
debug_merge_point(0, 0, '225<main.rpyeffect:217([k@Name(parse_58)#550])>+1: {"op": "Jump". "target": 210}')
debug_merge_point(0, 0, '210<main.rpyeffect:202(Name(is_dollar_53))>+0: {"op": "Push". "target": 209. "args": {"num": []. "ptr": []}}')
debug_merge_point(0, 0, '210<main.rpyeffect:202(Name(is_dollar_53))>+1: {"op": "Jump". "target": 17}')
debug_merge_point(0, 0, '17<main.rpyeffect:9(Name(=_0))>+0: {"op": "New". "out": 0. "targets": [10. 12. 14. 16]. "args": {"num": [0]. "ptr": []}}')
debug_merge_point(0, 0, '17<main.rpyeffect:9(Name(=_0))>+1: {"op": "Return". "args": {"num": []. "ptr": [0]}}')
debug_merge_point(0, 0, '209<main.rpyeffect:201([k@Name(is_dollar_53)#538])>+0: {"op": "Const". "type": "num". "out": 0. "value": 36}')
debug_merge_point(0, 0, '209<main.rpyeffect:201([k@Name(is_dollar_53)#538])>+1: {"op": "Invoke". "receiver": 0. "tag": Interned(%apply(n):n). "args" : {"num": [0]. "ptr": []}}')
debug_merge_point(0, 0, '10<main.rpyeffect:2([method_%apply(n):n@Name(=_0)#7])>+0: {"op": "Jump". "target": 8}')
debug_merge_point(0, 0, '8<main.rpyeffect:0([mcore:[#13]#3])>+0: {"op": "PrimOp". "name": "infixEq(Int. Int): Boolean". "out": {"num": [0]. "ptr": []}. "in": {"num": [1. 0]. "ptr": []}}')
debug_merge_point(0, 0, '8<main.rpyeffect:0([mcore:[#13]#3])>+1: {"op": "Return". "args": {"num": [0]. "ptr": []}}')
debug_merge_point(0, 0, '224<main.rpyeffect:216([k@[k@Name(parse_58)#550]#552])>+0: {"op": "Switch". "scrutinee": 0. "values": [1]. "targets": [213]. "default": 223}')
debug_merge_point(0, 0, '213<main.rpyeffect:205([switch case for 1#553])>+0: {"op": "Push". "target": 212. "args": {"num": []. "ptr": []}}')
debug_merge_point(0, 0, '213<main.rpyeffect:205([switch case for 1#553])>+1: {"op": "Copy". "type": "num". "from": 1. "to". 0}')
debug_merge_point(0, 0, '213<main.rpyeffect:205([switch case for 1#553])>+2: {"op": "Jump". "target": 143}')
debug_merge_point(0, 0, '143<main.rpyeffect:135(Name(+_27))>+0: {"op": "New". "out": 0. "targets": [136. 138. 140. 142]. "args": {"num": [0]. "ptr": []}}')
debug_merge_point(0, 0, '143<main.rpyeffect:135(Name(+_27))>+1: {"op": "Return". "args": {"num": []. "ptr": [0]}}')
debug_merge_point(0, 0, '212<main.rpyeffect:204([k@[switch case for 1#553]#555])>+0: {"op": "Const". "type": "num". "out": 0. "value": 1}')
debug_merge_point(0, 0, '212<main.rpyeffect:204([k@[switch case for 1#553]#555])>+1: {"op": "Push". "target": 211. "args": {"num": []. "ptr": []}}')
debug_merge_point(0, 0, '212<main.rpyeffect:204([k@[switch case for 1#553]#555])>+2: {"op": "Invoke". "receiver": 0. "tag": Interned(%apply(n):n). "args" : {"num": [0]. "ptr": []}}')
debug_merge_point(0, 0, '136<main.rpyeffect:128([method_%apply(n):n@Name(+_27)#347])>+0: {"op": "Jump". "target": 134}')
debug_merge_point(0, 0, '134<main.rpyeffect:126([mcore:[#24]#343])>+0: {"op": "PrimOp". "name": "infixAdd(Int. Int): Int". "out": {"num": [0]. "ptr": []}. "in": {"num": [1. 0]. "ptr": []}}')
+784: i96 = int_add(i91, 1)
debug_merge_point(0, 0, '134<main.rpyeffect:126([mcore:[#24]#343])>+1: {"op": "Return". "args": {"num": [0]. "ptr": []}}')
debug_merge_point(0, 0, '211<main.rpyeffect:203([k@[k@[switch case for 1#553]#555]#559])>+0: {"op": "Const". "type": "ptr". "out": 0. "format": "string". "value": "Name(Emit_1)"}')
debug_merge_point(0, 0, '211<main.rpyeffect:203([k@[k@[switch case for 1#553]#555]#559])>+1: {"op": "PrimOp". "name": "getGlobal(String): Ptr". "out": {"num": []. "ptr": [0]}. "in": {"num": []. "ptr": [0]}}')
debug_merge_point(0, 0, '211<main.rpyeffect:203([k@[k@[switch case for 1#553]#555]#559])>+2: {"op": "Const". "type": "ptr". "out": 1. "format": "string". "value": "Name(Reade_0)"}')
debug_merge_point(0, 0, '211<main.rpyeffect:203([k@[k@[switch case for 1#553]#555]#559])>+3: {"op": "PrimOp". "name": "getGlobal(String): Ptr". "out": {"num": []. "ptr": [1]}. "in": {"num": []. "ptr": [1]}}')
debug_merge_point(0, 0, '211<main.rpyeffect:203([k@[k@[switch case for 1#553]#555]#559])>+4: {"op": "Const". "type": "ptr". "out": 2. "format": "string". "value": "Name(Stop_2)"}')
debug_merge_point(0, 0, '211<main.rpyeffect:203([k@[k@[switch case for 1#553]#555]#559])>+5: {"op": "PrimOp". "name": "getGlobal(String): Ptr". "out": {"num": []. "ptr": [2]}. "in": {"num": []. "ptr": [2]}}')
debug_merge_point(0, 0, '211<main.rpyeffect:203([k@[k@[switch case for 1#553]#555]#559])>+6: {"op": "Jump". "target": 226}')
debug_merge_point(0, 0, '226<main.rpyeffect:218(Name(parse_58))>+0: {"op": "Const". "type": "num". "out": 1. "value": 0}')
debug_merge_point(0, 0, '226<main.rpyeffect:218(Name(parse_58))>+1: {"op": "Const". "type": "ptr". "out": 0. "format": "string". "value": "Name(Reade_0)"}')
debug_merge_point(0, 0, '226<main.rpyeffect:218(Name(parse_58))>+2: {"op": "PrimOp". "name": "getGlobal(String): Ptr". "out": {"num": []. "ptr": [0]}. "in": {"num": []. "ptr": [0]}}')
debug_merge_point(0, 0, '226<main.rpyeffect:218(Name(parse_58))>+3: {"op": "GetDynamic". "out": 0. "n": 1. "label": 0}')
+788: i97 = getfield_gc_i(p87, descr=<FieldS rpyeffect.stack.Label.inst_origin 8 pure>)
+792: guard_value(i97, 353311, descr=<Guard0x14006fa60>) [p2, i7, i9, i11, i13, i15, i17, i19, i21, i23, i25, i27, i29, i31, i33, i35, i37, p40, p42, p44, p46, p48, p50, p52, p54, p56, p58, p60, p62, p64, p66, p68, p70, p0, p1, p3, p4]
+816: i100 = instance_ptr_eq(p87, ConstPtr(ptr99))
guard_true(i100, descr=<Guard0x14006fa20>) [p2, i7, i9, i11, i13, i15, i17, i19, i21, i23, i25, i27, i29, i31, i33, i35, i37, p40, p42, p44, p46, p48, p50, p52, p54, p56, p58, p60, p62, p64, p66, p68, p70, p0, p1, p3, p4]
debug_merge_point(0, 0, '226<main.rpyeffect:218(Name(parse_58))>+4: {"op": "Construct". "out": 1. "type": Interned({"op": "eff$Tuple". "elements": []}). "tag": Interned({"op": "eff$Tuple". "elements": []}). "args": {"num": []. "ptr": []}}')
debug_merge_point(0, 0, '226<main.rpyeffect:218(Name(parse_58))>+5: {"op": "Push". "target": 225. "args": {"num": [0]. "ptr": []}}')
debug_merge_point(0, 0, '226<main.rpyeffect:218(Name(parse_58))>+6: {"op": "Swap". "type": "ptr". "a": 1. "b". 0}')
+824: guard_value(i15, 10, descr=<Guard0x14008b2b0>) [p2, i96, i13, i15, i17, i19, i21, i23, i25, i27, i29, i31, i33, i35, i37, p88, p46, p48, p50, p52, p54, p56, p58, p60, p62, p64, p66, p68, p70, p87, i74, i73, p77, p4, p3, p0, p92]
+836: jump(p87, p92, i96, p2, p77, i73, i74, p0, p3, p4, p88, i13, i17, i19, i21, i23, i25, i27, i29, i31, i33, i35, i37, p46, p48, p50, p52, p54, p56, p58, p60, p62, p64, p66, p68, p70, descr=TargetToken(5641255840))
+1168: --end of the loop--
[f3e268] jit-log-opt-loop}
[1148151] {jit-log-opt-loop
# Loop 4 (316<main.rpyeffect:308([#926])>+0: {"op": "New", "out": 0, "targets": [313, 315], "args": {"num": [0], "ptr": [0]}}) : entry bridge with 286 ops
[p0, p1, p2, p3, p4]
+440: p5 = getfield_gc_r(p2, descr=<FieldP rpyeffect.environment.Environment.inst_values_num 16>)
+448: i7 = getarrayitem_gc_i(p5, 0, descr=<ArrayS 8>)
+452: i9 = getarrayitem_gc_i(p5, 1, descr=<ArrayS 8>)
+456: i11 = getarrayitem_gc_i(p5, 2, descr=<ArrayS 8>)
+460: i13 = getarrayitem_gc_i(p5, 3, descr=<ArrayS 8>)
+464: i15 = getarrayitem_gc_i(p5, 4, descr=<ArrayS 8>)
+468: i17 = getarrayitem_gc_i(p5, 5, descr=<ArrayS 8>)
+472: i19 = getarrayitem_gc_i(p5, 6, descr=<ArrayS 8>)
+476: i21 = getarrayitem_gc_i(p5, 7, descr=<ArrayS 8>)
+480: i23 = getarrayitem_gc_i(p5, 8, descr=<ArrayS 8>)
+484: i25 = getarrayitem_gc_i(p5, 9, descr=<ArrayS 8>)
+488: i27 = getarrayitem_gc_i(p5, 10, descr=<ArrayS 8>)
+492: i29 = getarrayitem_gc_i(p5, 11, descr=<ArrayS 8>)
+496: i31 = getarrayitem_gc_i(p5, 12, descr=<ArrayS 8>)
+500: i33 = getarrayitem_gc_i(p5, 13, descr=<ArrayS 8>)
+504: i35 = getarrayitem_gc_i(p5, 14, descr=<ArrayS 8>)
+512: i37 = getarrayitem_gc_i(p5, 15, descr=<ArrayS 8>)
+516: p38 = getfield_gc_r(p2, descr=<FieldP rpyeffect.environment.Environment.inst_values_ptr 24>)
+520: p40 = getarrayitem_gc_r(p38, 0, descr=<ArrayP 8>)
+528: p42 = getarrayitem_gc_r(p38, 1, descr=<ArrayP 8>)
+536: p44 = getarrayitem_gc_r(p38, 2, descr=<ArrayP 8>)
+544: p46 = getarrayitem_gc_r(p38, 3, descr=<ArrayP 8>)
+552: p48 = getarrayitem_gc_r(p38, 4, descr=<ArrayP 8>)
+560: p50 = getarrayitem_gc_r(p38, 5, descr=<ArrayP 8>)
+568: p52 = getarrayitem_gc_r(p38, 6, descr=<ArrayP 8>)
+576: p54 = getarrayitem_gc_r(p38, 7, descr=<ArrayP 8>)
+584: p56 = getarrayitem_gc_r(p38, 8, descr=<ArrayP 8>)
+592: p58 = getarrayitem_gc_r(p38, 9, descr=<ArrayP 8>)
+600: p60 = getarrayitem_gc_r(p38, 10, descr=<ArrayP 8>)
+608: p62 = getarrayitem_gc_r(p38, 11, descr=<ArrayP 8>)
+616: p64 = getarrayitem_gc_r(p38, 12, descr=<ArrayP 8>)
+624: p66 = getarrayitem_gc_r(p38, 13, descr=<ArrayP 8>)
+632: p68 = getarrayitem_gc_r(p38, 14, descr=<ArrayP 8>)
+640: p70 = getarrayitem_gc_r(p38, 15, descr=<ArrayP 8>)
debug_merge_point(0, 0, '316<main.rpyeffect:308([#926])>+0: {"op": "New". "out": 0. "targets": [313. 315]. "args": {"num": [0]. "ptr": [0]}}')
+644: guard_not_invalidated(descr=<Guard0x1400a8078>) [p2, i7, i9, i11, i13, i15, i17, i19, i21, i23, i25, i27, i29, i31, i33, i35, i37, p40, p42, p44, p46, p48, p50, p52, p54, p56, p58, p60, p62, p64, p66, p68, p70, p0, p1, p3, p4]
debug_merge_point(0, 0, '316<main.rpyeffect:308([#926])>+1: {"op": "Return". "args": {"num": []. "ptr": [0]}}')
+648: guard_nonnull(p1, descr=<Guard0x1400a4a60>) [p2, i7, i9, i11, i13, i15, i17, i19, i21, i23, i25, i27, i29, i31, i33, i35, i37, p40, p42, p44, p46, p48, p50, p52, p54, p56, p58, p60, p62, p64, p66, p68, p70, p0, p1, p3, p4]
+660: i71 = getfield_gc_i(p1, descr=<FieldS rpyeffect.stored_environment.Stack__arb_arb.inst_target 16 pure>)
+676: guard_value(i71, 283, descr=<Guard0x1400a4aa0>) [p2, i7, i9, i11, i13, i15, i17, i19, i21, i23, i25, i27, i29, i31, i33, i35, i37, p40, p42, p44, p46, p48, p50, p52, p54, p56, p58, p60, p62, p64, p66, p68, p70, p0, p1, p3, p4]
+688: i73 = getfield_gc_i(p1, descr=<FieldS rpyeffect.stored_environment.Stack__2_0.inst_values_num_0 40 pure>)
+692: i74 = getfield_gc_i(p1, descr=<FieldS rpyeffect.stored_environment.Stack__2_0.inst_values_num_1 48 pure>)
+700: p75 = getfield_gc_r(p1, descr=<FieldP rpyeffect.stored_environment.Stack__arb_arb.inst_tail 8 pure>)
+708: guard_nonnull(p75, descr=<Guard0x1400a4ae0>) [p2, i7, i9, i11, i13, i15, i17, i19, i21, i23, i25, i27, i29, i31, i33, i35, i37, p40, p42, p44, p46, p48, p50, p52, p54, p56, p58, p60, p62, p64, p66, p68, p70, p0, p1, p3, p4]
+716: i76 = getfield_gc_i(p75, descr=<FieldS rpyeffect.stored_environment.Stack__arb_arb.inst_target 16 pure>)
+724: guard_value(i76, 268, descr=<Guard0x1400a4b20>) [p2, i7, i9, i11, i13, i15, i17, i19, i21, i23, i25, i27, i29, i31, i33, i35, i37, p40, p42, p44, p46, p48, p50, p52, p54, p56, p58, p60, p62, p64, p66, p68, p70, p0, p1, p3, p4]
debug_merge_point(0, 0, '283<main.rpyeffect:275([k@[switch case for 0#810]#817])>+0: {"op": "Push". "target": 282. "args": {"num": [1]. "ptr": []}}')
debug_merge_point(0, 0, '283<main.rpyeffect:275([k@[switch case for 0#810]#817])>+1: {"op": "Invoke". "receiver": 0. "tag": Interned(%apply(n):p). "args" : {"num": [0]. "ptr": []}}')
debug_merge_point(0, 0, '313<main.rpyeffect:305([method_%apply(n):p@[#926]#930])>+0: {"op": "Const". "type": "ptr". "out": 1. "format": "string". "value": "Name(Stop_2)"}')
debug_merge_point(0, 0, '313<main.rpyeffect:305([method_%apply(n):p@[#926]#930])>+1: {"op": "PrimOp". "name": "getGlobal(String): Ptr". "out": {"num": []. "ptr": [1]}. "in": {"num": []. "ptr": [1]}}')
debug_merge_point(0, 0, '313<main.rpyeffect:305([method_%apply(n):p@[#926]#930])>+2: {"op": "Const". "type": "ptr". "out": 2. "format": "string". "value": "Name(dollar_52)"}')
debug_merge_point(0, 0, '313<main.rpyeffect:305([method_%apply(n):p@[#926]#930])>+3: {"op": "PrimOp". "name": "getGlobal(String): Ptr". "out": {"num": []. "ptr": [2]}. "in": {"num": []. "ptr": [2]}}')
debug_merge_point(0, 0, '313<main.rpyeffect:305([method_%apply(n):p@[#926]#930])>+4: {"op": "PrimOp". "name": "unbox(Ptr): Num". "out": {"num": [2]. "ptr": []}. "in": {"num": []. "ptr": [2]}}')
debug_merge_point(0, 0, '313<main.rpyeffect:305([method_%apply(n):p@[#926]#930])>+5: {"op": "Const". "type": "ptr". "out": 2. "format": "string". "value": "Name(newline_48)"}')
debug_merge_point(0, 0, '313<main.rpyeffect:305([method_%apply(n):p@[#926]#930])>+6: {"op": "PrimOp". "name": "getGlobal(String): Ptr". "out": {"num": []. "ptr": [2]}. "in": {"num": []. "ptr": [2]}}')
debug_merge_point(0, 0, '313<main.rpyeffect:305([method_%apply(n):p@[#926]#930])>+7: {"op": "PrimOp". "name": "unbox(Ptr): Num". "out": {"num": [3]. "ptr": []}. "in": {"num": []. "ptr": [2]}}')
debug_merge_point(0, 0, '313<main.rpyeffect:305([method_%apply(n):p@[#926]#930])>+8: {"op": "Swap". "type": "ptr". "a": 1. "b". 0}')
debug_merge_point(0, 0, '313<main.rpyeffect:305([method_%apply(n):p@[#926]#930])>+9: {"op": "Swap". "type": "num". "a": 1. "b". 2}')
debug_merge_point(0, 0, '313<main.rpyeffect:305([method_%apply(n):p@[#926]#930])>+10: {"op": "Jump". "target": 303}')
debug_merge_point(0, 0, '303<main.rpyeffect:295([mcore:[#58]#832])>+0: {"op": "New". "out": 0. "targets": [296. 298. 300. 302]. "args": {"num": [0. 2]. "ptr": [1]}}')
debug_merge_point(0, 0, '303<main.rpyeffect:295([mcore:[#58]#832])>+1: {"op": "Return". "args": {"num": []. "ptr": [0]}}')
debug_merge_point(0, 0, '282<main.rpyeffect:274([k@[k@[switch case for 0#810]#817]#819])>+0: {"op": "Push". "target": 281. "args": {"num": []. "ptr": [0]}}')
debug_merge_point(0, 0, '282<main.rpyeffect:274([k@[k@[switch case for 0#810]#817]#819])>+1: {"op": "Jump". "target": 186}')
debug_merge_point(0, 0, '186<main.rpyeffect:178(Name(-_34))>+0: {"op": "New". "out": 0. "targets": [179. 181. 183. 185]. "args": {"num": [0]. "ptr": []}}')
debug_merge_point(0, 0, '186<main.rpyeffect:178(Name(-_34))>+1: {"op": "Return". "args": {"num": []. "ptr": [0]}}')
debug_merge_point(0, 0, '281<main.rpyeffect:273([#821])>+0: {"op": "Const". "type": "num". "out": 0. "value": 1}')
debug_merge_point(0, 0, '281<main.rpyeffect:273([#821])>+1: {"op": "Push". "target": 280. "args": {"num": []. "ptr": [1]}}')
debug_merge_point(0, 0, '281<main.rpyeffect:273([#821])>+2: {"op": "Invoke". "receiver": 0. "tag": Interned(%apply(n):n). "args" : {"num": [0]. "ptr": []}}')
debug_merge_point(0, 0, '179<main.rpyeffect:171([method_%apply(n):n@Name(-_34)#469])>+0: {"op": "Jump". "target": 177}')
debug_merge_point(0, 0, '177<main.rpyeffect:169([mcore:[#28]#465])>+0: {"op": "PrimOp". "name": "infixSub(Int. Int): Int". "out": {"num": [0]. "ptr": []}. "in": {"num": [1. 0]. "ptr": []}}')
+736: i79 = int_sub(i74, 1)
debug_merge_point(0, 0, '177<main.rpyeffect:169([mcore:[#28]#465])>+1: {"op": "Return". "args": {"num": [0]. "ptr": []}}')
debug_merge_point(0, 0, '280<main.rpyeffect:272([k@[#821]#825])>+0: {"op": "Invoke". "receiver": 0. "tag": Interned(%apply(n):p). "args" : {"num": [0]. "ptr": []}}')
debug_merge_point(0, 0, '296<main.rpyeffect:288([method_%apply(n):p@[mcore:[#58]#832]#836])>+0: {"op": "Const". "type": "ptr". "out": 1. "format": "string". "value": "Name(Stop_2)"}')
debug_merge_point(0, 0, '296<main.rpyeffect:288([method_%apply(n):p@[mcore:[#58]#832]#836])>+1: {"op": "PrimOp". "name": "getGlobal(String): Ptr". "out": {"num": []. "ptr": [1]}. "in": {"num": []. "ptr": [1]}}')
debug_merge_point(0, 0, '296<main.rpyeffect:288([method_%apply(n):p@[mcore:[#58]#832]#836])>+2: {"op": "Const". "type": "ptr". "out": 2. "format": "string". "value": "Name(dollar_52)"}')
debug_merge_point(0, 0, '296<main.rpyeffect:288([method_%apply(n):p@[mcore:[#58]#832]#836])>+3: {"op": "PrimOp". "name": "getGlobal(String): Ptr". "out": {"num": []. "ptr": [2]}. "in": {"num": []. "ptr": [2]}}')
debug_merge_point(0, 0, '296<main.rpyeffect:288([method_%apply(n):p@[mcore:[#58]#832]#836])>+4: {"op": "PrimOp". "name": "unbox(Ptr): Num". "out": {"num": [3]. "ptr": []}. "in": {"num": []. "ptr": [2]}}')
debug_merge_point(0, 0, '296<main.rpyeffect:288([method_%apply(n):p@[mcore:[#58]#832]#836])>+5: {"op": "Const". "type": "ptr". "out": 2. "format": "string". "value": "Name(newline_48)"}')
debug_merge_point(0, 0, '296<main.rpyeffect:288([method_%apply(n):p@[mcore:[#58]#832]#836])>+6: {"op": "PrimOp". "name": "getGlobal(String): Ptr". "out": {"num": []. "ptr": [2]}. "in": {"num": []. "ptr": [2]}}')
debug_merge_point(0, 0, '296<main.rpyeffect:288([method_%apply(n):p@[mcore:[#58]#832]#836])>+7: {"op": "PrimOp". "name": "unbox(Ptr): Num". "out": {"num": [4]. "ptr": []}. "in": {"num": []. "ptr": [2]}}')
debug_merge_point(0, 0, '296<main.rpyeffect:288([method_%apply(n):p@[mcore:[#58]#832]#836])>+8: {"op": "Swap". "type": "ptr". "a": 1. "b". 0}')
debug_merge_point(0, 0, '296<main.rpyeffect:288([method_%apply(n):p@[mcore:[#58]#832]#836])>+9: {"op": "Swap". "type": "num". "a": 3. "b". 2}')
debug_merge_point(0, 0, '296<main.rpyeffect:288([method_%apply(n):p@[mcore:[#58]#832]#836])>+10: {"op": "Swap". "type": "num". "a": 1. "b". 2}')
debug_merge_point(0, 0, '296<main.rpyeffect:288([method_%apply(n):p@[mcore:[#58]#832]#836])>+11: {"op": "Jump". "target": 294}')
debug_merge_point(0, 0, '294<main.rpyeffect:286([mcore:[#57]#763])>+0: {"op": "Push". "target": 293. "args": {"num": [2. 0. 3]. "ptr": [1]}}')
debug_merge_point(0, 0, '294<main.rpyeffect:286([mcore:[#57]#763])>+1: {"op": "Copy". "type": "num". "from": 2. "to". 0}')
debug_merge_point(0, 0, '294<main.rpyeffect:286([mcore:[#57]#763])>+2: {"op": "Jump". "target": 37}')
debug_merge_point(0, 0, '37<main.rpyeffect:29(Name(>_2))>+0: {"op": "New". "out": 0. "targets": [30. 32. 34. 36]. "args": {"num": [0]. "ptr": []}}')
debug_merge_point(0, 0, '37<main.rpyeffect:29(Name(>_2))>+1: {"op": "Return". "args": {"num": []. "ptr": [0]}}')
debug_merge_point(0, 0, '293<main.rpyeffect:285([k@[mcore:[#57]#763]#765])>+0: {"op": "Push". "target": 292. "args": {"num": [0. 1]. "ptr": [1]}}')
debug_merge_point(0, 0, '293<main.rpyeffect:285([k@[mcore:[#57]#763]#765])>+1: {"op": "Copy". "type": "num". "from": 2. "to". 0}')
debug_merge_point(0, 0, '293<main.rpyeffect:285([k@[mcore:[#57]#763]#765])>+2: {"op": "Invoke". "receiver": 0. "tag": Interned(%apply(n):n). "args" : {"num": [0]. "ptr": []}}')
debug_merge_point(0, 0, '30<main.rpyeffect:22([method_%apply(n):n@Name(>_2)#67])>+0: {"op": "Jump". "target": 28}')
debug_merge_point(0, 0, '28<main.rpyeffect:20([mcore:[#15]#63])>+0: {"op": "PrimOp". "name": "infixGt(Int. Int): Boolean". "out": {"num": [0]. "ptr": []}. "in": {"num": [1. 0]. "ptr": []}}')
+740: i80 = int_gt(i73, i7)
guard_false(i80, descr=<Guard0x1400a4b60>) [p2, i7, i9, i11, i13, i15, i17, i19, i21, i23, i25, i27, i29, i31, i33, i35, i37, p40, p42, p44, p46, p48, p50, p52, p54, p56, p58, p60, p62, p64, p66, p68, p70, p0, p1, p3, p4]
debug_merge_point(0, 0, '28<main.rpyeffect:20([mcore:[#15]#63])>+1: {"op": "Return". "args": {"num": [0]. "ptr": []}}')
debug_merge_point(0, 0, '292<main.rpyeffect:284([k@[k@[mcore:[#57]#763]#765]#767])>+0: {"op": "Switch". "scrutinee": 0. "values": [1]. "targets": [272]. "default": 291}')
debug_merge_point(0, 0, '291<main.rpyeffect:283([switch default case#779])>+0: {"op": "Swap". "type": "num". "a": 1. "b". 2}')
debug_merge_point(0, 0, '291<main.rpyeffect:283([switch default case#779])>+1: {"op": "Swap". "type": "num". "a": 0. "b". 2}')
debug_merge_point(0, 0, '291<main.rpyeffect:283([switch default case#779])>+2: {"op": "Switch". "scrutinee": 2. "values": [0]. "targets": [289]. "default": 290}')
debug_merge_point(0, 0, '289<main.rpyeffect:281([switch case for 0#780])>+0: {"op": "Push". "target": 288. "args": {"num": [0. 1]. "ptr": [0]}}')
debug_merge_point(0, 0, '289<main.rpyeffect:281([switch case for 0#780])>+1: {"op": "Copy". "type": "num". "from": 1. "to". 0}')
debug_merge_point(0, 0, '289<main.rpyeffect:281([switch case for 0#780])>+2: {"op": "Jump". "target": 17}')
debug_merge_point(0, 0, '17<main.rpyeffect:9(Name(=_0))>+0: {"op": "New". "out": 0. "targets": [10. 12. 14. 16]. "args": {"num": [0]. "ptr": []}}')
debug_merge_point(0, 0, '17<main.rpyeffect:9(Name(=_0))>+1: {"op": "Return". "args": {"num": []. "ptr": [0]}}')
debug_merge_point(0, 0, '288<main.rpyeffect:280([k@[switch case for 0#780]#782])>+0: {"op": "Const". "type": "num". "out": 2. "value": 0}')
debug_merge_point(0, 0, '288<main.rpyeffect:280([k@[switch case for 0#780]#782])>+1: {"op": "Push". "target": 287. "args": {"num": [0. 1]. "ptr": [1]}}')
debug_merge_point(0, 0, '288<main.rpyeffect:280([k@[switch case for 0#780]#782])>+2: {"op": "Copy". "type": "num". "from": 2. "to". 0}')
debug_merge_point(0, 0, '288<main.rpyeffect:280([k@[switch case for 0#780]#782])>+3: {"op": "Invoke". "receiver": 0. "tag": Interned(%apply(n):n). "args" : {"num": [0]. "ptr": []}}')
debug_merge_point(0, 0, '10<main.rpyeffect:2([method_%apply(n):n@Name(=_0)#7])>+0: {"op": "Jump". "target": 8}')
debug_merge_point(0, 0, '8<main.rpyeffect:0([mcore:[#13]#3])>+0: {"op": "PrimOp". "name": "infixEq(Int. Int): Boolean". "out": {"num": [0]. "ptr": []}. "in": {"num": [1. 0]. "ptr": []}}')
+748: i82 = int_eq(i79, 0)
guard_true(i82, descr=<Guard0x1400a4ba0>) [p2, i7, i9, i11, i13, i15, i17, i19, i21, i23, i25, i27, i29, i31, i33, i35, i37, p40, p42, p44, p46, p48, p50, p52, p54, p56, p58, p60, p62, p64, p66, p68, p70, p0, p1, p3, p4]
debug_merge_point(0, 0, '8<main.rpyeffect:0([mcore:[#13]#3])>+1: {"op": "Return". "args": {"num": [0]. "ptr": []}}')
debug_merge_point(0, 0, '287<main.rpyeffect:279([k@[k@[switch case for 0#780]#782]#786])>+0: {"op": "Switch". "scrutinee": 0. "values": [1]. "targets": [279]. "default": 286}')
debug_merge_point(0, 0, '279<main.rpyeffect:271([switch case for 1#787])>+0: {"op": "Const". "type": "ptr". "out": 1. "format": "string". "value": "Name(newline_48)"}')
debug_merge_point(0, 0, '279<main.rpyeffect:271([switch case for 1#787])>+1: {"op": "PrimOp". "name": "getGlobal(String): Ptr". "out": {"num": []. "ptr": [1]}. "in": {"num": []. "ptr": [1]}}')
debug_merge_point(0, 0, '279<main.rpyeffect:271([switch case for 1#787])>+2: {"op": "PrimOp". "name": "unbox(Ptr): Num". "out": {"num": [0]. "ptr": []}. "in": {"num": []. "ptr": [1]}}')
debug_merge_point(0, 0, '279<main.rpyeffect:271([switch case for 1#787])>+3: {"op": "Push". "target": 278. "args": {"num": [1]. "ptr": []}}')
debug_merge_point(0, 0, '279<main.rpyeffect:271([switch case for 1#787])>+4: {"op": "Jump". "target": 270}')
debug_merge_point(0, 0, '270<main.rpyeffect:262(Name(k_221))>+0: {"op": "PushStack". "arg": 0}')
+756: guard_nonnull(p4, descr=<Guard0x1400a4be0>) [p2, i7, i9, i11, i13, i15, i17, i19, i21, i23, i25, i27, i29, i31, i33, i35, i37, p40, p42, p44, p46, p48, p50, p52, p54, p56, p58, p60, p62, p64, p66, p68, p70, p0, p1, p3, p4]
+768: guard_nonnull_class(p40, ConstClass(MetaStackWithBinding), descr=<Guard0x1400a80d0>) [p2, i7, i9, i11, i13, i15, i17, i19, i21, i23, i25, i27, i29, i31, i33, i35, i37, p40, p42, p44, p46, p48, p50, p52, p54, p56, p58, p60, p62, p64, p66, p68, p70, p0, p1, p3, p4]
+792: p84 = getfield_gc_r(p40, descr=<FieldP rpyeffect.stack.MetaStack.inst_region 24 pure>)
+796: guard_isnull(p84, descr=<Guard0x1400a4c20>) [p2, i7, i9, i11, i13, i15, i17, i19, i21, i23, i25, i27, i29, i31, i33, i35, i37, p40, p42, p44, p46, p48, p50, p52, p54, p56, p58, p60, p62, p64, p66, p68, p70, p0, p1, p3, p4]
+804: p85 = getfield_gc_r(p40, descr=<FieldP rpyeffect.stack.MetaStackLike.inst_stack 8 pure>)
+808: p86 = getfield_gc_r(p40, descr=<FieldP rpyeffect.stack.MetaStack.inst_tail 32 pure>)
+812: guard_isnull(p86, descr=<Guard0x1400a4c60>) [p2, i7, i9, i11, i13, i15, i17, i19, i21, i23, i25, i27, i29, i31, i33, i35, i37, p40, p42, p44, p46, p48, p50, p52, p54, p56, p58, p60, p62, p64, p66, p68, p70, p0, p1, p3, p4]
+820: p87 = getfield_gc_r(p40, descr=<FieldP rpyeffect.stack.MetaStack.inst_label 16 pure>)
+824: p88 = getfield_gc_r(p40, descr=<FieldP rpyeffect.stack.MetaStackWithBinding.inst_binding 40 pure>)
+832: guard_nonnull(p88, descr=<Guard0x1400a4ca0>) [p2, i7, i9, i11, i13, i15, i17, i19, i21, i23, i25, i27, i29, i31, i33, i35, i37, p40, p42, p44, p46, p48, p50, p52, p54, p56, p58, p60, p62, p64, p66, p68, p70, p0, p1, p3, p4]
+840: guard_nonnull(p85, descr=<Guard0x1400a4ce0>) [p2, i7, i9, i11, i13, i15, i17, i19, i21, i23, i25, i27, i29, i31, i33, i35, i37, p40, p42, p44, p46, p48, p50, p52, p54, p56, p58, p60, p62, p64, p66, p68, p70, p0, p1, p3, p4]
+848: i89 = getfield_gc_i(p85, descr=<FieldS rpyeffect.stored_environment.Stack__arb_arb.inst_target 16 pure>)
+856: guard_value(i89, 225, descr=<Guard0x1400a4d20>) [p2, i7, i9, i11, i13, i15, i17, i19, i21, i23, i25, i27, i29, i31, i33, i35, i37, p40, p42, p44, p46, p48, p50, p52, p54, p56, p58, p60, p62, p64, p66, p68, p70, p0, p1, p3, p4]
debug_merge_point(0, 0, '270<main.rpyeffect:262(Name(k_221))>+1: {"op": "Return". "args": {"num": [0]. "ptr": []}}')
+868: i91 = getfield_gc_i(p85, descr=<FieldS rpyeffect.stored_environment.Stack__1_0.inst_values_num_0 40 pure>)
+872: p92 = getfield_gc_r(p85, descr=<FieldP rpyeffect.stored_environment.Stack__arb_arb.inst_tail 8 pure>)
+876: guard_nonnull(p92, descr=<Guard0x1400a4d60>) [p2, i7, i9, i11, i13, i15, i17, i19, i21, i23, i25, i27, i29, i31, i33, i35, i37, p40, p42, p44, p46, p48, p50, p52, p54, p56, p58, p60, p62, p64, p66, p68, p70, p0, p1, p3, p4]
+884: i93 = getfield_gc_i(p92, descr=<FieldS rpyeffect.stored_environment.Stack__arb_arb.inst_target 16 pure>)
+892: guard_value(i93, 330, descr=<Guard0x1400a4da0>) [p2, i7, i9, i11, i13, i15, i17, i19, i21, i23, i25, i27, i29, i31, i33, i35, i37, p40, p42, p44, p46, p48, p50, p52, p54, p56, p58, p60, p62, p64, p66, p68, p70, p0, p1, p3, p4]
debug_merge_point(0, 0, '225<main.rpyeffect:217([k@Name(parse_58)#550])>+0: {"op": "Push". "target": 224. "args": {"num": [1. 0]. "ptr": []}}')
debug_merge_point(0, 0, '225<main.rpyeffect:217([k@Name(parse_58)#550])>+1: {"op": "Jump". "target": 210}')
debug_merge_point(0, 0, '210<main.rpyeffect:202(Name(is_dollar_53))>+0: {"op": "Push". "target": 209. "args": {"num": []. "ptr": []}}')
debug_merge_point(0, 0, '210<main.rpyeffect:202(Name(is_dollar_53))>+1: {"op": "Jump". "target": 17}')
debug_merge_point(0, 0, '17<main.rpyeffect:9(Name(=_0))>+0: {"op": "New". "out": 0. "targets": [10. 12. 14. 16]. "args": {"num": [0]. "ptr": []}}')
debug_merge_point(0, 0, '17<main.rpyeffect:9(Name(=_0))>+1: {"op": "Return". "args": {"num": []. "ptr": [0]}}')
debug_merge_point(0, 0, '209<main.rpyeffect:201([k@Name(is_dollar_53)#538])>+0: {"op": "Const". "type": "num". "out": 0. "value": 36}')
debug_merge_point(0, 0, '209<main.rpyeffect:201([k@Name(is_dollar_53)#538])>+1: {"op": "Invoke". "receiver": 0. "tag": Interned(%apply(n):n). "args" : {"num": [0]. "ptr": []}}')
debug_merge_point(0, 0, '10<main.rpyeffect:2([method_%apply(n):n@Name(=_0)#7])>+0: {"op": "Jump". "target": 8}')
debug_merge_point(0, 0, '8<main.rpyeffect:0([mcore:[#13]#3])>+0: {"op": "PrimOp". "name": "infixEq(Int. Int): Boolean". "out": {"num": [0]. "ptr": []}. "in": {"num": [1. 0]. "ptr": []}}')
debug_merge_point(0, 0, '8<main.rpyeffect:0([mcore:[#13]#3])>+1: {"op": "Return". "args": {"num": [0]. "ptr": []}}')
debug_merge_point(0, 0, '224<main.rpyeffect:216([k@[k@Name(parse_58)#550]#552])>+0: {"op": "Switch". "scrutinee": 0. "values": [1]. "targets": [213]. "default": 223}')
debug_merge_point(0, 0, '223<main.rpyeffect:215([switch default case#569])>+0: {"op": "Swap". "type": "num". "a": 1. "b". 2}')
debug_merge_point(0, 0, '223<main.rpyeffect:215([switch default case#569])>+1: {"op": "Swap". "type": "num". "a": 0. "b". 2}')
debug_merge_point(0, 0, '223<main.rpyeffect:215([switch default case#569])>+2: {"op": "Switch". "scrutinee": 2. "values": [0]. "targets": [221]. "default": 222}')
debug_merge_point(0, 0, '221<main.rpyeffect:213([switch case for 0#570])>+0: {"op": "Push". "target": 220. "args": {"num": [0]. "ptr": []}}')
debug_merge_point(0, 0, '221<main.rpyeffect:213([switch case for 0#570])>+1: {"op": "Copy". "type": "num". "from": 1. "to". 0}')
debug_merge_point(0, 0, '221<main.rpyeffect:213([switch case for 0#570])>+2: {"op": "Jump". "target": 208}')
debug_merge_point(0, 0, '208<main.rpyeffect:200(Name(is_newline_49))>+0: {"op": "Push". "target": 207. "args": {"num": []. "ptr": []}}')
debug_merge_point(0, 0, '208<main.rpyeffect:200(Name(is_newline_49))>+1: {"op": "Jump". "target": 17}')
debug_merge_point(0, 0, '17<main.rpyeffect:9(Name(=_0))>+0: {"op": "New". "out": 0. "targets": [10. 12. 14. 16]. "args": {"num": [0]. "ptr": []}}')
debug_merge_point(0, 0, '17<main.rpyeffect:9(Name(=_0))>+1: {"op": "Return". "args": {"num": []. "ptr": [0]}}')
debug_merge_point(0, 0, '207<main.rpyeffect:199([k@Name(is_newline_49)#534])>+0: {"op": "Const". "type": "num". "out": 0. "value": 10}')
debug_merge_point(0, 0, '207<main.rpyeffect:199([k@Name(is_newline_49)#534])>+1: {"op": "Invoke". "receiver": 0. "tag": Interned(%apply(n):n). "args" : {"num": [0]. "ptr": []}}')
debug_merge_point(0, 0, '10<main.rpyeffect:2([method_%apply(n):n@Name(=_0)#7])>+0: {"op": "Jump". "target": 8}')
debug_merge_point(0, 0, '8<main.rpyeffect:0([mcore:[#13]#3])>+0: {"op": "PrimOp". "name": "infixEq(Int. Int): Boolean". "out": {"num": [0]. "ptr": []}. "in": {"num": [1. 0]. "ptr": []}}')
debug_merge_point(0, 0, '8<main.rpyeffect:0([mcore:[#13]#3])>+1: {"op": "Return". "args": {"num": [0]. "ptr": []}}')
debug_merge_point(0, 0, '220<main.rpyeffect:212([k@[switch case for 0#570]#572])>+0: {"op": "Switch". "scrutinee": 0. "values": [1]. "targets": [215]. "default": 219}')
debug_merge_point(0, 0, '215<main.rpyeffect:207([switch case for 1#573])>+0: {"op": "Const". "type": "num". "out": 0. "value": 0}')
debug_merge_point(0, 0, '215<main.rpyeffect:207([switch case for 1#573])>+1: {"op": "Const". "type": "ptr". "out": 0. "format": "string". "value": "Name(Emit_1)"}')
debug_merge_point(0, 0, '215<main.rpyeffect:207([switch case for 1#573])>+2: {"op": "PrimOp". "name": "getGlobal(String): Ptr". "out": {"num": []. "ptr": [0]}. "in": {"num": []. "ptr": [0]}}')
debug_merge_point(0, 0, '215<main.rpyeffect:207([switch case for 1#573])>+3: {"op": "GetDynamic". "out": 0. "n": 0. "label": 0}')
+904: i95 = getfield_gc_i(p87, descr=<FieldS rpyeffect.stack.Label.inst_origin 8 pure>)
+908: guard_value(i95, 353311, descr=<Guard0x1400a4de0>) [p2, i7, i9, i11, i13, i15, i17, i19, i21, i23, i25, i27, i29, i31, i33, i35, i37, p40, p42, p44, p46, p48, p50, p52, p54, p56, p58, p60, p62, p64, p66, p68, p70, p0, p1, p3, p4]
+932: i98 = instance_ptr_eq(p87, ConstPtr(ptr97))
guard_false(i98, descr=<Guard0x1400a4e20>) [p2, i7, i9, i11, i13, i15, i17, i19, i21, i23, i25, i27, i29, i31, i33, i35, i37, p40, p42, p44, p46, p48, p50, p52, p54, p56, p58, p60, p62, p64, p66, p68, p70, p0, p1, p3, p4]
+940: i99 = getfield_gc_i(p0, descr=<FieldS rpyeffect.stack.Label.inst_origin 8 pure>)
+952: guard_value(i99, 353321, descr=<Guard0x1400a4e60>) [p2, i7, i9, i11, i13, i15, i17, i19, i21, i23, i25, i27, i29, i31, i33, i35, i37, p40, p42, p44, p46, p48, p50, p52, p54, p56, p58, p60, p62, p64, p66, p68, p70, p0, p1, p3, p4]
+972: i102 = instance_ptr_eq(p0, ConstPtr(ptr101))
guard_false(i102, descr=<Guard0x1400a4ea0>) [p2, i7, i9, i11, i13, i15, i17, i19, i21, i23, i25, i27, i29, i31, i33, i35, i37, p40, p42, p44, p46, p48, p50, p52, p54, p56, p58, p60, p62, p64, p66, p68, p70, p0, p1, p3, p4]
+980: guard_nonnull_class(p3, ConstClass(MetaStackWithBinding), descr=<Guard0x1400a8128>) [p2, i7, i9, i11, i13, i15, i17, i19, i21, i23, i25, i27, i29, i31, i33, i35, i37, p40, p42, p44, p46, p48, p50, p52, p54, p56, p58, p60, p62, p64, p66, p68, p70, p0, p1, p3, p4]
+1008: p104 = getfield_gc_r(p3, descr=<FieldP rpyeffect.stack.MetaStack.inst_label 16 pure>)
+1012: i105 = getfield_gc_i(p104, descr=<FieldS rpyeffect.stack.Label.inst_origin 8 pure>)
+1020: guard_value(i105, 353316, descr=<Guard0x1400a4ee0>) [p2, i7, i9, i11, i13, i15, i17, i19, i21, i23, i25, i27, i29, i31, i33, i35, i37, p40, p42, p44, p46, p48, p50, p52, p54, p56, p58, p60, p62, p64, p66, p68, p70, p0, p1, p3, p4]
+1040: i108 = instance_ptr_eq(p104, ConstPtr(ptr107))
guard_true(i108, descr=<Guard0x1400a4f20>) [p2, i7, i9, i11, i13, i15, i17, i19, i21, i23, i25, i27, i29, i31, i33, i35, i37, p40, p42, p44, p46, p48, p50, p52, p54, p56, p58, p60, p62, p64, p66, p68, p70, p0, p1, p3, p4]
+1048: p109 = getfield_gc_r(p3, descr=<FieldP rpyeffect.stack.MetaStackWithBinding.inst_binding 40 pure>)
debug_merge_point(0, 0, '215<main.rpyeffect:207([switch case for 1#573])>+4: {"op": "Push". "target": 214. "args": {"num": []. "ptr": []}}')
debug_merge_point(0, 0, '215<main.rpyeffect:207([switch case for 1#573])>+5: {"op": "Copy". "type": "num". "from": 1. "to". 0}')
debug_merge_point(0, 0, '215<main.rpyeffect:207([switch case for 1#573])>+6: {"op": "Invoke". "receiver": 0. "tag": Interned(%Emit_1(n):p). "args" : {"num": [0]. "ptr": []}}')
+1052: p110 = getfield_gc_r(p109, descr=<FieldP rpyeffect.stored_environment.CoData__arb_arb.inst_vtable 24 pure>)
+1060: guard_value(p110, ConstPtr(ptr111), descr=<Guard0x1400a4f60>) [p2, i7, i9, i11, i13, i15, i17, i19, i21, i23, i25, i27, i29, i31, i33, i35, i37, p40, p42, p44, p46, p48, p50, p52, p54, p56, p58, p60, p62, p64, p66, p68, p70, p0, p1, p3, p4]
debug_merge_point(0, 0, '242<main.rpyeffect:234([method_%Emit_1(n):p@[mcore:[#46]#621]#623])>+0: {"op": "Const". "type": "num". "out": 1. "value": 0}')
debug_merge_point(0, 0, '242<main.rpyeffect:234([method_%Emit_1(n):p@[mcore:[#46]#621]#623])>+1: {"op": "Const". "type": "ptr". "out": 0. "format": "string". "value": "Name(Emit_1)"}')
debug_merge_point(0, 0, '242<main.rpyeffect:234([method_%Emit_1(n):p@[mcore:[#46]#621]#623])>+2: {"op": "PrimOp". "name": "getGlobal(String): Ptr". "out": {"num": []. "ptr": [0]}. "in": {"num": []. "ptr": [0]}}')
debug_merge_point(0, 0, '242<main.rpyeffect:234([method_%Emit_1(n):p@[mcore:[#46]#621]#623])>+3: {"op": "ShiftDyn". "out": 0. "n": 1. "label": 0}')
+1068: p112 = getfield_gc_r(p3, descr=<FieldP rpyeffect.stack.MetaStack.inst_region 24 pure>)
+1072: guard_isnull(p112, descr=<Guard0x1400a4fa0>) [p2, i7, i9, i11, i13, i15, i17, i19, i21, i23, i25, i27, i29, i31, i33, i35, i37, p40, p42, p44, p46, p48, p50, p52, p54, p56, p58, p60, p62, p64, p66, p68, p70, p0, p1, p3, p4]
+1080: p113 = getfield_gc_r(p3, descr=<FieldP rpyeffect.stack.MetaStackLike.inst_stack 8 pure>)
+1084: p114 = getfield_gc_r(p3, descr=<FieldP rpyeffect.stack.MetaStack.inst_tail 32 pure>)
+1088: guard_nonnull_class(p114, 4375686888, descr=<Guard0x1400a8180>) [p2, i7, i9, i11, i13, i15, i17, i19, i21, i23, i25, i27, i29, i31, i33, i35, i37, p40, p42, p44, p46, p48, p50, p52, p54, p56, p58, p60, p62, p64, p66, p68, p70, p0, p1, p3, p4]
+1112: p116 = getfield_gc_r(p114, descr=<FieldP rpyeffect.stack.MetaStackLike.inst_stack 8 pure>)
+1120: p117 = getfield_gc_r(p114, descr=<FieldP rpyeffect.stack.MetaStack.inst_label 16 pure>)
+1128: p118 = getfield_gc_r(p114, descr=<FieldP rpyeffect.stack.MetaStack.inst_tail 32 pure>)
+1132: guard_nonnull(p116, descr=<Guard0x1400a4fe0>) [p2, i7, i9, i11, i13, i15, i17, i19, i21, i23, i25, i27, i29, i31, i33, i35, i37, p40, p42, p44, p46, p48, p50, p52, p54, p56, p58, p60, p62, p64, p66, p68, p70, p0, p1, p3, p4]
+1140: i119 = getfield_gc_i(p116, descr=<FieldS rpyeffect.stored_environment.Stack__arb_arb.inst_target 16 pure>)
+1148: guard_value(i119, 230, descr=<Guard0x1400a5020>) [p2, i7, i9, i11, i13, i15, i17, i19, i21, i23, i25, i27, i29, i31, i33, i35, i37, p40, p42, p44, p46, p48, p50, p52, p54, p56, p58, p60, p62, p64, p66, p68, p70, p0, p1, p3, p4]
debug_merge_point(0, 0, '242<main.rpyeffect:234([method_%Emit_1(n):p@[mcore:[#46]#621]#623])>+4: {"op": "New". "out": 0. "targets": [235. 237. 239. 241]. "args": {"num": [0]. "ptr": [0]}}')
debug_merge_point(0, 0, '242<main.rpyeffect:234([method_%Emit_1(n):p@[mcore:[#46]#621]#623])>+5: {"op": "Return". "args": {"num": []. "ptr": [0]}}')
+1160: i121 = getfield_gc_i(p116, descr=<FieldS rpyeffect.stored_environment.Stack__2_0.inst_values_num_0 40 pure>)
+1164: i122 = getfield_gc_i(p116, descr=<FieldS rpyeffect.stored_environment.Stack__2_0.inst_values_num_1 48 pure>)
+1172: p123 = getfield_gc_r(p116, descr=<FieldP rpyeffect.stored_environment.Stack__arb_arb.inst_tail 8 pure>)
+1176: guard_nonnull(p123, descr=<Guard0x1400a5060>) [p2, i7, i9, i11, i13, i15, i17, i19, i21, i23, i25, i27, i29, i31, i33, i35, i37, p40, p42, p44, p46, p48, p50, p52, p54, p56, p58, p60, p62, p64, p66, p68, p70, p0, p1, p3, p4]
+1184: i124 = getfield_gc_i(p123, descr=<FieldS rpyeffect.stored_environment.Stack__arb_arb.inst_target 16 pure>)
+1188: guard_value(i124, 1, descr=<Guard0x1400a50a0>) [p2, i7, i9, i11, i13, i15, i17, i19, i21, i23, i25, i27, i29, i31, i33, i35, i37, p40, p42, p44, p46, p48, p50, p52, p54, p56, p58, p60, p62, p64, p66, p68, p70, p0, p1, p3, p4]
debug_merge_point(0, 0, '230<main.rpyeffect:222([k@[mcore:[#43]#611]#615])>+0: {"op": "Push". "target": 229. "args": {"num": [0]. "ptr": [0]}}')
debug_merge_point(0, 0, '230<main.rpyeffect:222([k@[mcore:[#43]#611]#615])>+1: {"op": "Copy". "type": "num". "from": 1. "to". 0}')
debug_merge_point(0, 0, '230<main.rpyeffect:222([k@[mcore:[#43]#611]#615])>+2: {"op": "Jump". "target": 143}')
debug_merge_point(0, 0, '143<main.rpyeffect:135(Name(+_27))>+0: {"op": "New". "out": 0. "targets": [136. 138. 140. 142]. "args": {"num": [0]. "ptr": []}}')
debug_merge_point(0, 0, '143<main.rpyeffect:135(Name(+_27))>+1: {"op": "Return". "args": {"num": []. "ptr": [0]}}')
debug_merge_point(0, 0, '229<main.rpyeffect:221([k@[k@[mcore:[#43]#611]#615]#617])>+0: {"op": "Push". "target": 228. "args": {"num": []. "ptr": [1]}}')
debug_merge_point(0, 0, '229<main.rpyeffect:221([k@[k@[mcore:[#43]#611]#615]#617])>+1: {"op": "Invoke". "receiver": 0. "tag": Interned(%apply(n):n). "args" : {"num": [0]. "ptr": []}}')
debug_merge_point(0, 0, '136<main.rpyeffect:128([method_%apply(n):n@Name(+_27)#347])>+0: {"op": "Jump". "target": 134}')
debug_merge_point(0, 0, '134<main.rpyeffect:126([mcore:[#24]#343])>+0: {"op": "PrimOp". "name": "infixAdd(Int. Int): Int". "out": {"num": [0]. "ptr": []}. "in": {"num": [1. 0]. "ptr": []}}')
+1200: i126 = int_add(i122, i121)
debug_merge_point(0, 0, '134<main.rpyeffect:126([mcore:[#24]#343])>+1: {"op": "Return". "args": {"num": [0]. "ptr": []}}')
debug_merge_point(0, 0, '228<main.rpyeffect:220([k@[k@[k@[mcore:[#43]#611]#615]#617]#619])>+0: {"op": "Invoke". "receiver": 0. "tag": Interned(%apply(n):n). "args" : {"num": [0]. "ptr": []}}')
debug_merge_point(0, 0, '235<main.rpyeffect:227([#635])>+0: {"op": "Jump". "target": 231}')
debug_merge_point(0, 0, '231<main.rpyeffect:223([mcore:[#43]#611])>+0: {"op": "Construct". "out": 1. "type": Interned({"op": "eff$Tuple". "elements": []}). "tag": Interned({"op": "eff$Tuple". "elements": []}). "args": {"num": []. "ptr": []}}')
debug_merge_point(0, 0, '231<main.rpyeffect:223([mcore:[#43]#611])>+1: {"op": "Push". "target": 230. "args": {"num": [1. 0]. "ptr": []}}')
debug_merge_point(0, 0, '231<main.rpyeffect:223([mcore:[#43]#611])>+2: {"op": "Swap". "type": "ptr". "a": 1. "b". 0}')
debug_merge_point(0, 0, '231<main.rpyeffect:223([mcore:[#43]#611])>+3: {"op": "Jump". "target": 227}')
debug_merge_point(0, 0, '227<main.rpyeffect:219(Name(k_248))>+0: {"op": "PushStack". "arg": 1}')
debug_merge_point(0, 0, '227<main.rpyeffect:219(Name(k_248))>+1: {"op": "Return". "args": {"num": []. "ptr": [0]}}')
debug_merge_point(0, 0, '214<main.rpyeffect:206([k@[switch case for 1#573]#581])>+0: {"op": "Const". "type": "num". "out": 0. "value": 0}')
debug_merge_point(0, 0, '214<main.rpyeffect:206([k@[switch case for 1#573]#581])>+1: {"op": "Const". "type": "ptr". "out": 0. "format": "string". "value": "Name(Emit_1)"}')
debug_merge_point(0, 0, '214<main.rpyeffect:206([k@[switch case for 1#573]#581])>+2: {"op": "PrimOp". "name": "getGlobal(String): Ptr". "out": {"num": []. "ptr": [0]}. "in": {"num": []. "ptr": [0]}}')
debug_merge_point(0, 0, '214<main.rpyeffect:206([k@[switch case for 1#573]#581])>+3: {"op": "Const". "type": "ptr". "out": 1. "format": "string". "value": "Name(Reade_0)"}')
debug_merge_point(0, 0, '214<main.rpyeffect:206([k@[switch case for 1#573]#581])>+4: {"op": "PrimOp". "name": "getGlobal(String): Ptr". "out": {"num": []. "ptr": [1]}. "in": {"num": []. "ptr": [1]}}')
debug_merge_point(0, 0, '214<main.rpyeffect:206([k@[switch case for 1#573]#581])>+5: {"op": "Const". "type": "ptr". "out": 2. "format": "string". "value": "Name(Stop_2)"}')
debug_merge_point(0, 0, '214<main.rpyeffect:206([k@[switch case for 1#573]#581])>+6: {"op": "PrimOp". "name": "getGlobal(String): Ptr". "out": {"num": []. "ptr": [2]}. "in": {"num": []. "ptr": [2]}}')
debug_merge_point(0, 0, '214<main.rpyeffect:206([k@[switch case for 1#573]#581])>+7: {"op": "Jump". "target": 226}')
debug_merge_point(0, 0, '226<main.rpyeffect:218(Name(parse_58))>+0: {"op": "Const". "type": "num". "out": 1. "value": 0}')
debug_merge_point(0, 0, '226<main.rpyeffect:218(Name(parse_58))>+1: {"op": "Const". "type": "ptr". "out": 0. "format": "string". "value": "Name(Reade_0)"}')
debug_merge_point(0, 0, '226<main.rpyeffect:218(Name(parse_58))>+2: {"op": "PrimOp". "name": "getGlobal(String): Ptr". "out": {"num": []. "ptr": [0]}. "in": {"num": []. "ptr": [0]}}')
debug_merge_point(0, 0, '226<main.rpyeffect:218(Name(parse_58))>+3: {"op": "GetDynamic". "out": 0. "n": 1. "label": 0}')
+1208: i128 = instance_ptr_eq(p87, ConstPtr(ptr127))
guard_true(i128, descr=<Guard0x1400a50e0>) [p2, i7, i9, i11, i13, i15, i17, i19, i21, i23, i25, i27, i29, i31, i33, i35, i37, p40, p42, p44, p46, p48, p50, p52, p54, p56, p58, p60, p62, p64, p66, p68, p70, p0, p1, p3, p4]
debug_merge_point(0, 0, '226<main.rpyeffect:218(Name(parse_58))>+4: {"op": "Construct". "out": 1. "type": Interned({"op": "eff$Tuple". "elements": []}). "tag": Interned({"op": "eff$Tuple". "elements": []}). "args": {"num": []. "ptr": []}}')
debug_merge_point(0, 0, '226<main.rpyeffect:218(Name(parse_58))>+5: {"op": "Push". "target": 225. "args": {"num": [0]. "ptr": []}}')
debug_merge_point(0, 0, '226<main.rpyeffect:218(Name(parse_58))>+6: {"op": "Swap". "type": "ptr". "a": 1. "b". 0}')
+1216: p129 = new_with_vtable(descr=<SizeDescr 48>)
+1328: p130 = new_with_vtable(descr=<SizeDescr 48>)
+1340: p131 = new_with_vtable(descr=<SizeDescr 48>)
+1352: setfield_gc(p131, p75, descr=<FieldP rpyeffect.stored_environment.Stack__arb_arb.inst_tail 8 pure>)
+1356: setfield_gc(p131, 278, descr=<FieldS rpyeffect.stored_environment.Stack__arb_arb.inst_target 16 pure>)
+1364: setfield_gc(p131, i73, descr=<FieldS rpyeffect.stored_environment.Stack__1_0.inst_values_num_0 40 pure>)
+1372: p133 = new_with_vtable(descr=<SizeDescr 48>)
+1384: setfield_gc(p133, p113, descr=<FieldP rpyeffect.stack.MetaStackLike.inst_stack 8 pure>)
+1388: setfield_gc(p133, p104, descr=<FieldP rpyeffect.stack.MetaStack.inst_label 16 pure>)
+1392: setfield_gc(p133, ConstPtr(null), descr=<FieldP rpyeffect.stack.MetaStack.inst_region 24 pure>)
+1400: p135 = new_with_vtable(descr=<SizeDescr 40>)
+1412: p136 = new_with_vtable(descr=<SizeDescr 56>)
+1424: setfield_gc(p136, p123, descr=<FieldP rpyeffect.stored_environment.Stack__arb_arb.inst_tail 8 pure>)
+1428: setfield_gc(p136, 230, descr=<FieldS rpyeffect.stored_environment.Stack__arb_arb.inst_target 16 pure>)
+1436: setfield_gc(p136, i91, descr=<FieldS rpyeffect.stored_environment.Stack__2_0.inst_values_num_0 40 pure>)
+1440: setfield_gc(p136, i126, descr=<FieldS rpyeffect.stored_environment.Stack__2_0.inst_values_num_1 48 pure>)
+1444: setfield_gc(p135, p136, descr=<FieldP rpyeffect.stack.MetaStackLike.inst_stack 8 pure>)
+1448: setfield_gc(p135, p117, descr=<FieldP rpyeffect.stack.MetaStack.inst_label 16 pure>)
+1452: setfield_gc(p135, ConstPtr(null), descr=<FieldP rpyeffect.stack.MetaStack.inst_region 24 pure>)
+1460: setfield_gc(p135, p118, descr=<FieldP rpyeffect.stack.MetaStack.inst_tail 32 pure>)
+1464: setfield_gc(p133, p135, descr=<FieldP rpyeffect.stack.MetaStack.inst_tail 32 pure>)
+1468: setfield_gc(p133, p109, descr=<FieldP rpyeffect.stack.MetaStackWithBinding.inst_binding 40 pure>)
+1476: p139 = new_with_vtable(descr=<SizeDescr 32>)
+1488: setfield_gc(p129, 225, descr=<FieldS rpyeffect.stored_environment.Stack__arb_arb.inst_target 16 pure>)
+1496: setfield_gc(p129, p92, descr=<FieldP rpyeffect.stored_environment.Stack__arb_arb.inst_tail 8 pure>)
+1500: setfield_gc(p130, ConstPtr(null), descr=<FieldP rpyeffect.stack.MetaStack.inst_region 24 pure>)
+1508: setfield_gc(p130, p131, descr=<FieldP rpyeffect.stack.MetaStackLike.inst_stack 8 pure>)
+1512: setfield_gc(p130, p133, descr=<FieldP rpyeffect.stack.MetaStack.inst_tail 32 pure>)
+1516: setfield_gc(p130, p0, descr=<FieldP rpyeffect.stack.MetaStack.inst_label 16 pure>)
+1520: setfield_gc(p130, p4, descr=<FieldP rpyeffect.stack.MetaStackWithBinding.inst_binding 40 pure>)
+1528: setfield_gc(p129, 0, descr=<FieldS rpyeffect.stored_environment.Stack__1_0.inst_values_num_0 40 pure>)
+1540: setfield_gc(p139, ConstPtr(ptr143), descr=<FieldP rpyeffect.stored_environment.Data__arb_arb.inst_tag 8>)
+1612: jump(p87, p129, p2, p130, p88, 0, 0, 0, i7, 10, i17, i19, i21, i23, i25, i27, i29, i31, i33, i35, i37, p88, p139, ConstPtr(ptr148), p46, p48, p50, p52, p54, p56, p58, p60, p62, p64, p66, p68, p70, descr=TargetToken(5641255760))
+1828: --end of the loop--
[1178f0e] jit-log-opt-loop}
[132f99c] {jit-log-opt-bridge
# bridge out of Guard 0x1503f3e60 with 242 ops
[p0, i1, i2, i3, i4, i5, i6, i7, i8, i9, i10, i11, i12, i13, p14, p15, p16, p17, p18, p19, p20, p21, p22, p23, p24, p25, p26, p27, p28, i29, i30, p31, p32, p33, p34, p35]
+312: guard_not_invalidated(descr=<Guard0x1400c63e8>) [p0, i1, i2, i3, i4, i5, i6, i7, i8, i9, i10, i11, i12, i13, p14, p15, p16, p17, p18, p19, p20, p21, p22, p23, p24, p25, p26, p27, p28, i29, i30, p31, p32, p33, p34, p35]
debug_merge_point(0, 0, '226<main.rpyeffect:218(Name(parse_58))>+7: {"op": "Invoke". "receiver": 1. "tag": Interned(%Reade_0(p):n). "args" : {"num": []. "ptr": [0]}}')
+316: p36 = getfield_gc_r(p14, descr=<FieldP rpyeffect.stored_environment.CoData__arb_arb.inst_vtable 24 pure>)
+324: guard_value(p36, ConstPtr(ptr37), descr=<Guard0x1400c95a0>) [p0, i1, i2, i3, i4, i5, i6, i7, i8, i9, i10, i11, i12, i13, p14, p15, p16, p17, p18, p19, p20, p21, p22, p23, p24, p25, p26, p27, p28, i29, i30, p31, p32, p33, p34, p35]
+332: i38 = getfield_gc_i(p14, descr=<FieldS rpyeffect.stored_environment.CoData__1_0.inst_values_num_0 32 pure>)
debug_merge_point(0, 0, '317<main.rpyeffect:309([method_%Reade_0(p):n@[mcore:[#62]#912]#914])>+0: {"op": "Const". "type": "num". "out": 1. "value": 0}')
debug_merge_point(0, 0, '317<main.rpyeffect:309([method_%Reade_0(p):n@[mcore:[#62]#912]#914])>+1: {"op": "Const". "type": "ptr". "out": 1. "format": "string". "value": "Name(Reade_0)"}')
debug_merge_point(0, 0, '317<main.rpyeffect:309([method_%Reade_0(p):n@[mcore:[#62]#912]#914])>+2: {"op": "PrimOp". "name": "getGlobal(String): Ptr". "out": {"num": []. "ptr": [1]}. "in": {"num": []. "ptr": [1]}}')
debug_merge_point(0, 0, '317<main.rpyeffect:309([method_%Reade_0(p):n@[mcore:[#62]#912]#914])>+3: {"op": "ShiftDyn". "out": 1. "n": 1. "label": 1}')
+336: i39 = getfield_gc_i(p28, descr=<FieldS rpyeffect.stack.Label.inst_origin 8 pure>)
+344: guard_value(i39, 353311, descr=<Guard0x1400c95e0>) [p0, i1, i2, i3, i4, i5, i6, i7, i8, i9, i10, i11, i12, i13, p14, p15, p16, p17, p18, p19, p20, p21, p22, p23, p24, p25, p26, p27, p28, i29, i30, p31, p32, p33, p34, p35]
+364: i42 = instance_ptr_eq(p28, ConstPtr(ptr41))
guard_true(i42, descr=<Guard0x1400c9620>) [p0, i1, i2, i3, i4, i5, i6, i7, i8, i9, i10, i11, i12, i13, p14, p15, p16, p17, p18, p19, p20, p21, p22, p23, p24, p25, p26, p27, p28, i29, i30, p31, p32, p33, p34, p35]
debug_merge_point(0, 0, '317<main.rpyeffect:309([method_%Reade_0(p):n@[mcore:[#62]#912]#914])>+4: {"op": "Swap". "type": "ptr". "a": 1. "b". 0}')
debug_merge_point(0, 0, '317<main.rpyeffect:309([method_%Reade_0(p):n@[mcore:[#62]#912]#914])>+5: {"op": "Match". "type": Interned({"op": "eff$Tuple". "elements": []}). "scrutinee": 1. "clauses": [{"tag": Interned({"op": "eff$Tuple". "elements": []}). "target": 316. "args": {"num": []. "ptr": []}}]. "default": {"tag": Interned(74daf2d0-4735-4ddf-904c-67170a32738c#[Missing Tag#1285]). "target": 311. "args": {"num": []. "ptr": []}}}')
debug_merge_point(0, 0, '316<main.rpyeffect:308([#926])>+0: {"op": "New". "out": 0. "targets": [313. 315]. "args": {"num": [0]. "ptr": [0]}}')
debug_merge_point(0, 0, '316<main.rpyeffect:308([#926])>+1: {"op": "Return". "args": {"num": []. "ptr": [0]}}')
+372: guard_nonnull(p31, descr=<Guard0x1400c9660>) [p0, i1, i2, i3, i4, i5, i6, i7, i8, i9, i10, i11, i12, i13, p14, p15, p16, p17, p18, p19, p20, p21, p22, p23, p24, p25, p26, p27, p28, i29, i30, p31, p32, p33, p34, p35]
+384: i43 = getfield_gc_i(p31, descr=<FieldS rpyeffect.stored_environment.Stack__arb_arb.inst_target 16 pure>)
+392: guard_value(i43, 268, descr=<Guard0x1400c96a0>) [p0, i1, i2, i3, i4, i5, i6, i7, i8, i9, i10, i11, i12, i13, p14, p15, p16, p17, p18, p19, p20, p21, p22, p23, p24, p25, p26, p27, p28, i29, i30, p31, p32, p33, p34, p35]
debug_merge_point(0, 0, '283<main.rpyeffect:275([k@[switch case for 0#810]#817])>+0: {"op": "Push". "target": 282. "args": {"num": [1]. "ptr": []}}')
debug_merge_point(0, 0, '283<main.rpyeffect:275([k@[switch case for 0#810]#817])>+1: {"op": "Invoke". "receiver": 0. "tag": Interned(%apply(n):p). "args" : {"num": [0]. "ptr": []}}')
debug_merge_point(0, 0, '313<main.rpyeffect:305([method_%apply(n):p@[#926]#930])>+0: {"op": "Const". "type": "ptr". "out": 1. "format": "string". "value": "Name(Stop_2)"}')
debug_merge_point(0, 0, '313<main.rpyeffect:305([method_%apply(n):p@[#926]#930])>+1: {"op": "PrimOp". "name": "getGlobal(String): Ptr". "out": {"num": []. "ptr": [1]}. "in": {"num": []. "ptr": [1]}}')
debug_merge_point(0, 0, '313<main.rpyeffect:305([method_%apply(n):p@[#926]#930])>+2: {"op": "Const". "type": "ptr". "out": 2. "format": "string". "value": "Name(dollar_52)"}')
debug_merge_point(0, 0, '313<main.rpyeffect:305([method_%apply(n):p@[#926]#930])>+3: {"op": "PrimOp". "name": "getGlobal(String): Ptr". "out": {"num": []. "ptr": [2]}. "in": {"num": []. "ptr": [2]}}')
debug_merge_point(0, 0, '313<main.rpyeffect:305([method_%apply(n):p@[#926]#930])>+4: {"op": "PrimOp". "name": "unbox(Ptr): Num". "out": {"num": [2]. "ptr": []}. "in": {"num": []. "ptr": [2]}}')
debug_merge_point(0, 0, '313<main.rpyeffect:305([method_%apply(n):p@[#926]#930])>+5: {"op": "Const". "type": "ptr". "out": 2. "format": "string". "value": "Name(newline_48)"}')
debug_merge_point(0, 0, '313<main.rpyeffect:305([method_%apply(n):p@[#926]#930])>+6: {"op": "PrimOp". "name": "getGlobal(String): Ptr". "out": {"num": []. "ptr": [2]}. "in": {"num": []. "ptr": [2]}}')
debug_merge_point(0, 0, '313<main.rpyeffect:305([method_%apply(n):p@[#926]#930])>+7: {"op": "PrimOp". "name": "unbox(Ptr): Num". "out": {"num": [3]. "ptr": []}. "in": {"num": []. "ptr": [2]}}')
debug_merge_point(0, 0, '313<main.rpyeffect:305([method_%apply(n):p@[#926]#930])>+8: {"op": "Swap". "type": "ptr". "a": 1. "b". 0}')
debug_merge_point(0, 0, '313<main.rpyeffect:305([method_%apply(n):p@[#926]#930])>+9: {"op": "Swap". "type": "num". "a": 1. "b". 2}')
debug_merge_point(0, 0, '313<main.rpyeffect:305([method_%apply(n):p@[#926]#930])>+10: {"op": "Jump". "target": 303}')
debug_merge_point(0, 0, '303<main.rpyeffect:295([mcore:[#58]#832])>+0: {"op": "New". "out": 0. "targets": [296. 298. 300. 302]. "args": {"num": [0. 2]. "ptr": [1]}}')
debug_merge_point(0, 0, '303<main.rpyeffect:295([mcore:[#58]#832])>+1: {"op": "Return". "args": {"num": []. "ptr": [0]}}')
debug_merge_point(0, 0, '282<main.rpyeffect:274([k@[k@[switch case for 0#810]#817]#819])>+0: {"op": "Push". "target": 281. "args": {"num": []. "ptr": [0]}}')
debug_merge_point(0, 0, '282<main.rpyeffect:274([k@[k@[switch case for 0#810]#817]#819])>+1: {"op": "Jump". "target": 186}')
debug_merge_point(0, 0, '186<main.rpyeffect:178(Name(-_34))>+0: {"op": "New". "out": 0. "targets": [179. 181. 183. 185]. "args": {"num": [0]. "ptr": []}}')
debug_merge_point(0, 0, '186<main.rpyeffect:178(Name(-_34))>+1: {"op": "Return". "args": {"num": []. "ptr": [0]}}')
debug_merge_point(0, 0, '281<main.rpyeffect:273([#821])>+0: {"op": "Const". "type": "num". "out": 0. "value": 1}')
debug_merge_point(0, 0, '281<main.rpyeffect:273([#821])>+1: {"op": "Push". "target": 280. "args": {"num": []. "ptr": [1]}}')
debug_merge_point(0, 0, '281<main.rpyeffect:273([#821])>+2: {"op": "Invoke". "receiver": 0. "tag": Interned(%apply(n):n). "args" : {"num": [0]. "ptr": []}}')
debug_merge_point(0, 0, '179<main.rpyeffect:171([method_%apply(n):n@Name(-_34)#469])>+0: {"op": "Jump". "target": 177}')
debug_merge_point(0, 0, '177<main.rpyeffect:169([mcore:[#28]#465])>+0: {"op": "PrimOp". "name": "infixSub(Int. Int): Int". "out": {"num": [0]. "ptr": []}. "in": {"num": [1. 0]. "ptr": []}}')
+404: i46 = int_sub(i29, 1)
debug_merge_point(0, 0, '177<main.rpyeffect:169([mcore:[#28]#465])>+1: {"op": "Return". "args": {"num": [0]. "ptr": []}}')
debug_merge_point(0, 0, '280<main.rpyeffect:272([k@[#821]#825])>+0: {"op": "Invoke". "receiver": 0. "tag": Interned(%apply(n):p). "args" : {"num": [0]. "ptr": []}}')
debug_merge_point(0, 0, '296<main.rpyeffect:288([method_%apply(n):p@[mcore:[#58]#832]#836])>+0: {"op": "Const". "type": "ptr". "out": 1. "format": "string". "value": "Name(Stop_2)"}')
debug_merge_point(0, 0, '296<main.rpyeffect:288([method_%apply(n):p@[mcore:[#58]#832]#836])>+1: {"op": "PrimOp". "name": "getGlobal(String): Ptr". "out": {"num": []. "ptr": [1]}. "in": {"num": []. "ptr": [1]}}')
debug_merge_point(0, 0, '296<main.rpyeffect:288([method_%apply(n):p@[mcore:[#58]#832]#836])>+2: {"op": "Const". "type": "ptr". "out": 2. "format": "string". "value": "Name(dollar_52)"}')
debug_merge_point(0, 0, '296<main.rpyeffect:288([method_%apply(n):p@[mcore:[#58]#832]#836])>+3: {"op": "PrimOp". "name": "getGlobal(String): Ptr". "out": {"num": []. "ptr": [2]}. "in": {"num": []. "ptr": [2]}}')
debug_merge_point(0, 0, '296<main.rpyeffect:288([method_%apply(n):p@[mcore:[#58]#832]#836])>+4: {"op": "PrimOp". "name": "unbox(Ptr): Num". "out": {"num": [3]. "ptr": []}. "in": {"num": []. "ptr": [2]}}')
debug_merge_point(0, 0, '296<main.rpyeffect:288([method_%apply(n):p@[mcore:[#58]#832]#836])>+5: {"op": "Const". "type": "ptr". "out": 2. "format": "string". "value": "Name(newline_48)"}')
debug_merge_point(0, 0, '296<main.rpyeffect:288([method_%apply(n):p@[mcore:[#58]#832]#836])>+6: {"op": "PrimOp". "name": "getGlobal(String): Ptr". "out": {"num": []. "ptr": [2]}. "in": {"num": []. "ptr": [2]}}')
debug_merge_point(0, 0, '296<main.rpyeffect:288([method_%apply(n):p@[mcore:[#58]#832]#836])>+7: {"op": "PrimOp". "name": "unbox(Ptr): Num". "out": {"num": [4]. "ptr": []}. "in": {"num": []. "ptr": [2]}}')
debug_merge_point(0, 0, '296<main.rpyeffect:288([method_%apply(n):p@[mcore:[#58]#832]#836])>+8: {"op": "Swap". "type": "ptr". "a": 1. "b". 0}')
debug_merge_point(0, 0, '296<main.rpyeffect:288([method_%apply(n):p@[mcore:[#58]#832]#836])>+9: {"op": "Swap". "type": "num". "a": 3. "b". 2}')
debug_merge_point(0, 0, '296<main.rpyeffect:288([method_%apply(n):p@[mcore:[#58]#832]#836])>+10: {"op": "Swap". "type": "num". "a": 1. "b". 2}')
debug_merge_point(0, 0, '296<main.rpyeffect:288([method_%apply(n):p@[mcore:[#58]#832]#836])>+11: {"op": "Jump". "target": 294}')
debug_merge_point(0, 0, '294<main.rpyeffect:286([mcore:[#57]#763])>+0: {"op": "Push". "target": 293. "args": {"num": [2. 0. 3]. "ptr": [1]}}')
debug_merge_point(0, 0, '294<main.rpyeffect:286([mcore:[#57]#763])>+1: {"op": "Copy". "type": "num". "from": 2. "to". 0}')
debug_merge_point(0, 0, '294<main.rpyeffect:286([mcore:[#57]#763])>+2: {"op": "Jump". "target": 37}')
debug_merge_point(0, 0, '37<main.rpyeffect:29(Name(>_2))>+0: {"op": "New". "out": 0. "targets": [30. 32. 34. 36]. "args": {"num": [0]. "ptr": []}}')
debug_merge_point(0, 0, '37<main.rpyeffect:29(Name(>_2))>+1: {"op": "Return". "args": {"num": []. "ptr": [0]}}')
debug_merge_point(0, 0, '293<main.rpyeffect:285([k@[mcore:[#57]#763]#765])>+0: {"op": "Push". "target": 292. "args": {"num": [0. 1]. "ptr": [1]}}')
debug_merge_point(0, 0, '293<main.rpyeffect:285([k@[mcore:[#57]#763]#765])>+1: {"op": "Copy". "type": "num". "from": 2. "to". 0}')
debug_merge_point(0, 0, '293<main.rpyeffect:285([k@[mcore:[#57]#763]#765])>+2: {"op": "Invoke". "receiver": 0. "tag": Interned(%apply(n):n). "args" : {"num": [0]. "ptr": []}}')
debug_merge_point(0, 0, '30<main.rpyeffect:22([method_%apply(n):n@Name(>_2)#67])>+0: {"op": "Jump". "target": 28}')
debug_merge_point(0, 0, '28<main.rpyeffect:20([mcore:[#15]#63])>+0: {"op": "PrimOp". "name": "infixGt(Int. Int): Boolean". "out": {"num": [0]. "ptr": []}. "in": {"num": [1. 0]. "ptr": []}}')
+408: i47 = int_gt(i30, i38)
guard_false(i47, descr=<Guard0x1400c96e0>) [p0, i1, i2, i3, i4, i5, i6, i7, i8, i9, i10, i11, i12, i13, p14, p15, p16, p17, p18, p19, p20, p21, p22, p23, p24, p25, p26, p27, p28, i29, i30, p31, p32, p33, p34, p35]
debug_merge_point(0, 0, '28<main.rpyeffect:20([mcore:[#15]#63])>+1: {"op": "Return". "args": {"num": [0]. "ptr": []}}')
debug_merge_point(0, 0, '292<main.rpyeffect:284([k@[k@[mcore:[#57]#763]#765]#767])>+0: {"op": "Switch". "scrutinee": 0. "values": [1]. "targets": [272]. "default": 291}')
debug_merge_point(0, 0, '291<main.rpyeffect:283([switch default case#779])>+0: {"op": "Swap". "type": "num". "a": 1. "b". 2}')
debug_merge_point(0, 0, '291<main.rpyeffect:283([switch default case#779])>+1: {"op": "Swap". "type": "num". "a": 0. "b". 2}')
debug_merge_point(0, 0, '291<main.rpyeffect:283([switch default case#779])>+2: {"op": "Switch". "scrutinee": 2. "values": [0]. "targets": [289]. "default": 290}')
debug_merge_point(0, 0, '289<main.rpyeffect:281([switch case for 0#780])>+0: {"op": "Push". "target": 288. "args": {"num": [0. 1]. "ptr": [0]}}')
debug_merge_point(0, 0, '289<main.rpyeffect:281([switch case for 0#780])>+1: {"op": "Copy". "type": "num". "from": 1. "to". 0}')
debug_merge_point(0, 0, '289<main.rpyeffect:281([switch case for 0#780])>+2: {"op": "Jump". "target": 17}')
debug_merge_point(0, 0, '17<main.rpyeffect:9(Name(=_0))>+0: {"op": "New". "out": 0. "targets": [10. 12. 14. 16]. "args": {"num": [0]. "ptr": []}}')
debug_merge_point(0, 0, '17<main.rpyeffect:9(Name(=_0))>+1: {"op": "Return". "args": {"num": []. "ptr": [0]}}')
debug_merge_point(0, 0, '288<main.rpyeffect:280([k@[switch case for 0#780]#782])>+0: {"op": "Const". "type": "num". "out": 2. "value": 0}')
debug_merge_point(0, 0, '288<main.rpyeffect:280([k@[switch case for 0#780]#782])>+1: {"op": "Push". "target": 287. "args": {"num": [0. 1]. "ptr": [1]}}')
debug_merge_point(0, 0, '288<main.rpyeffect:280([k@[switch case for 0#780]#782])>+2: {"op": "Copy". "type": "num". "from": 2. "to". 0}')
debug_merge_point(0, 0, '288<main.rpyeffect:280([k@[switch case for 0#780]#782])>+3: {"op": "Invoke". "receiver": 0. "tag": Interned(%apply(n):n). "args" : {"num": [0]. "ptr": []}}')
debug_merge_point(0, 0, '10<main.rpyeffect:2([method_%apply(n):n@Name(=_0)#7])>+0: {"op": "Jump". "target": 8}')
debug_merge_point(0, 0, '8<main.rpyeffect:0([mcore:[#13]#3])>+0: {"op": "PrimOp". "name": "infixEq(Int. Int): Boolean". "out": {"num": [0]. "ptr": []}. "in": {"num": [1. 0]. "ptr": []}}')
+416: i49 = int_eq(i46, 0)
guard_true(i49, descr=<Guard0x1400c9720>) [p0, i1, i2, i3, i4, i5, i6, i7, i8, i9, i10, i11, i12, i13, p14, p15, p16, p17, p18, p19, p20, p21, p22, p23, p24, p25, p26, p27, p28, i29, i30, p31, p32, p33, p34, p35]
debug_merge_point(0, 0, '8<main.rpyeffect:0([mcore:[#13]#3])>+1: {"op": "Return". "args": {"num": [0]. "ptr": []}}')
debug_merge_point(0, 0, '287<main.rpyeffect:279([k@[k@[switch case for 0#780]#782]#786])>+0: {"op": "Switch". "scrutinee": 0. "values": [1]. "targets": [279]. "default": 286}')
debug_merge_point(0, 0, '279<main.rpyeffect:271([switch case for 1#787])>+0: {"op": "Const". "type": "ptr". "out": 1. "format": "string". "value": "Name(newline_48)"}')
debug_merge_point(0, 0, '279<main.rpyeffect:271([switch case for 1#787])>+1: {"op": "PrimOp". "name": "getGlobal(String): Ptr". "out": {"num": []. "ptr": [1]}. "in": {"num": []. "ptr": [1]}}')
debug_merge_point(0, 0, '279<main.rpyeffect:271([switch case for 1#787])>+2: {"op": "PrimOp". "name": "unbox(Ptr): Num". "out": {"num": [0]. "ptr": []}. "in": {"num": []. "ptr": [1]}}')
debug_merge_point(0, 0, '279<main.rpyeffect:271([switch case for 1#787])>+3: {"op": "Push". "target": 278. "args": {"num": [1]. "ptr": []}}')
debug_merge_point(0, 0, '279<main.rpyeffect:271([switch case for 1#787])>+4: {"op": "Jump". "target": 270}')
debug_merge_point(0, 0, '270<main.rpyeffect:262(Name(k_221))>+0: {"op": "PushStack". "arg": 0}')
+424: guard_nonnull(p32, descr=<Guard0x1400c9760>) [p0, i1, i2, i3, i4, i5, i6, i7, i8, i9, i10, i11, i12, i13, p14, p15, p16, p17, p18, p19, p20, p21, p22, p23, p24, p25, p26, p27, p28, i29, i30, p31, p32, p33, p34, p35]
debug_merge_point(0, 0, '270<main.rpyeffect:262(Name(k_221))>+1: {"op": "Return". "args": {"num": [0]. "ptr": []}}')
+436: guard_nonnull(p35, descr=<Guard0x1400c97a0>) [p0, i1, i2, i3, i4, i5, i6, i7, i8, i9, i10, i11, i12, i13, p14, p15, p16, p17, p18, p19, p20, p21, p22, p23, p24, p25, p26, p27, p28, i29, i30, p31, p32, p33, p34, p35]
+448: i50 = getfield_gc_i(p35, descr=<FieldS rpyeffect.stored_environment.Stack__arb_arb.inst_target 16 pure>)
+456: guard_value(i50, 330, descr=<Guard0x1400c97e0>) [p0, i1, i2, i3, i4, i5, i6, i7, i8, i9, i10, i11, i12, i13, p14, p15, p16, p17, p18, p19, p20, p21, p22, p23, p24, p25, p26, p27, p28, i29, i30, p31, p32, p33, p34, p35]
debug_merge_point(0, 0, '225<main.rpyeffect:217([k@Name(parse_58)#550])>+0: {"op": "Push". "target": 224. "args": {"num": [1. 0]. "ptr": []}}')
debug_merge_point(0, 0, '225<main.rpyeffect:217([k@Name(parse_58)#550])>+1: {"op": "Jump". "target": 210}')
debug_merge_point(0, 0, '210<main.rpyeffect:202(Name(is_dollar_53))>+0: {"op": "Push". "target": 209. "args": {"num": []. "ptr": []}}')
debug_merge_point(0, 0, '210<main.rpyeffect:202(Name(is_dollar_53))>+1: {"op": "Jump". "target": 17}')
debug_merge_point(0, 0, '17<main.rpyeffect:9(Name(=_0))>+0: {"op": "New". "out": 0. "targets": [10. 12. 14. 16]. "args": {"num": [0]. "ptr": []}}')
debug_merge_point(0, 0, '17<main.rpyeffect:9(Name(=_0))>+1: {"op": "Return". "args": {"num": []. "ptr": [0]}}')
debug_merge_point(0, 0, '209<main.rpyeffect:201([k@Name(is_dollar_53)#538])>+0: {"op": "Const". "type": "num". "out": 0. "value": 36}')
debug_merge_point(0, 0, '209<main.rpyeffect:201([k@Name(is_dollar_53)#538])>+1: {"op": "Invoke". "receiver": 0. "tag": Interned(%apply(n):n). "args" : {"num": [0]. "ptr": []}}')
debug_merge_point(0, 0, '10<main.rpyeffect:2([method_%apply(n):n@Name(=_0)#7])>+0: {"op": "Jump". "target": 8}')
debug_merge_point(0, 0, '8<main.rpyeffect:0([mcore:[#13]#3])>+0: {"op": "PrimOp". "name": "infixEq(Int. Int): Boolean". "out": {"num": [0]. "ptr": []}. "in": {"num": [1. 0]. "ptr": []}}')
debug_merge_point(0, 0, '8<main.rpyeffect:0([mcore:[#13]#3])>+1: {"op": "Return". "args": {"num": [0]. "ptr": []}}')
debug_merge_point(0, 0, '224<main.rpyeffect:216([k@[k@Name(parse_58)#550]#552])>+0: {"op": "Switch". "scrutinee": 0. "values": [1]. "targets": [213]. "default": 223}')
debug_merge_point(0, 0, '223<main.rpyeffect:215([switch default case#569])>+0: {"op": "Swap". "type": "num". "a": 1. "b". 2}')
debug_merge_point(0, 0, '223<main.rpyeffect:215([switch default case#569])>+1: {"op": "Swap". "type": "num". "a": 0. "b". 2}')
debug_merge_point(0, 0, '223<main.rpyeffect:215([switch default case#569])>+2: {"op": "Switch". "scrutinee": 2. "values": [0]. "targets": [221]. "default": 222}')
debug_merge_point(0, 0, '221<main.rpyeffect:213([switch case for 0#570])>+0: {"op": "Push". "target": 220. "args": {"num": [0]. "ptr": []}}')
debug_merge_point(0, 0, '221<main.rpyeffect:213([switch case for 0#570])>+1: {"op": "Copy". "type": "num". "from": 1. "to". 0}')
debug_merge_point(0, 0, '221<main.rpyeffect:213([switch case for 0#570])>+2: {"op": "Jump". "target": 208}')
debug_merge_point(0, 0, '208<main.rpyeffect:200(Name(is_newline_49))>+0: {"op": "Push". "target": 207. "args": {"num": []. "ptr": []}}')
debug_merge_point(0, 0, '208<main.rpyeffect:200(Name(is_newline_49))>+1: {"op": "Jump". "target": 17}')
debug_merge_point(0, 0, '17<main.rpyeffect:9(Name(=_0))>+0: {"op": "New". "out": 0. "targets": [10. 12. 14. 16]. "args": {"num": [0]. "ptr": []}}')
debug_merge_point(0, 0, '17<main.rpyeffect:9(Name(=_0))>+1: {"op": "Return". "args": {"num": []. "ptr": [0]}}')
debug_merge_point(0, 0, '207<main.rpyeffect:199([k@Name(is_newline_49)#534])>+0: {"op": "Const". "type": "num". "out": 0. "value": 10}')
debug_merge_point(0, 0, '207<main.rpyeffect:199([k@Name(is_newline_49)#534])>+1: {"op": "Invoke". "receiver": 0. "tag": Interned(%apply(n):n). "args" : {"num": [0]. "ptr": []}}')
debug_merge_point(0, 0, '10<main.rpyeffect:2([method_%apply(n):n@Name(=_0)#7])>+0: {"op": "Jump". "target": 8}')
debug_merge_point(0, 0, '8<main.rpyeffect:0([mcore:[#13]#3])>+0: {"op": "PrimOp". "name": "infixEq(Int. Int): Boolean". "out": {"num": [0]. "ptr": []}. "in": {"num": [1. 0]. "ptr": []}}')
debug_merge_point(0, 0, '8<main.rpyeffect:0([mcore:[#13]#3])>+1: {"op": "Return". "args": {"num": [0]. "ptr": []}}')
debug_merge_point(0, 0, '220<main.rpyeffect:212([k@[switch case for 0#570]#572])>+0: {"op": "Switch". "scrutinee": 0. "values": [1]. "targets": [215]. "default": 219}')
debug_merge_point(0, 0, '215<main.rpyeffect:207([switch case for 1#573])>+0: {"op": "Const". "type": "num". "out": 0. "value": 0}')
debug_merge_point(0, 0, '215<main.rpyeffect:207([switch case for 1#573])>+1: {"op": "Const". "type": "ptr". "out": 0. "format": "string". "value": "Name(Emit_1)"}')
debug_merge_point(0, 0, '215<main.rpyeffect:207([switch case for 1#573])>+2: {"op": "PrimOp". "name": "getGlobal(String): Ptr". "out": {"num": []. "ptr": [0]}. "in": {"num": []. "ptr": [0]}}')
debug_merge_point(0, 0, '215<main.rpyeffect:207([switch case for 1#573])>+3: {"op": "GetDynamic". "out": 0. "n": 0. "label": 0}')
+472: i53 = instance_ptr_eq(p28, ConstPtr(ptr52))
guard_false(i53, descr=<Guard0x1400c9820>) [p0, i1, i2, i3, i4, i5, i6, i7, i8, i9, i10, i11, i12, i13, p14, p15, p16, p17, p18, p19, p20, p21, p22, p23, p24, p25, p26, p27, p28, i29, i30, p31, p32, p33, p34, p35]
+480: i54 = getfield_gc_i(p34, descr=<FieldS rpyeffect.stack.Label.inst_origin 8 pure>)
+488: guard_value(i54, 353321, descr=<Guard0x1400c9860>) [p0, i1, i2, i3, i4, i5, i6, i7, i8, i9, i10, i11, i12, i13, p14, p15, p16, p17, p18, p19, p20, p21, p22, p23, p24, p25, p26, p27, p28, i29, i30, p31, p32, p33, p34, p35]
+504: i57 = instance_ptr_eq(p34, ConstPtr(ptr56))
guard_false(i57, descr=<Guard0x1400c98a0>) [p0, i1, i2, i3, i4, i5, i6, i7, i8, i9, i10, i11, i12, i13, p14, p15, p16, p17, p18, p19, p20, p21, p22, p23, p24, p25, p26, p27, p28, i29, i30, p31, p32, p33, p34, p35]
+512: guard_nonnull_class(p33, ConstClass(MetaStackWithBinding), descr=<Guard0x1400c6440>) [p0, i1, i2, i3, i4, i5, i6, i7, i8, i9, i10, i11, i12, i13, p14, p15, p16, p17, p18, p19, p20, p21, p22, p23, p24, p25, p26, p27, p28, i29, i30, p31, p32, p33, p34, p35]
+540: p59 = getfield_gc_r(p33, descr=<FieldP rpyeffect.stack.MetaStack.inst_label 16 pure>)
+544: i60 = getfield_gc_i(p59, descr=<FieldS rpyeffect.stack.Label.inst_origin 8 pure>)
+548: guard_value(i60, 353316, descr=<Guard0x1400c98e0>) [p0, i1, i2, i3, i4, i5, i6, i7, i8, i9, i10, i11, i12, i13, p14, p15, p16, p17, p18, p19, p20, p21, p22, p23, p24, p25, p26, p27, p28, i29, i30, p31, p32, p33, p34, p35]
+564: i63 = instance_ptr_eq(p59, ConstPtr(ptr62))
guard_true(i63, descr=<Guard0x1400c9920>) [p0, i1, i2, i3, i4, i5, i6, i7, i8, i9, i10, i11, i12, i13, p14, p15, p16, p17, p18, p19, p20, p21, p22, p23, p24, p25, p26, p27, p28, i29, i30, p31, p32, p33, p34, p35]
+572: p64 = getfield_gc_r(p33, descr=<FieldP rpyeffect.stack.MetaStackWithBinding.inst_binding 40 pure>)
debug_merge_point(0, 0, '215<main.rpyeffect:207([switch case for 1#573])>+4: {"op": "Push". "target": 214. "args": {"num": []. "ptr": []}}')
debug_merge_point(0, 0, '215<main.rpyeffect:207([switch case for 1#573])>+5: {"op": "Copy". "type": "num". "from": 1. "to". 0}')
debug_merge_point(0, 0, '215<main.rpyeffect:207([switch case for 1#573])>+6: {"op": "Invoke". "receiver": 0. "tag": Interned(%Emit_1(n):p). "args" : {"num": [0]. "ptr": []}}')
+576: p65 = getfield_gc_r(p64, descr=<FieldP rpyeffect.stored_environment.CoData__arb_arb.inst_vtable 24 pure>)
+584: guard_value(p65, ConstPtr(ptr66), descr=<Guard0x1400c9960>) [p0, i1, i2, i3, i4, i5, i6, i7, i8, i9, i10, i11, i12, i13, p14, p15, p16, p17, p18, p19, p20, p21, p22, p23, p24, p25, p26, p27, p28, i29, i30, p31, p32, p33, p34, p35]
debug_merge_point(0, 0, '242<main.rpyeffect:234([method_%Emit_1(n):p@[mcore:[#46]#621]#623])>+0: {"op": "Const". "type": "num". "out": 1. "value": 0}')
debug_merge_point(0, 0, '242<main.rpyeffect:234([method_%Emit_1(n):p@[mcore:[#46]#621]#623])>+1: {"op": "Const". "type": "ptr". "out": 0. "format": "string". "value": "Name(Emit_1)"}')
debug_merge_point(0, 0, '242<main.rpyeffect:234([method_%Emit_1(n):p@[mcore:[#46]#621]#623])>+2: {"op": "PrimOp". "name": "getGlobal(String): Ptr". "out": {"num": []. "ptr": [0]}. "in": {"num": []. "ptr": [0]}}')
debug_merge_point(0, 0, '242<main.rpyeffect:234([method_%Emit_1(n):p@[mcore:[#46]#621]#623])>+3: {"op": "ShiftDyn". "out": 0. "n": 1. "label": 0}')
+592: p67 = getfield_gc_r(p33, descr=<FieldP rpyeffect.stack.MetaStack.inst_region 24 pure>)
+596: guard_isnull(p67, descr=<Guard0x1400c99a0>) [p0, i1, i2, i3, i4, i5, i6, i7, i8, i9, i10, i11, i12, i13, p14, p15, p16, p17, p18, p19, p20, p21, p22, p23, p24, p25, p26, p27, p28, i29, i30, p31, p32, p33, p34, p35]
+604: p68 = getfield_gc_r(p33, descr=<FieldP rpyeffect.stack.MetaStackLike.inst_stack 8 pure>)
+608: p69 = getfield_gc_r(p33, descr=<FieldP rpyeffect.stack.MetaStack.inst_tail 32 pure>)
+612: guard_nonnull_class(p69, 4375686888, descr=<Guard0x1400c6498>) [p0, i1, i2, i3, i4, i5, i6, i7, i8, i9, i10, i11, i12, i13, p14, p15, p16, p17, p18, p19, p20, p21, p22, p23, p24, p25, p26, p27, p28, i29, i30, p31, p32, p33, p34, p35]
+636: p71 = getfield_gc_r(p69, descr=<FieldP rpyeffect.stack.MetaStackLike.inst_stack 8 pure>)
+640: p72 = getfield_gc_r(p69, descr=<FieldP rpyeffect.stack.MetaStack.inst_label 16 pure>)
+644: p73 = getfield_gc_r(p69, descr=<FieldP rpyeffect.stack.MetaStack.inst_tail 32 pure>)
+648: guard_nonnull(p71, descr=<Guard0x1400c99e0>) [p0, i1, i2, i3, i4, i5, i6, i7, i8, i9, i10, i11, i12, i13, p14, p15, p16, p17, p18, p19, p20, p21, p22, p23, p24, p25, p26, p27, p28, i29, i30, p31, p32, p33, p34, p35]
+656: i74 = getfield_gc_i(p71, descr=<FieldS rpyeffect.stored_environment.Stack__arb_arb.inst_target 16 pure>)
+664: guard_value(i74, 230, descr=<Guard0x1400c9a20>) [p0, i1, i2, i3, i4, i5, i6, i7, i8, i9, i10, i11, i12, i13, p14, p15, p16, p17, p18, p19, p20, p21, p22, p23, p24, p25, p26, p27, p28, i29, i30, p31, p32, p33, p34, p35]
debug_merge_point(0, 0, '242<main.rpyeffect:234([method_%Emit_1(n):p@[mcore:[#46]#621]#623])>+4: {"op": "New". "out": 0. "targets": [235. 237. 239. 241]. "args": {"num": [0]. "ptr": [0]}}')
debug_merge_point(0, 0, '242<main.rpyeffect:234([method_%Emit_1(n):p@[mcore:[#46]#621]#623])>+5: {"op": "Return". "args": {"num": []. "ptr": [0]}}')
+676: i76 = getfield_gc_i(p71, descr=<FieldS rpyeffect.stored_environment.Stack__2_0.inst_values_num_0 40 pure>)
+680: i77 = getfield_gc_i(p71, descr=<FieldS rpyeffect.stored_environment.Stack__2_0.inst_values_num_1 48 pure>)
+688: p78 = getfield_gc_r(p71, descr=<FieldP rpyeffect.stored_environment.Stack__arb_arb.inst_tail 8 pure>)
+692: guard_nonnull(p78, descr=<Guard0x1400c9a60>) [p0, i1, i2, i3, i4, i5, i6, i7, i8, i9, i10, i11, i12, i13, p14, p15, p16, p17, p18, p19, p20, p21, p22, p23, p24, p25, p26, p27, p28, i29, i30, p31, p32, p33, p34, p35]
+700: i79 = getfield_gc_i(p78, descr=<FieldS rpyeffect.stored_environment.Stack__arb_arb.inst_target 16 pure>)
+704: guard_value(i79, 1, descr=<Guard0x1400c9aa0>) [p0, i1, i2, i3, i4, i5, i6, i7, i8, i9, i10, i11, i12, i13, p14, p15, p16, p17, p18, p19, p20, p21, p22, p23, p24, p25, p26, p27, p28, i29, i30, p31, p32, p33, p34, p35]
debug_merge_point(0, 0, '230<main.rpyeffect:222([k@[mcore:[#43]#611]#615])>+0: {"op": "Push". "target": 229. "args": {"num": [0]. "ptr": [0]}}')
debug_merge_point(0, 0, '230<main.rpyeffect:222([k@[mcore:[#43]#611]#615])>+1: {"op": "Copy". "type": "num". "from": 1. "to". 0}')
debug_merge_point(0, 0, '230<main.rpyeffect:222([k@[mcore:[#43]#611]#615])>+2: {"op": "Jump". "target": 143}')
debug_merge_point(0, 0, '143<main.rpyeffect:135(Name(+_27))>+0: {"op": "New". "out": 0. "targets": [136. 138. 140. 142]. "args": {"num": [0]. "ptr": []}}')
debug_merge_point(0, 0, '143<main.rpyeffect:135(Name(+_27))>+1: {"op": "Return". "args": {"num": []. "ptr": [0]}}')
debug_merge_point(0, 0, '229<main.rpyeffect:221([k@[k@[mcore:[#43]#611]#615]#617])>+0: {"op": "Push". "target": 228. "args": {"num": []. "ptr": [1]}}')
debug_merge_point(0, 0, '229<main.rpyeffect:221([k@[k@[mcore:[#43]#611]#615]#617])>+1: {"op": "Invoke". "receiver": 0. "tag": Interned(%apply(n):n). "args" : {"num": [0]. "ptr": []}}')
debug_merge_point(0, 0, '136<main.rpyeffect:128([method_%apply(n):n@Name(+_27)#347])>+0: {"op": "Jump". "target": 134}')
debug_merge_point(0, 0, '134<main.rpyeffect:126([mcore:[#24]#343])>+0: {"op": "PrimOp". "name": "infixAdd(Int. Int): Int". "out": {"num": [0]. "ptr": []}. "in": {"num": [1. 0]. "ptr": []}}')
+716: i81 = int_add(i77, i76)
debug_merge_point(0, 0, '134<main.rpyeffect:126([mcore:[#24]#343])>+1: {"op": "Return". "args": {"num": [0]. "ptr": []}}')
debug_merge_point(0, 0, '228<main.rpyeffect:220([k@[k@[k@[mcore:[#43]#611]#615]#617]#619])>+0: {"op": "Invoke". "receiver": 0. "tag": Interned(%apply(n):n). "args" : {"num": [0]. "ptr": []}}')
debug_merge_point(0, 0, '235<main.rpyeffect:227([#635])>+0: {"op": "Jump". "target": 231}')
debug_merge_point(0, 0, '231<main.rpyeffect:223([mcore:[#43]#611])>+0: {"op": "Construct". "out": 1. "type": Interned({"op": "eff$Tuple". "elements": []}). "tag": Interned({"op": "eff$Tuple". "elements": []}). "args": {"num": []. "ptr": []}}')
debug_merge_point(0, 0, '231<main.rpyeffect:223([mcore:[#43]#611])>+1: {"op": "Push". "target": 230. "args": {"num": [1. 0]. "ptr": []}}')
debug_merge_point(0, 0, '231<main.rpyeffect:223([mcore:[#43]#611])>+2: {"op": "Swap". "type": "ptr". "a": 1. "b". 0}')
debug_merge_point(0, 0, '231<main.rpyeffect:223([mcore:[#43]#611])>+3: {"op": "Jump". "target": 227}')
debug_merge_point(0, 0, '227<main.rpyeffect:219(Name(k_248))>+0: {"op": "PushStack". "arg": 1}')
debug_merge_point(0, 0, '227<main.rpyeffect:219(Name(k_248))>+1: {"op": "Return". "args": {"num": []. "ptr": [0]}}')
debug_merge_point(0, 0, '214<main.rpyeffect:206([k@[switch case for 1#573]#581])>+0: {"op": "Const". "type": "num". "out": 0. "value": 0}')
debug_merge_point(0, 0, '214<main.rpyeffect:206([k@[switch case for 1#573]#581])>+1: {"op": "Const". "type": "ptr". "out": 0. "format": "string". "value": "Name(Emit_1)"}')
debug_merge_point(0, 0, '214<main.rpyeffect:206([k@[switch case for 1#573]#581])>+2: {"op": "PrimOp". "name": "getGlobal(String): Ptr". "out": {"num": []. "ptr": [0]}. "in": {"num": []. "ptr": [0]}}')
debug_merge_point(0, 0, '214<main.rpyeffect:206([k@[switch case for 1#573]#581])>+3: {"op": "Const". "type": "ptr". "out": 1. "format": "string". "value": "Name(Reade_0)"}')
debug_merge_point(0, 0, '214<main.rpyeffect:206([k@[switch case for 1#573]#581])>+4: {"op": "PrimOp". "name": "getGlobal(String): Ptr". "out": {"num": []. "ptr": [1]}. "in": {"num": []. "ptr": [1]}}')
debug_merge_point(0, 0, '214<main.rpyeffect:206([k@[switch case for 1#573]#581])>+5: {"op": "Const". "type": "ptr". "out": 2. "format": "string". "value": "Name(Stop_2)"}')
debug_merge_point(0, 0, '214<main.rpyeffect:206([k@[switch case for 1#573]#581])>+6: {"op": "PrimOp". "name": "getGlobal(String): Ptr". "out": {"num": []. "ptr": [2]}. "in": {"num": []. "ptr": [2]}}')
debug_merge_point(0, 0, '214<main.rpyeffect:206([k@[switch case for 1#573]#581])>+7: {"op": "Jump". "target": 226}')
debug_merge_point(0, 0, '226<main.rpyeffect:218(Name(parse_58))>+0: {"op": "Const". "type": "num". "out": 1. "value": 0}')
debug_merge_point(0, 0, '226<main.rpyeffect:218(Name(parse_58))>+1: {"op": "Const". "type": "ptr". "out": 0. "format": "string". "value": "Name(Reade_0)"}')
debug_merge_point(0, 0, '226<main.rpyeffect:218(Name(parse_58))>+2: {"op": "PrimOp". "name": "getGlobal(String): Ptr". "out": {"num": []. "ptr": [0]}. "in": {"num": []. "ptr": [0]}}')
debug_merge_point(0, 0, '226<main.rpyeffect:218(Name(parse_58))>+3: {"op": "GetDynamic". "out": 0. "n": 1. "label": 0}')
debug_merge_point(0, 0, '226<main.rpyeffect:218(Name(parse_58))>+4: {"op": "Construct". "out": 1. "type": Interned({"op": "eff$Tuple". "elements": []}). "tag": Interned({"op": "eff$Tuple". "elements": []}). "args": {"num": []. "ptr": []}}')
debug_merge_point(0, 0, '226<main.rpyeffect:218(Name(parse_58))>+5: {"op": "Push". "target": 225. "args": {"num": [0]. "ptr": []}}')
debug_merge_point(0, 0, '226<main.rpyeffect:218(Name(parse_58))>+6: {"op": "Swap". "type": "ptr". "a": 1. "b". 0}')
+720: p82 = new_with_vtable(descr=<SizeDescr 48>)
+832: p83 = new_with_vtable(descr=<SizeDescr 48>)
+844: p84 = new_with_vtable(descr=<SizeDescr 48>)
+856: setfield_gc(p84, p31, descr=<FieldP rpyeffect.stored_environment.Stack__arb_arb.inst_tail 8 pure>)
+860: setfield_gc(p84, 278, descr=<FieldS rpyeffect.stored_environment.Stack__arb_arb.inst_target 16 pure>)
+868: setfield_gc(p84, i30, descr=<FieldS rpyeffect.stored_environment.Stack__1_0.inst_values_num_0 40 pure>)
+872: p86 = new_with_vtable(descr=<SizeDescr 48>)
+884: setfield_gc(p86, p68, descr=<FieldP rpyeffect.stack.MetaStackLike.inst_stack 8 pure>)
+888: setfield_gc(p86, p59, descr=<FieldP rpyeffect.stack.MetaStack.inst_label 16 pure>)
+892: setfield_gc(p86, ConstPtr(null), descr=<FieldP rpyeffect.stack.MetaStack.inst_region 24 pure>)
+900: p88 = new_with_vtable(descr=<SizeDescr 40>)
+912: p89 = new_with_vtable(descr=<SizeDescr 56>)
+924: setfield_gc(p89, p78, descr=<FieldP rpyeffect.stored_environment.Stack__arb_arb.inst_tail 8 pure>)
+928: setfield_gc(p89, 230, descr=<FieldS rpyeffect.stored_environment.Stack__arb_arb.inst_target 16 pure>)
+936: setfield_gc(p89, i1, descr=<FieldS rpyeffect.stored_environment.Stack__2_0.inst_values_num_0 40 pure>)
+940: setfield_gc(p89, i81, descr=<FieldS rpyeffect.stored_environment.Stack__2_0.inst_values_num_1 48 pure>)
+944: setfield_gc(p88, p89, descr=<FieldP rpyeffect.stack.MetaStackLike.inst_stack 8 pure>)
+948: setfield_gc(p88, p72, descr=<FieldP rpyeffect.stack.MetaStack.inst_label 16 pure>)
+956: setfield_gc(p88, ConstPtr(null), descr=<FieldP rpyeffect.stack.MetaStack.inst_region 24 pure>)
+964: setfield_gc(p88, p73, descr=<FieldP rpyeffect.stack.MetaStack.inst_tail 32 pure>)
+968: setfield_gc(p86, p88, descr=<FieldP rpyeffect.stack.MetaStack.inst_tail 32 pure>)
+972: setfield_gc(p86, p64, descr=<FieldP rpyeffect.stack.MetaStackWithBinding.inst_binding 40 pure>)
+976: p92 = new_with_vtable(descr=<SizeDescr 32>)
+988: setfield_gc(p82, 225, descr=<FieldS rpyeffect.stored_environment.Stack__arb_arb.inst_target 16 pure>)
+996: setfield_gc(p83, p34, descr=<FieldP rpyeffect.stack.MetaStack.inst_label 16 pure>)
+1000: setfield_gc(p83, p32, descr=<FieldP rpyeffect.stack.MetaStackWithBinding.inst_binding 40 pure>)
+1008: setfield_gc(p83, ConstPtr(null), descr=<FieldP rpyeffect.stack.MetaStack.inst_region 24 pure>)
+1016: setfield_gc(p83, p84, descr=<FieldP rpyeffect.stack.MetaStackLike.inst_stack 8 pure>)
+1020: setfield_gc(p83, p86, descr=<FieldP rpyeffect.stack.MetaStack.inst_tail 32 pure>)
+1024: setfield_gc(p82, p35, descr=<FieldP rpyeffect.stored_environment.Stack__arb_arb.inst_tail 8 pure>)
+1028: setfield_gc(p82, 0, descr=<FieldS rpyeffect.stored_environment.Stack__1_0.inst_values_num_0 40 pure>)
+1040: setfield_gc(p92, ConstPtr(ptr96), descr=<FieldP rpyeffect.stored_environment.Data__arb_arb.inst_tag 8>)
+1112: jump(p28, p82, p0, p83, p14, 0, 0, 0, i38, 10, i3, i4, i5, i6, i7, i8, i9, i10, i11, i12, i13, p14, p92, ConstPtr(ptr101), p15, p16, p17, p18, p19, p20, p21, p22, p23, p24, p25, p26, p27, descr=TargetToken(5641255760))
+1188: --end of the loop--
[1356a9c] jit-log-opt-bridge}
[14899be] {jit-log-opt-bridge
# bridge out of Guard 0x1503f3b20 with 174 ops
[p0, i1, i2, i3, i4, i5, i6, i7, i8, i9, i10, i11, i12, i13, i14, i15, i16, p17, p18, p19, p20, p21, p22, p23, p24, p25, p26, p27, p28, p29, p30, p31, p32, p33, p34, p35, p36]
+248: guard_not_invalidated(descr=<Guard0x1400ef938>) [p0, i1, i2, i3, i4, i5, i6, i7, i8, i9, i10, i11, i12, i13, i14, i15, i16, p17, p18, p19, p20, p21, p22, p23, p24, p25, p26, p27, p28, p29, p30, p31, p32, p33, p34, p35, p36]
debug_merge_point(0, 0, '226<main.rpyeffect:218(Name(parse_58))>+7: {"op": "Invoke". "receiver": 1. "tag": Interned(%Reade_0(p):n). "args" : {"num": []. "ptr": [0]}}')
+252: p37 = getfield_gc_r(p17, descr=<FieldP rpyeffect.stored_environment.CoData__arb_arb.inst_vtable 24 pure>)
+260: guard_value(p37, ConstPtr(ptr38), descr=<Guard0x1400f28e0>) [p0, i1, i2, i3, i4, i5, i6, i7, i8, i9, i10, i11, i12, i13, i14, i15, i16, p17, p18, p19, p20, p21, p22, p23, p24, p25, p26, p27, p28, p29, p30, p31, p32, p33, p34, p35, p36]
+268: i39 = getfield_gc_i(p17, descr=<FieldS rpyeffect.stored_environment.CoData__1_0.inst_values_num_0 32 pure>)
debug_merge_point(0, 0, '317<main.rpyeffect:309([method_%Reade_0(p):n@[mcore:[#62]#912]#914])>+0: {"op": "Const". "type": "num". "out": 1. "value": 0}')
debug_merge_point(0, 0, '317<main.rpyeffect:309([method_%Reade_0(p):n@[mcore:[#62]#912]#914])>+1: {"op": "Const". "type": "ptr". "out": 1. "format": "string". "value": "Name(Reade_0)"}')
debug_merge_point(0, 0, '317<main.rpyeffect:309([method_%Reade_0(p):n@[mcore:[#62]#912]#914])>+2: {"op": "PrimOp". "name": "getGlobal(String): Ptr". "out": {"num": []. "ptr": [1]}. "in": {"num": []. "ptr": [1]}}')
debug_merge_point(0, 0, '317<main.rpyeffect:309([method_%Reade_0(p):n@[mcore:[#62]#912]#914])>+3: {"op": "ShiftDyn". "out": 1. "n": 1. "label": 1}')
+272: guard_nonnull(p36, descr=<Guard0x1400f2920>) [p0, i1, i2, i3, i4, i5, i6, i7, i8, i9, i10, i11, i12, i13, i14, i15, i16, p17, p18, p19, p20, p21, p22, p23, p24, p25, p26, p27, p28, p29, p30, p31, p32, p33, p34, p35, p36]
+284: i40 = getfield_gc_i(p33, descr=<FieldS rpyeffect.stack.Label.inst_origin 8 pure>)
+288: guard_value(i40, 353311, descr=<Guard0x1400f2960>) [p0, i1, i2, i3, i4, i5, i6, i7, i8, i9, i10, i11, i12, i13, i14, i15, i16, p17, p18, p19, p20, p21, p22, p23, p24, p25, p26, p27, p28, p29, p30, p31, p32, p33, p34, p35, p36]
+308: i43 = instance_ptr_eq(p33, ConstPtr(ptr42))
guard_true(i43, descr=<Guard0x1400f29a0>) [p0, i1, i2, i3, i4, i5, i6, i7, i8, i9, i10, i11, i12, i13, i14, i15, i16, p17, p18, p19, p20, p21, p22, p23, p24, p25, p26, p27, p28, p29, p30, p31, p32, p33, p34, p35, p36]
+316: guard_nonnull_class(p35, ConstClass(MetaStackWithBinding), descr=<Guard0x1400ef990>) [p0, i1, i2, i3, i4, i5, i6, i7, i8, i9, i10, i11, i12, i13, i14, i15, i16, p17, p18, p19, p20, p21, p22, p23, p24, p25, p26, p27, p28, p29, p30, p31, p32, p33, p34, p35, p36]
+340: p45 = getfield_gc_r(p35, descr=<FieldP rpyeffect.stack.MetaStackLike.inst_stack 8 pure>)
+344: p46 = getfield_gc_r(p35, descr=<FieldP rpyeffect.stack.MetaStack.inst_label 16 pure>)
+348: p47 = getfield_gc_r(p35, descr=<FieldP rpyeffect.stack.MetaStackWithBinding.inst_binding 40 pure>)
+352: p48 = getfield_gc_r(p35, descr=<FieldP rpyeffect.stack.MetaStack.inst_tail 32 pure>)
+356: guard_nonnull(p45, descr=<Guard0x1400f29e0>) [p0, i1, i2, i3, i4, i5, i6, i7, i8, i9, i10, i11, i12, i13, i14, i15, i16, p17, p18, p19, p20, p21, p22, p23, p24, p25, p26, p27, p28, p29, p30, p31, p32, p33, p34, p35, p36]
+364: i49 = getfield_gc_i(p45, descr=<FieldS rpyeffect.stored_environment.Stack__arb_arb.inst_target 16 pure>)
+368: guard_value(i49, 278, descr=<Guard0x1400f2a20>) [p0, i1, i2, i3, i4, i5, i6, i7, i8, i9, i10, i11, i12, i13, i14, i15, i16, p17, p18, p19, p20, p21, p22, p23, p24, p25, p26, p27, p28, p29, p30, p31, p32, p33, p34, p35, p36]
debug_merge_point(0, 0, '317<main.rpyeffect:309([method_%Reade_0(p):n@[mcore:[#62]#912]#914])>+4: {"op": "Swap". "type": "ptr". "a": 1. "b". 0}')
debug_merge_point(0, 0, '317<main.rpyeffect:309([method_%Reade_0(p):n@[mcore:[#62]#912]#914])>+5: {"op": "Match". "type": Interned({"op": "eff$Tuple". "elements": []}). "scrutinee": 1. "clauses": [{"tag": Interned({"op": "eff$Tuple". "elements": []}). "target": 316. "args": {"num": []. "ptr": []}}]. "default": {"tag": Interned(74daf2d0-4735-4ddf-904c-67170a32738c#[Missing Tag#1285]). "target": 311. "args": {"num": []. "ptr": []}}}')
+380: p51 = getfield_gc_r(p18, descr=<FieldP rpyeffect.stored_environment.Data__arb_arb.inst_tag 8>)
+388: guard_value(p51, ConstPtr(ptr52), descr=<Guard0x1400f2a60>) [p0, i1, i2, i3, i4, i5, i6, i7, i8, i9, i10, i11, i12, i13, i14, i15, i16, p17, p18, p19, p20, p21, p22, p23, p24, p25, p26, p27, p28, p29, p30, p31, p32, p33, p34, p35, p36]
debug_merge_point(0, 0, '316<main.rpyeffect:308([#926])>+0: {"op": "New". "out": 0. "targets": [313. 315]. "args": {"num": [0]. "ptr": [0]}}')
debug_merge_point(0, 0, '316<main.rpyeffect:308([#926])>+1: {"op": "Return". "args": {"num": []. "ptr": [0]}}')
+396: i53 = getfield_gc_i(p45, descr=<FieldS rpyeffect.stored_environment.Stack__1_0.inst_values_num_0 40 pure>)
+400: p54 = getfield_gc_r(p45, descr=<FieldP rpyeffect.stored_environment.Stack__arb_arb.inst_tail 8 pure>)
+404: guard_nonnull(p54, descr=<Guard0x1400f2aa0>) [p0, i1, i2, i3, i4, i5, i6, i7, i8, i9, i10, i11, i12, i13, i14, i15, i16, p17, p18, p19, p20, p21, p22, p23, p24, p25, p26, p27, p28, p29, p30, p31, p32, p33, p34, p35, p36]
+412: i55 = getfield_gc_i(p54, descr=<FieldS rpyeffect.stored_environment.Stack__arb_arb.inst_target 16 pure>)
+416: guard_value(i55, 268, descr=<Guard0x1400f2ae0>) [p0, i1, i2, i3, i4, i5, i6, i7, i8, i9, i10, i11, i12, i13, i14, i15, i16, p17, p18, p19, p20, p21, p22, p23, p24, p25, p26, p27, p28, p29, p30, p31, p32, p33, p34, p35, p36]
debug_merge_point(0, 0, '278<main.rpyeffect:270([k@[switch case for 1#787]#794])>+0: {"op": "Push". "target": 277. "args": {"num": [0]. "ptr": [0]}}')
debug_merge_point(0, 0, '278<main.rpyeffect:270([k@[switch case for 1#787]#794])>+1: {"op": "Jump". "target": 143}')
debug_merge_point(0, 0, '143<main.rpyeffect:135(Name(+_27))>+0: {"op": "New". "out": 0. "targets": [136. 138. 140. 142]. "args": {"num": [0]. "ptr": []}}')
debug_merge_point(0, 0, '143<main.rpyeffect:135(Name(+_27))>+1: {"op": "Return". "args": {"num": []. "ptr": [0]}}')
debug_merge_point(0, 0, '277<main.rpyeffect:269([k@[k@[switch case for 1#787]#794]#796])>+0: {"op": "Const". "type": "num". "out": 1. "value": 1}')
debug_merge_point(0, 0, '277<main.rpyeffect:269([k@[k@[switch case for 1#787]#794]#796])>+1: {"op": "Push". "target": 276. "args": {"num": [0]. "ptr": [1]}}')
debug_merge_point(0, 0, '277<main.rpyeffect:269([k@[k@[switch case for 1#787]#794]#796])>+2: {"op": "Copy". "type": "num". "from": 1. "to". 0}')
debug_merge_point(0, 0, '277<main.rpyeffect:269([k@[k@[switch case for 1#787]#794]#796])>+3: {"op": "Invoke". "receiver": 0. "tag": Interned(%apply(n):n). "args" : {"num": [0]. "ptr": []}}')
debug_merge_point(0, 0, '136<main.rpyeffect:128([method_%apply(n):n@Name(+_27)#347])>+0: {"op": "Jump". "target": 134}')
debug_merge_point(0, 0, '134<main.rpyeffect:126([mcore:[#24]#343])>+0: {"op": "PrimOp". "name": "infixAdd(Int. Int): Int". "out": {"num": [0]. "ptr": []}. "in": {"num": [1. 0]. "ptr": []}}')
+428: i58 = int_add(i53, 1)
debug_merge_point(0, 0, '134<main.rpyeffect:126([mcore:[#24]#343])>+1: {"op": "Return". "args": {"num": [0]. "ptr": []}}')
debug_merge_point(0, 0, '276<main.rpyeffect:268([#800])>+0: {"op": "Push". "target": 275. "args": {"num": [1]. "ptr": []}}')
debug_merge_point(0, 0, '276<main.rpyeffect:268([#800])>+1: {"op": "Invoke". "receiver": 0. "tag": Interned(%apply(n):p). "args" : {"num": [0]. "ptr": []}}')
debug_merge_point(0, 0, '313<main.rpyeffect:305([method_%apply(n):p@[#926]#930])>+0: {"op": "Const". "type": "ptr". "out": 1. "format": "string". "value": "Name(Stop_2)"}')
debug_merge_point(0, 0, '313<main.rpyeffect:305([method_%apply(n):p@[#926]#930])>+1: {"op": "PrimOp". "name": "getGlobal(String): Ptr". "out": {"num": []. "ptr": [1]}. "in": {"num": []. "ptr": [1]}}')
debug_merge_point(0, 0, '313<main.rpyeffect:305([method_%apply(n):p@[#926]#930])>+2: {"op": "Const". "type": "ptr". "out": 2. "format": "string". "value": "Name(dollar_52)"}')
debug_merge_point(0, 0, '313<main.rpyeffect:305([method_%apply(n):p@[#926]#930])>+3: {"op": "PrimOp". "name": "getGlobal(String): Ptr". "out": {"num": []. "ptr": [2]}. "in": {"num": []. "ptr": [2]}}')
debug_merge_point(0, 0, '313<main.rpyeffect:305([method_%apply(n):p@[#926]#930])>+4: {"op": "PrimOp". "name": "unbox(Ptr): Num". "out": {"num": [2]. "ptr": []}. "in": {"num": []. "ptr": [2]}}')
debug_merge_point(0, 0, '313<main.rpyeffect:305([method_%apply(n):p@[#926]#930])>+5: {"op": "Const". "type": "ptr". "out": 2. "format": "string". "value": "Name(newline_48)"}')
debug_merge_point(0, 0, '313<main.rpyeffect:305([method_%apply(n):p@[#926]#930])>+6: {"op": "PrimOp". "name": "getGlobal(String): Ptr". "out": {"num": []. "ptr": [2]}. "in": {"num": []. "ptr": [2]}}')
debug_merge_point(0, 0, '313<main.rpyeffect:305([method_%apply(n):p@[#926]#930])>+7: {"op": "PrimOp". "name": "unbox(Ptr): Num". "out": {"num": [3]. "ptr": []}. "in": {"num": []. "ptr": [2]}}')
debug_merge_point(0, 0, '313<main.rpyeffect:305([method_%apply(n):p@[#926]#930])>+8: {"op": "Swap". "type": "ptr". "a": 1. "b". 0}')
debug_merge_point(0, 0, '313<main.rpyeffect:305([method_%apply(n):p@[#926]#930])>+9: {"op": "Swap". "type": "num". "a": 1. "b". 2}')
debug_merge_point(0, 0, '313<main.rpyeffect:305([method_%apply(n):p@[#926]#930])>+10: {"op": "Jump". "target": 303}')
debug_merge_point(0, 0, '303<main.rpyeffect:295([mcore:[#58]#832])>+0: {"op": "New". "out": 0. "targets": [296. 298. 300. 302]. "args": {"num": [0. 2]. "ptr": [1]}}')
debug_merge_point(0, 0, '303<main.rpyeffect:295([mcore:[#58]#832])>+1: {"op": "Return". "args": {"num": []. "ptr": [0]}}')
debug_merge_point(0, 0, '275<main.rpyeffect:267([k@[#800]#802])>+0: {"op": "Push". "target": 274. "args": {"num": []. "ptr": [0]}}')
debug_merge_point(0, 0, '275<main.rpyeffect:267([k@[#800]#802])>+1: {"op": "Jump". "target": 143}')
debug_merge_point(0, 0, '143<main.rpyeffect:135(Name(+_27))>+0: {"op": "New". "out": 0. "targets": [136. 138. 140. 142]. "args": {"num": [0]. "ptr": []}}')
debug_merge_point(0, 0, '143<main.rpyeffect:135(Name(+_27))>+1: {"op": "Return". "args": {"num": []. "ptr": [0]}}')
debug_merge_point(0, 0, '274<main.rpyeffect:266([k@[k@[#800]#802]#804])>+0: {"op": "Const". "type": "num". "out": 0. "value": 1}')
debug_merge_point(0, 0, '274<main.rpyeffect:266([k@[k@[#800]#802]#804])>+1: {"op": "Push". "target": 273. "args": {"num": []. "ptr": [1]}}')
debug_merge_point(0, 0, '274<main.rpyeffect:266([k@[k@[#800]#802]#804])>+2: {"op": "Invoke". "receiver": 0. "tag": Interned(%apply(n):n). "args" : {"num": [0]. "ptr": []}}')
debug_merge_point(0, 0, '136<main.rpyeffect:128([method_%apply(n):n@Name(+_27)#347])>+0: {"op": "Jump". "target": 134}')
debug_merge_point(0, 0, '134<main.rpyeffect:126([mcore:[#24]#343])>+0: {"op": "PrimOp". "name": "infixAdd(Int. Int): Int". "out": {"num": [0]. "ptr": []}. "in": {"num": [1. 0]. "ptr": []}}')
debug_merge_point(0, 0, '134<main.rpyeffect:126([mcore:[#24]#343])>+1: {"op": "Return". "args": {"num": [0]. "ptr": []}}')
debug_merge_point(0, 0, '273<main.rpyeffect:265([k@[k@[k@[#800]#802]#804]#808])>+0: {"op": "Invoke". "receiver": 0. "tag": Interned(%apply(n):p). "args" : {"num": [0]. "ptr": []}}')
debug_merge_point(0, 0, '296<main.rpyeffect:288([method_%apply(n):p@[mcore:[#58]#832]#836])>+0: {"op": "Const". "type": "ptr". "out": 1. "format": "string". "value": "Name(Stop_2)"}')
debug_merge_point(0, 0, '296<main.rpyeffect:288([method_%apply(n):p@[mcore:[#58]#832]#836])>+1: {"op": "PrimOp". "name": "getGlobal(String): Ptr". "out": {"num": []. "ptr": [1]}. "in": {"num": []. "ptr": [1]}}')
debug_merge_point(0, 0, '296<main.rpyeffect:288([method_%apply(n):p@[mcore:[#58]#832]#836])>+2: {"op": "Const". "type": "ptr". "out": 2. "format": "string". "value": "Name(dollar_52)"}')
debug_merge_point(0, 0, '296<main.rpyeffect:288([method_%apply(n):p@[mcore:[#58]#832]#836])>+3: {"op": "PrimOp". "name": "getGlobal(String): Ptr". "out": {"num": []. "ptr": [2]}. "in": {"num": []. "ptr": [2]}}')
debug_merge_point(0, 0, '296<main.rpyeffect:288([method_%apply(n):p@[mcore:[#58]#832]#836])>+4: {"op": "PrimOp". "name": "unbox(Ptr): Num". "out": {"num": [3]. "ptr": []}. "in": {"num": []. "ptr": [2]}}')
debug_merge_point(0, 0, '296<main.rpyeffect:288([method_%apply(n):p@[mcore:[#58]#832]#836])>+5: {"op": "Const". "type": "ptr". "out": 2. "format": "string". "value": "Name(newline_48)"}')
debug_merge_point(0, 0, '296<main.rpyeffect:288([method_%apply(n):p@[mcore:[#58]#832]#836])>+6: {"op": "PrimOp". "name": "getGlobal(String): Ptr". "out": {"num": []. "ptr": [2]}. "in": {"num": []. "ptr": [2]}}')
debug_merge_point(0, 0, '296<main.rpyeffect:288([method_%apply(n):p@[mcore:[#58]#832]#836])>+7: {"op": "PrimOp". "name": "unbox(Ptr): Num". "out": {"num": [4]. "ptr": []}. "in": {"num": []. "ptr": [2]}}')
debug_merge_point(0, 0, '296<main.rpyeffect:288([method_%apply(n):p@[mcore:[#58]#832]#836])>+8: {"op": "Swap". "type": "ptr". "a": 1. "b". 0}')
debug_merge_point(0, 0, '296<main.rpyeffect:288([method_%apply(n):p@[mcore:[#58]#832]#836])>+9: {"op": "Swap". "type": "num". "a": 3. "b". 2}')
debug_merge_point(0, 0, '296<main.rpyeffect:288([method_%apply(n):p@[mcore:[#58]#832]#836])>+10: {"op": "Swap". "type": "num". "a": 1. "b". 2}')
debug_merge_point(0, 0, '296<main.rpyeffect:288([method_%apply(n):p@[mcore:[#58]#832]#836])>+11: {"op": "Jump". "target": 294}')
debug_merge_point(0, 0, '294<main.rpyeffect:286([mcore:[#57]#763])>+0: {"op": "Push". "target": 293. "args": {"num": [2. 0. 3]. "ptr": [1]}}')
debug_merge_point(0, 0, '294<main.rpyeffect:286([mcore:[#57]#763])>+1: {"op": "Copy". "type": "num". "from": 2. "to". 0}')
debug_merge_point(0, 0, '294<main.rpyeffect:286([mcore:[#57]#763])>+2: {"op": "Jump". "target": 37}')
debug_merge_point(0, 0, '37<main.rpyeffect:29(Name(>_2))>+0: {"op": "New". "out": 0. "targets": [30. 32. 34. 36]. "args": {"num": [0]. "ptr": []}}')
debug_merge_point(0, 0, '37<main.rpyeffect:29(Name(>_2))>+1: {"op": "Return". "args": {"num": []. "ptr": [0]}}')
debug_merge_point(0, 0, '293<main.rpyeffect:285([k@[mcore:[#57]#763]#765])>+0: {"op": "Push". "target": 292. "args": {"num": [0. 1]. "ptr": [1]}}')
debug_merge_point(0, 0, '293<main.rpyeffect:285([k@[mcore:[#57]#763]#765])>+1: {"op": "Copy". "type": "num". "from": 2. "to". 0}')
debug_merge_point(0, 0, '293<main.rpyeffect:285([k@[mcore:[#57]#763]#765])>+2: {"op": "Invoke". "receiver": 0. "tag": Interned(%apply(n):n). "args" : {"num": [0]. "ptr": []}}')
debug_merge_point(0, 0, '30<main.rpyeffect:22([method_%apply(n):n@Name(>_2)#67])>+0: {"op": "Jump". "target": 28}')
debug_merge_point(0, 0, '28<main.rpyeffect:20([mcore:[#15]#63])>+0: {"op": "PrimOp". "name": "infixGt(Int. Int): Boolean". "out": {"num": [0]. "ptr": []}. "in": {"num": [1. 0]. "ptr": []}}')
+432: i59 = int_gt(i58, i39)
guard_false(i59, descr=<Guard0x1400f2b20>) [p0, i1, i2, i3, i4, i5, i6, i7, i8, i9, i10, i11, i12, i13, i14, i15, i16, p17, p18, p19, p20, p21, p22, p23, p24, p25, p26, p27, p28, p29, p30, p31, p32, p33, p34, p35, p36]
debug_merge_point(0, 0, '28<main.rpyeffect:20([mcore:[#15]#63])>+1: {"op": "Return". "args": {"num": [0]. "ptr": []}}')
debug_merge_point(0, 0, '292<main.rpyeffect:284([k@[k@[mcore:[#57]#763]#765]#767])>+0: {"op": "Switch". "scrutinee": 0. "values": [1]. "targets": [272]. "default": 291}')
debug_merge_point(0, 0, '291<main.rpyeffect:283([switch default case#779])>+0: {"op": "Swap". "type": "num". "a": 1. "b". 2}')
debug_merge_point(0, 0, '291<main.rpyeffect:283([switch default case#779])>+1: {"op": "Swap". "type": "num". "a": 0. "b". 2}')
debug_merge_point(0, 0, '291<main.rpyeffect:283([switch default case#779])>+2: {"op": "Switch". "scrutinee": 2. "values": [0]. "targets": [289]. "default": 290}')
debug_merge_point(0, 0, '289<main.rpyeffect:281([switch case for 0#780])>+0: {"op": "Push". "target": 288. "args": {"num": [0. 1]. "ptr": [0]}}')
debug_merge_point(0, 0, '289<main.rpyeffect:281([switch case for 0#780])>+1: {"op": "Copy". "type": "num". "from": 1. "to". 0}')
debug_merge_point(0, 0, '289<main.rpyeffect:281([switch case for 0#780])>+2: {"op": "Jump". "target": 17}')
debug_merge_point(0, 0, '17<main.rpyeffect:9(Name(=_0))>+0: {"op": "New". "out": 0. "targets": [10. 12. 14. 16]. "args": {"num": [0]. "ptr": []}}')
debug_merge_point(0, 0, '17<main.rpyeffect:9(Name(=_0))>+1: {"op": "Return". "args": {"num": []. "ptr": [0]}}')
debug_merge_point(0, 0, '288<main.rpyeffect:280([k@[switch case for 0#780]#782])>+0: {"op": "Const". "type": "num". "out": 2. "value": 0}')
debug_merge_point(0, 0, '288<main.rpyeffect:280([k@[switch case for 0#780]#782])>+1: {"op": "Push". "target": 287. "args": {"num": [0. 1]. "ptr": [1]}}')
debug_merge_point(0, 0, '288<main.rpyeffect:280([k@[switch case for 0#780]#782])>+2: {"op": "Copy". "type": "num". "from": 2. "to". 0}')
debug_merge_point(0, 0, '288<main.rpyeffect:280([k@[switch case for 0#780]#782])>+3: {"op": "Invoke". "receiver": 0. "tag": Interned(%apply(n):n). "args" : {"num": [0]. "ptr": []}}')
debug_merge_point(0, 0, '10<main.rpyeffect:2([method_%apply(n):n@Name(=_0)#7])>+0: {"op": "Jump". "target": 8}')
debug_merge_point(0, 0, '8<main.rpyeffect:0([mcore:[#13]#3])>+0: {"op": "PrimOp". "name": "infixEq(Int. Int): Boolean". "out": {"num": [0]. "ptr": []}. "in": {"num": [1. 0]. "ptr": []}}')
+440: i61 = int_eq(i58, 0)
guard_false(i61, descr=<Guard0x1400f2b60>) [p0, i1, i2, i3, i4, i5, i6, i7, i8, i9, i10, i11, i12, i13, i14, i15, i16, p17, p18, p19, p20, p21, p22, p23, p24, p25, p26, p27, p28, p29, p30, p31, p32, p33, p34, p35, p36]
debug_merge_point(0, 0, '8<main.rpyeffect:0([mcore:[#13]#3])>+1: {"op": "Return". "args": {"num": [0]. "ptr": []}}')
debug_merge_point(0, 0, '287<main.rpyeffect:279([k@[k@[switch case for 0#780]#782]#786])>+0: {"op": "Switch". "scrutinee": 0. "values": [1]. "targets": [279]. "default": 286}')
debug_merge_point(0, 0, '286<main.rpyeffect:278([switch default case#809])>+0: {"op": "Swap". "type": "num". "a": 1. "b". 2}')
debug_merge_point(0, 0, '286<main.rpyeffect:278([switch default case#809])>+1: {"op": "Swap". "type": "num". "a": 0. "b". 2}')
debug_merge_point(0, 0, '286<main.rpyeffect:278([switch default case#809])>+2: {"op": "Switch". "scrutinee": 2. "values": [0]. "targets": [284]. "default": 285}')
debug_merge_point(0, 0, '284<main.rpyeffect:276([switch case for 0#810])>+0: {"op": "Const". "type": "ptr". "out": 1. "format": "string". "value": "Name(dollar_52)"}')
debug_merge_point(0, 0, '284<main.rpyeffect:276([switch case for 0#810])>+1: {"op": "PrimOp". "name": "getGlobal(String): Ptr". "out": {"num": []. "ptr": [1]}. "in": {"num": []. "ptr": [1]}}')
debug_merge_point(0, 0, '284<main.rpyeffect:276([switch case for 0#810])>+2: {"op": "PrimOp". "name": "unbox(Ptr): Num". "out": {"num": [2]. "ptr": []}. "in": {"num": []. "ptr": [1]}}')
debug_merge_point(0, 0, '284<main.rpyeffect:276([switch case for 0#810])>+3: {"op": "Push". "target": 283. "args": {"num": [0. 1]. "ptr": []}}')
debug_merge_point(0, 0, '284<main.rpyeffect:276([switch case for 0#810])>+4: {"op": "Copy". "type": "num". "from": 2. "to". 0}')
debug_merge_point(0, 0, '284<main.rpyeffect:276([switch case for 0#810])>+5: {"op": "Jump". "target": 270}')
debug_merge_point(0, 0, '270<main.rpyeffect:262(Name(k_221))>+0: {"op": "PushStack". "arg": 0}')
+448: guard_nonnull(p47, descr=<Guard0x1400f2ba0>) [p0, i1, i2, i3, i4, i5, i6, i7, i8, i9, i10, i11, i12, i13, i14, i15, i16, p17, p18, p19, p20, p21, p22, p23, p24, p25, p26, p27, p28, p29, p30, p31, p32, p33, p34, p35, p36]
+456: guard_nonnull(p34, descr=<Guard0x1400f2be0>) [p0, i1, i2, i3, i4, i5, i6, i7, i8, i9, i10, i11, i12, i13, i14, i15, i16, p17, p18, p19, p20, p21, p22, p23, p24, p25, p26, p27, p28, p29, p30, p31, p32, p33, p34, p35, p36]
+468: i62 = getfield_gc_i(p34, descr=<FieldS rpyeffect.stored_environment.Stack__arb_arb.inst_target 16 pure>)
+476: guard_value(i62, 225, descr=<Guard0x1400f2c20>) [p0, i1, i2, i3, i4, i5, i6, i7, i8, i9, i10, i11, i12, i13, i14, i15, i16, p17, p18, p19, p20, p21, p22, p23, p24, p25, p26, p27, p28, p29, p30, p31, p32, p33, p34, p35, p36]
debug_merge_point(0, 0, '270<main.rpyeffect:262(Name(k_221))>+1: {"op": "Return". "args": {"num": [0]. "ptr": []}}')
+488: i64 = getfield_gc_i(p34, descr=<FieldS rpyeffect.stored_environment.Stack__1_0.inst_values_num_0 40 pure>)
+492: p65 = getfield_gc_r(p34, descr=<FieldP rpyeffect.stored_environment.Stack__arb_arb.inst_tail 8 pure>)
+496: guard_nonnull(p65, descr=<Guard0x1400f2c60>) [p0, i1, i2, i3, i4, i5, i6, i7, i8, i9, i10, i11, i12, i13, i14, i15, i16, p17, p18, p19, p20, p21, p22, p23, p24, p25, p26, p27, p28, p29, p30, p31, p32, p33, p34, p35, p36]
+504: i66 = getfield_gc_i(p65, descr=<FieldS rpyeffect.stored_environment.Stack__arb_arb.inst_target 16 pure>)
+508: guard_value(i66, 330, descr=<Guard0x1400f2ca0>) [p0, i1, i2, i3, i4, i5, i6, i7, i8, i9, i10, i11, i12, i13, i14, i15, i16, p17, p18, p19, p20, p21, p22, p23, p24, p25, p26, p27, p28, p29, p30, p31, p32, p33, p34, p35, p36]
debug_merge_point(0, 0, '225<main.rpyeffect:217([k@Name(parse_58)#550])>+0: {"op": "Push". "target": 224. "args": {"num": [1. 0]. "ptr": []}}')
debug_merge_point(0, 0, '225<main.rpyeffect:217([k@Name(parse_58)#550])>+1: {"op": "Jump". "target": 210}')
debug_merge_point(0, 0, '210<main.rpyeffect:202(Name(is_dollar_53))>+0: {"op": "Push". "target": 209. "args": {"num": []. "ptr": []}}')
debug_merge_point(0, 0, '210<main.rpyeffect:202(Name(is_dollar_53))>+1: {"op": "Jump". "target": 17}')
debug_merge_point(0, 0, '17<main.rpyeffect:9(Name(=_0))>+0: {"op": "New". "out": 0. "targets": [10. 12. 14. 16]. "args": {"num": [0]. "ptr": []}}')
debug_merge_point(0, 0, '17<main.rpyeffect:9(Name(=_0))>+1: {"op": "Return". "args": {"num": []. "ptr": [0]}}')
debug_merge_point(0, 0, '209<main.rpyeffect:201([k@Name(is_dollar_53)#538])>+0: {"op": "Const". "type": "num". "out": 0. "value": 36}')
debug_merge_point(0, 0, '209<main.rpyeffect:201([k@Name(is_dollar_53)#538])>+1: {"op": "Invoke". "receiver": 0. "tag": Interned(%apply(n):n). "args" : {"num": [0]. "ptr": []}}')
debug_merge_point(0, 0, '10<main.rpyeffect:2([method_%apply(n):n@Name(=_0)#7])>+0: {"op": "Jump". "target": 8}')
debug_merge_point(0, 0, '8<main.rpyeffect:0([mcore:[#13]#3])>+0: {"op": "PrimOp". "name": "infixEq(Int. Int): Boolean". "out": {"num": [0]. "ptr": []}. "in": {"num": [1. 0]. "ptr": []}}')
debug_merge_point(0, 0, '8<main.rpyeffect:0([mcore:[#13]#3])>+1: {"op": "Return". "args": {"num": [0]. "ptr": []}}')
debug_merge_point(0, 0, '224<main.rpyeffect:216([k@[k@Name(parse_58)#550]#552])>+0: {"op": "Switch". "scrutinee": 0. "values": [1]. "targets": [213]. "default": 223}')
debug_merge_point(0, 0, '213<main.rpyeffect:205([switch case for 1#553])>+0: {"op": "Push". "target": 212. "args": {"num": []. "ptr": []}}')
debug_merge_point(0, 0, '213<main.rpyeffect:205([switch case for 1#553])>+1: {"op": "Copy". "type": "num". "from": 1. "to". 0}')
debug_merge_point(0, 0, '213<main.rpyeffect:205([switch case for 1#553])>+2: {"op": "Jump". "target": 143}')
debug_merge_point(0, 0, '143<main.rpyeffect:135(Name(+_27))>+0: {"op": "New". "out": 0. "targets": [136. 138. 140. 142]. "args": {"num": [0]. "ptr": []}}')
debug_merge_point(0, 0, '143<main.rpyeffect:135(Name(+_27))>+1: {"op": "Return". "args": {"num": []. "ptr": [0]}}')
debug_merge_point(0, 0, '212<main.rpyeffect:204([k@[switch case for 1#553]#555])>+0: {"op": "Const". "type": "num". "out": 0. "value": 1}')
debug_merge_point(0, 0, '212<main.rpyeffect:204([k@[switch case for 1#553]#555])>+1: {"op": "Push". "target": 211. "args": {"num": []. "ptr": []}}')
debug_merge_point(0, 0, '212<main.rpyeffect:204([k@[switch case for 1#553]#555])>+2: {"op": "Invoke". "receiver": 0. "tag": Interned(%apply(n):n). "args" : {"num": [0]. "ptr": []}}')
debug_merge_point(0, 0, '136<main.rpyeffect:128([method_%apply(n):n@Name(+_27)#347])>+0: {"op": "Jump". "target": 134}')
debug_merge_point(0, 0, '134<main.rpyeffect:126([mcore:[#24]#343])>+0: {"op": "PrimOp". "name": "infixAdd(Int. Int): Int". "out": {"num": [0]. "ptr": []}. "in": {"num": [1. 0]. "ptr": []}}')
+520: i69 = int_add(i64, 1)
debug_merge_point(0, 0, '134<main.rpyeffect:126([mcore:[#24]#343])>+1: {"op": "Return". "args": {"num": [0]. "ptr": []}}')
debug_merge_point(0, 0, '211<main.rpyeffect:203([k@[k@[switch case for 1#553]#555]#559])>+0: {"op": "Const". "type": "ptr". "out": 0. "format": "string". "value": "Name(Emit_1)"}')
debug_merge_point(0, 0, '211<main.rpyeffect:203([k@[k@[switch case for 1#553]#555]#559])>+1: {"op": "PrimOp". "name": "getGlobal(String): Ptr". "out": {"num": []. "ptr": [0]}. "in": {"num": []. "ptr": [0]}}')
debug_merge_point(0, 0, '211<main.rpyeffect:203([k@[k@[switch case for 1#553]#555]#559])>+2: {"op": "Const". "type": "ptr". "out": 1. "format": "string". "value": "Name(Reade_0)"}')
debug_merge_point(0, 0, '211<main.rpyeffect:203([k@[k@[switch case for 1#553]#555]#559])>+3: {"op": "PrimOp". "name": "getGlobal(String): Ptr". "out": {"num": []. "ptr": [1]}. "in": {"num": []. "ptr": [1]}}')
debug_merge_point(0, 0, '211<main.rpyeffect:203([k@[k@[switch case for 1#553]#555]#559])>+4: {"op": "Const". "type": "ptr". "out": 2. "format": "string". "value": "Name(Stop_2)"}')
debug_merge_point(0, 0, '211<main.rpyeffect:203([k@[k@[switch case for 1#553]#555]#559])>+5: {"op": "PrimOp". "name": "getGlobal(String): Ptr". "out": {"num": []. "ptr": [2]}. "in": {"num": []. "ptr": [2]}}')
debug_merge_point(0, 0, '211<main.rpyeffect:203([k@[k@[switch case for 1#553]#555]#559])>+6: {"op": "Jump". "target": 226}')
debug_merge_point(0, 0, '226<main.rpyeffect:218(Name(parse_58))>+0: {"op": "Const". "type": "num". "out": 1. "value": 0}')
debug_merge_point(0, 0, '226<main.rpyeffect:218(Name(parse_58))>+1: {"op": "Const". "type": "ptr". "out": 0. "format": "string". "value": "Name(Reade_0)"}')
debug_merge_point(0, 0, '226<main.rpyeffect:218(Name(parse_58))>+2: {"op": "PrimOp". "name": "getGlobal(String): Ptr". "out": {"num": []. "ptr": [0]}. "in": {"num": []. "ptr": [0]}}')
debug_merge_point(0, 0, '226<main.rpyeffect:218(Name(parse_58))>+3: {"op": "GetDynamic". "out": 0. "n": 1. "label": 0}')
debug_merge_point(0, 0, '226<main.rpyeffect:218(Name(parse_58))>+4: {"op": "Construct". "out": 1. "type": Interned({"op": "eff$Tuple". "elements": []}). "tag": Interned({"op": "eff$Tuple". "elements": []}). "args": {"num": []. "ptr": []}}')
debug_merge_point(0, 0, '226<main.rpyeffect:218(Name(parse_58))>+5: {"op": "Push". "target": 225. "args": {"num": [0]. "ptr": []}}')
debug_merge_point(0, 0, '226<main.rpyeffect:218(Name(parse_58))>+6: {"op": "Swap". "type": "ptr". "a": 1. "b". 0}')
+524: jump(p33, p65, i69, p0, p54, i58, i58, p46, p48, p47, p36, i39, i6, i7, i8, i9, i10, i11, i12, i13, i14, i15, i16, p20, p21, p22, p23, p24, p25, p26, p27, p28, p29, p30, p31, p32, descr=TargetToken(5641255840))
+580: --end of the loop--
[14a716c] jit-log-opt-bridge}
[c6509b0] {jit-summary
Tracing:      	6	0.008254
Backend:      	6	0.001345
TOTAL:      		0.198013
ops:             	46368
heapcached ops:  	5171
recorded ops:    	16064
  calls:         	11356
guards:          	1416
opt ops:         	1297
opt guards:      	154
opt guards shared:	135
forcings:        	0
abort: trace too long:	0
abort: compiling:	0
abort: vable escape:	0
abort: bad loop: 	0
abort: force quasi-immut:	0
abort: segmenting trace:	0
virtualizables forced:	0
nvirtuals:       	8
nvholes:         	0
nvreused:        	0
vecopt tried:    	0
vecopt success:  	0
Total # of loops:	4
Total # of bridges:	2
Freed # of loops:	0
Freed # of bridges:	0
[c6539b4] jit-summary}
