[79e349] {jit-log-opt-loop
# Loop 1 (221<main.rpyeffect:213([#549])>+1: {"op": "Jump", "target": 17}) : loop with 136 ops
[p0, p1, p2, p3, p4]
+280: p5 = getfield_gc_r(p2, descr=<FieldP rpyeffect.environment.Environment.inst_values_num 16>)
+288: i7 = getarrayitem_gc_i(p5, 0, descr=<ArrayS 8>)
+292: i9 = getarrayitem_gc_i(p5, 1, descr=<ArrayS 8>)
+296: i11 = getarrayitem_gc_i(p5, 2, descr=<ArrayS 8>)
+300: i13 = getarrayitem_gc_i(p5, 3, descr=<ArrayS 8>)
+304: i15 = getarrayitem_gc_i(p5, 4, descr=<ArrayS 8>)
+308: i17 = getarrayitem_gc_i(p5, 5, descr=<ArrayS 8>)
+312: i19 = getarrayitem_gc_i(p5, 6, descr=<ArrayS 8>)
+316: i21 = getarrayitem_gc_i(p5, 7, descr=<ArrayS 8>)
+320: i23 = getarrayitem_gc_i(p5, 8, descr=<ArrayS 8>)
+324: i25 = getarrayitem_gc_i(p5, 9, descr=<ArrayS 8>)
+328: i27 = getarrayitem_gc_i(p5, 10, descr=<ArrayS 8>)
+332: i29 = getarrayitem_gc_i(p5, 11, descr=<ArrayS 8>)
+336: i31 = getarrayitem_gc_i(p5, 12, descr=<ArrayS 8>)
+340: i33 = getarrayitem_gc_i(p5, 13, descr=<ArrayS 8>)
+344: i35 = getarrayitem_gc_i(p5, 14, descr=<ArrayS 8>)
+352: i37 = getarrayitem_gc_i(p5, 15, descr=<ArrayS 8>)
+356: p38 = getfield_gc_r(p2, descr=<FieldP rpyeffect.environment.Environment.inst_values_ptr 24>)
+360: p40 = getarrayitem_gc_r(p38, 0, descr=<ArrayP 8>)
+368: p42 = getarrayitem_gc_r(p38, 1, descr=<ArrayP 8>)
+376: p44 = getarrayitem_gc_r(p38, 2, descr=<ArrayP 8>)
+384: p46 = getarrayitem_gc_r(p38, 3, descr=<ArrayP 8>)
+392: p48 = getarrayitem_gc_r(p38, 4, descr=<ArrayP 8>)
+400: p50 = getarrayitem_gc_r(p38, 5, descr=<ArrayP 8>)
+408: p52 = getarrayitem_gc_r(p38, 6, descr=<ArrayP 8>)
+416: p54 = getarrayitem_gc_r(p38, 7, descr=<ArrayP 8>)
+424: p56 = getarrayitem_gc_r(p38, 8, descr=<ArrayP 8>)
+432: p58 = getarrayitem_gc_r(p38, 9, descr=<ArrayP 8>)
+440: p60 = getarrayitem_gc_r(p38, 10, descr=<ArrayP 8>)
+448: p62 = getarrayitem_gc_r(p38, 11, descr=<ArrayP 8>)
+456: p64 = getarrayitem_gc_r(p38, 12, descr=<ArrayP 8>)
+464: p66 = getarrayitem_gc_r(p38, 13, descr=<ArrayP 8>)
+472: p68 = getarrayitem_gc_r(p38, 14, descr=<ArrayP 8>)
+480: p70 = getarrayitem_gc_r(p38, 15, descr=<ArrayP 8>)
+484: label(p0, p1, p2, p3, p4, i7, i9, i11, i13, i15, i17, i19, i21, i23, i25, i27, i29, i31, i33, i35, i37, p40, p42, p44, p46, p48, p50, p52, p54, p56, p58, p60, p62, p64, p66, p68, p70, descr=TargetToken(5103064976))
debug_merge_point(0, 0, '221<main.rpyeffect:213([#549])>+1: {"op": "Jump". "target": 17}')
+544: guard_not_invalidated(descr=<Guard0x1302b3e08>) [p2, i7, i9, i11, i13, i15, i17, i19, i21, i23, i25, i27, i29, i31, i33, i35, i37, p40, p42, p44, p46, p48, p50, p52, p54, p56, p58, p60, p62, p64, p66, p68, p70, p0, p1, p3, p4]
+548: guard_nonnull(p1, descr=<Guard0x1302a2de0>) [p2, i7, i9, i11, i13, i15, i17, i19, i21, i23, i25, i27, i29, i31, i33, i35, i37, p40, p42, p44, p46, p48, p50, p52, p54, p56, p58, p60, p62, p64, p66, p68, p70, p0, p1, p3, p4]
+560: i71 = getfield_gc_i(p1, descr=<FieldS rpyeffect.stored_environment.Stack__arb_arb.inst_target 16 pure>)
+568: guard_value(i71, 220, descr=<Guard0x1302a2e20>) [p2, i7, i9, i11, i13, i15, i17, i19, i21, i23, i25, i27, i29, i31, i33, i35, i37, p40, p42, p44, p46, p48, p50, p52, p54, p56, p58, p60, p62, p64, p66, p68, p70, p0, p1, p3, p4]
debug_merge_point(0, 0, '17<main.rpyeffect:9(Name(=_0))>+0: {"op": "New". "out": 0. "targets": [10. 12. 14. 16]. "args": {"num": [0]. "ptr": []}}')
debug_merge_point(0, 0, '17<main.rpyeffect:9(Name(=_0))>+1: {"op": "Return". "args": {"num": []. "ptr": [0]}}')
+580: i73 = getfield_gc_i(p1, descr=<FieldS rpyeffect.stored_environment.Stack__1_1.inst_values_num_0 40 pure>)
+584: p74 = getfield_gc_r(p1, descr=<FieldP rpyeffect.stored_environment.Stack__1_1.inst_values_ptr_0 48 pure>)
+588: p75 = getfield_gc_r(p1, descr=<FieldP rpyeffect.stored_environment.Stack__arb_arb.inst_tail 8 pure>)
debug_merge_point(0, 0, '220<main.rpyeffect:212([k@[#549]#551])>+0: {"op": "Const". "type": "num". "out": 1. "value": 0}')
debug_merge_point(0, 0, '220<main.rpyeffect:212([k@[#549]#551])>+1: {"op": "Push". "target": 219. "args": {"num": [0]. "ptr": [1]}}')
debug_merge_point(0, 0, '220<main.rpyeffect:212([k@[#549]#551])>+2: {"op": "Copy". "type": "num". "from": 1. "to". 0}')
debug_merge_point(0, 0, '220<main.rpyeffect:212([k@[#549]#551])>+3: {"op": "Invoke". "receiver": 0. "tag": Interned(%apply(n):n). "args" : {"num": [0]. "ptr": []}}')
debug_merge_point(0, 0, '10<main.rpyeffect:2([method_%apply(n):n@Name(=_0)#7])>+0: {"op": "Jump". "target": 8}')
debug_merge_point(0, 0, '8<main.rpyeffect:0([mcore:[#12]#3])>+0: {"op": "PrimOp". "name": "infixEq(Int. Int): Boolean". "out": {"num": [0]. "ptr": []}. "in": {"num": [1. 0]. "ptr": []}}')
+592: i77 = int_eq(i7, 0)
guard_false(i77, descr=<Guard0x1302a2e60>) [p2, i7, i9, i11, i13, i15, i17, i19, i21, i23, i25, i27, i29, i31, i33, i35, i37, p40, p42, p44, p46, p48, p50, p52, p54, p56, p58, p60, p62, p64, p66, p68, p70, p0, p1, p3, p4]
debug_merge_point(0, 0, '8<main.rpyeffect:0([mcore:[#12]#3])>+1: {"op": "Return". "args": {"num": [0]. "ptr": []}}')
debug_merge_point(0, 0, '219<main.rpyeffect:211([k@[k@[#549]#551]#555])>+0: {"op": "Switch". "scrutinee": 0. "values": [1]. "targets": [212]. "default": 218}')
+600: guard_nonnull(p75, descr=<Guard0x1302a2ea0>) [p2, i7, i9, i11, i13, i15, i17, i19, i21, i23, i25, i27, i29, i31, i33, i35, i37, p40, p42, p44, p46, p48, p50, p52, p54, p56, p58, p60, p62, p64, p66, p68, p70, p0, p1, p3, p4]
+608: i78 = getfield_gc_i(p75, descr=<FieldS rpyeffect.stored_environment.Stack__arb_arb.inst_target 16 pure>)
+612: guard_value(i78, 207, descr=<Guard0x1302a2ee0>) [p2, i7, i9, i11, i13, i15, i17, i19, i21, i23, i25, i27, i29, i31, i33, i35, i37, p40, p42, p44, p46, p48, p50, p52, p54, p56, p58, p60, p62, p64, p66, p68, p70, p0, p1, p3, p4]
debug_merge_point(0, 0, '218<main.rpyeffect:210([switch default case#569])>+0: {"op": "Swap". "type": "num". "a": 0. "b". 1}')
debug_merge_point(0, 0, '218<main.rpyeffect:210([switch default case#569])>+1: {"op": "Switch". "scrutinee": 1. "values": [0]. "targets": [216]. "default": 217}')
debug_merge_point(0, 0, '216<main.rpyeffect:208([switch case for 0#570])>+0: {"op": "Push". "target": 215. "args": {"num": []. "ptr": [0]}}')
debug_merge_point(0, 0, '216<main.rpyeffect:208([switch case for 0#570])>+1: {"op": "Jump". "target": 173}')
debug_merge_point(0, 0, '173<main.rpyeffect:165(Name(*_30))>+0: {"op": "New". "out": 0. "targets": [166. 168. 170. 172]. "args": {"num": [0]. "ptr": []}}')
debug_merge_point(0, 0, '173<main.rpyeffect:165(Name(*_30))>+1: {"op": "Return". "args": {"num": []. "ptr": [0]}}')
debug_merge_point(0, 0, '215<main.rpyeffect:207([k@[switch case for 0#570]#572])>+0: {"op": "Const". "type": "ptr". "out": 2. "format": "string". "value": "Name(Done_0)"}')
debug_merge_point(0, 0, '215<main.rpyeffect:207([k@[switch case for 0#570]#572])>+1: {"op": "PrimOp". "name": "getGlobal(String): Ptr". "out": {"num": []. "ptr": [2]}. "in": {"num": []. "ptr": [2]}}')
debug_merge_point(0, 0, '215<main.rpyeffect:207([k@[switch case for 0#570]#572])>+2: {"op": "Push". "target": 214. "args": {"num": []. "ptr": [0]}}')
debug_merge_point(0, 0, '215<main.rpyeffect:207([k@[switch case for 0#570]#572])>+3: {"op": "Copy". "type": "ptr". "from": 1. "to". 0}')
debug_merge_point(0, 0, '215<main.rpyeffect:207([k@[switch case for 0#570]#572])>+4: {"op": "Copy". "type": "ptr". "from": 2. "to". 1}')
debug_merge_point(0, 0, '215<main.rpyeffect:207([k@[switch case for 0#570]#572])>+5: {"op": "Jump". "target": 208}')
debug_merge_point(0, 0, '208<main.rpyeffect:200([mcore:[eta-expanded fn#409]#533])>+0: {"op": "Push". "target": 207. "args": {"num": []. "ptr": []}}')
debug_merge_point(0, 0, '208<main.rpyeffect:200([mcore:[eta-expanded fn#409]#533])>+1: {"op": "Jump". "target": 225}')
debug_merge_point(0, 0, '225<main.rpyeffect:217(Name(product_48))>+0: {"op": "Match". "type": Interned({"op": "eff$Sum". "constructors": [{"name": Nil_2. "arg": {"op": "Unit"}}]}). "scrutinee": 0. "clauses": [{"tag": Interned(Nil_2). "target": 224. "args": {"num": []. "ptr": []}}]. "default": {"tag": Interned(88f40ac1-2a55-462d-9d03-ce05342ea256#[Missing Tag#889]). "target": 223. "args": {"num": []. "ptr": []}}}')
+624: p80 = getfield_gc_r(p74, descr=<FieldP rpyeffect.stored_environment.Data__arb_arb.inst_tag 8>)
+632: guard_value(p80, ConstPtr(ptr81), descr=<Guard0x1302a2f20>) [p2, i7, i9, i11, i13, i15, i17, i19, i21, i23, i25, i27, i29, i31, i33, i35, i37, p40, p42, p44, p46, p48, p50, p52, p54, p56, p58, p60, p62, p64, p66, p68, p70, p0, p1, p3, p4]
debug_merge_point(0, 0, '223<main.rpyeffect:215([match_def@Name(product_48)#541])>+0: {"op": "Match". "type": Interned({"op": "eff$Sum". "constructors": [{"name": Cons_3. "arg": {"op": "Unit"}}]}). "scrutinee": 0. "clauses": [{"tag": Interned(Cons_3). "target": 222. "args": {"num": []. "ptr": [0]}}]. "default": {"tag": Interned(88f40ac1-2a55-462d-9d03-ce05342ea256#[Missing Tag#888]). "target": 209. "args": {"num": []. "ptr": []}}}')
+640: p82 = getfield_gc_r(p74, descr=<FieldP rpyeffect.stored_environment.Data__0_1.inst_values_ptr_0 32 pure>)
debug_merge_point(0, 0, '222<main.rpyeffect:214([#545])>+0: {"op": "Match". "type": Interned({"op": "eff$Tuple". "elements": [{"op": "Int"}. {"op": "Data". "type_tag": "{\"op\": \"eff$Sum\". \"constructors\": [{\"name\": Nil_2. \"arg\": {\"op\": \"Unit\"}}. {\"name\": Cons_3. \"arg\": {\"op\": \"Data\". \"type_tag\": \"{\\\"op\\\": \\\"eff$Tuple\\\". \\\"elements\\\": [{\\\"op\\\": \\\"Int\\\"}. {\\\"op\\\": \\\"Top\\\"}]}\". \"constructors\": [{\"tag\": \"{\\\"op\\\": \\\"eff$Tuple\\\". \\\"elements\\\": [{\\\"op\\\": \\\"Int\\\"}. {\\\"op\\\": \\\"Top\\\"}]}\". \"fields\": [{\"op\": \"Int\"}. {\"op\": \"Top\"}]}]}}]}". "constructors": [{"tag": "Nil_2". "fields": []}. {"tag": "Cons_3". "fields": [{"op": "Data". "type_tag": "{\"op\": \"eff$Tuple\". \"elements\": [{\"op\": \"Int\"}. {\"op\": \"Top\"}]}". "constructors": [{"tag": "{\"op\": \"eff$Tuple\". \"elements\": [{\"op\": \"Int\"}. {\"op\": \"Top\"}]}". "fields": [{"op": "Int"}. {"op": "Top"}]}]}]}]}]}). "scrutinee": 0. "clauses": [{"tag": Interned({"op": "eff$Tuple". "elements": [{"op": "Int"}. {"op": "Data". "type_tag": "{\"op\": \"eff$Sum\". \"constructors\": [{\"name\": Nil_2. \"arg\": {\"op\": \"Unit\"}}. {\"name\": Cons_3. \"arg\": {\"op\": \"Data\". \"type_tag\": \"{\\\"op\\\": \\\"eff$Tuple\\\". \\\"elements\\\": [{\\\"op\\\": \\\"Int\\\"}. {\\\"op\\\": \\\"Top\\\"}]}\". \"constructors\": [{\"tag\": \"{\\\"op\\\": \\\"eff$Tuple\\\". \\\"elements\\\": [{\\\"op\\\": \\\"Int\\\"}. {\\\"op\\\": \\\"Top\\\"}]}\". \"fields\": [{\"op\": \"Int\"}. {\"op\": \"Top\"}]}]}}]}". "constructors": [{"tag": "Nil_2". "fields": []}. {"tag": "Cons_3". "fields": [{"op": "Data". "type_tag": "{\"op\": \"eff$Tuple\". \"elements\": [{\"op\": \"Int\"}. {\"op\": \"Top\"}]}". "constructors": [{"tag": "{\"op\": \"eff$Tuple\". \"elements\": [{\"op\": \"Int\"}. {\"op\": \"Top\"}]}". "fields": [{"op": "Int"}. {"op": "Top"}]}]}]}]}]}). "target": 221. "args": {"num": [0]. "ptr": [0]}}]. "default": {"tag": Interned(88f40ac1-2a55-462d-9d03-ce05342ea256#[Missing Tag#887]). "target": 210. "args": {"num": []. "ptr": []}}}')
+644: p83 = getfield_gc_r(p82, descr=<FieldP rpyeffect.stored_environment.Data__arb_arb.inst_tag 8>)
+652: guard_value(p83, ConstPtr(ptr84), descr=<Guard0x1302a2f60>) [p2, i7, i9, i11, i13, i15, i17, i19, i21, i23, i25, i27, i29, i31, i33, i35, i37, p40, p42, p44, p46, p48, p50, p52, p54, p56, p58, p60, p62, p64, p66, p68, p70, p0, p1, p3, p4]
+660: i85 = getfield_gc_i(p82, descr=<FieldS rpyeffect.stored_environment.Data__1_1.inst_values_num_0 32 pure>)
+664: p86 = getfield_gc_r(p82, descr=<FieldP rpyeffect.stored_environment.Data__1_1.inst_values_ptr_0 40 pure>)
debug_merge_point(0, 0, '221<main.rpyeffect:213([#549])>+0: {"op": "Push". "target": 220. "args": {"num": [0]. "ptr": [0]}}')
debug_merge_point(0, 0, '221<main.rpyeffect:213([#549])>+1: {"op": "Jump". "target": 17}')
+668: label(p0, p75, i73, i85, p86, p2, p3, p4, i11, i13, i15, i17, i19, i21, i23, i25, i27, i29, i31, i33, i35, i37, p46, p48, p50, p52, p54, p56, p58, p60, p62, p64, p66, p68, p70, descr=TargetToken(5103065056))
debug_merge_point(0, 0, '221<main.rpyeffect:213([#549])>+1: {"op": "Jump". "target": 17}')
+668: guard_not_invalidated(descr=<Guard0x1302b3e60>) [p2, i85, i11, i13, i15, i17, i19, i21, i23, i25, i27, i29, i31, i33, i35, i37, p86, p46, p48, p50, p52, p54, p56, p58, p60, p62, p64, p66, p68, p70, p0, p3, p4, i73, p75]
debug_merge_point(0, 0, '17<main.rpyeffect:9(Name(=_0))>+0: {"op": "New". "out": 0. "targets": [10. 12. 14. 16]. "args": {"num": [0]. "ptr": []}}')
debug_merge_point(0, 0, '17<main.rpyeffect:9(Name(=_0))>+1: {"op": "Return". "args": {"num": []. "ptr": [0]}}')
debug_merge_point(0, 0, '220<main.rpyeffect:212([k@[#549]#551])>+0: {"op": "Const". "type": "num". "out": 1. "value": 0}')
debug_merge_point(0, 0, '220<main.rpyeffect:212([k@[#549]#551])>+1: {"op": "Push". "target": 219. "args": {"num": [0]. "ptr": [1]}}')
debug_merge_point(0, 0, '220<main.rpyeffect:212([k@[#549]#551])>+2: {"op": "Copy". "type": "num". "from": 1. "to". 0}')
debug_merge_point(0, 0, '220<main.rpyeffect:212([k@[#549]#551])>+3: {"op": "Invoke". "receiver": 0. "tag": Interned(%apply(n):n). "args" : {"num": [0]. "ptr": []}}')
debug_merge_point(0, 0, '10<main.rpyeffect:2([method_%apply(n):n@Name(=_0)#7])>+0: {"op": "Jump". "target": 8}')
debug_merge_point(0, 0, '8<main.rpyeffect:0([mcore:[#12]#3])>+0: {"op": "PrimOp". "name": "infixEq(Int. Int): Boolean". "out": {"num": [0]. "ptr": []}. "in": {"num": [1. 0]. "ptr": []}}')
+672: i88 = int_eq(i85, 0)
guard_false(i88, descr=<Guard0x1302a2fa0>) [p2, i85, i11, i13, i15, i17, i19, i21, i23, i25, i27, i29, i31, i33, i35, i37, p86, p46, p48, p50, p52, p54, p56, p58, p60, p62, p64, p66, p68, p70, p0, p3, p4, i73, p75]
debug_merge_point(0, 0, '8<main.rpyeffect:0([mcore:[#12]#3])>+1: {"op": "Return". "args": {"num": [0]. "ptr": []}}')
debug_merge_point(0, 0, '219<main.rpyeffect:211([k@[k@[#549]#551]#555])>+0: {"op": "Switch". "scrutinee": 0. "values": [1]. "targets": [212]. "default": 218}')
debug_merge_point(0, 0, '218<main.rpyeffect:210([switch default case#569])>+0: {"op": "Swap". "type": "num". "a": 0. "b". 1}')
debug_merge_point(0, 0, '218<main.rpyeffect:210([switch default case#569])>+1: {"op": "Switch". "scrutinee": 1. "values": [0]. "targets": [216]. "default": 217}')
debug_merge_point(0, 0, '216<main.rpyeffect:208([switch case for 0#570])>+0: {"op": "Push". "target": 215. "args": {"num": []. "ptr": [0]}}')
debug_merge_point(0, 0, '216<main.rpyeffect:208([switch case for 0#570])>+1: {"op": "Jump". "target": 173}')
debug_merge_point(0, 0, '173<main.rpyeffect:165(Name(*_30))>+0: {"op": "New". "out": 0. "targets": [166. 168. 170. 172]. "args": {"num": [0]. "ptr": []}}')
debug_merge_point(0, 0, '173<main.rpyeffect:165(Name(*_30))>+1: {"op": "Return". "args": {"num": []. "ptr": [0]}}')
debug_merge_point(0, 0, '215<main.rpyeffect:207([k@[switch case for 0#570]#572])>+0: {"op": "Const". "type": "ptr". "out": 2. "format": "string". "value": "Name(Done_0)"}')
debug_merge_point(0, 0, '215<main.rpyeffect:207([k@[switch case for 0#570]#572])>+1: {"op": "PrimOp". "name": "getGlobal(String): Ptr". "out": {"num": []. "ptr": [2]}. "in": {"num": []. "ptr": [2]}}')
debug_merge_point(0, 0, '215<main.rpyeffect:207([k@[switch case for 0#570]#572])>+2: {"op": "Push". "target": 214. "args": {"num": []. "ptr": [0]}}')
debug_merge_point(0, 0, '215<main.rpyeffect:207([k@[switch case for 0#570]#572])>+3: {"op": "Copy". "type": "ptr". "from": 1. "to". 0}')
debug_merge_point(0, 0, '215<main.rpyeffect:207([k@[switch case for 0#570]#572])>+4: {"op": "Copy". "type": "ptr". "from": 2. "to". 1}')
debug_merge_point(0, 0, '215<main.rpyeffect:207([k@[switch case for 0#570]#572])>+5: {"op": "Jump". "target": 208}')
debug_merge_point(0, 0, '208<main.rpyeffect:200([mcore:[eta-expanded fn#409]#533])>+0: {"op": "Push". "target": 207. "args": {"num": []. "ptr": []}}')
debug_merge_point(0, 0, '208<main.rpyeffect:200([mcore:[eta-expanded fn#409]#533])>+1: {"op": "Jump". "target": 225}')
debug_merge_point(0, 0, '225<main.rpyeffect:217(Name(product_48))>+0: {"op": "Match". "type": Interned({"op": "eff$Sum". "constructors": [{"name": Nil_2. "arg": {"op": "Unit"}}]}). "scrutinee": 0. "clauses": [{"tag": Interned(Nil_2). "target": 224. "args": {"num": []. "ptr": []}}]. "default": {"tag": Interned(88f40ac1-2a55-462d-9d03-ce05342ea256#[Missing Tag#889]). "target": 223. "args": {"num": []. "ptr": []}}}')
+680: p89 = getfield_gc_r(p86, descr=<FieldP rpyeffect.stored_environment.Data__arb_arb.inst_tag 8>)
+688: guard_value(p89, ConstPtr(ptr90), descr=<Guard0x1302a2fe0>) [p2, i85, i11, i13, i15, i17, i19, i21, i23, i25, i27, i29, i31, i33, i35, i37, p86, p46, p48, p50, p52, p54, p56, p58, p60, p62, p64, p66, p68, p70, p0, p3, p4, i73, p75]
debug_merge_point(0, 0, '223<main.rpyeffect:215([match_def@Name(product_48)#541])>+0: {"op": "Match". "type": Interned({"op": "eff$Sum". "constructors": [{"name": Cons_3. "arg": {"op": "Unit"}}]}). "scrutinee": 0. "clauses": [{"tag": Interned(Cons_3). "target": 222. "args": {"num": []. "ptr": [0]}}]. "default": {"tag": Interned(88f40ac1-2a55-462d-9d03-ce05342ea256#[Missing Tag#888]). "target": 209. "args": {"num": []. "ptr": []}}}')
+696: p91 = getfield_gc_r(p86, descr=<FieldP rpyeffect.stored_environment.Data__0_1.inst_values_ptr_0 32 pure>)
debug_merge_point(0, 0, '222<main.rpyeffect:214([#545])>+0: {"op": "Match". "type": Interned({"op": "eff$Tuple". "elements": [{"op": "Int"}. {"op": "Data". "type_tag": "{\"op\": \"eff$Sum\". \"constructors\": [{\"name\": Nil_2. \"arg\": {\"op\": \"Unit\"}}. {\"name\": Cons_3. \"arg\": {\"op\": \"Data\". \"type_tag\": \"{\\\"op\\\": \\\"eff$Tuple\\\". \\\"elements\\\": [{\\\"op\\\": \\\"Int\\\"}. {\\\"op\\\": \\\"Top\\\"}]}\". \"constructors\": [{\"tag\": \"{\\\"op\\\": \\\"eff$Tuple\\\". \\\"elements\\\": [{\\\"op\\\": \\\"Int\\\"}. {\\\"op\\\": \\\"Top\\\"}]}\". \"fields\": [{\"op\": \"Int\"}. {\"op\": \"Top\"}]}]}}]}". "constructors": [{"tag": "Nil_2". "fields": []}. {"tag": "Cons_3". "fields": [{"op": "Data". "type_tag": "{\"op\": \"eff$Tuple\". \"elements\": [{\"op\": \"Int\"}. {\"op\": \"Top\"}]}". "constructors": [{"tag": "{\"op\": \"eff$Tuple\". \"elements\": [{\"op\": \"Int\"}. {\"op\": \"Top\"}]}". "fields": [{"op": "Int"}. {"op": "Top"}]}]}]}]}]}). "scrutinee": 0. "clauses": [{"tag": Interned({"op": "eff$Tuple". "elements": [{"op": "Int"}. {"op": "Data". "type_tag": "{\"op\": \"eff$Sum\". \"constructors\": [{\"name\": Nil_2. \"arg\": {\"op\": \"Unit\"}}. {\"name\": Cons_3. \"arg\": {\"op\": \"Data\". \"type_tag\": \"{\\\"op\\\": \\\"eff$Tuple\\\". \\\"elements\\\": [{\\\"op\\\": \\\"Int\\\"}. {\\\"op\\\": \\\"Top\\\"}]}\". \"constructors\": [{\"tag\": \"{\\\"op\\\": \\\"eff$Tuple\\\". \\\"elements\\\": [{\\\"op\\\": \\\"Int\\\"}. {\\\"op\\\": \\\"Top\\\"}]}\". \"fields\": [{\"op\": \"Int\"}. {\"op\": \"Top\"}]}]}}]}". "constructors": [{"tag": "Nil_2". "fields": []}. {"tag": "Cons_3". "fields": [{"op": "Data". "type_tag": "{\"op\": \"eff$Tuple\". \"elements\": [{\"op\": \"Int\"}. {\"op\": \"Top\"}]}". "constructors": [{"tag": "{\"op\": \"eff$Tuple\". \"elements\": [{\"op\": \"Int\"}. {\"op\": \"Top\"}]}". "fields": [{"op": "Int"}. {"op": "Top"}]}]}]}]}]}). "target": 221. "args": {"num": [0]. "ptr": [0]}}]. "default": {"tag": Interned(88f40ac1-2a55-462d-9d03-ce05342ea256#[Missing Tag#887]). "target": 210. "args": {"num": []. "ptr": []}}}')
+700: p92 = getfield_gc_r(p91, descr=<FieldP rpyeffect.stored_environment.Data__arb_arb.inst_tag 8>)
+708: guard_value(p92, ConstPtr(ptr93), descr=<Guard0x1302a3020>) [p2, i85, i11, i13, i15, i17, i19, i21, i23, i25, i27, i29, i31, i33, i35, i37, p86, p46, p48, p50, p52, p54, p56, p58, p60, p62, p64, p66, p68, p70, p0, p3, p4, i73, p75]
+716: i94 = getfield_gc_i(p91, descr=<FieldS rpyeffect.stored_environment.Data__1_1.inst_values_num_0 32 pure>)
+720: p95 = getfield_gc_r(p91, descr=<FieldP rpyeffect.stored_environment.Data__1_1.inst_values_ptr_0 40 pure>)
debug_merge_point(0, 0, '221<main.rpyeffect:213([#549])>+0: {"op": "Push". "target": 220. "args": {"num": [0]. "ptr": [0]}}')
debug_merge_point(0, 0, '221<main.rpyeffect:213([#549])>+1: {"op": "Jump". "target": 17}')
+724: p96 = new_with_vtable(descr=<SizeDescr 40>)
+836: p97 = new_with_vtable(descr=<SizeDescr 48>)
+848: setfield_gc(p97, p75, descr=<FieldP rpyeffect.stored_environment.Stack__arb_arb.inst_tail 8 pure>)
+852: setfield_gc(p97, 214, descr=<FieldS rpyeffect.stored_environment.Stack__arb_arb.inst_target 16 pure>)
+860: p99 = new_with_vtable(descr=<SizeDescr 40>)
+876: setfield_gc(p99, ConstPtr(ptr100), descr=<FieldP rpyeffect.stored_environment.CoData__arb_arb.inst_vtable 24 pure>)
+880: setfield_gc(p99, i73, descr=<FieldS rpyeffect.stored_environment.CoData__1_0.inst_values_num_0 32 pure>)
+884: setfield_gc(p97, p99, descr=<FieldP rpyeffect.stored_environment.Stack__0_1.inst_values_ptr_0 40 pure>)
+888: setfield_gc(p96, 207, descr=<FieldS rpyeffect.stored_environment.Stack__arb_arb.inst_target 16 pure>)
+896: setfield_gc(p96, p97, descr=<FieldP rpyeffect.stored_environment.Stack__arb_arb.inst_tail 8 pure>)
+948: jump(p0, p96, i85, i94, p95, p2, p3, p4, i11, i13, i15, i17, i19, i21, i23, i25, i27, i29, i31, i33, i35, i37, p46, p48, p50, p52, p54, p56, p58, p60, p62, p64, p66, p68, p70, descr=TargetToken(5103065056))
+968: --end of the loop--
[7c6cb3] jit-log-opt-loop}
[94d6b3] {jit-log-opt-loop
# Loop 2 (220<main.rpyeffect:212([k@[#549]#551])>+2: {"op": "Copy", "type": "num", "from": 1, "to", 0}) : entry bridge with 223 ops
[p0, p1, p2, p3, p4]
+376: p5 = getfield_gc_r(p2, descr=<FieldP rpyeffect.environment.Environment.inst_values_num 16>)
+384: i7 = getarrayitem_gc_i(p5, 0, descr=<ArrayS 8>)
+388: i9 = getarrayitem_gc_i(p5, 1, descr=<ArrayS 8>)
+392: i11 = getarrayitem_gc_i(p5, 2, descr=<ArrayS 8>)
+396: i13 = getarrayitem_gc_i(p5, 3, descr=<ArrayS 8>)
+400: i15 = getarrayitem_gc_i(p5, 4, descr=<ArrayS 8>)
+404: i17 = getarrayitem_gc_i(p5, 5, descr=<ArrayS 8>)
+408: i19 = getarrayitem_gc_i(p5, 6, descr=<ArrayS 8>)
+412: i21 = getarrayitem_gc_i(p5, 7, descr=<ArrayS 8>)
+416: i23 = getarrayitem_gc_i(p5, 8, descr=<ArrayS 8>)
+420: i25 = getarrayitem_gc_i(p5, 9, descr=<ArrayS 8>)
+424: i27 = getarrayitem_gc_i(p5, 10, descr=<ArrayS 8>)
+428: i29 = getarrayitem_gc_i(p5, 11, descr=<ArrayS 8>)
+432: i31 = getarrayitem_gc_i(p5, 12, descr=<ArrayS 8>)
+436: i33 = getarrayitem_gc_i(p5, 13, descr=<ArrayS 8>)
+440: i35 = getarrayitem_gc_i(p5, 14, descr=<ArrayS 8>)
+448: i37 = getarrayitem_gc_i(p5, 15, descr=<ArrayS 8>)
+452: p38 = getfield_gc_r(p2, descr=<FieldP rpyeffect.environment.Environment.inst_values_ptr 24>)
+456: p40 = getarrayitem_gc_r(p38, 0, descr=<ArrayP 8>)
+464: p42 = getarrayitem_gc_r(p38, 1, descr=<ArrayP 8>)
+472: p44 = getarrayitem_gc_r(p38, 2, descr=<ArrayP 8>)
+480: p46 = getarrayitem_gc_r(p38, 3, descr=<ArrayP 8>)
+488: p48 = getarrayitem_gc_r(p38, 4, descr=<ArrayP 8>)
+496: p50 = getarrayitem_gc_r(p38, 5, descr=<ArrayP 8>)
+504: p52 = getarrayitem_gc_r(p38, 6, descr=<ArrayP 8>)
+512: p54 = getarrayitem_gc_r(p38, 7, descr=<ArrayP 8>)
+520: p56 = getarrayitem_gc_r(p38, 8, descr=<ArrayP 8>)
+528: p58 = getarrayitem_gc_r(p38, 9, descr=<ArrayP 8>)
+536: p60 = getarrayitem_gc_r(p38, 10, descr=<ArrayP 8>)
+544: p62 = getarrayitem_gc_r(p38, 11, descr=<ArrayP 8>)
+552: p64 = getarrayitem_gc_r(p38, 12, descr=<ArrayP 8>)
+560: p66 = getarrayitem_gc_r(p38, 13, descr=<ArrayP 8>)
+568: p68 = getarrayitem_gc_r(p38, 14, descr=<ArrayP 8>)
+576: p70 = getarrayitem_gc_r(p38, 15, descr=<ArrayP 8>)
debug_merge_point(0, 0, '220<main.rpyeffect:212([k@[#549]#551])>+2: {"op": "Copy". "type": "num". "from": 1. "to". 0}')
+580: guard_not_invalidated(descr=<Guard0x130383e08>) [p2, i7, i9, i11, i13, i15, i17, i19, i21, i23, i25, i27, i29, i31, i33, i35, i37, p40, p42, p44, p46, p48, p50, p52, p54, p56, p58, p60, p62, p64, p66, p68, p70, p0, p1, p3, p4]
debug_merge_point(0, 0, '220<main.rpyeffect:212([k@[#549]#551])>+3: {"op": "Invoke". "receiver": 0. "tag": Interned(%apply(n):n). "args" : {"num": [0]. "ptr": []}}')
+584: p71 = getfield_gc_r(p40, descr=<FieldP rpyeffect.stored_environment.CoData__arb_arb.inst_vtable 24 pure>)
+600: guard_value(p71, ConstPtr(ptr72), descr=<Guard0x130386ba0>) [p2, i7, i9, i11, i13, i15, i17, i19, i21, i23, i25, i27, i29, i31, i33, i35, i37, p40, p42, p44, p46, p48, p50, p52, p54, p56, p58, p60, p62, p64, p66, p68, p70, p0, p1, p3, p4]
+608: i73 = getfield_gc_i(p40, descr=<FieldS rpyeffect.stored_environment.CoData__1_0.inst_values_num_0 32 pure>)
+612: guard_nonnull(p1, descr=<Guard0x130386b60>) [p2, i7, i9, i11, i13, i15, i17, i19, i21, i23, i25, i27, i29, i31, i33, i35, i37, p40, p42, p44, p46, p48, p50, p52, p54, p56, p58, p60, p62, p64, p66, p68, p70, p0, p1, p3, p4]
+624: i74 = getfield_gc_i(p1, descr=<FieldS rpyeffect.stored_environment.Stack__arb_arb.inst_target 16 pure>)
+636: guard_value(i74, 219, descr=<Guard0x130386b20>) [p2, i7, i9, i11, i13, i15, i17, i19, i21, i23, i25, i27, i29, i31, i33, i35, i37, p40, p42, p44, p46, p48, p50, p52, p54, p56, p58, p60, p62, p64, p66, p68, p70, p0, p1, p3, p4]
debug_merge_point(0, 0, '10<main.rpyeffect:2([method_%apply(n):n@Name(=_0)#7])>+0: {"op": "Jump". "target": 8}')
debug_merge_point(0, 0, '8<main.rpyeffect:0([mcore:[#12]#3])>+0: {"op": "PrimOp". "name": "infixEq(Int. Int): Boolean". "out": {"num": [0]. "ptr": []}. "in": {"num": [1. 0]. "ptr": []}}')
+648: i76 = int_eq(i73, i9)
guard_true(i76, descr=<Guard0x130386ae0>) [p2, i7, i9, i11, i13, i15, i17, i19, i21, i23, i25, i27, i29, i31, i33, i35, i37, p40, p42, p44, p46, p48, p50, p52, p54, p56, p58, p60, p62, p64, p66, p68, p70, p0, p1, p3, p4]
debug_merge_point(0, 0, '8<main.rpyeffect:0([mcore:[#12]#3])>+1: {"op": "Return". "args": {"num": [0]. "ptr": []}}')
+656: i77 = getfield_gc_i(p1, descr=<FieldS rpyeffect.stored_environment.Stack__1_1.inst_values_num_0 40 pure>)
+656: p78 = getfield_gc_r(p1, descr=<FieldP rpyeffect.stored_environment.Stack__1_1.inst_values_ptr_0 48 pure>)
+656: p79 = getfield_gc_r(p1, descr=<FieldP rpyeffect.stored_environment.Stack__arb_arb.inst_tail 8 pure>)
debug_merge_point(0, 0, '219<main.rpyeffect:211([k@[k@[#549]#551]#555])>+0: {"op": "Switch". "scrutinee": 0. "values": [1]. "targets": [212]. "default": 218}')
+660: guard_nonnull(p79, descr=<Guard0x130386aa0>) [p2, i7, i9, i11, i13, i15, i17, i19, i21, i23, i25, i27, i29, i31, i33, i35, i37, p40, p42, p44, p46, p48, p50, p52, p54, p56, p58, p60, p62, p64, p66, p68, p70, p0, p1, p3, p4]
+668: i80 = getfield_gc_i(p79, descr=<FieldS rpyeffect.stored_environment.Stack__arb_arb.inst_target 16 pure>)
+672: guard_value(i80, 207, descr=<Guard0x130386a60>) [p2, i7, i9, i11, i13, i15, i17, i19, i21, i23, i25, i27, i29, i31, i33, i35, i37, p40, p42, p44, p46, p48, p50, p52, p54, p56, p58, p60, p62, p64, p66, p68, p70, p0, p1, p3, p4]
debug_merge_point(0, 0, '212<main.rpyeffect:204([switch case for 1#556])>+0: {"op": "Const". "type": "num". "out": 0. "value": 0}')
debug_merge_point(0, 0, '212<main.rpyeffect:204([switch case for 1#556])>+1: {"op": "Const". "type": "ptr". "out": 0. "format": "string". "value": "Name(Done_0)"}')
debug_merge_point(0, 0, '212<main.rpyeffect:204([switch case for 1#556])>+2: {"op": "PrimOp". "name": "getGlobal(String): Ptr". "out": {"num": []. "ptr": [0]}. "in": {"num": []. "ptr": [0]}}')
debug_merge_point(0, 0, '212<main.rpyeffect:204([switch case for 1#556])>+3: {"op": "GetDynamic". "out": 0. "n": 0. "label": 0}')
+684: guard_nonnull(p4, descr=<Guard0x130386a20>) [p2, i7, i9, i11, i13, i15, i17, i19, i21, i23, i25, i27, i29, i31, i33, i35, i37, p40, p42, p44, p46, p48, p50, p52, p54, p56, p58, p60, p62, p64, p66, p68, p70, p0, p1, p3, p4]
+696: i82 = getfield_gc_i(p0, descr=<FieldS rpyeffect.stack.Label.inst_origin 8 pure>)
+704: guard_value(i82, 287775, descr=<Guard0x1303869e0>) [p2, i7, i9, i11, i13, i15, i17, i19, i21, i23, i25, i27, i29, i31, i33, i35, i37, p40, p42, p44, p46, p48, p50, p52, p54, p56, p58, p60, p62, p64, p66, p68, p70, p0, p1, p3, p4]
+728: i85 = instance_ptr_eq(p0, ConstPtr(ptr84))
guard_true(i85, descr=<Guard0x1303869a0>) [p2, i7, i9, i11, i13, i15, i17, i19, i21, i23, i25, i27, i29, i31, i33, i35, i37, p40, p42, p44, p46, p48, p50, p52, p54, p56, p58, p60, p62, p64, p66, p68, p70, p0, p1, p3, p4]
debug_merge_point(0, 0, '212<main.rpyeffect:204([switch case for 1#556])>+4: {"op": "Const". "type": "num". "out": 0. "value": 0}')
debug_merge_point(0, 0, '212<main.rpyeffect:204([switch case for 1#556])>+5: {"op": "Push". "target": 211. "args": {"num": []. "ptr": []}}')
debug_merge_point(0, 0, '212<main.rpyeffect:204([switch case for 1#556])>+6: {"op": "Invoke". "receiver": 0. "tag": Interned(%Done_0(n):n). "args" : {"num": [0]. "ptr": []}}')
+736: p86 = getfield_gc_r(p4, descr=<FieldP rpyeffect.stored_environment.CoData__arb_arb.inst_vtable 24 pure>)
+756: guard_value(p86, ConstPtr(ptr87), descr=<Guard0x130386960>) [p2, i7, i9, i11, i13, i15, i17, i19, i21, i23, i25, i27, i29, i31, i33, i35, i37, p40, p42, p44, p46, p48, p50, p52, p54, p56, p58, p60, p62, p64, p66, p68, p70, p0, p1, p3, p4]
debug_merge_point(0, 0, '238<main.rpyeffect:230([method_%Done_0(n):n@[mcore:[#39]#613]#615])>+0: {"op": "Const". "type": "num". "out": 1. "value": 0}')
debug_merge_point(0, 0, '238<main.rpyeffect:230([method_%Done_0(n):n@[mcore:[#39]#613]#615])>+1: {"op": "Const". "type": "ptr". "out": 0. "format": "string". "value": "Name(Done_0)"}')
debug_merge_point(0, 0, '238<main.rpyeffect:230([method_%Done_0(n):n@[mcore:[#39]#613]#615])>+2: {"op": "PrimOp". "name": "getGlobal(String): Ptr". "out": {"num": []. "ptr": [0]}. "in": {"num": []. "ptr": [0]}}')
debug_merge_point(0, 0, '238<main.rpyeffect:230([method_%Done_0(n):n@[mcore:[#39]#613]#615])>+3: {"op": "ShiftDyn". "out": 0. "n": 1. "label": 0}')
+764: guard_nonnull_class(p3, 4367707880, descr=<Guard0x130383e60>) [p2, i7, i9, i11, i13, i15, i17, i19, i21, i23, i25, i27, i29, i31, i33, i35, i37, p40, p42, p44, p46, p48, p50, p52, p54, p56, p58, p60, p62, p64, p66, p68, p70, p0, p1, p3, p4]
+792: p89 = getfield_gc_r(p3, descr=<FieldP rpyeffect.stack.MetaStackLike.inst_stack 8 pure>)
+800: p90 = getfield_gc_r(p3, descr=<FieldP rpyeffect.stack.MetaStack.inst_label 16 pure>)
+808: p91 = getfield_gc_r(p3, descr=<FieldP rpyeffect.stack.MetaStack.inst_tail 32 pure>)
+816: guard_nonnull(p89, descr=<Guard0x130386920>) [p2, i7, i9, i11, i13, i15, i17, i19, i21, i23, i25, i27, i29, i31, i33, i35, i37, p40, p42, p44, p46, p48, p50, p52, p54, p56, p58, p60, p62, p64, p66, p68, p70, p0, p1, p3, p4]
+824: i92 = getfield_gc_i(p89, descr=<FieldS rpyeffect.stored_environment.Stack__arb_arb.inst_target 16 pure>)
+832: guard_value(i92, 258, descr=<Guard0x1303868e0>) [p2, i7, i9, i11, i13, i15, i17, i19, i21, i23, i25, i27, i29, i31, i33, i35, i37, p40, p42, p44, p46, p48, p50, p52, p54, p56, p58, p60, p62, p64, p66, p68, p70, p0, p1, p3, p4]
debug_merge_point(0, 0, '238<main.rpyeffect:230([method_%Done_0(n):n@[mcore:[#39]#613]#615])>+4: {"op": "Return". "args": {"num": [0]. "ptr": []}}')
+844: p94 = getfield_gc_r(p89, descr=<FieldP rpyeffect.stored_environment.Stack__0_2.inst_values_ptr_0 40 pure>)
+848: p95 = getfield_gc_r(p89, descr=<FieldP rpyeffect.stored_environment.Stack__0_2.inst_values_ptr_1 48 pure>)
+856: p96 = getfield_gc_r(p89, descr=<FieldP rpyeffect.stored_environment.Stack__arb_arb.inst_tail 8 pure>)
debug_merge_point(0, 0, '258<main.rpyeffect:250([k@[k@[#710]#712]#717])>+0: {"op": "Push". "target": 257. "args": {"num": []. "ptr": [0]}}')
debug_merge_point(0, 0, '258<main.rpyeffect:250([k@[k@[#710]#712]#717])>+1: {"op": "Invoke". "receiver": 1. "tag": Interned(%apply(n):n). "args" : {"num": [0]. "ptr": []}}')
+860: p97 = getfield_gc_r(p95, descr=<FieldP rpyeffect.stored_environment.CoData__arb_arb.inst_vtable 24 pure>)
+876: guard_value(p97, ConstPtr(ptr98), descr=<Guard0x1303868a0>) [p2, i7, i9, i11, i13, i15, i17, i19, i21, i23, i25, i27, i29, i31, i33, i35, i37, p40, p42, p44, p46, p48, p50, p52, p54, p56, p58, p60, p62, p64, p66, p68, p70, p0, p1, p3, p4]
+884: i99 = getfield_gc_i(p95, descr=<FieldS rpyeffect.stored_environment.CoData__1_0.inst_values_num_0 32 pure>)
debug_merge_point(0, 0, '136<main.rpyeffect:128([method_%apply(n):n@Name(+_27)#347])>+0: {"op": "Jump". "target": 134}')
debug_merge_point(0, 0, '134<main.rpyeffect:126([mcore:[#23]#343])>+0: {"op": "PrimOp". "name": "infixAdd(Int. Int): Int". "out": {"num": [0]. "ptr": []}. "in": {"num": [1. 0]. "ptr": []}}')
debug_merge_point(0, 0, '134<main.rpyeffect:126([mcore:[#23]#343])>+1: {"op": "Return". "args": {"num": [0]. "ptr": []}}')
debug_merge_point(0, 0, '257<main.rpyeffect:249([k@[k@[k@[#710]#712]#717]#719])>+0: {"op": "Push". "target": 256. "args": {"num": []. "ptr": []}}')
debug_merge_point(0, 0, '257<main.rpyeffect:249([k@[k@[k@[#710]#712]#717]#719])>+1: {"op": "Invoke". "receiver": 0. "tag": Interned(%apply(n):n). "args" : {"num": [0]. "ptr": []}}')
+888: p100 = getfield_gc_r(p94, descr=<FieldP rpyeffect.stored_environment.CoData__arb_arb.inst_vtable 24 pure>)
+900: guard_value(p100, ConstPtr(ptr101), descr=<Guard0x130386860>) [p2, i7, i9, i11, i13, i15, i17, i19, i21, i23, i25, i27, i29, i31, i33, i35, i37, p40, p42, p44, p46, p48, p50, p52, p54, p56, p58, p60, p62, p64, p66, p68, p70, p0, p1, p3, p4]
+908: i102 = getfield_gc_i(p94, descr=<FieldS rpyeffect.stored_environment.CoData__1_1.inst_values_num_0 32 pure>)
+912: p103 = getfield_gc_r(p94, descr=<FieldP rpyeffect.stored_environment.CoData__1_1.inst_values_ptr_0 40 pure>)
debug_merge_point(0, 0, '272<main.rpyeffect:264([method_%apply(n):n@Name(loop_120)#737])>+0: {"op": "Const". "type": "ptr". "out": 1. "format": "string". "value": "Name(Done_0)"}')
debug_merge_point(0, 0, '272<main.rpyeffect:264([method_%apply(n):n@Name(loop_120)#737])>+1: {"op": "PrimOp". "name": "getGlobal(String): Ptr". "out": {"num": []. "ptr": [1]}. "in": {"num": []. "ptr": [1]}}')
debug_merge_point(0, 0, '272<main.rpyeffect:264([method_%apply(n):n@Name(loop_120)#737])>+2: {"op": "Push". "target": 271. "args": {"num": []. "ptr": []}}')
debug_merge_point(0, 0, '272<main.rpyeffect:264([method_%apply(n):n@Name(loop_120)#737])>+3: {"op": "Swap". "type": "ptr". "a": 0. "b". 1}')
debug_merge_point(0, 0, '272<main.rpyeffect:264([method_%apply(n):n@Name(loop_120)#737])>+4: {"op": "Jump". "target": 268}')
debug_merge_point(0, 0, '268<main.rpyeffect:260([mcore:[#44]#688])>+0: {"op": "Push". "target": 267. "args": {"num": [0. 1]. "ptr": [1]}}')
debug_merge_point(0, 0, '268<main.rpyeffect:260([mcore:[#44]#688])>+1: {"op": "Copy". "type": "num". "from": 1. "to". 0}')
debug_merge_point(0, 0, '268<main.rpyeffect:260([mcore:[#44]#688])>+2: {"op": "Jump". "target": 17}')
debug_merge_point(0, 0, '17<main.rpyeffect:9(Name(=_0))>+0: {"op": "New". "out": 0. "targets": [10. 12. 14. 16]. "args": {"num": [0]. "ptr": []}}')
debug_merge_point(0, 0, '17<main.rpyeffect:9(Name(=_0))>+1: {"op": "Return". "args": {"num": []. "ptr": [0]}}')
debug_merge_point(0, 0, '267<main.rpyeffect:259([k@[mcore:[#44]#688]#690])>+0: {"op": "Const". "type": "num". "out": 2. "value": 0}')
debug_merge_point(0, 0, '267<main.rpyeffect:259([k@[mcore:[#44]#688]#690])>+1: {"op": "Push". "target": 266. "args": {"num": [0. 1]. "ptr": [1]}}')
debug_merge_point(0, 0, '267<main.rpyeffect:259([k@[mcore:[#44]#688]#690])>+2: {"op": "Copy". "type": "num". "from": 2. "to". 0}')
debug_merge_point(0, 0, '267<main.rpyeffect:259([k@[mcore:[#44]#688]#690])>+3: {"op": "Invoke". "receiver": 0. "tag": Interned(%apply(n):n). "args" : {"num": [0]. "ptr": []}}')
debug_merge_point(0, 0, '10<main.rpyeffect:2([method_%apply(n):n@Name(=_0)#7])>+0: {"op": "Jump". "target": 8}')
debug_merge_point(0, 0, '8<main.rpyeffect:0([mcore:[#12]#3])>+0: {"op": "PrimOp". "name": "infixEq(Int. Int): Boolean". "out": {"num": [0]. "ptr": []}. "in": {"num": [1. 0]. "ptr": []}}')
+916: i105 = int_eq(i102, 0)
guard_false(i105, descr=<Guard0x130386820>) [p2, i7, i9, i11, i13, i15, i17, i19, i21, i23, i25, i27, i29, i31, i33, i35, i37, p40, p42, p44, p46, p48, p50, p52, p54, p56, p58, p60, p62, p64, p66, p68, p70, p0, p1, p3, p4]
debug_merge_point(0, 0, '8<main.rpyeffect:0([mcore:[#12]#3])>+1: {"op": "Return". "args": {"num": [0]. "ptr": []}}')
debug_merge_point(0, 0, '266<main.rpyeffect:258([k@[k@[mcore:[#44]#688]#690]#694])>+0: {"op": "Switch". "scrutinee": 0. "values": [1]. "targets": [255]. "default": 265}')
debug_merge_point(0, 0, '265<main.rpyeffect:257([switch default case#698])>+0: {"op": "Swap". "type": "num". "a": 0. "b". 1}')
debug_merge_point(0, 0, '265<main.rpyeffect:257([switch default case#698])>+1: {"op": "Swap". "type": "num". "a": 2. "b". 1}')
debug_merge_point(0, 0, '265<main.rpyeffect:257([switch default case#698])>+2: {"op": "Switch". "scrutinee": 2. "values": [0]. "targets": [263]. "default": 264}')
debug_merge_point(0, 0, '263<main.rpyeffect:255([switch case for 0#699])>+0: {"op": "Push". "target": 262. "args": {"num": [0]. "ptr": [0]}}')
debug_merge_point(0, 0, '263<main.rpyeffect:255([switch case for 0#699])>+1: {"op": "Copy". "type": "num". "from": 1. "to". 0}')
debug_merge_point(0, 0, '263<main.rpyeffect:255([switch case for 0#699])>+2: {"op": "Jump". "target": 186}')
debug_merge_point(0, 0, '186<main.rpyeffect:178(Name(-_34))>+0: {"op": "New". "out": 0. "targets": [179. 181. 183. 185]. "args": {"num": [0]. "ptr": []}}')
debug_merge_point(0, 0, '186<main.rpyeffect:178(Name(-_34))>+1: {"op": "Return". "args": {"num": []. "ptr": [0]}}')
debug_merge_point(0, 0, '262<main.rpyeffect:254([k@[switch case for 0#699]#701])>+0: {"op": "Const". "type": "num". "out": 1. "value": 1}')
debug_merge_point(0, 0, '262<main.rpyeffect:254([k@[switch case for 0#699]#701])>+1: {"op": "Push". "target": 261. "args": {"num": [0]. "ptr": [1]}}')
debug_merge_point(0, 0, '262<main.rpyeffect:254([k@[switch case for 0#699]#701])>+2: {"op": "Copy". "type": "num". "from": 1. "to". 0}')
debug_merge_point(0, 0, '262<main.rpyeffect:254([k@[switch case for 0#699]#701])>+3: {"op": "Invoke". "receiver": 0. "tag": Interned(%apply(n):n). "args" : {"num": [0]. "ptr": []}}')
debug_merge_point(0, 0, '179<main.rpyeffect:171([method_%apply(n):n@Name(-_34)#469])>+0: {"op": "Jump". "target": 177}')
debug_merge_point(0, 0, '177<main.rpyeffect:169([mcore:[#27]#465])>+0: {"op": "PrimOp". "name": "infixSub(Int. Int): Int". "out": {"num": [0]. "ptr": []}. "in": {"num": [1. 0]. "ptr": []}}')
+924: i107 = int_sub(i102, 1)
debug_merge_point(0, 0, '177<main.rpyeffect:169([mcore:[#27]#465])>+1: {"op": "Return". "args": {"num": [0]. "ptr": []}}')
debug_merge_point(0, 0, '261<main.rpyeffect:253([k@[k@[switch case for 0#699]#701]#705])>+0: {"op": "Const". "type": "ptr". "out": 1. "format": "string". "value": "Name(Done_0)"}')
debug_merge_point(0, 0, '261<main.rpyeffect:253([k@[k@[switch case for 0#699]#701]#705])>+1: {"op": "PrimOp". "name": "getGlobal(String): Ptr". "out": {"num": []. "ptr": [1]}. "in": {"num": []. "ptr": [1]}}')
debug_merge_point(0, 0, '261<main.rpyeffect:253([k@[k@[switch case for 0#699]#701]#705])>+2: {"op": "Push". "target": 260. "args": {"num": [1]. "ptr": [0]}}')
debug_merge_point(0, 0, '261<main.rpyeffect:253([k@[k@[switch case for 0#699]#701]#705])>+3: {"op": "Swap". "type": "ptr". "a": 0. "b". 1}')
debug_merge_point(0, 0, '261<main.rpyeffect:253([k@[k@[switch case for 0#699]#701]#705])>+4: {"op": "Jump". "target": 277}')
debug_merge_point(0, 0, '277<main.rpyeffect:269(Name(loop_120))>+0: {"op": "New". "out": 0. "targets": [270. 272. 274. 276]. "args": {"num": [0]. "ptr": [1]}}')
debug_merge_point(0, 0, '277<main.rpyeffect:269(Name(loop_120))>+1: {"op": "Return". "args": {"num": []. "ptr": [0]}}')
debug_merge_point(0, 0, '260<main.rpyeffect:252([#710])>+0: {"op": "Push". "target": 259. "args": {"num": []. "ptr": [0. 1]}}')
debug_merge_point(0, 0, '260<main.rpyeffect:252([#710])>+1: {"op": "Jump". "target": 143}')
debug_merge_point(0, 0, '143<main.rpyeffect:135(Name(+_27))>+0: {"op": "New". "out": 0. "targets": [136. 138. 140. 142]. "args": {"num": [0]. "ptr": []}}')
debug_merge_point(0, 0, '143<main.rpyeffect:135(Name(+_27))>+1: {"op": "Return". "args": {"num": []. "ptr": [0]}}')
debug_merge_point(0, 0, '259<main.rpyeffect:251([k@[#710]#712])>+0: {"op": "Const". "type": "ptr". "out": 3. "format": "string". "value": "Name(Done_0)"}')
debug_merge_point(0, 0, '259<main.rpyeffect:251([k@[#710]#712])>+1: {"op": "PrimOp". "name": "getGlobal(String): Ptr". "out": {"num": []. "ptr": [3]}. "in": {"num": []. "ptr": [3]}}')
debug_merge_point(0, 0, '259<main.rpyeffect:251([k@[#710]#712])>+2: {"op": "Push". "target": 258. "args": {"num": []. "ptr": [1. 0]}}')
debug_merge_point(0, 0, '259<main.rpyeffect:251([k@[#710]#712])>+3: {"op": "Copy". "type": "ptr". "from": 2. "to". 0}')
debug_merge_point(0, 0, '259<main.rpyeffect:251([k@[#710]#712])>+4: {"op": "Copy". "type": "ptr". "from": 3. "to". 1}')
debug_merge_point(0, 0, '259<main.rpyeffect:251([k@[#710]#712])>+5: {"op": "Jump". "target": 254}')
debug_merge_point(0, 0, '254<main.rpyeffect:246(Name(run_product_83))>+0: {"op": "New". "out": 0. "targets": [251. 253]. "args": {"num": []. "ptr": [0]}}')
debug_merge_point(0, 0, '254<main.rpyeffect:246(Name(run_product_83))>+1: {"op": "Const". "type": "ptr". "out": 1. "format": "string". "value": "Name(Done_0)"}')
debug_merge_point(0, 0, '254<main.rpyeffect:246(Name(run_product_83))>+2: {"op": "PrimOp". "name": "getGlobal(String): Ptr". "out": {"num": []. "ptr": [1]}. "in": {"num": []. "ptr": [1]}}')
debug_merge_point(0, 0, '254<main.rpyeffect:246(Name(run_product_83))>+3: {"op": "Jump". "target": 246}')
debug_merge_point(0, 0, '246<main.rpyeffect:238([mcore:[#39]#613])>+0: {"op": "New". "out": 1. "targets": [238. 240. 242. 244]. "args": {"num": []. "ptr": []}}')
debug_merge_point(0, 0, '246<main.rpyeffect:238([mcore:[#39]#613])>+1: {"op": "Const". "type": "ptr". "out": 2. "format": "string". "value": "Name(Done_0)"}')
debug_merge_point(0, 0, '246<main.rpyeffect:238([mcore:[#39]#613])>+2: {"op": "PrimOp". "name": "getGlobal(String): Ptr". "out": {"num": []. "ptr": [2]}. "in": {"num": []. "ptr": [2]}}')
debug_merge_point(0, 0, '246<main.rpyeffect:238([mcore:[#39]#613])>+3: {"op": "NewStackWithBinding". "out": 1. "target": 245. "region": 2. "args": {"num": []. "ptr": []}. "label": 2. "binding": 1}')
debug_merge_point(0, 0, '246<main.rpyeffect:238([mcore:[#39]#613])>+4: {"op": "PushStack". "arg": 1}')
debug_merge_point(0, 0, '246<main.rpyeffect:238([mcore:[#39]#613])>+5: {"op": "Invoke". "receiver": 0. "tag": Interned(%apply():n). "args" : {"num": []. "ptr": []}}')
debug_merge_point(0, 0, '251<main.rpyeffect:243([method_%apply():n@Name(run_product_83)#670])>+0: {"op": "Const". "type": "ptr". "out": 1. "format": "string". "value": "Name(Done_0)"}')
debug_merge_point(0, 0, '251<main.rpyeffect:243([method_%apply():n@Name(run_product_83)#670])>+1: {"op": "PrimOp". "name": "getGlobal(String): Ptr". "out": {"num": []. "ptr": [1]}. "in": {"num": []. "ptr": [1]}}')
debug_merge_point(0, 0, '251<main.rpyeffect:243([method_%apply():n@Name(run_product_83)#670])>+2: {"op": "Swap". "type": "ptr". "a": 0. "b". 1}')
debug_merge_point(0, 0, '251<main.rpyeffect:243([method_%apply():n@Name(run_product_83)#670])>+3: {"op": "Jump". "target": 249}')
debug_merge_point(0, 0, '249<main.rpyeffect:241([mcore:[#40]#664])>+0: {"op": "Const". "type": "ptr". "out": 0. "format": "string". "value": "Name(Done_0)"}')
debug_merge_point(0, 0, '249<main.rpyeffect:241([mcore:[#40]#664])>+1: {"op": "PrimOp". "name": "getGlobal(String): Ptr". "out": {"num": []. "ptr": [0]}. "in": {"num": []. "ptr": [0]}}')
debug_merge_point(0, 0, '249<main.rpyeffect:241([mcore:[#40]#664])>+2: {"op": "Swap". "type": "ptr". "a": 0. "b". 1}')
debug_merge_point(0, 0, '249<main.rpyeffect:241([mcore:[#40]#664])>+3: {"op": "Jump". "target": 248}')
debug_merge_point(0, 0, '248<main.rpyeffect:240([mcore:[eta-expanded fn#429]#656])>+0: {"op": "Push". "target": 247. "args": {"num": []. "ptr": []}}')
debug_merge_point(0, 0, '248<main.rpyeffect:240([mcore:[eta-expanded fn#429]#656])>+1: {"op": "Jump". "target": 225}')
debug_merge_point(0, 0, '225<main.rpyeffect:217(Name(product_48))>+0: {"op": "Match". "type": Interned({"op": "eff$Sum". "constructors": [{"name": Nil_2. "arg": {"op": "Unit"}}]}). "scrutinee": 0. "clauses": [{"tag": Interned(Nil_2). "target": 224. "args": {"num": []. "ptr": []}}]. "default": {"tag": Interned(88f40ac1-2a55-462d-9d03-ce05342ea256#[Missing Tag#889]). "target": 223. "args": {"num": []. "ptr": []}}}')
+928: p108 = getfield_gc_r(p103, descr=<FieldP rpyeffect.stored_environment.Data__arb_arb.inst_tag 8>)
+944: guard_value(p108, ConstPtr(ptr109), descr=<Guard0x1303867e0>) [p2, i7, i9, i11, i13, i15, i17, i19, i21, i23, i25, i27, i29, i31, i33, i35, i37, p40, p42, p44, p46, p48, p50, p52, p54, p56, p58, p60, p62, p64, p66, p68, p70, p0, p1, p3, p4]
debug_merge_point(0, 0, '223<main.rpyeffect:215([match_def@Name(product_48)#541])>+0: {"op": "Match". "type": Interned({"op": "eff$Sum". "constructors": [{"name": Cons_3. "arg": {"op": "Unit"}}]}). "scrutinee": 0. "clauses": [{"tag": Interned(Cons_3). "target": 222. "args": {"num": []. "ptr": [0]}}]. "default": {"tag": Interned(88f40ac1-2a55-462d-9d03-ce05342ea256#[Missing Tag#888]). "target": 209. "args": {"num": []. "ptr": []}}}')
+952: p110 = getfield_gc_r(p103, descr=<FieldP rpyeffect.stored_environment.Data__0_1.inst_values_ptr_0 32 pure>)
debug_merge_point(0, 0, '222<main.rpyeffect:214([#545])>+0: {"op": "Match". "type": Interned({"op": "eff$Tuple". "elements": [{"op": "Int"}. {"op": "Data". "type_tag": "{\"op\": \"eff$Sum\". \"constructors\": [{\"name\": Nil_2. \"arg\": {\"op\": \"Unit\"}}. {\"name\": Cons_3. \"arg\": {\"op\": \"Data\". \"type_tag\": \"{\\\"op\\\": \\\"eff$Tuple\\\". \\\"elements\\\": [{\\\"op\\\": \\\"Int\\\"}. {\\\"op\\\": \\\"Top\\\"}]}\". \"constructors\": [{\"tag\": \"{\\\"op\\\": \\\"eff$Tuple\\\". \\\"elements\\\": [{\\\"op\\\": \\\"Int\\\"}. {\\\"op\\\": \\\"Top\\\"}]}\". \"fields\": [{\"op\": \"Int\"}. {\"op\": \"Top\"}]}]}}]}". "constructors": [{"tag": "Nil_2". "fields": []}. {"tag": "Cons_3". "fields": [{"op": "Data". "type_tag": "{\"op\": \"eff$Tuple\". \"elements\": [{\"op\": \"Int\"}. {\"op\": \"Top\"}]}". "constructors": [{"tag": "{\"op\": \"eff$Tuple\". \"elements\": [{\"op\": \"Int\"}. {\"op\": \"Top\"}]}". "fields": [{"op": "Int"}. {"op": "Top"}]}]}]}]}]}). "scrutinee": 0. "clauses": [{"tag": Interned({"op": "eff$Tuple". "elements": [{"op": "Int"}. {"op": "Data". "type_tag": "{\"op\": \"eff$Sum\". \"constructors\": [{\"name\": Nil_2. \"arg\": {\"op\": \"Unit\"}}. {\"name\": Cons_3. \"arg\": {\"op\": \"Data\". \"type_tag\": \"{\\\"op\\\": \\\"eff$Tuple\\\". \\\"elements\\\": [{\\\"op\\\": \\\"Int\\\"}. {\\\"op\\\": \\\"Top\\\"}]}\". \"constructors\": [{\"tag\": \"{\\\"op\\\": \\\"eff$Tuple\\\". \\\"elements\\\": [{\\\"op\\\": \\\"Int\\\"}. {\\\"op\\\": \\\"Top\\\"}]}\". \"fields\": [{\"op\": \"Int\"}. {\"op\": \"Top\"}]}]}}]}". "constructors": [{"tag": "Nil_2". "fields": []}. {"tag": "Cons_3". "fields": [{"op": "Data". "type_tag": "{\"op\": \"eff$Tuple\". \"elements\": [{\"op\": \"Int\"}. {\"op\": \"Top\"}]}". "constructors": [{"tag": "{\"op\": \"eff$Tuple\". \"elements\": [{\"op\": \"Int\"}. {\"op\": \"Top\"}]}". "fields": [{"op": "Int"}. {"op": "Top"}]}]}]}]}]}). "target": 221. "args": {"num": [0]. "ptr": [0]}}]. "default": {"tag": Interned(88f40ac1-2a55-462d-9d03-ce05342ea256#[Missing Tag#887]). "target": 210. "args": {"num": []. "ptr": []}}}')
+956: p111 = getfield_gc_r(p110, descr=<FieldP rpyeffect.stored_environment.Data__arb_arb.inst_tag 8>)
+968: guard_value(p111, ConstPtr(ptr112), descr=<Guard0x1303867a0>) [p2, i7, i9, i11, i13, i15, i17, i19, i21, i23, i25, i27, i29, i31, i33, i35, i37, p40, p42, p44, p46, p48, p50, p52, p54, p56, p58, p60, p62, p64, p66, p68, p70, p0, p1, p3, p4]
+976: i113 = getfield_gc_i(p110, descr=<FieldS rpyeffect.stored_environment.Data__1_1.inst_values_num_0 32 pure>)
+980: p114 = getfield_gc_r(p110, descr=<FieldP rpyeffect.stored_environment.Data__1_1.inst_values_ptr_0 40 pure>)
debug_merge_point(0, 0, '221<main.rpyeffect:213([#549])>+0: {"op": "Push". "target": 220. "args": {"num": [0]. "ptr": [0]}}')
debug_merge_point(0, 0, '221<main.rpyeffect:213([#549])>+1: {"op": "Jump". "target": 17}')
+984: p115 = new_with_vtable(descr=<SizeDescr 56>)
+1092: p116 = new_with_vtable(descr=<SizeDescr 40>)
+1104: p117 = new_with_vtable(descr=<SizeDescr 40>)
+1116: setfield_gc(p117, ConstPtr(null), descr=<FieldP rpyeffect.stored_environment.Stack__arb_arb.inst_tail 8 pure>)
+1124: setfield_gc(p117, 245, descr=<FieldS rpyeffect.stored_environment.Stack__arb_arb.inst_target 16 pure>)
+1132: setfield_gc(p116, p117, descr=<FieldP rpyeffect.stored_environment.Stack__arb_arb.inst_tail 8 pure>)
+1136: setfield_gc(p116, 247, descr=<FieldS rpyeffect.stored_environment.Stack__arb_arb.inst_target 16 pure>)
+1144: p121 = new_with_vtable(descr=<SizeDescr 40>)
+1156: p122 = new_with_vtable(descr=<SizeDescr 56>)
+1172: p123 = new_with_vtable(descr=<SizeDescr 40>)
+1188: p124 = new_with_vtable(descr=<SizeDescr 40>)
+1204: setfield_gc(p124, p96, descr=<FieldP rpyeffect.stored_environment.Stack__arb_arb.inst_tail 8 pure>)
+1208: setfield_gc(p124, 256, descr=<FieldS rpyeffect.stored_environment.Stack__arb_arb.inst_target 16 pure>)
+1216: setfield_gc(p123, p124, descr=<FieldP rpyeffect.stored_environment.Stack__arb_arb.inst_tail 8 pure>)
+1220: setfield_gc(p123, 271, descr=<FieldS rpyeffect.stored_environment.Stack__arb_arb.inst_target 16 pure>)
+1228: setfield_gc(p122, p123, descr=<FieldP rpyeffect.stored_environment.Stack__arb_arb.inst_tail 8 pure>)
+1232: setfield_gc(p122, 258, descr=<FieldS rpyeffect.stored_environment.Stack__arb_arb.inst_target 16 pure>)
+1240: p128 = new_with_vtable(descr=<SizeDescr 48>)
+1252: setfield_gc(p128, ConstPtr(ptr129), descr=<FieldP rpyeffect.stored_environment.CoData__arb_arb.inst_vtable 24 pure>)
+1256: setfield_gc(p128, i107, descr=<FieldS rpyeffect.stored_environment.CoData__1_1.inst_values_num_0 32 pure>)
+1260: setfield_gc(p128, p103, descr=<FieldP rpyeffect.stored_environment.CoData__1_1.inst_values_ptr_0 40 pure>)
+1264: setfield_gc(p122, p128, descr=<FieldP rpyeffect.stored_environment.Stack__0_2.inst_values_ptr_0 40 pure>)
+1268: p130 = new_with_vtable(descr=<SizeDescr 40>)
+1280: setfield_gc(p130, ConstPtr(ptr131), descr=<FieldP rpyeffect.stored_environment.CoData__arb_arb.inst_vtable 24 pure>)
+1284: setfield_gc(p130, i99, descr=<FieldS rpyeffect.stored_environment.CoData__1_0.inst_values_num_0 32 pure>)
+1288: setfield_gc(p122, p130, descr=<FieldP rpyeffect.stored_environment.Stack__0_2.inst_values_ptr_1 48 pure>)
+1292: p132 = new_with_vtable(descr=<SizeDescr 32>)
+1304: p133 = new_with_vtable(descr=<SizeDescr 24>)
+1316: setfield_gc(p132, ConstPtr(ptr134), descr=<FieldP rpyeffect.stored_environment.CoData__arb_arb.inst_vtable 24 pure>)
+1320: setfield_gc(p115, 220, descr=<FieldS rpyeffect.stored_environment.Stack__arb_arb.inst_target 16 pure>)
+1328: setfield_gc(p115, i113, descr=<FieldS rpyeffect.stored_environment.Stack__1_1.inst_values_num_0 40 pure>)
+1332: setfield_gc(p115, p114, descr=<FieldP rpyeffect.stored_environment.Stack__1_1.inst_values_ptr_0 48 pure>)
+1336: setfield_gc(p115, p116, descr=<FieldP rpyeffect.stored_environment.Stack__arb_arb.inst_tail 8 pure>)
+1340: setfield_gc(p121, p122, descr=<FieldP rpyeffect.stack.MetaStackLike.inst_stack 8 pure>)
+1344: setfield_gc(p121, p90, descr=<FieldP rpyeffect.stack.MetaStack.inst_label 16 pure>)
+1352: setfield_gc(p121, p91, descr=<FieldP rpyeffect.stack.MetaStack.inst_tail 32 pure>)
+1360: setfield_gc(p121, ConstPtr(null), descr=<FieldP rpyeffect.stack.MetaStack.inst_region 24 pure>)
+1372: setfield_gc(p133, ConstPtr(ptr137), descr=<FieldP rpyeffect.region.Region.inst_boxes 8 pure>)
+1380: setfield_gc(p133, ConstPtr(ptr138), descr=<FieldP rpyeffect.region.Region.inst_refs 16>)
+1532: jump(ConstPtr(ptr139), p115, p2, p121, p132, i113, i99, 0, i13, i15, i17, i19, i21, i23, i25, i27, i29, i31, i33, i35, i37, p114, ConstPtr(ptr141), p133, ConstPtr(ptr142), p48, p50, p52, p54, p56, p58, p60, p62, p64, p66, p68, p70, descr=TargetToken(5103064976))
+1872: --end of the loop--
[97b12b] jit-log-opt-loop}
[a31e4d] {jit-log-opt-loop
# Loop 3 (10<main.rpyeffect:2([method_%apply(n):n@Name(=_0)#7])>+0: {"op": "Jump", "target": 8}) : entry bridge with 77 ops
[p0, p1, p2, p3, p4]
+232: p5 = getfield_gc_r(p2, descr=<FieldP rpyeffect.environment.Environment.inst_values_num 16>)
+240: i7 = getarrayitem_gc_i(p5, 0, descr=<ArrayS 8>)
+244: i9 = getarrayitem_gc_i(p5, 1, descr=<ArrayS 8>)
+248: i11 = getarrayitem_gc_i(p5, 2, descr=<ArrayS 8>)
+252: i13 = getarrayitem_gc_i(p5, 3, descr=<ArrayS 8>)
+256: i15 = getarrayitem_gc_i(p5, 4, descr=<ArrayS 8>)
+260: i17 = getarrayitem_gc_i(p5, 5, descr=<ArrayS 8>)
+264: i19 = getarrayitem_gc_i(p5, 6, descr=<ArrayS 8>)
+268: i21 = getarrayitem_gc_i(p5, 7, descr=<ArrayS 8>)
+272: i23 = getarrayitem_gc_i(p5, 8, descr=<ArrayS 8>)
+276: i25 = getarrayitem_gc_i(p5, 9, descr=<ArrayS 8>)
+280: i27 = getarrayitem_gc_i(p5, 10, descr=<ArrayS 8>)
+284: i29 = getarrayitem_gc_i(p5, 11, descr=<ArrayS 8>)
+288: i31 = getarrayitem_gc_i(p5, 12, descr=<ArrayS 8>)
+292: i33 = getarrayitem_gc_i(p5, 13, descr=<ArrayS 8>)
+296: i35 = getarrayitem_gc_i(p5, 14, descr=<ArrayS 8>)
+304: i37 = getarrayitem_gc_i(p5, 15, descr=<ArrayS 8>)
+308: p38 = getfield_gc_r(p2, descr=<FieldP rpyeffect.environment.Environment.inst_values_ptr 24>)
+312: p40 = getarrayitem_gc_r(p38, 0, descr=<ArrayP 8>)
+320: p42 = getarrayitem_gc_r(p38, 1, descr=<ArrayP 8>)
+328: p44 = getarrayitem_gc_r(p38, 2, descr=<ArrayP 8>)
+336: p46 = getarrayitem_gc_r(p38, 3, descr=<ArrayP 8>)
+344: p48 = getarrayitem_gc_r(p38, 4, descr=<ArrayP 8>)
+352: p50 = getarrayitem_gc_r(p38, 5, descr=<ArrayP 8>)
+360: p52 = getarrayitem_gc_r(p38, 6, descr=<ArrayP 8>)
+368: p54 = getarrayitem_gc_r(p38, 7, descr=<ArrayP 8>)
+376: p56 = getarrayitem_gc_r(p38, 8, descr=<ArrayP 8>)
+384: p58 = getarrayitem_gc_r(p38, 9, descr=<ArrayP 8>)
+392: p60 = getarrayitem_gc_r(p38, 10, descr=<ArrayP 8>)
+400: p62 = getarrayitem_gc_r(p38, 11, descr=<ArrayP 8>)
+408: p64 = getarrayitem_gc_r(p38, 12, descr=<ArrayP 8>)
+416: p66 = getarrayitem_gc_r(p38, 13, descr=<ArrayP 8>)
+424: p68 = getarrayitem_gc_r(p38, 14, descr=<ArrayP 8>)
+432: p70 = getarrayitem_gc_r(p38, 15, descr=<ArrayP 8>)
debug_merge_point(0, 0, '10<main.rpyeffect:2([method_%apply(n):n@Name(=_0)#7])>+0: {"op": "Jump". "target": 8}')
+436: guard_not_invalidated(descr=<Guard0x1303e29c0>) [p2, i7, i9, i11, i13, i15, i17, i19, i21, i23, i25, i27, i29, i31, i33, i35, i37, p40, p42, p44, p46, p48, p50, p52, p54, p56, p58, p60, p62, p64, p66, p68, p70, p0, p1, p3, p4]
+440: guard_nonnull(p1, descr=<Guard0x130386ee0>) [p2, i7, i9, i11, i13, i15, i17, i19, i21, i23, i25, i27, i29, i31, i33, i35, i37, p40, p42, p44, p46, p48, p50, p52, p54, p56, p58, p60, p62, p64, p66, p68, p70, p0, p1, p3, p4]
+452: i71 = getfield_gc_i(p1, descr=<FieldS rpyeffect.stored_environment.Stack__arb_arb.inst_target 16 pure>)
+468: guard_value(i71, 219, descr=<Guard0x130386f20>) [p2, i7, i9, i11, i13, i15, i17, i19, i21, i23, i25, i27, i29, i31, i33, i35, i37, p40, p42, p44, p46, p48, p50, p52, p54, p56, p58, p60, p62, p64, p66, p68, p70, p0, p1, p3, p4]
debug_merge_point(0, 0, '8<main.rpyeffect:0([mcore:[#12]#3])>+0: {"op": "PrimOp". "name": "infixEq(Int. Int): Boolean". "out": {"num": [0]. "ptr": []}. "in": {"num": [1. 0]. "ptr": []}}')
+480: i73 = int_eq(i9, i7)
guard_false(i73, descr=<Guard0x130386f60>) [p2, i7, i9, i11, i13, i15, i17, i19, i21, i23, i25, i27, i29, i31, i33, i35, i37, p40, p42, p44, p46, p48, p50, p52, p54, p56, p58, p60, p62, p64, p66, p68, p70, p0, p1, p3, p4]
debug_merge_point(0, 0, '8<main.rpyeffect:0([mcore:[#12]#3])>+1: {"op": "Return". "args": {"num": [0]. "ptr": []}}')
+488: i74 = getfield_gc_i(p1, descr=<FieldS rpyeffect.stored_environment.Stack__1_1.inst_values_num_0 40 pure>)
+492: p75 = getfield_gc_r(p1, descr=<FieldP rpyeffect.stored_environment.Stack__1_1.inst_values_ptr_0 48 pure>)
+500: p76 = getfield_gc_r(p1, descr=<FieldP rpyeffect.stored_environment.Stack__arb_arb.inst_tail 8 pure>)
debug_merge_point(0, 0, '219<main.rpyeffect:211([k@[k@[#549]#551]#555])>+0: {"op": "Switch". "scrutinee": 0. "values": [1]. "targets": [212]. "default": 218}')
+508: guard_nonnull(p76, descr=<Guard0x130386fa0>) [p2, i7, i9, i11, i13, i15, i17, i19, i21, i23, i25, i27, i29, i31, i33, i35, i37, p40, p42, p44, p46, p48, p50, p52, p54, p56, p58, p60, p62, p64, p66, p68, p70, p0, p1, p3, p4]
+516: i77 = getfield_gc_i(p76, descr=<FieldS rpyeffect.stored_environment.Stack__arb_arb.inst_target 16 pure>)
+524: guard_value(i77, 247, descr=<Guard0x130386fe0>) [p2, i7, i9, i11, i13, i15, i17, i19, i21, i23, i25, i27, i29, i31, i33, i35, i37, p40, p42, p44, p46, p48, p50, p52, p54, p56, p58, p60, p62, p64, p66, p68, p70, p0, p1, p3, p4]
debug_merge_point(0, 0, '218<main.rpyeffect:210([switch default case#569])>+0: {"op": "Swap". "type": "num". "a": 0. "b". 1}')
debug_merge_point(0, 0, '218<main.rpyeffect:210([switch default case#569])>+1: {"op": "Switch". "scrutinee": 1. "values": [0]. "targets": [216]. "default": 217}')
debug_merge_point(0, 0, '216<main.rpyeffect:208([switch case for 0#570])>+0: {"op": "Push". "target": 215. "args": {"num": []. "ptr": [0]}}')
debug_merge_point(0, 0, '216<main.rpyeffect:208([switch case for 0#570])>+1: {"op": "Jump". "target": 173}')
debug_merge_point(0, 0, '173<main.rpyeffect:165(Name(*_30))>+0: {"op": "New". "out": 0. "targets": [166. 168. 170. 172]. "args": {"num": [0]. "ptr": []}}')
debug_merge_point(0, 0, '173<main.rpyeffect:165(Name(*_30))>+1: {"op": "Return". "args": {"num": []. "ptr": [0]}}')
debug_merge_point(0, 0, '215<main.rpyeffect:207([k@[switch case for 0#570]#572])>+0: {"op": "Const". "type": "ptr". "out": 2. "format": "string". "value": "Name(Done_0)"}')
debug_merge_point(0, 0, '215<main.rpyeffect:207([k@[switch case for 0#570]#572])>+1: {"op": "PrimOp". "name": "getGlobal(String): Ptr". "out": {"num": []. "ptr": [2]}. "in": {"num": []. "ptr": [2]}}')
debug_merge_point(0, 0, '215<main.rpyeffect:207([k@[switch case for 0#570]#572])>+2: {"op": "Push". "target": 214. "args": {"num": []. "ptr": [0]}}')
debug_merge_point(0, 0, '215<main.rpyeffect:207([k@[switch case for 0#570]#572])>+3: {"op": "Copy". "type": "ptr". "from": 1. "to". 0}')
debug_merge_point(0, 0, '215<main.rpyeffect:207([k@[switch case for 0#570]#572])>+4: {"op": "Copy". "type": "ptr". "from": 2. "to". 1}')
debug_merge_point(0, 0, '215<main.rpyeffect:207([k@[switch case for 0#570]#572])>+5: {"op": "Jump". "target": 208}')
debug_merge_point(0, 0, '208<main.rpyeffect:200([mcore:[eta-expanded fn#409]#533])>+0: {"op": "Push". "target": 207. "args": {"num": []. "ptr": []}}')
debug_merge_point(0, 0, '208<main.rpyeffect:200([mcore:[eta-expanded fn#409]#533])>+1: {"op": "Jump". "target": 225}')
debug_merge_point(0, 0, '225<main.rpyeffect:217(Name(product_48))>+0: {"op": "Match". "type": Interned({"op": "eff$Sum". "constructors": [{"name": Nil_2. "arg": {"op": "Unit"}}]}). "scrutinee": 0. "clauses": [{"tag": Interned(Nil_2). "target": 224. "args": {"num": []. "ptr": []}}]. "default": {"tag": Interned(88f40ac1-2a55-462d-9d03-ce05342ea256#[Missing Tag#889]). "target": 223. "args": {"num": []. "ptr": []}}}')
+536: p79 = getfield_gc_r(p75, descr=<FieldP rpyeffect.stored_environment.Data__arb_arb.inst_tag 8>)
+548: guard_value(p79, ConstPtr(ptr80), descr=<Guard0x130387020>) [p2, i7, i9, i11, i13, i15, i17, i19, i21, i23, i25, i27, i29, i31, i33, i35, i37, p40, p42, p44, p46, p48, p50, p52, p54, p56, p58, p60, p62, p64, p66, p68, p70, p0, p1, p3, p4]
debug_merge_point(0, 0, '223<main.rpyeffect:215([match_def@Name(product_48)#541])>+0: {"op": "Match". "type": Interned({"op": "eff$Sum". "constructors": [{"name": Cons_3. "arg": {"op": "Unit"}}]}). "scrutinee": 0. "clauses": [{"tag": Interned(Cons_3). "target": 222. "args": {"num": []. "ptr": [0]}}]. "default": {"tag": Interned(88f40ac1-2a55-462d-9d03-ce05342ea256#[Missing Tag#888]). "target": 209. "args": {"num": []. "ptr": []}}}')
+556: p81 = getfield_gc_r(p75, descr=<FieldP rpyeffect.stored_environment.Data__0_1.inst_values_ptr_0 32 pure>)
debug_merge_point(0, 0, '222<main.rpyeffect:214([#545])>+0: {"op": "Match". "type": Interned({"op": "eff$Tuple". "elements": [{"op": "Int"}. {"op": "Data". "type_tag": "{\"op\": \"eff$Sum\". \"constructors\": [{\"name\": Nil_2. \"arg\": {\"op\": \"Unit\"}}. {\"name\": Cons_3. \"arg\": {\"op\": \"Data\". \"type_tag\": \"{\\\"op\\\": \\\"eff$Tuple\\\". \\\"elements\\\": [{\\\"op\\\": \\\"Int\\\"}. {\\\"op\\\": \\\"Top\\\"}]}\". \"constructors\": [{\"tag\": \"{\\\"op\\\": \\\"eff$Tuple\\\". \\\"elements\\\": [{\\\"op\\\": \\\"Int\\\"}. {\\\"op\\\": \\\"Top\\\"}]}\". \"fields\": [{\"op\": \"Int\"}. {\"op\": \"Top\"}]}]}}]}". "constructors": [{"tag": "Nil_2". "fields": []}. {"tag": "Cons_3". "fields": [{"op": "Data". "type_tag": "{\"op\": \"eff$Tuple\". \"elements\": [{\"op\": \"Int\"}. {\"op\": \"Top\"}]}". "constructors": [{"tag": "{\"op\": \"eff$Tuple\". \"elements\": [{\"op\": \"Int\"}. {\"op\": \"Top\"}]}". "fields": [{"op": "Int"}. {"op": "Top"}]}]}]}]}]}). "scrutinee": 0. "clauses": [{"tag": Interned({"op": "eff$Tuple". "elements": [{"op": "Int"}. {"op": "Data". "type_tag": "{\"op\": \"eff$Sum\". \"constructors\": [{\"name\": Nil_2. \"arg\": {\"op\": \"Unit\"}}. {\"name\": Cons_3. \"arg\": {\"op\": \"Data\". \"type_tag\": \"{\\\"op\\\": \\\"eff$Tuple\\\". \\\"elements\\\": [{\\\"op\\\": \\\"Int\\\"}. {\\\"op\\\": \\\"Top\\\"}]}\". \"constructors\": [{\"tag\": \"{\\\"op\\\": \\\"eff$Tuple\\\". \\\"elements\\\": [{\\\"op\\\": \\\"Int\\\"}. {\\\"op\\\": \\\"Top\\\"}]}\". \"fields\": [{\"op\": \"Int\"}. {\"op\": \"Top\"}]}]}}]}". "constructors": [{"tag": "Nil_2". "fields": []}. {"tag": "Cons_3". "fields": [{"op": "Data". "type_tag": "{\"op\": \"eff$Tuple\". \"elements\": [{\"op\": \"Int\"}. {\"op\": \"Top\"}]}". "constructors": [{"tag": "{\"op\": \"eff$Tuple\". \"elements\": [{\"op\": \"Int\"}. {\"op\": \"Top\"}]}". "fields": [{"op": "Int"}. {"op": "Top"}]}]}]}]}]}). "target": 221. "args": {"num": [0]. "ptr": [0]}}]. "default": {"tag": Interned(88f40ac1-2a55-462d-9d03-ce05342ea256#[Missing Tag#887]). "target": 210. "args": {"num": []. "ptr": []}}}')
+560: p82 = getfield_gc_r(p81, descr=<FieldP rpyeffect.stored_environment.Data__arb_arb.inst_tag 8>)
+568: guard_value(p82, ConstPtr(ptr83), descr=<Guard0x130387060>) [p2, i7, i9, i11, i13, i15, i17, i19, i21, i23, i25, i27, i29, i31, i33, i35, i37, p40, p42, p44, p46, p48, p50, p52, p54, p56, p58, p60, p62, p64, p66, p68, p70, p0, p1, p3, p4]
+576: i84 = getfield_gc_i(p81, descr=<FieldS rpyeffect.stored_environment.Data__1_1.inst_values_num_0 32 pure>)
+580: p85 = getfield_gc_r(p81, descr=<FieldP rpyeffect.stored_environment.Data__1_1.inst_values_ptr_0 40 pure>)
debug_merge_point(0, 0, '221<main.rpyeffect:213([#549])>+0: {"op": "Push". "target": 220. "args": {"num": [0]. "ptr": [0]}}')
debug_merge_point(0, 0, '221<main.rpyeffect:213([#549])>+1: {"op": "Jump". "target": 17}')
+584: jump(p0, p76, i74, i84, p85, p2, p3, p4, i11, i13, i15, i17, i19, i21, i23, i25, i27, i29, i31, i33, i35, i37, p46, p48, p50, p52, p54, p56, p58, p60, p62, p64, p66, p68, p70, descr=TargetToken(5103065056))
+748: --end of the loop--
[a412c4] jit-log-opt-loop}
[cc94b8] {jit-log-opt-bridge
# bridge out of Guard 0x1302a2fa0 with 181 ops
[p0, i1, i2, i3, i4, i5, i6, i7, i8, i9, i10, i11, i12, i13, i14, i15, p16, p17, p18, p19, p20, p21, p22, p23, p24, p25, p26, p27, p28, p29, p30, p31, p32, i33, p34]
+248: guard_not_invalidated(descr=<Guard0x1401d83e8>) [p0, i1, i2, i3, i4, i5, i6, i7, i8, i9, i10, i11, i12, i13, i14, i15, p16, p17, p18, p19, p20, p21, p22, p23, p24, p25, p26, p27, p28, p29, p30, p31, p32, i33, p34]
debug_merge_point(0, 0, '17<main.rpyeffect:9(Name(=_0))>+0: {"op": "New". "out": 0. "targets": [10. 12. 14. 16]. "args": {"num": [0]. "ptr": []}}')
debug_merge_point(0, 0, '17<main.rpyeffect:9(Name(=_0))>+1: {"op": "Return". "args": {"num": []. "ptr": [0]}}')
debug_merge_point(0, 0, '220<main.rpyeffect:212([k@[#549]#551])>+0: {"op": "Const". "type": "num". "out": 1. "value": 0}')
debug_merge_point(0, 0, '220<main.rpyeffect:212([k@[#549]#551])>+1: {"op": "Push". "target": 219. "args": {"num": [0]. "ptr": [1]}}')
debug_merge_point(0, 0, '220<main.rpyeffect:212([k@[#549]#551])>+2: {"op": "Copy". "type": "num". "from": 1. "to". 0}')
debug_merge_point(0, 0, '220<main.rpyeffect:212([k@[#549]#551])>+3: {"op": "Invoke". "receiver": 0. "tag": Interned(%apply(n):n). "args" : {"num": [0]. "ptr": []}}')
debug_merge_point(0, 0, '10<main.rpyeffect:2([method_%apply(n):n@Name(=_0)#7])>+0: {"op": "Jump". "target": 8}')
debug_merge_point(0, 0, '8<main.rpyeffect:0([mcore:[#12]#3])>+0: {"op": "PrimOp". "name": "infixEq(Int. Int): Boolean". "out": {"num": [0]. "ptr": []}. "in": {"num": [1. 0]. "ptr": []}}')
+252: i36 = int_eq(i1, 0)
guard_true(i36, descr=<Guard0x1401da160>) [p0, i1, i2, i3, i4, i5, i6, i7, i8, i9, i10, i11, i12, i13, i14, i15, p16, p17, p18, p19, p20, p21, p22, p23, p24, p25, p26, p27, p28, p29, p30, p31, p32, i33, p34]
debug_merge_point(0, 0, '8<main.rpyeffect:0([mcore:[#12]#3])>+1: {"op": "Return". "args": {"num": [0]. "ptr": []}}')
debug_merge_point(0, 0, '219<main.rpyeffect:211([k@[k@[#549]#551]#555])>+0: {"op": "Switch". "scrutinee": 0. "values": [1]. "targets": [212]. "default": 218}')
debug_merge_point(0, 0, '212<main.rpyeffect:204([switch case for 1#556])>+0: {"op": "Const". "type": "num". "out": 0. "value": 0}')
debug_merge_point(0, 0, '212<main.rpyeffect:204([switch case for 1#556])>+1: {"op": "Const". "type": "ptr". "out": 0. "format": "string". "value": "Name(Done_0)"}')
debug_merge_point(0, 0, '212<main.rpyeffect:204([switch case for 1#556])>+2: {"op": "PrimOp". "name": "getGlobal(String): Ptr". "out": {"num": []. "ptr": [0]}. "in": {"num": []. "ptr": [0]}}')
debug_merge_point(0, 0, '212<main.rpyeffect:204([switch case for 1#556])>+3: {"op": "GetDynamic". "out": 0. "n": 0. "label": 0}')
+260: guard_nonnull(p32, descr=<Guard0x1401da1a0>) [p0, i1, i2, i3, i4, i5, i6, i7, i8, i9, i10, i11, i12, i13, i14, i15, p16, p17, p18, p19, p20, p21, p22, p23, p24, p25, p26, p27, p28, p29, p30, p31, p32, i33, p34]
+272: i37 = getfield_gc_i(p30, descr=<FieldS rpyeffect.stack.Label.inst_origin 8 pure>)
+280: guard_value(i37, 287775, descr=<Guard0x1401da1e0>) [p0, i1, i2, i3, i4, i5, i6, i7, i8, i9, i10, i11, i12, i13, i14, i15, p16, p17, p18, p19, p20, p21, p22, p23, p24, p25, p26, p27, p28, p29, p30, p31, p32, i33, p34]
+300: i40 = instance_ptr_eq(p30, ConstPtr(ptr39))
guard_true(i40, descr=<Guard0x1401da220>) [p0, i1, i2, i3, i4, i5, i6, i7, i8, i9, i10, i11, i12, i13, i14, i15, p16, p17, p18, p19, p20, p21, p22, p23, p24, p25, p26, p27, p28, p29, p30, p31, p32, i33, p34]
debug_merge_point(0, 0, '212<main.rpyeffect:204([switch case for 1#556])>+4: {"op": "Const". "type": "num". "out": 0. "value": 0}')
debug_merge_point(0, 0, '212<main.rpyeffect:204([switch case for 1#556])>+5: {"op": "Push". "target": 211. "args": {"num": []. "ptr": []}}')
debug_merge_point(0, 0, '212<main.rpyeffect:204([switch case for 1#556])>+6: {"op": "Invoke". "receiver": 0. "tag": Interned(%Done_0(n):n). "args" : {"num": [0]. "ptr": []}}')
+308: p41 = getfield_gc_r(p32, descr=<FieldP rpyeffect.stored_environment.CoData__arb_arb.inst_vtable 24 pure>)
+320: guard_value(p41, ConstPtr(ptr42), descr=<Guard0x1401da260>) [p0, i1, i2, i3, i4, i5, i6, i7, i8, i9, i10, i11, i12, i13, i14, i15, p16, p17, p18, p19, p20, p21, p22, p23, p24, p25, p26, p27, p28, p29, p30, p31, p32, i33, p34]
debug_merge_point(0, 0, '238<main.rpyeffect:230([method_%Done_0(n):n@[mcore:[#39]#613]#615])>+0: {"op": "Const". "type": "num". "out": 1. "value": 0}')
debug_merge_point(0, 0, '238<main.rpyeffect:230([method_%Done_0(n):n@[mcore:[#39]#613]#615])>+1: {"op": "Const". "type": "ptr". "out": 0. "format": "string". "value": "Name(Done_0)"}')
debug_merge_point(0, 0, '238<main.rpyeffect:230([method_%Done_0(n):n@[mcore:[#39]#613]#615])>+2: {"op": "PrimOp". "name": "getGlobal(String): Ptr". "out": {"num": []. "ptr": [0]}. "in": {"num": []. "ptr": [0]}}')
debug_merge_point(0, 0, '238<main.rpyeffect:230([method_%Done_0(n):n@[mcore:[#39]#613]#615])>+3: {"op": "ShiftDyn". "out": 0. "n": 1. "label": 0}')
+328: guard_nonnull_class(p31, 4367707880, descr=<Guard0x1401d8440>) [p0, i1, i2, i3, i4, i5, i6, i7, i8, i9, i10, i11, i12, i13, i14, i15, p16, p17, p18, p19, p20, p21, p22, p23, p24, p25, p26, p27, p28, p29, p30, p31, p32, i33, p34]
+356: p44 = getfield_gc_r(p31, descr=<FieldP rpyeffect.stack.MetaStackLike.inst_stack 8 pure>)
+360: p45 = getfield_gc_r(p31, descr=<FieldP rpyeffect.stack.MetaStack.inst_label 16 pure>)
+364: p46 = getfield_gc_r(p31, descr=<FieldP rpyeffect.stack.MetaStack.inst_tail 32 pure>)
+368: guard_nonnull(p44, descr=<Guard0x1401da2a0>) [p0, i1, i2, i3, i4, i5, i6, i7, i8, i9, i10, i11, i12, i13, i14, i15, p16, p17, p18, p19, p20, p21, p22, p23, p24, p25, p26, p27, p28, p29, p30, p31, p32, i33, p34]
+376: i47 = getfield_gc_i(p44, descr=<FieldS rpyeffect.stored_environment.Stack__arb_arb.inst_target 16 pure>)
+380: guard_value(i47, 258, descr=<Guard0x1401da2e0>) [p0, i1, i2, i3, i4, i5, i6, i7, i8, i9, i10, i11, i12, i13, i14, i15, p16, p17, p18, p19, p20, p21, p22, p23, p24, p25, p26, p27, p28, p29, p30, p31, p32, i33, p34]
debug_merge_point(0, 0, '238<main.rpyeffect:230([method_%Done_0(n):n@[mcore:[#39]#613]#615])>+4: {"op": "Return". "args": {"num": [0]. "ptr": []}}')
+392: p49 = getfield_gc_r(p44, descr=<FieldP rpyeffect.stored_environment.Stack__0_2.inst_values_ptr_0 40 pure>)
+396: p50 = getfield_gc_r(p44, descr=<FieldP rpyeffect.stored_environment.Stack__0_2.inst_values_ptr_1 48 pure>)
+400: p51 = getfield_gc_r(p44, descr=<FieldP rpyeffect.stored_environment.Stack__arb_arb.inst_tail 8 pure>)
debug_merge_point(0, 0, '258<main.rpyeffect:250([k@[k@[#710]#712]#717])>+0: {"op": "Push". "target": 257. "args": {"num": []. "ptr": [0]}}')
debug_merge_point(0, 0, '258<main.rpyeffect:250([k@[k@[#710]#712]#717])>+1: {"op": "Invoke". "receiver": 1. "tag": Interned(%apply(n):n). "args" : {"num": [0]. "ptr": []}}')
+404: p52 = getfield_gc_r(p50, descr=<FieldP rpyeffect.stored_environment.CoData__arb_arb.inst_vtable 24 pure>)
+412: guard_value(p52, ConstPtr(ptr53), descr=<Guard0x1401da320>) [p0, i1, i2, i3, i4, i5, i6, i7, i8, i9, i10, i11, i12, i13, i14, i15, p16, p17, p18, p19, p20, p21, p22, p23, p24, p25, p26, p27, p28, p29, p30, p31, p32, i33, p34]
+420: i54 = getfield_gc_i(p50, descr=<FieldS rpyeffect.stored_environment.CoData__1_0.inst_values_num_0 32 pure>)
debug_merge_point(0, 0, '136<main.rpyeffect:128([method_%apply(n):n@Name(+_27)#347])>+0: {"op": "Jump". "target": 134}')
debug_merge_point(0, 0, '134<main.rpyeffect:126([mcore:[#23]#343])>+0: {"op": "PrimOp". "name": "infixAdd(Int. Int): Int". "out": {"num": [0]. "ptr": []}. "in": {"num": [1. 0]. "ptr": []}}')
debug_merge_point(0, 0, '134<main.rpyeffect:126([mcore:[#23]#343])>+1: {"op": "Return". "args": {"num": [0]. "ptr": []}}')
debug_merge_point(0, 0, '257<main.rpyeffect:249([k@[k@[k@[#710]#712]#717]#719])>+0: {"op": "Push". "target": 256. "args": {"num": []. "ptr": []}}')
debug_merge_point(0, 0, '257<main.rpyeffect:249([k@[k@[k@[#710]#712]#717]#719])>+1: {"op": "Invoke". "receiver": 0. "tag": Interned(%apply(n):n). "args" : {"num": [0]. "ptr": []}}')
+424: p55 = getfield_gc_r(p49, descr=<FieldP rpyeffect.stored_environment.CoData__arb_arb.inst_vtable 24 pure>)
+436: guard_value(p55, ConstPtr(ptr56), descr=<Guard0x1401da360>) [p0, i1, i2, i3, i4, i5, i6, i7, i8, i9, i10, i11, i12, i13, i14, i15, p16, p17, p18, p19, p20, p21, p22, p23, p24, p25, p26, p27, p28, p29, p30, p31, p32, i33, p34]
+444: i57 = getfield_gc_i(p49, descr=<FieldS rpyeffect.stored_environment.CoData__1_1.inst_values_num_0 32 pure>)
+448: p58 = getfield_gc_r(p49, descr=<FieldP rpyeffect.stored_environment.CoData__1_1.inst_values_ptr_0 40 pure>)
debug_merge_point(0, 0, '272<main.rpyeffect:264([method_%apply(n):n@Name(loop_120)#737])>+0: {"op": "Const". "type": "ptr". "out": 1. "format": "string". "value": "Name(Done_0)"}')
debug_merge_point(0, 0, '272<main.rpyeffect:264([method_%apply(n):n@Name(loop_120)#737])>+1: {"op": "PrimOp". "name": "getGlobal(String): Ptr". "out": {"num": []. "ptr": [1]}. "in": {"num": []. "ptr": [1]}}')
debug_merge_point(0, 0, '272<main.rpyeffect:264([method_%apply(n):n@Name(loop_120)#737])>+2: {"op": "Push". "target": 271. "args": {"num": []. "ptr": []}}')
debug_merge_point(0, 0, '272<main.rpyeffect:264([method_%apply(n):n@Name(loop_120)#737])>+3: {"op": "Swap". "type": "ptr". "a": 0. "b". 1}')
debug_merge_point(0, 0, '272<main.rpyeffect:264([method_%apply(n):n@Name(loop_120)#737])>+4: {"op": "Jump". "target": 268}')
debug_merge_point(0, 0, '268<main.rpyeffect:260([mcore:[#44]#688])>+0: {"op": "Push". "target": 267. "args": {"num": [0. 1]. "ptr": [1]}}')
debug_merge_point(0, 0, '268<main.rpyeffect:260([mcore:[#44]#688])>+1: {"op": "Copy". "type": "num". "from": 1. "to". 0}')
debug_merge_point(0, 0, '268<main.rpyeffect:260([mcore:[#44]#688])>+2: {"op": "Jump". "target": 17}')
debug_merge_point(0, 0, '17<main.rpyeffect:9(Name(=_0))>+0: {"op": "New". "out": 0. "targets": [10. 12. 14. 16]. "args": {"num": [0]. "ptr": []}}')
debug_merge_point(0, 0, '17<main.rpyeffect:9(Name(=_0))>+1: {"op": "Return". "args": {"num": []. "ptr": [0]}}')
debug_merge_point(0, 0, '267<main.rpyeffect:259([k@[mcore:[#44]#688]#690])>+0: {"op": "Const". "type": "num". "out": 2. "value": 0}')
debug_merge_point(0, 0, '267<main.rpyeffect:259([k@[mcore:[#44]#688]#690])>+1: {"op": "Push". "target": 266. "args": {"num": [0. 1]. "ptr": [1]}}')
debug_merge_point(0, 0, '267<main.rpyeffect:259([k@[mcore:[#44]#688]#690])>+2: {"op": "Copy". "type": "num". "from": 2. "to". 0}')
debug_merge_point(0, 0, '267<main.rpyeffect:259([k@[mcore:[#44]#688]#690])>+3: {"op": "Invoke". "receiver": 0. "tag": Interned(%apply(n):n). "args" : {"num": [0]. "ptr": []}}')
debug_merge_point(0, 0, '10<main.rpyeffect:2([method_%apply(n):n@Name(=_0)#7])>+0: {"op": "Jump". "target": 8}')
debug_merge_point(0, 0, '8<main.rpyeffect:0([mcore:[#12]#3])>+0: {"op": "PrimOp". "name": "infixEq(Int. Int): Boolean". "out": {"num": [0]. "ptr": []}. "in": {"num": [1. 0]. "ptr": []}}')
+452: i60 = int_eq(i57, 0)
guard_false(i60, descr=<Guard0x1401da3a0>) [p0, i1, i2, i3, i4, i5, i6, i7, i8, i9, i10, i11, i12, i13, i14, i15, p16, p17, p18, p19, p20, p21, p22, p23, p24, p25, p26, p27, p28, p29, p30, p31, p32, i33, p34]
debug_merge_point(0, 0, '8<main.rpyeffect:0([mcore:[#12]#3])>+1: {"op": "Return". "args": {"num": [0]. "ptr": []}}')
debug_merge_point(0, 0, '266<main.rpyeffect:258([k@[k@[mcore:[#44]#688]#690]#694])>+0: {"op": "Switch". "scrutinee": 0. "values": [1]. "targets": [255]. "default": 265}')
debug_merge_point(0, 0, '265<main.rpyeffect:257([switch default case#698])>+0: {"op": "Swap". "type": "num". "a": 0. "b". 1}')
debug_merge_point(0, 0, '265<main.rpyeffect:257([switch default case#698])>+1: {"op": "Swap". "type": "num". "a": 2. "b". 1}')
debug_merge_point(0, 0, '265<main.rpyeffect:257([switch default case#698])>+2: {"op": "Switch". "scrutinee": 2. "values": [0]. "targets": [263]. "default": 264}')
debug_merge_point(0, 0, '263<main.rpyeffect:255([switch case for 0#699])>+0: {"op": "Push". "target": 262. "args": {"num": [0]. "ptr": [0]}}')
debug_merge_point(0, 0, '263<main.rpyeffect:255([switch case for 0#699])>+1: {"op": "Copy". "type": "num". "from": 1. "to". 0}')
debug_merge_point(0, 0, '263<main.rpyeffect:255([switch case for 0#699])>+2: {"op": "Jump". "target": 186}')
debug_merge_point(0, 0, '186<main.rpyeffect:178(Name(-_34))>+0: {"op": "New". "out": 0. "targets": [179. 181. 183. 185]. "args": {"num": [0]. "ptr": []}}')
debug_merge_point(0, 0, '186<main.rpyeffect:178(Name(-_34))>+1: {"op": "Return". "args": {"num": []. "ptr": [0]}}')
debug_merge_point(0, 0, '262<main.rpyeffect:254([k@[switch case for 0#699]#701])>+0: {"op": "Const". "type": "num". "out": 1. "value": 1}')
debug_merge_point(0, 0, '262<main.rpyeffect:254([k@[switch case for 0#699]#701])>+1: {"op": "Push". "target": 261. "args": {"num": [0]. "ptr": [1]}}')
debug_merge_point(0, 0, '262<main.rpyeffect:254([k@[switch case for 0#699]#701])>+2: {"op": "Copy". "type": "num". "from": 1. "to". 0}')
debug_merge_point(0, 0, '262<main.rpyeffect:254([k@[switch case for 0#699]#701])>+3: {"op": "Invoke". "receiver": 0. "tag": Interned(%apply(n):n). "args" : {"num": [0]. "ptr": []}}')
debug_merge_point(0, 0, '179<main.rpyeffect:171([method_%apply(n):n@Name(-_34)#469])>+0: {"op": "Jump". "target": 177}')
debug_merge_point(0, 0, '177<main.rpyeffect:169([mcore:[#27]#465])>+0: {"op": "PrimOp". "name": "infixSub(Int. Int): Int". "out": {"num": [0]. "ptr": []}. "in": {"num": [1. 0]. "ptr": []}}')
+460: i62 = int_sub(i57, 1)
debug_merge_point(0, 0, '177<main.rpyeffect:169([mcore:[#27]#465])>+1: {"op": "Return". "args": {"num": [0]. "ptr": []}}')
debug_merge_point(0, 0, '261<main.rpyeffect:253([k@[k@[switch case for 0#699]#701]#705])>+0: {"op": "Const". "type": "ptr". "out": 1. "format": "string". "value": "Name(Done_0)"}')
debug_merge_point(0, 0, '261<main.rpyeffect:253([k@[k@[switch case for 0#699]#701]#705])>+1: {"op": "PrimOp". "name": "getGlobal(String): Ptr". "out": {"num": []. "ptr": [1]}. "in": {"num": []. "ptr": [1]}}')
debug_merge_point(0, 0, '261<main.rpyeffect:253([k@[k@[switch case for 0#699]#701]#705])>+2: {"op": "Push". "target": 260. "args": {"num": [1]. "ptr": [0]}}')
debug_merge_point(0, 0, '261<main.rpyeffect:253([k@[k@[switch case for 0#699]#701]#705])>+3: {"op": "Swap". "type": "ptr". "a": 0. "b". 1}')
debug_merge_point(0, 0, '261<main.rpyeffect:253([k@[k@[switch case for 0#699]#701]#705])>+4: {"op": "Jump". "target": 277}')
debug_merge_point(0, 0, '277<main.rpyeffect:269(Name(loop_120))>+0: {"op": "New". "out": 0. "targets": [270. 272. 274. 276]. "args": {"num": [0]. "ptr": [1]}}')
debug_merge_point(0, 0, '277<main.rpyeffect:269(Name(loop_120))>+1: {"op": "Return". "args": {"num": []. "ptr": [0]}}')
debug_merge_point(0, 0, '260<main.rpyeffect:252([#710])>+0: {"op": "Push". "target": 259. "args": {"num": []. "ptr": [0. 1]}}')
debug_merge_point(0, 0, '260<main.rpyeffect:252([#710])>+1: {"op": "Jump". "target": 143}')
debug_merge_point(0, 0, '143<main.rpyeffect:135(Name(+_27))>+0: {"op": "New". "out": 0. "targets": [136. 138. 140. 142]. "args": {"num": [0]. "ptr": []}}')
debug_merge_point(0, 0, '143<main.rpyeffect:135(Name(+_27))>+1: {"op": "Return". "args": {"num": []. "ptr": [0]}}')
debug_merge_point(0, 0, '259<main.rpyeffect:251([k@[#710]#712])>+0: {"op": "Const". "type": "ptr". "out": 3. "format": "string". "value": "Name(Done_0)"}')
debug_merge_point(0, 0, '259<main.rpyeffect:251([k@[#710]#712])>+1: {"op": "PrimOp". "name": "getGlobal(String): Ptr". "out": {"num": []. "ptr": [3]}. "in": {"num": []. "ptr": [3]}}')
debug_merge_point(0, 0, '259<main.rpyeffect:251([k@[#710]#712])>+2: {"op": "Push". "target": 258. "args": {"num": []. "ptr": [1. 0]}}')
debug_merge_point(0, 0, '259<main.rpyeffect:251([k@[#710]#712])>+3: {"op": "Copy". "type": "ptr". "from": 2. "to". 0}')
debug_merge_point(0, 0, '259<main.rpyeffect:251([k@[#710]#712])>+4: {"op": "Copy". "type": "ptr". "from": 3. "to". 1}')
debug_merge_point(0, 0, '259<main.rpyeffect:251([k@[#710]#712])>+5: {"op": "Jump". "target": 254}')
debug_merge_point(0, 0, '254<main.rpyeffect:246(Name(run_product_83))>+0: {"op": "New". "out": 0. "targets": [251. 253]. "args": {"num": []. "ptr": [0]}}')
debug_merge_point(0, 0, '254<main.rpyeffect:246(Name(run_product_83))>+1: {"op": "Const". "type": "ptr". "out": 1. "format": "string". "value": "Name(Done_0)"}')
debug_merge_point(0, 0, '254<main.rpyeffect:246(Name(run_product_83))>+2: {"op": "PrimOp". "name": "getGlobal(String): Ptr". "out": {"num": []. "ptr": [1]}. "in": {"num": []. "ptr": [1]}}')
debug_merge_point(0, 0, '254<main.rpyeffect:246(Name(run_product_83))>+3: {"op": "Jump". "target": 246}')
debug_merge_point(0, 0, '246<main.rpyeffect:238([mcore:[#39]#613])>+0: {"op": "New". "out": 1. "targets": [238. 240. 242. 244]. "args": {"num": []. "ptr": []}}')
debug_merge_point(0, 0, '246<main.rpyeffect:238([mcore:[#39]#613])>+1: {"op": "Const". "type": "ptr". "out": 2. "format": "string". "value": "Name(Done_0)"}')
debug_merge_point(0, 0, '246<main.rpyeffect:238([mcore:[#39]#613])>+2: {"op": "PrimOp". "name": "getGlobal(String): Ptr". "out": {"num": []. "ptr": [2]}. "in": {"num": []. "ptr": [2]}}')
debug_merge_point(0, 0, '246<main.rpyeffect:238([mcore:[#39]#613])>+3: {"op": "NewStackWithBinding". "out": 1. "target": 245. "region": 2. "args": {"num": []. "ptr": []}. "label": 2. "binding": 1}')
debug_merge_point(0, 0, '246<main.rpyeffect:238([mcore:[#39]#613])>+4: {"op": "PushStack". "arg": 1}')
debug_merge_point(0, 0, '246<main.rpyeffect:238([mcore:[#39]#613])>+5: {"op": "Invoke". "receiver": 0. "tag": Interned(%apply():n). "args" : {"num": []. "ptr": []}}')
debug_merge_point(0, 0, '251<main.rpyeffect:243([method_%apply():n@Name(run_product_83)#670])>+0: {"op": "Const". "type": "ptr". "out": 1. "format": "string". "value": "Name(Done_0)"}')
debug_merge_point(0, 0, '251<main.rpyeffect:243([method_%apply():n@Name(run_product_83)#670])>+1: {"op": "PrimOp". "name": "getGlobal(String): Ptr". "out": {"num": []. "ptr": [1]}. "in": {"num": []. "ptr": [1]}}')
debug_merge_point(0, 0, '251<main.rpyeffect:243([method_%apply():n@Name(run_product_83)#670])>+2: {"op": "Swap". "type": "ptr". "a": 0. "b". 1}')
debug_merge_point(0, 0, '251<main.rpyeffect:243([method_%apply():n@Name(run_product_83)#670])>+3: {"op": "Jump". "target": 249}')
debug_merge_point(0, 0, '249<main.rpyeffect:241([mcore:[#40]#664])>+0: {"op": "Const". "type": "ptr". "out": 0. "format": "string". "value": "Name(Done_0)"}')
debug_merge_point(0, 0, '249<main.rpyeffect:241([mcore:[#40]#664])>+1: {"op": "PrimOp". "name": "getGlobal(String): Ptr". "out": {"num": []. "ptr": [0]}. "in": {"num": []. "ptr": [0]}}')
debug_merge_point(0, 0, '249<main.rpyeffect:241([mcore:[#40]#664])>+2: {"op": "Swap". "type": "ptr". "a": 0. "b". 1}')
debug_merge_point(0, 0, '249<main.rpyeffect:241([mcore:[#40]#664])>+3: {"op": "Jump". "target": 248}')
debug_merge_point(0, 0, '248<main.rpyeffect:240([mcore:[eta-expanded fn#429]#656])>+0: {"op": "Push". "target": 247. "args": {"num": []. "ptr": []}}')
debug_merge_point(0, 0, '248<main.rpyeffect:240([mcore:[eta-expanded fn#429]#656])>+1: {"op": "Jump". "target": 225}')
debug_merge_point(0, 0, '225<main.rpyeffect:217(Name(product_48))>+0: {"op": "Match". "type": Interned({"op": "eff$Sum". "constructors": [{"name": Nil_2. "arg": {"op": "Unit"}}]}). "scrutinee": 0. "clauses": [{"tag": Interned(Nil_2). "target": 224. "args": {"num": []. "ptr": []}}]. "default": {"tag": Interned(88f40ac1-2a55-462d-9d03-ce05342ea256#[Missing Tag#889]). "target": 223. "args": {"num": []. "ptr": []}}}')
+464: p63 = getfield_gc_r(p58, descr=<FieldP rpyeffect.stored_environment.Data__arb_arb.inst_tag 8>)
+480: guard_value(p63, ConstPtr(ptr64), descr=<Guard0x1401da3e0>) [p0, i1, i2, i3, i4, i5, i6, i7, i8, i9, i10, i11, i12, i13, i14, i15, p16, p17, p18, p19, p20, p21, p22, p23, p24, p25, p26, p27, p28, p29, p30, p31, p32, i33, p34]
debug_merge_point(0, 0, '223<main.rpyeffect:215([match_def@Name(product_48)#541])>+0: {"op": "Match". "type": Interned({"op": "eff$Sum". "constructors": [{"name": Cons_3. "arg": {"op": "Unit"}}]}). "scrutinee": 0. "clauses": [{"tag": Interned(Cons_3). "target": 222. "args": {"num": []. "ptr": [0]}}]. "default": {"tag": Interned(88f40ac1-2a55-462d-9d03-ce05342ea256#[Missing Tag#888]). "target": 209. "args": {"num": []. "ptr": []}}}')
+488: p65 = getfield_gc_r(p58, descr=<FieldP rpyeffect.stored_environment.Data__0_1.inst_values_ptr_0 32 pure>)
debug_merge_point(0, 0, '222<main.rpyeffect:214([#545])>+0: {"op": "Match". "type": Interned({"op": "eff$Tuple". "elements": [{"op": "Int"}. {"op": "Data". "type_tag": "{\"op\": \"eff$Sum\". \"constructors\": [{\"name\": Nil_2. \"arg\": {\"op\": \"Unit\"}}. {\"name\": Cons_3. \"arg\": {\"op\": \"Data\". \"type_tag\": \"{\\\"op\\\": \\\"eff$Tuple\\\". \\\"elements\\\": [{\\\"op\\\": \\\"Int\\\"}. {\\\"op\\\": \\\"Top\\\"}]}\". \"constructors\": [{\"tag\": \"{\\\"op\\\": \\\"eff$Tuple\\\". \\\"elements\\\": [{\\\"op\\\": \\\"Int\\\"}. {\\\"op\\\": \\\"Top\\\"}]}\". \"fields\": [{\"op\": \"Int\"}. {\"op\": \"Top\"}]}]}}]}". "constructors": [{"tag": "Nil_2". "fields": []}. {"tag": "Cons_3". "fields": [{"op": "Data". "type_tag": "{\"op\": \"eff$Tuple\". \"elements\": [{\"op\": \"Int\"}. {\"op\": \"Top\"}]}". "constructors": [{"tag": "{\"op\": \"eff$Tuple\". \"elements\": [{\"op\": \"Int\"}. {\"op\": \"Top\"}]}". "fields": [{"op": "Int"}. {"op": "Top"}]}]}]}]}]}). "scrutinee": 0. "clauses": [{"tag": Interned({"op": "eff$Tuple". "elements": [{"op": "Int"}. {"op": "Data". "type_tag": "{\"op\": \"eff$Sum\". \"constructors\": [{\"name\": Nil_2. \"arg\": {\"op\": \"Unit\"}}. {\"name\": Cons_3. \"arg\": {\"op\": \"Data\". \"type_tag\": \"{\\\"op\\\": \\\"eff$Tuple\\\". \\\"elements\\\": [{\\\"op\\\": \\\"Int\\\"}. {\\\"op\\\": \\\"Top\\\"}]}\". \"constructors\": [{\"tag\": \"{\\\"op\\\": \\\"eff$Tuple\\\". \\\"elements\\\": [{\\\"op\\\": \\\"Int\\\"}. {\\\"op\\\": \\\"Top\\\"}]}\". \"fields\": [{\"op\": \"Int\"}. {\"op\": \"Top\"}]}]}}]}". "constructors": [{"tag": "Nil_2". "fields": []}. {"tag": "Cons_3". "fields": [{"op": "Data". "type_tag": "{\"op\": \"eff$Tuple\". \"elements\": [{\"op\": \"Int\"}. {\"op\": \"Top\"}]}". "constructors": [{"tag": "{\"op\": \"eff$Tuple\". \"elements\": [{\"op\": \"Int\"}. {\"op\": \"Top\"}]}". "fields": [{"op": "Int"}. {"op": "Top"}]}]}]}]}]}). "target": 221. "args": {"num": [0]. "ptr": [0]}}]. "default": {"tag": Interned(88f40ac1-2a55-462d-9d03-ce05342ea256#[Missing Tag#887]). "target": 210. "args": {"num": []. "ptr": []}}}')
+492: p66 = getfield_gc_r(p65, descr=<FieldP rpyeffect.stored_environment.Data__arb_arb.inst_tag 8>)
+504: guard_value(p66, ConstPtr(ptr67), descr=<Guard0x1401da420>) [p0, i1, i2, i3, i4, i5, i6, i7, i8, i9, i10, i11, i12, i13, i14, i15, p16, p17, p18, p19, p20, p21, p22, p23, p24, p25, p26, p27, p28, p29, p30, p31, p32, i33, p34]
+512: i68 = getfield_gc_i(p65, descr=<FieldS rpyeffect.stored_environment.Data__1_1.inst_values_num_0 32 pure>)
+516: p69 = getfield_gc_r(p65, descr=<FieldP rpyeffect.stored_environment.Data__1_1.inst_values_ptr_0 40 pure>)
debug_merge_point(0, 0, '221<main.rpyeffect:213([#549])>+0: {"op": "Push". "target": 220. "args": {"num": [0]. "ptr": [0]}}')
debug_merge_point(0, 0, '221<main.rpyeffect:213([#549])>+1: {"op": "Jump". "target": 17}')
+520: p70 = new_with_vtable(descr=<SizeDescr 56>)
+628: p71 = new_with_vtable(descr=<SizeDescr 40>)
+640: p72 = new_with_vtable(descr=<SizeDescr 40>)
+652: setfield_gc(p72, ConstPtr(null), descr=<FieldP rpyeffect.stored_environment.Stack__arb_arb.inst_tail 8 pure>)
+660: setfield_gc(p72, 245, descr=<FieldS rpyeffect.stored_environment.Stack__arb_arb.inst_target 16 pure>)
+668: setfield_gc(p71, p72, descr=<FieldP rpyeffect.stored_environment.Stack__arb_arb.inst_tail 8 pure>)
+672: setfield_gc(p71, 247, descr=<FieldS rpyeffect.stored_environment.Stack__arb_arb.inst_target 16 pure>)
+680: p76 = new_with_vtable(descr=<SizeDescr 40>)
+692: p77 = new_with_vtable(descr=<SizeDescr 56>)
+708: p78 = new_with_vtable(descr=<SizeDescr 40>)
+724: p79 = new_with_vtable(descr=<SizeDescr 40>)
+740: setfield_gc(p79, p51, descr=<FieldP rpyeffect.stored_environment.Stack__arb_arb.inst_tail 8 pure>)
+744: setfield_gc(p79, 256, descr=<FieldS rpyeffect.stored_environment.Stack__arb_arb.inst_target 16 pure>)
+752: setfield_gc(p78, p79, descr=<FieldP rpyeffect.stored_environment.Stack__arb_arb.inst_tail 8 pure>)
+756: setfield_gc(p78, 271, descr=<FieldS rpyeffect.stored_environment.Stack__arb_arb.inst_target 16 pure>)
+764: setfield_gc(p77, p78, descr=<FieldP rpyeffect.stored_environment.Stack__arb_arb.inst_tail 8 pure>)
+768: setfield_gc(p77, 258, descr=<FieldS rpyeffect.stored_environment.Stack__arb_arb.inst_target 16 pure>)
+776: p83 = new_with_vtable(descr=<SizeDescr 48>)
+788: setfield_gc(p83, ConstPtr(ptr84), descr=<FieldP rpyeffect.stored_environment.CoData__arb_arb.inst_vtable 24 pure>)
+792: setfield_gc(p83, i62, descr=<FieldS rpyeffect.stored_environment.CoData__1_1.inst_values_num_0 32 pure>)
+796: setfield_gc(p83, p58, descr=<FieldP rpyeffect.stored_environment.CoData__1_1.inst_values_ptr_0 40 pure>)
+800: setfield_gc(p77, p83, descr=<FieldP rpyeffect.stored_environment.Stack__0_2.inst_values_ptr_0 40 pure>)
+804: p85 = new_with_vtable(descr=<SizeDescr 40>)
+816: setfield_gc(p85, ConstPtr(ptr86), descr=<FieldP rpyeffect.stored_environment.CoData__arb_arb.inst_vtable 24 pure>)
+820: setfield_gc(p85, i54, descr=<FieldS rpyeffect.stored_environment.CoData__1_0.inst_values_num_0 32 pure>)
+824: setfield_gc(p77, p85, descr=<FieldP rpyeffect.stored_environment.Stack__0_2.inst_values_ptr_1 48 pure>)
+828: p87 = new_with_vtable(descr=<SizeDescr 32>)
+840: p88 = new_with_vtable(descr=<SizeDescr 24>)
+852: setfield_gc(p87, ConstPtr(ptr89), descr=<FieldP rpyeffect.stored_environment.CoData__arb_arb.inst_vtable 24 pure>)
+856: setfield_gc(p76, p77, descr=<FieldP rpyeffect.stack.MetaStackLike.inst_stack 8 pure>)
+860: setfield_gc(p76, p45, descr=<FieldP rpyeffect.stack.MetaStack.inst_label 16 pure>)
+864: setfield_gc(p76, p46, descr=<FieldP rpyeffect.stack.MetaStack.inst_tail 32 pure>)
+868: setfield_gc(p70, 220, descr=<FieldS rpyeffect.stored_environment.Stack__arb_arb.inst_target 16 pure>)
+876: setfield_gc(p70, p71, descr=<FieldP rpyeffect.stored_environment.Stack__arb_arb.inst_tail 8 pure>)
+880: setfield_gc(p70, i68, descr=<FieldS rpyeffect.stored_environment.Stack__1_1.inst_values_num_0 40 pure>)
+888: setfield_gc(p70, p69, descr=<FieldP rpyeffect.stored_environment.Stack__1_1.inst_values_ptr_0 48 pure>)
+896: setfield_gc(p76, ConstPtr(null), descr=<FieldP rpyeffect.stack.MetaStack.inst_region 24 pure>)
+908: setfield_gc(p88, ConstPtr(ptr92), descr=<FieldP rpyeffect.region.Region.inst_boxes 8 pure>)
+916: setfield_gc(p88, ConstPtr(ptr93), descr=<FieldP rpyeffect.region.Region.inst_refs 16>)
+1068: jump(ConstPtr(ptr94), p70, p0, p76, p87, i68, i54, 0, i3, i4, i5, i6, i7, i8, i9, i10, i11, i12, i13, i14, i15, p69, ConstPtr(ptr96), p88, ConstPtr(ptr97), p18, p19, p20, p21, p22, p23, p24, p25, p26, p27, p28, p29, descr=TargetToken(5103064976))
+1148: --end of the loop--
[cee896] jit-log-opt-bridge}
[d3da89] {jit-log-opt-bridge
# bridge out of Guard 0x1302a2ee0 with 49 ops
[p0, i1, i2, i3, i4, i5, i6, i7, i8, i9, i10, i11, i12, i13, i14, i15, i16, p17, p18, p19, p20, p21, p22, p23, p24, p25, p26, p27, p28, p29, p30, p31, p32, p33, p34, p35, p36]
+152: guard_not_invalidated(descr=<Guard0x1401d8498>) [p0, i1, i2, i3, i4, i5, i6, i7, i8, i9, i10, i11, i12, i13, i14, i15, i16, p17, p18, p19, p20, p21, p22, p23, p24, p25, p26, p27, p28, p29, p30, p31, p32, p33, p34, p35, p36]
+156: guard_nonnull(p34, descr=<Guard0x1401da460>) [p0, i1, i2, i3, i4, i5, i6, i7, i8, i9, i10, i11, i12, i13, i14, i15, i16, p17, p18, p19, p20, p21, p22, p23, p24, p25, p26, p27, p28, p29, p30, p31, p32, p33, p34, p35, p36]
+164: i37 = getfield_gc_i(p34, descr=<FieldS rpyeffect.stored_environment.Stack__arb_arb.inst_target 16 pure>)
+168: guard_value(i37, 220, descr=<Guard0x1401da4a0>) [p0, i1, i2, i3, i4, i5, i6, i7, i8, i9, i10, i11, i12, i13, i14, i15, i16, p17, p18, p19, p20, p21, p22, p23, p24, p25, p26, p27, p28, p29, p30, p31, p32, p33, p34, p35, p36]
debug_merge_point(0, 0, '17<main.rpyeffect:9(Name(=_0))>+0: {"op": "New". "out": 0. "targets": [10. 12. 14. 16]. "args": {"num": [0]. "ptr": []}}')
debug_merge_point(0, 0, '17<main.rpyeffect:9(Name(=_0))>+1: {"op": "Return". "args": {"num": []. "ptr": [0]}}')
+180: i39 = getfield_gc_i(p34, descr=<FieldS rpyeffect.stored_environment.Stack__1_1.inst_values_num_0 40 pure>)
+184: p40 = getfield_gc_r(p34, descr=<FieldP rpyeffect.stored_environment.Stack__1_1.inst_values_ptr_0 48 pure>)
+188: p41 = getfield_gc_r(p34, descr=<FieldP rpyeffect.stored_environment.Stack__arb_arb.inst_tail 8 pure>)
debug_merge_point(0, 0, '220<main.rpyeffect:212([k@[#549]#551])>+0: {"op": "Const". "type": "num". "out": 1. "value": 0}')
debug_merge_point(0, 0, '220<main.rpyeffect:212([k@[#549]#551])>+1: {"op": "Push". "target": 219. "args": {"num": [0]. "ptr": [1]}}')
debug_merge_point(0, 0, '220<main.rpyeffect:212([k@[#549]#551])>+2: {"op": "Copy". "type": "num". "from": 1. "to". 0}')
debug_merge_point(0, 0, '220<main.rpyeffect:212([k@[#549]#551])>+3: {"op": "Invoke". "receiver": 0. "tag": Interned(%apply(n):n). "args" : {"num": [0]. "ptr": []}}')
debug_merge_point(0, 0, '10<main.rpyeffect:2([method_%apply(n):n@Name(=_0)#7])>+0: {"op": "Jump". "target": 8}')
debug_merge_point(0, 0, '8<main.rpyeffect:0([mcore:[#12]#3])>+0: {"op": "PrimOp". "name": "infixEq(Int. Int): Boolean". "out": {"num": [0]. "ptr": []}. "in": {"num": [1. 0]. "ptr": []}}')
+192: i43 = int_eq(i1, 0)
guard_false(i43, descr=<Guard0x1401da4e0>) [p0, i1, i2, i3, i4, i5, i6, i7, i8, i9, i10, i11, i12, i13, i14, i15, i16, p17, p18, p19, p20, p21, p22, p23, p24, p25, p26, p27, p28, p29, p30, p31, p32, p33, p34, p35, p36]
debug_merge_point(0, 0, '8<main.rpyeffect:0([mcore:[#12]#3])>+1: {"op": "Return". "args": {"num": [0]. "ptr": []}}')
debug_merge_point(0, 0, '219<main.rpyeffect:211([k@[k@[#549]#551]#555])>+0: {"op": "Switch". "scrutinee": 0. "values": [1]. "targets": [212]. "default": 218}')
+200: guard_nonnull(p41, descr=<Guard0x1401da520>) [p0, i1, i2, i3, i4, i5, i6, i7, i8, i9, i10, i11, i12, i13, i14, i15, i16, p17, p18, p19, p20, p21, p22, p23, p24, p25, p26, p27, p28, p29, p30, p31, p32, p33, p34, p35, p36]
+208: i44 = getfield_gc_i(p41, descr=<FieldS rpyeffect.stored_environment.Stack__arb_arb.inst_target 16 pure>)
+212: guard_value(i44, 247, descr=<Guard0x1401da560>) [p0, i1, i2, i3, i4, i5, i6, i7, i8, i9, i10, i11, i12, i13, i14, i15, i16, p17, p18, p19, p20, p21, p22, p23, p24, p25, p26, p27, p28, p29, p30, p31, p32, p33, p34, p35, p36]
debug_merge_point(0, 0, '218<main.rpyeffect:210([switch default case#569])>+0: {"op": "Swap". "type": "num". "a": 0. "b". 1}')
debug_merge_point(0, 0, '218<main.rpyeffect:210([switch default case#569])>+1: {"op": "Switch". "scrutinee": 1. "values": [0]. "targets": [216]. "default": 217}')
debug_merge_point(0, 0, '216<main.rpyeffect:208([switch case for 0#570])>+0: {"op": "Push". "target": 215. "args": {"num": []. "ptr": [0]}}')
debug_merge_point(0, 0, '216<main.rpyeffect:208([switch case for 0#570])>+1: {"op": "Jump". "target": 173}')
debug_merge_point(0, 0, '173<main.rpyeffect:165(Name(*_30))>+0: {"op": "New". "out": 0. "targets": [166. 168. 170. 172]. "args": {"num": [0]. "ptr": []}}')
debug_merge_point(0, 0, '173<main.rpyeffect:165(Name(*_30))>+1: {"op": "Return". "args": {"num": []. "ptr": [0]}}')
debug_merge_point(0, 0, '215<main.rpyeffect:207([k@[switch case for 0#570]#572])>+0: {"op": "Const". "type": "ptr". "out": 2. "format": "string". "value": "Name(Done_0)"}')
debug_merge_point(0, 0, '215<main.rpyeffect:207([k@[switch case for 0#570]#572])>+1: {"op": "PrimOp". "name": "getGlobal(String): Ptr". "out": {"num": []. "ptr": [2]}. "in": {"num": []. "ptr": [2]}}')
debug_merge_point(0, 0, '215<main.rpyeffect:207([k@[switch case for 0#570]#572])>+2: {"op": "Push". "target": 214. "args": {"num": []. "ptr": [0]}}')
debug_merge_point(0, 0, '215<main.rpyeffect:207([k@[switch case for 0#570]#572])>+3: {"op": "Copy". "type": "ptr". "from": 1. "to". 0}')
debug_merge_point(0, 0, '215<main.rpyeffect:207([k@[switch case for 0#570]#572])>+4: {"op": "Copy". "type": "ptr". "from": 2. "to". 1}')
debug_merge_point(0, 0, '215<main.rpyeffect:207([k@[switch case for 0#570]#572])>+5: {"op": "Jump". "target": 208}')
debug_merge_point(0, 0, '208<main.rpyeffect:200([mcore:[eta-expanded fn#409]#533])>+0: {"op": "Push". "target": 207. "args": {"num": []. "ptr": []}}')
debug_merge_point(0, 0, '208<main.rpyeffect:200([mcore:[eta-expanded fn#409]#533])>+1: {"op": "Jump". "target": 225}')
debug_merge_point(0, 0, '225<main.rpyeffect:217(Name(product_48))>+0: {"op": "Match". "type": Interned({"op": "eff$Sum". "constructors": [{"name": Nil_2. "arg": {"op": "Unit"}}]}). "scrutinee": 0. "clauses": [{"tag": Interned(Nil_2). "target": 224. "args": {"num": []. "ptr": []}}]. "default": {"tag": Interned(88f40ac1-2a55-462d-9d03-ce05342ea256#[Missing Tag#889]). "target": 223. "args": {"num": []. "ptr": []}}}')
+224: p46 = getfield_gc_r(p40, descr=<FieldP rpyeffect.stored_environment.Data__arb_arb.inst_tag 8>)
+232: guard_value(p46, ConstPtr(ptr47), descr=<Guard0x1401da5a0>) [p0, i1, i2, i3, i4, i5, i6, i7, i8, i9, i10, i11, i12, i13, i14, i15, i16, p17, p18, p19, p20, p21, p22, p23, p24, p25, p26, p27, p28, p29, p30, p31, p32, p33, p34, p35, p36]
debug_merge_point(0, 0, '223<main.rpyeffect:215([match_def@Name(product_48)#541])>+0: {"op": "Match". "type": Interned({"op": "eff$Sum". "constructors": [{"name": Cons_3. "arg": {"op": "Unit"}}]}). "scrutinee": 0. "clauses": [{"tag": Interned(Cons_3). "target": 222. "args": {"num": []. "ptr": [0]}}]. "default": {"tag": Interned(88f40ac1-2a55-462d-9d03-ce05342ea256#[Missing Tag#888]). "target": 209. "args": {"num": []. "ptr": []}}}')
+240: p48 = getfield_gc_r(p40, descr=<FieldP rpyeffect.stored_environment.Data__0_1.inst_values_ptr_0 32 pure>)
debug_merge_point(0, 0, '222<main.rpyeffect:214([#545])>+0: {"op": "Match". "type": Interned({"op": "eff$Tuple". "elements": [{"op": "Int"}. {"op": "Data". "type_tag": "{\"op\": \"eff$Sum\". \"constructors\": [{\"name\": Nil_2. \"arg\": {\"op\": \"Unit\"}}. {\"name\": Cons_3. \"arg\": {\"op\": \"Data\". \"type_tag\": \"{\\\"op\\\": \\\"eff$Tuple\\\". \\\"elements\\\": [{\\\"op\\\": \\\"Int\\\"}. {\\\"op\\\": \\\"Top\\\"}]}\". \"constructors\": [{\"tag\": \"{\\\"op\\\": \\\"eff$Tuple\\\". \\\"elements\\\": [{\\\"op\\\": \\\"Int\\\"}. {\\\"op\\\": \\\"Top\\\"}]}\". \"fields\": [{\"op\": \"Int\"}. {\"op\": \"Top\"}]}]}}]}". "constructors": [{"tag": "Nil_2". "fields": []}. {"tag": "Cons_3". "fields": [{"op": "Data". "type_tag": "{\"op\": \"eff$Tuple\". \"elements\": [{\"op\": \"Int\"}. {\"op\": \"Top\"}]}". "constructors": [{"tag": "{\"op\": \"eff$Tuple\". \"elements\": [{\"op\": \"Int\"}. {\"op\": \"Top\"}]}". "fields": [{"op": "Int"}. {"op": "Top"}]}]}]}]}]}). "scrutinee": 0. "clauses": [{"tag": Interned({"op": "eff$Tuple". "elements": [{"op": "Int"}. {"op": "Data". "type_tag": "{\"op\": \"eff$Sum\". \"constructors\": [{\"name\": Nil_2. \"arg\": {\"op\": \"Unit\"}}. {\"name\": Cons_3. \"arg\": {\"op\": \"Data\". \"type_tag\": \"{\\\"op\\\": \\\"eff$Tuple\\\". \\\"elements\\\": [{\\\"op\\\": \\\"Int\\\"}. {\\\"op\\\": \\\"Top\\\"}]}\". \"constructors\": [{\"tag\": \"{\\\"op\\\": \\\"eff$Tuple\\\". \\\"elements\\\": [{\\\"op\\\": \\\"Int\\\"}. {\\\"op\\\": \\\"Top\\\"}]}\". \"fields\": [{\"op\": \"Int\"}. {\"op\": \"Top\"}]}]}}]}". "constructors": [{"tag": "Nil_2". "fields": []}. {"tag": "Cons_3". "fields": [{"op": "Data". "type_tag": "{\"op\": \"eff$Tuple\". \"elements\": [{\"op\": \"Int\"}. {\"op\": \"Top\"}]}". "constructors": [{"tag": "{\"op\": \"eff$Tuple\". \"elements\": [{\"op\": \"Int\"}. {\"op\": \"Top\"}]}". "fields": [{"op": "Int"}. {"op": "Top"}]}]}]}]}]}). "target": 221. "args": {"num": [0]. "ptr": [0]}}]. "default": {"tag": Interned(88f40ac1-2a55-462d-9d03-ce05342ea256#[Missing Tag#887]). "target": 210. "args": {"num": []. "ptr": []}}}')
+244: p49 = getfield_gc_r(p48, descr=<FieldP rpyeffect.stored_environment.Data__arb_arb.inst_tag 8>)
+252: guard_value(p49, ConstPtr(ptr50), descr=<Guard0x1401da5e0>) [p0, i1, i2, i3, i4, i5, i6, i7, i8, i9, i10, i11, i12, i13, i14, i15, i16, p17, p18, p19, p20, p21, p22, p23, p24, p25, p26, p27, p28, p29, p30, p31, p32, p33, p34, p35, p36]
+260: i51 = getfield_gc_i(p48, descr=<FieldS rpyeffect.stored_environment.Data__1_1.inst_values_num_0 32 pure>)
+264: p52 = getfield_gc_r(p48, descr=<FieldP rpyeffect.stored_environment.Data__1_1.inst_values_ptr_0 40 pure>)
debug_merge_point(0, 0, '221<main.rpyeffect:213([#549])>+0: {"op": "Push". "target": 220. "args": {"num": [0]. "ptr": [0]}}')
debug_merge_point(0, 0, '221<main.rpyeffect:213([#549])>+1: {"op": "Jump". "target": 17}')
+268: jump(p33, p41, i39, i51, p52, p0, p35, p36, i3, i4, i5, i6, i7, i8, i9, i10, i11, i12, i13, i14, i15, i16, p20, p21, p22, p23, p24, p25, p26, p27, p28, p29, p30, p31, p32, descr=TargetToken(5103065056))
+304: --end of the loop--
[d4972d] jit-log-opt-bridge}
[2a27d9b4] {jit-log-opt-loop
# Loop 6 (256<main.rpyeffect:248([k@[k@[k@[k@[#710]#712]#717]#719]#721])>+0: {"op": "PrimOp", "name": "box(Num): Ptr", "out": {"num": [], "ptr": [0]}, "in": {"num": [0], "ptr": []}}) : loop with 68 ops
[p0, p1, p2, p3, p4]
+248: p5 = getfield_gc_r(p2, descr=<FieldP rpyeffect.environment.Environment.inst_values_num 16>)
+256: i7 = getarrayitem_gc_i(p5, 0, descr=<ArrayS 8>)
+260: i9 = getarrayitem_gc_i(p5, 1, descr=<ArrayS 8>)
+264: i11 = getarrayitem_gc_i(p5, 2, descr=<ArrayS 8>)
+268: i13 = getarrayitem_gc_i(p5, 3, descr=<ArrayS 8>)
+272: i15 = getarrayitem_gc_i(p5, 4, descr=<ArrayS 8>)
+276: i17 = getarrayitem_gc_i(p5, 5, descr=<ArrayS 8>)
+280: i19 = getarrayitem_gc_i(p5, 6, descr=<ArrayS 8>)
+284: i21 = getarrayitem_gc_i(p5, 7, descr=<ArrayS 8>)
+288: i23 = getarrayitem_gc_i(p5, 8, descr=<ArrayS 8>)
+292: i25 = getarrayitem_gc_i(p5, 9, descr=<ArrayS 8>)
+296: i27 = getarrayitem_gc_i(p5, 10, descr=<ArrayS 8>)
+300: i29 = getarrayitem_gc_i(p5, 11, descr=<ArrayS 8>)
+304: i31 = getarrayitem_gc_i(p5, 12, descr=<ArrayS 8>)
+308: i33 = getarrayitem_gc_i(p5, 13, descr=<ArrayS 8>)
+312: i35 = getarrayitem_gc_i(p5, 14, descr=<ArrayS 8>)
+320: i37 = getarrayitem_gc_i(p5, 15, descr=<ArrayS 8>)
+324: p38 = getfield_gc_r(p2, descr=<FieldP rpyeffect.environment.Environment.inst_values_ptr 24>)
+328: p40 = getarrayitem_gc_r(p38, 0, descr=<ArrayP 8>)
+336: p42 = getarrayitem_gc_r(p38, 1, descr=<ArrayP 8>)
+344: p44 = getarrayitem_gc_r(p38, 2, descr=<ArrayP 8>)
+352: p46 = getarrayitem_gc_r(p38, 3, descr=<ArrayP 8>)
+360: p48 = getarrayitem_gc_r(p38, 4, descr=<ArrayP 8>)
+368: p50 = getarrayitem_gc_r(p38, 5, descr=<ArrayP 8>)
+376: p52 = getarrayitem_gc_r(p38, 6, descr=<ArrayP 8>)
+384: p54 = getarrayitem_gc_r(p38, 7, descr=<ArrayP 8>)
+392: p56 = getarrayitem_gc_r(p38, 8, descr=<ArrayP 8>)
+400: p58 = getarrayitem_gc_r(p38, 9, descr=<ArrayP 8>)
+408: p60 = getarrayitem_gc_r(p38, 10, descr=<ArrayP 8>)
+416: p62 = getarrayitem_gc_r(p38, 11, descr=<ArrayP 8>)
+424: p64 = getarrayitem_gc_r(p38, 12, descr=<ArrayP 8>)
+432: p66 = getarrayitem_gc_r(p38, 13, descr=<ArrayP 8>)
+440: p68 = getarrayitem_gc_r(p38, 14, descr=<ArrayP 8>)
+448: p70 = getarrayitem_gc_r(p38, 15, descr=<ArrayP 8>)
+452: label(p0, p1, p2, p3, p4, i7, i9, i11, i13, i15, i17, i19, i21, i23, i25, i27, i29, i31, i33, i35, i37, p40, p42, p44, p46, p48, p50, p52, p54, p56, p58, p60, p62, p64, p66, p68, p70, descr=TargetToken(5103058976))
debug_merge_point(0, 0, '256<main.rpyeffect:248([k@[k@[k@[k@[#710]#712]#717]#719]#721])>+0: {"op": "PrimOp". "name": "box(Num): Ptr". "out": {"num": []. "ptr": [0]}. "in": {"num": [0]. "ptr": []}}')
+516: guard_not_invalidated(descr=<Guard0x1303e2078>) [p2, i7, i9, i11, i13, i15, i17, i19, i21, i23, i25, i27, i29, i31, i33, i35, i37, p40, p42, p44, p46, p48, p50, p52, p54, p56, p58, p60, p62, p64, p66, p68, p70, p0, p1, p3, p4]
debug_merge_point(0, 0, '256<main.rpyeffect:248([k@[k@[k@[k@[#710]#712]#717]#719]#721])>+1: {"op": "Return". "args": {"num": []. "ptr": [0]}}')
+520: guard_nonnull(p1, descr=<Guard0x130386020>) [p2, i7, i9, i11, i13, i15, i17, i19, i21, i23, i25, i27, i29, i31, i33, i35, i37, p40, p42, p44, p46, p48, p50, p52, p54, p56, p58, p60, p62, p64, p66, p68, p70, p0, p1, p3, p4]
+532: i71 = getfield_gc_i(p1, descr=<FieldS rpyeffect.stored_environment.Stack__arb_arb.inst_target 16 pure>)
+540: guard_value(i71, 271, descr=<Guard0x130386060>) [p2, i7, i9, i11, i13, i15, i17, i19, i21, i23, i25, i27, i29, i31, i33, i35, i37, p40, p42, p44, p46, p48, p50, p52, p54, p56, p58, p60, p62, p64, p66, p68, p70, p0, p1, p3, p4]
+552: p73 = getfield_gc_r(p1, descr=<FieldP rpyeffect.stored_environment.Stack__arb_arb.inst_tail 8 pure>)
debug_merge_point(0, 0, '271<main.rpyeffect:263([#740])>+0: {"op": "PrimOp". "name": "unbox(Ptr): Num". "out": {"num": [0]. "ptr": []}. "in": {"num": []. "ptr": [0]}}')
debug_merge_point(0, 0, '271<main.rpyeffect:263([#740])>+1: {"op": "Return". "args": {"num": [0]. "ptr": []}}')
+556: guard_nonnull(p73, descr=<Guard0x1303860a0>) [p2, i7, i9, i11, i13, i15, i17, i19, i21, i23, i25, i27, i29, i31, i33, i35, i37, p40, p42, p44, p46, p48, p50, p52, p54, p56, p58, p60, p62, p64, p66, p68, p70, p0, p1, p3, p4]
+564: i74 = getfield_gc_i(p73, descr=<FieldS rpyeffect.stored_environment.Stack__arb_arb.inst_target 16 pure>)
+568: guard_value(i74, 256, descr=<Guard0x1303860e0>) [p2, i7, i9, i11, i13, i15, i17, i19, i21, i23, i25, i27, i29, i31, i33, i35, i37, p40, p42, p44, p46, p48, p50, p52, p54, p56, p58, p60, p62, p64, p66, p68, p70, p0, p1, p3, p4]
+580: p76 = getfield_gc_r(p73, descr=<FieldP rpyeffect.stored_environment.Stack__arb_arb.inst_tail 8 pure>)
+584: guard_nonnull(p76, descr=<Guard0x130386120>) [p2, i7, i9, i11, i13, i15, i17, i19, i21, i23, i25, i27, i29, i31, i33, i35, i37, p40, p42, p44, p46, p48, p50, p52, p54, p56, p58, p60, p62, p64, p66, p68, p70, p0, p1, p3, p4]
+592: i77 = getfield_gc_i(p76, descr=<FieldS rpyeffect.stored_environment.Stack__arb_arb.inst_target 16 pure>)
+596: guard_value(i77, 271, descr=<Guard0x130386160>) [p2, i7, i9, i11, i13, i15, i17, i19, i21, i23, i25, i27, i29, i31, i33, i35, i37, p40, p42, p44, p46, p48, p50, p52, p54, p56, p58, p60, p62, p64, p66, p68, p70, p0, p1, p3, p4]
debug_merge_point(0, 0, '256<main.rpyeffect:248([k@[k@[k@[k@[#710]#712]#717]#719]#721])>+0: {"op": "PrimOp". "name": "box(Num): Ptr". "out": {"num": []. "ptr": [0]}. "in": {"num": [0]. "ptr": []}}')
+608: label(p0, p76, p2, p3, p4, i7, i9, i11, i13, i15, i17, i19, i21, i23, i25, i27, i29, i31, i33, i35, i37, p42, p44, p46, p48, p50, p52, p54, p56, p58, p60, p62, p64, p66, p68, p70, descr=TargetToken(5103065216))
debug_merge_point(0, 0, '256<main.rpyeffect:248([k@[k@[k@[k@[#710]#712]#717]#719]#721])>+0: {"op": "PrimOp". "name": "box(Num): Ptr". "out": {"num": []. "ptr": [0]}. "in": {"num": [0]. "ptr": []}}')
+608: guard_not_invalidated(descr=<Guard0x1303e20d0>) [p2, i7, i9, i11, i13, i15, i17, i19, i21, i23, i25, i27, i29, i31, i33, i35, i37, p42, p44, p46, p48, p50, p52, p54, p56, p58, p60, p62, p64, p66, p68, p70, p0, p76, p3, p4]
debug_merge_point(0, 0, '256<main.rpyeffect:248([k@[k@[k@[k@[#710]#712]#717]#719]#721])>+1: {"op": "Return". "args": {"num": []. "ptr": [0]}}')
+612: p79 = getfield_gc_r(p76, descr=<FieldP rpyeffect.stored_environment.Stack__arb_arb.inst_tail 8 pure>)
debug_merge_point(0, 0, '271<main.rpyeffect:263([#740])>+0: {"op": "PrimOp". "name": "unbox(Ptr): Num". "out": {"num": [0]. "ptr": []}. "in": {"num": []. "ptr": [0]}}')
debug_merge_point(0, 0, '271<main.rpyeffect:263([#740])>+1: {"op": "Return". "args": {"num": [0]. "ptr": []}}')
+616: guard_nonnull(p79, descr=<Guard0x1303861a0>) [p2, i7, i9, i11, i13, i15, i17, i19, i21, i23, i25, i27, i29, i31, i33, i35, i37, p42, p44, p46, p48, p50, p52, p54, p56, p58, p60, p62, p64, p66, p68, p70, p0, p76, p3, p4]
+624: i80 = getfield_gc_i(p79, descr=<FieldS rpyeffect.stored_environment.Stack__arb_arb.inst_target 16 pure>)
+628: guard_value(i80, 256, descr=<Guard0x1303861e0>) [p2, i7, i9, i11, i13, i15, i17, i19, i21, i23, i25, i27, i29, i31, i33, i35, i37, p42, p44, p46, p48, p50, p52, p54, p56, p58, p60, p62, p64, p66, p68, p70, p0, p76, p3, p4]
+640: p82 = getfield_gc_r(p79, descr=<FieldP rpyeffect.stored_environment.Stack__arb_arb.inst_tail 8 pure>)
+644: guard_nonnull(p82, descr=<Guard0x130386220>) [p2, i7, i9, i11, i13, i15, i17, i19, i21, i23, i25, i27, i29, i31, i33, i35, i37, p42, p44, p46, p48, p50, p52, p54, p56, p58, p60, p62, p64, p66, p68, p70, p0, p76, p3, p4]
+652: i83 = getfield_gc_i(p82, descr=<FieldS rpyeffect.stored_environment.Stack__arb_arb.inst_target 16 pure>)
+656: guard_value(i83, 271, descr=<Guard0x130386260>) [p2, i7, i9, i11, i13, i15, i17, i19, i21, i23, i25, i27, i29, i31, i33, i35, i37, p42, p44, p46, p48, p50, p52, p54, p56, p58, p60, p62, p64, p66, p68, p70, p0, p76, p3, p4]
debug_merge_point(0, 0, '256<main.rpyeffect:248([k@[k@[k@[k@[#710]#712]#717]#719]#721])>+0: {"op": "PrimOp". "name": "box(Num): Ptr". "out": {"num": []. "ptr": [0]}. "in": {"num": [0]. "ptr": []}}')
+668: jump(p0, p82, p2, p3, p4, i7, i9, i11, i13, i15, i17, i19, i21, i23, i25, i27, i29, i31, i33, i35, i37, p42, p44, p46, p48, p50, p52, p54, p56, p58, p60, p62, p64, p66, p68, p70, descr=TargetToken(5103065216))
+676: --end of the loop--
[2a2975fa] jit-log-opt-loop}
[2a3b8a8e] {jit-summary
Tracing:      	6	0.003801
Backend:      	6	0.001268
TOTAL:      		0.711763
ops:             	17346
heapcached ops:  	1885
recorded ops:    	4724
  calls:         	3063
guards:          	558
opt ops:         	596
opt guards:      	75
opt guards shared:	65
forcings:        	0
abort: trace too long:	0
abort: compiling:	0
abort: vable escape:	0
abort: bad loop: 	0
abort: force quasi-immut:	0
abort: segmenting trace:	0
virtualizables forced:	0
nvirtuals:       	9
nvholes:         	0
nvreused:        	0
vecopt tried:    	0
vecopt success:  	0
Total # of loops:	4
Total # of bridges:	2
Freed # of loops:	0
Freed # of bridges:	0
[2a3bb0f8] jit-summary}
