[c2fe9e] {jit-log-opt-loop
# Loop 0 (85<main.rpyeffect:85(Name(countdown2631))>+1: {"op": "Jump", "target": 78}) : loop with 820 ops
[p0, p1, p2, p3, p4]
+2968: p5 = getfield_gc_r(p2, descr=<FieldP rpyeffect.environment.Environment.inst_values_num 16>)
+2976: i7 = getarrayitem_gc_i(p5, 0, descr=<ArrayS 8>)
+2980: i9 = getarrayitem_gc_i(p5, 1, descr=<ArrayS 8>)
+2984: i11 = getarrayitem_gc_i(p5, 2, descr=<ArrayS 8>)
+2988: i13 = getarrayitem_gc_i(p5, 3, descr=<ArrayS 8>)
+2992: p14 = getfield_gc_r(p2, descr=<FieldP rpyeffect.environment.Environment.inst_values_ptr 24>)
+2996: p16 = getarrayitem_gc_r(p14, 0, descr=<ArrayP 8>)
+3000: p18 = getarrayitem_gc_r(p14, 1, descr=<ArrayP 8>)
+3004: p20 = getarrayitem_gc_r(p14, 2, descr=<ArrayP 8>)
+3008: p22 = getarrayitem_gc_r(p14, 3, descr=<ArrayP 8>)
+3012: p24 = getarrayitem_gc_r(p14, 4, descr=<ArrayP 8>)
+3016: label(p0, p1, p2, p3, p4, i7, i9, i11, i13, p16, p18, p20, p22, p24, descr=TargetToken(5775494064))
debug_merge_point(0, 0, '85<main.rpyeffect:85(Name(countdown2631))>+1: {"op": "Jump". "target": 78}')
+3048: guard_not_invalidated(descr=<Guard0x1583f69c0>) [p2, i7, i9, i11, i13, p16, p18, p20, p22, p24, p0, p1, p3, p4]
+3052: guard_nonnull(p1, descr=<Guard0x158523460>) [p2, i7, i9, i11, i13, p16, p18, p20, p22, p24, p0, p1, p3, p4]
+3064: i25 = getfield_gc_i(p1, descr=<FieldS rpyeffect.stored_environment.Stack__arb_arb.inst_target 16 pure>)
+3072: guard_value(i25, 84, descr=<Guard0x158523420>) [p2, i7, i9, i11, i13, p16, p18, p20, p22, p24, p0, p1, p3, p4]
debug_merge_point(0, 0, '78<main.rpyeffect:78([mcore:[#75]#215])>+0: {"op": "Invoke". "receiver": 0. "tag": Interned(%getS2645():n). "args" : {"num": []. "ptr": []}}')
+3084: p27 = getfield_gc_r(p16, descr=<FieldP rpyeffect.stored_environment.CoData__arb_arb.inst_vtable 24 pure>)
+3092: guard_value(p27, ConstPtr(ptr28), descr=<Guard0x1585233e0>) [p2, i7, i9, i11, i13, p16, p18, p20, p22, p24, p0, p1, p3, p4]
+3100: p29 = getfield_gc_r(p16, descr=<FieldP rpyeffect.stored_environment.CoData__0_2.inst_values_ptr_0 32 pure>)
+3104: p30 = getfield_gc_r(p16, descr=<FieldP rpyeffect.stored_environment.CoData__0_2.inst_values_ptr_1 40 pure>)
debug_merge_point(0, 0, '132<main.rpyeffect:132([#357])>+0: {"op": "Const". "type": "num". "out": 0. "value": 0}')
debug_merge_point(0, 0, '132<main.rpyeffect:132([#357])>+1: {"op": "ShiftDyn". "out": 0. "n": 0. "label": 0}')
+3108: guard_isnull(p4, descr=<Guard0x1585233a0>) [p2, i7, i9, i11, i13, p16, p18, p20, p22, p24, p0, p1, p3, p4]
+3120: guard_nonnull(p0, descr=<Guard0x158523360>) [p2, i7, i9, i11, i13, p16, p18, p20, p22, p24, p0, p1, p3, p4]
+3132: guard_nonnull(p29, descr=<Guard0x158523320>) [p2, i7, i9, i11, i13, p16, p18, p20, p22, p24, p0, p1, p3, p4]
+3140: i31 = getfield_gc_i(p0, descr=<FieldS rpyeffect.stack.Label.inst_origin 8 pure>)
+3148: guard_value(i31, 101381, descr=<Guard0x1585232e0>) [p2, i7, i9, i11, i13, p16, p18, p20, p22, p24, p0, p1, p3, p4]
+3164: i33 = getfield_gc_i(p29, descr=<FieldS rpyeffect.stack.Label.inst_origin 8 pure>)
+3168: guard_value(i33, 147460, descr=<Guard0x1585232a0>) [p2, i7, i9, i11, i13, p16, p18, p20, p22, p24, p0, p1, p3, p4]
+3184: p35 = getfield_gc_r(p3, descr=<FieldP rpyeffect.stack.MetaStack.inst_region 24 pure>)
+3192: guard_isnull(p35, descr=<Guard0x158523260>) [p2, i7, i9, i11, i13, p16, p18, p20, p22, p24, p0, p1, p3, p4]
+3200: p36 = getfield_gc_r(p3, descr=<FieldP rpyeffect.stack.MetaStack.inst_label 16 pure>)
+3204: guard_nonnull(p36, descr=<Guard0x158523220>) [p2, i7, i9, i11, i13, p16, p18, p20, p22, p24, p0, p1, p3, p4]
+3212: i37 = getfield_gc_i(p36, descr=<FieldS rpyeffect.stack.Label.inst_origin 8 pure>)
+3216: guard_value(i37, 101377, descr=<Guard0x1585231e0>) [p2, i7, i9, i11, i13, p16, p18, p20, p22, p24, p0, p1, p3, p4]
+3232: p39 = getfield_gc_r(p3, descr=<FieldP rpyeffect.stack.MetaStack.inst_tail 32 pure>)
+3236: p40 = getfield_gc_r(p39, descr=<FieldP rpyeffect.stack.MetaStack.inst_region 24 pure>)
+3240: guard_isnull(p40, descr=<Guard0x1585231a0>) [p2, i7, i9, i11, i13, p16, p18, p20, p22, p24, p0, p1, p3, p4]
+3248: p41 = getfield_gc_r(p39, descr=<FieldP rpyeffect.stack.MetaStack.inst_label 16 pure>)
+3252: guard_nonnull(p41, descr=<Guard0x158523160>) [p2, i7, i9, i11, i13, p16, p18, p20, p22, p24, p0, p1, p3, p4]
+3260: i42 = getfield_gc_i(p41, descr=<FieldS rpyeffect.stack.Label.inst_origin 8 pure>)
+3264: guard_value(i42, 101381, descr=<Guard0x158523120>) [p2, i7, i9, i11, i13, p16, p18, p20, p22, p24, p0, p1, p3, p4]
+3280: p44 = getfield_gc_r(p39, descr=<FieldP rpyeffect.stack.MetaStack.inst_tail 32 pure>)
+3284: p45 = getfield_gc_r(p44, descr=<FieldP rpyeffect.stack.MetaStack.inst_region 24 pure>)
+3288: guard_isnull(p45, descr=<Guard0x1585230e0>) [p2, i7, i9, i11, i13, p16, p18, p20, p22, p24, p0, p1, p3, p4]
+3296: p46 = getfield_gc_r(p44, descr=<FieldP rpyeffect.stack.MetaStack.inst_label 16 pure>)
+3300: guard_nonnull(p46, descr=<Guard0x1585230a0>) [p2, i7, i9, i11, i13, p16, p18, p20, p22, p24, p0, p1, p3, p4]
+3308: i47 = getfield_gc_i(p46, descr=<FieldS rpyeffect.stack.Label.inst_origin 8 pure>)
+3312: guard_value(i47, 101377, descr=<Guard0x158523060>) [p2, i7, i9, i11, i13, p16, p18, p20, p22, p24, p0, p1, p3, p4]
+3328: p49 = getfield_gc_r(p44, descr=<FieldP rpyeffect.stack.MetaStack.inst_tail 32 pure>)
+3332: p50 = getfield_gc_r(p49, descr=<FieldP rpyeffect.stack.MetaStack.inst_region 24 pure>)
+3336: guard_isnull(p50, descr=<Guard0x158523020>) [p2, i7, i9, i11, i13, p16, p18, p20, p22, p24, p0, p1, p3, p4]
+3344: p51 = getfield_gc_r(p49, descr=<FieldP rpyeffect.stack.MetaStack.inst_label 16 pure>)
+3348: guard_nonnull(p51, descr=<Guard0x158522fe0>) [p2, i7, i9, i11, i13, p16, p18, p20, p22, p24, p0, p1, p3, p4]
+3356: i52 = getfield_gc_i(p51, descr=<FieldS rpyeffect.stack.Label.inst_origin 8 pure>)
+3360: guard_value(i52, 101381, descr=<Guard0x158522fa0>) [p2, i7, i9, i11, i13, p16, p18, p20, p22, p24, p0, p1, p3, p4]
+3376: p54 = getfield_gc_r(p49, descr=<FieldP rpyeffect.stack.MetaStack.inst_tail 32 pure>)
+3380: p55 = getfield_gc_r(p54, descr=<FieldP rpyeffect.stack.MetaStack.inst_region 24 pure>)
+3384: guard_isnull(p55, descr=<Guard0x158522f60>) [p2, i7, i9, i11, i13, p16, p18, p20, p22, p24, p0, p1, p3, p4]
+3392: p56 = getfield_gc_r(p54, descr=<FieldP rpyeffect.stack.MetaStack.inst_label 16 pure>)
+3396: guard_nonnull(p56, descr=<Guard0x158522f20>) [p2, i7, i9, i11, i13, p16, p18, p20, p22, p24, p0, p1, p3, p4]
+3404: i57 = getfield_gc_i(p56, descr=<FieldS rpyeffect.stack.Label.inst_origin 8 pure>)
+3408: guard_value(i57, 101377, descr=<Guard0x158522ee0>) [p2, i7, i9, i11, i13, p16, p18, p20, p22, p24, p0, p1, p3, p4]
+3428: p59 = getfield_gc_r(p54, descr=<FieldP rpyeffect.stack.MetaStack.inst_tail 32 pure>)
+3432: p60 = getfield_gc_r(p59, descr=<FieldP rpyeffect.stack.MetaStack.inst_region 24 pure>)
+3436: guard_isnull(p60, descr=<Guard0x158522ea0>) [p2, i7, i9, i11, i13, p16, p18, p20, p22, p24, p0, p1, p3, p4]
+3444: p61 = getfield_gc_r(p59, descr=<FieldP rpyeffect.stack.MetaStack.inst_label 16 pure>)
+3448: guard_nonnull(p61, descr=<Guard0x158522e60>) [p2, i7, i9, i11, i13, p16, p18, p20, p22, p24, p0, p1, p3, p4]
+3456: i62 = getfield_gc_i(p61, descr=<FieldS rpyeffect.stack.Label.inst_origin 8 pure>)
+3464: guard_value(i62, 101381, descr=<Guard0x158522e20>) [p2, i7, i9, i11, i13, p16, p18, p20, p22, p24, p0, p1, p3, p4]
+3484: p64 = getfield_gc_r(p59, descr=<FieldP rpyeffect.stack.MetaStack.inst_tail 32 pure>)
+3488: p65 = getfield_gc_r(p64, descr=<FieldP rpyeffect.stack.MetaStack.inst_region 24 pure>)
+3492: guard_isnull(p65, descr=<Guard0x158522de0>) [p2, i7, i9, i11, i13, p16, p18, p20, p22, p24, p0, p1, p3, p4]
+3500: p66 = getfield_gc_r(p64, descr=<FieldP rpyeffect.stack.MetaStack.inst_label 16 pure>)
+3504: guard_nonnull(p66, descr=<Guard0x158522da0>) [p2, i7, i9, i11, i13, p16, p18, p20, p22, p24, p0, p1, p3, p4]
+3512: i67 = getfield_gc_i(p66, descr=<FieldS rpyeffect.stack.Label.inst_origin 8 pure>)
+3520: guard_value(i67, 101377, descr=<Guard0x158522d60>) [p2, i7, i9, i11, i13, p16, p18, p20, p22, p24, p0, p1, p3, p4]
+3540: p69 = getfield_gc_r(p64, descr=<FieldP rpyeffect.stack.MetaStack.inst_tail 32 pure>)
+3544: p70 = getfield_gc_r(p69, descr=<FieldP rpyeffect.stack.MetaStack.inst_region 24 pure>)
+3548: guard_isnull(p70, descr=<Guard0x158522d20>) [p2, i7, i9, i11, i13, p16, p18, p20, p22, p24, p0, p1, p3, p4]
+3556: p71 = getfield_gc_r(p69, descr=<FieldP rpyeffect.stack.MetaStack.inst_label 16 pure>)
+3560: guard_nonnull(p71, descr=<Guard0x158522ce0>) [p2, i7, i9, i11, i13, p16, p18, p20, p22, p24, p0, p1, p3, p4]
+3568: i72 = getfield_gc_i(p71, descr=<FieldS rpyeffect.stack.Label.inst_origin 8 pure>)
+3576: guard_value(i72, 101381, descr=<Guard0x158522ca0>) [p2, i7, i9, i11, i13, p16, p18, p20, p22, p24, p0, p1, p3, p4]
+3596: p74 = getfield_gc_r(p69, descr=<FieldP rpyeffect.stack.MetaStack.inst_tail 32 pure>)
+3600: p75 = getfield_gc_r(p74, descr=<FieldP rpyeffect.stack.MetaStack.inst_region 24 pure>)
+3604: guard_isnull(p75, descr=<Guard0x158522c60>) [p2, i7, i9, i11, i13, p16, p18, p20, p22, p24, p0, p1, p3, p4]
+3612: p76 = getfield_gc_r(p74, descr=<FieldP rpyeffect.stack.MetaStack.inst_label 16 pure>)
+3616: guard_nonnull(p76, descr=<Guard0x158522c20>) [p2, i7, i9, i11, i13, p16, p18, p20, p22, p24, p0, p1, p3, p4]
+3624: i77 = getfield_gc_i(p76, descr=<FieldS rpyeffect.stack.Label.inst_origin 8 pure>)
+3632: guard_value(i77, 101377, descr=<Guard0x158522be0>) [p2, i7, i9, i11, i13, p16, p18, p20, p22, p24, p0, p1, p3, p4]
+3652: p79 = getfield_gc_r(p74, descr=<FieldP rpyeffect.stack.MetaStack.inst_tail 32 pure>)
+3656: p80 = getfield_gc_r(p79, descr=<FieldP rpyeffect.stack.MetaStack.inst_region 24 pure>)
+3660: guard_isnull(p80, descr=<Guard0x158522ba0>) [p2, i7, i9, i11, i13, p16, p18, p20, p22, p24, p0, p1, p3, p4]
+3668: p81 = getfield_gc_r(p79, descr=<FieldP rpyeffect.stack.MetaStack.inst_label 16 pure>)
+3672: guard_nonnull(p81, descr=<Guard0x158522b60>) [p2, i7, i9, i11, i13, p16, p18, p20, p22, p24, p0, p1, p3, p4]
+3680: i82 = getfield_gc_i(p81, descr=<FieldS rpyeffect.stack.Label.inst_origin 8 pure>)
+3688: guard_value(i82, 101381, descr=<Guard0x158522b20>) [p2, i7, i9, i11, i13, p16, p18, p20, p22, p24, p0, p1, p3, p4]
+3708: p84 = getfield_gc_r(p79, descr=<FieldP rpyeffect.stack.MetaStack.inst_tail 32 pure>)
+3712: p85 = getfield_gc_r(p84, descr=<FieldP rpyeffect.stack.MetaStack.inst_region 24 pure>)
+3716: guard_isnull(p85, descr=<Guard0x158522ae0>) [p2, i7, i9, i11, i13, p16, p18, p20, p22, p24, p0, p1, p3, p4]
+3724: p86 = getfield_gc_r(p84, descr=<FieldP rpyeffect.stack.MetaStack.inst_label 16 pure>)
+3728: guard_nonnull(p86, descr=<Guard0x158522aa0>) [p2, i7, i9, i11, i13, p16, p18, p20, p22, p24, p0, p1, p3, p4]
+3736: i87 = getfield_gc_i(p86, descr=<FieldS rpyeffect.stack.Label.inst_origin 8 pure>)
+3744: guard_value(i87, 101377, descr=<Guard0x158522a60>) [p2, i7, i9, i11, i13, p16, p18, p20, p22, p24, p0, p1, p3, p4]
+3764: p89 = getfield_gc_r(p84, descr=<FieldP rpyeffect.stack.MetaStack.inst_tail 32 pure>)
+3768: p90 = getfield_gc_r(p89, descr=<FieldP rpyeffect.stack.MetaStack.inst_region 24 pure>)
+3772: guard_isnull(p90, descr=<Guard0x158522a20>) [p2, i7, i9, i11, i13, p16, p18, p20, p22, p24, p0, p1, p3, p4]
+3780: p91 = getfield_gc_r(p89, descr=<FieldP rpyeffect.stack.MetaStack.inst_label 16 pure>)
+3784: guard_nonnull(p91, descr=<Guard0x1585229e0>) [p2, i7, i9, i11, i13, p16, p18, p20, p22, p24, p0, p1, p3, p4]
+3792: i92 = getfield_gc_i(p91, descr=<FieldS rpyeffect.stack.Label.inst_origin 8 pure>)
+3800: guard_value(i92, 101381, descr=<Guard0x1585229a0>) [p2, i7, i9, i11, i13, p16, p18, p20, p22, p24, p0, p1, p3, p4]
+3816: p94 = getfield_gc_r(p89, descr=<FieldP rpyeffect.stack.MetaStack.inst_tail 32 pure>)
+3820: p95 = getfield_gc_r(p94, descr=<FieldP rpyeffect.stack.MetaStack.inst_region 24 pure>)
+3824: guard_isnull(p95, descr=<Guard0x158522960>) [p2, i7, i9, i11, i13, p16, p18, p20, p22, p24, p0, p1, p3, p4]
+3832: p96 = getfield_gc_r(p94, descr=<FieldP rpyeffect.stack.MetaStack.inst_label 16 pure>)
+3836: guard_nonnull(p96, descr=<Guard0x158522920>) [p2, i7, i9, i11, i13, p16, p18, p20, p22, p24, p0, p1, p3, p4]
+3844: i97 = getfield_gc_i(p96, descr=<FieldS rpyeffect.stack.Label.inst_origin 8 pure>)
+3852: guard_value(i97, 101377, descr=<Guard0x1585228e0>) [p2, i7, i9, i11, i13, p16, p18, p20, p22, p24, p0, p1, p3, p4]
+3872: p99 = getfield_gc_r(p94, descr=<FieldP rpyeffect.stack.MetaStack.inst_tail 32 pure>)
+3876: p100 = getfield_gc_r(p99, descr=<FieldP rpyeffect.stack.MetaStack.inst_region 24 pure>)
+3880: guard_isnull(p100, descr=<Guard0x1585228a0>) [p2, i7, i9, i11, i13, p16, p18, p20, p22, p24, p0, p1, p3, p4]
+3888: p101 = getfield_gc_r(p99, descr=<FieldP rpyeffect.stack.MetaStack.inst_label 16 pure>)
+3892: guard_nonnull(p101, descr=<Guard0x158522860>) [p2, i7, i9, i11, i13, p16, p18, p20, p22, p24, p0, p1, p3, p4]
+3900: i102 = getfield_gc_i(p101, descr=<FieldS rpyeffect.stack.Label.inst_origin 8 pure>)
+3908: guard_value(i102, 101381, descr=<Guard0x158522820>) [p2, i7, i9, i11, i13, p16, p18, p20, p22, p24, p0, p1, p3, p4]
+3924: p104 = getfield_gc_r(p99, descr=<FieldP rpyeffect.stack.MetaStack.inst_tail 32 pure>)
+3928: p105 = getfield_gc_r(p104, descr=<FieldP rpyeffect.stack.MetaStack.inst_region 24 pure>)
+3932: guard_isnull(p105, descr=<Guard0x1585227e0>) [p2, i7, i9, i11, i13, p16, p18, p20, p22, p24, p0, p1, p3, p4]
+3940: p106 = getfield_gc_r(p104, descr=<FieldP rpyeffect.stack.MetaStack.inst_label 16 pure>)
+3944: guard_nonnull(p106, descr=<Guard0x1585227a0>) [p2, i7, i9, i11, i13, p16, p18, p20, p22, p24, p0, p1, p3, p4]
+3952: i107 = getfield_gc_i(p106, descr=<FieldS rpyeffect.stack.Label.inst_origin 8 pure>)
+3960: guard_value(i107, 101377, descr=<Guard0x158522760>) [p2, i7, i9, i11, i13, p16, p18, p20, p22, p24, p0, p1, p3, p4]
+3980: p109 = getfield_gc_r(p104, descr=<FieldP rpyeffect.stack.MetaStack.inst_tail 32 pure>)
+3984: p110 = getfield_gc_r(p109, descr=<FieldP rpyeffect.stack.MetaStack.inst_region 24 pure>)
+3988: guard_isnull(p110, descr=<Guard0x158522720>) [p2, i7, i9, i11, i13, p16, p18, p20, p22, p24, p0, p1, p3, p4]
+3996: p111 = getfield_gc_r(p109, descr=<FieldP rpyeffect.stack.MetaStack.inst_label 16 pure>)
+4000: guard_nonnull(p111, descr=<Guard0x1585226e0>) [p2, i7, i9, i11, i13, p16, p18, p20, p22, p24, p0, p1, p3, p4]
+4008: i112 = getfield_gc_i(p111, descr=<FieldS rpyeffect.stack.Label.inst_origin 8 pure>)
+4016: guard_value(i112, 101381, descr=<Guard0x1585226a0>) [p2, i7, i9, i11, i13, p16, p18, p20, p22, p24, p0, p1, p3, p4]
+4036: p114 = getfield_gc_r(p109, descr=<FieldP rpyeffect.stack.MetaStack.inst_tail 32 pure>)
+4040: p115 = getfield_gc_r(p114, descr=<FieldP rpyeffect.stack.MetaStack.inst_region 24 pure>)
+4044: guard_isnull(p115, descr=<Guard0x158522660>) [p2, i7, i9, i11, i13, p16, p18, p20, p22, p24, p0, p1, p3, p4]
+4052: p116 = getfield_gc_r(p114, descr=<FieldP rpyeffect.stack.MetaStack.inst_label 16 pure>)
+4056: guard_nonnull(p116, descr=<Guard0x158522620>) [p2, i7, i9, i11, i13, p16, p18, p20, p22, p24, p0, p1, p3, p4]
+4064: i117 = getfield_gc_i(p116, descr=<FieldS rpyeffect.stack.Label.inst_origin 8 pure>)
+4072: guard_value(i117, 101377, descr=<Guard0x1585225e0>) [p2, i7, i9, i11, i13, p16, p18, p20, p22, p24, p0, p1, p3, p4]
+4092: p119 = getfield_gc_r(p114, descr=<FieldP rpyeffect.stack.MetaStack.inst_tail 32 pure>)
+4096: p120 = getfield_gc_r(p119, descr=<FieldP rpyeffect.stack.MetaStack.inst_region 24 pure>)
+4100: guard_isnull(p120, descr=<Guard0x1585225a0>) [p2, i7, i9, i11, i13, p16, p18, p20, p22, p24, p0, p1, p3, p4]
+4108: p121 = getfield_gc_r(p119, descr=<FieldP rpyeffect.stack.MetaStack.inst_label 16 pure>)
+4112: guard_nonnull(p121, descr=<Guard0x158522560>) [p2, i7, i9, i11, i13, p16, p18, p20, p22, p24, p0, p1, p3, p4]
+4120: i122 = getfield_gc_i(p121, descr=<FieldS rpyeffect.stack.Label.inst_origin 8 pure>)
+4128: guard_value(i122, 101381, descr=<Guard0x158522520>) [p2, i7, i9, i11, i13, p16, p18, p20, p22, p24, p0, p1, p3, p4]
+4148: p124 = getfield_gc_r(p119, descr=<FieldP rpyeffect.stack.MetaStack.inst_tail 32 pure>)
+4152: p125 = getfield_gc_r(p124, descr=<FieldP rpyeffect.stack.MetaStack.inst_region 24 pure>)
+4156: guard_isnull(p125, descr=<Guard0x1585224e0>) [p2, i7, i9, i11, i13, p16, p18, p20, p22, p24, p0, p1, p3, p4]
+4164: p126 = getfield_gc_r(p124, descr=<FieldP rpyeffect.stack.MetaStack.inst_label 16 pure>)
+4168: guard_nonnull(p126, descr=<Guard0x1585224a0>) [p2, i7, i9, i11, i13, p16, p18, p20, p22, p24, p0, p1, p3, p4]
+4176: i127 = getfield_gc_i(p126, descr=<FieldS rpyeffect.stack.Label.inst_origin 8 pure>)
+4184: guard_value(i127, 101377, descr=<Guard0x158522460>) [p2, i7, i9, i11, i13, p16, p18, p20, p22, p24, p0, p1, p3, p4]
+4204: p129 = getfield_gc_r(p124, descr=<FieldP rpyeffect.stack.MetaStack.inst_tail 32 pure>)
+4208: p130 = getfield_gc_r(p129, descr=<FieldP rpyeffect.stack.MetaStack.inst_region 24 pure>)
+4212: guard_isnull(p130, descr=<Guard0x158522420>) [p2, i7, i9, i11, i13, p16, p18, p20, p22, p24, p0, p1, p3, p4]
+4220: p131 = getfield_gc_r(p129, descr=<FieldP rpyeffect.stack.MetaStack.inst_label 16 pure>)
+4224: guard_nonnull(p131, descr=<Guard0x1585223e0>) [p2, i7, i9, i11, i13, p16, p18, p20, p22, p24, p0, p1, p3, p4]
+4232: i132 = getfield_gc_i(p131, descr=<FieldS rpyeffect.stack.Label.inst_origin 8 pure>)
+4240: guard_value(i132, 101381, descr=<Guard0x1585223a0>) [p2, i7, i9, i11, i13, p16, p18, p20, p22, p24, p0, p1, p3, p4]
+4260: p134 = getfield_gc_r(p129, descr=<FieldP rpyeffect.stack.MetaStack.inst_tail 32 pure>)
+4264: p135 = getfield_gc_r(p134, descr=<FieldP rpyeffect.stack.MetaStack.inst_region 24 pure>)
+4268: guard_isnull(p135, descr=<Guard0x158522360>) [p2, i7, i9, i11, i13, p16, p18, p20, p22, p24, p0, p1, p3, p4]
+4276: p136 = getfield_gc_r(p134, descr=<FieldP rpyeffect.stack.MetaStack.inst_label 16 pure>)
+4280: guard_nonnull(p136, descr=<Guard0x158522320>) [p2, i7, i9, i11, i13, p16, p18, p20, p22, p24, p0, p1, p3, p4]
+4288: i137 = getfield_gc_i(p136, descr=<FieldS rpyeffect.stack.Label.inst_origin 8 pure>)
+4296: guard_value(i137, 101377, descr=<Guard0x1585222e0>) [p2, i7, i9, i11, i13, p16, p18, p20, p22, p24, p0, p1, p3, p4]
+4316: p139 = getfield_gc_r(p134, descr=<FieldP rpyeffect.stack.MetaStack.inst_tail 32 pure>)
+4320: p140 = getfield_gc_r(p139, descr=<FieldP rpyeffect.stack.MetaStack.inst_region 24 pure>)
+4324: guard_isnull(p140, descr=<Guard0x1585222a0>) [p2, i7, i9, i11, i13, p16, p18, p20, p22, p24, p0, p1, p3, p4]
+4332: p141 = getfield_gc_r(p139, descr=<FieldP rpyeffect.stack.MetaStack.inst_label 16 pure>)
+4336: guard_nonnull(p141, descr=<Guard0x158522260>) [p2, i7, i9, i11, i13, p16, p18, p20, p22, p24, p0, p1, p3, p4]
+4344: i142 = getfield_gc_i(p141, descr=<FieldS rpyeffect.stack.Label.inst_origin 8 pure>)
+4352: guard_value(i142, 101381, descr=<Guard0x158522220>) [p2, i7, i9, i11, i13, p16, p18, p20, p22, p24, p0, p1, p3, p4]
+4372: p144 = getfield_gc_r(p139, descr=<FieldP rpyeffect.stack.MetaStack.inst_tail 32 pure>)
+4376: p145 = getfield_gc_r(p144, descr=<FieldP rpyeffect.stack.MetaStack.inst_region 24 pure>)
+4380: guard_isnull(p145, descr=<Guard0x1585221e0>) [p2, i7, i9, i11, i13, p16, p18, p20, p22, p24, p0, p1, p3, p4]
+4388: p146 = getfield_gc_r(p144, descr=<FieldP rpyeffect.stack.MetaStack.inst_label 16 pure>)
+4392: guard_nonnull(p146, descr=<Guard0x1585221a0>) [p2, i7, i9, i11, i13, p16, p18, p20, p22, p24, p0, p1, p3, p4]
+4400: i147 = getfield_gc_i(p146, descr=<FieldS rpyeffect.stack.Label.inst_origin 8 pure>)
+4408: guard_value(i147, 101377, descr=<Guard0x158522160>) [p2, i7, i9, i11, i13, p16, p18, p20, p22, p24, p0, p1, p3, p4]
+4428: p149 = getfield_gc_r(p144, descr=<FieldP rpyeffect.stack.MetaStack.inst_tail 32 pure>)
+4432: p150 = getfield_gc_r(p149, descr=<FieldP rpyeffect.stack.MetaStack.inst_region 24 pure>)
+4436: guard_isnull(p150, descr=<Guard0x158522120>) [p2, i7, i9, i11, i13, p16, p18, p20, p22, p24, p0, p1, p3, p4]
+4444: p151 = getfield_gc_r(p149, descr=<FieldP rpyeffect.stack.MetaStack.inst_label 16 pure>)
+4448: guard_nonnull(p151, descr=<Guard0x1585220e0>) [p2, i7, i9, i11, i13, p16, p18, p20, p22, p24, p0, p1, p3, p4]
+4456: i152 = getfield_gc_i(p151, descr=<FieldS rpyeffect.stack.Label.inst_origin 8 pure>)
+4464: guard_value(i152, 101381, descr=<Guard0x1585220a0>) [p2, i7, i9, i11, i13, p16, p18, p20, p22, p24, p0, p1, p3, p4]
+4484: p154 = getfield_gc_r(p149, descr=<FieldP rpyeffect.stack.MetaStack.inst_tail 32 pure>)
+4488: p155 = getfield_gc_r(p154, descr=<FieldP rpyeffect.stack.MetaStack.inst_region 24 pure>)
+4492: guard_isnull(p155, descr=<Guard0x158522060>) [p2, i7, i9, i11, i13, p16, p18, p20, p22, p24, p0, p1, p3, p4]
+4500: p156 = getfield_gc_r(p154, descr=<FieldP rpyeffect.stack.MetaStack.inst_label 16 pure>)
+4504: guard_nonnull(p156, descr=<Guard0x158522020>) [p2, i7, i9, i11, i13, p16, p18, p20, p22, p24, p0, p1, p3, p4]
+4512: i157 = getfield_gc_i(p156, descr=<FieldS rpyeffect.stack.Label.inst_origin 8 pure>)
+4520: guard_value(i157, 101377, descr=<Guard0x158513fa0>) [p2, i7, i9, i11, i13, p16, p18, p20, p22, p24, p0, p1, p3, p4]
+4540: p159 = getfield_gc_r(p154, descr=<FieldP rpyeffect.stack.MetaStack.inst_tail 32 pure>)
+4544: p160 = getfield_gc_r(p159, descr=<FieldP rpyeffect.stack.MetaStack.inst_region 24 pure>)
+4548: guard_isnull(p160, descr=<Guard0x158513f60>) [p2, i7, i9, i11, i13, p16, p18, p20, p22, p24, p0, p1, p3, p4]
+4556: p161 = getfield_gc_r(p159, descr=<FieldP rpyeffect.stack.MetaStack.inst_label 16 pure>)
+4560: guard_nonnull(p161, descr=<Guard0x158513f20>) [p2, i7, i9, i11, i13, p16, p18, p20, p22, p24, p0, p1, p3, p4]
+4568: i162 = getfield_gc_i(p161, descr=<FieldS rpyeffect.stack.Label.inst_origin 8 pure>)
+4576: guard_value(i162, 101381, descr=<Guard0x158513ee0>) [p2, i7, i9, i11, i13, p16, p18, p20, p22, p24, p0, p1, p3, p4]
+4596: p164 = getfield_gc_r(p159, descr=<FieldP rpyeffect.stack.MetaStack.inst_tail 32 pure>)
+4600: p165 = getfield_gc_r(p164, descr=<FieldP rpyeffect.stack.MetaStack.inst_region 24 pure>)
+4604: guard_isnull(p165, descr=<Guard0x158513ea0>) [p2, i7, i9, i11, i13, p16, p18, p20, p22, p24, p0, p1, p3, p4]
+4612: p166 = getfield_gc_r(p164, descr=<FieldP rpyeffect.stack.MetaStack.inst_label 16 pure>)
+4616: guard_nonnull(p166, descr=<Guard0x158513e60>) [p2, i7, i9, i11, i13, p16, p18, p20, p22, p24, p0, p1, p3, p4]
+4624: i167 = getfield_gc_i(p166, descr=<FieldS rpyeffect.stack.Label.inst_origin 8 pure>)
+4632: guard_value(i167, 101377, descr=<Guard0x158513e20>) [p2, i7, i9, i11, i13, p16, p18, p20, p22, p24, p0, p1, p3, p4]
+4652: p169 = getfield_gc_r(p164, descr=<FieldP rpyeffect.stack.MetaStack.inst_tail 32 pure>)
+4656: p170 = getfield_gc_r(p169, descr=<FieldP rpyeffect.stack.MetaStack.inst_region 24 pure>)
+4660: guard_isnull(p170, descr=<Guard0x158513de0>) [p2, i7, i9, i11, i13, p16, p18, p20, p22, p24, p0, p1, p3, p4]
+4668: p171 = getfield_gc_r(p169, descr=<FieldP rpyeffect.stack.MetaStack.inst_label 16 pure>)
+4672: guard_nonnull(p171, descr=<Guard0x158513da0>) [p2, i7, i9, i11, i13, p16, p18, p20, p22, p24, p0, p1, p3, p4]
+4680: i172 = getfield_gc_i(p171, descr=<FieldS rpyeffect.stack.Label.inst_origin 8 pure>)
+4688: guard_value(i172, 101381, descr=<Guard0x158513d60>) [p2, i7, i9, i11, i13, p16, p18, p20, p22, p24, p0, p1, p3, p4]
+4708: p174 = getfield_gc_r(p169, descr=<FieldP rpyeffect.stack.MetaStack.inst_tail 32 pure>)
+4712: p175 = getfield_gc_r(p174, descr=<FieldP rpyeffect.stack.MetaStack.inst_region 24 pure>)
+4716: guard_isnull(p175, descr=<Guard0x158513d20>) [p2, i7, i9, i11, i13, p16, p18, p20, p22, p24, p0, p1, p3, p4]
+4724: p176 = getfield_gc_r(p174, descr=<FieldP rpyeffect.stack.MetaStack.inst_label 16 pure>)
+4728: guard_nonnull(p176, descr=<Guard0x158513ce0>) [p2, i7, i9, i11, i13, p16, p18, p20, p22, p24, p0, p1, p3, p4]
+4736: i177 = getfield_gc_i(p176, descr=<FieldS rpyeffect.stack.Label.inst_origin 8 pure>)
+4744: guard_value(i177, 101377, descr=<Guard0x158513ca0>) [p2, i7, i9, i11, i13, p16, p18, p20, p22, p24, p0, p1, p3, p4]
+4764: p179 = getfield_gc_r(p174, descr=<FieldP rpyeffect.stack.MetaStack.inst_tail 32 pure>)
+4768: p180 = getfield_gc_r(p179, descr=<FieldP rpyeffect.stack.MetaStack.inst_region 24 pure>)
+4772: guard_isnull(p180, descr=<Guard0x158513c60>) [p2, i7, i9, i11, i13, p16, p18, p20, p22, p24, p0, p1, p3, p4]
+4780: p181 = getfield_gc_r(p179, descr=<FieldP rpyeffect.stack.MetaStack.inst_label 16 pure>)
+4784: guard_nonnull(p181, descr=<Guard0x158513c20>) [p2, i7, i9, i11, i13, p16, p18, p20, p22, p24, p0, p1, p3, p4]
+4792: i182 = getfield_gc_i(p181, descr=<FieldS rpyeffect.stack.Label.inst_origin 8 pure>)
+4800: guard_value(i182, 101381, descr=<Guard0x158513be0>) [p2, i7, i9, i11, i13, p16, p18, p20, p22, p24, p0, p1, p3, p4]
+4820: p184 = getfield_gc_r(p179, descr=<FieldP rpyeffect.stack.MetaStack.inst_tail 32 pure>)
+4824: p185 = getfield_gc_r(p184, descr=<FieldP rpyeffect.stack.MetaStack.inst_region 24 pure>)
+4828: guard_isnull(p185, descr=<Guard0x158513ba0>) [p2, i7, i9, i11, i13, p16, p18, p20, p22, p24, p0, p1, p3, p4]
+4836: p186 = getfield_gc_r(p184, descr=<FieldP rpyeffect.stack.MetaStack.inst_label 16 pure>)
+4840: guard_nonnull(p186, descr=<Guard0x158513b60>) [p2, i7, i9, i11, i13, p16, p18, p20, p22, p24, p0, p1, p3, p4]
+4848: i187 = getfield_gc_i(p186, descr=<FieldS rpyeffect.stack.Label.inst_origin 8 pure>)
+4856: guard_value(i187, 101377, descr=<Guard0x158513b20>) [p2, i7, i9, i11, i13, p16, p18, p20, p22, p24, p0, p1, p3, p4]
+4876: p189 = getfield_gc_r(p184, descr=<FieldP rpyeffect.stack.MetaStack.inst_tail 32 pure>)
+4880: p190 = getfield_gc_r(p189, descr=<FieldP rpyeffect.stack.MetaStack.inst_region 24 pure>)
+4884: guard_isnull(p190, descr=<Guard0x158513ae0>) [p2, i7, i9, i11, i13, p16, p18, p20, p22, p24, p0, p1, p3, p4]
+4892: p191 = getfield_gc_r(p189, descr=<FieldP rpyeffect.stack.MetaStack.inst_label 16 pure>)
+4896: guard_nonnull(p191, descr=<Guard0x158513aa0>) [p2, i7, i9, i11, i13, p16, p18, p20, p22, p24, p0, p1, p3, p4]
+4904: i192 = getfield_gc_i(p191, descr=<FieldS rpyeffect.stack.Label.inst_origin 8 pure>)
+4912: guard_value(i192, 101381, descr=<Guard0x158513a60>) [p2, i7, i9, i11, i13, p16, p18, p20, p22, p24, p0, p1, p3, p4]
+4932: p194 = getfield_gc_r(p189, descr=<FieldP rpyeffect.stack.MetaStack.inst_tail 32 pure>)
+4936: p195 = getfield_gc_r(p194, descr=<FieldP rpyeffect.stack.MetaStack.inst_region 24 pure>)
+4940: guard_isnull(p195, descr=<Guard0x158513a20>) [p2, i7, i9, i11, i13, p16, p18, p20, p22, p24, p0, p1, p3, p4]
+4948: p196 = getfield_gc_r(p194, descr=<FieldP rpyeffect.stack.MetaStack.inst_label 16 pure>)
+4952: guard_nonnull(p196, descr=<Guard0x1585139e0>) [p2, i7, i9, i11, i13, p16, p18, p20, p22, p24, p0, p1, p3, p4]
+4960: i197 = getfield_gc_i(p196, descr=<FieldS rpyeffect.stack.Label.inst_origin 8 pure>)
+4968: guard_value(i197, 101377, descr=<Guard0x1585139a0>) [p2, i7, i9, i11, i13, p16, p18, p20, p22, p24, p0, p1, p3, p4]
+4988: p199 = getfield_gc_r(p194, descr=<FieldP rpyeffect.stack.MetaStack.inst_tail 32 pure>)
+4992: p200 = getfield_gc_r(p199, descr=<FieldP rpyeffect.stack.MetaStack.inst_region 24 pure>)
+4996: guard_isnull(p200, descr=<Guard0x158513960>) [p2, i7, i9, i11, i13, p16, p18, p20, p22, p24, p0, p1, p3, p4]
+5004: p201 = getfield_gc_r(p199, descr=<FieldP rpyeffect.stack.MetaStack.inst_label 16 pure>)
+5008: guard_nonnull(p201, descr=<Guard0x158513920>) [p2, i7, i9, i11, i13, p16, p18, p20, p22, p24, p0, p1, p3, p4]
+5016: i202 = getfield_gc_i(p201, descr=<FieldS rpyeffect.stack.Label.inst_origin 8 pure>)
+5024: guard_value(i202, 101381, descr=<Guard0x1585138e0>) [p2, i7, i9, i11, i13, p16, p18, p20, p22, p24, p0, p1, p3, p4]
+5044: p204 = getfield_gc_r(p199, descr=<FieldP rpyeffect.stack.MetaStack.inst_tail 32 pure>)
+5048: p205 = getfield_gc_r(p204, descr=<FieldP rpyeffect.stack.MetaStack.inst_region 24 pure>)
+5052: guard_isnull(p205, descr=<Guard0x1585138a0>) [p2, i7, i9, i11, i13, p16, p18, p20, p22, p24, p0, p1, p3, p4]
+5060: p206 = getfield_gc_r(p204, descr=<FieldP rpyeffect.stack.MetaStack.inst_label 16 pure>)
+5064: guard_nonnull(p206, descr=<Guard0x158513860>) [p2, i7, i9, i11, i13, p16, p18, p20, p22, p24, p0, p1, p3, p4]
+5072: i207 = getfield_gc_i(p206, descr=<FieldS rpyeffect.stack.Label.inst_origin 8 pure>)
+5080: guard_value(i207, 101377, descr=<Guard0x158513820>) [p2, i7, i9, i11, i13, p16, p18, p20, p22, p24, p0, p1, p3, p4]
+5100: p209 = getfield_gc_r(p204, descr=<FieldP rpyeffect.stack.MetaStack.inst_tail 32 pure>)
+5104: p210 = getfield_gc_r(p209, descr=<FieldP rpyeffect.stack.MetaStack.inst_region 24 pure>)
+5108: guard_isnull(p210, descr=<Guard0x1585137e0>) [p2, i7, i9, i11, i13, p16, p18, p20, p22, p24, p0, p1, p3, p4]
+5116: p211 = getfield_gc_r(p209, descr=<FieldP rpyeffect.stack.MetaStack.inst_label 16 pure>)
+5120: guard_nonnull(p211, descr=<Guard0x1585137a0>) [p2, i7, i9, i11, i13, p16, p18, p20, p22, p24, p0, p1, p3, p4]
+5128: i212 = getfield_gc_i(p211, descr=<FieldS rpyeffect.stack.Label.inst_origin 8 pure>)
+5136: guard_value(i212, 101381, descr=<Guard0x158513760>) [p2, i7, i9, i11, i13, p16, p18, p20, p22, p24, p0, p1, p3, p4]
+5156: p214 = getfield_gc_r(p209, descr=<FieldP rpyeffect.stack.MetaStack.inst_tail 32 pure>)
+5160: p215 = getfield_gc_r(p214, descr=<FieldP rpyeffect.stack.MetaStack.inst_region 24 pure>)
+5164: guard_isnull(p215, descr=<Guard0x158513720>) [p2, i7, i9, i11, i13, p16, p18, p20, p22, p24, p0, p1, p3, p4]
+5172: p216 = getfield_gc_r(p214, descr=<FieldP rpyeffect.stack.MetaStack.inst_label 16 pure>)
+5176: guard_nonnull(p216, descr=<Guard0x1585136e0>) [p2, i7, i9, i11, i13, p16, p18, p20, p22, p24, p0, p1, p3, p4]
+5184: i217 = getfield_gc_i(p216, descr=<FieldS rpyeffect.stack.Label.inst_origin 8 pure>)
+5192: guard_value(i217, 101377, descr=<Guard0x1585136a0>) [p2, i7, i9, i11, i13, p16, p18, p20, p22, p24, p0, p1, p3, p4]
+5212: p219 = getfield_gc_r(p214, descr=<FieldP rpyeffect.stack.MetaStack.inst_tail 32 pure>)
+5216: p220 = getfield_gc_r(p219, descr=<FieldP rpyeffect.stack.MetaStack.inst_region 24 pure>)
+5220: guard_isnull(p220, descr=<Guard0x158513660>) [p2, i7, i9, i11, i13, p16, p18, p20, p22, p24, p0, p1, p3, p4]
+5228: p221 = getfield_gc_r(p219, descr=<FieldP rpyeffect.stack.MetaStack.inst_label 16 pure>)
+5232: guard_nonnull(p221, descr=<Guard0x158513620>) [p2, i7, i9, i11, i13, p16, p18, p20, p22, p24, p0, p1, p3, p4]
+5240: i222 = getfield_gc_i(p221, descr=<FieldS rpyeffect.stack.Label.inst_origin 8 pure>)
+5248: guard_value(i222, 101381, descr=<Guard0x1585135e0>) [p2, i7, i9, i11, i13, p16, p18, p20, p22, p24, p0, p1, p3, p4]
+5268: p224 = getfield_gc_r(p219, descr=<FieldP rpyeffect.stack.MetaStack.inst_tail 32 pure>)
+5272: p225 = getfield_gc_r(p224, descr=<FieldP rpyeffect.stack.MetaStack.inst_region 24 pure>)
+5276: guard_isnull(p225, descr=<Guard0x1585135a0>) [p2, i7, i9, i11, i13, p16, p18, p20, p22, p24, p0, p1, p3, p4]
+5284: p226 = getfield_gc_r(p224, descr=<FieldP rpyeffect.stack.MetaStack.inst_label 16 pure>)
+5288: guard_nonnull(p226, descr=<Guard0x158513560>) [p2, i7, i9, i11, i13, p16, p18, p20, p22, p24, p0, p1, p3, p4]
+5296: i227 = getfield_gc_i(p226, descr=<FieldS rpyeffect.stack.Label.inst_origin 8 pure>)
+5304: guard_value(i227, 101377, descr=<Guard0x158513520>) [p2, i7, i9, i11, i13, p16, p18, p20, p22, p24, p0, p1, p3, p4]
+5324: p229 = getfield_gc_r(p224, descr=<FieldP rpyeffect.stack.MetaStack.inst_tail 32 pure>)
+5328: p230 = getfield_gc_r(p229, descr=<FieldP rpyeffect.stack.MetaStack.inst_region 24 pure>)
+5332: guard_isnull(p230, descr=<Guard0x1585134e0>) [p2, i7, i9, i11, i13, p16, p18, p20, p22, p24, p0, p1, p3, p4]
+5340: p231 = getfield_gc_r(p229, descr=<FieldP rpyeffect.stack.MetaStack.inst_label 16 pure>)
+5344: guard_nonnull(p231, descr=<Guard0x1585134a0>) [p2, i7, i9, i11, i13, p16, p18, p20, p22, p24, p0, p1, p3, p4]
+5352: i232 = getfield_gc_i(p231, descr=<FieldS rpyeffect.stack.Label.inst_origin 8 pure>)
+5360: guard_value(i232, 101381, descr=<Guard0x158513460>) [p2, i7, i9, i11, i13, p16, p18, p20, p22, p24, p0, p1, p3, p4]
+5380: p234 = getfield_gc_r(p229, descr=<FieldP rpyeffect.stack.MetaStack.inst_tail 32 pure>)
+5384: p235 = getfield_gc_r(p234, descr=<FieldP rpyeffect.stack.MetaStack.inst_region 24 pure>)
+5388: guard_isnull(p235, descr=<Guard0x158513420>) [p2, i7, i9, i11, i13, p16, p18, p20, p22, p24, p0, p1, p3, p4]
+5396: p236 = getfield_gc_r(p234, descr=<FieldP rpyeffect.stack.MetaStack.inst_label 16 pure>)
+5400: guard_nonnull(p236, descr=<Guard0x1585133e0>) [p2, i7, i9, i11, i13, p16, p18, p20, p22, p24, p0, p1, p3, p4]
+5408: i237 = getfield_gc_i(p236, descr=<FieldS rpyeffect.stack.Label.inst_origin 8 pure>)
+5416: guard_value(i237, 101377, descr=<Guard0x1585133a0>) [p2, i7, i9, i11, i13, p16, p18, p20, p22, p24, p0, p1, p3, p4]
+5436: p239 = getfield_gc_r(p234, descr=<FieldP rpyeffect.stack.MetaStack.inst_tail 32 pure>)
+5440: p240 = getfield_gc_r(p239, descr=<FieldP rpyeffect.stack.MetaStack.inst_region 24 pure>)
+5444: guard_isnull(p240, descr=<Guard0x158513360>) [p2, i7, i9, i11, i13, p16, p18, p20, p22, p24, p0, p1, p3, p4]
+5452: p241 = getfield_gc_r(p239, descr=<FieldP rpyeffect.stack.MetaStack.inst_label 16 pure>)
+5456: guard_nonnull(p241, descr=<Guard0x158513320>) [p2, i7, i9, i11, i13, p16, p18, p20, p22, p24, p0, p1, p3, p4]
+5464: i242 = getfield_gc_i(p241, descr=<FieldS rpyeffect.stack.Label.inst_origin 8 pure>)
+5472: guard_value(i242, 101381, descr=<Guard0x1585132e0>) [p2, i7, i9, i11, i13, p16, p18, p20, p22, p24, p0, p1, p3, p4]
+5492: p244 = getfield_gc_r(p239, descr=<FieldP rpyeffect.stack.MetaStack.inst_tail 32 pure>)
+5496: p245 = getfield_gc_r(p244, descr=<FieldP rpyeffect.stack.MetaStack.inst_region 24 pure>)
+5500: guard_isnull(p245, descr=<Guard0x1585132a0>) [p2, i7, i9, i11, i13, p16, p18, p20, p22, p24, p0, p1, p3, p4]
+5508: p246 = getfield_gc_r(p244, descr=<FieldP rpyeffect.stack.MetaStack.inst_label 16 pure>)
+5512: guard_nonnull(p246, descr=<Guard0x158513260>) [p2, i7, i9, i11, i13, p16, p18, p20, p22, p24, p0, p1, p3, p4]
+5520: i247 = getfield_gc_i(p246, descr=<FieldS rpyeffect.stack.Label.inst_origin 8 pure>)
+5528: guard_value(i247, 101377, descr=<Guard0x158513220>) [p2, i7, i9, i11, i13, p16, p18, p20, p22, p24, p0, p1, p3, p4]
+5548: p249 = getfield_gc_r(p244, descr=<FieldP rpyeffect.stack.MetaStack.inst_tail 32 pure>)
+5552: p250 = getfield_gc_r(p249, descr=<FieldP rpyeffect.stack.MetaStack.inst_region 24 pure>)
+5556: guard_isnull(p250, descr=<Guard0x1585131e0>) [p2, i7, i9, i11, i13, p16, p18, p20, p22, p24, p0, p1, p3, p4]
+5564: p251 = getfield_gc_r(p249, descr=<FieldP rpyeffect.stack.MetaStack.inst_label 16 pure>)
+5568: guard_nonnull(p251, descr=<Guard0x1585131a0>) [p2, i7, i9, i11, i13, p16, p18, p20, p22, p24, p0, p1, p3, p4]
+5576: i252 = getfield_gc_i(p251, descr=<FieldS rpyeffect.stack.Label.inst_origin 8 pure>)
+5584: guard_value(i252, 101381, descr=<Guard0x158513160>) [p2, i7, i9, i11, i13, p16, p18, p20, p22, p24, p0, p1, p3, p4]
+5604: p254 = getfield_gc_r(p249, descr=<FieldP rpyeffect.stack.MetaStack.inst_tail 32 pure>)
+5608: p255 = getfield_gc_r(p254, descr=<FieldP rpyeffect.stack.MetaStack.inst_region 24 pure>)
+5612: guard_isnull(p255, descr=<Guard0x158513120>) [p2, i7, i9, i11, i13, p16, p18, p20, p22, p24, p0, p1, p3, p4]
+5620: p256 = getfield_gc_r(p254, descr=<FieldP rpyeffect.stack.MetaStack.inst_label 16 pure>)
+5624: guard_nonnull(p256, descr=<Guard0x1585130e0>) [p2, i7, i9, i11, i13, p16, p18, p20, p22, p24, p0, p1, p3, p4]
+5632: i257 = getfield_gc_i(p256, descr=<FieldS rpyeffect.stack.Label.inst_origin 8 pure>)
+5640: guard_value(i257, 101377, descr=<Guard0x1585130a0>) [p2, i7, i9, i11, i13, p16, p18, p20, p22, p24, p0, p1, p3, p4]
+5660: p259 = getfield_gc_r(p254, descr=<FieldP rpyeffect.stack.MetaStack.inst_tail 32 pure>)
+5664: p260 = getfield_gc_r(p259, descr=<FieldP rpyeffect.stack.MetaStack.inst_region 24 pure>)
+5668: guard_isnull(p260, descr=<Guard0x158513060>) [p2, i7, i9, i11, i13, p16, p18, p20, p22, p24, p0, p1, p3, p4]
+5676: p261 = getfield_gc_r(p259, descr=<FieldP rpyeffect.stack.MetaStack.inst_label 16 pure>)
+5680: guard_nonnull(p261, descr=<Guard0x158513020>) [p2, i7, i9, i11, i13, p16, p18, p20, p22, p24, p0, p1, p3, p4]
+5688: i262 = getfield_gc_i(p261, descr=<FieldS rpyeffect.stack.Label.inst_origin 8 pure>)
+5696: guard_value(i262, 101381, descr=<Guard0x158512fe0>) [p2, i7, i9, i11, i13, p16, p18, p20, p22, p24, p0, p1, p3, p4]
+5716: p264 = getfield_gc_r(p259, descr=<FieldP rpyeffect.stack.MetaStack.inst_tail 32 pure>)
+5720: p265 = getfield_gc_r(p264, descr=<FieldP rpyeffect.stack.MetaStack.inst_region 24 pure>)
+5724: guard_isnull(p265, descr=<Guard0x158512fa0>) [p2, i7, i9, i11, i13, p16, p18, p20, p22, p24, p0, p1, p3, p4]
+5732: p266 = getfield_gc_r(p264, descr=<FieldP rpyeffect.stack.MetaStack.inst_label 16 pure>)
+5736: guard_nonnull(p266, descr=<Guard0x158512f60>) [p2, i7, i9, i11, i13, p16, p18, p20, p22, p24, p0, p1, p3, p4]
+5744: i267 = getfield_gc_i(p266, descr=<FieldS rpyeffect.stack.Label.inst_origin 8 pure>)
+5752: guard_value(i267, 101377, descr=<Guard0x158512f20>) [p2, i7, i9, i11, i13, p16, p18, p20, p22, p24, p0, p1, p3, p4]
+5772: p269 = getfield_gc_r(p264, descr=<FieldP rpyeffect.stack.MetaStack.inst_tail 32 pure>)
+5776: p270 = getfield_gc_r(p269, descr=<FieldP rpyeffect.stack.MetaStack.inst_region 24 pure>)
+5780: guard_isnull(p270, descr=<Guard0x158512ee0>) [p2, i7, i9, i11, i13, p16, p18, p20, p22, p24, p0, p1, p3, p4]
+5788: p271 = getfield_gc_r(p269, descr=<FieldP rpyeffect.stack.MetaStack.inst_label 16 pure>)
+5792: guard_nonnull(p271, descr=<Guard0x158512ea0>) [p2, i7, i9, i11, i13, p16, p18, p20, p22, p24, p0, p1, p3, p4]
+5800: i272 = getfield_gc_i(p271, descr=<FieldS rpyeffect.stack.Label.inst_origin 8 pure>)
+5808: guard_value(i272, 101381, descr=<Guard0x158512e60>) [p2, i7, i9, i11, i13, p16, p18, p20, p22, p24, p0, p1, p3, p4]
+5828: p274 = getfield_gc_r(p269, descr=<FieldP rpyeffect.stack.MetaStack.inst_tail 32 pure>)
+5832: p275 = getfield_gc_r(p274, descr=<FieldP rpyeffect.stack.MetaStack.inst_region 24 pure>)
+5836: guard_isnull(p275, descr=<Guard0x158512e20>) [p2, i7, i9, i11, i13, p16, p18, p20, p22, p24, p0, p1, p3, p4]
+5844: p276 = getfield_gc_r(p274, descr=<FieldP rpyeffect.stack.MetaStack.inst_label 16 pure>)
+5848: guard_nonnull(p276, descr=<Guard0x158512de0>) [p2, i7, i9, i11, i13, p16, p18, p20, p22, p24, p0, p1, p3, p4]
+5856: i277 = getfield_gc_i(p276, descr=<FieldS rpyeffect.stack.Label.inst_origin 8 pure>)
+5864: guard_value(i277, 101377, descr=<Guard0x158512da0>) [p2, i7, i9, i11, i13, p16, p18, p20, p22, p24, p0, p1, p3, p4]
+5884: p279 = getfield_gc_r(p274, descr=<FieldP rpyeffect.stack.MetaStack.inst_tail 32 pure>)
+5888: p280 = getfield_gc_r(p279, descr=<FieldP rpyeffect.stack.MetaStack.inst_region 24 pure>)
+5892: guard_isnull(p280, descr=<Guard0x158512d60>) [p2, i7, i9, i11, i13, p16, p18, p20, p22, p24, p0, p1, p3, p4]
+5900: p281 = getfield_gc_r(p279, descr=<FieldP rpyeffect.stack.MetaStack.inst_label 16 pure>)
+5904: guard_nonnull(p281, descr=<Guard0x158512d20>) [p2, i7, i9, i11, i13, p16, p18, p20, p22, p24, p0, p1, p3, p4]
+5912: i282 = getfield_gc_i(p281, descr=<FieldS rpyeffect.stack.Label.inst_origin 8 pure>)
+5920: guard_value(i282, 101381, descr=<Guard0x158512ce0>) [p2, i7, i9, i11, i13, p16, p18, p20, p22, p24, p0, p1, p3, p4]
+5940: p284 = getfield_gc_r(p279, descr=<FieldP rpyeffect.stack.MetaStack.inst_tail 32 pure>)
+5944: p285 = getfield_gc_r(p284, descr=<FieldP rpyeffect.stack.MetaStack.inst_region 24 pure>)
+5948: guard_isnull(p285, descr=<Guard0x158512ca0>) [p2, i7, i9, i11, i13, p16, p18, p20, p22, p24, p0, p1, p3, p4]
+5956: p286 = getfield_gc_r(p284, descr=<FieldP rpyeffect.stack.MetaStack.inst_label 16 pure>)
+5960: guard_nonnull(p286, descr=<Guard0x158512c60>) [p2, i7, i9, i11, i13, p16, p18, p20, p22, p24, p0, p1, p3, p4]
+5968: i287 = getfield_gc_i(p286, descr=<FieldS rpyeffect.stack.Label.inst_origin 8 pure>)
+5976: guard_value(i287, 101377, descr=<Guard0x158512c20>) [p2, i7, i9, i11, i13, p16, p18, p20, p22, p24, p0, p1, p3, p4]
+5996: p289 = getfield_gc_r(p284, descr=<FieldP rpyeffect.stack.MetaStack.inst_tail 32 pure>)
+6000: p290 = getfield_gc_r(p289, descr=<FieldP rpyeffect.stack.MetaStack.inst_region 24 pure>)
+6004: guard_isnull(p290, descr=<Guard0x158512be0>) [p2, i7, i9, i11, i13, p16, p18, p20, p22, p24, p0, p1, p3, p4]
+6012: p291 = getfield_gc_r(p289, descr=<FieldP rpyeffect.stack.MetaStack.inst_label 16 pure>)
+6016: guard_nonnull(p291, descr=<Guard0x158512ba0>) [p2, i7, i9, i11, i13, p16, p18, p20, p22, p24, p0, p1, p3, p4]
+6024: i292 = getfield_gc_i(p291, descr=<FieldS rpyeffect.stack.Label.inst_origin 8 pure>)
+6032: guard_value(i292, 101381, descr=<Guard0x158512b60>) [p2, i7, i9, i11, i13, p16, p18, p20, p22, p24, p0, p1, p3, p4]
+6052: p294 = getfield_gc_r(p289, descr=<FieldP rpyeffect.stack.MetaStack.inst_tail 32 pure>)
+6056: p295 = getfield_gc_r(p294, descr=<FieldP rpyeffect.stack.MetaStack.inst_region 24 pure>)
+6060: guard_isnull(p295, descr=<Guard0x158512b20>) [p2, i7, i9, i11, i13, p16, p18, p20, p22, p24, p0, p1, p3, p4]
+6068: p296 = getfield_gc_r(p294, descr=<FieldP rpyeffect.stack.MetaStack.inst_label 16 pure>)
+6072: guard_nonnull(p296, descr=<Guard0x158512ae0>) [p2, i7, i9, i11, i13, p16, p18, p20, p22, p24, p0, p1, p3, p4]
+6080: i297 = getfield_gc_i(p296, descr=<FieldS rpyeffect.stack.Label.inst_origin 8 pure>)
+6088: guard_value(i297, 101377, descr=<Guard0x158512aa0>) [p2, i7, i9, i11, i13, p16, p18, p20, p22, p24, p0, p1, p3, p4]
+6108: p299 = getfield_gc_r(p294, descr=<FieldP rpyeffect.stack.MetaStack.inst_tail 32 pure>)
+6112: p300 = getfield_gc_r(p299, descr=<FieldP rpyeffect.stack.MetaStack.inst_region 24 pure>)
+6116: guard_isnull(p300, descr=<Guard0x158512a60>) [p2, i7, i9, i11, i13, p16, p18, p20, p22, p24, p0, p1, p3, p4]
+6124: p301 = getfield_gc_r(p299, descr=<FieldP rpyeffect.stack.MetaStack.inst_label 16 pure>)
+6128: guard_nonnull(p301, descr=<Guard0x158512a20>) [p2, i7, i9, i11, i13, p16, p18, p20, p22, p24, p0, p1, p3, p4]
+6136: i302 = getfield_gc_i(p301, descr=<FieldS rpyeffect.stack.Label.inst_origin 8 pure>)
+6144: guard_value(i302, 101381, descr=<Guard0x1585129e0>) [p2, i7, i9, i11, i13, p16, p18, p20, p22, p24, p0, p1, p3, p4]
+6164: p304 = getfield_gc_r(p299, descr=<FieldP rpyeffect.stack.MetaStack.inst_tail 32 pure>)
+6168: p305 = getfield_gc_r(p304, descr=<FieldP rpyeffect.stack.MetaStack.inst_region 24 pure>)
+6172: guard_isnull(p305, descr=<Guard0x1585129a0>) [p2, i7, i9, i11, i13, p16, p18, p20, p22, p24, p0, p1, p3, p4]
+6180: p306 = getfield_gc_r(p304, descr=<FieldP rpyeffect.stack.MetaStack.inst_label 16 pure>)
+6184: guard_nonnull(p306, descr=<Guard0x158512960>) [p2, i7, i9, i11, i13, p16, p18, p20, p22, p24, p0, p1, p3, p4]
+6192: i307 = getfield_gc_i(p306, descr=<FieldS rpyeffect.stack.Label.inst_origin 8 pure>)
+6200: guard_value(i307, 101377, descr=<Guard0x158512920>) [p2, i7, i9, i11, i13, p16, p18, p20, p22, p24, p0, p1, p3, p4]
+6220: p309 = getfield_gc_r(p304, descr=<FieldP rpyeffect.stack.MetaStack.inst_tail 32 pure>)
+6224: p310 = getfield_gc_r(p309, descr=<FieldP rpyeffect.stack.MetaStack.inst_region 24 pure>)
+6228: guard_isnull(p310, descr=<Guard0x1585128e0>) [p2, i7, i9, i11, i13, p16, p18, p20, p22, p24, p0, p1, p3, p4]
+6236: p311 = getfield_gc_r(p309, descr=<FieldP rpyeffect.stack.MetaStack.inst_label 16 pure>)
+6240: guard_nonnull(p311, descr=<Guard0x1585128a0>) [p2, i7, i9, i11, i13, p16, p18, p20, p22, p24, p0, p1, p3, p4]
+6248: i312 = getfield_gc_i(p311, descr=<FieldS rpyeffect.stack.Label.inst_origin 8 pure>)
+6256: guard_value(i312, 101381, descr=<Guard0x158512860>) [p2, i7, i9, i11, i13, p16, p18, p20, p22, p24, p0, p1, p3, p4]
+6276: p314 = getfield_gc_r(p309, descr=<FieldP rpyeffect.stack.MetaStack.inst_tail 32 pure>)
+6280: p315 = getfield_gc_r(p314, descr=<FieldP rpyeffect.stack.MetaStack.inst_region 24 pure>)
+6284: guard_isnull(p315, descr=<Guard0x158512820>) [p2, i7, i9, i11, i13, p16, p18, p20, p22, p24, p0, p1, p3, p4]
+6292: p316 = getfield_gc_r(p314, descr=<FieldP rpyeffect.stack.MetaStack.inst_label 16 pure>)
+6296: guard_nonnull(p316, descr=<Guard0x1585127e0>) [p2, i7, i9, i11, i13, p16, p18, p20, p22, p24, p0, p1, p3, p4]
+6304: i317 = getfield_gc_i(p316, descr=<FieldS rpyeffect.stack.Label.inst_origin 8 pure>)
+6312: guard_value(i317, 101377, descr=<Guard0x1585127a0>) [p2, i7, i9, i11, i13, p16, p18, p20, p22, p24, p0, p1, p3, p4]
+6332: p319 = getfield_gc_r(p314, descr=<FieldP rpyeffect.stack.MetaStack.inst_tail 32 pure>)
+6336: p320 = getfield_gc_r(p319, descr=<FieldP rpyeffect.stack.MetaStack.inst_region 24 pure>)
+6340: guard_isnull(p320, descr=<Guard0x158512760>) [p2, i7, i9, i11, i13, p16, p18, p20, p22, p24, p0, p1, p3, p4]
+6348: p321 = getfield_gc_r(p319, descr=<FieldP rpyeffect.stack.MetaStack.inst_label 16 pure>)
+6352: guard_nonnull(p321, descr=<Guard0x158512720>) [p2, i7, i9, i11, i13, p16, p18, p20, p22, p24, p0, p1, p3, p4]
+6360: i322 = getfield_gc_i(p321, descr=<FieldS rpyeffect.stack.Label.inst_origin 8 pure>)
+6368: guard_value(i322, 101381, descr=<Guard0x1585126e0>) [p2, i7, i9, i11, i13, p16, p18, p20, p22, p24, p0, p1, p3, p4]
+6388: p324 = getfield_gc_r(p319, descr=<FieldP rpyeffect.stack.MetaStack.inst_tail 32 pure>)
+6392: p325 = getfield_gc_r(p324, descr=<FieldP rpyeffect.stack.MetaStack.inst_region 24 pure>)
+6396: guard_isnull(p325, descr=<Guard0x1585126a0>) [p2, i7, i9, i11, i13, p16, p18, p20, p22, p24, p0, p1, p3, p4]
+6404: p326 = getfield_gc_r(p324, descr=<FieldP rpyeffect.stack.MetaStack.inst_label 16 pure>)
+6408: guard_nonnull(p326, descr=<Guard0x158512660>) [p2, i7, i9, i11, i13, p16, p18, p20, p22, p24, p0, p1, p3, p4]
+6416: i327 = getfield_gc_i(p326, descr=<FieldS rpyeffect.stack.Label.inst_origin 8 pure>)
+6424: guard_value(i327, 101377, descr=<Guard0x158512620>) [p2, i7, i9, i11, i13, p16, p18, p20, p22, p24, p0, p1, p3, p4]
+6444: p329 = getfield_gc_r(p324, descr=<FieldP rpyeffect.stack.MetaStack.inst_tail 32 pure>)
+6448: p330 = getfield_gc_r(p329, descr=<FieldP rpyeffect.stack.MetaStack.inst_region 24 pure>)
+6452: guard_isnull(p330, descr=<Guard0x1585125e0>) [p2, i7, i9, i11, i13, p16, p18, p20, p22, p24, p0, p1, p3, p4]
+6460: p331 = getfield_gc_r(p329, descr=<FieldP rpyeffect.stack.MetaStack.inst_label 16 pure>)
+6464: guard_nonnull(p331, descr=<Guard0x1585125a0>) [p2, i7, i9, i11, i13, p16, p18, p20, p22, p24, p0, p1, p3, p4]
+6472: i332 = getfield_gc_i(p331, descr=<FieldS rpyeffect.stack.Label.inst_origin 8 pure>)
+6480: guard_value(i332, 101381, descr=<Guard0x158512560>) [p2, i7, i9, i11, i13, p16, p18, p20, p22, p24, p0, p1, p3, p4]
+6500: p334 = getfield_gc_r(p329, descr=<FieldP rpyeffect.stack.MetaStack.inst_tail 32 pure>)
+6504: p335 = getfield_gc_r(p334, descr=<FieldP rpyeffect.stack.MetaStack.inst_region 24 pure>)
+6508: guard_isnull(p335, descr=<Guard0x158512520>) [p2, i7, i9, i11, i13, p16, p18, p20, p22, p24, p0, p1, p3, p4]
+6516: p336 = getfield_gc_r(p334, descr=<FieldP rpyeffect.stack.MetaStack.inst_label 16 pure>)
+6520: guard_nonnull(p336, descr=<Guard0x1585124e0>) [p2, i7, i9, i11, i13, p16, p18, p20, p22, p24, p0, p1, p3, p4]
+6528: i337 = getfield_gc_i(p336, descr=<FieldS rpyeffect.stack.Label.inst_origin 8 pure>)
+6536: guard_value(i337, 101377, descr=<Guard0x1585124a0>) [p2, i7, i9, i11, i13, p16, p18, p20, p22, p24, p0, p1, p3, p4]
+6556: p339 = getfield_gc_r(p334, descr=<FieldP rpyeffect.stack.MetaStack.inst_tail 32 pure>)
+6560: p340 = getfield_gc_r(p339, descr=<FieldP rpyeffect.stack.MetaStack.inst_region 24 pure>)
+6564: guard_isnull(p340, descr=<Guard0x158512460>) [p2, i7, i9, i11, i13, p16, p18, p20, p22, p24, p0, p1, p3, p4]
+6572: p341 = getfield_gc_r(p339, descr=<FieldP rpyeffect.stack.MetaStack.inst_label 16 pure>)
+6576: guard_nonnull(p341, descr=<Guard0x158512420>) [p2, i7, i9, i11, i13, p16, p18, p20, p22, p24, p0, p1, p3, p4]
+6584: i342 = getfield_gc_i(p341, descr=<FieldS rpyeffect.stack.Label.inst_origin 8 pure>)
+6592: guard_value(i342, 101381, descr=<Guard0x1585123e0>) [p2, i7, i9, i11, i13, p16, p18, p20, p22, p24, p0, p1, p3, p4]
+6612: p344 = getfield_gc_r(p339, descr=<FieldP rpyeffect.stack.MetaStack.inst_tail 32 pure>)
+6616: p345 = getfield_gc_r(p344, descr=<FieldP rpyeffect.stack.MetaStack.inst_region 24 pure>)
+6620: guard_isnull(p345, descr=<Guard0x1585123a0>) [p2, i7, i9, i11, i13, p16, p18, p20, p22, p24, p0, p1, p3, p4]
+6628: p346 = getfield_gc_r(p344, descr=<FieldP rpyeffect.stack.MetaStack.inst_label 16 pure>)
+6632: guard_nonnull(p346, descr=<Guard0x158512360>) [p2, i7, i9, i11, i13, p16, p18, p20, p22, p24, p0, p1, p3, p4]
+6640: i347 = getfield_gc_i(p346, descr=<FieldS rpyeffect.stack.Label.inst_origin 8 pure>)
+6648: guard_value(i347, 101377, descr=<Guard0x158512320>) [p2, i7, i9, i11, i13, p16, p18, p20, p22, p24, p0, p1, p3, p4]
+6668: p349 = getfield_gc_r(p344, descr=<FieldP rpyeffect.stack.MetaStack.inst_tail 32 pure>)
+6672: p350 = getfield_gc_r(p349, descr=<FieldP rpyeffect.stack.MetaStack.inst_region 24 pure>)
+6676: guard_isnull(p350, descr=<Guard0x1585122e0>) [p2, i7, i9, i11, i13, p16, p18, p20, p22, p24, p0, p1, p3, p4]
+6684: p351 = getfield_gc_r(p349, descr=<FieldP rpyeffect.stack.MetaStack.inst_label 16 pure>)
+6688: guard_nonnull(p351, descr=<Guard0x1585122a0>) [p2, i7, i9, i11, i13, p16, p18, p20, p22, p24, p0, p1, p3, p4]
+6696: i352 = getfield_gc_i(p351, descr=<FieldS rpyeffect.stack.Label.inst_origin 8 pure>)
+6704: guard_value(i352, 101381, descr=<Guard0x158512260>) [p2, i7, i9, i11, i13, p16, p18, p20, p22, p24, p0, p1, p3, p4]
+6724: p354 = getfield_gc_r(p349, descr=<FieldP rpyeffect.stack.MetaStack.inst_tail 32 pure>)
+6728: p355 = getfield_gc_r(p354, descr=<FieldP rpyeffect.stack.MetaStack.inst_region 24 pure>)
+6732: guard_isnull(p355, descr=<Guard0x158512220>) [p2, i7, i9, i11, i13, p16, p18, p20, p22, p24, p0, p1, p3, p4]
+6740: p356 = getfield_gc_r(p354, descr=<FieldP rpyeffect.stack.MetaStack.inst_label 16 pure>)
+6744: guard_nonnull(p356, descr=<Guard0x1585121e0>) [p2, i7, i9, i11, i13, p16, p18, p20, p22, p24, p0, p1, p3, p4]
+6752: i357 = getfield_gc_i(p356, descr=<FieldS rpyeffect.stack.Label.inst_origin 8 pure>)
+6760: guard_value(i357, 101377, descr=<Guard0x1585121a0>) [p2, i7, i9, i11, i13, p16, p18, p20, p22, p24, p0, p1, p3, p4]
+6780: p359 = getfield_gc_r(p354, descr=<FieldP rpyeffect.stack.MetaStack.inst_tail 32 pure>)
+6784: p360 = getfield_gc_r(p359, descr=<FieldP rpyeffect.stack.MetaStack.inst_region 24 pure>)
+6788: guard_isnull(p360, descr=<Guard0x158512160>) [p2, i7, i9, i11, i13, p16, p18, p20, p22, p24, p0, p1, p3, p4]
+6796: p361 = getfield_gc_r(p359, descr=<FieldP rpyeffect.stack.MetaStack.inst_label 16 pure>)
+6800: guard_nonnull(p361, descr=<Guard0x158512120>) [p2, i7, i9, i11, i13, p16, p18, p20, p22, p24, p0, p1, p3, p4]
+6808: i362 = getfield_gc_i(p361, descr=<FieldS rpyeffect.stack.Label.inst_origin 8 pure>)
+6816: guard_value(i362, 101381, descr=<Guard0x1585120e0>) [p2, i7, i9, i11, i13, p16, p18, p20, p22, p24, p0, p1, p3, p4]
+6836: p364 = getfield_gc_r(p359, descr=<FieldP rpyeffect.stack.MetaStack.inst_tail 32 pure>)
+6840: p365 = getfield_gc_r(p364, descr=<FieldP rpyeffect.stack.MetaStack.inst_region 24 pure>)
+6844: guard_isnull(p365, descr=<Guard0x1585120a0>) [p2, i7, i9, i11, i13, p16, p18, p20, p22, p24, p0, p1, p3, p4]
+6852: p366 = getfield_gc_r(p364, descr=<FieldP rpyeffect.stack.MetaStack.inst_label 16 pure>)
+6856: guard_nonnull(p366, descr=<Guard0x158512060>) [p2, i7, i9, i11, i13, p16, p18, p20, p22, p24, p0, p1, p3, p4]
+6864: i367 = getfield_gc_i(p366, descr=<FieldS rpyeffect.stack.Label.inst_origin 8 pure>)
+6872: guard_value(i367, 101377, descr=<Guard0x158512020>) [p2, i7, i9, i11, i13, p16, p18, p20, p22, p24, p0, p1, p3, p4]
+6892: p369 = getfield_gc_r(p364, descr=<FieldP rpyeffect.stack.MetaStack.inst_tail 32 pure>)
+6896: p370 = getfield_gc_r(p369, descr=<FieldP rpyeffect.stack.MetaStack.inst_region 24 pure>)
+6900: guard_isnull(p370, descr=<Guard0x158509fa0>) [p2, i7, i9, i11, i13, p16, p18, p20, p22, p24, p0, p1, p3, p4]
+6908: p371 = getfield_gc_r(p369, descr=<FieldP rpyeffect.stack.MetaStack.inst_label 16 pure>)
+6912: guard_nonnull(p371, descr=<Guard0x158509f60>) [p2, i7, i9, i11, i13, p16, p18, p20, p22, p24, p0, p1, p3, p4]
+6920: i372 = getfield_gc_i(p371, descr=<FieldS rpyeffect.stack.Label.inst_origin 8 pure>)
+6928: guard_value(i372, 101381, descr=<Guard0x158509f20>) [p2, i7, i9, i11, i13, p16, p18, p20, p22, p24, p0, p1, p3, p4]
+6948: p374 = getfield_gc_r(p369, descr=<FieldP rpyeffect.stack.MetaStack.inst_tail 32 pure>)
+6952: p375 = getfield_gc_r(p374, descr=<FieldP rpyeffect.stack.MetaStack.inst_region 24 pure>)
+6956: guard_isnull(p375, descr=<Guard0x158509ee0>) [p2, i7, i9, i11, i13, p16, p18, p20, p22, p24, p0, p1, p3, p4]
+6964: p376 = getfield_gc_r(p374, descr=<FieldP rpyeffect.stack.MetaStack.inst_label 16 pure>)
+6968: guard_nonnull(p376, descr=<Guard0x158509ea0>) [p2, i7, i9, i11, i13, p16, p18, p20, p22, p24, p0, p1, p3, p4]
+6976: i377 = getfield_gc_i(p376, descr=<FieldS rpyeffect.stack.Label.inst_origin 8 pure>)
+6984: guard_value(i377, 101377, descr=<Guard0x158509e60>) [p2, i7, i9, i11, i13, p16, p18, p20, p22, p24, p0, p1, p3, p4]
+7004: p379 = getfield_gc_r(p374, descr=<FieldP rpyeffect.stack.MetaStack.inst_tail 32 pure>)
+7008: p380 = getfield_gc_r(p379, descr=<FieldP rpyeffect.stack.MetaStack.inst_region 24 pure>)
+7012: guard_isnull(p380, descr=<Guard0x158509e20>) [p2, i7, i9, i11, i13, p16, p18, p20, p22, p24, p0, p1, p3, p4]
+7020: p381 = getfield_gc_r(p379, descr=<FieldP rpyeffect.stack.MetaStack.inst_label 16 pure>)
+7024: guard_nonnull(p381, descr=<Guard0x158509de0>) [p2, i7, i9, i11, i13, p16, p18, p20, p22, p24, p0, p1, p3, p4]
+7032: i382 = getfield_gc_i(p381, descr=<FieldS rpyeffect.stack.Label.inst_origin 8 pure>)
+7040: guard_value(i382, 101381, descr=<Guard0x158509da0>) [p2, i7, i9, i11, i13, p16, p18, p20, p22, p24, p0, p1, p3, p4]
+7060: p384 = getfield_gc_r(p379, descr=<FieldP rpyeffect.stack.MetaStack.inst_tail 32 pure>)
+7064: p385 = getfield_gc_r(p384, descr=<FieldP rpyeffect.stack.MetaStack.inst_region 24 pure>)
+7068: guard_isnull(p385, descr=<Guard0x158509d60>) [p2, i7, i9, i11, i13, p16, p18, p20, p22, p24, p0, p1, p3, p4]
+7076: p386 = getfield_gc_r(p384, descr=<FieldP rpyeffect.stack.MetaStack.inst_label 16 pure>)
+7080: guard_nonnull(p386, descr=<Guard0x158509d20>) [p2, i7, i9, i11, i13, p16, p18, p20, p22, p24, p0, p1, p3, p4]
+7088: i387 = getfield_gc_i(p386, descr=<FieldS rpyeffect.stack.Label.inst_origin 8 pure>)
+7096: guard_value(i387, 101377, descr=<Guard0x158509ce0>) [p2, i7, i9, i11, i13, p16, p18, p20, p22, p24, p0, p1, p3, p4]
+7116: p389 = getfield_gc_r(p384, descr=<FieldP rpyeffect.stack.MetaStack.inst_tail 32 pure>)
+7120: p390 = getfield_gc_r(p389, descr=<FieldP rpyeffect.stack.MetaStack.inst_region 24 pure>)
+7124: guard_isnull(p390, descr=<Guard0x158509ca0>) [p2, i7, i9, i11, i13, p16, p18, p20, p22, p24, p0, p1, p3, p4]
+7132: p391 = getfield_gc_r(p389, descr=<FieldP rpyeffect.stack.MetaStack.inst_label 16 pure>)
+7136: guard_nonnull(p391, descr=<Guard0x158509c60>) [p2, i7, i9, i11, i13, p16, p18, p20, p22, p24, p0, p1, p3, p4]
+7144: i392 = getfield_gc_i(p391, descr=<FieldS rpyeffect.stack.Label.inst_origin 8 pure>)
+7152: guard_value(i392, 101381, descr=<Guard0x158509c20>) [p2, i7, i9, i11, i13, p16, p18, p20, p22, p24, p0, p1, p3, p4]
+7172: p394 = getfield_gc_r(p389, descr=<FieldP rpyeffect.stack.MetaStack.inst_tail 32 pure>)
+7176: p395 = getfield_gc_r(p394, descr=<FieldP rpyeffect.stack.MetaStack.inst_region 24 pure>)
+7180: guard_isnull(p395, descr=<Guard0x158509be0>) [p2, i7, i9, i11, i13, p16, p18, p20, p22, p24, p0, p1, p3, p4]
+7188: p396 = getfield_gc_r(p394, descr=<FieldP rpyeffect.stack.MetaStack.inst_label 16 pure>)
+7192: guard_nonnull(p396, descr=<Guard0x158509ba0>) [p2, i7, i9, i11, i13, p16, p18, p20, p22, p24, p0, p1, p3, p4]
+7200: i397 = getfield_gc_i(p396, descr=<FieldS rpyeffect.stack.Label.inst_origin 8 pure>)
+7208: guard_value(i397, 101377, descr=<Guard0x158509b60>) [p2, i7, i9, i11, i13, p16, p18, p20, p22, p24, p0, p1, p3, p4]
+7228: p399 = getfield_gc_r(p394, descr=<FieldP rpyeffect.stack.MetaStack.inst_tail 32 pure>)
+7232: p400 = getfield_gc_r(p399, descr=<FieldP rpyeffect.stack.MetaStack.inst_region 24 pure>)
+7236: guard_isnull(p400, descr=<Guard0x158509b20>) [p2, i7, i9, i11, i13, p16, p18, p20, p22, p24, p0, p1, p3, p4]
+7244: p401 = getfield_gc_r(p399, descr=<FieldP rpyeffect.stack.MetaStack.inst_label 16 pure>)
+7248: guard_nonnull(p401, descr=<Guard0x158509ae0>) [p2, i7, i9, i11, i13, p16, p18, p20, p22, p24, p0, p1, p3, p4]
+7256: i402 = getfield_gc_i(p401, descr=<FieldS rpyeffect.stack.Label.inst_origin 8 pure>)
+7264: guard_value(i402, 101381, descr=<Guard0x158509aa0>) [p2, i7, i9, i11, i13, p16, p18, p20, p22, p24, p0, p1, p3, p4]
+7284: p404 = getfield_gc_r(p399, descr=<FieldP rpyeffect.stack.MetaStack.inst_tail 32 pure>)
+7288: p405 = getfield_gc_r(p404, descr=<FieldP rpyeffect.stack.MetaStack.inst_region 24 pure>)
+7292: guard_isnull(p405, descr=<Guard0x158509a60>) [p2, i7, i9, i11, i13, p16, p18, p20, p22, p24, p0, p1, p3, p4]
+7300: p406 = getfield_gc_r(p404, descr=<FieldP rpyeffect.stack.MetaStack.inst_label 16 pure>)
+7304: guard_nonnull(p406, descr=<Guard0x158509a20>) [p2, i7, i9, i11, i13, p16, p18, p20, p22, p24, p0, p1, p3, p4]
+7312: i407 = getfield_gc_i(p406, descr=<FieldS rpyeffect.stack.Label.inst_origin 8 pure>)
+7320: guard_value(i407, 101377, descr=<Guard0x1585099e0>) [p2, i7, i9, i11, i13, p16, p18, p20, p22, p24, p0, p1, p3, p4]
+7340: p409 = getfield_gc_r(p404, descr=<FieldP rpyeffect.stack.MetaStack.inst_tail 32 pure>)
+7344: p410 = getfield_gc_r(p409, descr=<FieldP rpyeffect.stack.MetaStack.inst_region 24 pure>)
+7348: guard_isnull(p410, descr=<Guard0x1585099a0>) [p2, i7, i9, i11, i13, p16, p18, p20, p22, p24, p0, p1, p3, p4]
+7356: p411 = getfield_gc_r(p409, descr=<FieldP rpyeffect.stack.MetaStack.inst_label 16 pure>)
+7360: guard_nonnull(p411, descr=<Guard0x158509960>) [p2, i7, i9, i11, i13, p16, p18, p20, p22, p24, p0, p1, p3, p4]
+7368: i412 = getfield_gc_i(p411, descr=<FieldS rpyeffect.stack.Label.inst_origin 8 pure>)
+7376: guard_value(i412, 101381, descr=<Guard0x158509920>) [p2, i7, i9, i11, i13, p16, p18, p20, p22, p24, p0, p1, p3, p4]
+7396: p414 = getfield_gc_r(p409, descr=<FieldP rpyeffect.stack.MetaStack.inst_tail 32 pure>)
+7400: p415 = getfield_gc_r(p414, descr=<FieldP rpyeffect.stack.MetaStack.inst_region 24 pure>)
+7404: guard_isnull(p415, descr=<Guard0x1585098e0>) [p2, i7, i9, i11, i13, p16, p18, p20, p22, p24, p0, p1, p3, p4]
+7412: p416 = getfield_gc_r(p414, descr=<FieldP rpyeffect.stack.MetaStack.inst_label 16 pure>)
+7416: guard_nonnull(p416, descr=<Guard0x1585098a0>) [p2, i7, i9, i11, i13, p16, p18, p20, p22, p24, p0, p1, p3, p4]
+7424: i417 = getfield_gc_i(p416, descr=<FieldS rpyeffect.stack.Label.inst_origin 8 pure>)
+7432: guard_value(i417, 101377, descr=<Guard0x158509860>) [p2, i7, i9, i11, i13, p16, p18, p20, p22, p24, p0, p1, p3, p4]
+7452: p419 = getfield_gc_r(p414, descr=<FieldP rpyeffect.stack.MetaStack.inst_tail 32 pure>)
+7456: p420 = getfield_gc_r(p419, descr=<FieldP rpyeffect.stack.MetaStack.inst_region 24 pure>)
+7460: guard_isnull(p420, descr=<Guard0x158509820>) [p2, i7, i9, i11, i13, p16, p18, p20, p22, p24, p0, p1, p3, p4]
+7468: p421 = getfield_gc_r(p419, descr=<FieldP rpyeffect.stack.MetaStack.inst_label 16 pure>)
+7472: guard_nonnull(p421, descr=<Guard0x1585097e0>) [p2, i7, i9, i11, i13, p16, p18, p20, p22, p24, p0, p1, p3, p4]
+7480: i422 = getfield_gc_i(p421, descr=<FieldS rpyeffect.stack.Label.inst_origin 8 pure>)
+7488: guard_value(i422, 101381, descr=<Guard0x1585097a0>) [p2, i7, i9, i11, i13, p16, p18, p20, p22, p24, p0, p1, p3, p4]
+7508: p424 = getfield_gc_r(p419, descr=<FieldP rpyeffect.stack.MetaStack.inst_tail 32 pure>)
+7512: p425 = getfield_gc_r(p424, descr=<FieldP rpyeffect.stack.MetaStack.inst_region 24 pure>)
+7516: guard_isnull(p425, descr=<Guard0x158509760>) [p2, i7, i9, i11, i13, p16, p18, p20, p22, p24, p0, p1, p3, p4]
+7524: p426 = getfield_gc_r(p424, descr=<FieldP rpyeffect.stack.MetaStack.inst_label 16 pure>)
+7528: guard_nonnull(p426, descr=<Guard0x158509720>) [p2, i7, i9, i11, i13, p16, p18, p20, p22, p24, p0, p1, p3, p4]
+7536: i427 = getfield_gc_i(p426, descr=<FieldS rpyeffect.stack.Label.inst_origin 8 pure>)
+7544: guard_value(i427, 101377, descr=<Guard0x1585096e0>) [p2, i7, i9, i11, i13, p16, p18, p20, p22, p24, p0, p1, p3, p4]
+7564: p429 = getfield_gc_r(p424, descr=<FieldP rpyeffect.stack.MetaStack.inst_tail 32 pure>)
+7568: p430 = getfield_gc_r(p429, descr=<FieldP rpyeffect.stack.MetaStack.inst_region 24 pure>)
+7572: guard_isnull(p430, descr=<Guard0x1585096a0>) [p2, i7, i9, i11, i13, p16, p18, p20, p22, p24, p0, p1, p3, p4]
+7580: p431 = getfield_gc_r(p429, descr=<FieldP rpyeffect.stack.MetaStack.inst_label 16 pure>)
+7584: guard_nonnull(p431, descr=<Guard0x158509660>) [p2, i7, i9, i11, i13, p16, p18, p20, p22, p24, p0, p1, p3, p4]
+7592: i432 = getfield_gc_i(p431, descr=<FieldS rpyeffect.stack.Label.inst_origin 8 pure>)
+7600: guard_value(i432, 101381, descr=<Guard0x158509620>) [p2, i7, i9, i11, i13, p16, p18, p20, p22, p24, p0, p1, p3, p4]
+7620: p434 = getfield_gc_r(p429, descr=<FieldP rpyeffect.stack.MetaStack.inst_tail 32 pure>)
+7624: p435 = getfield_gc_r(p434, descr=<FieldP rpyeffect.stack.MetaStack.inst_region 24 pure>)
+7628: guard_isnull(p435, descr=<Guard0x1585095e0>) [p2, i7, i9, i11, i13, p16, p18, p20, p22, p24, p0, p1, p3, p4]
+7636: p436 = getfield_gc_r(p434, descr=<FieldP rpyeffect.stack.MetaStack.inst_label 16 pure>)
+7640: guard_nonnull(p436, descr=<Guard0x1585095a0>) [p2, i7, i9, i11, i13, p16, p18, p20, p22, p24, p0, p1, p3, p4]
+7648: i437 = getfield_gc_i(p436, descr=<FieldS rpyeffect.stack.Label.inst_origin 8 pure>)
+7656: guard_value(i437, 101377, descr=<Guard0x158509560>) [p2, i7, i9, i11, i13, p16, p18, p20, p22, p24, p0, p1, p3, p4]
+7676: p439 = getfield_gc_r(p434, descr=<FieldP rpyeffect.stack.MetaStack.inst_tail 32 pure>)
+7680: p440 = getfield_gc_r(p439, descr=<FieldP rpyeffect.stack.MetaStack.inst_region 24 pure>)
+7684: guard_isnull(p440, descr=<Guard0x158509520>) [p2, i7, i9, i11, i13, p16, p18, p20, p22, p24, p0, p1, p3, p4]
+7692: p441 = getfield_gc_r(p439, descr=<FieldP rpyeffect.stack.MetaStack.inst_label 16 pure>)
+7696: guard_nonnull(p441, descr=<Guard0x1585094e0>) [p2, i7, i9, i11, i13, p16, p18, p20, p22, p24, p0, p1, p3, p4]
+7704: i442 = getfield_gc_i(p441, descr=<FieldS rpyeffect.stack.Label.inst_origin 8 pure>)
+7712: guard_value(i442, 147460, descr=<Guard0x1585094a0>) [p2, i7, i9, i11, i13, p16, p18, p20, p22, p24, p0, p1, p3, p4]
+7732: i444 = instance_ptr_eq(p441, p29)
guard_true(i444, descr=<Guard0x158509460>) [p2, i7, i9, i11, i13, p16, p18, p20, p22, p24, p0, p1, p3, p4]
+7740: p445 = getfield_gc_r(p439, descr=<FieldP rpyeffect.stack.MetaStackLike.inst_stack 8 pure>)
+7744: guard_class(p439, 4302106400, descr=<Guard0x158509420>) [p2, i7, i9, i11, i13, p16, p18, p20, p22, p24, p0, p1, p3, p4]
+7760: p447 = getfield_gc_r(p439, descr=<FieldP rpyeffect.stack.MetaStack.inst_tail 32 pure>)
+7764: p448 = getfield_gc_r(p434, descr=<FieldP rpyeffect.stack.MetaStackLike.inst_stack 8 pure>)
+7768: guard_class(p434, 4302106400, descr=<Guard0x1585093e0>) [p2, i7, i9, i11, i13, p16, p18, p20, p22, p24, p0, p1, p3, p4]
+7784: p450 = getfield_gc_r(p429, descr=<FieldP rpyeffect.stack.MetaStackLike.inst_stack 8 pure>)
+7788: guard_class(p429, 4302106400, descr=<Guard0x1585093a0>) [p2, i7, i9, i11, i13, p16, p18, p20, p22, p24, p0, p1, p3, p4]
+7804: p452 = getfield_gc_r(p424, descr=<FieldP rpyeffect.stack.MetaStackLike.inst_stack 8 pure>)
+7808: guard_class(p424, 4302106400, descr=<Guard0x158509360>) [p2, i7, i9, i11, i13, p16, p18, p20, p22, p24, p0, p1, p3, p4]
+7824: p454 = getfield_gc_r(p419, descr=<FieldP rpyeffect.stack.MetaStackLike.inst_stack 8 pure>)
+7828: guard_class(p419, 4302106400, descr=<Guard0x158509320>) [p2, i7, i9, i11, i13, p16, p18, p20, p22, p24, p0, p1, p3, p4]
+7844: p456 = getfield_gc_r(p414, descr=<FieldP rpyeffect.stack.MetaStackLike.inst_stack 8 pure>)
+7848: guard_class(p414, 4302106400, descr=<Guard0x1585092e0>) [p2, i7, i9, i11, i13, p16, p18, p20, p22, p24, p0, p1, p3, p4]
+7864: p458 = getfield_gc_r(p409, descr=<FieldP rpyeffect.stack.MetaStackLike.inst_stack 8 pure>)
+7868: guard_class(p409, 4302106400, descr=<Guard0x1585092a0>) [p2, i7, i9, i11, i13, p16, p18, p20, p22, p24, p0, p1, p3, p4]
+7884: p460 = getfield_gc_r(p404, descr=<FieldP rpyeffect.stack.MetaStackLike.inst_stack 8 pure>)
+7888: guard_class(p404, 4302106400, descr=<Guard0x158509260>) [p2, i7, i9, i11, i13, p16, p18, p20, p22, p24, p0, p1, p3, p4]
+7904: p462 = getfield_gc_r(p399, descr=<FieldP rpyeffect.stack.MetaStackLike.inst_stack 8 pure>)
+7908: guard_class(p399, 4302106400, descr=<Guard0x158509220>) [p2, i7, i9, i11, i13, p16, p18, p20, p22, p24, p0, p1, p3, p4]
+7924: p464 = getfield_gc_r(p394, descr=<FieldP rpyeffect.stack.MetaStackLike.inst_stack 8 pure>)
+7928: guard_class(p394, 4302106400, descr=<Guard0x1585091e0>) [p2, i7, i9, i11, i13, p16, p18, p20, p22, p24, p0, p1, p3, p4]
+7944: p466 = getfield_gc_r(p389, descr=<FieldP rpyeffect.stack.MetaStackLike.inst_stack 8 pure>)
+7948: guard_class(p389, 4302106400, descr=<Guard0x1585091a0>) [p2, i7, i9, i11, i13, p16, p18, p20, p22, p24, p0, p1, p3, p4]
+7964: p468 = getfield_gc_r(p384, descr=<FieldP rpyeffect.stack.MetaStackLike.inst_stack 8 pure>)
+7968: guard_class(p384, 4302106400, descr=<Guard0x158509160>) [p2, i7, i9, i11, i13, p16, p18, p20, p22, p24, p0, p1, p3, p4]
+7984: p470 = getfield_gc_r(p379, descr=<FieldP rpyeffect.stack.MetaStackLike.inst_stack 8 pure>)
+7992: guard_class(p379, 4302106400, descr=<Guard0x158509120>) [p2, i7, i9, i11, i13, p16, p18, p20, p22, p24, p0, p1, p3, p4]
+8008: p472 = getfield_gc_r(p374, descr=<FieldP rpyeffect.stack.MetaStackLike.inst_stack 8 pure>)
+8020: guard_class(p374, 4302106400, descr=<Guard0x1585090e0>) [p2, i7, i9, i11, i13, p16, p18, p20, p22, p24, p0, p1, p3, p4]
+8036: p474 = getfield_gc_r(p369, descr=<FieldP rpyeffect.stack.MetaStackLike.inst_stack 8 pure>)
+8048: guard_class(p369, 4302106400, descr=<Guard0x1585090a0>) [p2, i7, i9, i11, i13, p16, p18, p20, p22, p24, p0, p1, p3, p4]
+8064: p476 = getfield_gc_r(p364, descr=<FieldP rpyeffect.stack.MetaStackLike.inst_stack 8 pure>)
+8076: guard_class(p364, 4302106400, descr=<Guard0x158509060>) [p2, i7, i9, i11, i13, p16, p18, p20, p22, p24, p0, p1, p3, p4]
+8092: p478 = getfield_gc_r(p359, descr=<FieldP rpyeffect.stack.MetaStackLike.inst_stack 8 pure>)
+8104: guard_class(p359, 4302106400, descr=<Guard0x158509020>) [p2, i7, i9, i11, i13, p16, p18, p20, p22, p24, p0, p1, p3, p4]
+8120: p480 = getfield_gc_r(p354, descr=<FieldP rpyeffect.stack.MetaStackLike.inst_stack 8 pure>)
+8132: guard_class(p354, 4302106400, descr=<Guard0x158508fe0>) [p2, i7, i9, i11, i13, p16, p18, p20, p22, p24, p0, p1, p3, p4]
+8148: p482 = getfield_gc_r(p349, descr=<FieldP rpyeffect.stack.MetaStackLike.inst_stack 8 pure>)
+8160: guard_class(p349, 4302106400, descr=<Guard0x158508fa0>) [p2, i7, i9, i11, i13, p16, p18, p20, p22, p24, p0, p1, p3, p4]
+8176: p484 = getfield_gc_r(p344, descr=<FieldP rpyeffect.stack.MetaStackLike.inst_stack 8 pure>)
+8188: guard_class(p344, 4302106400, descr=<Guard0x158508f60>) [p2, i7, i9, i11, i13, p16, p18, p20, p22, p24, p0, p1, p3, p4]
+8204: p486 = getfield_gc_r(p339, descr=<FieldP rpyeffect.stack.MetaStackLike.inst_stack 8 pure>)
+8216: guard_class(p339, 4302106400, descr=<Guard0x158508f20>) [p2, i7, i9, i11, i13, p16, p18, p20, p22, p24, p0, p1, p3, p4]
+8232: p488 = getfield_gc_r(p334, descr=<FieldP rpyeffect.stack.MetaStackLike.inst_stack 8 pure>)
+8244: guard_class(p334, 4302106400, descr=<Guard0x158508ee0>) [p2, i7, i9, i11, i13, p16, p18, p20, p22, p24, p0, p1, p3, p4]
+8260: p490 = getfield_gc_r(p329, descr=<FieldP rpyeffect.stack.MetaStackLike.inst_stack 8 pure>)
+8272: guard_class(p329, 4302106400, descr=<Guard0x158508ea0>) [p2, i7, i9, i11, i13, p16, p18, p20, p22, p24, p0, p1, p3, p4]
+8288: p492 = getfield_gc_r(p324, descr=<FieldP rpyeffect.stack.MetaStackLike.inst_stack 8 pure>)
+8300: guard_class(p324, 4302106400, descr=<Guard0x158508e60>) [p2, i7, i9, i11, i13, p16, p18, p20, p22, p24, p0, p1, p3, p4]
+8316: p494 = getfield_gc_r(p319, descr=<FieldP rpyeffect.stack.MetaStackLike.inst_stack 8 pure>)
+8328: guard_class(p319, 4302106400, descr=<Guard0x158508e20>) [p2, i7, i9, i11, i13, p16, p18, p20, p22, p24, p0, p1, p3, p4]
+8344: p496 = getfield_gc_r(p314, descr=<FieldP rpyeffect.stack.MetaStackLike.inst_stack 8 pure>)
+8356: guard_class(p314, 4302106400, descr=<Guard0x158508de0>) [p2, i7, i9, i11, i13, p16, p18, p20, p22, p24, p0, p1, p3, p4]
+8372: p498 = getfield_gc_r(p309, descr=<FieldP rpyeffect.stack.MetaStackLike.inst_stack 8 pure>)
+8384: guard_class(p309, 4302106400, descr=<Guard0x158508da0>) [p2, i7, i9, i11, i13, p16, p18, p20, p22, p24, p0, p1, p3, p4]
+8400: p500 = getfield_gc_r(p304, descr=<FieldP rpyeffect.stack.MetaStackLike.inst_stack 8 pure>)
+8412: guard_class(p304, 4302106400, descr=<Guard0x158508d60>) [p2, i7, i9, i11, i13, p16, p18, p20, p22, p24, p0, p1, p3, p4]
+8428: p502 = getfield_gc_r(p299, descr=<FieldP rpyeffect.stack.MetaStackLike.inst_stack 8 pure>)
+8440: guard_class(p299, 4302106400, descr=<Guard0x158508d20>) [p2, i7, i9, i11, i13, p16, p18, p20, p22, p24, p0, p1, p3, p4]
+8456: p504 = getfield_gc_r(p294, descr=<FieldP rpyeffect.stack.MetaStackLike.inst_stack 8 pure>)
+8468: guard_class(p294, 4302106400, descr=<Guard0x158508ce0>) [p2, i7, i9, i11, i13, p16, p18, p20, p22, p24, p0, p1, p3, p4]
+8484: p506 = getfield_gc_r(p289, descr=<FieldP rpyeffect.stack.MetaStackLike.inst_stack 8 pure>)
+8496: guard_class(p289, 4302106400, descr=<Guard0x158508ca0>) [p2, i7, i9, i11, i13, p16, p18, p20, p22, p24, p0, p1, p3, p4]
+8512: p508 = getfield_gc_r(p284, descr=<FieldP rpyeffect.stack.MetaStackLike.inst_stack 8 pure>)
+8524: guard_class(p284, 4302106400, descr=<Guard0x158508c60>) [p2, i7, i9, i11, i13, p16, p18, p20, p22, p24, p0, p1, p3, p4]
+8540: p510 = getfield_gc_r(p279, descr=<FieldP rpyeffect.stack.MetaStackLike.inst_stack 8 pure>)
+8552: guard_class(p279, 4302106400, descr=<Guard0x158508c20>) [p2, i7, i9, i11, i13, p16, p18, p20, p22, p24, p0, p1, p3, p4]
+8568: p512 = getfield_gc_r(p274, descr=<FieldP rpyeffect.stack.MetaStackLike.inst_stack 8 pure>)
+8580: guard_class(p274, 4302106400, descr=<Guard0x158508be0>) [p2, i7, i9, i11, i13, p16, p18, p20, p22, p24, p0, p1, p3, p4]
+8596: p514 = getfield_gc_r(p269, descr=<FieldP rpyeffect.stack.MetaStackLike.inst_stack 8 pure>)
+8608: guard_class(p269, 4302106400, descr=<Guard0x158508ba0>) [p2, i7, i9, i11, i13, p16, p18, p20, p22, p24, p0, p1, p3, p4]
+8624: p516 = getfield_gc_r(p264, descr=<FieldP rpyeffect.stack.MetaStackLike.inst_stack 8 pure>)
+8636: guard_class(p264, 4302106400, descr=<Guard0x158508b60>) [p2, i7, i9, i11, i13, p16, p18, p20, p22, p24, p0, p1, p3, p4]
+8652: p518 = getfield_gc_r(p259, descr=<FieldP rpyeffect.stack.MetaStackLike.inst_stack 8 pure>)
+8664: guard_class(p259, 4302106400, descr=<Guard0x158508b20>) [p2, i7, i9, i11, i13, p16, p18, p20, p22, p24, p0, p1, p3, p4]
+8680: p520 = getfield_gc_r(p254, descr=<FieldP rpyeffect.stack.MetaStackLike.inst_stack 8 pure>)
+8692: guard_class(p254, 4302106400, descr=<Guard0x158508ae0>) [p2, i7, i9, i11, i13, p16, p18, p20, p22, p24, p0, p1, p3, p4]
+8708: p522 = getfield_gc_r(p249, descr=<FieldP rpyeffect.stack.MetaStackLike.inst_stack 8 pure>)
+8720: guard_class(p249, 4302106400, descr=<Guard0x158508aa0>) [p2, i7, i9, i11, i13, p16, p18, p20, p22, p24, p0, p1, p3, p4]
+8736: p524 = getfield_gc_r(p244, descr=<FieldP rpyeffect.stack.MetaStackLike.inst_stack 8 pure>)
+8748: guard_class(p244, 4302106400, descr=<Guard0x158508a60>) [p2, i7, i9, i11, i13, p16, p18, p20, p22, p24, p0, p1, p3, p4]
+8764: p526 = getfield_gc_r(p239, descr=<FieldP rpyeffect.stack.MetaStackLike.inst_stack 8 pure>)
+8776: guard_class(p239, 4302106400, descr=<Guard0x158508a20>) [p2, i7, i9, i11, i13, p16, p18, p20, p22, p24, p0, p1, p3, p4]
+8792: p528 = getfield_gc_r(p234, descr=<FieldP rpyeffect.stack.MetaStackLike.inst_stack 8 pure>)
+8804: guard_class(p234, 4302106400, descr=<Guard0x1585089e0>) [p2, i7, i9, i11, i13, p16, p18, p20, p22, p24, p0, p1, p3, p4]
+8820: p530 = getfield_gc_r(p229, descr=<FieldP rpyeffect.stack.MetaStackLike.inst_stack 8 pure>)
+8832: guard_class(p229, 4302106400, descr=<Guard0x1585089a0>) [p2, i7, i9, i11, i13, p16, p18, p20, p22, p24, p0, p1, p3, p4]
+8848: p532 = getfield_gc_r(p224, descr=<FieldP rpyeffect.stack.MetaStackLike.inst_stack 8 pure>)
+8860: guard_class(p224, 4302106400, descr=<Guard0x158508960>) [p2, i7, i9, i11, i13, p16, p18, p20, p22, p24, p0, p1, p3, p4]
+8876: p534 = getfield_gc_r(p219, descr=<FieldP rpyeffect.stack.MetaStackLike.inst_stack 8 pure>)
+8888: guard_class(p219, 4302106400, descr=<Guard0x158508920>) [p2, i7, i9, i11, i13, p16, p18, p20, p22, p24, p0, p1, p3, p4]
+8904: p536 = getfield_gc_r(p214, descr=<FieldP rpyeffect.stack.MetaStackLike.inst_stack 8 pure>)
+8916: guard_class(p214, 4302106400, descr=<Guard0x1585088e0>) [p2, i7, i9, i11, i13, p16, p18, p20, p22, p24, p0, p1, p3, p4]
+8932: p538 = getfield_gc_r(p209, descr=<FieldP rpyeffect.stack.MetaStackLike.inst_stack 8 pure>)
+8944: guard_class(p209, 4302106400, descr=<Guard0x1585088a0>) [p2, i7, i9, i11, i13, p16, p18, p20, p22, p24, p0, p1, p3, p4]
+8960: p540 = getfield_gc_r(p204, descr=<FieldP rpyeffect.stack.MetaStackLike.inst_stack 8 pure>)
+8972: guard_class(p204, 4302106400, descr=<Guard0x158508860>) [p2, i7, i9, i11, i13, p16, p18, p20, p22, p24, p0, p1, p3, p4]
+8988: p542 = getfield_gc_r(p199, descr=<FieldP rpyeffect.stack.MetaStackLike.inst_stack 8 pure>)
+9000: guard_class(p199, 4302106400, descr=<Guard0x158508820>) [p2, i7, i9, i11, i13, p16, p18, p20, p22, p24, p0, p1, p3, p4]
+9016: p544 = getfield_gc_r(p194, descr=<FieldP rpyeffect.stack.MetaStackLike.inst_stack 8 pure>)
+9028: guard_class(p194, 4302106400, descr=<Guard0x1585087e0>) [p2, i7, i9, i11, i13, p16, p18, p20, p22, p24, p0, p1, p3, p4]
+9044: p546 = getfield_gc_r(p189, descr=<FieldP rpyeffect.stack.MetaStackLike.inst_stack 8 pure>)
+9056: guard_class(p189, 4302106400, descr=<Guard0x1585087a0>) [p2, i7, i9, i11, i13, p16, p18, p20, p22, p24, p0, p1, p3, p4]
+9072: p548 = getfield_gc_r(p184, descr=<FieldP rpyeffect.stack.MetaStackLike.inst_stack 8 pure>)
+9084: guard_class(p184, 4302106400, descr=<Guard0x158508760>) [p2, i7, i9, i11, i13, p16, p18, p20, p22, p24, p0, p1, p3, p4]
+9100: p550 = getfield_gc_r(p179, descr=<FieldP rpyeffect.stack.MetaStackLike.inst_stack 8 pure>)
+9112: guard_class(p179, 4302106400, descr=<Guard0x158508720>) [p2, i7, i9, i11, i13, p16, p18, p20, p22, p24, p0, p1, p3, p4]
+9128: p552 = getfield_gc_r(p174, descr=<FieldP rpyeffect.stack.MetaStackLike.inst_stack 8 pure>)
+9140: guard_class(p174, 4302106400, descr=<Guard0x1585086e0>) [p2, i7, i9, i11, i13, p16, p18, p20, p22, p24, p0, p1, p3, p4]
+9156: p554 = getfield_gc_r(p169, descr=<FieldP rpyeffect.stack.MetaStackLike.inst_stack 8 pure>)
+9168: guard_class(p169, 4302106400, descr=<Guard0x1585086a0>) [p2, i7, i9, i11, i13, p16, p18, p20, p22, p24, p0, p1, p3, p4]
+9184: p556 = getfield_gc_r(p164, descr=<FieldP rpyeffect.stack.MetaStackLike.inst_stack 8 pure>)
+9196: guard_class(p164, 4302106400, descr=<Guard0x158508660>) [p2, i7, i9, i11, i13, p16, p18, p20, p22, p24, p0, p1, p3, p4]
+9212: p558 = getfield_gc_r(p159, descr=<FieldP rpyeffect.stack.MetaStackLike.inst_stack 8 pure>)
+9224: guard_class(p159, 4302106400, descr=<Guard0x158508620>) [p2, i7, i9, i11, i13, p16, p18, p20, p22, p24, p0, p1, p3, p4]
+9240: p560 = getfield_gc_r(p154, descr=<FieldP rpyeffect.stack.MetaStackLike.inst_stack 8 pure>)
+9252: guard_class(p154, 4302106400, descr=<Guard0x1585085e0>) [p2, i7, i9, i11, i13, p16, p18, p20, p22, p24, p0, p1, p3, p4]
+9268: p562 = getfield_gc_r(p149, descr=<FieldP rpyeffect.stack.MetaStackLike.inst_stack 8 pure>)
+9280: guard_class(p149, 4302106400, descr=<Guard0x1585085a0>) [p2, i7, i9, i11, i13, p16, p18, p20, p22, p24, p0, p1, p3, p4]
+9296: p564 = getfield_gc_r(p144, descr=<FieldP rpyeffect.stack.MetaStackLike.inst_stack 8 pure>)
+9308: guard_class(p144, 4302106400, descr=<Guard0x158508560>) [p2, i7, i9, i11, i13, p16, p18, p20, p22, p24, p0, p1, p3, p4]
+9324: p566 = getfield_gc_r(p139, descr=<FieldP rpyeffect.stack.MetaStackLike.inst_stack 8 pure>)
+9336: guard_class(p139, 4302106400, descr=<Guard0x158508520>) [p2, i7, i9, i11, i13, p16, p18, p20, p22, p24, p0, p1, p3, p4]
+9352: p568 = getfield_gc_r(p134, descr=<FieldP rpyeffect.stack.MetaStackLike.inst_stack 8 pure>)
+9364: guard_class(p134, 4302106400, descr=<Guard0x1585084e0>) [p2, i7, i9, i11, i13, p16, p18, p20, p22, p24, p0, p1, p3, p4]
+9380: p570 = getfield_gc_r(p129, descr=<FieldP rpyeffect.stack.MetaStackLike.inst_stack 8 pure>)
+9392: guard_class(p129, 4302106400, descr=<Guard0x1585084a0>) [p2, i7, i9, i11, i13, p16, p18, p20, p22, p24, p0, p1, p3, p4]
+9408: p572 = getfield_gc_r(p124, descr=<FieldP rpyeffect.stack.MetaStackLike.inst_stack 8 pure>)
+9420: guard_class(p124, 4302106400, descr=<Guard0x158508460>) [p2, i7, i9, i11, i13, p16, p18, p20, p22, p24, p0, p1, p3, p4]
+9436: p574 = getfield_gc_r(p119, descr=<FieldP rpyeffect.stack.MetaStackLike.inst_stack 8 pure>)
+9448: guard_class(p119, 4302106400, descr=<Guard0x158508420>) [p2, i7, i9, i11, i13, p16, p18, p20, p22, p24, p0, p1, p3, p4]
+9464: p576 = getfield_gc_r(p114, descr=<FieldP rpyeffect.stack.MetaStackLike.inst_stack 8 pure>)
+9476: guard_class(p114, 4302106400, descr=<Guard0x1585083e0>) [p2, i7, i9, i11, i13, p16, p18, p20, p22, p24, p0, p1, p3, p4]
+9492: p578 = getfield_gc_r(p109, descr=<FieldP rpyeffect.stack.MetaStackLike.inst_stack 8 pure>)
+9504: guard_class(p109, 4302106400, descr=<Guard0x1585083a0>) [p2, i7, i9, i11, i13, p16, p18, p20, p22, p24, p0, p1, p3, p4]
+9520: p580 = getfield_gc_r(p104, descr=<FieldP rpyeffect.stack.MetaStackLike.inst_stack 8 pure>)
+9532: guard_class(p104, 4302106400, descr=<Guard0x158508360>) [p2, i7, i9, i11, i13, p16, p18, p20, p22, p24, p0, p1, p3, p4]
+9548: p582 = getfield_gc_r(p99, descr=<FieldP rpyeffect.stack.MetaStackLike.inst_stack 8 pure>)
+9560: guard_class(p99, 4302106400, descr=<Guard0x158508320>) [p2, i7, i9, i11, i13, p16, p18, p20, p22, p24, p0, p1, p3, p4]
+9576: p584 = getfield_gc_r(p94, descr=<FieldP rpyeffect.stack.MetaStackLike.inst_stack 8 pure>)
+9588: guard_class(p94, 4302106400, descr=<Guard0x1585082e0>) [p2, i7, i9, i11, i13, p16, p18, p20, p22, p24, p0, p1, p3, p4]
+9604: p586 = getfield_gc_r(p89, descr=<FieldP rpyeffect.stack.MetaStackLike.inst_stack 8 pure>)
+9616: guard_class(p89, 4302106400, descr=<Guard0x1585082a0>) [p2, i7, i9, i11, i13, p16, p18, p20, p22, p24, p0, p1, p3, p4]
+9632: p588 = getfield_gc_r(p84, descr=<FieldP rpyeffect.stack.MetaStackLike.inst_stack 8 pure>)
+9644: guard_class(p84, 4302106400, descr=<Guard0x158508260>) [p2, i7, i9, i11, i13, p16, p18, p20, p22, p24, p0, p1, p3, p4]
+9660: p590 = getfield_gc_r(p79, descr=<FieldP rpyeffect.stack.MetaStackLike.inst_stack 8 pure>)
+9672: guard_class(p79, 4302106400, descr=<Guard0x158508220>) [p2, i7, i9, i11, i13, p16, p18, p20, p22, p24, p0, p1, p3, p4]
+9688: p592 = getfield_gc_r(p74, descr=<FieldP rpyeffect.stack.MetaStackLike.inst_stack 8 pure>)
+9700: guard_class(p74, 4302106400, descr=<Guard0x1585081e0>) [p2, i7, i9, i11, i13, p16, p18, p20, p22, p24, p0, p1, p3, p4]
+9716: p594 = getfield_gc_r(p69, descr=<FieldP rpyeffect.stack.MetaStackLike.inst_stack 8 pure>)
+9728: guard_class(p69, 4302106400, descr=<Guard0x1585081a0>) [p2, i7, i9, i11, i13, p16, p18, p20, p22, p24, p0, p1, p3, p4]
+9744: p596 = getfield_gc_r(p64, descr=<FieldP rpyeffect.stack.MetaStackLike.inst_stack 8 pure>)
+9756: guard_class(p64, 4302106400, descr=<Guard0x158508160>) [p2, i7, i9, i11, i13, p16, p18, p20, p22, p24, p0, p1, p3, p4]
+9772: p598 = getfield_gc_r(p59, descr=<FieldP rpyeffect.stack.MetaStackLike.inst_stack 8 pure>)
+9784: guard_class(p59, 4302106400, descr=<Guard0x158508120>) [p2, i7, i9, i11, i13, p16, p18, p20, p22, p24, p0, p1, p3, p4]
+9800: p600 = getfield_gc_r(p54, descr=<FieldP rpyeffect.stack.MetaStackLike.inst_stack 8 pure>)
+9812: guard_class(p54, 4302106400, descr=<Guard0x1585080e0>) [p2, i7, i9, i11, i13, p16, p18, p20, p22, p24, p0, p1, p3, p4]
+9828: p602 = getfield_gc_r(p49, descr=<FieldP rpyeffect.stack.MetaStackLike.inst_stack 8 pure>)
+9840: guard_class(p49, 4302106400, descr=<Guard0x1585080a0>) [p2, i7, i9, i11, i13, p16, p18, p20, p22, p24, p0, p1, p3, p4]
+9856: p604 = getfield_gc_r(p44, descr=<FieldP rpyeffect.stack.MetaStackLike.inst_stack 8 pure>)
+9868: guard_class(p44, 4302106400, descr=<Guard0x158508060>) [p2, i7, i9, i11, i13, p16, p18, p20, p22, p24, p0, p1, p3, p4]
+9884: p606 = getfield_gc_r(p39, descr=<FieldP rpyeffect.stack.MetaStackLike.inst_stack 8 pure>)
+9896: guard_class(p39, 4302106400, descr=<Guard0x158508020>) [p2, i7, i9, i11, i13, p16, p18, p20, p22, p24, p0, p1, p3, p4]
+9912: p608 = getfield_gc_r(p3, descr=<FieldP rpyeffect.stack.MetaStackLike.inst_stack 8 pure>)
+9924: guard_class(p3, 4302106400, descr=<Guard0x1583edfa0>) [p2, i7, i9, i11, i13, p16, p18, p20, p22, p24, p0, p1, p3, p4]
+9940: guard_nonnull_class(p447, 4302106400, descr=<Guard0x1583f6a18>) [p2, i7, i9, i11, i13, p16, p18, p20, p22, p24, p0, p1, p3, p4]
+9964: p611 = getfield_gc_r(p447, descr=<FieldP rpyeffect.stack.MetaStackLike.inst_stack 8 pure>)
+9972: p612 = getfield_gc_r(p447, descr=<FieldP rpyeffect.stack.MetaStack.inst_label 16 pure>)
+9980: p613 = getfield_gc_r(p447, descr=<FieldP rpyeffect.stack.MetaStack.inst_tail 32 pure>)
+9984: guard_nonnull(p611, descr=<Guard0x1583edf60>) [p2, i7, i9, i11, i13, p16, p18, p20, p22, p24, p0, p1, p3, p4]
+9992: i614 = getfield_gc_i(p611, descr=<FieldS rpyeffect.stored_environment.Stack__arb_arb.inst_target 16 pure>)
+10000: guard_value(i614, 129, descr=<Guard0x1583edf20>) [p2, i7, i9, i11, i13, p16, p18, p20, p22, p24, p0, p1, p3, p4]
debug_merge_point(0, 0, '132<main.rpyeffect:132([#357])>+2: {"op": "Load". "out": 0. "type": "num". "ref": 1}')
+10012: i616 = getfield_gc_i(p30, descr=<FieldS rpyeffect.region.NumRef.inst_value 8>)
debug_merge_point(0, 0, '132<main.rpyeffect:132([#357])>+3: {"op": "Jump". "target": 123}')
debug_merge_point(0, 0, '123<main.rpyeffect:123(Name(resume94150))>+0: {"op": "PushStack". "arg": 0}')
debug_merge_point(0, 0, '123<main.rpyeffect:123(Name(resume94150))>+1: {"op": "Return". "args": {"num": [0]. "ptr": []}}')
+10020: p617 = getfield_gc_r(p1, descr=<FieldP rpyeffect.stored_environment.Stack__0_1.inst_values_ptr_0 40 pure>)
+10036: p618 = getfield_gc_r(p1, descr=<FieldP rpyeffect.stored_environment.Stack__arb_arb.inst_tail 8 pure>)
+10044: guard_nonnull(p618, descr=<Guard0x1583edee0>) [p2, i7, i9, i11, i13, p16, p18, p20, p22, p24, p0, p1, p3, p4]
+10052: i619 = getfield_gc_i(p618, descr=<FieldS rpyeffect.stored_environment.Stack__arb_arb.inst_target 16 pure>)
+10060: guard_value(i619, 141, descr=<Guard0x1583edea0>) [p2, i7, i9, i11, i13, p16, p18, p20, p22, p24, p0, p1, p3, p4]
debug_merge_point(0, 0, '84<main.rpyeffect:84([k@Name(countdown2631)#218])>+0: {"op": "Const". "type": "num". "out": 1. "value": 0}')
debug_merge_point(0, 0, '84<main.rpyeffect:84([k@Name(countdown2631)#218])>+1: {"op": "Push". "target": 83. "args": {"num": [0]. "ptr": [0]}}')
debug_merge_point(0, 0, '84<main.rpyeffect:84([k@Name(countdown2631)#218])>+2: {"op": "Jump". "target": 4}')
debug_merge_point(0, 0, '4<main.rpyeffect:4(Name(infixEq71))>+0: {"op": "PrimOp". "name": "infixEq(Int. Int): Boolean". "out": {"num": [0]. "ptr": []}. "in": {"num": [0. 1]. "ptr": []}}')
+10072: i622 = int_eq(i616, 0)
guard_false(i622, descr=<Guard0x1583ede60>) [p2, i7, i9, i11, i13, p16, p18, p20, p22, p24, p0, p1, p3, p4]
debug_merge_point(0, 0, '4<main.rpyeffect:4(Name(infixEq71))>+1: {"op": "Return". "args": {"num": [0]. "ptr": []}}')
debug_merge_point(0, 0, '83<main.rpyeffect:83([k@[k@Name(countdown2631)#218]#222])>+0: {"op": "Swap". "type": "num". "a": 1. "b". 0}')
debug_merge_point(0, 0, '83<main.rpyeffect:83([k@[k@Name(countdown2631)#218]#222])>+1: {"op": "IfZero". "cond": 1. "then": {"tag": null. "target": 82. "args": {"num": []. "ptr": []}}}')
debug_merge_point(0, 0, '82<main.rpyeffect:82([then#224])>+0: {"op": "Const". "type": "num". "out": 1. "value": 1}')
debug_merge_point(0, 0, '82<main.rpyeffect:82([then#224])>+1: {"op": "Push". "target": 81. "args": {"num": []. "ptr": [0]}}')
debug_merge_point(0, 0, '82<main.rpyeffect:82([then#224])>+2: {"op": "Jump". "target": 8}')
debug_merge_point(0, 0, '8<main.rpyeffect:8(Name(infixSub104))>+0: {"op": "PrimOp". "name": "infixSub(Int. Int): Int". "out": {"num": [0]. "ptr": []}. "in": {"num": [0. 1]. "ptr": []}}')
+10080: i624 = int_sub(i616, 1)
debug_merge_point(0, 0, '8<main.rpyeffect:8(Name(infixSub104))>+1: {"op": "Return". "args": {"num": [0]. "ptr": []}}')
debug_merge_point(0, 0, '81<main.rpyeffect:81([k@[then#224]#228])>+0: {"op": "Push". "target": 80. "args": {"num": []. "ptr": [0]}}')
debug_merge_point(0, 0, '81<main.rpyeffect:81([k@[then#224]#228])>+1: {"op": "Jump". "target": 79}')
debug_merge_point(0, 0, '79<main.rpyeffect:79([mcore:[#78]#216])>+0: {"op": "Invoke". "receiver": 0. "tag": Interned(%putS2647(n):p). "args" : {"num": [0]. "ptr": []}}')
+10084: p625 = getfield_gc_r(p617, descr=<FieldP rpyeffect.stored_environment.CoData__arb_arb.inst_vtable 24 pure>)
+10088: guard_value(p625, ConstPtr(ptr626), descr=<Guard0x1583ede20>) [p2, i7, i9, i11, i13, p16, p18, p20, p22, p24, p0, p1, p3, p4]
+10104: p627 = getfield_gc_r(p617, descr=<FieldP rpyeffect.stored_environment.CoData__0_2.inst_values_ptr_0 32 pure>)
+10108: p628 = getfield_gc_r(p617, descr=<FieldP rpyeffect.stored_environment.CoData__0_2.inst_values_ptr_1 40 pure>)
debug_merge_point(0, 0, '136<main.rpyeffect:136([#372])>+0: {"op": "Const". "type": "num". "out": 1. "value": 0}')
debug_merge_point(0, 0, '136<main.rpyeffect:136([#372])>+1: {"op": "ShiftDyn". "out": 0. "n": 1. "label": 0}')
+10112: guard_nonnull(p627, descr=<Guard0x1583edde0>) [p2, i7, i9, i11, i13, p16, p18, p20, p22, p24, p0, p1, p3, p4]
+10120: i629 = getfield_gc_i(p627, descr=<FieldS rpyeffect.stack.Label.inst_origin 8 pure>)
+10128: guard_value(i629, 147460, descr=<Guard0x1583edda0>) [p2, i7, i9, i11, i13, p16, p18, p20, p22, p24, p0, p1, p3, p4]
+10148: i631 = instance_ptr_eq(p441, p627)
guard_true(i631, descr=<Guard0x1583edd60>) [p2, i7, i9, i11, i13, p16, p18, p20, p22, p24, p0, p1, p3, p4]
debug_merge_point(0, 0, '136<main.rpyeffect:136([#372])>+2: {"op": "Store". "ref": 1. "type": "num". "value": 0}')
guard_always_fails(descr=<Guard0x1583f6910>) [p2, i624, i11, i13, p628, p20, p22, p24, p612, p611, p613, p441, p445, p436, p448, p431, p450, p426, p452, p421, p454, p416, p456, p411, p458, p406, p460, p401, p462, p396, p464, p391, p466, p386, p468, p381, p470, p376, p472, p371, p474, p366, p476, p361, p478, p356, p480, p351, p482, p346, p484, p341, p486, p336, p488, p331, p490, p326, p492, p321, p494, p316, p496, p311, p498, p306, p500, p301, p502, p296, p504, p291, p506, p286, p508, p281, p510, p276, p512, p271, p514, p266, p516, p261, p518, p256, p520, p251, p522, p246, p524, p241, p526, p236, p528, p231, p530, p226, p532, p221, p534, p216, p536, p211, p538, p206, p540, p201, p542, p196, p544, p191, p546, p186, p548, p181, p550, p176, p552, p171, p554, p166, p556, p161, p558, p156, p560, p151, p562, p146, p564, p141, p566, p136, p568, p131, p570, p126, p572, p121, p574, p116, p576, p111, p578, p106, p580, p101, p582, p96, p584, p91, p586, p86, p588, p81, p590, p76, p592, p71, p594, p66, p596, p61, p598, p56, p600, p51, p602, p46, p604, p41, p606, p36, p608, p617, p618, p0]
+10172: finish(4302116528, descr=<ExitFrameWithExceptionDescrRef object at 0x10073f288>)
+10252: --end of the loop--
[ce0ed0] jit-log-opt-loop}
[d5a07a] {jit-log-opt-loop
# Loop 1 (80<main.rpyeffect:80([k@[k@[then#224]#228]#231])>+0: {"op": "Copy", "type": "ptr", "from": 1, "to", 0}) : entry bridge with 21 ops
[p0, p1, p2, p3, p4]
+168: p5 = getfield_gc_r(p2, descr=<FieldP rpyeffect.environment.Environment.inst_values_num 16>)
+176: i7 = getarrayitem_gc_i(p5, 0, descr=<ArrayS 8>)
+180: i9 = getarrayitem_gc_i(p5, 1, descr=<ArrayS 8>)
+184: i11 = getarrayitem_gc_i(p5, 2, descr=<ArrayS 8>)
+188: i13 = getarrayitem_gc_i(p5, 3, descr=<ArrayS 8>)
+192: p14 = getfield_gc_r(p2, descr=<FieldP rpyeffect.environment.Environment.inst_values_ptr 24>)
+196: p16 = getarrayitem_gc_r(p14, 0, descr=<ArrayP 8>)
+200: p18 = getarrayitem_gc_r(p14, 1, descr=<ArrayP 8>)
+204: p20 = getarrayitem_gc_r(p14, 2, descr=<ArrayP 8>)
+208: p22 = getarrayitem_gc_r(p14, 3, descr=<ArrayP 8>)
+212: p24 = getarrayitem_gc_r(p14, 4, descr=<ArrayP 8>)
debug_merge_point(0, 0, '80<main.rpyeffect:80([k@[k@[then#224]#228]#231])>+0: {"op": "Copy". "type": "ptr". "from": 1. "to". 0}')
+216: guard_not_invalidated(descr=<Guard0x1583f6ac8>) [p2, i7, i9, i11, i13, p16, p18, p20, p22, p24, p0, p1, p3, p4]
debug_merge_point(0, 0, '80<main.rpyeffect:80([k@[k@[then#224]#228]#231])>+1: {"op": "Jump". "target": 85}')
debug_merge_point(0, 0, '85<main.rpyeffect:85(Name(countdown2631))>+0: {"op": "Push". "target": 84. "args": {"num": []. "ptr": [0]}}')
debug_merge_point(0, 0, '85<main.rpyeffect:85(Name(countdown2631))>+1: {"op": "Jump". "target": 78}')
+220: p25 = new_with_vtable(descr=<SizeDescr 48>)
+332: setfield_gc(p25, p1, descr=<FieldP rpyeffect.stored_environment.Stack__arb_arb.inst_tail 8 pure>)
+340: setfield_gc(p25, 84, descr=<FieldS rpyeffect.stored_environment.Stack__arb_arb.inst_target 16 pure>)
+348: setfield_gc(p25, p18, descr=<FieldP rpyeffect.stored_environment.Stack__0_1.inst_values_ptr_0 40 pure>)
+368: jump(p0, p25, p2, p3, p4, i7, i9, i11, i13, p18, p18, p20, p22, p24, descr=TargetToken(5775494064))
+492: --end of the loop--
[d5e894] jit-log-opt-loop}
[fc8dcf] {jit-log-opt-loop
# Loop 2 (124<main.rpyeffect:124(Name(resume124152))>+0: {"op": "PushStack", "arg": 1}) : entry bridge with 946 ops
[p0, p1, p2, p3, p4]
+1544: p5 = getfield_gc_r(p2, descr=<FieldP rpyeffect.environment.Environment.inst_values_num 16>)
+1552: i7 = getarrayitem_gc_i(p5, 0, descr=<ArrayS 8>)
+1556: i9 = getarrayitem_gc_i(p5, 1, descr=<ArrayS 8>)
+1560: i11 = getarrayitem_gc_i(p5, 2, descr=<ArrayS 8>)
+1564: i13 = getarrayitem_gc_i(p5, 3, descr=<ArrayS 8>)
+1568: p14 = getfield_gc_r(p2, descr=<FieldP rpyeffect.environment.Environment.inst_values_ptr 24>)
+1572: p16 = getarrayitem_gc_r(p14, 0, descr=<ArrayP 8>)
+1576: p18 = getarrayitem_gc_r(p14, 1, descr=<ArrayP 8>)
+1580: p20 = getarrayitem_gc_r(p14, 2, descr=<ArrayP 8>)
+1584: p22 = getarrayitem_gc_r(p14, 3, descr=<ArrayP 8>)
+1588: p24 = getarrayitem_gc_r(p14, 4, descr=<ArrayP 8>)
debug_merge_point(0, 0, '124<main.rpyeffect:124(Name(resume124152))>+0: {"op": "PushStack". "arg": 1}')
+1592: guard_not_invalidated(descr=<Guard0x1583f6b78>) [p2, i7, i9, i11, i13, p16, p18, p20, p22, p24, p0, p1, p3, p4]
+1596: guard_isnull(p4, descr=<Guard0x1585aaba0>) [p2, i7, i9, i11, i13, p16, p18, p20, p22, p24, p0, p1, p3, p4]
+1608: guard_nonnull_class(p18, 4302106400, descr=<Guard0x1585b0860>) [p2, i7, i9, i11, i13, p16, p18, p20, p22, p24, p0, p1, p3, p4]
+1632: p26 = getfield_gc_r(p18, descr=<FieldP rpyeffect.stack.MetaStack.inst_region 24 pure>)
+1636: guard_isnull(p26, descr=<Guard0x1585aab60>) [p2, i7, i9, i11, i13, p16, p18, p20, p22, p24, p0, p1, p3, p4]
+1644: p27 = getfield_gc_r(p18, descr=<FieldP rpyeffect.stack.MetaStackLike.inst_stack 8 pure>)
+1648: p28 = getfield_gc_r(p18, descr=<FieldP rpyeffect.stack.MetaStack.inst_tail 32 pure>)
+1652: guard_nonnull_class(p28, 4302106400, descr=<Guard0x1585b0808>) [p2, i7, i9, i11, i13, p16, p18, p20, p22, p24, p0, p1, p3, p4]
+1676: p30 = getfield_gc_r(p28, descr=<FieldP rpyeffect.stack.MetaStack.inst_region 24 pure>)
+1680: guard_isnull(p30, descr=<Guard0x1585aab20>) [p2, i7, i9, i11, i13, p16, p18, p20, p22, p24, p0, p1, p3, p4]
+1688: p31 = getfield_gc_r(p28, descr=<FieldP rpyeffect.stack.MetaStackLike.inst_stack 8 pure>)
+1692: p32 = getfield_gc_r(p28, descr=<FieldP rpyeffect.stack.MetaStack.inst_tail 32 pure>)
+1696: guard_nonnull_class(p32, 4302106400, descr=<Guard0x1585b07b0>) [p2, i7, i9, i11, i13, p16, p18, p20, p22, p24, p0, p1, p3, p4]
+1720: p34 = getfield_gc_r(p32, descr=<FieldP rpyeffect.stack.MetaStack.inst_region 24 pure>)
+1724: guard_isnull(p34, descr=<Guard0x1585aaae0>) [p2, i7, i9, i11, i13, p16, p18, p20, p22, p24, p0, p1, p3, p4]
+1732: p35 = getfield_gc_r(p32, descr=<FieldP rpyeffect.stack.MetaStackLike.inst_stack 8 pure>)
+1736: p36 = getfield_gc_r(p32, descr=<FieldP rpyeffect.stack.MetaStack.inst_tail 32 pure>)
+1740: guard_nonnull_class(p36, 4302106400, descr=<Guard0x1585b0758>) [p2, i7, i9, i11, i13, p16, p18, p20, p22, p24, p0, p1, p3, p4]
+1764: p38 = getfield_gc_r(p36, descr=<FieldP rpyeffect.stack.MetaStack.inst_region 24 pure>)
+1768: guard_isnull(p38, descr=<Guard0x1585aaaa0>) [p2, i7, i9, i11, i13, p16, p18, p20, p22, p24, p0, p1, p3, p4]
+1776: p39 = getfield_gc_r(p36, descr=<FieldP rpyeffect.stack.MetaStackLike.inst_stack 8 pure>)
+1780: p40 = getfield_gc_r(p36, descr=<FieldP rpyeffect.stack.MetaStack.inst_tail 32 pure>)
+1788: guard_nonnull_class(p40, 4302106400, descr=<Guard0x1585b0700>) [p2, i7, i9, i11, i13, p16, p18, p20, p22, p24, p0, p1, p3, p4]
+1812: p42 = getfield_gc_r(p40, descr=<FieldP rpyeffect.stack.MetaStack.inst_region 24 pure>)
+1820: guard_isnull(p42, descr=<Guard0x1585aaa60>) [p2, i7, i9, i11, i13, p16, p18, p20, p22, p24, p0, p1, p3, p4]
+1828: p43 = getfield_gc_r(p40, descr=<FieldP rpyeffect.stack.MetaStackLike.inst_stack 8 pure>)
+1832: p44 = getfield_gc_r(p40, descr=<FieldP rpyeffect.stack.MetaStack.inst_tail 32 pure>)
+1840: guard_nonnull_class(p44, 4302106400, descr=<Guard0x1585b06a8>) [p2, i7, i9, i11, i13, p16, p18, p20, p22, p24, p0, p1, p3, p4]
+1864: p46 = getfield_gc_r(p44, descr=<FieldP rpyeffect.stack.MetaStack.inst_region 24 pure>)
+1872: guard_isnull(p46, descr=<Guard0x1585aaa20>) [p2, i7, i9, i11, i13, p16, p18, p20, p22, p24, p0, p1, p3, p4]
+1880: p47 = getfield_gc_r(p44, descr=<FieldP rpyeffect.stack.MetaStackLike.inst_stack 8 pure>)
+1884: p48 = getfield_gc_r(p44, descr=<FieldP rpyeffect.stack.MetaStack.inst_tail 32 pure>)
+1892: guard_nonnull_class(p48, 4302106400, descr=<Guard0x1585b0650>) [p2, i7, i9, i11, i13, p16, p18, p20, p22, p24, p0, p1, p3, p4]
+1916: p50 = getfield_gc_r(p48, descr=<FieldP rpyeffect.stack.MetaStack.inst_region 24 pure>)
+1924: guard_isnull(p50, descr=<Guard0x1585aa9e0>) [p2, i7, i9, i11, i13, p16, p18, p20, p22, p24, p0, p1, p3, p4]
+1932: p51 = getfield_gc_r(p48, descr=<FieldP rpyeffect.stack.MetaStackLike.inst_stack 8 pure>)
+1936: p52 = getfield_gc_r(p48, descr=<FieldP rpyeffect.stack.MetaStack.inst_tail 32 pure>)
+1944: guard_nonnull_class(p52, 4302106400, descr=<Guard0x1585b05f8>) [p2, i7, i9, i11, i13, p16, p18, p20, p22, p24, p0, p1, p3, p4]
+1968: p54 = getfield_gc_r(p52, descr=<FieldP rpyeffect.stack.MetaStack.inst_region 24 pure>)
+1976: guard_isnull(p54, descr=<Guard0x1585aa9a0>) [p2, i7, i9, i11, i13, p16, p18, p20, p22, p24, p0, p1, p3, p4]
+1984: p55 = getfield_gc_r(p52, descr=<FieldP rpyeffect.stack.MetaStackLike.inst_stack 8 pure>)
+1988: p56 = getfield_gc_r(p52, descr=<FieldP rpyeffect.stack.MetaStack.inst_tail 32 pure>)
+1996: guard_nonnull_class(p56, 4302106400, descr=<Guard0x1585b05a0>) [p2, i7, i9, i11, i13, p16, p18, p20, p22, p24, p0, p1, p3, p4]
+2020: p58 = getfield_gc_r(p56, descr=<FieldP rpyeffect.stack.MetaStack.inst_region 24 pure>)
+2028: guard_isnull(p58, descr=<Guard0x1585aa960>) [p2, i7, i9, i11, i13, p16, p18, p20, p22, p24, p0, p1, p3, p4]
+2036: p59 = getfield_gc_r(p56, descr=<FieldP rpyeffect.stack.MetaStackLike.inst_stack 8 pure>)
+2040: p60 = getfield_gc_r(p56, descr=<FieldP rpyeffect.stack.MetaStack.inst_tail 32 pure>)
+2048: guard_nonnull_class(p60, 4302106400, descr=<Guard0x1585b0548>) [p2, i7, i9, i11, i13, p16, p18, p20, p22, p24, p0, p1, p3, p4]
+2072: p62 = getfield_gc_r(p60, descr=<FieldP rpyeffect.stack.MetaStack.inst_region 24 pure>)
+2080: guard_isnull(p62, descr=<Guard0x1585aa920>) [p2, i7, i9, i11, i13, p16, p18, p20, p22, p24, p0, p1, p3, p4]
+2088: p63 = getfield_gc_r(p60, descr=<FieldP rpyeffect.stack.MetaStackLike.inst_stack 8 pure>)
+2092: p64 = getfield_gc_r(p60, descr=<FieldP rpyeffect.stack.MetaStack.inst_tail 32 pure>)
+2100: guard_nonnull_class(p64, 4302106400, descr=<Guard0x1585b04f0>) [p2, i7, i9, i11, i13, p16, p18, p20, p22, p24, p0, p1, p3, p4]
+2124: p66 = getfield_gc_r(p64, descr=<FieldP rpyeffect.stack.MetaStack.inst_region 24 pure>)
+2132: guard_isnull(p66, descr=<Guard0x1585aa8e0>) [p2, i7, i9, i11, i13, p16, p18, p20, p22, p24, p0, p1, p3, p4]
+2140: p67 = getfield_gc_r(p64, descr=<FieldP rpyeffect.stack.MetaStackLike.inst_stack 8 pure>)
+2144: p68 = getfield_gc_r(p64, descr=<FieldP rpyeffect.stack.MetaStack.inst_tail 32 pure>)
+2152: guard_nonnull_class(p68, 4302106400, descr=<Guard0x1585b0498>) [p2, i7, i9, i11, i13, p16, p18, p20, p22, p24, p0, p1, p3, p4]
+2176: p70 = getfield_gc_r(p68, descr=<FieldP rpyeffect.stack.MetaStack.inst_region 24 pure>)
+2184: guard_isnull(p70, descr=<Guard0x1585aa8a0>) [p2, i7, i9, i11, i13, p16, p18, p20, p22, p24, p0, p1, p3, p4]
+2192: p71 = getfield_gc_r(p68, descr=<FieldP rpyeffect.stack.MetaStackLike.inst_stack 8 pure>)
+2196: p72 = getfield_gc_r(p68, descr=<FieldP rpyeffect.stack.MetaStack.inst_tail 32 pure>)
+2204: guard_nonnull_class(p72, 4302106400, descr=<Guard0x1585b0440>) [p2, i7, i9, i11, i13, p16, p18, p20, p22, p24, p0, p1, p3, p4]
+2228: p74 = getfield_gc_r(p72, descr=<FieldP rpyeffect.stack.MetaStack.inst_region 24 pure>)
+2236: guard_isnull(p74, descr=<Guard0x1585aa860>) [p2, i7, i9, i11, i13, p16, p18, p20, p22, p24, p0, p1, p3, p4]
+2244: p75 = getfield_gc_r(p72, descr=<FieldP rpyeffect.stack.MetaStackLike.inst_stack 8 pure>)
+2248: p76 = getfield_gc_r(p72, descr=<FieldP rpyeffect.stack.MetaStack.inst_tail 32 pure>)
+2256: guard_nonnull_class(p76, 4302106400, descr=<Guard0x1585b03e8>) [p2, i7, i9, i11, i13, p16, p18, p20, p22, p24, p0, p1, p3, p4]
+2280: p78 = getfield_gc_r(p76, descr=<FieldP rpyeffect.stack.MetaStack.inst_region 24 pure>)
+2288: guard_isnull(p78, descr=<Guard0x1585aa820>) [p2, i7, i9, i11, i13, p16, p18, p20, p22, p24, p0, p1, p3, p4]
+2296: p79 = getfield_gc_r(p76, descr=<FieldP rpyeffect.stack.MetaStackLike.inst_stack 8 pure>)
+2300: p80 = getfield_gc_r(p76, descr=<FieldP rpyeffect.stack.MetaStack.inst_tail 32 pure>)
+2308: guard_nonnull_class(p80, 4302106400, descr=<Guard0x1585b0390>) [p2, i7, i9, i11, i13, p16, p18, p20, p22, p24, p0, p1, p3, p4]
+2332: p82 = getfield_gc_r(p80, descr=<FieldP rpyeffect.stack.MetaStack.inst_region 24 pure>)
+2340: guard_isnull(p82, descr=<Guard0x1585aa7e0>) [p2, i7, i9, i11, i13, p16, p18, p20, p22, p24, p0, p1, p3, p4]
+2348: p83 = getfield_gc_r(p80, descr=<FieldP rpyeffect.stack.MetaStackLike.inst_stack 8 pure>)
+2352: p84 = getfield_gc_r(p80, descr=<FieldP rpyeffect.stack.MetaStack.inst_tail 32 pure>)
+2360: guard_nonnull_class(p84, 4302106400, descr=<Guard0x1585b0338>) [p2, i7, i9, i11, i13, p16, p18, p20, p22, p24, p0, p1, p3, p4]
+2384: p86 = getfield_gc_r(p84, descr=<FieldP rpyeffect.stack.MetaStack.inst_region 24 pure>)
+2392: guard_isnull(p86, descr=<Guard0x1585aa7a0>) [p2, i7, i9, i11, i13, p16, p18, p20, p22, p24, p0, p1, p3, p4]
+2400: p87 = getfield_gc_r(p84, descr=<FieldP rpyeffect.stack.MetaStackLike.inst_stack 8 pure>)
+2404: p88 = getfield_gc_r(p84, descr=<FieldP rpyeffect.stack.MetaStack.inst_tail 32 pure>)
+2412: guard_nonnull_class(p88, 4302106400, descr=<Guard0x1585b02e0>) [p2, i7, i9, i11, i13, p16, p18, p20, p22, p24, p0, p1, p3, p4]
+2436: p90 = getfield_gc_r(p88, descr=<FieldP rpyeffect.stack.MetaStack.inst_region 24 pure>)
+2444: guard_isnull(p90, descr=<Guard0x1585aa760>) [p2, i7, i9, i11, i13, p16, p18, p20, p22, p24, p0, p1, p3, p4]
+2452: p91 = getfield_gc_r(p88, descr=<FieldP rpyeffect.stack.MetaStackLike.inst_stack 8 pure>)
+2456: p92 = getfield_gc_r(p88, descr=<FieldP rpyeffect.stack.MetaStack.inst_tail 32 pure>)
+2464: guard_nonnull_class(p92, 4302106400, descr=<Guard0x1585b0288>) [p2, i7, i9, i11, i13, p16, p18, p20, p22, p24, p0, p1, p3, p4]
+2488: p94 = getfield_gc_r(p92, descr=<FieldP rpyeffect.stack.MetaStack.inst_region 24 pure>)
+2496: guard_isnull(p94, descr=<Guard0x1585aa720>) [p2, i7, i9, i11, i13, p16, p18, p20, p22, p24, p0, p1, p3, p4]
+2504: p95 = getfield_gc_r(p92, descr=<FieldP rpyeffect.stack.MetaStackLike.inst_stack 8 pure>)
+2508: p96 = getfield_gc_r(p92, descr=<FieldP rpyeffect.stack.MetaStack.inst_tail 32 pure>)
+2516: guard_nonnull_class(p96, 4302106400, descr=<Guard0x1585b0230>) [p2, i7, i9, i11, i13, p16, p18, p20, p22, p24, p0, p1, p3, p4]
+2540: p98 = getfield_gc_r(p96, descr=<FieldP rpyeffect.stack.MetaStack.inst_region 24 pure>)
+2548: guard_isnull(p98, descr=<Guard0x1585aa6e0>) [p2, i7, i9, i11, i13, p16, p18, p20, p22, p24, p0, p1, p3, p4]
+2556: p99 = getfield_gc_r(p96, descr=<FieldP rpyeffect.stack.MetaStackLike.inst_stack 8 pure>)
+2560: p100 = getfield_gc_r(p96, descr=<FieldP rpyeffect.stack.MetaStack.inst_tail 32 pure>)
+2568: guard_nonnull_class(p100, 4302106400, descr=<Guard0x1585b01d8>) [p2, i7, i9, i11, i13, p16, p18, p20, p22, p24, p0, p1, p3, p4]
+2592: p102 = getfield_gc_r(p100, descr=<FieldP rpyeffect.stack.MetaStack.inst_region 24 pure>)
+2600: guard_isnull(p102, descr=<Guard0x1585aa6a0>) [p2, i7, i9, i11, i13, p16, p18, p20, p22, p24, p0, p1, p3, p4]
+2608: p103 = getfield_gc_r(p100, descr=<FieldP rpyeffect.stack.MetaStackLike.inst_stack 8 pure>)
+2612: p104 = getfield_gc_r(p100, descr=<FieldP rpyeffect.stack.MetaStack.inst_tail 32 pure>)
+2620: guard_nonnull_class(p104, 4302106400, descr=<Guard0x1585b0180>) [p2, i7, i9, i11, i13, p16, p18, p20, p22, p24, p0, p1, p3, p4]
+2644: p106 = getfield_gc_r(p104, descr=<FieldP rpyeffect.stack.MetaStack.inst_region 24 pure>)
+2652: guard_isnull(p106, descr=<Guard0x1585aa660>) [p2, i7, i9, i11, i13, p16, p18, p20, p22, p24, p0, p1, p3, p4]
+2660: p107 = getfield_gc_r(p104, descr=<FieldP rpyeffect.stack.MetaStackLike.inst_stack 8 pure>)
+2664: p108 = getfield_gc_r(p104, descr=<FieldP rpyeffect.stack.MetaStack.inst_tail 32 pure>)
+2672: guard_nonnull_class(p108, 4302106400, descr=<Guard0x1585b0128>) [p2, i7, i9, i11, i13, p16, p18, p20, p22, p24, p0, p1, p3, p4]
+2696: p110 = getfield_gc_r(p108, descr=<FieldP rpyeffect.stack.MetaStack.inst_region 24 pure>)
+2704: guard_isnull(p110, descr=<Guard0x1585aa620>) [p2, i7, i9, i11, i13, p16, p18, p20, p22, p24, p0, p1, p3, p4]
+2712: p111 = getfield_gc_r(p108, descr=<FieldP rpyeffect.stack.MetaStackLike.inst_stack 8 pure>)
+2716: p112 = getfield_gc_r(p108, descr=<FieldP rpyeffect.stack.MetaStack.inst_tail 32 pure>)
+2724: guard_nonnull_class(p112, 4302106400, descr=<Guard0x1585b00d0>) [p2, i7, i9, i11, i13, p16, p18, p20, p22, p24, p0, p1, p3, p4]
+2748: p114 = getfield_gc_r(p112, descr=<FieldP rpyeffect.stack.MetaStack.inst_region 24 pure>)
+2756: guard_isnull(p114, descr=<Guard0x1585aa5e0>) [p2, i7, i9, i11, i13, p16, p18, p20, p22, p24, p0, p1, p3, p4]
+2764: p115 = getfield_gc_r(p112, descr=<FieldP rpyeffect.stack.MetaStackLike.inst_stack 8 pure>)
+2768: p116 = getfield_gc_r(p112, descr=<FieldP rpyeffect.stack.MetaStack.inst_tail 32 pure>)
+2776: guard_nonnull_class(p116, 4302106400, descr=<Guard0x1585b0078>) [p2, i7, i9, i11, i13, p16, p18, p20, p22, p24, p0, p1, p3, p4]
+2800: p118 = getfield_gc_r(p116, descr=<FieldP rpyeffect.stack.MetaStack.inst_region 24 pure>)
+2808: guard_isnull(p118, descr=<Guard0x1585aa5a0>) [p2, i7, i9, i11, i13, p16, p18, p20, p22, p24, p0, p1, p3, p4]
+2816: p119 = getfield_gc_r(p116, descr=<FieldP rpyeffect.stack.MetaStackLike.inst_stack 8 pure>)
+2820: p120 = getfield_gc_r(p116, descr=<FieldP rpyeffect.stack.MetaStack.inst_tail 32 pure>)
+2828: guard_nonnull_class(p120, 4302106400, descr=<Guard0x1585b0020>) [p2, i7, i9, i11, i13, p16, p18, p20, p22, p24, p0, p1, p3, p4]
+2852: p122 = getfield_gc_r(p120, descr=<FieldP rpyeffect.stack.MetaStack.inst_region 24 pure>)
+2860: guard_isnull(p122, descr=<Guard0x1585aa560>) [p2, i7, i9, i11, i13, p16, p18, p20, p22, p24, p0, p1, p3, p4]
+2868: p123 = getfield_gc_r(p120, descr=<FieldP rpyeffect.stack.MetaStackLike.inst_stack 8 pure>)
+2872: p124 = getfield_gc_r(p120, descr=<FieldP rpyeffect.stack.MetaStack.inst_tail 32 pure>)
+2880: guard_nonnull_class(p124, 4302106400, descr=<Guard0x1583f7f68>) [p2, i7, i9, i11, i13, p16, p18, p20, p22, p24, p0, p1, p3, p4]
+2904: p126 = getfield_gc_r(p124, descr=<FieldP rpyeffect.stack.MetaStack.inst_region 24 pure>)
+2912: guard_isnull(p126, descr=<Guard0x1585aa520>) [p2, i7, i9, i11, i13, p16, p18, p20, p22, p24, p0, p1, p3, p4]
+2920: p127 = getfield_gc_r(p124, descr=<FieldP rpyeffect.stack.MetaStackLike.inst_stack 8 pure>)
+2924: p128 = getfield_gc_r(p124, descr=<FieldP rpyeffect.stack.MetaStack.inst_tail 32 pure>)
+2932: guard_nonnull_class(p128, 4302106400, descr=<Guard0x1583f7f10>) [p2, i7, i9, i11, i13, p16, p18, p20, p22, p24, p0, p1, p3, p4]
+2956: p130 = getfield_gc_r(p128, descr=<FieldP rpyeffect.stack.MetaStack.inst_region 24 pure>)
+2964: guard_isnull(p130, descr=<Guard0x1585aa4e0>) [p2, i7, i9, i11, i13, p16, p18, p20, p22, p24, p0, p1, p3, p4]
+2972: p131 = getfield_gc_r(p128, descr=<FieldP rpyeffect.stack.MetaStackLike.inst_stack 8 pure>)
+2976: p132 = getfield_gc_r(p128, descr=<FieldP rpyeffect.stack.MetaStack.inst_tail 32 pure>)
+2984: guard_nonnull_class(p132, 4302106400, descr=<Guard0x1583f7eb8>) [p2, i7, i9, i11, i13, p16, p18, p20, p22, p24, p0, p1, p3, p4]
+3008: p134 = getfield_gc_r(p132, descr=<FieldP rpyeffect.stack.MetaStack.inst_region 24 pure>)
+3016: guard_isnull(p134, descr=<Guard0x1585aa4a0>) [p2, i7, i9, i11, i13, p16, p18, p20, p22, p24, p0, p1, p3, p4]
+3024: p135 = getfield_gc_r(p132, descr=<FieldP rpyeffect.stack.MetaStackLike.inst_stack 8 pure>)
+3028: p136 = getfield_gc_r(p132, descr=<FieldP rpyeffect.stack.MetaStack.inst_tail 32 pure>)
+3036: guard_nonnull_class(p136, 4302106400, descr=<Guard0x1583f7e60>) [p2, i7, i9, i11, i13, p16, p18, p20, p22, p24, p0, p1, p3, p4]
+3060: p138 = getfield_gc_r(p136, descr=<FieldP rpyeffect.stack.MetaStack.inst_region 24 pure>)
+3068: guard_isnull(p138, descr=<Guard0x1585aa460>) [p2, i7, i9, i11, i13, p16, p18, p20, p22, p24, p0, p1, p3, p4]
+3076: p139 = getfield_gc_r(p136, descr=<FieldP rpyeffect.stack.MetaStackLike.inst_stack 8 pure>)
+3080: p140 = getfield_gc_r(p136, descr=<FieldP rpyeffect.stack.MetaStack.inst_tail 32 pure>)
+3088: guard_nonnull_class(p140, 4302106400, descr=<Guard0x1583f7e08>) [p2, i7, i9, i11, i13, p16, p18, p20, p22, p24, p0, p1, p3, p4]
+3112: p142 = getfield_gc_r(p140, descr=<FieldP rpyeffect.stack.MetaStack.inst_region 24 pure>)
+3120: guard_isnull(p142, descr=<Guard0x1585aa420>) [p2, i7, i9, i11, i13, p16, p18, p20, p22, p24, p0, p1, p3, p4]
+3128: p143 = getfield_gc_r(p140, descr=<FieldP rpyeffect.stack.MetaStackLike.inst_stack 8 pure>)
+3132: p144 = getfield_gc_r(p140, descr=<FieldP rpyeffect.stack.MetaStack.inst_tail 32 pure>)
+3140: guard_nonnull_class(p144, 4302106400, descr=<Guard0x1583f7db0>) [p2, i7, i9, i11, i13, p16, p18, p20, p22, p24, p0, p1, p3, p4]
+3164: p146 = getfield_gc_r(p144, descr=<FieldP rpyeffect.stack.MetaStack.inst_region 24 pure>)
+3172: guard_isnull(p146, descr=<Guard0x1585aa3e0>) [p2, i7, i9, i11, i13, p16, p18, p20, p22, p24, p0, p1, p3, p4]
+3180: p147 = getfield_gc_r(p144, descr=<FieldP rpyeffect.stack.MetaStackLike.inst_stack 8 pure>)
+3184: p148 = getfield_gc_r(p144, descr=<FieldP rpyeffect.stack.MetaStack.inst_tail 32 pure>)
+3192: guard_nonnull_class(p148, 4302106400, descr=<Guard0x1583f7d58>) [p2, i7, i9, i11, i13, p16, p18, p20, p22, p24, p0, p1, p3, p4]
+3216: p150 = getfield_gc_r(p148, descr=<FieldP rpyeffect.stack.MetaStack.inst_region 24 pure>)
+3224: guard_isnull(p150, descr=<Guard0x1585aa3a0>) [p2, i7, i9, i11, i13, p16, p18, p20, p22, p24, p0, p1, p3, p4]
+3232: p151 = getfield_gc_r(p148, descr=<FieldP rpyeffect.stack.MetaStackLike.inst_stack 8 pure>)
+3236: p152 = getfield_gc_r(p148, descr=<FieldP rpyeffect.stack.MetaStack.inst_tail 32 pure>)
+3244: guard_nonnull_class(p152, 4302106400, descr=<Guard0x1583f7d00>) [p2, i7, i9, i11, i13, p16, p18, p20, p22, p24, p0, p1, p3, p4]
+3268: p154 = getfield_gc_r(p152, descr=<FieldP rpyeffect.stack.MetaStack.inst_region 24 pure>)
+3276: guard_isnull(p154, descr=<Guard0x1585aa360>) [p2, i7, i9, i11, i13, p16, p18, p20, p22, p24, p0, p1, p3, p4]
+3284: p155 = getfield_gc_r(p152, descr=<FieldP rpyeffect.stack.MetaStackLike.inst_stack 8 pure>)
+3288: p156 = getfield_gc_r(p152, descr=<FieldP rpyeffect.stack.MetaStack.inst_tail 32 pure>)
+3296: guard_nonnull_class(p156, 4302106400, descr=<Guard0x1583f7ca8>) [p2, i7, i9, i11, i13, p16, p18, p20, p22, p24, p0, p1, p3, p4]
+3320: p158 = getfield_gc_r(p156, descr=<FieldP rpyeffect.stack.MetaStack.inst_region 24 pure>)
+3328: guard_isnull(p158, descr=<Guard0x1585aa320>) [p2, i7, i9, i11, i13, p16, p18, p20, p22, p24, p0, p1, p3, p4]
+3336: p159 = getfield_gc_r(p156, descr=<FieldP rpyeffect.stack.MetaStackLike.inst_stack 8 pure>)
+3340: p160 = getfield_gc_r(p156, descr=<FieldP rpyeffect.stack.MetaStack.inst_tail 32 pure>)
+3348: guard_nonnull_class(p160, 4302106400, descr=<Guard0x1583f7c50>) [p2, i7, i9, i11, i13, p16, p18, p20, p22, p24, p0, p1, p3, p4]
+3372: p162 = getfield_gc_r(p160, descr=<FieldP rpyeffect.stack.MetaStack.inst_region 24 pure>)
+3380: guard_isnull(p162, descr=<Guard0x1585aa2e0>) [p2, i7, i9, i11, i13, p16, p18, p20, p22, p24, p0, p1, p3, p4]
+3388: p163 = getfield_gc_r(p160, descr=<FieldP rpyeffect.stack.MetaStackLike.inst_stack 8 pure>)
+3392: p164 = getfield_gc_r(p160, descr=<FieldP rpyeffect.stack.MetaStack.inst_tail 32 pure>)
+3400: guard_nonnull_class(p164, 4302106400, descr=<Guard0x1583f7bf8>) [p2, i7, i9, i11, i13, p16, p18, p20, p22, p24, p0, p1, p3, p4]
+3424: p166 = getfield_gc_r(p164, descr=<FieldP rpyeffect.stack.MetaStack.inst_region 24 pure>)
+3432: guard_isnull(p166, descr=<Guard0x1585aa2a0>) [p2, i7, i9, i11, i13, p16, p18, p20, p22, p24, p0, p1, p3, p4]
+3440: p167 = getfield_gc_r(p164, descr=<FieldP rpyeffect.stack.MetaStackLike.inst_stack 8 pure>)
+3444: p168 = getfield_gc_r(p164, descr=<FieldP rpyeffect.stack.MetaStack.inst_tail 32 pure>)
+3452: guard_nonnull_class(p168, 4302106400, descr=<Guard0x1583f7ba0>) [p2, i7, i9, i11, i13, p16, p18, p20, p22, p24, p0, p1, p3, p4]
+3476: p170 = getfield_gc_r(p168, descr=<FieldP rpyeffect.stack.MetaStack.inst_region 24 pure>)
+3484: guard_isnull(p170, descr=<Guard0x1585aa260>) [p2, i7, i9, i11, i13, p16, p18, p20, p22, p24, p0, p1, p3, p4]
+3492: p171 = getfield_gc_r(p168, descr=<FieldP rpyeffect.stack.MetaStackLike.inst_stack 8 pure>)
+3496: p172 = getfield_gc_r(p168, descr=<FieldP rpyeffect.stack.MetaStack.inst_tail 32 pure>)
+3504: guard_nonnull_class(p172, 4302106400, descr=<Guard0x1583f7b48>) [p2, i7, i9, i11, i13, p16, p18, p20, p22, p24, p0, p1, p3, p4]
+3528: p174 = getfield_gc_r(p172, descr=<FieldP rpyeffect.stack.MetaStack.inst_region 24 pure>)
+3536: guard_isnull(p174, descr=<Guard0x1585aa220>) [p2, i7, i9, i11, i13, p16, p18, p20, p22, p24, p0, p1, p3, p4]
+3544: p175 = getfield_gc_r(p172, descr=<FieldP rpyeffect.stack.MetaStackLike.inst_stack 8 pure>)
+3548: p176 = getfield_gc_r(p172, descr=<FieldP rpyeffect.stack.MetaStack.inst_tail 32 pure>)
+3556: guard_nonnull_class(p176, 4302106400, descr=<Guard0x1583f7af0>) [p2, i7, i9, i11, i13, p16, p18, p20, p22, p24, p0, p1, p3, p4]
+3580: p178 = getfield_gc_r(p176, descr=<FieldP rpyeffect.stack.MetaStack.inst_region 24 pure>)
+3588: guard_isnull(p178, descr=<Guard0x1585aa1e0>) [p2, i7, i9, i11, i13, p16, p18, p20, p22, p24, p0, p1, p3, p4]
+3596: p179 = getfield_gc_r(p176, descr=<FieldP rpyeffect.stack.MetaStackLike.inst_stack 8 pure>)
+3600: p180 = getfield_gc_r(p176, descr=<FieldP rpyeffect.stack.MetaStack.inst_tail 32 pure>)
+3608: guard_nonnull_class(p180, 4302106400, descr=<Guard0x1583f7a98>) [p2, i7, i9, i11, i13, p16, p18, p20, p22, p24, p0, p1, p3, p4]
+3632: p182 = getfield_gc_r(p180, descr=<FieldP rpyeffect.stack.MetaStack.inst_region 24 pure>)
+3640: guard_isnull(p182, descr=<Guard0x1585aa1a0>) [p2, i7, i9, i11, i13, p16, p18, p20, p22, p24, p0, p1, p3, p4]
+3648: p183 = getfield_gc_r(p180, descr=<FieldP rpyeffect.stack.MetaStackLike.inst_stack 8 pure>)
+3652: p184 = getfield_gc_r(p180, descr=<FieldP rpyeffect.stack.MetaStack.inst_tail 32 pure>)
+3660: guard_nonnull_class(p184, 4302106400, descr=<Guard0x1583f7a40>) [p2, i7, i9, i11, i13, p16, p18, p20, p22, p24, p0, p1, p3, p4]
+3684: p186 = getfield_gc_r(p184, descr=<FieldP rpyeffect.stack.MetaStack.inst_region 24 pure>)
+3692: guard_isnull(p186, descr=<Guard0x1585aa160>) [p2, i7, i9, i11, i13, p16, p18, p20, p22, p24, p0, p1, p3, p4]
+3700: p187 = getfield_gc_r(p184, descr=<FieldP rpyeffect.stack.MetaStackLike.inst_stack 8 pure>)
+3704: p188 = getfield_gc_r(p184, descr=<FieldP rpyeffect.stack.MetaStack.inst_tail 32 pure>)
+3712: guard_nonnull_class(p188, 4302106400, descr=<Guard0x1583f79e8>) [p2, i7, i9, i11, i13, p16, p18, p20, p22, p24, p0, p1, p3, p4]
+3736: p190 = getfield_gc_r(p188, descr=<FieldP rpyeffect.stack.MetaStack.inst_region 24 pure>)
+3744: guard_isnull(p190, descr=<Guard0x1585aa120>) [p2, i7, i9, i11, i13, p16, p18, p20, p22, p24, p0, p1, p3, p4]
+3752: p191 = getfield_gc_r(p188, descr=<FieldP rpyeffect.stack.MetaStackLike.inst_stack 8 pure>)
+3756: p192 = getfield_gc_r(p188, descr=<FieldP rpyeffect.stack.MetaStack.inst_tail 32 pure>)
+3764: guard_nonnull_class(p192, 4302106400, descr=<Guard0x1583f7990>) [p2, i7, i9, i11, i13, p16, p18, p20, p22, p24, p0, p1, p3, p4]
+3788: p194 = getfield_gc_r(p192, descr=<FieldP rpyeffect.stack.MetaStack.inst_region 24 pure>)
+3796: guard_isnull(p194, descr=<Guard0x1585aa0e0>) [p2, i7, i9, i11, i13, p16, p18, p20, p22, p24, p0, p1, p3, p4]
+3804: p195 = getfield_gc_r(p192, descr=<FieldP rpyeffect.stack.MetaStackLike.inst_stack 8 pure>)
+3808: p196 = getfield_gc_r(p192, descr=<FieldP rpyeffect.stack.MetaStack.inst_tail 32 pure>)
+3816: guard_nonnull_class(p196, 4302106400, descr=<Guard0x1583f7938>) [p2, i7, i9, i11, i13, p16, p18, p20, p22, p24, p0, p1, p3, p4]
+3840: p198 = getfield_gc_r(p196, descr=<FieldP rpyeffect.stack.MetaStack.inst_region 24 pure>)
+3848: guard_isnull(p198, descr=<Guard0x1585aa0a0>) [p2, i7, i9, i11, i13, p16, p18, p20, p22, p24, p0, p1, p3, p4]
+3856: p199 = getfield_gc_r(p196, descr=<FieldP rpyeffect.stack.MetaStackLike.inst_stack 8 pure>)
+3860: p200 = getfield_gc_r(p196, descr=<FieldP rpyeffect.stack.MetaStack.inst_tail 32 pure>)
+3868: guard_nonnull_class(p200, 4302106400, descr=<Guard0x1583f78e0>) [p2, i7, i9, i11, i13, p16, p18, p20, p22, p24, p0, p1, p3, p4]
+3892: p202 = getfield_gc_r(p200, descr=<FieldP rpyeffect.stack.MetaStack.inst_region 24 pure>)
+3900: guard_isnull(p202, descr=<Guard0x1585aa060>) [p2, i7, i9, i11, i13, p16, p18, p20, p22, p24, p0, p1, p3, p4]
+3908: p203 = getfield_gc_r(p200, descr=<FieldP rpyeffect.stack.MetaStackLike.inst_stack 8 pure>)
+3912: p204 = getfield_gc_r(p200, descr=<FieldP rpyeffect.stack.MetaStack.inst_tail 32 pure>)
+3920: guard_nonnull_class(p204, 4302106400, descr=<Guard0x1583f7888>) [p2, i7, i9, i11, i13, p16, p18, p20, p22, p24, p0, p1, p3, p4]
+3944: p206 = getfield_gc_r(p204, descr=<FieldP rpyeffect.stack.MetaStack.inst_region 24 pure>)
+3952: guard_isnull(p206, descr=<Guard0x1585aa020>) [p2, i7, i9, i11, i13, p16, p18, p20, p22, p24, p0, p1, p3, p4]
+3960: p207 = getfield_gc_r(p204, descr=<FieldP rpyeffect.stack.MetaStackLike.inst_stack 8 pure>)
+3964: p208 = getfield_gc_r(p204, descr=<FieldP rpyeffect.stack.MetaStack.inst_tail 32 pure>)
+3972: guard_nonnull_class(p208, 4302106400, descr=<Guard0x1583f7830>) [p2, i7, i9, i11, i13, p16, p18, p20, p22, p24, p0, p1, p3, p4]
+3996: p210 = getfield_gc_r(p208, descr=<FieldP rpyeffect.stack.MetaStack.inst_region 24 pure>)
+4004: guard_isnull(p210, descr=<Guard0x158523fa0>) [p2, i7, i9, i11, i13, p16, p18, p20, p22, p24, p0, p1, p3, p4]
+4012: p211 = getfield_gc_r(p208, descr=<FieldP rpyeffect.stack.MetaStackLike.inst_stack 8 pure>)
+4016: p212 = getfield_gc_r(p208, descr=<FieldP rpyeffect.stack.MetaStack.inst_tail 32 pure>)
+4024: guard_nonnull_class(p212, 4302106400, descr=<Guard0x1583f77d8>) [p2, i7, i9, i11, i13, p16, p18, p20, p22, p24, p0, p1, p3, p4]
+4048: p214 = getfield_gc_r(p212, descr=<FieldP rpyeffect.stack.MetaStack.inst_region 24 pure>)
+4056: guard_isnull(p214, descr=<Guard0x158523f60>) [p2, i7, i9, i11, i13, p16, p18, p20, p22, p24, p0, p1, p3, p4]
+4064: p215 = getfield_gc_r(p212, descr=<FieldP rpyeffect.stack.MetaStackLike.inst_stack 8 pure>)
+4068: p216 = getfield_gc_r(p212, descr=<FieldP rpyeffect.stack.MetaStack.inst_tail 32 pure>)
+4076: guard_nonnull_class(p216, 4302106400, descr=<Guard0x1583f7780>) [p2, i7, i9, i11, i13, p16, p18, p20, p22, p24, p0, p1, p3, p4]
+4100: p218 = getfield_gc_r(p216, descr=<FieldP rpyeffect.stack.MetaStack.inst_region 24 pure>)
+4108: guard_isnull(p218, descr=<Guard0x158523f20>) [p2, i7, i9, i11, i13, p16, p18, p20, p22, p24, p0, p1, p3, p4]
+4116: p219 = getfield_gc_r(p216, descr=<FieldP rpyeffect.stack.MetaStackLike.inst_stack 8 pure>)
+4120: p220 = getfield_gc_r(p216, descr=<FieldP rpyeffect.stack.MetaStack.inst_tail 32 pure>)
+4128: guard_nonnull_class(p220, 4302106400, descr=<Guard0x1583f7728>) [p2, i7, i9, i11, i13, p16, p18, p20, p22, p24, p0, p1, p3, p4]
+4152: p222 = getfield_gc_r(p220, descr=<FieldP rpyeffect.stack.MetaStack.inst_region 24 pure>)
+4160: guard_isnull(p222, descr=<Guard0x158523ee0>) [p2, i7, i9, i11, i13, p16, p18, p20, p22, p24, p0, p1, p3, p4]
+4168: p223 = getfield_gc_r(p220, descr=<FieldP rpyeffect.stack.MetaStackLike.inst_stack 8 pure>)
+4172: p224 = getfield_gc_r(p220, descr=<FieldP rpyeffect.stack.MetaStack.inst_tail 32 pure>)
+4180: guard_nonnull_class(p224, 4302106400, descr=<Guard0x1583f76d0>) [p2, i7, i9, i11, i13, p16, p18, p20, p22, p24, p0, p1, p3, p4]
+4204: p226 = getfield_gc_r(p224, descr=<FieldP rpyeffect.stack.MetaStack.inst_region 24 pure>)
+4212: guard_isnull(p226, descr=<Guard0x158523ea0>) [p2, i7, i9, i11, i13, p16, p18, p20, p22, p24, p0, p1, p3, p4]
+4220: p227 = getfield_gc_r(p224, descr=<FieldP rpyeffect.stack.MetaStackLike.inst_stack 8 pure>)
+4224: p228 = getfield_gc_r(p224, descr=<FieldP rpyeffect.stack.MetaStack.inst_tail 32 pure>)
+4232: guard_nonnull_class(p228, 4302106400, descr=<Guard0x1583f7678>) [p2, i7, i9, i11, i13, p16, p18, p20, p22, p24, p0, p1, p3, p4]
+4256: p230 = getfield_gc_r(p228, descr=<FieldP rpyeffect.stack.MetaStack.inst_region 24 pure>)
+4264: guard_isnull(p230, descr=<Guard0x158523e60>) [p2, i7, i9, i11, i13, p16, p18, p20, p22, p24, p0, p1, p3, p4]
+4272: p231 = getfield_gc_r(p228, descr=<FieldP rpyeffect.stack.MetaStackLike.inst_stack 8 pure>)
+4276: p232 = getfield_gc_r(p228, descr=<FieldP rpyeffect.stack.MetaStack.inst_tail 32 pure>)
+4284: guard_nonnull_class(p232, 4302106400, descr=<Guard0x1583f7620>) [p2, i7, i9, i11, i13, p16, p18, p20, p22, p24, p0, p1, p3, p4]
+4308: p234 = getfield_gc_r(p232, descr=<FieldP rpyeffect.stack.MetaStack.inst_region 24 pure>)
+4316: guard_isnull(p234, descr=<Guard0x158523e20>) [p2, i7, i9, i11, i13, p16, p18, p20, p22, p24, p0, p1, p3, p4]
+4324: p235 = getfield_gc_r(p232, descr=<FieldP rpyeffect.stack.MetaStackLike.inst_stack 8 pure>)
+4328: p236 = getfield_gc_r(p232, descr=<FieldP rpyeffect.stack.MetaStack.inst_tail 32 pure>)
+4336: guard_nonnull_class(p236, 4302106400, descr=<Guard0x1583f75c8>) [p2, i7, i9, i11, i13, p16, p18, p20, p22, p24, p0, p1, p3, p4]
+4360: p238 = getfield_gc_r(p236, descr=<FieldP rpyeffect.stack.MetaStack.inst_region 24 pure>)
+4368: guard_isnull(p238, descr=<Guard0x158523de0>) [p2, i7, i9, i11, i13, p16, p18, p20, p22, p24, p0, p1, p3, p4]
+4376: p239 = getfield_gc_r(p236, descr=<FieldP rpyeffect.stack.MetaStackLike.inst_stack 8 pure>)
+4380: p240 = getfield_gc_r(p236, descr=<FieldP rpyeffect.stack.MetaStack.inst_tail 32 pure>)
+4388: guard_nonnull_class(p240, 4302106400, descr=<Guard0x1583f7570>) [p2, i7, i9, i11, i13, p16, p18, p20, p22, p24, p0, p1, p3, p4]
+4412: p242 = getfield_gc_r(p240, descr=<FieldP rpyeffect.stack.MetaStack.inst_region 24 pure>)
+4420: guard_isnull(p242, descr=<Guard0x158523da0>) [p2, i7, i9, i11, i13, p16, p18, p20, p22, p24, p0, p1, p3, p4]
+4428: p243 = getfield_gc_r(p240, descr=<FieldP rpyeffect.stack.MetaStackLike.inst_stack 8 pure>)
+4432: p244 = getfield_gc_r(p240, descr=<FieldP rpyeffect.stack.MetaStack.inst_tail 32 pure>)
+4440: guard_nonnull_class(p244, 4302106400, descr=<Guard0x1583f7518>) [p2, i7, i9, i11, i13, p16, p18, p20, p22, p24, p0, p1, p3, p4]
+4464: p246 = getfield_gc_r(p244, descr=<FieldP rpyeffect.stack.MetaStack.inst_region 24 pure>)
+4472: guard_isnull(p246, descr=<Guard0x158523d60>) [p2, i7, i9, i11, i13, p16, p18, p20, p22, p24, p0, p1, p3, p4]
+4480: p247 = getfield_gc_r(p244, descr=<FieldP rpyeffect.stack.MetaStackLike.inst_stack 8 pure>)
+4484: p248 = getfield_gc_r(p244, descr=<FieldP rpyeffect.stack.MetaStack.inst_tail 32 pure>)
+4492: guard_nonnull_class(p248, 4302106400, descr=<Guard0x1583f74c0>) [p2, i7, i9, i11, i13, p16, p18, p20, p22, p24, p0, p1, p3, p4]
+4516: p250 = getfield_gc_r(p248, descr=<FieldP rpyeffect.stack.MetaStack.inst_region 24 pure>)
+4524: guard_isnull(p250, descr=<Guard0x158523d20>) [p2, i7, i9, i11, i13, p16, p18, p20, p22, p24, p0, p1, p3, p4]
+4532: p251 = getfield_gc_r(p248, descr=<FieldP rpyeffect.stack.MetaStackLike.inst_stack 8 pure>)
+4536: p252 = getfield_gc_r(p248, descr=<FieldP rpyeffect.stack.MetaStack.inst_tail 32 pure>)
+4544: guard_nonnull_class(p252, 4302106400, descr=<Guard0x1583f7468>) [p2, i7, i9, i11, i13, p16, p18, p20, p22, p24, p0, p1, p3, p4]
+4568: p254 = getfield_gc_r(p252, descr=<FieldP rpyeffect.stack.MetaStack.inst_region 24 pure>)
+4576: guard_isnull(p254, descr=<Guard0x158523ce0>) [p2, i7, i9, i11, i13, p16, p18, p20, p22, p24, p0, p1, p3, p4]
+4584: p255 = getfield_gc_r(p252, descr=<FieldP rpyeffect.stack.MetaStackLike.inst_stack 8 pure>)
+4588: p256 = getfield_gc_r(p252, descr=<FieldP rpyeffect.stack.MetaStack.inst_tail 32 pure>)
+4596: guard_nonnull_class(p256, 4302106400, descr=<Guard0x1583f7410>) [p2, i7, i9, i11, i13, p16, p18, p20, p22, p24, p0, p1, p3, p4]
+4620: p258 = getfield_gc_r(p256, descr=<FieldP rpyeffect.stack.MetaStack.inst_region 24 pure>)
+4628: guard_isnull(p258, descr=<Guard0x158523ca0>) [p2, i7, i9, i11, i13, p16, p18, p20, p22, p24, p0, p1, p3, p4]
+4636: p259 = getfield_gc_r(p256, descr=<FieldP rpyeffect.stack.MetaStackLike.inst_stack 8 pure>)
+4640: p260 = getfield_gc_r(p256, descr=<FieldP rpyeffect.stack.MetaStack.inst_tail 32 pure>)
+4648: guard_nonnull_class(p260, 4302106400, descr=<Guard0x1583f73b8>) [p2, i7, i9, i11, i13, p16, p18, p20, p22, p24, p0, p1, p3, p4]
+4672: p262 = getfield_gc_r(p260, descr=<FieldP rpyeffect.stack.MetaStack.inst_region 24 pure>)
+4680: guard_isnull(p262, descr=<Guard0x158523c60>) [p2, i7, i9, i11, i13, p16, p18, p20, p22, p24, p0, p1, p3, p4]
+4688: p263 = getfield_gc_r(p260, descr=<FieldP rpyeffect.stack.MetaStackLike.inst_stack 8 pure>)
+4692: p264 = getfield_gc_r(p260, descr=<FieldP rpyeffect.stack.MetaStack.inst_tail 32 pure>)
+4700: guard_nonnull_class(p264, 4302106400, descr=<Guard0x1583f7360>) [p2, i7, i9, i11, i13, p16, p18, p20, p22, p24, p0, p1, p3, p4]
+4724: p266 = getfield_gc_r(p264, descr=<FieldP rpyeffect.stack.MetaStack.inst_region 24 pure>)
+4732: guard_isnull(p266, descr=<Guard0x158523c20>) [p2, i7, i9, i11, i13, p16, p18, p20, p22, p24, p0, p1, p3, p4]
+4740: p267 = getfield_gc_r(p264, descr=<FieldP rpyeffect.stack.MetaStackLike.inst_stack 8 pure>)
+4744: p268 = getfield_gc_r(p264, descr=<FieldP rpyeffect.stack.MetaStack.inst_tail 32 pure>)
+4752: guard_nonnull_class(p268, 4302106400, descr=<Guard0x1583f7308>) [p2, i7, i9, i11, i13, p16, p18, p20, p22, p24, p0, p1, p3, p4]
+4776: p270 = getfield_gc_r(p268, descr=<FieldP rpyeffect.stack.MetaStack.inst_region 24 pure>)
+4784: guard_isnull(p270, descr=<Guard0x158523be0>) [p2, i7, i9, i11, i13, p16, p18, p20, p22, p24, p0, p1, p3, p4]
+4792: p271 = getfield_gc_r(p268, descr=<FieldP rpyeffect.stack.MetaStackLike.inst_stack 8 pure>)
+4796: p272 = getfield_gc_r(p268, descr=<FieldP rpyeffect.stack.MetaStack.inst_tail 32 pure>)
+4804: guard_nonnull_class(p272, 4302106400, descr=<Guard0x1583f72b0>) [p2, i7, i9, i11, i13, p16, p18, p20, p22, p24, p0, p1, p3, p4]
+4828: p274 = getfield_gc_r(p272, descr=<FieldP rpyeffect.stack.MetaStack.inst_region 24 pure>)
+4836: guard_isnull(p274, descr=<Guard0x158523ba0>) [p2, i7, i9, i11, i13, p16, p18, p20, p22, p24, p0, p1, p3, p4]
+4844: p275 = getfield_gc_r(p272, descr=<FieldP rpyeffect.stack.MetaStackLike.inst_stack 8 pure>)
+4848: p276 = getfield_gc_r(p272, descr=<FieldP rpyeffect.stack.MetaStack.inst_tail 32 pure>)
+4856: guard_nonnull_class(p276, 4302106400, descr=<Guard0x1583f7258>) [p2, i7, i9, i11, i13, p16, p18, p20, p22, p24, p0, p1, p3, p4]
+4880: p278 = getfield_gc_r(p276, descr=<FieldP rpyeffect.stack.MetaStack.inst_region 24 pure>)
+4888: guard_isnull(p278, descr=<Guard0x158523b60>) [p2, i7, i9, i11, i13, p16, p18, p20, p22, p24, p0, p1, p3, p4]
+4896: p279 = getfield_gc_r(p276, descr=<FieldP rpyeffect.stack.MetaStackLike.inst_stack 8 pure>)
+4900: p280 = getfield_gc_r(p276, descr=<FieldP rpyeffect.stack.MetaStack.inst_tail 32 pure>)
+4908: guard_nonnull_class(p280, 4302106400, descr=<Guard0x1583f7200>) [p2, i7, i9, i11, i13, p16, p18, p20, p22, p24, p0, p1, p3, p4]
+4932: p282 = getfield_gc_r(p280, descr=<FieldP rpyeffect.stack.MetaStack.inst_region 24 pure>)
+4940: guard_isnull(p282, descr=<Guard0x158523b20>) [p2, i7, i9, i11, i13, p16, p18, p20, p22, p24, p0, p1, p3, p4]
+4948: p283 = getfield_gc_r(p280, descr=<FieldP rpyeffect.stack.MetaStackLike.inst_stack 8 pure>)
+4952: p284 = getfield_gc_r(p280, descr=<FieldP rpyeffect.stack.MetaStack.inst_tail 32 pure>)
+4960: guard_nonnull_class(p284, 4302106400, descr=<Guard0x1583f71a8>) [p2, i7, i9, i11, i13, p16, p18, p20, p22, p24, p0, p1, p3, p4]
+4984: p286 = getfield_gc_r(p284, descr=<FieldP rpyeffect.stack.MetaStack.inst_region 24 pure>)
+4992: guard_isnull(p286, descr=<Guard0x158523ae0>) [p2, i7, i9, i11, i13, p16, p18, p20, p22, p24, p0, p1, p3, p4]
+5000: p287 = getfield_gc_r(p284, descr=<FieldP rpyeffect.stack.MetaStackLike.inst_stack 8 pure>)
+5004: p288 = getfield_gc_r(p284, descr=<FieldP rpyeffect.stack.MetaStack.inst_tail 32 pure>)
+5012: guard_nonnull_class(p288, 4302106400, descr=<Guard0x1583f7150>) [p2, i7, i9, i11, i13, p16, p18, p20, p22, p24, p0, p1, p3, p4]
+5036: p290 = getfield_gc_r(p288, descr=<FieldP rpyeffect.stack.MetaStack.inst_region 24 pure>)
+5044: guard_isnull(p290, descr=<Guard0x158523aa0>) [p2, i7, i9, i11, i13, p16, p18, p20, p22, p24, p0, p1, p3, p4]
+5052: p291 = getfield_gc_r(p288, descr=<FieldP rpyeffect.stack.MetaStackLike.inst_stack 8 pure>)
+5056: p292 = getfield_gc_r(p288, descr=<FieldP rpyeffect.stack.MetaStack.inst_tail 32 pure>)
+5064: guard_nonnull_class(p292, 4302106400, descr=<Guard0x1583f70f8>) [p2, i7, i9, i11, i13, p16, p18, p20, p22, p24, p0, p1, p3, p4]
+5088: p294 = getfield_gc_r(p292, descr=<FieldP rpyeffect.stack.MetaStack.inst_region 24 pure>)
+5096: guard_isnull(p294, descr=<Guard0x158523a60>) [p2, i7, i9, i11, i13, p16, p18, p20, p22, p24, p0, p1, p3, p4]
+5104: p295 = getfield_gc_r(p292, descr=<FieldP rpyeffect.stack.MetaStackLike.inst_stack 8 pure>)
+5108: p296 = getfield_gc_r(p292, descr=<FieldP rpyeffect.stack.MetaStack.inst_tail 32 pure>)
+5116: guard_nonnull_class(p296, 4302106400, descr=<Guard0x1583f70a0>) [p2, i7, i9, i11, i13, p16, p18, p20, p22, p24, p0, p1, p3, p4]
+5140: p298 = getfield_gc_r(p296, descr=<FieldP rpyeffect.stack.MetaStack.inst_region 24 pure>)
+5148: guard_isnull(p298, descr=<Guard0x158523a20>) [p2, i7, i9, i11, i13, p16, p18, p20, p22, p24, p0, p1, p3, p4]
+5156: p299 = getfield_gc_r(p296, descr=<FieldP rpyeffect.stack.MetaStackLike.inst_stack 8 pure>)
+5160: p300 = getfield_gc_r(p296, descr=<FieldP rpyeffect.stack.MetaStack.inst_tail 32 pure>)
+5168: guard_nonnull_class(p300, 4302106400, descr=<Guard0x1583f7048>) [p2, i7, i9, i11, i13, p16, p18, p20, p22, p24, p0, p1, p3, p4]
+5192: p302 = getfield_gc_r(p300, descr=<FieldP rpyeffect.stack.MetaStack.inst_region 24 pure>)
+5200: guard_isnull(p302, descr=<Guard0x1585239e0>) [p2, i7, i9, i11, i13, p16, p18, p20, p22, p24, p0, p1, p3, p4]
+5208: p303 = getfield_gc_r(p300, descr=<FieldP rpyeffect.stack.MetaStackLike.inst_stack 8 pure>)
+5212: p304 = getfield_gc_r(p300, descr=<FieldP rpyeffect.stack.MetaStack.inst_tail 32 pure>)
+5220: guard_nonnull_class(p304, 4302106400, descr=<Guard0x1583f6ff0>) [p2, i7, i9, i11, i13, p16, p18, p20, p22, p24, p0, p1, p3, p4]
+5244: p306 = getfield_gc_r(p304, descr=<FieldP rpyeffect.stack.MetaStack.inst_region 24 pure>)
+5252: guard_isnull(p306, descr=<Guard0x1585239a0>) [p2, i7, i9, i11, i13, p16, p18, p20, p22, p24, p0, p1, p3, p4]
+5260: p307 = getfield_gc_r(p304, descr=<FieldP rpyeffect.stack.MetaStackLike.inst_stack 8 pure>)
+5264: p308 = getfield_gc_r(p304, descr=<FieldP rpyeffect.stack.MetaStack.inst_tail 32 pure>)
+5272: guard_nonnull_class(p308, 4302106400, descr=<Guard0x1583f6f98>) [p2, i7, i9, i11, i13, p16, p18, p20, p22, p24, p0, p1, p3, p4]
+5296: p310 = getfield_gc_r(p308, descr=<FieldP rpyeffect.stack.MetaStack.inst_region 24 pure>)
+5304: guard_isnull(p310, descr=<Guard0x158523960>) [p2, i7, i9, i11, i13, p16, p18, p20, p22, p24, p0, p1, p3, p4]
+5312: p311 = getfield_gc_r(p308, descr=<FieldP rpyeffect.stack.MetaStackLike.inst_stack 8 pure>)
+5316: p312 = getfield_gc_r(p308, descr=<FieldP rpyeffect.stack.MetaStack.inst_tail 32 pure>)
+5324: guard_nonnull_class(p312, 4302106400, descr=<Guard0x1583f6f40>) [p2, i7, i9, i11, i13, p16, p18, p20, p22, p24, p0, p1, p3, p4]
+5348: p314 = getfield_gc_r(p312, descr=<FieldP rpyeffect.stack.MetaStack.inst_region 24 pure>)
+5356: guard_isnull(p314, descr=<Guard0x158523920>) [p2, i7, i9, i11, i13, p16, p18, p20, p22, p24, p0, p1, p3, p4]
+5364: p315 = getfield_gc_r(p312, descr=<FieldP rpyeffect.stack.MetaStackLike.inst_stack 8 pure>)
+5368: p316 = getfield_gc_r(p312, descr=<FieldP rpyeffect.stack.MetaStack.inst_tail 32 pure>)
+5376: guard_nonnull_class(p316, 4302106400, descr=<Guard0x1583f6ee8>) [p2, i7, i9, i11, i13, p16, p18, p20, p22, p24, p0, p1, p3, p4]
+5400: p318 = getfield_gc_r(p316, descr=<FieldP rpyeffect.stack.MetaStack.inst_region 24 pure>)
+5408: guard_isnull(p318, descr=<Guard0x1585238e0>) [p2, i7, i9, i11, i13, p16, p18, p20, p22, p24, p0, p1, p3, p4]
+5416: p319 = getfield_gc_r(p316, descr=<FieldP rpyeffect.stack.MetaStackLike.inst_stack 8 pure>)
+5420: p320 = getfield_gc_r(p316, descr=<FieldP rpyeffect.stack.MetaStack.inst_tail 32 pure>)
+5428: guard_nonnull_class(p320, 4302106400, descr=<Guard0x1583f6e90>) [p2, i7, i9, i11, i13, p16, p18, p20, p22, p24, p0, p1, p3, p4]
+5452: p322 = getfield_gc_r(p320, descr=<FieldP rpyeffect.stack.MetaStack.inst_region 24 pure>)
+5460: guard_isnull(p322, descr=<Guard0x1585238a0>) [p2, i7, i9, i11, i13, p16, p18, p20, p22, p24, p0, p1, p3, p4]
+5468: p323 = getfield_gc_r(p320, descr=<FieldP rpyeffect.stack.MetaStackLike.inst_stack 8 pure>)
+5472: p324 = getfield_gc_r(p320, descr=<FieldP rpyeffect.stack.MetaStack.inst_tail 32 pure>)
+5480: guard_nonnull_class(p324, 4302106400, descr=<Guard0x1583f6e38>) [p2, i7, i9, i11, i13, p16, p18, p20, p22, p24, p0, p1, p3, p4]
+5504: p326 = getfield_gc_r(p324, descr=<FieldP rpyeffect.stack.MetaStack.inst_region 24 pure>)
+5512: guard_isnull(p326, descr=<Guard0x158523860>) [p2, i7, i9, i11, i13, p16, p18, p20, p22, p24, p0, p1, p3, p4]
+5520: p327 = getfield_gc_r(p324, descr=<FieldP rpyeffect.stack.MetaStackLike.inst_stack 8 pure>)
+5524: p328 = getfield_gc_r(p324, descr=<FieldP rpyeffect.stack.MetaStack.inst_tail 32 pure>)
+5532: guard_nonnull_class(p328, 4302106400, descr=<Guard0x1583f6de0>) [p2, i7, i9, i11, i13, p16, p18, p20, p22, p24, p0, p1, p3, p4]
+5556: p330 = getfield_gc_r(p328, descr=<FieldP rpyeffect.stack.MetaStack.inst_region 24 pure>)
+5564: guard_isnull(p330, descr=<Guard0x158523820>) [p2, i7, i9, i11, i13, p16, p18, p20, p22, p24, p0, p1, p3, p4]
+5572: p331 = getfield_gc_r(p328, descr=<FieldP rpyeffect.stack.MetaStackLike.inst_stack 8 pure>)
+5576: p332 = getfield_gc_r(p328, descr=<FieldP rpyeffect.stack.MetaStack.inst_tail 32 pure>)
+5584: guard_nonnull_class(p332, 4302106400, descr=<Guard0x1583f6d88>) [p2, i7, i9, i11, i13, p16, p18, p20, p22, p24, p0, p1, p3, p4]
+5608: p334 = getfield_gc_r(p332, descr=<FieldP rpyeffect.stack.MetaStack.inst_region 24 pure>)
+5616: guard_isnull(p334, descr=<Guard0x1585237e0>) [p2, i7, i9, i11, i13, p16, p18, p20, p22, p24, p0, p1, p3, p4]
+5624: p335 = getfield_gc_r(p332, descr=<FieldP rpyeffect.stack.MetaStackLike.inst_stack 8 pure>)
+5628: p336 = getfield_gc_r(p332, descr=<FieldP rpyeffect.stack.MetaStack.inst_tail 32 pure>)
+5636: guard_nonnull_class(p336, 4302106400, descr=<Guard0x1583f6d30>) [p2, i7, i9, i11, i13, p16, p18, p20, p22, p24, p0, p1, p3, p4]
+5660: p338 = getfield_gc_r(p336, descr=<FieldP rpyeffect.stack.MetaStack.inst_region 24 pure>)
+5668: guard_isnull(p338, descr=<Guard0x1585237a0>) [p2, i7, i9, i11, i13, p16, p18, p20, p22, p24, p0, p1, p3, p4]
+5676: p339 = getfield_gc_r(p336, descr=<FieldP rpyeffect.stack.MetaStackLike.inst_stack 8 pure>)
+5680: p340 = getfield_gc_r(p336, descr=<FieldP rpyeffect.stack.MetaStack.inst_tail 32 pure>)
+5688: guard_nonnull_class(p340, 4302106400, descr=<Guard0x1583f6cd8>) [p2, i7, i9, i11, i13, p16, p18, p20, p22, p24, p0, p1, p3, p4]
+5712: p342 = getfield_gc_r(p340, descr=<FieldP rpyeffect.stack.MetaStack.inst_region 24 pure>)
+5720: guard_isnull(p342, descr=<Guard0x158523760>) [p2, i7, i9, i11, i13, p16, p18, p20, p22, p24, p0, p1, p3, p4]
+5728: p343 = getfield_gc_r(p340, descr=<FieldP rpyeffect.stack.MetaStackLike.inst_stack 8 pure>)
+5732: p344 = getfield_gc_r(p340, descr=<FieldP rpyeffect.stack.MetaStack.inst_tail 32 pure>)
+5740: guard_nonnull_class(p344, 4302106400, descr=<Guard0x1583f6c80>) [p2, i7, i9, i11, i13, p16, p18, p20, p22, p24, p0, p1, p3, p4]
+5764: p346 = getfield_gc_r(p344, descr=<FieldP rpyeffect.stack.MetaStack.inst_region 24 pure>)
+5772: guard_isnull(p346, descr=<Guard0x158523720>) [p2, i7, i9, i11, i13, p16, p18, p20, p22, p24, p0, p1, p3, p4]
+5780: p347 = getfield_gc_r(p344, descr=<FieldP rpyeffect.stack.MetaStackLike.inst_stack 8 pure>)
+5784: p348 = getfield_gc_r(p344, descr=<FieldP rpyeffect.stack.MetaStack.inst_tail 32 pure>)
+5792: guard_nonnull_class(p348, 4302106400, descr=<Guard0x1583f6c28>) [p2, i7, i9, i11, i13, p16, p18, p20, p22, p24, p0, p1, p3, p4]
+5816: p350 = getfield_gc_r(p348, descr=<FieldP rpyeffect.stack.MetaStack.inst_region 24 pure>)
+5824: guard_isnull(p350, descr=<Guard0x1585236e0>) [p2, i7, i9, i11, i13, p16, p18, p20, p22, p24, p0, p1, p3, p4]
+5832: p351 = getfield_gc_r(p348, descr=<FieldP rpyeffect.stack.MetaStackLike.inst_stack 8 pure>)
+5836: p352 = getfield_gc_r(p348, descr=<FieldP rpyeffect.stack.MetaStack.inst_tail 32 pure>)
+5844: guard_nonnull_class(p352, 4302106400, descr=<Guard0x1583f6bd0>) [p2, i7, i9, i11, i13, p16, p18, p20, p22, p24, p0, p1, p3, p4]
+5868: p354 = getfield_gc_r(p352, descr=<FieldP rpyeffect.stack.MetaStack.inst_region 24 pure>)
+5876: guard_isnull(p354, descr=<Guard0x1585236a0>) [p2, i7, i9, i11, i13, p16, p18, p20, p22, p24, p0, p1, p3, p4]
+5884: p355 = getfield_gc_r(p352, descr=<FieldP rpyeffect.stack.MetaStackLike.inst_stack 8 pure>)
+5888: p356 = getfield_gc_r(p352, descr=<FieldP rpyeffect.stack.MetaStack.inst_tail 32 pure>)
+5896: guard_isnull(p356, descr=<Guard0x158523660>) [p2, i7, i9, i11, i13, p16, p18, p20, p22, p24, p0, p1, p3, p4]
+5904: p357 = getfield_gc_r(p352, descr=<FieldP rpyeffect.stack.MetaStack.inst_label 16 pure>)
+5908: p358 = getfield_gc_r(p348, descr=<FieldP rpyeffect.stack.MetaStack.inst_label 16 pure>)
+5912: p359 = getfield_gc_r(p344, descr=<FieldP rpyeffect.stack.MetaStack.inst_label 16 pure>)
+5916: p360 = getfield_gc_r(p340, descr=<FieldP rpyeffect.stack.MetaStack.inst_label 16 pure>)
+5920: p361 = getfield_gc_r(p336, descr=<FieldP rpyeffect.stack.MetaStack.inst_label 16 pure>)
+5924: p362 = getfield_gc_r(p332, descr=<FieldP rpyeffect.stack.MetaStack.inst_label 16 pure>)
+5928: p363 = getfield_gc_r(p328, descr=<FieldP rpyeffect.stack.MetaStack.inst_label 16 pure>)
+5932: p364 = getfield_gc_r(p324, descr=<FieldP rpyeffect.stack.MetaStack.inst_label 16 pure>)
+5936: p365 = getfield_gc_r(p320, descr=<FieldP rpyeffect.stack.MetaStack.inst_label 16 pure>)
+5940: p366 = getfield_gc_r(p316, descr=<FieldP rpyeffect.stack.MetaStack.inst_label 16 pure>)
+5944: p367 = getfield_gc_r(p312, descr=<FieldP rpyeffect.stack.MetaStack.inst_label 16 pure>)
+5948: p368 = getfield_gc_r(p308, descr=<FieldP rpyeffect.stack.MetaStack.inst_label 16 pure>)
+5952: p369 = getfield_gc_r(p304, descr=<FieldP rpyeffect.stack.MetaStack.inst_label 16 pure>)
+5956: p370 = getfield_gc_r(p300, descr=<FieldP rpyeffect.stack.MetaStack.inst_label 16 pure>)
+5960: p371 = getfield_gc_r(p296, descr=<FieldP rpyeffect.stack.MetaStack.inst_label 16 pure>)
+5964: p372 = getfield_gc_r(p292, descr=<FieldP rpyeffect.stack.MetaStack.inst_label 16 pure>)
+5972: p373 = getfield_gc_r(p288, descr=<FieldP rpyeffect.stack.MetaStack.inst_label 16 pure>)
+5984: p374 = getfield_gc_r(p284, descr=<FieldP rpyeffect.stack.MetaStack.inst_label 16 pure>)
+5996: p375 = getfield_gc_r(p280, descr=<FieldP rpyeffect.stack.MetaStack.inst_label 16 pure>)
+6008: p376 = getfield_gc_r(p276, descr=<FieldP rpyeffect.stack.MetaStack.inst_label 16 pure>)
+6020: p377 = getfield_gc_r(p272, descr=<FieldP rpyeffect.stack.MetaStack.inst_label 16 pure>)
+6032: p378 = getfield_gc_r(p268, descr=<FieldP rpyeffect.stack.MetaStack.inst_label 16 pure>)
+6044: p379 = getfield_gc_r(p264, descr=<FieldP rpyeffect.stack.MetaStack.inst_label 16 pure>)
+6056: p380 = getfield_gc_r(p260, descr=<FieldP rpyeffect.stack.MetaStack.inst_label 16 pure>)
+6068: p381 = getfield_gc_r(p256, descr=<FieldP rpyeffect.stack.MetaStack.inst_label 16 pure>)
+6080: p382 = getfield_gc_r(p252, descr=<FieldP rpyeffect.stack.MetaStack.inst_label 16 pure>)
+6092: p383 = getfield_gc_r(p248, descr=<FieldP rpyeffect.stack.MetaStack.inst_label 16 pure>)
+6104: p384 = getfield_gc_r(p244, descr=<FieldP rpyeffect.stack.MetaStack.inst_label 16 pure>)
+6116: p385 = getfield_gc_r(p240, descr=<FieldP rpyeffect.stack.MetaStack.inst_label 16 pure>)
+6128: p386 = getfield_gc_r(p236, descr=<FieldP rpyeffect.stack.MetaStack.inst_label 16 pure>)
+6140: p387 = getfield_gc_r(p232, descr=<FieldP rpyeffect.stack.MetaStack.inst_label 16 pure>)
+6152: p388 = getfield_gc_r(p228, descr=<FieldP rpyeffect.stack.MetaStack.inst_label 16 pure>)
+6164: p389 = getfield_gc_r(p224, descr=<FieldP rpyeffect.stack.MetaStack.inst_label 16 pure>)
+6176: p390 = getfield_gc_r(p220, descr=<FieldP rpyeffect.stack.MetaStack.inst_label 16 pure>)
+6188: p391 = getfield_gc_r(p216, descr=<FieldP rpyeffect.stack.MetaStack.inst_label 16 pure>)
+6200: p392 = getfield_gc_r(p212, descr=<FieldP rpyeffect.stack.MetaStack.inst_label 16 pure>)
+6212: p393 = getfield_gc_r(p208, descr=<FieldP rpyeffect.stack.MetaStack.inst_label 16 pure>)
+6224: p394 = getfield_gc_r(p204, descr=<FieldP rpyeffect.stack.MetaStack.inst_label 16 pure>)
+6236: p395 = getfield_gc_r(p200, descr=<FieldP rpyeffect.stack.MetaStack.inst_label 16 pure>)
+6248: p396 = getfield_gc_r(p196, descr=<FieldP rpyeffect.stack.MetaStack.inst_label 16 pure>)
+6260: p397 = getfield_gc_r(p192, descr=<FieldP rpyeffect.stack.MetaStack.inst_label 16 pure>)
+6272: p398 = getfield_gc_r(p188, descr=<FieldP rpyeffect.stack.MetaStack.inst_label 16 pure>)
+6284: p399 = getfield_gc_r(p184, descr=<FieldP rpyeffect.stack.MetaStack.inst_label 16 pure>)
+6296: p400 = getfield_gc_r(p180, descr=<FieldP rpyeffect.stack.MetaStack.inst_label 16 pure>)
+6308: p401 = getfield_gc_r(p176, descr=<FieldP rpyeffect.stack.MetaStack.inst_label 16 pure>)
+6320: p402 = getfield_gc_r(p172, descr=<FieldP rpyeffect.stack.MetaStack.inst_label 16 pure>)
+6332: p403 = getfield_gc_r(p168, descr=<FieldP rpyeffect.stack.MetaStack.inst_label 16 pure>)
+6344: p404 = getfield_gc_r(p164, descr=<FieldP rpyeffect.stack.MetaStack.inst_label 16 pure>)
+6356: p405 = getfield_gc_r(p160, descr=<FieldP rpyeffect.stack.MetaStack.inst_label 16 pure>)
+6368: p406 = getfield_gc_r(p156, descr=<FieldP rpyeffect.stack.MetaStack.inst_label 16 pure>)
+6380: p407 = getfield_gc_r(p152, descr=<FieldP rpyeffect.stack.MetaStack.inst_label 16 pure>)
+6392: p408 = getfield_gc_r(p148, descr=<FieldP rpyeffect.stack.MetaStack.inst_label 16 pure>)
+6404: p409 = getfield_gc_r(p144, descr=<FieldP rpyeffect.stack.MetaStack.inst_label 16 pure>)
+6416: p410 = getfield_gc_r(p140, descr=<FieldP rpyeffect.stack.MetaStack.inst_label 16 pure>)
+6428: p411 = getfield_gc_r(p136, descr=<FieldP rpyeffect.stack.MetaStack.inst_label 16 pure>)
+6440: p412 = getfield_gc_r(p132, descr=<FieldP rpyeffect.stack.MetaStack.inst_label 16 pure>)
+6452: p413 = getfield_gc_r(p128, descr=<FieldP rpyeffect.stack.MetaStack.inst_label 16 pure>)
+6464: p414 = getfield_gc_r(p124, descr=<FieldP rpyeffect.stack.MetaStack.inst_label 16 pure>)
+6476: p415 = getfield_gc_r(p120, descr=<FieldP rpyeffect.stack.MetaStack.inst_label 16 pure>)
+6488: p416 = getfield_gc_r(p116, descr=<FieldP rpyeffect.stack.MetaStack.inst_label 16 pure>)
+6500: p417 = getfield_gc_r(p112, descr=<FieldP rpyeffect.stack.MetaStack.inst_label 16 pure>)
+6512: p418 = getfield_gc_r(p108, descr=<FieldP rpyeffect.stack.MetaStack.inst_label 16 pure>)
+6524: p419 = getfield_gc_r(p104, descr=<FieldP rpyeffect.stack.MetaStack.inst_label 16 pure>)
+6536: p420 = getfield_gc_r(p100, descr=<FieldP rpyeffect.stack.MetaStack.inst_label 16 pure>)
+6548: p421 = getfield_gc_r(p96, descr=<FieldP rpyeffect.stack.MetaStack.inst_label 16 pure>)
+6560: p422 = getfield_gc_r(p92, descr=<FieldP rpyeffect.stack.MetaStack.inst_label 16 pure>)
+6572: p423 = getfield_gc_r(p88, descr=<FieldP rpyeffect.stack.MetaStack.inst_label 16 pure>)
+6584: p424 = getfield_gc_r(p84, descr=<FieldP rpyeffect.stack.MetaStack.inst_label 16 pure>)
+6596: p425 = getfield_gc_r(p80, descr=<FieldP rpyeffect.stack.MetaStack.inst_label 16 pure>)
+6608: p426 = getfield_gc_r(p76, descr=<FieldP rpyeffect.stack.MetaStack.inst_label 16 pure>)
+6620: p427 = getfield_gc_r(p72, descr=<FieldP rpyeffect.stack.MetaStack.inst_label 16 pure>)
+6632: p428 = getfield_gc_r(p68, descr=<FieldP rpyeffect.stack.MetaStack.inst_label 16 pure>)
+6644: p429 = getfield_gc_r(p64, descr=<FieldP rpyeffect.stack.MetaStack.inst_label 16 pure>)
+6656: p430 = getfield_gc_r(p60, descr=<FieldP rpyeffect.stack.MetaStack.inst_label 16 pure>)
+6668: p431 = getfield_gc_r(p56, descr=<FieldP rpyeffect.stack.MetaStack.inst_label 16 pure>)
+6680: p432 = getfield_gc_r(p52, descr=<FieldP rpyeffect.stack.MetaStack.inst_label 16 pure>)
+6692: p433 = getfield_gc_r(p48, descr=<FieldP rpyeffect.stack.MetaStack.inst_label 16 pure>)
+6704: p434 = getfield_gc_r(p44, descr=<FieldP rpyeffect.stack.MetaStack.inst_label 16 pure>)
+6716: p435 = getfield_gc_r(p40, descr=<FieldP rpyeffect.stack.MetaStack.inst_label 16 pure>)
+6728: p436 = getfield_gc_r(p36, descr=<FieldP rpyeffect.stack.MetaStack.inst_label 16 pure>)
+6740: p437 = getfield_gc_r(p32, descr=<FieldP rpyeffect.stack.MetaStack.inst_label 16 pure>)
+6752: p438 = getfield_gc_r(p28, descr=<FieldP rpyeffect.stack.MetaStack.inst_label 16 pure>)
+6764: p439 = getfield_gc_r(p18, descr=<FieldP rpyeffect.stack.MetaStack.inst_label 16 pure>)
+6776: guard_nonnull(p27, descr=<Guard0x158523620>) [p2, i7, i9, i11, i13, p16, p18, p20, p22, p24, p0, p1, p3, p4]
+6788: i440 = getfield_gc_i(p27, descr=<FieldS rpyeffect.stored_environment.Stack__arb_arb.inst_target 16 pure>)
+6804: guard_value(i440, 80, descr=<Guard0x1585235e0>) [p2, i7, i9, i11, i13, p16, p18, p20, p22, p24, p0, p1, p3, p4]
debug_merge_point(0, 0, '124<main.rpyeffect:124(Name(resume124152))>+1: {"op": "Return". "args": {"num": []. "ptr": [0]}}')
+6816: p442 = getfield_gc_r(p27, descr=<FieldP rpyeffect.stored_environment.Stack__0_1.inst_values_ptr_0 40 pure>)
+6820: p443 = getfield_gc_r(p27, descr=<FieldP rpyeffect.stored_environment.Stack__arb_arb.inst_tail 8 pure>)
+6824: guard_nonnull(p443, descr=<Guard0x1585235a0>) [p2, i7, i9, i11, i13, p16, p18, p20, p22, p24, p0, p1, p3, p4]
+6832: i444 = getfield_gc_i(p443, descr=<FieldS rpyeffect.stored_environment.Stack__arb_arb.inst_target 16 pure>)
+6840: guard_value(i444, 141, descr=<Guard0x158523560>) [p2, i7, i9, i11, i13, p16, p18, p20, p22, p24, p0, p1, p3, p4]
debug_merge_point(0, 0, '80<main.rpyeffect:80([k@[k@[then#224]#228]#231])>+0: {"op": "Copy". "type": "ptr". "from": 1. "to". 0}')
debug_merge_point(0, 0, '80<main.rpyeffect:80([k@[k@[then#224]#228]#231])>+1: {"op": "Jump". "target": 85}')
debug_merge_point(0, 0, '85<main.rpyeffect:85(Name(countdown2631))>+0: {"op": "Push". "target": 84. "args": {"num": []. "ptr": [0]}}')
debug_merge_point(0, 0, '85<main.rpyeffect:85(Name(countdown2631))>+1: {"op": "Jump". "target": 78}')
+6852: p446 = new_with_vtable(descr=<SizeDescr 48>)
+6964: p447 = new_with_vtable(descr=<SizeDescr 40>)
+6976: p448 = new_with_vtable(descr=<SizeDescr 40>)
+6992: setfield_gc(p448, p35, descr=<FieldP rpyeffect.stack.MetaStackLike.inst_stack 8 pure>)
+7000: setfield_gc(p448, p437, descr=<FieldP rpyeffect.stack.MetaStack.inst_label 16 pure>)
+7004: setfield_gc(p448, ConstPtr(null), descr=<FieldP rpyeffect.stack.MetaStack.inst_region 24 pure>)
+7012: p450 = new_with_vtable(descr=<SizeDescr 40>)
+7024: setfield_gc(p450, p39, descr=<FieldP rpyeffect.stack.MetaStackLike.inst_stack 8 pure>)
+7032: setfield_gc(p450, p436, descr=<FieldP rpyeffect.stack.MetaStack.inst_label 16 pure>)
+7036: setfield_gc(p450, ConstPtr(null), descr=<FieldP rpyeffect.stack.MetaStack.inst_region 24 pure>)
+7044: p452 = new_with_vtable(descr=<SizeDescr 40>)
+7056: setfield_gc(p452, p43, descr=<FieldP rpyeffect.stack.MetaStackLike.inst_stack 8 pure>)
+7064: setfield_gc(p452, p435, descr=<FieldP rpyeffect.stack.MetaStack.inst_label 16 pure>)
+7068: setfield_gc(p452, ConstPtr(null), descr=<FieldP rpyeffect.stack.MetaStack.inst_region 24 pure>)
+7076: p454 = new_with_vtable(descr=<SizeDescr 40>)
+7088: setfield_gc(p454, p47, descr=<FieldP rpyeffect.stack.MetaStackLike.inst_stack 8 pure>)
+7096: setfield_gc(p454, p434, descr=<FieldP rpyeffect.stack.MetaStack.inst_label 16 pure>)
+7100: setfield_gc(p454, ConstPtr(null), descr=<FieldP rpyeffect.stack.MetaStack.inst_region 24 pure>)
+7108: p456 = new_with_vtable(descr=<SizeDescr 40>)
+7120: setfield_gc(p456, p51, descr=<FieldP rpyeffect.stack.MetaStackLike.inst_stack 8 pure>)
+7128: setfield_gc(p456, p433, descr=<FieldP rpyeffect.stack.MetaStack.inst_label 16 pure>)
+7132: setfield_gc(p456, ConstPtr(null), descr=<FieldP rpyeffect.stack.MetaStack.inst_region 24 pure>)
+7140: p458 = new_with_vtable(descr=<SizeDescr 40>)
+7152: setfield_gc(p458, p55, descr=<FieldP rpyeffect.stack.MetaStackLike.inst_stack 8 pure>)
+7160: setfield_gc(p458, p432, descr=<FieldP rpyeffect.stack.MetaStack.inst_label 16 pure>)
+7164: setfield_gc(p458, ConstPtr(null), descr=<FieldP rpyeffect.stack.MetaStack.inst_region 24 pure>)
+7172: p460 = new_with_vtable(descr=<SizeDescr 40>)
+7184: setfield_gc(p460, p59, descr=<FieldP rpyeffect.stack.MetaStackLike.inst_stack 8 pure>)
+7192: setfield_gc(p460, p431, descr=<FieldP rpyeffect.stack.MetaStack.inst_label 16 pure>)
+7196: setfield_gc(p460, ConstPtr(null), descr=<FieldP rpyeffect.stack.MetaStack.inst_region 24 pure>)
+7204: p462 = new_with_vtable(descr=<SizeDescr 40>)
+7216: setfield_gc(p462, p63, descr=<FieldP rpyeffect.stack.MetaStackLike.inst_stack 8 pure>)
+7224: setfield_gc(p462, p430, descr=<FieldP rpyeffect.stack.MetaStack.inst_label 16 pure>)
+7228: setfield_gc(p462, ConstPtr(null), descr=<FieldP rpyeffect.stack.MetaStack.inst_region 24 pure>)
+7236: p464 = new_with_vtable(descr=<SizeDescr 40>)
+7248: setfield_gc(p464, p67, descr=<FieldP rpyeffect.stack.MetaStackLike.inst_stack 8 pure>)
+7256: setfield_gc(p464, p429, descr=<FieldP rpyeffect.stack.MetaStack.inst_label 16 pure>)
+7260: setfield_gc(p464, ConstPtr(null), descr=<FieldP rpyeffect.stack.MetaStack.inst_region 24 pure>)
+7268: p466 = new_with_vtable(descr=<SizeDescr 40>)
+7280: setfield_gc(p466, p71, descr=<FieldP rpyeffect.stack.MetaStackLike.inst_stack 8 pure>)
+7288: setfield_gc(p466, p428, descr=<FieldP rpyeffect.stack.MetaStack.inst_label 16 pure>)
+7296: setfield_gc(p466, ConstPtr(null), descr=<FieldP rpyeffect.stack.MetaStack.inst_region 24 pure>)
+7304: p468 = new_with_vtable(descr=<SizeDescr 40>)
+7320: setfield_gc(p468, p75, descr=<FieldP rpyeffect.stack.MetaStackLike.inst_stack 8 pure>)
+7328: setfield_gc(p468, p427, descr=<FieldP rpyeffect.stack.MetaStack.inst_label 16 pure>)
+7332: setfield_gc(p468, ConstPtr(null), descr=<FieldP rpyeffect.stack.MetaStack.inst_region 24 pure>)
+7340: p470 = new_with_vtable(descr=<SizeDescr 40>)
+7352: setfield_gc(p470, p79, descr=<FieldP rpyeffect.stack.MetaStackLike.inst_stack 8 pure>)
+7360: setfield_gc(p470, p426, descr=<FieldP rpyeffect.stack.MetaStack.inst_label 16 pure>)
+7368: setfield_gc(p470, ConstPtr(null), descr=<FieldP rpyeffect.stack.MetaStack.inst_region 24 pure>)
+7376: p472 = new_with_vtable(descr=<SizeDescr 40>)
+7392: setfield_gc(p472, p83, descr=<FieldP rpyeffect.stack.MetaStackLike.inst_stack 8 pure>)
+7400: setfield_gc(p472, p425, descr=<FieldP rpyeffect.stack.MetaStack.inst_label 16 pure>)
+7404: setfield_gc(p472, ConstPtr(null), descr=<FieldP rpyeffect.stack.MetaStack.inst_region 24 pure>)
+7412: p474 = new_with_vtable(descr=<SizeDescr 40>)
+7424: setfield_gc(p474, p87, descr=<FieldP rpyeffect.stack.MetaStackLike.inst_stack 8 pure>)
+7432: setfield_gc(p474, p424, descr=<FieldP rpyeffect.stack.MetaStack.inst_label 16 pure>)
+7436: setfield_gc(p474, ConstPtr(null), descr=<FieldP rpyeffect.stack.MetaStack.inst_region 24 pure>)
+7444: p476 = new_with_vtable(descr=<SizeDescr 40>)
+7456: setfield_gc(p476, p91, descr=<FieldP rpyeffect.stack.MetaStackLike.inst_stack 8 pure>)
+7464: setfield_gc(p476, p423, descr=<FieldP rpyeffect.stack.MetaStack.inst_label 16 pure>)
+7472: setfield_gc(p476, ConstPtr(null), descr=<FieldP rpyeffect.stack.MetaStack.inst_region 24 pure>)
+7480: p478 = new_with_vtable(descr=<SizeDescr 40>)
+7496: setfield_gc(p478, p95, descr=<FieldP rpyeffect.stack.MetaStackLike.inst_stack 8 pure>)
+7504: setfield_gc(p478, p422, descr=<FieldP rpyeffect.stack.MetaStack.inst_label 16 pure>)
+7512: setfield_gc(p478, ConstPtr(null), descr=<FieldP rpyeffect.stack.MetaStack.inst_region 24 pure>)
+7520: p480 = new_with_vtable(descr=<SizeDescr 40>)
+7536: setfield_gc(p480, p99, descr=<FieldP rpyeffect.stack.MetaStackLike.inst_stack 8 pure>)
+7544: setfield_gc(p480, p421, descr=<FieldP rpyeffect.stack.MetaStack.inst_label 16 pure>)
+7552: setfield_gc(p480, ConstPtr(null), descr=<FieldP rpyeffect.stack.MetaStack.inst_region 24 pure>)
+7560: p482 = new_with_vtable(descr=<SizeDescr 40>)
+7576: setfield_gc(p482, p103, descr=<FieldP rpyeffect.stack.MetaStackLike.inst_stack 8 pure>)
+7584: setfield_gc(p482, p420, descr=<FieldP rpyeffect.stack.MetaStack.inst_label 16 pure>)
+7592: setfield_gc(p482, ConstPtr(null), descr=<FieldP rpyeffect.stack.MetaStack.inst_region 24 pure>)
+7600: p484 = new_with_vtable(descr=<SizeDescr 40>)
+7616: setfield_gc(p484, p107, descr=<FieldP rpyeffect.stack.MetaStackLike.inst_stack 8 pure>)
+7624: setfield_gc(p484, p419, descr=<FieldP rpyeffect.stack.MetaStack.inst_label 16 pure>)
+7632: setfield_gc(p484, ConstPtr(null), descr=<FieldP rpyeffect.stack.MetaStack.inst_region 24 pure>)
+7640: p486 = new_with_vtable(descr=<SizeDescr 40>)
+7656: setfield_gc(p486, p111, descr=<FieldP rpyeffect.stack.MetaStackLike.inst_stack 8 pure>)
+7664: setfield_gc(p486, p418, descr=<FieldP rpyeffect.stack.MetaStack.inst_label 16 pure>)
+7672: setfield_gc(p486, ConstPtr(null), descr=<FieldP rpyeffect.stack.MetaStack.inst_region 24 pure>)
+7680: p488 = new_with_vtable(descr=<SizeDescr 40>)
+7696: setfield_gc(p488, p115, descr=<FieldP rpyeffect.stack.MetaStackLike.inst_stack 8 pure>)
+7704: setfield_gc(p488, p417, descr=<FieldP rpyeffect.stack.MetaStack.inst_label 16 pure>)
+7712: setfield_gc(p488, ConstPtr(null), descr=<FieldP rpyeffect.stack.MetaStack.inst_region 24 pure>)
+7720: p490 = new_with_vtable(descr=<SizeDescr 40>)
+7736: setfield_gc(p490, p119, descr=<FieldP rpyeffect.stack.MetaStackLike.inst_stack 8 pure>)
+7744: setfield_gc(p490, p416, descr=<FieldP rpyeffect.stack.MetaStack.inst_label 16 pure>)
+7752: setfield_gc(p490, ConstPtr(null), descr=<FieldP rpyeffect.stack.MetaStack.inst_region 24 pure>)
+7760: p492 = new_with_vtable(descr=<SizeDescr 40>)
+7776: setfield_gc(p492, p123, descr=<FieldP rpyeffect.stack.MetaStackLike.inst_stack 8 pure>)
+7784: setfield_gc(p492, p415, descr=<FieldP rpyeffect.stack.MetaStack.inst_label 16 pure>)
+7792: setfield_gc(p492, ConstPtr(null), descr=<FieldP rpyeffect.stack.MetaStack.inst_region 24 pure>)
+7800: p494 = new_with_vtable(descr=<SizeDescr 40>)
+7816: setfield_gc(p494, p127, descr=<FieldP rpyeffect.stack.MetaStackLike.inst_stack 8 pure>)
+7824: setfield_gc(p494, p414, descr=<FieldP rpyeffect.stack.MetaStack.inst_label 16 pure>)
+7832: setfield_gc(p494, ConstPtr(null), descr=<FieldP rpyeffect.stack.MetaStack.inst_region 24 pure>)
+7840: p496 = new_with_vtable(descr=<SizeDescr 40>)
+7856: setfield_gc(p496, p131, descr=<FieldP rpyeffect.stack.MetaStackLike.inst_stack 8 pure>)
+7864: setfield_gc(p496, p413, descr=<FieldP rpyeffect.stack.MetaStack.inst_label 16 pure>)
+7872: setfield_gc(p496, ConstPtr(null), descr=<FieldP rpyeffect.stack.MetaStack.inst_region 24 pure>)
+7880: p498 = new_with_vtable(descr=<SizeDescr 40>)
+7896: setfield_gc(p498, p135, descr=<FieldP rpyeffect.stack.MetaStackLike.inst_stack 8 pure>)
+7904: setfield_gc(p498, p412, descr=<FieldP rpyeffect.stack.MetaStack.inst_label 16 pure>)
+7912: setfield_gc(p498, ConstPtr(null), descr=<FieldP rpyeffect.stack.MetaStack.inst_region 24 pure>)
+7920: p500 = new_with_vtable(descr=<SizeDescr 40>)
+7936: setfield_gc(p500, p139, descr=<FieldP rpyeffect.stack.MetaStackLike.inst_stack 8 pure>)
+7944: setfield_gc(p500, p411, descr=<FieldP rpyeffect.stack.MetaStack.inst_label 16 pure>)
+7952: setfield_gc(p500, ConstPtr(null), descr=<FieldP rpyeffect.stack.MetaStack.inst_region 24 pure>)
+7960: p502 = new_with_vtable(descr=<SizeDescr 40>)
+7976: setfield_gc(p502, p143, descr=<FieldP rpyeffect.stack.MetaStackLike.inst_stack 8 pure>)
+7984: setfield_gc(p502, p410, descr=<FieldP rpyeffect.stack.MetaStack.inst_label 16 pure>)
+7992: setfield_gc(p502, ConstPtr(null), descr=<FieldP rpyeffect.stack.MetaStack.inst_region 24 pure>)
+8000: p504 = new_with_vtable(descr=<SizeDescr 40>)
+8016: setfield_gc(p504, p147, descr=<FieldP rpyeffect.stack.MetaStackLike.inst_stack 8 pure>)
+8024: setfield_gc(p504, p409, descr=<FieldP rpyeffect.stack.MetaStack.inst_label 16 pure>)
+8032: setfield_gc(p504, ConstPtr(null), descr=<FieldP rpyeffect.stack.MetaStack.inst_region 24 pure>)
+8040: p506 = new_with_vtable(descr=<SizeDescr 40>)
+8056: setfield_gc(p506, p151, descr=<FieldP rpyeffect.stack.MetaStackLike.inst_stack 8 pure>)
+8064: setfield_gc(p506, p408, descr=<FieldP rpyeffect.stack.MetaStack.inst_label 16 pure>)
+8072: setfield_gc(p506, ConstPtr(null), descr=<FieldP rpyeffect.stack.MetaStack.inst_region 24 pure>)
+8080: p508 = new_with_vtable(descr=<SizeDescr 40>)
+8096: setfield_gc(p508, p155, descr=<FieldP rpyeffect.stack.MetaStackLike.inst_stack 8 pure>)
+8104: setfield_gc(p508, p407, descr=<FieldP rpyeffect.stack.MetaStack.inst_label 16 pure>)
+8112: setfield_gc(p508, ConstPtr(null), descr=<FieldP rpyeffect.stack.MetaStack.inst_region 24 pure>)
+8120: p510 = new_with_vtable(descr=<SizeDescr 40>)
+8136: setfield_gc(p510, p159, descr=<FieldP rpyeffect.stack.MetaStackLike.inst_stack 8 pure>)
+8144: setfield_gc(p510, p406, descr=<FieldP rpyeffect.stack.MetaStack.inst_label 16 pure>)
+8152: setfield_gc(p510, ConstPtr(null), descr=<FieldP rpyeffect.stack.MetaStack.inst_region 24 pure>)
+8160: p512 = new_with_vtable(descr=<SizeDescr 40>)
+8176: setfield_gc(p512, p163, descr=<FieldP rpyeffect.stack.MetaStackLike.inst_stack 8 pure>)
+8184: setfield_gc(p512, p405, descr=<FieldP rpyeffect.stack.MetaStack.inst_label 16 pure>)
+8192: setfield_gc(p512, ConstPtr(null), descr=<FieldP rpyeffect.stack.MetaStack.inst_region 24 pure>)
+8200: p514 = new_with_vtable(descr=<SizeDescr 40>)
+8216: setfield_gc(p514, p167, descr=<FieldP rpyeffect.stack.MetaStackLike.inst_stack 8 pure>)
+8224: setfield_gc(p514, p404, descr=<FieldP rpyeffect.stack.MetaStack.inst_label 16 pure>)
+8232: setfield_gc(p514, ConstPtr(null), descr=<FieldP rpyeffect.stack.MetaStack.inst_region 24 pure>)
+8240: p516 = new_with_vtable(descr=<SizeDescr 40>)
+8256: setfield_gc(p516, p171, descr=<FieldP rpyeffect.stack.MetaStackLike.inst_stack 8 pure>)
+8264: setfield_gc(p516, p403, descr=<FieldP rpyeffect.stack.MetaStack.inst_label 16 pure>)
+8272: setfield_gc(p516, ConstPtr(null), descr=<FieldP rpyeffect.stack.MetaStack.inst_region 24 pure>)
+8280: p518 = new_with_vtable(descr=<SizeDescr 40>)
+8296: setfield_gc(p518, p175, descr=<FieldP rpyeffect.stack.MetaStackLike.inst_stack 8 pure>)
+8304: setfield_gc(p518, p402, descr=<FieldP rpyeffect.stack.MetaStack.inst_label 16 pure>)
+8312: setfield_gc(p518, ConstPtr(null), descr=<FieldP rpyeffect.stack.MetaStack.inst_region 24 pure>)
+8320: p520 = new_with_vtable(descr=<SizeDescr 40>)
+8336: setfield_gc(p520, p179, descr=<FieldP rpyeffect.stack.MetaStackLike.inst_stack 8 pure>)
+8344: setfield_gc(p520, p401, descr=<FieldP rpyeffect.stack.MetaStack.inst_label 16 pure>)
+8352: setfield_gc(p520, ConstPtr(null), descr=<FieldP rpyeffect.stack.MetaStack.inst_region 24 pure>)
+8360: p522 = new_with_vtable(descr=<SizeDescr 40>)
+8376: setfield_gc(p522, p183, descr=<FieldP rpyeffect.stack.MetaStackLike.inst_stack 8 pure>)
+8384: setfield_gc(p522, p400, descr=<FieldP rpyeffect.stack.MetaStack.inst_label 16 pure>)
+8392: setfield_gc(p522, ConstPtr(null), descr=<FieldP rpyeffect.stack.MetaStack.inst_region 24 pure>)
+8400: p524 = new_with_vtable(descr=<SizeDescr 40>)
+8416: setfield_gc(p524, p187, descr=<FieldP rpyeffect.stack.MetaStackLike.inst_stack 8 pure>)
+8424: setfield_gc(p524, p399, descr=<FieldP rpyeffect.stack.MetaStack.inst_label 16 pure>)
+8432: setfield_gc(p524, ConstPtr(null), descr=<FieldP rpyeffect.stack.MetaStack.inst_region 24 pure>)
+8440: p526 = new_with_vtable(descr=<SizeDescr 40>)
+8456: setfield_gc(p526, p191, descr=<FieldP rpyeffect.stack.MetaStackLike.inst_stack 8 pure>)
+8464: setfield_gc(p526, p398, descr=<FieldP rpyeffect.stack.MetaStack.inst_label 16 pure>)
+8472: setfield_gc(p526, ConstPtr(null), descr=<FieldP rpyeffect.stack.MetaStack.inst_region 24 pure>)
+8480: p528 = new_with_vtable(descr=<SizeDescr 40>)
+8496: setfield_gc(p528, p195, descr=<FieldP rpyeffect.stack.MetaStackLike.inst_stack 8 pure>)
+8504: setfield_gc(p528, p397, descr=<FieldP rpyeffect.stack.MetaStack.inst_label 16 pure>)
+8512: setfield_gc(p528, ConstPtr(null), descr=<FieldP rpyeffect.stack.MetaStack.inst_region 24 pure>)
+8520: p530 = new_with_vtable(descr=<SizeDescr 40>)
+8536: setfield_gc(p530, p199, descr=<FieldP rpyeffect.stack.MetaStackLike.inst_stack 8 pure>)
+8544: setfield_gc(p530, p396, descr=<FieldP rpyeffect.stack.MetaStack.inst_label 16 pure>)
+8552: setfield_gc(p530, ConstPtr(null), descr=<FieldP rpyeffect.stack.MetaStack.inst_region 24 pure>)
+8560: p532 = new_with_vtable(descr=<SizeDescr 40>)
+8576: setfield_gc(p532, p203, descr=<FieldP rpyeffect.stack.MetaStackLike.inst_stack 8 pure>)
+8584: setfield_gc(p532, p395, descr=<FieldP rpyeffect.stack.MetaStack.inst_label 16 pure>)
+8592: setfield_gc(p532, ConstPtr(null), descr=<FieldP rpyeffect.stack.MetaStack.inst_region 24 pure>)
+8600: p534 = new_with_vtable(descr=<SizeDescr 40>)
+8616: setfield_gc(p534, p207, descr=<FieldP rpyeffect.stack.MetaStackLike.inst_stack 8 pure>)
+8624: setfield_gc(p534, p394, descr=<FieldP rpyeffect.stack.MetaStack.inst_label 16 pure>)
+8632: setfield_gc(p534, ConstPtr(null), descr=<FieldP rpyeffect.stack.MetaStack.inst_region 24 pure>)
+8640: p536 = new_with_vtable(descr=<SizeDescr 40>)
+8656: setfield_gc(p536, p211, descr=<FieldP rpyeffect.stack.MetaStackLike.inst_stack 8 pure>)
+8664: setfield_gc(p536, p393, descr=<FieldP rpyeffect.stack.MetaStack.inst_label 16 pure>)
+8672: setfield_gc(p536, ConstPtr(null), descr=<FieldP rpyeffect.stack.MetaStack.inst_region 24 pure>)
+8680: p538 = new_with_vtable(descr=<SizeDescr 40>)
+8696: setfield_gc(p538, p215, descr=<FieldP rpyeffect.stack.MetaStackLike.inst_stack 8 pure>)
+8704: setfield_gc(p538, p392, descr=<FieldP rpyeffect.stack.MetaStack.inst_label 16 pure>)
+8712: setfield_gc(p538, ConstPtr(null), descr=<FieldP rpyeffect.stack.MetaStack.inst_region 24 pure>)
+8720: p540 = new_with_vtable(descr=<SizeDescr 40>)
+8736: setfield_gc(p540, p219, descr=<FieldP rpyeffect.stack.MetaStackLike.inst_stack 8 pure>)
+8744: setfield_gc(p540, p391, descr=<FieldP rpyeffect.stack.MetaStack.inst_label 16 pure>)
+8752: setfield_gc(p540, ConstPtr(null), descr=<FieldP rpyeffect.stack.MetaStack.inst_region 24 pure>)
+8760: p542 = new_with_vtable(descr=<SizeDescr 40>)
+8776: setfield_gc(p542, p223, descr=<FieldP rpyeffect.stack.MetaStackLike.inst_stack 8 pure>)
+8784: setfield_gc(p542, p390, descr=<FieldP rpyeffect.stack.MetaStack.inst_label 16 pure>)
+8792: setfield_gc(p542, ConstPtr(null), descr=<FieldP rpyeffect.stack.MetaStack.inst_region 24 pure>)
+8800: p544 = new_with_vtable(descr=<SizeDescr 40>)
+8816: setfield_gc(p544, p227, descr=<FieldP rpyeffect.stack.MetaStackLike.inst_stack 8 pure>)
+8824: setfield_gc(p544, p389, descr=<FieldP rpyeffect.stack.MetaStack.inst_label 16 pure>)
+8832: setfield_gc(p544, ConstPtr(null), descr=<FieldP rpyeffect.stack.MetaStack.inst_region 24 pure>)
+8840: p546 = new_with_vtable(descr=<SizeDescr 40>)
+8856: setfield_gc(p546, p231, descr=<FieldP rpyeffect.stack.MetaStackLike.inst_stack 8 pure>)
+8864: setfield_gc(p546, p388, descr=<FieldP rpyeffect.stack.MetaStack.inst_label 16 pure>)
+8872: setfield_gc(p546, ConstPtr(null), descr=<FieldP rpyeffect.stack.MetaStack.inst_region 24 pure>)
+8880: p548 = new_with_vtable(descr=<SizeDescr 40>)
+8896: setfield_gc(p548, p235, descr=<FieldP rpyeffect.stack.MetaStackLike.inst_stack 8 pure>)
+8904: setfield_gc(p548, p387, descr=<FieldP rpyeffect.stack.MetaStack.inst_label 16 pure>)
+8912: setfield_gc(p548, ConstPtr(null), descr=<FieldP rpyeffect.stack.MetaStack.inst_region 24 pure>)
+8920: p550 = new_with_vtable(descr=<SizeDescr 40>)
+8936: setfield_gc(p550, p239, descr=<FieldP rpyeffect.stack.MetaStackLike.inst_stack 8 pure>)
+8944: setfield_gc(p550, p386, descr=<FieldP rpyeffect.stack.MetaStack.inst_label 16 pure>)
+8952: setfield_gc(p550, ConstPtr(null), descr=<FieldP rpyeffect.stack.MetaStack.inst_region 24 pure>)
+8960: p552 = new_with_vtable(descr=<SizeDescr 40>)
+8976: setfield_gc(p552, p243, descr=<FieldP rpyeffect.stack.MetaStackLike.inst_stack 8 pure>)
+8984: setfield_gc(p552, p385, descr=<FieldP rpyeffect.stack.MetaStack.inst_label 16 pure>)
+8992: setfield_gc(p552, ConstPtr(null), descr=<FieldP rpyeffect.stack.MetaStack.inst_region 24 pure>)
+9000: p554 = new_with_vtable(descr=<SizeDescr 40>)
+9016: setfield_gc(p554, p247, descr=<FieldP rpyeffect.stack.MetaStackLike.inst_stack 8 pure>)
+9024: setfield_gc(p554, p384, descr=<FieldP rpyeffect.stack.MetaStack.inst_label 16 pure>)
+9032: setfield_gc(p554, ConstPtr(null), descr=<FieldP rpyeffect.stack.MetaStack.inst_region 24 pure>)
+9040: p556 = new_with_vtable(descr=<SizeDescr 40>)
+9056: setfield_gc(p556, p251, descr=<FieldP rpyeffect.stack.MetaStackLike.inst_stack 8 pure>)
+9064: setfield_gc(p556, p383, descr=<FieldP rpyeffect.stack.MetaStack.inst_label 16 pure>)
+9072: setfield_gc(p556, ConstPtr(null), descr=<FieldP rpyeffect.stack.MetaStack.inst_region 24 pure>)
+9080: p558 = new_with_vtable(descr=<SizeDescr 40>)
+9096: setfield_gc(p558, p255, descr=<FieldP rpyeffect.stack.MetaStackLike.inst_stack 8 pure>)
+9104: setfield_gc(p558, p382, descr=<FieldP rpyeffect.stack.MetaStack.inst_label 16 pure>)
+9112: setfield_gc(p558, ConstPtr(null), descr=<FieldP rpyeffect.stack.MetaStack.inst_region 24 pure>)
+9120: p560 = new_with_vtable(descr=<SizeDescr 40>)
+9136: setfield_gc(p560, p259, descr=<FieldP rpyeffect.stack.MetaStackLike.inst_stack 8 pure>)
+9144: setfield_gc(p560, p381, descr=<FieldP rpyeffect.stack.MetaStack.inst_label 16 pure>)
+9152: setfield_gc(p560, ConstPtr(null), descr=<FieldP rpyeffect.stack.MetaStack.inst_region 24 pure>)
+9160: p562 = new_with_vtable(descr=<SizeDescr 40>)
+9176: setfield_gc(p562, p263, descr=<FieldP rpyeffect.stack.MetaStackLike.inst_stack 8 pure>)
+9184: setfield_gc(p562, p380, descr=<FieldP rpyeffect.stack.MetaStack.inst_label 16 pure>)
+9192: setfield_gc(p562, ConstPtr(null), descr=<FieldP rpyeffect.stack.MetaStack.inst_region 24 pure>)
+9200: p564 = new_with_vtable(descr=<SizeDescr 40>)
+9216: setfield_gc(p564, p267, descr=<FieldP rpyeffect.stack.MetaStackLike.inst_stack 8 pure>)
+9224: setfield_gc(p564, p379, descr=<FieldP rpyeffect.stack.MetaStack.inst_label 16 pure>)
+9232: setfield_gc(p564, ConstPtr(null), descr=<FieldP rpyeffect.stack.MetaStack.inst_region 24 pure>)
+9240: p566 = new_with_vtable(descr=<SizeDescr 40>)
+9256: setfield_gc(p566, p271, descr=<FieldP rpyeffect.stack.MetaStackLike.inst_stack 8 pure>)
+9264: setfield_gc(p566, p378, descr=<FieldP rpyeffect.stack.MetaStack.inst_label 16 pure>)
+9272: setfield_gc(p566, ConstPtr(null), descr=<FieldP rpyeffect.stack.MetaStack.inst_region 24 pure>)
+9280: p568 = new_with_vtable(descr=<SizeDescr 40>)
+9296: setfield_gc(p568, p275, descr=<FieldP rpyeffect.stack.MetaStackLike.inst_stack 8 pure>)
+9304: setfield_gc(p568, p377, descr=<FieldP rpyeffect.stack.MetaStack.inst_label 16 pure>)
+9312: setfield_gc(p568, ConstPtr(null), descr=<FieldP rpyeffect.stack.MetaStack.inst_region 24 pure>)
+9320: p570 = new_with_vtable(descr=<SizeDescr 40>)
+9336: setfield_gc(p570, p279, descr=<FieldP rpyeffect.stack.MetaStackLike.inst_stack 8 pure>)
+9344: setfield_gc(p570, p376, descr=<FieldP rpyeffect.stack.MetaStack.inst_label 16 pure>)
+9352: setfield_gc(p570, ConstPtr(null), descr=<FieldP rpyeffect.stack.MetaStack.inst_region 24 pure>)
+9360: p572 = new_with_vtable(descr=<SizeDescr 40>)
+9376: setfield_gc(p572, p283, descr=<FieldP rpyeffect.stack.MetaStackLike.inst_stack 8 pure>)
+9384: setfield_gc(p572, p375, descr=<FieldP rpyeffect.stack.MetaStack.inst_label 16 pure>)
+9392: setfield_gc(p572, ConstPtr(null), descr=<FieldP rpyeffect.stack.MetaStack.inst_region 24 pure>)
+9400: p574 = new_with_vtable(descr=<SizeDescr 40>)
+9416: setfield_gc(p574, p287, descr=<FieldP rpyeffect.stack.MetaStackLike.inst_stack 8 pure>)
+9424: setfield_gc(p574, p374, descr=<FieldP rpyeffect.stack.MetaStack.inst_label 16 pure>)
+9432: setfield_gc(p574, ConstPtr(null), descr=<FieldP rpyeffect.stack.MetaStack.inst_region 24 pure>)
+9440: p576 = new_with_vtable(descr=<SizeDescr 40>)
+9456: setfield_gc(p576, p291, descr=<FieldP rpyeffect.stack.MetaStackLike.inst_stack 8 pure>)
+9464: setfield_gc(p576, p373, descr=<FieldP rpyeffect.stack.MetaStack.inst_label 16 pure>)
+9472: setfield_gc(p576, ConstPtr(null), descr=<FieldP rpyeffect.stack.MetaStack.inst_region 24 pure>)
+9480: p578 = new_with_vtable(descr=<SizeDescr 40>)
+9496: setfield_gc(p578, p295, descr=<FieldP rpyeffect.stack.MetaStackLike.inst_stack 8 pure>)
+9504: setfield_gc(p578, p372, descr=<FieldP rpyeffect.stack.MetaStack.inst_label 16 pure>)
+9512: setfield_gc(p578, ConstPtr(null), descr=<FieldP rpyeffect.stack.MetaStack.inst_region 24 pure>)
+9520: p580 = new_with_vtable(descr=<SizeDescr 40>)
+9536: setfield_gc(p580, p299, descr=<FieldP rpyeffect.stack.MetaStackLike.inst_stack 8 pure>)
+9544: setfield_gc(p580, p371, descr=<FieldP rpyeffect.stack.MetaStack.inst_label 16 pure>)
+9552: setfield_gc(p580, ConstPtr(null), descr=<FieldP rpyeffect.stack.MetaStack.inst_region 24 pure>)
+9560: p582 = new_with_vtable(descr=<SizeDescr 40>)
+9576: setfield_gc(p582, p303, descr=<FieldP rpyeffect.stack.MetaStackLike.inst_stack 8 pure>)
+9584: setfield_gc(p582, p370, descr=<FieldP rpyeffect.stack.MetaStack.inst_label 16 pure>)
+9592: setfield_gc(p582, ConstPtr(null), descr=<FieldP rpyeffect.stack.MetaStack.inst_region 24 pure>)
+9600: p584 = new_with_vtable(descr=<SizeDescr 40>)
+9616: setfield_gc(p584, p307, descr=<FieldP rpyeffect.stack.MetaStackLike.inst_stack 8 pure>)
+9624: setfield_gc(p584, p369, descr=<FieldP rpyeffect.stack.MetaStack.inst_label 16 pure>)
+9632: setfield_gc(p584, ConstPtr(null), descr=<FieldP rpyeffect.stack.MetaStack.inst_region 24 pure>)
+9640: p586 = new_with_vtable(descr=<SizeDescr 40>)
+9656: setfield_gc(p586, p311, descr=<FieldP rpyeffect.stack.MetaStackLike.inst_stack 8 pure>)
+9664: setfield_gc(p586, p368, descr=<FieldP rpyeffect.stack.MetaStack.inst_label 16 pure>)
+9672: setfield_gc(p586, ConstPtr(null), descr=<FieldP rpyeffect.stack.MetaStack.inst_region 24 pure>)
+9680: p588 = new_with_vtable(descr=<SizeDescr 40>)
+9696: setfield_gc(p588, p315, descr=<FieldP rpyeffect.stack.MetaStackLike.inst_stack 8 pure>)
+9704: setfield_gc(p588, p367, descr=<FieldP rpyeffect.stack.MetaStack.inst_label 16 pure>)
+9712: setfield_gc(p588, ConstPtr(null), descr=<FieldP rpyeffect.stack.MetaStack.inst_region 24 pure>)
+9720: p590 = new_with_vtable(descr=<SizeDescr 40>)
+9736: setfield_gc(p590, p319, descr=<FieldP rpyeffect.stack.MetaStackLike.inst_stack 8 pure>)
+9744: setfield_gc(p590, p366, descr=<FieldP rpyeffect.stack.MetaStack.inst_label 16 pure>)
+9752: setfield_gc(p590, ConstPtr(null), descr=<FieldP rpyeffect.stack.MetaStack.inst_region 24 pure>)
+9760: p592 = new_with_vtable(descr=<SizeDescr 40>)
+9776: setfield_gc(p592, p323, descr=<FieldP rpyeffect.stack.MetaStackLike.inst_stack 8 pure>)
+9784: setfield_gc(p592, p365, descr=<FieldP rpyeffect.stack.MetaStack.inst_label 16 pure>)
+9792: setfield_gc(p592, ConstPtr(null), descr=<FieldP rpyeffect.stack.MetaStack.inst_region 24 pure>)
+9800: p594 = new_with_vtable(descr=<SizeDescr 40>)
+9816: setfield_gc(p594, p327, descr=<FieldP rpyeffect.stack.MetaStackLike.inst_stack 8 pure>)
+9824: setfield_gc(p594, p364, descr=<FieldP rpyeffect.stack.MetaStack.inst_label 16 pure>)
+9832: setfield_gc(p594, ConstPtr(null), descr=<FieldP rpyeffect.stack.MetaStack.inst_region 24 pure>)
+9840: p596 = new_with_vtable(descr=<SizeDescr 40>)
+9856: setfield_gc(p596, p331, descr=<FieldP rpyeffect.stack.MetaStackLike.inst_stack 8 pure>)
+9864: setfield_gc(p596, p363, descr=<FieldP rpyeffect.stack.MetaStack.inst_label 16 pure>)
+9872: setfield_gc(p596, ConstPtr(null), descr=<FieldP rpyeffect.stack.MetaStack.inst_region 24 pure>)
+9880: p598 = new_with_vtable(descr=<SizeDescr 40>)
+9896: setfield_gc(p598, p335, descr=<FieldP rpyeffect.stack.MetaStackLike.inst_stack 8 pure>)
+9904: setfield_gc(p598, p362, descr=<FieldP rpyeffect.stack.MetaStack.inst_label 16 pure>)
+9912: setfield_gc(p598, ConstPtr(null), descr=<FieldP rpyeffect.stack.MetaStack.inst_region 24 pure>)
+9920: p600 = new_with_vtable(descr=<SizeDescr 40>)
+9936: setfield_gc(p600, p339, descr=<FieldP rpyeffect.stack.MetaStackLike.inst_stack 8 pure>)
+9944: setfield_gc(p600, p361, descr=<FieldP rpyeffect.stack.MetaStack.inst_label 16 pure>)
+9952: setfield_gc(p600, ConstPtr(null), descr=<FieldP rpyeffect.stack.MetaStack.inst_region 24 pure>)
+9960: p602 = new_with_vtable(descr=<SizeDescr 40>)
+9976: setfield_gc(p602, p343, descr=<FieldP rpyeffect.stack.MetaStackLike.inst_stack 8 pure>)
+9984: setfield_gc(p602, p360, descr=<FieldP rpyeffect.stack.MetaStack.inst_label 16 pure>)
+9992: setfield_gc(p602, ConstPtr(null), descr=<FieldP rpyeffect.stack.MetaStack.inst_region 24 pure>)
+10000: p604 = new_with_vtable(descr=<SizeDescr 40>)
+10016: setfield_gc(p604, p347, descr=<FieldP rpyeffect.stack.MetaStackLike.inst_stack 8 pure>)
+10024: setfield_gc(p604, p359, descr=<FieldP rpyeffect.stack.MetaStack.inst_label 16 pure>)
+10032: setfield_gc(p604, ConstPtr(null), descr=<FieldP rpyeffect.stack.MetaStack.inst_region 24 pure>)
+10040: p606 = new_with_vtable(descr=<SizeDescr 40>)
+10056: setfield_gc(p606, p351, descr=<FieldP rpyeffect.stack.MetaStackLike.inst_stack 8 pure>)
+10064: setfield_gc(p606, p358, descr=<FieldP rpyeffect.stack.MetaStack.inst_label 16 pure>)
+10072: setfield_gc(p606, ConstPtr(null), descr=<FieldP rpyeffect.stack.MetaStack.inst_region 24 pure>)
+10080: p608 = new_with_vtable(descr=<SizeDescr 40>)
+10096: setfield_gc(p608, p355, descr=<FieldP rpyeffect.stack.MetaStackLike.inst_stack 8 pure>)
+10104: setfield_gc(p608, p357, descr=<FieldP rpyeffect.stack.MetaStack.inst_label 16 pure>)
+10112: setfield_gc(p608, ConstPtr(null), descr=<FieldP rpyeffect.stack.MetaStack.inst_region 24 pure>)
+10120: p610 = new_with_vtable(descr=<SizeDescr 40>)
+10136: setfield_gc(p610, p1, descr=<FieldP rpyeffect.stack.MetaStackLike.inst_stack 8 pure>)
+10144: setfield_gc(p610, p0, descr=<FieldP rpyeffect.stack.MetaStack.inst_label 16 pure>)
+10152: setfield_gc(p610, ConstPtr(null), descr=<FieldP rpyeffect.stack.MetaStack.inst_region 24 pure>)
+10160: setfield_gc(p610, p3, descr=<FieldP rpyeffect.stack.MetaStack.inst_tail 32 pure>)
+10168: setfield_gc(p608, p610, descr=<FieldP rpyeffect.stack.MetaStack.inst_tail 32 pure>)
+10172: setfield_gc(p606, p608, descr=<FieldP rpyeffect.stack.MetaStack.inst_tail 32 pure>)
+10176: setfield_gc(p604, p606, descr=<FieldP rpyeffect.stack.MetaStack.inst_tail 32 pure>)
+10180: setfield_gc(p602, p604, descr=<FieldP rpyeffect.stack.MetaStack.inst_tail 32 pure>)
+10184: setfield_gc(p600, p602, descr=<FieldP rpyeffect.stack.MetaStack.inst_tail 32 pure>)
+10188: setfield_gc(p598, p600, descr=<FieldP rpyeffect.stack.MetaStack.inst_tail 32 pure>)
+10192: setfield_gc(p596, p598, descr=<FieldP rpyeffect.stack.MetaStack.inst_tail 32 pure>)
+10196: setfield_gc(p594, p596, descr=<FieldP rpyeffect.stack.MetaStack.inst_tail 32 pure>)
+10200: setfield_gc(p592, p594, descr=<FieldP rpyeffect.stack.MetaStack.inst_tail 32 pure>)
+10204: setfield_gc(p590, p592, descr=<FieldP rpyeffect.stack.MetaStack.inst_tail 32 pure>)
+10208: setfield_gc(p588, p590, descr=<FieldP rpyeffect.stack.MetaStack.inst_tail 32 pure>)
+10212: setfield_gc(p586, p588, descr=<FieldP rpyeffect.stack.MetaStack.inst_tail 32 pure>)
+10216: setfield_gc(p584, p586, descr=<FieldP rpyeffect.stack.MetaStack.inst_tail 32 pure>)
+10220: setfield_gc(p582, p584, descr=<FieldP rpyeffect.stack.MetaStack.inst_tail 32 pure>)
+10224: setfield_gc(p580, p582, descr=<FieldP rpyeffect.stack.MetaStack.inst_tail 32 pure>)
+10232: setfield_gc(p578, p580, descr=<FieldP rpyeffect.stack.MetaStack.inst_tail 32 pure>)
+10240: setfield_gc(p576, p578, descr=<FieldP rpyeffect.stack.MetaStack.inst_tail 32 pure>)
+10248: setfield_gc(p574, p576, descr=<FieldP rpyeffect.stack.MetaStack.inst_tail 32 pure>)
+10256: setfield_gc(p572, p574, descr=<FieldP rpyeffect.stack.MetaStack.inst_tail 32 pure>)
+10264: setfield_gc(p570, p572, descr=<FieldP rpyeffect.stack.MetaStack.inst_tail 32 pure>)
+10272: setfield_gc(p568, p570, descr=<FieldP rpyeffect.stack.MetaStack.inst_tail 32 pure>)
+10280: setfield_gc(p566, p568, descr=<FieldP rpyeffect.stack.MetaStack.inst_tail 32 pure>)
+10288: setfield_gc(p564, p566, descr=<FieldP rpyeffect.stack.MetaStack.inst_tail 32 pure>)
+10296: setfield_gc(p562, p564, descr=<FieldP rpyeffect.stack.MetaStack.inst_tail 32 pure>)
+10304: setfield_gc(p560, p562, descr=<FieldP rpyeffect.stack.MetaStack.inst_tail 32 pure>)
+10312: setfield_gc(p558, p560, descr=<FieldP rpyeffect.stack.MetaStack.inst_tail 32 pure>)
+10320: setfield_gc(p556, p558, descr=<FieldP rpyeffect.stack.MetaStack.inst_tail 32 pure>)
+10328: setfield_gc(p554, p556, descr=<FieldP rpyeffect.stack.MetaStack.inst_tail 32 pure>)
+10336: setfield_gc(p552, p554, descr=<FieldP rpyeffect.stack.MetaStack.inst_tail 32 pure>)
+10344: setfield_gc(p550, p552, descr=<FieldP rpyeffect.stack.MetaStack.inst_tail 32 pure>)
+10352: setfield_gc(p548, p550, descr=<FieldP rpyeffect.stack.MetaStack.inst_tail 32 pure>)
+10360: setfield_gc(p546, p548, descr=<FieldP rpyeffect.stack.MetaStack.inst_tail 32 pure>)
+10368: setfield_gc(p544, p546, descr=<FieldP rpyeffect.stack.MetaStack.inst_tail 32 pure>)
+10376: setfield_gc(p542, p544, descr=<FieldP rpyeffect.stack.MetaStack.inst_tail 32 pure>)
+10384: setfield_gc(p540, p542, descr=<FieldP rpyeffect.stack.MetaStack.inst_tail 32 pure>)
+10392: setfield_gc(p538, p540, descr=<FieldP rpyeffect.stack.MetaStack.inst_tail 32 pure>)
+10400: setfield_gc(p536, p538, descr=<FieldP rpyeffect.stack.MetaStack.inst_tail 32 pure>)
+10408: setfield_gc(p534, p536, descr=<FieldP rpyeffect.stack.MetaStack.inst_tail 32 pure>)
+10416: setfield_gc(p532, p534, descr=<FieldP rpyeffect.stack.MetaStack.inst_tail 32 pure>)
+10424: setfield_gc(p530, p532, descr=<FieldP rpyeffect.stack.MetaStack.inst_tail 32 pure>)
+10432: setfield_gc(p528, p530, descr=<FieldP rpyeffect.stack.MetaStack.inst_tail 32 pure>)
+10440: setfield_gc(p526, p528, descr=<FieldP rpyeffect.stack.MetaStack.inst_tail 32 pure>)
+10448: setfield_gc(p524, p526, descr=<FieldP rpyeffect.stack.MetaStack.inst_tail 32 pure>)
+10456: setfield_gc(p522, p524, descr=<FieldP rpyeffect.stack.MetaStack.inst_tail 32 pure>)
+10464: setfield_gc(p520, p522, descr=<FieldP rpyeffect.stack.MetaStack.inst_tail 32 pure>)
+10472: setfield_gc(p518, p520, descr=<FieldP rpyeffect.stack.MetaStack.inst_tail 32 pure>)
+10480: setfield_gc(p516, p518, descr=<FieldP rpyeffect.stack.MetaStack.inst_tail 32 pure>)
+10488: setfield_gc(p514, p516, descr=<FieldP rpyeffect.stack.MetaStack.inst_tail 32 pure>)
+10496: setfield_gc(p512, p514, descr=<FieldP rpyeffect.stack.MetaStack.inst_tail 32 pure>)
+10504: setfield_gc(p510, p512, descr=<FieldP rpyeffect.stack.MetaStack.inst_tail 32 pure>)
+10512: setfield_gc(p508, p510, descr=<FieldP rpyeffect.stack.MetaStack.inst_tail 32 pure>)
+10520: setfield_gc(p506, p508, descr=<FieldP rpyeffect.stack.MetaStack.inst_tail 32 pure>)
+10528: setfield_gc(p504, p506, descr=<FieldP rpyeffect.stack.MetaStack.inst_tail 32 pure>)
+10536: setfield_gc(p502, p504, descr=<FieldP rpyeffect.stack.MetaStack.inst_tail 32 pure>)
+10544: setfield_gc(p500, p502, descr=<FieldP rpyeffect.stack.MetaStack.inst_tail 32 pure>)
+10552: setfield_gc(p498, p500, descr=<FieldP rpyeffect.stack.MetaStack.inst_tail 32 pure>)
+10560: setfield_gc(p496, p498, descr=<FieldP rpyeffect.stack.MetaStack.inst_tail 32 pure>)
+10568: setfield_gc(p494, p496, descr=<FieldP rpyeffect.stack.MetaStack.inst_tail 32 pure>)
+10576: setfield_gc(p492, p494, descr=<FieldP rpyeffect.stack.MetaStack.inst_tail 32 pure>)
+10584: setfield_gc(p490, p492, descr=<FieldP rpyeffect.stack.MetaStack.inst_tail 32 pure>)
+10592: setfield_gc(p488, p490, descr=<FieldP rpyeffect.stack.MetaStack.inst_tail 32 pure>)
+10600: setfield_gc(p486, p488, descr=<FieldP rpyeffect.stack.MetaStack.inst_tail 32 pure>)
+10608: setfield_gc(p484, p486, descr=<FieldP rpyeffect.stack.MetaStack.inst_tail 32 pure>)
+10616: setfield_gc(p482, p484, descr=<FieldP rpyeffect.stack.MetaStack.inst_tail 32 pure>)
+10624: setfield_gc(p480, p482, descr=<FieldP rpyeffect.stack.MetaStack.inst_tail 32 pure>)
+10632: setfield_gc(p478, p480, descr=<FieldP rpyeffect.stack.MetaStack.inst_tail 32 pure>)
+10640: setfield_gc(p476, p478, descr=<FieldP rpyeffect.stack.MetaStack.inst_tail 32 pure>)
+10648: setfield_gc(p474, p476, descr=<FieldP rpyeffect.stack.MetaStack.inst_tail 32 pure>)
+10656: setfield_gc(p472, p474, descr=<FieldP rpyeffect.stack.MetaStack.inst_tail 32 pure>)
+10664: setfield_gc(p470, p472, descr=<FieldP rpyeffect.stack.MetaStack.inst_tail 32 pure>)
+10672: setfield_gc(p468, p470, descr=<FieldP rpyeffect.stack.MetaStack.inst_tail 32 pure>)
+10680: setfield_gc(p466, p468, descr=<FieldP rpyeffect.stack.MetaStack.inst_tail 32 pure>)
+10688: setfield_gc(p464, p466, descr=<FieldP rpyeffect.stack.MetaStack.inst_tail 32 pure>)
+10696: setfield_gc(p462, p464, descr=<FieldP rpyeffect.stack.MetaStack.inst_tail 32 pure>)
+10704: setfield_gc(p460, p462, descr=<FieldP rpyeffect.stack.MetaStack.inst_tail 32 pure>)
+10712: setfield_gc(p458, p460, descr=<FieldP rpyeffect.stack.MetaStack.inst_tail 32 pure>)
+10720: setfield_gc(p456, p458, descr=<FieldP rpyeffect.stack.MetaStack.inst_tail 32 pure>)
+10728: setfield_gc(p454, p456, descr=<FieldP rpyeffect.stack.MetaStack.inst_tail 32 pure>)
+10736: setfield_gc(p452, p454, descr=<FieldP rpyeffect.stack.MetaStack.inst_tail 32 pure>)
+10744: setfield_gc(p450, p452, descr=<FieldP rpyeffect.stack.MetaStack.inst_tail 32 pure>)
+10752: setfield_gc(p448, p450, descr=<FieldP rpyeffect.stack.MetaStack.inst_tail 32 pure>)
+10760: setfield_gc(p447, ConstPtr(null), descr=<FieldP rpyeffect.stack.MetaStack.inst_region 24 pure>)
+10772: setfield_gc(p447, p31, descr=<FieldP rpyeffect.stack.MetaStackLike.inst_stack 8 pure>)
+10780: setfield_gc(p447, p448, descr=<FieldP rpyeffect.stack.MetaStack.inst_tail 32 pure>)
+10784: setfield_gc(p447, p438, descr=<FieldP rpyeffect.stack.MetaStack.inst_label 16 pure>)
+10792: setfield_gc(p446, 84, descr=<FieldS rpyeffect.stored_environment.Stack__arb_arb.inst_target 16 pure>)
+10804: setfield_gc(p446, p442, descr=<FieldP rpyeffect.stored_environment.Stack__0_1.inst_values_ptr_0 40 pure>)
+10812: setfield_gc(p446, p443, descr=<FieldP rpyeffect.stored_environment.Stack__arb_arb.inst_tail 8 pure>)
+10836: jump(p439, p446, p2, p447, ConstPtr(null), i7, i9, i11, i13, p442, p442, p20, p22, p24, descr=TargetToken(5775494064))
+10972: --end of the loop--
[1044c64] jit-log-opt-loop}
[122db79] {jit-log-opt-bridge
# bridge out of Guard 0x1583f6910 with 435 ops
[p0, i1, i2, i3, p4, p5, p6, p7, p8, p9, p10, p11, p12, p13, p14, p15, p16, p17, p18, p19, p20, p21, p22, p23, p24, p25, p26, p27, p28, p29, p30, p31, p32, p33, p34, p35, p36, p37, p38, p39, p40, p41, p42, p43, p44, p45, p46, p47, p48, p49, p50, p51, p52, p53, p54, p55, p56, p57, p58, p59, p60, p61, p62, p63, p64, p65, p66, p67, p68, p69, p70, p71, p72, p73, p74, p75, p76, p77, p78, p79, p80, p81, p82, p83, p84, p85, p86, p87, p88, p89, p90, p91, p92, p93, p94, p95, p96, p97, p98, p99, p100, p101, p102, p103, p104, p105, p106, p107, p108, p109, p110, p111, p112, p113, p114, p115, p116, p117, p118, p119, p120, p121, p122, p123, p124, p125, p126, p127, p128, p129, p130, p131, p132, p133, p134, p135, p136, p137, p138, p139, p140, p141, p142, p143, p144, p145, p146, p147, p148, p149, p150, p151, p152, p153, p154, p155, p156, p157, p158, p159, p160, p161, p162, p163, p164, p165, p166, p167, p168, p169, p170, p171, p172, p173, p174, p175, p176, p177]
+104: guard_not_invalidated(descr=<Guard0x1585b0a18>) [p0, i1, i2, i3, p4, p5, p6, p7, p8, p9, p10, p11, p12, p13, p14, p15, p16, p17, p18, p19, p20, p21, p22, p23, p24, p25, p26, p27, p28, p29, p30, p31, p32, p33, p34, p35, p36, p37, p38, p39, p40, p41, p42, p43, p44, p45, p46, p47, p48, p49, p50, p51, p52, p53, p54, p55, p56, p57, p58, p59, p60, p61, p62, p63, p64, p65, p66, p67, p68, p69, p70, p71, p72, p73, p74, p75, p76, p77, p78, p79, p80, p81, p82, p83, p84, p85, p86, p87, p88, p89, p90, p91, p92, p93, p94, p95, p96, p97, p98, p99, p100, p101, p102, p103, p104, p105, p106, p107, p108, p109, p110, p111, p112, p113, p114, p115, p116, p117, p118, p119, p120, p121, p122, p123, p124, p125, p126, p127, p128, p129, p130, p131, p132, p133, p134, p135, p136, p137, p138, p139, p140, p141, p142, p143, p144, p145, p146, p147, p148, p149, p150, p151, p152, p153, p154, p155, p156, p157, p158, p159, p160, p161, p162, p163, p164, p165, p166, p167, p168, p169, p170, p171, p172, p173, p174, p175, p176, p177]
debug_merge_point(0, 0, '136<main.rpyeffect:136([#372])>+3: {"op": "Construct". "out": 1. "type": Interned(Unit). "tag": Interned(unit). "args": {"num": []. "ptr": []}}')
debug_merge_point(0, 0, '136<main.rpyeffect:136([#372])>+4: {"op": "Construct". "out": 1. "type": Interned(Unit). "tag": Interned(unit). "args": {"num": []. "ptr": []}}')
debug_merge_point(0, 0, '136<main.rpyeffect:136([#372])>+5: {"op": "Swap". "type": "ptr". "a": 1. "b". 0}')
debug_merge_point(0, 0, '136<main.rpyeffect:136([#372])>+6: {"op": "Jump". "target": 124}')
debug_merge_point(0, 0, '124<main.rpyeffect:124(Name(resume124152))>+0: {"op": "PushStack". "arg": 1}')
debug_merge_point(0, 0, '124<main.rpyeffect:124(Name(resume124152))>+1: {"op": "Return". "args": {"num": []. "ptr": [0]}}')
+108: setfield_gc(p4, i1, descr=<FieldS rpyeffect.region.NumRef.inst_value 8>)
+112: guard_nonnull(p176, descr=<Guard0x1585b0a70>) [p0, i1, i2, i3, p175, p5, p6, p7, p177, p176, p10, p8, p9, p11, p12, p13, p14, p15, p16, p17, p18, p19, p20, p21, p22, p23, p24, p25, p26, p27, p28, p29, p30, p31, p32, p33, p34, p35, p36, p37, p38, p39, p40, p41, p42, p43, p44, p45, p46, p47, p48, p49, p50, p51, p52, p53, p54, p55, p56, p57, p58, p59, p60, p61, p62, p63, p64, p65, p66, p67, p68, p69, p70, p71, p72, p73, p74, p75, p76, p77, p78, p79, p80, p81, p82, p83, p84, p85, p86, p87, p88, p89, p90, p91, p92, p93, p94, p95, p96, p97, p98, p99, p100, p101, p102, p103, p104, p105, p106, p107, p108, p109, p110, p111, p112, p113, p114, p115, p116, p117, p118, p119, p120, p121, p122, p123, p124, p125, p126, p127, p128, p129, p130, p131, p132, p133, p134, p135, p136, p137, p138, p139, p140, p141, p142, p143, p144, p145, p146, p147, p148, p149, p150, p151, p152, p153, p154, p155, p156, p157, p158, p159, p160, p161, p162, p163, p164, p165, p166, p167, p168, p169, p170, p171, p172, p173, p174, None, None, None]
+120: i179 = getfield_gc_i(p176, descr=<FieldS rpyeffect.stored_environment.Stack__arb_arb.inst_target 16 pure>)
+124: guard_value(i179, 141, descr=<Guard0x1585aade0>) [p0, i1, i2, i3, p175, p5, p6, p7, p177, p176, p10, p8, p9, p11, p12, p13, p14, p15, p16, p17, p18, p19, p20, p21, p22, p23, p24, p25, p26, p27, p28, p29, p30, p31, p32, p33, p34, p35, p36, p37, p38, p39, p40, p41, p42, p43, p44, p45, p46, p47, p48, p49, p50, p51, p52, p53, p54, p55, p56, p57, p58, p59, p60, p61, p62, p63, p64, p65, p66, p67, p68, p69, p70, p71, p72, p73, p74, p75, p76, p77, p78, p79, p80, p81, p82, p83, p84, p85, p86, p87, p88, p89, p90, p91, p92, p93, p94, p95, p96, p97, p98, p99, p100, p101, p102, p103, p104, p105, p106, p107, p108, p109, p110, p111, p112, p113, p114, p115, p116, p117, p118, p119, p120, p121, p122, p123, p124, p125, p126, p127, p128, p129, p130, p131, p132, p133, p134, p135, p136, p137, p138, p139, p140, p141, p142, p143, p144, p145, p146, p147, p148, p149, p150, p151, p152, p153, p154, p155, p156, p157, p158, p159, p160, p161, p162, p163, p164, p165, p166, p167, p168, p169, p170, p171, p172, p173, p174, None, None, None]
debug_merge_point(0, 0, '80<main.rpyeffect:80([k@[k@[then#224]#228]#231])>+0: {"op": "Copy". "type": "ptr". "from": 1. "to". 0}')
debug_merge_point(0, 0, '80<main.rpyeffect:80([k@[k@[then#224]#228]#231])>+1: {"op": "Jump". "target": 85}')
debug_merge_point(0, 0, '85<main.rpyeffect:85(Name(countdown2631))>+0: {"op": "Push". "target": 84. "args": {"num": []. "ptr": [0]}}')
debug_merge_point(0, 0, '85<main.rpyeffect:85(Name(countdown2631))>+1: {"op": "Jump". "target": 78}')
+136: p181 = new_with_vtable(descr=<SizeDescr 48>)
+244: p182 = new_with_vtable(descr=<SizeDescr 40>)
+256: p183 = new_with_vtable(descr=<SizeDescr 40>)
+268: setfield_gc(p183, p172, descr=<FieldP rpyeffect.stack.MetaStackLike.inst_stack 8 pure>)
+272: setfield_gc(p183, p171, descr=<FieldP rpyeffect.stack.MetaStack.inst_label 16 pure>)
+280: setfield_gc(p183, ConstPtr(null), descr=<FieldP rpyeffect.stack.MetaStack.inst_region 24 pure>)
+288: p185 = new_with_vtable(descr=<SizeDescr 40>)
+300: setfield_gc(p185, p170, descr=<FieldP rpyeffect.stack.MetaStackLike.inst_stack 8 pure>)
+304: setfield_gc(p185, p169, descr=<FieldP rpyeffect.stack.MetaStack.inst_label 16 pure>)
+312: setfield_gc(p185, ConstPtr(null), descr=<FieldP rpyeffect.stack.MetaStack.inst_region 24 pure>)
+320: p187 = new_with_vtable(descr=<SizeDescr 40>)
+332: setfield_gc(p187, p168, descr=<FieldP rpyeffect.stack.MetaStackLike.inst_stack 8 pure>)
+340: setfield_gc(p187, p167, descr=<FieldP rpyeffect.stack.MetaStack.inst_label 16 pure>)
+348: setfield_gc(p187, ConstPtr(null), descr=<FieldP rpyeffect.stack.MetaStack.inst_region 24 pure>)
+356: p189 = new_with_vtable(descr=<SizeDescr 40>)
+368: setfield_gc(p189, p166, descr=<FieldP rpyeffect.stack.MetaStackLike.inst_stack 8 pure>)
+376: setfield_gc(p189, p165, descr=<FieldP rpyeffect.stack.MetaStack.inst_label 16 pure>)
+384: setfield_gc(p189, ConstPtr(null), descr=<FieldP rpyeffect.stack.MetaStack.inst_region 24 pure>)
+392: p191 = new_with_vtable(descr=<SizeDescr 40>)
+404: setfield_gc(p191, p164, descr=<FieldP rpyeffect.stack.MetaStackLike.inst_stack 8 pure>)
+412: setfield_gc(p191, p163, descr=<FieldP rpyeffect.stack.MetaStack.inst_label 16 pure>)
+420: setfield_gc(p191, ConstPtr(null), descr=<FieldP rpyeffect.stack.MetaStack.inst_region 24 pure>)
+428: p193 = new_with_vtable(descr=<SizeDescr 40>)
+440: setfield_gc(p193, p162, descr=<FieldP rpyeffect.stack.MetaStackLike.inst_stack 8 pure>)
+448: setfield_gc(p193, p161, descr=<FieldP rpyeffect.stack.MetaStack.inst_label 16 pure>)
+456: setfield_gc(p193, ConstPtr(null), descr=<FieldP rpyeffect.stack.MetaStack.inst_region 24 pure>)
+464: p195 = new_with_vtable(descr=<SizeDescr 40>)
+480: setfield_gc(p195, p160, descr=<FieldP rpyeffect.stack.MetaStackLike.inst_stack 8 pure>)
+488: setfield_gc(p195, p159, descr=<FieldP rpyeffect.stack.MetaStack.inst_label 16 pure>)
+496: setfield_gc(p195, ConstPtr(null), descr=<FieldP rpyeffect.stack.MetaStack.inst_region 24 pure>)
+504: p197 = new_with_vtable(descr=<SizeDescr 40>)
+520: setfield_gc(p197, p158, descr=<FieldP rpyeffect.stack.MetaStackLike.inst_stack 8 pure>)
+528: setfield_gc(p197, p157, descr=<FieldP rpyeffect.stack.MetaStack.inst_label 16 pure>)
+536: setfield_gc(p197, ConstPtr(null), descr=<FieldP rpyeffect.stack.MetaStack.inst_region 24 pure>)
+544: p199 = new_with_vtable(descr=<SizeDescr 40>)
+560: setfield_gc(p199, p156, descr=<FieldP rpyeffect.stack.MetaStackLike.inst_stack 8 pure>)
+568: setfield_gc(p199, p155, descr=<FieldP rpyeffect.stack.MetaStack.inst_label 16 pure>)
+576: setfield_gc(p199, ConstPtr(null), descr=<FieldP rpyeffect.stack.MetaStack.inst_region 24 pure>)
+584: p201 = new_with_vtable(descr=<SizeDescr 40>)
+600: setfield_gc(p201, p154, descr=<FieldP rpyeffect.stack.MetaStackLike.inst_stack 8 pure>)
+608: setfield_gc(p201, p153, descr=<FieldP rpyeffect.stack.MetaStack.inst_label 16 pure>)
+616: setfield_gc(p201, ConstPtr(null), descr=<FieldP rpyeffect.stack.MetaStack.inst_region 24 pure>)
+624: p203 = new_with_vtable(descr=<SizeDescr 40>)
+640: setfield_gc(p203, p152, descr=<FieldP rpyeffect.stack.MetaStackLike.inst_stack 8 pure>)
+648: setfield_gc(p203, p151, descr=<FieldP rpyeffect.stack.MetaStack.inst_label 16 pure>)
+656: setfield_gc(p203, ConstPtr(null), descr=<FieldP rpyeffect.stack.MetaStack.inst_region 24 pure>)
+664: p205 = new_with_vtable(descr=<SizeDescr 40>)
+680: setfield_gc(p205, p150, descr=<FieldP rpyeffect.stack.MetaStackLike.inst_stack 8 pure>)
+688: setfield_gc(p205, p149, descr=<FieldP rpyeffect.stack.MetaStack.inst_label 16 pure>)
+696: setfield_gc(p205, ConstPtr(null), descr=<FieldP rpyeffect.stack.MetaStack.inst_region 24 pure>)
+704: p207 = new_with_vtable(descr=<SizeDescr 40>)
+720: setfield_gc(p207, p148, descr=<FieldP rpyeffect.stack.MetaStackLike.inst_stack 8 pure>)
+728: setfield_gc(p207, p147, descr=<FieldP rpyeffect.stack.MetaStack.inst_label 16 pure>)
+736: setfield_gc(p207, ConstPtr(null), descr=<FieldP rpyeffect.stack.MetaStack.inst_region 24 pure>)
+744: p209 = new_with_vtable(descr=<SizeDescr 40>)
+760: setfield_gc(p209, p146, descr=<FieldP rpyeffect.stack.MetaStackLike.inst_stack 8 pure>)
+768: setfield_gc(p209, p145, descr=<FieldP rpyeffect.stack.MetaStack.inst_label 16 pure>)
+776: setfield_gc(p209, ConstPtr(null), descr=<FieldP rpyeffect.stack.MetaStack.inst_region 24 pure>)
+784: p211 = new_with_vtable(descr=<SizeDescr 40>)
+800: setfield_gc(p211, p144, descr=<FieldP rpyeffect.stack.MetaStackLike.inst_stack 8 pure>)
+808: setfield_gc(p211, p143, descr=<FieldP rpyeffect.stack.MetaStack.inst_label 16 pure>)
+816: setfield_gc(p211, ConstPtr(null), descr=<FieldP rpyeffect.stack.MetaStack.inst_region 24 pure>)
+824: p213 = new_with_vtable(descr=<SizeDescr 40>)
+840: setfield_gc(p213, p142, descr=<FieldP rpyeffect.stack.MetaStackLike.inst_stack 8 pure>)
+848: setfield_gc(p213, p141, descr=<FieldP rpyeffect.stack.MetaStack.inst_label 16 pure>)
+856: setfield_gc(p213, ConstPtr(null), descr=<FieldP rpyeffect.stack.MetaStack.inst_region 24 pure>)
+864: p215 = new_with_vtable(descr=<SizeDescr 40>)
+880: setfield_gc(p215, p140, descr=<FieldP rpyeffect.stack.MetaStackLike.inst_stack 8 pure>)
+888: setfield_gc(p215, p139, descr=<FieldP rpyeffect.stack.MetaStack.inst_label 16 pure>)
+896: setfield_gc(p215, ConstPtr(null), descr=<FieldP rpyeffect.stack.MetaStack.inst_region 24 pure>)
+904: p217 = new_with_vtable(descr=<SizeDescr 40>)
+920: setfield_gc(p217, p138, descr=<FieldP rpyeffect.stack.MetaStackLike.inst_stack 8 pure>)
+928: setfield_gc(p217, p137, descr=<FieldP rpyeffect.stack.MetaStack.inst_label 16 pure>)
+936: setfield_gc(p217, ConstPtr(null), descr=<FieldP rpyeffect.stack.MetaStack.inst_region 24 pure>)
+944: p219 = new_with_vtable(descr=<SizeDescr 40>)
+960: setfield_gc(p219, p136, descr=<FieldP rpyeffect.stack.MetaStackLike.inst_stack 8 pure>)
+968: setfield_gc(p219, p135, descr=<FieldP rpyeffect.stack.MetaStack.inst_label 16 pure>)
+976: setfield_gc(p219, ConstPtr(null), descr=<FieldP rpyeffect.stack.MetaStack.inst_region 24 pure>)
+984: p221 = new_with_vtable(descr=<SizeDescr 40>)
+1000: setfield_gc(p221, p134, descr=<FieldP rpyeffect.stack.MetaStackLike.inst_stack 8 pure>)
+1008: setfield_gc(p221, p133, descr=<FieldP rpyeffect.stack.MetaStack.inst_label 16 pure>)
+1016: setfield_gc(p221, ConstPtr(null), descr=<FieldP rpyeffect.stack.MetaStack.inst_region 24 pure>)
+1024: p223 = new_with_vtable(descr=<SizeDescr 40>)
+1040: setfield_gc(p223, p132, descr=<FieldP rpyeffect.stack.MetaStackLike.inst_stack 8 pure>)
+1048: setfield_gc(p223, p131, descr=<FieldP rpyeffect.stack.MetaStack.inst_label 16 pure>)
+1056: setfield_gc(p223, ConstPtr(null), descr=<FieldP rpyeffect.stack.MetaStack.inst_region 24 pure>)
+1064: p225 = new_with_vtable(descr=<SizeDescr 40>)
+1080: setfield_gc(p225, p130, descr=<FieldP rpyeffect.stack.MetaStackLike.inst_stack 8 pure>)
+1088: setfield_gc(p225, p129, descr=<FieldP rpyeffect.stack.MetaStack.inst_label 16 pure>)
+1096: setfield_gc(p225, ConstPtr(null), descr=<FieldP rpyeffect.stack.MetaStack.inst_region 24 pure>)
+1104: p227 = new_with_vtable(descr=<SizeDescr 40>)
+1120: setfield_gc(p227, p128, descr=<FieldP rpyeffect.stack.MetaStackLike.inst_stack 8 pure>)
+1128: setfield_gc(p227, p127, descr=<FieldP rpyeffect.stack.MetaStack.inst_label 16 pure>)
+1136: setfield_gc(p227, ConstPtr(null), descr=<FieldP rpyeffect.stack.MetaStack.inst_region 24 pure>)
+1144: p229 = new_with_vtable(descr=<SizeDescr 40>)
+1160: setfield_gc(p229, p126, descr=<FieldP rpyeffect.stack.MetaStackLike.inst_stack 8 pure>)
+1168: setfield_gc(p229, p125, descr=<FieldP rpyeffect.stack.MetaStack.inst_label 16 pure>)
+1176: setfield_gc(p229, ConstPtr(null), descr=<FieldP rpyeffect.stack.MetaStack.inst_region 24 pure>)
+1184: p231 = new_with_vtable(descr=<SizeDescr 40>)
+1200: setfield_gc(p231, p124, descr=<FieldP rpyeffect.stack.MetaStackLike.inst_stack 8 pure>)
+1208: setfield_gc(p231, p123, descr=<FieldP rpyeffect.stack.MetaStack.inst_label 16 pure>)
+1216: setfield_gc(p231, ConstPtr(null), descr=<FieldP rpyeffect.stack.MetaStack.inst_region 24 pure>)
+1224: p233 = new_with_vtable(descr=<SizeDescr 40>)
+1240: setfield_gc(p233, p122, descr=<FieldP rpyeffect.stack.MetaStackLike.inst_stack 8 pure>)
+1248: setfield_gc(p233, p121, descr=<FieldP rpyeffect.stack.MetaStack.inst_label 16 pure>)
+1256: setfield_gc(p233, ConstPtr(null), descr=<FieldP rpyeffect.stack.MetaStack.inst_region 24 pure>)
+1264: p235 = new_with_vtable(descr=<SizeDescr 40>)
+1280: setfield_gc(p235, p120, descr=<FieldP rpyeffect.stack.MetaStackLike.inst_stack 8 pure>)
+1288: setfield_gc(p235, p119, descr=<FieldP rpyeffect.stack.MetaStack.inst_label 16 pure>)
+1296: setfield_gc(p235, ConstPtr(null), descr=<FieldP rpyeffect.stack.MetaStack.inst_region 24 pure>)
+1304: p237 = new_with_vtable(descr=<SizeDescr 40>)
+1320: setfield_gc(p237, p118, descr=<FieldP rpyeffect.stack.MetaStackLike.inst_stack 8 pure>)
+1328: setfield_gc(p237, p117, descr=<FieldP rpyeffect.stack.MetaStack.inst_label 16 pure>)
+1336: setfield_gc(p237, ConstPtr(null), descr=<FieldP rpyeffect.stack.MetaStack.inst_region 24 pure>)
+1344: p239 = new_with_vtable(descr=<SizeDescr 40>)
+1360: setfield_gc(p239, p116, descr=<FieldP rpyeffect.stack.MetaStackLike.inst_stack 8 pure>)
+1368: setfield_gc(p239, p115, descr=<FieldP rpyeffect.stack.MetaStack.inst_label 16 pure>)
+1376: setfield_gc(p239, ConstPtr(null), descr=<FieldP rpyeffect.stack.MetaStack.inst_region 24 pure>)
+1384: p241 = new_with_vtable(descr=<SizeDescr 40>)
+1400: setfield_gc(p241, p114, descr=<FieldP rpyeffect.stack.MetaStackLike.inst_stack 8 pure>)
+1408: setfield_gc(p241, p113, descr=<FieldP rpyeffect.stack.MetaStack.inst_label 16 pure>)
+1416: setfield_gc(p241, ConstPtr(null), descr=<FieldP rpyeffect.stack.MetaStack.inst_region 24 pure>)
+1424: p243 = new_with_vtable(descr=<SizeDescr 40>)
+1440: setfield_gc(p243, p112, descr=<FieldP rpyeffect.stack.MetaStackLike.inst_stack 8 pure>)
+1448: setfield_gc(p243, p111, descr=<FieldP rpyeffect.stack.MetaStack.inst_label 16 pure>)
+1456: setfield_gc(p243, ConstPtr(null), descr=<FieldP rpyeffect.stack.MetaStack.inst_region 24 pure>)
+1464: p245 = new_with_vtable(descr=<SizeDescr 40>)
+1480: setfield_gc(p245, p110, descr=<FieldP rpyeffect.stack.MetaStackLike.inst_stack 8 pure>)
+1488: setfield_gc(p245, p109, descr=<FieldP rpyeffect.stack.MetaStack.inst_label 16 pure>)
+1496: setfield_gc(p245, ConstPtr(null), descr=<FieldP rpyeffect.stack.MetaStack.inst_region 24 pure>)
+1504: p247 = new_with_vtable(descr=<SizeDescr 40>)
+1520: setfield_gc(p247, p108, descr=<FieldP rpyeffect.stack.MetaStackLike.inst_stack 8 pure>)
+1528: setfield_gc(p247, p107, descr=<FieldP rpyeffect.stack.MetaStack.inst_label 16 pure>)
+1536: setfield_gc(p247, ConstPtr(null), descr=<FieldP rpyeffect.stack.MetaStack.inst_region 24 pure>)
+1544: p249 = new_with_vtable(descr=<SizeDescr 40>)
+1560: setfield_gc(p249, p106, descr=<FieldP rpyeffect.stack.MetaStackLike.inst_stack 8 pure>)
+1568: setfield_gc(p249, p105, descr=<FieldP rpyeffect.stack.MetaStack.inst_label 16 pure>)
+1576: setfield_gc(p249, ConstPtr(null), descr=<FieldP rpyeffect.stack.MetaStack.inst_region 24 pure>)
+1584: p251 = new_with_vtable(descr=<SizeDescr 40>)
+1600: setfield_gc(p251, p104, descr=<FieldP rpyeffect.stack.MetaStackLike.inst_stack 8 pure>)
+1608: setfield_gc(p251, p103, descr=<FieldP rpyeffect.stack.MetaStack.inst_label 16 pure>)
+1616: setfield_gc(p251, ConstPtr(null), descr=<FieldP rpyeffect.stack.MetaStack.inst_region 24 pure>)
+1624: p253 = new_with_vtable(descr=<SizeDescr 40>)
+1640: setfield_gc(p253, p102, descr=<FieldP rpyeffect.stack.MetaStackLike.inst_stack 8 pure>)
+1648: setfield_gc(p253, p101, descr=<FieldP rpyeffect.stack.MetaStack.inst_label 16 pure>)
+1656: setfield_gc(p253, ConstPtr(null), descr=<FieldP rpyeffect.stack.MetaStack.inst_region 24 pure>)
+1664: p255 = new_with_vtable(descr=<SizeDescr 40>)
+1680: setfield_gc(p255, p100, descr=<FieldP rpyeffect.stack.MetaStackLike.inst_stack 8 pure>)
+1688: setfield_gc(p255, p99, descr=<FieldP rpyeffect.stack.MetaStack.inst_label 16 pure>)
+1696: setfield_gc(p255, ConstPtr(null), descr=<FieldP rpyeffect.stack.MetaStack.inst_region 24 pure>)
+1704: p257 = new_with_vtable(descr=<SizeDescr 40>)
+1720: setfield_gc(p257, p98, descr=<FieldP rpyeffect.stack.MetaStackLike.inst_stack 8 pure>)
+1728: setfield_gc(p257, p97, descr=<FieldP rpyeffect.stack.MetaStack.inst_label 16 pure>)
+1736: setfield_gc(p257, ConstPtr(null), descr=<FieldP rpyeffect.stack.MetaStack.inst_region 24 pure>)
+1744: p259 = new_with_vtable(descr=<SizeDescr 40>)
+1760: setfield_gc(p259, p96, descr=<FieldP rpyeffect.stack.MetaStackLike.inst_stack 8 pure>)
+1768: setfield_gc(p259, p95, descr=<FieldP rpyeffect.stack.MetaStack.inst_label 16 pure>)
+1776: setfield_gc(p259, ConstPtr(null), descr=<FieldP rpyeffect.stack.MetaStack.inst_region 24 pure>)
+1784: p261 = new_with_vtable(descr=<SizeDescr 40>)
+1800: setfield_gc(p261, p94, descr=<FieldP rpyeffect.stack.MetaStackLike.inst_stack 8 pure>)
+1808: setfield_gc(p261, p93, descr=<FieldP rpyeffect.stack.MetaStack.inst_label 16 pure>)
+1816: setfield_gc(p261, ConstPtr(null), descr=<FieldP rpyeffect.stack.MetaStack.inst_region 24 pure>)
+1824: p263 = new_with_vtable(descr=<SizeDescr 40>)
+1840: setfield_gc(p263, p92, descr=<FieldP rpyeffect.stack.MetaStackLike.inst_stack 8 pure>)
+1848: setfield_gc(p263, p91, descr=<FieldP rpyeffect.stack.MetaStack.inst_label 16 pure>)
+1856: setfield_gc(p263, ConstPtr(null), descr=<FieldP rpyeffect.stack.MetaStack.inst_region 24 pure>)
+1864: p265 = new_with_vtable(descr=<SizeDescr 40>)
+1880: setfield_gc(p265, p90, descr=<FieldP rpyeffect.stack.MetaStackLike.inst_stack 8 pure>)
+1888: setfield_gc(p265, p89, descr=<FieldP rpyeffect.stack.MetaStack.inst_label 16 pure>)
+1896: setfield_gc(p265, ConstPtr(null), descr=<FieldP rpyeffect.stack.MetaStack.inst_region 24 pure>)
+1904: p267 = new_with_vtable(descr=<SizeDescr 40>)
+1920: setfield_gc(p267, p88, descr=<FieldP rpyeffect.stack.MetaStackLike.inst_stack 8 pure>)
+1928: setfield_gc(p267, p87, descr=<FieldP rpyeffect.stack.MetaStack.inst_label 16 pure>)
+1936: setfield_gc(p267, ConstPtr(null), descr=<FieldP rpyeffect.stack.MetaStack.inst_region 24 pure>)
+1944: p269 = new_with_vtable(descr=<SizeDescr 40>)
+1960: setfield_gc(p269, p86, descr=<FieldP rpyeffect.stack.MetaStackLike.inst_stack 8 pure>)
+1968: setfield_gc(p269, p85, descr=<FieldP rpyeffect.stack.MetaStack.inst_label 16 pure>)
+1976: setfield_gc(p269, ConstPtr(null), descr=<FieldP rpyeffect.stack.MetaStack.inst_region 24 pure>)
+1984: p271 = new_with_vtable(descr=<SizeDescr 40>)
+2000: setfield_gc(p271, p84, descr=<FieldP rpyeffect.stack.MetaStackLike.inst_stack 8 pure>)
+2008: setfield_gc(p271, p83, descr=<FieldP rpyeffect.stack.MetaStack.inst_label 16 pure>)
+2016: setfield_gc(p271, ConstPtr(null), descr=<FieldP rpyeffect.stack.MetaStack.inst_region 24 pure>)
+2024: p273 = new_with_vtable(descr=<SizeDescr 40>)
+2040: setfield_gc(p273, p82, descr=<FieldP rpyeffect.stack.MetaStackLike.inst_stack 8 pure>)
+2048: setfield_gc(p273, p81, descr=<FieldP rpyeffect.stack.MetaStack.inst_label 16 pure>)
+2056: setfield_gc(p273, ConstPtr(null), descr=<FieldP rpyeffect.stack.MetaStack.inst_region 24 pure>)
+2064: p275 = new_with_vtable(descr=<SizeDescr 40>)
+2080: setfield_gc(p275, p80, descr=<FieldP rpyeffect.stack.MetaStackLike.inst_stack 8 pure>)
+2088: setfield_gc(p275, p79, descr=<FieldP rpyeffect.stack.MetaStack.inst_label 16 pure>)
+2096: setfield_gc(p275, ConstPtr(null), descr=<FieldP rpyeffect.stack.MetaStack.inst_region 24 pure>)
+2104: p277 = new_with_vtable(descr=<SizeDescr 40>)
+2120: setfield_gc(p277, p78, descr=<FieldP rpyeffect.stack.MetaStackLike.inst_stack 8 pure>)
+2128: setfield_gc(p277, p77, descr=<FieldP rpyeffect.stack.MetaStack.inst_label 16 pure>)
+2136: setfield_gc(p277, ConstPtr(null), descr=<FieldP rpyeffect.stack.MetaStack.inst_region 24 pure>)
+2144: p279 = new_with_vtable(descr=<SizeDescr 40>)
+2160: setfield_gc(p279, p76, descr=<FieldP rpyeffect.stack.MetaStackLike.inst_stack 8 pure>)
+2168: setfield_gc(p279, p75, descr=<FieldP rpyeffect.stack.MetaStack.inst_label 16 pure>)
+2176: setfield_gc(p279, ConstPtr(null), descr=<FieldP rpyeffect.stack.MetaStack.inst_region 24 pure>)
+2184: p281 = new_with_vtable(descr=<SizeDescr 40>)
+2200: setfield_gc(p281, p74, descr=<FieldP rpyeffect.stack.MetaStackLike.inst_stack 8 pure>)
+2208: setfield_gc(p281, p73, descr=<FieldP rpyeffect.stack.MetaStack.inst_label 16 pure>)
+2216: setfield_gc(p281, ConstPtr(null), descr=<FieldP rpyeffect.stack.MetaStack.inst_region 24 pure>)
+2224: p283 = new_with_vtable(descr=<SizeDescr 40>)
+2240: setfield_gc(p283, p72, descr=<FieldP rpyeffect.stack.MetaStackLike.inst_stack 8 pure>)
+2248: setfield_gc(p283, p71, descr=<FieldP rpyeffect.stack.MetaStack.inst_label 16 pure>)
+2256: setfield_gc(p283, ConstPtr(null), descr=<FieldP rpyeffect.stack.MetaStack.inst_region 24 pure>)
+2264: p285 = new_with_vtable(descr=<SizeDescr 40>)
+2280: setfield_gc(p285, p70, descr=<FieldP rpyeffect.stack.MetaStackLike.inst_stack 8 pure>)
+2288: setfield_gc(p285, p69, descr=<FieldP rpyeffect.stack.MetaStack.inst_label 16 pure>)
+2296: setfield_gc(p285, ConstPtr(null), descr=<FieldP rpyeffect.stack.MetaStack.inst_region 24 pure>)
+2304: p287 = new_with_vtable(descr=<SizeDescr 40>)
+2320: setfield_gc(p287, p68, descr=<FieldP rpyeffect.stack.MetaStackLike.inst_stack 8 pure>)
+2328: setfield_gc(p287, p67, descr=<FieldP rpyeffect.stack.MetaStack.inst_label 16 pure>)
+2336: setfield_gc(p287, ConstPtr(null), descr=<FieldP rpyeffect.stack.MetaStack.inst_region 24 pure>)
+2344: p289 = new_with_vtable(descr=<SizeDescr 40>)
+2360: setfield_gc(p289, p66, descr=<FieldP rpyeffect.stack.MetaStackLike.inst_stack 8 pure>)
+2368: setfield_gc(p289, p65, descr=<FieldP rpyeffect.stack.MetaStack.inst_label 16 pure>)
+2376: setfield_gc(p289, ConstPtr(null), descr=<FieldP rpyeffect.stack.MetaStack.inst_region 24 pure>)
+2384: p291 = new_with_vtable(descr=<SizeDescr 40>)
+2400: setfield_gc(p291, p64, descr=<FieldP rpyeffect.stack.MetaStackLike.inst_stack 8 pure>)
+2408: setfield_gc(p291, p63, descr=<FieldP rpyeffect.stack.MetaStack.inst_label 16 pure>)
+2416: setfield_gc(p291, ConstPtr(null), descr=<FieldP rpyeffect.stack.MetaStack.inst_region 24 pure>)
+2424: p293 = new_with_vtable(descr=<SizeDescr 40>)
+2440: setfield_gc(p293, p62, descr=<FieldP rpyeffect.stack.MetaStackLike.inst_stack 8 pure>)
+2448: setfield_gc(p293, p61, descr=<FieldP rpyeffect.stack.MetaStack.inst_label 16 pure>)
+2456: setfield_gc(p293, ConstPtr(null), descr=<FieldP rpyeffect.stack.MetaStack.inst_region 24 pure>)
+2464: p295 = new_with_vtable(descr=<SizeDescr 40>)
+2480: setfield_gc(p295, p60, descr=<FieldP rpyeffect.stack.MetaStackLike.inst_stack 8 pure>)
+2488: setfield_gc(p295, p59, descr=<FieldP rpyeffect.stack.MetaStack.inst_label 16 pure>)
+2496: setfield_gc(p295, ConstPtr(null), descr=<FieldP rpyeffect.stack.MetaStack.inst_region 24 pure>)
+2504: p297 = new_with_vtable(descr=<SizeDescr 40>)
+2520: setfield_gc(p297, p58, descr=<FieldP rpyeffect.stack.MetaStackLike.inst_stack 8 pure>)
+2528: setfield_gc(p297, p57, descr=<FieldP rpyeffect.stack.MetaStack.inst_label 16 pure>)
+2536: setfield_gc(p297, ConstPtr(null), descr=<FieldP rpyeffect.stack.MetaStack.inst_region 24 pure>)
+2544: p299 = new_with_vtable(descr=<SizeDescr 40>)
+2560: setfield_gc(p299, p56, descr=<FieldP rpyeffect.stack.MetaStackLike.inst_stack 8 pure>)
+2568: setfield_gc(p299, p55, descr=<FieldP rpyeffect.stack.MetaStack.inst_label 16 pure>)
+2576: setfield_gc(p299, ConstPtr(null), descr=<FieldP rpyeffect.stack.MetaStack.inst_region 24 pure>)
+2584: p301 = new_with_vtable(descr=<SizeDescr 40>)
+2600: setfield_gc(p301, p54, descr=<FieldP rpyeffect.stack.MetaStackLike.inst_stack 8 pure>)
+2608: setfield_gc(p301, p53, descr=<FieldP rpyeffect.stack.MetaStack.inst_label 16 pure>)
+2616: setfield_gc(p301, ConstPtr(null), descr=<FieldP rpyeffect.stack.MetaStack.inst_region 24 pure>)
+2624: p303 = new_with_vtable(descr=<SizeDescr 40>)
+2640: setfield_gc(p303, p52, descr=<FieldP rpyeffect.stack.MetaStackLike.inst_stack 8 pure>)
+2648: setfield_gc(p303, p51, descr=<FieldP rpyeffect.stack.MetaStack.inst_label 16 pure>)
+2656: setfield_gc(p303, ConstPtr(null), descr=<FieldP rpyeffect.stack.MetaStack.inst_region 24 pure>)
+2664: p305 = new_with_vtable(descr=<SizeDescr 40>)
+2680: setfield_gc(p305, p50, descr=<FieldP rpyeffect.stack.MetaStackLike.inst_stack 8 pure>)
+2688: setfield_gc(p305, p49, descr=<FieldP rpyeffect.stack.MetaStack.inst_label 16 pure>)
+2696: setfield_gc(p305, ConstPtr(null), descr=<FieldP rpyeffect.stack.MetaStack.inst_region 24 pure>)
+2704: p307 = new_with_vtable(descr=<SizeDescr 40>)
+2720: setfield_gc(p307, p48, descr=<FieldP rpyeffect.stack.MetaStackLike.inst_stack 8 pure>)
+2728: setfield_gc(p307, p47, descr=<FieldP rpyeffect.stack.MetaStack.inst_label 16 pure>)
+2736: setfield_gc(p307, ConstPtr(null), descr=<FieldP rpyeffect.stack.MetaStack.inst_region 24 pure>)
+2744: p309 = new_with_vtable(descr=<SizeDescr 40>)
+2760: setfield_gc(p309, p46, descr=<FieldP rpyeffect.stack.MetaStackLike.inst_stack 8 pure>)
+2768: setfield_gc(p309, p45, descr=<FieldP rpyeffect.stack.MetaStack.inst_label 16 pure>)
+2776: setfield_gc(p309, ConstPtr(null), descr=<FieldP rpyeffect.stack.MetaStack.inst_region 24 pure>)
+2784: p311 = new_with_vtable(descr=<SizeDescr 40>)
+2800: setfield_gc(p311, p44, descr=<FieldP rpyeffect.stack.MetaStackLike.inst_stack 8 pure>)
+2808: setfield_gc(p311, p43, descr=<FieldP rpyeffect.stack.MetaStack.inst_label 16 pure>)
+2816: setfield_gc(p311, ConstPtr(null), descr=<FieldP rpyeffect.stack.MetaStack.inst_region 24 pure>)
+2824: p313 = new_with_vtable(descr=<SizeDescr 40>)
+2840: setfield_gc(p313, p42, descr=<FieldP rpyeffect.stack.MetaStackLike.inst_stack 8 pure>)
+2848: setfield_gc(p313, p41, descr=<FieldP rpyeffect.stack.MetaStack.inst_label 16 pure>)
+2856: setfield_gc(p313, ConstPtr(null), descr=<FieldP rpyeffect.stack.MetaStack.inst_region 24 pure>)
+2864: p315 = new_with_vtable(descr=<SizeDescr 40>)
+2880: setfield_gc(p315, p40, descr=<FieldP rpyeffect.stack.MetaStackLike.inst_stack 8 pure>)
+2888: setfield_gc(p315, p39, descr=<FieldP rpyeffect.stack.MetaStack.inst_label 16 pure>)
+2896: setfield_gc(p315, ConstPtr(null), descr=<FieldP rpyeffect.stack.MetaStack.inst_region 24 pure>)
+2904: p317 = new_with_vtable(descr=<SizeDescr 40>)
+2920: setfield_gc(p317, p38, descr=<FieldP rpyeffect.stack.MetaStackLike.inst_stack 8 pure>)
+2928: setfield_gc(p317, p37, descr=<FieldP rpyeffect.stack.MetaStack.inst_label 16 pure>)
+2936: setfield_gc(p317, ConstPtr(null), descr=<FieldP rpyeffect.stack.MetaStack.inst_region 24 pure>)
+2944: p319 = new_with_vtable(descr=<SizeDescr 40>)
+2960: setfield_gc(p319, p36, descr=<FieldP rpyeffect.stack.MetaStackLike.inst_stack 8 pure>)
+2968: setfield_gc(p319, p35, descr=<FieldP rpyeffect.stack.MetaStack.inst_label 16 pure>)
+2976: setfield_gc(p319, ConstPtr(null), descr=<FieldP rpyeffect.stack.MetaStack.inst_region 24 pure>)
+2984: p321 = new_with_vtable(descr=<SizeDescr 40>)
+3000: setfield_gc(p321, p34, descr=<FieldP rpyeffect.stack.MetaStackLike.inst_stack 8 pure>)
+3008: setfield_gc(p321, p33, descr=<FieldP rpyeffect.stack.MetaStack.inst_label 16 pure>)
+3016: setfield_gc(p321, ConstPtr(null), descr=<FieldP rpyeffect.stack.MetaStack.inst_region 24 pure>)
+3024: p323 = new_with_vtable(descr=<SizeDescr 40>)
+3040: setfield_gc(p323, p32, descr=<FieldP rpyeffect.stack.MetaStackLike.inst_stack 8 pure>)
+3048: setfield_gc(p323, p31, descr=<FieldP rpyeffect.stack.MetaStack.inst_label 16 pure>)
+3056: setfield_gc(p323, ConstPtr(null), descr=<FieldP rpyeffect.stack.MetaStack.inst_region 24 pure>)
+3064: p325 = new_with_vtable(descr=<SizeDescr 40>)
+3080: setfield_gc(p325, p30, descr=<FieldP rpyeffect.stack.MetaStackLike.inst_stack 8 pure>)
+3088: setfield_gc(p325, p29, descr=<FieldP rpyeffect.stack.MetaStack.inst_label 16 pure>)
+3096: setfield_gc(p325, ConstPtr(null), descr=<FieldP rpyeffect.stack.MetaStack.inst_region 24 pure>)
+3104: p327 = new_with_vtable(descr=<SizeDescr 40>)
+3120: setfield_gc(p327, p28, descr=<FieldP rpyeffect.stack.MetaStackLike.inst_stack 8 pure>)
+3128: setfield_gc(p327, p27, descr=<FieldP rpyeffect.stack.MetaStack.inst_label 16 pure>)
+3136: setfield_gc(p327, ConstPtr(null), descr=<FieldP rpyeffect.stack.MetaStack.inst_region 24 pure>)
+3144: p329 = new_with_vtable(descr=<SizeDescr 40>)
+3160: setfield_gc(p329, p26, descr=<FieldP rpyeffect.stack.MetaStackLike.inst_stack 8 pure>)
+3168: setfield_gc(p329, p25, descr=<FieldP rpyeffect.stack.MetaStack.inst_label 16 pure>)
+3176: setfield_gc(p329, ConstPtr(null), descr=<FieldP rpyeffect.stack.MetaStack.inst_region 24 pure>)
+3184: p331 = new_with_vtable(descr=<SizeDescr 40>)
+3200: setfield_gc(p331, p24, descr=<FieldP rpyeffect.stack.MetaStackLike.inst_stack 8 pure>)
+3208: setfield_gc(p331, p23, descr=<FieldP rpyeffect.stack.MetaStack.inst_label 16 pure>)
+3216: setfield_gc(p331, ConstPtr(null), descr=<FieldP rpyeffect.stack.MetaStack.inst_region 24 pure>)
+3224: p333 = new_with_vtable(descr=<SizeDescr 40>)
+3240: setfield_gc(p333, p22, descr=<FieldP rpyeffect.stack.MetaStackLike.inst_stack 8 pure>)
+3248: setfield_gc(p333, p21, descr=<FieldP rpyeffect.stack.MetaStack.inst_label 16 pure>)
+3256: setfield_gc(p333, ConstPtr(null), descr=<FieldP rpyeffect.stack.MetaStack.inst_region 24 pure>)
+3264: p335 = new_with_vtable(descr=<SizeDescr 40>)
+3280: setfield_gc(p335, p20, descr=<FieldP rpyeffect.stack.MetaStackLike.inst_stack 8 pure>)
+3288: setfield_gc(p335, p19, descr=<FieldP rpyeffect.stack.MetaStack.inst_label 16 pure>)
+3296: setfield_gc(p335, ConstPtr(null), descr=<FieldP rpyeffect.stack.MetaStack.inst_region 24 pure>)
+3304: p337 = new_with_vtable(descr=<SizeDescr 40>)
+3320: setfield_gc(p337, p18, descr=<FieldP rpyeffect.stack.MetaStackLike.inst_stack 8 pure>)
+3328: setfield_gc(p337, p17, descr=<FieldP rpyeffect.stack.MetaStack.inst_label 16 pure>)
+3336: setfield_gc(p337, ConstPtr(null), descr=<FieldP rpyeffect.stack.MetaStack.inst_region 24 pure>)
+3344: p339 = new_with_vtable(descr=<SizeDescr 40>)
+3360: setfield_gc(p339, p16, descr=<FieldP rpyeffect.stack.MetaStackLike.inst_stack 8 pure>)
+3368: setfield_gc(p339, p15, descr=<FieldP rpyeffect.stack.MetaStack.inst_label 16 pure>)
+3376: setfield_gc(p339, ConstPtr(null), descr=<FieldP rpyeffect.stack.MetaStack.inst_region 24 pure>)
+3384: p341 = new_with_vtable(descr=<SizeDescr 40>)
+3400: setfield_gc(p341, p14, descr=<FieldP rpyeffect.stack.MetaStackLike.inst_stack 8 pure>)
+3408: setfield_gc(p341, p13, descr=<FieldP rpyeffect.stack.MetaStack.inst_label 16 pure>)
+3416: setfield_gc(p341, ConstPtr(null), descr=<FieldP rpyeffect.stack.MetaStack.inst_region 24 pure>)
+3424: p343 = new_with_vtable(descr=<SizeDescr 40>)
+3440: setfield_gc(p343, p12, descr=<FieldP rpyeffect.stack.MetaStackLike.inst_stack 8 pure>)
+3448: setfield_gc(p343, p11, descr=<FieldP rpyeffect.stack.MetaStack.inst_label 16 pure>)
+3452: setfield_gc(p343, ConstPtr(null), descr=<FieldP rpyeffect.stack.MetaStack.inst_region 24 pure>)
+3460: p345 = new_with_vtable(descr=<SizeDescr 40>)
+3472: setfield_gc(p345, p9, descr=<FieldP rpyeffect.stack.MetaStackLike.inst_stack 8 pure>)
+3476: setfield_gc(p345, p8, descr=<FieldP rpyeffect.stack.MetaStack.inst_label 16 pure>)
+3480: setfield_gc(p345, ConstPtr(null), descr=<FieldP rpyeffect.stack.MetaStack.inst_region 24 pure>)
+3488: setfield_gc(p345, p10, descr=<FieldP rpyeffect.stack.MetaStack.inst_tail 32 pure>)
+3492: setfield_gc(p343, p345, descr=<FieldP rpyeffect.stack.MetaStack.inst_tail 32 pure>)
+3496: setfield_gc(p341, p343, descr=<FieldP rpyeffect.stack.MetaStack.inst_tail 32 pure>)
+3500: setfield_gc(p339, p341, descr=<FieldP rpyeffect.stack.MetaStack.inst_tail 32 pure>)
+3504: setfield_gc(p337, p339, descr=<FieldP rpyeffect.stack.MetaStack.inst_tail 32 pure>)
+3508: setfield_gc(p335, p337, descr=<FieldP rpyeffect.stack.MetaStack.inst_tail 32 pure>)
+3512: setfield_gc(p333, p335, descr=<FieldP rpyeffect.stack.MetaStack.inst_tail 32 pure>)
+3516: setfield_gc(p331, p333, descr=<FieldP rpyeffect.stack.MetaStack.inst_tail 32 pure>)
+3520: setfield_gc(p329, p331, descr=<FieldP rpyeffect.stack.MetaStack.inst_tail 32 pure>)
+3524: setfield_gc(p327, p329, descr=<FieldP rpyeffect.stack.MetaStack.inst_tail 32 pure>)
+3528: setfield_gc(p325, p327, descr=<FieldP rpyeffect.stack.MetaStack.inst_tail 32 pure>)
+3532: setfield_gc(p323, p325, descr=<FieldP rpyeffect.stack.MetaStack.inst_tail 32 pure>)
+3536: setfield_gc(p321, p323, descr=<FieldP rpyeffect.stack.MetaStack.inst_tail 32 pure>)
+3544: setfield_gc(p319, p321, descr=<FieldP rpyeffect.stack.MetaStack.inst_tail 32 pure>)
+3552: setfield_gc(p317, p319, descr=<FieldP rpyeffect.stack.MetaStack.inst_tail 32 pure>)
+3560: setfield_gc(p315, p317, descr=<FieldP rpyeffect.stack.MetaStack.inst_tail 32 pure>)
+3568: setfield_gc(p313, p315, descr=<FieldP rpyeffect.stack.MetaStack.inst_tail 32 pure>)
+3576: setfield_gc(p311, p313, descr=<FieldP rpyeffect.stack.MetaStack.inst_tail 32 pure>)
+3584: setfield_gc(p309, p311, descr=<FieldP rpyeffect.stack.MetaStack.inst_tail 32 pure>)
+3592: setfield_gc(p307, p309, descr=<FieldP rpyeffect.stack.MetaStack.inst_tail 32 pure>)
+3600: setfield_gc(p305, p307, descr=<FieldP rpyeffect.stack.MetaStack.inst_tail 32 pure>)
+3608: setfield_gc(p303, p305, descr=<FieldP rpyeffect.stack.MetaStack.inst_tail 32 pure>)
+3616: setfield_gc(p301, p303, descr=<FieldP rpyeffect.stack.MetaStack.inst_tail 32 pure>)
+3624: setfield_gc(p299, p301, descr=<FieldP rpyeffect.stack.MetaStack.inst_tail 32 pure>)
+3632: setfield_gc(p297, p299, descr=<FieldP rpyeffect.stack.MetaStack.inst_tail 32 pure>)
+3640: setfield_gc(p295, p297, descr=<FieldP rpyeffect.stack.MetaStack.inst_tail 32 pure>)
+3648: setfield_gc(p293, p295, descr=<FieldP rpyeffect.stack.MetaStack.inst_tail 32 pure>)
+3656: setfield_gc(p291, p293, descr=<FieldP rpyeffect.stack.MetaStack.inst_tail 32 pure>)
+3664: setfield_gc(p289, p291, descr=<FieldP rpyeffect.stack.MetaStack.inst_tail 32 pure>)
+3672: setfield_gc(p287, p289, descr=<FieldP rpyeffect.stack.MetaStack.inst_tail 32 pure>)
+3680: setfield_gc(p285, p287, descr=<FieldP rpyeffect.stack.MetaStack.inst_tail 32 pure>)
+3688: setfield_gc(p283, p285, descr=<FieldP rpyeffect.stack.MetaStack.inst_tail 32 pure>)
+3696: setfield_gc(p281, p283, descr=<FieldP rpyeffect.stack.MetaStack.inst_tail 32 pure>)
+3704: setfield_gc(p279, p281, descr=<FieldP rpyeffect.stack.MetaStack.inst_tail 32 pure>)
+3712: setfield_gc(p277, p279, descr=<FieldP rpyeffect.stack.MetaStack.inst_tail 32 pure>)
+3720: setfield_gc(p275, p277, descr=<FieldP rpyeffect.stack.MetaStack.inst_tail 32 pure>)
+3728: setfield_gc(p273, p275, descr=<FieldP rpyeffect.stack.MetaStack.inst_tail 32 pure>)
+3736: setfield_gc(p271, p273, descr=<FieldP rpyeffect.stack.MetaStack.inst_tail 32 pure>)
+3744: setfield_gc(p269, p271, descr=<FieldP rpyeffect.stack.MetaStack.inst_tail 32 pure>)
+3752: setfield_gc(p267, p269, descr=<FieldP rpyeffect.stack.MetaStack.inst_tail 32 pure>)
+3760: setfield_gc(p265, p267, descr=<FieldP rpyeffect.stack.MetaStack.inst_tail 32 pure>)
+3768: setfield_gc(p263, p265, descr=<FieldP rpyeffect.stack.MetaStack.inst_tail 32 pure>)
+3776: setfield_gc(p261, p263, descr=<FieldP rpyeffect.stack.MetaStack.inst_tail 32 pure>)
+3784: setfield_gc(p259, p261, descr=<FieldP rpyeffect.stack.MetaStack.inst_tail 32 pure>)
+3792: setfield_gc(p257, p259, descr=<FieldP rpyeffect.stack.MetaStack.inst_tail 32 pure>)
+3800: setfield_gc(p255, p257, descr=<FieldP rpyeffect.stack.MetaStack.inst_tail 32 pure>)
+3808: setfield_gc(p253, p255, descr=<FieldP rpyeffect.stack.MetaStack.inst_tail 32 pure>)
+3816: setfield_gc(p251, p253, descr=<FieldP rpyeffect.stack.MetaStack.inst_tail 32 pure>)
+3824: setfield_gc(p249, p251, descr=<FieldP rpyeffect.stack.MetaStack.inst_tail 32 pure>)
+3832: setfield_gc(p247, p249, descr=<FieldP rpyeffect.stack.MetaStack.inst_tail 32 pure>)
+3840: setfield_gc(p245, p247, descr=<FieldP rpyeffect.stack.MetaStack.inst_tail 32 pure>)
+3848: setfield_gc(p243, p245, descr=<FieldP rpyeffect.stack.MetaStack.inst_tail 32 pure>)
+3856: setfield_gc(p241, p243, descr=<FieldP rpyeffect.stack.MetaStack.inst_tail 32 pure>)
+3864: setfield_gc(p239, p241, descr=<FieldP rpyeffect.stack.MetaStack.inst_tail 32 pure>)
+3872: setfield_gc(p237, p239, descr=<FieldP rpyeffect.stack.MetaStack.inst_tail 32 pure>)
+3880: setfield_gc(p235, p237, descr=<FieldP rpyeffect.stack.MetaStack.inst_tail 32 pure>)
+3888: setfield_gc(p233, p235, descr=<FieldP rpyeffect.stack.MetaStack.inst_tail 32 pure>)
+3896: setfield_gc(p231, p233, descr=<FieldP rpyeffect.stack.MetaStack.inst_tail 32 pure>)
+3904: setfield_gc(p229, p231, descr=<FieldP rpyeffect.stack.MetaStack.inst_tail 32 pure>)
+3912: setfield_gc(p227, p229, descr=<FieldP rpyeffect.stack.MetaStack.inst_tail 32 pure>)
+3920: setfield_gc(p225, p227, descr=<FieldP rpyeffect.stack.MetaStack.inst_tail 32 pure>)
+3928: setfield_gc(p223, p225, descr=<FieldP rpyeffect.stack.MetaStack.inst_tail 32 pure>)
+3936: setfield_gc(p221, p223, descr=<FieldP rpyeffect.stack.MetaStack.inst_tail 32 pure>)
+3944: setfield_gc(p219, p221, descr=<FieldP rpyeffect.stack.MetaStack.inst_tail 32 pure>)
+3952: setfield_gc(p217, p219, descr=<FieldP rpyeffect.stack.MetaStack.inst_tail 32 pure>)
+3960: setfield_gc(p215, p217, descr=<FieldP rpyeffect.stack.MetaStack.inst_tail 32 pure>)
+3968: setfield_gc(p213, p215, descr=<FieldP rpyeffect.stack.MetaStack.inst_tail 32 pure>)
+3976: setfield_gc(p211, p213, descr=<FieldP rpyeffect.stack.MetaStack.inst_tail 32 pure>)
+3984: setfield_gc(p209, p211, descr=<FieldP rpyeffect.stack.MetaStack.inst_tail 32 pure>)
+3992: setfield_gc(p207, p209, descr=<FieldP rpyeffect.stack.MetaStack.inst_tail 32 pure>)
+4000: setfield_gc(p205, p207, descr=<FieldP rpyeffect.stack.MetaStack.inst_tail 32 pure>)
+4008: setfield_gc(p203, p205, descr=<FieldP rpyeffect.stack.MetaStack.inst_tail 32 pure>)
+4016: setfield_gc(p201, p203, descr=<FieldP rpyeffect.stack.MetaStack.inst_tail 32 pure>)
+4024: setfield_gc(p199, p201, descr=<FieldP rpyeffect.stack.MetaStack.inst_tail 32 pure>)
+4032: setfield_gc(p197, p199, descr=<FieldP rpyeffect.stack.MetaStack.inst_tail 32 pure>)
+4040: setfield_gc(p195, p197, descr=<FieldP rpyeffect.stack.MetaStack.inst_tail 32 pure>)
+4048: setfield_gc(p193, p195, descr=<FieldP rpyeffect.stack.MetaStack.inst_tail 32 pure>)
+4056: setfield_gc(p191, p193, descr=<FieldP rpyeffect.stack.MetaStack.inst_tail 32 pure>)
+4064: setfield_gc(p189, p191, descr=<FieldP rpyeffect.stack.MetaStack.inst_tail 32 pure>)
+4072: setfield_gc(p187, p189, descr=<FieldP rpyeffect.stack.MetaStack.inst_tail 32 pure>)
+4080: setfield_gc(p185, p187, descr=<FieldP rpyeffect.stack.MetaStack.inst_tail 32 pure>)
+4088: setfield_gc(p183, p185, descr=<FieldP rpyeffect.stack.MetaStack.inst_tail 32 pure>)
+4096: setfield_gc(p181, 84, descr=<FieldS rpyeffect.stored_environment.Stack__arb_arb.inst_target 16 pure>)
+4108: setfield_gc(p181, p176, descr=<FieldP rpyeffect.stored_environment.Stack__arb_arb.inst_tail 8 pure>)
+4116: setfield_gc(p181, p175, descr=<FieldP rpyeffect.stored_environment.Stack__0_1.inst_values_ptr_0 40 pure>)
+4124: setfield_gc(p182, p174, descr=<FieldP rpyeffect.stack.MetaStackLike.inst_stack 8 pure>)
+4136: setfield_gc(p182, p173, descr=<FieldP rpyeffect.stack.MetaStack.inst_label 16 pure>)
+4144: setfield_gc(p182, ConstPtr(null), descr=<FieldP rpyeffect.stack.MetaStack.inst_region 24 pure>)
+4152: setfield_gc(p182, p183, descr=<FieldP rpyeffect.stack.MetaStack.inst_tail 32 pure>)
+4172: jump(p177, p181, p0, p182, ConstPtr(null), i1, 0, i2, i3, p175, p175, p5, p6, p7, descr=TargetToken(5775494064))
+4224: --end of the loop--
[1264eef] jit-log-opt-bridge}
