[7f34428] {jit-log-opt-loop
# Loop 2 (803<std_core_hnd.rpyeffect:502([mcore:[#725]#1309])>+3: {"op": "Copy", "type": "ptr", "from": 1, "to", 0}) : loop with 384 ops
[p0, p1, p2, p3]
+584: p4 = getfield_gc_r(p2, descr=<FieldP rpyeffect.environment.Environment.inst_values_num 16>)
+592: i6 = getarrayitem_gc_i(p4, 0, descr=<ArrayS 8>)
+596: i8 = getarrayitem_gc_i(p4, 1, descr=<ArrayS 8>)
+600: i10 = getarrayitem_gc_i(p4, 2, descr=<ArrayS 8>)
+604: i12 = getarrayitem_gc_i(p4, 3, descr=<ArrayS 8>)
+608: i14 = getarrayitem_gc_i(p4, 4, descr=<ArrayS 8>)
+612: i16 = getarrayitem_gc_i(p4, 5, descr=<ArrayS 8>)
+616: i18 = getarrayitem_gc_i(p4, 6, descr=<ArrayS 8>)
+620: i20 = getarrayitem_gc_i(p4, 7, descr=<ArrayS 8>)
+624: i22 = getarrayitem_gc_i(p4, 8, descr=<ArrayS 8>)
+628: i24 = getarrayitem_gc_i(p4, 9, descr=<ArrayS 8>)
+632: i26 = getarrayitem_gc_i(p4, 10, descr=<ArrayS 8>)
+636: i28 = getarrayitem_gc_i(p4, 11, descr=<ArrayS 8>)
+640: i30 = getarrayitem_gc_i(p4, 12, descr=<ArrayS 8>)
+644: i32 = getarrayitem_gc_i(p4, 13, descr=<ArrayS 8>)
+648: i34 = getarrayitem_gc_i(p4, 14, descr=<ArrayS 8>)
+656: i36 = getarrayitem_gc_i(p4, 15, descr=<ArrayS 8>)
+660: p37 = getfield_gc_r(p2, descr=<FieldP rpyeffect.environment.Environment.inst_values_ptr 24>)
+664: p39 = getarrayitem_gc_r(p37, 0, descr=<ArrayP 8>)
+672: p41 = getarrayitem_gc_r(p37, 1, descr=<ArrayP 8>)
+680: p43 = getarrayitem_gc_r(p37, 2, descr=<ArrayP 8>)
+688: p45 = getarrayitem_gc_r(p37, 3, descr=<ArrayP 8>)
+696: p47 = getarrayitem_gc_r(p37, 4, descr=<ArrayP 8>)
+704: p49 = getarrayitem_gc_r(p37, 5, descr=<ArrayP 8>)
+712: p51 = getarrayitem_gc_r(p37, 6, descr=<ArrayP 8>)
+720: p53 = getarrayitem_gc_r(p37, 7, descr=<ArrayP 8>)
+728: p55 = getarrayitem_gc_r(p37, 8, descr=<ArrayP 8>)
+736: p57 = getarrayitem_gc_r(p37, 9, descr=<ArrayP 8>)
+744: p59 = getarrayitem_gc_r(p37, 10, descr=<ArrayP 8>)
+752: p61 = getarrayitem_gc_r(p37, 11, descr=<ArrayP 8>)
+760: p63 = getarrayitem_gc_r(p37, 12, descr=<ArrayP 8>)
+768: p65 = getarrayitem_gc_r(p37, 13, descr=<ArrayP 8>)
+776: p67 = getarrayitem_gc_r(p37, 14, descr=<ArrayP 8>)
+784: p69 = getarrayitem_gc_r(p37, 15, descr=<ArrayP 8>)
+788: label(p0, p1, p2, p3, i6, i8, i10, i12, i14, i16, i18, i20, i22, i24, i26, i28, i30, i32, i34, i36, p39, p41, p43, p45, p47, p49, p51, p53, p55, p57, p59, p61, p63, p65, p67, p69, descr=TargetToken(5242277264))
debug_merge_point(0, 0, '803<std_core_hnd.rpyeffect:502([mcore:[#725]#1309])>+3: {"op": "Copy". "type": "ptr". "from": 1. "to". 0}')
+848: guard_not_invalidated(descr=<Guard0x1284a4650>) [p2, i6, i8, i10, i12, i14, i16, i18, i20, i22, i24, i26, i28, i30, i32, i34, i36, p39, p41, p43, p45, p47, p49, p51, p53, p55, p57, p59, p61, p63, p65, p67, p69, p0, p1, p3]
debug_merge_point(0, 0, '803<std_core_hnd.rpyeffect:502([mcore:[#725]#1309])>+4: {"op": "Jump". "target": 784}')
+852: guard_nonnull(p1, descr=<Guard0x1387a3760>) [p2, i6, i8, i10, i12, i14, i16, i18, i20, i22, i24, i26, i28, i30, i32, i34, i36, p39, p41, p43, p45, p47, p49, p51, p53, p55, p57, p59, p61, p63, p65, p67, p69, p0, p1, p3]
+864: i70 = getfield_gc_i(p1, descr=<FieldS rpyeffect.stored_environment.Stack__arb_arb.inst_target 16 pure>)
+872: guard_value(i70, 802, descr=<Guard0x1387a37a0>) [p2, i6, i8, i10, i12, i14, i16, i18, i20, i22, i24, i26, i28, i30, i32, i34, i36, p39, p41, p43, p45, p47, p49, p51, p53, p55, p57, p59, p61, p63, p65, p67, p69, p0, p1, p3]
debug_merge_point(0, 0, '784<std_core_hnd.rpyeffect:483([mcore:[#715]#1295])>+0: {"op": "Const". "type": "ptr". "out": 0. "format": "string". "value": "Name(import$std/core/hnd)"}')
debug_merge_point(0, 0, '784<std_core_hnd.rpyeffect:483([mcore:[#715]#1295])>+1: {"op": "PrimOp". "name": "getGlobal(String): Ptr". "out": {"num": []. "ptr": [0]}. "in": {"num": []. "ptr": [0]}}')
debug_merge_point(0, 0, '784<std_core_hnd.rpyeffect:483([mcore:[#715]#1295])>+2: {"op": "CallLib". "lib": "0". "symbol": "evvSwapCreate1"}')
debug_merge_point(0, 0, '307<std_core_hnd.rpyeffect:6(Name(evvSwapCreate1))>+0: {"op": "Construct". "out": 0. "type": Interned(evv). "tag": Interned(nil). "args": {"num": []. "ptr": []}}')
debug_merge_point(0, 0, '307<std_core_hnd.rpyeffect:6(Name(evvSwapCreate1))>+1: {"op": "Push". "target": 306. "args": {"num": [0]. "ptr": [0]}}')
debug_merge_point(0, 0, '307<std_core_hnd.rpyeffect:6(Name(evvSwapCreate1))>+2: {"op": "Jump". "target": 301}')
debug_merge_point(0, 0, '301<std_core_hnd.rpyeffect:0(Name(getCurrentEvv))>+0: {"op": "Const". "type": "ptr". "out": 0. "format": "string". "value": "current-evv"}')
debug_merge_point(0, 0, '301<std_core_hnd.rpyeffect:0(Name(getCurrentEvv))>+1: {"op": "PrimOp". "name": "getGlobal(String): Ptr". "out": {"num": []. "ptr": [0]}. "in": {"num": []. "ptr": [0]}}')
debug_merge_point(0, 0, '301<std_core_hnd.rpyeffect:0(Name(getCurrentEvv))>+2: {"op": "PrimOp". "name": "getRef(Ref[Ptr]): Ptr". "out": {"num": []. "ptr": [0]}. "in": {"num": []. "ptr": [0]}}')
+888: p73 = getfield_gc_r(ConstPtr(ptr72), descr=<FieldP rpyeffect.region.PtrRef.inst_value 8>)
debug_merge_point(0, 0, '301<std_core_hnd.rpyeffect:0(Name(getCurrentEvv))>+3: {"op": "Return". "args": {"num": []. "ptr": [0]}}')
debug_merge_point(0, 0, '306<std_core_hnd.rpyeffect:5([k@Name(evvSwapCreate1)#21])>+0: {"op": "Push". "target": 305. "args": {"num": []. "ptr": [0. 1]}}')
debug_merge_point(0, 0, '306<std_core_hnd.rpyeffect:5([k@Name(evvSwapCreate1)#21])>+1: {"op": "Jump". "target": 331}')
debug_merge_point(0, 0, '331<std_core_hnd.rpyeffect:30(Name(elt))>+0: {"op": "Switch". "scrutinee": 0. "values": [0]. "targets": [329]. "default": 330}')
+892: i75 = int_eq(i6, 0)
guard_true(i75, descr=<Guard0x1387a37e0>) [p2, i6, i8, i10, i12, i14, i16, i18, i20, i22, i24, i26, i28, i30, i32, i34, i36, p39, p41, p43, p45, p47, p49, p51, p53, p55, p57, p59, p61, p63, p65, p67, p69, p0, p1, p3]
debug_merge_point(0, 0, '329<std_core_hnd.rpyeffect:28([switch case for 0#86])>+0: {"op": "Proj". "out": 0. "type": Interned(evv). "scrutinee": 0. "tag": Interned(cons). "field": 0. "field_type": "ptr"}')
+900: p76 = getfield_gc_r(p73, descr=<FieldP rpyeffect.stored_environment.Data__arb_arb.inst_tag 8>)
+908: guard_value(p76, ConstPtr(ptr77), descr=<Guard0x1387a3820>) [p2, i6, i8, i10, i12, i14, i16, i18, i20, i22, i24, i26, i28, i30, i32, i34, i36, p39, p41, p43, p45, p47, p49, p51, p53, p55, p57, p59, p61, p63, p65, p67, p69, p0, p1, p3]
+916: guard_class(p73, ConstClass(Data__0_2), descr=<Guard0x1387a3860>) [p2, i6, i8, i10, i12, i14, i16, i18, i20, i22, i24, i26, i28, i30, i32, i34, i36, p39, p41, p43, p45, p47, p49, p51, p53, p55, p57, p59, p61, p63, p65, p67, p69, p0, p1, p3]
+932: p79 = getfield_gc_r(p73, descr=<FieldP rpyeffect.stored_environment.Data__0_2.inst_values_ptr_0 32 pure>)
debug_merge_point(0, 0, '329<std_core_hnd.rpyeffect:28([switch case for 0#86])>+1: {"op": "Return". "args": {"num": []. "ptr": [0]}}')
debug_merge_point(0, 0, '305<std_core_hnd.rpyeffect:4([k@[k@Name(evvSwapCreate1)#21]#23])>+0: {"op": "Construct". "out": 0. "type": Interned(evv). "tag": Interned(cons). "args": {"num": []. "ptr": [0. 2]}}')
debug_merge_point(0, 0, '305<std_core_hnd.rpyeffect:4([k@[k@Name(evvSwapCreate1)#21]#23])>+1: {"op": "Push". "target": 304. "args": {"num": []. "ptr": [1]}}')
debug_merge_point(0, 0, '305<std_core_hnd.rpyeffect:4([k@[k@Name(evvSwapCreate1)#21]#23])>+2: {"op": "Jump". "target": 302}')
debug_merge_point(0, 0, '302<std_core_hnd.rpyeffect:1(Name(setCurrentEvv))>+0: {"op": "Const". "type": "ptr". "out": 1. "format": "string". "value": "current-evv"}')
debug_merge_point(0, 0, '302<std_core_hnd.rpyeffect:1(Name(setCurrentEvv))>+1: {"op": "PrimOp". "name": "getGlobal(String): Ptr". "out": {"num": []. "ptr": [1]}. "in": {"num": []. "ptr": [1]}}')
debug_merge_point(0, 0, '302<std_core_hnd.rpyeffect:1(Name(setCurrentEvv))>+2: {"op": "PrimOp". "name": "setRef(Ref[Ptr]. Ptr): Unit". "out": {"num": []. "ptr": [0]}. "in": {"num": []. "ptr": [1. 0]}}')
debug_merge_point(0, 0, '302<std_core_hnd.rpyeffect:1(Name(setCurrentEvv))>+3: {"op": "Return". "args": {"num": []. "ptr": [0]}}')
debug_merge_point(0, 0, '304<std_core_hnd.rpyeffect:3([k@[k@[k@Name(evvSwapCreate1)#21]#23]#26])>+0: {"op": "Copy". "type": "ptr". "from": 1. "to". 0}')
debug_merge_point(0, 0, '304<std_core_hnd.rpyeffect:3([k@[k@[k@Name(evvSwapCreate1)#21]#23]#26])>+1: {"op": "Return". "args": {"num": []. "ptr": [0]}}')
+936: i80 = getfield_gc_i(p1, descr=<FieldS rpyeffect.stored_environment.Stack__1_1.inst_values_num_0 40 pure>)
+936: p81 = getfield_gc_r(p1, descr=<FieldP rpyeffect.stored_environment.Stack__1_1.inst_values_ptr_0 48 pure>)
+940: p82 = getfield_gc_r(p1, descr=<FieldP rpyeffect.stored_environment.Stack__arb_arb.inst_tail 8 pure>)
debug_merge_point(0, 0, '802<std_core_hnd.rpyeffect:501([k@[mcore:[#725]#1309]#1314])>+0: {"op": "Push". "target": 801. "args": {"num": [0]. "ptr": [0]}}')
debug_merge_point(0, 0, '802<std_core_hnd.rpyeffect:501([k@[mcore:[#725]#1309]#1314])>+1: {"op": "Invoke". "receiver": 1. "tag": Interned(%apply():p). "args" : {"num": []. "ptr": []}}')
+940: p83 = getfield_gc_r(p81, descr=<FieldP rpyeffect.stored_environment.CoData__arb_arb.inst_vtable 24 pure>)
+948: guard_value(p83, ConstPtr(ptr84), descr=<Guard0x1387a38a0>) [p2, i6, i8, i10, i12, i14, i16, i18, i20, i22, i24, i26, i28, i30, i32, i34, i36, p39, p41, p43, p45, p47, p49, p51, p53, p55, p57, p59, p61, p63, p65, p67, p69, p0, p1, p3]
debug_merge_point(0, 0, '5122<main.rpyeffect:125([#467])>+0: {"op": "Const". "type": "ptr". "out": 0. "format": "string". "value": "Name(import$std/core/hnd)"}')
debug_merge_point(0, 0, '5122<main.rpyeffect:125([#467])>+1: {"op": "PrimOp". "name": "getGlobal(String): Ptr". "out": {"num": []. "ptr": [0]}. "in": {"num": []. "ptr": [0]}}')
debug_merge_point(0, 0, '5122<main.rpyeffect:125([#467])>+2: {"op": "Jump". "target": 5118}')
debug_merge_point(0, 0, '5118<main.rpyeffect:121([mcore:[#254]#392])>+0: {"op": "Const". "type": "num". "out": 0. "value": 0}')
debug_merge_point(0, 0, '5118<main.rpyeffect:121([mcore:[#254]#392])>+1: {"op": "Const". "type": "ptr". "out": 0. "format": "string". "value": "Name(import$std/core/hnd)"}')
debug_merge_point(0, 0, '5118<main.rpyeffect:121([mcore:[#254]#392])>+2: {"op": "PrimOp". "name": "getGlobal(String): Ptr". "out": {"num": []. "ptr": [0]}. "in": {"num": []. "ptr": [0]}}')
debug_merge_point(0, 0, '5118<main.rpyeffect:121([mcore:[#254]#392])>+3: {"op": "Push". "target": 5117. "args": {"num": [0]. "ptr": []}}')
debug_merge_point(0, 0, '5118<main.rpyeffect:121([mcore:[#254]#392])>+4: {"op": "Jump". "target": 5106}')
debug_merge_point(0, 0, '5106<main.rpyeffect:109([mcore:[#247]#388])>+0: {"op": "Const". "type": "ptr". "out": 0. "format": "string". "value": "Name(import$std/core/hnd)"}')
debug_merge_point(0, 0, '5106<main.rpyeffect:109([mcore:[#247]#388])>+1: {"op": "PrimOp". "name": "getGlobal(String): Ptr". "out": {"num": []. "ptr": [0]}. "in": {"num": []. "ptr": [0]}}')
debug_merge_point(0, 0, '5106<main.rpyeffect:109([mcore:[#247]#388])>+2: {"op": "CallLib". "lib": "0". "symbol": "getCurrentEvv"}')
debug_merge_point(0, 0, '301<std_core_hnd.rpyeffect:0(Name(getCurrentEvv))>+0: {"op": "Const". "type": "ptr". "out": 0. "format": "string". "value": "current-evv"}')
debug_merge_point(0, 0, '301<std_core_hnd.rpyeffect:0(Name(getCurrentEvv))>+1: {"op": "PrimOp". "name": "getGlobal(String): Ptr". "out": {"num": []. "ptr": [0]}. "in": {"num": []. "ptr": [0]}}')
debug_merge_point(0, 0, '301<std_core_hnd.rpyeffect:0(Name(getCurrentEvv))>+2: {"op": "PrimOp". "name": "getRef(Ref[Ptr]): Ptr". "out": {"num": []. "ptr": [0]}. "in": {"num": []. "ptr": [0]}}')
debug_merge_point(0, 0, '301<std_core_hnd.rpyeffect:0(Name(getCurrentEvv))>+3: {"op": "Return". "args": {"num": []. "ptr": [0]}}')
debug_merge_point(0, 0, '5117<main.rpyeffect:120([k@[mcore:[#254]#392]#398])>+0: {"op": "PrimOp". "name": "promote_ptr". "out": {"num": []. "ptr": [0]}. "in": {"num": []. "ptr": [0]}}')
debug_merge_point(0, 0, '5117<main.rpyeffect:120([k@[mcore:[#254]#392]#398])>+1: {"op": "Const". "type": "ptr". "out": 1. "format": "string". "value": "Name(import$std/core/hnd)"}')
debug_merge_point(0, 0, '5117<main.rpyeffect:120([k@[mcore:[#254]#392]#398])>+2: {"op": "PrimOp". "name": "getGlobal(String): Ptr". "out": {"num": []. "ptr": [1]}. "in": {"num": []. "ptr": [1]}}')
debug_merge_point(0, 0, '5117<main.rpyeffect:120([k@[mcore:[#254]#392]#398])>+3: {"op": "Push". "target": 5116. "args": {"num": []. "ptr": []}}')
debug_merge_point(0, 0, '5117<main.rpyeffect:120([k@[mcore:[#254]#392]#398])>+4: {"op": "Jump". "target": 5105}')
debug_merge_point(0, 0, '5105<main.rpyeffect:108([mcore:[#246]#382])>+0: {"op": "Const". "type": "ptr". "out": 1. "format": "string". "value": "Name(import$std/core/hnd)"}')
debug_merge_point(0, 0, '5105<main.rpyeffect:108([mcore:[#246]#382])>+1: {"op": "PrimOp". "name": "getGlobal(String): Ptr". "out": {"num": []. "ptr": [1]}. "in": {"num": []. "ptr": [1]}}')
debug_merge_point(0, 0, '5105<main.rpyeffect:108([mcore:[#246]#382])>+2: {"op": "CallLib". "lib": "1". "symbol": "elt"}')
debug_merge_point(0, 0, '331<std_core_hnd.rpyeffect:30(Name(elt))>+0: {"op": "Switch". "scrutinee": 0. "values": [0]. "targets": [329]. "default": 330}')
debug_merge_point(0, 0, '329<std_core_hnd.rpyeffect:28([switch case for 0#86])>+0: {"op": "Proj". "out": 0. "type": Interned(evv). "scrutinee": 0. "tag": Interned(cons). "field": 0. "field_type": "ptr"}')
debug_merge_point(0, 0, '329<std_core_hnd.rpyeffect:28([switch case for 0#86])>+1: {"op": "Return". "args": {"num": []. "ptr": [0]}}')
debug_merge_point(0, 0, '5116<main.rpyeffect:119([k@[k@[mcore:[#254]#392]#398]#406])>+0: {"op": "Match". "type": Interned(std/core/hnd/ev). "scrutinee": 0. "clauses": [{"tag": Interned(std/core/hnd/Ev). "target": 5115. "args": {"num": []. "ptr": [1. 2. 3. 4]}}]. "default": {"tag": Interned(0ebd4aad-cbef-458e-b7ce-546cf0866444#[Missing Tag#1215]). "target": 5107. "args": {"num": []. "ptr": []}}}')
+956: p85 = getfield_gc_r(p79, descr=<FieldP rpyeffect.stored_environment.Data__arb_arb.inst_tag 8>)
+964: guard_value(p85, ConstPtr(ptr86), descr=<Guard0x1387a38e0>) [p2, i6, i8, i10, i12, i14, i16, i18, i20, i22, i24, i26, i28, i30, i32, i34, i36, p39, p41, p43, p45, p47, p49, p51, p53, p55, p57, p59, p61, p63, p65, p67, p69, p0, p1, p3]
+972: p87 = getfield_gc_r(p79, descr=<FieldP rpyeffect.stored_environment.Data__arb_arb.inst_values_ptr 24 pure>)
+976: p89 = getarrayitem_gc_pure_r(p87, 0, descr=<ArrayP 8>)
+976: p91 = getarrayitem_gc_pure_r(p87, 1, descr=<ArrayP 8>)
+980: p93 = getarrayitem_gc_pure_r(p87, 2, descr=<ArrayP 8>)
+984: p95 = getarrayitem_gc_pure_r(p87, 3, descr=<ArrayP 8>)
debug_merge_point(0, 0, '5115<main.rpyeffect:118([#408])>+0: {"op": "Copy". "type": "ptr". "from": 0. "to". 1}')
debug_merge_point(0, 0, '5115<main.rpyeffect:118([#408])>+1: {"op": "Copy". "type": "ptr". "from": 2. "to". 0}')
debug_merge_point(0, 0, '5115<main.rpyeffect:118([#408])>+2: {"op": "Match". "type": Interned(main/fail). "scrutinee": 3. "clauses": [{"tag": Interned(main/@Hnd-fail). "target": 5114. "args": {"num": [0]. "ptr": [2]}}]. "default": {"tag": Interned(0ebd4aad-cbef-458e-b7ce-546cf0866444#[Missing Tag#1214]). "target": 5109. "args": {"num": []. "ptr": []}}}')
+988: p96 = getfield_gc_r(p93, descr=<FieldP rpyeffect.stored_environment.Data__arb_arb.inst_tag 8>)
+996: guard_value(p96, ConstPtr(ptr97), descr=<Guard0x1387a3920>) [p2, i6, i8, i10, i12, i14, i16, i18, i20, i22, i24, i26, i28, i30, i32, i34, i36, p39, p41, p43, p45, p47, p49, p51, p53, p55, p57, p59, p61, p63, p65, p67, p69, p0, p1, p3]
+1004: i98 = getfield_gc_i(p93, descr=<FieldS rpyeffect.stored_environment.Data__1_1.inst_values_num_0 32 pure>)
+1004: p99 = getfield_gc_r(p93, descr=<FieldP rpyeffect.stored_environment.Data__1_1.inst_values_ptr_0 40 pure>)
debug_merge_point(0, 0, '5114<main.rpyeffect:117([match_main/@Hnd-fail@[#408]#413])>+0: {"op": "Match". "type": Interned(std/core/hnd/clause0). "scrutinee": 2. "clauses": [{"tag": Interned(std/core/hnd/Clause0). "target": 5113. "args": {"num": []. "ptr": [2]}}]. "default": {"tag": Interned(0ebd4aad-cbef-458e-b7ce-546cf0866444#[Missing Tag#1213]). "target": 5111. "args": {"num": []. "ptr": []}}}')
+1008: p100 = getfield_gc_r(p99, descr=<FieldP rpyeffect.stored_environment.Data__arb_arb.inst_tag 8>)
+1016: guard_value(p100, ConstPtr(ptr101), descr=<Guard0x1387a3960>) [p2, i6, i8, i10, i12, i14, i16, i18, i20, i22, i24, i26, i28, i30, i32, i34, i36, p39, p41, p43, p45, p47, p49, p51, p53, p55, p57, p59, p61, p63, p65, p67, p69, p0, p1, p3]
+1024: p102 = getfield_gc_r(p99, descr=<FieldP rpyeffect.stored_environment.Data__0_1.inst_values_ptr_0 32 pure>)
debug_merge_point(0, 0, '5113<main.rpyeffect:116([#418])>+0: {"op": "Invoke". "receiver": 2. "tag": Interned(%apply(pp):p). "args" : {"num": []. "ptr": [0. 1]}}')
+1028: p103 = getfield_gc_r(p102, descr=<FieldP rpyeffect.stored_environment.CoData__arb_arb.inst_vtable 24 pure>)
+1036: guard_value(p103, ConstPtr(ptr104), descr=<Guard0x1387a39a0>) [p2, i6, i8, i10, i12, i14, i16, i18, i20, i22, i24, i26, i28, i30, i32, i34, i36, p39, p41, p43, p45, p47, p49, p51, p53, p55, p57, p59, p61, p63, p65, p67, p69, p0, p1, p3]
debug_merge_point(0, 0, '5174<main.rpyeffect:177([method_%apply(pp):p@[mcore:[#325]#676]#683])>+0: {"op": "Const". "type": "ptr". "out": 2. "format": "string". "value": "Name(import$std/core/hnd)"}')
debug_merge_point(0, 0, '5174<main.rpyeffect:177([method_%apply(pp):p@[mcore:[#325]#676]#683])>+1: {"op": "PrimOp". "name": "getGlobal(String): Ptr". "out": {"num": []. "ptr": [2]}. "in": {"num": []. "ptr": [2]}}')
debug_merge_point(0, 0, '5174<main.rpyeffect:177([method_%apply(pp):p@[mcore:[#325]#676]#683])>+2: {"op": "Jump". "target": 5161}')
debug_merge_point(0, 0, '5161<main.rpyeffect:164([mcore:[#301]#597])>+0: {"op": "New". "out": 1. "targets": [5158. 5160]. "args": {"num": []. "ptr": []}}')
debug_merge_point(0, 0, '5161<main.rpyeffect:164([mcore:[#301]#597])>+1: {"op": "Const". "type": "ptr". "out": 2. "format": "string". "value": "Name(import$std/core/hnd)"}')
debug_merge_point(0, 0, '5161<main.rpyeffect:164([mcore:[#301]#597])>+2: {"op": "PrimOp". "name": "getGlobal(String): Ptr". "out": {"num": []. "ptr": [2]}. "in": {"num": []. "ptr": [2]}}')
debug_merge_point(0, 0, '5161<main.rpyeffect:164([mcore:[#301]#597])>+3: {"op": "Jump". "target": 5149}')
debug_merge_point(0, 0, '5149<main.rpyeffect:152([mcore:[#290]#561])>+0: {"op": "Const". "type": "ptr". "out": 2. "format": "string". "value": "Name(import$std/core/hnd)"}')
debug_merge_point(0, 0, '5149<main.rpyeffect:152([mcore:[#290]#561])>+1: {"op": "PrimOp". "name": "getGlobal(String): Ptr". "out": {"num": []. "ptr": [2]}. "in": {"num": []. "ptr": [2]}}')
debug_merge_point(0, 0, '5149<main.rpyeffect:152([mcore:[#290]#561])>+2: {"op": "CallLib". "lib": "2". "symbol": "std/core/hnd/yield-to"}')
debug_merge_point(0, 0, '1022<std_core_hnd.rpyeffect:721([mcore:[#893]#2108])>+0: {"op": "Push". "target": 1021. "args": {"num": []. "ptr": [1. 0]}}')
debug_merge_point(0, 0, '1022<std_core_hnd.rpyeffect:721([mcore:[#893]#2108])>+1: {"op": "Jump". "target": 509}')
debug_merge_point(0, 0, '509<std_core_hnd.rpyeffect:208([mcore:[#471]#472])>+0: {"op": "Jump". "target": 301}')
debug_merge_point(0, 0, '301<std_core_hnd.rpyeffect:0(Name(getCurrentEvv))>+0: {"op": "Const". "type": "ptr". "out": 0. "format": "string". "value": "current-evv"}')
debug_merge_point(0, 0, '301<std_core_hnd.rpyeffect:0(Name(getCurrentEvv))>+1: {"op": "PrimOp". "name": "getGlobal(String): Ptr". "out": {"num": []. "ptr": [0]}. "in": {"num": []. "ptr": [0]}}')
debug_merge_point(0, 0, '301<std_core_hnd.rpyeffect:0(Name(getCurrentEvv))>+2: {"op": "PrimOp". "name": "getRef(Ref[Ptr]): Ptr". "out": {"num": []. "ptr": [0]}. "in": {"num": []. "ptr": [0]}}')
debug_merge_point(0, 0, '301<std_core_hnd.rpyeffect:0(Name(getCurrentEvv))>+3: {"op": "Return". "args": {"num": []. "ptr": [0]}}')
debug_merge_point(0, 0, '1021<std_core_hnd.rpyeffect:720([k@[mcore:[#893]#2108]#2110])>+0: {"op": "Push". "target": 1020. "args": {"num": []. "ptr": [0]}}')
debug_merge_point(0, 0, '1021<std_core_hnd.rpyeffect:720([k@[mcore:[#893]#2108]#2110])>+1: {"op": "Copy". "type": "ptr". "from": 2. "to". 0}')
debug_merge_point(0, 0, '1021<std_core_hnd.rpyeffect:720([k@[mcore:[#893]#2108]#2110])>+2: {"op": "Jump". "target": 507}')
debug_merge_point(0, 0, '507<std_core_hnd.rpyeffect:206([mcore:[#470]#437])>+0: {"op": "Const". "type": "num". "out": 0. "value": 0}')
debug_merge_point(0, 0, '507<std_core_hnd.rpyeffect:206([mcore:[#470]#437])>+1: {"op": "ShiftDyn". "out": 0. "n": 0. "label": 0}')
+1044: i105 = instance_ptr_eq(p0, p91)
guard_true(i105, descr=<Guard0x1387a39e0>) [p2, i6, i8, i10, i12, i14, i16, i18, i20, i22, i24, i26, i28, i30, i32, i34, i36, p39, p41, p43, p45, p47, p49, p51, p53, p55, p57, p59, p61, p63, p65, p67, p69, p0, p1, p3]
+1056: guard_nonnull_class(p3, 4348275712, descr=<Guard0x1284a46a8>) [p2, i6, i8, i10, i12, i14, i16, i18, i20, i22, i24, i26, i28, i30, i32, i34, i36, p39, p41, p43, p45, p47, p49, p51, p53, p55, p57, p59, p61, p63, p65, p67, p69, p0, p1, p3]
+1084: p107 = getfield_gc_r(p3, descr=<FieldP rpyeffect.stack.MetaStackLike.inst_stack 8 pure>)
+1088: p108 = getfield_gc_r(p3, descr=<FieldP rpyeffect.stack.MetaStack.inst_label 16 pure>)
+1092: p109 = getfield_gc_r(p3, descr=<FieldP rpyeffect.stack.MetaStack.inst_tail 32 pure>)
+1096: guard_nonnull(p107, descr=<Guard0x1387a3a20>) [p2, i6, i8, i10, i12, i14, i16, i18, i20, i22, i24, i26, i28, i30, i32, i34, i36, p39, p41, p43, p45, p47, p49, p51, p53, p55, p57, p59, p61, p63, p65, p67, p69, p0, p1, p3]
+1104: i110 = getfield_gc_i(p107, descr=<FieldS rpyeffect.stored_environment.Stack__arb_arb.inst_target 16 pure>)
+1108: guard_value(i110, 714, descr=<Guard0x1387a3a60>) [p2, i6, i8, i10, i12, i14, i16, i18, i20, i22, i24, i26, i28, i30, i32, i34, i36, p39, p41, p43, p45, p47, p49, p51, p53, p55, p57, p59, p61, p63, p65, p67, p69, p0, p1, p3]
debug_merge_point(0, 0, '507<std_core_hnd.rpyeffect:206([mcore:[#470]#437])>+2: {"op": "New". "out": 0. "targets": [500. 502. 504. 506]. "args": {"num": []. "ptr": [0]}}')
debug_merge_point(0, 0, '507<std_core_hnd.rpyeffect:206([mcore:[#470]#437])>+3: {"op": "Invoke". "receiver": 1. "tag": Interned(%apply(p):p). "args" : {"num": []. "ptr": [0]}}')
debug_merge_point(0, 0, '5158<main.rpyeffect:161([method_%apply(p):p@[mcore:[#301]#597]#601])>+0: {"op": "Const". "type": "ptr". "out": 1. "format": "string". "value": "Name(import$std/core/hnd)"}')
debug_merge_point(0, 0, '5158<main.rpyeffect:161([method_%apply(p):p@[mcore:[#301]#597]#601])>+1: {"op": "PrimOp". "name": "getGlobal(String): Ptr". "out": {"num": []. "ptr": [1]}. "in": {"num": []. "ptr": [1]}}')
debug_merge_point(0, 0, '5158<main.rpyeffect:161([method_%apply(p):p@[mcore:[#301]#597]#601])>+2: {"op": "Jump". "target": 5156}')
debug_merge_point(0, 0, '5156<main.rpyeffect:159([mcore:[#299]#576])>+0: {"op": "Construct". "out": 1. "type": Interned(Unit). "tag": Interned(unit). "args": {"num": []. "ptr": []}}')
debug_merge_point(0, 0, '5156<main.rpyeffect:159([mcore:[#299]#576])>+1: {"op": "New". "out": 2. "targets": [5153. 5155]. "args": {"num": []. "ptr": []}}')
debug_merge_point(0, 0, '5156<main.rpyeffect:159([mcore:[#299]#576])>+2: {"op": "Const". "type": "ptr". "out": 3. "format": "string". "value": "Name(import$std/core/hnd)"}')
debug_merge_point(0, 0, '5156<main.rpyeffect:159([mcore:[#299]#576])>+3: {"op": "PrimOp". "name": "getGlobal(String): Ptr". "out": {"num": []. "ptr": [3]}. "in": {"num": []. "ptr": [3]}}')
debug_merge_point(0, 0, '5156<main.rpyeffect:159([mcore:[#299]#576])>+4: {"op": "Swap". "type": "ptr". "a": 0. "b". 1}')
debug_merge_point(0, 0, '5156<main.rpyeffect:159([mcore:[#299]#576])>+5: {"op": "Swap". "type": "ptr". "a": 2. "b". 1}')
debug_merge_point(0, 0, '5156<main.rpyeffect:159([mcore:[#299]#576])>+6: {"op": "Jump". "target": 5150}')
debug_merge_point(0, 0, '5150<main.rpyeffect:153([mcore:[#293]#567])>+0: {"op": "Const". "type": "ptr". "out": 3. "format": "string". "value": "Name(import$std/core/hnd)"}')
debug_merge_point(0, 0, '5150<main.rpyeffect:153([mcore:[#293]#567])>+1: {"op": "PrimOp". "name": "getGlobal(String): Ptr". "out": {"num": []. "ptr": [3]}. "in": {"num": []. "ptr": [3]}}')
debug_merge_point(0, 0, '5150<main.rpyeffect:153([mcore:[#293]#567])>+2: {"op": "CallLib". "lib": "3". "symbol": "std/core/hnd/protect"}')
debug_merge_point(0, 0, '495<std_core_hnd.rpyeffect:194([mcore:[#466]#434])>+0: {"op": "Swap". "type": "ptr". "a": 1. "b". 2}')
debug_merge_point(0, 0, '495<std_core_hnd.rpyeffect:194([mcore:[#466]#434])>+1: {"op": "Invoke". "receiver": 2. "tag": Interned(%apply(pp):p). "args" : {"num": []. "ptr": [0. 1]}}')
debug_merge_point(0, 0, '5155<main.rpyeffect:158([method_%apply(pp):p@[mcore:[#299]#576]#587])>+0: {"op": "Push". "target": 5154. "args": {"num": []. "ptr": []}}')
debug_merge_point(0, 0, '5155<main.rpyeffect:158([method_%apply(pp):p@[mcore:[#299]#576]#587])>+1: {"op": "Jump". "target": 5151}')
debug_merge_point(0, 0, '5151<main.rpyeffect:154([mcore:[#296]#574])>+0: {"op": "Const". "type": "num". "out": 0. "value": 0}')
debug_merge_point(0, 0, '5151<main.rpyeffect:154([mcore:[#296]#574])>+1: {"op": "Return". "args": {"num": [0]. "ptr": []}}')
debug_merge_point(0, 0, '5154<main.rpyeffect:157([#589])>+0: {"op": "PrimOp". "name": "box(Num): Ptr". "out": {"num": []. "ptr": [0]}. "in": {"num": [0]. "ptr": []}}')
debug_merge_point(0, 0, '5154<main.rpyeffect:157([#589])>+1: {"op": "Return". "args": {"num": []. "ptr": [0]}}')
+1120: p112 = getfield_gc_r(p107, descr=<FieldP rpyeffect.stored_environment.Stack__0_1.inst_values_ptr_0 40 pure>)
+1124: p113 = getfield_gc_r(p107, descr=<FieldP rpyeffect.stored_environment.Stack__arb_arb.inst_tail 8 pure>)
+1128: guard_nonnull_class(p113, ConstClass(Stack__0_1), descr=<Guard0x1284a4700>) [p2, i6, i8, i10, i12, i14, i16, i18, i20, i22, i24, i26, i28, i30, i32, i34, i36, p39, p41, p43, p45, p47, p49, p51, p53, p55, p57, p59, p61, p63, p65, p67, p69, p0, p1, p3]
+1152: i115 = getfield_gc_i(p113, descr=<FieldS rpyeffect.stored_environment.Stack__arb_arb.inst_target 16 pure>)
+1156: guard_value(i115, 432, descr=<Guard0x1387a3aa0>) [p2, i6, i8, i10, i12, i14, i16, i18, i20, i22, i24, i26, i28, i30, i32, i34, i36, p39, p41, p43, p45, p47, p49, p51, p53, p55, p57, p59, p61, p63, p65, p67, p69, p0, p1, p3]
debug_merge_point(0, 0, '714<std_core_hnd.rpyeffect:413([k@[k@[#1063]#1068]#1070])>+0: {"op": "Const". "type": "ptr". "out": 2. "format": "string". "value": "Name(import$std/core/hnd)"}')
debug_merge_point(0, 0, '714<std_core_hnd.rpyeffect:413([k@[k@[#1063]#1068]#1070])>+1: {"op": "PrimOp". "name": "getGlobal(String): Ptr". "out": {"num": []. "ptr": [2]}. "in": {"num": []. "ptr": [2]}}')
debug_merge_point(0, 0, '714<std_core_hnd.rpyeffect:413([k@[k@[#1063]#1068]#1070])>+2: {"op": "Push". "target": 713. "args": {"num": []. "ptr": [0]}}')
debug_merge_point(0, 0, '714<std_core_hnd.rpyeffect:413([k@[k@[#1063]#1068]#1070])>+3: {"op": "Copy". "type": "ptr". "from": 1. "to". 0}')
debug_merge_point(0, 0, '714<std_core_hnd.rpyeffect:413([k@[k@[#1063]#1068]#1070])>+4: {"op": "Copy". "type": "ptr". "from": 2. "to". 1}')
debug_merge_point(0, 0, '714<std_core_hnd.rpyeffect:413([k@[k@[#1063]#1068]#1070])>+5: {"op": "Jump". "target": 712}')
debug_merge_point(0, 0, '712<std_core_hnd.rpyeffect:411([mcore:[#655]#1049])>+0: {"op": "Const". "type": "ptr". "out": 1. "format": "string". "value": "Name(import$std/core/hnd)"}')
debug_merge_point(0, 0, '712<std_core_hnd.rpyeffect:411([mcore:[#655]#1049])>+1: {"op": "PrimOp". "name": "getGlobal(String): Ptr". "out": {"num": []. "ptr": [1]}. "in": {"num": []. "ptr": [1]}}')
debug_merge_point(0, 0, '712<std_core_hnd.rpyeffect:411([mcore:[#655]#1049])>+2: {"op": "CallLib". "lib": "1". "symbol": "setCurrentEvv"}')
debug_merge_point(0, 0, '302<std_core_hnd.rpyeffect:1(Name(setCurrentEvv))>+0: {"op": "Const". "type": "ptr". "out": 1. "format": "string". "value": "current-evv"}')
debug_merge_point(0, 0, '302<std_core_hnd.rpyeffect:1(Name(setCurrentEvv))>+1: {"op": "PrimOp". "name": "getGlobal(String): Ptr". "out": {"num": []. "ptr": [1]}. "in": {"num": []. "ptr": [1]}}')
debug_merge_point(0, 0, '302<std_core_hnd.rpyeffect:1(Name(setCurrentEvv))>+2: {"op": "PrimOp". "name": "setRef(Ref[Ptr]. Ptr): Unit". "out": {"num": []. "ptr": [0]}. "in": {"num": []. "ptr": [1. 0]}}')
debug_merge_point(0, 0, '302<std_core_hnd.rpyeffect:1(Name(setCurrentEvv))>+3: {"op": "Return". "args": {"num": []. "ptr": [0]}}')
debug_merge_point(0, 0, '713<std_core_hnd.rpyeffect:412([k@[k@[k@[#1063]#1068]#1070]#1075])>+0: {"op": "Copy". "type": "ptr". "from": 1. "to". 0}')
debug_merge_point(0, 0, '713<std_core_hnd.rpyeffect:412([k@[k@[k@[#1063]#1068]#1070]#1075])>+1: {"op": "Return". "args": {"num": []. "ptr": [0]}}')
+1232: setfield_gc(ConstPtr(ptr117), p112, descr=<FieldP rpyeffect.region.PtrRef.inst_value 8>)
+1236: p118 = getfield_gc_r(p113, descr=<FieldP rpyeffect.stored_environment.Stack__0_1.inst_values_ptr_0 40 pure>)
+1240: p119 = getfield_gc_r(p113, descr=<FieldP rpyeffect.stored_environment.Stack__arb_arb.inst_tail 8 pure>)
+1244: guard_isnull(p119, descr=<Guard0x1284a4758>) [p2, i8, i10, i12, i14, i16, i18, i20, i22, i24, i26, i28, i30, i32, i34, i36, p118, p95, p49, p51, p53, p55, p57, p59, p61, p63, p65, p67, p69, p108, p119, p109]
debug_merge_point(0, 0, '432<std_core_hnd.rpyeffect:131([return_clause@[mcore:[#404]#265]#269])>+0: {"op": "Invoke". "receiver": 1. "tag": Interned(%apply(p):p). "args" : {"num": []. "ptr": [0]}}')
+1252: p120 = getfield_gc_r(p118, descr=<FieldP rpyeffect.stored_environment.CoData__arb_arb.inst_vtable 24 pure>)
+1260: guard_value(p120, ConstPtr(ptr121), descr=<Guard0x1387a3ae0>) [p2, i8, i10, i12, i14, i16, i18, i20, i22, i24, i26, i28, i30, i32, i34, i36, p118, p95, p49, p51, p53, p55, p57, p59, p61, p63, p65, p67, p69, p108, p119, p109]
debug_merge_point(0, 0, '5203<main.rpyeffect:206([#816])>+0: {"op": "PrimOp". "name": "unbox(Ptr): Num". "out": {"num": [0]. "ptr": []}. "in": {"num": []. "ptr": [0]}}')
debug_merge_point(0, 0, '5203<main.rpyeffect:206([#816])>+1: {"op": "Push". "target": 5202. "args": {"num": []. "ptr": []}}')
debug_merge_point(0, 0, '5203<main.rpyeffect:206([#816])>+2: {"op": "Jump". "target": 5147}')
debug_merge_point(0, 0, '5147<main.rpyeffect:150([mcore:[#283]#555])>+0: {"op": "Return". "args": {"num": [0]. "ptr": []}}')
debug_merge_point(0, 0, '5202<main.rpyeffect:205([k@[#816]#821])>+0: {"op": "PrimOp". "name": "box(Num): Ptr". "out": {"num": []. "ptr": [0]}. "in": {"num": [0]. "ptr": []}}')
debug_merge_point(0, 0, '5202<main.rpyeffect:205([k@[#816]#821])>+1: {"op": "Return". "args": {"num": []. "ptr": [0]}}')
+1268: guard_nonnull(p109, descr=<Guard0x1387a3b20>) [p2, i8, i10, i12, i14, i16, i18, i20, i22, i24, i26, i28, i30, i32, i34, i36, p118, p95, p49, p51, p53, p55, p57, p59, p61, p63, p65, p67, p69, p108, p119, p109]
+1276: p122 = getfield_gc_r(p109, descr=<FieldP rpyeffect.stack.MetaStackLike.inst_stack 8 pure>)
+1280: p123 = getfield_gc_r(p109, descr=<FieldP rpyeffect.stack.MetaStack.inst_label 16 pure>)
+1284: p124 = getfield_gc_r(p109, descr=<FieldP rpyeffect.stack.MetaStack.inst_tail 32 pure>)
+1288: guard_nonnull(p122, descr=<Guard0x1387a3b60>) [p2, i8, i10, i12, i14, i16, i18, i20, i22, i24, i26, i28, i30, i32, i34, i36, p118, p95, p49, p51, p53, p55, p57, p59, p61, p63, p65, p67, p69, p108, p119, p109]
+1296: i125 = getfield_gc_i(p122, descr=<FieldS rpyeffect.stored_environment.Stack__arb_arb.inst_target 16 pure>)
+1300: guard_value(i125, 505, descr=<Guard0x1387a3ba0>) [p2, i8, i10, i12, i14, i16, i18, i20, i22, i24, i26, i28, i30, i32, i34, i36, p118, p95, p49, p51, p53, p55, p57, p59, p61, p63, p65, p67, p69, p108, p119, p109]
+1312: p127 = getfield_gc_r(p122, descr=<FieldP rpyeffect.stored_environment.Stack__arb_arb.inst_tail 8 pure>)
+1316: guard_nonnull(p127, descr=<Guard0x1387a3be0>) [p2, i8, i10, i12, i14, i16, i18, i20, i22, i24, i26, i28, i30, i32, i34, i36, p118, p95, p49, p51, p53, p55, p57, p59, p61, p63, p65, p67, p69, p108, p119, p109]
+1324: i128 = getfield_gc_i(p127, descr=<FieldS rpyeffect.stored_environment.Stack__arb_arb.inst_target 16 pure>)
+1328: guard_value(i128, 5135, descr=<Guard0x1387a3c20>) [p2, i8, i10, i12, i14, i16, i18, i20, i22, i24, i26, i28, i30, i32, i34, i36, p118, p95, p49, p51, p53, p55, p57, p59, p61, p63, p65, p67, p69, p108, p119, p109]
debug_merge_point(0, 0, '505<std_core_hnd.rpyeffect:204([#467])>+0: {"op": "PrimOp". "name": "unbox(Ptr): Num". "out": {"num": [0]. "ptr": []}. "in": {"num": []. "ptr": [0]}}')
debug_merge_point(0, 0, '505<std_core_hnd.rpyeffect:204([#467])>+1: {"op": "Return". "args": {"num": [0]. "ptr": []}}')
+1340: p130 = getfield_gc_r(p127, descr=<FieldP rpyeffect.stored_environment.Stack__0_1.inst_values_ptr_0 40 pure>)
+1344: p131 = getfield_gc_r(p127, descr=<FieldP rpyeffect.stored_environment.Stack__arb_arb.inst_tail 8 pure>)
debug_merge_point(0, 0, '5135<main.rpyeffect:138([k@[mcore:[#274]#500]#504])>+0: {"op": "Const". "type": "num". "out": 1. "value": 0}')
debug_merge_point(0, 0, '5135<main.rpyeffect:138([k@[mcore:[#274]#500]#504])>+1: {"op": "Push". "target": 5134. "args": {"num": [0]. "ptr": []}}')
debug_merge_point(0, 0, '5135<main.rpyeffect:138([k@[mcore:[#274]#500]#504])>+2: {"op": "Copy". "type": "num". "from": 1. "to". 0}')
debug_merge_point(0, 0, '5135<main.rpyeffect:138([k@[mcore:[#274]#500]#504])>+3: {"op": "Invoke". "receiver": 0. "tag": Interned(%apply(n):n). "args" : {"num": [0]. "ptr": []}}')
+1348: p132 = getfield_gc_r(p130, descr=<FieldP rpyeffect.stored_environment.CoData__arb_arb.inst_vtable 24 pure>)
+1356: guard_value(p132, ConstPtr(ptr133), descr=<Guard0x1387a3c60>) [p2, i8, i10, i12, i14, i16, i18, i20, i22, i24, i26, i28, i30, i32, i34, i36, p118, p95, p49, p51, p53, p55, p57, p59, p61, p63, p65, p67, p69, p108, p119, p109]
+1364: p134 = getfield_gc_r(p130, descr=<FieldP rpyeffect.stored_environment.CoData__0_1.inst_values_ptr_0 32 pure>)
debug_merge_point(0, 0, '506<std_core_hnd.rpyeffect:205([method_%apply(n):n@[mcore:[#470]#437]#462])>+0: {"op": "PrimOp". "name": "box(Num): Ptr". "out": {"num": []. "ptr": [1]}. "in": {"num": [0]. "ptr": []}}')
debug_merge_point(0, 0, '506<std_core_hnd.rpyeffect:205([method_%apply(n):n@[mcore:[#470]#437]#462])>+1: {"op": "Push". "target": 505. "args": {"num": []. "ptr": []}}')
debug_merge_point(0, 0, '506<std_core_hnd.rpyeffect:205([method_%apply(n):n@[mcore:[#470]#437]#462])>+2: {"op": "Swap". "type": "ptr". "a": 0. "b". 1}')
debug_merge_point(0, 0, '506<std_core_hnd.rpyeffect:205([method_%apply(n):n@[mcore:[#470]#437]#462])>+3: {"op": "Jump". "target": 497}')
debug_merge_point(0, 0, '497<std_core_hnd.rpyeffect:196([mcore:[#469]#436])>+0: {"op": "PushStack". "arg": 1}')
+1368: guard_nonnull_class(p134, 4348275712, descr=<Guard0x1284a47b0>) [p2, i8, i10, i12, i14, i16, i18, i20, i22, i24, i26, i28, i30, i32, i34, i36, p118, p95, p49, p51, p53, p55, p57, p59, p61, p63, p65, p67, p69, p108, p119, p109]
+1392: p136 = getfield_gc_r(p134, descr=<FieldP rpyeffect.stack.MetaStack.inst_region 24 pure>)
+1396: guard_isnull(p136, descr=<Guard0x1387a3ca0>) [p2, i8, i10, i12, i14, i16, i18, i20, i22, i24, i26, i28, i30, i32, i34, i36, p118, p95, p49, p51, p53, p55, p57, p59, p61, p63, p65, p67, p69, p108, p119, p109]
+1404: p137 = getfield_gc_r(p134, descr=<FieldP rpyeffect.stack.MetaStackLike.inst_stack 8 pure>)
+1408: p138 = getfield_gc_r(p134, descr=<FieldP rpyeffect.stack.MetaStack.inst_tail 32 pure>)
+1412: guard_nonnull_class(p138, 4348275712, descr=<Guard0x1284a4808>) [p2, i8, i10, i12, i14, i16, i18, i20, i22, i24, i26, i28, i30, i32, i34, i36, p118, p95, p49, p51, p53, p55, p57, p59, p61, p63, p65, p67, p69, p108, p119, p109]
+1436: p140 = getfield_gc_r(p138, descr=<FieldP rpyeffect.stack.MetaStack.inst_region 24 pure>)
+1440: guard_isnull(p140, descr=<Guard0x1387a3ce0>) [p2, i8, i10, i12, i14, i16, i18, i20, i22, i24, i26, i28, i30, i32, i34, i36, p118, p95, p49, p51, p53, p55, p57, p59, p61, p63, p65, p67, p69, p108, p119, p109]
+1448: p141 = getfield_gc_r(p138, descr=<FieldP rpyeffect.stack.MetaStackLike.inst_stack 8 pure>)
+1452: p142 = getfield_gc_r(p138, descr=<FieldP rpyeffect.stack.MetaStack.inst_tail 32 pure>)
+1456: guard_isnull(p142, descr=<Guard0x1387a3d20>) [p2, i8, i10, i12, i14, i16, i18, i20, i22, i24, i26, i28, i30, i32, i34, i36, p118, p95, p49, p51, p53, p55, p57, p59, p61, p63, p65, p67, p69, p108, p119, p109]
+1464: p143 = getfield_gc_r(p138, descr=<FieldP rpyeffect.stack.MetaStack.inst_label 16 pure>)
+1468: p144 = getfield_gc_r(p134, descr=<FieldP rpyeffect.stack.MetaStack.inst_label 16 pure>)
+1472: guard_nonnull(p137, descr=<Guard0x1387a3d60>) [p2, i8, i10, i12, i14, i16, i18, i20, i22, i24, i26, i28, i30, i32, i34, i36, p118, p95, p49, p51, p53, p55, p57, p59, p61, p63, p65, p67, p69, p108, p119, p109]
+1480: i145 = getfield_gc_i(p137, descr=<FieldS rpyeffect.stored_environment.Stack__arb_arb.inst_target 16 pure>)
+1484: guard_value(i145, 1020, descr=<Guard0x1387a3da0>) [p2, i8, i10, i12, i14, i16, i18, i20, i22, i24, i26, i28, i30, i32, i34, i36, p118, p95, p49, p51, p53, p55, p57, p59, p61, p63, p65, p67, p69, p108, p119, p109]
debug_merge_point(0, 0, '497<std_core_hnd.rpyeffect:196([mcore:[#469]#436])>+1: {"op": "Return". "args": {"num": []. "ptr": [0]}}')
+1496: p147 = getfield_gc_r(p137, descr=<FieldP rpyeffect.stored_environment.Stack__0_1.inst_values_ptr_0 40 pure>)
+1500: p148 = getfield_gc_r(p137, descr=<FieldP rpyeffect.stored_environment.Stack__arb_arb.inst_tail 8 pure>)
debug_merge_point(0, 0, '1020<std_core_hnd.rpyeffect:719([k@[k@[mcore:[#893]#2108]#2110]#2112])>+0: {"op": "Const". "type": "ptr". "out": 2. "format": "string". "value": "Name(import$std/core/hnd)"}')
debug_merge_point(0, 0, '1020<std_core_hnd.rpyeffect:719([k@[k@[mcore:[#893]#2108]#2110]#2112])>+1: {"op": "PrimOp". "name": "getGlobal(String): Ptr". "out": {"num": []. "ptr": [2]}. "in": {"num": []. "ptr": [2]}}')
debug_merge_point(0, 0, '1020<std_core_hnd.rpyeffect:719([k@[k@[mcore:[#893]#2108]#2110]#2112])>+2: {"op": "Push". "target": 1019. "args": {"num": []. "ptr": [0]}}')
debug_merge_point(0, 0, '1020<std_core_hnd.rpyeffect:719([k@[k@[mcore:[#893]#2108]#2110]#2112])>+3: {"op": "Copy". "type": "ptr". "from": 1. "to". 0}')
debug_merge_point(0, 0, '1020<std_core_hnd.rpyeffect:719([k@[k@[mcore:[#893]#2108]#2110]#2112])>+4: {"op": "Copy". "type": "ptr". "from": 2. "to". 1}')
debug_merge_point(0, 0, '1020<std_core_hnd.rpyeffect:719([k@[k@[mcore:[#893]#2108]#2110]#2112])>+5: {"op": "Jump". "target": 1018}')
debug_merge_point(0, 0, '1018<std_core_hnd.rpyeffect:717([mcore:[#892]#2103])>+0: {"op": "Const". "type": "ptr". "out": 1. "format": "string". "value": "Name(import$std/core/hnd)"}')
debug_merge_point(0, 0, '1018<std_core_hnd.rpyeffect:717([mcore:[#892]#2103])>+1: {"op": "PrimOp". "name": "getGlobal(String): Ptr". "out": {"num": []. "ptr": [1]}. "in": {"num": []. "ptr": [1]}}')
debug_merge_point(0, 0, '1018<std_core_hnd.rpyeffect:717([mcore:[#892]#2103])>+2: {"op": "CallLib". "lib": "1". "symbol": "setCurrentEvv"}')
debug_merge_point(0, 0, '302<std_core_hnd.rpyeffect:1(Name(setCurrentEvv))>+0: {"op": "Const". "type": "ptr". "out": 1. "format": "string". "value": "current-evv"}')
debug_merge_point(0, 0, '302<std_core_hnd.rpyeffect:1(Name(setCurrentEvv))>+1: {"op": "PrimOp". "name": "getGlobal(String): Ptr". "out": {"num": []. "ptr": [1]}. "in": {"num": []. "ptr": [1]}}')
debug_merge_point(0, 0, '302<std_core_hnd.rpyeffect:1(Name(setCurrentEvv))>+2: {"op": "PrimOp". "name": "setRef(Ref[Ptr]. Ptr): Unit". "out": {"num": []. "ptr": [0]}. "in": {"num": []. "ptr": [1. 0]}}')
debug_merge_point(0, 0, '302<std_core_hnd.rpyeffect:1(Name(setCurrentEvv))>+3: {"op": "Return". "args": {"num": []. "ptr": [0]}}')
debug_merge_point(0, 0, '1019<std_core_hnd.rpyeffect:718([k@[k@[k@[mcore:[#893]#2108]#2110]#2112]#2117])>+0: {"op": "Copy". "type": "ptr". "from": 1. "to". 0}')
debug_merge_point(0, 0, '1019<std_core_hnd.rpyeffect:718([k@[k@[k@[mcore:[#893]#2108]#2110]#2112]#2117])>+1: {"op": "Return". "args": {"num": []. "ptr": [0]}}')
+1568: setfield_gc(ConstPtr(ptr149), p147, descr=<FieldP rpyeffect.region.PtrRef.inst_value 8>)
+1572: guard_nonnull(p148, descr=<Guard0x1284a4860>) [p2, i10, i12, i14, i16, i18, i20, i22, i24, i26, i28, i30, i32, i34, i36, p95, p49, p51, p53, p55, p57, p59, p61, p63, p65, p67, p69, p144, p148, p131, p124, p123, p143, p141]
+1580: i150 = getfield_gc_i(p148, descr=<FieldS rpyeffect.stored_environment.Stack__arb_arb.inst_target 16 pure>)
+1584: guard_value(i150, 5075, descr=<Guard0x1387a3de0>) [p2, i10, i12, i14, i16, i18, i20, i22, i24, i26, i28, i30, i32, i34, i36, p95, p49, p51, p53, p55, p57, p59, p61, p63, p65, p67, p69, p144, p148, p131, p124, p123, p143, p141]
+1596: p152 = getfield_gc_r(p148, descr=<FieldP rpyeffect.stored_environment.Stack__arb_arb.inst_tail 8 pure>)
debug_merge_point(0, 0, '5075<main.rpyeffect:78([k@[#279]#281])>+0: {"op": "PrimOp". "name": "unbox(Ptr): Num". "out": {"num": [0]. "ptr": []}. "in": {"num": []. "ptr": [0]}}')
debug_merge_point(0, 0, '5075<main.rpyeffect:78([k@[#279]#281])>+1: {"op": "Return". "args": {"num": [0]. "ptr": []}}')
+1600: guard_nonnull(p152, descr=<Guard0x1387a3e20>) [p2, i10, i12, i14, i16, i18, i20, i22, i24, i26, i28, i30, i32, i34, i36, p95, p49, p51, p53, p55, p57, p59, p61, p63, p65, p67, p69, p144, p148, p131, p124, p123, p143, p141]
+1608: i153 = getfield_gc_i(p152, descr=<FieldS rpyeffect.stored_environment.Stack__arb_arb.inst_target 16 pure>)
+1612: guard_value(i153, 5090, descr=<Guard0x1387a3e60>) [p2, i10, i12, i14, i16, i18, i20, i22, i24, i26, i28, i30, i32, i34, i36, p95, p49, p51, p53, p55, p57, p59, p61, p63, p65, p67, p69, p144, p148, p131, p124, p123, p143, p141]
+1624: p155 = getfield_gc_r(p152, descr=<FieldP rpyeffect.stored_environment.Stack__arb_arb.inst_tail 8 pure>)
debug_merge_point(0, 0, '5090<main.rpyeffect:93([k@[#333]#336])>+0: {"op": "PrimOp". "name": "box(Num): Ptr". "out": {"num": []. "ptr": [0]}. "in": {"num": [0]. "ptr": []}}')
debug_merge_point(0, 0, '5090<main.rpyeffect:93([k@[#333]#336])>+1: {"op": "Return". "args": {"num": []. "ptr": [0]}}')
+1628: guard_nonnull(p155, descr=<Guard0x1387a3ea0>) [p2, i10, i12, i14, i16, i18, i20, i22, i24, i26, i28, i30, i32, i34, i36, p95, p49, p51, p53, p55, p57, p59, p61, p63, p65, p67, p69, p144, p148, p131, p124, p123, p143, p141]
+1636: i156 = getfield_gc_i(p155, descr=<FieldS rpyeffect.stored_environment.Stack__arb_arb.inst_target 16 pure>)
+1640: guard_value(i156, 801, descr=<Guard0x1387a3ee0>) [p2, i10, i12, i14, i16, i18, i20, i22, i24, i26, i28, i30, i32, i34, i36, p95, p49, p51, p53, p55, p57, p59, p61, p63, p65, p67, p69, p144, p148, p131, p124, p123, p143, p141]
+1652: i158 = getfield_gc_i(p155, descr=<FieldS rpyeffect.stored_environment.Stack__1_1.inst_values_num_0 40 pure>)
+1652: p159 = getfield_gc_r(p155, descr=<FieldP rpyeffect.stored_environment.Stack__1_1.inst_values_ptr_0 48 pure>)
+1656: p160 = getfield_gc_r(p155, descr=<FieldP rpyeffect.stored_environment.Stack__arb_arb.inst_tail 8 pure>)
+1660: guard_nonnull(p160, descr=<Guard0x1387a3f20>) [p2, i10, i12, i14, i16, i18, i20, i22, i24, i26, i28, i30, i32, i34, i36, p95, p49, p51, p53, p55, p57, p59, p61, p63, p65, p67, p69, p144, p148, p131, p124, p123, p143, p141]
+1668: i161 = getfield_gc_i(p160, descr=<FieldS rpyeffect.stored_environment.Stack__arb_arb.inst_target 16 pure>)
+1672: guard_value(i161, 5098, descr=<Guard0x1387a3f60>) [p2, i10, i12, i14, i16, i18, i20, i22, i24, i26, i28, i30, i32, i34, i36, p95, p49, p51, p53, p55, p57, p59, p61, p63, p65, p67, p69, p144, p148, p131, p124, p123, p143, p141]
debug_merge_point(0, 0, '801<std_core_hnd.rpyeffect:500([k@[k@[mcore:[#725]#1309]#1314]#1316])>+0: {"op": "Const". "type": "ptr". "out": 2. "format": "string". "value": "Name(import$std/core/hnd)"}')
debug_merge_point(0, 0, '801<std_core_hnd.rpyeffect:500([k@[k@[mcore:[#725]#1309]#1314]#1316])>+1: {"op": "PrimOp". "name": "getGlobal(String): Ptr". "out": {"num": []. "ptr": [2]}. "in": {"num": []. "ptr": [2]}}')
debug_merge_point(0, 0, '801<std_core_hnd.rpyeffect:500([k@[k@[mcore:[#725]#1309]#1314]#1316])>+2: {"op": "Push". "target": 800. "args": {"num": [0]. "ptr": [0]}}')
debug_merge_point(0, 0, '801<std_core_hnd.rpyeffect:500([k@[k@[mcore:[#725]#1309]#1314]#1316])>+3: {"op": "Copy". "type": "ptr". "from": 1. "to". 0}')
debug_merge_point(0, 0, '801<std_core_hnd.rpyeffect:500([k@[k@[mcore:[#725]#1309]#1314]#1316])>+4: {"op": "Copy". "type": "ptr". "from": 2. "to". 1}')
debug_merge_point(0, 0, '801<std_core_hnd.rpyeffect:500([k@[k@[mcore:[#725]#1309]#1314]#1316])>+5: {"op": "Jump". "target": 785}')
debug_merge_point(0, 0, '785<std_core_hnd.rpyeffect:484([mcore:[#717]#1300])>+0: {"op": "Const". "type": "ptr". "out": 1. "format": "string". "value": "Name(import$std/core/hnd)"}')
debug_merge_point(0, 0, '785<std_core_hnd.rpyeffect:484([mcore:[#717]#1300])>+1: {"op": "PrimOp". "name": "getGlobal(String): Ptr". "out": {"num": []. "ptr": [1]}. "in": {"num": []. "ptr": [1]}}')
debug_merge_point(0, 0, '785<std_core_hnd.rpyeffect:484([mcore:[#717]#1300])>+2: {"op": "CallLib". "lib": "1". "symbol": "setCurrentEvv"}')
debug_merge_point(0, 0, '302<std_core_hnd.rpyeffect:1(Name(setCurrentEvv))>+0: {"op": "Const". "type": "ptr". "out": 1. "format": "string". "value": "current-evv"}')
debug_merge_point(0, 0, '302<std_core_hnd.rpyeffect:1(Name(setCurrentEvv))>+1: {"op": "PrimOp". "name": "getGlobal(String): Ptr". "out": {"num": []. "ptr": [1]}. "in": {"num": []. "ptr": [1]}}')
debug_merge_point(0, 0, '302<std_core_hnd.rpyeffect:1(Name(setCurrentEvv))>+2: {"op": "PrimOp". "name": "setRef(Ref[Ptr]. Ptr): Unit". "out": {"num": []. "ptr": [0]}. "in": {"num": []. "ptr": [1. 0]}}')
debug_merge_point(0, 0, '302<std_core_hnd.rpyeffect:1(Name(setCurrentEvv))>+3: {"op": "Return". "args": {"num": []. "ptr": [0]}}')
debug_merge_point(0, 0, '800<std_core_hnd.rpyeffect:499([k@[k@[k@[mcore:[#725]#1309]#1314]#1316]#1321])>+0: {"op": "Const". "type": "num". "out": 1. "value": 0}')
debug_merge_point(0, 0, '800<std_core_hnd.rpyeffect:499([k@[k@[k@[mcore:[#725]#1309]#1314]#1316]#1321])>+1: {"op": "Copy". "type": "ptr". "from": 1. "to". 0}')
debug_merge_point(0, 0, '800<std_core_hnd.rpyeffect:499([k@[k@[k@[mcore:[#725]#1309]#1314]#1316]#1321])>+2: {"op": "Switch". "scrutinee": 1. "values": [1]. "targets": [796]. "default": 799}')
debug_merge_point(0, 0, '799<std_core_hnd.rpyeffect:498([switch default case#1364])>+0: {"op": "Const". "type": "num". "out": 0. "value": 0}')
debug_merge_point(0, 0, '799<std_core_hnd.rpyeffect:498([switch default case#1364])>+1: {"op": "Switch". "scrutinee": 0. "values": [0]. "targets": [797]. "default": 798}')
debug_merge_point(0, 0, '797<std_core_hnd.rpyeffect:496([switch case for 0#1366])>+0: {"op": "Return". "args": {"num": []. "ptr": [0]}}')
+1684: i163 = getfield_gc_i(p160, descr=<FieldS rpyeffect.stored_environment.Stack__1_0.inst_values_num_0 40 pure>)
+1688: p164 = getfield_gc_r(p160, descr=<FieldP rpyeffect.stored_environment.Stack__arb_arb.inst_tail 8 pure>)
debug_merge_point(0, 0, '5098<main.rpyeffect:101([k@[switch case for 0#321]#345])>+0: {"op": "PrimOp". "name": "unbox(Ptr): Num". "out": {"num": [1]. "ptr": []}. "in": {"num": []. "ptr": [0]}}')
debug_merge_point(0, 0, '5098<main.rpyeffect:101([k@[switch case for 0#321]#345])>+1: {"op": "Swap". "type": "num". "a": 0. "b". 1}')
debug_merge_point(0, 0, '5098<main.rpyeffect:101([k@[switch case for 0#321]#345])>+2: {"op": "Switch". "scrutinee": 0. "values": [1]. "targets": [5093]. "default": 5097}')
+1756: setfield_gc(ConstPtr(ptr165), p159, descr=<FieldP rpyeffect.region.PtrRef.inst_value 8>)
+1760: guard_nonnull(p164, descr=<Guard0x1284a48b8>) [p2, i163, i10, i12, i14, i16, i18, i20, i22, i24, i26, i28, i30, i32, i34, i36, p95, p49, p51, p53, p55, p57, p59, p61, p63, p65, p67, p69, p144, p164, p131, p124, p123, p143, p141]
+1768: i166 = getfield_gc_i(p164, descr=<FieldS rpyeffect.stored_environment.Stack__arb_arb.inst_target 16 pure>)
+1772: guard_value(i166, 5127, descr=<Guard0x1387a3fa0>) [p2, i163, i10, i12, i14, i16, i18, i20, i22, i24, i26, i28, i30, i32, i34, i36, p95, p49, p51, p53, p55, p57, p59, p61, p63, p65, p67, p69, p144, p164, p131, p124, p123, p143, p141]
debug_merge_point(0, 0, '5097<main.rpyeffect:100([switch default case#352])>+0: {"op": "Swap". "type": "num". "a": 0. "b". 1}')
debug_merge_point(0, 0, '5097<main.rpyeffect:100([switch default case#352])>+1: {"op": "Switch". "scrutinee": 1. "values": [0]. "targets": [5095]. "default": 5096}')
debug_merge_point(0, 0, '5095<main.rpyeffect:98([switch case for 0#353])>+0: {"op": "Const". "type": "num". "out": 1. "value": 1}')
debug_merge_point(0, 0, '5095<main.rpyeffect:98([switch case for 0#353])>+1: {"op": "PrimOp". "name": "infixSub(Int. Int): Int". "out": {"num": [0]. "ptr": []}. "in": {"num": [0. 1]. "ptr": []}}')
+1784: i169 = int_sub(i163, 1)
debug_merge_point(0, 0, '5095<main.rpyeffect:98([switch case for 0#353])>+2: {"op": "Const". "type": "ptr". "out": 0. "format": "string". "value": "Name(import$std/core/hnd)"}')
debug_merge_point(0, 0, '5095<main.rpyeffect:98([switch case for 0#353])>+3: {"op": "PrimOp". "name": "getGlobal(String): Ptr". "out": {"num": []. "ptr": [0]}. "in": {"num": []. "ptr": [0]}}')
debug_merge_point(0, 0, '5095<main.rpyeffect:98([switch case for 0#353])>+4: {"op": "Jump". "target": 5102}')
debug_merge_point(0, 0, '5102<main.rpyeffect:105([mcore:[#227]#285])>+0: {"op": "Const". "type": "num". "out": 1. "value": 1}')
debug_merge_point(0, 0, '5102<main.rpyeffect:105([mcore:[#227]#285])>+1: {"op": "PrimOp". "name": "infixLt(Int. Int): Boolean". "out": {"num": [1]. "ptr": []}. "in": {"num": [0. 1]. "ptr": []}}')
+1788: i171 = int_lt(i169, 1)
guard_false(i171, descr=<Guard0x1284bc020>) [p2, i163, i10, i12, i14, i16, i18, i20, i22, i24, i26, i28, i30, i32, i34, i36, p95, p49, p51, p53, p55, p57, p59, p61, p63, p65, p67, p69, p144, p164, p131, p124, p123, p143, p141]
debug_merge_point(0, 0, '5102<main.rpyeffect:105([mcore:[#227]#285])>+2: {"op": "Switch". "scrutinee": 1. "values": [1]. "targets": [5087]. "default": 5101}')
debug_merge_point(0, 0, '5101<main.rpyeffect:104([switch default case#317])>+0: {"op": "Const". "type": "num". "out": 1. "value": 1}')
debug_merge_point(0, 0, '5101<main.rpyeffect:104([switch default case#317])>+1: {"op": "PrimOp". "name": "infixLt(Int. Int): Boolean". "out": {"num": [1]. "ptr": []}. "in": {"num": [0. 1]. "ptr": []}}')
debug_merge_point(0, 0, '5101<main.rpyeffect:104([switch default case#317])>+2: {"op": "Switch". "scrutinee": 1. "values": [0]. "targets": [5099]. "default": 5100}')
debug_merge_point(0, 0, '5099<main.rpyeffect:102([switch case for 0#321])>+0: {"op": "Const". "type": "num". "out": 1. "value": 1}')
debug_merge_point(0, 0, '5099<main.rpyeffect:102([switch case for 0#321])>+1: {"op": "New". "out": 0. "targets": [5089. 5091]. "args": {"num": []. "ptr": []}}')
debug_merge_point(0, 0, '5099<main.rpyeffect:102([switch case for 0#321])>+2: {"op": "Const". "type": "ptr". "out": 1. "format": "string". "value": "Name(import$std/core/hnd)"}')
debug_merge_point(0, 0, '5099<main.rpyeffect:102([switch case for 0#321])>+3: {"op": "PrimOp". "name": "getGlobal(String): Ptr". "out": {"num": []. "ptr": [1]}. "in": {"num": []. "ptr": [1]}}')
debug_merge_point(0, 0, '5099<main.rpyeffect:102([switch case for 0#321])>+4: {"op": "Push". "target": 5098. "args": {"num": [0]. "ptr": []}}')
debug_merge_point(0, 0, '5099<main.rpyeffect:102([switch case for 0#321])>+5: {"op": "Copy". "type": "num". "from": 1. "to". 0}')
debug_merge_point(0, 0, '5099<main.rpyeffect:102([switch case for 0#321])>+6: {"op": "Jump". "target": 5067}')
debug_merge_point(0, 0, '5067<main.rpyeffect:70([mcore:[#210]#231])>+0: {"op": "Const". "type": "ptr". "out": 1. "format": "string". "value": "Name(import$std/core/hnd)"}')
debug_merge_point(0, 0, '5067<main.rpyeffect:70([mcore:[#210]#231])>+1: {"op": "PrimOp". "name": "getGlobal(String): Ptr". "out": {"num": []. "ptr": [1]}. "in": {"num": []. "ptr": [1]}}')
debug_merge_point(0, 0, '5067<main.rpyeffect:70([mcore:[#210]#231])>+2: {"op": "CallLib". "lib": "1". "symbol": "std/core/hnd/@open-at0"}')
debug_merge_point(0, 0, '803<std_core_hnd.rpyeffect:502([mcore:[#725]#1309])>+0: {"op": "Const". "type": "ptr". "out": 1. "format": "string". "value": "Name(import$std/core/hnd)"}')
debug_merge_point(0, 0, '803<std_core_hnd.rpyeffect:502([mcore:[#725]#1309])>+1: {"op": "PrimOp". "name": "getGlobal(String): Ptr". "out": {"num": []. "ptr": [1]}. "in": {"num": []. "ptr": [1]}}')
debug_merge_point(0, 0, '803<std_core_hnd.rpyeffect:502([mcore:[#725]#1309])>+2: {"op": "Push". "target": 802. "args": {"num": [0]. "ptr": [0]}}')
debug_merge_point(0, 0, '803<std_core_hnd.rpyeffect:502([mcore:[#725]#1309])>+3: {"op": "Copy". "type": "ptr". "from": 1. "to". 0}')
+1796: p172 = new_with_vtable(descr=<SizeDescr 56>)
+1904: p173 = new_with_vtable(descr=<SizeDescr 48>)
+1916: setfield_gc(p173, p164, descr=<FieldP rpyeffect.stored_environment.Stack__arb_arb.inst_tail 8 pure>)
+1920: setfield_gc(p173, 5098, descr=<FieldS rpyeffect.stored_environment.Stack__arb_arb.inst_target 16 pure>)
+1928: setfield_gc(p173, i169, descr=<FieldS rpyeffect.stored_environment.Stack__1_0.inst_values_num_0 40 pure>)
+1932: p175 = new_with_vtable(descr=<SizeDescr 32>)
+1948: setfield_gc(p175, ConstPtr(ptr176), descr=<FieldP rpyeffect.stored_environment.CoData__arb_arb.inst_vtable 24 pure>)
+1952: p177 = new_with_vtable(descr=<SizeDescr 40>)
+1964: p178 = new_with_vtable(descr=<SizeDescr 40>)
+1976: p179 = new_with_vtable(descr=<SizeDescr 40>)
+1988: p180 = new_with_vtable(descr=<SizeDescr 48>)
+2000: setfield_gc(p180, p131, descr=<FieldP rpyeffect.stored_environment.Stack__arb_arb.inst_tail 8 pure>)
+2004: setfield_gc(p180, 5134, descr=<FieldS rpyeffect.stored_environment.Stack__arb_arb.inst_target 16 pure>)
+2012: setfield_gc(p180, 0, descr=<FieldS rpyeffect.stored_environment.Stack__1_0.inst_values_num_0 40 pure>)
+2020: setfield_gc(p179, p180, descr=<FieldP rpyeffect.stored_environment.Stack__arb_arb.inst_tail 8 pure>)
+2024: setfield_gc(p179, 505, descr=<FieldS rpyeffect.stored_environment.Stack__arb_arb.inst_target 16 pure>)
+2032: setfield_gc(p178, p179, descr=<FieldP rpyeffect.stack.MetaStackLike.inst_stack 8 pure>)
+2036: setfield_gc(p178, p123, descr=<FieldP rpyeffect.stack.MetaStack.inst_label 16 pure>)
+2040: setfield_gc(p178, ConstPtr(null), descr=<FieldP rpyeffect.stack.MetaStack.inst_region 24 pure>)
+2048: setfield_gc(p178, p124, descr=<FieldP rpyeffect.stack.MetaStack.inst_tail 32 pure>)
+2052: setfield_gc(p172, 802, descr=<FieldS rpyeffect.stored_environment.Stack__arb_arb.inst_target 16 pure>)
+2060: setfield_gc(p172, 1, descr=<FieldS rpyeffect.stored_environment.Stack__1_1.inst_values_num_0 40 pure>)
+2068: setfield_gc(p172, p175, descr=<FieldP rpyeffect.stored_environment.Stack__1_1.inst_values_ptr_0 48 pure>)
+2072: setfield_gc(p172, p173, descr=<FieldP rpyeffect.stored_environment.Stack__arb_arb.inst_tail 8 pure>)
+2076: setfield_gc(p177, p141, descr=<FieldP rpyeffect.stack.MetaStackLike.inst_stack 8 pure>)
+2080: setfield_gc(p177, p143, descr=<FieldP rpyeffect.stack.MetaStack.inst_label 16 pure>)
+2084: setfield_gc(p177, p178, descr=<FieldP rpyeffect.stack.MetaStack.inst_tail 32 pure>)
+2088: setfield_gc(p177, ConstPtr(null), descr=<FieldP rpyeffect.stack.MetaStack.inst_region 24 pure>)
+2180: jump(p144, p172, p2, p177, 1, 1, i10, i12, i14, i16, i18, i20, i22, i24, i26, i28, i30, i32, i34, i36, p175, ConstPtr(ptr188), ConstPtr(ptr189), ConstPtr(ptr190), p95, p49, p51, p53, p55, p57, p59, p61, p63, p65, p67, p69, descr=TargetToken(5242277264))
+2228: --end of the loop--
[7fb120a] jit-log-opt-loop}
[827cac5] {jit-log-opt-loop
# Loop 4 (784<std_core_hnd.rpyeffect:483([mcore:[#715]#1295])>+0: {"op": "Const", "type": "ptr", "out": 0, "format": "string", "value": "Name(import$std/core/hnd)"}) : loop with 349 ops
[p0, p1, p2, p3]
+456: p4 = getfield_gc_r(p2, descr=<FieldP rpyeffect.environment.Environment.inst_values_num 16>)
+464: i6 = getarrayitem_gc_i(p4, 0, descr=<ArrayS 8>)
+468: i8 = getarrayitem_gc_i(p4, 1, descr=<ArrayS 8>)
+472: i10 = getarrayitem_gc_i(p4, 2, descr=<ArrayS 8>)
+476: i12 = getarrayitem_gc_i(p4, 3, descr=<ArrayS 8>)
+480: i14 = getarrayitem_gc_i(p4, 4, descr=<ArrayS 8>)
+484: i16 = getarrayitem_gc_i(p4, 5, descr=<ArrayS 8>)
+488: i18 = getarrayitem_gc_i(p4, 6, descr=<ArrayS 8>)
+492: i20 = getarrayitem_gc_i(p4, 7, descr=<ArrayS 8>)
+496: i22 = getarrayitem_gc_i(p4, 8, descr=<ArrayS 8>)
+500: i24 = getarrayitem_gc_i(p4, 9, descr=<ArrayS 8>)
+504: i26 = getarrayitem_gc_i(p4, 10, descr=<ArrayS 8>)
+508: i28 = getarrayitem_gc_i(p4, 11, descr=<ArrayS 8>)
+512: i30 = getarrayitem_gc_i(p4, 12, descr=<ArrayS 8>)
+516: i32 = getarrayitem_gc_i(p4, 13, descr=<ArrayS 8>)
+520: i34 = getarrayitem_gc_i(p4, 14, descr=<ArrayS 8>)
+528: i36 = getarrayitem_gc_i(p4, 15, descr=<ArrayS 8>)
+532: p37 = getfield_gc_r(p2, descr=<FieldP rpyeffect.environment.Environment.inst_values_ptr 24>)
+536: p39 = getarrayitem_gc_r(p37, 0, descr=<ArrayP 8>)
+544: p41 = getarrayitem_gc_r(p37, 1, descr=<ArrayP 8>)
+552: p43 = getarrayitem_gc_r(p37, 2, descr=<ArrayP 8>)
+560: p45 = getarrayitem_gc_r(p37, 3, descr=<ArrayP 8>)
+568: p47 = getarrayitem_gc_r(p37, 4, descr=<ArrayP 8>)
+576: p49 = getarrayitem_gc_r(p37, 5, descr=<ArrayP 8>)
+584: p51 = getarrayitem_gc_r(p37, 6, descr=<ArrayP 8>)
+592: p53 = getarrayitem_gc_r(p37, 7, descr=<ArrayP 8>)
+600: p55 = getarrayitem_gc_r(p37, 8, descr=<ArrayP 8>)
+608: p57 = getarrayitem_gc_r(p37, 9, descr=<ArrayP 8>)
+616: p59 = getarrayitem_gc_r(p37, 10, descr=<ArrayP 8>)
+624: p61 = getarrayitem_gc_r(p37, 11, descr=<ArrayP 8>)
+632: p63 = getarrayitem_gc_r(p37, 12, descr=<ArrayP 8>)
+640: p65 = getarrayitem_gc_r(p37, 13, descr=<ArrayP 8>)
+648: p67 = getarrayitem_gc_r(p37, 14, descr=<ArrayP 8>)
+656: p69 = getarrayitem_gc_r(p37, 15, descr=<ArrayP 8>)
+660: label(p0, p1, p2, p3, i6, i8, i10, i12, i14, i16, i18, i20, i22, i24, i26, i28, i30, i32, i34, i36, p39, p41, p43, p45, p47, p49, p51, p53, p55, p57, p59, p61, p63, p65, p67, p69, descr=TargetToken(4971073632))
debug_merge_point(0, 0, '784<std_core_hnd.rpyeffect:483([mcore:[#715]#1295])>+0: {"op": "Const". "type": "ptr". "out": 0. "format": "string". "value": "Name(import$std/core/hnd)"}')
+720: guard_not_invalidated(descr=<Guard0x1284dd150>) [p2, i6, i8, i10, i12, i14, i16, i18, i20, i22, i24, i26, i28, i30, i32, i34, i36, p39, p41, p43, p45, p47, p49, p51, p53, p55, p57, p59, p61, p63, p65, p67, p69, p0, p1, p3]
debug_merge_point(0, 0, '784<std_core_hnd.rpyeffect:483([mcore:[#715]#1295])>+1: {"op": "PrimOp". "name": "getGlobal(String): Ptr". "out": {"num": []. "ptr": [0]}. "in": {"num": []. "ptr": [0]}}')
debug_merge_point(0, 0, '784<std_core_hnd.rpyeffect:483([mcore:[#715]#1295])>+2: {"op": "CallLib". "lib": "0". "symbol": "evvSwapCreate1"}')
+724: guard_nonnull(p1, descr=<Guard0x1284bdbe0>) [p2, i6, i8, i10, i12, i14, i16, i18, i20, i22, i24, i26, i28, i30, i32, i34, i36, p39, p41, p43, p45, p47, p49, p51, p53, p55, p57, p59, p61, p63, p65, p67, p69, p0, p1, p3]
+736: i70 = getfield_gc_i(p1, descr=<FieldS rpyeffect.stored_environment.Stack__arb_arb.inst_target 16 pure>)
+744: guard_value(i70, 802, descr=<Guard0x1284bdba0>) [p2, i6, i8, i10, i12, i14, i16, i18, i20, i22, i24, i26, i28, i30, i32, i34, i36, p39, p41, p43, p45, p47, p49, p51, p53, p55, p57, p59, p61, p63, p65, p67, p69, p0, p1, p3]
debug_merge_point(0, 0, '307<std_core_hnd.rpyeffect:6(Name(evvSwapCreate1))>+0: {"op": "Construct". "out": 0. "type": Interned(evv). "tag": Interned(nil). "args": {"num": []. "ptr": []}}')
debug_merge_point(0, 0, '307<std_core_hnd.rpyeffect:6(Name(evvSwapCreate1))>+1: {"op": "Push". "target": 306. "args": {"num": [0]. "ptr": [0]}}')
debug_merge_point(0, 0, '307<std_core_hnd.rpyeffect:6(Name(evvSwapCreate1))>+2: {"op": "Jump". "target": 301}')
debug_merge_point(0, 0, '301<std_core_hnd.rpyeffect:0(Name(getCurrentEvv))>+0: {"op": "Const". "type": "ptr". "out": 0. "format": "string". "value": "current-evv"}')
debug_merge_point(0, 0, '301<std_core_hnd.rpyeffect:0(Name(getCurrentEvv))>+1: {"op": "PrimOp". "name": "getGlobal(String): Ptr". "out": {"num": []. "ptr": [0]}. "in": {"num": []. "ptr": [0]}}')
debug_merge_point(0, 0, '301<std_core_hnd.rpyeffect:0(Name(getCurrentEvv))>+2: {"op": "PrimOp". "name": "getRef(Ref[Ptr]): Ptr". "out": {"num": []. "ptr": [0]}. "in": {"num": []. "ptr": [0]}}')
+760: p73 = getfield_gc_r(ConstPtr(ptr72), descr=<FieldP rpyeffect.region.PtrRef.inst_value 8>)
debug_merge_point(0, 0, '301<std_core_hnd.rpyeffect:0(Name(getCurrentEvv))>+3: {"op": "Return". "args": {"num": []. "ptr": [0]}}')
debug_merge_point(0, 0, '306<std_core_hnd.rpyeffect:5([k@Name(evvSwapCreate1)#21])>+0: {"op": "Push". "target": 305. "args": {"num": []. "ptr": [0. 1]}}')
debug_merge_point(0, 0, '306<std_core_hnd.rpyeffect:5([k@Name(evvSwapCreate1)#21])>+1: {"op": "Jump". "target": 331}')
debug_merge_point(0, 0, '331<std_core_hnd.rpyeffect:30(Name(elt))>+0: {"op": "Switch". "scrutinee": 0. "values": [0]. "targets": [329]. "default": 330}')
+764: i75 = int_eq(i6, 0)
guard_false(i75, descr=<Guard0x1284bdb60>) [p2, i6, i8, i10, i12, i14, i16, i18, i20, i22, i24, i26, i28, i30, i32, i34, i36, p39, p41, p43, p45, p47, p49, p51, p53, p55, p57, p59, p61, p63, p65, p67, p69, p0, p1, p3]
debug_merge_point(0, 0, '330<std_core_hnd.rpyeffect:29([switch default case#88])>+0: {"op": "Proj". "out": 0. "type": Interned(evv). "scrutinee": 0. "tag": Interned(cons). "field": 1. "field_type": "ptr"}')
+772: p76 = getfield_gc_r(p73, descr=<FieldP rpyeffect.stored_environment.Data__arb_arb.inst_tag 8>)
+780: guard_value(p76, ConstPtr(ptr77), descr=<Guard0x1284bdb20>) [p2, i6, i8, i10, i12, i14, i16, i18, i20, i22, i24, i26, i28, i30, i32, i34, i36, p39, p41, p43, p45, p47, p49, p51, p53, p55, p57, p59, p61, p63, p65, p67, p69, p0, p1, p3]
+788: guard_class(p73, ConstClass(Data__0_2), descr=<Guard0x1284bdae0>) [p2, i6, i8, i10, i12, i14, i16, i18, i20, i22, i24, i26, i28, i30, i32, i34, i36, p39, p41, p43, p45, p47, p49, p51, p53, p55, p57, p59, p61, p63, p65, p67, p69, p0, p1, p3]
+804: p79 = getfield_gc_r(p73, descr=<FieldP rpyeffect.stored_environment.Data__0_2.inst_values_ptr_1 40 pure>)
debug_merge_point(0, 0, '330<std_core_hnd.rpyeffect:29([switch default case#88])>+1: {"op": "Const". "type": "num". "out": 1. "value": 1}')
debug_merge_point(0, 0, '330<std_core_hnd.rpyeffect:29([switch default case#88])>+2: {"op": "PrimOp". "name": "infixSub(Int. Int): Int". "out": {"num": [0]. "ptr": []}. "in": {"num": [0. 1]. "ptr": []}}')
+808: i81 = int_sub(i6, 1)
debug_merge_point(0, 0, '330<std_core_hnd.rpyeffect:29([switch default case#88])>+3: {"op": "Jump". "target": 331}')
debug_merge_point(0, 0, '331<std_core_hnd.rpyeffect:30(Name(elt))>+0: {"op": "Switch". "scrutinee": 0. "values": [0]. "targets": [329]. "default": 330}')
+812: i83 = int_eq(i81, 0)
guard_true(i83, descr=<Guard0x1284bdaa0>) [p2, i6, i8, i10, i12, i14, i16, i18, i20, i22, i24, i26, i28, i30, i32, i34, i36, p39, p41, p43, p45, p47, p49, p51, p53, p55, p57, p59, p61, p63, p65, p67, p69, p0, p1, p3]
debug_merge_point(0, 0, '329<std_core_hnd.rpyeffect:28([switch case for 0#86])>+0: {"op": "Proj". "out": 0. "type": Interned(evv). "scrutinee": 0. "tag": Interned(cons). "field": 0. "field_type": "ptr"}')
+820: p84 = getfield_gc_r(p79, descr=<FieldP rpyeffect.stored_environment.Data__arb_arb.inst_tag 8>)
+824: guard_value(p84, ConstPtr(ptr85), descr=<Guard0x1284bda60>) [p2, i6, i8, i10, i12, i14, i16, i18, i20, i22, i24, i26, i28, i30, i32, i34, i36, p39, p41, p43, p45, p47, p49, p51, p53, p55, p57, p59, p61, p63, p65, p67, p69, p0, p1, p3]
+832: guard_class(p79, ConstClass(Data__0_2), descr=<Guard0x1284bda20>) [p2, i6, i8, i10, i12, i14, i16, i18, i20, i22, i24, i26, i28, i30, i32, i34, i36, p39, p41, p43, p45, p47, p49, p51, p53, p55, p57, p59, p61, p63, p65, p67, p69, p0, p1, p3]
+848: p87 = getfield_gc_r(p79, descr=<FieldP rpyeffect.stored_environment.Data__0_2.inst_values_ptr_0 32 pure>)
debug_merge_point(0, 0, '329<std_core_hnd.rpyeffect:28([switch case for 0#86])>+1: {"op": "Return". "args": {"num": []. "ptr": [0]}}')
debug_merge_point(0, 0, '305<std_core_hnd.rpyeffect:4([k@[k@Name(evvSwapCreate1)#21]#23])>+0: {"op": "Construct". "out": 0. "type": Interned(evv). "tag": Interned(cons). "args": {"num": []. "ptr": [0. 2]}}')
debug_merge_point(0, 0, '305<std_core_hnd.rpyeffect:4([k@[k@Name(evvSwapCreate1)#21]#23])>+1: {"op": "Push". "target": 304. "args": {"num": []. "ptr": [1]}}')
debug_merge_point(0, 0, '305<std_core_hnd.rpyeffect:4([k@[k@Name(evvSwapCreate1)#21]#23])>+2: {"op": "Jump". "target": 302}')
debug_merge_point(0, 0, '302<std_core_hnd.rpyeffect:1(Name(setCurrentEvv))>+0: {"op": "Const". "type": "ptr". "out": 1. "format": "string". "value": "current-evv"}')
debug_merge_point(0, 0, '302<std_core_hnd.rpyeffect:1(Name(setCurrentEvv))>+1: {"op": "PrimOp". "name": "getGlobal(String): Ptr". "out": {"num": []. "ptr": [1]}. "in": {"num": []. "ptr": [1]}}')
debug_merge_point(0, 0, '302<std_core_hnd.rpyeffect:1(Name(setCurrentEvv))>+2: {"op": "PrimOp". "name": "setRef(Ref[Ptr]. Ptr): Unit". "out": {"num": []. "ptr": [0]}. "in": {"num": []. "ptr": [1. 0]}}')
debug_merge_point(0, 0, '302<std_core_hnd.rpyeffect:1(Name(setCurrentEvv))>+3: {"op": "Return". "args": {"num": []. "ptr": [0]}}')
debug_merge_point(0, 0, '304<std_core_hnd.rpyeffect:3([k@[k@[k@Name(evvSwapCreate1)#21]#23]#26])>+0: {"op": "Copy". "type": "ptr". "from": 1. "to". 0}')
debug_merge_point(0, 0, '304<std_core_hnd.rpyeffect:3([k@[k@[k@Name(evvSwapCreate1)#21]#23]#26])>+1: {"op": "Return". "args": {"num": []. "ptr": [0]}}')
+852: i88 = getfield_gc_i(p1, descr=<FieldS rpyeffect.stored_environment.Stack__1_1.inst_values_num_0 40 pure>)
+856: p89 = getfield_gc_r(p1, descr=<FieldP rpyeffect.stored_environment.Stack__1_1.inst_values_ptr_0 48 pure>)
+860: p90 = getfield_gc_r(p1, descr=<FieldP rpyeffect.stored_environment.Stack__arb_arb.inst_tail 8 pure>)
debug_merge_point(0, 0, '802<std_core_hnd.rpyeffect:501([k@[mcore:[#725]#1309]#1314])>+0: {"op": "Push". "target": 801. "args": {"num": [0]. "ptr": [0]}}')
debug_merge_point(0, 0, '802<std_core_hnd.rpyeffect:501([k@[mcore:[#725]#1309]#1314])>+1: {"op": "Invoke". "receiver": 1. "tag": Interned(%apply():p). "args" : {"num": []. "ptr": []}}')
+864: p91 = getfield_gc_r(p89, descr=<FieldP rpyeffect.stored_environment.CoData__arb_arb.inst_vtable 24 pure>)
+872: guard_value(p91, ConstPtr(ptr92), descr=<Guard0x1284bd9e0>) [p2, i6, i8, i10, i12, i14, i16, i18, i20, i22, i24, i26, i28, i30, i32, i34, i36, p39, p41, p43, p45, p47, p49, p51, p53, p55, p57, p59, p61, p63, p65, p67, p69, p0, p1, p3]
debug_merge_point(0, 0, '5091<main.rpyeffect:94([#333])>+0: {"op": "Const". "type": "ptr". "out": 0. "format": "string". "value": "Name(import$std/core/hnd)"}')
debug_merge_point(0, 0, '5091<main.rpyeffect:94([#333])>+1: {"op": "PrimOp". "name": "getGlobal(String): Ptr". "out": {"num": []. "ptr": [0]}. "in": {"num": []. "ptr": [0]}}')
debug_merge_point(0, 0, '5091<main.rpyeffect:94([#333])>+2: {"op": "Push". "target": 5090. "args": {"num": []. "ptr": []}}')
debug_merge_point(0, 0, '5091<main.rpyeffect:94([#333])>+3: {"op": "Jump". "target": 5081}')
debug_merge_point(0, 0, '5081<main.rpyeffect:84([mcore:[#222]#247])>+0: {"op": "Const". "type": "num". "out": 0. "value": 0}')
debug_merge_point(0, 0, '5081<main.rpyeffect:84([mcore:[#222]#247])>+1: {"op": "Const". "type": "ptr". "out": 0. "format": "string". "value": "Name(import$std/core/hnd)"}')
debug_merge_point(0, 0, '5081<main.rpyeffect:84([mcore:[#222]#247])>+2: {"op": "PrimOp". "name": "getGlobal(String): Ptr". "out": {"num": []. "ptr": [0]}. "in": {"num": []. "ptr": [0]}}')
debug_merge_point(0, 0, '5081<main.rpyeffect:84([mcore:[#222]#247])>+3: {"op": "Push". "target": 5080. "args": {"num": [0]. "ptr": []}}')
debug_merge_point(0, 0, '5081<main.rpyeffect:84([mcore:[#222]#247])>+4: {"op": "Jump". "target": 5069}')
debug_merge_point(0, 0, '5069<main.rpyeffect:72([mcore:[#214]#243])>+0: {"op": "Const". "type": "ptr". "out": 0. "format": "string". "value": "Name(import$std/core/hnd)"}')
debug_merge_point(0, 0, '5069<main.rpyeffect:72([mcore:[#214]#243])>+1: {"op": "PrimOp". "name": "getGlobal(String): Ptr". "out": {"num": []. "ptr": [0]}. "in": {"num": []. "ptr": [0]}}')
debug_merge_point(0, 0, '5069<main.rpyeffect:72([mcore:[#214]#243])>+2: {"op": "CallLib". "lib": "0". "symbol": "getCurrentEvv"}')
debug_merge_point(0, 0, '301<std_core_hnd.rpyeffect:0(Name(getCurrentEvv))>+0: {"op": "Const". "type": "ptr". "out": 0. "format": "string". "value": "current-evv"}')
debug_merge_point(0, 0, '301<std_core_hnd.rpyeffect:0(Name(getCurrentEvv))>+1: {"op": "PrimOp". "name": "getGlobal(String): Ptr". "out": {"num": []. "ptr": [0]}. "in": {"num": []. "ptr": [0]}}')
debug_merge_point(0, 0, '301<std_core_hnd.rpyeffect:0(Name(getCurrentEvv))>+2: {"op": "PrimOp". "name": "getRef(Ref[Ptr]): Ptr". "out": {"num": []. "ptr": [0]}. "in": {"num": []. "ptr": [0]}}')
debug_merge_point(0, 0, '301<std_core_hnd.rpyeffect:0(Name(getCurrentEvv))>+3: {"op": "Return". "args": {"num": []. "ptr": [0]}}')
debug_merge_point(0, 0, '5080<main.rpyeffect:83([k@[mcore:[#222]#247]#253])>+0: {"op": "PrimOp". "name": "promote_ptr". "out": {"num": []. "ptr": [0]}. "in": {"num": []. "ptr": [0]}}')
debug_merge_point(0, 0, '5080<main.rpyeffect:83([k@[mcore:[#222]#247]#253])>+1: {"op": "Const". "type": "ptr". "out": 1. "format": "string". "value": "Name(import$std/core/hnd)"}')
debug_merge_point(0, 0, '5080<main.rpyeffect:83([k@[mcore:[#222]#247]#253])>+2: {"op": "PrimOp". "name": "getGlobal(String): Ptr". "out": {"num": []. "ptr": [1]}. "in": {"num": []. "ptr": [1]}}')
debug_merge_point(0, 0, '5080<main.rpyeffect:83([k@[mcore:[#222]#247]#253])>+3: {"op": "Push". "target": 5079. "args": {"num": []. "ptr": []}}')
debug_merge_point(0, 0, '5080<main.rpyeffect:83([k@[mcore:[#222]#247]#253])>+4: {"op": "Jump". "target": 5068}')
debug_merge_point(0, 0, '5068<main.rpyeffect:71([mcore:[#213]#237])>+0: {"op": "Const". "type": "ptr". "out": 1. "format": "string". "value": "Name(import$std/core/hnd)"}')
debug_merge_point(0, 0, '5068<main.rpyeffect:71([mcore:[#213]#237])>+1: {"op": "PrimOp". "name": "getGlobal(String): Ptr". "out": {"num": []. "ptr": [1]}. "in": {"num": []. "ptr": [1]}}')
debug_merge_point(0, 0, '5068<main.rpyeffect:71([mcore:[#213]#237])>+2: {"op": "CallLib". "lib": "1". "symbol": "elt"}')
debug_merge_point(0, 0, '331<std_core_hnd.rpyeffect:30(Name(elt))>+0: {"op": "Switch". "scrutinee": 0. "values": [0]. "targets": [329]. "default": 330}')
debug_merge_point(0, 0, '329<std_core_hnd.rpyeffect:28([switch case for 0#86])>+0: {"op": "Proj". "out": 0. "type": Interned(evv). "scrutinee": 0. "tag": Interned(cons). "field": 0. "field_type": "ptr"}')
debug_merge_point(0, 0, '329<std_core_hnd.rpyeffect:28([switch case for 0#86])>+1: {"op": "Return". "args": {"num": []. "ptr": [0]}}')
debug_merge_point(0, 0, '5079<main.rpyeffect:82([k@[k@[mcore:[#222]#247]#253]#261])>+0: {"op": "Match". "type": Interned(std/core/hnd/ev). "scrutinee": 0. "clauses": [{"tag": Interned(std/core/hnd/Ev). "target": 5078. "args": {"num": []. "ptr": [1. 2. 3. 4]}}]. "default": {"tag": Interned(0ebd4aad-cbef-458e-b7ce-546cf0866444#[Missing Tag#1212]). "target": 5070. "args": {"num": []. "ptr": []}}}')
+880: p93 = getfield_gc_r(p87, descr=<FieldP rpyeffect.stored_environment.Data__arb_arb.inst_tag 8>)
+888: guard_value(p93, ConstPtr(ptr94), descr=<Guard0x1284bd9a0>) [p2, i6, i8, i10, i12, i14, i16, i18, i20, i22, i24, i26, i28, i30, i32, i34, i36, p39, p41, p43, p45, p47, p49, p51, p53, p55, p57, p59, p61, p63, p65, p67, p69, p0, p1, p3]
+896: p95 = getfield_gc_r(p87, descr=<FieldP rpyeffect.stored_environment.Data__arb_arb.inst_values_ptr 24 pure>)
+900: p97 = getarrayitem_gc_pure_r(p95, 0, descr=<ArrayP 8>)
+900: p99 = getarrayitem_gc_pure_r(p95, 1, descr=<ArrayP 8>)
+904: p101 = getarrayitem_gc_pure_r(p95, 2, descr=<ArrayP 8>)
+908: p103 = getarrayitem_gc_pure_r(p95, 3, descr=<ArrayP 8>)
debug_merge_point(0, 0, '5078<main.rpyeffect:81([#265])>+0: {"op": "Copy". "type": "ptr". "from": 0. "to". 1}')
debug_merge_point(0, 0, '5078<main.rpyeffect:81([#265])>+1: {"op": "Copy". "type": "ptr". "from": 2. "to". 0}')
debug_merge_point(0, 0, '5078<main.rpyeffect:81([#265])>+2: {"op": "Match". "type": Interned(main/flip). "scrutinee": 3. "clauses": [{"tag": Interned(main/@Hnd-flip). "target": 5077. "args": {"num": [0]. "ptr": [2]}}]. "default": {"tag": Interned(0ebd4aad-cbef-458e-b7ce-546cf0866444#[Missing Tag#1211]). "target": 5072. "args": {"num": []. "ptr": []}}}')
+912: p104 = getfield_gc_r(p101, descr=<FieldP rpyeffect.stored_environment.Data__arb_arb.inst_tag 8>)
+920: guard_value(p104, ConstPtr(ptr105), descr=<Guard0x1284bd960>) [p2, i6, i8, i10, i12, i14, i16, i18, i20, i22, i24, i26, i28, i30, i32, i34, i36, p39, p41, p43, p45, p47, p49, p51, p53, p55, p57, p59, p61, p63, p65, p67, p69, p0, p1, p3]
+928: i106 = getfield_gc_i(p101, descr=<FieldS rpyeffect.stored_environment.Data__1_1.inst_values_num_0 32 pure>)
+928: p107 = getfield_gc_r(p101, descr=<FieldP rpyeffect.stored_environment.Data__1_1.inst_values_ptr_0 40 pure>)
debug_merge_point(0, 0, '5077<main.rpyeffect:80([match_main/@Hnd-flip@[#265]#272])>+0: {"op": "Match". "type": Interned(std/core/hnd/clause0). "scrutinee": 2. "clauses": [{"tag": Interned(std/core/hnd/Clause0). "target": 5076. "args": {"num": []. "ptr": [2]}}]. "default": {"tag": Interned(0ebd4aad-cbef-458e-b7ce-546cf0866444#[Missing Tag#1210]). "target": 5074. "args": {"num": []. "ptr": []}}}')
+932: p108 = getfield_gc_r(p107, descr=<FieldP rpyeffect.stored_environment.Data__arb_arb.inst_tag 8>)
+940: guard_value(p108, ConstPtr(ptr109), descr=<Guard0x1284bd920>) [p2, i6, i8, i10, i12, i14, i16, i18, i20, i22, i24, i26, i28, i30, i32, i34, i36, p39, p41, p43, p45, p47, p49, p51, p53, p55, p57, p59, p61, p63, p65, p67, p69, p0, p1, p3]
+948: p110 = getfield_gc_r(p107, descr=<FieldP rpyeffect.stored_environment.Data__0_1.inst_values_ptr_0 32 pure>)
debug_merge_point(0, 0, '5076<main.rpyeffect:79([#279])>+0: {"op": "Push". "target": 5075. "args": {"num": []. "ptr": []}}')
debug_merge_point(0, 0, '5076<main.rpyeffect:79([#279])>+1: {"op": "Invoke". "receiver": 2. "tag": Interned(%apply(pp):p). "args" : {"num": []. "ptr": [0. 1]}}')
+952: p111 = getfield_gc_r(p110, descr=<FieldP rpyeffect.stored_environment.CoData__arb_arb.inst_vtable 24 pure>)
+960: guard_value(p111, ConstPtr(ptr112), descr=<Guard0x1284bd8e0>) [p2, i6, i8, i10, i12, i14, i16, i18, i20, i22, i24, i26, i28, i30, i32, i34, i36, p39, p41, p43, p45, p47, p49, p51, p53, p55, p57, p59, p61, p63, p65, p67, p69, p0, p1, p3]
debug_merge_point(0, 0, '5193<main.rpyeffect:196([method_%apply(pp):p@[mcore:[#327]#765]#772])>+0: {"op": "Const". "type": "ptr". "out": 2. "format": "string". "value": "Name(import$std/core/hnd)"}')
debug_merge_point(0, 0, '5193<main.rpyeffect:196([method_%apply(pp):p@[mcore:[#327]#765]#772])>+1: {"op": "PrimOp". "name": "getGlobal(String): Ptr". "out": {"num": []. "ptr": [2]}. "in": {"num": []. "ptr": [2]}}')
debug_merge_point(0, 0, '5193<main.rpyeffect:196([method_%apply(pp):p@[mcore:[#327]#765]#772])>+2: {"op": "Jump". "target": 5146}')
debug_merge_point(0, 0, '5146<main.rpyeffect:149([mcore:[#279]#533])>+0: {"op": "New". "out": 1. "targets": [5143. 5145]. "args": {"num": []. "ptr": []}}')
debug_merge_point(0, 0, '5146<main.rpyeffect:149([mcore:[#279]#533])>+1: {"op": "Const". "type": "ptr". "out": 2. "format": "string". "value": "Name(import$std/core/hnd)"}')
debug_merge_point(0, 0, '5146<main.rpyeffect:149([mcore:[#279]#533])>+2: {"op": "PrimOp". "name": "getGlobal(String): Ptr". "out": {"num": []. "ptr": [2]}. "in": {"num": []. "ptr": [2]}}')
debug_merge_point(0, 0, '5146<main.rpyeffect:149([mcore:[#279]#533])>+3: {"op": "Jump". "target": 5132}')
debug_merge_point(0, 0, '5132<main.rpyeffect:135([mcore:[#262]#487])>+0: {"op": "Const". "type": "ptr". "out": 2. "format": "string". "value": "Name(import$std/core/hnd)"}')
debug_merge_point(0, 0, '5132<main.rpyeffect:135([mcore:[#262]#487])>+1: {"op": "PrimOp". "name": "getGlobal(String): Ptr". "out": {"num": []. "ptr": [2]}. "in": {"num": []. "ptr": [2]}}')
debug_merge_point(0, 0, '5132<main.rpyeffect:135([mcore:[#262]#487])>+2: {"op": "CallLib". "lib": "2". "symbol": "std/core/hnd/yield-to"}')
debug_merge_point(0, 0, '1022<std_core_hnd.rpyeffect:721([mcore:[#893]#2108])>+0: {"op": "Push". "target": 1021. "args": {"num": []. "ptr": [1. 0]}}')
debug_merge_point(0, 0, '1022<std_core_hnd.rpyeffect:721([mcore:[#893]#2108])>+1: {"op": "Jump". "target": 509}')
debug_merge_point(0, 0, '509<std_core_hnd.rpyeffect:208([mcore:[#471]#472])>+0: {"op": "Jump". "target": 301}')
debug_merge_point(0, 0, '301<std_core_hnd.rpyeffect:0(Name(getCurrentEvv))>+0: {"op": "Const". "type": "ptr". "out": 0. "format": "string". "value": "current-evv"}')
debug_merge_point(0, 0, '301<std_core_hnd.rpyeffect:0(Name(getCurrentEvv))>+1: {"op": "PrimOp". "name": "getGlobal(String): Ptr". "out": {"num": []. "ptr": [0]}. "in": {"num": []. "ptr": [0]}}')
debug_merge_point(0, 0, '301<std_core_hnd.rpyeffect:0(Name(getCurrentEvv))>+2: {"op": "PrimOp". "name": "getRef(Ref[Ptr]): Ptr". "out": {"num": []. "ptr": [0]}. "in": {"num": []. "ptr": [0]}}')
debug_merge_point(0, 0, '301<std_core_hnd.rpyeffect:0(Name(getCurrentEvv))>+3: {"op": "Return". "args": {"num": []. "ptr": [0]}}')
debug_merge_point(0, 0, '1021<std_core_hnd.rpyeffect:720([k@[mcore:[#893]#2108]#2110])>+0: {"op": "Push". "target": 1020. "args": {"num": []. "ptr": [0]}}')
debug_merge_point(0, 0, '1021<std_core_hnd.rpyeffect:720([k@[mcore:[#893]#2108]#2110])>+1: {"op": "Copy". "type": "ptr". "from": 2. "to". 0}')
debug_merge_point(0, 0, '1021<std_core_hnd.rpyeffect:720([k@[mcore:[#893]#2108]#2110])>+2: {"op": "Jump". "target": 507}')
debug_merge_point(0, 0, '507<std_core_hnd.rpyeffect:206([mcore:[#470]#437])>+0: {"op": "Const". "type": "num". "out": 0. "value": 0}')
debug_merge_point(0, 0, '507<std_core_hnd.rpyeffect:206([mcore:[#470]#437])>+1: {"op": "ShiftDyn". "out": 0. "n": 0. "label": 0}')
+968: i113 = instance_ptr_eq(p0, p99)
guard_false(i113, descr=<Guard0x1284bd8a0>) [p2, i6, i8, i10, i12, i14, i16, i18, i20, i22, i24, i26, i28, i30, i32, i34, i36, p39, p41, p43, p45, p47, p49, p51, p53, p55, p57, p59, p61, p63, p65, p67, p69, p0, p1, p3]
+980: p114 = getfield_gc_r(p3, descr=<FieldP rpyeffect.stack.MetaStack.inst_region 24 pure>)
+988: guard_isnull(p114, descr=<Guard0x1284bd860>) [p2, i6, i8, i10, i12, i14, i16, i18, i20, i22, i24, i26, i28, i30, i32, i34, i36, p39, p41, p43, p45, p47, p49, p51, p53, p55, p57, p59, p61, p63, p65, p67, p69, p0, p1, p3]
+996: p115 = getfield_gc_r(p3, descr=<FieldP rpyeffect.stack.MetaStack.inst_label 16 pure>)
+1000: i116 = instance_ptr_eq(p115, p99)
guard_true(i116, descr=<Guard0x1284bd820>) [p2, i6, i8, i10, i12, i14, i16, i18, i20, i22, i24, i26, i28, i30, i32, i34, i36, p39, p41, p43, p45, p47, p49, p51, p53, p55, p57, p59, p61, p63, p65, p67, p69, p0, p1, p3]
+1008: p117 = getfield_gc_r(p3, descr=<FieldP rpyeffect.stack.MetaStackLike.inst_stack 8 pure>)
+1012: p118 = getfield_gc_r(p3, descr=<FieldP rpyeffect.stack.MetaStack.inst_tail 32 pure>)
+1016: guard_nonnull_class(p118, 4348275712, descr=<Guard0x1284dd1a8>) [p2, i6, i8, i10, i12, i14, i16, i18, i20, i22, i24, i26, i28, i30, i32, i34, i36, p39, p41, p43, p45, p47, p49, p51, p53, p55, p57, p59, p61, p63, p65, p67, p69, p0, p1, p3]
+1040: p120 = getfield_gc_r(p118, descr=<FieldP rpyeffect.stack.MetaStackLike.inst_stack 8 pure>)
+1044: p121 = getfield_gc_r(p118, descr=<FieldP rpyeffect.stack.MetaStack.inst_label 16 pure>)
+1048: p122 = getfield_gc_r(p118, descr=<FieldP rpyeffect.stack.MetaStack.inst_tail 32 pure>)
+1052: guard_nonnull(p120, descr=<Guard0x1284bd7e0>) [p2, i6, i8, i10, i12, i14, i16, i18, i20, i22, i24, i26, i28, i30, i32, i34, i36, p39, p41, p43, p45, p47, p49, p51, p53, p55, p57, p59, p61, p63, p65, p67, p69, p0, p1, p3]
+1060: i123 = getfield_gc_i(p120, descr=<FieldS rpyeffect.stored_environment.Stack__arb_arb.inst_target 16 pure>)
+1064: guard_value(i123, 505, descr=<Guard0x1284bd7a0>) [p2, i6, i8, i10, i12, i14, i16, i18, i20, i22, i24, i26, i28, i30, i32, i34, i36, p39, p41, p43, p45, p47, p49, p51, p53, p55, p57, p59, p61, p63, p65, p67, p69, p0, p1, p3]
debug_merge_point(0, 0, '507<std_core_hnd.rpyeffect:206([mcore:[#470]#437])>+2: {"op": "New". "out": 0. "targets": [500. 502. 504. 506]. "args": {"num": []. "ptr": [0]}}')
debug_merge_point(0, 0, '507<std_core_hnd.rpyeffect:206([mcore:[#470]#437])>+3: {"op": "Invoke". "receiver": 1. "tag": Interned(%apply(p):p). "args" : {"num": []. "ptr": [0]}}')
debug_merge_point(0, 0, '5143<main.rpyeffect:146([method_%apply(p):p@[mcore:[#279]#533]#537])>+0: {"op": "Const". "type": "ptr". "out": 1. "format": "string". "value": "Name(import$std/core/hnd)"}')
debug_merge_point(0, 0, '5143<main.rpyeffect:146([method_%apply(p):p@[mcore:[#279]#533]#537])>+1: {"op": "PrimOp". "name": "getGlobal(String): Ptr". "out": {"num": []. "ptr": [1]}. "in": {"num": []. "ptr": [1]}}')
debug_merge_point(0, 0, '5143<main.rpyeffect:146([method_%apply(p):p@[mcore:[#279]#533]#537])>+2: {"op": "Jump". "target": 5141}')
debug_merge_point(0, 0, '5141<main.rpyeffect:144([mcore:[#277]#512])>+0: {"op": "Construct". "out": 1. "type": Interned(Unit). "tag": Interned(unit). "args": {"num": []. "ptr": []}}')
debug_merge_point(0, 0, '5141<main.rpyeffect:144([mcore:[#277]#512])>+1: {"op": "New". "out": 2. "targets": [5138. 5140]. "args": {"num": []. "ptr": []}}')
debug_merge_point(0, 0, '5141<main.rpyeffect:144([mcore:[#277]#512])>+2: {"op": "Const". "type": "ptr". "out": 3. "format": "string". "value": "Name(import$std/core/hnd)"}')
debug_merge_point(0, 0, '5141<main.rpyeffect:144([mcore:[#277]#512])>+3: {"op": "PrimOp". "name": "getGlobal(String): Ptr". "out": {"num": []. "ptr": [3]}. "in": {"num": []. "ptr": [3]}}')
debug_merge_point(0, 0, '5141<main.rpyeffect:144([mcore:[#277]#512])>+4: {"op": "Swap". "type": "ptr". "a": 0. "b". 1}')
debug_merge_point(0, 0, '5141<main.rpyeffect:144([mcore:[#277]#512])>+5: {"op": "Swap". "type": "ptr". "a": 2. "b". 1}')
debug_merge_point(0, 0, '5141<main.rpyeffect:144([mcore:[#277]#512])>+6: {"op": "Jump". "target": 5133}')
debug_merge_point(0, 0, '5133<main.rpyeffect:136([mcore:[#265]#493])>+0: {"op": "Const". "type": "ptr". "out": 3. "format": "string". "value": "Name(import$std/core/hnd)"}')
debug_merge_point(0, 0, '5133<main.rpyeffect:136([mcore:[#265]#493])>+1: {"op": "PrimOp". "name": "getGlobal(String): Ptr". "out": {"num": []. "ptr": [3]}. "in": {"num": []. "ptr": [3]}}')
debug_merge_point(0, 0, '5133<main.rpyeffect:136([mcore:[#265]#493])>+2: {"op": "CallLib". "lib": "3". "symbol": "std/core/hnd/protect"}')
debug_merge_point(0, 0, '495<std_core_hnd.rpyeffect:194([mcore:[#466]#434])>+0: {"op": "Swap". "type": "ptr". "a": 1. "b". 2}')
debug_merge_point(0, 0, '495<std_core_hnd.rpyeffect:194([mcore:[#466]#434])>+1: {"op": "Invoke". "receiver": 2. "tag": Interned(%apply(pp):p). "args" : {"num": []. "ptr": [0. 1]}}')
debug_merge_point(0, 0, '5140<main.rpyeffect:143([method_%apply(pp):p@[mcore:[#277]#512]#523])>+0: {"op": "Push". "target": 5139. "args": {"num": []. "ptr": []}}')
debug_merge_point(0, 0, '5140<main.rpyeffect:143([method_%apply(pp):p@[mcore:[#277]#512]#523])>+1: {"op": "Jump". "target": 5136}')
debug_merge_point(0, 0, '5136<main.rpyeffect:139([mcore:[#274]#500])>+0: {"op": "Const". "type": "num". "out": 0. "value": 1}')
debug_merge_point(0, 0, '5136<main.rpyeffect:139([mcore:[#274]#500])>+1: {"op": "Push". "target": 5135. "args": {"num": []. "ptr": [1]}}')
debug_merge_point(0, 0, '5136<main.rpyeffect:139([mcore:[#274]#500])>+2: {"op": "Invoke". "receiver": 1. "tag": Interned(%apply(n):n). "args" : {"num": [0]. "ptr": []}}')
debug_merge_point(0, 0, '506<std_core_hnd.rpyeffect:205([method_%apply(n):n@[mcore:[#470]#437]#462])>+0: {"op": "PrimOp". "name": "box(Num): Ptr". "out": {"num": []. "ptr": [1]}. "in": {"num": [0]. "ptr": []}}')
debug_merge_point(0, 0, '506<std_core_hnd.rpyeffect:205([method_%apply(n):n@[mcore:[#470]#437]#462])>+1: {"op": "Push". "target": 505. "args": {"num": []. "ptr": []}}')
debug_merge_point(0, 0, '506<std_core_hnd.rpyeffect:205([method_%apply(n):n@[mcore:[#470]#437]#462])>+2: {"op": "Swap". "type": "ptr". "a": 0. "b". 1}')
debug_merge_point(0, 0, '506<std_core_hnd.rpyeffect:205([method_%apply(n):n@[mcore:[#470]#437]#462])>+3: {"op": "Jump". "target": 497}')
debug_merge_point(0, 0, '497<std_core_hnd.rpyeffect:196([mcore:[#469]#436])>+0: {"op": "PushStack". "arg": 1}')
debug_merge_point(0, 0, '497<std_core_hnd.rpyeffect:196([mcore:[#469]#436])>+1: {"op": "Return". "args": {"num": []. "ptr": [0]}}')
debug_merge_point(0, 0, '1020<std_core_hnd.rpyeffect:719([k@[k@[mcore:[#893]#2108]#2110]#2112])>+0: {"op": "Const". "type": "ptr". "out": 2. "format": "string". "value": "Name(import$std/core/hnd)"}')
debug_merge_point(0, 0, '1020<std_core_hnd.rpyeffect:719([k@[k@[mcore:[#893]#2108]#2110]#2112])>+1: {"op": "PrimOp". "name": "getGlobal(String): Ptr". "out": {"num": []. "ptr": [2]}. "in": {"num": []. "ptr": [2]}}')
debug_merge_point(0, 0, '1020<std_core_hnd.rpyeffect:719([k@[k@[mcore:[#893]#2108]#2110]#2112])>+2: {"op": "Push". "target": 1019. "args": {"num": []. "ptr": [0]}}')
debug_merge_point(0, 0, '1020<std_core_hnd.rpyeffect:719([k@[k@[mcore:[#893]#2108]#2110]#2112])>+3: {"op": "Copy". "type": "ptr". "from": 1. "to". 0}')
debug_merge_point(0, 0, '1020<std_core_hnd.rpyeffect:719([k@[k@[mcore:[#893]#2108]#2110]#2112])>+4: {"op": "Copy". "type": "ptr". "from": 2. "to". 1}')
debug_merge_point(0, 0, '1020<std_core_hnd.rpyeffect:719([k@[k@[mcore:[#893]#2108]#2110]#2112])>+5: {"op": "Jump". "target": 1018}')
debug_merge_point(0, 0, '1018<std_core_hnd.rpyeffect:717([mcore:[#892]#2103])>+0: {"op": "Const". "type": "ptr". "out": 1. "format": "string". "value": "Name(import$std/core/hnd)"}')
debug_merge_point(0, 0, '1018<std_core_hnd.rpyeffect:717([mcore:[#892]#2103])>+1: {"op": "PrimOp". "name": "getGlobal(String): Ptr". "out": {"num": []. "ptr": [1]}. "in": {"num": []. "ptr": [1]}}')
debug_merge_point(0, 0, '1018<std_core_hnd.rpyeffect:717([mcore:[#892]#2103])>+2: {"op": "CallLib". "lib": "1". "symbol": "setCurrentEvv"}')
debug_merge_point(0, 0, '302<std_core_hnd.rpyeffect:1(Name(setCurrentEvv))>+0: {"op": "Const". "type": "ptr". "out": 1. "format": "string". "value": "current-evv"}')
debug_merge_point(0, 0, '302<std_core_hnd.rpyeffect:1(Name(setCurrentEvv))>+1: {"op": "PrimOp". "name": "getGlobal(String): Ptr". "out": {"num": []. "ptr": [1]}. "in": {"num": []. "ptr": [1]}}')
debug_merge_point(0, 0, '302<std_core_hnd.rpyeffect:1(Name(setCurrentEvv))>+2: {"op": "PrimOp". "name": "setRef(Ref[Ptr]. Ptr): Unit". "out": {"num": []. "ptr": [0]}. "in": {"num": []. "ptr": [1. 0]}}')
debug_merge_point(0, 0, '302<std_core_hnd.rpyeffect:1(Name(setCurrentEvv))>+3: {"op": "Return". "args": {"num": []. "ptr": [0]}}')
debug_merge_point(0, 0, '1019<std_core_hnd.rpyeffect:718([k@[k@[k@[mcore:[#893]#2108]#2110]#2112]#2117])>+0: {"op": "Copy". "type": "ptr". "from": 1. "to". 0}')
debug_merge_point(0, 0, '1019<std_core_hnd.rpyeffect:718([k@[k@[k@[mcore:[#893]#2108]#2110]#2112]#2117])>+1: {"op": "Return". "args": {"num": []. "ptr": [0]}}')
debug_merge_point(0, 0, '5075<main.rpyeffect:78([k@[#279]#281])>+0: {"op": "PrimOp". "name": "unbox(Ptr): Num". "out": {"num": [0]. "ptr": []}. "in": {"num": []. "ptr": [0]}}')
debug_merge_point(0, 0, '5075<main.rpyeffect:78([k@[#279]#281])>+1: {"op": "Return". "args": {"num": [0]. "ptr": []}}')
debug_merge_point(0, 0, '5090<main.rpyeffect:93([k@[#333]#336])>+0: {"op": "PrimOp". "name": "box(Num): Ptr". "out": {"num": []. "ptr": [0]}. "in": {"num": [0]. "ptr": []}}')
debug_merge_point(0, 0, '5090<main.rpyeffect:93([k@[#333]#336])>+1: {"op": "Return". "args": {"num": []. "ptr": [0]}}')
+1076: guard_nonnull(p90, descr=<Guard0x1284bd760>) [p2, i6, i8, i10, i12, i14, i16, i18, i20, i22, i24, i26, i28, i30, i32, i34, i36, p39, p41, p43, p45, p47, p49, p51, p53, p55, p57, p59, p61, p63, p65, p67, p69, p0, p1, p3]
+1084: i125 = getfield_gc_i(p90, descr=<FieldS rpyeffect.stored_environment.Stack__arb_arb.inst_target 16 pure>)
+1088: guard_value(i125, 5098, descr=<Guard0x1284bd720>) [p2, i6, i8, i10, i12, i14, i16, i18, i20, i22, i24, i26, i28, i30, i32, i34, i36, p39, p41, p43, p45, p47, p49, p51, p53, p55, p57, p59, p61, p63, p65, p67, p69, p0, p1, p3]
debug_merge_point(0, 0, '801<std_core_hnd.rpyeffect:500([k@[k@[mcore:[#725]#1309]#1314]#1316])>+0: {"op": "Const". "type": "ptr". "out": 2. "format": "string". "value": "Name(import$std/core/hnd)"}')
debug_merge_point(0, 0, '801<std_core_hnd.rpyeffect:500([k@[k@[mcore:[#725]#1309]#1314]#1316])>+1: {"op": "PrimOp". "name": "getGlobal(String): Ptr". "out": {"num": []. "ptr": [2]}. "in": {"num": []. "ptr": [2]}}')
debug_merge_point(0, 0, '801<std_core_hnd.rpyeffect:500([k@[k@[mcore:[#725]#1309]#1314]#1316])>+2: {"op": "Push". "target": 800. "args": {"num": [0]. "ptr": [0]}}')
debug_merge_point(0, 0, '801<std_core_hnd.rpyeffect:500([k@[k@[mcore:[#725]#1309]#1314]#1316])>+3: {"op": "Copy". "type": "ptr". "from": 1. "to". 0}')
debug_merge_point(0, 0, '801<std_core_hnd.rpyeffect:500([k@[k@[mcore:[#725]#1309]#1314]#1316])>+4: {"op": "Copy". "type": "ptr". "from": 2. "to". 1}')
debug_merge_point(0, 0, '801<std_core_hnd.rpyeffect:500([k@[k@[mcore:[#725]#1309]#1314]#1316])>+5: {"op": "Jump". "target": 785}')
debug_merge_point(0, 0, '785<std_core_hnd.rpyeffect:484([mcore:[#717]#1300])>+0: {"op": "Const". "type": "ptr". "out": 1. "format": "string". "value": "Name(import$std/core/hnd)"}')
debug_merge_point(0, 0, '785<std_core_hnd.rpyeffect:484([mcore:[#717]#1300])>+1: {"op": "PrimOp". "name": "getGlobal(String): Ptr". "out": {"num": []. "ptr": [1]}. "in": {"num": []. "ptr": [1]}}')
debug_merge_point(0, 0, '785<std_core_hnd.rpyeffect:484([mcore:[#717]#1300])>+2: {"op": "CallLib". "lib": "1". "symbol": "setCurrentEvv"}')
debug_merge_point(0, 0, '302<std_core_hnd.rpyeffect:1(Name(setCurrentEvv))>+0: {"op": "Const". "type": "ptr". "out": 1. "format": "string". "value": "current-evv"}')
debug_merge_point(0, 0, '302<std_core_hnd.rpyeffect:1(Name(setCurrentEvv))>+1: {"op": "PrimOp". "name": "getGlobal(String): Ptr". "out": {"num": []. "ptr": [1]}. "in": {"num": []. "ptr": [1]}}')
debug_merge_point(0, 0, '302<std_core_hnd.rpyeffect:1(Name(setCurrentEvv))>+2: {"op": "PrimOp". "name": "setRef(Ref[Ptr]. Ptr): Unit". "out": {"num": []. "ptr": [0]}. "in": {"num": []. "ptr": [1. 0]}}')
debug_merge_point(0, 0, '302<std_core_hnd.rpyeffect:1(Name(setCurrentEvv))>+3: {"op": "Return". "args": {"num": []. "ptr": [0]}}')
debug_merge_point(0, 0, '800<std_core_hnd.rpyeffect:499([k@[k@[k@[mcore:[#725]#1309]#1314]#1316]#1321])>+0: {"op": "Const". "type": "num". "out": 1. "value": 0}')
debug_merge_point(0, 0, '800<std_core_hnd.rpyeffect:499([k@[k@[k@[mcore:[#725]#1309]#1314]#1316]#1321])>+1: {"op": "Copy". "type": "ptr". "from": 1. "to". 0}')
debug_merge_point(0, 0, '800<std_core_hnd.rpyeffect:499([k@[k@[k@[mcore:[#725]#1309]#1314]#1316]#1321])>+2: {"op": "Switch". "scrutinee": 1. "values": [1]. "targets": [796]. "default": 799}')
debug_merge_point(0, 0, '799<std_core_hnd.rpyeffect:498([switch default case#1364])>+0: {"op": "Const". "type": "num". "out": 0. "value": 0}')
debug_merge_point(0, 0, '799<std_core_hnd.rpyeffect:498([switch default case#1364])>+1: {"op": "Switch". "scrutinee": 0. "values": [0]. "targets": [797]. "default": 798}')
debug_merge_point(0, 0, '797<std_core_hnd.rpyeffect:496([switch case for 0#1366])>+0: {"op": "Return". "args": {"num": []. "ptr": [0]}}')
+1104: i127 = getfield_gc_i(p90, descr=<FieldS rpyeffect.stored_environment.Stack__1_0.inst_values_num_0 40 pure>)
+1108: p128 = getfield_gc_r(p90, descr=<FieldP rpyeffect.stored_environment.Stack__arb_arb.inst_tail 8 pure>)
debug_merge_point(0, 0, '5098<main.rpyeffect:101([k@[switch case for 0#321]#345])>+0: {"op": "PrimOp". "name": "unbox(Ptr): Num". "out": {"num": [1]. "ptr": []}. "in": {"num": []. "ptr": [0]}}')
debug_merge_point(0, 0, '5098<main.rpyeffect:101([k@[switch case for 0#321]#345])>+1: {"op": "Swap". "type": "num". "a": 0. "b". 1}')
debug_merge_point(0, 0, '5098<main.rpyeffect:101([k@[switch case for 0#321]#345])>+2: {"op": "Switch". "scrutinee": 0. "values": [1]. "targets": [5093]. "default": 5097}')
+1112: guard_nonnull(p128, descr=<Guard0x1284bd6e0>) [p2, i6, i8, i10, i12, i14, i16, i18, i20, i22, i24, i26, i28, i30, i32, i34, i36, p39, p41, p43, p45, p47, p49, p51, p53, p55, p57, p59, p61, p63, p65, p67, p69, p0, p1, p3]
+1120: i129 = getfield_gc_i(p128, descr=<FieldS rpyeffect.stored_environment.Stack__arb_arb.inst_target 16 pure>)
+1128: guard_value(i129, 5127, descr=<Guard0x1284bd6a0>) [p2, i6, i8, i10, i12, i14, i16, i18, i20, i22, i24, i26, i28, i30, i32, i34, i36, p39, p41, p43, p45, p47, p49, p51, p53, p55, p57, p59, p61, p63, p65, p67, p69, p0, p1, p3]
debug_merge_point(0, 0, '5093<main.rpyeffect:96([switch case for 1#351])>+0: {"op": "Copy". "type": "num". "from": 1. "to". 0}')
debug_merge_point(0, 0, '5093<main.rpyeffect:96([switch case for 1#351])>+1: {"op": "Return". "args": {"num": [0]. "ptr": []}}')
+1140: i131 = getfield_gc_i(p128, descr=<FieldS rpyeffect.stored_environment.Stack__3_0.inst_values_num_0 40 pure>)
+1144: i132 = getfield_gc_i(p128, descr=<FieldS rpyeffect.stored_environment.Stack__3_0.inst_values_num_1 48 pure>)
+1148: i133 = getfield_gc_i(p128, descr=<FieldS rpyeffect.stored_environment.Stack__3_0.inst_values_num_2 56 pure>)
+1152: p134 = getfield_gc_r(p128, descr=<FieldP rpyeffect.stored_environment.Stack__arb_arb.inst_tail 8 pure>)
debug_merge_point(0, 0, '5127<main.rpyeffect:130([k@[k@[k@[mcore:[#256]#422]#427]#435]#443])>+0: {"op": "PrimOp". "name": "infixAdd(Int. Int): Int". "out": {"num": [4]. "ptr": []}. "in": {"num": [1. 2]. "ptr": []}}')
+1156: i135 = int_add(i131, i132)
debug_merge_point(0, 0, '5127<main.rpyeffect:130([k@[k@[k@[mcore:[#256]#422]#427]#435]#443])>+1: {"op": "PrimOp". "name": "infixAdd(Int. Int): Int". "out": {"num": [4]. "ptr": []}. "in": {"num": [4. 0]. "ptr": []}}')
+1164: i136 = int_add(i135, i127)
debug_merge_point(0, 0, '5127<main.rpyeffect:130([k@[k@[k@[mcore:[#256]#422]#427]#435]#443])>+2: {"op": "PrimOp". "name": "infixEq(Int. Int): Boolean". "out": {"num": [3]. "ptr": []}. "in": {"num": [4. 3]. "ptr": []}}')
+1168: i137 = int_eq(i136, i133)
guard_false(i137, descr=<Guard0x1284bd660>) [p2, i6, i8, i10, i12, i14, i16, i18, i20, i22, i24, i26, i28, i30, i32, i34, i36, p39, p41, p43, p45, p47, p49, p51, p53, p55, p57, p59, p61, p63, p65, p67, p69, p0, p1, p3]
debug_merge_point(0, 0, '5127<main.rpyeffect:130([k@[k@[k@[mcore:[#256]#422]#427]#435]#443])>+3: {"op": "Swap". "type": "num". "a": 0. "b". 3}')
debug_merge_point(0, 0, '5127<main.rpyeffect:130([k@[k@[k@[mcore:[#256]#422]#427]#435]#443])>+4: {"op": "Switch". "scrutinee": 0. "values": [1]. "targets": [5120]. "default": 5126}')
+1176: guard_nonnull(p134, descr=<Guard0x1284bd620>) [p2, i6, i8, i10, i12, i14, i16, i18, i20, i22, i24, i26, i28, i30, i32, i34, i36, p39, p41, p43, p45, p47, p49, p51, p53, p55, p57, p59, p61, p63, p65, p67, p69, p0, p1, p3]
+1184: i138 = getfield_gc_i(p134, descr=<FieldS rpyeffect.stored_environment.Stack__arb_arb.inst_target 16 pure>)
+1188: guard_value(i138, 5171, descr=<Guard0x1284bd5e0>) [p2, i6, i8, i10, i12, i14, i16, i18, i20, i22, i24, i26, i28, i30, i32, i34, i36, p39, p41, p43, p45, p47, p49, p51, p53, p55, p57, p59, p61, p63, p65, p67, p69, p0, p1, p3]
debug_merge_point(0, 0, '5126<main.rpyeffect:129([switch default case#461])>+0: {"op": "Switch". "scrutinee": 0. "values": [0]. "targets": [5124]. "default": 5125}')
debug_merge_point(0, 0, '5124<main.rpyeffect:127([switch case for 0#462])>+0: {"op": "Const". "type": "num". "out": 0. "value": 0}')
debug_merge_point(0, 0, '5124<main.rpyeffect:127([switch case for 0#462])>+1: {"op": "New". "out": 0. "targets": [5122]. "args": {"num": []. "ptr": []}}')
debug_merge_point(0, 0, '5124<main.rpyeffect:127([switch case for 0#462])>+2: {"op": "Const". "type": "ptr". "out": 1. "format": "string". "value": "Name(import$std/core/hnd)"}')
debug_merge_point(0, 0, '5124<main.rpyeffect:127([switch case for 0#462])>+3: {"op": "PrimOp". "name": "getGlobal(String): Ptr". "out": {"num": []. "ptr": [1]}. "in": {"num": []. "ptr": [1]}}')
debug_merge_point(0, 0, '5124<main.rpyeffect:127([switch case for 0#462])>+4: {"op": "Jump". "target": 5104}')
debug_merge_point(0, 0, '5104<main.rpyeffect:107([mcore:[#243]#376])>+0: {"op": "Const". "type": "ptr". "out": 1. "format": "string". "value": "Name(import$std/core/hnd)"}')
debug_merge_point(0, 0, '5104<main.rpyeffect:107([mcore:[#243]#376])>+1: {"op": "PrimOp". "name": "getGlobal(String): Ptr". "out": {"num": []. "ptr": [1]}. "in": {"num": []. "ptr": [1]}}')
debug_merge_point(0, 0, '5104<main.rpyeffect:107([mcore:[#243]#376])>+2: {"op": "CallLib". "lib": "1". "symbol": "std/core/hnd/@open-at0"}')
debug_merge_point(0, 0, '803<std_core_hnd.rpyeffect:502([mcore:[#725]#1309])>+0: {"op": "Const". "type": "ptr". "out": 1. "format": "string". "value": "Name(import$std/core/hnd)"}')
debug_merge_point(0, 0, '803<std_core_hnd.rpyeffect:502([mcore:[#725]#1309])>+1: {"op": "PrimOp". "name": "getGlobal(String): Ptr". "out": {"num": []. "ptr": [1]}. "in": {"num": []. "ptr": [1]}}')
debug_merge_point(0, 0, '803<std_core_hnd.rpyeffect:502([mcore:[#725]#1309])>+2: {"op": "Push". "target": 802. "args": {"num": [0]. "ptr": [0]}}')
debug_merge_point(0, 0, '803<std_core_hnd.rpyeffect:502([mcore:[#725]#1309])>+3: {"op": "Copy". "type": "ptr". "from": 1. "to". 0}')
debug_merge_point(0, 0, '803<std_core_hnd.rpyeffect:502([mcore:[#725]#1309])>+4: {"op": "Jump". "target": 784}')
debug_merge_point(0, 0, '784<std_core_hnd.rpyeffect:483([mcore:[#715]#1295])>+0: {"op": "Const". "type": "ptr". "out": 0. "format": "string". "value": "Name(import$std/core/hnd)"}')
+1204: p140 = new_with_vtable(descr=<SizeDescr 56>)
+1316: p141 = new_with_vtable(descr=<SizeDescr 32>)
+1332: setfield_gc(p141, ConstPtr(ptr142), descr=<FieldP rpyeffect.stored_environment.CoData__arb_arb.inst_vtable 24 pure>)
+1336: p143 = new_with_vtable(descr=<SizeDescr 40>)
+1348: p144 = new_with_vtable(descr=<SizeDescr 40>)
+1364: p145 = new_with_vtable(descr=<SizeDescr 40>)
+1380: p146 = new_with_vtable(descr=<SizeDescr 48>)
+1396: p147 = new_with_vtable(descr=<SizeDescr 40>)
+1412: setfield_gc(p147, p120, descr=<FieldP rpyeffect.stored_environment.Stack__arb_arb.inst_tail 8 pure>)
+1416: setfield_gc(p147, 5139, descr=<FieldS rpyeffect.stored_environment.Stack__arb_arb.inst_target 16 pure>)
+1424: setfield_gc(p146, p147, descr=<FieldP rpyeffect.stored_environment.Stack__arb_arb.inst_tail 8 pure>)
+1428: setfield_gc(p146, 5135, descr=<FieldS rpyeffect.stored_environment.Stack__arb_arb.inst_target 16 pure>)
+1436: p150 = new_with_vtable(descr=<SizeDescr 40>)
+1452: setfield_gc(p150, ConstPtr(ptr151), descr=<FieldP rpyeffect.stored_environment.CoData__arb_arb.inst_vtable 24 pure>)
+1456: p152 = new_with_vtable(descr=<SizeDescr 40>)
+1472: p153 = new_with_vtable(descr=<SizeDescr 48>)
+1488: p154 = new_with_vtable(descr=<SizeDescr 40>)
+1504: p155 = new_with_vtable(descr=<SizeDescr 40>)
+1520: p156 = new_with_vtable(descr=<SizeDescr 56>)
+1536: setfield_gc(p156, p90, descr=<FieldP rpyeffect.stored_environment.Stack__arb_arb.inst_tail 8 pure>)
+1540: setfield_gc(p156, 801, descr=<FieldS rpyeffect.stored_environment.Stack__arb_arb.inst_target 16 pure>)
+1548: setfield_gc(p156, i88, descr=<FieldS rpyeffect.stored_environment.Stack__1_1.inst_values_num_0 40 pure>)
+1552: setfield_gc(p156, p73, descr=<FieldP rpyeffect.stored_environment.Stack__1_1.inst_values_ptr_0 48 pure>)
+1560: setfield_gc(p155, p156, descr=<FieldP rpyeffect.stored_environment.Stack__arb_arb.inst_tail 8 pure>)
+1564: setfield_gc(p155, 5090, descr=<FieldS rpyeffect.stored_environment.Stack__arb_arb.inst_target 16 pure>)
+1572: setfield_gc(p154, p155, descr=<FieldP rpyeffect.stored_environment.Stack__arb_arb.inst_tail 8 pure>)
+1576: setfield_gc(p154, 5075, descr=<FieldS rpyeffect.stored_environment.Stack__arb_arb.inst_target 16 pure>)
+1584: setfield_gc(p153, p154, descr=<FieldP rpyeffect.stored_environment.Stack__arb_arb.inst_tail 8 pure>)
+1588: setfield_gc(p153, 1020, descr=<FieldS rpyeffect.stored_environment.Stack__arb_arb.inst_target 16 pure>)
+1596: p161 = new_with_vtable(descr=<SizeDescr 48>)
+1608: setfield_gc(p161, ConstPtr(ptr162), descr=<FieldP rpyeffect.stored_environment.Data__arb_arb.inst_tag 8>)
+1612: setfield_gc(p161, p87, descr=<FieldP rpyeffect.stored_environment.Data__0_2.inst_values_ptr_0 32 pure>)
+1616: p163 = new_with_vtable(descr=<SizeDescr 32>)
+1632: setfield_gc(p163, ConstPtr(ptr164), descr=<FieldP rpyeffect.stored_environment.Data__arb_arb.inst_tag 8>)
+1636: setfield_gc(p161, p163, descr=<FieldP rpyeffect.stored_environment.Data__0_2.inst_values_ptr_1 40 pure>)
+1640: setfield_gc(p153, p161, descr=<FieldP rpyeffect.stored_environment.Stack__0_1.inst_values_ptr_0 40 pure>)
+1644: setfield_gc(p152, p153, descr=<FieldP rpyeffect.stack.MetaStackLike.inst_stack 8 pure>)
+1648: setfield_gc(p152, p0, descr=<FieldP rpyeffect.stack.MetaStack.inst_label 16 pure>)
+1652: setfield_gc(p152, ConstPtr(null), descr=<FieldP rpyeffect.stack.MetaStack.inst_region 24 pure>)
+1660: p166 = new_with_vtable(descr=<SizeDescr 40>)
+1672: setfield_gc(p166, p117, descr=<FieldP rpyeffect.stack.MetaStackLike.inst_stack 8 pure>)
+1676: setfield_gc(p166, p115, descr=<FieldP rpyeffect.stack.MetaStack.inst_label 16 pure>)
+1680: setfield_gc(p166, ConstPtr(null), descr=<FieldP rpyeffect.stack.MetaStack.inst_region 24 pure>)
+1688: setfield_gc(p166, ConstPtr(null), descr=<FieldP rpyeffect.stack.MetaStack.inst_tail 32 pure>)
+1696: setfield_gc(p152, p166, descr=<FieldP rpyeffect.stack.MetaStack.inst_tail 32 pure>)
+1700: setfield_gc(p150, p152, descr=<FieldP rpyeffect.stored_environment.CoData__0_1.inst_values_ptr_0 32 pure>)
+1704: setfield_gc(p146, p150, descr=<FieldP rpyeffect.stored_environment.Stack__0_1.inst_values_ptr_0 40 pure>)
+1708: setfield_gc(p145, p146, descr=<FieldP rpyeffect.stored_environment.Stack__arb_arb.inst_tail 8 pure>)
+1712: setfield_gc(p145, 505, descr=<FieldS rpyeffect.stored_environment.Stack__arb_arb.inst_target 16 pure>)
+1720: setfield_gc(p144, p145, descr=<FieldP rpyeffect.stack.MetaStackLike.inst_stack 8 pure>)
+1728: setfield_gc(p144, p121, descr=<FieldP rpyeffect.stack.MetaStack.inst_label 16 pure>)
+1736: setfield_gc(p144, ConstPtr(null), descr=<FieldP rpyeffect.stack.MetaStack.inst_region 24 pure>)
+1744: setfield_gc(p144, p122, descr=<FieldP rpyeffect.stack.MetaStack.inst_tail 32 pure>)
+1752: setfield_gc(p140, 802, descr=<FieldS rpyeffect.stored_environment.Stack__arb_arb.inst_target 16 pure>)
+1764: setfield_gc(p140, 0, descr=<FieldS rpyeffect.stored_environment.Stack__1_1.inst_values_num_0 40 pure>)
+1772: setfield_gc(p140, p141, descr=<FieldP rpyeffect.stored_environment.Stack__1_1.inst_values_ptr_0 48 pure>)
+1780: setfield_gc(p140, p134, descr=<FieldP rpyeffect.stored_environment.Stack__arb_arb.inst_tail 8 pure>)
+1788: setfield_gc(p143, ConstPtr(null), descr=<FieldP rpyeffect.stack.MetaStack.inst_region 24 pure>)
+1800: setfield_gc(p143, p115, descr=<FieldP rpyeffect.stack.MetaStack.inst_label 16 pure>)
+1804: setfield_gc(p143, p117, descr=<FieldP rpyeffect.stack.MetaStackLike.inst_stack 8 pure>)
+1808: setfield_gc(p143, p144, descr=<FieldP rpyeffect.stack.MetaStack.inst_tail 32 pure>)
+2012: jump(p0, p140, p2, p143, 0, i131, i132, i127, i136, i16, i18, i20, i22, i24, i26, i28, i30, i32, i34, i36, ConstPtr(ptr174), ConstPtr(ptr174), ConstPtr(ptr175), ConstPtr(ptr176), p103, p49, p51, p53, p55, p57, p59, p61, p63, p65, p67, p69, descr=TargetToken(4971073632))
+2068: --end of the loop--
[82b4e83] jit-log-opt-loop}
[8543efb] {jit-log-opt-loop
# Loop 5 (307<std_core_hnd.rpyeffect:6(Name(evvSwapCreate1))>+0: {"op": "Construct", "out": 0, "type": Interned(evv), "tag": Interned(nil), "args": {"num": [], "ptr": []}}) : entry bridge with 380 ops
[p0, p1, p2, p3]
+584: p4 = getfield_gc_r(p2, descr=<FieldP rpyeffect.environment.Environment.inst_values_num 16>)
+592: i6 = getarrayitem_gc_i(p4, 0, descr=<ArrayS 8>)
+596: i8 = getarrayitem_gc_i(p4, 1, descr=<ArrayS 8>)
+600: i10 = getarrayitem_gc_i(p4, 2, descr=<ArrayS 8>)
+604: i12 = getarrayitem_gc_i(p4, 3, descr=<ArrayS 8>)
+608: i14 = getarrayitem_gc_i(p4, 4, descr=<ArrayS 8>)
+612: i16 = getarrayitem_gc_i(p4, 5, descr=<ArrayS 8>)
+616: i18 = getarrayitem_gc_i(p4, 6, descr=<ArrayS 8>)
+620: i20 = getarrayitem_gc_i(p4, 7, descr=<ArrayS 8>)
+624: i22 = getarrayitem_gc_i(p4, 8, descr=<ArrayS 8>)
+628: i24 = getarrayitem_gc_i(p4, 9, descr=<ArrayS 8>)
+632: i26 = getarrayitem_gc_i(p4, 10, descr=<ArrayS 8>)
+636: i28 = getarrayitem_gc_i(p4, 11, descr=<ArrayS 8>)
+640: i30 = getarrayitem_gc_i(p4, 12, descr=<ArrayS 8>)
+644: i32 = getarrayitem_gc_i(p4, 13, descr=<ArrayS 8>)
+648: i34 = getarrayitem_gc_i(p4, 14, descr=<ArrayS 8>)
+656: i36 = getarrayitem_gc_i(p4, 15, descr=<ArrayS 8>)
+660: p37 = getfield_gc_r(p2, descr=<FieldP rpyeffect.environment.Environment.inst_values_ptr 24>)
+664: p39 = getarrayitem_gc_r(p37, 0, descr=<ArrayP 8>)
+672: p41 = getarrayitem_gc_r(p37, 1, descr=<ArrayP 8>)
+680: p43 = getarrayitem_gc_r(p37, 2, descr=<ArrayP 8>)
+688: p45 = getarrayitem_gc_r(p37, 3, descr=<ArrayP 8>)
+696: p47 = getarrayitem_gc_r(p37, 4, descr=<ArrayP 8>)
+704: p49 = getarrayitem_gc_r(p37, 5, descr=<ArrayP 8>)
+712: p51 = getarrayitem_gc_r(p37, 6, descr=<ArrayP 8>)
+720: p53 = getarrayitem_gc_r(p37, 7, descr=<ArrayP 8>)
+728: p55 = getarrayitem_gc_r(p37, 8, descr=<ArrayP 8>)
+736: p57 = getarrayitem_gc_r(p37, 9, descr=<ArrayP 8>)
+744: p59 = getarrayitem_gc_r(p37, 10, descr=<ArrayP 8>)
+752: p61 = getarrayitem_gc_r(p37, 11, descr=<ArrayP 8>)
+760: p63 = getarrayitem_gc_r(p37, 12, descr=<ArrayP 8>)
+768: p65 = getarrayitem_gc_r(p37, 13, descr=<ArrayP 8>)
+776: p67 = getarrayitem_gc_r(p37, 14, descr=<ArrayP 8>)
+784: p69 = getarrayitem_gc_r(p37, 15, descr=<ArrayP 8>)
debug_merge_point(0, 0, '307<std_core_hnd.rpyeffect:6(Name(evvSwapCreate1))>+0: {"op": "Construct". "out": 0. "type": Interned(evv). "tag": Interned(nil). "args": {"num": []. "ptr": []}}')
+788: guard_not_invalidated(descr=<Guard0x128561a98>) [p2, i6, i8, i10, i12, i14, i16, i18, i20, i22, i24, i26, i28, i30, i32, i34, i36, p39, p41, p43, p45, p47, p49, p51, p53, p55, p57, p59, p61, p63, p65, p67, p69, p0, p1, p3]
debug_merge_point(0, 0, '307<std_core_hnd.rpyeffect:6(Name(evvSwapCreate1))>+1: {"op": "Push". "target": 306. "args": {"num": [0]. "ptr": [0]}}')
debug_merge_point(0, 0, '307<std_core_hnd.rpyeffect:6(Name(evvSwapCreate1))>+2: {"op": "Jump". "target": 301}')
debug_merge_point(0, 0, '301<std_core_hnd.rpyeffect:0(Name(getCurrentEvv))>+0: {"op": "Const". "type": "ptr". "out": 0. "format": "string". "value": "current-evv"}')
debug_merge_point(0, 0, '301<std_core_hnd.rpyeffect:0(Name(getCurrentEvv))>+1: {"op": "PrimOp". "name": "getGlobal(String): Ptr". "out": {"num": []. "ptr": [0]}. "in": {"num": []. "ptr": [0]}}')
debug_merge_point(0, 0, '301<std_core_hnd.rpyeffect:0(Name(getCurrentEvv))>+2: {"op": "PrimOp". "name": "getRef(Ref[Ptr]): Ptr". "out": {"num": []. "ptr": [0]}. "in": {"num": []. "ptr": [0]}}')
+800: p71 = getfield_gc_r(ConstPtr(ptr70), descr=<FieldP rpyeffect.region.PtrRef.inst_value 8>)
debug_merge_point(0, 0, '301<std_core_hnd.rpyeffect:0(Name(getCurrentEvv))>+3: {"op": "Return". "args": {"num": []. "ptr": [0]}}')
debug_merge_point(0, 0, '306<std_core_hnd.rpyeffect:5([k@Name(evvSwapCreate1)#21])>+0: {"op": "Push". "target": 305. "args": {"num": []. "ptr": [0. 1]}}')
debug_merge_point(0, 0, '306<std_core_hnd.rpyeffect:5([k@Name(evvSwapCreate1)#21])>+1: {"op": "Jump". "target": 331}')
debug_merge_point(0, 0, '331<std_core_hnd.rpyeffect:30(Name(elt))>+0: {"op": "Switch". "scrutinee": 0. "values": [0]. "targets": [329]. "default": 330}')
+808: i73 = int_eq(i6, 0)
guard_true(i73, descr=<Guard0x12851ede0>) [p2, i6, i8, i10, i12, i14, i16, i18, i20, i22, i24, i26, i28, i30, i32, i34, i36, p39, p41, p43, p45, p47, p49, p51, p53, p55, p57, p59, p61, p63, p65, p67, p69, p0, p1, p3]
debug_merge_point(0, 0, '329<std_core_hnd.rpyeffect:28([switch case for 0#86])>+0: {"op": "Proj". "out": 0. "type": Interned(evv). "scrutinee": 0. "tag": Interned(cons). "field": 0. "field_type": "ptr"}')
+816: p74 = getfield_gc_r(p71, descr=<FieldP rpyeffect.stored_environment.Data__arb_arb.inst_tag 8>)
+832: guard_value(p74, ConstPtr(ptr75), descr=<Guard0x12851ee20>) [p2, i6, i8, i10, i12, i14, i16, i18, i20, i22, i24, i26, i28, i30, i32, i34, i36, p39, p41, p43, p45, p47, p49, p51, p53, p55, p57, p59, p61, p63, p65, p67, p69, p0, p1, p3]
+840: guard_class(p71, ConstClass(Data__0_2), descr=<Guard0x12851ee60>) [p2, i6, i8, i10, i12, i14, i16, i18, i20, i22, i24, i26, i28, i30, i32, i34, i36, p39, p41, p43, p45, p47, p49, p51, p53, p55, p57, p59, p61, p63, p65, p67, p69, p0, p1, p3]
+856: p77 = getfield_gc_r(p71, descr=<FieldP rpyeffect.stored_environment.Data__0_2.inst_values_ptr_0 32 pure>)
debug_merge_point(0, 0, '329<std_core_hnd.rpyeffect:28([switch case for 0#86])>+1: {"op": "Return". "args": {"num": []. "ptr": [0]}}')
+860: guard_nonnull(p1, descr=<Guard0x12851eea0>) [p2, i6, i8, i10, i12, i14, i16, i18, i20, i22, i24, i26, i28, i30, i32, i34, i36, p39, p41, p43, p45, p47, p49, p51, p53, p55, p57, p59, p61, p63, p65, p67, p69, p0, p1, p3]
+872: i78 = getfield_gc_i(p1, descr=<FieldS rpyeffect.stored_environment.Stack__arb_arb.inst_target 16 pure>)
+880: guard_value(i78, 802, descr=<Guard0x12851eee0>) [p2, i6, i8, i10, i12, i14, i16, i18, i20, i22, i24, i26, i28, i30, i32, i34, i36, p39, p41, p43, p45, p47, p49, p51, p53, p55, p57, p59, p61, p63, p65, p67, p69, p0, p1, p3]
debug_merge_point(0, 0, '305<std_core_hnd.rpyeffect:4([k@[k@Name(evvSwapCreate1)#21]#23])>+0: {"op": "Construct". "out": 0. "type": Interned(evv). "tag": Interned(cons). "args": {"num": []. "ptr": [0. 2]}}')
debug_merge_point(0, 0, '305<std_core_hnd.rpyeffect:4([k@[k@Name(evvSwapCreate1)#21]#23])>+1: {"op": "Push". "target": 304. "args": {"num": []. "ptr": [1]}}')
debug_merge_point(0, 0, '305<std_core_hnd.rpyeffect:4([k@[k@Name(evvSwapCreate1)#21]#23])>+2: {"op": "Jump". "target": 302}')
debug_merge_point(0, 0, '302<std_core_hnd.rpyeffect:1(Name(setCurrentEvv))>+0: {"op": "Const". "type": "ptr". "out": 1. "format": "string". "value": "current-evv"}')
debug_merge_point(0, 0, '302<std_core_hnd.rpyeffect:1(Name(setCurrentEvv))>+1: {"op": "PrimOp". "name": "getGlobal(String): Ptr". "out": {"num": []. "ptr": [1]}. "in": {"num": []. "ptr": [1]}}')
debug_merge_point(0, 0, '302<std_core_hnd.rpyeffect:1(Name(setCurrentEvv))>+2: {"op": "PrimOp". "name": "setRef(Ref[Ptr]. Ptr): Unit". "out": {"num": []. "ptr": [0]}. "in": {"num": []. "ptr": [1. 0]}}')
debug_merge_point(0, 0, '302<std_core_hnd.rpyeffect:1(Name(setCurrentEvv))>+3: {"op": "Return". "args": {"num": []. "ptr": [0]}}')
debug_merge_point(0, 0, '304<std_core_hnd.rpyeffect:3([k@[k@[k@Name(evvSwapCreate1)#21]#23]#26])>+0: {"op": "Copy". "type": "ptr". "from": 1. "to". 0}')
debug_merge_point(0, 0, '304<std_core_hnd.rpyeffect:3([k@[k@[k@Name(evvSwapCreate1)#21]#23]#26])>+1: {"op": "Return". "args": {"num": []. "ptr": [0]}}')
+892: i80 = getfield_gc_i(p1, descr=<FieldS rpyeffect.stored_environment.Stack__1_1.inst_values_num_0 40 pure>)
+892: p81 = getfield_gc_r(p1, descr=<FieldP rpyeffect.stored_environment.Stack__1_1.inst_values_ptr_0 48 pure>)
+896: p82 = getfield_gc_r(p1, descr=<FieldP rpyeffect.stored_environment.Stack__arb_arb.inst_tail 8 pure>)
debug_merge_point(0, 0, '802<std_core_hnd.rpyeffect:501([k@[mcore:[#725]#1309]#1314])>+0: {"op": "Push". "target": 801. "args": {"num": [0]. "ptr": [0]}}')
debug_merge_point(0, 0, '802<std_core_hnd.rpyeffect:501([k@[mcore:[#725]#1309]#1314])>+1: {"op": "Invoke". "receiver": 1. "tag": Interned(%apply():p). "args" : {"num": []. "ptr": []}}')
+896: p83 = getfield_gc_r(p81, descr=<FieldP rpyeffect.stored_environment.CoData__arb_arb.inst_vtable 24 pure>)
+908: guard_value(p83, ConstPtr(ptr84), descr=<Guard0x12851ef20>) [p2, i6, i8, i10, i12, i14, i16, i18, i20, i22, i24, i26, i28, i30, i32, i34, i36, p39, p41, p43, p45, p47, p49, p51, p53, p55, p57, p59, p61, p63, p65, p67, p69, p0, p1, p3]
debug_merge_point(0, 0, '5122<main.rpyeffect:125([#467])>+0: {"op": "Const". "type": "ptr". "out": 0. "format": "string". "value": "Name(import$std/core/hnd)"}')
debug_merge_point(0, 0, '5122<main.rpyeffect:125([#467])>+1: {"op": "PrimOp". "name": "getGlobal(String): Ptr". "out": {"num": []. "ptr": [0]}. "in": {"num": []. "ptr": [0]}}')
debug_merge_point(0, 0, '5122<main.rpyeffect:125([#467])>+2: {"op": "Jump". "target": 5118}')
debug_merge_point(0, 0, '5118<main.rpyeffect:121([mcore:[#254]#392])>+0: {"op": "Const". "type": "num". "out": 0. "value": 0}')
debug_merge_point(0, 0, '5118<main.rpyeffect:121([mcore:[#254]#392])>+1: {"op": "Const". "type": "ptr". "out": 0. "format": "string". "value": "Name(import$std/core/hnd)"}')
debug_merge_point(0, 0, '5118<main.rpyeffect:121([mcore:[#254]#392])>+2: {"op": "PrimOp". "name": "getGlobal(String): Ptr". "out": {"num": []. "ptr": [0]}. "in": {"num": []. "ptr": [0]}}')
debug_merge_point(0, 0, '5118<main.rpyeffect:121([mcore:[#254]#392])>+3: {"op": "Push". "target": 5117. "args": {"num": [0]. "ptr": []}}')
debug_merge_point(0, 0, '5118<main.rpyeffect:121([mcore:[#254]#392])>+4: {"op": "Jump". "target": 5106}')
debug_merge_point(0, 0, '5106<main.rpyeffect:109([mcore:[#247]#388])>+0: {"op": "Const". "type": "ptr". "out": 0. "format": "string". "value": "Name(import$std/core/hnd)"}')
debug_merge_point(0, 0, '5106<main.rpyeffect:109([mcore:[#247]#388])>+1: {"op": "PrimOp". "name": "getGlobal(String): Ptr". "out": {"num": []. "ptr": [0]}. "in": {"num": []. "ptr": [0]}}')
debug_merge_point(0, 0, '5106<main.rpyeffect:109([mcore:[#247]#388])>+2: {"op": "CallLib". "lib": "0". "symbol": "getCurrentEvv"}')
debug_merge_point(0, 0, '301<std_core_hnd.rpyeffect:0(Name(getCurrentEvv))>+0: {"op": "Const". "type": "ptr". "out": 0. "format": "string". "value": "current-evv"}')
debug_merge_point(0, 0, '301<std_core_hnd.rpyeffect:0(Name(getCurrentEvv))>+1: {"op": "PrimOp". "name": "getGlobal(String): Ptr". "out": {"num": []. "ptr": [0]}. "in": {"num": []. "ptr": [0]}}')
debug_merge_point(0, 0, '301<std_core_hnd.rpyeffect:0(Name(getCurrentEvv))>+2: {"op": "PrimOp". "name": "getRef(Ref[Ptr]): Ptr". "out": {"num": []. "ptr": [0]}. "in": {"num": []. "ptr": [0]}}')
debug_merge_point(0, 0, '301<std_core_hnd.rpyeffect:0(Name(getCurrentEvv))>+3: {"op": "Return". "args": {"num": []. "ptr": [0]}}')
debug_merge_point(0, 0, '5117<main.rpyeffect:120([k@[mcore:[#254]#392]#398])>+0: {"op": "PrimOp". "name": "promote_ptr". "out": {"num": []. "ptr": [0]}. "in": {"num": []. "ptr": [0]}}')
debug_merge_point(0, 0, '5117<main.rpyeffect:120([k@[mcore:[#254]#392]#398])>+1: {"op": "Const". "type": "ptr". "out": 1. "format": "string". "value": "Name(import$std/core/hnd)"}')
debug_merge_point(0, 0, '5117<main.rpyeffect:120([k@[mcore:[#254]#392]#398])>+2: {"op": "PrimOp". "name": "getGlobal(String): Ptr". "out": {"num": []. "ptr": [1]}. "in": {"num": []. "ptr": [1]}}')
debug_merge_point(0, 0, '5117<main.rpyeffect:120([k@[mcore:[#254]#392]#398])>+3: {"op": "Push". "target": 5116. "args": {"num": []. "ptr": []}}')
debug_merge_point(0, 0, '5117<main.rpyeffect:120([k@[mcore:[#254]#392]#398])>+4: {"op": "Jump". "target": 5105}')
debug_merge_point(0, 0, '5105<main.rpyeffect:108([mcore:[#246]#382])>+0: {"op": "Const". "type": "ptr". "out": 1. "format": "string". "value": "Name(import$std/core/hnd)"}')
debug_merge_point(0, 0, '5105<main.rpyeffect:108([mcore:[#246]#382])>+1: {"op": "PrimOp". "name": "getGlobal(String): Ptr". "out": {"num": []. "ptr": [1]}. "in": {"num": []. "ptr": [1]}}')
debug_merge_point(0, 0, '5105<main.rpyeffect:108([mcore:[#246]#382])>+2: {"op": "CallLib". "lib": "1". "symbol": "elt"}')
debug_merge_point(0, 0, '331<std_core_hnd.rpyeffect:30(Name(elt))>+0: {"op": "Switch". "scrutinee": 0. "values": [0]. "targets": [329]. "default": 330}')
debug_merge_point(0, 0, '329<std_core_hnd.rpyeffect:28([switch case for 0#86])>+0: {"op": "Proj". "out": 0. "type": Interned(evv). "scrutinee": 0. "tag": Interned(cons). "field": 0. "field_type": "ptr"}')
debug_merge_point(0, 0, '329<std_core_hnd.rpyeffect:28([switch case for 0#86])>+1: {"op": "Return". "args": {"num": []. "ptr": [0]}}')
debug_merge_point(0, 0, '5116<main.rpyeffect:119([k@[k@[mcore:[#254]#392]#398]#406])>+0: {"op": "Match". "type": Interned(std/core/hnd/ev). "scrutinee": 0. "clauses": [{"tag": Interned(std/core/hnd/Ev). "target": 5115. "args": {"num": []. "ptr": [1. 2. 3. 4]}}]. "default": {"tag": Interned(0ebd4aad-cbef-458e-b7ce-546cf0866444#[Missing Tag#1215]). "target": 5107. "args": {"num": []. "ptr": []}}}')
+916: p85 = getfield_gc_r(p77, descr=<FieldP rpyeffect.stored_environment.Data__arb_arb.inst_tag 8>)
+924: guard_value(p85, ConstPtr(ptr86), descr=<Guard0x12851ef60>) [p2, i6, i8, i10, i12, i14, i16, i18, i20, i22, i24, i26, i28, i30, i32, i34, i36, p39, p41, p43, p45, p47, p49, p51, p53, p55, p57, p59, p61, p63, p65, p67, p69, p0, p1, p3]
+932: p87 = getfield_gc_r(p77, descr=<FieldP rpyeffect.stored_environment.Data__arb_arb.inst_values_ptr 24 pure>)
+936: p89 = getarrayitem_gc_pure_r(p87, 0, descr=<ArrayP 8>)
+936: p91 = getarrayitem_gc_pure_r(p87, 1, descr=<ArrayP 8>)
+940: p93 = getarrayitem_gc_pure_r(p87, 2, descr=<ArrayP 8>)
+944: p95 = getarrayitem_gc_pure_r(p87, 3, descr=<ArrayP 8>)
debug_merge_point(0, 0, '5115<main.rpyeffect:118([#408])>+0: {"op": "Copy". "type": "ptr". "from": 0. "to". 1}')
debug_merge_point(0, 0, '5115<main.rpyeffect:118([#408])>+1: {"op": "Copy". "type": "ptr". "from": 2. "to". 0}')
debug_merge_point(0, 0, '5115<main.rpyeffect:118([#408])>+2: {"op": "Match". "type": Interned(main/fail). "scrutinee": 3. "clauses": [{"tag": Interned(main/@Hnd-fail). "target": 5114. "args": {"num": [0]. "ptr": [2]}}]. "default": {"tag": Interned(0ebd4aad-cbef-458e-b7ce-546cf0866444#[Missing Tag#1214]). "target": 5109. "args": {"num": []. "ptr": []}}}')
+948: p96 = getfield_gc_r(p93, descr=<FieldP rpyeffect.stored_environment.Data__arb_arb.inst_tag 8>)
+964: guard_value(p96, ConstPtr(ptr97), descr=<Guard0x12851efa0>) [p2, i6, i8, i10, i12, i14, i16, i18, i20, i22, i24, i26, i28, i30, i32, i34, i36, p39, p41, p43, p45, p47, p49, p51, p53, p55, p57, p59, p61, p63, p65, p67, p69, p0, p1, p3]
+972: i98 = getfield_gc_i(p93, descr=<FieldS rpyeffect.stored_environment.Data__1_1.inst_values_num_0 32 pure>)
+972: p99 = getfield_gc_r(p93, descr=<FieldP rpyeffect.stored_environment.Data__1_1.inst_values_ptr_0 40 pure>)
debug_merge_point(0, 0, '5114<main.rpyeffect:117([match_main/@Hnd-fail@[#408]#413])>+0: {"op": "Match". "type": Interned(std/core/hnd/clause0). "scrutinee": 2. "clauses": [{"tag": Interned(std/core/hnd/Clause0). "target": 5113. "args": {"num": []. "ptr": [2]}}]. "default": {"tag": Interned(0ebd4aad-cbef-458e-b7ce-546cf0866444#[Missing Tag#1213]). "target": 5111. "args": {"num": []. "ptr": []}}}')
+976: p100 = getfield_gc_r(p99, descr=<FieldP rpyeffect.stored_environment.Data__arb_arb.inst_tag 8>)
+984: guard_value(p100, ConstPtr(ptr101), descr=<Guard0x12851efe0>) [p2, i6, i8, i10, i12, i14, i16, i18, i20, i22, i24, i26, i28, i30, i32, i34, i36, p39, p41, p43, p45, p47, p49, p51, p53, p55, p57, p59, p61, p63, p65, p67, p69, p0, p1, p3]
+992: p102 = getfield_gc_r(p99, descr=<FieldP rpyeffect.stored_environment.Data__0_1.inst_values_ptr_0 32 pure>)
debug_merge_point(0, 0, '5113<main.rpyeffect:116([#418])>+0: {"op": "Invoke". "receiver": 2. "tag": Interned(%apply(pp):p). "args" : {"num": []. "ptr": [0. 1]}}')
+996: p103 = getfield_gc_r(p102, descr=<FieldP rpyeffect.stored_environment.CoData__arb_arb.inst_vtable 24 pure>)
+1004: guard_value(p103, ConstPtr(ptr104), descr=<Guard0x12851f020>) [p2, i6, i8, i10, i12, i14, i16, i18, i20, i22, i24, i26, i28, i30, i32, i34, i36, p39, p41, p43, p45, p47, p49, p51, p53, p55, p57, p59, p61, p63, p65, p67, p69, p0, p1, p3]
debug_merge_point(0, 0, '5174<main.rpyeffect:177([method_%apply(pp):p@[mcore:[#325]#676]#683])>+0: {"op": "Const". "type": "ptr". "out": 2. "format": "string". "value": "Name(import$std/core/hnd)"}')
debug_merge_point(0, 0, '5174<main.rpyeffect:177([method_%apply(pp):p@[mcore:[#325]#676]#683])>+1: {"op": "PrimOp". "name": "getGlobal(String): Ptr". "out": {"num": []. "ptr": [2]}. "in": {"num": []. "ptr": [2]}}')
debug_merge_point(0, 0, '5174<main.rpyeffect:177([method_%apply(pp):p@[mcore:[#325]#676]#683])>+2: {"op": "Jump". "target": 5161}')
debug_merge_point(0, 0, '5161<main.rpyeffect:164([mcore:[#301]#597])>+0: {"op": "New". "out": 1. "targets": [5158. 5160]. "args": {"num": []. "ptr": []}}')
debug_merge_point(0, 0, '5161<main.rpyeffect:164([mcore:[#301]#597])>+1: {"op": "Const". "type": "ptr". "out": 2. "format": "string". "value": "Name(import$std/core/hnd)"}')
debug_merge_point(0, 0, '5161<main.rpyeffect:164([mcore:[#301]#597])>+2: {"op": "PrimOp". "name": "getGlobal(String): Ptr". "out": {"num": []. "ptr": [2]}. "in": {"num": []. "ptr": [2]}}')
debug_merge_point(0, 0, '5161<main.rpyeffect:164([mcore:[#301]#597])>+3: {"op": "Jump". "target": 5149}')
debug_merge_point(0, 0, '5149<main.rpyeffect:152([mcore:[#290]#561])>+0: {"op": "Const". "type": "ptr". "out": 2. "format": "string". "value": "Name(import$std/core/hnd)"}')
debug_merge_point(0, 0, '5149<main.rpyeffect:152([mcore:[#290]#561])>+1: {"op": "PrimOp". "name": "getGlobal(String): Ptr". "out": {"num": []. "ptr": [2]}. "in": {"num": []. "ptr": [2]}}')
debug_merge_point(0, 0, '5149<main.rpyeffect:152([mcore:[#290]#561])>+2: {"op": "CallLib". "lib": "2". "symbol": "std/core/hnd/yield-to"}')
debug_merge_point(0, 0, '1022<std_core_hnd.rpyeffect:721([mcore:[#893]#2108])>+0: {"op": "Push". "target": 1021. "args": {"num": []. "ptr": [1. 0]}}')
debug_merge_point(0, 0, '1022<std_core_hnd.rpyeffect:721([mcore:[#893]#2108])>+1: {"op": "Jump". "target": 509}')
debug_merge_point(0, 0, '509<std_core_hnd.rpyeffect:208([mcore:[#471]#472])>+0: {"op": "Jump". "target": 301}')
debug_merge_point(0, 0, '301<std_core_hnd.rpyeffect:0(Name(getCurrentEvv))>+0: {"op": "Const". "type": "ptr". "out": 0. "format": "string". "value": "current-evv"}')
debug_merge_point(0, 0, '301<std_core_hnd.rpyeffect:0(Name(getCurrentEvv))>+1: {"op": "PrimOp". "name": "getGlobal(String): Ptr". "out": {"num": []. "ptr": [0]}. "in": {"num": []. "ptr": [0]}}')
debug_merge_point(0, 0, '301<std_core_hnd.rpyeffect:0(Name(getCurrentEvv))>+2: {"op": "PrimOp". "name": "getRef(Ref[Ptr]): Ptr". "out": {"num": []. "ptr": [0]}. "in": {"num": []. "ptr": [0]}}')
debug_merge_point(0, 0, '301<std_core_hnd.rpyeffect:0(Name(getCurrentEvv))>+3: {"op": "Return". "args": {"num": []. "ptr": [0]}}')
debug_merge_point(0, 0, '1021<std_core_hnd.rpyeffect:720([k@[mcore:[#893]#2108]#2110])>+0: {"op": "Push". "target": 1020. "args": {"num": []. "ptr": [0]}}')
debug_merge_point(0, 0, '1021<std_core_hnd.rpyeffect:720([k@[mcore:[#893]#2108]#2110])>+1: {"op": "Copy". "type": "ptr". "from": 2. "to". 0}')
debug_merge_point(0, 0, '1021<std_core_hnd.rpyeffect:720([k@[mcore:[#893]#2108]#2110])>+2: {"op": "Jump". "target": 507}')
debug_merge_point(0, 0, '507<std_core_hnd.rpyeffect:206([mcore:[#470]#437])>+0: {"op": "Const". "type": "num". "out": 0. "value": 0}')
debug_merge_point(0, 0, '507<std_core_hnd.rpyeffect:206([mcore:[#470]#437])>+1: {"op": "ShiftDyn". "out": 0. "n": 0. "label": 0}')
+1012: i105 = instance_ptr_eq(p0, p91)
guard_true(i105, descr=<Guard0x12851f060>) [p2, i6, i8, i10, i12, i14, i16, i18, i20, i22, i24, i26, i28, i30, i32, i34, i36, p39, p41, p43, p45, p47, p49, p51, p53, p55, p57, p59, p61, p63, p65, p67, p69, p0, p1, p3]
+1024: guard_nonnull_class(p3, 4348275712, descr=<Guard0x128561af0>) [p2, i6, i8, i10, i12, i14, i16, i18, i20, i22, i24, i26, i28, i30, i32, i34, i36, p39, p41, p43, p45, p47, p49, p51, p53, p55, p57, p59, p61, p63, p65, p67, p69, p0, p1, p3]
+1052: p107 = getfield_gc_r(p3, descr=<FieldP rpyeffect.stack.MetaStackLike.inst_stack 8 pure>)
+1056: p108 = getfield_gc_r(p3, descr=<FieldP rpyeffect.stack.MetaStack.inst_label 16 pure>)
+1060: p109 = getfield_gc_r(p3, descr=<FieldP rpyeffect.stack.MetaStack.inst_tail 32 pure>)
+1068: guard_nonnull(p107, descr=<Guard0x12851f0a0>) [p2, i6, i8, i10, i12, i14, i16, i18, i20, i22, i24, i26, i28, i30, i32, i34, i36, p39, p41, p43, p45, p47, p49, p51, p53, p55, p57, p59, p61, p63, p65, p67, p69, p0, p1, p3]
+1076: i110 = getfield_gc_i(p107, descr=<FieldS rpyeffect.stored_environment.Stack__arb_arb.inst_target 16 pure>)
+1084: guard_value(i110, 714, descr=<Guard0x12851f0e0>) [p2, i6, i8, i10, i12, i14, i16, i18, i20, i22, i24, i26, i28, i30, i32, i34, i36, p39, p41, p43, p45, p47, p49, p51, p53, p55, p57, p59, p61, p63, p65, p67, p69, p0, p1, p3]
debug_merge_point(0, 0, '507<std_core_hnd.rpyeffect:206([mcore:[#470]#437])>+2: {"op": "New". "out": 0. "targets": [500. 502. 504. 506]. "args": {"num": []. "ptr": [0]}}')
debug_merge_point(0, 0, '507<std_core_hnd.rpyeffect:206([mcore:[#470]#437])>+3: {"op": "Invoke". "receiver": 1. "tag": Interned(%apply(p):p). "args" : {"num": []. "ptr": [0]}}')
debug_merge_point(0, 0, '5158<main.rpyeffect:161([method_%apply(p):p@[mcore:[#301]#597]#601])>+0: {"op": "Const". "type": "ptr". "out": 1. "format": "string". "value": "Name(import$std/core/hnd)"}')
debug_merge_point(0, 0, '5158<main.rpyeffect:161([method_%apply(p):p@[mcore:[#301]#597]#601])>+1: {"op": "PrimOp". "name": "getGlobal(String): Ptr". "out": {"num": []. "ptr": [1]}. "in": {"num": []. "ptr": [1]}}')
debug_merge_point(0, 0, '5158<main.rpyeffect:161([method_%apply(p):p@[mcore:[#301]#597]#601])>+2: {"op": "Jump". "target": 5156}')
debug_merge_point(0, 0, '5156<main.rpyeffect:159([mcore:[#299]#576])>+0: {"op": "Construct". "out": 1. "type": Interned(Unit). "tag": Interned(unit). "args": {"num": []. "ptr": []}}')
debug_merge_point(0, 0, '5156<main.rpyeffect:159([mcore:[#299]#576])>+1: {"op": "New". "out": 2. "targets": [5153. 5155]. "args": {"num": []. "ptr": []}}')
debug_merge_point(0, 0, '5156<main.rpyeffect:159([mcore:[#299]#576])>+2: {"op": "Const". "type": "ptr". "out": 3. "format": "string". "value": "Name(import$std/core/hnd)"}')
debug_merge_point(0, 0, '5156<main.rpyeffect:159([mcore:[#299]#576])>+3: {"op": "PrimOp". "name": "getGlobal(String): Ptr". "out": {"num": []. "ptr": [3]}. "in": {"num": []. "ptr": [3]}}')
debug_merge_point(0, 0, '5156<main.rpyeffect:159([mcore:[#299]#576])>+4: {"op": "Swap". "type": "ptr". "a": 0. "b". 1}')
debug_merge_point(0, 0, '5156<main.rpyeffect:159([mcore:[#299]#576])>+5: {"op": "Swap". "type": "ptr". "a": 2. "b". 1}')
debug_merge_point(0, 0, '5156<main.rpyeffect:159([mcore:[#299]#576])>+6: {"op": "Jump". "target": 5150}')
debug_merge_point(0, 0, '5150<main.rpyeffect:153([mcore:[#293]#567])>+0: {"op": "Const". "type": "ptr". "out": 3. "format": "string". "value": "Name(import$std/core/hnd)"}')
debug_merge_point(0, 0, '5150<main.rpyeffect:153([mcore:[#293]#567])>+1: {"op": "PrimOp". "name": "getGlobal(String): Ptr". "out": {"num": []. "ptr": [3]}. "in": {"num": []. "ptr": [3]}}')
debug_merge_point(0, 0, '5150<main.rpyeffect:153([mcore:[#293]#567])>+2: {"op": "CallLib". "lib": "3". "symbol": "std/core/hnd/protect"}')
debug_merge_point(0, 0, '495<std_core_hnd.rpyeffect:194([mcore:[#466]#434])>+0: {"op": "Swap". "type": "ptr". "a": 1. "b". 2}')
debug_merge_point(0, 0, '495<std_core_hnd.rpyeffect:194([mcore:[#466]#434])>+1: {"op": "Invoke". "receiver": 2. "tag": Interned(%apply(pp):p). "args" : {"num": []. "ptr": [0. 1]}}')
debug_merge_point(0, 0, '5155<main.rpyeffect:158([method_%apply(pp):p@[mcore:[#299]#576]#587])>+0: {"op": "Push". "target": 5154. "args": {"num": []. "ptr": []}}')
debug_merge_point(0, 0, '5155<main.rpyeffect:158([method_%apply(pp):p@[mcore:[#299]#576]#587])>+1: {"op": "Jump". "target": 5151}')
debug_merge_point(0, 0, '5151<main.rpyeffect:154([mcore:[#296]#574])>+0: {"op": "Const". "type": "num". "out": 0. "value": 0}')
debug_merge_point(0, 0, '5151<main.rpyeffect:154([mcore:[#296]#574])>+1: {"op": "Return". "args": {"num": [0]. "ptr": []}}')
debug_merge_point(0, 0, '5154<main.rpyeffect:157([#589])>+0: {"op": "PrimOp". "name": "box(Num): Ptr". "out": {"num": []. "ptr": [0]}. "in": {"num": [0]. "ptr": []}}')
debug_merge_point(0, 0, '5154<main.rpyeffect:157([#589])>+1: {"op": "Return". "args": {"num": []. "ptr": [0]}}')
+1096: p112 = getfield_gc_r(p107, descr=<FieldP rpyeffect.stored_environment.Stack__0_1.inst_values_ptr_0 40 pure>)
+1100: p113 = getfield_gc_r(p107, descr=<FieldP rpyeffect.stored_environment.Stack__arb_arb.inst_tail 8 pure>)
+1104: guard_nonnull_class(p113, ConstClass(Stack__0_1), descr=<Guard0x128561b48>) [p2, i6, i8, i10, i12, i14, i16, i18, i20, i22, i24, i26, i28, i30, i32, i34, i36, p39, p41, p43, p45, p47, p49, p51, p53, p55, p57, p59, p61, p63, p65, p67, p69, p0, p1, p3]
+1128: i115 = getfield_gc_i(p113, descr=<FieldS rpyeffect.stored_environment.Stack__arb_arb.inst_target 16 pure>)
+1136: guard_value(i115, 432, descr=<Guard0x12851f120>) [p2, i6, i8, i10, i12, i14, i16, i18, i20, i22, i24, i26, i28, i30, i32, i34, i36, p39, p41, p43, p45, p47, p49, p51, p53, p55, p57, p59, p61, p63, p65, p67, p69, p0, p1, p3]
debug_merge_point(0, 0, '714<std_core_hnd.rpyeffect:413([k@[k@[#1063]#1068]#1070])>+0: {"op": "Const". "type": "ptr". "out": 2. "format": "string". "value": "Name(import$std/core/hnd)"}')
debug_merge_point(0, 0, '714<std_core_hnd.rpyeffect:413([k@[k@[#1063]#1068]#1070])>+1: {"op": "PrimOp". "name": "getGlobal(String): Ptr". "out": {"num": []. "ptr": [2]}. "in": {"num": []. "ptr": [2]}}')
debug_merge_point(0, 0, '714<std_core_hnd.rpyeffect:413([k@[k@[#1063]#1068]#1070])>+2: {"op": "Push". "target": 713. "args": {"num": []. "ptr": [0]}}')
debug_merge_point(0, 0, '714<std_core_hnd.rpyeffect:413([k@[k@[#1063]#1068]#1070])>+3: {"op": "Copy". "type": "ptr". "from": 1. "to". 0}')
debug_merge_point(0, 0, '714<std_core_hnd.rpyeffect:413([k@[k@[#1063]#1068]#1070])>+4: {"op": "Copy". "type": "ptr". "from": 2. "to". 1}')
debug_merge_point(0, 0, '714<std_core_hnd.rpyeffect:413([k@[k@[#1063]#1068]#1070])>+5: {"op": "Jump". "target": 712}')
debug_merge_point(0, 0, '712<std_core_hnd.rpyeffect:411([mcore:[#655]#1049])>+0: {"op": "Const". "type": "ptr". "out": 1. "format": "string". "value": "Name(import$std/core/hnd)"}')
debug_merge_point(0, 0, '712<std_core_hnd.rpyeffect:411([mcore:[#655]#1049])>+1: {"op": "PrimOp". "name": "getGlobal(String): Ptr". "out": {"num": []. "ptr": [1]}. "in": {"num": []. "ptr": [1]}}')
debug_merge_point(0, 0, '712<std_core_hnd.rpyeffect:411([mcore:[#655]#1049])>+2: {"op": "CallLib". "lib": "1". "symbol": "setCurrentEvv"}')
debug_merge_point(0, 0, '302<std_core_hnd.rpyeffect:1(Name(setCurrentEvv))>+0: {"op": "Const". "type": "ptr". "out": 1. "format": "string". "value": "current-evv"}')
debug_merge_point(0, 0, '302<std_core_hnd.rpyeffect:1(Name(setCurrentEvv))>+1: {"op": "PrimOp". "name": "getGlobal(String): Ptr". "out": {"num": []. "ptr": [1]}. "in": {"num": []. "ptr": [1]}}')
debug_merge_point(0, 0, '302<std_core_hnd.rpyeffect:1(Name(setCurrentEvv))>+2: {"op": "PrimOp". "name": "setRef(Ref[Ptr]. Ptr): Unit". "out": {"num": []. "ptr": [0]}. "in": {"num": []. "ptr": [1. 0]}}')
debug_merge_point(0, 0, '302<std_core_hnd.rpyeffect:1(Name(setCurrentEvv))>+3: {"op": "Return". "args": {"num": []. "ptr": [0]}}')
debug_merge_point(0, 0, '713<std_core_hnd.rpyeffect:412([k@[k@[k@[#1063]#1068]#1070]#1075])>+0: {"op": "Copy". "type": "ptr". "from": 1. "to". 0}')
debug_merge_point(0, 0, '713<std_core_hnd.rpyeffect:412([k@[k@[k@[#1063]#1068]#1070]#1075])>+1: {"op": "Return". "args": {"num": []. "ptr": [0]}}')
+1212: setfield_gc(ConstPtr(ptr117), p112, descr=<FieldP rpyeffect.region.PtrRef.inst_value 8>)
+1216: p118 = getfield_gc_r(p113, descr=<FieldP rpyeffect.stored_environment.Stack__0_1.inst_values_ptr_0 40 pure>)
+1220: p119 = getfield_gc_r(p113, descr=<FieldP rpyeffect.stored_environment.Stack__arb_arb.inst_tail 8 pure>)
+1224: guard_isnull(p119, descr=<Guard0x128561ba0>) [p2, i8, i10, i12, i14, i16, i18, i20, i22, i24, i26, i28, i30, i32, i34, i36, p118, p95, p49, p51, p53, p55, p57, p59, p61, p63, p65, p67, p69, p108, p119, p109]
debug_merge_point(0, 0, '432<std_core_hnd.rpyeffect:131([return_clause@[mcore:[#404]#265]#269])>+0: {"op": "Invoke". "receiver": 1. "tag": Interned(%apply(p):p). "args" : {"num": []. "ptr": [0]}}')
+1232: p120 = getfield_gc_r(p118, descr=<FieldP rpyeffect.stored_environment.CoData__arb_arb.inst_vtable 24 pure>)
+1240: guard_value(p120, ConstPtr(ptr121), descr=<Guard0x12851f160>) [p2, i8, i10, i12, i14, i16, i18, i20, i22, i24, i26, i28, i30, i32, i34, i36, p118, p95, p49, p51, p53, p55, p57, p59, p61, p63, p65, p67, p69, p108, p119, p109]
debug_merge_point(0, 0, '5203<main.rpyeffect:206([#816])>+0: {"op": "PrimOp". "name": "unbox(Ptr): Num". "out": {"num": [0]. "ptr": []}. "in": {"num": []. "ptr": [0]}}')
debug_merge_point(0, 0, '5203<main.rpyeffect:206([#816])>+1: {"op": "Push". "target": 5202. "args": {"num": []. "ptr": []}}')
debug_merge_point(0, 0, '5203<main.rpyeffect:206([#816])>+2: {"op": "Jump". "target": 5147}')
debug_merge_point(0, 0, '5147<main.rpyeffect:150([mcore:[#283]#555])>+0: {"op": "Return". "args": {"num": [0]. "ptr": []}}')
debug_merge_point(0, 0, '5202<main.rpyeffect:205([k@[#816]#821])>+0: {"op": "PrimOp". "name": "box(Num): Ptr". "out": {"num": []. "ptr": [0]}. "in": {"num": [0]. "ptr": []}}')
debug_merge_point(0, 0, '5202<main.rpyeffect:205([k@[#816]#821])>+1: {"op": "Return". "args": {"num": []. "ptr": [0]}}')
+1248: guard_nonnull(p109, descr=<Guard0x12851f1a0>) [p2, i8, i10, i12, i14, i16, i18, i20, i22, i24, i26, i28, i30, i32, i34, i36, p118, p95, p49, p51, p53, p55, p57, p59, p61, p63, p65, p67, p69, p108, p119, p109]
+1256: p122 = getfield_gc_r(p109, descr=<FieldP rpyeffect.stack.MetaStackLike.inst_stack 8 pure>)
+1260: p123 = getfield_gc_r(p109, descr=<FieldP rpyeffect.stack.MetaStack.inst_label 16 pure>)
+1264: p124 = getfield_gc_r(p109, descr=<FieldP rpyeffect.stack.MetaStack.inst_tail 32 pure>)
+1268: guard_nonnull(p122, descr=<Guard0x12851f1e0>) [p2, i8, i10, i12, i14, i16, i18, i20, i22, i24, i26, i28, i30, i32, i34, i36, p118, p95, p49, p51, p53, p55, p57, p59, p61, p63, p65, p67, p69, p108, p119, p109]
+1276: i125 = getfield_gc_i(p122, descr=<FieldS rpyeffect.stored_environment.Stack__arb_arb.inst_target 16 pure>)
+1280: guard_value(i125, 505, descr=<Guard0x12851f220>) [p2, i8, i10, i12, i14, i16, i18, i20, i22, i24, i26, i28, i30, i32, i34, i36, p118, p95, p49, p51, p53, p55, p57, p59, p61, p63, p65, p67, p69, p108, p119, p109]
+1292: p127 = getfield_gc_r(p122, descr=<FieldP rpyeffect.stored_environment.Stack__arb_arb.inst_tail 8 pure>)
+1296: guard_nonnull(p127, descr=<Guard0x12851f260>) [p2, i8, i10, i12, i14, i16, i18, i20, i22, i24, i26, i28, i30, i32, i34, i36, p118, p95, p49, p51, p53, p55, p57, p59, p61, p63, p65, p67, p69, p108, p119, p109]
+1304: i128 = getfield_gc_i(p127, descr=<FieldS rpyeffect.stored_environment.Stack__arb_arb.inst_target 16 pure>)
+1308: guard_value(i128, 5135, descr=<Guard0x12851f2a0>) [p2, i8, i10, i12, i14, i16, i18, i20, i22, i24, i26, i28, i30, i32, i34, i36, p118, p95, p49, p51, p53, p55, p57, p59, p61, p63, p65, p67, p69, p108, p119, p109]
debug_merge_point(0, 0, '505<std_core_hnd.rpyeffect:204([#467])>+0: {"op": "PrimOp". "name": "unbox(Ptr): Num". "out": {"num": [0]. "ptr": []}. "in": {"num": []. "ptr": [0]}}')
debug_merge_point(0, 0, '505<std_core_hnd.rpyeffect:204([#467])>+1: {"op": "Return". "args": {"num": [0]. "ptr": []}}')
+1320: p130 = getfield_gc_r(p127, descr=<FieldP rpyeffect.stored_environment.Stack__0_1.inst_values_ptr_0 40 pure>)
+1324: p131 = getfield_gc_r(p127, descr=<FieldP rpyeffect.stored_environment.Stack__arb_arb.inst_tail 8 pure>)
debug_merge_point(0, 0, '5135<main.rpyeffect:138([k@[mcore:[#274]#500]#504])>+0: {"op": "Const". "type": "num". "out": 1. "value": 0}')
debug_merge_point(0, 0, '5135<main.rpyeffect:138([k@[mcore:[#274]#500]#504])>+1: {"op": "Push". "target": 5134. "args": {"num": [0]. "ptr": []}}')
debug_merge_point(0, 0, '5135<main.rpyeffect:138([k@[mcore:[#274]#500]#504])>+2: {"op": "Copy". "type": "num". "from": 1. "to". 0}')
debug_merge_point(0, 0, '5135<main.rpyeffect:138([k@[mcore:[#274]#500]#504])>+3: {"op": "Invoke". "receiver": 0. "tag": Interned(%apply(n):n). "args" : {"num": [0]. "ptr": []}}')
+1328: p132 = getfield_gc_r(p130, descr=<FieldP rpyeffect.stored_environment.CoData__arb_arb.inst_vtable 24 pure>)
+1336: guard_value(p132, ConstPtr(ptr133), descr=<Guard0x12851f2e0>) [p2, i8, i10, i12, i14, i16, i18, i20, i22, i24, i26, i28, i30, i32, i34, i36, p118, p95, p49, p51, p53, p55, p57, p59, p61, p63, p65, p67, p69, p108, p119, p109]
+1344: p134 = getfield_gc_r(p130, descr=<FieldP rpyeffect.stored_environment.CoData__0_1.inst_values_ptr_0 32 pure>)
debug_merge_point(0, 0, '506<std_core_hnd.rpyeffect:205([method_%apply(n):n@[mcore:[#470]#437]#462])>+0: {"op": "PrimOp". "name": "box(Num): Ptr". "out": {"num": []. "ptr": [1]}. "in": {"num": [0]. "ptr": []}}')
debug_merge_point(0, 0, '506<std_core_hnd.rpyeffect:205([method_%apply(n):n@[mcore:[#470]#437]#462])>+1: {"op": "Push". "target": 505. "args": {"num": []. "ptr": []}}')
debug_merge_point(0, 0, '506<std_core_hnd.rpyeffect:205([method_%apply(n):n@[mcore:[#470]#437]#462])>+2: {"op": "Swap". "type": "ptr". "a": 0. "b". 1}')
debug_merge_point(0, 0, '506<std_core_hnd.rpyeffect:205([method_%apply(n):n@[mcore:[#470]#437]#462])>+3: {"op": "Jump". "target": 497}')
debug_merge_point(0, 0, '497<std_core_hnd.rpyeffect:196([mcore:[#469]#436])>+0: {"op": "PushStack". "arg": 1}')
+1348: guard_nonnull_class(p134, 4348275712, descr=<Guard0x128561bf8>) [p2, i8, i10, i12, i14, i16, i18, i20, i22, i24, i26, i28, i30, i32, i34, i36, p118, p95, p49, p51, p53, p55, p57, p59, p61, p63, p65, p67, p69, p108, p119, p109]
+1372: p136 = getfield_gc_r(p134, descr=<FieldP rpyeffect.stack.MetaStack.inst_region 24 pure>)
+1376: guard_isnull(p136, descr=<Guard0x12851f320>) [p2, i8, i10, i12, i14, i16, i18, i20, i22, i24, i26, i28, i30, i32, i34, i36, p118, p95, p49, p51, p53, p55, p57, p59, p61, p63, p65, p67, p69, p108, p119, p109]
+1384: p137 = getfield_gc_r(p134, descr=<FieldP rpyeffect.stack.MetaStackLike.inst_stack 8 pure>)
+1388: p138 = getfield_gc_r(p134, descr=<FieldP rpyeffect.stack.MetaStack.inst_tail 32 pure>)
+1392: guard_nonnull_class(p138, 4348275712, descr=<Guard0x128561c50>) [p2, i8, i10, i12, i14, i16, i18, i20, i22, i24, i26, i28, i30, i32, i34, i36, p118, p95, p49, p51, p53, p55, p57, p59, p61, p63, p65, p67, p69, p108, p119, p109]
+1416: p140 = getfield_gc_r(p138, descr=<FieldP rpyeffect.stack.MetaStack.inst_region 24 pure>)
+1420: guard_isnull(p140, descr=<Guard0x12851f360>) [p2, i8, i10, i12, i14, i16, i18, i20, i22, i24, i26, i28, i30, i32, i34, i36, p118, p95, p49, p51, p53, p55, p57, p59, p61, p63, p65, p67, p69, p108, p119, p109]
+1428: p141 = getfield_gc_r(p138, descr=<FieldP rpyeffect.stack.MetaStackLike.inst_stack 8 pure>)
+1432: p142 = getfield_gc_r(p138, descr=<FieldP rpyeffect.stack.MetaStack.inst_tail 32 pure>)
+1436: guard_isnull(p142, descr=<Guard0x12851f3a0>) [p2, i8, i10, i12, i14, i16, i18, i20, i22, i24, i26, i28, i30, i32, i34, i36, p118, p95, p49, p51, p53, p55, p57, p59, p61, p63, p65, p67, p69, p108, p119, p109]
+1444: p143 = getfield_gc_r(p138, descr=<FieldP rpyeffect.stack.MetaStack.inst_label 16 pure>)
+1448: p144 = getfield_gc_r(p134, descr=<FieldP rpyeffect.stack.MetaStack.inst_label 16 pure>)
+1452: guard_nonnull(p137, descr=<Guard0x12851f3e0>) [p2, i8, i10, i12, i14, i16, i18, i20, i22, i24, i26, i28, i30, i32, i34, i36, p118, p95, p49, p51, p53, p55, p57, p59, p61, p63, p65, p67, p69, p108, p119, p109]
+1460: i145 = getfield_gc_i(p137, descr=<FieldS rpyeffect.stored_environment.Stack__arb_arb.inst_target 16 pure>)
+1464: guard_value(i145, 1020, descr=<Guard0x12851f420>) [p2, i8, i10, i12, i14, i16, i18, i20, i22, i24, i26, i28, i30, i32, i34, i36, p118, p95, p49, p51, p53, p55, p57, p59, p61, p63, p65, p67, p69, p108, p119, p109]
debug_merge_point(0, 0, '497<std_core_hnd.rpyeffect:196([mcore:[#469]#436])>+1: {"op": "Return". "args": {"num": []. "ptr": [0]}}')
+1476: p147 = getfield_gc_r(p137, descr=<FieldP rpyeffect.stored_environment.Stack__0_1.inst_values_ptr_0 40 pure>)
+1480: p148 = getfield_gc_r(p137, descr=<FieldP rpyeffect.stored_environment.Stack__arb_arb.inst_tail 8 pure>)
debug_merge_point(0, 0, '1020<std_core_hnd.rpyeffect:719([k@[k@[mcore:[#893]#2108]#2110]#2112])>+0: {"op": "Const". "type": "ptr". "out": 2. "format": "string". "value": "Name(import$std/core/hnd)"}')
debug_merge_point(0, 0, '1020<std_core_hnd.rpyeffect:719([k@[k@[mcore:[#893]#2108]#2110]#2112])>+1: {"op": "PrimOp". "name": "getGlobal(String): Ptr". "out": {"num": []. "ptr": [2]}. "in": {"num": []. "ptr": [2]}}')
debug_merge_point(0, 0, '1020<std_core_hnd.rpyeffect:719([k@[k@[mcore:[#893]#2108]#2110]#2112])>+2: {"op": "Push". "target": 1019. "args": {"num": []. "ptr": [0]}}')
debug_merge_point(0, 0, '1020<std_core_hnd.rpyeffect:719([k@[k@[mcore:[#893]#2108]#2110]#2112])>+3: {"op": "Copy". "type": "ptr". "from": 1. "to". 0}')
debug_merge_point(0, 0, '1020<std_core_hnd.rpyeffect:719([k@[k@[mcore:[#893]#2108]#2110]#2112])>+4: {"op": "Copy". "type": "ptr". "from": 2. "to". 1}')
debug_merge_point(0, 0, '1020<std_core_hnd.rpyeffect:719([k@[k@[mcore:[#893]#2108]#2110]#2112])>+5: {"op": "Jump". "target": 1018}')
debug_merge_point(0, 0, '1018<std_core_hnd.rpyeffect:717([mcore:[#892]#2103])>+0: {"op": "Const". "type": "ptr". "out": 1. "format": "string". "value": "Name(import$std/core/hnd)"}')
debug_merge_point(0, 0, '1018<std_core_hnd.rpyeffect:717([mcore:[#892]#2103])>+1: {"op": "PrimOp". "name": "getGlobal(String): Ptr". "out": {"num": []. "ptr": [1]}. "in": {"num": []. "ptr": [1]}}')
debug_merge_point(0, 0, '1018<std_core_hnd.rpyeffect:717([mcore:[#892]#2103])>+2: {"op": "CallLib". "lib": "1". "symbol": "setCurrentEvv"}')
debug_merge_point(0, 0, '302<std_core_hnd.rpyeffect:1(Name(setCurrentEvv))>+0: {"op": "Const". "type": "ptr". "out": 1. "format": "string". "value": "current-evv"}')
debug_merge_point(0, 0, '302<std_core_hnd.rpyeffect:1(Name(setCurrentEvv))>+1: {"op": "PrimOp". "name": "getGlobal(String): Ptr". "out": {"num": []. "ptr": [1]}. "in": {"num": []. "ptr": [1]}}')
debug_merge_point(0, 0, '302<std_core_hnd.rpyeffect:1(Name(setCurrentEvv))>+2: {"op": "PrimOp". "name": "setRef(Ref[Ptr]. Ptr): Unit". "out": {"num": []. "ptr": [0]}. "in": {"num": []. "ptr": [1. 0]}}')
debug_merge_point(0, 0, '302<std_core_hnd.rpyeffect:1(Name(setCurrentEvv))>+3: {"op": "Return". "args": {"num": []. "ptr": [0]}}')
debug_merge_point(0, 0, '1019<std_core_hnd.rpyeffect:718([k@[k@[k@[mcore:[#893]#2108]#2110]#2112]#2117])>+0: {"op": "Copy". "type": "ptr". "from": 1. "to". 0}')
debug_merge_point(0, 0, '1019<std_core_hnd.rpyeffect:718([k@[k@[k@[mcore:[#893]#2108]#2110]#2112]#2117])>+1: {"op": "Return". "args": {"num": []. "ptr": [0]}}')
+1548: setfield_gc(ConstPtr(ptr149), p147, descr=<FieldP rpyeffect.region.PtrRef.inst_value 8>)
+1552: guard_nonnull(p148, descr=<Guard0x128561ca8>) [p2, i10, i12, i14, i16, i18, i20, i22, i24, i26, i28, i30, i32, i34, i36, p95, p49, p51, p53, p55, p57, p59, p61, p63, p65, p67, p69, p144, p148, p131, p124, p123, p143, p141]
+1560: i150 = getfield_gc_i(p148, descr=<FieldS rpyeffect.stored_environment.Stack__arb_arb.inst_target 16 pure>)
+1564: guard_value(i150, 5075, descr=<Guard0x12851f460>) [p2, i10, i12, i14, i16, i18, i20, i22, i24, i26, i28, i30, i32, i34, i36, p95, p49, p51, p53, p55, p57, p59, p61, p63, p65, p67, p69, p144, p148, p131, p124, p123, p143, p141]
+1576: p152 = getfield_gc_r(p148, descr=<FieldP rpyeffect.stored_environment.Stack__arb_arb.inst_tail 8 pure>)
debug_merge_point(0, 0, '5075<main.rpyeffect:78([k@[#279]#281])>+0: {"op": "PrimOp". "name": "unbox(Ptr): Num". "out": {"num": [0]. "ptr": []}. "in": {"num": []. "ptr": [0]}}')
debug_merge_point(0, 0, '5075<main.rpyeffect:78([k@[#279]#281])>+1: {"op": "Return". "args": {"num": [0]. "ptr": []}}')
+1580: guard_nonnull(p152, descr=<Guard0x12851f4a0>) [p2, i10, i12, i14, i16, i18, i20, i22, i24, i26, i28, i30, i32, i34, i36, p95, p49, p51, p53, p55, p57, p59, p61, p63, p65, p67, p69, p144, p148, p131, p124, p123, p143, p141]
+1588: i153 = getfield_gc_i(p152, descr=<FieldS rpyeffect.stored_environment.Stack__arb_arb.inst_target 16 pure>)
+1592: guard_value(i153, 5090, descr=<Guard0x12851f4e0>) [p2, i10, i12, i14, i16, i18, i20, i22, i24, i26, i28, i30, i32, i34, i36, p95, p49, p51, p53, p55, p57, p59, p61, p63, p65, p67, p69, p144, p148, p131, p124, p123, p143, p141]
+1604: p155 = getfield_gc_r(p152, descr=<FieldP rpyeffect.stored_environment.Stack__arb_arb.inst_tail 8 pure>)
debug_merge_point(0, 0, '5090<main.rpyeffect:93([k@[#333]#336])>+0: {"op": "PrimOp". "name": "box(Num): Ptr". "out": {"num": []. "ptr": [0]}. "in": {"num": [0]. "ptr": []}}')
debug_merge_point(0, 0, '5090<main.rpyeffect:93([k@[#333]#336])>+1: {"op": "Return". "args": {"num": []. "ptr": [0]}}')
+1608: guard_nonnull(p155, descr=<Guard0x12851f520>) [p2, i10, i12, i14, i16, i18, i20, i22, i24, i26, i28, i30, i32, i34, i36, p95, p49, p51, p53, p55, p57, p59, p61, p63, p65, p67, p69, p144, p148, p131, p124, p123, p143, p141]
+1616: i156 = getfield_gc_i(p155, descr=<FieldS rpyeffect.stored_environment.Stack__arb_arb.inst_target 16 pure>)
+1620: guard_value(i156, 801, descr=<Guard0x12851f560>) [p2, i10, i12, i14, i16, i18, i20, i22, i24, i26, i28, i30, i32, i34, i36, p95, p49, p51, p53, p55, p57, p59, p61, p63, p65, p67, p69, p144, p148, p131, p124, p123, p143, p141]
+1632: i158 = getfield_gc_i(p155, descr=<FieldS rpyeffect.stored_environment.Stack__1_1.inst_values_num_0 40 pure>)
+1632: p159 = getfield_gc_r(p155, descr=<FieldP rpyeffect.stored_environment.Stack__1_1.inst_values_ptr_0 48 pure>)
+1636: p160 = getfield_gc_r(p155, descr=<FieldP rpyeffect.stored_environment.Stack__arb_arb.inst_tail 8 pure>)
+1640: guard_nonnull(p160, descr=<Guard0x12851f5a0>) [p2, i10, i12, i14, i16, i18, i20, i22, i24, i26, i28, i30, i32, i34, i36, p95, p49, p51, p53, p55, p57, p59, p61, p63, p65, p67, p69, p144, p148, p131, p124, p123, p143, p141]
+1648: i161 = getfield_gc_i(p160, descr=<FieldS rpyeffect.stored_environment.Stack__arb_arb.inst_target 16 pure>)
+1652: guard_value(i161, 5098, descr=<Guard0x12851f5e0>) [p2, i10, i12, i14, i16, i18, i20, i22, i24, i26, i28, i30, i32, i34, i36, p95, p49, p51, p53, p55, p57, p59, p61, p63, p65, p67, p69, p144, p148, p131, p124, p123, p143, p141]
debug_merge_point(0, 0, '801<std_core_hnd.rpyeffect:500([k@[k@[mcore:[#725]#1309]#1314]#1316])>+0: {"op": "Const". "type": "ptr". "out": 2. "format": "string". "value": "Name(import$std/core/hnd)"}')
debug_merge_point(0, 0, '801<std_core_hnd.rpyeffect:500([k@[k@[mcore:[#725]#1309]#1314]#1316])>+1: {"op": "PrimOp". "name": "getGlobal(String): Ptr". "out": {"num": []. "ptr": [2]}. "in": {"num": []. "ptr": [2]}}')
debug_merge_point(0, 0, '801<std_core_hnd.rpyeffect:500([k@[k@[mcore:[#725]#1309]#1314]#1316])>+2: {"op": "Push". "target": 800. "args": {"num": [0]. "ptr": [0]}}')
debug_merge_point(0, 0, '801<std_core_hnd.rpyeffect:500([k@[k@[mcore:[#725]#1309]#1314]#1316])>+3: {"op": "Copy". "type": "ptr". "from": 1. "to". 0}')
debug_merge_point(0, 0, '801<std_core_hnd.rpyeffect:500([k@[k@[mcore:[#725]#1309]#1314]#1316])>+4: {"op": "Copy". "type": "ptr". "from": 2. "to". 1}')
debug_merge_point(0, 0, '801<std_core_hnd.rpyeffect:500([k@[k@[mcore:[#725]#1309]#1314]#1316])>+5: {"op": "Jump". "target": 785}')
debug_merge_point(0, 0, '785<std_core_hnd.rpyeffect:484([mcore:[#717]#1300])>+0: {"op": "Const". "type": "ptr". "out": 1. "format": "string". "value": "Name(import$std/core/hnd)"}')
debug_merge_point(0, 0, '785<std_core_hnd.rpyeffect:484([mcore:[#717]#1300])>+1: {"op": "PrimOp". "name": "getGlobal(String): Ptr". "out": {"num": []. "ptr": [1]}. "in": {"num": []. "ptr": [1]}}')
debug_merge_point(0, 0, '785<std_core_hnd.rpyeffect:484([mcore:[#717]#1300])>+2: {"op": "CallLib". "lib": "1". "symbol": "setCurrentEvv"}')
debug_merge_point(0, 0, '302<std_core_hnd.rpyeffect:1(Name(setCurrentEvv))>+0: {"op": "Const". "type": "ptr". "out": 1. "format": "string". "value": "current-evv"}')
debug_merge_point(0, 0, '302<std_core_hnd.rpyeffect:1(Name(setCurrentEvv))>+1: {"op": "PrimOp". "name": "getGlobal(String): Ptr". "out": {"num": []. "ptr": [1]}. "in": {"num": []. "ptr": [1]}}')
debug_merge_point(0, 0, '302<std_core_hnd.rpyeffect:1(Name(setCurrentEvv))>+2: {"op": "PrimOp". "name": "setRef(Ref[Ptr]. Ptr): Unit". "out": {"num": []. "ptr": [0]}. "in": {"num": []. "ptr": [1. 0]}}')
debug_merge_point(0, 0, '302<std_core_hnd.rpyeffect:1(Name(setCurrentEvv))>+3: {"op": "Return". "args": {"num": []. "ptr": [0]}}')
debug_merge_point(0, 0, '800<std_core_hnd.rpyeffect:499([k@[k@[k@[mcore:[#725]#1309]#1314]#1316]#1321])>+0: {"op": "Const". "type": "num". "out": 1. "value": 0}')
debug_merge_point(0, 0, '800<std_core_hnd.rpyeffect:499([k@[k@[k@[mcore:[#725]#1309]#1314]#1316]#1321])>+1: {"op": "Copy". "type": "ptr". "from": 1. "to". 0}')
debug_merge_point(0, 0, '800<std_core_hnd.rpyeffect:499([k@[k@[k@[mcore:[#725]#1309]#1314]#1316]#1321])>+2: {"op": "Switch". "scrutinee": 1. "values": [1]. "targets": [796]. "default": 799}')
debug_merge_point(0, 0, '799<std_core_hnd.rpyeffect:498([switch default case#1364])>+0: {"op": "Const". "type": "num". "out": 0. "value": 0}')
debug_merge_point(0, 0, '799<std_core_hnd.rpyeffect:498([switch default case#1364])>+1: {"op": "Switch". "scrutinee": 0. "values": [0]. "targets": [797]. "default": 798}')
debug_merge_point(0, 0, '797<std_core_hnd.rpyeffect:496([switch case for 0#1366])>+0: {"op": "Return". "args": {"num": []. "ptr": [0]}}')
+1664: i163 = getfield_gc_i(p160, descr=<FieldS rpyeffect.stored_environment.Stack__1_0.inst_values_num_0 40 pure>)
+1668: p164 = getfield_gc_r(p160, descr=<FieldP rpyeffect.stored_environment.Stack__arb_arb.inst_tail 8 pure>)
debug_merge_point(0, 0, '5098<main.rpyeffect:101([k@[switch case for 0#321]#345])>+0: {"op": "PrimOp". "name": "unbox(Ptr): Num". "out": {"num": [1]. "ptr": []}. "in": {"num": []. "ptr": [0]}}')
debug_merge_point(0, 0, '5098<main.rpyeffect:101([k@[switch case for 0#321]#345])>+1: {"op": "Swap". "type": "num". "a": 0. "b". 1}')
debug_merge_point(0, 0, '5098<main.rpyeffect:101([k@[switch case for 0#321]#345])>+2: {"op": "Switch". "scrutinee": 0. "values": [1]. "targets": [5093]. "default": 5097}')
+1736: setfield_gc(ConstPtr(ptr165), p159, descr=<FieldP rpyeffect.region.PtrRef.inst_value 8>)
+1740: guard_nonnull(p164, descr=<Guard0x128561d00>) [p2, i163, i10, i12, i14, i16, i18, i20, i22, i24, i26, i28, i30, i32, i34, i36, p95, p49, p51, p53, p55, p57, p59, p61, p63, p65, p67, p69, p144, p164, p131, p124, p123, p143, p141]
+1748: i166 = getfield_gc_i(p164, descr=<FieldS rpyeffect.stored_environment.Stack__arb_arb.inst_target 16 pure>)
+1752: guard_value(i166, 5127, descr=<Guard0x12851f620>) [p2, i163, i10, i12, i14, i16, i18, i20, i22, i24, i26, i28, i30, i32, i34, i36, p95, p49, p51, p53, p55, p57, p59, p61, p63, p65, p67, p69, p144, p164, p131, p124, p123, p143, p141]
debug_merge_point(0, 0, '5097<main.rpyeffect:100([switch default case#352])>+0: {"op": "Swap". "type": "num". "a": 0. "b". 1}')
debug_merge_point(0, 0, '5097<main.rpyeffect:100([switch default case#352])>+1: {"op": "Switch". "scrutinee": 1. "values": [0]. "targets": [5095]. "default": 5096}')
debug_merge_point(0, 0, '5095<main.rpyeffect:98([switch case for 0#353])>+0: {"op": "Const". "type": "num". "out": 1. "value": 1}')
debug_merge_point(0, 0, '5095<main.rpyeffect:98([switch case for 0#353])>+1: {"op": "PrimOp". "name": "infixSub(Int. Int): Int". "out": {"num": [0]. "ptr": []}. "in": {"num": [0. 1]. "ptr": []}}')
+1764: i169 = int_sub(i163, 1)
debug_merge_point(0, 0, '5095<main.rpyeffect:98([switch case for 0#353])>+2: {"op": "Const". "type": "ptr". "out": 0. "format": "string". "value": "Name(import$std/core/hnd)"}')
debug_merge_point(0, 0, '5095<main.rpyeffect:98([switch case for 0#353])>+3: {"op": "PrimOp". "name": "getGlobal(String): Ptr". "out": {"num": []. "ptr": [0]}. "in": {"num": []. "ptr": [0]}}')
debug_merge_point(0, 0, '5095<main.rpyeffect:98([switch case for 0#353])>+4: {"op": "Jump". "target": 5102}')
debug_merge_point(0, 0, '5102<main.rpyeffect:105([mcore:[#227]#285])>+0: {"op": "Const". "type": "num". "out": 1. "value": 1}')
debug_merge_point(0, 0, '5102<main.rpyeffect:105([mcore:[#227]#285])>+1: {"op": "PrimOp". "name": "infixLt(Int. Int): Boolean". "out": {"num": [1]. "ptr": []}. "in": {"num": [0. 1]. "ptr": []}}')
+1768: i171 = int_lt(i169, 1)
guard_false(i171, descr=<Guard0x12851f660>) [p2, i163, i10, i12, i14, i16, i18, i20, i22, i24, i26, i28, i30, i32, i34, i36, p95, p49, p51, p53, p55, p57, p59, p61, p63, p65, p67, p69, p144, p164, p131, p124, p123, p143, p141]
debug_merge_point(0, 0, '5102<main.rpyeffect:105([mcore:[#227]#285])>+2: {"op": "Switch". "scrutinee": 1. "values": [1]. "targets": [5087]. "default": 5101}')
debug_merge_point(0, 0, '5101<main.rpyeffect:104([switch default case#317])>+0: {"op": "Const". "type": "num". "out": 1. "value": 1}')
debug_merge_point(0, 0, '5101<main.rpyeffect:104([switch default case#317])>+1: {"op": "PrimOp". "name": "infixLt(Int. Int): Boolean". "out": {"num": [1]. "ptr": []}. "in": {"num": [0. 1]. "ptr": []}}')
debug_merge_point(0, 0, '5101<main.rpyeffect:104([switch default case#317])>+2: {"op": "Switch". "scrutinee": 1. "values": [0]. "targets": [5099]. "default": 5100}')
debug_merge_point(0, 0, '5099<main.rpyeffect:102([switch case for 0#321])>+0: {"op": "Const". "type": "num". "out": 1. "value": 1}')
debug_merge_point(0, 0, '5099<main.rpyeffect:102([switch case for 0#321])>+1: {"op": "New". "out": 0. "targets": [5089. 5091]. "args": {"num": []. "ptr": []}}')
debug_merge_point(0, 0, '5099<main.rpyeffect:102([switch case for 0#321])>+2: {"op": "Const". "type": "ptr". "out": 1. "format": "string". "value": "Name(import$std/core/hnd)"}')
debug_merge_point(0, 0, '5099<main.rpyeffect:102([switch case for 0#321])>+3: {"op": "PrimOp". "name": "getGlobal(String): Ptr". "out": {"num": []. "ptr": [1]}. "in": {"num": []. "ptr": [1]}}')
debug_merge_point(0, 0, '5099<main.rpyeffect:102([switch case for 0#321])>+4: {"op": "Push". "target": 5098. "args": {"num": [0]. "ptr": []}}')
debug_merge_point(0, 0, '5099<main.rpyeffect:102([switch case for 0#321])>+5: {"op": "Copy". "type": "num". "from": 1. "to". 0}')
debug_merge_point(0, 0, '5099<main.rpyeffect:102([switch case for 0#321])>+6: {"op": "Jump". "target": 5067}')
debug_merge_point(0, 0, '5067<main.rpyeffect:70([mcore:[#210]#231])>+0: {"op": "Const". "type": "ptr". "out": 1. "format": "string". "value": "Name(import$std/core/hnd)"}')
debug_merge_point(0, 0, '5067<main.rpyeffect:70([mcore:[#210]#231])>+1: {"op": "PrimOp". "name": "getGlobal(String): Ptr". "out": {"num": []. "ptr": [1]}. "in": {"num": []. "ptr": [1]}}')
debug_merge_point(0, 0, '5067<main.rpyeffect:70([mcore:[#210]#231])>+2: {"op": "CallLib". "lib": "1". "symbol": "std/core/hnd/@open-at0"}')
debug_merge_point(0, 0, '803<std_core_hnd.rpyeffect:502([mcore:[#725]#1309])>+0: {"op": "Const". "type": "ptr". "out": 1. "format": "string". "value": "Name(import$std/core/hnd)"}')
debug_merge_point(0, 0, '803<std_core_hnd.rpyeffect:502([mcore:[#725]#1309])>+1: {"op": "PrimOp". "name": "getGlobal(String): Ptr". "out": {"num": []. "ptr": [1]}. "in": {"num": []. "ptr": [1]}}')
debug_merge_point(0, 0, '803<std_core_hnd.rpyeffect:502([mcore:[#725]#1309])>+2: {"op": "Push". "target": 802. "args": {"num": [0]. "ptr": [0]}}')
debug_merge_point(0, 0, '803<std_core_hnd.rpyeffect:502([mcore:[#725]#1309])>+3: {"op": "Copy". "type": "ptr". "from": 1. "to". 0}')
debug_merge_point(0, 0, '803<std_core_hnd.rpyeffect:502([mcore:[#725]#1309])>+4: {"op": "Jump". "target": 784}')
debug_merge_point(0, 0, '784<std_core_hnd.rpyeffect:483([mcore:[#715]#1295])>+0: {"op": "Const". "type": "ptr". "out": 0. "format": "string". "value": "Name(import$std/core/hnd)"}')
+1776: p172 = new_with_vtable(descr=<SizeDescr 56>)
+1884: p173 = new_with_vtable(descr=<SizeDescr 48>)
+1896: setfield_gc(p173, p164, descr=<FieldP rpyeffect.stored_environment.Stack__arb_arb.inst_tail 8 pure>)
+1900: setfield_gc(p173, 5098, descr=<FieldS rpyeffect.stored_environment.Stack__arb_arb.inst_target 16 pure>)
+1908: setfield_gc(p173, i169, descr=<FieldS rpyeffect.stored_environment.Stack__1_0.inst_values_num_0 40 pure>)
+1912: p175 = new_with_vtable(descr=<SizeDescr 32>)
+1928: setfield_gc(p175, ConstPtr(ptr176), descr=<FieldP rpyeffect.stored_environment.CoData__arb_arb.inst_vtable 24 pure>)
+1932: p177 = new_with_vtable(descr=<SizeDescr 40>)
+1944: p178 = new_with_vtable(descr=<SizeDescr 40>)
+1956: p179 = new_with_vtable(descr=<SizeDescr 40>)
+1968: p180 = new_with_vtable(descr=<SizeDescr 48>)
+1980: setfield_gc(p180, p131, descr=<FieldP rpyeffect.stored_environment.Stack__arb_arb.inst_tail 8 pure>)
+1984: setfield_gc(p180, 5134, descr=<FieldS rpyeffect.stored_environment.Stack__arb_arb.inst_target 16 pure>)
+1992: setfield_gc(p180, 0, descr=<FieldS rpyeffect.stored_environment.Stack__1_0.inst_values_num_0 40 pure>)
+2000: setfield_gc(p179, p180, descr=<FieldP rpyeffect.stored_environment.Stack__arb_arb.inst_tail 8 pure>)
+2004: setfield_gc(p179, 505, descr=<FieldS rpyeffect.stored_environment.Stack__arb_arb.inst_target 16 pure>)
+2012: setfield_gc(p178, p179, descr=<FieldP rpyeffect.stack.MetaStackLike.inst_stack 8 pure>)
+2016: setfield_gc(p178, p123, descr=<FieldP rpyeffect.stack.MetaStack.inst_label 16 pure>)
+2020: setfield_gc(p178, ConstPtr(null), descr=<FieldP rpyeffect.stack.MetaStack.inst_region 24 pure>)
+2028: setfield_gc(p178, p124, descr=<FieldP rpyeffect.stack.MetaStack.inst_tail 32 pure>)
+2032: setfield_gc(p172, 802, descr=<FieldS rpyeffect.stored_environment.Stack__arb_arb.inst_target 16 pure>)
+2040: setfield_gc(p172, 1, descr=<FieldS rpyeffect.stored_environment.Stack__1_1.inst_values_num_0 40 pure>)
+2048: setfield_gc(p172, p175, descr=<FieldP rpyeffect.stored_environment.Stack__1_1.inst_values_ptr_0 48 pure>)
+2052: setfield_gc(p172, p173, descr=<FieldP rpyeffect.stored_environment.Stack__arb_arb.inst_tail 8 pure>)
+2056: setfield_gc(p177, p141, descr=<FieldP rpyeffect.stack.MetaStackLike.inst_stack 8 pure>)
+2060: setfield_gc(p177, p143, descr=<FieldP rpyeffect.stack.MetaStack.inst_label 16 pure>)
+2068: setfield_gc(p177, p178, descr=<FieldP rpyeffect.stack.MetaStack.inst_tail 32 pure>)
+2072: setfield_gc(p177, ConstPtr(null), descr=<FieldP rpyeffect.stack.MetaStack.inst_region 24 pure>)
+2164: jump(p144, p172, p2, p177, 1, 1, i10, i12, i14, i16, i18, i20, i22, i24, i26, i28, i30, i32, i34, i36, ConstPtr(ptr188), ConstPtr(ptr188), ConstPtr(ptr189), ConstPtr(ptr190), p95, p49, p51, p53, p55, p57, p59, p61, p63, p65, p67, p69, descr=TargetToken(4971073632))
+2492: --end of the loop--
[85835a1] jit-log-opt-loop}
[87d003f] {jit-log-opt-bridge
# bridge out of Guard 0x1284bdb60 with 348 ops
[p0, i1, i2, i3, i4, i5, i6, i7, i8, i9, i10, i11, i12, i13, i14, i15, i16, p17, p18, p19, p20, p21, p22, p23, p24, p25, p26, p27, p28, p29, p30, p31, p32, p33, p34, p35]
+504: guard_not_invalidated(descr=<Guard0x12858c1d8>) [p0, i1, i2, i3, i4, i5, i6, i7, i8, i9, i10, i11, i12, i13, i14, i15, i16, p17, p18, p19, p20, p21, p22, p23, p24, p25, p26, p27, p28, p29, p30, p31, p32, p33, p34, p35]
debug_merge_point(0, 0, '784<std_core_hnd.rpyeffect:483([mcore:[#715]#1295])>+1: {"op": "PrimOp". "name": "getGlobal(String): Ptr". "out": {"num": []. "ptr": [0]}. "in": {"num": []. "ptr": [0]}}')
debug_merge_point(0, 0, '784<std_core_hnd.rpyeffect:483([mcore:[#715]#1295])>+2: {"op": "CallLib". "lib": "0". "symbol": "evvSwapCreate1"}')
+508: guard_nonnull(p34, descr=<Guard0x12857d420>) [p0, i1, i2, i3, i4, i5, i6, i7, i8, i9, i10, i11, i12, i13, i14, i15, i16, p17, p18, p19, p20, p21, p22, p23, p24, p25, p26, p27, p28, p29, p30, p31, p32, p33, p34, p35]
+516: i36 = getfield_gc_i(p34, descr=<FieldS rpyeffect.stored_environment.Stack__arb_arb.inst_target 16 pure>)
+520: guard_value(i36, 802, descr=<Guard0x12857d460>) [p0, i1, i2, i3, i4, i5, i6, i7, i8, i9, i10, i11, i12, i13, i14, i15, i16, p17, p18, p19, p20, p21, p22, p23, p24, p25, p26, p27, p28, p29, p30, p31, p32, p33, p34, p35]
debug_merge_point(0, 0, '307<std_core_hnd.rpyeffect:6(Name(evvSwapCreate1))>+0: {"op": "Construct". "out": 0. "type": Interned(evv). "tag": Interned(nil). "args": {"num": []. "ptr": []}}')
debug_merge_point(0, 0, '307<std_core_hnd.rpyeffect:6(Name(evvSwapCreate1))>+1: {"op": "Push". "target": 306. "args": {"num": [0]. "ptr": [0]}}')
debug_merge_point(0, 0, '307<std_core_hnd.rpyeffect:6(Name(evvSwapCreate1))>+2: {"op": "Jump". "target": 301}')
debug_merge_point(0, 0, '301<std_core_hnd.rpyeffect:0(Name(getCurrentEvv))>+0: {"op": "Const". "type": "ptr". "out": 0. "format": "string". "value": "current-evv"}')
debug_merge_point(0, 0, '301<std_core_hnd.rpyeffect:0(Name(getCurrentEvv))>+1: {"op": "PrimOp". "name": "getGlobal(String): Ptr". "out": {"num": []. "ptr": [0]}. "in": {"num": []. "ptr": [0]}}')
debug_merge_point(0, 0, '301<std_core_hnd.rpyeffect:0(Name(getCurrentEvv))>+2: {"op": "PrimOp". "name": "getRef(Ref[Ptr]): Ptr". "out": {"num": []. "ptr": [0]}. "in": {"num": []. "ptr": [0]}}')
+536: p39 = getfield_gc_r(ConstPtr(ptr38), descr=<FieldP rpyeffect.region.PtrRef.inst_value 8>)
debug_merge_point(0, 0, '301<std_core_hnd.rpyeffect:0(Name(getCurrentEvv))>+3: {"op": "Return". "args": {"num": []. "ptr": [0]}}')
debug_merge_point(0, 0, '306<std_core_hnd.rpyeffect:5([k@Name(evvSwapCreate1)#21])>+0: {"op": "Push". "target": 305. "args": {"num": []. "ptr": [0. 1]}}')
debug_merge_point(0, 0, '306<std_core_hnd.rpyeffect:5([k@Name(evvSwapCreate1)#21])>+1: {"op": "Jump". "target": 331}')
debug_merge_point(0, 0, '331<std_core_hnd.rpyeffect:30(Name(elt))>+0: {"op": "Switch". "scrutinee": 0. "values": [0]. "targets": [329]. "default": 330}')
+540: i41 = int_eq(i1, 0)
guard_true(i41, descr=<Guard0x12857d4a0>) [p0, i1, i2, i3, i4, i5, i6, i7, i8, i9, i10, i11, i12, i13, i14, i15, i16, p17, p18, p19, p20, p21, p22, p23, p24, p25, p26, p27, p28, p29, p30, p31, p32, p33, p34, p35]
debug_merge_point(0, 0, '329<std_core_hnd.rpyeffect:28([switch case for 0#86])>+0: {"op": "Proj". "out": 0. "type": Interned(evv). "scrutinee": 0. "tag": Interned(cons). "field": 0. "field_type": "ptr"}')
+548: p42 = getfield_gc_r(p39, descr=<FieldP rpyeffect.stored_environment.Data__arb_arb.inst_tag 8>)
+556: guard_value(p42, ConstPtr(ptr43), descr=<Guard0x12857d4e0>) [p0, i1, i2, i3, i4, i5, i6, i7, i8, i9, i10, i11, i12, i13, i14, i15, i16, p17, p18, p19, p20, p21, p22, p23, p24, p25, p26, p27, p28, p29, p30, p31, p32, p33, p34, p35]
+564: guard_class(p39, ConstClass(Data__0_2), descr=<Guard0x12857d520>) [p0, i1, i2, i3, i4, i5, i6, i7, i8, i9, i10, i11, i12, i13, i14, i15, i16, p17, p18, p19, p20, p21, p22, p23, p24, p25, p26, p27, p28, p29, p30, p31, p32, p33, p34, p35]
+580: p45 = getfield_gc_r(p39, descr=<FieldP rpyeffect.stored_environment.Data__0_2.inst_values_ptr_0 32 pure>)
debug_merge_point(0, 0, '329<std_core_hnd.rpyeffect:28([switch case for 0#86])>+1: {"op": "Return". "args": {"num": []. "ptr": [0]}}')
debug_merge_point(0, 0, '305<std_core_hnd.rpyeffect:4([k@[k@Name(evvSwapCreate1)#21]#23])>+0: {"op": "Construct". "out": 0. "type": Interned(evv). "tag": Interned(cons). "args": {"num": []. "ptr": [0. 2]}}')
debug_merge_point(0, 0, '305<std_core_hnd.rpyeffect:4([k@[k@Name(evvSwapCreate1)#21]#23])>+1: {"op": "Push". "target": 304. "args": {"num": []. "ptr": [1]}}')
debug_merge_point(0, 0, '305<std_core_hnd.rpyeffect:4([k@[k@Name(evvSwapCreate1)#21]#23])>+2: {"op": "Jump". "target": 302}')
debug_merge_point(0, 0, '302<std_core_hnd.rpyeffect:1(Name(setCurrentEvv))>+0: {"op": "Const". "type": "ptr". "out": 1. "format": "string". "value": "current-evv"}')
debug_merge_point(0, 0, '302<std_core_hnd.rpyeffect:1(Name(setCurrentEvv))>+1: {"op": "PrimOp". "name": "getGlobal(String): Ptr". "out": {"num": []. "ptr": [1]}. "in": {"num": []. "ptr": [1]}}')
debug_merge_point(0, 0, '302<std_core_hnd.rpyeffect:1(Name(setCurrentEvv))>+2: {"op": "PrimOp". "name": "setRef(Ref[Ptr]. Ptr): Unit". "out": {"num": []. "ptr": [0]}. "in": {"num": []. "ptr": [1. 0]}}')
debug_merge_point(0, 0, '302<std_core_hnd.rpyeffect:1(Name(setCurrentEvv))>+3: {"op": "Return". "args": {"num": []. "ptr": [0]}}')
debug_merge_point(0, 0, '304<std_core_hnd.rpyeffect:3([k@[k@[k@Name(evvSwapCreate1)#21]#23]#26])>+0: {"op": "Copy". "type": "ptr". "from": 1. "to". 0}')
debug_merge_point(0, 0, '304<std_core_hnd.rpyeffect:3([k@[k@[k@Name(evvSwapCreate1)#21]#23]#26])>+1: {"op": "Return". "args": {"num": []. "ptr": [0]}}')
+584: i46 = getfield_gc_i(p34, descr=<FieldS rpyeffect.stored_environment.Stack__1_1.inst_values_num_0 40 pure>)
+584: p47 = getfield_gc_r(p34, descr=<FieldP rpyeffect.stored_environment.Stack__1_1.inst_values_ptr_0 48 pure>)
+588: p48 = getfield_gc_r(p34, descr=<FieldP rpyeffect.stored_environment.Stack__arb_arb.inst_tail 8 pure>)
debug_merge_point(0, 0, '802<std_core_hnd.rpyeffect:501([k@[mcore:[#725]#1309]#1314])>+0: {"op": "Push". "target": 801. "args": {"num": [0]. "ptr": [0]}}')
debug_merge_point(0, 0, '802<std_core_hnd.rpyeffect:501([k@[mcore:[#725]#1309]#1314])>+1: {"op": "Invoke". "receiver": 1. "tag": Interned(%apply():p). "args" : {"num": []. "ptr": []}}')
+588: p49 = getfield_gc_r(p47, descr=<FieldP rpyeffect.stored_environment.CoData__arb_arb.inst_vtable 24 pure>)
+596: guard_value(p49, ConstPtr(ptr50), descr=<Guard0x12857d560>) [p0, i1, i2, i3, i4, i5, i6, i7, i8, i9, i10, i11, i12, i13, i14, i15, i16, p17, p18, p19, p20, p21, p22, p23, p24, p25, p26, p27, p28, p29, p30, p31, p32, p33, p34, p35]
debug_merge_point(0, 0, '5122<main.rpyeffect:125([#467])>+0: {"op": "Const". "type": "ptr". "out": 0. "format": "string". "value": "Name(import$std/core/hnd)"}')
debug_merge_point(0, 0, '5122<main.rpyeffect:125([#467])>+1: {"op": "PrimOp". "name": "getGlobal(String): Ptr". "out": {"num": []. "ptr": [0]}. "in": {"num": []. "ptr": [0]}}')
debug_merge_point(0, 0, '5122<main.rpyeffect:125([#467])>+2: {"op": "Jump". "target": 5118}')
debug_merge_point(0, 0, '5118<main.rpyeffect:121([mcore:[#254]#392])>+0: {"op": "Const". "type": "num". "out": 0. "value": 0}')
debug_merge_point(0, 0, '5118<main.rpyeffect:121([mcore:[#254]#392])>+1: {"op": "Const". "type": "ptr". "out": 0. "format": "string". "value": "Name(import$std/core/hnd)"}')
debug_merge_point(0, 0, '5118<main.rpyeffect:121([mcore:[#254]#392])>+2: {"op": "PrimOp". "name": "getGlobal(String): Ptr". "out": {"num": []. "ptr": [0]}. "in": {"num": []. "ptr": [0]}}')
debug_merge_point(0, 0, '5118<main.rpyeffect:121([mcore:[#254]#392])>+3: {"op": "Push". "target": 5117. "args": {"num": [0]. "ptr": []}}')
debug_merge_point(0, 0, '5118<main.rpyeffect:121([mcore:[#254]#392])>+4: {"op": "Jump". "target": 5106}')
debug_merge_point(0, 0, '5106<main.rpyeffect:109([mcore:[#247]#388])>+0: {"op": "Const". "type": "ptr". "out": 0. "format": "string". "value": "Name(import$std/core/hnd)"}')
debug_merge_point(0, 0, '5106<main.rpyeffect:109([mcore:[#247]#388])>+1: {"op": "PrimOp". "name": "getGlobal(String): Ptr". "out": {"num": []. "ptr": [0]}. "in": {"num": []. "ptr": [0]}}')
debug_merge_point(0, 0, '5106<main.rpyeffect:109([mcore:[#247]#388])>+2: {"op": "CallLib". "lib": "0". "symbol": "getCurrentEvv"}')
debug_merge_point(0, 0, '301<std_core_hnd.rpyeffect:0(Name(getCurrentEvv))>+0: {"op": "Const". "type": "ptr". "out": 0. "format": "string". "value": "current-evv"}')
debug_merge_point(0, 0, '301<std_core_hnd.rpyeffect:0(Name(getCurrentEvv))>+1: {"op": "PrimOp". "name": "getGlobal(String): Ptr". "out": {"num": []. "ptr": [0]}. "in": {"num": []. "ptr": [0]}}')
debug_merge_point(0, 0, '301<std_core_hnd.rpyeffect:0(Name(getCurrentEvv))>+2: {"op": "PrimOp". "name": "getRef(Ref[Ptr]): Ptr". "out": {"num": []. "ptr": [0]}. "in": {"num": []. "ptr": [0]}}')
debug_merge_point(0, 0, '301<std_core_hnd.rpyeffect:0(Name(getCurrentEvv))>+3: {"op": "Return". "args": {"num": []. "ptr": [0]}}')
debug_merge_point(0, 0, '5117<main.rpyeffect:120([k@[mcore:[#254]#392]#398])>+0: {"op": "PrimOp". "name": "promote_ptr". "out": {"num": []. "ptr": [0]}. "in": {"num": []. "ptr": [0]}}')
debug_merge_point(0, 0, '5117<main.rpyeffect:120([k@[mcore:[#254]#392]#398])>+1: {"op": "Const". "type": "ptr". "out": 1. "format": "string". "value": "Name(import$std/core/hnd)"}')
debug_merge_point(0, 0, '5117<main.rpyeffect:120([k@[mcore:[#254]#392]#398])>+2: {"op": "PrimOp". "name": "getGlobal(String): Ptr". "out": {"num": []. "ptr": [1]}. "in": {"num": []. "ptr": [1]}}')
debug_merge_point(0, 0, '5117<main.rpyeffect:120([k@[mcore:[#254]#392]#398])>+3: {"op": "Push". "target": 5116. "args": {"num": []. "ptr": []}}')
debug_merge_point(0, 0, '5117<main.rpyeffect:120([k@[mcore:[#254]#392]#398])>+4: {"op": "Jump". "target": 5105}')
debug_merge_point(0, 0, '5105<main.rpyeffect:108([mcore:[#246]#382])>+0: {"op": "Const". "type": "ptr". "out": 1. "format": "string". "value": "Name(import$std/core/hnd)"}')
debug_merge_point(0, 0, '5105<main.rpyeffect:108([mcore:[#246]#382])>+1: {"op": "PrimOp". "name": "getGlobal(String): Ptr". "out": {"num": []. "ptr": [1]}. "in": {"num": []. "ptr": [1]}}')
debug_merge_point(0, 0, '5105<main.rpyeffect:108([mcore:[#246]#382])>+2: {"op": "CallLib". "lib": "1". "symbol": "elt"}')
debug_merge_point(0, 0, '331<std_core_hnd.rpyeffect:30(Name(elt))>+0: {"op": "Switch". "scrutinee": 0. "values": [0]. "targets": [329]. "default": 330}')
debug_merge_point(0, 0, '329<std_core_hnd.rpyeffect:28([switch case for 0#86])>+0: {"op": "Proj". "out": 0. "type": Interned(evv). "scrutinee": 0. "tag": Interned(cons). "field": 0. "field_type": "ptr"}')
debug_merge_point(0, 0, '329<std_core_hnd.rpyeffect:28([switch case for 0#86])>+1: {"op": "Return". "args": {"num": []. "ptr": [0]}}')
debug_merge_point(0, 0, '5116<main.rpyeffect:119([k@[k@[mcore:[#254]#392]#398]#406])>+0: {"op": "Match". "type": Interned(std/core/hnd/ev). "scrutinee": 0. "clauses": [{"tag": Interned(std/core/hnd/Ev). "target": 5115. "args": {"num": []. "ptr": [1. 2. 3. 4]}}]. "default": {"tag": Interned(0ebd4aad-cbef-458e-b7ce-546cf0866444#[Missing Tag#1215]). "target": 5107. "args": {"num": []. "ptr": []}}}')
+604: p51 = getfield_gc_r(p45, descr=<FieldP rpyeffect.stored_environment.Data__arb_arb.inst_tag 8>)
+612: guard_value(p51, ConstPtr(ptr52), descr=<Guard0x12857d5a0>) [p0, i1, i2, i3, i4, i5, i6, i7, i8, i9, i10, i11, i12, i13, i14, i15, i16, p17, p18, p19, p20, p21, p22, p23, p24, p25, p26, p27, p28, p29, p30, p31, p32, p33, p34, p35]
+620: p53 = getfield_gc_r(p45, descr=<FieldP rpyeffect.stored_environment.Data__arb_arb.inst_values_ptr 24 pure>)
+624: p55 = getarrayitem_gc_pure_r(p53, 0, descr=<ArrayP 8>)
+624: p57 = getarrayitem_gc_pure_r(p53, 1, descr=<ArrayP 8>)
+628: p59 = getarrayitem_gc_pure_r(p53, 2, descr=<ArrayP 8>)
+632: p61 = getarrayitem_gc_pure_r(p53, 3, descr=<ArrayP 8>)
debug_merge_point(0, 0, '5115<main.rpyeffect:118([#408])>+0: {"op": "Copy". "type": "ptr". "from": 0. "to". 1}')
debug_merge_point(0, 0, '5115<main.rpyeffect:118([#408])>+1: {"op": "Copy". "type": "ptr". "from": 2. "to". 0}')
debug_merge_point(0, 0, '5115<main.rpyeffect:118([#408])>+2: {"op": "Match". "type": Interned(main/fail). "scrutinee": 3. "clauses": [{"tag": Interned(main/@Hnd-fail). "target": 5114. "args": {"num": [0]. "ptr": [2]}}]. "default": {"tag": Interned(0ebd4aad-cbef-458e-b7ce-546cf0866444#[Missing Tag#1214]). "target": 5109. "args": {"num": []. "ptr": []}}}')
+636: p62 = getfield_gc_r(p59, descr=<FieldP rpyeffect.stored_environment.Data__arb_arb.inst_tag 8>)
+644: guard_value(p62, ConstPtr(ptr63), descr=<Guard0x12857d5e0>) [p0, i1, i2, i3, i4, i5, i6, i7, i8, i9, i10, i11, i12, i13, i14, i15, i16, p17, p18, p19, p20, p21, p22, p23, p24, p25, p26, p27, p28, p29, p30, p31, p32, p33, p34, p35]
+652: i64 = getfield_gc_i(p59, descr=<FieldS rpyeffect.stored_environment.Data__1_1.inst_values_num_0 32 pure>)
+652: p65 = getfield_gc_r(p59, descr=<FieldP rpyeffect.stored_environment.Data__1_1.inst_values_ptr_0 40 pure>)
debug_merge_point(0, 0, '5114<main.rpyeffect:117([match_main/@Hnd-fail@[#408]#413])>+0: {"op": "Match". "type": Interned(std/core/hnd/clause0). "scrutinee": 2. "clauses": [{"tag": Interned(std/core/hnd/Clause0). "target": 5113. "args": {"num": []. "ptr": [2]}}]. "default": {"tag": Interned(0ebd4aad-cbef-458e-b7ce-546cf0866444#[Missing Tag#1213]). "target": 5111. "args": {"num": []. "ptr": []}}}')
+656: p66 = getfield_gc_r(p65, descr=<FieldP rpyeffect.stored_environment.Data__arb_arb.inst_tag 8>)
+664: guard_value(p66, ConstPtr(ptr67), descr=<Guard0x12857d620>) [p0, i1, i2, i3, i4, i5, i6, i7, i8, i9, i10, i11, i12, i13, i14, i15, i16, p17, p18, p19, p20, p21, p22, p23, p24, p25, p26, p27, p28, p29, p30, p31, p32, p33, p34, p35]
+672: p68 = getfield_gc_r(p65, descr=<FieldP rpyeffect.stored_environment.Data__0_1.inst_values_ptr_0 32 pure>)
debug_merge_point(0, 0, '5113<main.rpyeffect:116([#418])>+0: {"op": "Invoke". "receiver": 2. "tag": Interned(%apply(pp):p). "args" : {"num": []. "ptr": [0. 1]}}')
+676: p69 = getfield_gc_r(p68, descr=<FieldP rpyeffect.stored_environment.CoData__arb_arb.inst_vtable 24 pure>)
+684: guard_value(p69, ConstPtr(ptr70), descr=<Guard0x12857d660>) [p0, i1, i2, i3, i4, i5, i6, i7, i8, i9, i10, i11, i12, i13, i14, i15, i16, p17, p18, p19, p20, p21, p22, p23, p24, p25, p26, p27, p28, p29, p30, p31, p32, p33, p34, p35]
debug_merge_point(0, 0, '5174<main.rpyeffect:177([method_%apply(pp):p@[mcore:[#325]#676]#683])>+0: {"op": "Const". "type": "ptr". "out": 2. "format": "string". "value": "Name(import$std/core/hnd)"}')
debug_merge_point(0, 0, '5174<main.rpyeffect:177([method_%apply(pp):p@[mcore:[#325]#676]#683])>+1: {"op": "PrimOp". "name": "getGlobal(String): Ptr". "out": {"num": []. "ptr": [2]}. "in": {"num": []. "ptr": [2]}}')
debug_merge_point(0, 0, '5174<main.rpyeffect:177([method_%apply(pp):p@[mcore:[#325]#676]#683])>+2: {"op": "Jump". "target": 5161}')
debug_merge_point(0, 0, '5161<main.rpyeffect:164([mcore:[#301]#597])>+0: {"op": "New". "out": 1. "targets": [5158. 5160]. "args": {"num": []. "ptr": []}}')
debug_merge_point(0, 0, '5161<main.rpyeffect:164([mcore:[#301]#597])>+1: {"op": "Const". "type": "ptr". "out": 2. "format": "string". "value": "Name(import$std/core/hnd)"}')
debug_merge_point(0, 0, '5161<main.rpyeffect:164([mcore:[#301]#597])>+2: {"op": "PrimOp". "name": "getGlobal(String): Ptr". "out": {"num": []. "ptr": [2]}. "in": {"num": []. "ptr": [2]}}')
debug_merge_point(0, 0, '5161<main.rpyeffect:164([mcore:[#301]#597])>+3: {"op": "Jump". "target": 5149}')
debug_merge_point(0, 0, '5149<main.rpyeffect:152([mcore:[#290]#561])>+0: {"op": "Const". "type": "ptr". "out": 2. "format": "string". "value": "Name(import$std/core/hnd)"}')
debug_merge_point(0, 0, '5149<main.rpyeffect:152([mcore:[#290]#561])>+1: {"op": "PrimOp". "name": "getGlobal(String): Ptr". "out": {"num": []. "ptr": [2]}. "in": {"num": []. "ptr": [2]}}')
debug_merge_point(0, 0, '5149<main.rpyeffect:152([mcore:[#290]#561])>+2: {"op": "CallLib". "lib": "2". "symbol": "std/core/hnd/yield-to"}')
debug_merge_point(0, 0, '1022<std_core_hnd.rpyeffect:721([mcore:[#893]#2108])>+0: {"op": "Push". "target": 1021. "args": {"num": []. "ptr": [1. 0]}}')
debug_merge_point(0, 0, '1022<std_core_hnd.rpyeffect:721([mcore:[#893]#2108])>+1: {"op": "Jump". "target": 509}')
debug_merge_point(0, 0, '509<std_core_hnd.rpyeffect:208([mcore:[#471]#472])>+0: {"op": "Jump". "target": 301}')
debug_merge_point(0, 0, '301<std_core_hnd.rpyeffect:0(Name(getCurrentEvv))>+0: {"op": "Const". "type": "ptr". "out": 0. "format": "string". "value": "current-evv"}')
debug_merge_point(0, 0, '301<std_core_hnd.rpyeffect:0(Name(getCurrentEvv))>+1: {"op": "PrimOp". "name": "getGlobal(String): Ptr". "out": {"num": []. "ptr": [0]}. "in": {"num": []. "ptr": [0]}}')
debug_merge_point(0, 0, '301<std_core_hnd.rpyeffect:0(Name(getCurrentEvv))>+2: {"op": "PrimOp". "name": "getRef(Ref[Ptr]): Ptr". "out": {"num": []. "ptr": [0]}. "in": {"num": []. "ptr": [0]}}')
debug_merge_point(0, 0, '301<std_core_hnd.rpyeffect:0(Name(getCurrentEvv))>+3: {"op": "Return". "args": {"num": []. "ptr": [0]}}')
debug_merge_point(0, 0, '1021<std_core_hnd.rpyeffect:720([k@[mcore:[#893]#2108]#2110])>+0: {"op": "Push". "target": 1020. "args": {"num": []. "ptr": [0]}}')
debug_merge_point(0, 0, '1021<std_core_hnd.rpyeffect:720([k@[mcore:[#893]#2108]#2110])>+1: {"op": "Copy". "type": "ptr". "from": 2. "to". 0}')
debug_merge_point(0, 0, '1021<std_core_hnd.rpyeffect:720([k@[mcore:[#893]#2108]#2110])>+2: {"op": "Jump". "target": 507}')
debug_merge_point(0, 0, '507<std_core_hnd.rpyeffect:206([mcore:[#470]#437])>+0: {"op": "Const". "type": "num". "out": 0. "value": 0}')
debug_merge_point(0, 0, '507<std_core_hnd.rpyeffect:206([mcore:[#470]#437])>+1: {"op": "ShiftDyn". "out": 0. "n": 0. "label": 0}')
+692: i71 = instance_ptr_eq(p33, p57)
guard_true(i71, descr=<Guard0x12857d6a0>) [p0, i1, i2, i3, i4, i5, i6, i7, i8, i9, i10, i11, i12, i13, i14, i15, i16, p17, p18, p19, p20, p21, p22, p23, p24, p25, p26, p27, p28, p29, p30, p31, p32, p33, p34, p35]
+704: guard_nonnull_class(p35, 4348275712, descr=<Guard0x12858c230>) [p0, i1, i2, i3, i4, i5, i6, i7, i8, i9, i10, i11, i12, i13, i14, i15, i16, p17, p18, p19, p20, p21, p22, p23, p24, p25, p26, p27, p28, p29, p30, p31, p32, p33, p34, p35]
+732: p73 = getfield_gc_r(p35, descr=<FieldP rpyeffect.stack.MetaStackLike.inst_stack 8 pure>)
+736: p74 = getfield_gc_r(p35, descr=<FieldP rpyeffect.stack.MetaStack.inst_label 16 pure>)
+740: p75 = getfield_gc_r(p35, descr=<FieldP rpyeffect.stack.MetaStack.inst_tail 32 pure>)
+744: guard_nonnull(p73, descr=<Guard0x12857d6e0>) [p0, i1, i2, i3, i4, i5, i6, i7, i8, i9, i10, i11, i12, i13, i14, i15, i16, p17, p18, p19, p20, p21, p22, p23, p24, p25, p26, p27, p28, p29, p30, p31, p32, p33, p34, p35]
+752: i76 = getfield_gc_i(p73, descr=<FieldS rpyeffect.stored_environment.Stack__arb_arb.inst_target 16 pure>)
+756: guard_value(i76, 714, descr=<Guard0x12857d720>) [p0, i1, i2, i3, i4, i5, i6, i7, i8, i9, i10, i11, i12, i13, i14, i15, i16, p17, p18, p19, p20, p21, p22, p23, p24, p25, p26, p27, p28, p29, p30, p31, p32, p33, p34, p35]
debug_merge_point(0, 0, '507<std_core_hnd.rpyeffect:206([mcore:[#470]#437])>+2: {"op": "New". "out": 0. "targets": [500. 502. 504. 506]. "args": {"num": []. "ptr": [0]}}')
debug_merge_point(0, 0, '507<std_core_hnd.rpyeffect:206([mcore:[#470]#437])>+3: {"op": "Invoke". "receiver": 1. "tag": Interned(%apply(p):p). "args" : {"num": []. "ptr": [0]}}')
debug_merge_point(0, 0, '5158<main.rpyeffect:161([method_%apply(p):p@[mcore:[#301]#597]#601])>+0: {"op": "Const". "type": "ptr". "out": 1. "format": "string". "value": "Name(import$std/core/hnd)"}')
debug_merge_point(0, 0, '5158<main.rpyeffect:161([method_%apply(p):p@[mcore:[#301]#597]#601])>+1: {"op": "PrimOp". "name": "getGlobal(String): Ptr". "out": {"num": []. "ptr": [1]}. "in": {"num": []. "ptr": [1]}}')
debug_merge_point(0, 0, '5158<main.rpyeffect:161([method_%apply(p):p@[mcore:[#301]#597]#601])>+2: {"op": "Jump". "target": 5156}')
debug_merge_point(0, 0, '5156<main.rpyeffect:159([mcore:[#299]#576])>+0: {"op": "Construct". "out": 1. "type": Interned(Unit). "tag": Interned(unit). "args": {"num": []. "ptr": []}}')
debug_merge_point(0, 0, '5156<main.rpyeffect:159([mcore:[#299]#576])>+1: {"op": "New". "out": 2. "targets": [5153. 5155]. "args": {"num": []. "ptr": []}}')
debug_merge_point(0, 0, '5156<main.rpyeffect:159([mcore:[#299]#576])>+2: {"op": "Const". "type": "ptr". "out": 3. "format": "string". "value": "Name(import$std/core/hnd)"}')
debug_merge_point(0, 0, '5156<main.rpyeffect:159([mcore:[#299]#576])>+3: {"op": "PrimOp". "name": "getGlobal(String): Ptr". "out": {"num": []. "ptr": [3]}. "in": {"num": []. "ptr": [3]}}')
debug_merge_point(0, 0, '5156<main.rpyeffect:159([mcore:[#299]#576])>+4: {"op": "Swap". "type": "ptr". "a": 0. "b". 1}')
debug_merge_point(0, 0, '5156<main.rpyeffect:159([mcore:[#299]#576])>+5: {"op": "Swap". "type": "ptr". "a": 2. "b". 1}')
debug_merge_point(0, 0, '5156<main.rpyeffect:159([mcore:[#299]#576])>+6: {"op": "Jump". "target": 5150}')
debug_merge_point(0, 0, '5150<main.rpyeffect:153([mcore:[#293]#567])>+0: {"op": "Const". "type": "ptr". "out": 3. "format": "string". "value": "Name(import$std/core/hnd)"}')
debug_merge_point(0, 0, '5150<main.rpyeffect:153([mcore:[#293]#567])>+1: {"op": "PrimOp". "name": "getGlobal(String): Ptr". "out": {"num": []. "ptr": [3]}. "in": {"num": []. "ptr": [3]}}')
debug_merge_point(0, 0, '5150<main.rpyeffect:153([mcore:[#293]#567])>+2: {"op": "CallLib". "lib": "3". "symbol": "std/core/hnd/protect"}')
debug_merge_point(0, 0, '495<std_core_hnd.rpyeffect:194([mcore:[#466]#434])>+0: {"op": "Swap". "type": "ptr". "a": 1. "b". 2}')
debug_merge_point(0, 0, '495<std_core_hnd.rpyeffect:194([mcore:[#466]#434])>+1: {"op": "Invoke". "receiver": 2. "tag": Interned(%apply(pp):p). "args" : {"num": []. "ptr": [0. 1]}}')
debug_merge_point(0, 0, '5155<main.rpyeffect:158([method_%apply(pp):p@[mcore:[#299]#576]#587])>+0: {"op": "Push". "target": 5154. "args": {"num": []. "ptr": []}}')
debug_merge_point(0, 0, '5155<main.rpyeffect:158([method_%apply(pp):p@[mcore:[#299]#576]#587])>+1: {"op": "Jump". "target": 5151}')
debug_merge_point(0, 0, '5151<main.rpyeffect:154([mcore:[#296]#574])>+0: {"op": "Const". "type": "num". "out": 0. "value": 0}')
debug_merge_point(0, 0, '5151<main.rpyeffect:154([mcore:[#296]#574])>+1: {"op": "Return". "args": {"num": [0]. "ptr": []}}')
debug_merge_point(0, 0, '5154<main.rpyeffect:157([#589])>+0: {"op": "PrimOp". "name": "box(Num): Ptr". "out": {"num": []. "ptr": [0]}. "in": {"num": [0]. "ptr": []}}')
debug_merge_point(0, 0, '5154<main.rpyeffect:157([#589])>+1: {"op": "Return". "args": {"num": []. "ptr": [0]}}')
+768: p78 = getfield_gc_r(p73, descr=<FieldP rpyeffect.stored_environment.Stack__0_1.inst_values_ptr_0 40 pure>)
+772: p79 = getfield_gc_r(p73, descr=<FieldP rpyeffect.stored_environment.Stack__arb_arb.inst_tail 8 pure>)
+776: guard_nonnull_class(p79, ConstClass(Stack__0_1), descr=<Guard0x12858c288>) [p0, i1, i2, i3, i4, i5, i6, i7, i8, i9, i10, i11, i12, i13, i14, i15, i16, p17, p18, p19, p20, p21, p22, p23, p24, p25, p26, p27, p28, p29, p30, p31, p32, p33, p34, p35]
+800: i81 = getfield_gc_i(p79, descr=<FieldS rpyeffect.stored_environment.Stack__arb_arb.inst_target 16 pure>)
+804: guard_value(i81, 432, descr=<Guard0x12857d760>) [p0, i1, i2, i3, i4, i5, i6, i7, i8, i9, i10, i11, i12, i13, i14, i15, i16, p17, p18, p19, p20, p21, p22, p23, p24, p25, p26, p27, p28, p29, p30, p31, p32, p33, p34, p35]
debug_merge_point(0, 0, '714<std_core_hnd.rpyeffect:413([k@[k@[#1063]#1068]#1070])>+0: {"op": "Const". "type": "ptr". "out": 2. "format": "string". "value": "Name(import$std/core/hnd)"}')
debug_merge_point(0, 0, '714<std_core_hnd.rpyeffect:413([k@[k@[#1063]#1068]#1070])>+1: {"op": "PrimOp". "name": "getGlobal(String): Ptr". "out": {"num": []. "ptr": [2]}. "in": {"num": []. "ptr": [2]}}')
debug_merge_point(0, 0, '714<std_core_hnd.rpyeffect:413([k@[k@[#1063]#1068]#1070])>+2: {"op": "Push". "target": 713. "args": {"num": []. "ptr": [0]}}')
debug_merge_point(0, 0, '714<std_core_hnd.rpyeffect:413([k@[k@[#1063]#1068]#1070])>+3: {"op": "Copy". "type": "ptr". "from": 1. "to". 0}')
debug_merge_point(0, 0, '714<std_core_hnd.rpyeffect:413([k@[k@[#1063]#1068]#1070])>+4: {"op": "Copy". "type": "ptr". "from": 2. "to". 1}')
debug_merge_point(0, 0, '714<std_core_hnd.rpyeffect:413([k@[k@[#1063]#1068]#1070])>+5: {"op": "Jump". "target": 712}')
debug_merge_point(0, 0, '712<std_core_hnd.rpyeffect:411([mcore:[#655]#1049])>+0: {"op": "Const". "type": "ptr". "out": 1. "format": "string". "value": "Name(import$std/core/hnd)"}')
debug_merge_point(0, 0, '712<std_core_hnd.rpyeffect:411([mcore:[#655]#1049])>+1: {"op": "PrimOp". "name": "getGlobal(String): Ptr". "out": {"num": []. "ptr": [1]}. "in": {"num": []. "ptr": [1]}}')
debug_merge_point(0, 0, '712<std_core_hnd.rpyeffect:411([mcore:[#655]#1049])>+2: {"op": "CallLib". "lib": "1". "symbol": "setCurrentEvv"}')
debug_merge_point(0, 0, '302<std_core_hnd.rpyeffect:1(Name(setCurrentEvv))>+0: {"op": "Const". "type": "ptr". "out": 1. "format": "string". "value": "current-evv"}')
debug_merge_point(0, 0, '302<std_core_hnd.rpyeffect:1(Name(setCurrentEvv))>+1: {"op": "PrimOp". "name": "getGlobal(String): Ptr". "out": {"num": []. "ptr": [1]}. "in": {"num": []. "ptr": [1]}}')
debug_merge_point(0, 0, '302<std_core_hnd.rpyeffect:1(Name(setCurrentEvv))>+2: {"op": "PrimOp". "name": "setRef(Ref[Ptr]. Ptr): Unit". "out": {"num": []. "ptr": [0]}. "in": {"num": []. "ptr": [1. 0]}}')
debug_merge_point(0, 0, '302<std_core_hnd.rpyeffect:1(Name(setCurrentEvv))>+3: {"op": "Return". "args": {"num": []. "ptr": [0]}}')
debug_merge_point(0, 0, '713<std_core_hnd.rpyeffect:412([k@[k@[k@[#1063]#1068]#1070]#1075])>+0: {"op": "Copy". "type": "ptr". "from": 1. "to". 0}')
debug_merge_point(0, 0, '713<std_core_hnd.rpyeffect:412([k@[k@[k@[#1063]#1068]#1070]#1075])>+1: {"op": "Return". "args": {"num": []. "ptr": [0]}}')
+880: setfield_gc(ConstPtr(ptr83), p78, descr=<FieldP rpyeffect.region.PtrRef.inst_value 8>)
+884: p84 = getfield_gc_r(p79, descr=<FieldP rpyeffect.stored_environment.Stack__0_1.inst_values_ptr_0 40 pure>)
+888: p85 = getfield_gc_r(p79, descr=<FieldP rpyeffect.stored_environment.Stack__arb_arb.inst_tail 8 pure>)
+892: guard_isnull(p85, descr=<Guard0x12858c2e0>) [p0, i2, i3, i4, i5, i6, i7, i8, i9, i10, i11, i12, i13, i14, i15, i16, p84, p61, p22, p23, p24, p25, p26, p27, p28, p29, p30, p31, p32, p74, p85, p75]
debug_merge_point(0, 0, '432<std_core_hnd.rpyeffect:131([return_clause@[mcore:[#404]#265]#269])>+0: {"op": "Invoke". "receiver": 1. "tag": Interned(%apply(p):p). "args" : {"num": []. "ptr": [0]}}')
+900: p86 = getfield_gc_r(p84, descr=<FieldP rpyeffect.stored_environment.CoData__arb_arb.inst_vtable 24 pure>)
+908: guard_value(p86, ConstPtr(ptr87), descr=<Guard0x12857d7a0>) [p0, i2, i3, i4, i5, i6, i7, i8, i9, i10, i11, i12, i13, i14, i15, i16, p84, p61, p22, p23, p24, p25, p26, p27, p28, p29, p30, p31, p32, p74, p85, p75]
debug_merge_point(0, 0, '5203<main.rpyeffect:206([#816])>+0: {"op": "PrimOp". "name": "unbox(Ptr): Num". "out": {"num": [0]. "ptr": []}. "in": {"num": []. "ptr": [0]}}')
debug_merge_point(0, 0, '5203<main.rpyeffect:206([#816])>+1: {"op": "Push". "target": 5202. "args": {"num": []. "ptr": []}}')
debug_merge_point(0, 0, '5203<main.rpyeffect:206([#816])>+2: {"op": "Jump". "target": 5147}')
debug_merge_point(0, 0, '5147<main.rpyeffect:150([mcore:[#283]#555])>+0: {"op": "Return". "args": {"num": [0]. "ptr": []}}')
debug_merge_point(0, 0, '5202<main.rpyeffect:205([k@[#816]#821])>+0: {"op": "PrimOp". "name": "box(Num): Ptr". "out": {"num": []. "ptr": [0]}. "in": {"num": [0]. "ptr": []}}')
debug_merge_point(0, 0, '5202<main.rpyeffect:205([k@[#816]#821])>+1: {"op": "Return". "args": {"num": []. "ptr": [0]}}')
+916: guard_nonnull(p75, descr=<Guard0x12857d7e0>) [p0, i2, i3, i4, i5, i6, i7, i8, i9, i10, i11, i12, i13, i14, i15, i16, p84, p61, p22, p23, p24, p25, p26, p27, p28, p29, p30, p31, p32, p74, p85, p75]
+924: p88 = getfield_gc_r(p75, descr=<FieldP rpyeffect.stack.MetaStackLike.inst_stack 8 pure>)
+928: p89 = getfield_gc_r(p75, descr=<FieldP rpyeffect.stack.MetaStack.inst_label 16 pure>)
+932: p90 = getfield_gc_r(p75, descr=<FieldP rpyeffect.stack.MetaStack.inst_tail 32 pure>)
+936: guard_nonnull(p88, descr=<Guard0x12857d820>) [p0, i2, i3, i4, i5, i6, i7, i8, i9, i10, i11, i12, i13, i14, i15, i16, p84, p61, p22, p23, p24, p25, p26, p27, p28, p29, p30, p31, p32, p74, p85, p75]
+944: i91 = getfield_gc_i(p88, descr=<FieldS rpyeffect.stored_environment.Stack__arb_arb.inst_target 16 pure>)
+948: guard_value(i91, 505, descr=<Guard0x12857d860>) [p0, i2, i3, i4, i5, i6, i7, i8, i9, i10, i11, i12, i13, i14, i15, i16, p84, p61, p22, p23, p24, p25, p26, p27, p28, p29, p30, p31, p32, p74, p85, p75]
+960: p93 = getfield_gc_r(p88, descr=<FieldP rpyeffect.stored_environment.Stack__arb_arb.inst_tail 8 pure>)
+964: guard_nonnull(p93, descr=<Guard0x12857d8a0>) [p0, i2, i3, i4, i5, i6, i7, i8, i9, i10, i11, i12, i13, i14, i15, i16, p84, p61, p22, p23, p24, p25, p26, p27, p28, p29, p30, p31, p32, p74, p85, p75]
+972: i94 = getfield_gc_i(p93, descr=<FieldS rpyeffect.stored_environment.Stack__arb_arb.inst_target 16 pure>)
+976: guard_value(i94, 5135, descr=<Guard0x12857d8e0>) [p0, i2, i3, i4, i5, i6, i7, i8, i9, i10, i11, i12, i13, i14, i15, i16, p84, p61, p22, p23, p24, p25, p26, p27, p28, p29, p30, p31, p32, p74, p85, p75]
debug_merge_point(0, 0, '505<std_core_hnd.rpyeffect:204([#467])>+0: {"op": "PrimOp". "name": "unbox(Ptr): Num". "out": {"num": [0]. "ptr": []}. "in": {"num": []. "ptr": [0]}}')
debug_merge_point(0, 0, '505<std_core_hnd.rpyeffect:204([#467])>+1: {"op": "Return". "args": {"num": [0]. "ptr": []}}')
+988: p96 = getfield_gc_r(p93, descr=<FieldP rpyeffect.stored_environment.Stack__0_1.inst_values_ptr_0 40 pure>)
+992: p97 = getfield_gc_r(p93, descr=<FieldP rpyeffect.stored_environment.Stack__arb_arb.inst_tail 8 pure>)
debug_merge_point(0, 0, '5135<main.rpyeffect:138([k@[mcore:[#274]#500]#504])>+0: {"op": "Const". "type": "num". "out": 1. "value": 0}')
debug_merge_point(0, 0, '5135<main.rpyeffect:138([k@[mcore:[#274]#500]#504])>+1: {"op": "Push". "target": 5134. "args": {"num": [0]. "ptr": []}}')
debug_merge_point(0, 0, '5135<main.rpyeffect:138([k@[mcore:[#274]#500]#504])>+2: {"op": "Copy". "type": "num". "from": 1. "to". 0}')
debug_merge_point(0, 0, '5135<main.rpyeffect:138([k@[mcore:[#274]#500]#504])>+3: {"op": "Invoke". "receiver": 0. "tag": Interned(%apply(n):n). "args" : {"num": [0]. "ptr": []}}')
+996: p98 = getfield_gc_r(p96, descr=<FieldP rpyeffect.stored_environment.CoData__arb_arb.inst_vtable 24 pure>)
+1004: guard_value(p98, ConstPtr(ptr99), descr=<Guard0x12857d920>) [p0, i2, i3, i4, i5, i6, i7, i8, i9, i10, i11, i12, i13, i14, i15, i16, p84, p61, p22, p23, p24, p25, p26, p27, p28, p29, p30, p31, p32, p74, p85, p75]
+1012: p100 = getfield_gc_r(p96, descr=<FieldP rpyeffect.stored_environment.CoData__0_1.inst_values_ptr_0 32 pure>)
debug_merge_point(0, 0, '506<std_core_hnd.rpyeffect:205([method_%apply(n):n@[mcore:[#470]#437]#462])>+0: {"op": "PrimOp". "name": "box(Num): Ptr". "out": {"num": []. "ptr": [1]}. "in": {"num": [0]. "ptr": []}}')
debug_merge_point(0, 0, '506<std_core_hnd.rpyeffect:205([method_%apply(n):n@[mcore:[#470]#437]#462])>+1: {"op": "Push". "target": 505. "args": {"num": []. "ptr": []}}')
debug_merge_point(0, 0, '506<std_core_hnd.rpyeffect:205([method_%apply(n):n@[mcore:[#470]#437]#462])>+2: {"op": "Swap". "type": "ptr". "a": 0. "b". 1}')
debug_merge_point(0, 0, '506<std_core_hnd.rpyeffect:205([method_%apply(n):n@[mcore:[#470]#437]#462])>+3: {"op": "Jump". "target": 497}')
debug_merge_point(0, 0, '497<std_core_hnd.rpyeffect:196([mcore:[#469]#436])>+0: {"op": "PushStack". "arg": 1}')
+1016: guard_nonnull_class(p100, 4348275712, descr=<Guard0x12858c338>) [p0, i2, i3, i4, i5, i6, i7, i8, i9, i10, i11, i12, i13, i14, i15, i16, p84, p61, p22, p23, p24, p25, p26, p27, p28, p29, p30, p31, p32, p74, p85, p75]
+1040: p102 = getfield_gc_r(p100, descr=<FieldP rpyeffect.stack.MetaStack.inst_region 24 pure>)
+1044: guard_isnull(p102, descr=<Guard0x12857d960>) [p0, i2, i3, i4, i5, i6, i7, i8, i9, i10, i11, i12, i13, i14, i15, i16, p84, p61, p22, p23, p24, p25, p26, p27, p28, p29, p30, p31, p32, p74, p85, p75]
+1052: p103 = getfield_gc_r(p100, descr=<FieldP rpyeffect.stack.MetaStackLike.inst_stack 8 pure>)
+1056: p104 = getfield_gc_r(p100, descr=<FieldP rpyeffect.stack.MetaStack.inst_tail 32 pure>)
+1060: guard_nonnull_class(p104, 4348275712, descr=<Guard0x12858c390>) [p0, i2, i3, i4, i5, i6, i7, i8, i9, i10, i11, i12, i13, i14, i15, i16, p84, p61, p22, p23, p24, p25, p26, p27, p28, p29, p30, p31, p32, p74, p85, p75]
+1084: p106 = getfield_gc_r(p104, descr=<FieldP rpyeffect.stack.MetaStack.inst_region 24 pure>)
+1088: guard_isnull(p106, descr=<Guard0x12857d9a0>) [p0, i2, i3, i4, i5, i6, i7, i8, i9, i10, i11, i12, i13, i14, i15, i16, p84, p61, p22, p23, p24, p25, p26, p27, p28, p29, p30, p31, p32, p74, p85, p75]
+1096: p107 = getfield_gc_r(p104, descr=<FieldP rpyeffect.stack.MetaStackLike.inst_stack 8 pure>)
+1100: p108 = getfield_gc_r(p104, descr=<FieldP rpyeffect.stack.MetaStack.inst_tail 32 pure>)
+1104: guard_isnull(p108, descr=<Guard0x12857d9e0>) [p0, i2, i3, i4, i5, i6, i7, i8, i9, i10, i11, i12, i13, i14, i15, i16, p84, p61, p22, p23, p24, p25, p26, p27, p28, p29, p30, p31, p32, p74, p85, p75]
+1112: p109 = getfield_gc_r(p104, descr=<FieldP rpyeffect.stack.MetaStack.inst_label 16 pure>)
+1116: p110 = getfield_gc_r(p100, descr=<FieldP rpyeffect.stack.MetaStack.inst_label 16 pure>)
+1120: guard_nonnull(p103, descr=<Guard0x12857da20>) [p0, i2, i3, i4, i5, i6, i7, i8, i9, i10, i11, i12, i13, i14, i15, i16, p84, p61, p22, p23, p24, p25, p26, p27, p28, p29, p30, p31, p32, p74, p85, p75]
+1128: i111 = getfield_gc_i(p103, descr=<FieldS rpyeffect.stored_environment.Stack__arb_arb.inst_target 16 pure>)
+1132: guard_value(i111, 1020, descr=<Guard0x12857da60>) [p0, i2, i3, i4, i5, i6, i7, i8, i9, i10, i11, i12, i13, i14, i15, i16, p84, p61, p22, p23, p24, p25, p26, p27, p28, p29, p30, p31, p32, p74, p85, p75]
debug_merge_point(0, 0, '497<std_core_hnd.rpyeffect:196([mcore:[#469]#436])>+1: {"op": "Return". "args": {"num": []. "ptr": [0]}}')
+1144: p113 = getfield_gc_r(p103, descr=<FieldP rpyeffect.stored_environment.Stack__0_1.inst_values_ptr_0 40 pure>)
+1148: p114 = getfield_gc_r(p103, descr=<FieldP rpyeffect.stored_environment.Stack__arb_arb.inst_tail 8 pure>)
debug_merge_point(0, 0, '1020<std_core_hnd.rpyeffect:719([k@[k@[mcore:[#893]#2108]#2110]#2112])>+0: {"op": "Const". "type": "ptr". "out": 2. "format": "string". "value": "Name(import$std/core/hnd)"}')
debug_merge_point(0, 0, '1020<std_core_hnd.rpyeffect:719([k@[k@[mcore:[#893]#2108]#2110]#2112])>+1: {"op": "PrimOp". "name": "getGlobal(String): Ptr". "out": {"num": []. "ptr": [2]}. "in": {"num": []. "ptr": [2]}}')
debug_merge_point(0, 0, '1020<std_core_hnd.rpyeffect:719([k@[k@[mcore:[#893]#2108]#2110]#2112])>+2: {"op": "Push". "target": 1019. "args": {"num": []. "ptr": [0]}}')
debug_merge_point(0, 0, '1020<std_core_hnd.rpyeffect:719([k@[k@[mcore:[#893]#2108]#2110]#2112])>+3: {"op": "Copy". "type": "ptr". "from": 1. "to". 0}')
debug_merge_point(0, 0, '1020<std_core_hnd.rpyeffect:719([k@[k@[mcore:[#893]#2108]#2110]#2112])>+4: {"op": "Copy". "type": "ptr". "from": 2. "to". 1}')
debug_merge_point(0, 0, '1020<std_core_hnd.rpyeffect:719([k@[k@[mcore:[#893]#2108]#2110]#2112])>+5: {"op": "Jump". "target": 1018}')
debug_merge_point(0, 0, '1018<std_core_hnd.rpyeffect:717([mcore:[#892]#2103])>+0: {"op": "Const". "type": "ptr". "out": 1. "format": "string". "value": "Name(import$std/core/hnd)"}')
debug_merge_point(0, 0, '1018<std_core_hnd.rpyeffect:717([mcore:[#892]#2103])>+1: {"op": "PrimOp". "name": "getGlobal(String): Ptr". "out": {"num": []. "ptr": [1]}. "in": {"num": []. "ptr": [1]}}')
debug_merge_point(0, 0, '1018<std_core_hnd.rpyeffect:717([mcore:[#892]#2103])>+2: {"op": "CallLib". "lib": "1". "symbol": "setCurrentEvv"}')
debug_merge_point(0, 0, '302<std_core_hnd.rpyeffect:1(Name(setCurrentEvv))>+0: {"op": "Const". "type": "ptr". "out": 1. "format": "string". "value": "current-evv"}')
debug_merge_point(0, 0, '302<std_core_hnd.rpyeffect:1(Name(setCurrentEvv))>+1: {"op": "PrimOp". "name": "getGlobal(String): Ptr". "out": {"num": []. "ptr": [1]}. "in": {"num": []. "ptr": [1]}}')
debug_merge_point(0, 0, '302<std_core_hnd.rpyeffect:1(Name(setCurrentEvv))>+2: {"op": "PrimOp". "name": "setRef(Ref[Ptr]. Ptr): Unit". "out": {"num": []. "ptr": [0]}. "in": {"num": []. "ptr": [1. 0]}}')
debug_merge_point(0, 0, '302<std_core_hnd.rpyeffect:1(Name(setCurrentEvv))>+3: {"op": "Return". "args": {"num": []. "ptr": [0]}}')
debug_merge_point(0, 0, '1019<std_core_hnd.rpyeffect:718([k@[k@[k@[mcore:[#893]#2108]#2110]#2112]#2117])>+0: {"op": "Copy". "type": "ptr". "from": 1. "to". 0}')
debug_merge_point(0, 0, '1019<std_core_hnd.rpyeffect:718([k@[k@[k@[mcore:[#893]#2108]#2110]#2112]#2117])>+1: {"op": "Return". "args": {"num": []. "ptr": [0]}}')
+1216: setfield_gc(ConstPtr(ptr115), p113, descr=<FieldP rpyeffect.region.PtrRef.inst_value 8>)
+1220: guard_nonnull(p114, descr=<Guard0x12858c3e8>) [p0, i3, i4, i5, i6, i7, i8, i9, i10, i11, i12, i13, i14, i15, i16, p61, p22, p23, p24, p25, p26, p27, p28, p29, p30, p31, p32, p110, p114, p97, p90, p89, p109, p107]
+1228: i116 = getfield_gc_i(p114, descr=<FieldS rpyeffect.stored_environment.Stack__arb_arb.inst_target 16 pure>)
+1232: guard_value(i116, 5075, descr=<Guard0x12857daa0>) [p0, i3, i4, i5, i6, i7, i8, i9, i10, i11, i12, i13, i14, i15, i16, p61, p22, p23, p24, p25, p26, p27, p28, p29, p30, p31, p32, p110, p114, p97, p90, p89, p109, p107]
+1244: p118 = getfield_gc_r(p114, descr=<FieldP rpyeffect.stored_environment.Stack__arb_arb.inst_tail 8 pure>)
debug_merge_point(0, 0, '5075<main.rpyeffect:78([k@[#279]#281])>+0: {"op": "PrimOp". "name": "unbox(Ptr): Num". "out": {"num": [0]. "ptr": []}. "in": {"num": []. "ptr": [0]}}')
debug_merge_point(0, 0, '5075<main.rpyeffect:78([k@[#279]#281])>+1: {"op": "Return". "args": {"num": [0]. "ptr": []}}')
+1248: guard_nonnull(p118, descr=<Guard0x12857dae0>) [p0, i3, i4, i5, i6, i7, i8, i9, i10, i11, i12, i13, i14, i15, i16, p61, p22, p23, p24, p25, p26, p27, p28, p29, p30, p31, p32, p110, p114, p97, p90, p89, p109, p107]
+1256: i119 = getfield_gc_i(p118, descr=<FieldS rpyeffect.stored_environment.Stack__arb_arb.inst_target 16 pure>)
+1260: guard_value(i119, 5090, descr=<Guard0x12857db20>) [p0, i3, i4, i5, i6, i7, i8, i9, i10, i11, i12, i13, i14, i15, i16, p61, p22, p23, p24, p25, p26, p27, p28, p29, p30, p31, p32, p110, p114, p97, p90, p89, p109, p107]
+1272: p121 = getfield_gc_r(p118, descr=<FieldP rpyeffect.stored_environment.Stack__arb_arb.inst_tail 8 pure>)
debug_merge_point(0, 0, '5090<main.rpyeffect:93([k@[#333]#336])>+0: {"op": "PrimOp". "name": "box(Num): Ptr". "out": {"num": []. "ptr": [0]}. "in": {"num": [0]. "ptr": []}}')
debug_merge_point(0, 0, '5090<main.rpyeffect:93([k@[#333]#336])>+1: {"op": "Return". "args": {"num": []. "ptr": [0]}}')
+1276: guard_nonnull(p121, descr=<Guard0x12857db60>) [p0, i3, i4, i5, i6, i7, i8, i9, i10, i11, i12, i13, i14, i15, i16, p61, p22, p23, p24, p25, p26, p27, p28, p29, p30, p31, p32, p110, p114, p97, p90, p89, p109, p107]
+1284: i122 = getfield_gc_i(p121, descr=<FieldS rpyeffect.stored_environment.Stack__arb_arb.inst_target 16 pure>)
+1288: guard_value(i122, 801, descr=<Guard0x12857dba0>) [p0, i3, i4, i5, i6, i7, i8, i9, i10, i11, i12, i13, i14, i15, i16, p61, p22, p23, p24, p25, p26, p27, p28, p29, p30, p31, p32, p110, p114, p97, p90, p89, p109, p107]
+1300: i124 = getfield_gc_i(p121, descr=<FieldS rpyeffect.stored_environment.Stack__1_1.inst_values_num_0 40 pure>)
+1300: p125 = getfield_gc_r(p121, descr=<FieldP rpyeffect.stored_environment.Stack__1_1.inst_values_ptr_0 48 pure>)
+1304: p126 = getfield_gc_r(p121, descr=<FieldP rpyeffect.stored_environment.Stack__arb_arb.inst_tail 8 pure>)
+1308: guard_nonnull(p126, descr=<Guard0x12857dbe0>) [p0, i3, i4, i5, i6, i7, i8, i9, i10, i11, i12, i13, i14, i15, i16, p61, p22, p23, p24, p25, p26, p27, p28, p29, p30, p31, p32, p110, p114, p97, p90, p89, p109, p107]
+1316: i127 = getfield_gc_i(p126, descr=<FieldS rpyeffect.stored_environment.Stack__arb_arb.inst_target 16 pure>)
+1320: guard_value(i127, 5098, descr=<Guard0x12857dc20>) [p0, i3, i4, i5, i6, i7, i8, i9, i10, i11, i12, i13, i14, i15, i16, p61, p22, p23, p24, p25, p26, p27, p28, p29, p30, p31, p32, p110, p114, p97, p90, p89, p109, p107]
debug_merge_point(0, 0, '801<std_core_hnd.rpyeffect:500([k@[k@[mcore:[#725]#1309]#1314]#1316])>+0: {"op": "Const". "type": "ptr". "out": 2. "format": "string". "value": "Name(import$std/core/hnd)"}')
debug_merge_point(0, 0, '801<std_core_hnd.rpyeffect:500([k@[k@[mcore:[#725]#1309]#1314]#1316])>+1: {"op": "PrimOp". "name": "getGlobal(String): Ptr". "out": {"num": []. "ptr": [2]}. "in": {"num": []. "ptr": [2]}}')
debug_merge_point(0, 0, '801<std_core_hnd.rpyeffect:500([k@[k@[mcore:[#725]#1309]#1314]#1316])>+2: {"op": "Push". "target": 800. "args": {"num": [0]. "ptr": [0]}}')
debug_merge_point(0, 0, '801<std_core_hnd.rpyeffect:500([k@[k@[mcore:[#725]#1309]#1314]#1316])>+3: {"op": "Copy". "type": "ptr". "from": 1. "to". 0}')
debug_merge_point(0, 0, '801<std_core_hnd.rpyeffect:500([k@[k@[mcore:[#725]#1309]#1314]#1316])>+4: {"op": "Copy". "type": "ptr". "from": 2. "to". 1}')
debug_merge_point(0, 0, '801<std_core_hnd.rpyeffect:500([k@[k@[mcore:[#725]#1309]#1314]#1316])>+5: {"op": "Jump". "target": 785}')
debug_merge_point(0, 0, '785<std_core_hnd.rpyeffect:484([mcore:[#717]#1300])>+0: {"op": "Const". "type": "ptr". "out": 1. "format": "string". "value": "Name(import$std/core/hnd)"}')
debug_merge_point(0, 0, '785<std_core_hnd.rpyeffect:484([mcore:[#717]#1300])>+1: {"op": "PrimOp". "name": "getGlobal(String): Ptr". "out": {"num": []. "ptr": [1]}. "in": {"num": []. "ptr": [1]}}')
debug_merge_point(0, 0, '785<std_core_hnd.rpyeffect:484([mcore:[#717]#1300])>+2: {"op": "CallLib". "lib": "1". "symbol": "setCurrentEvv"}')
debug_merge_point(0, 0, '302<std_core_hnd.rpyeffect:1(Name(setCurrentEvv))>+0: {"op": "Const". "type": "ptr". "out": 1. "format": "string". "value": "current-evv"}')
debug_merge_point(0, 0, '302<std_core_hnd.rpyeffect:1(Name(setCurrentEvv))>+1: {"op": "PrimOp". "name": "getGlobal(String): Ptr". "out": {"num": []. "ptr": [1]}. "in": {"num": []. "ptr": [1]}}')
debug_merge_point(0, 0, '302<std_core_hnd.rpyeffect:1(Name(setCurrentEvv))>+2: {"op": "PrimOp". "name": "setRef(Ref[Ptr]. Ptr): Unit". "out": {"num": []. "ptr": [0]}. "in": {"num": []. "ptr": [1. 0]}}')
debug_merge_point(0, 0, '302<std_core_hnd.rpyeffect:1(Name(setCurrentEvv))>+3: {"op": "Return". "args": {"num": []. "ptr": [0]}}')
debug_merge_point(0, 0, '800<std_core_hnd.rpyeffect:499([k@[k@[k@[mcore:[#725]#1309]#1314]#1316]#1321])>+0: {"op": "Const". "type": "num". "out": 1. "value": 0}')
debug_merge_point(0, 0, '800<std_core_hnd.rpyeffect:499([k@[k@[k@[mcore:[#725]#1309]#1314]#1316]#1321])>+1: {"op": "Copy". "type": "ptr". "from": 1. "to". 0}')
debug_merge_point(0, 0, '800<std_core_hnd.rpyeffect:499([k@[k@[k@[mcore:[#725]#1309]#1314]#1316]#1321])>+2: {"op": "Switch". "scrutinee": 1. "values": [1]. "targets": [796]. "default": 799}')
debug_merge_point(0, 0, '799<std_core_hnd.rpyeffect:498([switch default case#1364])>+0: {"op": "Const". "type": "num". "out": 0. "value": 0}')
debug_merge_point(0, 0, '799<std_core_hnd.rpyeffect:498([switch default case#1364])>+1: {"op": "Switch". "scrutinee": 0. "values": [0]. "targets": [797]. "default": 798}')
debug_merge_point(0, 0, '797<std_core_hnd.rpyeffect:496([switch case for 0#1366])>+0: {"op": "Return". "args": {"num": []. "ptr": [0]}}')
+1332: i129 = getfield_gc_i(p126, descr=<FieldS rpyeffect.stored_environment.Stack__1_0.inst_values_num_0 40 pure>)
+1336: p130 = getfield_gc_r(p126, descr=<FieldP rpyeffect.stored_environment.Stack__arb_arb.inst_tail 8 pure>)
debug_merge_point(0, 0, '5098<main.rpyeffect:101([k@[switch case for 0#321]#345])>+0: {"op": "PrimOp". "name": "unbox(Ptr): Num". "out": {"num": [1]. "ptr": []}. "in": {"num": []. "ptr": [0]}}')
debug_merge_point(0, 0, '5098<main.rpyeffect:101([k@[switch case for 0#321]#345])>+1: {"op": "Swap". "type": "num". "a": 0. "b". 1}')
debug_merge_point(0, 0, '5098<main.rpyeffect:101([k@[switch case for 0#321]#345])>+2: {"op": "Switch". "scrutinee": 0. "values": [1]. "targets": [5093]. "default": 5097}')
+1404: setfield_gc(ConstPtr(ptr131), p125, descr=<FieldP rpyeffect.region.PtrRef.inst_value 8>)
+1408: guard_nonnull(p130, descr=<Guard0x12858c440>) [p0, i129, i3, i4, i5, i6, i7, i8, i9, i10, i11, i12, i13, i14, i15, i16, p61, p22, p23, p24, p25, p26, p27, p28, p29, p30, p31, p32, p110, p130, p97, p90, p89, p109, p107]
+1416: i132 = getfield_gc_i(p130, descr=<FieldS rpyeffect.stored_environment.Stack__arb_arb.inst_target 16 pure>)
+1420: guard_value(i132, 5127, descr=<Guard0x12857dc60>) [p0, i129, i3, i4, i5, i6, i7, i8, i9, i10, i11, i12, i13, i14, i15, i16, p61, p22, p23, p24, p25, p26, p27, p28, p29, p30, p31, p32, p110, p130, p97, p90, p89, p109, p107]
debug_merge_point(0, 0, '5097<main.rpyeffect:100([switch default case#352])>+0: {"op": "Swap". "type": "num". "a": 0. "b". 1}')
debug_merge_point(0, 0, '5097<main.rpyeffect:100([switch default case#352])>+1: {"op": "Switch". "scrutinee": 1. "values": [0]. "targets": [5095]. "default": 5096}')
debug_merge_point(0, 0, '5095<main.rpyeffect:98([switch case for 0#353])>+0: {"op": "Const". "type": "num". "out": 1. "value": 1}')
debug_merge_point(0, 0, '5095<main.rpyeffect:98([switch case for 0#353])>+1: {"op": "PrimOp". "name": "infixSub(Int. Int): Int". "out": {"num": [0]. "ptr": []}. "in": {"num": [0. 1]. "ptr": []}}')
+1432: i135 = int_sub(i129, 1)
debug_merge_point(0, 0, '5095<main.rpyeffect:98([switch case for 0#353])>+2: {"op": "Const". "type": "ptr". "out": 0. "format": "string". "value": "Name(import$std/core/hnd)"}')
debug_merge_point(0, 0, '5095<main.rpyeffect:98([switch case for 0#353])>+3: {"op": "PrimOp". "name": "getGlobal(String): Ptr". "out": {"num": []. "ptr": [0]}. "in": {"num": []. "ptr": [0]}}')
debug_merge_point(0, 0, '5095<main.rpyeffect:98([switch case for 0#353])>+4: {"op": "Jump". "target": 5102}')
debug_merge_point(0, 0, '5102<main.rpyeffect:105([mcore:[#227]#285])>+0: {"op": "Const". "type": "num". "out": 1. "value": 1}')
debug_merge_point(0, 0, '5102<main.rpyeffect:105([mcore:[#227]#285])>+1: {"op": "PrimOp". "name": "infixLt(Int. Int): Boolean". "out": {"num": [1]. "ptr": []}. "in": {"num": [0. 1]. "ptr": []}}')
+1436: i137 = int_lt(i135, 1)
guard_false(i137, descr=<Guard0x12857dca0>) [p0, i129, i3, i4, i5, i6, i7, i8, i9, i10, i11, i12, i13, i14, i15, i16, p61, p22, p23, p24, p25, p26, p27, p28, p29, p30, p31, p32, p110, p130, p97, p90, p89, p109, p107]
debug_merge_point(0, 0, '5102<main.rpyeffect:105([mcore:[#227]#285])>+2: {"op": "Switch". "scrutinee": 1. "values": [1]. "targets": [5087]. "default": 5101}')
debug_merge_point(0, 0, '5101<main.rpyeffect:104([switch default case#317])>+0: {"op": "Const". "type": "num". "out": 1. "value": 1}')
debug_merge_point(0, 0, '5101<main.rpyeffect:104([switch default case#317])>+1: {"op": "PrimOp". "name": "infixLt(Int. Int): Boolean". "out": {"num": [1]. "ptr": []}. "in": {"num": [0. 1]. "ptr": []}}')
debug_merge_point(0, 0, '5101<main.rpyeffect:104([switch default case#317])>+2: {"op": "Switch". "scrutinee": 1. "values": [0]. "targets": [5099]. "default": 5100}')
debug_merge_point(0, 0, '5099<main.rpyeffect:102([switch case for 0#321])>+0: {"op": "Const". "type": "num". "out": 1. "value": 1}')
debug_merge_point(0, 0, '5099<main.rpyeffect:102([switch case for 0#321])>+1: {"op": "New". "out": 0. "targets": [5089. 5091]. "args": {"num": []. "ptr": []}}')
debug_merge_point(0, 0, '5099<main.rpyeffect:102([switch case for 0#321])>+2: {"op": "Const". "type": "ptr". "out": 1. "format": "string". "value": "Name(import$std/core/hnd)"}')
debug_merge_point(0, 0, '5099<main.rpyeffect:102([switch case for 0#321])>+3: {"op": "PrimOp". "name": "getGlobal(String): Ptr". "out": {"num": []. "ptr": [1]}. "in": {"num": []. "ptr": [1]}}')
debug_merge_point(0, 0, '5099<main.rpyeffect:102([switch case for 0#321])>+4: {"op": "Push". "target": 5098. "args": {"num": [0]. "ptr": []}}')
debug_merge_point(0, 0, '5099<main.rpyeffect:102([switch case for 0#321])>+5: {"op": "Copy". "type": "num". "from": 1. "to". 0}')
debug_merge_point(0, 0, '5099<main.rpyeffect:102([switch case for 0#321])>+6: {"op": "Jump". "target": 5067}')
debug_merge_point(0, 0, '5067<main.rpyeffect:70([mcore:[#210]#231])>+0: {"op": "Const". "type": "ptr". "out": 1. "format": "string". "value": "Name(import$std/core/hnd)"}')
debug_merge_point(0, 0, '5067<main.rpyeffect:70([mcore:[#210]#231])>+1: {"op": "PrimOp". "name": "getGlobal(String): Ptr". "out": {"num": []. "ptr": [1]}. "in": {"num": []. "ptr": [1]}}')
debug_merge_point(0, 0, '5067<main.rpyeffect:70([mcore:[#210]#231])>+2: {"op": "CallLib". "lib": "1". "symbol": "std/core/hnd/@open-at0"}')
debug_merge_point(0, 0, '803<std_core_hnd.rpyeffect:502([mcore:[#725]#1309])>+0: {"op": "Const". "type": "ptr". "out": 1. "format": "string". "value": "Name(import$std/core/hnd)"}')
debug_merge_point(0, 0, '803<std_core_hnd.rpyeffect:502([mcore:[#725]#1309])>+1: {"op": "PrimOp". "name": "getGlobal(String): Ptr". "out": {"num": []. "ptr": [1]}. "in": {"num": []. "ptr": [1]}}')
debug_merge_point(0, 0, '803<std_core_hnd.rpyeffect:502([mcore:[#725]#1309])>+2: {"op": "Push". "target": 802. "args": {"num": [0]. "ptr": [0]}}')
debug_merge_point(0, 0, '803<std_core_hnd.rpyeffect:502([mcore:[#725]#1309])>+3: {"op": "Copy". "type": "ptr". "from": 1. "to". 0}')
debug_merge_point(0, 0, '803<std_core_hnd.rpyeffect:502([mcore:[#725]#1309])>+4: {"op": "Jump". "target": 784}')
debug_merge_point(0, 0, '784<std_core_hnd.rpyeffect:483([mcore:[#715]#1295])>+0: {"op": "Const". "type": "ptr". "out": 0. "format": "string". "value": "Name(import$std/core/hnd)"}')
+1444: p138 = new_with_vtable(descr=<SizeDescr 56>)
+1552: p139 = new_with_vtable(descr=<SizeDescr 48>)
+1564: setfield_gc(p139, p130, descr=<FieldP rpyeffect.stored_environment.Stack__arb_arb.inst_tail 8 pure>)
+1568: setfield_gc(p139, 5098, descr=<FieldS rpyeffect.stored_environment.Stack__arb_arb.inst_target 16 pure>)
+1576: setfield_gc(p139, i135, descr=<FieldS rpyeffect.stored_environment.Stack__1_0.inst_values_num_0 40 pure>)
+1580: p141 = new_with_vtable(descr=<SizeDescr 32>)
+1596: setfield_gc(p141, ConstPtr(ptr142), descr=<FieldP rpyeffect.stored_environment.CoData__arb_arb.inst_vtable 24 pure>)
+1600: p143 = new_with_vtable(descr=<SizeDescr 40>)
+1612: p144 = new_with_vtable(descr=<SizeDescr 40>)
+1624: p145 = new_with_vtable(descr=<SizeDescr 40>)
+1636: p146 = new_with_vtable(descr=<SizeDescr 48>)
+1648: setfield_gc(p146, p97, descr=<FieldP rpyeffect.stored_environment.Stack__arb_arb.inst_tail 8 pure>)
+1652: setfield_gc(p146, 5134, descr=<FieldS rpyeffect.stored_environment.Stack__arb_arb.inst_target 16 pure>)
+1660: setfield_gc(p146, 0, descr=<FieldS rpyeffect.stored_environment.Stack__1_0.inst_values_num_0 40 pure>)
+1668: setfield_gc(p145, p146, descr=<FieldP rpyeffect.stored_environment.Stack__arb_arb.inst_tail 8 pure>)
+1672: setfield_gc(p145, 505, descr=<FieldS rpyeffect.stored_environment.Stack__arb_arb.inst_target 16 pure>)
+1680: setfield_gc(p144, p145, descr=<FieldP rpyeffect.stack.MetaStackLike.inst_stack 8 pure>)
+1684: setfield_gc(p144, p89, descr=<FieldP rpyeffect.stack.MetaStack.inst_label 16 pure>)
+1688: setfield_gc(p144, ConstPtr(null), descr=<FieldP rpyeffect.stack.MetaStack.inst_region 24 pure>)
+1696: setfield_gc(p144, p90, descr=<FieldP rpyeffect.stack.MetaStack.inst_tail 32 pure>)
+1704: setfield_gc(p138, 802, descr=<FieldS rpyeffect.stored_environment.Stack__arb_arb.inst_target 16 pure>)
+1712: setfield_gc(p138, 1, descr=<FieldS rpyeffect.stored_environment.Stack__1_1.inst_values_num_0 40 pure>)
+1720: setfield_gc(p138, p141, descr=<FieldP rpyeffect.stored_environment.Stack__1_1.inst_values_ptr_0 48 pure>)
+1724: setfield_gc(p138, p139, descr=<FieldP rpyeffect.stored_environment.Stack__arb_arb.inst_tail 8 pure>)
+1728: setfield_gc(p143, p107, descr=<FieldP rpyeffect.stack.MetaStackLike.inst_stack 8 pure>)
+1732: setfield_gc(p143, p109, descr=<FieldP rpyeffect.stack.MetaStack.inst_label 16 pure>)
+1736: setfield_gc(p143, p144, descr=<FieldP rpyeffect.stack.MetaStack.inst_tail 32 pure>)
+1740: setfield_gc(p143, ConstPtr(null), descr=<FieldP rpyeffect.stack.MetaStack.inst_region 24 pure>)
+1832: jump(p110, p138, p0, p143, 1, 1, i3, i4, i5, i6, i7, i8, i9, i10, i11, i12, i13, i14, i15, i16, ConstPtr(ptr154), ConstPtr(ptr154), ConstPtr(ptr155), ConstPtr(ptr156), p61, p22, p23, p24, p25, p26, p27, p28, p29, p30, p31, p32, descr=TargetToken(4971073632))
+1896: --end of the loop--
[8821601] jit-log-opt-bridge}
[88ae4ba] {jit-log-opt-loop
# Loop 7 (505<std_core_hnd.rpyeffect:204([#467])>+0: {"op": "PrimOp", "name": "unbox(Ptr): Num", "out": {"num": [0], "ptr": []}, "in": {"num": [], "ptr": [0]}}) : loop with 103 ops
[p0, p1, p2, p3]
+280: p4 = getfield_gc_r(p2, descr=<FieldP rpyeffect.environment.Environment.inst_values_num 16>)
+288: i6 = getarrayitem_gc_i(p4, 0, descr=<ArrayS 8>)
+292: i8 = getarrayitem_gc_i(p4, 1, descr=<ArrayS 8>)
+296: i10 = getarrayitem_gc_i(p4, 2, descr=<ArrayS 8>)
+300: i12 = getarrayitem_gc_i(p4, 3, descr=<ArrayS 8>)
+304: i14 = getarrayitem_gc_i(p4, 4, descr=<ArrayS 8>)
+308: i16 = getarrayitem_gc_i(p4, 5, descr=<ArrayS 8>)
+312: i18 = getarrayitem_gc_i(p4, 6, descr=<ArrayS 8>)
+316: i20 = getarrayitem_gc_i(p4, 7, descr=<ArrayS 8>)
+320: i22 = getarrayitem_gc_i(p4, 8, descr=<ArrayS 8>)
+324: i24 = getarrayitem_gc_i(p4, 9, descr=<ArrayS 8>)
+328: i26 = getarrayitem_gc_i(p4, 10, descr=<ArrayS 8>)
+332: i28 = getarrayitem_gc_i(p4, 11, descr=<ArrayS 8>)
+336: i30 = getarrayitem_gc_i(p4, 12, descr=<ArrayS 8>)
+340: i32 = getarrayitem_gc_i(p4, 13, descr=<ArrayS 8>)
+344: i34 = getarrayitem_gc_i(p4, 14, descr=<ArrayS 8>)
+352: i36 = getarrayitem_gc_i(p4, 15, descr=<ArrayS 8>)
+356: p37 = getfield_gc_r(p2, descr=<FieldP rpyeffect.environment.Environment.inst_values_ptr 24>)
+360: p39 = getarrayitem_gc_r(p37, 0, descr=<ArrayP 8>)
+368: p41 = getarrayitem_gc_r(p37, 1, descr=<ArrayP 8>)
+376: p43 = getarrayitem_gc_r(p37, 2, descr=<ArrayP 8>)
+384: p45 = getarrayitem_gc_r(p37, 3, descr=<ArrayP 8>)
+392: p47 = getarrayitem_gc_r(p37, 4, descr=<ArrayP 8>)
+400: p49 = getarrayitem_gc_r(p37, 5, descr=<ArrayP 8>)
+408: p51 = getarrayitem_gc_r(p37, 6, descr=<ArrayP 8>)
+416: p53 = getarrayitem_gc_r(p37, 7, descr=<ArrayP 8>)
+424: p55 = getarrayitem_gc_r(p37, 8, descr=<ArrayP 8>)
+432: p57 = getarrayitem_gc_r(p37, 9, descr=<ArrayP 8>)
+440: p59 = getarrayitem_gc_r(p37, 10, descr=<ArrayP 8>)
+448: p61 = getarrayitem_gc_r(p37, 11, descr=<ArrayP 8>)
+456: p63 = getarrayitem_gc_r(p37, 12, descr=<ArrayP 8>)
+464: p65 = getarrayitem_gc_r(p37, 13, descr=<ArrayP 8>)
+472: p67 = getarrayitem_gc_r(p37, 14, descr=<ArrayP 8>)
+480: p69 = getarrayitem_gc_r(p37, 15, descr=<ArrayP 8>)
+484: label(p0, p1, p2, p3, i6, i8, i10, i12, i14, i16, i18, i20, i22, i24, i26, i28, i30, i32, i34, i36, p39, p41, p43, p45, p47, p49, p51, p53, p55, p57, p59, p61, p63, p65, p67, p69, descr=TargetToken(4971958928))
debug_merge_point(0, 0, '505<std_core_hnd.rpyeffect:204([#467])>+0: {"op": "PrimOp". "name": "unbox(Ptr): Num". "out": {"num": [0]. "ptr": []}. "in": {"num": []. "ptr": [0]}}')
+544: guard_not_invalidated(descr=<Guard0x1285ac7b0>) [p2, i6, i8, i10, i12, i14, i16, i18, i20, i22, i24, i26, i28, i30, i32, i34, i36, p39, p41, p43, p45, p47, p49, p51, p53, p55, p57, p59, p61, p63, p65, p67, p69, p0, p1, p3]
+548: i70 = getfield_gc_i(p39, descr=<FieldS rpyeffect.region.NumBox.inst_value 8 pure>)
debug_merge_point(0, 0, '505<std_core_hnd.rpyeffect:204([#467])>+1: {"op": "Return". "args": {"num": [0]. "ptr": []}}')
+552: guard_nonnull(p1, descr=<Guard0x1285a46e0>) [p2, i6, i8, i10, i12, i14, i16, i18, i20, i22, i24, i26, i28, i30, i32, i34, i36, p39, p41, p43, p45, p47, p49, p51, p53, p55, p57, p59, p61, p63, p65, p67, p69, p0, p1, p3]
+564: i71 = getfield_gc_i(p1, descr=<FieldS rpyeffect.stored_environment.Stack__arb_arb.inst_target 16 pure>)
+572: guard_value(i71, 5134, descr=<Guard0x1285a4720>) [p2, i6, i8, i10, i12, i14, i16, i18, i20, i22, i24, i26, i28, i30, i32, i34, i36, p39, p41, p43, p45, p47, p49, p51, p53, p55, p57, p59, p61, p63, p65, p67, p69, p0, p1, p3]
+584: i73 = getfield_gc_i(p1, descr=<FieldS rpyeffect.stored_environment.Stack__1_0.inst_values_num_0 40 pure>)
+588: p74 = getfield_gc_r(p1, descr=<FieldP rpyeffect.stored_environment.Stack__arb_arb.inst_tail 8 pure>)
debug_merge_point(0, 0, '5134<main.rpyeffect:137([k@[k@[mcore:[#274]#500]#504]#508])>+0: {"op": "PrimOp". "name": "infixAdd(Int. Int): Int". "out": {"num": [0]. "ptr": []}. "in": {"num": [1. 0]. "ptr": []}}')
+592: i75 = int_add(i73, i70)
debug_merge_point(0, 0, '5134<main.rpyeffect:137([k@[k@[mcore:[#274]#500]#504]#508])>+1: {"op": "Const". "type": "num". "out": 1. "value": 1000000007}')
debug_merge_point(0, 0, '5134<main.rpyeffect:137([k@[k@[mcore:[#274]#500]#504]#508])>+2: {"op": "PrimOp". "name": "mod(Int. Int): Int". "out": {"num": [0]. "ptr": []}. "in": {"num": [0. 1]. "ptr": []}}')
+596: i77 = int_rshift(i75, 63)
+604: i78 = int_xor(i75, i77)
+608: i80 = uint_mul_high(i78, -8543223828751151131)
+628: i82 = uint_rshift(i80, 29)
+636: i83 = int_xor(i82, i77)
+640: i85 = int_mul(i83, 1000000007)
+652: i86 = int_sub(i75, i85)
debug_merge_point(0, 0, '5134<main.rpyeffect:137([k@[k@[mcore:[#274]#500]#504]#508])>+3: {"op": "Return". "args": {"num": [0]. "ptr": []}}')
+656: guard_nonnull(p74, descr=<Guard0x1285a4760>) [p2, i6, i8, i10, i12, i14, i16, i18, i20, i22, i24, i26, i28, i30, i32, i34, i36, p39, p41, p43, p45, p47, p49, p51, p53, p55, p57, p59, p61, p63, p65, p67, p69, p0, p1, p3]
+664: i87 = getfield_gc_i(p74, descr=<FieldS rpyeffect.stored_environment.Stack__arb_arb.inst_target 16 pure>)
+668: guard_value(i87, 5139, descr=<Guard0x1285a47a0>) [p2, i6, i8, i10, i12, i14, i16, i18, i20, i22, i24, i26, i28, i30, i32, i34, i36, p39, p41, p43, p45, p47, p49, p51, p53, p55, p57, p59, p61, p63, p65, p67, p69, p0, p1, p3]
+680: p89 = getfield_gc_r(p74, descr=<FieldP rpyeffect.stored_environment.Stack__arb_arb.inst_tail 8 pure>)
debug_merge_point(0, 0, '5139<main.rpyeffect:142([#525])>+0: {"op": "PrimOp". "name": "box(Num): Ptr". "out": {"num": []. "ptr": [0]}. "in": {"num": [0]. "ptr": []}}')
debug_merge_point(0, 0, '5139<main.rpyeffect:142([#525])>+1: {"op": "Return". "args": {"num": []. "ptr": [0]}}')
+684: guard_nonnull(p89, descr=<Guard0x1285a47e0>) [p2, i6, i8, i10, i12, i14, i16, i18, i20, i22, i24, i26, i28, i30, i32, i34, i36, p39, p41, p43, p45, p47, p49, p51, p53, p55, p57, p59, p61, p63, p65, p67, p69, p0, p1, p3]
+692: i90 = getfield_gc_i(p89, descr=<FieldS rpyeffect.stored_environment.Stack__arb_arb.inst_target 16 pure>)
+696: guard_value(i90, 505, descr=<Guard0x1285a4820>) [p2, i6, i8, i10, i12, i14, i16, i18, i20, i22, i24, i26, i28, i30, i32, i34, i36, p39, p41, p43, p45, p47, p49, p51, p53, p55, p57, p59, p61, p63, p65, p67, p69, p0, p1, p3]
+708: p92 = getfield_gc_r(p89, descr=<FieldP rpyeffect.stored_environment.Stack__arb_arb.inst_tail 8 pure>)
+712: guard_nonnull(p92, descr=<Guard0x1285a4860>) [p2, i6, i8, i10, i12, i14, i16, i18, i20, i22, i24, i26, i28, i30, i32, i34, i36, p39, p41, p43, p45, p47, p49, p51, p53, p55, p57, p59, p61, p63, p65, p67, p69, p0, p1, p3]
+720: i93 = getfield_gc_i(p92, descr=<FieldS rpyeffect.stored_environment.Stack__arb_arb.inst_target 16 pure>)
+724: guard_value(i93, 5134, descr=<Guard0x1285a48a0>) [p2, i6, i8, i10, i12, i14, i16, i18, i20, i22, i24, i26, i28, i30, i32, i34, i36, p39, p41, p43, p45, p47, p49, p51, p53, p55, p57, p59, p61, p63, p65, p67, p69, p0, p1, p3]
debug_merge_point(0, 0, '505<std_core_hnd.rpyeffect:204([#467])>+0: {"op": "PrimOp". "name": "unbox(Ptr): Num". "out": {"num": [0]. "ptr": []}. "in": {"num": []. "ptr": [0]}}')
+736: label(p0, p92, p2, p3, i86, i10, i12, i14, i16, i18, i20, i22, i24, i26, i28, i30, i32, i34, i36, p41, p43, p45, p47, p49, p51, p53, p55, p57, p59, p61, p63, p65, p67, p69, descr=TargetToken(4971959008))
debug_merge_point(0, 0, '505<std_core_hnd.rpyeffect:204([#467])>+0: {"op": "PrimOp". "name": "unbox(Ptr): Num". "out": {"num": [0]. "ptr": []}. "in": {"num": []. "ptr": [0]}}')
+736: guard_not_invalidated(descr=<Guard0x1285ac808>) [p2, i86, i10, i12, i14, i16, i18, i20, i22, i24, i26, i28, i30, i32, i34, i36, p41, p43, p45, p47, p49, p51, p53, p55, p57, p59, p61, p63, p65, p67, p69, p0, p92, p3]
debug_merge_point(0, 0, '505<std_core_hnd.rpyeffect:204([#467])>+1: {"op": "Return". "args": {"num": [0]. "ptr": []}}')
+740: i95 = getfield_gc_i(p92, descr=<FieldS rpyeffect.stored_environment.Stack__1_0.inst_values_num_0 40 pure>)
+744: p96 = getfield_gc_r(p92, descr=<FieldP rpyeffect.stored_environment.Stack__arb_arb.inst_tail 8 pure>)
debug_merge_point(0, 0, '5134<main.rpyeffect:137([k@[k@[mcore:[#274]#500]#504]#508])>+0: {"op": "PrimOp". "name": "infixAdd(Int. Int): Int". "out": {"num": [0]. "ptr": []}. "in": {"num": [1. 0]. "ptr": []}}')
+748: i97 = int_add(i95, i86)
debug_merge_point(0, 0, '5134<main.rpyeffect:137([k@[k@[mcore:[#274]#500]#504]#508])>+1: {"op": "Const". "type": "num". "out": 1. "value": 1000000007}')
debug_merge_point(0, 0, '5134<main.rpyeffect:137([k@[k@[mcore:[#274]#500]#504]#508])>+2: {"op": "PrimOp". "name": "mod(Int. Int): Int". "out": {"num": [0]. "ptr": []}. "in": {"num": [0. 1]. "ptr": []}}')
+752: i99 = int_rshift(i97, 63)
+760: i100 = int_xor(i97, i99)
+764: i102 = uint_mul_high(i100, -8543223828751151131)
+784: i104 = uint_rshift(i102, 29)
+792: i105 = int_xor(i104, i99)
+796: i107 = int_mul(i105, 1000000007)
+808: i108 = int_sub(i97, i107)
debug_merge_point(0, 0, '5134<main.rpyeffect:137([k@[k@[mcore:[#274]#500]#504]#508])>+3: {"op": "Return". "args": {"num": [0]. "ptr": []}}')
+812: guard_nonnull(p96, descr=<Guard0x1285a48e0>) [p2, i86, i10, i12, i14, i16, i18, i20, i22, i24, i26, i28, i30, i32, i34, i36, p41, p43, p45, p47, p49, p51, p53, p55, p57, p59, p61, p63, p65, p67, p69, p0, p92, p3]
+820: i109 = getfield_gc_i(p96, descr=<FieldS rpyeffect.stored_environment.Stack__arb_arb.inst_target 16 pure>)
+824: guard_value(i109, 5139, descr=<Guard0x1285a4920>) [p2, i86, i10, i12, i14, i16, i18, i20, i22, i24, i26, i28, i30, i32, i34, i36, p41, p43, p45, p47, p49, p51, p53, p55, p57, p59, p61, p63, p65, p67, p69, p0, p92, p3]
+836: p111 = getfield_gc_r(p96, descr=<FieldP rpyeffect.stored_environment.Stack__arb_arb.inst_tail 8 pure>)
debug_merge_point(0, 0, '5139<main.rpyeffect:142([#525])>+0: {"op": "PrimOp". "name": "box(Num): Ptr". "out": {"num": []. "ptr": [0]}. "in": {"num": [0]. "ptr": []}}')
debug_merge_point(0, 0, '5139<main.rpyeffect:142([#525])>+1: {"op": "Return". "args": {"num": []. "ptr": [0]}}')
+840: guard_nonnull(p111, descr=<Guard0x1285a4960>) [p2, i86, i10, i12, i14, i16, i18, i20, i22, i24, i26, i28, i30, i32, i34, i36, p41, p43, p45, p47, p49, p51, p53, p55, p57, p59, p61, p63, p65, p67, p69, p0, p92, p3]
+848: i112 = getfield_gc_i(p111, descr=<FieldS rpyeffect.stored_environment.Stack__arb_arb.inst_target 16 pure>)
+852: guard_value(i112, 505, descr=<Guard0x1285a49a0>) [p2, i86, i10, i12, i14, i16, i18, i20, i22, i24, i26, i28, i30, i32, i34, i36, p41, p43, p45, p47, p49, p51, p53, p55, p57, p59, p61, p63, p65, p67, p69, p0, p92, p3]
+864: p114 = getfield_gc_r(p111, descr=<FieldP rpyeffect.stored_environment.Stack__arb_arb.inst_tail 8 pure>)
+868: guard_nonnull(p114, descr=<Guard0x1285a49e0>) [p2, i86, i10, i12, i14, i16, i18, i20, i22, i24, i26, i28, i30, i32, i34, i36, p41, p43, p45, p47, p49, p51, p53, p55, p57, p59, p61, p63, p65, p67, p69, p0, p92, p3]
+876: i115 = getfield_gc_i(p114, descr=<FieldS rpyeffect.stored_environment.Stack__arb_arb.inst_target 16 pure>)
+880: guard_value(i115, 5134, descr=<Guard0x1285a4a20>) [p2, i86, i10, i12, i14, i16, i18, i20, i22, i24, i26, i28, i30, i32, i34, i36, p41, p43, p45, p47, p49, p51, p53, p55, p57, p59, p61, p63, p65, p67, p69, p0, p92, p3]
debug_merge_point(0, 0, '505<std_core_hnd.rpyeffect:204([#467])>+0: {"op": "PrimOp". "name": "unbox(Ptr): Num". "out": {"num": [0]. "ptr": []}. "in": {"num": []. "ptr": [0]}}')
+892: jump(p0, p114, p2, p3, i108, i10, i12, i14, i16, i18, i20, i22, i24, i26, i28, i30, i32, i34, i36, p41, p43, p45, p47, p49, p51, p53, p55, p57, p59, p61, p63, p65, p67, p69, descr=TargetToken(4971959008))
+904: --end of the loop--
[88c27f8] jit-log-opt-loop}
[8c1907e] {jit-log-opt-loop
# Loop 8 (307<std_core_hnd.rpyeffect:6(Name(evvSwapCreate1))>+2: {"op": "Jump", "target": 301}) : entry bridge with 361 ops
[p0, p1, p2, p3]
+440: p4 = getfield_gc_r(p2, descr=<FieldP rpyeffect.environment.Environment.inst_values_num 16>)
+448: i6 = getarrayitem_gc_i(p4, 0, descr=<ArrayS 8>)
+452: i8 = getarrayitem_gc_i(p4, 1, descr=<ArrayS 8>)
+456: i10 = getarrayitem_gc_i(p4, 2, descr=<ArrayS 8>)
+460: i12 = getarrayitem_gc_i(p4, 3, descr=<ArrayS 8>)
+464: i14 = getarrayitem_gc_i(p4, 4, descr=<ArrayS 8>)
+468: i16 = getarrayitem_gc_i(p4, 5, descr=<ArrayS 8>)
+472: i18 = getarrayitem_gc_i(p4, 6, descr=<ArrayS 8>)
+476: i20 = getarrayitem_gc_i(p4, 7, descr=<ArrayS 8>)
+480: i22 = getarrayitem_gc_i(p4, 8, descr=<ArrayS 8>)
+484: i24 = getarrayitem_gc_i(p4, 9, descr=<ArrayS 8>)
+488: i26 = getarrayitem_gc_i(p4, 10, descr=<ArrayS 8>)
+492: i28 = getarrayitem_gc_i(p4, 11, descr=<ArrayS 8>)
+496: i30 = getarrayitem_gc_i(p4, 12, descr=<ArrayS 8>)
+500: i32 = getarrayitem_gc_i(p4, 13, descr=<ArrayS 8>)
+504: i34 = getarrayitem_gc_i(p4, 14, descr=<ArrayS 8>)
+512: i36 = getarrayitem_gc_i(p4, 15, descr=<ArrayS 8>)
+516: p37 = getfield_gc_r(p2, descr=<FieldP rpyeffect.environment.Environment.inst_values_ptr 24>)
+520: p39 = getarrayitem_gc_r(p37, 0, descr=<ArrayP 8>)
+528: p41 = getarrayitem_gc_r(p37, 1, descr=<ArrayP 8>)
+536: p43 = getarrayitem_gc_r(p37, 2, descr=<ArrayP 8>)
+544: p45 = getarrayitem_gc_r(p37, 3, descr=<ArrayP 8>)
+552: p47 = getarrayitem_gc_r(p37, 4, descr=<ArrayP 8>)
+560: p49 = getarrayitem_gc_r(p37, 5, descr=<ArrayP 8>)
+568: p51 = getarrayitem_gc_r(p37, 6, descr=<ArrayP 8>)
+576: p53 = getarrayitem_gc_r(p37, 7, descr=<ArrayP 8>)
+584: p55 = getarrayitem_gc_r(p37, 8, descr=<ArrayP 8>)
+592: p57 = getarrayitem_gc_r(p37, 9, descr=<ArrayP 8>)
+600: p59 = getarrayitem_gc_r(p37, 10, descr=<ArrayP 8>)
+608: p61 = getarrayitem_gc_r(p37, 11, descr=<ArrayP 8>)
+616: p63 = getarrayitem_gc_r(p37, 12, descr=<ArrayP 8>)
+624: p65 = getarrayitem_gc_r(p37, 13, descr=<ArrayP 8>)
+632: p67 = getarrayitem_gc_r(p37, 14, descr=<ArrayP 8>)
+640: p69 = getarrayitem_gc_r(p37, 15, descr=<ArrayP 8>)
debug_merge_point(0, 0, '307<std_core_hnd.rpyeffect:6(Name(evvSwapCreate1))>+2: {"op": "Jump". "target": 301}')
+644: guard_not_invalidated(descr=<Guard0x1285fa338>) [p2, i6, i8, i10, i12, i14, i16, i18, i20, i22, i24, i26, i28, i30, i32, i34, i36, p39, p41, p43, p45, p47, p49, p51, p53, p55, p57, p59, p61, p63, p65, p67, p69, p0, p1, p3]
+648: guard_nonnull(p1, descr=<Guard0x1285ecbe0>) [p2, i6, i8, i10, i12, i14, i16, i18, i20, i22, i24, i26, i28, i30, i32, i34, i36, p39, p41, p43, p45, p47, p49, p51, p53, p55, p57, p59, p61, p63, p65, p67, p69, p0, p1, p3]
+660: i70 = getfield_gc_i(p1, descr=<FieldS rpyeffect.stored_environment.Stack__arb_arb.inst_target 16 pure>)
+676: guard_value(i70, 306, descr=<Guard0x1285ecc20>) [p2, i6, i8, i10, i12, i14, i16, i18, i20, i22, i24, i26, i28, i30, i32, i34, i36, p39, p41, p43, p45, p47, p49, p51, p53, p55, p57, p59, p61, p63, p65, p67, p69, p0, p1, p3]
debug_merge_point(0, 0, '301<std_core_hnd.rpyeffect:0(Name(getCurrentEvv))>+0: {"op": "Const". "type": "ptr". "out": 0. "format": "string". "value": "current-evv"}')
debug_merge_point(0, 0, '301<std_core_hnd.rpyeffect:0(Name(getCurrentEvv))>+1: {"op": "PrimOp". "name": "getGlobal(String): Ptr". "out": {"num": []. "ptr": [0]}. "in": {"num": []. "ptr": [0]}}')
debug_merge_point(0, 0, '301<std_core_hnd.rpyeffect:0(Name(getCurrentEvv))>+2: {"op": "PrimOp". "name": "getRef(Ref[Ptr]): Ptr". "out": {"num": []. "ptr": [0]}. "in": {"num": []. "ptr": [0]}}')
+692: p73 = getfield_gc_r(ConstPtr(ptr72), descr=<FieldP rpyeffect.region.PtrRef.inst_value 8>)
debug_merge_point(0, 0, '301<std_core_hnd.rpyeffect:0(Name(getCurrentEvv))>+3: {"op": "Return". "args": {"num": []. "ptr": [0]}}')
+696: i74 = getfield_gc_i(p1, descr=<FieldS rpyeffect.stored_environment.Stack__1_1.inst_values_num_0 40 pure>)
+704: p75 = getfield_gc_r(p1, descr=<FieldP rpyeffect.stored_environment.Stack__1_1.inst_values_ptr_0 48 pure>)
+712: p76 = getfield_gc_r(p1, descr=<FieldP rpyeffect.stored_environment.Stack__arb_arb.inst_tail 8 pure>)
debug_merge_point(0, 0, '306<std_core_hnd.rpyeffect:5([k@Name(evvSwapCreate1)#21])>+0: {"op": "Push". "target": 305. "args": {"num": []. "ptr": [0. 1]}}')
debug_merge_point(0, 0, '306<std_core_hnd.rpyeffect:5([k@Name(evvSwapCreate1)#21])>+1: {"op": "Jump". "target": 331}')
debug_merge_point(0, 0, '331<std_core_hnd.rpyeffect:30(Name(elt))>+0: {"op": "Switch". "scrutinee": 0. "values": [0]. "targets": [329]. "default": 330}')
+720: i78 = int_eq(i74, 0)
guard_false(i78, descr=<Guard0x1285ecc60>) [p2, i6, i8, i10, i12, i14, i16, i18, i20, i22, i24, i26, i28, i30, i32, i34, i36, p39, p41, p43, p45, p47, p49, p51, p53, p55, p57, p59, p61, p63, p65, p67, p69, p0, p1, p3]
debug_merge_point(0, 0, '330<std_core_hnd.rpyeffect:29([switch default case#88])>+0: {"op": "Proj". "out": 0. "type": Interned(evv). "scrutinee": 0. "tag": Interned(cons). "field": 1. "field_type": "ptr"}')
+728: p79 = getfield_gc_r(p73, descr=<FieldP rpyeffect.stored_environment.Data__arb_arb.inst_tag 8>)
+744: guard_value(p79, ConstPtr(ptr80), descr=<Guard0x1285ecca0>) [p2, i6, i8, i10, i12, i14, i16, i18, i20, i22, i24, i26, i28, i30, i32, i34, i36, p39, p41, p43, p45, p47, p49, p51, p53, p55, p57, p59, p61, p63, p65, p67, p69, p0, p1, p3]
+752: guard_class(p73, ConstClass(Data__0_2), descr=<Guard0x1285ecce0>) [p2, i6, i8, i10, i12, i14, i16, i18, i20, i22, i24, i26, i28, i30, i32, i34, i36, p39, p41, p43, p45, p47, p49, p51, p53, p55, p57, p59, p61, p63, p65, p67, p69, p0, p1, p3]
+768: p82 = getfield_gc_r(p73, descr=<FieldP rpyeffect.stored_environment.Data__0_2.inst_values_ptr_1 40 pure>)
debug_merge_point(0, 0, '330<std_core_hnd.rpyeffect:29([switch default case#88])>+1: {"op": "Const". "type": "num". "out": 1. "value": 1}')
debug_merge_point(0, 0, '330<std_core_hnd.rpyeffect:29([switch default case#88])>+2: {"op": "PrimOp". "name": "infixSub(Int. Int): Int". "out": {"num": [0]. "ptr": []}. "in": {"num": [0. 1]. "ptr": []}}')
+772: i84 = int_sub(i74, 1)
debug_merge_point(0, 0, '330<std_core_hnd.rpyeffect:29([switch default case#88])>+3: {"op": "Jump". "target": 331}')
debug_merge_point(0, 0, '331<std_core_hnd.rpyeffect:30(Name(elt))>+0: {"op": "Switch". "scrutinee": 0. "values": [0]. "targets": [329]. "default": 330}')
+776: i86 = int_eq(i84, 0)
guard_true(i86, descr=<Guard0x1285ecd20>) [p2, i6, i8, i10, i12, i14, i16, i18, i20, i22, i24, i26, i28, i30, i32, i34, i36, p39, p41, p43, p45, p47, p49, p51, p53, p55, p57, p59, p61, p63, p65, p67, p69, p0, p1, p3]
debug_merge_point(0, 0, '329<std_core_hnd.rpyeffect:28([switch case for 0#86])>+0: {"op": "Proj". "out": 0. "type": Interned(evv). "scrutinee": 0. "tag": Interned(cons). "field": 0. "field_type": "ptr"}')
+784: p87 = getfield_gc_r(p82, descr=<FieldP rpyeffect.stored_environment.Data__arb_arb.inst_tag 8>)
+788: guard_value(p87, ConstPtr(ptr88), descr=<Guard0x1285ecd60>) [p2, i6, i8, i10, i12, i14, i16, i18, i20, i22, i24, i26, i28, i30, i32, i34, i36, p39, p41, p43, p45, p47, p49, p51, p53, p55, p57, p59, p61, p63, p65, p67, p69, p0, p1, p3]
+796: guard_class(p82, ConstClass(Data__0_2), descr=<Guard0x1285ecda0>) [p2, i6, i8, i10, i12, i14, i16, i18, i20, i22, i24, i26, i28, i30, i32, i34, i36, p39, p41, p43, p45, p47, p49, p51, p53, p55, p57, p59, p61, p63, p65, p67, p69, p0, p1, p3]
+812: p90 = getfield_gc_r(p82, descr=<FieldP rpyeffect.stored_environment.Data__0_2.inst_values_ptr_0 32 pure>)
debug_merge_point(0, 0, '329<std_core_hnd.rpyeffect:28([switch case for 0#86])>+1: {"op": "Return". "args": {"num": []. "ptr": [0]}}')
+816: guard_nonnull(p76, descr=<Guard0x1285ecde0>) [p2, i6, i8, i10, i12, i14, i16, i18, i20, i22, i24, i26, i28, i30, i32, i34, i36, p39, p41, p43, p45, p47, p49, p51, p53, p55, p57, p59, p61, p63, p65, p67, p69, p0, p1, p3]
+824: i91 = getfield_gc_i(p76, descr=<FieldS rpyeffect.stored_environment.Stack__arb_arb.inst_target 16 pure>)
+828: guard_value(i91, 802, descr=<Guard0x1285ece20>) [p2, i6, i8, i10, i12, i14, i16, i18, i20, i22, i24, i26, i28, i30, i32, i34, i36, p39, p41, p43, p45, p47, p49, p51, p53, p55, p57, p59, p61, p63, p65, p67, p69, p0, p1, p3]
debug_merge_point(0, 0, '305<std_core_hnd.rpyeffect:4([k@[k@Name(evvSwapCreate1)#21]#23])>+0: {"op": "Construct". "out": 0. "type": Interned(evv). "tag": Interned(cons). "args": {"num": []. "ptr": [0. 2]}}')
debug_merge_point(0, 0, '305<std_core_hnd.rpyeffect:4([k@[k@Name(evvSwapCreate1)#21]#23])>+1: {"op": "Push". "target": 304. "args": {"num": []. "ptr": [1]}}')
debug_merge_point(0, 0, '305<std_core_hnd.rpyeffect:4([k@[k@Name(evvSwapCreate1)#21]#23])>+2: {"op": "Jump". "target": 302}')
debug_merge_point(0, 0, '302<std_core_hnd.rpyeffect:1(Name(setCurrentEvv))>+0: {"op": "Const". "type": "ptr". "out": 1. "format": "string". "value": "current-evv"}')
debug_merge_point(0, 0, '302<std_core_hnd.rpyeffect:1(Name(setCurrentEvv))>+1: {"op": "PrimOp". "name": "getGlobal(String): Ptr". "out": {"num": []. "ptr": [1]}. "in": {"num": []. "ptr": [1]}}')
debug_merge_point(0, 0, '302<std_core_hnd.rpyeffect:1(Name(setCurrentEvv))>+2: {"op": "PrimOp". "name": "setRef(Ref[Ptr]. Ptr): Unit". "out": {"num": []. "ptr": [0]}. "in": {"num": []. "ptr": [1. 0]}}')
debug_merge_point(0, 0, '302<std_core_hnd.rpyeffect:1(Name(setCurrentEvv))>+3: {"op": "Return". "args": {"num": []. "ptr": [0]}}')
debug_merge_point(0, 0, '304<std_core_hnd.rpyeffect:3([k@[k@[k@Name(evvSwapCreate1)#21]#23]#26])>+0: {"op": "Copy". "type": "ptr". "from": 1. "to". 0}')
debug_merge_point(0, 0, '304<std_core_hnd.rpyeffect:3([k@[k@[k@Name(evvSwapCreate1)#21]#23]#26])>+1: {"op": "Return". "args": {"num": []. "ptr": [0]}}')
+840: i93 = getfield_gc_i(p76, descr=<FieldS rpyeffect.stored_environment.Stack__1_1.inst_values_num_0 40 pure>)
+844: p94 = getfield_gc_r(p76, descr=<FieldP rpyeffect.stored_environment.Stack__1_1.inst_values_ptr_0 48 pure>)
+852: p95 = getfield_gc_r(p76, descr=<FieldP rpyeffect.stored_environment.Stack__arb_arb.inst_tail 8 pure>)
debug_merge_point(0, 0, '802<std_core_hnd.rpyeffect:501([k@[mcore:[#725]#1309]#1314])>+0: {"op": "Push". "target": 801. "args": {"num": [0]. "ptr": [0]}}')
debug_merge_point(0, 0, '802<std_core_hnd.rpyeffect:501([k@[mcore:[#725]#1309]#1314])>+1: {"op": "Invoke". "receiver": 1. "tag": Interned(%apply():p). "args" : {"num": []. "ptr": []}}')
+856: p96 = getfield_gc_r(p94, descr=<FieldP rpyeffect.stored_environment.CoData__arb_arb.inst_vtable 24 pure>)
+868: guard_value(p96, ConstPtr(ptr97), descr=<Guard0x1285ece60>) [p2, i6, i8, i10, i12, i14, i16, i18, i20, i22, i24, i26, i28, i30, i32, i34, i36, p39, p41, p43, p45, p47, p49, p51, p53, p55, p57, p59, p61, p63, p65, p67, p69, p0, p1, p3]
debug_merge_point(0, 0, '5091<main.rpyeffect:94([#333])>+0: {"op": "Const". "type": "ptr". "out": 0. "format": "string". "value": "Name(import$std/core/hnd)"}')
debug_merge_point(0, 0, '5091<main.rpyeffect:94([#333])>+1: {"op": "PrimOp". "name": "getGlobal(String): Ptr". "out": {"num": []. "ptr": [0]}. "in": {"num": []. "ptr": [0]}}')
debug_merge_point(0, 0, '5091<main.rpyeffect:94([#333])>+2: {"op": "Push". "target": 5090. "args": {"num": []. "ptr": []}}')
debug_merge_point(0, 0, '5091<main.rpyeffect:94([#333])>+3: {"op": "Jump". "target": 5081}')
debug_merge_point(0, 0, '5081<main.rpyeffect:84([mcore:[#222]#247])>+0: {"op": "Const". "type": "num". "out": 0. "value": 0}')
debug_merge_point(0, 0, '5081<main.rpyeffect:84([mcore:[#222]#247])>+1: {"op": "Const". "type": "ptr". "out": 0. "format": "string". "value": "Name(import$std/core/hnd)"}')
debug_merge_point(0, 0, '5081<main.rpyeffect:84([mcore:[#222]#247])>+2: {"op": "PrimOp". "name": "getGlobal(String): Ptr". "out": {"num": []. "ptr": [0]}. "in": {"num": []. "ptr": [0]}}')
debug_merge_point(0, 0, '5081<main.rpyeffect:84([mcore:[#222]#247])>+3: {"op": "Push". "target": 5080. "args": {"num": [0]. "ptr": []}}')
debug_merge_point(0, 0, '5081<main.rpyeffect:84([mcore:[#222]#247])>+4: {"op": "Jump". "target": 5069}')
debug_merge_point(0, 0, '5069<main.rpyeffect:72([mcore:[#214]#243])>+0: {"op": "Const". "type": "ptr". "out": 0. "format": "string". "value": "Name(import$std/core/hnd)"}')
debug_merge_point(0, 0, '5069<main.rpyeffect:72([mcore:[#214]#243])>+1: {"op": "PrimOp". "name": "getGlobal(String): Ptr". "out": {"num": []. "ptr": [0]}. "in": {"num": []. "ptr": [0]}}')
debug_merge_point(0, 0, '5069<main.rpyeffect:72([mcore:[#214]#243])>+2: {"op": "CallLib". "lib": "0". "symbol": "getCurrentEvv"}')
debug_merge_point(0, 0, '301<std_core_hnd.rpyeffect:0(Name(getCurrentEvv))>+0: {"op": "Const". "type": "ptr". "out": 0. "format": "string". "value": "current-evv"}')
debug_merge_point(0, 0, '301<std_core_hnd.rpyeffect:0(Name(getCurrentEvv))>+1: {"op": "PrimOp". "name": "getGlobal(String): Ptr". "out": {"num": []. "ptr": [0]}. "in": {"num": []. "ptr": [0]}}')
debug_merge_point(0, 0, '301<std_core_hnd.rpyeffect:0(Name(getCurrentEvv))>+2: {"op": "PrimOp". "name": "getRef(Ref[Ptr]): Ptr". "out": {"num": []. "ptr": [0]}. "in": {"num": []. "ptr": [0]}}')
debug_merge_point(0, 0, '301<std_core_hnd.rpyeffect:0(Name(getCurrentEvv))>+3: {"op": "Return". "args": {"num": []. "ptr": [0]}}')
debug_merge_point(0, 0, '5080<main.rpyeffect:83([k@[mcore:[#222]#247]#253])>+0: {"op": "PrimOp". "name": "promote_ptr". "out": {"num": []. "ptr": [0]}. "in": {"num": []. "ptr": [0]}}')
debug_merge_point(0, 0, '5080<main.rpyeffect:83([k@[mcore:[#222]#247]#253])>+1: {"op": "Const". "type": "ptr". "out": 1. "format": "string". "value": "Name(import$std/core/hnd)"}')
debug_merge_point(0, 0, '5080<main.rpyeffect:83([k@[mcore:[#222]#247]#253])>+2: {"op": "PrimOp". "name": "getGlobal(String): Ptr". "out": {"num": []. "ptr": [1]}. "in": {"num": []. "ptr": [1]}}')
debug_merge_point(0, 0, '5080<main.rpyeffect:83([k@[mcore:[#222]#247]#253])>+3: {"op": "Push". "target": 5079. "args": {"num": []. "ptr": []}}')
debug_merge_point(0, 0, '5080<main.rpyeffect:83([k@[mcore:[#222]#247]#253])>+4: {"op": "Jump". "target": 5068}')
debug_merge_point(0, 0, '5068<main.rpyeffect:71([mcore:[#213]#237])>+0: {"op": "Const". "type": "ptr". "out": 1. "format": "string". "value": "Name(import$std/core/hnd)"}')
debug_merge_point(0, 0, '5068<main.rpyeffect:71([mcore:[#213]#237])>+1: {"op": "PrimOp". "name": "getGlobal(String): Ptr". "out": {"num": []. "ptr": [1]}. "in": {"num": []. "ptr": [1]}}')
debug_merge_point(0, 0, '5068<main.rpyeffect:71([mcore:[#213]#237])>+2: {"op": "CallLib". "lib": "1". "symbol": "elt"}')
debug_merge_point(0, 0, '331<std_core_hnd.rpyeffect:30(Name(elt))>+0: {"op": "Switch". "scrutinee": 0. "values": [0]. "targets": [329]. "default": 330}')
debug_merge_point(0, 0, '329<std_core_hnd.rpyeffect:28([switch case for 0#86])>+0: {"op": "Proj". "out": 0. "type": Interned(evv). "scrutinee": 0. "tag": Interned(cons). "field": 0. "field_type": "ptr"}')
debug_merge_point(0, 0, '329<std_core_hnd.rpyeffect:28([switch case for 0#86])>+1: {"op": "Return". "args": {"num": []. "ptr": [0]}}')
debug_merge_point(0, 0, '5079<main.rpyeffect:82([k@[k@[mcore:[#222]#247]#253]#261])>+0: {"op": "Match". "type": Interned(std/core/hnd/ev). "scrutinee": 0. "clauses": [{"tag": Interned(std/core/hnd/Ev). "target": 5078. "args": {"num": []. "ptr": [1. 2. 3. 4]}}]. "default": {"tag": Interned(0ebd4aad-cbef-458e-b7ce-546cf0866444#[Missing Tag#1212]). "target": 5070. "args": {"num": []. "ptr": []}}}')
+876: p98 = getfield_gc_r(p90, descr=<FieldP rpyeffect.stored_environment.Data__arb_arb.inst_tag 8>)
+888: guard_value(p98, ConstPtr(ptr99), descr=<Guard0x1285ecea0>) [p2, i6, i8, i10, i12, i14, i16, i18, i20, i22, i24, i26, i28, i30, i32, i34, i36, p39, p41, p43, p45, p47, p49, p51, p53, p55, p57, p59, p61, p63, p65, p67, p69, p0, p1, p3]
+896: p100 = getfield_gc_r(p90, descr=<FieldP rpyeffect.stored_environment.Data__arb_arb.inst_values_ptr 24 pure>)
+900: p102 = getarrayitem_gc_pure_r(p100, 0, descr=<ArrayP 8>)
+900: p104 = getarrayitem_gc_pure_r(p100, 1, descr=<ArrayP 8>)
+904: p106 = getarrayitem_gc_pure_r(p100, 2, descr=<ArrayP 8>)
+912: p108 = getarrayitem_gc_pure_r(p100, 3, descr=<ArrayP 8>)
debug_merge_point(0, 0, '5078<main.rpyeffect:81([#265])>+0: {"op": "Copy". "type": "ptr". "from": 0. "to". 1}')
debug_merge_point(0, 0, '5078<main.rpyeffect:81([#265])>+1: {"op": "Copy". "type": "ptr". "from": 2. "to". 0}')
debug_merge_point(0, 0, '5078<main.rpyeffect:81([#265])>+2: {"op": "Match". "type": Interned(main/flip). "scrutinee": 3. "clauses": [{"tag": Interned(main/@Hnd-flip). "target": 5077. "args": {"num": [0]. "ptr": [2]}}]. "default": {"tag": Interned(0ebd4aad-cbef-458e-b7ce-546cf0866444#[Missing Tag#1211]). "target": 5072. "args": {"num": []. "ptr": []}}}')
+916: p109 = getfield_gc_r(p106, descr=<FieldP rpyeffect.stored_environment.Data__arb_arb.inst_tag 8>)
+932: guard_value(p109, ConstPtr(ptr110), descr=<Guard0x1285ecee0>) [p2, i6, i8, i10, i12, i14, i16, i18, i20, i22, i24, i26, i28, i30, i32, i34, i36, p39, p41, p43, p45, p47, p49, p51, p53, p55, p57, p59, p61, p63, p65, p67, p69, p0, p1, p3]
+940: i111 = getfield_gc_i(p106, descr=<FieldS rpyeffect.stored_environment.Data__1_1.inst_values_num_0 32 pure>)
+940: p112 = getfield_gc_r(p106, descr=<FieldP rpyeffect.stored_environment.Data__1_1.inst_values_ptr_0 40 pure>)
debug_merge_point(0, 0, '5077<main.rpyeffect:80([match_main/@Hnd-flip@[#265]#272])>+0: {"op": "Match". "type": Interned(std/core/hnd/clause0). "scrutinee": 2. "clauses": [{"tag": Interned(std/core/hnd/Clause0). "target": 5076. "args": {"num": []. "ptr": [2]}}]. "default": {"tag": Interned(0ebd4aad-cbef-458e-b7ce-546cf0866444#[Missing Tag#1210]). "target": 5074. "args": {"num": []. "ptr": []}}}')
+944: p113 = getfield_gc_r(p112, descr=<FieldP rpyeffect.stored_environment.Data__arb_arb.inst_tag 8>)
+952: guard_value(p113, ConstPtr(ptr114), descr=<Guard0x1285ecf20>) [p2, i6, i8, i10, i12, i14, i16, i18, i20, i22, i24, i26, i28, i30, i32, i34, i36, p39, p41, p43, p45, p47, p49, p51, p53, p55, p57, p59, p61, p63, p65, p67, p69, p0, p1, p3]
+960: p115 = getfield_gc_r(p112, descr=<FieldP rpyeffect.stored_environment.Data__0_1.inst_values_ptr_0 32 pure>)
debug_merge_point(0, 0, '5076<main.rpyeffect:79([#279])>+0: {"op": "Push". "target": 5075. "args": {"num": []. "ptr": []}}')
debug_merge_point(0, 0, '5076<main.rpyeffect:79([#279])>+1: {"op": "Invoke". "receiver": 2. "tag": Interned(%apply(pp):p). "args" : {"num": []. "ptr": [0. 1]}}')
+964: p116 = getfield_gc_r(p115, descr=<FieldP rpyeffect.stored_environment.CoData__arb_arb.inst_vtable 24 pure>)
+972: guard_value(p116, ConstPtr(ptr117), descr=<Guard0x1285ecf60>) [p2, i6, i8, i10, i12, i14, i16, i18, i20, i22, i24, i26, i28, i30, i32, i34, i36, p39, p41, p43, p45, p47, p49, p51, p53, p55, p57, p59, p61, p63, p65, p67, p69, p0, p1, p3]
debug_merge_point(0, 0, '5193<main.rpyeffect:196([method_%apply(pp):p@[mcore:[#327]#765]#772])>+0: {"op": "Const". "type": "ptr". "out": 2. "format": "string". "value": "Name(import$std/core/hnd)"}')
debug_merge_point(0, 0, '5193<main.rpyeffect:196([method_%apply(pp):p@[mcore:[#327]#765]#772])>+1: {"op": "PrimOp". "name": "getGlobal(String): Ptr". "out": {"num": []. "ptr": [2]}. "in": {"num": []. "ptr": [2]}}')
debug_merge_point(0, 0, '5193<main.rpyeffect:196([method_%apply(pp):p@[mcore:[#327]#765]#772])>+2: {"op": "Jump". "target": 5146}')
debug_merge_point(0, 0, '5146<main.rpyeffect:149([mcore:[#279]#533])>+0: {"op": "New". "out": 1. "targets": [5143. 5145]. "args": {"num": []. "ptr": []}}')
debug_merge_point(0, 0, '5146<main.rpyeffect:149([mcore:[#279]#533])>+1: {"op": "Const". "type": "ptr". "out": 2. "format": "string". "value": "Name(import$std/core/hnd)"}')
debug_merge_point(0, 0, '5146<main.rpyeffect:149([mcore:[#279]#533])>+2: {"op": "PrimOp". "name": "getGlobal(String): Ptr". "out": {"num": []. "ptr": [2]}. "in": {"num": []. "ptr": [2]}}')
debug_merge_point(0, 0, '5146<main.rpyeffect:149([mcore:[#279]#533])>+3: {"op": "Jump". "target": 5132}')
debug_merge_point(0, 0, '5132<main.rpyeffect:135([mcore:[#262]#487])>+0: {"op": "Const". "type": "ptr". "out": 2. "format": "string". "value": "Name(import$std/core/hnd)"}')
debug_merge_point(0, 0, '5132<main.rpyeffect:135([mcore:[#262]#487])>+1: {"op": "PrimOp". "name": "getGlobal(String): Ptr". "out": {"num": []. "ptr": [2]}. "in": {"num": []. "ptr": [2]}}')
debug_merge_point(0, 0, '5132<main.rpyeffect:135([mcore:[#262]#487])>+2: {"op": "CallLib". "lib": "2". "symbol": "std/core/hnd/yield-to"}')
debug_merge_point(0, 0, '1022<std_core_hnd.rpyeffect:721([mcore:[#893]#2108])>+0: {"op": "Push". "target": 1021. "args": {"num": []. "ptr": [1. 0]}}')
debug_merge_point(0, 0, '1022<std_core_hnd.rpyeffect:721([mcore:[#893]#2108])>+1: {"op": "Jump". "target": 509}')
debug_merge_point(0, 0, '509<std_core_hnd.rpyeffect:208([mcore:[#471]#472])>+0: {"op": "Jump". "target": 301}')
debug_merge_point(0, 0, '301<std_core_hnd.rpyeffect:0(Name(getCurrentEvv))>+0: {"op": "Const". "type": "ptr". "out": 0. "format": "string". "value": "current-evv"}')
debug_merge_point(0, 0, '301<std_core_hnd.rpyeffect:0(Name(getCurrentEvv))>+1: {"op": "PrimOp". "name": "getGlobal(String): Ptr". "out": {"num": []. "ptr": [0]}. "in": {"num": []. "ptr": [0]}}')
debug_merge_point(0, 0, '301<std_core_hnd.rpyeffect:0(Name(getCurrentEvv))>+2: {"op": "PrimOp". "name": "getRef(Ref[Ptr]): Ptr". "out": {"num": []. "ptr": [0]}. "in": {"num": []. "ptr": [0]}}')
debug_merge_point(0, 0, '301<std_core_hnd.rpyeffect:0(Name(getCurrentEvv))>+3: {"op": "Return". "args": {"num": []. "ptr": [0]}}')
debug_merge_point(0, 0, '1021<std_core_hnd.rpyeffect:720([k@[mcore:[#893]#2108]#2110])>+0: {"op": "Push". "target": 1020. "args": {"num": []. "ptr": [0]}}')
debug_merge_point(0, 0, '1021<std_core_hnd.rpyeffect:720([k@[mcore:[#893]#2108]#2110])>+1: {"op": "Copy". "type": "ptr". "from": 2. "to". 0}')
debug_merge_point(0, 0, '1021<std_core_hnd.rpyeffect:720([k@[mcore:[#893]#2108]#2110])>+2: {"op": "Jump". "target": 507}')
debug_merge_point(0, 0, '507<std_core_hnd.rpyeffect:206([mcore:[#470]#437])>+0: {"op": "Const". "type": "num". "out": 0. "value": 0}')
debug_merge_point(0, 0, '507<std_core_hnd.rpyeffect:206([mcore:[#470]#437])>+1: {"op": "ShiftDyn". "out": 0. "n": 0. "label": 0}')
+980: i118 = instance_ptr_eq(p0, p104)
guard_false(i118, descr=<Guard0x1285ecfa0>) [p2, i6, i8, i10, i12, i14, i16, i18, i20, i22, i24, i26, i28, i30, i32, i34, i36, p39, p41, p43, p45, p47, p49, p51, p53, p55, p57, p59, p61, p63, p65, p67, p69, p0, p1, p3]
+992: p119 = getfield_gc_r(p3, descr=<FieldP rpyeffect.stack.MetaStack.inst_region 24 pure>)
+1000: guard_isnull(p119, descr=<Guard0x1285ecfe0>) [p2, i6, i8, i10, i12, i14, i16, i18, i20, i22, i24, i26, i28, i30, i32, i34, i36, p39, p41, p43, p45, p47, p49, p51, p53, p55, p57, p59, p61, p63, p65, p67, p69, p0, p1, p3]
+1008: p120 = getfield_gc_r(p3, descr=<FieldP rpyeffect.stack.MetaStack.inst_label 16 pure>)
+1012: i121 = instance_ptr_eq(p120, p104)
guard_true(i121, descr=<Guard0x1285ed020>) [p2, i6, i8, i10, i12, i14, i16, i18, i20, i22, i24, i26, i28, i30, i32, i34, i36, p39, p41, p43, p45, p47, p49, p51, p53, p55, p57, p59, p61, p63, p65, p67, p69, p0, p1, p3]
+1020: p122 = getfield_gc_r(p3, descr=<FieldP rpyeffect.stack.MetaStackLike.inst_stack 8 pure>)
+1024: p123 = getfield_gc_r(p3, descr=<FieldP rpyeffect.stack.MetaStack.inst_tail 32 pure>)
+1032: guard_nonnull_class(p123, 4348275712, descr=<Guard0x1285fa390>) [p2, i6, i8, i10, i12, i14, i16, i18, i20, i22, i24, i26, i28, i30, i32, i34, i36, p39, p41, p43, p45, p47, p49, p51, p53, p55, p57, p59, p61, p63, p65, p67, p69, p0, p1, p3]
+1056: p125 = getfield_gc_r(p123, descr=<FieldP rpyeffect.stack.MetaStackLike.inst_stack 8 pure>)
+1064: p126 = getfield_gc_r(p123, descr=<FieldP rpyeffect.stack.MetaStack.inst_label 16 pure>)
+1072: p127 = getfield_gc_r(p123, descr=<FieldP rpyeffect.stack.MetaStack.inst_tail 32 pure>)
+1076: guard_nonnull(p125, descr=<Guard0x1285ed060>) [p2, i6, i8, i10, i12, i14, i16, i18, i20, i22, i24, i26, i28, i30, i32, i34, i36, p39, p41, p43, p45, p47, p49, p51, p53, p55, p57, p59, p61, p63, p65, p67, p69, p0, p1, p3]
+1084: i128 = getfield_gc_i(p125, descr=<FieldS rpyeffect.stored_environment.Stack__arb_arb.inst_target 16 pure>)
+1092: guard_value(i128, 505, descr=<Guard0x1285ed0a0>) [p2, i6, i8, i10, i12, i14, i16, i18, i20, i22, i24, i26, i28, i30, i32, i34, i36, p39, p41, p43, p45, p47, p49, p51, p53, p55, p57, p59, p61, p63, p65, p67, p69, p0, p1, p3]
debug_merge_point(0, 0, '507<std_core_hnd.rpyeffect:206([mcore:[#470]#437])>+2: {"op": "New". "out": 0. "targets": [500. 502. 504. 506]. "args": {"num": []. "ptr": [0]}}')
debug_merge_point(0, 0, '507<std_core_hnd.rpyeffect:206([mcore:[#470]#437])>+3: {"op": "Invoke". "receiver": 1. "tag": Interned(%apply(p):p). "args" : {"num": []. "ptr": [0]}}')
debug_merge_point(0, 0, '5143<main.rpyeffect:146([method_%apply(p):p@[mcore:[#279]#533]#537])>+0: {"op": "Const". "type": "ptr". "out": 1. "format": "string". "value": "Name(import$std/core/hnd)"}')
debug_merge_point(0, 0, '5143<main.rpyeffect:146([method_%apply(p):p@[mcore:[#279]#533]#537])>+1: {"op": "PrimOp". "name": "getGlobal(String): Ptr". "out": {"num": []. "ptr": [1]}. "in": {"num": []. "ptr": [1]}}')
debug_merge_point(0, 0, '5143<main.rpyeffect:146([method_%apply(p):p@[mcore:[#279]#533]#537])>+2: {"op": "Jump". "target": 5141}')
debug_merge_point(0, 0, '5141<main.rpyeffect:144([mcore:[#277]#512])>+0: {"op": "Construct". "out": 1. "type": Interned(Unit). "tag": Interned(unit). "args": {"num": []. "ptr": []}}')
debug_merge_point(0, 0, '5141<main.rpyeffect:144([mcore:[#277]#512])>+1: {"op": "New". "out": 2. "targets": [5138. 5140]. "args": {"num": []. "ptr": []}}')
debug_merge_point(0, 0, '5141<main.rpyeffect:144([mcore:[#277]#512])>+2: {"op": "Const". "type": "ptr". "out": 3. "format": "string". "value": "Name(import$std/core/hnd)"}')
debug_merge_point(0, 0, '5141<main.rpyeffect:144([mcore:[#277]#512])>+3: {"op": "PrimOp". "name": "getGlobal(String): Ptr". "out": {"num": []. "ptr": [3]}. "in": {"num": []. "ptr": [3]}}')
debug_merge_point(0, 0, '5141<main.rpyeffect:144([mcore:[#277]#512])>+4: {"op": "Swap". "type": "ptr". "a": 0. "b". 1}')
debug_merge_point(0, 0, '5141<main.rpyeffect:144([mcore:[#277]#512])>+5: {"op": "Swap". "type": "ptr". "a": 2. "b". 1}')
debug_merge_point(0, 0, '5141<main.rpyeffect:144([mcore:[#277]#512])>+6: {"op": "Jump". "target": 5133}')
debug_merge_point(0, 0, '5133<main.rpyeffect:136([mcore:[#265]#493])>+0: {"op": "Const". "type": "ptr". "out": 3. "format": "string". "value": "Name(import$std/core/hnd)"}')
debug_merge_point(0, 0, '5133<main.rpyeffect:136([mcore:[#265]#493])>+1: {"op": "PrimOp". "name": "getGlobal(String): Ptr". "out": {"num": []. "ptr": [3]}. "in": {"num": []. "ptr": [3]}}')
debug_merge_point(0, 0, '5133<main.rpyeffect:136([mcore:[#265]#493])>+2: {"op": "CallLib". "lib": "3". "symbol": "std/core/hnd/protect"}')
debug_merge_point(0, 0, '495<std_core_hnd.rpyeffect:194([mcore:[#466]#434])>+0: {"op": "Swap". "type": "ptr". "a": 1. "b". 2}')
debug_merge_point(0, 0, '495<std_core_hnd.rpyeffect:194([mcore:[#466]#434])>+1: {"op": "Invoke". "receiver": 2. "tag": Interned(%apply(pp):p). "args" : {"num": []. "ptr": [0. 1]}}')
debug_merge_point(0, 0, '5140<main.rpyeffect:143([method_%apply(pp):p@[mcore:[#277]#512]#523])>+0: {"op": "Push". "target": 5139. "args": {"num": []. "ptr": []}}')
debug_merge_point(0, 0, '5140<main.rpyeffect:143([method_%apply(pp):p@[mcore:[#277]#512]#523])>+1: {"op": "Jump". "target": 5136}')
debug_merge_point(0, 0, '5136<main.rpyeffect:139([mcore:[#274]#500])>+0: {"op": "Const". "type": "num". "out": 0. "value": 1}')
debug_merge_point(0, 0, '5136<main.rpyeffect:139([mcore:[#274]#500])>+1: {"op": "Push". "target": 5135. "args": {"num": []. "ptr": [1]}}')
debug_merge_point(0, 0, '5136<main.rpyeffect:139([mcore:[#274]#500])>+2: {"op": "Invoke". "receiver": 1. "tag": Interned(%apply(n):n). "args" : {"num": [0]. "ptr": []}}')
debug_merge_point(0, 0, '506<std_core_hnd.rpyeffect:205([method_%apply(n):n@[mcore:[#470]#437]#462])>+0: {"op": "PrimOp". "name": "box(Num): Ptr". "out": {"num": []. "ptr": [1]}. "in": {"num": [0]. "ptr": []}}')
debug_merge_point(0, 0, '506<std_core_hnd.rpyeffect:205([method_%apply(n):n@[mcore:[#470]#437]#462])>+1: {"op": "Push". "target": 505. "args": {"num": []. "ptr": []}}')
debug_merge_point(0, 0, '506<std_core_hnd.rpyeffect:205([method_%apply(n):n@[mcore:[#470]#437]#462])>+2: {"op": "Swap". "type": "ptr". "a": 0. "b". 1}')
debug_merge_point(0, 0, '506<std_core_hnd.rpyeffect:205([method_%apply(n):n@[mcore:[#470]#437]#462])>+3: {"op": "Jump". "target": 497}')
debug_merge_point(0, 0, '497<std_core_hnd.rpyeffect:196([mcore:[#469]#436])>+0: {"op": "PushStack". "arg": 1}')
debug_merge_point(0, 0, '497<std_core_hnd.rpyeffect:196([mcore:[#469]#436])>+1: {"op": "Return". "args": {"num": []. "ptr": [0]}}')
debug_merge_point(0, 0, '1020<std_core_hnd.rpyeffect:719([k@[k@[mcore:[#893]#2108]#2110]#2112])>+0: {"op": "Const". "type": "ptr". "out": 2. "format": "string". "value": "Name(import$std/core/hnd)"}')
debug_merge_point(0, 0, '1020<std_core_hnd.rpyeffect:719([k@[k@[mcore:[#893]#2108]#2110]#2112])>+1: {"op": "PrimOp". "name": "getGlobal(String): Ptr". "out": {"num": []. "ptr": [2]}. "in": {"num": []. "ptr": [2]}}')
debug_merge_point(0, 0, '1020<std_core_hnd.rpyeffect:719([k@[k@[mcore:[#893]#2108]#2110]#2112])>+2: {"op": "Push". "target": 1019. "args": {"num": []. "ptr": [0]}}')
debug_merge_point(0, 0, '1020<std_core_hnd.rpyeffect:719([k@[k@[mcore:[#893]#2108]#2110]#2112])>+3: {"op": "Copy". "type": "ptr". "from": 1. "to". 0}')
debug_merge_point(0, 0, '1020<std_core_hnd.rpyeffect:719([k@[k@[mcore:[#893]#2108]#2110]#2112])>+4: {"op": "Copy". "type": "ptr". "from": 2. "to". 1}')
debug_merge_point(0, 0, '1020<std_core_hnd.rpyeffect:719([k@[k@[mcore:[#893]#2108]#2110]#2112])>+5: {"op": "Jump". "target": 1018}')
debug_merge_point(0, 0, '1018<std_core_hnd.rpyeffect:717([mcore:[#892]#2103])>+0: {"op": "Const". "type": "ptr". "out": 1. "format": "string". "value": "Name(import$std/core/hnd)"}')
debug_merge_point(0, 0, '1018<std_core_hnd.rpyeffect:717([mcore:[#892]#2103])>+1: {"op": "PrimOp". "name": "getGlobal(String): Ptr". "out": {"num": []. "ptr": [1]}. "in": {"num": []. "ptr": [1]}}')
debug_merge_point(0, 0, '1018<std_core_hnd.rpyeffect:717([mcore:[#892]#2103])>+2: {"op": "CallLib". "lib": "1". "symbol": "setCurrentEvv"}')
debug_merge_point(0, 0, '302<std_core_hnd.rpyeffect:1(Name(setCurrentEvv))>+0: {"op": "Const". "type": "ptr". "out": 1. "format": "string". "value": "current-evv"}')
debug_merge_point(0, 0, '302<std_core_hnd.rpyeffect:1(Name(setCurrentEvv))>+1: {"op": "PrimOp". "name": "getGlobal(String): Ptr". "out": {"num": []. "ptr": [1]}. "in": {"num": []. "ptr": [1]}}')
debug_merge_point(0, 0, '302<std_core_hnd.rpyeffect:1(Name(setCurrentEvv))>+2: {"op": "PrimOp". "name": "setRef(Ref[Ptr]. Ptr): Unit". "out": {"num": []. "ptr": [0]}. "in": {"num": []. "ptr": [1. 0]}}')
debug_merge_point(0, 0, '302<std_core_hnd.rpyeffect:1(Name(setCurrentEvv))>+3: {"op": "Return". "args": {"num": []. "ptr": [0]}}')
debug_merge_point(0, 0, '1019<std_core_hnd.rpyeffect:718([k@[k@[k@[mcore:[#893]#2108]#2110]#2112]#2117])>+0: {"op": "Copy". "type": "ptr". "from": 1. "to". 0}')
debug_merge_point(0, 0, '1019<std_core_hnd.rpyeffect:718([k@[k@[k@[mcore:[#893]#2108]#2110]#2112]#2117])>+1: {"op": "Return". "args": {"num": []. "ptr": [0]}}')
debug_merge_point(0, 0, '5075<main.rpyeffect:78([k@[#279]#281])>+0: {"op": "PrimOp". "name": "unbox(Ptr): Num". "out": {"num": [0]. "ptr": []}. "in": {"num": []. "ptr": [0]}}')
debug_merge_point(0, 0, '5075<main.rpyeffect:78([k@[#279]#281])>+1: {"op": "Return". "args": {"num": [0]. "ptr": []}}')
debug_merge_point(0, 0, '5090<main.rpyeffect:93([k@[#333]#336])>+0: {"op": "PrimOp". "name": "box(Num): Ptr". "out": {"num": []. "ptr": [0]}. "in": {"num": [0]. "ptr": []}}')
debug_merge_point(0, 0, '5090<main.rpyeffect:93([k@[#333]#336])>+1: {"op": "Return". "args": {"num": []. "ptr": [0]}}')
+1104: guard_nonnull(p95, descr=<Guard0x1285ed0e0>) [p2, i6, i8, i10, i12, i14, i16, i18, i20, i22, i24, i26, i28, i30, i32, i34, i36, p39, p41, p43, p45, p47, p49, p51, p53, p55, p57, p59, p61, p63, p65, p67, p69, p0, p1, p3]
+1112: i130 = getfield_gc_i(p95, descr=<FieldS rpyeffect.stored_environment.Stack__arb_arb.inst_target 16 pure>)
+1116: guard_value(i130, 5098, descr=<Guard0x1285ed120>) [p2, i6, i8, i10, i12, i14, i16, i18, i20, i22, i24, i26, i28, i30, i32, i34, i36, p39, p41, p43, p45, p47, p49, p51, p53, p55, p57, p59, p61, p63, p65, p67, p69, p0, p1, p3]
debug_merge_point(0, 0, '801<std_core_hnd.rpyeffect:500([k@[k@[mcore:[#725]#1309]#1314]#1316])>+0: {"op": "Const". "type": "ptr". "out": 2. "format": "string". "value": "Name(import$std/core/hnd)"}')
debug_merge_point(0, 0, '801<std_core_hnd.rpyeffect:500([k@[k@[mcore:[#725]#1309]#1314]#1316])>+1: {"op": "PrimOp". "name": "getGlobal(String): Ptr". "out": {"num": []. "ptr": [2]}. "in": {"num": []. "ptr": [2]}}')
debug_merge_point(0, 0, '801<std_core_hnd.rpyeffect:500([k@[k@[mcore:[#725]#1309]#1314]#1316])>+2: {"op": "Push". "target": 800. "args": {"num": [0]. "ptr": [0]}}')
debug_merge_point(0, 0, '801<std_core_hnd.rpyeffect:500([k@[k@[mcore:[#725]#1309]#1314]#1316])>+3: {"op": "Copy". "type": "ptr". "from": 1. "to". 0}')
debug_merge_point(0, 0, '801<std_core_hnd.rpyeffect:500([k@[k@[mcore:[#725]#1309]#1314]#1316])>+4: {"op": "Copy". "type": "ptr". "from": 2. "to". 1}')
debug_merge_point(0, 0, '801<std_core_hnd.rpyeffect:500([k@[k@[mcore:[#725]#1309]#1314]#1316])>+5: {"op": "Jump". "target": 785}')
debug_merge_point(0, 0, '785<std_core_hnd.rpyeffect:484([mcore:[#717]#1300])>+0: {"op": "Const". "type": "ptr". "out": 1. "format": "string". "value": "Name(import$std/core/hnd)"}')
debug_merge_point(0, 0, '785<std_core_hnd.rpyeffect:484([mcore:[#717]#1300])>+1: {"op": "PrimOp". "name": "getGlobal(String): Ptr". "out": {"num": []. "ptr": [1]}. "in": {"num": []. "ptr": [1]}}')
debug_merge_point(0, 0, '785<std_core_hnd.rpyeffect:484([mcore:[#717]#1300])>+2: {"op": "CallLib". "lib": "1". "symbol": "setCurrentEvv"}')
debug_merge_point(0, 0, '302<std_core_hnd.rpyeffect:1(Name(setCurrentEvv))>+0: {"op": "Const". "type": "ptr". "out": 1. "format": "string". "value": "current-evv"}')
debug_merge_point(0, 0, '302<std_core_hnd.rpyeffect:1(Name(setCurrentEvv))>+1: {"op": "PrimOp". "name": "getGlobal(String): Ptr". "out": {"num": []. "ptr": [1]}. "in": {"num": []. "ptr": [1]}}')
debug_merge_point(0, 0, '302<std_core_hnd.rpyeffect:1(Name(setCurrentEvv))>+2: {"op": "PrimOp". "name": "setRef(Ref[Ptr]. Ptr): Unit". "out": {"num": []. "ptr": [0]}. "in": {"num": []. "ptr": [1. 0]}}')
debug_merge_point(0, 0, '302<std_core_hnd.rpyeffect:1(Name(setCurrentEvv))>+3: {"op": "Return". "args": {"num": []. "ptr": [0]}}')
debug_merge_point(0, 0, '800<std_core_hnd.rpyeffect:499([k@[k@[k@[mcore:[#725]#1309]#1314]#1316]#1321])>+0: {"op": "Const". "type": "num". "out": 1. "value": 0}')
debug_merge_point(0, 0, '800<std_core_hnd.rpyeffect:499([k@[k@[k@[mcore:[#725]#1309]#1314]#1316]#1321])>+1: {"op": "Copy". "type": "ptr". "from": 1. "to". 0}')
debug_merge_point(0, 0, '800<std_core_hnd.rpyeffect:499([k@[k@[k@[mcore:[#725]#1309]#1314]#1316]#1321])>+2: {"op": "Switch". "scrutinee": 1. "values": [1]. "targets": [796]. "default": 799}')
debug_merge_point(0, 0, '799<std_core_hnd.rpyeffect:498([switch default case#1364])>+0: {"op": "Const". "type": "num". "out": 0. "value": 0}')
debug_merge_point(0, 0, '799<std_core_hnd.rpyeffect:498([switch default case#1364])>+1: {"op": "Switch". "scrutinee": 0. "values": [0]. "targets": [797]. "default": 798}')
debug_merge_point(0, 0, '797<std_core_hnd.rpyeffect:496([switch case for 0#1366])>+0: {"op": "Return". "args": {"num": []. "ptr": [0]}}')
+1128: i132 = getfield_gc_i(p95, descr=<FieldS rpyeffect.stored_environment.Stack__1_0.inst_values_num_0 40 pure>)
+1132: p133 = getfield_gc_r(p95, descr=<FieldP rpyeffect.stored_environment.Stack__arb_arb.inst_tail 8 pure>)
debug_merge_point(0, 0, '5098<main.rpyeffect:101([k@[switch case for 0#321]#345])>+0: {"op": "PrimOp". "name": "unbox(Ptr): Num". "out": {"num": [1]. "ptr": []}. "in": {"num": []. "ptr": [0]}}')
debug_merge_point(0, 0, '5098<main.rpyeffect:101([k@[switch case for 0#321]#345])>+1: {"op": "Swap". "type": "num". "a": 0. "b". 1}')
debug_merge_point(0, 0, '5098<main.rpyeffect:101([k@[switch case for 0#321]#345])>+2: {"op": "Switch". "scrutinee": 0. "values": [1]. "targets": [5093]. "default": 5097}')
+1136: guard_nonnull(p133, descr=<Guard0x1285ed160>) [p2, i6, i8, i10, i12, i14, i16, i18, i20, i22, i24, i26, i28, i30, i32, i34, i36, p39, p41, p43, p45, p47, p49, p51, p53, p55, p57, p59, p61, p63, p65, p67, p69, p0, p1, p3]
+1144: i134 = getfield_gc_i(p133, descr=<FieldS rpyeffect.stored_environment.Stack__arb_arb.inst_target 16 pure>)
+1148: guard_value(i134, 5128, descr=<Guard0x1285ed1a0>) [p2, i6, i8, i10, i12, i14, i16, i18, i20, i22, i24, i26, i28, i30, i32, i34, i36, p39, p41, p43, p45, p47, p49, p51, p53, p55, p57, p59, p61, p63, p65, p67, p69, p0, p1, p3]
debug_merge_point(0, 0, '5093<main.rpyeffect:96([switch case for 1#351])>+0: {"op": "Copy". "type": "num". "from": 1. "to". 0}')
debug_merge_point(0, 0, '5093<main.rpyeffect:96([switch case for 1#351])>+1: {"op": "Return". "args": {"num": [0]. "ptr": []}}')
+1164: i136 = getfield_gc_i(p133, descr=<FieldS rpyeffect.stored_environment.Stack__2_0.inst_values_num_0 40 pure>)
+1168: i137 = getfield_gc_i(p133, descr=<FieldS rpyeffect.stored_environment.Stack__2_0.inst_values_num_1 48 pure>)
+1172: p138 = getfield_gc_r(p133, descr=<FieldP rpyeffect.stored_environment.Stack__arb_arb.inst_tail 8 pure>)
debug_merge_point(0, 0, '5128<main.rpyeffect:131([k@[k@[mcore:[#256]#422]#427]#435])>+0: {"op": "Const". "type": "num". "out": 3. "value": 1}')
debug_merge_point(0, 0, '5128<main.rpyeffect:131([k@[k@[mcore:[#256]#422]#427]#435])>+1: {"op": "PrimOp". "name": "infixSub(Int. Int): Int". "out": {"num": [3]. "ptr": []}. "in": {"num": [0. 3]. "ptr": []}}')
+1176: i140 = int_sub(i132, 1)
debug_merge_point(0, 0, '5128<main.rpyeffect:131([k@[k@[mcore:[#256]#422]#427]#435])>+2: {"op": "Const". "type": "ptr". "out": 0. "format": "string". "value": "Name(import$std/core/hnd)"}')
debug_merge_point(0, 0, '5128<main.rpyeffect:131([k@[k@[mcore:[#256]#422]#427]#435])>+3: {"op": "PrimOp". "name": "getGlobal(String): Ptr". "out": {"num": []. "ptr": [0]}. "in": {"num": []. "ptr": [0]}}')
debug_merge_point(0, 0, '5128<main.rpyeffect:131([k@[k@[mcore:[#256]#422]#427]#435])>+4: {"op": "Push". "target": 5127. "args": {"num": [1. 0. 2]. "ptr": []}}')
debug_merge_point(0, 0, '5128<main.rpyeffect:131([k@[k@[mcore:[#256]#422]#427]#435])>+5: {"op": "Copy". "type": "num". "from": 3. "to". 0}')
debug_merge_point(0, 0, '5128<main.rpyeffect:131([k@[k@[mcore:[#256]#422]#427]#435])>+6: {"op": "Jump". "target": 5102}')
debug_merge_point(0, 0, '5102<main.rpyeffect:105([mcore:[#227]#285])>+0: {"op": "Const". "type": "num". "out": 1. "value": 1}')
debug_merge_point(0, 0, '5102<main.rpyeffect:105([mcore:[#227]#285])>+1: {"op": "PrimOp". "name": "infixLt(Int. Int): Boolean". "out": {"num": [1]. "ptr": []}. "in": {"num": [0. 1]. "ptr": []}}')
+1184: i142 = int_lt(i140, 1)
guard_false(i142, descr=<Guard0x1285ed1e0>) [p2, i6, i8, i10, i12, i14, i16, i18, i20, i22, i24, i26, i28, i30, i32, i34, i36, p39, p41, p43, p45, p47, p49, p51, p53, p55, p57, p59, p61, p63, p65, p67, p69, p0, p1, p3]
debug_merge_point(0, 0, '5102<main.rpyeffect:105([mcore:[#227]#285])>+2: {"op": "Switch". "scrutinee": 1. "values": [1]. "targets": [5087]. "default": 5101}')
debug_merge_point(0, 0, '5101<main.rpyeffect:104([switch default case#317])>+0: {"op": "Const". "type": "num". "out": 1. "value": 1}')
debug_merge_point(0, 0, '5101<main.rpyeffect:104([switch default case#317])>+1: {"op": "PrimOp". "name": "infixLt(Int. Int): Boolean". "out": {"num": [1]. "ptr": []}. "in": {"num": [0. 1]. "ptr": []}}')
debug_merge_point(0, 0, '5101<main.rpyeffect:104([switch default case#317])>+2: {"op": "Switch". "scrutinee": 1. "values": [0]. "targets": [5099]. "default": 5100}')
debug_merge_point(0, 0, '5099<main.rpyeffect:102([switch case for 0#321])>+0: {"op": "Const". "type": "num". "out": 1. "value": 1}')
debug_merge_point(0, 0, '5099<main.rpyeffect:102([switch case for 0#321])>+1: {"op": "New". "out": 0. "targets": [5089. 5091]. "args": {"num": []. "ptr": []}}')
debug_merge_point(0, 0, '5099<main.rpyeffect:102([switch case for 0#321])>+2: {"op": "Const". "type": "ptr". "out": 1. "format": "string". "value": "Name(import$std/core/hnd)"}')
debug_merge_point(0, 0, '5099<main.rpyeffect:102([switch case for 0#321])>+3: {"op": "PrimOp". "name": "getGlobal(String): Ptr". "out": {"num": []. "ptr": [1]}. "in": {"num": []. "ptr": [1]}}')
debug_merge_point(0, 0, '5099<main.rpyeffect:102([switch case for 0#321])>+4: {"op": "Push". "target": 5098. "args": {"num": [0]. "ptr": []}}')
debug_merge_point(0, 0, '5099<main.rpyeffect:102([switch case for 0#321])>+5: {"op": "Copy". "type": "num". "from": 1. "to". 0}')
debug_merge_point(0, 0, '5099<main.rpyeffect:102([switch case for 0#321])>+6: {"op": "Jump". "target": 5067}')
debug_merge_point(0, 0, '5067<main.rpyeffect:70([mcore:[#210]#231])>+0: {"op": "Const". "type": "ptr". "out": 1. "format": "string". "value": "Name(import$std/core/hnd)"}')
debug_merge_point(0, 0, '5067<main.rpyeffect:70([mcore:[#210]#231])>+1: {"op": "PrimOp". "name": "getGlobal(String): Ptr". "out": {"num": []. "ptr": [1]}. "in": {"num": []. "ptr": [1]}}')
debug_merge_point(0, 0, '5067<main.rpyeffect:70([mcore:[#210]#231])>+2: {"op": "CallLib". "lib": "1". "symbol": "std/core/hnd/@open-at0"}')
debug_merge_point(0, 0, '803<std_core_hnd.rpyeffect:502([mcore:[#725]#1309])>+0: {"op": "Const". "type": "ptr". "out": 1. "format": "string". "value": "Name(import$std/core/hnd)"}')
debug_merge_point(0, 0, '803<std_core_hnd.rpyeffect:502([mcore:[#725]#1309])>+1: {"op": "PrimOp". "name": "getGlobal(String): Ptr". "out": {"num": []. "ptr": [1]}. "in": {"num": []. "ptr": [1]}}')
debug_merge_point(0, 0, '803<std_core_hnd.rpyeffect:502([mcore:[#725]#1309])>+2: {"op": "Push". "target": 802. "args": {"num": [0]. "ptr": [0]}}')
debug_merge_point(0, 0, '803<std_core_hnd.rpyeffect:502([mcore:[#725]#1309])>+3: {"op": "Copy". "type": "ptr". "from": 1. "to". 0}')
debug_merge_point(0, 0, '803<std_core_hnd.rpyeffect:502([mcore:[#725]#1309])>+4: {"op": "Jump". "target": 784}')
debug_merge_point(0, 0, '784<std_core_hnd.rpyeffect:483([mcore:[#715]#1295])>+0: {"op": "Const". "type": "ptr". "out": 0. "format": "string". "value": "Name(import$std/core/hnd)"}')
+1192: p143 = new_with_vtable(descr=<SizeDescr 56>)
+1304: p144 = new_with_vtable(descr=<SizeDescr 48>)
+1320: p145 = new_with_vtable(descr=<SizeDescr 64>)
+1336: setfield_gc(p145, p138, descr=<FieldP rpyeffect.stored_environment.Stack__arb_arb.inst_tail 8 pure>)
+1340: setfield_gc(p145, 5127, descr=<FieldS rpyeffect.stored_environment.Stack__arb_arb.inst_target 16 pure>)
+1348: setfield_gc(p145, i136, descr=<FieldS rpyeffect.stored_environment.Stack__3_0.inst_values_num_0 40 pure>)
+1352: setfield_gc(p145, i132, descr=<FieldS rpyeffect.stored_environment.Stack__3_0.inst_values_num_1 48 pure>)
+1356: setfield_gc(p145, i137, descr=<FieldS rpyeffect.stored_environment.Stack__3_0.inst_values_num_2 56 pure>)
+1360: setfield_gc(p144, p145, descr=<FieldP rpyeffect.stored_environment.Stack__arb_arb.inst_tail 8 pure>)
+1364: setfield_gc(p144, 5098, descr=<FieldS rpyeffect.stored_environment.Stack__arb_arb.inst_target 16 pure>)
+1372: setfield_gc(p144, i140, descr=<FieldS rpyeffect.stored_environment.Stack__1_0.inst_values_num_0 40 pure>)
+1376: p148 = new_with_vtable(descr=<SizeDescr 32>)
+1388: setfield_gc(p148, ConstPtr(ptr149), descr=<FieldP rpyeffect.stored_environment.CoData__arb_arb.inst_vtable 24 pure>)
+1392: p150 = new_with_vtable(descr=<SizeDescr 40>)
+1404: p151 = new_with_vtable(descr=<SizeDescr 40>)
+1416: p152 = new_with_vtable(descr=<SizeDescr 40>)
+1428: p153 = new_with_vtable(descr=<SizeDescr 48>)
+1444: p154 = new_with_vtable(descr=<SizeDescr 40>)
+1460: setfield_gc(p154, p125, descr=<FieldP rpyeffect.stored_environment.Stack__arb_arb.inst_tail 8 pure>)
+1464: setfield_gc(p154, 5139, descr=<FieldS rpyeffect.stored_environment.Stack__arb_arb.inst_target 16 pure>)
+1472: setfield_gc(p153, p154, descr=<FieldP rpyeffect.stored_environment.Stack__arb_arb.inst_tail 8 pure>)
+1476: setfield_gc(p153, 5135, descr=<FieldS rpyeffect.stored_environment.Stack__arb_arb.inst_target 16 pure>)
+1484: p157 = new_with_vtable(descr=<SizeDescr 40>)
+1500: setfield_gc(p157, ConstPtr(ptr158), descr=<FieldP rpyeffect.stored_environment.CoData__arb_arb.inst_vtable 24 pure>)
+1504: p159 = new_with_vtable(descr=<SizeDescr 40>)
+1520: p160 = new_with_vtable(descr=<SizeDescr 48>)
+1536: p161 = new_with_vtable(descr=<SizeDescr 40>)
+1552: p162 = new_with_vtable(descr=<SizeDescr 40>)
+1568: p163 = new_with_vtable(descr=<SizeDescr 56>)
+1584: setfield_gc(p163, p95, descr=<FieldP rpyeffect.stored_environment.Stack__arb_arb.inst_tail 8 pure>)
+1588: setfield_gc(p163, 801, descr=<FieldS rpyeffect.stored_environment.Stack__arb_arb.inst_target 16 pure>)
+1596: setfield_gc(p163, i93, descr=<FieldS rpyeffect.stored_environment.Stack__1_1.inst_values_num_0 40 pure>)
+1600: setfield_gc(p163, p73, descr=<FieldP rpyeffect.stored_environment.Stack__1_1.inst_values_ptr_0 48 pure>)
+1608: setfield_gc(p162, p163, descr=<FieldP rpyeffect.stored_environment.Stack__arb_arb.inst_tail 8 pure>)
+1612: setfield_gc(p162, 5090, descr=<FieldS rpyeffect.stored_environment.Stack__arb_arb.inst_target 16 pure>)
+1620: setfield_gc(p161, p162, descr=<FieldP rpyeffect.stored_environment.Stack__arb_arb.inst_tail 8 pure>)
+1624: setfield_gc(p161, 5075, descr=<FieldS rpyeffect.stored_environment.Stack__arb_arb.inst_target 16 pure>)
+1632: setfield_gc(p160, p161, descr=<FieldP rpyeffect.stored_environment.Stack__arb_arb.inst_tail 8 pure>)
+1636: setfield_gc(p160, 1020, descr=<FieldS rpyeffect.stored_environment.Stack__arb_arb.inst_target 16 pure>)
+1644: p168 = new_with_vtable(descr=<SizeDescr 48>)
+1656: setfield_gc(p168, ConstPtr(ptr169), descr=<FieldP rpyeffect.stored_environment.Data__arb_arb.inst_tag 8>)
+1664: setfield_gc(p168, p90, descr=<FieldP rpyeffect.stored_environment.Data__0_2.inst_values_ptr_0 32 pure>)
+1668: setfield_gc(p168, p75, descr=<FieldP rpyeffect.stored_environment.Data__0_2.inst_values_ptr_1 40 pure>)
+1672: setfield_gc(p160, p168, descr=<FieldP rpyeffect.stored_environment.Stack__0_1.inst_values_ptr_0 40 pure>)
+1676: setfield_gc(p159, p160, descr=<FieldP rpyeffect.stack.MetaStackLike.inst_stack 8 pure>)
+1680: setfield_gc(p159, p0, descr=<FieldP rpyeffect.stack.MetaStack.inst_label 16 pure>)
+1684: setfield_gc(p159, ConstPtr(null), descr=<FieldP rpyeffect.stack.MetaStack.inst_region 24 pure>)
+1692: p171 = new_with_vtable(descr=<SizeDescr 40>)
+1704: setfield_gc(p171, p122, descr=<FieldP rpyeffect.stack.MetaStackLike.inst_stack 8 pure>)
+1708: setfield_gc(p171, p120, descr=<FieldP rpyeffect.stack.MetaStack.inst_label 16 pure>)
+1716: setfield_gc(p171, ConstPtr(null), descr=<FieldP rpyeffect.stack.MetaStack.inst_region 24 pure>)
+1724: setfield_gc(p171, ConstPtr(null), descr=<FieldP rpyeffect.stack.MetaStack.inst_tail 32 pure>)
+1732: setfield_gc(p159, p171, descr=<FieldP rpyeffect.stack.MetaStack.inst_tail 32 pure>)
+1736: setfield_gc(p157, p159, descr=<FieldP rpyeffect.stored_environment.CoData__0_1.inst_values_ptr_0 32 pure>)
+1740: setfield_gc(p153, p157, descr=<FieldP rpyeffect.stored_environment.Stack__0_1.inst_values_ptr_0 40 pure>)
+1744: setfield_gc(p152, p153, descr=<FieldP rpyeffect.stored_environment.Stack__arb_arb.inst_tail 8 pure>)
+1748: setfield_gc(p152, 505, descr=<FieldS rpyeffect.stored_environment.Stack__arb_arb.inst_target 16 pure>)
+1756: setfield_gc(p151, p152, descr=<FieldP rpyeffect.stack.MetaStackLike.inst_stack 8 pure>)
+1760: setfield_gc(p151, p126, descr=<FieldP rpyeffect.stack.MetaStack.inst_label 16 pure>)
+1768: setfield_gc(p151, ConstPtr(null), descr=<FieldP rpyeffect.stack.MetaStack.inst_region 24 pure>)
+1776: setfield_gc(p151, p127, descr=<FieldP rpyeffect.stack.MetaStack.inst_tail 32 pure>)
+1784: setfield_gc(p143, 802, descr=<FieldS rpyeffect.stored_environment.Stack__arb_arb.inst_target 16 pure>)
+1796: setfield_gc(p143, 1, descr=<FieldS rpyeffect.stored_environment.Stack__1_1.inst_values_num_0 40 pure>)
+1804: setfield_gc(p143, p148, descr=<FieldP rpyeffect.stored_environment.Stack__1_1.inst_values_ptr_0 48 pure>)
+1812: setfield_gc(p143, p144, descr=<FieldP rpyeffect.stored_environment.Stack__arb_arb.inst_tail 8 pure>)
+1820: setfield_gc(p150, ConstPtr(null), descr=<FieldP rpyeffect.stack.MetaStack.inst_region 24 pure>)
+1832: setfield_gc(p150, p120, descr=<FieldP rpyeffect.stack.MetaStack.inst_label 16 pure>)
+1836: setfield_gc(p150, p122, descr=<FieldP rpyeffect.stack.MetaStackLike.inst_stack 8 pure>)
+1840: setfield_gc(p150, p151, descr=<FieldP rpyeffect.stack.MetaStack.inst_tail 32 pure>)
+2064: jump(p0, p143, p2, p150, 1, 1, i137, i140, i14, i16, i18, i20, i22, i24, i26, i28, i30, i32, i34, i36, ConstPtr(ptr179), ConstPtr(ptr179), ConstPtr(ptr180), ConstPtr(ptr181), p108, p49, p51, p53, p55, p57, p59, p61, p63, p65, p67, p69, descr=TargetToken(4971073632))
+2420: --end of the loop--
[8c5315e] jit-log-opt-loop}
[8ede03e] {jit-log-opt-loop
# Loop 9 (306<std_core_hnd.rpyeffect:5([k@Name(evvSwapCreate1)#21])>+1: {"op": "Jump", "target": 331}) : entry bridge with 222 ops
[p0, p1, p2, p3]
+440: p4 = getfield_gc_r(p2, descr=<FieldP rpyeffect.environment.Environment.inst_values_num 16>)
+448: i6 = getarrayitem_gc_i(p4, 0, descr=<ArrayS 8>)
+452: i8 = getarrayitem_gc_i(p4, 1, descr=<ArrayS 8>)
+456: i10 = getarrayitem_gc_i(p4, 2, descr=<ArrayS 8>)
+460: i12 = getarrayitem_gc_i(p4, 3, descr=<ArrayS 8>)
+464: i14 = getarrayitem_gc_i(p4, 4, descr=<ArrayS 8>)
+468: i16 = getarrayitem_gc_i(p4, 5, descr=<ArrayS 8>)
+472: i18 = getarrayitem_gc_i(p4, 6, descr=<ArrayS 8>)
+476: i20 = getarrayitem_gc_i(p4, 7, descr=<ArrayS 8>)
+480: i22 = getarrayitem_gc_i(p4, 8, descr=<ArrayS 8>)
+484: i24 = getarrayitem_gc_i(p4, 9, descr=<ArrayS 8>)
+488: i26 = getarrayitem_gc_i(p4, 10, descr=<ArrayS 8>)
+492: i28 = getarrayitem_gc_i(p4, 11, descr=<ArrayS 8>)
+496: i30 = getarrayitem_gc_i(p4, 12, descr=<ArrayS 8>)
+500: i32 = getarrayitem_gc_i(p4, 13, descr=<ArrayS 8>)
+504: i34 = getarrayitem_gc_i(p4, 14, descr=<ArrayS 8>)
+512: i36 = getarrayitem_gc_i(p4, 15, descr=<ArrayS 8>)
+516: p37 = getfield_gc_r(p2, descr=<FieldP rpyeffect.environment.Environment.inst_values_ptr 24>)
+520: p39 = getarrayitem_gc_r(p37, 0, descr=<ArrayP 8>)
+528: p41 = getarrayitem_gc_r(p37, 1, descr=<ArrayP 8>)
+536: p43 = getarrayitem_gc_r(p37, 2, descr=<ArrayP 8>)
+544: p45 = getarrayitem_gc_r(p37, 3, descr=<ArrayP 8>)
+552: p47 = getarrayitem_gc_r(p37, 4, descr=<ArrayP 8>)
+560: p49 = getarrayitem_gc_r(p37, 5, descr=<ArrayP 8>)
+568: p51 = getarrayitem_gc_r(p37, 6, descr=<ArrayP 8>)
+576: p53 = getarrayitem_gc_r(p37, 7, descr=<ArrayP 8>)
+584: p55 = getarrayitem_gc_r(p37, 8, descr=<ArrayP 8>)
+592: p57 = getarrayitem_gc_r(p37, 9, descr=<ArrayP 8>)
+600: p59 = getarrayitem_gc_r(p37, 10, descr=<ArrayP 8>)
+608: p61 = getarrayitem_gc_r(p37, 11, descr=<ArrayP 8>)
+616: p63 = getarrayitem_gc_r(p37, 12, descr=<ArrayP 8>)
+624: p65 = getarrayitem_gc_r(p37, 13, descr=<ArrayP 8>)
+632: p67 = getarrayitem_gc_r(p37, 14, descr=<ArrayP 8>)
+640: p69 = getarrayitem_gc_r(p37, 15, descr=<ArrayP 8>)
debug_merge_point(0, 0, '306<std_core_hnd.rpyeffect:5([k@Name(evvSwapCreate1)#21])>+1: {"op": "Jump". "target": 331}')
+644: guard_not_invalidated(descr=<Guard0x128638d30>) [p2, i6, i8, i10, i12, i14, i16, i18, i20, i22, i24, i26, i28, i30, i32, i34, i36, p39, p41, p43, p45, p47, p49, p51, p53, p55, p57, p59, p61, p63, p65, p67, p69, p0, p1, p3]
debug_merge_point(0, 0, '331<std_core_hnd.rpyeffect:30(Name(elt))>+0: {"op": "Switch". "scrutinee": 0. "values": [0]. "targets": [329]. "default": 330}')
+648: i71 = int_eq(i6, 0)
guard_true(i71, descr=<Guard0x1285edf60>) [p2, i6, i8, i10, i12, i14, i16, i18, i20, i22, i24, i26, i28, i30, i32, i34, i36, p39, p41, p43, p45, p47, p49, p51, p53, p55, p57, p59, p61, p63, p65, p67, p69, p0, p1, p3]
+656: guard_nonnull(p1, descr=<Guard0x1285edfa0>) [p2, i6, i8, i10, i12, i14, i16, i18, i20, i22, i24, i26, i28, i30, i32, i34, i36, p39, p41, p43, p45, p47, p49, p51, p53, p55, p57, p59, p61, p63, p65, p67, p69, p0, p1, p3]
+668: i72 = getfield_gc_i(p1, descr=<FieldS rpyeffect.stored_environment.Stack__arb_arb.inst_target 16 pure>)
+684: guard_value(i72, 305, descr=<Guard0x128644020>) [p2, i6, i8, i10, i12, i14, i16, i18, i20, i22, i24, i26, i28, i30, i32, i34, i36, p39, p41, p43, p45, p47, p49, p51, p53, p55, p57, p59, p61, p63, p65, p67, p69, p0, p1, p3]
debug_merge_point(0, 0, '329<std_core_hnd.rpyeffect:28([switch case for 0#86])>+0: {"op": "Proj". "out": 0. "type": Interned(evv). "scrutinee": 0. "tag": Interned(cons). "field": 0. "field_type": "ptr"}')
+696: p74 = getfield_gc_r(p39, descr=<FieldP rpyeffect.stored_environment.Data__arb_arb.inst_tag 8>)
+708: guard_value(p74, ConstPtr(ptr75), descr=<Guard0x128644060>) [p2, i6, i8, i10, i12, i14, i16, i18, i20, i22, i24, i26, i28, i30, i32, i34, i36, p39, p41, p43, p45, p47, p49, p51, p53, p55, p57, p59, p61, p63, p65, p67, p69, p0, p1, p3]
+716: guard_class(p39, ConstClass(Data__0_2), descr=<Guard0x1286440a0>) [p2, i6, i8, i10, i12, i14, i16, i18, i20, i22, i24, i26, i28, i30, i32, i34, i36, p39, p41, p43, p45, p47, p49, p51, p53, p55, p57, p59, p61, p63, p65, p67, p69, p0, p1, p3]
+732: p77 = getfield_gc_r(p39, descr=<FieldP rpyeffect.stored_environment.Data__0_2.inst_values_ptr_0 32 pure>)
debug_merge_point(0, 0, '329<std_core_hnd.rpyeffect:28([switch case for 0#86])>+1: {"op": "Return". "args": {"num": []. "ptr": [0]}}')
+736: p78 = getfield_gc_r(p1, descr=<FieldP rpyeffect.stored_environment.Stack__0_2.inst_values_ptr_0 40 pure>)
+736: p79 = getfield_gc_r(p1, descr=<FieldP rpyeffect.stored_environment.Stack__0_2.inst_values_ptr_1 48 pure>)
+736: p80 = getfield_gc_r(p1, descr=<FieldP rpyeffect.stored_environment.Stack__arb_arb.inst_tail 8 pure>)
+740: guard_nonnull(p80, descr=<Guard0x1286440e0>) [p2, i6, i8, i10, i12, i14, i16, i18, i20, i22, i24, i26, i28, i30, i32, i34, i36, p39, p41, p43, p45, p47, p49, p51, p53, p55, p57, p59, p61, p63, p65, p67, p69, p0, p1, p3]
+748: i81 = getfield_gc_i(p80, descr=<FieldS rpyeffect.stored_environment.Stack__arb_arb.inst_target 16 pure>)
+756: guard_value(i81, 802, descr=<Guard0x128644120>) [p2, i6, i8, i10, i12, i14, i16, i18, i20, i22, i24, i26, i28, i30, i32, i34, i36, p39, p41, p43, p45, p47, p49, p51, p53, p55, p57, p59, p61, p63, p65, p67, p69, p0, p1, p3]
debug_merge_point(0, 0, '305<std_core_hnd.rpyeffect:4([k@[k@Name(evvSwapCreate1)#21]#23])>+0: {"op": "Construct". "out": 0. "type": Interned(evv). "tag": Interned(cons). "args": {"num": []. "ptr": [0. 2]}}')
debug_merge_point(0, 0, '305<std_core_hnd.rpyeffect:4([k@[k@Name(evvSwapCreate1)#21]#23])>+1: {"op": "Push". "target": 304. "args": {"num": []. "ptr": [1]}}')
debug_merge_point(0, 0, '305<std_core_hnd.rpyeffect:4([k@[k@Name(evvSwapCreate1)#21]#23])>+2: {"op": "Jump". "target": 302}')
debug_merge_point(0, 0, '302<std_core_hnd.rpyeffect:1(Name(setCurrentEvv))>+0: {"op": "Const". "type": "ptr". "out": 1. "format": "string". "value": "current-evv"}')
debug_merge_point(0, 0, '302<std_core_hnd.rpyeffect:1(Name(setCurrentEvv))>+1: {"op": "PrimOp". "name": "getGlobal(String): Ptr". "out": {"num": []. "ptr": [1]}. "in": {"num": []. "ptr": [1]}}')
debug_merge_point(0, 0, '302<std_core_hnd.rpyeffect:1(Name(setCurrentEvv))>+2: {"op": "PrimOp". "name": "setRef(Ref[Ptr]. Ptr): Unit". "out": {"num": []. "ptr": [0]}. "in": {"num": []. "ptr": [1. 0]}}')
debug_merge_point(0, 0, '302<std_core_hnd.rpyeffect:1(Name(setCurrentEvv))>+3: {"op": "Return". "args": {"num": []. "ptr": [0]}}')
debug_merge_point(0, 0, '304<std_core_hnd.rpyeffect:3([k@[k@[k@Name(evvSwapCreate1)#21]#23]#26])>+0: {"op": "Copy". "type": "ptr". "from": 1. "to". 0}')
debug_merge_point(0, 0, '304<std_core_hnd.rpyeffect:3([k@[k@[k@Name(evvSwapCreate1)#21]#23]#26])>+1: {"op": "Return". "args": {"num": []. "ptr": [0]}}')
+768: i83 = getfield_gc_i(p80, descr=<FieldS rpyeffect.stored_environment.Stack__1_1.inst_values_num_0 40 pure>)
+768: p84 = getfield_gc_r(p80, descr=<FieldP rpyeffect.stored_environment.Stack__1_1.inst_values_ptr_0 48 pure>)
+772: p85 = getfield_gc_r(p80, descr=<FieldP rpyeffect.stored_environment.Stack__arb_arb.inst_tail 8 pure>)
debug_merge_point(0, 0, '802<std_core_hnd.rpyeffect:501([k@[mcore:[#725]#1309]#1314])>+0: {"op": "Push". "target": 801. "args": {"num": [0]. "ptr": [0]}}')
debug_merge_point(0, 0, '802<std_core_hnd.rpyeffect:501([k@[mcore:[#725]#1309]#1314])>+1: {"op": "Invoke". "receiver": 1. "tag": Interned(%apply():p). "args" : {"num": []. "ptr": []}}')
+772: p86 = getfield_gc_r(p84, descr=<FieldP rpyeffect.stored_environment.CoData__arb_arb.inst_vtable 24 pure>)
+780: guard_value(p86, ConstPtr(ptr87), descr=<Guard0x128644160>) [p2, i6, i8, i10, i12, i14, i16, i18, i20, i22, i24, i26, i28, i30, i32, i34, i36, p39, p41, p43, p45, p47, p49, p51, p53, p55, p57, p59, p61, p63, p65, p67, p69, p0, p1, p3]
debug_merge_point(0, 0, '5085<main.rpyeffect:88([#301])>+0: {"op": "Const". "type": "ptr". "out": 0. "format": "string". "value": "Name(import$std/core/hnd)"}')
debug_merge_point(0, 0, '5085<main.rpyeffect:88([#301])>+1: {"op": "PrimOp". "name": "getGlobal(String): Ptr". "out": {"num": []. "ptr": [0]}. "in": {"num": []. "ptr": [0]}}')
debug_merge_point(0, 0, '5085<main.rpyeffect:88([#301])>+2: {"op": "Push". "target": 5084. "args": {"num": []. "ptr": []}}')
debug_merge_point(0, 0, '5085<main.rpyeffect:88([#301])>+3: {"op": "Jump". "target": 5066}')
debug_merge_point(0, 0, '5066<main.rpyeffect:69([mcore:[#206]#193])>+0: {"op": "Const". "type": "num". "out": 0. "value": 0}')
debug_merge_point(0, 0, '5066<main.rpyeffect:69([mcore:[#206]#193])>+1: {"op": "Const". "type": "ptr". "out": 0. "format": "string". "value": "Name(import$std/core/hnd)"}')
debug_merge_point(0, 0, '5066<main.rpyeffect:69([mcore:[#206]#193])>+2: {"op": "PrimOp". "name": "getGlobal(String): Ptr". "out": {"num": []. "ptr": [0]}. "in": {"num": []. "ptr": [0]}}')
debug_merge_point(0, 0, '5066<main.rpyeffect:69([mcore:[#206]#193])>+3: {"op": "Push". "target": 5065. "args": {"num": [0]. "ptr": []}}')
debug_merge_point(0, 0, '5066<main.rpyeffect:69([mcore:[#206]#193])>+4: {"op": "Jump". "target": 5054}')
debug_merge_point(0, 0, '5054<main.rpyeffect:57([mcore:[#199]#189])>+0: {"op": "Const". "type": "ptr". "out": 0. "format": "string". "value": "Name(import$std/core/hnd)"}')
debug_merge_point(0, 0, '5054<main.rpyeffect:57([mcore:[#199]#189])>+1: {"op": "PrimOp". "name": "getGlobal(String): Ptr". "out": {"num": []. "ptr": [0]}. "in": {"num": []. "ptr": [0]}}')
debug_merge_point(0, 0, '5054<main.rpyeffect:57([mcore:[#199]#189])>+2: {"op": "CallLib". "lib": "0". "symbol": "getCurrentEvv"}')
debug_merge_point(0, 0, '301<std_core_hnd.rpyeffect:0(Name(getCurrentEvv))>+0: {"op": "Const". "type": "ptr". "out": 0. "format": "string". "value": "current-evv"}')
debug_merge_point(0, 0, '301<std_core_hnd.rpyeffect:0(Name(getCurrentEvv))>+1: {"op": "PrimOp". "name": "getGlobal(String): Ptr". "out": {"num": []. "ptr": [0]}. "in": {"num": []. "ptr": [0]}}')
debug_merge_point(0, 0, '301<std_core_hnd.rpyeffect:0(Name(getCurrentEvv))>+2: {"op": "PrimOp". "name": "getRef(Ref[Ptr]): Ptr". "out": {"num": []. "ptr": [0]}. "in": {"num": []. "ptr": [0]}}')
debug_merge_point(0, 0, '301<std_core_hnd.rpyeffect:0(Name(getCurrentEvv))>+3: {"op": "Return". "args": {"num": []. "ptr": [0]}}')
debug_merge_point(0, 0, '5065<main.rpyeffect:68([k@[mcore:[#206]#193]#199])>+0: {"op": "PrimOp". "name": "promote_ptr". "out": {"num": []. "ptr": [0]}. "in": {"num": []. "ptr": [0]}}')
debug_merge_point(0, 0, '5065<main.rpyeffect:68([k@[mcore:[#206]#193]#199])>+1: {"op": "Const". "type": "ptr". "out": 1. "format": "string". "value": "Name(import$std/core/hnd)"}')
debug_merge_point(0, 0, '5065<main.rpyeffect:68([k@[mcore:[#206]#193]#199])>+2: {"op": "PrimOp". "name": "getGlobal(String): Ptr". "out": {"num": []. "ptr": [1]}. "in": {"num": []. "ptr": [1]}}')
debug_merge_point(0, 0, '5065<main.rpyeffect:68([k@[mcore:[#206]#193]#199])>+3: {"op": "Push". "target": 5064. "args": {"num": []. "ptr": []}}')
debug_merge_point(0, 0, '5065<main.rpyeffect:68([k@[mcore:[#206]#193]#199])>+4: {"op": "Jump". "target": 5053}')
debug_merge_point(0, 0, '5053<main.rpyeffect:56([mcore:[#198]#183])>+0: {"op": "Const". "type": "ptr". "out": 1. "format": "string". "value": "Name(import$std/core/hnd)"}')
debug_merge_point(0, 0, '5053<main.rpyeffect:56([mcore:[#198]#183])>+1: {"op": "PrimOp". "name": "getGlobal(String): Ptr". "out": {"num": []. "ptr": [1]}. "in": {"num": []. "ptr": [1]}}')
debug_merge_point(0, 0, '5053<main.rpyeffect:56([mcore:[#198]#183])>+2: {"op": "CallLib". "lib": "1". "symbol": "elt"}')
debug_merge_point(0, 0, '331<std_core_hnd.rpyeffect:30(Name(elt))>+0: {"op": "Switch". "scrutinee": 0. "values": [0]. "targets": [329]. "default": 330}')
debug_merge_point(0, 0, '329<std_core_hnd.rpyeffect:28([switch case for 0#86])>+0: {"op": "Proj". "out": 0. "type": Interned(evv). "scrutinee": 0. "tag": Interned(cons). "field": 0. "field_type": "ptr"}')
debug_merge_point(0, 0, '329<std_core_hnd.rpyeffect:28([switch case for 0#86])>+1: {"op": "Return". "args": {"num": []. "ptr": [0]}}')
debug_merge_point(0, 0, '5064<main.rpyeffect:67([k@[k@[mcore:[#206]#193]#199]#207])>+0: {"op": "Match". "type": Interned(std/core/hnd/ev). "scrutinee": 0. "clauses": [{"tag": Interned(std/core/hnd/Ev). "target": 5063. "args": {"num": []. "ptr": [1. 2. 3. 4]}}]. "default": {"tag": Interned(0ebd4aad-cbef-458e-b7ce-546cf0866444#[Missing Tag#1209]). "target": 5055. "args": {"num": []. "ptr": []}}}')
+788: p88 = getfield_gc_r(p77, descr=<FieldP rpyeffect.stored_environment.Data__arb_arb.inst_tag 8>)
+796: guard_value(p88, ConstPtr(ptr89), descr=<Guard0x1286441a0>) [p2, i6, i8, i10, i12, i14, i16, i18, i20, i22, i24, i26, i28, i30, i32, i34, i36, p39, p41, p43, p45, p47, p49, p51, p53, p55, p57, p59, p61, p63, p65, p67, p69, p0, p1, p3]
+804: p90 = getfield_gc_r(p77, descr=<FieldP rpyeffect.stored_environment.Data__arb_arb.inst_values_ptr 24 pure>)
+808: p92 = getarrayitem_gc_pure_r(p90, 0, descr=<ArrayP 8>)
+808: p94 = getarrayitem_gc_pure_r(p90, 1, descr=<ArrayP 8>)
+812: p96 = getarrayitem_gc_pure_r(p90, 2, descr=<ArrayP 8>)
+816: p98 = getarrayitem_gc_pure_r(p90, 3, descr=<ArrayP 8>)
debug_merge_point(0, 0, '5063<main.rpyeffect:66([#211])>+0: {"op": "Copy". "type": "ptr". "from": 0. "to". 1}')
debug_merge_point(0, 0, '5063<main.rpyeffect:66([#211])>+1: {"op": "Copy". "type": "ptr". "from": 2. "to". 0}')
debug_merge_point(0, 0, '5063<main.rpyeffect:66([#211])>+2: {"op": "Match". "type": Interned(main/fail). "scrutinee": 3. "clauses": [{"tag": Interned(main/@Hnd-fail). "target": 5062. "args": {"num": [0]. "ptr": [2]}}]. "default": {"tag": Interned(0ebd4aad-cbef-458e-b7ce-546cf0866444#[Missing Tag#1208]). "target": 5057. "args": {"num": []. "ptr": []}}}')
+820: p99 = getfield_gc_r(p96, descr=<FieldP rpyeffect.stored_environment.Data__arb_arb.inst_tag 8>)
+836: guard_value(p99, ConstPtr(ptr100), descr=<Guard0x1286441e0>) [p2, i6, i8, i10, i12, i14, i16, i18, i20, i22, i24, i26, i28, i30, i32, i34, i36, p39, p41, p43, p45, p47, p49, p51, p53, p55, p57, p59, p61, p63, p65, p67, p69, p0, p1, p3]
+844: i101 = getfield_gc_i(p96, descr=<FieldS rpyeffect.stored_environment.Data__1_1.inst_values_num_0 32 pure>)
+844: p102 = getfield_gc_r(p96, descr=<FieldP rpyeffect.stored_environment.Data__1_1.inst_values_ptr_0 40 pure>)
debug_merge_point(0, 0, '5062<main.rpyeffect:65([match_main/@Hnd-fail@[#211]#218])>+0: {"op": "Match". "type": Interned(std/core/hnd/clause0). "scrutinee": 2. "clauses": [{"tag": Interned(std/core/hnd/Clause0). "target": 5061. "args": {"num": []. "ptr": [2]}}]. "default": {"tag": Interned(0ebd4aad-cbef-458e-b7ce-546cf0866444#[Missing Tag#1207]). "target": 5059. "args": {"num": []. "ptr": []}}}')
+848: p103 = getfield_gc_r(p102, descr=<FieldP rpyeffect.stored_environment.Data__arb_arb.inst_tag 8>)
+856: guard_value(p103, ConstPtr(ptr104), descr=<Guard0x128644220>) [p2, i6, i8, i10, i12, i14, i16, i18, i20, i22, i24, i26, i28, i30, i32, i34, i36, p39, p41, p43, p45, p47, p49, p51, p53, p55, p57, p59, p61, p63, p65, p67, p69, p0, p1, p3]
+864: p105 = getfield_gc_r(p102, descr=<FieldP rpyeffect.stored_environment.Data__0_1.inst_values_ptr_0 32 pure>)
debug_merge_point(0, 0, '5061<main.rpyeffect:64([#225])>+0: {"op": "Push". "target": 5060. "args": {"num": []. "ptr": []}}')
debug_merge_point(0, 0, '5061<main.rpyeffect:64([#225])>+1: {"op": "Invoke". "receiver": 2. "tag": Interned(%apply(pp):p). "args" : {"num": []. "ptr": [0. 1]}}')
+868: p106 = getfield_gc_r(p105, descr=<FieldP rpyeffect.stored_environment.CoData__arb_arb.inst_vtable 24 pure>)
+876: guard_value(p106, ConstPtr(ptr107), descr=<Guard0x128644260>) [p2, i6, i8, i10, i12, i14, i16, i18, i20, i22, i24, i26, i28, i30, i32, i34, i36, p39, p41, p43, p45, p47, p49, p51, p53, p55, p57, p59, p61, p63, p65, p67, p69, p0, p1, p3]
debug_merge_point(0, 0, '5174<main.rpyeffect:177([method_%apply(pp):p@[mcore:[#325]#676]#683])>+0: {"op": "Const". "type": "ptr". "out": 2. "format": "string". "value": "Name(import$std/core/hnd)"}')
debug_merge_point(0, 0, '5174<main.rpyeffect:177([method_%apply(pp):p@[mcore:[#325]#676]#683])>+1: {"op": "PrimOp". "name": "getGlobal(String): Ptr". "out": {"num": []. "ptr": [2]}. "in": {"num": []. "ptr": [2]}}')
debug_merge_point(0, 0, '5174<main.rpyeffect:177([method_%apply(pp):p@[mcore:[#325]#676]#683])>+2: {"op": "Jump". "target": 5161}')
debug_merge_point(0, 0, '5161<main.rpyeffect:164([mcore:[#301]#597])>+0: {"op": "New". "out": 1. "targets": [5158. 5160]. "args": {"num": []. "ptr": []}}')
debug_merge_point(0, 0, '5161<main.rpyeffect:164([mcore:[#301]#597])>+1: {"op": "Const". "type": "ptr". "out": 2. "format": "string". "value": "Name(import$std/core/hnd)"}')
debug_merge_point(0, 0, '5161<main.rpyeffect:164([mcore:[#301]#597])>+2: {"op": "PrimOp". "name": "getGlobal(String): Ptr". "out": {"num": []. "ptr": [2]}. "in": {"num": []. "ptr": [2]}}')
debug_merge_point(0, 0, '5161<main.rpyeffect:164([mcore:[#301]#597])>+3: {"op": "Jump". "target": 5149}')
debug_merge_point(0, 0, '5149<main.rpyeffect:152([mcore:[#290]#561])>+0: {"op": "Const". "type": "ptr". "out": 2. "format": "string". "value": "Name(import$std/core/hnd)"}')
debug_merge_point(0, 0, '5149<main.rpyeffect:152([mcore:[#290]#561])>+1: {"op": "PrimOp". "name": "getGlobal(String): Ptr". "out": {"num": []. "ptr": [2]}. "in": {"num": []. "ptr": [2]}}')
debug_merge_point(0, 0, '5149<main.rpyeffect:152([mcore:[#290]#561])>+2: {"op": "CallLib". "lib": "2". "symbol": "std/core/hnd/yield-to"}')
debug_merge_point(0, 0, '1022<std_core_hnd.rpyeffect:721([mcore:[#893]#2108])>+0: {"op": "Push". "target": 1021. "args": {"num": []. "ptr": [1. 0]}}')
debug_merge_point(0, 0, '1022<std_core_hnd.rpyeffect:721([mcore:[#893]#2108])>+1: {"op": "Jump". "target": 509}')
debug_merge_point(0, 0, '509<std_core_hnd.rpyeffect:208([mcore:[#471]#472])>+0: {"op": "Jump". "target": 301}')
debug_merge_point(0, 0, '301<std_core_hnd.rpyeffect:0(Name(getCurrentEvv))>+0: {"op": "Const". "type": "ptr". "out": 0. "format": "string". "value": "current-evv"}')
debug_merge_point(0, 0, '301<std_core_hnd.rpyeffect:0(Name(getCurrentEvv))>+1: {"op": "PrimOp". "name": "getGlobal(String): Ptr". "out": {"num": []. "ptr": [0]}. "in": {"num": []. "ptr": [0]}}')
debug_merge_point(0, 0, '301<std_core_hnd.rpyeffect:0(Name(getCurrentEvv))>+2: {"op": "PrimOp". "name": "getRef(Ref[Ptr]): Ptr". "out": {"num": []. "ptr": [0]}. "in": {"num": []. "ptr": [0]}}')
debug_merge_point(0, 0, '301<std_core_hnd.rpyeffect:0(Name(getCurrentEvv))>+3: {"op": "Return". "args": {"num": []. "ptr": [0]}}')
debug_merge_point(0, 0, '1021<std_core_hnd.rpyeffect:720([k@[mcore:[#893]#2108]#2110])>+0: {"op": "Push". "target": 1020. "args": {"num": []. "ptr": [0]}}')
debug_merge_point(0, 0, '1021<std_core_hnd.rpyeffect:720([k@[mcore:[#893]#2108]#2110])>+1: {"op": "Copy". "type": "ptr". "from": 2. "to". 0}')
debug_merge_point(0, 0, '1021<std_core_hnd.rpyeffect:720([k@[mcore:[#893]#2108]#2110])>+2: {"op": "Jump". "target": 507}')
debug_merge_point(0, 0, '507<std_core_hnd.rpyeffect:206([mcore:[#470]#437])>+0: {"op": "Const". "type": "num". "out": 0. "value": 0}')
debug_merge_point(0, 0, '507<std_core_hnd.rpyeffect:206([mcore:[#470]#437])>+1: {"op": "ShiftDyn". "out": 0. "n": 0. "label": 0}')
+884: i108 = instance_ptr_eq(p0, p94)
guard_true(i108, descr=<Guard0x1286442a0>) [p2, i6, i8, i10, i12, i14, i16, i18, i20, i22, i24, i26, i28, i30, i32, i34, i36, p39, p41, p43, p45, p47, p49, p51, p53, p55, p57, p59, p61, p63, p65, p67, p69, p0, p1, p3]
+896: guard_nonnull_class(p3, 4348275712, descr=<Guard0x128638d88>) [p2, i6, i8, i10, i12, i14, i16, i18, i20, i22, i24, i26, i28, i30, i32, i34, i36, p39, p41, p43, p45, p47, p49, p51, p53, p55, p57, p59, p61, p63, p65, p67, p69, p0, p1, p3]
+924: p110 = getfield_gc_r(p3, descr=<FieldP rpyeffect.stack.MetaStackLike.inst_stack 8 pure>)
+928: p111 = getfield_gc_r(p3, descr=<FieldP rpyeffect.stack.MetaStack.inst_label 16 pure>)
+932: p112 = getfield_gc_r(p3, descr=<FieldP rpyeffect.stack.MetaStack.inst_tail 32 pure>)
+940: guard_nonnull(p110, descr=<Guard0x1286442e0>) [p2, i6, i8, i10, i12, i14, i16, i18, i20, i22, i24, i26, i28, i30, i32, i34, i36, p39, p41, p43, p45, p47, p49, p51, p53, p55, p57, p59, p61, p63, p65, p67, p69, p0, p1, p3]
+948: i113 = getfield_gc_i(p110, descr=<FieldS rpyeffect.stored_environment.Stack__arb_arb.inst_target 16 pure>)
+956: guard_value(i113, 714, descr=<Guard0x128644320>) [p2, i6, i8, i10, i12, i14, i16, i18, i20, i22, i24, i26, i28, i30, i32, i34, i36, p39, p41, p43, p45, p47, p49, p51, p53, p55, p57, p59, p61, p63, p65, p67, p69, p0, p1, p3]
debug_merge_point(0, 0, '507<std_core_hnd.rpyeffect:206([mcore:[#470]#437])>+2: {"op": "New". "out": 0. "targets": [500. 502. 504. 506]. "args": {"num": []. "ptr": [0]}}')
debug_merge_point(0, 0, '507<std_core_hnd.rpyeffect:206([mcore:[#470]#437])>+3: {"op": "Invoke". "receiver": 1. "tag": Interned(%apply(p):p). "args" : {"num": []. "ptr": [0]}}')
debug_merge_point(0, 0, '5158<main.rpyeffect:161([method_%apply(p):p@[mcore:[#301]#597]#601])>+0: {"op": "Const". "type": "ptr". "out": 1. "format": "string". "value": "Name(import$std/core/hnd)"}')
debug_merge_point(0, 0, '5158<main.rpyeffect:161([method_%apply(p):p@[mcore:[#301]#597]#601])>+1: {"op": "PrimOp". "name": "getGlobal(String): Ptr". "out": {"num": []. "ptr": [1]}. "in": {"num": []. "ptr": [1]}}')
debug_merge_point(0, 0, '5158<main.rpyeffect:161([method_%apply(p):p@[mcore:[#301]#597]#601])>+2: {"op": "Jump". "target": 5156}')
debug_merge_point(0, 0, '5156<main.rpyeffect:159([mcore:[#299]#576])>+0: {"op": "Construct". "out": 1. "type": Interned(Unit). "tag": Interned(unit). "args": {"num": []. "ptr": []}}')
debug_merge_point(0, 0, '5156<main.rpyeffect:159([mcore:[#299]#576])>+1: {"op": "New". "out": 2. "targets": [5153. 5155]. "args": {"num": []. "ptr": []}}')
debug_merge_point(0, 0, '5156<main.rpyeffect:159([mcore:[#299]#576])>+2: {"op": "Const". "type": "ptr". "out": 3. "format": "string". "value": "Name(import$std/core/hnd)"}')
debug_merge_point(0, 0, '5156<main.rpyeffect:159([mcore:[#299]#576])>+3: {"op": "PrimOp". "name": "getGlobal(String): Ptr". "out": {"num": []. "ptr": [3]}. "in": {"num": []. "ptr": [3]}}')
debug_merge_point(0, 0, '5156<main.rpyeffect:159([mcore:[#299]#576])>+4: {"op": "Swap". "type": "ptr". "a": 0. "b". 1}')
debug_merge_point(0, 0, '5156<main.rpyeffect:159([mcore:[#299]#576])>+5: {"op": "Swap". "type": "ptr". "a": 2. "b". 1}')
debug_merge_point(0, 0, '5156<main.rpyeffect:159([mcore:[#299]#576])>+6: {"op": "Jump". "target": 5150}')
debug_merge_point(0, 0, '5150<main.rpyeffect:153([mcore:[#293]#567])>+0: {"op": "Const". "type": "ptr". "out": 3. "format": "string". "value": "Name(import$std/core/hnd)"}')
debug_merge_point(0, 0, '5150<main.rpyeffect:153([mcore:[#293]#567])>+1: {"op": "PrimOp". "name": "getGlobal(String): Ptr". "out": {"num": []. "ptr": [3]}. "in": {"num": []. "ptr": [3]}}')
debug_merge_point(0, 0, '5150<main.rpyeffect:153([mcore:[#293]#567])>+2: {"op": "CallLib". "lib": "3". "symbol": "std/core/hnd/protect"}')
debug_merge_point(0, 0, '495<std_core_hnd.rpyeffect:194([mcore:[#466]#434])>+0: {"op": "Swap". "type": "ptr". "a": 1. "b". 2}')
debug_merge_point(0, 0, '495<std_core_hnd.rpyeffect:194([mcore:[#466]#434])>+1: {"op": "Invoke". "receiver": 2. "tag": Interned(%apply(pp):p). "args" : {"num": []. "ptr": [0. 1]}}')
debug_merge_point(0, 0, '5155<main.rpyeffect:158([method_%apply(pp):p@[mcore:[#299]#576]#587])>+0: {"op": "Push". "target": 5154. "args": {"num": []. "ptr": []}}')
debug_merge_point(0, 0, '5155<main.rpyeffect:158([method_%apply(pp):p@[mcore:[#299]#576]#587])>+1: {"op": "Jump". "target": 5151}')
debug_merge_point(0, 0, '5151<main.rpyeffect:154([mcore:[#296]#574])>+0: {"op": "Const". "type": "num". "out": 0. "value": 0}')
debug_merge_point(0, 0, '5151<main.rpyeffect:154([mcore:[#296]#574])>+1: {"op": "Return". "args": {"num": [0]. "ptr": []}}')
debug_merge_point(0, 0, '5154<main.rpyeffect:157([#589])>+0: {"op": "PrimOp". "name": "box(Num): Ptr". "out": {"num": []. "ptr": [0]}. "in": {"num": [0]. "ptr": []}}')
debug_merge_point(0, 0, '5154<main.rpyeffect:157([#589])>+1: {"op": "Return". "args": {"num": []. "ptr": [0]}}')
+968: p115 = getfield_gc_r(p110, descr=<FieldP rpyeffect.stored_environment.Stack__0_1.inst_values_ptr_0 40 pure>)
+972: p116 = getfield_gc_r(p110, descr=<FieldP rpyeffect.stored_environment.Stack__arb_arb.inst_tail 8 pure>)
+976: guard_nonnull_class(p116, ConstClass(Stack__0_1), descr=<Guard0x128638de0>) [p2, i6, i8, i10, i12, i14, i16, i18, i20, i22, i24, i26, i28, i30, i32, i34, i36, p39, p41, p43, p45, p47, p49, p51, p53, p55, p57, p59, p61, p63, p65, p67, p69, p0, p1, p3]
+1000: i118 = getfield_gc_i(p116, descr=<FieldS rpyeffect.stored_environment.Stack__arb_arb.inst_target 16 pure>)
+1008: guard_value(i118, 432, descr=<Guard0x128644360>) [p2, i6, i8, i10, i12, i14, i16, i18, i20, i22, i24, i26, i28, i30, i32, i34, i36, p39, p41, p43, p45, p47, p49, p51, p53, p55, p57, p59, p61, p63, p65, p67, p69, p0, p1, p3]
debug_merge_point(0, 0, '714<std_core_hnd.rpyeffect:413([k@[k@[#1063]#1068]#1070])>+0: {"op": "Const". "type": "ptr". "out": 2. "format": "string". "value": "Name(import$std/core/hnd)"}')
debug_merge_point(0, 0, '714<std_core_hnd.rpyeffect:413([k@[k@[#1063]#1068]#1070])>+1: {"op": "PrimOp". "name": "getGlobal(String): Ptr". "out": {"num": []. "ptr": [2]}. "in": {"num": []. "ptr": [2]}}')
debug_merge_point(0, 0, '714<std_core_hnd.rpyeffect:413([k@[k@[#1063]#1068]#1070])>+2: {"op": "Push". "target": 713. "args": {"num": []. "ptr": [0]}}')
debug_merge_point(0, 0, '714<std_core_hnd.rpyeffect:413([k@[k@[#1063]#1068]#1070])>+3: {"op": "Copy". "type": "ptr". "from": 1. "to". 0}')
debug_merge_point(0, 0, '714<std_core_hnd.rpyeffect:413([k@[k@[#1063]#1068]#1070])>+4: {"op": "Copy". "type": "ptr". "from": 2. "to". 1}')
debug_merge_point(0, 0, '714<std_core_hnd.rpyeffect:413([k@[k@[#1063]#1068]#1070])>+5: {"op": "Jump". "target": 712}')
debug_merge_point(0, 0, '712<std_core_hnd.rpyeffect:411([mcore:[#655]#1049])>+0: {"op": "Const". "type": "ptr". "out": 1. "format": "string". "value": "Name(import$std/core/hnd)"}')
debug_merge_point(0, 0, '712<std_core_hnd.rpyeffect:411([mcore:[#655]#1049])>+1: {"op": "PrimOp". "name": "getGlobal(String): Ptr". "out": {"num": []. "ptr": [1]}. "in": {"num": []. "ptr": [1]}}')
debug_merge_point(0, 0, '712<std_core_hnd.rpyeffect:411([mcore:[#655]#1049])>+2: {"op": "CallLib". "lib": "1". "symbol": "setCurrentEvv"}')
debug_merge_point(0, 0, '302<std_core_hnd.rpyeffect:1(Name(setCurrentEvv))>+0: {"op": "Const". "type": "ptr". "out": 1. "format": "string". "value": "current-evv"}')
debug_merge_point(0, 0, '302<std_core_hnd.rpyeffect:1(Name(setCurrentEvv))>+1: {"op": "PrimOp". "name": "getGlobal(String): Ptr". "out": {"num": []. "ptr": [1]}. "in": {"num": []. "ptr": [1]}}')
debug_merge_point(0, 0, '302<std_core_hnd.rpyeffect:1(Name(setCurrentEvv))>+2: {"op": "PrimOp". "name": "setRef(Ref[Ptr]. Ptr): Unit". "out": {"num": []. "ptr": [0]}. "in": {"num": []. "ptr": [1. 0]}}')
debug_merge_point(0, 0, '302<std_core_hnd.rpyeffect:1(Name(setCurrentEvv))>+3: {"op": "Return". "args": {"num": []. "ptr": [0]}}')
debug_merge_point(0, 0, '713<std_core_hnd.rpyeffect:412([k@[k@[k@[#1063]#1068]#1070]#1075])>+0: {"op": "Copy". "type": "ptr". "from": 1. "to". 0}')
debug_merge_point(0, 0, '713<std_core_hnd.rpyeffect:412([k@[k@[k@[#1063]#1068]#1070]#1075])>+1: {"op": "Return". "args": {"num": []. "ptr": [0]}}')
+1088: setfield_gc(ConstPtr(ptr120), p115, descr=<FieldP rpyeffect.region.PtrRef.inst_value 8>)
+1092: p121 = getfield_gc_r(p116, descr=<FieldP rpyeffect.stored_environment.Stack__0_1.inst_values_ptr_0 40 pure>)
+1096: p122 = getfield_gc_r(p116, descr=<FieldP rpyeffect.stored_environment.Stack__arb_arb.inst_tail 8 pure>)
+1100: guard_isnull(p122, descr=<Guard0x128638e38>) [p2, i8, i10, i12, i14, i16, i18, i20, i22, i24, i26, i28, i30, i32, i34, i36, p121, p98, p49, p51, p53, p55, p57, p59, p61, p63, p65, p67, p69, p111, p122, p112]
debug_merge_point(0, 0, '432<std_core_hnd.rpyeffect:131([return_clause@[mcore:[#404]#265]#269])>+0: {"op": "Invoke". "receiver": 1. "tag": Interned(%apply(p):p). "args" : {"num": []. "ptr": [0]}}')
+1108: p123 = getfield_gc_r(p121, descr=<FieldP rpyeffect.stored_environment.CoData__arb_arb.inst_vtable 24 pure>)
+1116: guard_value(p123, ConstPtr(ptr124), descr=<Guard0x1286444e0>) [p2, i8, i10, i12, i14, i16, i18, i20, i22, i24, i26, i28, i30, i32, i34, i36, p121, p98, p49, p51, p53, p55, p57, p59, p61, p63, p65, p67, p69, p111, p122, p112]
debug_merge_point(0, 0, '5203<main.rpyeffect:206([#816])>+0: {"op": "PrimOp". "name": "unbox(Ptr): Num". "out": {"num": [0]. "ptr": []}. "in": {"num": []. "ptr": [0]}}')
debug_merge_point(0, 0, '5203<main.rpyeffect:206([#816])>+1: {"op": "Push". "target": 5202. "args": {"num": []. "ptr": []}}')
debug_merge_point(0, 0, '5203<main.rpyeffect:206([#816])>+2: {"op": "Jump". "target": 5147}')
debug_merge_point(0, 0, '5147<main.rpyeffect:150([mcore:[#283]#555])>+0: {"op": "Return". "args": {"num": [0]. "ptr": []}}')
debug_merge_point(0, 0, '5202<main.rpyeffect:205([k@[#816]#821])>+0: {"op": "PrimOp". "name": "box(Num): Ptr". "out": {"num": []. "ptr": [0]}. "in": {"num": [0]. "ptr": []}}')
debug_merge_point(0, 0, '5202<main.rpyeffect:205([k@[#816]#821])>+1: {"op": "Return". "args": {"num": []. "ptr": [0]}}')
+1124: guard_nonnull(p112, descr=<Guard0x1286444a0>) [p2, i8, i10, i12, i14, i16, i18, i20, i22, i24, i26, i28, i30, i32, i34, i36, p121, p98, p49, p51, p53, p55, p57, p59, p61, p63, p65, p67, p69, p111, p122, p112]
+1132: p125 = getfield_gc_r(p112, descr=<FieldP rpyeffect.stack.MetaStackLike.inst_stack 8 pure>)
+1136: p126 = getfield_gc_r(p112, descr=<FieldP rpyeffect.stack.MetaStack.inst_label 16 pure>)
+1140: p127 = getfield_gc_r(p112, descr=<FieldP rpyeffect.stack.MetaStack.inst_tail 32 pure>)
+1144: guard_nonnull(p125, descr=<Guard0x128644460>) [p2, i8, i10, i12, i14, i16, i18, i20, i22, i24, i26, i28, i30, i32, i34, i36, p121, p98, p49, p51, p53, p55, p57, p59, p61, p63, p65, p67, p69, p111, p122, p112]
+1152: i128 = getfield_gc_i(p125, descr=<FieldS rpyeffect.stored_environment.Stack__arb_arb.inst_target 16 pure>)
+1156: guard_value(i128, 505, descr=<Guard0x128644420>) [p2, i8, i10, i12, i14, i16, i18, i20, i22, i24, i26, i28, i30, i32, i34, i36, p121, p98, p49, p51, p53, p55, p57, p59, p61, p63, p65, p67, p69, p111, p122, p112]
+1168: p130 = getfield_gc_r(p125, descr=<FieldP rpyeffect.stored_environment.Stack__arb_arb.inst_tail 8 pure>)
+1172: guard_nonnull(p130, descr=<Guard0x1286443e0>) [p2, i8, i10, i12, i14, i16, i18, i20, i22, i24, i26, i28, i30, i32, i34, i36, p121, p98, p49, p51, p53, p55, p57, p59, p61, p63, p65, p67, p69, p111, p122, p112]
+1180: i131 = getfield_gc_i(p130, descr=<FieldS rpyeffect.stored_environment.Stack__arb_arb.inst_target 16 pure>)
+1184: guard_value(i131, 5134, descr=<Guard0x1286443a0>) [p2, i8, i10, i12, i14, i16, i18, i20, i22, i24, i26, i28, i30, i32, i34, i36, p121, p98, p49, p51, p53, p55, p57, p59, p61, p63, p65, p67, p69, p111, p122, p112]
debug_merge_point(0, 0, '505<std_core_hnd.rpyeffect:204([#467])>+0: {"op": "PrimOp". "name": "unbox(Ptr): Num". "out": {"num": [0]. "ptr": []}. "in": {"num": []. "ptr": [0]}}')
+1196: p133 = new_with_vtable(descr=<SizeDescr 16>)
+1308: setfield_gc(p133, 0, descr=<FieldS rpyeffect.region.NumBox.inst_value 8 pure>)
+1320: jump(p126, p130, p2, p127, 0, i8, i10, i12, i14, i16, i18, i20, i22, i24, i26, i28, i30, i32, i34, i36, p133, p121, ConstPtr(ptr135), ConstPtr(ptr136), p98, p49, p51, p53, p55, p57, p59, p61, p63, p65, p67, p69, descr=TargetToken(4971958928))
+1644: --end of the loop--
[8f195f3] jit-log-opt-loop}
[90d7b64] {jit-log-opt-loop
# Loop 10 (506<std_core_hnd.rpyeffect:205([method_%apply(n):n@[mcore:[#470]#437]#462])>+2: {"op": "Swap", "type": "ptr", "a": 0, "b", 1}) : entry bridge with 184 ops
[p0, p1, p2, p3]
+360: p4 = getfield_gc_r(p2, descr=<FieldP rpyeffect.environment.Environment.inst_values_num 16>)
+368: i6 = getarrayitem_gc_i(p4, 0, descr=<ArrayS 8>)
+372: i8 = getarrayitem_gc_i(p4, 1, descr=<ArrayS 8>)
+376: i10 = getarrayitem_gc_i(p4, 2, descr=<ArrayS 8>)
+380: i12 = getarrayitem_gc_i(p4, 3, descr=<ArrayS 8>)
+384: i14 = getarrayitem_gc_i(p4, 4, descr=<ArrayS 8>)
+388: i16 = getarrayitem_gc_i(p4, 5, descr=<ArrayS 8>)
+392: i18 = getarrayitem_gc_i(p4, 6, descr=<ArrayS 8>)
+396: i20 = getarrayitem_gc_i(p4, 7, descr=<ArrayS 8>)
+400: i22 = getarrayitem_gc_i(p4, 8, descr=<ArrayS 8>)
+404: i24 = getarrayitem_gc_i(p4, 9, descr=<ArrayS 8>)
+408: i26 = getarrayitem_gc_i(p4, 10, descr=<ArrayS 8>)
+412: i28 = getarrayitem_gc_i(p4, 11, descr=<ArrayS 8>)
+416: i30 = getarrayitem_gc_i(p4, 12, descr=<ArrayS 8>)
+420: i32 = getarrayitem_gc_i(p4, 13, descr=<ArrayS 8>)
+424: i34 = getarrayitem_gc_i(p4, 14, descr=<ArrayS 8>)
+432: i36 = getarrayitem_gc_i(p4, 15, descr=<ArrayS 8>)
+436: p37 = getfield_gc_r(p2, descr=<FieldP rpyeffect.environment.Environment.inst_values_ptr 24>)
+440: p39 = getarrayitem_gc_r(p37, 0, descr=<ArrayP 8>)
+448: p41 = getarrayitem_gc_r(p37, 1, descr=<ArrayP 8>)
+456: p43 = getarrayitem_gc_r(p37, 2, descr=<ArrayP 8>)
+464: p45 = getarrayitem_gc_r(p37, 3, descr=<ArrayP 8>)
+472: p47 = getarrayitem_gc_r(p37, 4, descr=<ArrayP 8>)
+480: p49 = getarrayitem_gc_r(p37, 5, descr=<ArrayP 8>)
+488: p51 = getarrayitem_gc_r(p37, 6, descr=<ArrayP 8>)
+496: p53 = getarrayitem_gc_r(p37, 7, descr=<ArrayP 8>)
+504: p55 = getarrayitem_gc_r(p37, 8, descr=<ArrayP 8>)
+512: p57 = getarrayitem_gc_r(p37, 9, descr=<ArrayP 8>)
+520: p59 = getarrayitem_gc_r(p37, 10, descr=<ArrayP 8>)
+528: p61 = getarrayitem_gc_r(p37, 11, descr=<ArrayP 8>)
+536: p63 = getarrayitem_gc_r(p37, 12, descr=<ArrayP 8>)
+544: p65 = getarrayitem_gc_r(p37, 13, descr=<ArrayP 8>)
+552: p67 = getarrayitem_gc_r(p37, 14, descr=<ArrayP 8>)
+560: p69 = getarrayitem_gc_r(p37, 15, descr=<ArrayP 8>)
debug_merge_point(0, 0, '506<std_core_hnd.rpyeffect:205([method_%apply(n):n@[mcore:[#470]#437]#462])>+2: {"op": "Swap". "type": "ptr". "a": 0. "b". 1}')
+564: guard_not_invalidated(descr=<Guard0x12865aa70>) [p2, i6, i8, i10, i12, i14, i16, i18, i20, i22, i24, i26, i28, i30, i32, i34, i36, p39, p41, p43, p45, p47, p49, p51, p53, p55, p57, p59, p61, p63, p65, p67, p69, p0, p1, p3]
debug_merge_point(0, 0, '506<std_core_hnd.rpyeffect:205([method_%apply(n):n@[mcore:[#470]#437]#462])>+3: {"op": "Jump". "target": 497}')
+568: guard_nonnull(p1, descr=<Guard0x128645620>) [p2, i6, i8, i10, i12, i14, i16, i18, i20, i22, i24, i26, i28, i30, i32, i34, i36, p39, p41, p43, p45, p47, p49, p51, p53, p55, p57, p59, p61, p63, p65, p67, p69, p0, p1, p3]
+580: i70 = getfield_gc_i(p1, descr=<FieldS rpyeffect.stored_environment.Stack__arb_arb.inst_target 16 pure>)
+596: guard_value(i70, 505, descr=<Guard0x128645660>) [p2, i6, i8, i10, i12, i14, i16, i18, i20, i22, i24, i26, i28, i30, i32, i34, i36, p39, p41, p43, p45, p47, p49, p51, p53, p55, p57, p59, p61, p63, p65, p67, p69, p0, p1, p3]
debug_merge_point(0, 0, '497<std_core_hnd.rpyeffect:196([mcore:[#469]#436])>+0: {"op": "PushStack". "arg": 1}')
+608: guard_nonnull_class(p39, 4348275712, descr=<Guard0x12865aac8>) [p2, i6, i8, i10, i12, i14, i16, i18, i20, i22, i24, i26, i28, i30, i32, i34, i36, p39, p41, p43, p45, p47, p49, p51, p53, p55, p57, p59, p61, p63, p65, p67, p69, p0, p1, p3]
+632: p73 = getfield_gc_r(p39, descr=<FieldP rpyeffect.stack.MetaStack.inst_region 24 pure>)
+636: guard_isnull(p73, descr=<Guard0x1286456a0>) [p2, i6, i8, i10, i12, i14, i16, i18, i20, i22, i24, i26, i28, i30, i32, i34, i36, p39, p41, p43, p45, p47, p49, p51, p53, p55, p57, p59, p61, p63, p65, p67, p69, p0, p1, p3]
+644: p74 = getfield_gc_r(p39, descr=<FieldP rpyeffect.stack.MetaStackLike.inst_stack 8 pure>)
+648: p75 = getfield_gc_r(p39, descr=<FieldP rpyeffect.stack.MetaStack.inst_tail 32 pure>)
+656: guard_nonnull_class(p75, 4348275712, descr=<Guard0x12865ab20>) [p2, i6, i8, i10, i12, i14, i16, i18, i20, i22, i24, i26, i28, i30, i32, i34, i36, p39, p41, p43, p45, p47, p49, p51, p53, p55, p57, p59, p61, p63, p65, p67, p69, p0, p1, p3]
+680: p77 = getfield_gc_r(p75, descr=<FieldP rpyeffect.stack.MetaStack.inst_region 24 pure>)
+688: guard_isnull(p77, descr=<Guard0x1286456e0>) [p2, i6, i8, i10, i12, i14, i16, i18, i20, i22, i24, i26, i28, i30, i32, i34, i36, p39, p41, p43, p45, p47, p49, p51, p53, p55, p57, p59, p61, p63, p65, p67, p69, p0, p1, p3]
+696: p78 = getfield_gc_r(p75, descr=<FieldP rpyeffect.stack.MetaStackLike.inst_stack 8 pure>)
+700: p79 = getfield_gc_r(p75, descr=<FieldP rpyeffect.stack.MetaStack.inst_tail 32 pure>)
+708: guard_isnull(p79, descr=<Guard0x128645720>) [p2, i6, i8, i10, i12, i14, i16, i18, i20, i22, i24, i26, i28, i30, i32, i34, i36, p39, p41, p43, p45, p47, p49, p51, p53, p55, p57, p59, p61, p63, p65, p67, p69, p0, p1, p3]
+716: p80 = getfield_gc_r(p75, descr=<FieldP rpyeffect.stack.MetaStack.inst_label 16 pure>)
+720: p81 = getfield_gc_r(p39, descr=<FieldP rpyeffect.stack.MetaStack.inst_label 16 pure>)
+724: guard_nonnull(p74, descr=<Guard0x128645760>) [p2, i6, i8, i10, i12, i14, i16, i18, i20, i22, i24, i26, i28, i30, i32, i34, i36, p39, p41, p43, p45, p47, p49, p51, p53, p55, p57, p59, p61, p63, p65, p67, p69, p0, p1, p3]
+732: i82 = getfield_gc_i(p74, descr=<FieldS rpyeffect.stored_environment.Stack__arb_arb.inst_target 16 pure>)
+740: guard_value(i82, 1020, descr=<Guard0x1286457a0>) [p2, i6, i8, i10, i12, i14, i16, i18, i20, i22, i24, i26, i28, i30, i32, i34, i36, p39, p41, p43, p45, p47, p49, p51, p53, p55, p57, p59, p61, p63, p65, p67, p69, p0, p1, p3]
debug_merge_point(0, 0, '497<std_core_hnd.rpyeffect:196([mcore:[#469]#436])>+1: {"op": "Return". "args": {"num": []. "ptr": [0]}}')
+752: p84 = getfield_gc_r(p74, descr=<FieldP rpyeffect.stored_environment.Stack__0_1.inst_values_ptr_0 40 pure>)
+756: p85 = getfield_gc_r(p74, descr=<FieldP rpyeffect.stored_environment.Stack__arb_arb.inst_tail 8 pure>)
debug_merge_point(0, 0, '1020<std_core_hnd.rpyeffect:719([k@[k@[mcore:[#893]#2108]#2110]#2112])>+0: {"op": "Const". "type": "ptr". "out": 2. "format": "string". "value": "Name(import$std/core/hnd)"}')
debug_merge_point(0, 0, '1020<std_core_hnd.rpyeffect:719([k@[k@[mcore:[#893]#2108]#2110]#2112])>+1: {"op": "PrimOp". "name": "getGlobal(String): Ptr". "out": {"num": []. "ptr": [2]}. "in": {"num": []. "ptr": [2]}}')
debug_merge_point(0, 0, '1020<std_core_hnd.rpyeffect:719([k@[k@[mcore:[#893]#2108]#2110]#2112])>+2: {"op": "Push". "target": 1019. "args": {"num": []. "ptr": [0]}}')
debug_merge_point(0, 0, '1020<std_core_hnd.rpyeffect:719([k@[k@[mcore:[#893]#2108]#2110]#2112])>+3: {"op": "Copy". "type": "ptr". "from": 1. "to". 0}')
debug_merge_point(0, 0, '1020<std_core_hnd.rpyeffect:719([k@[k@[mcore:[#893]#2108]#2110]#2112])>+4: {"op": "Copy". "type": "ptr". "from": 2. "to". 1}')
debug_merge_point(0, 0, '1020<std_core_hnd.rpyeffect:719([k@[k@[mcore:[#893]#2108]#2110]#2112])>+5: {"op": "Jump". "target": 1018}')
debug_merge_point(0, 0, '1018<std_core_hnd.rpyeffect:717([mcore:[#892]#2103])>+0: {"op": "Const". "type": "ptr". "out": 1. "format": "string". "value": "Name(import$std/core/hnd)"}')
debug_merge_point(0, 0, '1018<std_core_hnd.rpyeffect:717([mcore:[#892]#2103])>+1: {"op": "PrimOp". "name": "getGlobal(String): Ptr". "out": {"num": []. "ptr": [1]}. "in": {"num": []. "ptr": [1]}}')
debug_merge_point(0, 0, '1018<std_core_hnd.rpyeffect:717([mcore:[#892]#2103])>+2: {"op": "CallLib". "lib": "1". "symbol": "setCurrentEvv"}')
debug_merge_point(0, 0, '302<std_core_hnd.rpyeffect:1(Name(setCurrentEvv))>+0: {"op": "Const". "type": "ptr". "out": 1. "format": "string". "value": "current-evv"}')
debug_merge_point(0, 0, '302<std_core_hnd.rpyeffect:1(Name(setCurrentEvv))>+1: {"op": "PrimOp". "name": "getGlobal(String): Ptr". "out": {"num": []. "ptr": [1]}. "in": {"num": []. "ptr": [1]}}')
debug_merge_point(0, 0, '302<std_core_hnd.rpyeffect:1(Name(setCurrentEvv))>+2: {"op": "PrimOp". "name": "setRef(Ref[Ptr]. Ptr): Unit". "out": {"num": []. "ptr": [0]}. "in": {"num": []. "ptr": [1. 0]}}')
debug_merge_point(0, 0, '302<std_core_hnd.rpyeffect:1(Name(setCurrentEvv))>+3: {"op": "Return". "args": {"num": []. "ptr": [0]}}')
debug_merge_point(0, 0, '1019<std_core_hnd.rpyeffect:718([k@[k@[k@[mcore:[#893]#2108]#2110]#2112]#2117])>+0: {"op": "Copy". "type": "ptr". "from": 1. "to". 0}')
debug_merge_point(0, 0, '1019<std_core_hnd.rpyeffect:718([k@[k@[k@[mcore:[#893]#2108]#2110]#2112]#2117])>+1: {"op": "Return". "args": {"num": []. "ptr": [0]}}')
+828: setfield_gc(ConstPtr(ptr86), p84, descr=<FieldP rpyeffect.region.PtrRef.inst_value 8>)
+832: guard_nonnull(p85, descr=<Guard0x12865ab78>) [p2, i6, i8, i10, i12, i14, i16, i18, i20, i22, i24, i26, i28, i30, i32, i34, i36, p41, p45, p47, p49, p51, p53, p55, p57, p59, p61, p63, p65, p67, p69, p81, p85, p3, p0, p1, p80, p78]
+840: i87 = getfield_gc_i(p85, descr=<FieldS rpyeffect.stored_environment.Stack__arb_arb.inst_target 16 pure>)
+844: guard_value(i87, 5075, descr=<Guard0x1286457e0>) [p2, i6, i8, i10, i12, i14, i16, i18, i20, i22, i24, i26, i28, i30, i32, i34, i36, p41, p45, p47, p49, p51, p53, p55, p57, p59, p61, p63, p65, p67, p69, p81, p85, p3, p0, p1, p80, p78]
+856: p89 = getfield_gc_r(p85, descr=<FieldP rpyeffect.stored_environment.Stack__arb_arb.inst_tail 8 pure>)
debug_merge_point(0, 0, '5075<main.rpyeffect:78([k@[#279]#281])>+0: {"op": "PrimOp". "name": "unbox(Ptr): Num". "out": {"num": [0]. "ptr": []}. "in": {"num": []. "ptr": [0]}}')
+860: i90 = getfield_gc_i(p41, descr=<FieldS rpyeffect.region.NumBox.inst_value 8 pure>)
debug_merge_point(0, 0, '5075<main.rpyeffect:78([k@[#279]#281])>+1: {"op": "Return". "args": {"num": [0]. "ptr": []}}')
+864: guard_nonnull(p89, descr=<Guard0x128645820>) [p2, i6, i8, i10, i12, i14, i16, i18, i20, i22, i24, i26, i28, i30, i32, i34, i36, p41, p45, p47, p49, p51, p53, p55, p57, p59, p61, p63, p65, p67, p69, p81, p85, p3, p0, p1, p80, p78]
+872: i91 = getfield_gc_i(p89, descr=<FieldS rpyeffect.stored_environment.Stack__arb_arb.inst_target 16 pure>)
+880: guard_value(i91, 5090, descr=<Guard0x128645860>) [p2, i6, i8, i10, i12, i14, i16, i18, i20, i22, i24, i26, i28, i30, i32, i34, i36, p41, p45, p47, p49, p51, p53, p55, p57, p59, p61, p63, p65, p67, p69, p81, p85, p3, p0, p1, p80, p78]
+896: p93 = getfield_gc_r(p89, descr=<FieldP rpyeffect.stored_environment.Stack__arb_arb.inst_tail 8 pure>)
debug_merge_point(0, 0, '5090<main.rpyeffect:93([k@[#333]#336])>+0: {"op": "PrimOp". "name": "box(Num): Ptr". "out": {"num": []. "ptr": [0]}. "in": {"num": [0]. "ptr": []}}')
debug_merge_point(0, 0, '5090<main.rpyeffect:93([k@[#333]#336])>+1: {"op": "Return". "args": {"num": []. "ptr": [0]}}')
+900: guard_nonnull(p93, descr=<Guard0x1286458a0>) [p2, i6, i8, i10, i12, i14, i16, i18, i20, i22, i24, i26, i28, i30, i32, i34, i36, p41, p45, p47, p49, p51, p53, p55, p57, p59, p61, p63, p65, p67, p69, p81, p85, p3, p0, p1, p80, p78]
+908: i94 = getfield_gc_i(p93, descr=<FieldS rpyeffect.stored_environment.Stack__arb_arb.inst_target 16 pure>)
+912: guard_value(i94, 801, descr=<Guard0x1286458e0>) [p2, i6, i8, i10, i12, i14, i16, i18, i20, i22, i24, i26, i28, i30, i32, i34, i36, p41, p45, p47, p49, p51, p53, p55, p57, p59, p61, p63, p65, p67, p69, p81, p85, p3, p0, p1, p80, p78]
+924: i96 = getfield_gc_i(p93, descr=<FieldS rpyeffect.stored_environment.Stack__1_1.inst_values_num_0 40 pure>)
+924: p97 = getfield_gc_r(p93, descr=<FieldP rpyeffect.stored_environment.Stack__1_1.inst_values_ptr_0 48 pure>)
+928: p98 = getfield_gc_r(p93, descr=<FieldP rpyeffect.stored_environment.Stack__arb_arb.inst_tail 8 pure>)
+932: guard_nonnull(p98, descr=<Guard0x128645920>) [p2, i6, i8, i10, i12, i14, i16, i18, i20, i22, i24, i26, i28, i30, i32, i34, i36, p41, p45, p47, p49, p51, p53, p55, p57, p59, p61, p63, p65, p67, p69, p81, p85, p3, p0, p1, p80, p78]
+940: i99 = getfield_gc_i(p98, descr=<FieldS rpyeffect.stored_environment.Stack__arb_arb.inst_target 16 pure>)
+944: guard_value(i99, 5098, descr=<Guard0x128645960>) [p2, i6, i8, i10, i12, i14, i16, i18, i20, i22, i24, i26, i28, i30, i32, i34, i36, p41, p45, p47, p49, p51, p53, p55, p57, p59, p61, p63, p65, p67, p69, p81, p85, p3, p0, p1, p80, p78]
debug_merge_point(0, 0, '801<std_core_hnd.rpyeffect:500([k@[k@[mcore:[#725]#1309]#1314]#1316])>+0: {"op": "Const". "type": "ptr". "out": 2. "format": "string". "value": "Name(import$std/core/hnd)"}')
debug_merge_point(0, 0, '801<std_core_hnd.rpyeffect:500([k@[k@[mcore:[#725]#1309]#1314]#1316])>+1: {"op": "PrimOp". "name": "getGlobal(String): Ptr". "out": {"num": []. "ptr": [2]}. "in": {"num": []. "ptr": [2]}}')
debug_merge_point(0, 0, '801<std_core_hnd.rpyeffect:500([k@[k@[mcore:[#725]#1309]#1314]#1316])>+2: {"op": "Push". "target": 800. "args": {"num": [0]. "ptr": [0]}}')
debug_merge_point(0, 0, '801<std_core_hnd.rpyeffect:500([k@[k@[mcore:[#725]#1309]#1314]#1316])>+3: {"op": "Copy". "type": "ptr". "from": 1. "to". 0}')
debug_merge_point(0, 0, '801<std_core_hnd.rpyeffect:500([k@[k@[mcore:[#725]#1309]#1314]#1316])>+4: {"op": "Copy". "type": "ptr". "from": 2. "to". 1}')
debug_merge_point(0, 0, '801<std_core_hnd.rpyeffect:500([k@[k@[mcore:[#725]#1309]#1314]#1316])>+5: {"op": "Jump". "target": 785}')
debug_merge_point(0, 0, '785<std_core_hnd.rpyeffect:484([mcore:[#717]#1300])>+0: {"op": "Const". "type": "ptr". "out": 1. "format": "string". "value": "Name(import$std/core/hnd)"}')
debug_merge_point(0, 0, '785<std_core_hnd.rpyeffect:484([mcore:[#717]#1300])>+1: {"op": "PrimOp". "name": "getGlobal(String): Ptr". "out": {"num": []. "ptr": [1]}. "in": {"num": []. "ptr": [1]}}')
debug_merge_point(0, 0, '785<std_core_hnd.rpyeffect:484([mcore:[#717]#1300])>+2: {"op": "CallLib". "lib": "1". "symbol": "setCurrentEvv"}')
debug_merge_point(0, 0, '302<std_core_hnd.rpyeffect:1(Name(setCurrentEvv))>+0: {"op": "Const". "type": "ptr". "out": 1. "format": "string". "value": "current-evv"}')
debug_merge_point(0, 0, '302<std_core_hnd.rpyeffect:1(Name(setCurrentEvv))>+1: {"op": "PrimOp". "name": "getGlobal(String): Ptr". "out": {"num": []. "ptr": [1]}. "in": {"num": []. "ptr": [1]}}')
debug_merge_point(0, 0, '302<std_core_hnd.rpyeffect:1(Name(setCurrentEvv))>+2: {"op": "PrimOp". "name": "setRef(Ref[Ptr]. Ptr): Unit". "out": {"num": []. "ptr": [0]}. "in": {"num": []. "ptr": [1. 0]}}')
debug_merge_point(0, 0, '302<std_core_hnd.rpyeffect:1(Name(setCurrentEvv))>+3: {"op": "Return". "args": {"num": []. "ptr": [0]}}')
debug_merge_point(0, 0, '800<std_core_hnd.rpyeffect:499([k@[k@[k@[mcore:[#725]#1309]#1314]#1316]#1321])>+0: {"op": "Const". "type": "num". "out": 1. "value": 0}')
debug_merge_point(0, 0, '800<std_core_hnd.rpyeffect:499([k@[k@[k@[mcore:[#725]#1309]#1314]#1316]#1321])>+1: {"op": "Copy". "type": "ptr". "from": 1. "to". 0}')
debug_merge_point(0, 0, '800<std_core_hnd.rpyeffect:499([k@[k@[k@[mcore:[#725]#1309]#1314]#1316]#1321])>+2: {"op": "Switch". "scrutinee": 1. "values": [1]. "targets": [796]. "default": 799}')
debug_merge_point(0, 0, '799<std_core_hnd.rpyeffect:498([switch default case#1364])>+0: {"op": "Const". "type": "num". "out": 0. "value": 0}')
debug_merge_point(0, 0, '799<std_core_hnd.rpyeffect:498([switch default case#1364])>+1: {"op": "Switch". "scrutinee": 0. "values": [0]. "targets": [797]. "default": 798}')
debug_merge_point(0, 0, '797<std_core_hnd.rpyeffect:496([switch case for 0#1366])>+0: {"op": "Return". "args": {"num": []. "ptr": [0]}}')
+960: i101 = getfield_gc_i(p98, descr=<FieldS rpyeffect.stored_environment.Stack__1_0.inst_values_num_0 40 pure>)
+964: p102 = getfield_gc_r(p98, descr=<FieldP rpyeffect.stored_environment.Stack__arb_arb.inst_tail 8 pure>)
debug_merge_point(0, 0, '5098<main.rpyeffect:101([k@[switch case for 0#321]#345])>+0: {"op": "PrimOp". "name": "unbox(Ptr): Num". "out": {"num": [1]. "ptr": []}. "in": {"num": []. "ptr": [0]}}')
debug_merge_point(0, 0, '5098<main.rpyeffect:101([k@[switch case for 0#321]#345])>+1: {"op": "Swap". "type": "num". "a": 0. "b". 1}')
debug_merge_point(0, 0, '5098<main.rpyeffect:101([k@[switch case for 0#321]#345])>+2: {"op": "Switch". "scrutinee": 0. "values": [1]. "targets": [5093]. "default": 5097}')
+1032: setfield_gc(ConstPtr(ptr103), p97, descr=<FieldP rpyeffect.region.PtrRef.inst_value 8>)
+1036: i105 = int_eq(i90, 1)
guard_false(i105, descr=<Guard0x12865abd0>) [p2, i90, i101, i10, i12, i14, i16, i18, i20, i22, i24, i26, i28, i30, i32, i34, i36, p45, p47, p49, p51, p53, p55, p57, p59, p61, p63, p65, p67, p69, p81, p102, p3, p0, p1, p80, p78]
+1044: guard_nonnull(p102, descr=<Guard0x1286459a0>) [p2, i90, i101, i10, i12, i14, i16, i18, i20, i22, i24, i26, i28, i30, i32, i34, i36, p45, p47, p49, p51, p53, p55, p57, p59, p61, p63, p65, p67, p69, p81, p102, p3, p0, p1, p80, p78]
+1052: i106 = getfield_gc_i(p102, descr=<FieldS rpyeffect.stored_environment.Stack__arb_arb.inst_target 16 pure>)
+1056: guard_value(i106, 5128, descr=<Guard0x1286459e0>) [p2, i90, i101, i10, i12, i14, i16, i18, i20, i22, i24, i26, i28, i30, i32, i34, i36, p45, p47, p49, p51, p53, p55, p57, p59, p61, p63, p65, p67, p69, p81, p102, p3, p0, p1, p80, p78]
debug_merge_point(0, 0, '5097<main.rpyeffect:100([switch default case#352])>+0: {"op": "Swap". "type": "num". "a": 0. "b". 1}')
debug_merge_point(0, 0, '5097<main.rpyeffect:100([switch default case#352])>+1: {"op": "Switch". "scrutinee": 1. "values": [0]. "targets": [5095]. "default": 5096}')
+1068: i109 = int_eq(i90, 0)
guard_true(i109, descr=<Guard0x128645a20>) [p2, i90, i101, i10, i12, i14, i16, i18, i20, i22, i24, i26, i28, i30, i32, i34, i36, p45, p47, p49, p51, p53, p55, p57, p59, p61, p63, p65, p67, p69, p81, p102, p3, p0, p1, p80, p78]
debug_merge_point(0, 0, '5095<main.rpyeffect:98([switch case for 0#353])>+0: {"op": "Const". "type": "num". "out": 1. "value": 1}')
debug_merge_point(0, 0, '5095<main.rpyeffect:98([switch case for 0#353])>+1: {"op": "PrimOp". "name": "infixSub(Int. Int): Int". "out": {"num": [0]. "ptr": []}. "in": {"num": [0. 1]. "ptr": []}}')
+1076: i111 = int_sub(i101, 1)
debug_merge_point(0, 0, '5095<main.rpyeffect:98([switch case for 0#353])>+2: {"op": "Const". "type": "ptr". "out": 0. "format": "string". "value": "Name(import$std/core/hnd)"}')
debug_merge_point(0, 0, '5095<main.rpyeffect:98([switch case for 0#353])>+3: {"op": "PrimOp". "name": "getGlobal(String): Ptr". "out": {"num": []. "ptr": [0]}. "in": {"num": []. "ptr": [0]}}')
debug_merge_point(0, 0, '5095<main.rpyeffect:98([switch case for 0#353])>+4: {"op": "Jump". "target": 5102}')
debug_merge_point(0, 0, '5102<main.rpyeffect:105([mcore:[#227]#285])>+0: {"op": "Const". "type": "num". "out": 1. "value": 1}')
debug_merge_point(0, 0, '5102<main.rpyeffect:105([mcore:[#227]#285])>+1: {"op": "PrimOp". "name": "infixLt(Int. Int): Boolean". "out": {"num": [1]. "ptr": []}. "in": {"num": [0. 1]. "ptr": []}}')
+1080: i113 = int_lt(i111, 1)
guard_false(i113, descr=<Guard0x128645a60>) [p2, i90, i101, i10, i12, i14, i16, i18, i20, i22, i24, i26, i28, i30, i32, i34, i36, p45, p47, p49, p51, p53, p55, p57, p59, p61, p63, p65, p67, p69, p81, p102, p3, p0, p1, p80, p78]
debug_merge_point(0, 0, '5102<main.rpyeffect:105([mcore:[#227]#285])>+2: {"op": "Switch". "scrutinee": 1. "values": [1]. "targets": [5087]. "default": 5101}')
debug_merge_point(0, 0, '5101<main.rpyeffect:104([switch default case#317])>+0: {"op": "Const". "type": "num". "out": 1. "value": 1}')
debug_merge_point(0, 0, '5101<main.rpyeffect:104([switch default case#317])>+1: {"op": "PrimOp". "name": "infixLt(Int. Int): Boolean". "out": {"num": [1]. "ptr": []}. "in": {"num": [0. 1]. "ptr": []}}')
debug_merge_point(0, 0, '5101<main.rpyeffect:104([switch default case#317])>+2: {"op": "Switch". "scrutinee": 1. "values": [0]. "targets": [5099]. "default": 5100}')
debug_merge_point(0, 0, '5099<main.rpyeffect:102([switch case for 0#321])>+0: {"op": "Const". "type": "num". "out": 1. "value": 1}')
debug_merge_point(0, 0, '5099<main.rpyeffect:102([switch case for 0#321])>+1: {"op": "New". "out": 0. "targets": [5089. 5091]. "args": {"num": []. "ptr": []}}')
debug_merge_point(0, 0, '5099<main.rpyeffect:102([switch case for 0#321])>+2: {"op": "Const". "type": "ptr". "out": 1. "format": "string". "value": "Name(import$std/core/hnd)"}')
debug_merge_point(0, 0, '5099<main.rpyeffect:102([switch case for 0#321])>+3: {"op": "PrimOp". "name": "getGlobal(String): Ptr". "out": {"num": []. "ptr": [1]}. "in": {"num": []. "ptr": [1]}}')
debug_merge_point(0, 0, '5099<main.rpyeffect:102([switch case for 0#321])>+4: {"op": "Push". "target": 5098. "args": {"num": [0]. "ptr": []}}')
debug_merge_point(0, 0, '5099<main.rpyeffect:102([switch case for 0#321])>+5: {"op": "Copy". "type": "num". "from": 1. "to". 0}')
debug_merge_point(0, 0, '5099<main.rpyeffect:102([switch case for 0#321])>+6: {"op": "Jump". "target": 5067}')
debug_merge_point(0, 0, '5067<main.rpyeffect:70([mcore:[#210]#231])>+0: {"op": "Const". "type": "ptr". "out": 1. "format": "string". "value": "Name(import$std/core/hnd)"}')
debug_merge_point(0, 0, '5067<main.rpyeffect:70([mcore:[#210]#231])>+1: {"op": "PrimOp". "name": "getGlobal(String): Ptr". "out": {"num": []. "ptr": [1]}. "in": {"num": []. "ptr": [1]}}')
debug_merge_point(0, 0, '5067<main.rpyeffect:70([mcore:[#210]#231])>+2: {"op": "CallLib". "lib": "1". "symbol": "std/core/hnd/@open-at0"}')
debug_merge_point(0, 0, '803<std_core_hnd.rpyeffect:502([mcore:[#725]#1309])>+0: {"op": "Const". "type": "ptr". "out": 1. "format": "string". "value": "Name(import$std/core/hnd)"}')
debug_merge_point(0, 0, '803<std_core_hnd.rpyeffect:502([mcore:[#725]#1309])>+1: {"op": "PrimOp". "name": "getGlobal(String): Ptr". "out": {"num": []. "ptr": [1]}. "in": {"num": []. "ptr": [1]}}')
debug_merge_point(0, 0, '803<std_core_hnd.rpyeffect:502([mcore:[#725]#1309])>+2: {"op": "Push". "target": 802. "args": {"num": [0]. "ptr": [0]}}')
debug_merge_point(0, 0, '803<std_core_hnd.rpyeffect:502([mcore:[#725]#1309])>+3: {"op": "Copy". "type": "ptr". "from": 1. "to". 0}')
debug_merge_point(0, 0, '803<std_core_hnd.rpyeffect:502([mcore:[#725]#1309])>+4: {"op": "Jump". "target": 784}')
debug_merge_point(0, 0, '784<std_core_hnd.rpyeffect:483([mcore:[#715]#1295])>+0: {"op": "Const". "type": "ptr". "out": 0. "format": "string". "value": "Name(import$std/core/hnd)"}')
+1088: p114 = new_with_vtable(descr=<SizeDescr 56>)
+1196: p115 = new_with_vtable(descr=<SizeDescr 48>)
+1208: setfield_gc(p115, p102, descr=<FieldP rpyeffect.stored_environment.Stack__arb_arb.inst_tail 8 pure>)
+1212: setfield_gc(p115, 5098, descr=<FieldS rpyeffect.stored_environment.Stack__arb_arb.inst_target 16 pure>)
+1220: setfield_gc(p115, i111, descr=<FieldS rpyeffect.stored_environment.Stack__1_0.inst_values_num_0 40 pure>)
+1224: p117 = new_with_vtable(descr=<SizeDescr 32>)
+1240: setfield_gc(p117, ConstPtr(ptr118), descr=<FieldP rpyeffect.stored_environment.CoData__arb_arb.inst_vtable 24 pure>)
+1244: p119 = new_with_vtable(descr=<SizeDescr 40>)
+1256: p120 = new_with_vtable(descr=<SizeDescr 40>)
+1268: setfield_gc(p120, p1, descr=<FieldP rpyeffect.stack.MetaStackLike.inst_stack 8 pure>)
+1272: setfield_gc(p120, p0, descr=<FieldP rpyeffect.stack.MetaStack.inst_label 16 pure>)
+1280: setfield_gc(p120, ConstPtr(null), descr=<FieldP rpyeffect.stack.MetaStack.inst_region 24 pure>)
+1288: setfield_gc(p120, p3, descr=<FieldP rpyeffect.stack.MetaStack.inst_tail 32 pure>)
+1296: setfield_gc(p114, 802, descr=<FieldS rpyeffect.stored_environment.Stack__arb_arb.inst_target 16 pure>)
+1304: setfield_gc(p119, ConstPtr(null), descr=<FieldP rpyeffect.stack.MetaStack.inst_region 24 pure>)
+1312: setfield_gc(p119, p78, descr=<FieldP rpyeffect.stack.MetaStackLike.inst_stack 8 pure>)
+1316: setfield_gc(p119, p120, descr=<FieldP rpyeffect.stack.MetaStack.inst_tail 32 pure>)
+1320: setfield_gc(p119, p80, descr=<FieldP rpyeffect.stack.MetaStack.inst_label 16 pure>)
+1324: setfield_gc(p114, p115, descr=<FieldP rpyeffect.stored_environment.Stack__arb_arb.inst_tail 8 pure>)
+1328: setfield_gc(p114, 1, descr=<FieldS rpyeffect.stored_environment.Stack__1_1.inst_values_num_0 40 pure>)
+1336: setfield_gc(p114, p117, descr=<FieldP rpyeffect.stored_environment.Stack__1_1.inst_values_ptr_0 48 pure>)
+1392: jump(p81, p114, p2, p119, 1, 1, i10, i12, i14, i16, i18, i20, i22, i24, i26, i28, i30, i32, i34, i36, ConstPtr(ptr125), ConstPtr(ptr125), ConstPtr(ptr126), p45, p47, p49, p51, p53, p55, p57, p59, p61, p63, p65, p67, p69, descr=TargetToken(4971073632))
+1748: --end of the loop--
[90f7a4b] jit-log-opt-loop}
[9425b5c] {jit-log-opt-bridge
# bridge out of Guard 0x12851ede0 with 324 ops
[p0, i1, i2, i3, i4, i5, i6, i7, i8, i9, i10, i11, i12, i13, i14, i15, i16, p17, p18, p19, p20, p21, p22, p23, p24, p25, p26, p27, p28, p29, p30, p31, p32, p33, p34, p35]
+360: guard_not_invalidated(descr=<Guard0x1286b76d0>) [p0, i1, i2, i3, i4, i5, i6, i7, i8, i9, i10, i11, i12, i13, i14, i15, i16, p17, p18, p19, p20, p21, p22, p23, p24, p25, p26, p27, p28, p29, p30, p31, p32, p33, p34, p35]
debug_merge_point(0, 0, '307<std_core_hnd.rpyeffect:6(Name(evvSwapCreate1))>+1: {"op": "Push". "target": 306. "args": {"num": [0]. "ptr": [0]}}')
debug_merge_point(0, 0, '307<std_core_hnd.rpyeffect:6(Name(evvSwapCreate1))>+2: {"op": "Jump". "target": 301}')
debug_merge_point(0, 0, '301<std_core_hnd.rpyeffect:0(Name(getCurrentEvv))>+0: {"op": "Const". "type": "ptr". "out": 0. "format": "string". "value": "current-evv"}')
debug_merge_point(0, 0, '301<std_core_hnd.rpyeffect:0(Name(getCurrentEvv))>+1: {"op": "PrimOp". "name": "getGlobal(String): Ptr". "out": {"num": []. "ptr": [0]}. "in": {"num": []. "ptr": [0]}}')
debug_merge_point(0, 0, '301<std_core_hnd.rpyeffect:0(Name(getCurrentEvv))>+2: {"op": "PrimOp". "name": "getRef(Ref[Ptr]): Ptr". "out": {"num": []. "ptr": [0]}. "in": {"num": []. "ptr": [0]}}')
+368: p37 = getfield_gc_r(ConstPtr(ptr36), descr=<FieldP rpyeffect.region.PtrRef.inst_value 8>)
debug_merge_point(0, 0, '301<std_core_hnd.rpyeffect:0(Name(getCurrentEvv))>+3: {"op": "Return". "args": {"num": []. "ptr": [0]}}')
debug_merge_point(0, 0, '306<std_core_hnd.rpyeffect:5([k@Name(evvSwapCreate1)#21])>+0: {"op": "Push". "target": 305. "args": {"num": []. "ptr": [0. 1]}}')
debug_merge_point(0, 0, '306<std_core_hnd.rpyeffect:5([k@Name(evvSwapCreate1)#21])>+1: {"op": "Jump". "target": 331}')
debug_merge_point(0, 0, '331<std_core_hnd.rpyeffect:30(Name(elt))>+0: {"op": "Switch". "scrutinee": 0. "values": [0]. "targets": [329]. "default": 330}')
+372: i39 = int_eq(i1, 0)
guard_false(i39, descr=<Guard0x1286b05e0>) [p0, i1, i2, i3, i4, i5, i6, i7, i8, i9, i10, i11, i12, i13, i14, i15, i16, p17, p18, p19, p20, p21, p22, p23, p24, p25, p26, p27, p28, p29, p30, p31, p32, p33, p34, p35]
debug_merge_point(0, 0, '330<std_core_hnd.rpyeffect:29([switch default case#88])>+0: {"op": "Proj". "out": 0. "type": Interned(evv). "scrutinee": 0. "tag": Interned(cons). "field": 1. "field_type": "ptr"}')
+380: p40 = getfield_gc_r(p37, descr=<FieldP rpyeffect.stored_environment.Data__arb_arb.inst_tag 8>)
+392: guard_value(p40, ConstPtr(ptr41), descr=<Guard0x1286b0620>) [p0, i1, i2, i3, i4, i5, i6, i7, i8, i9, i10, i11, i12, i13, i14, i15, i16, p17, p18, p19, p20, p21, p22, p23, p24, p25, p26, p27, p28, p29, p30, p31, p32, p33, p34, p35]
+400: guard_class(p37, ConstClass(Data__0_2), descr=<Guard0x1286b0660>) [p0, i1, i2, i3, i4, i5, i6, i7, i8, i9, i10, i11, i12, i13, i14, i15, i16, p17, p18, p19, p20, p21, p22, p23, p24, p25, p26, p27, p28, p29, p30, p31, p32, p33, p34, p35]
+416: p43 = getfield_gc_r(p37, descr=<FieldP rpyeffect.stored_environment.Data__0_2.inst_values_ptr_1 40 pure>)
debug_merge_point(0, 0, '330<std_core_hnd.rpyeffect:29([switch default case#88])>+1: {"op": "Const". "type": "num". "out": 1. "value": 1}')
debug_merge_point(0, 0, '330<std_core_hnd.rpyeffect:29([switch default case#88])>+2: {"op": "PrimOp". "name": "infixSub(Int. Int): Int". "out": {"num": [0]. "ptr": []}. "in": {"num": [0. 1]. "ptr": []}}')
+420: i45 = int_sub(i1, 1)
debug_merge_point(0, 0, '330<std_core_hnd.rpyeffect:29([switch default case#88])>+3: {"op": "Jump". "target": 331}')
debug_merge_point(0, 0, '331<std_core_hnd.rpyeffect:30(Name(elt))>+0: {"op": "Switch". "scrutinee": 0. "values": [0]. "targets": [329]. "default": 330}')
+428: i47 = int_eq(i45, 0)
guard_true(i47, descr=<Guard0x1286b06a0>) [p0, i1, i2, i3, i4, i5, i6, i7, i8, i9, i10, i11, i12, i13, i14, i15, i16, p17, p18, p19, p20, p21, p22, p23, p24, p25, p26, p27, p28, p29, p30, p31, p32, p33, p34, p35]
debug_merge_point(0, 0, '329<std_core_hnd.rpyeffect:28([switch case for 0#86])>+0: {"op": "Proj". "out": 0. "type": Interned(evv). "scrutinee": 0. "tag": Interned(cons). "field": 0. "field_type": "ptr"}')
+436: p48 = getfield_gc_r(p43, descr=<FieldP rpyeffect.stored_environment.Data__arb_arb.inst_tag 8>)
+440: guard_value(p48, ConstPtr(ptr49), descr=<Guard0x1286b06e0>) [p0, i1, i2, i3, i4, i5, i6, i7, i8, i9, i10, i11, i12, i13, i14, i15, i16, p17, p18, p19, p20, p21, p22, p23, p24, p25, p26, p27, p28, p29, p30, p31, p32, p33, p34, p35]
+448: guard_class(p43, ConstClass(Data__0_2), descr=<Guard0x1286b0720>) [p0, i1, i2, i3, i4, i5, i6, i7, i8, i9, i10, i11, i12, i13, i14, i15, i16, p17, p18, p19, p20, p21, p22, p23, p24, p25, p26, p27, p28, p29, p30, p31, p32, p33, p34, p35]
+464: p51 = getfield_gc_r(p43, descr=<FieldP rpyeffect.stored_environment.Data__0_2.inst_values_ptr_0 32 pure>)
debug_merge_point(0, 0, '329<std_core_hnd.rpyeffect:28([switch case for 0#86])>+1: {"op": "Return". "args": {"num": []. "ptr": [0]}}')
+468: guard_nonnull(p34, descr=<Guard0x1286b0760>) [p0, i1, i2, i3, i4, i5, i6, i7, i8, i9, i10, i11, i12, i13, i14, i15, i16, p17, p18, p19, p20, p21, p22, p23, p24, p25, p26, p27, p28, p29, p30, p31, p32, p33, p34, p35]
+480: i52 = getfield_gc_i(p34, descr=<FieldS rpyeffect.stored_environment.Stack__arb_arb.inst_target 16 pure>)
+492: guard_value(i52, 802, descr=<Guard0x1286b07a0>) [p0, i1, i2, i3, i4, i5, i6, i7, i8, i9, i10, i11, i12, i13, i14, i15, i16, p17, p18, p19, p20, p21, p22, p23, p24, p25, p26, p27, p28, p29, p30, p31, p32, p33, p34, p35]
debug_merge_point(0, 0, '305<std_core_hnd.rpyeffect:4([k@[k@Name(evvSwapCreate1)#21]#23])>+0: {"op": "Construct". "out": 0. "type": Interned(evv). "tag": Interned(cons). "args": {"num": []. "ptr": [0. 2]}}')
debug_merge_point(0, 0, '305<std_core_hnd.rpyeffect:4([k@[k@Name(evvSwapCreate1)#21]#23])>+1: {"op": "Push". "target": 304. "args": {"num": []. "ptr": [1]}}')
debug_merge_point(0, 0, '305<std_core_hnd.rpyeffect:4([k@[k@Name(evvSwapCreate1)#21]#23])>+2: {"op": "Jump". "target": 302}')
debug_merge_point(0, 0, '302<std_core_hnd.rpyeffect:1(Name(setCurrentEvv))>+0: {"op": "Const". "type": "ptr". "out": 1. "format": "string". "value": "current-evv"}')
debug_merge_point(0, 0, '302<std_core_hnd.rpyeffect:1(Name(setCurrentEvv))>+1: {"op": "PrimOp". "name": "getGlobal(String): Ptr". "out": {"num": []. "ptr": [1]}. "in": {"num": []. "ptr": [1]}}')
debug_merge_point(0, 0, '302<std_core_hnd.rpyeffect:1(Name(setCurrentEvv))>+2: {"op": "PrimOp". "name": "setRef(Ref[Ptr]. Ptr): Unit". "out": {"num": []. "ptr": [0]}. "in": {"num": []. "ptr": [1. 0]}}')
debug_merge_point(0, 0, '302<std_core_hnd.rpyeffect:1(Name(setCurrentEvv))>+3: {"op": "Return". "args": {"num": []. "ptr": [0]}}')
debug_merge_point(0, 0, '304<std_core_hnd.rpyeffect:3([k@[k@[k@Name(evvSwapCreate1)#21]#23]#26])>+0: {"op": "Copy". "type": "ptr". "from": 1. "to". 0}')
debug_merge_point(0, 0, '304<std_core_hnd.rpyeffect:3([k@[k@[k@Name(evvSwapCreate1)#21]#23]#26])>+1: {"op": "Return". "args": {"num": []. "ptr": [0]}}')
+504: i54 = getfield_gc_i(p34, descr=<FieldS rpyeffect.stored_environment.Stack__1_1.inst_values_num_0 40 pure>)
+508: p55 = getfield_gc_r(p34, descr=<FieldP rpyeffect.stored_environment.Stack__1_1.inst_values_ptr_0 48 pure>)
+516: p56 = getfield_gc_r(p34, descr=<FieldP rpyeffect.stored_environment.Stack__arb_arb.inst_tail 8 pure>)
debug_merge_point(0, 0, '802<std_core_hnd.rpyeffect:501([k@[mcore:[#725]#1309]#1314])>+0: {"op": "Push". "target": 801. "args": {"num": [0]. "ptr": [0]}}')
debug_merge_point(0, 0, '802<std_core_hnd.rpyeffect:501([k@[mcore:[#725]#1309]#1314])>+1: {"op": "Invoke". "receiver": 1. "tag": Interned(%apply():p). "args" : {"num": []. "ptr": []}}')
+524: p57 = getfield_gc_r(p55, descr=<FieldP rpyeffect.stored_environment.CoData__arb_arb.inst_vtable 24 pure>)
+536: guard_value(p57, ConstPtr(ptr58), descr=<Guard0x1286b07e0>) [p0, i1, i2, i3, i4, i5, i6, i7, i8, i9, i10, i11, i12, i13, i14, i15, i16, p17, p18, p19, p20, p21, p22, p23, p24, p25, p26, p27, p28, p29, p30, p31, p32, p33, p34, p35]
debug_merge_point(0, 0, '5091<main.rpyeffect:94([#333])>+0: {"op": "Const". "type": "ptr". "out": 0. "format": "string". "value": "Name(import$std/core/hnd)"}')
debug_merge_point(0, 0, '5091<main.rpyeffect:94([#333])>+1: {"op": "PrimOp". "name": "getGlobal(String): Ptr". "out": {"num": []. "ptr": [0]}. "in": {"num": []. "ptr": [0]}}')
debug_merge_point(0, 0, '5091<main.rpyeffect:94([#333])>+2: {"op": "Push". "target": 5090. "args": {"num": []. "ptr": []}}')
debug_merge_point(0, 0, '5091<main.rpyeffect:94([#333])>+3: {"op": "Jump". "target": 5081}')
debug_merge_point(0, 0, '5081<main.rpyeffect:84([mcore:[#222]#247])>+0: {"op": "Const". "type": "num". "out": 0. "value": 0}')
debug_merge_point(0, 0, '5081<main.rpyeffect:84([mcore:[#222]#247])>+1: {"op": "Const". "type": "ptr". "out": 0. "format": "string". "value": "Name(import$std/core/hnd)"}')
debug_merge_point(0, 0, '5081<main.rpyeffect:84([mcore:[#222]#247])>+2: {"op": "PrimOp". "name": "getGlobal(String): Ptr". "out": {"num": []. "ptr": [0]}. "in": {"num": []. "ptr": [0]}}')
debug_merge_point(0, 0, '5081<main.rpyeffect:84([mcore:[#222]#247])>+3: {"op": "Push". "target": 5080. "args": {"num": [0]. "ptr": []}}')
debug_merge_point(0, 0, '5081<main.rpyeffect:84([mcore:[#222]#247])>+4: {"op": "Jump". "target": 5069}')
debug_merge_point(0, 0, '5069<main.rpyeffect:72([mcore:[#214]#243])>+0: {"op": "Const". "type": "ptr". "out": 0. "format": "string". "value": "Name(import$std/core/hnd)"}')
debug_merge_point(0, 0, '5069<main.rpyeffect:72([mcore:[#214]#243])>+1: {"op": "PrimOp". "name": "getGlobal(String): Ptr". "out": {"num": []. "ptr": [0]}. "in": {"num": []. "ptr": [0]}}')
debug_merge_point(0, 0, '5069<main.rpyeffect:72([mcore:[#214]#243])>+2: {"op": "CallLib". "lib": "0". "symbol": "getCurrentEvv"}')
debug_merge_point(0, 0, '301<std_core_hnd.rpyeffect:0(Name(getCurrentEvv))>+0: {"op": "Const". "type": "ptr". "out": 0. "format": "string". "value": "current-evv"}')
debug_merge_point(0, 0, '301<std_core_hnd.rpyeffect:0(Name(getCurrentEvv))>+1: {"op": "PrimOp". "name": "getGlobal(String): Ptr". "out": {"num": []. "ptr": [0]}. "in": {"num": []. "ptr": [0]}}')
debug_merge_point(0, 0, '301<std_core_hnd.rpyeffect:0(Name(getCurrentEvv))>+2: {"op": "PrimOp". "name": "getRef(Ref[Ptr]): Ptr". "out": {"num": []. "ptr": [0]}. "in": {"num": []. "ptr": [0]}}')
debug_merge_point(0, 0, '301<std_core_hnd.rpyeffect:0(Name(getCurrentEvv))>+3: {"op": "Return". "args": {"num": []. "ptr": [0]}}')
debug_merge_point(0, 0, '5080<main.rpyeffect:83([k@[mcore:[#222]#247]#253])>+0: {"op": "PrimOp". "name": "promote_ptr". "out": {"num": []. "ptr": [0]}. "in": {"num": []. "ptr": [0]}}')
debug_merge_point(0, 0, '5080<main.rpyeffect:83([k@[mcore:[#222]#247]#253])>+1: {"op": "Const". "type": "ptr". "out": 1. "format": "string". "value": "Name(import$std/core/hnd)"}')
debug_merge_point(0, 0, '5080<main.rpyeffect:83([k@[mcore:[#222]#247]#253])>+2: {"op": "PrimOp". "name": "getGlobal(String): Ptr". "out": {"num": []. "ptr": [1]}. "in": {"num": []. "ptr": [1]}}')
debug_merge_point(0, 0, '5080<main.rpyeffect:83([k@[mcore:[#222]#247]#253])>+3: {"op": "Push". "target": 5079. "args": {"num": []. "ptr": []}}')
debug_merge_point(0, 0, '5080<main.rpyeffect:83([k@[mcore:[#222]#247]#253])>+4: {"op": "Jump". "target": 5068}')
debug_merge_point(0, 0, '5068<main.rpyeffect:71([mcore:[#213]#237])>+0: {"op": "Const". "type": "ptr". "out": 1. "format": "string". "value": "Name(import$std/core/hnd)"}')
debug_merge_point(0, 0, '5068<main.rpyeffect:71([mcore:[#213]#237])>+1: {"op": "PrimOp". "name": "getGlobal(String): Ptr". "out": {"num": []. "ptr": [1]}. "in": {"num": []. "ptr": [1]}}')
debug_merge_point(0, 0, '5068<main.rpyeffect:71([mcore:[#213]#237])>+2: {"op": "CallLib". "lib": "1". "symbol": "elt"}')
debug_merge_point(0, 0, '331<std_core_hnd.rpyeffect:30(Name(elt))>+0: {"op": "Switch". "scrutinee": 0. "values": [0]. "targets": [329]. "default": 330}')
debug_merge_point(0, 0, '329<std_core_hnd.rpyeffect:28([switch case for 0#86])>+0: {"op": "Proj". "out": 0. "type": Interned(evv). "scrutinee": 0. "tag": Interned(cons). "field": 0. "field_type": "ptr"}')
debug_merge_point(0, 0, '329<std_core_hnd.rpyeffect:28([switch case for 0#86])>+1: {"op": "Return". "args": {"num": []. "ptr": [0]}}')
debug_merge_point(0, 0, '5079<main.rpyeffect:82([k@[k@[mcore:[#222]#247]#253]#261])>+0: {"op": "Match". "type": Interned(std/core/hnd/ev). "scrutinee": 0. "clauses": [{"tag": Interned(std/core/hnd/Ev). "target": 5078. "args": {"num": []. "ptr": [1. 2. 3. 4]}}]. "default": {"tag": Interned(0ebd4aad-cbef-458e-b7ce-546cf0866444#[Missing Tag#1212]). "target": 5070. "args": {"num": []. "ptr": []}}}')
+544: p59 = getfield_gc_r(p51, descr=<FieldP rpyeffect.stored_environment.Data__arb_arb.inst_tag 8>)
+556: guard_value(p59, ConstPtr(ptr60), descr=<Guard0x1286b0820>) [p0, i1, i2, i3, i4, i5, i6, i7, i8, i9, i10, i11, i12, i13, i14, i15, i16, p17, p18, p19, p20, p21, p22, p23, p24, p25, p26, p27, p28, p29, p30, p31, p32, p33, p34, p35]
+564: p61 = getfield_gc_r(p51, descr=<FieldP rpyeffect.stored_environment.Data__arb_arb.inst_values_ptr 24 pure>)
+568: p63 = getarrayitem_gc_pure_r(p61, 0, descr=<ArrayP 8>)
+568: p65 = getarrayitem_gc_pure_r(p61, 1, descr=<ArrayP 8>)
+572: p67 = getarrayitem_gc_pure_r(p61, 2, descr=<ArrayP 8>)
+580: p69 = getarrayitem_gc_pure_r(p61, 3, descr=<ArrayP 8>)
debug_merge_point(0, 0, '5078<main.rpyeffect:81([#265])>+0: {"op": "Copy". "type": "ptr". "from": 0. "to". 1}')
debug_merge_point(0, 0, '5078<main.rpyeffect:81([#265])>+1: {"op": "Copy". "type": "ptr". "from": 2. "to". 0}')
debug_merge_point(0, 0, '5078<main.rpyeffect:81([#265])>+2: {"op": "Match". "type": Interned(main/flip). "scrutinee": 3. "clauses": [{"tag": Interned(main/@Hnd-flip). "target": 5077. "args": {"num": [0]. "ptr": [2]}}]. "default": {"tag": Interned(0ebd4aad-cbef-458e-b7ce-546cf0866444#[Missing Tag#1211]). "target": 5072. "args": {"num": []. "ptr": []}}}')
+584: p70 = getfield_gc_r(p67, descr=<FieldP rpyeffect.stored_environment.Data__arb_arb.inst_tag 8>)
+600: guard_value(p70, ConstPtr(ptr71), descr=<Guard0x1286b0860>) [p0, i1, i2, i3, i4, i5, i6, i7, i8, i9, i10, i11, i12, i13, i14, i15, i16, p17, p18, p19, p20, p21, p22, p23, p24, p25, p26, p27, p28, p29, p30, p31, p32, p33, p34, p35]
+608: i72 = getfield_gc_i(p67, descr=<FieldS rpyeffect.stored_environment.Data__1_1.inst_values_num_0 32 pure>)
+608: p73 = getfield_gc_r(p67, descr=<FieldP rpyeffect.stored_environment.Data__1_1.inst_values_ptr_0 40 pure>)
debug_merge_point(0, 0, '5077<main.rpyeffect:80([match_main/@Hnd-flip@[#265]#272])>+0: {"op": "Match". "type": Interned(std/core/hnd/clause0). "scrutinee": 2. "clauses": [{"tag": Interned(std/core/hnd/Clause0). "target": 5076. "args": {"num": []. "ptr": [2]}}]. "default": {"tag": Interned(0ebd4aad-cbef-458e-b7ce-546cf0866444#[Missing Tag#1210]). "target": 5074. "args": {"num": []. "ptr": []}}}')
+612: p74 = getfield_gc_r(p73, descr=<FieldP rpyeffect.stored_environment.Data__arb_arb.inst_tag 8>)
+620: guard_value(p74, ConstPtr(ptr75), descr=<Guard0x1286b08a0>) [p0, i1, i2, i3, i4, i5, i6, i7, i8, i9, i10, i11, i12, i13, i14, i15, i16, p17, p18, p19, p20, p21, p22, p23, p24, p25, p26, p27, p28, p29, p30, p31, p32, p33, p34, p35]
+628: p76 = getfield_gc_r(p73, descr=<FieldP rpyeffect.stored_environment.Data__0_1.inst_values_ptr_0 32 pure>)
debug_merge_point(0, 0, '5076<main.rpyeffect:79([#279])>+0: {"op": "Push". "target": 5075. "args": {"num": []. "ptr": []}}')
debug_merge_point(0, 0, '5076<main.rpyeffect:79([#279])>+1: {"op": "Invoke". "receiver": 2. "tag": Interned(%apply(pp):p). "args" : {"num": []. "ptr": [0. 1]}}')
+632: p77 = getfield_gc_r(p76, descr=<FieldP rpyeffect.stored_environment.CoData__arb_arb.inst_vtable 24 pure>)
+640: guard_value(p77, ConstPtr(ptr78), descr=<Guard0x1286b08e0>) [p0, i1, i2, i3, i4, i5, i6, i7, i8, i9, i10, i11, i12, i13, i14, i15, i16, p17, p18, p19, p20, p21, p22, p23, p24, p25, p26, p27, p28, p29, p30, p31, p32, p33, p34, p35]
debug_merge_point(0, 0, '5193<main.rpyeffect:196([method_%apply(pp):p@[mcore:[#327]#765]#772])>+0: {"op": "Const". "type": "ptr". "out": 2. "format": "string". "value": "Name(import$std/core/hnd)"}')
debug_merge_point(0, 0, '5193<main.rpyeffect:196([method_%apply(pp):p@[mcore:[#327]#765]#772])>+1: {"op": "PrimOp". "name": "getGlobal(String): Ptr". "out": {"num": []. "ptr": [2]}. "in": {"num": []. "ptr": [2]}}')
debug_merge_point(0, 0, '5193<main.rpyeffect:196([method_%apply(pp):p@[mcore:[#327]#765]#772])>+2: {"op": "Jump". "target": 5146}')
debug_merge_point(0, 0, '5146<main.rpyeffect:149([mcore:[#279]#533])>+0: {"op": "New". "out": 1. "targets": [5143. 5145]. "args": {"num": []. "ptr": []}}')
debug_merge_point(0, 0, '5146<main.rpyeffect:149([mcore:[#279]#533])>+1: {"op": "Const". "type": "ptr". "out": 2. "format": "string". "value": "Name(import$std/core/hnd)"}')
debug_merge_point(0, 0, '5146<main.rpyeffect:149([mcore:[#279]#533])>+2: {"op": "PrimOp". "name": "getGlobal(String): Ptr". "out": {"num": []. "ptr": [2]}. "in": {"num": []. "ptr": [2]}}')
debug_merge_point(0, 0, '5146<main.rpyeffect:149([mcore:[#279]#533])>+3: {"op": "Jump". "target": 5132}')
debug_merge_point(0, 0, '5132<main.rpyeffect:135([mcore:[#262]#487])>+0: {"op": "Const". "type": "ptr". "out": 2. "format": "string". "value": "Name(import$std/core/hnd)"}')
debug_merge_point(0, 0, '5132<main.rpyeffect:135([mcore:[#262]#487])>+1: {"op": "PrimOp". "name": "getGlobal(String): Ptr". "out": {"num": []. "ptr": [2]}. "in": {"num": []. "ptr": [2]}}')
debug_merge_point(0, 0, '5132<main.rpyeffect:135([mcore:[#262]#487])>+2: {"op": "CallLib". "lib": "2". "symbol": "std/core/hnd/yield-to"}')
debug_merge_point(0, 0, '1022<std_core_hnd.rpyeffect:721([mcore:[#893]#2108])>+0: {"op": "Push". "target": 1021. "args": {"num": []. "ptr": [1. 0]}}')
debug_merge_point(0, 0, '1022<std_core_hnd.rpyeffect:721([mcore:[#893]#2108])>+1: {"op": "Jump". "target": 509}')
debug_merge_point(0, 0, '509<std_core_hnd.rpyeffect:208([mcore:[#471]#472])>+0: {"op": "Jump". "target": 301}')
debug_merge_point(0, 0, '301<std_core_hnd.rpyeffect:0(Name(getCurrentEvv))>+0: {"op": "Const". "type": "ptr". "out": 0. "format": "string". "value": "current-evv"}')
debug_merge_point(0, 0, '301<std_core_hnd.rpyeffect:0(Name(getCurrentEvv))>+1: {"op": "PrimOp". "name": "getGlobal(String): Ptr". "out": {"num": []. "ptr": [0]}. "in": {"num": []. "ptr": [0]}}')
debug_merge_point(0, 0, '301<std_core_hnd.rpyeffect:0(Name(getCurrentEvv))>+2: {"op": "PrimOp". "name": "getRef(Ref[Ptr]): Ptr". "out": {"num": []. "ptr": [0]}. "in": {"num": []. "ptr": [0]}}')
debug_merge_point(0, 0, '301<std_core_hnd.rpyeffect:0(Name(getCurrentEvv))>+3: {"op": "Return". "args": {"num": []. "ptr": [0]}}')
debug_merge_point(0, 0, '1021<std_core_hnd.rpyeffect:720([k@[mcore:[#893]#2108]#2110])>+0: {"op": "Push". "target": 1020. "args": {"num": []. "ptr": [0]}}')
debug_merge_point(0, 0, '1021<std_core_hnd.rpyeffect:720([k@[mcore:[#893]#2108]#2110])>+1: {"op": "Copy". "type": "ptr". "from": 2. "to". 0}')
debug_merge_point(0, 0, '1021<std_core_hnd.rpyeffect:720([k@[mcore:[#893]#2108]#2110])>+2: {"op": "Jump". "target": 507}')
debug_merge_point(0, 0, '507<std_core_hnd.rpyeffect:206([mcore:[#470]#437])>+0: {"op": "Const". "type": "num". "out": 0. "value": 0}')
debug_merge_point(0, 0, '507<std_core_hnd.rpyeffect:206([mcore:[#470]#437])>+1: {"op": "ShiftDyn". "out": 0. "n": 0. "label": 0}')
+648: i79 = instance_ptr_eq(p33, p65)
guard_false(i79, descr=<Guard0x1286b0920>) [p0, i1, i2, i3, i4, i5, i6, i7, i8, i9, i10, i11, i12, i13, i14, i15, i16, p17, p18, p19, p20, p21, p22, p23, p24, p25, p26, p27, p28, p29, p30, p31, p32, p33, p34, p35]
+660: p80 = getfield_gc_r(p35, descr=<FieldP rpyeffect.stack.MetaStack.inst_region 24 pure>)
+668: guard_isnull(p80, descr=<Guard0x1286b0960>) [p0, i1, i2, i3, i4, i5, i6, i7, i8, i9, i10, i11, i12, i13, i14, i15, i16, p17, p18, p19, p20, p21, p22, p23, p24, p25, p26, p27, p28, p29, p30, p31, p32, p33, p34, p35]
+676: p81 = getfield_gc_r(p35, descr=<FieldP rpyeffect.stack.MetaStack.inst_label 16 pure>)
+680: i82 = instance_ptr_eq(p81, p65)
guard_true(i82, descr=<Guard0x1286b09a0>) [p0, i1, i2, i3, i4, i5, i6, i7, i8, i9, i10, i11, i12, i13, i14, i15, i16, p17, p18, p19, p20, p21, p22, p23, p24, p25, p26, p27, p28, p29, p30, p31, p32, p33, p34, p35]
+688: p83 = getfield_gc_r(p35, descr=<FieldP rpyeffect.stack.MetaStackLike.inst_stack 8 pure>)
+692: p84 = getfield_gc_r(p35, descr=<FieldP rpyeffect.stack.MetaStack.inst_tail 32 pure>)
+700: guard_nonnull_class(p84, 4348275712, descr=<Guard0x1286b7728>) [p0, i1, i2, i3, i4, i5, i6, i7, i8, i9, i10, i11, i12, i13, i14, i15, i16, p17, p18, p19, p20, p21, p22, p23, p24, p25, p26, p27, p28, p29, p30, p31, p32, p33, p34, p35]
+724: p86 = getfield_gc_r(p84, descr=<FieldP rpyeffect.stack.MetaStackLike.inst_stack 8 pure>)
+732: p87 = getfield_gc_r(p84, descr=<FieldP rpyeffect.stack.MetaStack.inst_label 16 pure>)
+740: p88 = getfield_gc_r(p84, descr=<FieldP rpyeffect.stack.MetaStack.inst_tail 32 pure>)
+744: guard_nonnull(p86, descr=<Guard0x1286b09e0>) [p0, i1, i2, i3, i4, i5, i6, i7, i8, i9, i10, i11, i12, i13, i14, i15, i16, p17, p18, p19, p20, p21, p22, p23, p24, p25, p26, p27, p28, p29, p30, p31, p32, p33, p34, p35]
+752: i89 = getfield_gc_i(p86, descr=<FieldS rpyeffect.stored_environment.Stack__arb_arb.inst_target 16 pure>)
+760: guard_value(i89, 505, descr=<Guard0x1286b0a20>) [p0, i1, i2, i3, i4, i5, i6, i7, i8, i9, i10, i11, i12, i13, i14, i15, i16, p17, p18, p19, p20, p21, p22, p23, p24, p25, p26, p27, p28, p29, p30, p31, p32, p33, p34, p35]
debug_merge_point(0, 0, '507<std_core_hnd.rpyeffect:206([mcore:[#470]#437])>+2: {"op": "New". "out": 0. "targets": [500. 502. 504. 506]. "args": {"num": []. "ptr": [0]}}')
debug_merge_point(0, 0, '507<std_core_hnd.rpyeffect:206([mcore:[#470]#437])>+3: {"op": "Invoke". "receiver": 1. "tag": Interned(%apply(p):p). "args" : {"num": []. "ptr": [0]}}')
debug_merge_point(0, 0, '5143<main.rpyeffect:146([method_%apply(p):p@[mcore:[#279]#533]#537])>+0: {"op": "Const". "type": "ptr". "out": 1. "format": "string". "value": "Name(import$std/core/hnd)"}')
debug_merge_point(0, 0, '5143<main.rpyeffect:146([method_%apply(p):p@[mcore:[#279]#533]#537])>+1: {"op": "PrimOp". "name": "getGlobal(String): Ptr". "out": {"num": []. "ptr": [1]}. "in": {"num": []. "ptr": [1]}}')
debug_merge_point(0, 0, '5143<main.rpyeffect:146([method_%apply(p):p@[mcore:[#279]#533]#537])>+2: {"op": "Jump". "target": 5141}')
debug_merge_point(0, 0, '5141<main.rpyeffect:144([mcore:[#277]#512])>+0: {"op": "Construct". "out": 1. "type": Interned(Unit). "tag": Interned(unit). "args": {"num": []. "ptr": []}}')
debug_merge_point(0, 0, '5141<main.rpyeffect:144([mcore:[#277]#512])>+1: {"op": "New". "out": 2. "targets": [5138. 5140]. "args": {"num": []. "ptr": []}}')
debug_merge_point(0, 0, '5141<main.rpyeffect:144([mcore:[#277]#512])>+2: {"op": "Const". "type": "ptr". "out": 3. "format": "string". "value": "Name(import$std/core/hnd)"}')
debug_merge_point(0, 0, '5141<main.rpyeffect:144([mcore:[#277]#512])>+3: {"op": "PrimOp". "name": "getGlobal(String): Ptr". "out": {"num": []. "ptr": [3]}. "in": {"num": []. "ptr": [3]}}')
debug_merge_point(0, 0, '5141<main.rpyeffect:144([mcore:[#277]#512])>+4: {"op": "Swap". "type": "ptr". "a": 0. "b". 1}')
debug_merge_point(0, 0, '5141<main.rpyeffect:144([mcore:[#277]#512])>+5: {"op": "Swap". "type": "ptr". "a": 2. "b". 1}')
debug_merge_point(0, 0, '5141<main.rpyeffect:144([mcore:[#277]#512])>+6: {"op": "Jump". "target": 5133}')
debug_merge_point(0, 0, '5133<main.rpyeffect:136([mcore:[#265]#493])>+0: {"op": "Const". "type": "ptr". "out": 3. "format": "string". "value": "Name(import$std/core/hnd)"}')
debug_merge_point(0, 0, '5133<main.rpyeffect:136([mcore:[#265]#493])>+1: {"op": "PrimOp". "name": "getGlobal(String): Ptr". "out": {"num": []. "ptr": [3]}. "in": {"num": []. "ptr": [3]}}')
debug_merge_point(0, 0, '5133<main.rpyeffect:136([mcore:[#265]#493])>+2: {"op": "CallLib". "lib": "3". "symbol": "std/core/hnd/protect"}')
debug_merge_point(0, 0, '495<std_core_hnd.rpyeffect:194([mcore:[#466]#434])>+0: {"op": "Swap". "type": "ptr". "a": 1. "b". 2}')
debug_merge_point(0, 0, '495<std_core_hnd.rpyeffect:194([mcore:[#466]#434])>+1: {"op": "Invoke". "receiver": 2. "tag": Interned(%apply(pp):p). "args" : {"num": []. "ptr": [0. 1]}}')
debug_merge_point(0, 0, '5140<main.rpyeffect:143([method_%apply(pp):p@[mcore:[#277]#512]#523])>+0: {"op": "Push". "target": 5139. "args": {"num": []. "ptr": []}}')
debug_merge_point(0, 0, '5140<main.rpyeffect:143([method_%apply(pp):p@[mcore:[#277]#512]#523])>+1: {"op": "Jump". "target": 5136}')
debug_merge_point(0, 0, '5136<main.rpyeffect:139([mcore:[#274]#500])>+0: {"op": "Const". "type": "num". "out": 0. "value": 1}')
debug_merge_point(0, 0, '5136<main.rpyeffect:139([mcore:[#274]#500])>+1: {"op": "Push". "target": 5135. "args": {"num": []. "ptr": [1]}}')
debug_merge_point(0, 0, '5136<main.rpyeffect:139([mcore:[#274]#500])>+2: {"op": "Invoke". "receiver": 1. "tag": Interned(%apply(n):n). "args" : {"num": [0]. "ptr": []}}')
debug_merge_point(0, 0, '506<std_core_hnd.rpyeffect:205([method_%apply(n):n@[mcore:[#470]#437]#462])>+0: {"op": "PrimOp". "name": "box(Num): Ptr". "out": {"num": []. "ptr": [1]}. "in": {"num": [0]. "ptr": []}}')
debug_merge_point(0, 0, '506<std_core_hnd.rpyeffect:205([method_%apply(n):n@[mcore:[#470]#437]#462])>+1: {"op": "Push". "target": 505. "args": {"num": []. "ptr": []}}')
debug_merge_point(0, 0, '506<std_core_hnd.rpyeffect:205([method_%apply(n):n@[mcore:[#470]#437]#462])>+2: {"op": "Swap". "type": "ptr". "a": 0. "b". 1}')
debug_merge_point(0, 0, '506<std_core_hnd.rpyeffect:205([method_%apply(n):n@[mcore:[#470]#437]#462])>+3: {"op": "Jump". "target": 497}')
debug_merge_point(0, 0, '497<std_core_hnd.rpyeffect:196([mcore:[#469]#436])>+0: {"op": "PushStack". "arg": 1}')
debug_merge_point(0, 0, '497<std_core_hnd.rpyeffect:196([mcore:[#469]#436])>+1: {"op": "Return". "args": {"num": []. "ptr": [0]}}')
debug_merge_point(0, 0, '1020<std_core_hnd.rpyeffect:719([k@[k@[mcore:[#893]#2108]#2110]#2112])>+0: {"op": "Const". "type": "ptr". "out": 2. "format": "string". "value": "Name(import$std/core/hnd)"}')
debug_merge_point(0, 0, '1020<std_core_hnd.rpyeffect:719([k@[k@[mcore:[#893]#2108]#2110]#2112])>+1: {"op": "PrimOp". "name": "getGlobal(String): Ptr". "out": {"num": []. "ptr": [2]}. "in": {"num": []. "ptr": [2]}}')
debug_merge_point(0, 0, '1020<std_core_hnd.rpyeffect:719([k@[k@[mcore:[#893]#2108]#2110]#2112])>+2: {"op": "Push". "target": 1019. "args": {"num": []. "ptr": [0]}}')
debug_merge_point(0, 0, '1020<std_core_hnd.rpyeffect:719([k@[k@[mcore:[#893]#2108]#2110]#2112])>+3: {"op": "Copy". "type": "ptr". "from": 1. "to". 0}')
debug_merge_point(0, 0, '1020<std_core_hnd.rpyeffect:719([k@[k@[mcore:[#893]#2108]#2110]#2112])>+4: {"op": "Copy". "type": "ptr". "from": 2. "to". 1}')
debug_merge_point(0, 0, '1020<std_core_hnd.rpyeffect:719([k@[k@[mcore:[#893]#2108]#2110]#2112])>+5: {"op": "Jump". "target": 1018}')
debug_merge_point(0, 0, '1018<std_core_hnd.rpyeffect:717([mcore:[#892]#2103])>+0: {"op": "Const". "type": "ptr". "out": 1. "format": "string". "value": "Name(import$std/core/hnd)"}')
debug_merge_point(0, 0, '1018<std_core_hnd.rpyeffect:717([mcore:[#892]#2103])>+1: {"op": "PrimOp". "name": "getGlobal(String): Ptr". "out": {"num": []. "ptr": [1]}. "in": {"num": []. "ptr": [1]}}')
debug_merge_point(0, 0, '1018<std_core_hnd.rpyeffect:717([mcore:[#892]#2103])>+2: {"op": "CallLib". "lib": "1". "symbol": "setCurrentEvv"}')
debug_merge_point(0, 0, '302<std_core_hnd.rpyeffect:1(Name(setCurrentEvv))>+0: {"op": "Const". "type": "ptr". "out": 1. "format": "string". "value": "current-evv"}')
debug_merge_point(0, 0, '302<std_core_hnd.rpyeffect:1(Name(setCurrentEvv))>+1: {"op": "PrimOp". "name": "getGlobal(String): Ptr". "out": {"num": []. "ptr": [1]}. "in": {"num": []. "ptr": [1]}}')
debug_merge_point(0, 0, '302<std_core_hnd.rpyeffect:1(Name(setCurrentEvv))>+2: {"op": "PrimOp". "name": "setRef(Ref[Ptr]. Ptr): Unit". "out": {"num": []. "ptr": [0]}. "in": {"num": []. "ptr": [1. 0]}}')
debug_merge_point(0, 0, '302<std_core_hnd.rpyeffect:1(Name(setCurrentEvv))>+3: {"op": "Return". "args": {"num": []. "ptr": [0]}}')
debug_merge_point(0, 0, '1019<std_core_hnd.rpyeffect:718([k@[k@[k@[mcore:[#893]#2108]#2110]#2112]#2117])>+0: {"op": "Copy". "type": "ptr". "from": 1. "to". 0}')
debug_merge_point(0, 0, '1019<std_core_hnd.rpyeffect:718([k@[k@[k@[mcore:[#893]#2108]#2110]#2112]#2117])>+1: {"op": "Return". "args": {"num": []. "ptr": [0]}}')
debug_merge_point(0, 0, '5075<main.rpyeffect:78([k@[#279]#281])>+0: {"op": "PrimOp". "name": "unbox(Ptr): Num". "out": {"num": [0]. "ptr": []}. "in": {"num": []. "ptr": [0]}}')
debug_merge_point(0, 0, '5075<main.rpyeffect:78([k@[#279]#281])>+1: {"op": "Return". "args": {"num": [0]. "ptr": []}}')
debug_merge_point(0, 0, '5090<main.rpyeffect:93([k@[#333]#336])>+0: {"op": "PrimOp". "name": "box(Num): Ptr". "out": {"num": []. "ptr": [0]}. "in": {"num": [0]. "ptr": []}}')
debug_merge_point(0, 0, '5090<main.rpyeffect:93([k@[#333]#336])>+1: {"op": "Return". "args": {"num": []. "ptr": [0]}}')
+772: guard_nonnull(p56, descr=<Guard0x1286b0a60>) [p0, i1, i2, i3, i4, i5, i6, i7, i8, i9, i10, i11, i12, i13, i14, i15, i16, p17, p18, p19, p20, p21, p22, p23, p24, p25, p26, p27, p28, p29, p30, p31, p32, p33, p34, p35]
+780: i91 = getfield_gc_i(p56, descr=<FieldS rpyeffect.stored_environment.Stack__arb_arb.inst_target 16 pure>)
+784: guard_value(i91, 5098, descr=<Guard0x1286b0aa0>) [p0, i1, i2, i3, i4, i5, i6, i7, i8, i9, i10, i11, i12, i13, i14, i15, i16, p17, p18, p19, p20, p21, p22, p23, p24, p25, p26, p27, p28, p29, p30, p31, p32, p33, p34, p35]
debug_merge_point(0, 0, '801<std_core_hnd.rpyeffect:500([k@[k@[mcore:[#725]#1309]#1314]#1316])>+0: {"op": "Const". "type": "ptr". "out": 2. "format": "string". "value": "Name(import$std/core/hnd)"}')
debug_merge_point(0, 0, '801<std_core_hnd.rpyeffect:500([k@[k@[mcore:[#725]#1309]#1314]#1316])>+1: {"op": "PrimOp". "name": "getGlobal(String): Ptr". "out": {"num": []. "ptr": [2]}. "in": {"num": []. "ptr": [2]}}')
debug_merge_point(0, 0, '801<std_core_hnd.rpyeffect:500([k@[k@[mcore:[#725]#1309]#1314]#1316])>+2: {"op": "Push". "target": 800. "args": {"num": [0]. "ptr": [0]}}')
debug_merge_point(0, 0, '801<std_core_hnd.rpyeffect:500([k@[k@[mcore:[#725]#1309]#1314]#1316])>+3: {"op": "Copy". "type": "ptr". "from": 1. "to". 0}')
debug_merge_point(0, 0, '801<std_core_hnd.rpyeffect:500([k@[k@[mcore:[#725]#1309]#1314]#1316])>+4: {"op": "Copy". "type": "ptr". "from": 2. "to". 1}')
debug_merge_point(0, 0, '801<std_core_hnd.rpyeffect:500([k@[k@[mcore:[#725]#1309]#1314]#1316])>+5: {"op": "Jump". "target": 785}')
debug_merge_point(0, 0, '785<std_core_hnd.rpyeffect:484([mcore:[#717]#1300])>+0: {"op": "Const". "type": "ptr". "out": 1. "format": "string". "value": "Name(import$std/core/hnd)"}')
debug_merge_point(0, 0, '785<std_core_hnd.rpyeffect:484([mcore:[#717]#1300])>+1: {"op": "PrimOp". "name": "getGlobal(String): Ptr". "out": {"num": []. "ptr": [1]}. "in": {"num": []. "ptr": [1]}}')
debug_merge_point(0, 0, '785<std_core_hnd.rpyeffect:484([mcore:[#717]#1300])>+2: {"op": "CallLib". "lib": "1". "symbol": "setCurrentEvv"}')
debug_merge_point(0, 0, '302<std_core_hnd.rpyeffect:1(Name(setCurrentEvv))>+0: {"op": "Const". "type": "ptr". "out": 1. "format": "string". "value": "current-evv"}')
debug_merge_point(0, 0, '302<std_core_hnd.rpyeffect:1(Name(setCurrentEvv))>+1: {"op": "PrimOp". "name": "getGlobal(String): Ptr". "out": {"num": []. "ptr": [1]}. "in": {"num": []. "ptr": [1]}}')
debug_merge_point(0, 0, '302<std_core_hnd.rpyeffect:1(Name(setCurrentEvv))>+2: {"op": "PrimOp". "name": "setRef(Ref[Ptr]. Ptr): Unit". "out": {"num": []. "ptr": [0]}. "in": {"num": []. "ptr": [1. 0]}}')
debug_merge_point(0, 0, '302<std_core_hnd.rpyeffect:1(Name(setCurrentEvv))>+3: {"op": "Return". "args": {"num": []. "ptr": [0]}}')
debug_merge_point(0, 0, '800<std_core_hnd.rpyeffect:499([k@[k@[k@[mcore:[#725]#1309]#1314]#1316]#1321])>+0: {"op": "Const". "type": "num". "out": 1. "value": 0}')
debug_merge_point(0, 0, '800<std_core_hnd.rpyeffect:499([k@[k@[k@[mcore:[#725]#1309]#1314]#1316]#1321])>+1: {"op": "Copy". "type": "ptr". "from": 1. "to". 0}')
debug_merge_point(0, 0, '800<std_core_hnd.rpyeffect:499([k@[k@[k@[mcore:[#725]#1309]#1314]#1316]#1321])>+2: {"op": "Switch". "scrutinee": 1. "values": [1]. "targets": [796]. "default": 799}')
debug_merge_point(0, 0, '799<std_core_hnd.rpyeffect:498([switch default case#1364])>+0: {"op": "Const". "type": "num". "out": 0. "value": 0}')
debug_merge_point(0, 0, '799<std_core_hnd.rpyeffect:498([switch default case#1364])>+1: {"op": "Switch". "scrutinee": 0. "values": [0]. "targets": [797]. "default": 798}')
debug_merge_point(0, 0, '797<std_core_hnd.rpyeffect:496([switch case for 0#1366])>+0: {"op": "Return". "args": {"num": []. "ptr": [0]}}')
+800: i93 = getfield_gc_i(p56, descr=<FieldS rpyeffect.stored_environment.Stack__1_0.inst_values_num_0 40 pure>)
+804: p94 = getfield_gc_r(p56, descr=<FieldP rpyeffect.stored_environment.Stack__arb_arb.inst_tail 8 pure>)
debug_merge_point(0, 0, '5098<main.rpyeffect:101([k@[switch case for 0#321]#345])>+0: {"op": "PrimOp". "name": "unbox(Ptr): Num". "out": {"num": [1]. "ptr": []}. "in": {"num": []. "ptr": [0]}}')
debug_merge_point(0, 0, '5098<main.rpyeffect:101([k@[switch case for 0#321]#345])>+1: {"op": "Swap". "type": "num". "a": 0. "b". 1}')
debug_merge_point(0, 0, '5098<main.rpyeffect:101([k@[switch case for 0#321]#345])>+2: {"op": "Switch". "scrutinee": 0. "values": [1]. "targets": [5093]. "default": 5097}')
+808: guard_nonnull(p94, descr=<Guard0x1286b0ae0>) [p0, i1, i2, i3, i4, i5, i6, i7, i8, i9, i10, i11, i12, i13, i14, i15, i16, p17, p18, p19, p20, p21, p22, p23, p24, p25, p26, p27, p28, p29, p30, p31, p32, p33, p34, p35]
+816: i95 = getfield_gc_i(p94, descr=<FieldS rpyeffect.stored_environment.Stack__arb_arb.inst_target 16 pure>)
+820: guard_value(i95, 5128, descr=<Guard0x1286b0b20>) [p0, i1, i2, i3, i4, i5, i6, i7, i8, i9, i10, i11, i12, i13, i14, i15, i16, p17, p18, p19, p20, p21, p22, p23, p24, p25, p26, p27, p28, p29, p30, p31, p32, p33, p34, p35]
debug_merge_point(0, 0, '5093<main.rpyeffect:96([switch case for 1#351])>+0: {"op": "Copy". "type": "num". "from": 1. "to". 0}')
debug_merge_point(0, 0, '5093<main.rpyeffect:96([switch case for 1#351])>+1: {"op": "Return". "args": {"num": [0]. "ptr": []}}')
+832: i97 = getfield_gc_i(p94, descr=<FieldS rpyeffect.stored_environment.Stack__2_0.inst_values_num_0 40 pure>)
+836: i98 = getfield_gc_i(p94, descr=<FieldS rpyeffect.stored_environment.Stack__2_0.inst_values_num_1 48 pure>)
+840: p99 = getfield_gc_r(p94, descr=<FieldP rpyeffect.stored_environment.Stack__arb_arb.inst_tail 8 pure>)
debug_merge_point(0, 0, '5128<main.rpyeffect:131([k@[k@[mcore:[#256]#422]#427]#435])>+0: {"op": "Const". "type": "num". "out": 3. "value": 1}')
debug_merge_point(0, 0, '5128<main.rpyeffect:131([k@[k@[mcore:[#256]#422]#427]#435])>+1: {"op": "PrimOp". "name": "infixSub(Int. Int): Int". "out": {"num": [3]. "ptr": []}. "in": {"num": [0. 3]. "ptr": []}}')
+844: i101 = int_sub(i93, 1)
debug_merge_point(0, 0, '5128<main.rpyeffect:131([k@[k@[mcore:[#256]#422]#427]#435])>+2: {"op": "Const". "type": "ptr". "out": 0. "format": "string". "value": "Name(import$std/core/hnd)"}')
debug_merge_point(0, 0, '5128<main.rpyeffect:131([k@[k@[mcore:[#256]#422]#427]#435])>+3: {"op": "PrimOp". "name": "getGlobal(String): Ptr". "out": {"num": []. "ptr": [0]}. "in": {"num": []. "ptr": [0]}}')
debug_merge_point(0, 0, '5128<main.rpyeffect:131([k@[k@[mcore:[#256]#422]#427]#435])>+4: {"op": "Push". "target": 5127. "args": {"num": [1. 0. 2]. "ptr": []}}')
debug_merge_point(0, 0, '5128<main.rpyeffect:131([k@[k@[mcore:[#256]#422]#427]#435])>+5: {"op": "Copy". "type": "num". "from": 3. "to". 0}')
debug_merge_point(0, 0, '5128<main.rpyeffect:131([k@[k@[mcore:[#256]#422]#427]#435])>+6: {"op": "Jump". "target": 5102}')
debug_merge_point(0, 0, '5102<main.rpyeffect:105([mcore:[#227]#285])>+0: {"op": "Const". "type": "num". "out": 1. "value": 1}')
debug_merge_point(0, 0, '5102<main.rpyeffect:105([mcore:[#227]#285])>+1: {"op": "PrimOp". "name": "infixLt(Int. Int): Boolean". "out": {"num": [1]. "ptr": []}. "in": {"num": [0. 1]. "ptr": []}}')
+852: i103 = int_lt(i101, 1)
guard_false(i103, descr=<Guard0x1286b0b60>) [p0, i1, i2, i3, i4, i5, i6, i7, i8, i9, i10, i11, i12, i13, i14, i15, i16, p17, p18, p19, p20, p21, p22, p23, p24, p25, p26, p27, p28, p29, p30, p31, p32, p33, p34, p35]
debug_merge_point(0, 0, '5102<main.rpyeffect:105([mcore:[#227]#285])>+2: {"op": "Switch". "scrutinee": 1. "values": [1]. "targets": [5087]. "default": 5101}')
debug_merge_point(0, 0, '5101<main.rpyeffect:104([switch default case#317])>+0: {"op": "Const". "type": "num". "out": 1. "value": 1}')
debug_merge_point(0, 0, '5101<main.rpyeffect:104([switch default case#317])>+1: {"op": "PrimOp". "name": "infixLt(Int. Int): Boolean". "out": {"num": [1]. "ptr": []}. "in": {"num": [0. 1]. "ptr": []}}')
debug_merge_point(0, 0, '5101<main.rpyeffect:104([switch default case#317])>+2: {"op": "Switch". "scrutinee": 1. "values": [0]. "targets": [5099]. "default": 5100}')
debug_merge_point(0, 0, '5099<main.rpyeffect:102([switch case for 0#321])>+0: {"op": "Const". "type": "num". "out": 1. "value": 1}')
debug_merge_point(0, 0, '5099<main.rpyeffect:102([switch case for 0#321])>+1: {"op": "New". "out": 0. "targets": [5089. 5091]. "args": {"num": []. "ptr": []}}')
debug_merge_point(0, 0, '5099<main.rpyeffect:102([switch case for 0#321])>+2: {"op": "Const". "type": "ptr". "out": 1. "format": "string". "value": "Name(import$std/core/hnd)"}')
debug_merge_point(0, 0, '5099<main.rpyeffect:102([switch case for 0#321])>+3: {"op": "PrimOp". "name": "getGlobal(String): Ptr". "out": {"num": []. "ptr": [1]}. "in": {"num": []. "ptr": [1]}}')
debug_merge_point(0, 0, '5099<main.rpyeffect:102([switch case for 0#321])>+4: {"op": "Push". "target": 5098. "args": {"num": [0]. "ptr": []}}')
debug_merge_point(0, 0, '5099<main.rpyeffect:102([switch case for 0#321])>+5: {"op": "Copy". "type": "num". "from": 1. "to". 0}')
debug_merge_point(0, 0, '5099<main.rpyeffect:102([switch case for 0#321])>+6: {"op": "Jump". "target": 5067}')
debug_merge_point(0, 0, '5067<main.rpyeffect:70([mcore:[#210]#231])>+0: {"op": "Const". "type": "ptr". "out": 1. "format": "string". "value": "Name(import$std/core/hnd)"}')
debug_merge_point(0, 0, '5067<main.rpyeffect:70([mcore:[#210]#231])>+1: {"op": "PrimOp". "name": "getGlobal(String): Ptr". "out": {"num": []. "ptr": [1]}. "in": {"num": []. "ptr": [1]}}')
debug_merge_point(0, 0, '5067<main.rpyeffect:70([mcore:[#210]#231])>+2: {"op": "CallLib". "lib": "1". "symbol": "std/core/hnd/@open-at0"}')
debug_merge_point(0, 0, '803<std_core_hnd.rpyeffect:502([mcore:[#725]#1309])>+0: {"op": "Const". "type": "ptr". "out": 1. "format": "string". "value": "Name(import$std/core/hnd)"}')
debug_merge_point(0, 0, '803<std_core_hnd.rpyeffect:502([mcore:[#725]#1309])>+1: {"op": "PrimOp". "name": "getGlobal(String): Ptr". "out": {"num": []. "ptr": [1]}. "in": {"num": []. "ptr": [1]}}')
debug_merge_point(0, 0, '803<std_core_hnd.rpyeffect:502([mcore:[#725]#1309])>+2: {"op": "Push". "target": 802. "args": {"num": [0]. "ptr": [0]}}')
debug_merge_point(0, 0, '803<std_core_hnd.rpyeffect:502([mcore:[#725]#1309])>+3: {"op": "Copy". "type": "ptr". "from": 1. "to". 0}')
debug_merge_point(0, 0, '803<std_core_hnd.rpyeffect:502([mcore:[#725]#1309])>+4: {"op": "Jump". "target": 784}')
debug_merge_point(0, 0, '784<std_core_hnd.rpyeffect:483([mcore:[#715]#1295])>+0: {"op": "Const". "type": "ptr". "out": 0. "format": "string". "value": "Name(import$std/core/hnd)"}')
+860: p104 = new_with_vtable(descr=<SizeDescr 56>)
+968: p105 = new_with_vtable(descr=<SizeDescr 48>)
+984: p106 = new_with_vtable(descr=<SizeDescr 64>)
+1000: setfield_gc(p106, p99, descr=<FieldP rpyeffect.stored_environment.Stack__arb_arb.inst_tail 8 pure>)
+1004: setfield_gc(p106, 5127, descr=<FieldS rpyeffect.stored_environment.Stack__arb_arb.inst_target 16 pure>)
+1012: setfield_gc(p106, i97, descr=<FieldS rpyeffect.stored_environment.Stack__3_0.inst_values_num_0 40 pure>)
+1016: setfield_gc(p106, i93, descr=<FieldS rpyeffect.stored_environment.Stack__3_0.inst_values_num_1 48 pure>)
+1020: setfield_gc(p106, i98, descr=<FieldS rpyeffect.stored_environment.Stack__3_0.inst_values_num_2 56 pure>)
+1024: setfield_gc(p105, p106, descr=<FieldP rpyeffect.stored_environment.Stack__arb_arb.inst_tail 8 pure>)
+1028: setfield_gc(p105, 5098, descr=<FieldS rpyeffect.stored_environment.Stack__arb_arb.inst_target 16 pure>)
+1036: setfield_gc(p105, i101, descr=<FieldS rpyeffect.stored_environment.Stack__1_0.inst_values_num_0 40 pure>)
+1040: p109 = new_with_vtable(descr=<SizeDescr 32>)
+1052: setfield_gc(p109, ConstPtr(ptr110), descr=<FieldP rpyeffect.stored_environment.CoData__arb_arb.inst_vtable 24 pure>)
+1056: p111 = new_with_vtable(descr=<SizeDescr 40>)
+1068: p112 = new_with_vtable(descr=<SizeDescr 40>)
+1080: p113 = new_with_vtable(descr=<SizeDescr 40>)
+1092: p114 = new_with_vtable(descr=<SizeDescr 48>)
+1108: p115 = new_with_vtable(descr=<SizeDescr 40>)
+1124: setfield_gc(p115, p86, descr=<FieldP rpyeffect.stored_environment.Stack__arb_arb.inst_tail 8 pure>)
+1128: setfield_gc(p115, 5139, descr=<FieldS rpyeffect.stored_environment.Stack__arb_arb.inst_target 16 pure>)
+1136: setfield_gc(p114, p115, descr=<FieldP rpyeffect.stored_environment.Stack__arb_arb.inst_tail 8 pure>)
+1140: setfield_gc(p114, 5135, descr=<FieldS rpyeffect.stored_environment.Stack__arb_arb.inst_target 16 pure>)
+1148: p118 = new_with_vtable(descr=<SizeDescr 40>)
+1164: setfield_gc(p118, ConstPtr(ptr119), descr=<FieldP rpyeffect.stored_environment.CoData__arb_arb.inst_vtable 24 pure>)
+1168: p120 = new_with_vtable(descr=<SizeDescr 40>)
+1184: p121 = new_with_vtable(descr=<SizeDescr 48>)
+1200: p122 = new_with_vtable(descr=<SizeDescr 40>)
+1216: p123 = new_with_vtable(descr=<SizeDescr 40>)
+1232: p124 = new_with_vtable(descr=<SizeDescr 56>)
+1248: setfield_gc(p124, p56, descr=<FieldP rpyeffect.stored_environment.Stack__arb_arb.inst_tail 8 pure>)
+1252: setfield_gc(p124, 801, descr=<FieldS rpyeffect.stored_environment.Stack__arb_arb.inst_target 16 pure>)
+1260: setfield_gc(p124, i54, descr=<FieldS rpyeffect.stored_environment.Stack__1_1.inst_values_num_0 40 pure>)
+1264: setfield_gc(p124, p37, descr=<FieldP rpyeffect.stored_environment.Stack__1_1.inst_values_ptr_0 48 pure>)
+1268: setfield_gc(p123, p124, descr=<FieldP rpyeffect.stored_environment.Stack__arb_arb.inst_tail 8 pure>)
+1272: setfield_gc(p123, 5090, descr=<FieldS rpyeffect.stored_environment.Stack__arb_arb.inst_target 16 pure>)
+1280: setfield_gc(p122, p123, descr=<FieldP rpyeffect.stored_environment.Stack__arb_arb.inst_tail 8 pure>)
+1284: setfield_gc(p122, 5075, descr=<FieldS rpyeffect.stored_environment.Stack__arb_arb.inst_target 16 pure>)
+1292: setfield_gc(p121, p122, descr=<FieldP rpyeffect.stored_environment.Stack__arb_arb.inst_tail 8 pure>)
+1296: setfield_gc(p121, 1020, descr=<FieldS rpyeffect.stored_environment.Stack__arb_arb.inst_target 16 pure>)
+1304: p129 = new_with_vtable(descr=<SizeDescr 48>)
+1316: setfield_gc(p129, ConstPtr(ptr130), descr=<FieldP rpyeffect.stored_environment.Data__arb_arb.inst_tag 8>)
+1320: setfield_gc(p129, p51, descr=<FieldP rpyeffect.stored_environment.Data__0_2.inst_values_ptr_0 32 pure>)
+1324: p131 = new_with_vtable(descr=<SizeDescr 32>)
+1340: setfield_gc(p131, ConstPtr(ptr132), descr=<FieldP rpyeffect.stored_environment.Data__arb_arb.inst_tag 8>)
+1344: setfield_gc(p129, p131, descr=<FieldP rpyeffect.stored_environment.Data__0_2.inst_values_ptr_1 40 pure>)
+1348: setfield_gc(p121, p129, descr=<FieldP rpyeffect.stored_environment.Stack__0_1.inst_values_ptr_0 40 pure>)
+1352: setfield_gc(p120, p121, descr=<FieldP rpyeffect.stack.MetaStackLike.inst_stack 8 pure>)
+1356: setfield_gc(p120, p33, descr=<FieldP rpyeffect.stack.MetaStack.inst_label 16 pure>)
+1364: setfield_gc(p120, ConstPtr(null), descr=<FieldP rpyeffect.stack.MetaStack.inst_region 24 pure>)
+1372: p134 = new_with_vtable(descr=<SizeDescr 40>)
+1384: setfield_gc(p134, p83, descr=<FieldP rpyeffect.stack.MetaStackLike.inst_stack 8 pure>)
+1392: setfield_gc(p134, p81, descr=<FieldP rpyeffect.stack.MetaStack.inst_label 16 pure>)
+1396: setfield_gc(p134, ConstPtr(null), descr=<FieldP rpyeffect.stack.MetaStack.inst_region 24 pure>)
+1404: setfield_gc(p134, ConstPtr(null), descr=<FieldP rpyeffect.stack.MetaStack.inst_tail 32 pure>)
+1412: setfield_gc(p120, p134, descr=<FieldP rpyeffect.stack.MetaStack.inst_tail 32 pure>)
+1416: setfield_gc(p118, p120, descr=<FieldP rpyeffect.stored_environment.CoData__0_1.inst_values_ptr_0 32 pure>)
+1420: setfield_gc(p114, p118, descr=<FieldP rpyeffect.stored_environment.Stack__0_1.inst_values_ptr_0 40 pure>)
+1424: setfield_gc(p113, p114, descr=<FieldP rpyeffect.stored_environment.Stack__arb_arb.inst_tail 8 pure>)
+1428: setfield_gc(p113, 505, descr=<FieldS rpyeffect.stored_environment.Stack__arb_arb.inst_target 16 pure>)
+1436: setfield_gc(p112, p113, descr=<FieldP rpyeffect.stack.MetaStackLike.inst_stack 8 pure>)
+1440: setfield_gc(p112, p87, descr=<FieldP rpyeffect.stack.MetaStack.inst_label 16 pure>)
+1448: setfield_gc(p112, ConstPtr(null), descr=<FieldP rpyeffect.stack.MetaStack.inst_region 24 pure>)
+1456: setfield_gc(p112, p88, descr=<FieldP rpyeffect.stack.MetaStack.inst_tail 32 pure>)
+1464: setfield_gc(p104, 802, descr=<FieldS rpyeffect.stored_environment.Stack__arb_arb.inst_target 16 pure>)
+1476: setfield_gc(p104, 1, descr=<FieldS rpyeffect.stored_environment.Stack__1_1.inst_values_num_0 40 pure>)
+1484: setfield_gc(p104, p109, descr=<FieldP rpyeffect.stored_environment.Stack__1_1.inst_values_ptr_0 48 pure>)
+1492: setfield_gc(p104, p105, descr=<FieldP rpyeffect.stored_environment.Stack__arb_arb.inst_tail 8 pure>)
+1500: setfield_gc(p111, ConstPtr(null), descr=<FieldP rpyeffect.stack.MetaStack.inst_region 24 pure>)
+1516: setfield_gc(p111, p81, descr=<FieldP rpyeffect.stack.MetaStack.inst_label 16 pure>)
+1520: setfield_gc(p111, p83, descr=<FieldP rpyeffect.stack.MetaStackLike.inst_stack 8 pure>)
+1524: setfield_gc(p111, p112, descr=<FieldP rpyeffect.stack.MetaStack.inst_tail 32 pure>)
+1768: jump(p33, p104, p0, p111, 1, 1, i98, i101, i5, i6, i7, i8, i9, i10, i11, i12, i13, i14, i15, i16, ConstPtr(ptr142), ConstPtr(ptr142), ConstPtr(ptr143), ConstPtr(ptr144), p69, p22, p23, p24, p25, p26, p27, p28, p29, p30, p31, p32, descr=TargetToken(4971073632))
+2092: --end of the loop--
[9457330] jit-log-opt-bridge}
[94be70b] {jit-log-opt-bridge
# bridge out of Guard 0x12857dca0 with 60 ops
[p0, i1, i2, i3, i4, i5, i6, i7, i8, i9, i10, i11, i12, i13, i14, i15, p16, p17, p18, p19, p20, p21, p22, p23, p24, p25, p26, p27, p28, p29, p30, p31, p32, p33, p34]
+120: guard_nonnull(p29, descr=<Guard0x1286cc498>) [p0, i1, i2, i3, i4, i5, i6, i7, i8, i9, i10, i11, i12, i13, i14, i15, p16, p17, p18, p19, p20, p21, p22, p23, p24, p25, p26, p27, p28, p29, p30, p31, p32, p33, p34]
+128: i35 = getfield_gc_i(p29, descr=<FieldS rpyeffect.stored_environment.Stack__arb_arb.inst_target 16 pure>)
+132: guard_not_invalidated(descr=<Guard0x1286b0fe0>) [p0, i1, i2, i3, i4, i5, i6, i7, i8, i9, i10, i11, i12, i13, i14, i15, p16, p17, p18, p19, p20, p21, p22, p23, p24, p25, p26, p27, p28, p29, p30, p31, p32, p33, p34]
+136: guard_value(i35, 5127, descr=<Guard0x1286b1020>) [p0, i1, i2, i3, i4, i5, i6, i7, i8, i9, i10, i11, i12, i13, i14, i15, p16, p17, p18, p19, p20, p21, p22, p23, p24, p25, p26, p27, p28, p29, p30, p31, p32, p33, p34]
debug_merge_point(0, 0, '5097<main.rpyeffect:100([switch default case#352])>+0: {"op": "Swap". "type": "num". "a": 0. "b". 1}')
debug_merge_point(0, 0, '5097<main.rpyeffect:100([switch default case#352])>+1: {"op": "Switch". "scrutinee": 1. "values": [0]. "targets": [5095]. "default": 5096}')
debug_merge_point(0, 0, '5095<main.rpyeffect:98([switch case for 0#353])>+0: {"op": "Const". "type": "num". "out": 1. "value": 1}')
debug_merge_point(0, 0, '5095<main.rpyeffect:98([switch case for 0#353])>+1: {"op": "PrimOp". "name": "infixSub(Int. Int): Int". "out": {"num": [0]. "ptr": []}. "in": {"num": [0. 1]. "ptr": []}}')
+148: i38 = int_sub(i1, 1)
debug_merge_point(0, 0, '5095<main.rpyeffect:98([switch case for 0#353])>+2: {"op": "Const". "type": "ptr". "out": 0. "format": "string". "value": "Name(import$std/core/hnd)"}')
debug_merge_point(0, 0, '5095<main.rpyeffect:98([switch case for 0#353])>+3: {"op": "PrimOp". "name": "getGlobal(String): Ptr". "out": {"num": []. "ptr": [0]}. "in": {"num": []. "ptr": [0]}}')
debug_merge_point(0, 0, '5095<main.rpyeffect:98([switch case for 0#353])>+4: {"op": "Jump". "target": 5102}')
debug_merge_point(0, 0, '5102<main.rpyeffect:105([mcore:[#227]#285])>+0: {"op": "Const". "type": "num". "out": 1. "value": 1}')
debug_merge_point(0, 0, '5102<main.rpyeffect:105([mcore:[#227]#285])>+1: {"op": "PrimOp". "name": "infixLt(Int. Int): Boolean". "out": {"num": [1]. "ptr": []}. "in": {"num": [0. 1]. "ptr": []}}')
+152: i40 = int_lt(i38, 1)
guard_true(i40, descr=<Guard0x1286b1060>) [p0, i1, i2, i3, i4, i5, i6, i7, i8, i9, i10, i11, i12, i13, i14, i15, p16, p17, p18, p19, p20, p21, p22, p23, p24, p25, p26, p27, p28, p29, p30, p31, p32, p33, p34]
debug_merge_point(0, 0, '5102<main.rpyeffect:105([mcore:[#227]#285])>+2: {"op": "Switch". "scrutinee": 1. "values": [1]. "targets": [5087]. "default": 5101}')
debug_merge_point(0, 0, '5087<main.rpyeffect:90([switch case for 1#289])>+0: {"op": "Const". "type": "num". "out": 0. "value": 0}')
debug_merge_point(0, 0, '5087<main.rpyeffect:90([switch case for 1#289])>+1: {"op": "New". "out": 0. "targets": [5083. 5085]. "args": {"num": []. "ptr": []}}')
debug_merge_point(0, 0, '5087<main.rpyeffect:90([switch case for 1#289])>+2: {"op": "Const". "type": "ptr". "out": 1. "format": "string". "value": "Name(import$std/core/hnd)"}')
debug_merge_point(0, 0, '5087<main.rpyeffect:90([switch case for 1#289])>+3: {"op": "PrimOp". "name": "getGlobal(String): Ptr". "out": {"num": []. "ptr": [1]}. "in": {"num": []. "ptr": [1]}}')
debug_merge_point(0, 0, '5087<main.rpyeffect:90([switch case for 1#289])>+4: {"op": "Push". "target": 5086. "args": {"num": []. "ptr": []}}')
debug_merge_point(0, 0, '5087<main.rpyeffect:90([switch case for 1#289])>+5: {"op": "Jump". "target": 5052}')
debug_merge_point(0, 0, '5052<main.rpyeffect:55([mcore:[#195]#177])>+0: {"op": "Const". "type": "ptr". "out": 1. "format": "string". "value": "Name(import$std/core/hnd)"}')
debug_merge_point(0, 0, '5052<main.rpyeffect:55([mcore:[#195]#177])>+1: {"op": "PrimOp". "name": "getGlobal(String): Ptr". "out": {"num": []. "ptr": [1]}. "in": {"num": []. "ptr": [1]}}')
debug_merge_point(0, 0, '5052<main.rpyeffect:55([mcore:[#195]#177])>+2: {"op": "CallLib". "lib": "1". "symbol": "std/core/hnd/@open-at0"}')
debug_merge_point(0, 0, '803<std_core_hnd.rpyeffect:502([mcore:[#725]#1309])>+0: {"op": "Const". "type": "ptr". "out": 1. "format": "string". "value": "Name(import$std/core/hnd)"}')
debug_merge_point(0, 0, '803<std_core_hnd.rpyeffect:502([mcore:[#725]#1309])>+1: {"op": "PrimOp". "name": "getGlobal(String): Ptr". "out": {"num": []. "ptr": [1]}. "in": {"num": []. "ptr": [1]}}')
debug_merge_point(0, 0, '803<std_core_hnd.rpyeffect:502([mcore:[#725]#1309])>+2: {"op": "Push". "target": 802. "args": {"num": [0]. "ptr": [0]}}')
debug_merge_point(0, 0, '803<std_core_hnd.rpyeffect:502([mcore:[#725]#1309])>+3: {"op": "Copy". "type": "ptr". "from": 1. "to". 0}')
debug_merge_point(0, 0, '803<std_core_hnd.rpyeffect:502([mcore:[#725]#1309])>+4: {"op": "Jump". "target": 784}')
debug_merge_point(0, 0, '784<std_core_hnd.rpyeffect:483([mcore:[#715]#1295])>+0: {"op": "Const". "type": "ptr". "out": 0. "format": "string". "value": "Name(import$std/core/hnd)"}')
+160: p41 = new_with_vtable(descr=<SizeDescr 56>)
+268: p42 = new_with_vtable(descr=<SizeDescr 40>)
+280: setfield_gc(p42, p29, descr=<FieldP rpyeffect.stored_environment.Stack__arb_arb.inst_tail 8 pure>)
+284: setfield_gc(p42, 5086, descr=<FieldS rpyeffect.stored_environment.Stack__arb_arb.inst_target 16 pure>)
+292: p44 = new_with_vtable(descr=<SizeDescr 32>)
+308: setfield_gc(p44, ConstPtr(ptr45), descr=<FieldP rpyeffect.stored_environment.CoData__arb_arb.inst_vtable 24 pure>)
+312: p46 = new_with_vtable(descr=<SizeDescr 40>)
+324: p47 = new_with_vtable(descr=<SizeDescr 40>)
+336: p48 = new_with_vtable(descr=<SizeDescr 40>)
+348: p49 = new_with_vtable(descr=<SizeDescr 48>)
+360: setfield_gc(p49, p30, descr=<FieldP rpyeffect.stored_environment.Stack__arb_arb.inst_tail 8 pure>)
+364: setfield_gc(p49, 5134, descr=<FieldS rpyeffect.stored_environment.Stack__arb_arb.inst_target 16 pure>)
+372: setfield_gc(p49, 0, descr=<FieldS rpyeffect.stored_environment.Stack__1_0.inst_values_num_0 40 pure>)
+380: setfield_gc(p48, p49, descr=<FieldP rpyeffect.stored_environment.Stack__arb_arb.inst_tail 8 pure>)
+384: setfield_gc(p48, 505, descr=<FieldS rpyeffect.stored_environment.Stack__arb_arb.inst_target 16 pure>)
+392: setfield_gc(p47, p48, descr=<FieldP rpyeffect.stack.MetaStackLike.inst_stack 8 pure>)
+396: setfield_gc(p47, p32, descr=<FieldP rpyeffect.stack.MetaStack.inst_label 16 pure>)
+400: setfield_gc(p47, ConstPtr(null), descr=<FieldP rpyeffect.stack.MetaStack.inst_region 24 pure>)
+408: setfield_gc(p47, p31, descr=<FieldP rpyeffect.stack.MetaStack.inst_tail 32 pure>)
+412: setfield_gc(p41, 802, descr=<FieldS rpyeffect.stored_environment.Stack__arb_arb.inst_target 16 pure>)
+420: setfield_gc(p41, p42, descr=<FieldP rpyeffect.stored_environment.Stack__arb_arb.inst_tail 8 pure>)
+424: setfield_gc(p41, 0, descr=<FieldS rpyeffect.stored_environment.Stack__1_1.inst_values_num_0 40 pure>)
+432: setfield_gc(p41, p44, descr=<FieldP rpyeffect.stored_environment.Stack__1_1.inst_values_ptr_0 48 pure>)
+436: setfield_gc(p46, p34, descr=<FieldP rpyeffect.stack.MetaStackLike.inst_stack 8 pure>)
+440: setfield_gc(p46, p33, descr=<FieldP rpyeffect.stack.MetaStack.inst_label 16 pure>)
+444: setfield_gc(p46, ConstPtr(null), descr=<FieldP rpyeffect.stack.MetaStack.inst_region 24 pure>)
+452: setfield_gc(p46, p47, descr=<FieldP rpyeffect.stack.MetaStack.inst_tail 32 pure>)
+540: jump(p28, p41, p0, p46, 0, 1, i2, i3, i4, i5, i6, i7, i8, i9, i10, i11, i12, i13, i14, i15, ConstPtr(ptr58), ConstPtr(ptr58), ConstPtr(ptr59), ConstPtr(ptr60), p16, p17, p18, p19, p20, p21, p22, p23, p24, p25, p26, p27, descr=TargetToken(4971073632))
+604: --end of the loop--
[94c7c75] jit-log-opt-bridge}
[961df11] {jit-log-opt-bridge
# bridge out of Guard 0x12851ef20 with 190 ops
[p0, i1, i2, i3, i4, i5, i6, i7, i8, i9, i10, i11, i12, i13, i14, i15, i16, p17, p18, p19, p20, p21, p22, p23, p24, p25, p26, p27, p28, p29, p30, p31, p32, p33, p34, p35]
+344: guard_not_invalidated(descr=<Guard0x1286ffd00>) [p0, i1, i2, i3, i4, i5, i6, i7, i8, i9, i10, i11, i12, i13, i14, i15, i16, p17, p18, p19, p20, p21, p22, p23, p24, p25, p26, p27, p28, p29, p30, p31, p32, p33, p34, p35]
debug_merge_point(0, 0, '307<std_core_hnd.rpyeffect:6(Name(evvSwapCreate1))>+1: {"op": "Push". "target": 306. "args": {"num": [0]. "ptr": [0]}}')
debug_merge_point(0, 0, '307<std_core_hnd.rpyeffect:6(Name(evvSwapCreate1))>+2: {"op": "Jump". "target": 301}')
debug_merge_point(0, 0, '301<std_core_hnd.rpyeffect:0(Name(getCurrentEvv))>+0: {"op": "Const". "type": "ptr". "out": 0. "format": "string". "value": "current-evv"}')
debug_merge_point(0, 0, '301<std_core_hnd.rpyeffect:0(Name(getCurrentEvv))>+1: {"op": "PrimOp". "name": "getGlobal(String): Ptr". "out": {"num": []. "ptr": [0]}. "in": {"num": []. "ptr": [0]}}')
debug_merge_point(0, 0, '301<std_core_hnd.rpyeffect:0(Name(getCurrentEvv))>+2: {"op": "PrimOp". "name": "getRef(Ref[Ptr]): Ptr". "out": {"num": []. "ptr": [0]}. "in": {"num": []. "ptr": [0]}}')
+352: p37 = getfield_gc_r(ConstPtr(ptr36), descr=<FieldP rpyeffect.region.PtrRef.inst_value 8>)
debug_merge_point(0, 0, '301<std_core_hnd.rpyeffect:0(Name(getCurrentEvv))>+3: {"op": "Return". "args": {"num": []. "ptr": [0]}}')
debug_merge_point(0, 0, '306<std_core_hnd.rpyeffect:5([k@Name(evvSwapCreate1)#21])>+0: {"op": "Push". "target": 305. "args": {"num": []. "ptr": [0. 1]}}')
debug_merge_point(0, 0, '306<std_core_hnd.rpyeffect:5([k@Name(evvSwapCreate1)#21])>+1: {"op": "Jump". "target": 331}')
debug_merge_point(0, 0, '331<std_core_hnd.rpyeffect:30(Name(elt))>+0: {"op": "Switch". "scrutinee": 0. "values": [0]. "targets": [329]. "default": 330}')
+356: i39 = int_eq(i1, 0)
guard_true(i39, descr=<Guard0x128702b20>) [p0, i1, i2, i3, i4, i5, i6, i7, i8, i9, i10, i11, i12, i13, i14, i15, i16, p17, p18, p19, p20, p21, p22, p23, p24, p25, p26, p27, p28, p29, p30, p31, p32, p33, p34, p35]
debug_merge_point(0, 0, '329<std_core_hnd.rpyeffect:28([switch case for 0#86])>+0: {"op": "Proj". "out": 0. "type": Interned(evv). "scrutinee": 0. "tag": Interned(cons). "field": 0. "field_type": "ptr"}')
+364: p40 = getfield_gc_r(p37, descr=<FieldP rpyeffect.stored_environment.Data__arb_arb.inst_tag 8>)
+372: guard_value(p40, ConstPtr(ptr41), descr=<Guard0x128702b60>) [p0, i1, i2, i3, i4, i5, i6, i7, i8, i9, i10, i11, i12, i13, i14, i15, i16, p17, p18, p19, p20, p21, p22, p23, p24, p25, p26, p27, p28, p29, p30, p31, p32, p33, p34, p35]
+380: guard_class(p37, ConstClass(Data__0_2), descr=<Guard0x128702ba0>) [p0, i1, i2, i3, i4, i5, i6, i7, i8, i9, i10, i11, i12, i13, i14, i15, i16, p17, p18, p19, p20, p21, p22, p23, p24, p25, p26, p27, p28, p29, p30, p31, p32, p33, p34, p35]
+396: p43 = getfield_gc_r(p37, descr=<FieldP rpyeffect.stored_environment.Data__0_2.inst_values_ptr_0 32 pure>)
debug_merge_point(0, 0, '329<std_core_hnd.rpyeffect:28([switch case for 0#86])>+1: {"op": "Return". "args": {"num": []. "ptr": [0]}}')
+400: guard_nonnull(p34, descr=<Guard0x128702be0>) [p0, i1, i2, i3, i4, i5, i6, i7, i8, i9, i10, i11, i12, i13, i14, i15, i16, p17, p18, p19, p20, p21, p22, p23, p24, p25, p26, p27, p28, p29, p30, p31, p32, p33, p34, p35]
+408: i44 = getfield_gc_i(p34, descr=<FieldS rpyeffect.stored_environment.Stack__arb_arb.inst_target 16 pure>)
+412: guard_value(i44, 802, descr=<Guard0x128702c20>) [p0, i1, i2, i3, i4, i5, i6, i7, i8, i9, i10, i11, i12, i13, i14, i15, i16, p17, p18, p19, p20, p21, p22, p23, p24, p25, p26, p27, p28, p29, p30, p31, p32, p33, p34, p35]
debug_merge_point(0, 0, '305<std_core_hnd.rpyeffect:4([k@[k@Name(evvSwapCreate1)#21]#23])>+0: {"op": "Construct". "out": 0. "type": Interned(evv). "tag": Interned(cons). "args": {"num": []. "ptr": [0. 2]}}')
debug_merge_point(0, 0, '305<std_core_hnd.rpyeffect:4([k@[k@Name(evvSwapCreate1)#21]#23])>+1: {"op": "Push". "target": 304. "args": {"num": []. "ptr": [1]}}')
debug_merge_point(0, 0, '305<std_core_hnd.rpyeffect:4([k@[k@Name(evvSwapCreate1)#21]#23])>+2: {"op": "Jump". "target": 302}')
debug_merge_point(0, 0, '302<std_core_hnd.rpyeffect:1(Name(setCurrentEvv))>+0: {"op": "Const". "type": "ptr". "out": 1. "format": "string". "value": "current-evv"}')
debug_merge_point(0, 0, '302<std_core_hnd.rpyeffect:1(Name(setCurrentEvv))>+1: {"op": "PrimOp". "name": "getGlobal(String): Ptr". "out": {"num": []. "ptr": [1]}. "in": {"num": []. "ptr": [1]}}')
debug_merge_point(0, 0, '302<std_core_hnd.rpyeffect:1(Name(setCurrentEvv))>+2: {"op": "PrimOp". "name": "setRef(Ref[Ptr]. Ptr): Unit". "out": {"num": []. "ptr": [0]}. "in": {"num": []. "ptr": [1. 0]}}')
debug_merge_point(0, 0, '302<std_core_hnd.rpyeffect:1(Name(setCurrentEvv))>+3: {"op": "Return". "args": {"num": []. "ptr": [0]}}')
debug_merge_point(0, 0, '304<std_core_hnd.rpyeffect:3([k@[k@[k@Name(evvSwapCreate1)#21]#23]#26])>+0: {"op": "Copy". "type": "ptr". "from": 1. "to". 0}')
debug_merge_point(0, 0, '304<std_core_hnd.rpyeffect:3([k@[k@[k@Name(evvSwapCreate1)#21]#23]#26])>+1: {"op": "Return". "args": {"num": []. "ptr": [0]}}')
+424: i46 = getfield_gc_i(p34, descr=<FieldS rpyeffect.stored_environment.Stack__1_1.inst_values_num_0 40 pure>)
+424: p47 = getfield_gc_r(p34, descr=<FieldP rpyeffect.stored_environment.Stack__1_1.inst_values_ptr_0 48 pure>)
+428: p48 = getfield_gc_r(p34, descr=<FieldP rpyeffect.stored_environment.Stack__arb_arb.inst_tail 8 pure>)
debug_merge_point(0, 0, '802<std_core_hnd.rpyeffect:501([k@[mcore:[#725]#1309]#1314])>+0: {"op": "Push". "target": 801. "args": {"num": [0]. "ptr": [0]}}')
debug_merge_point(0, 0, '802<std_core_hnd.rpyeffect:501([k@[mcore:[#725]#1309]#1314])>+1: {"op": "Invoke". "receiver": 1. "tag": Interned(%apply():p). "args" : {"num": []. "ptr": []}}')
+428: p49 = getfield_gc_r(p47, descr=<FieldP rpyeffect.stored_environment.CoData__arb_arb.inst_vtable 24 pure>)
+436: guard_value(p49, ConstPtr(ptr50), descr=<Guard0x128702c60>) [p0, i1, i2, i3, i4, i5, i6, i7, i8, i9, i10, i11, i12, i13, i14, i15, i16, p17, p18, p19, p20, p21, p22, p23, p24, p25, p26, p27, p28, p29, p30, p31, p32, p33, p34, p35]
debug_merge_point(0, 0, '5085<main.rpyeffect:88([#301])>+0: {"op": "Const". "type": "ptr". "out": 0. "format": "string". "value": "Name(import$std/core/hnd)"}')
debug_merge_point(0, 0, '5085<main.rpyeffect:88([#301])>+1: {"op": "PrimOp". "name": "getGlobal(String): Ptr". "out": {"num": []. "ptr": [0]}. "in": {"num": []. "ptr": [0]}}')
debug_merge_point(0, 0, '5085<main.rpyeffect:88([#301])>+2: {"op": "Push". "target": 5084. "args": {"num": []. "ptr": []}}')
debug_merge_point(0, 0, '5085<main.rpyeffect:88([#301])>+3: {"op": "Jump". "target": 5066}')
debug_merge_point(0, 0, '5066<main.rpyeffect:69([mcore:[#206]#193])>+0: {"op": "Const". "type": "num". "out": 0. "value": 0}')
debug_merge_point(0, 0, '5066<main.rpyeffect:69([mcore:[#206]#193])>+1: {"op": "Const". "type": "ptr". "out": 0. "format": "string". "value": "Name(import$std/core/hnd)"}')
debug_merge_point(0, 0, '5066<main.rpyeffect:69([mcore:[#206]#193])>+2: {"op": "PrimOp". "name": "getGlobal(String): Ptr". "out": {"num": []. "ptr": [0]}. "in": {"num": []. "ptr": [0]}}')
debug_merge_point(0, 0, '5066<main.rpyeffect:69([mcore:[#206]#193])>+3: {"op": "Push". "target": 5065. "args": {"num": [0]. "ptr": []}}')
debug_merge_point(0, 0, '5066<main.rpyeffect:69([mcore:[#206]#193])>+4: {"op": "Jump". "target": 5054}')
debug_merge_point(0, 0, '5054<main.rpyeffect:57([mcore:[#199]#189])>+0: {"op": "Const". "type": "ptr". "out": 0. "format": "string". "value": "Name(import$std/core/hnd)"}')
debug_merge_point(0, 0, '5054<main.rpyeffect:57([mcore:[#199]#189])>+1: {"op": "PrimOp". "name": "getGlobal(String): Ptr". "out": {"num": []. "ptr": [0]}. "in": {"num": []. "ptr": [0]}}')
debug_merge_point(0, 0, '5054<main.rpyeffect:57([mcore:[#199]#189])>+2: {"op": "CallLib". "lib": "0". "symbol": "getCurrentEvv"}')
debug_merge_point(0, 0, '301<std_core_hnd.rpyeffect:0(Name(getCurrentEvv))>+0: {"op": "Const". "type": "ptr". "out": 0. "format": "string". "value": "current-evv"}')
debug_merge_point(0, 0, '301<std_core_hnd.rpyeffect:0(Name(getCurrentEvv))>+1: {"op": "PrimOp". "name": "getGlobal(String): Ptr". "out": {"num": []. "ptr": [0]}. "in": {"num": []. "ptr": [0]}}')
debug_merge_point(0, 0, '301<std_core_hnd.rpyeffect:0(Name(getCurrentEvv))>+2: {"op": "PrimOp". "name": "getRef(Ref[Ptr]): Ptr". "out": {"num": []. "ptr": [0]}. "in": {"num": []. "ptr": [0]}}')
debug_merge_point(0, 0, '301<std_core_hnd.rpyeffect:0(Name(getCurrentEvv))>+3: {"op": "Return". "args": {"num": []. "ptr": [0]}}')
debug_merge_point(0, 0, '5065<main.rpyeffect:68([k@[mcore:[#206]#193]#199])>+0: {"op": "PrimOp". "name": "promote_ptr". "out": {"num": []. "ptr": [0]}. "in": {"num": []. "ptr": [0]}}')
debug_merge_point(0, 0, '5065<main.rpyeffect:68([k@[mcore:[#206]#193]#199])>+1: {"op": "Const". "type": "ptr". "out": 1. "format": "string". "value": "Name(import$std/core/hnd)"}')
debug_merge_point(0, 0, '5065<main.rpyeffect:68([k@[mcore:[#206]#193]#199])>+2: {"op": "PrimOp". "name": "getGlobal(String): Ptr". "out": {"num": []. "ptr": [1]}. "in": {"num": []. "ptr": [1]}}')
debug_merge_point(0, 0, '5065<main.rpyeffect:68([k@[mcore:[#206]#193]#199])>+3: {"op": "Push". "target": 5064. "args": {"num": []. "ptr": []}}')
debug_merge_point(0, 0, '5065<main.rpyeffect:68([k@[mcore:[#206]#193]#199])>+4: {"op": "Jump". "target": 5053}')
debug_merge_point(0, 0, '5053<main.rpyeffect:56([mcore:[#198]#183])>+0: {"op": "Const". "type": "ptr". "out": 1. "format": "string". "value": "Name(import$std/core/hnd)"}')
debug_merge_point(0, 0, '5053<main.rpyeffect:56([mcore:[#198]#183])>+1: {"op": "PrimOp". "name": "getGlobal(String): Ptr". "out": {"num": []. "ptr": [1]}. "in": {"num": []. "ptr": [1]}}')
debug_merge_point(0, 0, '5053<main.rpyeffect:56([mcore:[#198]#183])>+2: {"op": "CallLib". "lib": "1". "symbol": "elt"}')
debug_merge_point(0, 0, '331<std_core_hnd.rpyeffect:30(Name(elt))>+0: {"op": "Switch". "scrutinee": 0. "values": [0]. "targets": [329]. "default": 330}')
debug_merge_point(0, 0, '329<std_core_hnd.rpyeffect:28([switch case for 0#86])>+0: {"op": "Proj". "out": 0. "type": Interned(evv). "scrutinee": 0. "tag": Interned(cons). "field": 0. "field_type": "ptr"}')
debug_merge_point(0, 0, '329<std_core_hnd.rpyeffect:28([switch case for 0#86])>+1: {"op": "Return". "args": {"num": []. "ptr": [0]}}')
debug_merge_point(0, 0, '5064<main.rpyeffect:67([k@[k@[mcore:[#206]#193]#199]#207])>+0: {"op": "Match". "type": Interned(std/core/hnd/ev). "scrutinee": 0. "clauses": [{"tag": Interned(std/core/hnd/Ev). "target": 5063. "args": {"num": []. "ptr": [1. 2. 3. 4]}}]. "default": {"tag": Interned(0ebd4aad-cbef-458e-b7ce-546cf0866444#[Missing Tag#1209]). "target": 5055. "args": {"num": []. "ptr": []}}}')
+444: p51 = getfield_gc_r(p43, descr=<FieldP rpyeffect.stored_environment.Data__arb_arb.inst_tag 8>)
+452: guard_value(p51, ConstPtr(ptr52), descr=<Guard0x128702ca0>) [p0, i1, i2, i3, i4, i5, i6, i7, i8, i9, i10, i11, i12, i13, i14, i15, i16, p17, p18, p19, p20, p21, p22, p23, p24, p25, p26, p27, p28, p29, p30, p31, p32, p33, p34, p35]
+460: p53 = getfield_gc_r(p43, descr=<FieldP rpyeffect.stored_environment.Data__arb_arb.inst_values_ptr 24 pure>)
+464: p55 = getarrayitem_gc_pure_r(p53, 0, descr=<ArrayP 8>)
+464: p57 = getarrayitem_gc_pure_r(p53, 1, descr=<ArrayP 8>)
+468: p59 = getarrayitem_gc_pure_r(p53, 2, descr=<ArrayP 8>)
+472: p61 = getarrayitem_gc_pure_r(p53, 3, descr=<ArrayP 8>)
debug_merge_point(0, 0, '5063<main.rpyeffect:66([#211])>+0: {"op": "Copy". "type": "ptr". "from": 0. "to". 1}')
debug_merge_point(0, 0, '5063<main.rpyeffect:66([#211])>+1: {"op": "Copy". "type": "ptr". "from": 2. "to". 0}')
debug_merge_point(0, 0, '5063<main.rpyeffect:66([#211])>+2: {"op": "Match". "type": Interned(main/fail). "scrutinee": 3. "clauses": [{"tag": Interned(main/@Hnd-fail). "target": 5062. "args": {"num": [0]. "ptr": [2]}}]. "default": {"tag": Interned(0ebd4aad-cbef-458e-b7ce-546cf0866444#[Missing Tag#1208]). "target": 5057. "args": {"num": []. "ptr": []}}}')
+476: p62 = getfield_gc_r(p59, descr=<FieldP rpyeffect.stored_environment.Data__arb_arb.inst_tag 8>)
+492: guard_value(p62, ConstPtr(ptr63), descr=<Guard0x128702ce0>) [p0, i1, i2, i3, i4, i5, i6, i7, i8, i9, i10, i11, i12, i13, i14, i15, i16, p17, p18, p19, p20, p21, p22, p23, p24, p25, p26, p27, p28, p29, p30, p31, p32, p33, p34, p35]
+500: i64 = getfield_gc_i(p59, descr=<FieldS rpyeffect.stored_environment.Data__1_1.inst_values_num_0 32 pure>)
+500: p65 = getfield_gc_r(p59, descr=<FieldP rpyeffect.stored_environment.Data__1_1.inst_values_ptr_0 40 pure>)
debug_merge_point(0, 0, '5062<main.rpyeffect:65([match_main/@Hnd-fail@[#211]#218])>+0: {"op": "Match". "type": Interned(std/core/hnd/clause0). "scrutinee": 2. "clauses": [{"tag": Interned(std/core/hnd/Clause0). "target": 5061. "args": {"num": []. "ptr": [2]}}]. "default": {"tag": Interned(0ebd4aad-cbef-458e-b7ce-546cf0866444#[Missing Tag#1207]). "target": 5059. "args": {"num": []. "ptr": []}}}')
+504: p66 = getfield_gc_r(p65, descr=<FieldP rpyeffect.stored_environment.Data__arb_arb.inst_tag 8>)
+512: guard_value(p66, ConstPtr(ptr67), descr=<Guard0x128702d20>) [p0, i1, i2, i3, i4, i5, i6, i7, i8, i9, i10, i11, i12, i13, i14, i15, i16, p17, p18, p19, p20, p21, p22, p23, p24, p25, p26, p27, p28, p29, p30, p31, p32, p33, p34, p35]
+520: p68 = getfield_gc_r(p65, descr=<FieldP rpyeffect.stored_environment.Data__0_1.inst_values_ptr_0 32 pure>)
debug_merge_point(0, 0, '5061<main.rpyeffect:64([#225])>+0: {"op": "Push". "target": 5060. "args": {"num": []. "ptr": []}}')
debug_merge_point(0, 0, '5061<main.rpyeffect:64([#225])>+1: {"op": "Invoke". "receiver": 2. "tag": Interned(%apply(pp):p). "args" : {"num": []. "ptr": [0. 1]}}')
+524: p69 = getfield_gc_r(p68, descr=<FieldP rpyeffect.stored_environment.CoData__arb_arb.inst_vtable 24 pure>)
+532: guard_value(p69, ConstPtr(ptr70), descr=<Guard0x128702d60>) [p0, i1, i2, i3, i4, i5, i6, i7, i8, i9, i10, i11, i12, i13, i14, i15, i16, p17, p18, p19, p20, p21, p22, p23, p24, p25, p26, p27, p28, p29, p30, p31, p32, p33, p34, p35]
debug_merge_point(0, 0, '5174<main.rpyeffect:177([method_%apply(pp):p@[mcore:[#325]#676]#683])>+0: {"op": "Const". "type": "ptr". "out": 2. "format": "string". "value": "Name(import$std/core/hnd)"}')
debug_merge_point(0, 0, '5174<main.rpyeffect:177([method_%apply(pp):p@[mcore:[#325]#676]#683])>+1: {"op": "PrimOp". "name": "getGlobal(String): Ptr". "out": {"num": []. "ptr": [2]}. "in": {"num": []. "ptr": [2]}}')
debug_merge_point(0, 0, '5174<main.rpyeffect:177([method_%apply(pp):p@[mcore:[#325]#676]#683])>+2: {"op": "Jump". "target": 5161}')
debug_merge_point(0, 0, '5161<main.rpyeffect:164([mcore:[#301]#597])>+0: {"op": "New". "out": 1. "targets": [5158. 5160]. "args": {"num": []. "ptr": []}}')
debug_merge_point(0, 0, '5161<main.rpyeffect:164([mcore:[#301]#597])>+1: {"op": "Const". "type": "ptr". "out": 2. "format": "string". "value": "Name(import$std/core/hnd)"}')
debug_merge_point(0, 0, '5161<main.rpyeffect:164([mcore:[#301]#597])>+2: {"op": "PrimOp". "name": "getGlobal(String): Ptr". "out": {"num": []. "ptr": [2]}. "in": {"num": []. "ptr": [2]}}')
debug_merge_point(0, 0, '5161<main.rpyeffect:164([mcore:[#301]#597])>+3: {"op": "Jump". "target": 5149}')
debug_merge_point(0, 0, '5149<main.rpyeffect:152([mcore:[#290]#561])>+0: {"op": "Const". "type": "ptr". "out": 2. "format": "string". "value": "Name(import$std/core/hnd)"}')
debug_merge_point(0, 0, '5149<main.rpyeffect:152([mcore:[#290]#561])>+1: {"op": "PrimOp". "name": "getGlobal(String): Ptr". "out": {"num": []. "ptr": [2]}. "in": {"num": []. "ptr": [2]}}')
debug_merge_point(0, 0, '5149<main.rpyeffect:152([mcore:[#290]#561])>+2: {"op": "CallLib". "lib": "2". "symbol": "std/core/hnd/yield-to"}')
debug_merge_point(0, 0, '1022<std_core_hnd.rpyeffect:721([mcore:[#893]#2108])>+0: {"op": "Push". "target": 1021. "args": {"num": []. "ptr": [1. 0]}}')
debug_merge_point(0, 0, '1022<std_core_hnd.rpyeffect:721([mcore:[#893]#2108])>+1: {"op": "Jump". "target": 509}')
debug_merge_point(0, 0, '509<std_core_hnd.rpyeffect:208([mcore:[#471]#472])>+0: {"op": "Jump". "target": 301}')
debug_merge_point(0, 0, '301<std_core_hnd.rpyeffect:0(Name(getCurrentEvv))>+0: {"op": "Const". "type": "ptr". "out": 0. "format": "string". "value": "current-evv"}')
debug_merge_point(0, 0, '301<std_core_hnd.rpyeffect:0(Name(getCurrentEvv))>+1: {"op": "PrimOp". "name": "getGlobal(String): Ptr". "out": {"num": []. "ptr": [0]}. "in": {"num": []. "ptr": [0]}}')
debug_merge_point(0, 0, '301<std_core_hnd.rpyeffect:0(Name(getCurrentEvv))>+2: {"op": "PrimOp". "name": "getRef(Ref[Ptr]): Ptr". "out": {"num": []. "ptr": [0]}. "in": {"num": []. "ptr": [0]}}')
debug_merge_point(0, 0, '301<std_core_hnd.rpyeffect:0(Name(getCurrentEvv))>+3: {"op": "Return". "args": {"num": []. "ptr": [0]}}')
debug_merge_point(0, 0, '1021<std_core_hnd.rpyeffect:720([k@[mcore:[#893]#2108]#2110])>+0: {"op": "Push". "target": 1020. "args": {"num": []. "ptr": [0]}}')
debug_merge_point(0, 0, '1021<std_core_hnd.rpyeffect:720([k@[mcore:[#893]#2108]#2110])>+1: {"op": "Copy". "type": "ptr". "from": 2. "to". 0}')
debug_merge_point(0, 0, '1021<std_core_hnd.rpyeffect:720([k@[mcore:[#893]#2108]#2110])>+2: {"op": "Jump". "target": 507}')
debug_merge_point(0, 0, '507<std_core_hnd.rpyeffect:206([mcore:[#470]#437])>+0: {"op": "Const". "type": "num". "out": 0. "value": 0}')
debug_merge_point(0, 0, '507<std_core_hnd.rpyeffect:206([mcore:[#470]#437])>+1: {"op": "ShiftDyn". "out": 0. "n": 0. "label": 0}')
+540: i71 = instance_ptr_eq(p33, p57)
guard_true(i71, descr=<Guard0x128702da0>) [p0, i1, i2, i3, i4, i5, i6, i7, i8, i9, i10, i11, i12, i13, i14, i15, i16, p17, p18, p19, p20, p21, p22, p23, p24, p25, p26, p27, p28, p29, p30, p31, p32, p33, p34, p35]
+552: guard_nonnull_class(p35, 4348275712, descr=<Guard0x1286ffd58>) [p0, i1, i2, i3, i4, i5, i6, i7, i8, i9, i10, i11, i12, i13, i14, i15, i16, p17, p18, p19, p20, p21, p22, p23, p24, p25, p26, p27, p28, p29, p30, p31, p32, p33, p34, p35]
+580: p73 = getfield_gc_r(p35, descr=<FieldP rpyeffect.stack.MetaStackLike.inst_stack 8 pure>)
+584: p74 = getfield_gc_r(p35, descr=<FieldP rpyeffect.stack.MetaStack.inst_label 16 pure>)
+588: p75 = getfield_gc_r(p35, descr=<FieldP rpyeffect.stack.MetaStack.inst_tail 32 pure>)
+596: guard_nonnull(p73, descr=<Guard0x128702de0>) [p0, i1, i2, i3, i4, i5, i6, i7, i8, i9, i10, i11, i12, i13, i14, i15, i16, p17, p18, p19, p20, p21, p22, p23, p24, p25, p26, p27, p28, p29, p30, p31, p32, p33, p34, p35]
+604: i76 = getfield_gc_i(p73, descr=<FieldS rpyeffect.stored_environment.Stack__arb_arb.inst_target 16 pure>)
+612: guard_value(i76, 714, descr=<Guard0x128702e20>) [p0, i1, i2, i3, i4, i5, i6, i7, i8, i9, i10, i11, i12, i13, i14, i15, i16, p17, p18, p19, p20, p21, p22, p23, p24, p25, p26, p27, p28, p29, p30, p31, p32, p33, p34, p35]
debug_merge_point(0, 0, '507<std_core_hnd.rpyeffect:206([mcore:[#470]#437])>+2: {"op": "New". "out": 0. "targets": [500. 502. 504. 506]. "args": {"num": []. "ptr": [0]}}')
debug_merge_point(0, 0, '507<std_core_hnd.rpyeffect:206([mcore:[#470]#437])>+3: {"op": "Invoke". "receiver": 1. "tag": Interned(%apply(p):p). "args" : {"num": []. "ptr": [0]}}')
debug_merge_point(0, 0, '5158<main.rpyeffect:161([method_%apply(p):p@[mcore:[#301]#597]#601])>+0: {"op": "Const". "type": "ptr". "out": 1. "format": "string". "value": "Name(import$std/core/hnd)"}')
debug_merge_point(0, 0, '5158<main.rpyeffect:161([method_%apply(p):p@[mcore:[#301]#597]#601])>+1: {"op": "PrimOp". "name": "getGlobal(String): Ptr". "out": {"num": []. "ptr": [1]}. "in": {"num": []. "ptr": [1]}}')
debug_merge_point(0, 0, '5158<main.rpyeffect:161([method_%apply(p):p@[mcore:[#301]#597]#601])>+2: {"op": "Jump". "target": 5156}')
debug_merge_point(0, 0, '5156<main.rpyeffect:159([mcore:[#299]#576])>+0: {"op": "Construct". "out": 1. "type": Interned(Unit). "tag": Interned(unit). "args": {"num": []. "ptr": []}}')
debug_merge_point(0, 0, '5156<main.rpyeffect:159([mcore:[#299]#576])>+1: {"op": "New". "out": 2. "targets": [5153. 5155]. "args": {"num": []. "ptr": []}}')
debug_merge_point(0, 0, '5156<main.rpyeffect:159([mcore:[#299]#576])>+2: {"op": "Const". "type": "ptr". "out": 3. "format": "string". "value": "Name(import$std/core/hnd)"}')
debug_merge_point(0, 0, '5156<main.rpyeffect:159([mcore:[#299]#576])>+3: {"op": "PrimOp". "name": "getGlobal(String): Ptr". "out": {"num": []. "ptr": [3]}. "in": {"num": []. "ptr": [3]}}')
debug_merge_point(0, 0, '5156<main.rpyeffect:159([mcore:[#299]#576])>+4: {"op": "Swap". "type": "ptr". "a": 0. "b". 1}')
debug_merge_point(0, 0, '5156<main.rpyeffect:159([mcore:[#299]#576])>+5: {"op": "Swap". "type": "ptr". "a": 2. "b". 1}')
debug_merge_point(0, 0, '5156<main.rpyeffect:159([mcore:[#299]#576])>+6: {"op": "Jump". "target": 5150}')
debug_merge_point(0, 0, '5150<main.rpyeffect:153([mcore:[#293]#567])>+0: {"op": "Const". "type": "ptr". "out": 3. "format": "string". "value": "Name(import$std/core/hnd)"}')
debug_merge_point(0, 0, '5150<main.rpyeffect:153([mcore:[#293]#567])>+1: {"op": "PrimOp". "name": "getGlobal(String): Ptr". "out": {"num": []. "ptr": [3]}. "in": {"num": []. "ptr": [3]}}')
debug_merge_point(0, 0, '5150<main.rpyeffect:153([mcore:[#293]#567])>+2: {"op": "CallLib". "lib": "3". "symbol": "std/core/hnd/protect"}')
debug_merge_point(0, 0, '495<std_core_hnd.rpyeffect:194([mcore:[#466]#434])>+0: {"op": "Swap". "type": "ptr". "a": 1. "b". 2}')
debug_merge_point(0, 0, '495<std_core_hnd.rpyeffect:194([mcore:[#466]#434])>+1: {"op": "Invoke". "receiver": 2. "tag": Interned(%apply(pp):p). "args" : {"num": []. "ptr": [0. 1]}}')
debug_merge_point(0, 0, '5155<main.rpyeffect:158([method_%apply(pp):p@[mcore:[#299]#576]#587])>+0: {"op": "Push". "target": 5154. "args": {"num": []. "ptr": []}}')
debug_merge_point(0, 0, '5155<main.rpyeffect:158([method_%apply(pp):p@[mcore:[#299]#576]#587])>+1: {"op": "Jump". "target": 5151}')
debug_merge_point(0, 0, '5151<main.rpyeffect:154([mcore:[#296]#574])>+0: {"op": "Const". "type": "num". "out": 0. "value": 0}')
debug_merge_point(0, 0, '5151<main.rpyeffect:154([mcore:[#296]#574])>+1: {"op": "Return". "args": {"num": [0]. "ptr": []}}')
debug_merge_point(0, 0, '5154<main.rpyeffect:157([#589])>+0: {"op": "PrimOp". "name": "box(Num): Ptr". "out": {"num": []. "ptr": [0]}. "in": {"num": [0]. "ptr": []}}')
debug_merge_point(0, 0, '5154<main.rpyeffect:157([#589])>+1: {"op": "Return". "args": {"num": []. "ptr": [0]}}')
+624: p78 = getfield_gc_r(p73, descr=<FieldP rpyeffect.stored_environment.Stack__0_1.inst_values_ptr_0 40 pure>)
+628: p79 = getfield_gc_r(p73, descr=<FieldP rpyeffect.stored_environment.Stack__arb_arb.inst_tail 8 pure>)
+632: guard_nonnull_class(p79, ConstClass(Stack__0_1), descr=<Guard0x1286ffdb0>) [p0, i1, i2, i3, i4, i5, i6, i7, i8, i9, i10, i11, i12, i13, i14, i15, i16, p17, p18, p19, p20, p21, p22, p23, p24, p25, p26, p27, p28, p29, p30, p31, p32, p33, p34, p35]
+656: i81 = getfield_gc_i(p79, descr=<FieldS rpyeffect.stored_environment.Stack__arb_arb.inst_target 16 pure>)
+664: guard_value(i81, 432, descr=<Guard0x128702e60>) [p0, i1, i2, i3, i4, i5, i6, i7, i8, i9, i10, i11, i12, i13, i14, i15, i16, p17, p18, p19, p20, p21, p22, p23, p24, p25, p26, p27, p28, p29, p30, p31, p32, p33, p34, p35]
debug_merge_point(0, 0, '714<std_core_hnd.rpyeffect:413([k@[k@[#1063]#1068]#1070])>+0: {"op": "Const". "type": "ptr". "out": 2. "format": "string". "value": "Name(import$std/core/hnd)"}')
debug_merge_point(0, 0, '714<std_core_hnd.rpyeffect:413([k@[k@[#1063]#1068]#1070])>+1: {"op": "PrimOp". "name": "getGlobal(String): Ptr". "out": {"num": []. "ptr": [2]}. "in": {"num": []. "ptr": [2]}}')
debug_merge_point(0, 0, '714<std_core_hnd.rpyeffect:413([k@[k@[#1063]#1068]#1070])>+2: {"op": "Push". "target": 713. "args": {"num": []. "ptr": [0]}}')
debug_merge_point(0, 0, '714<std_core_hnd.rpyeffect:413([k@[k@[#1063]#1068]#1070])>+3: {"op": "Copy". "type": "ptr". "from": 1. "to". 0}')
debug_merge_point(0, 0, '714<std_core_hnd.rpyeffect:413([k@[k@[#1063]#1068]#1070])>+4: {"op": "Copy". "type": "ptr". "from": 2. "to". 1}')
debug_merge_point(0, 0, '714<std_core_hnd.rpyeffect:413([k@[k@[#1063]#1068]#1070])>+5: {"op": "Jump". "target": 712}')
debug_merge_point(0, 0, '712<std_core_hnd.rpyeffect:411([mcore:[#655]#1049])>+0: {"op": "Const". "type": "ptr". "out": 1. "format": "string". "value": "Name(import$std/core/hnd)"}')
debug_merge_point(0, 0, '712<std_core_hnd.rpyeffect:411([mcore:[#655]#1049])>+1: {"op": "PrimOp". "name": "getGlobal(String): Ptr". "out": {"num": []. "ptr": [1]}. "in": {"num": []. "ptr": [1]}}')
debug_merge_point(0, 0, '712<std_core_hnd.rpyeffect:411([mcore:[#655]#1049])>+2: {"op": "CallLib". "lib": "1". "symbol": "setCurrentEvv"}')
debug_merge_point(0, 0, '302<std_core_hnd.rpyeffect:1(Name(setCurrentEvv))>+0: {"op": "Const". "type": "ptr". "out": 1. "format": "string". "value": "current-evv"}')
debug_merge_point(0, 0, '302<std_core_hnd.rpyeffect:1(Name(setCurrentEvv))>+1: {"op": "PrimOp". "name": "getGlobal(String): Ptr". "out": {"num": []. "ptr": [1]}. "in": {"num": []. "ptr": [1]}}')
debug_merge_point(0, 0, '302<std_core_hnd.rpyeffect:1(Name(setCurrentEvv))>+2: {"op": "PrimOp". "name": "setRef(Ref[Ptr]. Ptr): Unit". "out": {"num": []. "ptr": [0]}. "in": {"num": []. "ptr": [1. 0]}}')
debug_merge_point(0, 0, '302<std_core_hnd.rpyeffect:1(Name(setCurrentEvv))>+3: {"op": "Return". "args": {"num": []. "ptr": [0]}}')
debug_merge_point(0, 0, '713<std_core_hnd.rpyeffect:412([k@[k@[k@[#1063]#1068]#1070]#1075])>+0: {"op": "Copy". "type": "ptr". "from": 1. "to". 0}')
debug_merge_point(0, 0, '713<std_core_hnd.rpyeffect:412([k@[k@[k@[#1063]#1068]#1070]#1075])>+1: {"op": "Return". "args": {"num": []. "ptr": [0]}}')
+740: setfield_gc(ConstPtr(ptr83), p78, descr=<FieldP rpyeffect.region.PtrRef.inst_value 8>)
+744: p84 = getfield_gc_r(p79, descr=<FieldP rpyeffect.stored_environment.Stack__0_1.inst_values_ptr_0 40 pure>)
+748: p85 = getfield_gc_r(p79, descr=<FieldP rpyeffect.stored_environment.Stack__arb_arb.inst_tail 8 pure>)
+752: guard_isnull(p85, descr=<Guard0x1286ffe08>) [p0, i2, i3, i4, i5, i6, i7, i8, i9, i10, i11, i12, i13, i14, i15, i16, p84, p61, p22, p23, p24, p25, p26, p27, p28, p29, p30, p31, p32, p74, p85, p75]
debug_merge_point(0, 0, '432<std_core_hnd.rpyeffect:131([return_clause@[mcore:[#404]#265]#269])>+0: {"op": "Invoke". "receiver": 1. "tag": Interned(%apply(p):p). "args" : {"num": []. "ptr": [0]}}')
+760: p86 = getfield_gc_r(p84, descr=<FieldP rpyeffect.stored_environment.CoData__arb_arb.inst_vtable 24 pure>)
+768: guard_value(p86, ConstPtr(ptr87), descr=<Guard0x128702ea0>) [p0, i2, i3, i4, i5, i6, i7, i8, i9, i10, i11, i12, i13, i14, i15, i16, p84, p61, p22, p23, p24, p25, p26, p27, p28, p29, p30, p31, p32, p74, p85, p75]
debug_merge_point(0, 0, '5203<main.rpyeffect:206([#816])>+0: {"op": "PrimOp". "name": "unbox(Ptr): Num". "out": {"num": [0]. "ptr": []}. "in": {"num": []. "ptr": [0]}}')
debug_merge_point(0, 0, '5203<main.rpyeffect:206([#816])>+1: {"op": "Push". "target": 5202. "args": {"num": []. "ptr": []}}')
debug_merge_point(0, 0, '5203<main.rpyeffect:206([#816])>+2: {"op": "Jump". "target": 5147}')
debug_merge_point(0, 0, '5147<main.rpyeffect:150([mcore:[#283]#555])>+0: {"op": "Return". "args": {"num": [0]. "ptr": []}}')
debug_merge_point(0, 0, '5202<main.rpyeffect:205([k@[#816]#821])>+0: {"op": "PrimOp". "name": "box(Num): Ptr". "out": {"num": []. "ptr": [0]}. "in": {"num": [0]. "ptr": []}}')
debug_merge_point(0, 0, '5202<main.rpyeffect:205([k@[#816]#821])>+1: {"op": "Return". "args": {"num": []. "ptr": [0]}}')
+776: guard_nonnull(p75, descr=<Guard0x128702ee0>) [p0, i2, i3, i4, i5, i6, i7, i8, i9, i10, i11, i12, i13, i14, i15, i16, p84, p61, p22, p23, p24, p25, p26, p27, p28, p29, p30, p31, p32, p74, p85, p75]
+784: p88 = getfield_gc_r(p75, descr=<FieldP rpyeffect.stack.MetaStackLike.inst_stack 8 pure>)
+788: p89 = getfield_gc_r(p75, descr=<FieldP rpyeffect.stack.MetaStack.inst_label 16 pure>)
+792: p90 = getfield_gc_r(p75, descr=<FieldP rpyeffect.stack.MetaStack.inst_tail 32 pure>)
+796: guard_nonnull(p88, descr=<Guard0x128702f20>) [p0, i2, i3, i4, i5, i6, i7, i8, i9, i10, i11, i12, i13, i14, i15, i16, p84, p61, p22, p23, p24, p25, p26, p27, p28, p29, p30, p31, p32, p74, p85, p75]
+804: i91 = getfield_gc_i(p88, descr=<FieldS rpyeffect.stored_environment.Stack__arb_arb.inst_target 16 pure>)
+808: guard_value(i91, 505, descr=<Guard0x128702f60>) [p0, i2, i3, i4, i5, i6, i7, i8, i9, i10, i11, i12, i13, i14, i15, i16, p84, p61, p22, p23, p24, p25, p26, p27, p28, p29, p30, p31, p32, p74, p85, p75]
+820: p93 = getfield_gc_r(p88, descr=<FieldP rpyeffect.stored_environment.Stack__arb_arb.inst_tail 8 pure>)
+824: guard_nonnull(p93, descr=<Guard0x128702fa0>) [p0, i2, i3, i4, i5, i6, i7, i8, i9, i10, i11, i12, i13, i14, i15, i16, p84, p61, p22, p23, p24, p25, p26, p27, p28, p29, p30, p31, p32, p74, p85, p75]
+832: i94 = getfield_gc_i(p93, descr=<FieldS rpyeffect.stored_environment.Stack__arb_arb.inst_target 16 pure>)
+836: guard_value(i94, 5134, descr=<Guard0x128702fe0>) [p0, i2, i3, i4, i5, i6, i7, i8, i9, i10, i11, i12, i13, i14, i15, i16, p84, p61, p22, p23, p24, p25, p26, p27, p28, p29, p30, p31, p32, p74, p85, p75]
debug_merge_point(0, 0, '505<std_core_hnd.rpyeffect:204([#467])>+0: {"op": "PrimOp". "name": "unbox(Ptr): Num". "out": {"num": [0]. "ptr": []}. "in": {"num": []. "ptr": [0]}}')
+848: p96 = new_with_vtable(descr=<SizeDescr 16>)
+956: setfield_gc(p96, 0, descr=<FieldS rpyeffect.region.NumBox.inst_value 8 pure>)
+968: jump(p89, p93, p0, p90, 0, i2, i3, i4, i5, i6, i7, i8, i9, i10, i11, i12, i13, i14, i15, i16, p96, p84, ConstPtr(ptr98), ConstPtr(ptr99), p61, p22, p23, p24, p25, p26, p27, p28, p29, p30, p31, p32, descr=TargetToken(4971958928))
+1184: --end of the loop--
[9641097] jit-log-opt-bridge}
[97a880e] {jit-log-opt-bridge
# bridge out of Guard 0x12857d560 with 193 ops
[p0, i1, i2, i3, i4, i5, i6, i7, i8, i9, i10, i11, i12, i13, i14, i15, i16, p17, p18, p19, p20, p21, p22, p23, p24, p25, p26, p27, p28, p29, p30, p31, p32, p33, p34, p35]
+344: guard_not_invalidated(descr=<Guard0x12871b258>) [p0, i1, i2, i3, i4, i5, i6, i7, i8, i9, i10, i11, i12, i13, i14, i15, i16, p17, p18, p19, p20, p21, p22, p23, p24, p25, p26, p27, p28, p29, p30, p31, p32, p33, p34, p35]
debug_merge_point(0, 0, '784<std_core_hnd.rpyeffect:483([mcore:[#715]#1295])>+1: {"op": "PrimOp". "name": "getGlobal(String): Ptr". "out": {"num": []. "ptr": [0]}. "in": {"num": []. "ptr": [0]}}')
debug_merge_point(0, 0, '784<std_core_hnd.rpyeffect:483([mcore:[#715]#1295])>+2: {"op": "CallLib". "lib": "0". "symbol": "evvSwapCreate1"}')
+348: guard_nonnull(p34, descr=<Guard0x128703fa0>) [p0, i1, i2, i3, i4, i5, i6, i7, i8, i9, i10, i11, i12, i13, i14, i15, i16, p17, p18, p19, p20, p21, p22, p23, p24, p25, p26, p27, p28, p29, p30, p31, p32, p33, p34, p35]
+356: i36 = getfield_gc_i(p34, descr=<FieldS rpyeffect.stored_environment.Stack__arb_arb.inst_target 16 pure>)
+360: guard_value(i36, 802, descr=<Guard0x128726020>) [p0, i1, i2, i3, i4, i5, i6, i7, i8, i9, i10, i11, i12, i13, i14, i15, i16, p17, p18, p19, p20, p21, p22, p23, p24, p25, p26, p27, p28, p29, p30, p31, p32, p33, p34, p35]
debug_merge_point(0, 0, '307<std_core_hnd.rpyeffect:6(Name(evvSwapCreate1))>+0: {"op": "Construct". "out": 0. "type": Interned(evv). "tag": Interned(nil). "args": {"num": []. "ptr": []}}')
debug_merge_point(0, 0, '307<std_core_hnd.rpyeffect:6(Name(evvSwapCreate1))>+1: {"op": "Push". "target": 306. "args": {"num": [0]. "ptr": [0]}}')
debug_merge_point(0, 0, '307<std_core_hnd.rpyeffect:6(Name(evvSwapCreate1))>+2: {"op": "Jump". "target": 301}')
debug_merge_point(0, 0, '301<std_core_hnd.rpyeffect:0(Name(getCurrentEvv))>+0: {"op": "Const". "type": "ptr". "out": 0. "format": "string". "value": "current-evv"}')
debug_merge_point(0, 0, '301<std_core_hnd.rpyeffect:0(Name(getCurrentEvv))>+1: {"op": "PrimOp". "name": "getGlobal(String): Ptr". "out": {"num": []. "ptr": [0]}. "in": {"num": []. "ptr": [0]}}')
debug_merge_point(0, 0, '301<std_core_hnd.rpyeffect:0(Name(getCurrentEvv))>+2: {"op": "PrimOp". "name": "getRef(Ref[Ptr]): Ptr". "out": {"num": []. "ptr": [0]}. "in": {"num": []. "ptr": [0]}}')
+376: p39 = getfield_gc_r(ConstPtr(ptr38), descr=<FieldP rpyeffect.region.PtrRef.inst_value 8>)
debug_merge_point(0, 0, '301<std_core_hnd.rpyeffect:0(Name(getCurrentEvv))>+3: {"op": "Return". "args": {"num": []. "ptr": [0]}}')
debug_merge_point(0, 0, '306<std_core_hnd.rpyeffect:5([k@Name(evvSwapCreate1)#21])>+0: {"op": "Push". "target": 305. "args": {"num": []. "ptr": [0. 1]}}')
debug_merge_point(0, 0, '306<std_core_hnd.rpyeffect:5([k@Name(evvSwapCreate1)#21])>+1: {"op": "Jump". "target": 331}')
debug_merge_point(0, 0, '331<std_core_hnd.rpyeffect:30(Name(elt))>+0: {"op": "Switch". "scrutinee": 0. "values": [0]. "targets": [329]. "default": 330}')
+380: i41 = int_eq(i1, 0)
guard_true(i41, descr=<Guard0x128726060>) [p0, i1, i2, i3, i4, i5, i6, i7, i8, i9, i10, i11, i12, i13, i14, i15, i16, p17, p18, p19, p20, p21, p22, p23, p24, p25, p26, p27, p28, p29, p30, p31, p32, p33, p34, p35]
debug_merge_point(0, 0, '329<std_core_hnd.rpyeffect:28([switch case for 0#86])>+0: {"op": "Proj". "out": 0. "type": Interned(evv). "scrutinee": 0. "tag": Interned(cons). "field": 0. "field_type": "ptr"}')
+388: p42 = getfield_gc_r(p39, descr=<FieldP rpyeffect.stored_environment.Data__arb_arb.inst_tag 8>)
+396: guard_value(p42, ConstPtr(ptr43), descr=<Guard0x1287260a0>) [p0, i1, i2, i3, i4, i5, i6, i7, i8, i9, i10, i11, i12, i13, i14, i15, i16, p17, p18, p19, p20, p21, p22, p23, p24, p25, p26, p27, p28, p29, p30, p31, p32, p33, p34, p35]
+404: guard_class(p39, ConstClass(Data__0_2), descr=<Guard0x1287260e0>) [p0, i1, i2, i3, i4, i5, i6, i7, i8, i9, i10, i11, i12, i13, i14, i15, i16, p17, p18, p19, p20, p21, p22, p23, p24, p25, p26, p27, p28, p29, p30, p31, p32, p33, p34, p35]
+420: p45 = getfield_gc_r(p39, descr=<FieldP rpyeffect.stored_environment.Data__0_2.inst_values_ptr_0 32 pure>)
debug_merge_point(0, 0, '329<std_core_hnd.rpyeffect:28([switch case for 0#86])>+1: {"op": "Return". "args": {"num": []. "ptr": [0]}}')
debug_merge_point(0, 0, '305<std_core_hnd.rpyeffect:4([k@[k@Name(evvSwapCreate1)#21]#23])>+0: {"op": "Construct". "out": 0. "type": Interned(evv). "tag": Interned(cons). "args": {"num": []. "ptr": [0. 2]}}')
debug_merge_point(0, 0, '305<std_core_hnd.rpyeffect:4([k@[k@Name(evvSwapCreate1)#21]#23])>+1: {"op": "Push". "target": 304. "args": {"num": []. "ptr": [1]}}')
debug_merge_point(0, 0, '305<std_core_hnd.rpyeffect:4([k@[k@Name(evvSwapCreate1)#21]#23])>+2: {"op": "Jump". "target": 302}')
debug_merge_point(0, 0, '302<std_core_hnd.rpyeffect:1(Name(setCurrentEvv))>+0: {"op": "Const". "type": "ptr". "out": 1. "format": "string". "value": "current-evv"}')
debug_merge_point(0, 0, '302<std_core_hnd.rpyeffect:1(Name(setCurrentEvv))>+1: {"op": "PrimOp". "name": "getGlobal(String): Ptr". "out": {"num": []. "ptr": [1]}. "in": {"num": []. "ptr": [1]}}')
debug_merge_point(0, 0, '302<std_core_hnd.rpyeffect:1(Name(setCurrentEvv))>+2: {"op": "PrimOp". "name": "setRef(Ref[Ptr]. Ptr): Unit". "out": {"num": []. "ptr": [0]}. "in": {"num": []. "ptr": [1. 0]}}')
debug_merge_point(0, 0, '302<std_core_hnd.rpyeffect:1(Name(setCurrentEvv))>+3: {"op": "Return". "args": {"num": []. "ptr": [0]}}')
debug_merge_point(0, 0, '304<std_core_hnd.rpyeffect:3([k@[k@[k@Name(evvSwapCreate1)#21]#23]#26])>+0: {"op": "Copy". "type": "ptr". "from": 1. "to". 0}')
debug_merge_point(0, 0, '304<std_core_hnd.rpyeffect:3([k@[k@[k@Name(evvSwapCreate1)#21]#23]#26])>+1: {"op": "Return". "args": {"num": []. "ptr": [0]}}')
+424: i46 = getfield_gc_i(p34, descr=<FieldS rpyeffect.stored_environment.Stack__1_1.inst_values_num_0 40 pure>)
+424: p47 = getfield_gc_r(p34, descr=<FieldP rpyeffect.stored_environment.Stack__1_1.inst_values_ptr_0 48 pure>)
+428: p48 = getfield_gc_r(p34, descr=<FieldP rpyeffect.stored_environment.Stack__arb_arb.inst_tail 8 pure>)
debug_merge_point(0, 0, '802<std_core_hnd.rpyeffect:501([k@[mcore:[#725]#1309]#1314])>+0: {"op": "Push". "target": 801. "args": {"num": [0]. "ptr": [0]}}')
debug_merge_point(0, 0, '802<std_core_hnd.rpyeffect:501([k@[mcore:[#725]#1309]#1314])>+1: {"op": "Invoke". "receiver": 1. "tag": Interned(%apply():p). "args" : {"num": []. "ptr": []}}')
+428: p49 = getfield_gc_r(p47, descr=<FieldP rpyeffect.stored_environment.CoData__arb_arb.inst_vtable 24 pure>)
+436: guard_value(p49, ConstPtr(ptr50), descr=<Guard0x128726120>) [p0, i1, i2, i3, i4, i5, i6, i7, i8, i9, i10, i11, i12, i13, i14, i15, i16, p17, p18, p19, p20, p21, p22, p23, p24, p25, p26, p27, p28, p29, p30, p31, p32, p33, p34, p35]
debug_merge_point(0, 0, '5085<main.rpyeffect:88([#301])>+0: {"op": "Const". "type": "ptr". "out": 0. "format": "string". "value": "Name(import$std/core/hnd)"}')
debug_merge_point(0, 0, '5085<main.rpyeffect:88([#301])>+1: {"op": "PrimOp". "name": "getGlobal(String): Ptr". "out": {"num": []. "ptr": [0]}. "in": {"num": []. "ptr": [0]}}')
debug_merge_point(0, 0, '5085<main.rpyeffect:88([#301])>+2: {"op": "Push". "target": 5084. "args": {"num": []. "ptr": []}}')
debug_merge_point(0, 0, '5085<main.rpyeffect:88([#301])>+3: {"op": "Jump". "target": 5066}')
debug_merge_point(0, 0, '5066<main.rpyeffect:69([mcore:[#206]#193])>+0: {"op": "Const". "type": "num". "out": 0. "value": 0}')
debug_merge_point(0, 0, '5066<main.rpyeffect:69([mcore:[#206]#193])>+1: {"op": "Const". "type": "ptr". "out": 0. "format": "string". "value": "Name(import$std/core/hnd)"}')
debug_merge_point(0, 0, '5066<main.rpyeffect:69([mcore:[#206]#193])>+2: {"op": "PrimOp". "name": "getGlobal(String): Ptr". "out": {"num": []. "ptr": [0]}. "in": {"num": []. "ptr": [0]}}')
debug_merge_point(0, 0, '5066<main.rpyeffect:69([mcore:[#206]#193])>+3: {"op": "Push". "target": 5065. "args": {"num": [0]. "ptr": []}}')
debug_merge_point(0, 0, '5066<main.rpyeffect:69([mcore:[#206]#193])>+4: {"op": "Jump". "target": 5054}')
debug_merge_point(0, 0, '5054<main.rpyeffect:57([mcore:[#199]#189])>+0: {"op": "Const". "type": "ptr". "out": 0. "format": "string". "value": "Name(import$std/core/hnd)"}')
debug_merge_point(0, 0, '5054<main.rpyeffect:57([mcore:[#199]#189])>+1: {"op": "PrimOp". "name": "getGlobal(String): Ptr". "out": {"num": []. "ptr": [0]}. "in": {"num": []. "ptr": [0]}}')
debug_merge_point(0, 0, '5054<main.rpyeffect:57([mcore:[#199]#189])>+2: {"op": "CallLib". "lib": "0". "symbol": "getCurrentEvv"}')
debug_merge_point(0, 0, '301<std_core_hnd.rpyeffect:0(Name(getCurrentEvv))>+0: {"op": "Const". "type": "ptr". "out": 0. "format": "string". "value": "current-evv"}')
debug_merge_point(0, 0, '301<std_core_hnd.rpyeffect:0(Name(getCurrentEvv))>+1: {"op": "PrimOp". "name": "getGlobal(String): Ptr". "out": {"num": []. "ptr": [0]}. "in": {"num": []. "ptr": [0]}}')
debug_merge_point(0, 0, '301<std_core_hnd.rpyeffect:0(Name(getCurrentEvv))>+2: {"op": "PrimOp". "name": "getRef(Ref[Ptr]): Ptr". "out": {"num": []. "ptr": [0]}. "in": {"num": []. "ptr": [0]}}')
debug_merge_point(0, 0, '301<std_core_hnd.rpyeffect:0(Name(getCurrentEvv))>+3: {"op": "Return". "args": {"num": []. "ptr": [0]}}')
debug_merge_point(0, 0, '5065<main.rpyeffect:68([k@[mcore:[#206]#193]#199])>+0: {"op": "PrimOp". "name": "promote_ptr". "out": {"num": []. "ptr": [0]}. "in": {"num": []. "ptr": [0]}}')
debug_merge_point(0, 0, '5065<main.rpyeffect:68([k@[mcore:[#206]#193]#199])>+1: {"op": "Const". "type": "ptr". "out": 1. "format": "string". "value": "Name(import$std/core/hnd)"}')
debug_merge_point(0, 0, '5065<main.rpyeffect:68([k@[mcore:[#206]#193]#199])>+2: {"op": "PrimOp". "name": "getGlobal(String): Ptr". "out": {"num": []. "ptr": [1]}. "in": {"num": []. "ptr": [1]}}')
debug_merge_point(0, 0, '5065<main.rpyeffect:68([k@[mcore:[#206]#193]#199])>+3: {"op": "Push". "target": 5064. "args": {"num": []. "ptr": []}}')
debug_merge_point(0, 0, '5065<main.rpyeffect:68([k@[mcore:[#206]#193]#199])>+4: {"op": "Jump". "target": 5053}')
debug_merge_point(0, 0, '5053<main.rpyeffect:56([mcore:[#198]#183])>+0: {"op": "Const". "type": "ptr". "out": 1. "format": "string". "value": "Name(import$std/core/hnd)"}')
debug_merge_point(0, 0, '5053<main.rpyeffect:56([mcore:[#198]#183])>+1: {"op": "PrimOp". "name": "getGlobal(String): Ptr". "out": {"num": []. "ptr": [1]}. "in": {"num": []. "ptr": [1]}}')
debug_merge_point(0, 0, '5053<main.rpyeffect:56([mcore:[#198]#183])>+2: {"op": "CallLib". "lib": "1". "symbol": "elt"}')
debug_merge_point(0, 0, '331<std_core_hnd.rpyeffect:30(Name(elt))>+0: {"op": "Switch". "scrutinee": 0. "values": [0]. "targets": [329]. "default": 330}')
debug_merge_point(0, 0, '329<std_core_hnd.rpyeffect:28([switch case for 0#86])>+0: {"op": "Proj". "out": 0. "type": Interned(evv). "scrutinee": 0. "tag": Interned(cons). "field": 0. "field_type": "ptr"}')
debug_merge_point(0, 0, '329<std_core_hnd.rpyeffect:28([switch case for 0#86])>+1: {"op": "Return". "args": {"num": []. "ptr": [0]}}')
debug_merge_point(0, 0, '5064<main.rpyeffect:67([k@[k@[mcore:[#206]#193]#199]#207])>+0: {"op": "Match". "type": Interned(std/core/hnd/ev). "scrutinee": 0. "clauses": [{"tag": Interned(std/core/hnd/Ev). "target": 5063. "args": {"num": []. "ptr": [1. 2. 3. 4]}}]. "default": {"tag": Interned(0ebd4aad-cbef-458e-b7ce-546cf0866444#[Missing Tag#1209]). "target": 5055. "args": {"num": []. "ptr": []}}}')
+444: p51 = getfield_gc_r(p45, descr=<FieldP rpyeffect.stored_environment.Data__arb_arb.inst_tag 8>)
+452: guard_value(p51, ConstPtr(ptr52), descr=<Guard0x128726160>) [p0, i1, i2, i3, i4, i5, i6, i7, i8, i9, i10, i11, i12, i13, i14, i15, i16, p17, p18, p19, p20, p21, p22, p23, p24, p25, p26, p27, p28, p29, p30, p31, p32, p33, p34, p35]
+460: p53 = getfield_gc_r(p45, descr=<FieldP rpyeffect.stored_environment.Data__arb_arb.inst_values_ptr 24 pure>)
+464: p55 = getarrayitem_gc_pure_r(p53, 0, descr=<ArrayP 8>)
+464: p57 = getarrayitem_gc_pure_r(p53, 1, descr=<ArrayP 8>)
+468: p59 = getarrayitem_gc_pure_r(p53, 2, descr=<ArrayP 8>)
+472: p61 = getarrayitem_gc_pure_r(p53, 3, descr=<ArrayP 8>)
debug_merge_point(0, 0, '5063<main.rpyeffect:66([#211])>+0: {"op": "Copy". "type": "ptr". "from": 0. "to". 1}')
debug_merge_point(0, 0, '5063<main.rpyeffect:66([#211])>+1: {"op": "Copy". "type": "ptr". "from": 2. "to". 0}')
debug_merge_point(0, 0, '5063<main.rpyeffect:66([#211])>+2: {"op": "Match". "type": Interned(main/fail). "scrutinee": 3. "clauses": [{"tag": Interned(main/@Hnd-fail). "target": 5062. "args": {"num": [0]. "ptr": [2]}}]. "default": {"tag": Interned(0ebd4aad-cbef-458e-b7ce-546cf0866444#[Missing Tag#1208]). "target": 5057. "args": {"num": []. "ptr": []}}}')
+476: p62 = getfield_gc_r(p59, descr=<FieldP rpyeffect.stored_environment.Data__arb_arb.inst_tag 8>)
+484: guard_value(p62, ConstPtr(ptr63), descr=<Guard0x1287261a0>) [p0, i1, i2, i3, i4, i5, i6, i7, i8, i9, i10, i11, i12, i13, i14, i15, i16, p17, p18, p19, p20, p21, p22, p23, p24, p25, p26, p27, p28, p29, p30, p31, p32, p33, p34, p35]
+492: i64 = getfield_gc_i(p59, descr=<FieldS rpyeffect.stored_environment.Data__1_1.inst_values_num_0 32 pure>)
+492: p65 = getfield_gc_r(p59, descr=<FieldP rpyeffect.stored_environment.Data__1_1.inst_values_ptr_0 40 pure>)
debug_merge_point(0, 0, '5062<main.rpyeffect:65([match_main/@Hnd-fail@[#211]#218])>+0: {"op": "Match". "type": Interned(std/core/hnd/clause0). "scrutinee": 2. "clauses": [{"tag": Interned(std/core/hnd/Clause0). "target": 5061. "args": {"num": []. "ptr": [2]}}]. "default": {"tag": Interned(0ebd4aad-cbef-458e-b7ce-546cf0866444#[Missing Tag#1207]). "target": 5059. "args": {"num": []. "ptr": []}}}')
+496: p66 = getfield_gc_r(p65, descr=<FieldP rpyeffect.stored_environment.Data__arb_arb.inst_tag 8>)
+504: guard_value(p66, ConstPtr(ptr67), descr=<Guard0x1287261e0>) [p0, i1, i2, i3, i4, i5, i6, i7, i8, i9, i10, i11, i12, i13, i14, i15, i16, p17, p18, p19, p20, p21, p22, p23, p24, p25, p26, p27, p28, p29, p30, p31, p32, p33, p34, p35]
+512: p68 = getfield_gc_r(p65, descr=<FieldP rpyeffect.stored_environment.Data__0_1.inst_values_ptr_0 32 pure>)
debug_merge_point(0, 0, '5061<main.rpyeffect:64([#225])>+0: {"op": "Push". "target": 5060. "args": {"num": []. "ptr": []}}')
debug_merge_point(0, 0, '5061<main.rpyeffect:64([#225])>+1: {"op": "Invoke". "receiver": 2. "tag": Interned(%apply(pp):p). "args" : {"num": []. "ptr": [0. 1]}}')
+516: p69 = getfield_gc_r(p68, descr=<FieldP rpyeffect.stored_environment.CoData__arb_arb.inst_vtable 24 pure>)
+524: guard_value(p69, ConstPtr(ptr70), descr=<Guard0x128726220>) [p0, i1, i2, i3, i4, i5, i6, i7, i8, i9, i10, i11, i12, i13, i14, i15, i16, p17, p18, p19, p20, p21, p22, p23, p24, p25, p26, p27, p28, p29, p30, p31, p32, p33, p34, p35]
debug_merge_point(0, 0, '5174<main.rpyeffect:177([method_%apply(pp):p@[mcore:[#325]#676]#683])>+0: {"op": "Const". "type": "ptr". "out": 2. "format": "string". "value": "Name(import$std/core/hnd)"}')
debug_merge_point(0, 0, '5174<main.rpyeffect:177([method_%apply(pp):p@[mcore:[#325]#676]#683])>+1: {"op": "PrimOp". "name": "getGlobal(String): Ptr". "out": {"num": []. "ptr": [2]}. "in": {"num": []. "ptr": [2]}}')
debug_merge_point(0, 0, '5174<main.rpyeffect:177([method_%apply(pp):p@[mcore:[#325]#676]#683])>+2: {"op": "Jump". "target": 5161}')
debug_merge_point(0, 0, '5161<main.rpyeffect:164([mcore:[#301]#597])>+0: {"op": "New". "out": 1. "targets": [5158. 5160]. "args": {"num": []. "ptr": []}}')
debug_merge_point(0, 0, '5161<main.rpyeffect:164([mcore:[#301]#597])>+1: {"op": "Const". "type": "ptr". "out": 2. "format": "string". "value": "Name(import$std/core/hnd)"}')
debug_merge_point(0, 0, '5161<main.rpyeffect:164([mcore:[#301]#597])>+2: {"op": "PrimOp". "name": "getGlobal(String): Ptr". "out": {"num": []. "ptr": [2]}. "in": {"num": []. "ptr": [2]}}')
debug_merge_point(0, 0, '5161<main.rpyeffect:164([mcore:[#301]#597])>+3: {"op": "Jump". "target": 5149}')
debug_merge_point(0, 0, '5149<main.rpyeffect:152([mcore:[#290]#561])>+0: {"op": "Const". "type": "ptr". "out": 2. "format": "string". "value": "Name(import$std/core/hnd)"}')
debug_merge_point(0, 0, '5149<main.rpyeffect:152([mcore:[#290]#561])>+1: {"op": "PrimOp". "name": "getGlobal(String): Ptr". "out": {"num": []. "ptr": [2]}. "in": {"num": []. "ptr": [2]}}')
debug_merge_point(0, 0, '5149<main.rpyeffect:152([mcore:[#290]#561])>+2: {"op": "CallLib". "lib": "2". "symbol": "std/core/hnd/yield-to"}')
debug_merge_point(0, 0, '1022<std_core_hnd.rpyeffect:721([mcore:[#893]#2108])>+0: {"op": "Push". "target": 1021. "args": {"num": []. "ptr": [1. 0]}}')
debug_merge_point(0, 0, '1022<std_core_hnd.rpyeffect:721([mcore:[#893]#2108])>+1: {"op": "Jump". "target": 509}')
debug_merge_point(0, 0, '509<std_core_hnd.rpyeffect:208([mcore:[#471]#472])>+0: {"op": "Jump". "target": 301}')
debug_merge_point(0, 0, '301<std_core_hnd.rpyeffect:0(Name(getCurrentEvv))>+0: {"op": "Const". "type": "ptr". "out": 0. "format": "string". "value": "current-evv"}')
debug_merge_point(0, 0, '301<std_core_hnd.rpyeffect:0(Name(getCurrentEvv))>+1: {"op": "PrimOp". "name": "getGlobal(String): Ptr". "out": {"num": []. "ptr": [0]}. "in": {"num": []. "ptr": [0]}}')
debug_merge_point(0, 0, '301<std_core_hnd.rpyeffect:0(Name(getCurrentEvv))>+2: {"op": "PrimOp". "name": "getRef(Ref[Ptr]): Ptr". "out": {"num": []. "ptr": [0]}. "in": {"num": []. "ptr": [0]}}')
debug_merge_point(0, 0, '301<std_core_hnd.rpyeffect:0(Name(getCurrentEvv))>+3: {"op": "Return". "args": {"num": []. "ptr": [0]}}')
debug_merge_point(0, 0, '1021<std_core_hnd.rpyeffect:720([k@[mcore:[#893]#2108]#2110])>+0: {"op": "Push". "target": 1020. "args": {"num": []. "ptr": [0]}}')
debug_merge_point(0, 0, '1021<std_core_hnd.rpyeffect:720([k@[mcore:[#893]#2108]#2110])>+1: {"op": "Copy". "type": "ptr". "from": 2. "to". 0}')
debug_merge_point(0, 0, '1021<std_core_hnd.rpyeffect:720([k@[mcore:[#893]#2108]#2110])>+2: {"op": "Jump". "target": 507}')
debug_merge_point(0, 0, '507<std_core_hnd.rpyeffect:206([mcore:[#470]#437])>+0: {"op": "Const". "type": "num". "out": 0. "value": 0}')
debug_merge_point(0, 0, '507<std_core_hnd.rpyeffect:206([mcore:[#470]#437])>+1: {"op": "ShiftDyn". "out": 0. "n": 0. "label": 0}')
+532: i71 = instance_ptr_eq(p33, p57)
guard_true(i71, descr=<Guard0x128726260>) [p0, i1, i2, i3, i4, i5, i6, i7, i8, i9, i10, i11, i12, i13, i14, i15, i16, p17, p18, p19, p20, p21, p22, p23, p24, p25, p26, p27, p28, p29, p30, p31, p32, p33, p34, p35]
+544: guard_nonnull_class(p35, 4348275712, descr=<Guard0x12871b2b0>) [p0, i1, i2, i3, i4, i5, i6, i7, i8, i9, i10, i11, i12, i13, i14, i15, i16, p17, p18, p19, p20, p21, p22, p23, p24, p25, p26, p27, p28, p29, p30, p31, p32, p33, p34, p35]
+572: p73 = getfield_gc_r(p35, descr=<FieldP rpyeffect.stack.MetaStackLike.inst_stack 8 pure>)
+576: p74 = getfield_gc_r(p35, descr=<FieldP rpyeffect.stack.MetaStack.inst_label 16 pure>)
+580: p75 = getfield_gc_r(p35, descr=<FieldP rpyeffect.stack.MetaStack.inst_tail 32 pure>)
+584: guard_nonnull(p73, descr=<Guard0x1287262a0>) [p0, i1, i2, i3, i4, i5, i6, i7, i8, i9, i10, i11, i12, i13, i14, i15, i16, p17, p18, p19, p20, p21, p22, p23, p24, p25, p26, p27, p28, p29, p30, p31, p32, p33, p34, p35]
+592: i76 = getfield_gc_i(p73, descr=<FieldS rpyeffect.stored_environment.Stack__arb_arb.inst_target 16 pure>)
+596: guard_value(i76, 714, descr=<Guard0x1287262e0>) [p0, i1, i2, i3, i4, i5, i6, i7, i8, i9, i10, i11, i12, i13, i14, i15, i16, p17, p18, p19, p20, p21, p22, p23, p24, p25, p26, p27, p28, p29, p30, p31, p32, p33, p34, p35]
debug_merge_point(0, 0, '507<std_core_hnd.rpyeffect:206([mcore:[#470]#437])>+2: {"op": "New". "out": 0. "targets": [500. 502. 504. 506]. "args": {"num": []. "ptr": [0]}}')
debug_merge_point(0, 0, '507<std_core_hnd.rpyeffect:206([mcore:[#470]#437])>+3: {"op": "Invoke". "receiver": 1. "tag": Interned(%apply(p):p). "args" : {"num": []. "ptr": [0]}}')
debug_merge_point(0, 0, '5158<main.rpyeffect:161([method_%apply(p):p@[mcore:[#301]#597]#601])>+0: {"op": "Const". "type": "ptr". "out": 1. "format": "string". "value": "Name(import$std/core/hnd)"}')
debug_merge_point(0, 0, '5158<main.rpyeffect:161([method_%apply(p):p@[mcore:[#301]#597]#601])>+1: {"op": "PrimOp". "name": "getGlobal(String): Ptr". "out": {"num": []. "ptr": [1]}. "in": {"num": []. "ptr": [1]}}')
debug_merge_point(0, 0, '5158<main.rpyeffect:161([method_%apply(p):p@[mcore:[#301]#597]#601])>+2: {"op": "Jump". "target": 5156}')
debug_merge_point(0, 0, '5156<main.rpyeffect:159([mcore:[#299]#576])>+0: {"op": "Construct". "out": 1. "type": Interned(Unit). "tag": Interned(unit). "args": {"num": []. "ptr": []}}')
debug_merge_point(0, 0, '5156<main.rpyeffect:159([mcore:[#299]#576])>+1: {"op": "New". "out": 2. "targets": [5153. 5155]. "args": {"num": []. "ptr": []}}')
debug_merge_point(0, 0, '5156<main.rpyeffect:159([mcore:[#299]#576])>+2: {"op": "Const". "type": "ptr". "out": 3. "format": "string". "value": "Name(import$std/core/hnd)"}')
debug_merge_point(0, 0, '5156<main.rpyeffect:159([mcore:[#299]#576])>+3: {"op": "PrimOp". "name": "getGlobal(String): Ptr". "out": {"num": []. "ptr": [3]}. "in": {"num": []. "ptr": [3]}}')
debug_merge_point(0, 0, '5156<main.rpyeffect:159([mcore:[#299]#576])>+4: {"op": "Swap". "type": "ptr". "a": 0. "b". 1}')
debug_merge_point(0, 0, '5156<main.rpyeffect:159([mcore:[#299]#576])>+5: {"op": "Swap". "type": "ptr". "a": 2. "b". 1}')
debug_merge_point(0, 0, '5156<main.rpyeffect:159([mcore:[#299]#576])>+6: {"op": "Jump". "target": 5150}')
debug_merge_point(0, 0, '5150<main.rpyeffect:153([mcore:[#293]#567])>+0: {"op": "Const". "type": "ptr". "out": 3. "format": "string". "value": "Name(import$std/core/hnd)"}')
debug_merge_point(0, 0, '5150<main.rpyeffect:153([mcore:[#293]#567])>+1: {"op": "PrimOp". "name": "getGlobal(String): Ptr". "out": {"num": []. "ptr": [3]}. "in": {"num": []. "ptr": [3]}}')
debug_merge_point(0, 0, '5150<main.rpyeffect:153([mcore:[#293]#567])>+2: {"op": "CallLib". "lib": "3". "symbol": "std/core/hnd/protect"}')
debug_merge_point(0, 0, '495<std_core_hnd.rpyeffect:194([mcore:[#466]#434])>+0: {"op": "Swap". "type": "ptr". "a": 1. "b". 2}')
debug_merge_point(0, 0, '495<std_core_hnd.rpyeffect:194([mcore:[#466]#434])>+1: {"op": "Invoke". "receiver": 2. "tag": Interned(%apply(pp):p). "args" : {"num": []. "ptr": [0. 1]}}')
debug_merge_point(0, 0, '5155<main.rpyeffect:158([method_%apply(pp):p@[mcore:[#299]#576]#587])>+0: {"op": "Push". "target": 5154. "args": {"num": []. "ptr": []}}')
debug_merge_point(0, 0, '5155<main.rpyeffect:158([method_%apply(pp):p@[mcore:[#299]#576]#587])>+1: {"op": "Jump". "target": 5151}')
debug_merge_point(0, 0, '5151<main.rpyeffect:154([mcore:[#296]#574])>+0: {"op": "Const". "type": "num". "out": 0. "value": 0}')
debug_merge_point(0, 0, '5151<main.rpyeffect:154([mcore:[#296]#574])>+1: {"op": "Return". "args": {"num": [0]. "ptr": []}}')
debug_merge_point(0, 0, '5154<main.rpyeffect:157([#589])>+0: {"op": "PrimOp". "name": "box(Num): Ptr". "out": {"num": []. "ptr": [0]}. "in": {"num": [0]. "ptr": []}}')
debug_merge_point(0, 0, '5154<main.rpyeffect:157([#589])>+1: {"op": "Return". "args": {"num": []. "ptr": [0]}}')
+608: p78 = getfield_gc_r(p73, descr=<FieldP rpyeffect.stored_environment.Stack__0_1.inst_values_ptr_0 40 pure>)
+612: p79 = getfield_gc_r(p73, descr=<FieldP rpyeffect.stored_environment.Stack__arb_arb.inst_tail 8 pure>)
+616: guard_nonnull_class(p79, ConstClass(Stack__0_1), descr=<Guard0x12871b308>) [p0, i1, i2, i3, i4, i5, i6, i7, i8, i9, i10, i11, i12, i13, i14, i15, i16, p17, p18, p19, p20, p21, p22, p23, p24, p25, p26, p27, p28, p29, p30, p31, p32, p33, p34, p35]
+640: i81 = getfield_gc_i(p79, descr=<FieldS rpyeffect.stored_environment.Stack__arb_arb.inst_target 16 pure>)
+644: guard_value(i81, 432, descr=<Guard0x128726320>) [p0, i1, i2, i3, i4, i5, i6, i7, i8, i9, i10, i11, i12, i13, i14, i15, i16, p17, p18, p19, p20, p21, p22, p23, p24, p25, p26, p27, p28, p29, p30, p31, p32, p33, p34, p35]
debug_merge_point(0, 0, '714<std_core_hnd.rpyeffect:413([k@[k@[#1063]#1068]#1070])>+0: {"op": "Const". "type": "ptr". "out": 2. "format": "string". "value": "Name(import$std/core/hnd)"}')
debug_merge_point(0, 0, '714<std_core_hnd.rpyeffect:413([k@[k@[#1063]#1068]#1070])>+1: {"op": "PrimOp". "name": "getGlobal(String): Ptr". "out": {"num": []. "ptr": [2]}. "in": {"num": []. "ptr": [2]}}')
debug_merge_point(0, 0, '714<std_core_hnd.rpyeffect:413([k@[k@[#1063]#1068]#1070])>+2: {"op": "Push". "target": 713. "args": {"num": []. "ptr": [0]}}')
debug_merge_point(0, 0, '714<std_core_hnd.rpyeffect:413([k@[k@[#1063]#1068]#1070])>+3: {"op": "Copy". "type": "ptr". "from": 1. "to". 0}')
debug_merge_point(0, 0, '714<std_core_hnd.rpyeffect:413([k@[k@[#1063]#1068]#1070])>+4: {"op": "Copy". "type": "ptr". "from": 2. "to". 1}')
debug_merge_point(0, 0, '714<std_core_hnd.rpyeffect:413([k@[k@[#1063]#1068]#1070])>+5: {"op": "Jump". "target": 712}')
debug_merge_point(0, 0, '712<std_core_hnd.rpyeffect:411([mcore:[#655]#1049])>+0: {"op": "Const". "type": "ptr". "out": 1. "format": "string". "value": "Name(import$std/core/hnd)"}')
debug_merge_point(0, 0, '712<std_core_hnd.rpyeffect:411([mcore:[#655]#1049])>+1: {"op": "PrimOp". "name": "getGlobal(String): Ptr". "out": {"num": []. "ptr": [1]}. "in": {"num": []. "ptr": [1]}}')
debug_merge_point(0, 0, '712<std_core_hnd.rpyeffect:411([mcore:[#655]#1049])>+2: {"op": "CallLib". "lib": "1". "symbol": "setCurrentEvv"}')
debug_merge_point(0, 0, '302<std_core_hnd.rpyeffect:1(Name(setCurrentEvv))>+0: {"op": "Const". "type": "ptr". "out": 1. "format": "string". "value": "current-evv"}')
debug_merge_point(0, 0, '302<std_core_hnd.rpyeffect:1(Name(setCurrentEvv))>+1: {"op": "PrimOp". "name": "getGlobal(String): Ptr". "out": {"num": []. "ptr": [1]}. "in": {"num": []. "ptr": [1]}}')
debug_merge_point(0, 0, '302<std_core_hnd.rpyeffect:1(Name(setCurrentEvv))>+2: {"op": "PrimOp". "name": "setRef(Ref[Ptr]. Ptr): Unit". "out": {"num": []. "ptr": [0]}. "in": {"num": []. "ptr": [1. 0]}}')
debug_merge_point(0, 0, '302<std_core_hnd.rpyeffect:1(Name(setCurrentEvv))>+3: {"op": "Return". "args": {"num": []. "ptr": [0]}}')
debug_merge_point(0, 0, '713<std_core_hnd.rpyeffect:412([k@[k@[k@[#1063]#1068]#1070]#1075])>+0: {"op": "Copy". "type": "ptr". "from": 1. "to". 0}')
debug_merge_point(0, 0, '713<std_core_hnd.rpyeffect:412([k@[k@[k@[#1063]#1068]#1070]#1075])>+1: {"op": "Return". "args": {"num": []. "ptr": [0]}}')
+720: setfield_gc(ConstPtr(ptr83), p78, descr=<FieldP rpyeffect.region.PtrRef.inst_value 8>)
+724: p84 = getfield_gc_r(p79, descr=<FieldP rpyeffect.stored_environment.Stack__0_1.inst_values_ptr_0 40 pure>)
+728: p85 = getfield_gc_r(p79, descr=<FieldP rpyeffect.stored_environment.Stack__arb_arb.inst_tail 8 pure>)
+732: guard_isnull(p85, descr=<Guard0x12871b360>) [p0, i2, i3, i4, i5, i6, i7, i8, i9, i10, i11, i12, i13, i14, i15, i16, p84, p61, p22, p23, p24, p25, p26, p27, p28, p29, p30, p31, p32, p74, p85, p75]
debug_merge_point(0, 0, '432<std_core_hnd.rpyeffect:131([return_clause@[mcore:[#404]#265]#269])>+0: {"op": "Invoke". "receiver": 1. "tag": Interned(%apply(p):p). "args" : {"num": []. "ptr": [0]}}')
+740: p86 = getfield_gc_r(p84, descr=<FieldP rpyeffect.stored_environment.CoData__arb_arb.inst_vtable 24 pure>)
+748: guard_value(p86, ConstPtr(ptr87), descr=<Guard0x128726360>) [p0, i2, i3, i4, i5, i6, i7, i8, i9, i10, i11, i12, i13, i14, i15, i16, p84, p61, p22, p23, p24, p25, p26, p27, p28, p29, p30, p31, p32, p74, p85, p75]
debug_merge_point(0, 0, '5203<main.rpyeffect:206([#816])>+0: {"op": "PrimOp". "name": "unbox(Ptr): Num". "out": {"num": [0]. "ptr": []}. "in": {"num": []. "ptr": [0]}}')
debug_merge_point(0, 0, '5203<main.rpyeffect:206([#816])>+1: {"op": "Push". "target": 5202. "args": {"num": []. "ptr": []}}')
debug_merge_point(0, 0, '5203<main.rpyeffect:206([#816])>+2: {"op": "Jump". "target": 5147}')
debug_merge_point(0, 0, '5147<main.rpyeffect:150([mcore:[#283]#555])>+0: {"op": "Return". "args": {"num": [0]. "ptr": []}}')
debug_merge_point(0, 0, '5202<main.rpyeffect:205([k@[#816]#821])>+0: {"op": "PrimOp". "name": "box(Num): Ptr". "out": {"num": []. "ptr": [0]}. "in": {"num": [0]. "ptr": []}}')
debug_merge_point(0, 0, '5202<main.rpyeffect:205([k@[#816]#821])>+1: {"op": "Return". "args": {"num": []. "ptr": [0]}}')
+756: guard_nonnull(p75, descr=<Guard0x1287263a0>) [p0, i2, i3, i4, i5, i6, i7, i8, i9, i10, i11, i12, i13, i14, i15, i16, p84, p61, p22, p23, p24, p25, p26, p27, p28, p29, p30, p31, p32, p74, p85, p75]
+764: p88 = getfield_gc_r(p75, descr=<FieldP rpyeffect.stack.MetaStackLike.inst_stack 8 pure>)
+768: p89 = getfield_gc_r(p75, descr=<FieldP rpyeffect.stack.MetaStack.inst_label 16 pure>)
+772: p90 = getfield_gc_r(p75, descr=<FieldP rpyeffect.stack.MetaStack.inst_tail 32 pure>)
+776: guard_nonnull(p88, descr=<Guard0x1287263e0>) [p0, i2, i3, i4, i5, i6, i7, i8, i9, i10, i11, i12, i13, i14, i15, i16, p84, p61, p22, p23, p24, p25, p26, p27, p28, p29, p30, p31, p32, p74, p85, p75]
+784: i91 = getfield_gc_i(p88, descr=<FieldS rpyeffect.stored_environment.Stack__arb_arb.inst_target 16 pure>)
+788: guard_value(i91, 505, descr=<Guard0x128726420>) [p0, i2, i3, i4, i5, i6, i7, i8, i9, i10, i11, i12, i13, i14, i15, i16, p84, p61, p22, p23, p24, p25, p26, p27, p28, p29, p30, p31, p32, p74, p85, p75]
+800: p93 = getfield_gc_r(p88, descr=<FieldP rpyeffect.stored_environment.Stack__arb_arb.inst_tail 8 pure>)
+804: guard_nonnull(p93, descr=<Guard0x128726460>) [p0, i2, i3, i4, i5, i6, i7, i8, i9, i10, i11, i12, i13, i14, i15, i16, p84, p61, p22, p23, p24, p25, p26, p27, p28, p29, p30, p31, p32, p74, p85, p75]
+812: i94 = getfield_gc_i(p93, descr=<FieldS rpyeffect.stored_environment.Stack__arb_arb.inst_target 16 pure>)
+816: guard_value(i94, 5134, descr=<Guard0x1287264a0>) [p0, i2, i3, i4, i5, i6, i7, i8, i9, i10, i11, i12, i13, i14, i15, i16, p84, p61, p22, p23, p24, p25, p26, p27, p28, p29, p30, p31, p32, p74, p85, p75]
debug_merge_point(0, 0, '505<std_core_hnd.rpyeffect:204([#467])>+0: {"op": "PrimOp". "name": "unbox(Ptr): Num". "out": {"num": [0]. "ptr": []}. "in": {"num": []. "ptr": [0]}}')
+828: p96 = new_with_vtable(descr=<SizeDescr 16>)
+932: setfield_gc(p96, 0, descr=<FieldS rpyeffect.region.NumBox.inst_value 8 pure>)
+944: jump(p89, p93, p0, p90, 0, i2, i3, i4, i5, i6, i7, i8, i9, i10, i11, i12, i13, i14, i15, i16, p96, p84, ConstPtr(ptr98), ConstPtr(ptr99), p61, p22, p23, p24, p25, p26, p27, p28, p29, p30, p31, p32, descr=TargetToken(4971958928))
+1224: --end of the loop--
[97cb5ac] jit-log-opt-bridge}
[99bdd19] {jit-log-opt-bridge
# bridge out of Guard 0x1284bd6a0 with 327 ops
[p0, i1, i2, i3, i4, i5, i6, i7, i8, i9, i10, i11, i12, i13, i14, i15, i16, p17, p18, p19, p20, p21, p22, p23, p24, p25, p26, p27, p28, p29, p30, p31, p32, p33, p34, p35]
+360: guard_not_invalidated(descr=<Guard0x128749a40>) [p0, i1, i2, i3, i4, i5, i6, i7, i8, i9, i10, i11, i12, i13, i14, i15, i16, p17, p18, p19, p20, p21, p22, p23, p24, p25, p26, p27, p28, p29, p30, p31, p32, p33, p34, p35]
debug_merge_point(0, 0, '784<std_core_hnd.rpyeffect:483([mcore:[#715]#1295])>+1: {"op": "PrimOp". "name": "getGlobal(String): Ptr". "out": {"num": []. "ptr": [0]}. "in": {"num": []. "ptr": [0]}}')
debug_merge_point(0, 0, '784<std_core_hnd.rpyeffect:483([mcore:[#715]#1295])>+2: {"op": "CallLib". "lib": "0". "symbol": "evvSwapCreate1"}')
+364: guard_nonnull(p34, descr=<Guard0x12873ede0>) [p0, i1, i2, i3, i4, i5, i6, i7, i8, i9, i10, i11, i12, i13, i14, i15, i16, p17, p18, p19, p20, p21, p22, p23, p24, p25, p26, p27, p28, p29, p30, p31, p32, p33, p34, p35]
+376: i36 = getfield_gc_i(p34, descr=<FieldS rpyeffect.stored_environment.Stack__arb_arb.inst_target 16 pure>)
+384: guard_value(i36, 802, descr=<Guard0x12873ee20>) [p0, i1, i2, i3, i4, i5, i6, i7, i8, i9, i10, i11, i12, i13, i14, i15, i16, p17, p18, p19, p20, p21, p22, p23, p24, p25, p26, p27, p28, p29, p30, p31, p32, p33, p34, p35]
debug_merge_point(0, 0, '307<std_core_hnd.rpyeffect:6(Name(evvSwapCreate1))>+0: {"op": "Construct". "out": 0. "type": Interned(evv). "tag": Interned(nil). "args": {"num": []. "ptr": []}}')
debug_merge_point(0, 0, '307<std_core_hnd.rpyeffect:6(Name(evvSwapCreate1))>+1: {"op": "Push". "target": 306. "args": {"num": [0]. "ptr": [0]}}')
debug_merge_point(0, 0, '307<std_core_hnd.rpyeffect:6(Name(evvSwapCreate1))>+2: {"op": "Jump". "target": 301}')
debug_merge_point(0, 0, '301<std_core_hnd.rpyeffect:0(Name(getCurrentEvv))>+0: {"op": "Const". "type": "ptr". "out": 0. "format": "string". "value": "current-evv"}')
debug_merge_point(0, 0, '301<std_core_hnd.rpyeffect:0(Name(getCurrentEvv))>+1: {"op": "PrimOp". "name": "getGlobal(String): Ptr". "out": {"num": []. "ptr": [0]}. "in": {"num": []. "ptr": [0]}}')
debug_merge_point(0, 0, '301<std_core_hnd.rpyeffect:0(Name(getCurrentEvv))>+2: {"op": "PrimOp". "name": "getRef(Ref[Ptr]): Ptr". "out": {"num": []. "ptr": [0]}. "in": {"num": []. "ptr": [0]}}')
+400: p39 = getfield_gc_r(ConstPtr(ptr38), descr=<FieldP rpyeffect.region.PtrRef.inst_value 8>)
debug_merge_point(0, 0, '301<std_core_hnd.rpyeffect:0(Name(getCurrentEvv))>+3: {"op": "Return". "args": {"num": []. "ptr": [0]}}')
debug_merge_point(0, 0, '306<std_core_hnd.rpyeffect:5([k@Name(evvSwapCreate1)#21])>+0: {"op": "Push". "target": 305. "args": {"num": []. "ptr": [0. 1]}}')
debug_merge_point(0, 0, '306<std_core_hnd.rpyeffect:5([k@Name(evvSwapCreate1)#21])>+1: {"op": "Jump". "target": 331}')
debug_merge_point(0, 0, '331<std_core_hnd.rpyeffect:30(Name(elt))>+0: {"op": "Switch". "scrutinee": 0. "values": [0]. "targets": [329]. "default": 330}')
+404: i41 = int_eq(i1, 0)
guard_false(i41, descr=<Guard0x12873ee60>) [p0, i1, i2, i3, i4, i5, i6, i7, i8, i9, i10, i11, i12, i13, i14, i15, i16, p17, p18, p19, p20, p21, p22, p23, p24, p25, p26, p27, p28, p29, p30, p31, p32, p33, p34, p35]
debug_merge_point(0, 0, '330<std_core_hnd.rpyeffect:29([switch default case#88])>+0: {"op": "Proj". "out": 0. "type": Interned(evv). "scrutinee": 0. "tag": Interned(cons). "field": 1. "field_type": "ptr"}')
+416: p42 = getfield_gc_r(p39, descr=<FieldP rpyeffect.stored_environment.Data__arb_arb.inst_tag 8>)
+424: guard_value(p42, ConstPtr(ptr43), descr=<Guard0x12873eea0>) [p0, i1, i2, i3, i4, i5, i6, i7, i8, i9, i10, i11, i12, i13, i14, i15, i16, p17, p18, p19, p20, p21, p22, p23, p24, p25, p26, p27, p28, p29, p30, p31, p32, p33, p34, p35]
+432: guard_class(p39, ConstClass(Data__0_2), descr=<Guard0x12873eee0>) [p0, i1, i2, i3, i4, i5, i6, i7, i8, i9, i10, i11, i12, i13, i14, i15, i16, p17, p18, p19, p20, p21, p22, p23, p24, p25, p26, p27, p28, p29, p30, p31, p32, p33, p34, p35]
+448: p45 = getfield_gc_r(p39, descr=<FieldP rpyeffect.stored_environment.Data__0_2.inst_values_ptr_1 40 pure>)
debug_merge_point(0, 0, '330<std_core_hnd.rpyeffect:29([switch default case#88])>+1: {"op": "Const". "type": "num". "out": 1. "value": 1}')
debug_merge_point(0, 0, '330<std_core_hnd.rpyeffect:29([switch default case#88])>+2: {"op": "PrimOp". "name": "infixSub(Int. Int): Int". "out": {"num": [0]. "ptr": []}. "in": {"num": [0. 1]. "ptr": []}}')
+452: i47 = int_sub(i1, 1)
debug_merge_point(0, 0, '330<std_core_hnd.rpyeffect:29([switch default case#88])>+3: {"op": "Jump". "target": 331}')
debug_merge_point(0, 0, '331<std_core_hnd.rpyeffect:30(Name(elt))>+0: {"op": "Switch". "scrutinee": 0. "values": [0]. "targets": [329]. "default": 330}')
+456: i49 = int_eq(i47, 0)
guard_true(i49, descr=<Guard0x12873ef20>) [p0, i1, i2, i3, i4, i5, i6, i7, i8, i9, i10, i11, i12, i13, i14, i15, i16, p17, p18, p19, p20, p21, p22, p23, p24, p25, p26, p27, p28, p29, p30, p31, p32, p33, p34, p35]
debug_merge_point(0, 0, '329<std_core_hnd.rpyeffect:28([switch case for 0#86])>+0: {"op": "Proj". "out": 0. "type": Interned(evv). "scrutinee": 0. "tag": Interned(cons). "field": 0. "field_type": "ptr"}')
+464: p50 = getfield_gc_r(p45, descr=<FieldP rpyeffect.stored_environment.Data__arb_arb.inst_tag 8>)
+468: guard_value(p50, ConstPtr(ptr51), descr=<Guard0x12873ef60>) [p0, i1, i2, i3, i4, i5, i6, i7, i8, i9, i10, i11, i12, i13, i14, i15, i16, p17, p18, p19, p20, p21, p22, p23, p24, p25, p26, p27, p28, p29, p30, p31, p32, p33, p34, p35]
+476: guard_class(p45, ConstClass(Data__0_2), descr=<Guard0x12873efa0>) [p0, i1, i2, i3, i4, i5, i6, i7, i8, i9, i10, i11, i12, i13, i14, i15, i16, p17, p18, p19, p20, p21, p22, p23, p24, p25, p26, p27, p28, p29, p30, p31, p32, p33, p34, p35]
+492: p53 = getfield_gc_r(p45, descr=<FieldP rpyeffect.stored_environment.Data__0_2.inst_values_ptr_0 32 pure>)
debug_merge_point(0, 0, '329<std_core_hnd.rpyeffect:28([switch case for 0#86])>+1: {"op": "Return". "args": {"num": []. "ptr": [0]}}')
debug_merge_point(0, 0, '305<std_core_hnd.rpyeffect:4([k@[k@Name(evvSwapCreate1)#21]#23])>+0: {"op": "Construct". "out": 0. "type": Interned(evv). "tag": Interned(cons). "args": {"num": []. "ptr": [0. 2]}}')
debug_merge_point(0, 0, '305<std_core_hnd.rpyeffect:4([k@[k@Name(evvSwapCreate1)#21]#23])>+1: {"op": "Push". "target": 304. "args": {"num": []. "ptr": [1]}}')
debug_merge_point(0, 0, '305<std_core_hnd.rpyeffect:4([k@[k@Name(evvSwapCreate1)#21]#23])>+2: {"op": "Jump". "target": 302}')
debug_merge_point(0, 0, '302<std_core_hnd.rpyeffect:1(Name(setCurrentEvv))>+0: {"op": "Const". "type": "ptr". "out": 1. "format": "string". "value": "current-evv"}')
debug_merge_point(0, 0, '302<std_core_hnd.rpyeffect:1(Name(setCurrentEvv))>+1: {"op": "PrimOp". "name": "getGlobal(String): Ptr". "out": {"num": []. "ptr": [1]}. "in": {"num": []. "ptr": [1]}}')
debug_merge_point(0, 0, '302<std_core_hnd.rpyeffect:1(Name(setCurrentEvv))>+2: {"op": "PrimOp". "name": "setRef(Ref[Ptr]. Ptr): Unit". "out": {"num": []. "ptr": [0]}. "in": {"num": []. "ptr": [1. 0]}}')
debug_merge_point(0, 0, '302<std_core_hnd.rpyeffect:1(Name(setCurrentEvv))>+3: {"op": "Return". "args": {"num": []. "ptr": [0]}}')
debug_merge_point(0, 0, '304<std_core_hnd.rpyeffect:3([k@[k@[k@Name(evvSwapCreate1)#21]#23]#26])>+0: {"op": "Copy". "type": "ptr". "from": 1. "to". 0}')
debug_merge_point(0, 0, '304<std_core_hnd.rpyeffect:3([k@[k@[k@Name(evvSwapCreate1)#21]#23]#26])>+1: {"op": "Return". "args": {"num": []. "ptr": [0]}}')
+496: i54 = getfield_gc_i(p34, descr=<FieldS rpyeffect.stored_environment.Stack__1_1.inst_values_num_0 40 pure>)
+500: p55 = getfield_gc_r(p34, descr=<FieldP rpyeffect.stored_environment.Stack__1_1.inst_values_ptr_0 48 pure>)
+504: p56 = getfield_gc_r(p34, descr=<FieldP rpyeffect.stored_environment.Stack__arb_arb.inst_tail 8 pure>)
debug_merge_point(0, 0, '802<std_core_hnd.rpyeffect:501([k@[mcore:[#725]#1309]#1314])>+0: {"op": "Push". "target": 801. "args": {"num": [0]. "ptr": [0]}}')
debug_merge_point(0, 0, '802<std_core_hnd.rpyeffect:501([k@[mcore:[#725]#1309]#1314])>+1: {"op": "Invoke". "receiver": 1. "tag": Interned(%apply():p). "args" : {"num": []. "ptr": []}}')
+508: p57 = getfield_gc_r(p55, descr=<FieldP rpyeffect.stored_environment.CoData__arb_arb.inst_vtable 24 pure>)
+516: guard_value(p57, ConstPtr(ptr58), descr=<Guard0x12873efe0>) [p0, i1, i2, i3, i4, i5, i6, i7, i8, i9, i10, i11, i12, i13, i14, i15, i16, p17, p18, p19, p20, p21, p22, p23, p24, p25, p26, p27, p28, p29, p30, p31, p32, p33, p34, p35]
debug_merge_point(0, 0, '5091<main.rpyeffect:94([#333])>+0: {"op": "Const". "type": "ptr". "out": 0. "format": "string". "value": "Name(import$std/core/hnd)"}')
debug_merge_point(0, 0, '5091<main.rpyeffect:94([#333])>+1: {"op": "PrimOp". "name": "getGlobal(String): Ptr". "out": {"num": []. "ptr": [0]}. "in": {"num": []. "ptr": [0]}}')
debug_merge_point(0, 0, '5091<main.rpyeffect:94([#333])>+2: {"op": "Push". "target": 5090. "args": {"num": []. "ptr": []}}')
debug_merge_point(0, 0, '5091<main.rpyeffect:94([#333])>+3: {"op": "Jump". "target": 5081}')
debug_merge_point(0, 0, '5081<main.rpyeffect:84([mcore:[#222]#247])>+0: {"op": "Const". "type": "num". "out": 0. "value": 0}')
debug_merge_point(0, 0, '5081<main.rpyeffect:84([mcore:[#222]#247])>+1: {"op": "Const". "type": "ptr". "out": 0. "format": "string". "value": "Name(import$std/core/hnd)"}')
debug_merge_point(0, 0, '5081<main.rpyeffect:84([mcore:[#222]#247])>+2: {"op": "PrimOp". "name": "getGlobal(String): Ptr". "out": {"num": []. "ptr": [0]}. "in": {"num": []. "ptr": [0]}}')
debug_merge_point(0, 0, '5081<main.rpyeffect:84([mcore:[#222]#247])>+3: {"op": "Push". "target": 5080. "args": {"num": [0]. "ptr": []}}')
debug_merge_point(0, 0, '5081<main.rpyeffect:84([mcore:[#222]#247])>+4: {"op": "Jump". "target": 5069}')
debug_merge_point(0, 0, '5069<main.rpyeffect:72([mcore:[#214]#243])>+0: {"op": "Const". "type": "ptr". "out": 0. "format": "string". "value": "Name(import$std/core/hnd)"}')
debug_merge_point(0, 0, '5069<main.rpyeffect:72([mcore:[#214]#243])>+1: {"op": "PrimOp". "name": "getGlobal(String): Ptr". "out": {"num": []. "ptr": [0]}. "in": {"num": []. "ptr": [0]}}')
debug_merge_point(0, 0, '5069<main.rpyeffect:72([mcore:[#214]#243])>+2: {"op": "CallLib". "lib": "0". "symbol": "getCurrentEvv"}')
debug_merge_point(0, 0, '301<std_core_hnd.rpyeffect:0(Name(getCurrentEvv))>+0: {"op": "Const". "type": "ptr". "out": 0. "format": "string". "value": "current-evv"}')
debug_merge_point(0, 0, '301<std_core_hnd.rpyeffect:0(Name(getCurrentEvv))>+1: {"op": "PrimOp". "name": "getGlobal(String): Ptr". "out": {"num": []. "ptr": [0]}. "in": {"num": []. "ptr": [0]}}')
debug_merge_point(0, 0, '301<std_core_hnd.rpyeffect:0(Name(getCurrentEvv))>+2: {"op": "PrimOp". "name": "getRef(Ref[Ptr]): Ptr". "out": {"num": []. "ptr": [0]}. "in": {"num": []. "ptr": [0]}}')
debug_merge_point(0, 0, '301<std_core_hnd.rpyeffect:0(Name(getCurrentEvv))>+3: {"op": "Return". "args": {"num": []. "ptr": [0]}}')
debug_merge_point(0, 0, '5080<main.rpyeffect:83([k@[mcore:[#222]#247]#253])>+0: {"op": "PrimOp". "name": "promote_ptr". "out": {"num": []. "ptr": [0]}. "in": {"num": []. "ptr": [0]}}')
debug_merge_point(0, 0, '5080<main.rpyeffect:83([k@[mcore:[#222]#247]#253])>+1: {"op": "Const". "type": "ptr". "out": 1. "format": "string". "value": "Name(import$std/core/hnd)"}')
debug_merge_point(0, 0, '5080<main.rpyeffect:83([k@[mcore:[#222]#247]#253])>+2: {"op": "PrimOp". "name": "getGlobal(String): Ptr". "out": {"num": []. "ptr": [1]}. "in": {"num": []. "ptr": [1]}}')
debug_merge_point(0, 0, '5080<main.rpyeffect:83([k@[mcore:[#222]#247]#253])>+3: {"op": "Push". "target": 5079. "args": {"num": []. "ptr": []}}')
debug_merge_point(0, 0, '5080<main.rpyeffect:83([k@[mcore:[#222]#247]#253])>+4: {"op": "Jump". "target": 5068}')
debug_merge_point(0, 0, '5068<main.rpyeffect:71([mcore:[#213]#237])>+0: {"op": "Const". "type": "ptr". "out": 1. "format": "string". "value": "Name(import$std/core/hnd)"}')
debug_merge_point(0, 0, '5068<main.rpyeffect:71([mcore:[#213]#237])>+1: {"op": "PrimOp". "name": "getGlobal(String): Ptr". "out": {"num": []. "ptr": [1]}. "in": {"num": []. "ptr": [1]}}')
debug_merge_point(0, 0, '5068<main.rpyeffect:71([mcore:[#213]#237])>+2: {"op": "CallLib". "lib": "1". "symbol": "elt"}')
debug_merge_point(0, 0, '331<std_core_hnd.rpyeffect:30(Name(elt))>+0: {"op": "Switch". "scrutinee": 0. "values": [0]. "targets": [329]. "default": 330}')
debug_merge_point(0, 0, '329<std_core_hnd.rpyeffect:28([switch case for 0#86])>+0: {"op": "Proj". "out": 0. "type": Interned(evv). "scrutinee": 0. "tag": Interned(cons). "field": 0. "field_type": "ptr"}')
debug_merge_point(0, 0, '329<std_core_hnd.rpyeffect:28([switch case for 0#86])>+1: {"op": "Return". "args": {"num": []. "ptr": [0]}}')
debug_merge_point(0, 0, '5079<main.rpyeffect:82([k@[k@[mcore:[#222]#247]#253]#261])>+0: {"op": "Match". "type": Interned(std/core/hnd/ev). "scrutinee": 0. "clauses": [{"tag": Interned(std/core/hnd/Ev). "target": 5078. "args": {"num": []. "ptr": [1. 2. 3. 4]}}]. "default": {"tag": Interned(0ebd4aad-cbef-458e-b7ce-546cf0866444#[Missing Tag#1212]). "target": 5070. "args": {"num": []. "ptr": []}}}')
+524: p59 = getfield_gc_r(p53, descr=<FieldP rpyeffect.stored_environment.Data__arb_arb.inst_tag 8>)
+532: guard_value(p59, ConstPtr(ptr60), descr=<Guard0x12873f020>) [p0, i1, i2, i3, i4, i5, i6, i7, i8, i9, i10, i11, i12, i13, i14, i15, i16, p17, p18, p19, p20, p21, p22, p23, p24, p25, p26, p27, p28, p29, p30, p31, p32, p33, p34, p35]
+540: p61 = getfield_gc_r(p53, descr=<FieldP rpyeffect.stored_environment.Data__arb_arb.inst_values_ptr 24 pure>)
+544: p63 = getarrayitem_gc_pure_r(p61, 0, descr=<ArrayP 8>)
+544: p65 = getarrayitem_gc_pure_r(p61, 1, descr=<ArrayP 8>)
+548: p67 = getarrayitem_gc_pure_r(p61, 2, descr=<ArrayP 8>)
+552: p69 = getarrayitem_gc_pure_r(p61, 3, descr=<ArrayP 8>)
debug_merge_point(0, 0, '5078<main.rpyeffect:81([#265])>+0: {"op": "Copy". "type": "ptr". "from": 0. "to". 1}')
debug_merge_point(0, 0, '5078<main.rpyeffect:81([#265])>+1: {"op": "Copy". "type": "ptr". "from": 2. "to". 0}')
debug_merge_point(0, 0, '5078<main.rpyeffect:81([#265])>+2: {"op": "Match". "type": Interned(main/flip). "scrutinee": 3. "clauses": [{"tag": Interned(main/@Hnd-flip). "target": 5077. "args": {"num": [0]. "ptr": [2]}}]. "default": {"tag": Interned(0ebd4aad-cbef-458e-b7ce-546cf0866444#[Missing Tag#1211]). "target": 5072. "args": {"num": []. "ptr": []}}}')
+556: p70 = getfield_gc_r(p67, descr=<FieldP rpyeffect.stored_environment.Data__arb_arb.inst_tag 8>)
+564: guard_value(p70, ConstPtr(ptr71), descr=<Guard0x12873f060>) [p0, i1, i2, i3, i4, i5, i6, i7, i8, i9, i10, i11, i12, i13, i14, i15, i16, p17, p18, p19, p20, p21, p22, p23, p24, p25, p26, p27, p28, p29, p30, p31, p32, p33, p34, p35]
+572: i72 = getfield_gc_i(p67, descr=<FieldS rpyeffect.stored_environment.Data__1_1.inst_values_num_0 32 pure>)
+572: p73 = getfield_gc_r(p67, descr=<FieldP rpyeffect.stored_environment.Data__1_1.inst_values_ptr_0 40 pure>)
debug_merge_point(0, 0, '5077<main.rpyeffect:80([match_main/@Hnd-flip@[#265]#272])>+0: {"op": "Match". "type": Interned(std/core/hnd/clause0). "scrutinee": 2. "clauses": [{"tag": Interned(std/core/hnd/Clause0). "target": 5076. "args": {"num": []. "ptr": [2]}}]. "default": {"tag": Interned(0ebd4aad-cbef-458e-b7ce-546cf0866444#[Missing Tag#1210]). "target": 5074. "args": {"num": []. "ptr": []}}}')
+576: p74 = getfield_gc_r(p73, descr=<FieldP rpyeffect.stored_environment.Data__arb_arb.inst_tag 8>)
+584: guard_value(p74, ConstPtr(ptr75), descr=<Guard0x12873f0a0>) [p0, i1, i2, i3, i4, i5, i6, i7, i8, i9, i10, i11, i12, i13, i14, i15, i16, p17, p18, p19, p20, p21, p22, p23, p24, p25, p26, p27, p28, p29, p30, p31, p32, p33, p34, p35]
+592: p76 = getfield_gc_r(p73, descr=<FieldP rpyeffect.stored_environment.Data__0_1.inst_values_ptr_0 32 pure>)
debug_merge_point(0, 0, '5076<main.rpyeffect:79([#279])>+0: {"op": "Push". "target": 5075. "args": {"num": []. "ptr": []}}')
debug_merge_point(0, 0, '5076<main.rpyeffect:79([#279])>+1: {"op": "Invoke". "receiver": 2. "tag": Interned(%apply(pp):p). "args" : {"num": []. "ptr": [0. 1]}}')
+596: p77 = getfield_gc_r(p76, descr=<FieldP rpyeffect.stored_environment.CoData__arb_arb.inst_vtable 24 pure>)
+604: guard_value(p77, ConstPtr(ptr78), descr=<Guard0x12873f0e0>) [p0, i1, i2, i3, i4, i5, i6, i7, i8, i9, i10, i11, i12, i13, i14, i15, i16, p17, p18, p19, p20, p21, p22, p23, p24, p25, p26, p27, p28, p29, p30, p31, p32, p33, p34, p35]
debug_merge_point(0, 0, '5193<main.rpyeffect:196([method_%apply(pp):p@[mcore:[#327]#765]#772])>+0: {"op": "Const". "type": "ptr". "out": 2. "format": "string". "value": "Name(import$std/core/hnd)"}')
debug_merge_point(0, 0, '5193<main.rpyeffect:196([method_%apply(pp):p@[mcore:[#327]#765]#772])>+1: {"op": "PrimOp". "name": "getGlobal(String): Ptr". "out": {"num": []. "ptr": [2]}. "in": {"num": []. "ptr": [2]}}')
debug_merge_point(0, 0, '5193<main.rpyeffect:196([method_%apply(pp):p@[mcore:[#327]#765]#772])>+2: {"op": "Jump". "target": 5146}')
debug_merge_point(0, 0, '5146<main.rpyeffect:149([mcore:[#279]#533])>+0: {"op": "New". "out": 1. "targets": [5143. 5145]. "args": {"num": []. "ptr": []}}')
debug_merge_point(0, 0, '5146<main.rpyeffect:149([mcore:[#279]#533])>+1: {"op": "Const". "type": "ptr". "out": 2. "format": "string". "value": "Name(import$std/core/hnd)"}')
debug_merge_point(0, 0, '5146<main.rpyeffect:149([mcore:[#279]#533])>+2: {"op": "PrimOp". "name": "getGlobal(String): Ptr". "out": {"num": []. "ptr": [2]}. "in": {"num": []. "ptr": [2]}}')
debug_merge_point(0, 0, '5146<main.rpyeffect:149([mcore:[#279]#533])>+3: {"op": "Jump". "target": 5132}')
debug_merge_point(0, 0, '5132<main.rpyeffect:135([mcore:[#262]#487])>+0: {"op": "Const". "type": "ptr". "out": 2. "format": "string". "value": "Name(import$std/core/hnd)"}')
debug_merge_point(0, 0, '5132<main.rpyeffect:135([mcore:[#262]#487])>+1: {"op": "PrimOp". "name": "getGlobal(String): Ptr". "out": {"num": []. "ptr": [2]}. "in": {"num": []. "ptr": [2]}}')
debug_merge_point(0, 0, '5132<main.rpyeffect:135([mcore:[#262]#487])>+2: {"op": "CallLib". "lib": "2". "symbol": "std/core/hnd/yield-to"}')
debug_merge_point(0, 0, '1022<std_core_hnd.rpyeffect:721([mcore:[#893]#2108])>+0: {"op": "Push". "target": 1021. "args": {"num": []. "ptr": [1. 0]}}')
debug_merge_point(0, 0, '1022<std_core_hnd.rpyeffect:721([mcore:[#893]#2108])>+1: {"op": "Jump". "target": 509}')
debug_merge_point(0, 0, '509<std_core_hnd.rpyeffect:208([mcore:[#471]#472])>+0: {"op": "Jump". "target": 301}')
debug_merge_point(0, 0, '301<std_core_hnd.rpyeffect:0(Name(getCurrentEvv))>+0: {"op": "Const". "type": "ptr". "out": 0. "format": "string". "value": "current-evv"}')
debug_merge_point(0, 0, '301<std_core_hnd.rpyeffect:0(Name(getCurrentEvv))>+1: {"op": "PrimOp". "name": "getGlobal(String): Ptr". "out": {"num": []. "ptr": [0]}. "in": {"num": []. "ptr": [0]}}')
debug_merge_point(0, 0, '301<std_core_hnd.rpyeffect:0(Name(getCurrentEvv))>+2: {"op": "PrimOp". "name": "getRef(Ref[Ptr]): Ptr". "out": {"num": []. "ptr": [0]}. "in": {"num": []. "ptr": [0]}}')
debug_merge_point(0, 0, '301<std_core_hnd.rpyeffect:0(Name(getCurrentEvv))>+3: {"op": "Return". "args": {"num": []. "ptr": [0]}}')
debug_merge_point(0, 0, '1021<std_core_hnd.rpyeffect:720([k@[mcore:[#893]#2108]#2110])>+0: {"op": "Push". "target": 1020. "args": {"num": []. "ptr": [0]}}')
debug_merge_point(0, 0, '1021<std_core_hnd.rpyeffect:720([k@[mcore:[#893]#2108]#2110])>+1: {"op": "Copy". "type": "ptr". "from": 2. "to". 0}')
debug_merge_point(0, 0, '1021<std_core_hnd.rpyeffect:720([k@[mcore:[#893]#2108]#2110])>+2: {"op": "Jump". "target": 507}')
debug_merge_point(0, 0, '507<std_core_hnd.rpyeffect:206([mcore:[#470]#437])>+0: {"op": "Const". "type": "num". "out": 0. "value": 0}')
debug_merge_point(0, 0, '507<std_core_hnd.rpyeffect:206([mcore:[#470]#437])>+1: {"op": "ShiftDyn". "out": 0. "n": 0. "label": 0}')
+612: i79 = instance_ptr_eq(p33, p65)
guard_false(i79, descr=<Guard0x12873f120>) [p0, i1, i2, i3, i4, i5, i6, i7, i8, i9, i10, i11, i12, i13, i14, i15, i16, p17, p18, p19, p20, p21, p22, p23, p24, p25, p26, p27, p28, p29, p30, p31, p32, p33, p34, p35]
+620: p80 = getfield_gc_r(p35, descr=<FieldP rpyeffect.stack.MetaStack.inst_region 24 pure>)
+624: guard_isnull(p80, descr=<Guard0x12873f160>) [p0, i1, i2, i3, i4, i5, i6, i7, i8, i9, i10, i11, i12, i13, i14, i15, i16, p17, p18, p19, p20, p21, p22, p23, p24, p25, p26, p27, p28, p29, p30, p31, p32, p33, p34, p35]
+632: p81 = getfield_gc_r(p35, descr=<FieldP rpyeffect.stack.MetaStack.inst_label 16 pure>)
+636: i82 = instance_ptr_eq(p81, p65)
guard_true(i82, descr=<Guard0x12873f1a0>) [p0, i1, i2, i3, i4, i5, i6, i7, i8, i9, i10, i11, i12, i13, i14, i15, i16, p17, p18, p19, p20, p21, p22, p23, p24, p25, p26, p27, p28, p29, p30, p31, p32, p33, p34, p35]
+644: p83 = getfield_gc_r(p35, descr=<FieldP rpyeffect.stack.MetaStackLike.inst_stack 8 pure>)
+648: p84 = getfield_gc_r(p35, descr=<FieldP rpyeffect.stack.MetaStack.inst_tail 32 pure>)
+652: guard_nonnull_class(p84, 4348275712, descr=<Guard0x128749a98>) [p0, i1, i2, i3, i4, i5, i6, i7, i8, i9, i10, i11, i12, i13, i14, i15, i16, p17, p18, p19, p20, p21, p22, p23, p24, p25, p26, p27, p28, p29, p30, p31, p32, p33, p34, p35]
+676: p86 = getfield_gc_r(p84, descr=<FieldP rpyeffect.stack.MetaStackLike.inst_stack 8 pure>)
+680: p87 = getfield_gc_r(p84, descr=<FieldP rpyeffect.stack.MetaStack.inst_label 16 pure>)
+684: p88 = getfield_gc_r(p84, descr=<FieldP rpyeffect.stack.MetaStack.inst_tail 32 pure>)
+688: guard_nonnull(p86, descr=<Guard0x12873f1e0>) [p0, i1, i2, i3, i4, i5, i6, i7, i8, i9, i10, i11, i12, i13, i14, i15, i16, p17, p18, p19, p20, p21, p22, p23, p24, p25, p26, p27, p28, p29, p30, p31, p32, p33, p34, p35]
+696: i89 = getfield_gc_i(p86, descr=<FieldS rpyeffect.stored_environment.Stack__arb_arb.inst_target 16 pure>)
+704: guard_value(i89, 505, descr=<Guard0x12873f220>) [p0, i1, i2, i3, i4, i5, i6, i7, i8, i9, i10, i11, i12, i13, i14, i15, i16, p17, p18, p19, p20, p21, p22, p23, p24, p25, p26, p27, p28, p29, p30, p31, p32, p33, p34, p35]
debug_merge_point(0, 0, '507<std_core_hnd.rpyeffect:206([mcore:[#470]#437])>+2: {"op": "New". "out": 0. "targets": [500. 502. 504. 506]. "args": {"num": []. "ptr": [0]}}')
debug_merge_point(0, 0, '507<std_core_hnd.rpyeffect:206([mcore:[#470]#437])>+3: {"op": "Invoke". "receiver": 1. "tag": Interned(%apply(p):p). "args" : {"num": []. "ptr": [0]}}')
debug_merge_point(0, 0, '5143<main.rpyeffect:146([method_%apply(p):p@[mcore:[#279]#533]#537])>+0: {"op": "Const". "type": "ptr". "out": 1. "format": "string". "value": "Name(import$std/core/hnd)"}')
debug_merge_point(0, 0, '5143<main.rpyeffect:146([method_%apply(p):p@[mcore:[#279]#533]#537])>+1: {"op": "PrimOp". "name": "getGlobal(String): Ptr". "out": {"num": []. "ptr": [1]}. "in": {"num": []. "ptr": [1]}}')
debug_merge_point(0, 0, '5143<main.rpyeffect:146([method_%apply(p):p@[mcore:[#279]#533]#537])>+2: {"op": "Jump". "target": 5141}')
debug_merge_point(0, 0, '5141<main.rpyeffect:144([mcore:[#277]#512])>+0: {"op": "Construct". "out": 1. "type": Interned(Unit). "tag": Interned(unit). "args": {"num": []. "ptr": []}}')
debug_merge_point(0, 0, '5141<main.rpyeffect:144([mcore:[#277]#512])>+1: {"op": "New". "out": 2. "targets": [5138. 5140]. "args": {"num": []. "ptr": []}}')
debug_merge_point(0, 0, '5141<main.rpyeffect:144([mcore:[#277]#512])>+2: {"op": "Const". "type": "ptr". "out": 3. "format": "string". "value": "Name(import$std/core/hnd)"}')
debug_merge_point(0, 0, '5141<main.rpyeffect:144([mcore:[#277]#512])>+3: {"op": "PrimOp". "name": "getGlobal(String): Ptr". "out": {"num": []. "ptr": [3]}. "in": {"num": []. "ptr": [3]}}')
debug_merge_point(0, 0, '5141<main.rpyeffect:144([mcore:[#277]#512])>+4: {"op": "Swap". "type": "ptr". "a": 0. "b". 1}')
debug_merge_point(0, 0, '5141<main.rpyeffect:144([mcore:[#277]#512])>+5: {"op": "Swap". "type": "ptr". "a": 2. "b". 1}')
debug_merge_point(0, 0, '5141<main.rpyeffect:144([mcore:[#277]#512])>+6: {"op": "Jump". "target": 5133}')
debug_merge_point(0, 0, '5133<main.rpyeffect:136([mcore:[#265]#493])>+0: {"op": "Const". "type": "ptr". "out": 3. "format": "string". "value": "Name(import$std/core/hnd)"}')
debug_merge_point(0, 0, '5133<main.rpyeffect:136([mcore:[#265]#493])>+1: {"op": "PrimOp". "name": "getGlobal(String): Ptr". "out": {"num": []. "ptr": [3]}. "in": {"num": []. "ptr": [3]}}')
debug_merge_point(0, 0, '5133<main.rpyeffect:136([mcore:[#265]#493])>+2: {"op": "CallLib". "lib": "3". "symbol": "std/core/hnd/protect"}')
debug_merge_point(0, 0, '495<std_core_hnd.rpyeffect:194([mcore:[#466]#434])>+0: {"op": "Swap". "type": "ptr". "a": 1. "b". 2}')
debug_merge_point(0, 0, '495<std_core_hnd.rpyeffect:194([mcore:[#466]#434])>+1: {"op": "Invoke". "receiver": 2. "tag": Interned(%apply(pp):p). "args" : {"num": []. "ptr": [0. 1]}}')
debug_merge_point(0, 0, '5140<main.rpyeffect:143([method_%apply(pp):p@[mcore:[#277]#512]#523])>+0: {"op": "Push". "target": 5139. "args": {"num": []. "ptr": []}}')
debug_merge_point(0, 0, '5140<main.rpyeffect:143([method_%apply(pp):p@[mcore:[#277]#512]#523])>+1: {"op": "Jump". "target": 5136}')
debug_merge_point(0, 0, '5136<main.rpyeffect:139([mcore:[#274]#500])>+0: {"op": "Const". "type": "num". "out": 0. "value": 1}')
debug_merge_point(0, 0, '5136<main.rpyeffect:139([mcore:[#274]#500])>+1: {"op": "Push". "target": 5135. "args": {"num": []. "ptr": [1]}}')
debug_merge_point(0, 0, '5136<main.rpyeffect:139([mcore:[#274]#500])>+2: {"op": "Invoke". "receiver": 1. "tag": Interned(%apply(n):n). "args" : {"num": [0]. "ptr": []}}')
debug_merge_point(0, 0, '506<std_core_hnd.rpyeffect:205([method_%apply(n):n@[mcore:[#470]#437]#462])>+0: {"op": "PrimOp". "name": "box(Num): Ptr". "out": {"num": []. "ptr": [1]}. "in": {"num": [0]. "ptr": []}}')
debug_merge_point(0, 0, '506<std_core_hnd.rpyeffect:205([method_%apply(n):n@[mcore:[#470]#437]#462])>+1: {"op": "Push". "target": 505. "args": {"num": []. "ptr": []}}')
debug_merge_point(0, 0, '506<std_core_hnd.rpyeffect:205([method_%apply(n):n@[mcore:[#470]#437]#462])>+2: {"op": "Swap". "type": "ptr". "a": 0. "b". 1}')
debug_merge_point(0, 0, '506<std_core_hnd.rpyeffect:205([method_%apply(n):n@[mcore:[#470]#437]#462])>+3: {"op": "Jump". "target": 497}')
debug_merge_point(0, 0, '497<std_core_hnd.rpyeffect:196([mcore:[#469]#436])>+0: {"op": "PushStack". "arg": 1}')
debug_merge_point(0, 0, '497<std_core_hnd.rpyeffect:196([mcore:[#469]#436])>+1: {"op": "Return". "args": {"num": []. "ptr": [0]}}')
debug_merge_point(0, 0, '1020<std_core_hnd.rpyeffect:719([k@[k@[mcore:[#893]#2108]#2110]#2112])>+0: {"op": "Const". "type": "ptr". "out": 2. "format": "string". "value": "Name(import$std/core/hnd)"}')
debug_merge_point(0, 0, '1020<std_core_hnd.rpyeffect:719([k@[k@[mcore:[#893]#2108]#2110]#2112])>+1: {"op": "PrimOp". "name": "getGlobal(String): Ptr". "out": {"num": []. "ptr": [2]}. "in": {"num": []. "ptr": [2]}}')
debug_merge_point(0, 0, '1020<std_core_hnd.rpyeffect:719([k@[k@[mcore:[#893]#2108]#2110]#2112])>+2: {"op": "Push". "target": 1019. "args": {"num": []. "ptr": [0]}}')
debug_merge_point(0, 0, '1020<std_core_hnd.rpyeffect:719([k@[k@[mcore:[#893]#2108]#2110]#2112])>+3: {"op": "Copy". "type": "ptr". "from": 1. "to". 0}')
debug_merge_point(0, 0, '1020<std_core_hnd.rpyeffect:719([k@[k@[mcore:[#893]#2108]#2110]#2112])>+4: {"op": "Copy". "type": "ptr". "from": 2. "to". 1}')
debug_merge_point(0, 0, '1020<std_core_hnd.rpyeffect:719([k@[k@[mcore:[#893]#2108]#2110]#2112])>+5: {"op": "Jump". "target": 1018}')
debug_merge_point(0, 0, '1018<std_core_hnd.rpyeffect:717([mcore:[#892]#2103])>+0: {"op": "Const". "type": "ptr". "out": 1. "format": "string". "value": "Name(import$std/core/hnd)"}')
debug_merge_point(0, 0, '1018<std_core_hnd.rpyeffect:717([mcore:[#892]#2103])>+1: {"op": "PrimOp". "name": "getGlobal(String): Ptr". "out": {"num": []. "ptr": [1]}. "in": {"num": []. "ptr": [1]}}')
debug_merge_point(0, 0, '1018<std_core_hnd.rpyeffect:717([mcore:[#892]#2103])>+2: {"op": "CallLib". "lib": "1". "symbol": "setCurrentEvv"}')
debug_merge_point(0, 0, '302<std_core_hnd.rpyeffect:1(Name(setCurrentEvv))>+0: {"op": "Const". "type": "ptr". "out": 1. "format": "string". "value": "current-evv"}')
debug_merge_point(0, 0, '302<std_core_hnd.rpyeffect:1(Name(setCurrentEvv))>+1: {"op": "PrimOp". "name": "getGlobal(String): Ptr". "out": {"num": []. "ptr": [1]}. "in": {"num": []. "ptr": [1]}}')
debug_merge_point(0, 0, '302<std_core_hnd.rpyeffect:1(Name(setCurrentEvv))>+2: {"op": "PrimOp". "name": "setRef(Ref[Ptr]. Ptr): Unit". "out": {"num": []. "ptr": [0]}. "in": {"num": []. "ptr": [1. 0]}}')
debug_merge_point(0, 0, '302<std_core_hnd.rpyeffect:1(Name(setCurrentEvv))>+3: {"op": "Return". "args": {"num": []. "ptr": [0]}}')
debug_merge_point(0, 0, '1019<std_core_hnd.rpyeffect:718([k@[k@[k@[mcore:[#893]#2108]#2110]#2112]#2117])>+0: {"op": "Copy". "type": "ptr". "from": 1. "to". 0}')
debug_merge_point(0, 0, '1019<std_core_hnd.rpyeffect:718([k@[k@[k@[mcore:[#893]#2108]#2110]#2112]#2117])>+1: {"op": "Return". "args": {"num": []. "ptr": [0]}}')
debug_merge_point(0, 0, '5075<main.rpyeffect:78([k@[#279]#281])>+0: {"op": "PrimOp". "name": "unbox(Ptr): Num". "out": {"num": [0]. "ptr": []}. "in": {"num": []. "ptr": [0]}}')
debug_merge_point(0, 0, '5075<main.rpyeffect:78([k@[#279]#281])>+1: {"op": "Return". "args": {"num": [0]. "ptr": []}}')
debug_merge_point(0, 0, '5090<main.rpyeffect:93([k@[#333]#336])>+0: {"op": "PrimOp". "name": "box(Num): Ptr". "out": {"num": []. "ptr": [0]}. "in": {"num": [0]. "ptr": []}}')
debug_merge_point(0, 0, '5090<main.rpyeffect:93([k@[#333]#336])>+1: {"op": "Return". "args": {"num": []. "ptr": [0]}}')
+716: guard_nonnull(p56, descr=<Guard0x12873f260>) [p0, i1, i2, i3, i4, i5, i6, i7, i8, i9, i10, i11, i12, i13, i14, i15, i16, p17, p18, p19, p20, p21, p22, p23, p24, p25, p26, p27, p28, p29, p30, p31, p32, p33, p34, p35]
+724: i91 = getfield_gc_i(p56, descr=<FieldS rpyeffect.stored_environment.Stack__arb_arb.inst_target 16 pure>)
+728: guard_value(i91, 5098, descr=<Guard0x12873f2a0>) [p0, i1, i2, i3, i4, i5, i6, i7, i8, i9, i10, i11, i12, i13, i14, i15, i16, p17, p18, p19, p20, p21, p22, p23, p24, p25, p26, p27, p28, p29, p30, p31, p32, p33, p34, p35]
debug_merge_point(0, 0, '801<std_core_hnd.rpyeffect:500([k@[k@[mcore:[#725]#1309]#1314]#1316])>+0: {"op": "Const". "type": "ptr". "out": 2. "format": "string". "value": "Name(import$std/core/hnd)"}')
debug_merge_point(0, 0, '801<std_core_hnd.rpyeffect:500([k@[k@[mcore:[#725]#1309]#1314]#1316])>+1: {"op": "PrimOp". "name": "getGlobal(String): Ptr". "out": {"num": []. "ptr": [2]}. "in": {"num": []. "ptr": [2]}}')
debug_merge_point(0, 0, '801<std_core_hnd.rpyeffect:500([k@[k@[mcore:[#725]#1309]#1314]#1316])>+2: {"op": "Push". "target": 800. "args": {"num": [0]. "ptr": [0]}}')
debug_merge_point(0, 0, '801<std_core_hnd.rpyeffect:500([k@[k@[mcore:[#725]#1309]#1314]#1316])>+3: {"op": "Copy". "type": "ptr". "from": 1. "to". 0}')
debug_merge_point(0, 0, '801<std_core_hnd.rpyeffect:500([k@[k@[mcore:[#725]#1309]#1314]#1316])>+4: {"op": "Copy". "type": "ptr". "from": 2. "to". 1}')
debug_merge_point(0, 0, '801<std_core_hnd.rpyeffect:500([k@[k@[mcore:[#725]#1309]#1314]#1316])>+5: {"op": "Jump". "target": 785}')
debug_merge_point(0, 0, '785<std_core_hnd.rpyeffect:484([mcore:[#717]#1300])>+0: {"op": "Const". "type": "ptr". "out": 1. "format": "string". "value": "Name(import$std/core/hnd)"}')
debug_merge_point(0, 0, '785<std_core_hnd.rpyeffect:484([mcore:[#717]#1300])>+1: {"op": "PrimOp". "name": "getGlobal(String): Ptr". "out": {"num": []. "ptr": [1]}. "in": {"num": []. "ptr": [1]}}')
debug_merge_point(0, 0, '785<std_core_hnd.rpyeffect:484([mcore:[#717]#1300])>+2: {"op": "CallLib". "lib": "1". "symbol": "setCurrentEvv"}')
debug_merge_point(0, 0, '302<std_core_hnd.rpyeffect:1(Name(setCurrentEvv))>+0: {"op": "Const". "type": "ptr". "out": 1. "format": "string". "value": "current-evv"}')
debug_merge_point(0, 0, '302<std_core_hnd.rpyeffect:1(Name(setCurrentEvv))>+1: {"op": "PrimOp". "name": "getGlobal(String): Ptr". "out": {"num": []. "ptr": [1]}. "in": {"num": []. "ptr": [1]}}')
debug_merge_point(0, 0, '302<std_core_hnd.rpyeffect:1(Name(setCurrentEvv))>+2: {"op": "PrimOp". "name": "setRef(Ref[Ptr]. Ptr): Unit". "out": {"num": []. "ptr": [0]}. "in": {"num": []. "ptr": [1. 0]}}')
debug_merge_point(0, 0, '302<std_core_hnd.rpyeffect:1(Name(setCurrentEvv))>+3: {"op": "Return". "args": {"num": []. "ptr": [0]}}')
debug_merge_point(0, 0, '800<std_core_hnd.rpyeffect:499([k@[k@[k@[mcore:[#725]#1309]#1314]#1316]#1321])>+0: {"op": "Const". "type": "num". "out": 1. "value": 0}')
debug_merge_point(0, 0, '800<std_core_hnd.rpyeffect:499([k@[k@[k@[mcore:[#725]#1309]#1314]#1316]#1321])>+1: {"op": "Copy". "type": "ptr". "from": 1. "to". 0}')
debug_merge_point(0, 0, '800<std_core_hnd.rpyeffect:499([k@[k@[k@[mcore:[#725]#1309]#1314]#1316]#1321])>+2: {"op": "Switch". "scrutinee": 1. "values": [1]. "targets": [796]. "default": 799}')
debug_merge_point(0, 0, '799<std_core_hnd.rpyeffect:498([switch default case#1364])>+0: {"op": "Const". "type": "num". "out": 0. "value": 0}')
debug_merge_point(0, 0, '799<std_core_hnd.rpyeffect:498([switch default case#1364])>+1: {"op": "Switch". "scrutinee": 0. "values": [0]. "targets": [797]. "default": 798}')
debug_merge_point(0, 0, '797<std_core_hnd.rpyeffect:496([switch case for 0#1366])>+0: {"op": "Return". "args": {"num": []. "ptr": [0]}}')
+744: i93 = getfield_gc_i(p56, descr=<FieldS rpyeffect.stored_environment.Stack__1_0.inst_values_num_0 40 pure>)
+748: p94 = getfield_gc_r(p56, descr=<FieldP rpyeffect.stored_environment.Stack__arb_arb.inst_tail 8 pure>)
debug_merge_point(0, 0, '5098<main.rpyeffect:101([k@[switch case for 0#321]#345])>+0: {"op": "PrimOp". "name": "unbox(Ptr): Num". "out": {"num": [1]. "ptr": []}. "in": {"num": []. "ptr": [0]}}')
debug_merge_point(0, 0, '5098<main.rpyeffect:101([k@[switch case for 0#321]#345])>+1: {"op": "Swap". "type": "num". "a": 0. "b". 1}')
debug_merge_point(0, 0, '5098<main.rpyeffect:101([k@[switch case for 0#321]#345])>+2: {"op": "Switch". "scrutinee": 0. "values": [1]. "targets": [5093]. "default": 5097}')
+752: guard_nonnull(p94, descr=<Guard0x12873f2e0>) [p0, i1, i2, i3, i4, i5, i6, i7, i8, i9, i10, i11, i12, i13, i14, i15, i16, p17, p18, p19, p20, p21, p22, p23, p24, p25, p26, p27, p28, p29, p30, p31, p32, p33, p34, p35]
+760: i95 = getfield_gc_i(p94, descr=<FieldS rpyeffect.stored_environment.Stack__arb_arb.inst_target 16 pure>)
+764: guard_value(i95, 5128, descr=<Guard0x12873f320>) [p0, i1, i2, i3, i4, i5, i6, i7, i8, i9, i10, i11, i12, i13, i14, i15, i16, p17, p18, p19, p20, p21, p22, p23, p24, p25, p26, p27, p28, p29, p30, p31, p32, p33, p34, p35]
debug_merge_point(0, 0, '5093<main.rpyeffect:96([switch case for 1#351])>+0: {"op": "Copy". "type": "num". "from": 1. "to". 0}')
debug_merge_point(0, 0, '5093<main.rpyeffect:96([switch case for 1#351])>+1: {"op": "Return". "args": {"num": [0]. "ptr": []}}')
+776: i97 = getfield_gc_i(p94, descr=<FieldS rpyeffect.stored_environment.Stack__2_0.inst_values_num_0 40 pure>)
+780: i98 = getfield_gc_i(p94, descr=<FieldS rpyeffect.stored_environment.Stack__2_0.inst_values_num_1 48 pure>)
+784: p99 = getfield_gc_r(p94, descr=<FieldP rpyeffect.stored_environment.Stack__arb_arb.inst_tail 8 pure>)
debug_merge_point(0, 0, '5128<main.rpyeffect:131([k@[k@[mcore:[#256]#422]#427]#435])>+0: {"op": "Const". "type": "num". "out": 3. "value": 1}')
debug_merge_point(0, 0, '5128<main.rpyeffect:131([k@[k@[mcore:[#256]#422]#427]#435])>+1: {"op": "PrimOp". "name": "infixSub(Int. Int): Int". "out": {"num": [3]. "ptr": []}. "in": {"num": [0. 3]. "ptr": []}}')
+788: i101 = int_sub(i93, 1)
debug_merge_point(0, 0, '5128<main.rpyeffect:131([k@[k@[mcore:[#256]#422]#427]#435])>+2: {"op": "Const". "type": "ptr". "out": 0. "format": "string". "value": "Name(import$std/core/hnd)"}')
debug_merge_point(0, 0, '5128<main.rpyeffect:131([k@[k@[mcore:[#256]#422]#427]#435])>+3: {"op": "PrimOp". "name": "getGlobal(String): Ptr". "out": {"num": []. "ptr": [0]}. "in": {"num": []. "ptr": [0]}}')
debug_merge_point(0, 0, '5128<main.rpyeffect:131([k@[k@[mcore:[#256]#422]#427]#435])>+4: {"op": "Push". "target": 5127. "args": {"num": [1. 0. 2]. "ptr": []}}')
debug_merge_point(0, 0, '5128<main.rpyeffect:131([k@[k@[mcore:[#256]#422]#427]#435])>+5: {"op": "Copy". "type": "num". "from": 3. "to". 0}')
debug_merge_point(0, 0, '5128<main.rpyeffect:131([k@[k@[mcore:[#256]#422]#427]#435])>+6: {"op": "Jump". "target": 5102}')
debug_merge_point(0, 0, '5102<main.rpyeffect:105([mcore:[#227]#285])>+0: {"op": "Const". "type": "num". "out": 1. "value": 1}')
debug_merge_point(0, 0, '5102<main.rpyeffect:105([mcore:[#227]#285])>+1: {"op": "PrimOp". "name": "infixLt(Int. Int): Boolean". "out": {"num": [1]. "ptr": []}. "in": {"num": [0. 1]. "ptr": []}}')
+796: i103 = int_lt(i101, 1)
guard_false(i103, descr=<Guard0x12873f360>) [p0, i1, i2, i3, i4, i5, i6, i7, i8, i9, i10, i11, i12, i13, i14, i15, i16, p17, p18, p19, p20, p21, p22, p23, p24, p25, p26, p27, p28, p29, p30, p31, p32, p33, p34, p35]
debug_merge_point(0, 0, '5102<main.rpyeffect:105([mcore:[#227]#285])>+2: {"op": "Switch". "scrutinee": 1. "values": [1]. "targets": [5087]. "default": 5101}')
debug_merge_point(0, 0, '5101<main.rpyeffect:104([switch default case#317])>+0: {"op": "Const". "type": "num". "out": 1. "value": 1}')
debug_merge_point(0, 0, '5101<main.rpyeffect:104([switch default case#317])>+1: {"op": "PrimOp". "name": "infixLt(Int. Int): Boolean". "out": {"num": [1]. "ptr": []}. "in": {"num": [0. 1]. "ptr": []}}')
debug_merge_point(0, 0, '5101<main.rpyeffect:104([switch default case#317])>+2: {"op": "Switch". "scrutinee": 1. "values": [0]. "targets": [5099]. "default": 5100}')
debug_merge_point(0, 0, '5099<main.rpyeffect:102([switch case for 0#321])>+0: {"op": "Const". "type": "num". "out": 1. "value": 1}')
debug_merge_point(0, 0, '5099<main.rpyeffect:102([switch case for 0#321])>+1: {"op": "New". "out": 0. "targets": [5089. 5091]. "args": {"num": []. "ptr": []}}')
debug_merge_point(0, 0, '5099<main.rpyeffect:102([switch case for 0#321])>+2: {"op": "Const". "type": "ptr". "out": 1. "format": "string". "value": "Name(import$std/core/hnd)"}')
debug_merge_point(0, 0, '5099<main.rpyeffect:102([switch case for 0#321])>+3: {"op": "PrimOp". "name": "getGlobal(String): Ptr". "out": {"num": []. "ptr": [1]}. "in": {"num": []. "ptr": [1]}}')
debug_merge_point(0, 0, '5099<main.rpyeffect:102([switch case for 0#321])>+4: {"op": "Push". "target": 5098. "args": {"num": [0]. "ptr": []}}')
debug_merge_point(0, 0, '5099<main.rpyeffect:102([switch case for 0#321])>+5: {"op": "Copy". "type": "num". "from": 1. "to". 0}')
debug_merge_point(0, 0, '5099<main.rpyeffect:102([switch case for 0#321])>+6: {"op": "Jump". "target": 5067}')
debug_merge_point(0, 0, '5067<main.rpyeffect:70([mcore:[#210]#231])>+0: {"op": "Const". "type": "ptr". "out": 1. "format": "string". "value": "Name(import$std/core/hnd)"}')
debug_merge_point(0, 0, '5067<main.rpyeffect:70([mcore:[#210]#231])>+1: {"op": "PrimOp". "name": "getGlobal(String): Ptr". "out": {"num": []. "ptr": [1]}. "in": {"num": []. "ptr": [1]}}')
debug_merge_point(0, 0, '5067<main.rpyeffect:70([mcore:[#210]#231])>+2: {"op": "CallLib". "lib": "1". "symbol": "std/core/hnd/@open-at0"}')
debug_merge_point(0, 0, '803<std_core_hnd.rpyeffect:502([mcore:[#725]#1309])>+0: {"op": "Const". "type": "ptr". "out": 1. "format": "string". "value": "Name(import$std/core/hnd)"}')
debug_merge_point(0, 0, '803<std_core_hnd.rpyeffect:502([mcore:[#725]#1309])>+1: {"op": "PrimOp". "name": "getGlobal(String): Ptr". "out": {"num": []. "ptr": [1]}. "in": {"num": []. "ptr": [1]}}')
debug_merge_point(0, 0, '803<std_core_hnd.rpyeffect:502([mcore:[#725]#1309])>+2: {"op": "Push". "target": 802. "args": {"num": [0]. "ptr": [0]}}')
debug_merge_point(0, 0, '803<std_core_hnd.rpyeffect:502([mcore:[#725]#1309])>+3: {"op": "Copy". "type": "ptr". "from": 1. "to". 0}')
debug_merge_point(0, 0, '803<std_core_hnd.rpyeffect:502([mcore:[#725]#1309])>+4: {"op": "Jump". "target": 784}')
debug_merge_point(0, 0, '784<std_core_hnd.rpyeffect:483([mcore:[#715]#1295])>+0: {"op": "Const". "type": "ptr". "out": 0. "format": "string". "value": "Name(import$std/core/hnd)"}')
+804: p104 = new_with_vtable(descr=<SizeDescr 56>)
+916: p105 = new_with_vtable(descr=<SizeDescr 48>)
+932: p106 = new_with_vtable(descr=<SizeDescr 64>)
+948: setfield_gc(p106, p99, descr=<FieldP rpyeffect.stored_environment.Stack__arb_arb.inst_tail 8 pure>)
+952: setfield_gc(p106, 5127, descr=<FieldS rpyeffect.stored_environment.Stack__arb_arb.inst_target 16 pure>)
+960: setfield_gc(p106, i97, descr=<FieldS rpyeffect.stored_environment.Stack__3_0.inst_values_num_0 40 pure>)
+964: setfield_gc(p106, i93, descr=<FieldS rpyeffect.stored_environment.Stack__3_0.inst_values_num_1 48 pure>)
+968: setfield_gc(p106, i98, descr=<FieldS rpyeffect.stored_environment.Stack__3_0.inst_values_num_2 56 pure>)
+972: setfield_gc(p105, p106, descr=<FieldP rpyeffect.stored_environment.Stack__arb_arb.inst_tail 8 pure>)
+976: setfield_gc(p105, 5098, descr=<FieldS rpyeffect.stored_environment.Stack__arb_arb.inst_target 16 pure>)
+984: setfield_gc(p105, i101, descr=<FieldS rpyeffect.stored_environment.Stack__1_0.inst_values_num_0 40 pure>)
+988: p109 = new_with_vtable(descr=<SizeDescr 32>)
+1000: setfield_gc(p109, ConstPtr(ptr110), descr=<FieldP rpyeffect.stored_environment.CoData__arb_arb.inst_vtable 24 pure>)
+1004: p111 = new_with_vtable(descr=<SizeDescr 40>)
+1016: p112 = new_with_vtable(descr=<SizeDescr 40>)
+1028: p113 = new_with_vtable(descr=<SizeDescr 40>)
+1040: p114 = new_with_vtable(descr=<SizeDescr 48>)
+1056: p115 = new_with_vtable(descr=<SizeDescr 40>)
+1072: setfield_gc(p115, p86, descr=<FieldP rpyeffect.stored_environment.Stack__arb_arb.inst_tail 8 pure>)
+1080: setfield_gc(p115, 5139, descr=<FieldS rpyeffect.stored_environment.Stack__arb_arb.inst_target 16 pure>)
+1088: setfield_gc(p114, p115, descr=<FieldP rpyeffect.stored_environment.Stack__arb_arb.inst_tail 8 pure>)
+1092: setfield_gc(p114, 5135, descr=<FieldS rpyeffect.stored_environment.Stack__arb_arb.inst_target 16 pure>)
+1100: p118 = new_with_vtable(descr=<SizeDescr 40>)
+1120: setfield_gc(p118, ConstPtr(ptr119), descr=<FieldP rpyeffect.stored_environment.CoData__arb_arb.inst_vtable 24 pure>)
+1124: p120 = new_with_vtable(descr=<SizeDescr 40>)
+1140: p121 = new_with_vtable(descr=<SizeDescr 48>)
+1156: p122 = new_with_vtable(descr=<SizeDescr 40>)
+1172: p123 = new_with_vtable(descr=<SizeDescr 40>)
+1188: p124 = new_with_vtable(descr=<SizeDescr 56>)
+1204: setfield_gc(p124, p56, descr=<FieldP rpyeffect.stored_environment.Stack__arb_arb.inst_tail 8 pure>)
+1208: setfield_gc(p124, 801, descr=<FieldS rpyeffect.stored_environment.Stack__arb_arb.inst_target 16 pure>)
+1216: setfield_gc(p124, i54, descr=<FieldS rpyeffect.stored_environment.Stack__1_1.inst_values_num_0 40 pure>)
+1220: setfield_gc(p124, p39, descr=<FieldP rpyeffect.stored_environment.Stack__1_1.inst_values_ptr_0 48 pure>)
+1224: setfield_gc(p123, p124, descr=<FieldP rpyeffect.stored_environment.Stack__arb_arb.inst_tail 8 pure>)
+1228: setfield_gc(p123, 5090, descr=<FieldS rpyeffect.stored_environment.Stack__arb_arb.inst_target 16 pure>)
+1236: setfield_gc(p122, p123, descr=<FieldP rpyeffect.stored_environment.Stack__arb_arb.inst_tail 8 pure>)
+1240: setfield_gc(p122, 5075, descr=<FieldS rpyeffect.stored_environment.Stack__arb_arb.inst_target 16 pure>)
+1248: setfield_gc(p121, p122, descr=<FieldP rpyeffect.stored_environment.Stack__arb_arb.inst_tail 8 pure>)
+1252: setfield_gc(p121, 1020, descr=<FieldS rpyeffect.stored_environment.Stack__arb_arb.inst_target 16 pure>)
+1260: p129 = new_with_vtable(descr=<SizeDescr 48>)
+1272: setfield_gc(p129, ConstPtr(ptr130), descr=<FieldP rpyeffect.stored_environment.Data__arb_arb.inst_tag 8>)
+1276: setfield_gc(p129, p53, descr=<FieldP rpyeffect.stored_environment.Data__0_2.inst_values_ptr_0 32 pure>)
+1280: p131 = new_with_vtable(descr=<SizeDescr 32>)
+1296: setfield_gc(p131, ConstPtr(ptr132), descr=<FieldP rpyeffect.stored_environment.Data__arb_arb.inst_tag 8>)
+1300: setfield_gc(p129, p131, descr=<FieldP rpyeffect.stored_environment.Data__0_2.inst_values_ptr_1 40 pure>)
+1304: setfield_gc(p121, p129, descr=<FieldP rpyeffect.stored_environment.Stack__0_1.inst_values_ptr_0 40 pure>)
+1308: setfield_gc(p120, p121, descr=<FieldP rpyeffect.stack.MetaStackLike.inst_stack 8 pure>)
+1312: setfield_gc(p120, p33, descr=<FieldP rpyeffect.stack.MetaStack.inst_label 16 pure>)
+1316: setfield_gc(p120, ConstPtr(null), descr=<FieldP rpyeffect.stack.MetaStack.inst_region 24 pure>)
+1324: p134 = new_with_vtable(descr=<SizeDescr 40>)
+1336: setfield_gc(p134, p83, descr=<FieldP rpyeffect.stack.MetaStackLike.inst_stack 8 pure>)
+1340: setfield_gc(p134, p81, descr=<FieldP rpyeffect.stack.MetaStack.inst_label 16 pure>)
+1348: setfield_gc(p134, ConstPtr(null), descr=<FieldP rpyeffect.stack.MetaStack.inst_region 24 pure>)
+1356: setfield_gc(p134, ConstPtr(null), descr=<FieldP rpyeffect.stack.MetaStack.inst_tail 32 pure>)
+1364: setfield_gc(p120, p134, descr=<FieldP rpyeffect.stack.MetaStack.inst_tail 32 pure>)
+1368: setfield_gc(p118, p120, descr=<FieldP rpyeffect.stored_environment.CoData__0_1.inst_values_ptr_0 32 pure>)
+1372: setfield_gc(p114, p118, descr=<FieldP rpyeffect.stored_environment.Stack__0_1.inst_values_ptr_0 40 pure>)
+1376: setfield_gc(p113, p114, descr=<FieldP rpyeffect.stored_environment.Stack__arb_arb.inst_tail 8 pure>)
+1380: setfield_gc(p113, 505, descr=<FieldS rpyeffect.stored_environment.Stack__arb_arb.inst_target 16 pure>)
+1388: setfield_gc(p112, p113, descr=<FieldP rpyeffect.stack.MetaStackLike.inst_stack 8 pure>)
+1396: setfield_gc(p112, p87, descr=<FieldP rpyeffect.stack.MetaStack.inst_label 16 pure>)
+1404: setfield_gc(p112, ConstPtr(null), descr=<FieldP rpyeffect.stack.MetaStack.inst_region 24 pure>)
+1412: setfield_gc(p112, p88, descr=<FieldP rpyeffect.stack.MetaStack.inst_tail 32 pure>)
+1420: setfield_gc(p104, 802, descr=<FieldS rpyeffect.stored_environment.Stack__arb_arb.inst_target 16 pure>)
+1432: setfield_gc(p104, 1, descr=<FieldS rpyeffect.stored_environment.Stack__1_1.inst_values_num_0 40 pure>)
+1440: setfield_gc(p104, p109, descr=<FieldP rpyeffect.stored_environment.Stack__1_1.inst_values_ptr_0 48 pure>)
+1448: setfield_gc(p104, p105, descr=<FieldP rpyeffect.stored_environment.Stack__arb_arb.inst_tail 8 pure>)
+1456: setfield_gc(p111, ConstPtr(null), descr=<FieldP rpyeffect.stack.MetaStack.inst_region 24 pure>)
+1476: setfield_gc(p111, p81, descr=<FieldP rpyeffect.stack.MetaStack.inst_label 16 pure>)
+1480: setfield_gc(p111, p83, descr=<FieldP rpyeffect.stack.MetaStackLike.inst_stack 8 pure>)
+1484: setfield_gc(p111, p112, descr=<FieldP rpyeffect.stack.MetaStack.inst_tail 32 pure>)
+1728: jump(p33, p104, p0, p111, 1, 1, i98, i101, i5, i6, i7, i8, i9, i10, i11, i12, i13, i14, i15, i16, ConstPtr(ptr142), ConstPtr(ptr142), ConstPtr(ptr143), ConstPtr(ptr144), p69, p22, p23, p24, p25, p26, p27, p28, p29, p30, p31, p32, descr=TargetToken(4971073632))
+1816: --end of the loop--
[99f18bc] jit-log-opt-bridge}
[9b1194b] {jit-log-opt-bridge
# bridge out of Guard 0x1285a4a20 with 193 ops
[p0, i1, i2, i3, i4, i5, i6, i7, i8, i9, i10, i11, i12, i13, i14, i15, p16, p17, p18, p19, p20, p21, p22, p23, p24, p25, p26, p27, p28, p29, p30, p31, p32, p33]
+328: guard_not_invalidated(descr=<Guard0x128755af0>) [p0, i1, i2, i3, i4, i5, i6, i7, i8, i9, i10, i11, i12, i13, i14, i15, p16, p17, p18, p19, p20, p21, p22, p23, p24, p25, p26, p27, p28, p29, p30, p31, p32, p33]
debug_merge_point(0, 0, '505<std_core_hnd.rpyeffect:204([#467])>+1: {"op": "Return". "args": {"num": [0]. "ptr": []}}')
+332: guard_nonnull(p32, descr=<Guard0x12873fc60>) [p0, i1, i2, i3, i4, i5, i6, i7, i8, i9, i10, i11, i12, i13, i14, i15, p16, p17, p18, p19, p20, p21, p22, p23, p24, p25, p26, p27, p28, p29, p30, p31, p32, p33]
+340: i34 = getfield_gc_i(p32, descr=<FieldS rpyeffect.stored_environment.Stack__arb_arb.inst_target 16 pure>)
+344: guard_value(i34, 5134, descr=<Guard0x12873fca0>) [p0, i1, i2, i3, i4, i5, i6, i7, i8, i9, i10, i11, i12, i13, i14, i15, p16, p17, p18, p19, p20, p21, p22, p23, p24, p25, p26, p27, p28, p29, p30, p31, p32, p33]
+356: i36 = getfield_gc_i(p32, descr=<FieldS rpyeffect.stored_environment.Stack__1_0.inst_values_num_0 40 pure>)
+360: p37 = getfield_gc_r(p32, descr=<FieldP rpyeffect.stored_environment.Stack__arb_arb.inst_tail 8 pure>)
debug_merge_point(0, 0, '5134<main.rpyeffect:137([k@[k@[mcore:[#274]#500]#504]#508])>+0: {"op": "PrimOp". "name": "infixAdd(Int. Int): Int". "out": {"num": [0]. "ptr": []}. "in": {"num": [1. 0]. "ptr": []}}')
+364: i38 = int_add(i36, i1)
debug_merge_point(0, 0, '5134<main.rpyeffect:137([k@[k@[mcore:[#274]#500]#504]#508])>+1: {"op": "Const". "type": "num". "out": 1. "value": 1000000007}')
debug_merge_point(0, 0, '5134<main.rpyeffect:137([k@[k@[mcore:[#274]#500]#504]#508])>+2: {"op": "PrimOp". "name": "mod(Int. Int): Int". "out": {"num": [0]. "ptr": []}. "in": {"num": [0. 1]. "ptr": []}}')
+368: i40 = int_rshift(i38, 63)
+376: i41 = int_xor(i38, i40)
+380: i43 = uint_mul_high(i41, -8543223828751151131)
+400: i45 = uint_rshift(i43, 29)
+408: i46 = int_xor(i45, i40)
+412: i48 = int_mul(i46, 1000000007)
+424: i49 = int_sub(i38, i48)
debug_merge_point(0, 0, '5134<main.rpyeffect:137([k@[k@[mcore:[#274]#500]#504]#508])>+3: {"op": "Return". "args": {"num": [0]. "ptr": []}}')
+428: guard_nonnull(p37, descr=<Guard0x12873fce0>) [p0, i1, i2, i3, i4, i5, i6, i7, i8, i9, i10, i11, i12, i13, i14, i15, p16, p17, p18, p19, p20, p21, p22, p23, p24, p25, p26, p27, p28, p29, p30, p31, p32, p33]
+436: i50 = getfield_gc_i(p37, descr=<FieldS rpyeffect.stored_environment.Stack__arb_arb.inst_target 16 pure>)
+440: guard_value(i50, 5139, descr=<Guard0x12873fd20>) [p0, i1, i2, i3, i4, i5, i6, i7, i8, i9, i10, i11, i12, i13, i14, i15, p16, p17, p18, p19, p20, p21, p22, p23, p24, p25, p26, p27, p28, p29, p30, p31, p32, p33]
+452: p52 = getfield_gc_r(p37, descr=<FieldP rpyeffect.stored_environment.Stack__arb_arb.inst_tail 8 pure>)
debug_merge_point(0, 0, '5139<main.rpyeffect:142([#525])>+0: {"op": "PrimOp". "name": "box(Num): Ptr". "out": {"num": []. "ptr": [0]}. "in": {"num": [0]. "ptr": []}}')
debug_merge_point(0, 0, '5139<main.rpyeffect:142([#525])>+1: {"op": "Return". "args": {"num": []. "ptr": [0]}}')
+456: guard_nonnull(p52, descr=<Guard0x12873fd60>) [p0, i1, i2, i3, i4, i5, i6, i7, i8, i9, i10, i11, i12, i13, i14, i15, p16, p17, p18, p19, p20, p21, p22, p23, p24, p25, p26, p27, p28, p29, p30, p31, p32, p33]
+464: i53 = getfield_gc_i(p52, descr=<FieldS rpyeffect.stored_environment.Stack__arb_arb.inst_target 16 pure>)
+468: guard_value(i53, 505, descr=<Guard0x12873fda0>) [p0, i1, i2, i3, i4, i5, i6, i7, i8, i9, i10, i11, i12, i13, i14, i15, p16, p17, p18, p19, p20, p21, p22, p23, p24, p25, p26, p27, p28, p29, p30, p31, p32, p33]
+480: p55 = getfield_gc_r(p52, descr=<FieldP rpyeffect.stored_environment.Stack__arb_arb.inst_tail 8 pure>)
+484: guard_nonnull(p55, descr=<Guard0x12873fde0>) [p0, i1, i2, i3, i4, i5, i6, i7, i8, i9, i10, i11, i12, i13, i14, i15, p16, p17, p18, p19, p20, p21, p22, p23, p24, p25, p26, p27, p28, p29, p30, p31, p32, p33]
+492: i56 = getfield_gc_i(p55, descr=<FieldS rpyeffect.stored_environment.Stack__arb_arb.inst_target 16 pure>)
+496: guard_value(i56, 5135, descr=<Guard0x12873fe20>) [p0, i1, i2, i3, i4, i5, i6, i7, i8, i9, i10, i11, i12, i13, i14, i15, p16, p17, p18, p19, p20, p21, p22, p23, p24, p25, p26, p27, p28, p29, p30, p31, p32, p33]
debug_merge_point(0, 0, '505<std_core_hnd.rpyeffect:204([#467])>+0: {"op": "PrimOp". "name": "unbox(Ptr): Num". "out": {"num": [0]. "ptr": []}. "in": {"num": []. "ptr": [0]}}')
debug_merge_point(0, 0, '505<std_core_hnd.rpyeffect:204([#467])>+1: {"op": "Return". "args": {"num": [0]. "ptr": []}}')
+508: p58 = getfield_gc_r(p55, descr=<FieldP rpyeffect.stored_environment.Stack__0_1.inst_values_ptr_0 40 pure>)
+512: p59 = getfield_gc_r(p55, descr=<FieldP rpyeffect.stored_environment.Stack__arb_arb.inst_tail 8 pure>)
debug_merge_point(0, 0, '5135<main.rpyeffect:138([k@[mcore:[#274]#500]#504])>+0: {"op": "Const". "type": "num". "out": 1. "value": 0}')
debug_merge_point(0, 0, '5135<main.rpyeffect:138([k@[mcore:[#274]#500]#504])>+1: {"op": "Push". "target": 5134. "args": {"num": [0]. "ptr": []}}')
debug_merge_point(0, 0, '5135<main.rpyeffect:138([k@[mcore:[#274]#500]#504])>+2: {"op": "Copy". "type": "num". "from": 1. "to". 0}')
debug_merge_point(0, 0, '5135<main.rpyeffect:138([k@[mcore:[#274]#500]#504])>+3: {"op": "Invoke". "receiver": 0. "tag": Interned(%apply(n):n). "args" : {"num": [0]. "ptr": []}}')
+516: p60 = getfield_gc_r(p58, descr=<FieldP rpyeffect.stored_environment.CoData__arb_arb.inst_vtable 24 pure>)
+524: guard_value(p60, ConstPtr(ptr61), descr=<Guard0x12873fe60>) [p0, i1, i2, i3, i4, i5, i6, i7, i8, i9, i10, i11, i12, i13, i14, i15, p16, p17, p18, p19, p20, p21, p22, p23, p24, p25, p26, p27, p28, p29, p30, p31, p32, p33]
+532: p62 = getfield_gc_r(p58, descr=<FieldP rpyeffect.stored_environment.CoData__0_1.inst_values_ptr_0 32 pure>)
debug_merge_point(0, 0, '506<std_core_hnd.rpyeffect:205([method_%apply(n):n@[mcore:[#470]#437]#462])>+0: {"op": "PrimOp". "name": "box(Num): Ptr". "out": {"num": []. "ptr": [1]}. "in": {"num": [0]. "ptr": []}}')
debug_merge_point(0, 0, '506<std_core_hnd.rpyeffect:205([method_%apply(n):n@[mcore:[#470]#437]#462])>+1: {"op": "Push". "target": 505. "args": {"num": []. "ptr": []}}')
debug_merge_point(0, 0, '506<std_core_hnd.rpyeffect:205([method_%apply(n):n@[mcore:[#470]#437]#462])>+2: {"op": "Swap". "type": "ptr". "a": 0. "b". 1}')
debug_merge_point(0, 0, '506<std_core_hnd.rpyeffect:205([method_%apply(n):n@[mcore:[#470]#437]#462])>+3: {"op": "Jump". "target": 497}')
debug_merge_point(0, 0, '497<std_core_hnd.rpyeffect:196([mcore:[#469]#436])>+0: {"op": "PushStack". "arg": 1}')
+536: guard_nonnull_class(p62, 4348275712, descr=<Guard0x128755b48>) [p0, i1, i2, i3, i4, i5, i6, i7, i8, i9, i10, i11, i12, i13, i14, i15, p16, p17, p18, p19, p20, p21, p22, p23, p24, p25, p26, p27, p28, p29, p30, p31, p32, p33]
+560: p64 = getfield_gc_r(p62, descr=<FieldP rpyeffect.stack.MetaStack.inst_region 24 pure>)
+564: guard_isnull(p64, descr=<Guard0x12873fea0>) [p0, i1, i2, i3, i4, i5, i6, i7, i8, i9, i10, i11, i12, i13, i14, i15, p16, p17, p18, p19, p20, p21, p22, p23, p24, p25, p26, p27, p28, p29, p30, p31, p32, p33]
+572: p65 = getfield_gc_r(p62, descr=<FieldP rpyeffect.stack.MetaStackLike.inst_stack 8 pure>)
+576: p66 = getfield_gc_r(p62, descr=<FieldP rpyeffect.stack.MetaStack.inst_tail 32 pure>)
+580: guard_nonnull_class(p66, 4348275712, descr=<Guard0x128755ba0>) [p0, i1, i2, i3, i4, i5, i6, i7, i8, i9, i10, i11, i12, i13, i14, i15, p16, p17, p18, p19, p20, p21, p22, p23, p24, p25, p26, p27, p28, p29, p30, p31, p32, p33]
+604: p68 = getfield_gc_r(p66, descr=<FieldP rpyeffect.stack.MetaStack.inst_region 24 pure>)
+608: guard_isnull(p68, descr=<Guard0x12873fee0>) [p0, i1, i2, i3, i4, i5, i6, i7, i8, i9, i10, i11, i12, i13, i14, i15, p16, p17, p18, p19, p20, p21, p22, p23, p24, p25, p26, p27, p28, p29, p30, p31, p32, p33]
+616: p69 = getfield_gc_r(p66, descr=<FieldP rpyeffect.stack.MetaStackLike.inst_stack 8 pure>)
+620: p70 = getfield_gc_r(p66, descr=<FieldP rpyeffect.stack.MetaStack.inst_tail 32 pure>)
+624: guard_isnull(p70, descr=<Guard0x12873ff20>) [p0, i1, i2, i3, i4, i5, i6, i7, i8, i9, i10, i11, i12, i13, i14, i15, p16, p17, p18, p19, p20, p21, p22, p23, p24, p25, p26, p27, p28, p29, p30, p31, p32, p33]
+632: p71 = getfield_gc_r(p66, descr=<FieldP rpyeffect.stack.MetaStack.inst_label 16 pure>)
+636: p72 = getfield_gc_r(p62, descr=<FieldP rpyeffect.stack.MetaStack.inst_label 16 pure>)
+640: guard_nonnull(p65, descr=<Guard0x12873ff60>) [p0, i1, i2, i3, i4, i5, i6, i7, i8, i9, i10, i11, i12, i13, i14, i15, p16, p17, p18, p19, p20, p21, p22, p23, p24, p25, p26, p27, p28, p29, p30, p31, p32, p33]
+648: i73 = getfield_gc_i(p65, descr=<FieldS rpyeffect.stored_environment.Stack__arb_arb.inst_target 16 pure>)
+652: guard_value(i73, 1020, descr=<Guard0x12873ffa0>) [p0, i1, i2, i3, i4, i5, i6, i7, i8, i9, i10, i11, i12, i13, i14, i15, p16, p17, p18, p19, p20, p21, p22, p23, p24, p25, p26, p27, p28, p29, p30, p31, p32, p33]
debug_merge_point(0, 0, '497<std_core_hnd.rpyeffect:196([mcore:[#469]#436])>+1: {"op": "Return". "args": {"num": []. "ptr": [0]}}')
+664: p75 = getfield_gc_r(p65, descr=<FieldP rpyeffect.stored_environment.Stack__0_1.inst_values_ptr_0 40 pure>)
+668: p76 = getfield_gc_r(p65, descr=<FieldP rpyeffect.stored_environment.Stack__arb_arb.inst_tail 8 pure>)
debug_merge_point(0, 0, '1020<std_core_hnd.rpyeffect:719([k@[k@[mcore:[#893]#2108]#2110]#2112])>+0: {"op": "Const". "type": "ptr". "out": 2. "format": "string". "value": "Name(import$std/core/hnd)"}')
debug_merge_point(0, 0, '1020<std_core_hnd.rpyeffect:719([k@[k@[mcore:[#893]#2108]#2110]#2112])>+1: {"op": "PrimOp". "name": "getGlobal(String): Ptr". "out": {"num": []. "ptr": [2]}. "in": {"num": []. "ptr": [2]}}')
debug_merge_point(0, 0, '1020<std_core_hnd.rpyeffect:719([k@[k@[mcore:[#893]#2108]#2110]#2112])>+2: {"op": "Push". "target": 1019. "args": {"num": []. "ptr": [0]}}')
debug_merge_point(0, 0, '1020<std_core_hnd.rpyeffect:719([k@[k@[mcore:[#893]#2108]#2110]#2112])>+3: {"op": "Copy". "type": "ptr". "from": 1. "to". 0}')
debug_merge_point(0, 0, '1020<std_core_hnd.rpyeffect:719([k@[k@[mcore:[#893]#2108]#2110]#2112])>+4: {"op": "Copy". "type": "ptr". "from": 2. "to". 1}')
debug_merge_point(0, 0, '1020<std_core_hnd.rpyeffect:719([k@[k@[mcore:[#893]#2108]#2110]#2112])>+5: {"op": "Jump". "target": 1018}')
debug_merge_point(0, 0, '1018<std_core_hnd.rpyeffect:717([mcore:[#892]#2103])>+0: {"op": "Const". "type": "ptr". "out": 1. "format": "string". "value": "Name(import$std/core/hnd)"}')
debug_merge_point(0, 0, '1018<std_core_hnd.rpyeffect:717([mcore:[#892]#2103])>+1: {"op": "PrimOp". "name": "getGlobal(String): Ptr". "out": {"num": []. "ptr": [1]}. "in": {"num": []. "ptr": [1]}}')
debug_merge_point(0, 0, '1018<std_core_hnd.rpyeffect:717([mcore:[#892]#2103])>+2: {"op": "CallLib". "lib": "1". "symbol": "setCurrentEvv"}')
debug_merge_point(0, 0, '302<std_core_hnd.rpyeffect:1(Name(setCurrentEvv))>+0: {"op": "Const". "type": "ptr". "out": 1. "format": "string". "value": "current-evv"}')
debug_merge_point(0, 0, '302<std_core_hnd.rpyeffect:1(Name(setCurrentEvv))>+1: {"op": "PrimOp". "name": "getGlobal(String): Ptr". "out": {"num": []. "ptr": [1]}. "in": {"num": []. "ptr": [1]}}')
debug_merge_point(0, 0, '302<std_core_hnd.rpyeffect:1(Name(setCurrentEvv))>+2: {"op": "PrimOp". "name": "setRef(Ref[Ptr]. Ptr): Unit". "out": {"num": []. "ptr": [0]}. "in": {"num": []. "ptr": [1. 0]}}')
debug_merge_point(0, 0, '302<std_core_hnd.rpyeffect:1(Name(setCurrentEvv))>+3: {"op": "Return". "args": {"num": []. "ptr": [0]}}')
debug_merge_point(0, 0, '1019<std_core_hnd.rpyeffect:718([k@[k@[k@[mcore:[#893]#2108]#2110]#2112]#2117])>+0: {"op": "Copy". "type": "ptr". "from": 1. "to". 0}')
debug_merge_point(0, 0, '1019<std_core_hnd.rpyeffect:718([k@[k@[k@[mcore:[#893]#2108]#2110]#2112]#2117])>+1: {"op": "Return". "args": {"num": []. "ptr": [0]}}')
+740: setfield_gc(ConstPtr(ptr77), p75, descr=<FieldP rpyeffect.region.PtrRef.inst_value 8>)
+744: guard_nonnull(p76, descr=<Guard0x128755bf8>) [p0, i2, i3, i4, i5, i6, i7, i8, i9, i10, i11, i12, i13, i14, i15, p18, p19, p20, p21, p22, p23, p24, p25, p26, p27, p28, p29, p30, p72, p76, i49, p59, p33, p31, p71, p69]
+752: i78 = getfield_gc_i(p76, descr=<FieldS rpyeffect.stored_environment.Stack__arb_arb.inst_target 16 pure>)
+756: guard_value(i78, 5075, descr=<Guard0x128764020>) [p0, i2, i3, i4, i5, i6, i7, i8, i9, i10, i11, i12, i13, i14, i15, p18, p19, p20, p21, p22, p23, p24, p25, p26, p27, p28, p29, p30, p72, p76, i49, p59, p33, p31, p71, p69]
+768: p80 = getfield_gc_r(p76, descr=<FieldP rpyeffect.stored_environment.Stack__arb_arb.inst_tail 8 pure>)
debug_merge_point(0, 0, '5075<main.rpyeffect:78([k@[#279]#281])>+0: {"op": "PrimOp". "name": "unbox(Ptr): Num". "out": {"num": [0]. "ptr": []}. "in": {"num": []. "ptr": [0]}}')
debug_merge_point(0, 0, '5075<main.rpyeffect:78([k@[#279]#281])>+1: {"op": "Return". "args": {"num": [0]. "ptr": []}}')
+772: guard_nonnull(p80, descr=<Guard0x128764060>) [p0, i2, i3, i4, i5, i6, i7, i8, i9, i10, i11, i12, i13, i14, i15, p18, p19, p20, p21, p22, p23, p24, p25, p26, p27, p28, p29, p30, p72, p76, i49, p59, p33, p31, p71, p69]
+780: i81 = getfield_gc_i(p80, descr=<FieldS rpyeffect.stored_environment.Stack__arb_arb.inst_target 16 pure>)
+784: guard_value(i81, 5090, descr=<Guard0x1287640a0>) [p0, i2, i3, i4, i5, i6, i7, i8, i9, i10, i11, i12, i13, i14, i15, p18, p19, p20, p21, p22, p23, p24, p25, p26, p27, p28, p29, p30, p72, p76, i49, p59, p33, p31, p71, p69]
+796: p83 = getfield_gc_r(p80, descr=<FieldP rpyeffect.stored_environment.Stack__arb_arb.inst_tail 8 pure>)
debug_merge_point(0, 0, '5090<main.rpyeffect:93([k@[#333]#336])>+0: {"op": "PrimOp". "name": "box(Num): Ptr". "out": {"num": []. "ptr": [0]}. "in": {"num": [0]. "ptr": []}}')
debug_merge_point(0, 0, '5090<main.rpyeffect:93([k@[#333]#336])>+1: {"op": "Return". "args": {"num": []. "ptr": [0]}}')
+800: guard_nonnull(p83, descr=<Guard0x1287640e0>) [p0, i2, i3, i4, i5, i6, i7, i8, i9, i10, i11, i12, i13, i14, i15, p18, p19, p20, p21, p22, p23, p24, p25, p26, p27, p28, p29, p30, p72, p76, i49, p59, p33, p31, p71, p69]
+808: i84 = getfield_gc_i(p83, descr=<FieldS rpyeffect.stored_environment.Stack__arb_arb.inst_target 16 pure>)
+812: guard_value(i84, 801, descr=<Guard0x128764120>) [p0, i2, i3, i4, i5, i6, i7, i8, i9, i10, i11, i12, i13, i14, i15, p18, p19, p20, p21, p22, p23, p24, p25, p26, p27, p28, p29, p30, p72, p76, i49, p59, p33, p31, p71, p69]
+824: i86 = getfield_gc_i(p83, descr=<FieldS rpyeffect.stored_environment.Stack__1_1.inst_values_num_0 40 pure>)
+824: p87 = getfield_gc_r(p83, descr=<FieldP rpyeffect.stored_environment.Stack__1_1.inst_values_ptr_0 48 pure>)
+828: p88 = getfield_gc_r(p83, descr=<FieldP rpyeffect.stored_environment.Stack__arb_arb.inst_tail 8 pure>)
+832: guard_nonnull(p88, descr=<Guard0x128764160>) [p0, i2, i3, i4, i5, i6, i7, i8, i9, i10, i11, i12, i13, i14, i15, p18, p19, p20, p21, p22, p23, p24, p25, p26, p27, p28, p29, p30, p72, p76, i49, p59, p33, p31, p71, p69]
+840: i89 = getfield_gc_i(p88, descr=<FieldS rpyeffect.stored_environment.Stack__arb_arb.inst_target 16 pure>)
+844: guard_value(i89, 5098, descr=<Guard0x1287641a0>) [p0, i2, i3, i4, i5, i6, i7, i8, i9, i10, i11, i12, i13, i14, i15, p18, p19, p20, p21, p22, p23, p24, p25, p26, p27, p28, p29, p30, p72, p76, i49, p59, p33, p31, p71, p69]
debug_merge_point(0, 0, '801<std_core_hnd.rpyeffect:500([k@[k@[mcore:[#725]#1309]#1314]#1316])>+0: {"op": "Const". "type": "ptr". "out": 2. "format": "string". "value": "Name(import$std/core/hnd)"}')
debug_merge_point(0, 0, '801<std_core_hnd.rpyeffect:500([k@[k@[mcore:[#725]#1309]#1314]#1316])>+1: {"op": "PrimOp". "name": "getGlobal(String): Ptr". "out": {"num": []. "ptr": [2]}. "in": {"num": []. "ptr": [2]}}')
debug_merge_point(0, 0, '801<std_core_hnd.rpyeffect:500([k@[k@[mcore:[#725]#1309]#1314]#1316])>+2: {"op": "Push". "target": 800. "args": {"num": [0]. "ptr": [0]}}')
debug_merge_point(0, 0, '801<std_core_hnd.rpyeffect:500([k@[k@[mcore:[#725]#1309]#1314]#1316])>+3: {"op": "Copy". "type": "ptr". "from": 1. "to". 0}')
debug_merge_point(0, 0, '801<std_core_hnd.rpyeffect:500([k@[k@[mcore:[#725]#1309]#1314]#1316])>+4: {"op": "Copy". "type": "ptr". "from": 2. "to". 1}')
debug_merge_point(0, 0, '801<std_core_hnd.rpyeffect:500([k@[k@[mcore:[#725]#1309]#1314]#1316])>+5: {"op": "Jump". "target": 785}')
debug_merge_point(0, 0, '785<std_core_hnd.rpyeffect:484([mcore:[#717]#1300])>+0: {"op": "Const". "type": "ptr". "out": 1. "format": "string". "value": "Name(import$std/core/hnd)"}')
debug_merge_point(0, 0, '785<std_core_hnd.rpyeffect:484([mcore:[#717]#1300])>+1: {"op": "PrimOp". "name": "getGlobal(String): Ptr". "out": {"num": []. "ptr": [1]}. "in": {"num": []. "ptr": [1]}}')
debug_merge_point(0, 0, '785<std_core_hnd.rpyeffect:484([mcore:[#717]#1300])>+2: {"op": "CallLib". "lib": "1". "symbol": "setCurrentEvv"}')
debug_merge_point(0, 0, '302<std_core_hnd.rpyeffect:1(Name(setCurrentEvv))>+0: {"op": "Const". "type": "ptr". "out": 1. "format": "string". "value": "current-evv"}')
debug_merge_point(0, 0, '302<std_core_hnd.rpyeffect:1(Name(setCurrentEvv))>+1: {"op": "PrimOp". "name": "getGlobal(String): Ptr". "out": {"num": []. "ptr": [1]}. "in": {"num": []. "ptr": [1]}}')
debug_merge_point(0, 0, '302<std_core_hnd.rpyeffect:1(Name(setCurrentEvv))>+2: {"op": "PrimOp". "name": "setRef(Ref[Ptr]. Ptr): Unit". "out": {"num": []. "ptr": [0]}. "in": {"num": []. "ptr": [1. 0]}}')
debug_merge_point(0, 0, '302<std_core_hnd.rpyeffect:1(Name(setCurrentEvv))>+3: {"op": "Return". "args": {"num": []. "ptr": [0]}}')
debug_merge_point(0, 0, '800<std_core_hnd.rpyeffect:499([k@[k@[k@[mcore:[#725]#1309]#1314]#1316]#1321])>+0: {"op": "Const". "type": "num". "out": 1. "value": 0}')
debug_merge_point(0, 0, '800<std_core_hnd.rpyeffect:499([k@[k@[k@[mcore:[#725]#1309]#1314]#1316]#1321])>+1: {"op": "Copy". "type": "ptr". "from": 1. "to". 0}')
debug_merge_point(0, 0, '800<std_core_hnd.rpyeffect:499([k@[k@[k@[mcore:[#725]#1309]#1314]#1316]#1321])>+2: {"op": "Switch". "scrutinee": 1. "values": [1]. "targets": [796]. "default": 799}')
debug_merge_point(0, 0, '799<std_core_hnd.rpyeffect:498([switch default case#1364])>+0: {"op": "Const". "type": "num". "out": 0. "value": 0}')
debug_merge_point(0, 0, '799<std_core_hnd.rpyeffect:498([switch default case#1364])>+1: {"op": "Switch". "scrutinee": 0. "values": [0]. "targets": [797]. "default": 798}')
debug_merge_point(0, 0, '797<std_core_hnd.rpyeffect:496([switch case for 0#1366])>+0: {"op": "Return". "args": {"num": []. "ptr": [0]}}')
+856: i91 = getfield_gc_i(p88, descr=<FieldS rpyeffect.stored_environment.Stack__1_0.inst_values_num_0 40 pure>)
+860: p92 = getfield_gc_r(p88, descr=<FieldP rpyeffect.stored_environment.Stack__arb_arb.inst_tail 8 pure>)
debug_merge_point(0, 0, '5098<main.rpyeffect:101([k@[switch case for 0#321]#345])>+0: {"op": "PrimOp". "name": "unbox(Ptr): Num". "out": {"num": [1]. "ptr": []}. "in": {"num": []. "ptr": [0]}}')
debug_merge_point(0, 0, '5098<main.rpyeffect:101([k@[switch case for 0#321]#345])>+1: {"op": "Swap". "type": "num". "a": 0. "b". 1}')
debug_merge_point(0, 0, '5098<main.rpyeffect:101([k@[switch case for 0#321]#345])>+2: {"op": "Switch". "scrutinee": 0. "values": [1]. "targets": [5093]. "default": 5097}')
+928: setfield_gc(ConstPtr(ptr93), p87, descr=<FieldP rpyeffect.region.PtrRef.inst_value 8>)
+932: guard_nonnull(p92, descr=<Guard0x128755c50>) [p0, i91, i2, i3, i4, i5, i6, i7, i8, i9, i10, i11, i12, i13, i14, i15, p18, p19, p20, p21, p22, p23, p24, p25, p26, p27, p28, p29, p30, p72, p92, i49, p59, p33, p31, p71, p69]
+940: i94 = getfield_gc_i(p92, descr=<FieldS rpyeffect.stored_environment.Stack__arb_arb.inst_target 16 pure>)
+944: guard_value(i94, 5128, descr=<Guard0x1287641e0>) [p0, i91, i2, i3, i4, i5, i6, i7, i8, i9, i10, i11, i12, i13, i14, i15, p18, p19, p20, p21, p22, p23, p24, p25, p26, p27, p28, p29, p30, p72, p92, i49, p59, p33, p31, p71, p69]
debug_merge_point(0, 0, '5097<main.rpyeffect:100([switch default case#352])>+0: {"op": "Swap". "type": "num". "a": 0. "b". 1}')
debug_merge_point(0, 0, '5097<main.rpyeffect:100([switch default case#352])>+1: {"op": "Switch". "scrutinee": 1. "values": [0]. "targets": [5095]. "default": 5096}')
debug_merge_point(0, 0, '5095<main.rpyeffect:98([switch case for 0#353])>+0: {"op": "Const". "type": "num". "out": 1. "value": 1}')
debug_merge_point(0, 0, '5095<main.rpyeffect:98([switch case for 0#353])>+1: {"op": "PrimOp". "name": "infixSub(Int. Int): Int". "out": {"num": [0]. "ptr": []}. "in": {"num": [0. 1]. "ptr": []}}')
+956: i97 = int_sub(i91, 1)
debug_merge_point(0, 0, '5095<main.rpyeffect:98([switch case for 0#353])>+2: {"op": "Const". "type": "ptr". "out": 0. "format": "string". "value": "Name(import$std/core/hnd)"}')
debug_merge_point(0, 0, '5095<main.rpyeffect:98([switch case for 0#353])>+3: {"op": "PrimOp". "name": "getGlobal(String): Ptr". "out": {"num": []. "ptr": [0]}. "in": {"num": []. "ptr": [0]}}')
debug_merge_point(0, 0, '5095<main.rpyeffect:98([switch case for 0#353])>+4: {"op": "Jump". "target": 5102}')
debug_merge_point(0, 0, '5102<main.rpyeffect:105([mcore:[#227]#285])>+0: {"op": "Const". "type": "num". "out": 1. "value": 1}')
debug_merge_point(0, 0, '5102<main.rpyeffect:105([mcore:[#227]#285])>+1: {"op": "PrimOp". "name": "infixLt(Int. Int): Boolean". "out": {"num": [1]. "ptr": []}. "in": {"num": [0. 1]. "ptr": []}}')
+960: i99 = int_lt(i97, 1)
guard_false(i99, descr=<Guard0x128764220>) [p0, i91, i2, i3, i4, i5, i6, i7, i8, i9, i10, i11, i12, i13, i14, i15, p18, p19, p20, p21, p22, p23, p24, p25, p26, p27, p28, p29, p30, p72, p92, i49, p59, p33, p31, p71, p69]
debug_merge_point(0, 0, '5102<main.rpyeffect:105([mcore:[#227]#285])>+2: {"op": "Switch". "scrutinee": 1. "values": [1]. "targets": [5087]. "default": 5101}')
debug_merge_point(0, 0, '5101<main.rpyeffect:104([switch default case#317])>+0: {"op": "Const". "type": "num". "out": 1. "value": 1}')
debug_merge_point(0, 0, '5101<main.rpyeffect:104([switch default case#317])>+1: {"op": "PrimOp". "name": "infixLt(Int. Int): Boolean". "out": {"num": [1]. "ptr": []}. "in": {"num": [0. 1]. "ptr": []}}')
debug_merge_point(0, 0, '5101<main.rpyeffect:104([switch default case#317])>+2: {"op": "Switch". "scrutinee": 1. "values": [0]. "targets": [5099]. "default": 5100}')
debug_merge_point(0, 0, '5099<main.rpyeffect:102([switch case for 0#321])>+0: {"op": "Const". "type": "num". "out": 1. "value": 1}')
debug_merge_point(0, 0, '5099<main.rpyeffect:102([switch case for 0#321])>+1: {"op": "New". "out": 0. "targets": [5089. 5091]. "args": {"num": []. "ptr": []}}')
debug_merge_point(0, 0, '5099<main.rpyeffect:102([switch case for 0#321])>+2: {"op": "Const". "type": "ptr". "out": 1. "format": "string". "value": "Name(import$std/core/hnd)"}')
debug_merge_point(0, 0, '5099<main.rpyeffect:102([switch case for 0#321])>+3: {"op": "PrimOp". "name": "getGlobal(String): Ptr". "out": {"num": []. "ptr": [1]}. "in": {"num": []. "ptr": [1]}}')
debug_merge_point(0, 0, '5099<main.rpyeffect:102([switch case for 0#321])>+4: {"op": "Push". "target": 5098. "args": {"num": [0]. "ptr": []}}')
debug_merge_point(0, 0, '5099<main.rpyeffect:102([switch case for 0#321])>+5: {"op": "Copy". "type": "num". "from": 1. "to". 0}')
debug_merge_point(0, 0, '5099<main.rpyeffect:102([switch case for 0#321])>+6: {"op": "Jump". "target": 5067}')
debug_merge_point(0, 0, '5067<main.rpyeffect:70([mcore:[#210]#231])>+0: {"op": "Const". "type": "ptr". "out": 1. "format": "string". "value": "Name(import$std/core/hnd)"}')
debug_merge_point(0, 0, '5067<main.rpyeffect:70([mcore:[#210]#231])>+1: {"op": "PrimOp". "name": "getGlobal(String): Ptr". "out": {"num": []. "ptr": [1]}. "in": {"num": []. "ptr": [1]}}')
debug_merge_point(0, 0, '5067<main.rpyeffect:70([mcore:[#210]#231])>+2: {"op": "CallLib". "lib": "1". "symbol": "std/core/hnd/@open-at0"}')
debug_merge_point(0, 0, '803<std_core_hnd.rpyeffect:502([mcore:[#725]#1309])>+0: {"op": "Const". "type": "ptr". "out": 1. "format": "string". "value": "Name(import$std/core/hnd)"}')
debug_merge_point(0, 0, '803<std_core_hnd.rpyeffect:502([mcore:[#725]#1309])>+1: {"op": "PrimOp". "name": "getGlobal(String): Ptr". "out": {"num": []. "ptr": [1]}. "in": {"num": []. "ptr": [1]}}')
debug_merge_point(0, 0, '803<std_core_hnd.rpyeffect:502([mcore:[#725]#1309])>+2: {"op": "Push". "target": 802. "args": {"num": [0]. "ptr": [0]}}')
debug_merge_point(0, 0, '803<std_core_hnd.rpyeffect:502([mcore:[#725]#1309])>+3: {"op": "Copy". "type": "ptr". "from": 1. "to". 0}')
debug_merge_point(0, 0, '803<std_core_hnd.rpyeffect:502([mcore:[#725]#1309])>+4: {"op": "Jump". "target": 784}')
debug_merge_point(0, 0, '784<std_core_hnd.rpyeffect:483([mcore:[#715]#1295])>+0: {"op": "Const". "type": "ptr". "out": 0. "format": "string". "value": "Name(import$std/core/hnd)"}')
+968: p100 = new_with_vtable(descr=<SizeDescr 56>)
+1072: p101 = new_with_vtable(descr=<SizeDescr 48>)
+1084: setfield_gc(p101, p92, descr=<FieldP rpyeffect.stored_environment.Stack__arb_arb.inst_tail 8 pure>)
+1088: setfield_gc(p101, 5098, descr=<FieldS rpyeffect.stored_environment.Stack__arb_arb.inst_target 16 pure>)
+1096: setfield_gc(p101, i97, descr=<FieldS rpyeffect.stored_environment.Stack__1_0.inst_values_num_0 40 pure>)
+1100: p103 = new_with_vtable(descr=<SizeDescr 32>)
+1116: setfield_gc(p103, ConstPtr(ptr104), descr=<FieldP rpyeffect.stored_environment.CoData__arb_arb.inst_vtable 24 pure>)
+1120: p105 = new_with_vtable(descr=<SizeDescr 40>)
+1132: p106 = new_with_vtable(descr=<SizeDescr 40>)
+1144: p107 = new_with_vtable(descr=<SizeDescr 40>)
+1156: p108 = new_with_vtable(descr=<SizeDescr 48>)
+1168: setfield_gc(p108, p59, descr=<FieldP rpyeffect.stored_environment.Stack__arb_arb.inst_tail 8 pure>)
+1172: setfield_gc(p108, 5134, descr=<FieldS rpyeffect.stored_environment.Stack__arb_arb.inst_target 16 pure>)
+1180: setfield_gc(p108, i49, descr=<FieldS rpyeffect.stored_environment.Stack__1_0.inst_values_num_0 40 pure>)
+1184: setfield_gc(p107, p108, descr=<FieldP rpyeffect.stored_environment.Stack__arb_arb.inst_tail 8 pure>)
+1188: setfield_gc(p107, 505, descr=<FieldS rpyeffect.stored_environment.Stack__arb_arb.inst_target 16 pure>)
+1196: setfield_gc(p106, p107, descr=<FieldP rpyeffect.stack.MetaStackLike.inst_stack 8 pure>)
+1200: setfield_gc(p106, p31, descr=<FieldP rpyeffect.stack.MetaStack.inst_label 16 pure>)
+1208: setfield_gc(p106, ConstPtr(null), descr=<FieldP rpyeffect.stack.MetaStack.inst_region 24 pure>)
+1216: setfield_gc(p106, p33, descr=<FieldP rpyeffect.stack.MetaStack.inst_tail 32 pure>)
+1224: setfield_gc(p100, 802, descr=<FieldS rpyeffect.stored_environment.Stack__arb_arb.inst_target 16 pure>)
+1232: setfield_gc(p100, p101, descr=<FieldP rpyeffect.stored_environment.Stack__arb_arb.inst_tail 8 pure>)
+1236: setfield_gc(p105, ConstPtr(null), descr=<FieldP rpyeffect.stack.MetaStack.inst_region 24 pure>)
+1244: setfield_gc(p105, p69, descr=<FieldP rpyeffect.stack.MetaStackLike.inst_stack 8 pure>)
+1248: setfield_gc(p105, p106, descr=<FieldP rpyeffect.stack.MetaStack.inst_tail 32 pure>)
+1252: setfield_gc(p105, p71, descr=<FieldP rpyeffect.stack.MetaStack.inst_label 16 pure>)
+1256: setfield_gc(p100, 1, descr=<FieldS rpyeffect.stored_environment.Stack__1_1.inst_values_num_0 40 pure>)
+1264: setfield_gc(p100, p103, descr=<FieldP rpyeffect.stored_environment.Stack__1_1.inst_values_ptr_0 48 pure>)
+1352: jump(p72, p100, p0, p105, 1, 1, i2, i3, i4, i5, i6, i7, i8, i9, i10, i11, i12, i13, i14, i15, ConstPtr(ptr115), ConstPtr(ptr115), ConstPtr(ptr116), p18, p19, p20, p21, p22, p23, p24, p25, p26, p27, p28, p29, p30, descr=TargetToken(4971073632))
+1636: --end of the loop--
[9b32398] jit-log-opt-bridge}
[e06ecdb] {jit-log-opt-loop
# Loop 17 (432<std_core_hnd.rpyeffect:131([return_clause@[mcore:[#404]#265]#269])>+0: {"op": "Invoke", "receiver": 1, "tag": Interned(%apply(p):p), "args" : {"num": [], "ptr": [0]}}) : loop with 121 ops
[p0, p1, p2, p3]
+312: p4 = getfield_gc_r(p2, descr=<FieldP rpyeffect.environment.Environment.inst_values_num 16>)
+320: i6 = getarrayitem_gc_i(p4, 0, descr=<ArrayS 8>)
+324: i8 = getarrayitem_gc_i(p4, 1, descr=<ArrayS 8>)
+328: i10 = getarrayitem_gc_i(p4, 2, descr=<ArrayS 8>)
+332: i12 = getarrayitem_gc_i(p4, 3, descr=<ArrayS 8>)
+336: i14 = getarrayitem_gc_i(p4, 4, descr=<ArrayS 8>)
+340: i16 = getarrayitem_gc_i(p4, 5, descr=<ArrayS 8>)
+344: i18 = getarrayitem_gc_i(p4, 6, descr=<ArrayS 8>)
+348: i20 = getarrayitem_gc_i(p4, 7, descr=<ArrayS 8>)
+352: i22 = getarrayitem_gc_i(p4, 8, descr=<ArrayS 8>)
+356: i24 = getarrayitem_gc_i(p4, 9, descr=<ArrayS 8>)
+360: i26 = getarrayitem_gc_i(p4, 10, descr=<ArrayS 8>)
+364: i28 = getarrayitem_gc_i(p4, 11, descr=<ArrayS 8>)
+368: i30 = getarrayitem_gc_i(p4, 12, descr=<ArrayS 8>)
+372: i32 = getarrayitem_gc_i(p4, 13, descr=<ArrayS 8>)
+376: i34 = getarrayitem_gc_i(p4, 14, descr=<ArrayS 8>)
+384: i36 = getarrayitem_gc_i(p4, 15, descr=<ArrayS 8>)
+388: p37 = getfield_gc_r(p2, descr=<FieldP rpyeffect.environment.Environment.inst_values_ptr 24>)
+392: p39 = getarrayitem_gc_r(p37, 0, descr=<ArrayP 8>)
+400: p41 = getarrayitem_gc_r(p37, 1, descr=<ArrayP 8>)
+408: p43 = getarrayitem_gc_r(p37, 2, descr=<ArrayP 8>)
+416: p45 = getarrayitem_gc_r(p37, 3, descr=<ArrayP 8>)
+424: p47 = getarrayitem_gc_r(p37, 4, descr=<ArrayP 8>)
+432: p49 = getarrayitem_gc_r(p37, 5, descr=<ArrayP 8>)
+440: p51 = getarrayitem_gc_r(p37, 6, descr=<ArrayP 8>)
+448: p53 = getarrayitem_gc_r(p37, 7, descr=<ArrayP 8>)
+456: p55 = getarrayitem_gc_r(p37, 8, descr=<ArrayP 8>)
+464: p57 = getarrayitem_gc_r(p37, 9, descr=<ArrayP 8>)
+472: p59 = getarrayitem_gc_r(p37, 10, descr=<ArrayP 8>)
+480: p61 = getarrayitem_gc_r(p37, 11, descr=<ArrayP 8>)
+488: p63 = getarrayitem_gc_r(p37, 12, descr=<ArrayP 8>)
+496: p65 = getarrayitem_gc_r(p37, 13, descr=<ArrayP 8>)
+504: p67 = getarrayitem_gc_r(p37, 14, descr=<ArrayP 8>)
+512: p69 = getarrayitem_gc_r(p37, 15, descr=<ArrayP 8>)
+516: label(p0, p1, p2, p3, i6, i8, i10, i12, i14, i16, i18, i20, i22, i24, i26, i28, i30, i32, i34, i36, p39, p41, p43, p45, p47, p49, p51, p53, p55, p57, p59, p61, p63, p65, p67, p69, descr=TargetToken(4972724976))
+572: guard_not_invalidated(descr=<Guard0x128561620>) [p2, i6, i8, i10, i12, i14, i16, i18, i20, i22, i24, i26, i28, i30, i32, i34, i36, p39, p41, p43, p45, p47, p49, p51, p53, p55, p57, p59, p61, p63, p65, p67, p69, p0, p1, p3]
+576: p70 = getfield_gc_r(p41, descr=<FieldP rpyeffect.stored_environment.CoData__arb_arb.inst_vtable 24 pure>)
+584: guard_value(p70, ConstPtr(ptr71), descr=<Guard0x1285a53a0>) [p2, i6, i8, i10, i12, i14, i16, i18, i20, i22, i24, i26, i28, i30, i32, i34, i36, p39, p41, p43, p45, p47, p49, p51, p53, p55, p57, p59, p61, p63, p65, p67, p69, p0, p1, p3]
debug_merge_point(0, 0, '5184<main.rpyeffect:187([#727])>+0: {"op": "PrimOp". "name": "unbox(Ptr): Num". "out": {"num": [0]. "ptr": []}. "in": {"num": []. "ptr": [0]}}')
+592: i72 = getfield_gc_i(p39, descr=<FieldS rpyeffect.region.NumBox.inst_value 8 pure>)
debug_merge_point(0, 0, '5184<main.rpyeffect:187([#727])>+1: {"op": "Push". "target": 5183. "args": {"num": []. "ptr": []}}')
debug_merge_point(0, 0, '5184<main.rpyeffect:187([#727])>+2: {"op": "Jump". "target": 5162}')
debug_merge_point(0, 0, '5162<main.rpyeffect:165([mcore:[#305]#619])>+0: {"op": "Return". "args": {"num": [0]. "ptr": []}}')
debug_merge_point(0, 0, '5183<main.rpyeffect:186([k@[#727]#732])>+0: {"op": "PrimOp". "name": "box(Num): Ptr". "out": {"num": []. "ptr": [0]}. "in": {"num": [0]. "ptr": []}}')
debug_merge_point(0, 0, '5183<main.rpyeffect:186([k@[#727]#732])>+1: {"op": "Return". "args": {"num": []. "ptr": [0]}}')
+596: guard_isnull(p1, descr=<Guard0x1285a53e0>) [p2, i6, i8, i10, i12, i14, i16, i18, i20, i22, i24, i26, i28, i30, i32, i34, i36, p39, p41, p43, p45, p47, p49, p51, p53, p55, p57, p59, p61, p63, p65, p67, p69, p0, p1, p3]
+608: guard_nonnull(p3, descr=<Guard0x1285a5420>) [p2, i6, i8, i10, i12, i14, i16, i18, i20, i22, i24, i26, i28, i30, i32, i34, i36, p39, p41, p43, p45, p47, p49, p51, p53, p55, p57, p59, p61, p63, p65, p67, p69, p0, p1, p3]
+620: p73 = getfield_gc_r(p3, descr=<FieldP rpyeffect.stack.MetaStackLike.inst_stack 8 pure>)
+628: p74 = getfield_gc_r(p3, descr=<FieldP rpyeffect.stack.MetaStack.inst_label 16 pure>)
+632: p75 = getfield_gc_r(p3, descr=<FieldP rpyeffect.stack.MetaStack.inst_tail 32 pure>)
+636: guard_nonnull(p73, descr=<Guard0x1285a5460>) [p2, i6, i8, i10, i12, i14, i16, i18, i20, i22, i24, i26, i28, i30, i32, i34, i36, p39, p41, p43, p45, p47, p49, p51, p53, p55, p57, p59, p61, p63, p65, p67, p69, p0, p1, p3]
+644: i76 = getfield_gc_i(p73, descr=<FieldS rpyeffect.stored_environment.Stack__arb_arb.inst_target 16 pure>)
+648: guard_value(i76, 714, descr=<Guard0x1285a54a0>) [p2, i6, i8, i10, i12, i14, i16, i18, i20, i22, i24, i26, i28, i30, i32, i34, i36, p39, p41, p43, p45, p47, p49, p51, p53, p55, p57, p59, p61, p63, p65, p67, p69, p0, p1, p3]
+660: p78 = getfield_gc_r(p73, descr=<FieldP rpyeffect.stored_environment.Stack__0_1.inst_values_ptr_0 40 pure>)
+664: p79 = getfield_gc_r(p73, descr=<FieldP rpyeffect.stored_environment.Stack__arb_arb.inst_tail 8 pure>)
+668: guard_nonnull_class(p79, ConstClass(Stack__0_1), descr=<Guard0x128561678>) [p2, i6, i8, i10, i12, i14, i16, i18, i20, i22, i24, i26, i28, i30, i32, i34, i36, p39, p41, p43, p45, p47, p49, p51, p53, p55, p57, p59, p61, p63, p65, p67, p69, p0, p1, p3]
+692: i81 = getfield_gc_i(p79, descr=<FieldS rpyeffect.stored_environment.Stack__arb_arb.inst_target 16 pure>)
+696: guard_value(i81, 432, descr=<Guard0x1285a54e0>) [p2, i6, i8, i10, i12, i14, i16, i18, i20, i22, i24, i26, i28, i30, i32, i34, i36, p39, p41, p43, p45, p47, p49, p51, p53, p55, p57, p59, p61, p63, p65, p67, p69, p0, p1, p3]
debug_merge_point(0, 0, '714<std_core_hnd.rpyeffect:413([k@[k@[#1063]#1068]#1070])>+0: {"op": "Const". "type": "ptr". "out": 2. "format": "string". "value": "Name(import$std/core/hnd)"}')
debug_merge_point(0, 0, '714<std_core_hnd.rpyeffect:413([k@[k@[#1063]#1068]#1070])>+1: {"op": "PrimOp". "name": "getGlobal(String): Ptr". "out": {"num": []. "ptr": [2]}. "in": {"num": []. "ptr": [2]}}')
debug_merge_point(0, 0, '714<std_core_hnd.rpyeffect:413([k@[k@[#1063]#1068]#1070])>+2: {"op": "Push". "target": 713. "args": {"num": []. "ptr": [0]}}')
debug_merge_point(0, 0, '714<std_core_hnd.rpyeffect:413([k@[k@[#1063]#1068]#1070])>+3: {"op": "Copy". "type": "ptr". "from": 1. "to". 0}')
debug_merge_point(0, 0, '714<std_core_hnd.rpyeffect:413([k@[k@[#1063]#1068]#1070])>+4: {"op": "Copy". "type": "ptr". "from": 2. "to". 1}')
debug_merge_point(0, 0, '714<std_core_hnd.rpyeffect:413([k@[k@[#1063]#1068]#1070])>+5: {"op": "Jump". "target": 712}')
debug_merge_point(0, 0, '712<std_core_hnd.rpyeffect:411([mcore:[#655]#1049])>+0: {"op": "Const". "type": "ptr". "out": 1. "format": "string". "value": "Name(import$std/core/hnd)"}')
debug_merge_point(0, 0, '712<std_core_hnd.rpyeffect:411([mcore:[#655]#1049])>+1: {"op": "PrimOp". "name": "getGlobal(String): Ptr". "out": {"num": []. "ptr": [1]}. "in": {"num": []. "ptr": [1]}}')
debug_merge_point(0, 0, '712<std_core_hnd.rpyeffect:411([mcore:[#655]#1049])>+2: {"op": "CallLib". "lib": "1". "symbol": "setCurrentEvv"}')
debug_merge_point(0, 0, '302<std_core_hnd.rpyeffect:1(Name(setCurrentEvv))>+0: {"op": "Const". "type": "ptr". "out": 1. "format": "string". "value": "current-evv"}')
debug_merge_point(0, 0, '302<std_core_hnd.rpyeffect:1(Name(setCurrentEvv))>+1: {"op": "PrimOp". "name": "getGlobal(String): Ptr". "out": {"num": []. "ptr": [1]}. "in": {"num": []. "ptr": [1]}}')
debug_merge_point(0, 0, '302<std_core_hnd.rpyeffect:1(Name(setCurrentEvv))>+2: {"op": "PrimOp". "name": "setRef(Ref[Ptr]. Ptr): Unit". "out": {"num": []. "ptr": [0]}. "in": {"num": []. "ptr": [1. 0]}}')
debug_merge_point(0, 0, '302<std_core_hnd.rpyeffect:1(Name(setCurrentEvv))>+3: {"op": "Return". "args": {"num": []. "ptr": [0]}}')
debug_merge_point(0, 0, '713<std_core_hnd.rpyeffect:412([k@[k@[k@[#1063]#1068]#1070]#1075])>+0: {"op": "Copy". "type": "ptr". "from": 1. "to". 0}')
debug_merge_point(0, 0, '713<std_core_hnd.rpyeffect:412([k@[k@[k@[#1063]#1068]#1070]#1075])>+1: {"op": "Return". "args": {"num": []. "ptr": [0]}}')
+776: setfield_gc(ConstPtr(ptr83), p78, descr=<FieldP rpyeffect.region.PtrRef.inst_value 8>)
+780: p84 = getfield_gc_r(p79, descr=<FieldP rpyeffect.stored_environment.Stack__0_1.inst_values_ptr_0 40 pure>)
+784: p85 = getfield_gc_r(p79, descr=<FieldP rpyeffect.stored_environment.Stack__arb_arb.inst_tail 8 pure>)
+788: guard_isnull(p85, descr=<Guard0x1285616d0>) [p2, i72, i8, i10, i12, i14, i16, i18, i20, i22, i24, i26, i28, i30, i32, i34, i36, p84, p45, p47, p49, p51, p53, p55, p57, p59, p61, p63, p65, p67, p69, p74, p85, p75]
debug_merge_point(0, 0, '432<std_core_hnd.rpyeffect:131([return_clause@[mcore:[#404]#265]#269])>+0: {"op": "Invoke". "receiver": 1. "tag": Interned(%apply(p):p). "args" : {"num": []. "ptr": [0]}}')
+796: label(p74, p2, p75, i72, i8, i10, i12, i14, i16, i18, i20, i22, i24, i26, i28, i30, i32, i34, i36, p84, p45, p47, p49, p51, p53, p55, p57, p59, p61, p63, p65, p67, p69, descr=TargetToken(4972725056))
+804: guard_not_invalidated(descr=<Guard0x128561728>) [p2, i72, i8, i10, i12, i14, i16, i18, i20, i22, i24, i26, i28, i30, i32, i34, i36, p84, p45, p47, p49, p51, p53, p55, p57, p59, p61, p63, p65, p67, p69, p74, p75]
+808: p86 = getfield_gc_r(p84, descr=<FieldP rpyeffect.stored_environment.CoData__arb_arb.inst_vtable 24 pure>)
+816: guard_value(p86, ConstPtr(ptr87), descr=<Guard0x1285a5520>) [p2, i72, i8, i10, i12, i14, i16, i18, i20, i22, i24, i26, i28, i30, i32, i34, i36, p84, p45, p47, p49, p51, p53, p55, p57, p59, p61, p63, p65, p67, p69, p74, p75]
debug_merge_point(0, 0, '5184<main.rpyeffect:187([#727])>+0: {"op": "PrimOp". "name": "unbox(Ptr): Num". "out": {"num": [0]. "ptr": []}. "in": {"num": []. "ptr": [0]}}')
debug_merge_point(0, 0, '5184<main.rpyeffect:187([#727])>+1: {"op": "Push". "target": 5183. "args": {"num": []. "ptr": []}}')
debug_merge_point(0, 0, '5184<main.rpyeffect:187([#727])>+2: {"op": "Jump". "target": 5162}')
debug_merge_point(0, 0, '5162<main.rpyeffect:165([mcore:[#305]#619])>+0: {"op": "Return". "args": {"num": [0]. "ptr": []}}')
debug_merge_point(0, 0, '5183<main.rpyeffect:186([k@[#727]#732])>+0: {"op": "PrimOp". "name": "box(Num): Ptr". "out": {"num": []. "ptr": [0]}. "in": {"num": [0]. "ptr": []}}')
debug_merge_point(0, 0, '5183<main.rpyeffect:186([k@[#727]#732])>+1: {"op": "Return". "args": {"num": []. "ptr": [0]}}')
+824: guard_nonnull(p75, descr=<Guard0x1285a5560>) [p2, i72, i8, i10, i12, i14, i16, i18, i20, i22, i24, i26, i28, i30, i32, i34, i36, p84, p45, p47, p49, p51, p53, p55, p57, p59, p61, p63, p65, p67, p69, p74, p75]
+832: p88 = getfield_gc_r(p75, descr=<FieldP rpyeffect.stack.MetaStackLike.inst_stack 8 pure>)
+836: p89 = getfield_gc_r(p75, descr=<FieldP rpyeffect.stack.MetaStack.inst_label 16 pure>)
+840: p90 = getfield_gc_r(p75, descr=<FieldP rpyeffect.stack.MetaStack.inst_tail 32 pure>)
+844: guard_nonnull(p88, descr=<Guard0x1285a55a0>) [p2, i72, i8, i10, i12, i14, i16, i18, i20, i22, i24, i26, i28, i30, i32, i34, i36, p84, p45, p47, p49, p51, p53, p55, p57, p59, p61, p63, p65, p67, p69, p74, p75]
+852: i91 = getfield_gc_i(p88, descr=<FieldS rpyeffect.stored_environment.Stack__arb_arb.inst_target 16 pure>)
+856: guard_value(i91, 714, descr=<Guard0x1285a55e0>) [p2, i72, i8, i10, i12, i14, i16, i18, i20, i22, i24, i26, i28, i30, i32, i34, i36, p84, p45, p47, p49, p51, p53, p55, p57, p59, p61, p63, p65, p67, p69, p74, p75]
+868: p93 = getfield_gc_r(p88, descr=<FieldP rpyeffect.stored_environment.Stack__0_1.inst_values_ptr_0 40 pure>)
+872: p94 = getfield_gc_r(p88, descr=<FieldP rpyeffect.stored_environment.Stack__arb_arb.inst_tail 8 pure>)
+876: guard_nonnull_class(p94, ConstClass(Stack__0_1), descr=<Guard0x128561780>) [p2, i72, i8, i10, i12, i14, i16, i18, i20, i22, i24, i26, i28, i30, i32, i34, i36, p84, p45, p47, p49, p51, p53, p55, p57, p59, p61, p63, p65, p67, p69, p74, p75]
+900: i96 = getfield_gc_i(p94, descr=<FieldS rpyeffect.stored_environment.Stack__arb_arb.inst_target 16 pure>)
+904: guard_value(i96, 432, descr=<Guard0x1285a5620>) [p2, i72, i8, i10, i12, i14, i16, i18, i20, i22, i24, i26, i28, i30, i32, i34, i36, p84, p45, p47, p49, p51, p53, p55, p57, p59, p61, p63, p65, p67, p69, p74, p75]
debug_merge_point(0, 0, '714<std_core_hnd.rpyeffect:413([k@[k@[#1063]#1068]#1070])>+0: {"op": "Const". "type": "ptr". "out": 2. "format": "string". "value": "Name(import$std/core/hnd)"}')
debug_merge_point(0, 0, '714<std_core_hnd.rpyeffect:413([k@[k@[#1063]#1068]#1070])>+1: {"op": "PrimOp". "name": "getGlobal(String): Ptr". "out": {"num": []. "ptr": [2]}. "in": {"num": []. "ptr": [2]}}')
debug_merge_point(0, 0, '714<std_core_hnd.rpyeffect:413([k@[k@[#1063]#1068]#1070])>+2: {"op": "Push". "target": 713. "args": {"num": []. "ptr": [0]}}')
debug_merge_point(0, 0, '714<std_core_hnd.rpyeffect:413([k@[k@[#1063]#1068]#1070])>+3: {"op": "Copy". "type": "ptr". "from": 1. "to". 0}')
debug_merge_point(0, 0, '714<std_core_hnd.rpyeffect:413([k@[k@[#1063]#1068]#1070])>+4: {"op": "Copy". "type": "ptr". "from": 2. "to". 1}')
debug_merge_point(0, 0, '714<std_core_hnd.rpyeffect:413([k@[k@[#1063]#1068]#1070])>+5: {"op": "Jump". "target": 712}')
debug_merge_point(0, 0, '712<std_core_hnd.rpyeffect:411([mcore:[#655]#1049])>+0: {"op": "Const". "type": "ptr". "out": 1. "format": "string". "value": "Name(import$std/core/hnd)"}')
debug_merge_point(0, 0, '712<std_core_hnd.rpyeffect:411([mcore:[#655]#1049])>+1: {"op": "PrimOp". "name": "getGlobal(String): Ptr". "out": {"num": []. "ptr": [1]}. "in": {"num": []. "ptr": [1]}}')
debug_merge_point(0, 0, '712<std_core_hnd.rpyeffect:411([mcore:[#655]#1049])>+2: {"op": "CallLib". "lib": "1". "symbol": "setCurrentEvv"}')
debug_merge_point(0, 0, '302<std_core_hnd.rpyeffect:1(Name(setCurrentEvv))>+0: {"op": "Const". "type": "ptr". "out": 1. "format": "string". "value": "current-evv"}')
debug_merge_point(0, 0, '302<std_core_hnd.rpyeffect:1(Name(setCurrentEvv))>+1: {"op": "PrimOp". "name": "getGlobal(String): Ptr". "out": {"num": []. "ptr": [1]}. "in": {"num": []. "ptr": [1]}}')
debug_merge_point(0, 0, '302<std_core_hnd.rpyeffect:1(Name(setCurrentEvv))>+2: {"op": "PrimOp". "name": "setRef(Ref[Ptr]. Ptr): Unit". "out": {"num": []. "ptr": [0]}. "in": {"num": []. "ptr": [1. 0]}}')
debug_merge_point(0, 0, '302<std_core_hnd.rpyeffect:1(Name(setCurrentEvv))>+3: {"op": "Return". "args": {"num": []. "ptr": [0]}}')
debug_merge_point(0, 0, '713<std_core_hnd.rpyeffect:412([k@[k@[k@[#1063]#1068]#1070]#1075])>+0: {"op": "Copy". "type": "ptr". "from": 1. "to". 0}')
debug_merge_point(0, 0, '713<std_core_hnd.rpyeffect:412([k@[k@[k@[#1063]#1068]#1070]#1075])>+1: {"op": "Return". "args": {"num": []. "ptr": [0]}}')
+956: setfield_gc(ConstPtr(ptr98), p93, descr=<FieldP rpyeffect.region.PtrRef.inst_value 8>)
+960: p99 = getfield_gc_r(p94, descr=<FieldP rpyeffect.stored_environment.Stack__0_1.inst_values_ptr_0 40 pure>)
+964: p100 = getfield_gc_r(p94, descr=<FieldP rpyeffect.stored_environment.Stack__arb_arb.inst_tail 8 pure>)
+968: guard_isnull(p100, descr=<Guard0x1285617d8>) [p2, i72, i8, i10, i12, i14, i16, i18, i20, i22, i24, i26, i28, i30, i32, i34, i36, p99, p45, p47, p49, p51, p53, p55, p57, p59, p61, p63, p65, p67, p69, p89, p100, p90]
debug_merge_point(0, 0, '432<std_core_hnd.rpyeffect:131([return_clause@[mcore:[#404]#265]#269])>+0: {"op": "Invoke". "receiver": 1. "tag": Interned(%apply(p):p). "args" : {"num": []. "ptr": [0]}}')
+976: jump(p89, p2, p90, i72, i8, i10, i12, i14, i16, i18, i20, i22, i24, i26, i28, i30, i32, i34, i36, p99, p45, p47, p49, p51, p53, p55, p57, p59, p61, p63, p65, p67, p69, descr=TargetToken(4972725056))
+992: --end of the loop--
[e08d9b1] jit-log-opt-loop}
[e19b091] {jit-log-opt-bridge
# bridge out of Guard 0x12865abd0 with 144 ops
[p0, i1, i2, i3, i4, i5, i6, i7, i8, i9, i10, i11, i12, i13, i14, i15, i16, p17, p18, p19, p20, p21, p22, p23, p24, p25, p26, p27, p28, p29, p30, p31, p32, p33, p34, p35, p36]
+168: i38 = int_eq(i1, 1)
guard_true(i38, descr=<Guard0x12858d678>) [p0, i1, i2, i3, i4, i5, i6, i7, i8, i9, i10, i11, i12, i13, i14, i15, i16, p17, p18, p19, p20, p21, p22, p23, p24, p25, p26, p27, p28, p29, p30, p31, p32, p33, p34, p35, p36]
+176: guard_nonnull(p31, descr=<Guard0x1285ecaa0>) [p0, i1, i2, i3, i4, i5, i6, i7, i8, i9, i10, i11, i12, i13, i14, i15, i16, p17, p18, p19, p20, p21, p22, p23, p24, p25, p26, p27, p28, p29, p30, p31, p32, p33, p34, p35, p36]
+184: i39 = getfield_gc_i(p31, descr=<FieldS rpyeffect.stored_environment.Stack__arb_arb.inst_target 16 pure>)
+188: guard_not_invalidated(descr=<Guard0x1285ecae0>) [p0, i1, i2, i3, i4, i5, i6, i7, i8, i9, i10, i11, i12, i13, i14, i15, i16, p17, p18, p19, p20, p21, p22, p23, p24, p25, p26, p27, p28, p29, p30, p31, p32, p33, p34, p35, p36]
+192: guard_value(i39, 5127, descr=<Guard0x1285ecb20>) [p0, i1, i2, i3, i4, i5, i6, i7, i8, i9, i10, i11, i12, i13, i14, i15, i16, p17, p18, p19, p20, p21, p22, p23, p24, p25, p26, p27, p28, p29, p30, p31, p32, p33, p34, p35, p36]
debug_merge_point(0, 0, '5093<main.rpyeffect:96([switch case for 1#351])>+0: {"op": "Copy". "type": "num". "from": 1. "to". 0}')
debug_merge_point(0, 0, '5093<main.rpyeffect:96([switch case for 1#351])>+1: {"op": "Return". "args": {"num": [0]. "ptr": []}}')
+204: i41 = getfield_gc_i(p31, descr=<FieldS rpyeffect.stored_environment.Stack__3_0.inst_values_num_0 40 pure>)
+208: i42 = getfield_gc_i(p31, descr=<FieldS rpyeffect.stored_environment.Stack__3_0.inst_values_num_1 48 pure>)
+212: i43 = getfield_gc_i(p31, descr=<FieldS rpyeffect.stored_environment.Stack__3_0.inst_values_num_2 56 pure>)
+216: p44 = getfield_gc_r(p31, descr=<FieldP rpyeffect.stored_environment.Stack__arb_arb.inst_tail 8 pure>)
debug_merge_point(0, 0, '5127<main.rpyeffect:130([k@[k@[k@[mcore:[#256]#422]#427]#435]#443])>+0: {"op": "PrimOp". "name": "infixAdd(Int. Int): Int". "out": {"num": [4]. "ptr": []}. "in": {"num": [1. 2]. "ptr": []}}')
+220: i45 = int_add(i41, i42)
debug_merge_point(0, 0, '5127<main.rpyeffect:130([k@[k@[k@[mcore:[#256]#422]#427]#435]#443])>+1: {"op": "PrimOp". "name": "infixAdd(Int. Int): Int". "out": {"num": [4]. "ptr": []}. "in": {"num": [4. 0]. "ptr": []}}')
+224: i46 = int_add(i45, i2)
debug_merge_point(0, 0, '5127<main.rpyeffect:130([k@[k@[k@[mcore:[#256]#422]#427]#435]#443])>+2: {"op": "PrimOp". "name": "infixEq(Int. Int): Boolean". "out": {"num": [3]. "ptr": []}. "in": {"num": [4. 3]. "ptr": []}}')
+228: i47 = int_eq(i46, i43)
guard_true(i47, descr=<Guard0x1285ecb60>) [p0, i1, i2, i3, i4, i5, i6, i7, i8, i9, i10, i11, i12, i13, i14, i15, i16, p17, p18, p19, p20, p21, p22, p23, p24, p25, p26, p27, p28, p29, p30, p31, p32, p33, p34, p35, p36]
debug_merge_point(0, 0, '5127<main.rpyeffect:130([k@[k@[k@[mcore:[#256]#422]#427]#435]#443])>+3: {"op": "Swap". "type": "num". "a": 0. "b". 3}')
debug_merge_point(0, 0, '5127<main.rpyeffect:130([k@[k@[k@[mcore:[#256]#422]#427]#435]#443])>+4: {"op": "Switch". "scrutinee": 0. "values": [1]. "targets": [5120]. "default": 5126}')
+236: guard_nonnull(p44, descr=<Guard0x1285ecba0>) [p0, i1, i2, i3, i4, i5, i6, i7, i8, i9, i10, i11, i12, i13, i14, i15, i16, p17, p18, p19, p20, p21, p22, p23, p24, p25, p26, p27, p28, p29, p30, p31, p32, p33, p34, p35, p36]
+244: i48 = getfield_gc_i(p44, descr=<FieldS rpyeffect.stored_environment.Stack__arb_arb.inst_target 16 pure>)
+248: guard_value(i48, 5171, descr=<Guard0x1285ed220>) [p0, i1, i2, i3, i4, i5, i6, i7, i8, i9, i10, i11, i12, i13, i14, i15, i16, p17, p18, p19, p20, p21, p22, p23, p24, p25, p26, p27, p28, p29, p30, p31, p32, p33, p34, p35, p36]
debug_merge_point(0, 0, '5120<main.rpyeffect:123([switch case for 1#445])>+0: {"op": "Const". "type": "ptr". "out": 0. "format": "string". "value": "Name(import$std/core/types)"}')
debug_merge_point(0, 0, '5120<main.rpyeffect:123([switch case for 1#445])>+1: {"op": "PrimOp". "name": "getGlobal(String): Ptr". "out": {"num": []. "ptr": [0]}. "in": {"num": []. "ptr": [0]}}')
debug_merge_point(0, 0, '5120<main.rpyeffect:123([switch case for 1#445])>+2: {"op": "Copy". "type": "num". "from": 1. "to". 0}')
debug_merge_point(0, 0, '5120<main.rpyeffect:123([switch case for 1#445])>+3: {"op": "Copy". "type": "num". "from": 2. "to". 1}')
debug_merge_point(0, 0, '5120<main.rpyeffect:123([switch case for 1#445])>+4: {"op": "Copy". "type": "num". "from": 3. "to". 2}')
debug_merge_point(0, 0, '5120<main.rpyeffect:123([switch case for 1#445])>+5: {"op": "PrimOp". "name": "box(Num): Ptr". "out": {"num": []. "ptr": [1]}. "in": {"num": [0]. "ptr": []}}')
debug_merge_point(0, 0, '5120<main.rpyeffect:123([switch case for 1#445])>+6: {"op": "PrimOp". "name": "box(Num): Ptr". "out": {"num": []. "ptr": [2]}. "in": {"num": [1]. "ptr": []}}')
debug_merge_point(0, 0, '5120<main.rpyeffect:123([switch case for 1#445])>+7: {"op": "PrimOp". "name": "box(Num): Ptr". "out": {"num": []. "ptr": [3]}. "in": {"num": [2]. "ptr": []}}')
debug_merge_point(0, 0, '5120<main.rpyeffect:123([switch case for 1#445])>+8: {"op": "Swap". "type": "ptr". "a": 2. "b". 3}')
debug_merge_point(0, 0, '5120<main.rpyeffect:123([switch case for 1#445])>+9: {"op": "Swap". "type": "ptr". "a": 1. "b". 3}')
debug_merge_point(0, 0, '5120<main.rpyeffect:123([switch case for 1#445])>+10: {"op": "Swap". "type": "ptr". "a": 0. "b". 3}')
debug_merge_point(0, 0, '5120<main.rpyeffect:123([switch case for 1#445])>+11: {"op": "Jump". "target": 5103}')
debug_merge_point(0, 0, '5103<main.rpyeffect:106([mcore:[#238]#369])>+0: {"op": "Const". "type": "ptr". "out": 3. "format": "string". "value": "Name(import$std/core/types)"}')
debug_merge_point(0, 0, '5103<main.rpyeffect:106([mcore:[#238]#369])>+1: {"op": "PrimOp". "name": "getGlobal(String): Ptr". "out": {"num": []. "ptr": [3]}. "in": {"num": []. "ptr": [3]}}')
debug_merge_point(0, 0, '5103<main.rpyeffect:106([mcore:[#238]#369])>+2: {"op": "CallLib". "lib": "3". "symbol": "std/core/types/Tuple3"}')
debug_merge_point(0, 0, '295<std_core_types.rpyeffect:267([mcore:[#188]#191])>+0: {"op": "Construct". "out": 0. "type": Interned(std/core/types/tuple3). "tag": Interned(std/core/types/Tuple3). "args": {"num": []. "ptr": [0. 1. 2]}}')
debug_merge_point(0, 0, '295<std_core_types.rpyeffect:267([mcore:[#188]#191])>+1: {"op": "Return". "args": {"num": []. "ptr": [0]}}')
+260: p50 = getfield_gc_r(p44, descr=<FieldP rpyeffect.stored_environment.Stack__arb_arb.inst_tail 8 pure>)
debug_merge_point(0, 0, '5171<main.rpyeffect:174([k@[mcore:[#323]#650]#658])>+0: {"op": "New". "out": 1. "targets": [5168. 5170]. "args": {"num": []. "ptr": []}}')
debug_merge_point(0, 0, '5171<main.rpyeffect:174([k@[mcore:[#323]#650]#658])>+1: {"op": "Const". "type": "ptr". "out": 2. "format": "string". "value": "Name(import$std/core/hnd)"}')
debug_merge_point(0, 0, '5171<main.rpyeffect:174([k@[mcore:[#323]#650]#658])>+2: {"op": "PrimOp". "name": "getGlobal(String): Ptr". "out": {"num": []. "ptr": [2]}. "in": {"num": []. "ptr": [2]}}')
debug_merge_point(0, 0, '5171<main.rpyeffect:174([k@[mcore:[#323]#650]#658])>+3: {"op": "Swap". "type": "ptr". "a": 0. "b". 1}')
debug_merge_point(0, 0, '5171<main.rpyeffect:174([k@[mcore:[#323]#650]#658])>+4: {"op": "Jump". "target": 5163}')
+264: guard_nonnull_class(p50, ConstClass(Stack__0_1), descr=<Guard0x12858d6d0>) [p0, i1, i2, i3, i4, i5, i6, i7, i8, i9, i10, i11, i12, i13, i14, i15, i16, p17, p18, p19, p20, p21, p22, p23, p24, p25, p26, p27, p28, p29, p30, p31, p32, p33, p34, p35, p36]
+288: i52 = getfield_gc_i(p50, descr=<FieldS rpyeffect.stored_environment.Stack__arb_arb.inst_target 16 pure>)
+292: guard_value(i52, 432, descr=<Guard0x1285ed260>) [p0, i1, i2, i3, i4, i5, i6, i7, i8, i9, i10, i11, i12, i13, i14, i15, i16, p17, p18, p19, p20, p21, p22, p23, p24, p25, p26, p27, p28, p29, p30, p31, p32, p33, p34, p35, p36]
debug_merge_point(0, 0, '5163<main.rpyeffect:166([mcore:[#310]#620])>+0: {"op": "Const". "type": "ptr". "out": 2. "format": "string". "value": "Name(import$std/core/hnd)"}')
debug_merge_point(0, 0, '5163<main.rpyeffect:166([mcore:[#310]#620])>+1: {"op": "PrimOp". "name": "getGlobal(String): Ptr". "out": {"num": []. "ptr": [2]}. "in": {"num": []. "ptr": [2]}}')
debug_merge_point(0, 0, '5163<main.rpyeffect:166([mcore:[#310]#620])>+2: {"op": "CallLib". "lib": "2". "symbol": "std/core/hnd/@open-none1"}')
debug_merge_point(0, 0, '448<std_core_hnd.rpyeffect:147([mcore:[#418]#306])>+0: {"op": "Const". "type": "ptr". "out": 2. "format": "string". "value": "Name(import$std/core/hnd)"}')
debug_merge_point(0, 0, '448<std_core_hnd.rpyeffect:147([mcore:[#418]#306])>+1: {"op": "PrimOp". "name": "getGlobal(String): Ptr". "out": {"num": []. "ptr": [2]}. "in": {"num": []. "ptr": [2]}}')
debug_merge_point(0, 0, '448<std_core_hnd.rpyeffect:147([mcore:[#418]#306])>+2: {"op": "Push". "target": 447. "args": {"num": []. "ptr": [0. 1]}}')
debug_merge_point(0, 0, '448<std_core_hnd.rpyeffect:147([mcore:[#418]#306])>+3: {"op": "Copy". "type": "ptr". "from": 2. "to". 0}')
debug_merge_point(0, 0, '448<std_core_hnd.rpyeffect:147([mcore:[#418]#306])>+4: {"op": "Jump". "target": 443}')
debug_merge_point(0, 0, '443<std_core_hnd.rpyeffect:142([mcore:[#414]#297])>+0: {"op": "Const". "type": "ptr". "out": 0. "format": "string". "value": "Name(import$std/core/hnd)"}')
debug_merge_point(0, 0, '443<std_core_hnd.rpyeffect:142([mcore:[#414]#297])>+1: {"op": "PrimOp". "name": "getGlobal(String): Ptr". "out": {"num": []. "ptr": [0]}. "in": {"num": []. "ptr": [0]}}')
debug_merge_point(0, 0, '443<std_core_hnd.rpyeffect:142([mcore:[#414]#297])>+2: {"op": "CallLib". "lib": "0". "symbol": "evvSwapCreate0"}')
debug_merge_point(0, 0, '310<std_core_hnd.rpyeffect:9(Name(evvSwapCreate0))>+0: {"op": "Push". "target": 309. "args": {"num": []. "ptr": []}}')
debug_merge_point(0, 0, '310<std_core_hnd.rpyeffect:9(Name(evvSwapCreate0))>+1: {"op": "Jump". "target": 301}')
debug_merge_point(0, 0, '301<std_core_hnd.rpyeffect:0(Name(getCurrentEvv))>+0: {"op": "Const". "type": "ptr". "out": 0. "format": "string". "value": "current-evv"}')
debug_merge_point(0, 0, '301<std_core_hnd.rpyeffect:0(Name(getCurrentEvv))>+1: {"op": "PrimOp". "name": "getGlobal(String): Ptr". "out": {"num": []. "ptr": [0]}. "in": {"num": []. "ptr": [0]}}')
debug_merge_point(0, 0, '301<std_core_hnd.rpyeffect:0(Name(getCurrentEvv))>+2: {"op": "PrimOp". "name": "getRef(Ref[Ptr]): Ptr". "out": {"num": []. "ptr": [0]}. "in": {"num": []. "ptr": [0]}}')
+304: p55 = getfield_gc_r(ConstPtr(ptr54), descr=<FieldP rpyeffect.region.PtrRef.inst_value 8>)
debug_merge_point(0, 0, '301<std_core_hnd.rpyeffect:0(Name(getCurrentEvv))>+3: {"op": "Return". "args": {"num": []. "ptr": [0]}}')
debug_merge_point(0, 0, '309<std_core_hnd.rpyeffect:8([k@Name(evvSwapCreate0)#28])>+0: {"op": "Construct". "out": 1. "type": Interned(evv). "tag": Interned(nil). "args": {"num": []. "ptr": []}}')
debug_merge_point(0, 0, '309<std_core_hnd.rpyeffect:8([k@Name(evvSwapCreate0)#28])>+1: {"op": "Push". "target": 308. "args": {"num": []. "ptr": [0]}}')
debug_merge_point(0, 0, '309<std_core_hnd.rpyeffect:8([k@Name(evvSwapCreate0)#28])>+2: {"op": "Copy". "type": "ptr". "from": 1. "to". 0}')
debug_merge_point(0, 0, '309<std_core_hnd.rpyeffect:8([k@Name(evvSwapCreate0)#28])>+3: {"op": "Jump". "target": 302}')
debug_merge_point(0, 0, '302<std_core_hnd.rpyeffect:1(Name(setCurrentEvv))>+0: {"op": "Const". "type": "ptr". "out": 1. "format": "string". "value": "current-evv"}')
debug_merge_point(0, 0, '302<std_core_hnd.rpyeffect:1(Name(setCurrentEvv))>+1: {"op": "PrimOp". "name": "getGlobal(String): Ptr". "out": {"num": []. "ptr": [1]}. "in": {"num": []. "ptr": [1]}}')
debug_merge_point(0, 0, '302<std_core_hnd.rpyeffect:1(Name(setCurrentEvv))>+2: {"op": "PrimOp". "name": "setRef(Ref[Ptr]. Ptr): Unit". "out": {"num": []. "ptr": [0]}. "in": {"num": []. "ptr": [1. 0]}}')
debug_merge_point(0, 0, '302<std_core_hnd.rpyeffect:1(Name(setCurrentEvv))>+3: {"op": "Return". "args": {"num": []. "ptr": [0]}}')
debug_merge_point(0, 0, '308<std_core_hnd.rpyeffect:7([k@[k@Name(evvSwapCreate0)#28]#31])>+0: {"op": "Copy". "type": "ptr". "from": 1. "to". 0}')
debug_merge_point(0, 0, '308<std_core_hnd.rpyeffect:7([k@[k@Name(evvSwapCreate0)#28]#31])>+1: {"op": "Return". "args": {"num": []. "ptr": [0]}}')
debug_merge_point(0, 0, '447<std_core_hnd.rpyeffect:146([k@[mcore:[#418]#306]#311])>+0: {"op": "Push". "target": 446. "args": {"num": []. "ptr": [0]}}')
debug_merge_point(0, 0, '447<std_core_hnd.rpyeffect:146([k@[mcore:[#418]#306]#311])>+1: {"op": "Copy". "type": "ptr". "from": 2. "to". 0}')
debug_merge_point(0, 0, '447<std_core_hnd.rpyeffect:146([k@[mcore:[#418]#306]#311])>+2: {"op": "Invoke". "receiver": 1. "tag": Interned(%apply(p):p). "args" : {"num": []. "ptr": [0]}}')
debug_merge_point(0, 0, '5170<main.rpyeffect:173([#666])>+0: {"op": "Push". "target": 5169. "args": {"num": []. "ptr": []}}')
debug_merge_point(0, 0, '5170<main.rpyeffect:173([#666])>+1: {"op": "Jump". "target": 5166}')
debug_merge_point(0, 0, '5166<main.rpyeffect:169([mcore:[#320]#626])>+0: {"op": "Match". "type": Interned(std/core/types/tuple3). "scrutinee": 0. "clauses": [{"tag": Interned(std/core/types/Tuple3). "target": 5165. "args": {"num": []. "ptr": [0. 1. 2]}}]. "default": {"tag": Interned(0ebd4aad-cbef-458e-b7ce-546cf0866444#[Missing Tag#1216]). "target": 5164. "args": {"num": []. "ptr": []}}}')
debug_merge_point(0, 0, '5165<main.rpyeffect:168([#630])>+0: {"op": "Const". "type": "num". "out": 0. "value": 53}')
debug_merge_point(0, 0, '5165<main.rpyeffect:168([#630])>+1: {"op": "PrimOp". "name": "unbox(Ptr): Num". "out": {"num": [1]. "ptr": []}. "in": {"num": []. "ptr": [0]}}')
debug_merge_point(0, 0, '5165<main.rpyeffect:168([#630])>+2: {"op": "PrimOp". "name": "infixMul(Int. Int): Int". "out": {"num": [0]. "ptr": []}. "in": {"num": [0. 1]. "ptr": []}}')
+304: i57 = int_mul(53, i41)
debug_merge_point(0, 0, '5165<main.rpyeffect:168([#630])>+3: {"op": "Const". "type": "num". "out": 1. "value": 2809}')
debug_merge_point(0, 0, '5165<main.rpyeffect:168([#630])>+4: {"op": "Copy". "type": "ptr". "from": 1. "to". 0}')
debug_merge_point(0, 0, '5165<main.rpyeffect:168([#630])>+5: {"op": "PrimOp". "name": "unbox(Ptr): Num". "out": {"num": [2]. "ptr": []}. "in": {"num": []. "ptr": [0]}}')
debug_merge_point(0, 0, '5165<main.rpyeffect:168([#630])>+6: {"op": "PrimOp". "name": "infixMul(Int. Int): Int". "out": {"num": [1]. "ptr": []}. "in": {"num": [1. 2]. "ptr": []}}')
+312: i59 = int_mul(2809, i42)
debug_merge_point(0, 0, '5165<main.rpyeffect:168([#630])>+7: {"op": "PrimOp". "name": "infixAdd(Int. Int): Int". "out": {"num": [0]. "ptr": []}. "in": {"num": [0. 1]. "ptr": []}}')
+320: i60 = int_add(i57, i59)
debug_merge_point(0, 0, '5165<main.rpyeffect:168([#630])>+8: {"op": "Const". "type": "num". "out": 1. "value": 148877}')
debug_merge_point(0, 0, '5165<main.rpyeffect:168([#630])>+9: {"op": "Copy". "type": "ptr". "from": 2. "to". 0}')
debug_merge_point(0, 0, '5165<main.rpyeffect:168([#630])>+10: {"op": "PrimOp". "name": "unbox(Ptr): Num". "out": {"num": [2]. "ptr": []}. "in": {"num": []. "ptr": [0]}}')
debug_merge_point(0, 0, '5165<main.rpyeffect:168([#630])>+11: {"op": "PrimOp". "name": "infixMul(Int. Int): Int". "out": {"num": [1]. "ptr": []}. "in": {"num": [1. 2]. "ptr": []}}')
+324: i62 = int_mul(148877, i2)
debug_merge_point(0, 0, '5165<main.rpyeffect:168([#630])>+12: {"op": "PrimOp". "name": "infixAdd(Int. Int): Int". "out": {"num": [0]. "ptr": []}. "in": {"num": [0. 1]. "ptr": []}}')
+336: i63 = int_add(i60, i62)
debug_merge_point(0, 0, '5165<main.rpyeffect:168([#630])>+13: {"op": "Const". "type": "num". "out": 1. "value": 1000000007}')
debug_merge_point(0, 0, '5165<main.rpyeffect:168([#630])>+14: {"op": "PrimOp". "name": "mod(Int. Int): Int". "out": {"num": [0]. "ptr": []}. "in": {"num": [0. 1]. "ptr": []}}')
+340: i65 = int_rshift(i63, 63)
+348: i66 = int_xor(i63, i65)
+352: i68 = uint_mul_high(i66, -8543223828751151131)
+372: i70 = uint_rshift(i68, 29)
+380: i71 = int_xor(i70, i65)
+384: i73 = int_mul(i71, 1000000007)
+396: i74 = int_sub(i63, i73)
debug_merge_point(0, 0, '5165<main.rpyeffect:168([#630])>+15: {"op": "Return". "args": {"num": [0]. "ptr": []}}')
debug_merge_point(0, 0, '5169<main.rpyeffect:172([k@[#666]#668])>+0: {"op": "PrimOp". "name": "box(Num): Ptr". "out": {"num": []. "ptr": [0]}. "in": {"num": [0]. "ptr": []}}')
debug_merge_point(0, 0, '5169<main.rpyeffect:172([k@[#666]#668])>+1: {"op": "Return". "args": {"num": []. "ptr": [0]}}')
debug_merge_point(0, 0, '446<std_core_hnd.rpyeffect:145([k@[k@[mcore:[#418]#306]#311]#313])>+0: {"op": "Const". "type": "ptr". "out": 2. "format": "string". "value": "Name(import$std/core/hnd)"}')
debug_merge_point(0, 0, '446<std_core_hnd.rpyeffect:145([k@[k@[mcore:[#418]#306]#311]#313])>+1: {"op": "PrimOp". "name": "getGlobal(String): Ptr". "out": {"num": []. "ptr": [2]}. "in": {"num": []. "ptr": [2]}}')
debug_merge_point(0, 0, '446<std_core_hnd.rpyeffect:145([k@[k@[mcore:[#418]#306]#311]#313])>+2: {"op": "Push". "target": 445. "args": {"num": []. "ptr": [0]}}')
debug_merge_point(0, 0, '446<std_core_hnd.rpyeffect:145([k@[k@[mcore:[#418]#306]#311]#313])>+3: {"op": "Copy". "type": "ptr". "from": 1. "to". 0}')
debug_merge_point(0, 0, '446<std_core_hnd.rpyeffect:145([k@[k@[mcore:[#418]#306]#311]#313])>+4: {"op": "Copy". "type": "ptr". "from": 2. "to". 1}')
debug_merge_point(0, 0, '446<std_core_hnd.rpyeffect:145([k@[k@[mcore:[#418]#306]#311]#313])>+5: {"op": "Jump". "target": 444}')
debug_merge_point(0, 0, '444<std_core_hnd.rpyeffect:143([mcore:[#417]#301])>+0: {"op": "Const". "type": "ptr". "out": 1. "format": "string". "value": "Name(import$std/core/hnd)"}')
debug_merge_point(0, 0, '444<std_core_hnd.rpyeffect:143([mcore:[#417]#301])>+1: {"op": "PrimOp". "name": "getGlobal(String): Ptr". "out": {"num": []. "ptr": [1]}. "in": {"num": []. "ptr": [1]}}')
debug_merge_point(0, 0, '444<std_core_hnd.rpyeffect:143([mcore:[#417]#301])>+2: {"op": "CallLib". "lib": "1". "symbol": "setCurrentEvv"}')
debug_merge_point(0, 0, '302<std_core_hnd.rpyeffect:1(Name(setCurrentEvv))>+0: {"op": "Const". "type": "ptr". "out": 1. "format": "string". "value": "current-evv"}')
debug_merge_point(0, 0, '302<std_core_hnd.rpyeffect:1(Name(setCurrentEvv))>+1: {"op": "PrimOp". "name": "getGlobal(String): Ptr". "out": {"num": []. "ptr": [1]}. "in": {"num": []. "ptr": [1]}}')
debug_merge_point(0, 0, '302<std_core_hnd.rpyeffect:1(Name(setCurrentEvv))>+2: {"op": "PrimOp". "name": "setRef(Ref[Ptr]. Ptr): Unit". "out": {"num": []. "ptr": [0]}. "in": {"num": []. "ptr": [1. 0]}}')
debug_merge_point(0, 0, '302<std_core_hnd.rpyeffect:1(Name(setCurrentEvv))>+3: {"op": "Return". "args": {"num": []. "ptr": [0]}}')
debug_merge_point(0, 0, '445<std_core_hnd.rpyeffect:144([k@[k@[k@[mcore:[#418]#306]#311]#313]#318])>+0: {"op": "Copy". "type": "ptr". "from": 1. "to". 0}')
debug_merge_point(0, 0, '445<std_core_hnd.rpyeffect:144([k@[k@[k@[mcore:[#418]#306]#311]#313]#318])>+1: {"op": "Return". "args": {"num": []. "ptr": [0]}}')
+400: p75 = getfield_gc_r(p50, descr=<FieldP rpyeffect.stored_environment.Stack__0_1.inst_values_ptr_0 40 pure>)
+404: p76 = getfield_gc_r(p50, descr=<FieldP rpyeffect.stored_environment.Stack__arb_arb.inst_tail 8 pure>)
+408: guard_isnull(p76, descr=<Guard0x1285ed2a0>) [p0, i1, i2, i3, i4, i5, i6, i7, i8, i9, i10, i11, i12, i13, i14, i15, i16, p17, p18, p19, p20, p21, p22, p23, p24, p25, p26, p27, p28, p29, p30, p31, p32, p33, p34, p35, p36]
debug_merge_point(0, 0, '432<std_core_hnd.rpyeffect:131([return_clause@[mcore:[#404]#265]#269])>+0: {"op": "Invoke". "receiver": 1. "tag": Interned(%apply(p):p). "args" : {"num": []. "ptr": [0]}}')
+416: p77 = new_with_vtable(descr=<SizeDescr 40>)
+524: p78 = new_with_vtable(descr=<SizeDescr 40>)
+536: setfield_gc(p78, p34, descr=<FieldP rpyeffect.stack.MetaStackLike.inst_stack 8 pure>)
+540: setfield_gc(p78, p33, descr=<FieldP rpyeffect.stack.MetaStack.inst_label 16 pure>)
+548: setfield_gc(p78, ConstPtr(null), descr=<FieldP rpyeffect.stack.MetaStack.inst_region 24 pure>)
+556: setfield_gc(p78, p32, descr=<FieldP rpyeffect.stack.MetaStack.inst_tail 32 pure>)
+564: setfield_gc(p77, p36, descr=<FieldP rpyeffect.stack.MetaStackLike.inst_stack 8 pure>)
+568: setfield_gc(p77, p35, descr=<FieldP rpyeffect.stack.MetaStack.inst_label 16 pure>)
+572: setfield_gc(p77, ConstPtr(null), descr=<FieldP rpyeffect.stack.MetaStack.inst_region 24 pure>)
+580: setfield_gc(p77, p78, descr=<FieldP rpyeffect.stack.MetaStack.inst_tail 32 pure>)
+588: jump(p30, p0, p77, i74, 1000000007, i2, i2, i46, i6, i7, i8, i9, i10, i11, i12, i13, i14, i15, i16, p75, ConstPtr(ptr82), p18, p19, p20, p21, p22, p23, p24, p25, p26, p27, p28, p29, descr=TargetToken(4972725056))
+888: --end of the loop--
[e1b32a2] jit-log-opt-bridge}
[ec5f309] {jit-log-opt-bridge
# bridge out of Guard 0x1284bd660 with 399 ops
[p0, i1, i2, i3, i4, i5, i6, i7, i8, i9, i10, i11, i12, i13, i14, i15, i16, p17, p18, p19, p20, p21, p22, p23, p24, p25, p26, p27, p28, p29, p30, p31, p32, p33, p34, p35]
+392: guard_not_invalidated(descr=<Guard0x1286b7af0>) [p0, i1, i2, i3, i4, i5, i6, i7, i8, i9, i10, i11, i12, i13, i14, i15, i16, p17, p18, p19, p20, p21, p22, p23, p24, p25, p26, p27, p28, p29, p30, p31, p32, p33, p34, p35]
debug_merge_point(0, 0, '784<std_core_hnd.rpyeffect:483([mcore:[#715]#1295])>+1: {"op": "PrimOp". "name": "getGlobal(String): Ptr". "out": {"num": []. "ptr": [0]}. "in": {"num": []. "ptr": [0]}}')
debug_merge_point(0, 0, '784<std_core_hnd.rpyeffect:483([mcore:[#715]#1295])>+2: {"op": "CallLib". "lib": "0". "symbol": "evvSwapCreate1"}')
+396: guard_nonnull(p34, descr=<Guard0x1287024a0>) [p0, i1, i2, i3, i4, i5, i6, i7, i8, i9, i10, i11, i12, i13, i14, i15, i16, p17, p18, p19, p20, p21, p22, p23, p24, p25, p26, p27, p28, p29, p30, p31, p32, p33, p34, p35]
+408: i36 = getfield_gc_i(p34, descr=<FieldS rpyeffect.stored_environment.Stack__arb_arb.inst_target 16 pure>)
+416: guard_value(i36, 802, descr=<Guard0x1287024e0>) [p0, i1, i2, i3, i4, i5, i6, i7, i8, i9, i10, i11, i12, i13, i14, i15, i16, p17, p18, p19, p20, p21, p22, p23, p24, p25, p26, p27, p28, p29, p30, p31, p32, p33, p34, p35]
debug_merge_point(0, 0, '307<std_core_hnd.rpyeffect:6(Name(evvSwapCreate1))>+0: {"op": "Construct". "out": 0. "type": Interned(evv). "tag": Interned(nil). "args": {"num": []. "ptr": []}}')
debug_merge_point(0, 0, '307<std_core_hnd.rpyeffect:6(Name(evvSwapCreate1))>+1: {"op": "Push". "target": 306. "args": {"num": [0]. "ptr": [0]}}')
debug_merge_point(0, 0, '307<std_core_hnd.rpyeffect:6(Name(evvSwapCreate1))>+2: {"op": "Jump". "target": 301}')
debug_merge_point(0, 0, '301<std_core_hnd.rpyeffect:0(Name(getCurrentEvv))>+0: {"op": "Const". "type": "ptr". "out": 0. "format": "string". "value": "current-evv"}')
debug_merge_point(0, 0, '301<std_core_hnd.rpyeffect:0(Name(getCurrentEvv))>+1: {"op": "PrimOp". "name": "getGlobal(String): Ptr". "out": {"num": []. "ptr": [0]}. "in": {"num": []. "ptr": [0]}}')
debug_merge_point(0, 0, '301<std_core_hnd.rpyeffect:0(Name(getCurrentEvv))>+2: {"op": "PrimOp". "name": "getRef(Ref[Ptr]): Ptr". "out": {"num": []. "ptr": [0]}. "in": {"num": []. "ptr": [0]}}')
+432: p39 = getfield_gc_r(ConstPtr(ptr38), descr=<FieldP rpyeffect.region.PtrRef.inst_value 8>)
debug_merge_point(0, 0, '301<std_core_hnd.rpyeffect:0(Name(getCurrentEvv))>+3: {"op": "Return". "args": {"num": []. "ptr": [0]}}')
debug_merge_point(0, 0, '306<std_core_hnd.rpyeffect:5([k@Name(evvSwapCreate1)#21])>+0: {"op": "Push". "target": 305. "args": {"num": []. "ptr": [0. 1]}}')
debug_merge_point(0, 0, '306<std_core_hnd.rpyeffect:5([k@Name(evvSwapCreate1)#21])>+1: {"op": "Jump". "target": 331}')
debug_merge_point(0, 0, '331<std_core_hnd.rpyeffect:30(Name(elt))>+0: {"op": "Switch". "scrutinee": 0. "values": [0]. "targets": [329]. "default": 330}')
+436: i41 = int_eq(i1, 0)
guard_false(i41, descr=<Guard0x128702520>) [p0, i1, i2, i3, i4, i5, i6, i7, i8, i9, i10, i11, i12, i13, i14, i15, i16, p17, p18, p19, p20, p21, p22, p23, p24, p25, p26, p27, p28, p29, p30, p31, p32, p33, p34, p35]
debug_merge_point(0, 0, '330<std_core_hnd.rpyeffect:29([switch default case#88])>+0: {"op": "Proj". "out": 0. "type": Interned(evv). "scrutinee": 0. "tag": Interned(cons). "field": 1. "field_type": "ptr"}')
+448: p42 = getfield_gc_r(p39, descr=<FieldP rpyeffect.stored_environment.Data__arb_arb.inst_tag 8>)
+456: guard_value(p42, ConstPtr(ptr43), descr=<Guard0x128702560>) [p0, i1, i2, i3, i4, i5, i6, i7, i8, i9, i10, i11, i12, i13, i14, i15, i16, p17, p18, p19, p20, p21, p22, p23, p24, p25, p26, p27, p28, p29, p30, p31, p32, p33, p34, p35]
+464: guard_class(p39, ConstClass(Data__0_2), descr=<Guard0x1287025a0>) [p0, i1, i2, i3, i4, i5, i6, i7, i8, i9, i10, i11, i12, i13, i14, i15, i16, p17, p18, p19, p20, p21, p22, p23, p24, p25, p26, p27, p28, p29, p30, p31, p32, p33, p34, p35]
+480: p45 = getfield_gc_r(p39, descr=<FieldP rpyeffect.stored_environment.Data__0_2.inst_values_ptr_1 40 pure>)
debug_merge_point(0, 0, '330<std_core_hnd.rpyeffect:29([switch default case#88])>+1: {"op": "Const". "type": "num". "out": 1. "value": 1}')
debug_merge_point(0, 0, '330<std_core_hnd.rpyeffect:29([switch default case#88])>+2: {"op": "PrimOp". "name": "infixSub(Int. Int): Int". "out": {"num": [0]. "ptr": []}. "in": {"num": [0. 1]. "ptr": []}}')
+484: i47 = int_sub(i1, 1)
debug_merge_point(0, 0, '330<std_core_hnd.rpyeffect:29([switch default case#88])>+3: {"op": "Jump". "target": 331}')
debug_merge_point(0, 0, '331<std_core_hnd.rpyeffect:30(Name(elt))>+0: {"op": "Switch". "scrutinee": 0. "values": [0]. "targets": [329]. "default": 330}')
+488: i49 = int_eq(i47, 0)
guard_true(i49, descr=<Guard0x1287025e0>) [p0, i1, i2, i3, i4, i5, i6, i7, i8, i9, i10, i11, i12, i13, i14, i15, i16, p17, p18, p19, p20, p21, p22, p23, p24, p25, p26, p27, p28, p29, p30, p31, p32, p33, p34, p35]
debug_merge_point(0, 0, '329<std_core_hnd.rpyeffect:28([switch case for 0#86])>+0: {"op": "Proj". "out": 0. "type": Interned(evv). "scrutinee": 0. "tag": Interned(cons). "field": 0. "field_type": "ptr"}')
+496: p50 = getfield_gc_r(p45, descr=<FieldP rpyeffect.stored_environment.Data__arb_arb.inst_tag 8>)
+500: guard_value(p50, ConstPtr(ptr51), descr=<Guard0x128702620>) [p0, i1, i2, i3, i4, i5, i6, i7, i8, i9, i10, i11, i12, i13, i14, i15, i16, p17, p18, p19, p20, p21, p22, p23, p24, p25, p26, p27, p28, p29, p30, p31, p32, p33, p34, p35]
+508: guard_class(p45, ConstClass(Data__0_2), descr=<Guard0x128702660>) [p0, i1, i2, i3, i4, i5, i6, i7, i8, i9, i10, i11, i12, i13, i14, i15, i16, p17, p18, p19, p20, p21, p22, p23, p24, p25, p26, p27, p28, p29, p30, p31, p32, p33, p34, p35]
+524: p53 = getfield_gc_r(p45, descr=<FieldP rpyeffect.stored_environment.Data__0_2.inst_values_ptr_0 32 pure>)
debug_merge_point(0, 0, '329<std_core_hnd.rpyeffect:28([switch case for 0#86])>+1: {"op": "Return". "args": {"num": []. "ptr": [0]}}')
debug_merge_point(0, 0, '305<std_core_hnd.rpyeffect:4([k@[k@Name(evvSwapCreate1)#21]#23])>+0: {"op": "Construct". "out": 0. "type": Interned(evv). "tag": Interned(cons). "args": {"num": []. "ptr": [0. 2]}}')
debug_merge_point(0, 0, '305<std_core_hnd.rpyeffect:4([k@[k@Name(evvSwapCreate1)#21]#23])>+1: {"op": "Push". "target": 304. "args": {"num": []. "ptr": [1]}}')
debug_merge_point(0, 0, '305<std_core_hnd.rpyeffect:4([k@[k@Name(evvSwapCreate1)#21]#23])>+2: {"op": "Jump". "target": 302}')
debug_merge_point(0, 0, '302<std_core_hnd.rpyeffect:1(Name(setCurrentEvv))>+0: {"op": "Const". "type": "ptr". "out": 1. "format": "string". "value": "current-evv"}')
debug_merge_point(0, 0, '302<std_core_hnd.rpyeffect:1(Name(setCurrentEvv))>+1: {"op": "PrimOp". "name": "getGlobal(String): Ptr". "out": {"num": []. "ptr": [1]}. "in": {"num": []. "ptr": [1]}}')
debug_merge_point(0, 0, '302<std_core_hnd.rpyeffect:1(Name(setCurrentEvv))>+2: {"op": "PrimOp". "name": "setRef(Ref[Ptr]. Ptr): Unit". "out": {"num": []. "ptr": [0]}. "in": {"num": []. "ptr": [1. 0]}}')
debug_merge_point(0, 0, '302<std_core_hnd.rpyeffect:1(Name(setCurrentEvv))>+3: {"op": "Return". "args": {"num": []. "ptr": [0]}}')
debug_merge_point(0, 0, '304<std_core_hnd.rpyeffect:3([k@[k@[k@Name(evvSwapCreate1)#21]#23]#26])>+0: {"op": "Copy". "type": "ptr". "from": 1. "to". 0}')
debug_merge_point(0, 0, '304<std_core_hnd.rpyeffect:3([k@[k@[k@Name(evvSwapCreate1)#21]#23]#26])>+1: {"op": "Return". "args": {"num": []. "ptr": [0]}}')
+528: i54 = getfield_gc_i(p34, descr=<FieldS rpyeffect.stored_environment.Stack__1_1.inst_values_num_0 40 pure>)
+532: p55 = getfield_gc_r(p34, descr=<FieldP rpyeffect.stored_environment.Stack__1_1.inst_values_ptr_0 48 pure>)
+536: p56 = getfield_gc_r(p34, descr=<FieldP rpyeffect.stored_environment.Stack__arb_arb.inst_tail 8 pure>)
debug_merge_point(0, 0, '802<std_core_hnd.rpyeffect:501([k@[mcore:[#725]#1309]#1314])>+0: {"op": "Push". "target": 801. "args": {"num": [0]. "ptr": [0]}}')
debug_merge_point(0, 0, '802<std_core_hnd.rpyeffect:501([k@[mcore:[#725]#1309]#1314])>+1: {"op": "Invoke". "receiver": 1. "tag": Interned(%apply():p). "args" : {"num": []. "ptr": []}}')
+540: p57 = getfield_gc_r(p55, descr=<FieldP rpyeffect.stored_environment.CoData__arb_arb.inst_vtable 24 pure>)
+548: guard_value(p57, ConstPtr(ptr58), descr=<Guard0x1287026a0>) [p0, i1, i2, i3, i4, i5, i6, i7, i8, i9, i10, i11, i12, i13, i14, i15, i16, p17, p18, p19, p20, p21, p22, p23, p24, p25, p26, p27, p28, p29, p30, p31, p32, p33, p34, p35]
debug_merge_point(0, 0, '5091<main.rpyeffect:94([#333])>+0: {"op": "Const". "type": "ptr". "out": 0. "format": "string". "value": "Name(import$std/core/hnd)"}')
debug_merge_point(0, 0, '5091<main.rpyeffect:94([#333])>+1: {"op": "PrimOp". "name": "getGlobal(String): Ptr". "out": {"num": []. "ptr": [0]}. "in": {"num": []. "ptr": [0]}}')
debug_merge_point(0, 0, '5091<main.rpyeffect:94([#333])>+2: {"op": "Push". "target": 5090. "args": {"num": []. "ptr": []}}')
debug_merge_point(0, 0, '5091<main.rpyeffect:94([#333])>+3: {"op": "Jump". "target": 5081}')
debug_merge_point(0, 0, '5081<main.rpyeffect:84([mcore:[#222]#247])>+0: {"op": "Const". "type": "num". "out": 0. "value": 0}')
debug_merge_point(0, 0, '5081<main.rpyeffect:84([mcore:[#222]#247])>+1: {"op": "Const". "type": "ptr". "out": 0. "format": "string". "value": "Name(import$std/core/hnd)"}')
debug_merge_point(0, 0, '5081<main.rpyeffect:84([mcore:[#222]#247])>+2: {"op": "PrimOp". "name": "getGlobal(String): Ptr". "out": {"num": []. "ptr": [0]}. "in": {"num": []. "ptr": [0]}}')
debug_merge_point(0, 0, '5081<main.rpyeffect:84([mcore:[#222]#247])>+3: {"op": "Push". "target": 5080. "args": {"num": [0]. "ptr": []}}')
debug_merge_point(0, 0, '5081<main.rpyeffect:84([mcore:[#222]#247])>+4: {"op": "Jump". "target": 5069}')
debug_merge_point(0, 0, '5069<main.rpyeffect:72([mcore:[#214]#243])>+0: {"op": "Const". "type": "ptr". "out": 0. "format": "string". "value": "Name(import$std/core/hnd)"}')
debug_merge_point(0, 0, '5069<main.rpyeffect:72([mcore:[#214]#243])>+1: {"op": "PrimOp". "name": "getGlobal(String): Ptr". "out": {"num": []. "ptr": [0]}. "in": {"num": []. "ptr": [0]}}')
debug_merge_point(0, 0, '5069<main.rpyeffect:72([mcore:[#214]#243])>+2: {"op": "CallLib". "lib": "0". "symbol": "getCurrentEvv"}')
debug_merge_point(0, 0, '301<std_core_hnd.rpyeffect:0(Name(getCurrentEvv))>+0: {"op": "Const". "type": "ptr". "out": 0. "format": "string". "value": "current-evv"}')
debug_merge_point(0, 0, '301<std_core_hnd.rpyeffect:0(Name(getCurrentEvv))>+1: {"op": "PrimOp". "name": "getGlobal(String): Ptr". "out": {"num": []. "ptr": [0]}. "in": {"num": []. "ptr": [0]}}')
debug_merge_point(0, 0, '301<std_core_hnd.rpyeffect:0(Name(getCurrentEvv))>+2: {"op": "PrimOp". "name": "getRef(Ref[Ptr]): Ptr". "out": {"num": []. "ptr": [0]}. "in": {"num": []. "ptr": [0]}}')
debug_merge_point(0, 0, '301<std_core_hnd.rpyeffect:0(Name(getCurrentEvv))>+3: {"op": "Return". "args": {"num": []. "ptr": [0]}}')
debug_merge_point(0, 0, '5080<main.rpyeffect:83([k@[mcore:[#222]#247]#253])>+0: {"op": "PrimOp". "name": "promote_ptr". "out": {"num": []. "ptr": [0]}. "in": {"num": []. "ptr": [0]}}')
debug_merge_point(0, 0, '5080<main.rpyeffect:83([k@[mcore:[#222]#247]#253])>+1: {"op": "Const". "type": "ptr". "out": 1. "format": "string". "value": "Name(import$std/core/hnd)"}')
debug_merge_point(0, 0, '5080<main.rpyeffect:83([k@[mcore:[#222]#247]#253])>+2: {"op": "PrimOp". "name": "getGlobal(String): Ptr". "out": {"num": []. "ptr": [1]}. "in": {"num": []. "ptr": [1]}}')
debug_merge_point(0, 0, '5080<main.rpyeffect:83([k@[mcore:[#222]#247]#253])>+3: {"op": "Push". "target": 5079. "args": {"num": []. "ptr": []}}')
debug_merge_point(0, 0, '5080<main.rpyeffect:83([k@[mcore:[#222]#247]#253])>+4: {"op": "Jump". "target": 5068}')
debug_merge_point(0, 0, '5068<main.rpyeffect:71([mcore:[#213]#237])>+0: {"op": "Const". "type": "ptr". "out": 1. "format": "string". "value": "Name(import$std/core/hnd)"}')
debug_merge_point(0, 0, '5068<main.rpyeffect:71([mcore:[#213]#237])>+1: {"op": "PrimOp". "name": "getGlobal(String): Ptr". "out": {"num": []. "ptr": [1]}. "in": {"num": []. "ptr": [1]}}')
debug_merge_point(0, 0, '5068<main.rpyeffect:71([mcore:[#213]#237])>+2: {"op": "CallLib". "lib": "1". "symbol": "elt"}')
debug_merge_point(0, 0, '331<std_core_hnd.rpyeffect:30(Name(elt))>+0: {"op": "Switch". "scrutinee": 0. "values": [0]. "targets": [329]. "default": 330}')
debug_merge_point(0, 0, '329<std_core_hnd.rpyeffect:28([switch case for 0#86])>+0: {"op": "Proj". "out": 0. "type": Interned(evv). "scrutinee": 0. "tag": Interned(cons). "field": 0. "field_type": "ptr"}')
debug_merge_point(0, 0, '329<std_core_hnd.rpyeffect:28([switch case for 0#86])>+1: {"op": "Return". "args": {"num": []. "ptr": [0]}}')
debug_merge_point(0, 0, '5079<main.rpyeffect:82([k@[k@[mcore:[#222]#247]#253]#261])>+0: {"op": "Match". "type": Interned(std/core/hnd/ev). "scrutinee": 0. "clauses": [{"tag": Interned(std/core/hnd/Ev). "target": 5078. "args": {"num": []. "ptr": [1. 2. 3. 4]}}]. "default": {"tag": Interned(0ebd4aad-cbef-458e-b7ce-546cf0866444#[Missing Tag#1212]). "target": 5070. "args": {"num": []. "ptr": []}}}')
+556: p59 = getfield_gc_r(p53, descr=<FieldP rpyeffect.stored_environment.Data__arb_arb.inst_tag 8>)
+564: guard_value(p59, ConstPtr(ptr60), descr=<Guard0x1287026e0>) [p0, i1, i2, i3, i4, i5, i6, i7, i8, i9, i10, i11, i12, i13, i14, i15, i16, p17, p18, p19, p20, p21, p22, p23, p24, p25, p26, p27, p28, p29, p30, p31, p32, p33, p34, p35]
+572: p61 = getfield_gc_r(p53, descr=<FieldP rpyeffect.stored_environment.Data__arb_arb.inst_values_ptr 24 pure>)
+576: p63 = getarrayitem_gc_pure_r(p61, 0, descr=<ArrayP 8>)
+576: p65 = getarrayitem_gc_pure_r(p61, 1, descr=<ArrayP 8>)
+580: p67 = getarrayitem_gc_pure_r(p61, 2, descr=<ArrayP 8>)
+584: p69 = getarrayitem_gc_pure_r(p61, 3, descr=<ArrayP 8>)
debug_merge_point(0, 0, '5078<main.rpyeffect:81([#265])>+0: {"op": "Copy". "type": "ptr". "from": 0. "to". 1}')
debug_merge_point(0, 0, '5078<main.rpyeffect:81([#265])>+1: {"op": "Copy". "type": "ptr". "from": 2. "to". 0}')
debug_merge_point(0, 0, '5078<main.rpyeffect:81([#265])>+2: {"op": "Match". "type": Interned(main/flip). "scrutinee": 3. "clauses": [{"tag": Interned(main/@Hnd-flip). "target": 5077. "args": {"num": [0]. "ptr": [2]}}]. "default": {"tag": Interned(0ebd4aad-cbef-458e-b7ce-546cf0866444#[Missing Tag#1211]). "target": 5072. "args": {"num": []. "ptr": []}}}')
+588: p70 = getfield_gc_r(p67, descr=<FieldP rpyeffect.stored_environment.Data__arb_arb.inst_tag 8>)
+596: guard_value(p70, ConstPtr(ptr71), descr=<Guard0x128702720>) [p0, i1, i2, i3, i4, i5, i6, i7, i8, i9, i10, i11, i12, i13, i14, i15, i16, p17, p18, p19, p20, p21, p22, p23, p24, p25, p26, p27, p28, p29, p30, p31, p32, p33, p34, p35]
+604: i72 = getfield_gc_i(p67, descr=<FieldS rpyeffect.stored_environment.Data__1_1.inst_values_num_0 32 pure>)
+604: p73 = getfield_gc_r(p67, descr=<FieldP rpyeffect.stored_environment.Data__1_1.inst_values_ptr_0 40 pure>)
debug_merge_point(0, 0, '5077<main.rpyeffect:80([match_main/@Hnd-flip@[#265]#272])>+0: {"op": "Match". "type": Interned(std/core/hnd/clause0). "scrutinee": 2. "clauses": [{"tag": Interned(std/core/hnd/Clause0). "target": 5076. "args": {"num": []. "ptr": [2]}}]. "default": {"tag": Interned(0ebd4aad-cbef-458e-b7ce-546cf0866444#[Missing Tag#1210]). "target": 5074. "args": {"num": []. "ptr": []}}}')
+608: p74 = getfield_gc_r(p73, descr=<FieldP rpyeffect.stored_environment.Data__arb_arb.inst_tag 8>)
+616: guard_value(p74, ConstPtr(ptr75), descr=<Guard0x128702760>) [p0, i1, i2, i3, i4, i5, i6, i7, i8, i9, i10, i11, i12, i13, i14, i15, i16, p17, p18, p19, p20, p21, p22, p23, p24, p25, p26, p27, p28, p29, p30, p31, p32, p33, p34, p35]
+624: p76 = getfield_gc_r(p73, descr=<FieldP rpyeffect.stored_environment.Data__0_1.inst_values_ptr_0 32 pure>)
debug_merge_point(0, 0, '5076<main.rpyeffect:79([#279])>+0: {"op": "Push". "target": 5075. "args": {"num": []. "ptr": []}}')
debug_merge_point(0, 0, '5076<main.rpyeffect:79([#279])>+1: {"op": "Invoke". "receiver": 2. "tag": Interned(%apply(pp):p). "args" : {"num": []. "ptr": [0. 1]}}')
+628: p77 = getfield_gc_r(p76, descr=<FieldP rpyeffect.stored_environment.CoData__arb_arb.inst_vtable 24 pure>)
+636: guard_value(p77, ConstPtr(ptr78), descr=<Guard0x1287027a0>) [p0, i1, i2, i3, i4, i5, i6, i7, i8, i9, i10, i11, i12, i13, i14, i15, i16, p17, p18, p19, p20, p21, p22, p23, p24, p25, p26, p27, p28, p29, p30, p31, p32, p33, p34, p35]
debug_merge_point(0, 0, '5193<main.rpyeffect:196([method_%apply(pp):p@[mcore:[#327]#765]#772])>+0: {"op": "Const". "type": "ptr". "out": 2. "format": "string". "value": "Name(import$std/core/hnd)"}')
debug_merge_point(0, 0, '5193<main.rpyeffect:196([method_%apply(pp):p@[mcore:[#327]#765]#772])>+1: {"op": "PrimOp". "name": "getGlobal(String): Ptr". "out": {"num": []. "ptr": [2]}. "in": {"num": []. "ptr": [2]}}')
debug_merge_point(0, 0, '5193<main.rpyeffect:196([method_%apply(pp):p@[mcore:[#327]#765]#772])>+2: {"op": "Jump". "target": 5146}')
debug_merge_point(0, 0, '5146<main.rpyeffect:149([mcore:[#279]#533])>+0: {"op": "New". "out": 1. "targets": [5143. 5145]. "args": {"num": []. "ptr": []}}')
debug_merge_point(0, 0, '5146<main.rpyeffect:149([mcore:[#279]#533])>+1: {"op": "Const". "type": "ptr". "out": 2. "format": "string". "value": "Name(import$std/core/hnd)"}')
debug_merge_point(0, 0, '5146<main.rpyeffect:149([mcore:[#279]#533])>+2: {"op": "PrimOp". "name": "getGlobal(String): Ptr". "out": {"num": []. "ptr": [2]}. "in": {"num": []. "ptr": [2]}}')
debug_merge_point(0, 0, '5146<main.rpyeffect:149([mcore:[#279]#533])>+3: {"op": "Jump". "target": 5132}')
debug_merge_point(0, 0, '5132<main.rpyeffect:135([mcore:[#262]#487])>+0: {"op": "Const". "type": "ptr". "out": 2. "format": "string". "value": "Name(import$std/core/hnd)"}')
debug_merge_point(0, 0, '5132<main.rpyeffect:135([mcore:[#262]#487])>+1: {"op": "PrimOp". "name": "getGlobal(String): Ptr". "out": {"num": []. "ptr": [2]}. "in": {"num": []. "ptr": [2]}}')
debug_merge_point(0, 0, '5132<main.rpyeffect:135([mcore:[#262]#487])>+2: {"op": "CallLib". "lib": "2". "symbol": "std/core/hnd/yield-to"}')
debug_merge_point(0, 0, '1022<std_core_hnd.rpyeffect:721([mcore:[#893]#2108])>+0: {"op": "Push". "target": 1021. "args": {"num": []. "ptr": [1. 0]}}')
debug_merge_point(0, 0, '1022<std_core_hnd.rpyeffect:721([mcore:[#893]#2108])>+1: {"op": "Jump". "target": 509}')
debug_merge_point(0, 0, '509<std_core_hnd.rpyeffect:208([mcore:[#471]#472])>+0: {"op": "Jump". "target": 301}')
debug_merge_point(0, 0, '301<std_core_hnd.rpyeffect:0(Name(getCurrentEvv))>+0: {"op": "Const". "type": "ptr". "out": 0. "format": "string". "value": "current-evv"}')
debug_merge_point(0, 0, '301<std_core_hnd.rpyeffect:0(Name(getCurrentEvv))>+1: {"op": "PrimOp". "name": "getGlobal(String): Ptr". "out": {"num": []. "ptr": [0]}. "in": {"num": []. "ptr": [0]}}')
debug_merge_point(0, 0, '301<std_core_hnd.rpyeffect:0(Name(getCurrentEvv))>+2: {"op": "PrimOp". "name": "getRef(Ref[Ptr]): Ptr". "out": {"num": []. "ptr": [0]}. "in": {"num": []. "ptr": [0]}}')
debug_merge_point(0, 0, '301<std_core_hnd.rpyeffect:0(Name(getCurrentEvv))>+3: {"op": "Return". "args": {"num": []. "ptr": [0]}}')
debug_merge_point(0, 0, '1021<std_core_hnd.rpyeffect:720([k@[mcore:[#893]#2108]#2110])>+0: {"op": "Push". "target": 1020. "args": {"num": []. "ptr": [0]}}')
debug_merge_point(0, 0, '1021<std_core_hnd.rpyeffect:720([k@[mcore:[#893]#2108]#2110])>+1: {"op": "Copy". "type": "ptr". "from": 2. "to". 0}')
debug_merge_point(0, 0, '1021<std_core_hnd.rpyeffect:720([k@[mcore:[#893]#2108]#2110])>+2: {"op": "Jump". "target": 507}')
debug_merge_point(0, 0, '507<std_core_hnd.rpyeffect:206([mcore:[#470]#437])>+0: {"op": "Const". "type": "num". "out": 0. "value": 0}')
debug_merge_point(0, 0, '507<std_core_hnd.rpyeffect:206([mcore:[#470]#437])>+1: {"op": "ShiftDyn". "out": 0. "n": 0. "label": 0}')
+644: i79 = instance_ptr_eq(p33, p65)
guard_false(i79, descr=<Guard0x1287027e0>) [p0, i1, i2, i3, i4, i5, i6, i7, i8, i9, i10, i11, i12, i13, i14, i15, i16, p17, p18, p19, p20, p21, p22, p23, p24, p25, p26, p27, p28, p29, p30, p31, p32, p33, p34, p35]
+652: p80 = getfield_gc_r(p35, descr=<FieldP rpyeffect.stack.MetaStack.inst_region 24 pure>)
+660: guard_isnull(p80, descr=<Guard0x128702820>) [p0, i1, i2, i3, i4, i5, i6, i7, i8, i9, i10, i11, i12, i13, i14, i15, i16, p17, p18, p19, p20, p21, p22, p23, p24, p25, p26, p27, p28, p29, p30, p31, p32, p33, p34, p35]
+668: p81 = getfield_gc_r(p35, descr=<FieldP rpyeffect.stack.MetaStack.inst_label 16 pure>)
+672: i82 = instance_ptr_eq(p81, p65)
guard_true(i82, descr=<Guard0x128702860>) [p0, i1, i2, i3, i4, i5, i6, i7, i8, i9, i10, i11, i12, i13, i14, i15, i16, p17, p18, p19, p20, p21, p22, p23, p24, p25, p26, p27, p28, p29, p30, p31, p32, p33, p34, p35]
+680: p83 = getfield_gc_r(p35, descr=<FieldP rpyeffect.stack.MetaStackLike.inst_stack 8 pure>)
+684: p84 = getfield_gc_r(p35, descr=<FieldP rpyeffect.stack.MetaStack.inst_tail 32 pure>)
+688: guard_nonnull_class(p84, 4348275712, descr=<Guard0x1286b7b48>) [p0, i1, i2, i3, i4, i5, i6, i7, i8, i9, i10, i11, i12, i13, i14, i15, i16, p17, p18, p19, p20, p21, p22, p23, p24, p25, p26, p27, p28, p29, p30, p31, p32, p33, p34, p35]
+712: p86 = getfield_gc_r(p84, descr=<FieldP rpyeffect.stack.MetaStackLike.inst_stack 8 pure>)
+716: p87 = getfield_gc_r(p84, descr=<FieldP rpyeffect.stack.MetaStack.inst_label 16 pure>)
+720: p88 = getfield_gc_r(p84, descr=<FieldP rpyeffect.stack.MetaStack.inst_tail 32 pure>)
+724: guard_nonnull(p86, descr=<Guard0x1287028a0>) [p0, i1, i2, i3, i4, i5, i6, i7, i8, i9, i10, i11, i12, i13, i14, i15, i16, p17, p18, p19, p20, p21, p22, p23, p24, p25, p26, p27, p28, p29, p30, p31, p32, p33, p34, p35]
+732: i89 = getfield_gc_i(p86, descr=<FieldS rpyeffect.stored_environment.Stack__arb_arb.inst_target 16 pure>)
+736: guard_value(i89, 505, descr=<Guard0x1287028e0>) [p0, i1, i2, i3, i4, i5, i6, i7, i8, i9, i10, i11, i12, i13, i14, i15, i16, p17, p18, p19, p20, p21, p22, p23, p24, p25, p26, p27, p28, p29, p30, p31, p32, p33, p34, p35]
debug_merge_point(0, 0, '507<std_core_hnd.rpyeffect:206([mcore:[#470]#437])>+2: {"op": "New". "out": 0. "targets": [500. 502. 504. 506]. "args": {"num": []. "ptr": [0]}}')
debug_merge_point(0, 0, '507<std_core_hnd.rpyeffect:206([mcore:[#470]#437])>+3: {"op": "Invoke". "receiver": 1. "tag": Interned(%apply(p):p). "args" : {"num": []. "ptr": [0]}}')
debug_merge_point(0, 0, '5143<main.rpyeffect:146([method_%apply(p):p@[mcore:[#279]#533]#537])>+0: {"op": "Const". "type": "ptr". "out": 1. "format": "string". "value": "Name(import$std/core/hnd)"}')
debug_merge_point(0, 0, '5143<main.rpyeffect:146([method_%apply(p):p@[mcore:[#279]#533]#537])>+1: {"op": "PrimOp". "name": "getGlobal(String): Ptr". "out": {"num": []. "ptr": [1]}. "in": {"num": []. "ptr": [1]}}')
debug_merge_point(0, 0, '5143<main.rpyeffect:146([method_%apply(p):p@[mcore:[#279]#533]#537])>+2: {"op": "Jump". "target": 5141}')
debug_merge_point(0, 0, '5141<main.rpyeffect:144([mcore:[#277]#512])>+0: {"op": "Construct". "out": 1. "type": Interned(Unit). "tag": Interned(unit). "args": {"num": []. "ptr": []}}')
debug_merge_point(0, 0, '5141<main.rpyeffect:144([mcore:[#277]#512])>+1: {"op": "New". "out": 2. "targets": [5138. 5140]. "args": {"num": []. "ptr": []}}')
debug_merge_point(0, 0, '5141<main.rpyeffect:144([mcore:[#277]#512])>+2: {"op": "Const". "type": "ptr". "out": 3. "format": "string". "value": "Name(import$std/core/hnd)"}')
debug_merge_point(0, 0, '5141<main.rpyeffect:144([mcore:[#277]#512])>+3: {"op": "PrimOp". "name": "getGlobal(String): Ptr". "out": {"num": []. "ptr": [3]}. "in": {"num": []. "ptr": [3]}}')
debug_merge_point(0, 0, '5141<main.rpyeffect:144([mcore:[#277]#512])>+4: {"op": "Swap". "type": "ptr". "a": 0. "b". 1}')
debug_merge_point(0, 0, '5141<main.rpyeffect:144([mcore:[#277]#512])>+5: {"op": "Swap". "type": "ptr". "a": 2. "b". 1}')
debug_merge_point(0, 0, '5141<main.rpyeffect:144([mcore:[#277]#512])>+6: {"op": "Jump". "target": 5133}')
debug_merge_point(0, 0, '5133<main.rpyeffect:136([mcore:[#265]#493])>+0: {"op": "Const". "type": "ptr". "out": 3. "format": "string". "value": "Name(import$std/core/hnd)"}')
debug_merge_point(0, 0, '5133<main.rpyeffect:136([mcore:[#265]#493])>+1: {"op": "PrimOp". "name": "getGlobal(String): Ptr". "out": {"num": []. "ptr": [3]}. "in": {"num": []. "ptr": [3]}}')
debug_merge_point(0, 0, '5133<main.rpyeffect:136([mcore:[#265]#493])>+2: {"op": "CallLib". "lib": "3". "symbol": "std/core/hnd/protect"}')
debug_merge_point(0, 0, '495<std_core_hnd.rpyeffect:194([mcore:[#466]#434])>+0: {"op": "Swap". "type": "ptr". "a": 1. "b". 2}')
debug_merge_point(0, 0, '495<std_core_hnd.rpyeffect:194([mcore:[#466]#434])>+1: {"op": "Invoke". "receiver": 2. "tag": Interned(%apply(pp):p). "args" : {"num": []. "ptr": [0. 1]}}')
debug_merge_point(0, 0, '5140<main.rpyeffect:143([method_%apply(pp):p@[mcore:[#277]#512]#523])>+0: {"op": "Push". "target": 5139. "args": {"num": []. "ptr": []}}')
debug_merge_point(0, 0, '5140<main.rpyeffect:143([method_%apply(pp):p@[mcore:[#277]#512]#523])>+1: {"op": "Jump". "target": 5136}')
debug_merge_point(0, 0, '5136<main.rpyeffect:139([mcore:[#274]#500])>+0: {"op": "Const". "type": "num". "out": 0. "value": 1}')
debug_merge_point(0, 0, '5136<main.rpyeffect:139([mcore:[#274]#500])>+1: {"op": "Push". "target": 5135. "args": {"num": []. "ptr": [1]}}')
debug_merge_point(0, 0, '5136<main.rpyeffect:139([mcore:[#274]#500])>+2: {"op": "Invoke". "receiver": 1. "tag": Interned(%apply(n):n). "args" : {"num": [0]. "ptr": []}}')
debug_merge_point(0, 0, '506<std_core_hnd.rpyeffect:205([method_%apply(n):n@[mcore:[#470]#437]#462])>+0: {"op": "PrimOp". "name": "box(Num): Ptr". "out": {"num": []. "ptr": [1]}. "in": {"num": [0]. "ptr": []}}')
debug_merge_point(0, 0, '506<std_core_hnd.rpyeffect:205([method_%apply(n):n@[mcore:[#470]#437]#462])>+1: {"op": "Push". "target": 505. "args": {"num": []. "ptr": []}}')
debug_merge_point(0, 0, '506<std_core_hnd.rpyeffect:205([method_%apply(n):n@[mcore:[#470]#437]#462])>+2: {"op": "Swap". "type": "ptr". "a": 0. "b". 1}')
debug_merge_point(0, 0, '506<std_core_hnd.rpyeffect:205([method_%apply(n):n@[mcore:[#470]#437]#462])>+3: {"op": "Jump". "target": 497}')
debug_merge_point(0, 0, '497<std_core_hnd.rpyeffect:196([mcore:[#469]#436])>+0: {"op": "PushStack". "arg": 1}')
debug_merge_point(0, 0, '497<std_core_hnd.rpyeffect:196([mcore:[#469]#436])>+1: {"op": "Return". "args": {"num": []. "ptr": [0]}}')
debug_merge_point(0, 0, '1020<std_core_hnd.rpyeffect:719([k@[k@[mcore:[#893]#2108]#2110]#2112])>+0: {"op": "Const". "type": "ptr". "out": 2. "format": "string". "value": "Name(import$std/core/hnd)"}')
debug_merge_point(0, 0, '1020<std_core_hnd.rpyeffect:719([k@[k@[mcore:[#893]#2108]#2110]#2112])>+1: {"op": "PrimOp". "name": "getGlobal(String): Ptr". "out": {"num": []. "ptr": [2]}. "in": {"num": []. "ptr": [2]}}')
debug_merge_point(0, 0, '1020<std_core_hnd.rpyeffect:719([k@[k@[mcore:[#893]#2108]#2110]#2112])>+2: {"op": "Push". "target": 1019. "args": {"num": []. "ptr": [0]}}')
debug_merge_point(0, 0, '1020<std_core_hnd.rpyeffect:719([k@[k@[mcore:[#893]#2108]#2110]#2112])>+3: {"op": "Copy". "type": "ptr". "from": 1. "to". 0}')
debug_merge_point(0, 0, '1020<std_core_hnd.rpyeffect:719([k@[k@[mcore:[#893]#2108]#2110]#2112])>+4: {"op": "Copy". "type": "ptr". "from": 2. "to". 1}')
debug_merge_point(0, 0, '1020<std_core_hnd.rpyeffect:719([k@[k@[mcore:[#893]#2108]#2110]#2112])>+5: {"op": "Jump". "target": 1018}')
debug_merge_point(0, 0, '1018<std_core_hnd.rpyeffect:717([mcore:[#892]#2103])>+0: {"op": "Const". "type": "ptr". "out": 1. "format": "string". "value": "Name(import$std/core/hnd)"}')
debug_merge_point(0, 0, '1018<std_core_hnd.rpyeffect:717([mcore:[#892]#2103])>+1: {"op": "PrimOp". "name": "getGlobal(String): Ptr". "out": {"num": []. "ptr": [1]}. "in": {"num": []. "ptr": [1]}}')
debug_merge_point(0, 0, '1018<std_core_hnd.rpyeffect:717([mcore:[#892]#2103])>+2: {"op": "CallLib". "lib": "1". "symbol": "setCurrentEvv"}')
debug_merge_point(0, 0, '302<std_core_hnd.rpyeffect:1(Name(setCurrentEvv))>+0: {"op": "Const". "type": "ptr". "out": 1. "format": "string". "value": "current-evv"}')
debug_merge_point(0, 0, '302<std_core_hnd.rpyeffect:1(Name(setCurrentEvv))>+1: {"op": "PrimOp". "name": "getGlobal(String): Ptr". "out": {"num": []. "ptr": [1]}. "in": {"num": []. "ptr": [1]}}')
debug_merge_point(0, 0, '302<std_core_hnd.rpyeffect:1(Name(setCurrentEvv))>+2: {"op": "PrimOp". "name": "setRef(Ref[Ptr]. Ptr): Unit". "out": {"num": []. "ptr": [0]}. "in": {"num": []. "ptr": [1. 0]}}')
debug_merge_point(0, 0, '302<std_core_hnd.rpyeffect:1(Name(setCurrentEvv))>+3: {"op": "Return". "args": {"num": []. "ptr": [0]}}')
debug_merge_point(0, 0, '1019<std_core_hnd.rpyeffect:718([k@[k@[k@[mcore:[#893]#2108]#2110]#2112]#2117])>+0: {"op": "Copy". "type": "ptr". "from": 1. "to". 0}')
debug_merge_point(0, 0, '1019<std_core_hnd.rpyeffect:718([k@[k@[k@[mcore:[#893]#2108]#2110]#2112]#2117])>+1: {"op": "Return". "args": {"num": []. "ptr": [0]}}')
debug_merge_point(0, 0, '5075<main.rpyeffect:78([k@[#279]#281])>+0: {"op": "PrimOp". "name": "unbox(Ptr): Num". "out": {"num": [0]. "ptr": []}. "in": {"num": []. "ptr": [0]}}')
debug_merge_point(0, 0, '5075<main.rpyeffect:78([k@[#279]#281])>+1: {"op": "Return". "args": {"num": [0]. "ptr": []}}')
debug_merge_point(0, 0, '5090<main.rpyeffect:93([k@[#333]#336])>+0: {"op": "PrimOp". "name": "box(Num): Ptr". "out": {"num": []. "ptr": [0]}. "in": {"num": [0]. "ptr": []}}')
debug_merge_point(0, 0, '5090<main.rpyeffect:93([k@[#333]#336])>+1: {"op": "Return". "args": {"num": []. "ptr": [0]}}')
+748: guard_nonnull(p56, descr=<Guard0x128702920>) [p0, i1, i2, i3, i4, i5, i6, i7, i8, i9, i10, i11, i12, i13, i14, i15, i16, p17, p18, p19, p20, p21, p22, p23, p24, p25, p26, p27, p28, p29, p30, p31, p32, p33, p34, p35]
+756: i91 = getfield_gc_i(p56, descr=<FieldS rpyeffect.stored_environment.Stack__arb_arb.inst_target 16 pure>)
+760: guard_value(i91, 5098, descr=<Guard0x128702960>) [p0, i1, i2, i3, i4, i5, i6, i7, i8, i9, i10, i11, i12, i13, i14, i15, i16, p17, p18, p19, p20, p21, p22, p23, p24, p25, p26, p27, p28, p29, p30, p31, p32, p33, p34, p35]
debug_merge_point(0, 0, '801<std_core_hnd.rpyeffect:500([k@[k@[mcore:[#725]#1309]#1314]#1316])>+0: {"op": "Const". "type": "ptr". "out": 2. "format": "string". "value": "Name(import$std/core/hnd)"}')
debug_merge_point(0, 0, '801<std_core_hnd.rpyeffect:500([k@[k@[mcore:[#725]#1309]#1314]#1316])>+1: {"op": "PrimOp". "name": "getGlobal(String): Ptr". "out": {"num": []. "ptr": [2]}. "in": {"num": []. "ptr": [2]}}')
debug_merge_point(0, 0, '801<std_core_hnd.rpyeffect:500([k@[k@[mcore:[#725]#1309]#1314]#1316])>+2: {"op": "Push". "target": 800. "args": {"num": [0]. "ptr": [0]}}')
debug_merge_point(0, 0, '801<std_core_hnd.rpyeffect:500([k@[k@[mcore:[#725]#1309]#1314]#1316])>+3: {"op": "Copy". "type": "ptr". "from": 1. "to". 0}')
debug_merge_point(0, 0, '801<std_core_hnd.rpyeffect:500([k@[k@[mcore:[#725]#1309]#1314]#1316])>+4: {"op": "Copy". "type": "ptr". "from": 2. "to". 1}')
debug_merge_point(0, 0, '801<std_core_hnd.rpyeffect:500([k@[k@[mcore:[#725]#1309]#1314]#1316])>+5: {"op": "Jump". "target": 785}')
debug_merge_point(0, 0, '785<std_core_hnd.rpyeffect:484([mcore:[#717]#1300])>+0: {"op": "Const". "type": "ptr". "out": 1. "format": "string". "value": "Name(import$std/core/hnd)"}')
debug_merge_point(0, 0, '785<std_core_hnd.rpyeffect:484([mcore:[#717]#1300])>+1: {"op": "PrimOp". "name": "getGlobal(String): Ptr". "out": {"num": []. "ptr": [1]}. "in": {"num": []. "ptr": [1]}}')
debug_merge_point(0, 0, '785<std_core_hnd.rpyeffect:484([mcore:[#717]#1300])>+2: {"op": "CallLib". "lib": "1". "symbol": "setCurrentEvv"}')
debug_merge_point(0, 0, '302<std_core_hnd.rpyeffect:1(Name(setCurrentEvv))>+0: {"op": "Const". "type": "ptr". "out": 1. "format": "string". "value": "current-evv"}')
debug_merge_point(0, 0, '302<std_core_hnd.rpyeffect:1(Name(setCurrentEvv))>+1: {"op": "PrimOp". "name": "getGlobal(String): Ptr". "out": {"num": []. "ptr": [1]}. "in": {"num": []. "ptr": [1]}}')
debug_merge_point(0, 0, '302<std_core_hnd.rpyeffect:1(Name(setCurrentEvv))>+2: {"op": "PrimOp". "name": "setRef(Ref[Ptr]. Ptr): Unit". "out": {"num": []. "ptr": [0]}. "in": {"num": []. "ptr": [1. 0]}}')
debug_merge_point(0, 0, '302<std_core_hnd.rpyeffect:1(Name(setCurrentEvv))>+3: {"op": "Return". "args": {"num": []. "ptr": [0]}}')
debug_merge_point(0, 0, '800<std_core_hnd.rpyeffect:499([k@[k@[k@[mcore:[#725]#1309]#1314]#1316]#1321])>+0: {"op": "Const". "type": "num". "out": 1. "value": 0}')
debug_merge_point(0, 0, '800<std_core_hnd.rpyeffect:499([k@[k@[k@[mcore:[#725]#1309]#1314]#1316]#1321])>+1: {"op": "Copy". "type": "ptr". "from": 1. "to". 0}')
debug_merge_point(0, 0, '800<std_core_hnd.rpyeffect:499([k@[k@[k@[mcore:[#725]#1309]#1314]#1316]#1321])>+2: {"op": "Switch". "scrutinee": 1. "values": [1]. "targets": [796]. "default": 799}')
debug_merge_point(0, 0, '799<std_core_hnd.rpyeffect:498([switch default case#1364])>+0: {"op": "Const". "type": "num". "out": 0. "value": 0}')
debug_merge_point(0, 0, '799<std_core_hnd.rpyeffect:498([switch default case#1364])>+1: {"op": "Switch". "scrutinee": 0. "values": [0]. "targets": [797]. "default": 798}')
debug_merge_point(0, 0, '797<std_core_hnd.rpyeffect:496([switch case for 0#1366])>+0: {"op": "Return". "args": {"num": []. "ptr": [0]}}')
+776: i93 = getfield_gc_i(p56, descr=<FieldS rpyeffect.stored_environment.Stack__1_0.inst_values_num_0 40 pure>)
+780: p94 = getfield_gc_r(p56, descr=<FieldP rpyeffect.stored_environment.Stack__arb_arb.inst_tail 8 pure>)
debug_merge_point(0, 0, '5098<main.rpyeffect:101([k@[switch case for 0#321]#345])>+0: {"op": "PrimOp". "name": "unbox(Ptr): Num". "out": {"num": [1]. "ptr": []}. "in": {"num": []. "ptr": [0]}}')
debug_merge_point(0, 0, '5098<main.rpyeffect:101([k@[switch case for 0#321]#345])>+1: {"op": "Swap". "type": "num". "a": 0. "b". 1}')
debug_merge_point(0, 0, '5098<main.rpyeffect:101([k@[switch case for 0#321]#345])>+2: {"op": "Switch". "scrutinee": 0. "values": [1]. "targets": [5093]. "default": 5097}')
+784: guard_nonnull(p94, descr=<Guard0x1287029a0>) [p0, i1, i2, i3, i4, i5, i6, i7, i8, i9, i10, i11, i12, i13, i14, i15, i16, p17, p18, p19, p20, p21, p22, p23, p24, p25, p26, p27, p28, p29, p30, p31, p32, p33, p34, p35]
+792: i95 = getfield_gc_i(p94, descr=<FieldS rpyeffect.stored_environment.Stack__arb_arb.inst_target 16 pure>)
+796: guard_value(i95, 5127, descr=<Guard0x1287029e0>) [p0, i1, i2, i3, i4, i5, i6, i7, i8, i9, i10, i11, i12, i13, i14, i15, i16, p17, p18, p19, p20, p21, p22, p23, p24, p25, p26, p27, p28, p29, p30, p31, p32, p33, p34, p35]
debug_merge_point(0, 0, '5093<main.rpyeffect:96([switch case for 1#351])>+0: {"op": "Copy". "type": "num". "from": 1. "to". 0}')
debug_merge_point(0, 0, '5093<main.rpyeffect:96([switch case for 1#351])>+1: {"op": "Return". "args": {"num": [0]. "ptr": []}}')
+808: i97 = getfield_gc_i(p94, descr=<FieldS rpyeffect.stored_environment.Stack__3_0.inst_values_num_0 40 pure>)
+812: i98 = getfield_gc_i(p94, descr=<FieldS rpyeffect.stored_environment.Stack__3_0.inst_values_num_1 48 pure>)
+816: i99 = getfield_gc_i(p94, descr=<FieldS rpyeffect.stored_environment.Stack__3_0.inst_values_num_2 56 pure>)
+820: p100 = getfield_gc_r(p94, descr=<FieldP rpyeffect.stored_environment.Stack__arb_arb.inst_tail 8 pure>)
debug_merge_point(0, 0, '5127<main.rpyeffect:130([k@[k@[k@[mcore:[#256]#422]#427]#435]#443])>+0: {"op": "PrimOp". "name": "infixAdd(Int. Int): Int". "out": {"num": [4]. "ptr": []}. "in": {"num": [1. 2]. "ptr": []}}')
+824: i101 = int_add(i97, i98)
debug_merge_point(0, 0, '5127<main.rpyeffect:130([k@[k@[k@[mcore:[#256]#422]#427]#435]#443])>+1: {"op": "PrimOp". "name": "infixAdd(Int. Int): Int". "out": {"num": [4]. "ptr": []}. "in": {"num": [4. 0]. "ptr": []}}')
+832: i102 = int_add(i101, i93)
debug_merge_point(0, 0, '5127<main.rpyeffect:130([k@[k@[k@[mcore:[#256]#422]#427]#435]#443])>+2: {"op": "PrimOp". "name": "infixEq(Int. Int): Boolean". "out": {"num": [3]. "ptr": []}. "in": {"num": [4. 3]. "ptr": []}}')
+836: i103 = int_eq(i102, i99)
guard_true(i103, descr=<Guard0x128702a20>) [p0, i1, i2, i3, i4, i5, i6, i7, i8, i9, i10, i11, i12, i13, i14, i15, i16, p17, p18, p19, p20, p21, p22, p23, p24, p25, p26, p27, p28, p29, p30, p31, p32, p33, p34, p35]
debug_merge_point(0, 0, '5127<main.rpyeffect:130([k@[k@[k@[mcore:[#256]#422]#427]#435]#443])>+3: {"op": "Swap". "type": "num". "a": 0. "b". 3}')
debug_merge_point(0, 0, '5127<main.rpyeffect:130([k@[k@[k@[mcore:[#256]#422]#427]#435]#443])>+4: {"op": "Switch". "scrutinee": 0. "values": [1]. "targets": [5120]. "default": 5126}')
+844: guard_nonnull(p100, descr=<Guard0x128702a60>) [p0, i1, i2, i3, i4, i5, i6, i7, i8, i9, i10, i11, i12, i13, i14, i15, i16, p17, p18, p19, p20, p21, p22, p23, p24, p25, p26, p27, p28, p29, p30, p31, p32, p33, p34, p35]
+852: i104 = getfield_gc_i(p100, descr=<FieldS rpyeffect.stored_environment.Stack__arb_arb.inst_target 16 pure>)
+856: guard_value(i104, 5171, descr=<Guard0x128702aa0>) [p0, i1, i2, i3, i4, i5, i6, i7, i8, i9, i10, i11, i12, i13, i14, i15, i16, p17, p18, p19, p20, p21, p22, p23, p24, p25, p26, p27, p28, p29, p30, p31, p32, p33, p34, p35]
debug_merge_point(0, 0, '5120<main.rpyeffect:123([switch case for 1#445])>+0: {"op": "Const". "type": "ptr". "out": 0. "format": "string". "value": "Name(import$std/core/types)"}')
debug_merge_point(0, 0, '5120<main.rpyeffect:123([switch case for 1#445])>+1: {"op": "PrimOp". "name": "getGlobal(String): Ptr". "out": {"num": []. "ptr": [0]}. "in": {"num": []. "ptr": [0]}}')
debug_merge_point(0, 0, '5120<main.rpyeffect:123([switch case for 1#445])>+2: {"op": "Copy". "type": "num". "from": 1. "to". 0}')
debug_merge_point(0, 0, '5120<main.rpyeffect:123([switch case for 1#445])>+3: {"op": "Copy". "type": "num". "from": 2. "to". 1}')
debug_merge_point(0, 0, '5120<main.rpyeffect:123([switch case for 1#445])>+4: {"op": "Copy". "type": "num". "from": 3. "to". 2}')
debug_merge_point(0, 0, '5120<main.rpyeffect:123([switch case for 1#445])>+5: {"op": "PrimOp". "name": "box(Num): Ptr". "out": {"num": []. "ptr": [1]}. "in": {"num": [0]. "ptr": []}}')
debug_merge_point(0, 0, '5120<main.rpyeffect:123([switch case for 1#445])>+6: {"op": "PrimOp". "name": "box(Num): Ptr". "out": {"num": []. "ptr": [2]}. "in": {"num": [1]. "ptr": []}}')
debug_merge_point(0, 0, '5120<main.rpyeffect:123([switch case for 1#445])>+7: {"op": "PrimOp". "name": "box(Num): Ptr". "out": {"num": []. "ptr": [3]}. "in": {"num": [2]. "ptr": []}}')
debug_merge_point(0, 0, '5120<main.rpyeffect:123([switch case for 1#445])>+8: {"op": "Swap". "type": "ptr". "a": 2. "b". 3}')
debug_merge_point(0, 0, '5120<main.rpyeffect:123([switch case for 1#445])>+9: {"op": "Swap". "type": "ptr". "a": 1. "b". 3}')
debug_merge_point(0, 0, '5120<main.rpyeffect:123([switch case for 1#445])>+10: {"op": "Swap". "type": "ptr". "a": 0. "b". 3}')
debug_merge_point(0, 0, '5120<main.rpyeffect:123([switch case for 1#445])>+11: {"op": "Jump". "target": 5103}')
debug_merge_point(0, 0, '5103<main.rpyeffect:106([mcore:[#238]#369])>+0: {"op": "Const". "type": "ptr". "out": 3. "format": "string". "value": "Name(import$std/core/types)"}')
debug_merge_point(0, 0, '5103<main.rpyeffect:106([mcore:[#238]#369])>+1: {"op": "PrimOp". "name": "getGlobal(String): Ptr". "out": {"num": []. "ptr": [3]}. "in": {"num": []. "ptr": [3]}}')
debug_merge_point(0, 0, '5103<main.rpyeffect:106([mcore:[#238]#369])>+2: {"op": "CallLib". "lib": "3". "symbol": "std/core/types/Tuple3"}')
debug_merge_point(0, 0, '295<std_core_types.rpyeffect:267([mcore:[#188]#191])>+0: {"op": "Construct". "out": 0. "type": Interned(std/core/types/tuple3). "tag": Interned(std/core/types/Tuple3). "args": {"num": []. "ptr": [0. 1. 2]}}')
debug_merge_point(0, 0, '295<std_core_types.rpyeffect:267([mcore:[#188]#191])>+1: {"op": "Return". "args": {"num": []. "ptr": [0]}}')
+872: p106 = getfield_gc_r(p100, descr=<FieldP rpyeffect.stored_environment.Stack__arb_arb.inst_tail 8 pure>)
debug_merge_point(0, 0, '5171<main.rpyeffect:174([k@[mcore:[#323]#650]#658])>+0: {"op": "New". "out": 1. "targets": [5168. 5170]. "args": {"num": []. "ptr": []}}')
debug_merge_point(0, 0, '5171<main.rpyeffect:174([k@[mcore:[#323]#650]#658])>+1: {"op": "Const". "type": "ptr". "out": 2. "format": "string". "value": "Name(import$std/core/hnd)"}')
debug_merge_point(0, 0, '5171<main.rpyeffect:174([k@[mcore:[#323]#650]#658])>+2: {"op": "PrimOp". "name": "getGlobal(String): Ptr". "out": {"num": []. "ptr": [2]}. "in": {"num": []. "ptr": [2]}}')
debug_merge_point(0, 0, '5171<main.rpyeffect:174([k@[mcore:[#323]#650]#658])>+3: {"op": "Swap". "type": "ptr". "a": 0. "b". 1}')
debug_merge_point(0, 0, '5171<main.rpyeffect:174([k@[mcore:[#323]#650]#658])>+4: {"op": "Jump". "target": 5163}')
+876: guard_nonnull_class(p106, ConstClass(Stack__0_1), descr=<Guard0x1286b7ba0>) [p0, i1, i2, i3, i4, i5, i6, i7, i8, i9, i10, i11, i12, i13, i14, i15, i16, p17, p18, p19, p20, p21, p22, p23, p24, p25, p26, p27, p28, p29, p30, p31, p32, p33, p34, p35]
+900: i108 = getfield_gc_i(p106, descr=<FieldS rpyeffect.stored_environment.Stack__arb_arb.inst_target 16 pure>)
+904: guard_value(i108, 432, descr=<Guard0x128702ae0>) [p0, i1, i2, i3, i4, i5, i6, i7, i8, i9, i10, i11, i12, i13, i14, i15, i16, p17, p18, p19, p20, p21, p22, p23, p24, p25, p26, p27, p28, p29, p30, p31, p32, p33, p34, p35]
debug_merge_point(0, 0, '5163<main.rpyeffect:166([mcore:[#310]#620])>+0: {"op": "Const". "type": "ptr". "out": 2. "format": "string". "value": "Name(import$std/core/hnd)"}')
debug_merge_point(0, 0, '5163<main.rpyeffect:166([mcore:[#310]#620])>+1: {"op": "PrimOp". "name": "getGlobal(String): Ptr". "out": {"num": []. "ptr": [2]}. "in": {"num": []. "ptr": [2]}}')
debug_merge_point(0, 0, '5163<main.rpyeffect:166([mcore:[#310]#620])>+2: {"op": "CallLib". "lib": "2". "symbol": "std/core/hnd/@open-none1"}')
debug_merge_point(0, 0, '448<std_core_hnd.rpyeffect:147([mcore:[#418]#306])>+0: {"op": "Const". "type": "ptr". "out": 2. "format": "string". "value": "Name(import$std/core/hnd)"}')
debug_merge_point(0, 0, '448<std_core_hnd.rpyeffect:147([mcore:[#418]#306])>+1: {"op": "PrimOp". "name": "getGlobal(String): Ptr". "out": {"num": []. "ptr": [2]}. "in": {"num": []. "ptr": [2]}}')
debug_merge_point(0, 0, '448<std_core_hnd.rpyeffect:147([mcore:[#418]#306])>+2: {"op": "Push". "target": 447. "args": {"num": []. "ptr": [0. 1]}}')
debug_merge_point(0, 0, '448<std_core_hnd.rpyeffect:147([mcore:[#418]#306])>+3: {"op": "Copy". "type": "ptr". "from": 2. "to". 0}')
debug_merge_point(0, 0, '448<std_core_hnd.rpyeffect:147([mcore:[#418]#306])>+4: {"op": "Jump". "target": 443}')
debug_merge_point(0, 0, '443<std_core_hnd.rpyeffect:142([mcore:[#414]#297])>+0: {"op": "Const". "type": "ptr". "out": 0. "format": "string". "value": "Name(import$std/core/hnd)"}')
debug_merge_point(0, 0, '443<std_core_hnd.rpyeffect:142([mcore:[#414]#297])>+1: {"op": "PrimOp". "name": "getGlobal(String): Ptr". "out": {"num": []. "ptr": [0]}. "in": {"num": []. "ptr": [0]}}')
debug_merge_point(0, 0, '443<std_core_hnd.rpyeffect:142([mcore:[#414]#297])>+2: {"op": "CallLib". "lib": "0". "symbol": "evvSwapCreate0"}')
debug_merge_point(0, 0, '310<std_core_hnd.rpyeffect:9(Name(evvSwapCreate0))>+0: {"op": "Push". "target": 309. "args": {"num": []. "ptr": []}}')
debug_merge_point(0, 0, '310<std_core_hnd.rpyeffect:9(Name(evvSwapCreate0))>+1: {"op": "Jump". "target": 301}')
debug_merge_point(0, 0, '301<std_core_hnd.rpyeffect:0(Name(getCurrentEvv))>+0: {"op": "Const". "type": "ptr". "out": 0. "format": "string". "value": "current-evv"}')
debug_merge_point(0, 0, '301<std_core_hnd.rpyeffect:0(Name(getCurrentEvv))>+1: {"op": "PrimOp". "name": "getGlobal(String): Ptr". "out": {"num": []. "ptr": [0]}. "in": {"num": []. "ptr": [0]}}')
debug_merge_point(0, 0, '301<std_core_hnd.rpyeffect:0(Name(getCurrentEvv))>+2: {"op": "PrimOp". "name": "getRef(Ref[Ptr]): Ptr". "out": {"num": []. "ptr": [0]}. "in": {"num": []. "ptr": [0]}}')
debug_merge_point(0, 0, '301<std_core_hnd.rpyeffect:0(Name(getCurrentEvv))>+3: {"op": "Return". "args": {"num": []. "ptr": [0]}}')
debug_merge_point(0, 0, '309<std_core_hnd.rpyeffect:8([k@Name(evvSwapCreate0)#28])>+0: {"op": "Construct". "out": 1. "type": Interned(evv). "tag": Interned(nil). "args": {"num": []. "ptr": []}}')
debug_merge_point(0, 0, '309<std_core_hnd.rpyeffect:8([k@Name(evvSwapCreate0)#28])>+1: {"op": "Push". "target": 308. "args": {"num": []. "ptr": [0]}}')
debug_merge_point(0, 0, '309<std_core_hnd.rpyeffect:8([k@Name(evvSwapCreate0)#28])>+2: {"op": "Copy". "type": "ptr". "from": 1. "to". 0}')
debug_merge_point(0, 0, '309<std_core_hnd.rpyeffect:8([k@Name(evvSwapCreate0)#28])>+3: {"op": "Jump". "target": 302}')
debug_merge_point(0, 0, '302<std_core_hnd.rpyeffect:1(Name(setCurrentEvv))>+0: {"op": "Const". "type": "ptr". "out": 1. "format": "string". "value": "current-evv"}')
debug_merge_point(0, 0, '302<std_core_hnd.rpyeffect:1(Name(setCurrentEvv))>+1: {"op": "PrimOp". "name": "getGlobal(String): Ptr". "out": {"num": []. "ptr": [1]}. "in": {"num": []. "ptr": [1]}}')
debug_merge_point(0, 0, '302<std_core_hnd.rpyeffect:1(Name(setCurrentEvv))>+2: {"op": "PrimOp". "name": "setRef(Ref[Ptr]. Ptr): Unit". "out": {"num": []. "ptr": [0]}. "in": {"num": []. "ptr": [1. 0]}}')
debug_merge_point(0, 0, '302<std_core_hnd.rpyeffect:1(Name(setCurrentEvv))>+3: {"op": "Return". "args": {"num": []. "ptr": [0]}}')
debug_merge_point(0, 0, '308<std_core_hnd.rpyeffect:7([k@[k@Name(evvSwapCreate0)#28]#31])>+0: {"op": "Copy". "type": "ptr". "from": 1. "to". 0}')
debug_merge_point(0, 0, '308<std_core_hnd.rpyeffect:7([k@[k@Name(evvSwapCreate0)#28]#31])>+1: {"op": "Return". "args": {"num": []. "ptr": [0]}}')
debug_merge_point(0, 0, '447<std_core_hnd.rpyeffect:146([k@[mcore:[#418]#306]#311])>+0: {"op": "Push". "target": 446. "args": {"num": []. "ptr": [0]}}')
debug_merge_point(0, 0, '447<std_core_hnd.rpyeffect:146([k@[mcore:[#418]#306]#311])>+1: {"op": "Copy". "type": "ptr". "from": 2. "to". 0}')
debug_merge_point(0, 0, '447<std_core_hnd.rpyeffect:146([k@[mcore:[#418]#306]#311])>+2: {"op": "Invoke". "receiver": 1. "tag": Interned(%apply(p):p). "args" : {"num": []. "ptr": [0]}}')
debug_merge_point(0, 0, '5170<main.rpyeffect:173([#666])>+0: {"op": "Push". "target": 5169. "args": {"num": []. "ptr": []}}')
debug_merge_point(0, 0, '5170<main.rpyeffect:173([#666])>+1: {"op": "Jump". "target": 5166}')
debug_merge_point(0, 0, '5166<main.rpyeffect:169([mcore:[#320]#626])>+0: {"op": "Match". "type": Interned(std/core/types/tuple3). "scrutinee": 0. "clauses": [{"tag": Interned(std/core/types/Tuple3). "target": 5165. "args": {"num": []. "ptr": [0. 1. 2]}}]. "default": {"tag": Interned(0ebd4aad-cbef-458e-b7ce-546cf0866444#[Missing Tag#1216]). "target": 5164. "args": {"num": []. "ptr": []}}}')
debug_merge_point(0, 0, '5165<main.rpyeffect:168([#630])>+0: {"op": "Const". "type": "num". "out": 0. "value": 53}')
debug_merge_point(0, 0, '5165<main.rpyeffect:168([#630])>+1: {"op": "PrimOp". "name": "unbox(Ptr): Num". "out": {"num": [1]. "ptr": []}. "in": {"num": []. "ptr": [0]}}')
debug_merge_point(0, 0, '5165<main.rpyeffect:168([#630])>+2: {"op": "PrimOp". "name": "infixMul(Int. Int): Int". "out": {"num": [0]. "ptr": []}. "in": {"num": [0. 1]. "ptr": []}}')
+916: i111 = int_mul(53, i97)
debug_merge_point(0, 0, '5165<main.rpyeffect:168([#630])>+3: {"op": "Const". "type": "num". "out": 1. "value": 2809}')
debug_merge_point(0, 0, '5165<main.rpyeffect:168([#630])>+4: {"op": "Copy". "type": "ptr". "from": 1. "to". 0}')
debug_merge_point(0, 0, '5165<main.rpyeffect:168([#630])>+5: {"op": "PrimOp". "name": "unbox(Ptr): Num". "out": {"num": [2]. "ptr": []}. "in": {"num": []. "ptr": [0]}}')
debug_merge_point(0, 0, '5165<main.rpyeffect:168([#630])>+6: {"op": "PrimOp". "name": "infixMul(Int. Int): Int". "out": {"num": [1]. "ptr": []}. "in": {"num": [1. 2]. "ptr": []}}')
+924: i113 = int_mul(2809, i98)
debug_merge_point(0, 0, '5165<main.rpyeffect:168([#630])>+7: {"op": "PrimOp". "name": "infixAdd(Int. Int): Int". "out": {"num": [0]. "ptr": []}. "in": {"num": [0. 1]. "ptr": []}}')
+932: i114 = int_add(i111, i113)
debug_merge_point(0, 0, '5165<main.rpyeffect:168([#630])>+8: {"op": "Const". "type": "num". "out": 1. "value": 148877}')
debug_merge_point(0, 0, '5165<main.rpyeffect:168([#630])>+9: {"op": "Copy". "type": "ptr". "from": 2. "to". 0}')
debug_merge_point(0, 0, '5165<main.rpyeffect:168([#630])>+10: {"op": "PrimOp". "name": "unbox(Ptr): Num". "out": {"num": [2]. "ptr": []}. "in": {"num": []. "ptr": [0]}}')
debug_merge_point(0, 0, '5165<main.rpyeffect:168([#630])>+11: {"op": "PrimOp". "name": "infixMul(Int. Int): Int". "out": {"num": [1]. "ptr": []}. "in": {"num": [1. 2]. "ptr": []}}')
+936: i116 = int_mul(148877, i93)
debug_merge_point(0, 0, '5165<main.rpyeffect:168([#630])>+12: {"op": "PrimOp". "name": "infixAdd(Int. Int): Int". "out": {"num": [0]. "ptr": []}. "in": {"num": [0. 1]. "ptr": []}}')
+948: i117 = int_add(i114, i116)
debug_merge_point(0, 0, '5165<main.rpyeffect:168([#630])>+13: {"op": "Const". "type": "num". "out": 1. "value": 1000000007}')
debug_merge_point(0, 0, '5165<main.rpyeffect:168([#630])>+14: {"op": "PrimOp". "name": "mod(Int. Int): Int". "out": {"num": [0]. "ptr": []}. "in": {"num": [0. 1]. "ptr": []}}')
+952: i119 = int_rshift(i117, 63)
+960: i120 = int_xor(i117, i119)
+964: i122 = uint_mul_high(i120, -8543223828751151131)
+984: i124 = uint_rshift(i122, 29)
+992: i125 = int_xor(i124, i119)
+996: i127 = int_mul(i125, 1000000007)
+1008: i128 = int_sub(i117, i127)
debug_merge_point(0, 0, '5165<main.rpyeffect:168([#630])>+15: {"op": "Return". "args": {"num": [0]. "ptr": []}}')
debug_merge_point(0, 0, '5169<main.rpyeffect:172([k@[#666]#668])>+0: {"op": "PrimOp". "name": "box(Num): Ptr". "out": {"num": []. "ptr": [0]}. "in": {"num": [0]. "ptr": []}}')
debug_merge_point(0, 0, '5169<main.rpyeffect:172([k@[#666]#668])>+1: {"op": "Return". "args": {"num": []. "ptr": [0]}}')
debug_merge_point(0, 0, '446<std_core_hnd.rpyeffect:145([k@[k@[mcore:[#418]#306]#311]#313])>+0: {"op": "Const". "type": "ptr". "out": 2. "format": "string". "value": "Name(import$std/core/hnd)"}')
debug_merge_point(0, 0, '446<std_core_hnd.rpyeffect:145([k@[k@[mcore:[#418]#306]#311]#313])>+1: {"op": "PrimOp". "name": "getGlobal(String): Ptr". "out": {"num": []. "ptr": [2]}. "in": {"num": []. "ptr": [2]}}')
debug_merge_point(0, 0, '446<std_core_hnd.rpyeffect:145([k@[k@[mcore:[#418]#306]#311]#313])>+2: {"op": "Push". "target": 445. "args": {"num": []. "ptr": [0]}}')
debug_merge_point(0, 0, '446<std_core_hnd.rpyeffect:145([k@[k@[mcore:[#418]#306]#311]#313])>+3: {"op": "Copy". "type": "ptr". "from": 1. "to". 0}')
debug_merge_point(0, 0, '446<std_core_hnd.rpyeffect:145([k@[k@[mcore:[#418]#306]#311]#313])>+4: {"op": "Copy". "type": "ptr". "from": 2. "to". 1}')
debug_merge_point(0, 0, '446<std_core_hnd.rpyeffect:145([k@[k@[mcore:[#418]#306]#311]#313])>+5: {"op": "Jump". "target": 444}')
debug_merge_point(0, 0, '444<std_core_hnd.rpyeffect:143([mcore:[#417]#301])>+0: {"op": "Const". "type": "ptr". "out": 1. "format": "string". "value": "Name(import$std/core/hnd)"}')
debug_merge_point(0, 0, '444<std_core_hnd.rpyeffect:143([mcore:[#417]#301])>+1: {"op": "PrimOp". "name": "getGlobal(String): Ptr". "out": {"num": []. "ptr": [1]}. "in": {"num": []. "ptr": [1]}}')
debug_merge_point(0, 0, '444<std_core_hnd.rpyeffect:143([mcore:[#417]#301])>+2: {"op": "CallLib". "lib": "1". "symbol": "setCurrentEvv"}')
debug_merge_point(0, 0, '302<std_core_hnd.rpyeffect:1(Name(setCurrentEvv))>+0: {"op": "Const". "type": "ptr". "out": 1. "format": "string". "value": "current-evv"}')
debug_merge_point(0, 0, '302<std_core_hnd.rpyeffect:1(Name(setCurrentEvv))>+1: {"op": "PrimOp". "name": "getGlobal(String): Ptr". "out": {"num": []. "ptr": [1]}. "in": {"num": []. "ptr": [1]}}')
debug_merge_point(0, 0, '302<std_core_hnd.rpyeffect:1(Name(setCurrentEvv))>+2: {"op": "PrimOp". "name": "setRef(Ref[Ptr]. Ptr): Unit". "out": {"num": []. "ptr": [0]}. "in": {"num": []. "ptr": [1. 0]}}')
debug_merge_point(0, 0, '302<std_core_hnd.rpyeffect:1(Name(setCurrentEvv))>+3: {"op": "Return". "args": {"num": []. "ptr": [0]}}')
debug_merge_point(0, 0, '445<std_core_hnd.rpyeffect:144([k@[k@[k@[mcore:[#418]#306]#311]#313]#318])>+0: {"op": "Copy". "type": "ptr". "from": 1. "to". 0}')
debug_merge_point(0, 0, '445<std_core_hnd.rpyeffect:144([k@[k@[k@[mcore:[#418]#306]#311]#313]#318])>+1: {"op": "Return". "args": {"num": []. "ptr": [0]}}')
+1012: p129 = getfield_gc_r(p106, descr=<FieldP rpyeffect.stored_environment.Stack__0_1.inst_values_ptr_0 40 pure>)
+1016: p130 = getfield_gc_r(p106, descr=<FieldP rpyeffect.stored_environment.Stack__arb_arb.inst_tail 8 pure>)
+1020: guard_isnull(p130, descr=<Guard0x128703020>) [p0, i1, i2, i3, i4, i5, i6, i7, i8, i9, i10, i11, i12, i13, i14, i15, i16, p17, p18, p19, p20, p21, p22, p23, p24, p25, p26, p27, p28, p29, p30, p31, p32, p33, p34, p35]
debug_merge_point(0, 0, '432<std_core_hnd.rpyeffect:131([return_clause@[mcore:[#404]#265]#269])>+0: {"op": "Invoke". "receiver": 1. "tag": Interned(%apply(p):p). "args" : {"num": []. "ptr": [0]}}')
+1028: p131 = new_with_vtable(descr=<SizeDescr 40>)
+1136: p132 = new_with_vtable(descr=<SizeDescr 40>)
+1148: p133 = new_with_vtable(descr=<SizeDescr 40>)
+1164: p134 = new_with_vtable(descr=<SizeDescr 48>)
+1180: p135 = new_with_vtable(descr=<SizeDescr 40>)
+1196: setfield_gc(p135, p86, descr=<FieldP rpyeffect.stored_environment.Stack__arb_arb.inst_tail 8 pure>)
+1200: setfield_gc(p135, 5139, descr=<FieldS rpyeffect.stored_environment.Stack__arb_arb.inst_target 16 pure>)
+1208: setfield_gc(p134, p135, descr=<FieldP rpyeffect.stored_environment.Stack__arb_arb.inst_tail 8 pure>)
+1212: setfield_gc(p134, 5135, descr=<FieldS rpyeffect.stored_environment.Stack__arb_arb.inst_target 16 pure>)
+1220: p138 = new_with_vtable(descr=<SizeDescr 40>)
+1236: setfield_gc(p138, ConstPtr(ptr139), descr=<FieldP rpyeffect.stored_environment.CoData__arb_arb.inst_vtable 24 pure>)
+1240: p140 = new_with_vtable(descr=<SizeDescr 40>)
+1256: p141 = new_with_vtable(descr=<SizeDescr 48>)
+1272: p142 = new_with_vtable(descr=<SizeDescr 40>)
+1288: p143 = new_with_vtable(descr=<SizeDescr 40>)
+1304: p144 = new_with_vtable(descr=<SizeDescr 56>)
+1320: setfield_gc(p144, p56, descr=<FieldP rpyeffect.stored_environment.Stack__arb_arb.inst_tail 8 pure>)
+1324: setfield_gc(p144, 801, descr=<FieldS rpyeffect.stored_environment.Stack__arb_arb.inst_target 16 pure>)
+1332: setfield_gc(p144, i54, descr=<FieldS rpyeffect.stored_environment.Stack__1_1.inst_values_num_0 40 pure>)
+1336: setfield_gc(p144, p39, descr=<FieldP rpyeffect.stored_environment.Stack__1_1.inst_values_ptr_0 48 pure>)
+1340: setfield_gc(p143, p144, descr=<FieldP rpyeffect.stored_environment.Stack__arb_arb.inst_tail 8 pure>)
+1344: setfield_gc(p143, 5090, descr=<FieldS rpyeffect.stored_environment.Stack__arb_arb.inst_target 16 pure>)
+1352: setfield_gc(p142, p143, descr=<FieldP rpyeffect.stored_environment.Stack__arb_arb.inst_tail 8 pure>)
+1356: setfield_gc(p142, 5075, descr=<FieldS rpyeffect.stored_environment.Stack__arb_arb.inst_target 16 pure>)
+1364: setfield_gc(p141, p142, descr=<FieldP rpyeffect.stored_environment.Stack__arb_arb.inst_tail 8 pure>)
+1368: setfield_gc(p141, 1020, descr=<FieldS rpyeffect.stored_environment.Stack__arb_arb.inst_target 16 pure>)
+1376: p149 = new_with_vtable(descr=<SizeDescr 48>)
+1388: setfield_gc(p149, ConstPtr(ptr150), descr=<FieldP rpyeffect.stored_environment.Data__arb_arb.inst_tag 8>)
+1392: setfield_gc(p149, p53, descr=<FieldP rpyeffect.stored_environment.Data__0_2.inst_values_ptr_0 32 pure>)
+1396: p151 = new_with_vtable(descr=<SizeDescr 32>)
+1412: setfield_gc(p151, ConstPtr(ptr152), descr=<FieldP rpyeffect.stored_environment.Data__arb_arb.inst_tag 8>)
+1416: setfield_gc(p149, p151, descr=<FieldP rpyeffect.stored_environment.Data__0_2.inst_values_ptr_1 40 pure>)
+1420: setfield_gc(p141, p149, descr=<FieldP rpyeffect.stored_environment.Stack__0_1.inst_values_ptr_0 40 pure>)
+1424: setfield_gc(p140, p141, descr=<FieldP rpyeffect.stack.MetaStackLike.inst_stack 8 pure>)
+1428: setfield_gc(p140, p33, descr=<FieldP rpyeffect.stack.MetaStack.inst_label 16 pure>)
+1432: setfield_gc(p140, ConstPtr(null), descr=<FieldP rpyeffect.stack.MetaStack.inst_region 24 pure>)
+1440: p154 = new_with_vtable(descr=<SizeDescr 40>)
+1452: setfield_gc(p154, p83, descr=<FieldP rpyeffect.stack.MetaStackLike.inst_stack 8 pure>)
+1456: setfield_gc(p154, p81, descr=<FieldP rpyeffect.stack.MetaStack.inst_label 16 pure>)
+1460: setfield_gc(p154, ConstPtr(null), descr=<FieldP rpyeffect.stack.MetaStack.inst_region 24 pure>)
+1468: setfield_gc(p154, ConstPtr(null), descr=<FieldP rpyeffect.stack.MetaStack.inst_tail 32 pure>)
+1476: setfield_gc(p140, p154, descr=<FieldP rpyeffect.stack.MetaStack.inst_tail 32 pure>)
+1480: setfield_gc(p138, p140, descr=<FieldP rpyeffect.stored_environment.CoData__0_1.inst_values_ptr_0 32 pure>)
+1484: setfield_gc(p134, p138, descr=<FieldP rpyeffect.stored_environment.Stack__0_1.inst_values_ptr_0 40 pure>)
+1488: setfield_gc(p133, p134, descr=<FieldP rpyeffect.stored_environment.Stack__arb_arb.inst_tail 8 pure>)
+1496: setfield_gc(p133, 505, descr=<FieldS rpyeffect.stored_environment.Stack__arb_arb.inst_target 16 pure>)
+1504: setfield_gc(p132, p133, descr=<FieldP rpyeffect.stack.MetaStackLike.inst_stack 8 pure>)
+1512: setfield_gc(p132, p87, descr=<FieldP rpyeffect.stack.MetaStack.inst_label 16 pure>)
+1520: setfield_gc(p132, ConstPtr(null), descr=<FieldP rpyeffect.stack.MetaStack.inst_region 24 pure>)
+1528: setfield_gc(p132, p88, descr=<FieldP rpyeffect.stack.MetaStack.inst_tail 32 pure>)
+1536: setfield_gc(p131, ConstPtr(null), descr=<FieldP rpyeffect.stack.MetaStack.inst_region 24 pure>)
+1548: setfield_gc(p131, p81, descr=<FieldP rpyeffect.stack.MetaStack.inst_label 16 pure>)
+1552: setfield_gc(p131, p83, descr=<FieldP rpyeffect.stack.MetaStackLike.inst_stack 8 pure>)
+1556: setfield_gc(p131, p132, descr=<FieldP rpyeffect.stack.MetaStack.inst_tail 32 pure>)
+1728: jump(p33, p0, p131, i128, 1000000007, i93, i93, i102, i6, i7, i8, i9, i10, i11, i12, i13, i14, i15, i16, p129, ConstPtr(ptr161), p69, p22, p23, p24, p25, p26, p27, p28, p29, p30, p31, p32, descr=TargetToken(4972725056))
+2052: --end of the loop--
[ec9e520] jit-log-opt-bridge}
[ecfe613] {jit-log-opt-bridge
# bridge out of Guard 0x1286459e0 with 62 ops
[p0, i1, i2, i3, i4, i5, i6, i7, i8, i9, i10, i11, i12, i13, i14, i15, i16, p17, p18, p19, p20, p21, p22, p23, p24, p25, p26, p27, p28, p29, p30, p31, p32, p33, p34, p35, p36]
+136: i38 = int_eq(i1, 1)
guard_false(i38, descr=<Guard0x1286cd780>) [p0, i1, i2, i3, i4, i5, i6, i7, i8, i9, i10, i11, i12, i13, i14, i15, i16, p17, p18, p19, p20, p21, p22, p23, p24, p25, p26, p27, p28, p29, p30, p31, p32, p33, p34, p35, p36]
+144: guard_nonnull(p31, descr=<Guard0x1287035a0>) [p0, i1, i2, i3, i4, i5, i6, i7, i8, i9, i10, i11, i12, i13, i14, i15, i16, p17, p18, p19, p20, p21, p22, p23, p24, p25, p26, p27, p28, p29, p30, p31, p32, p33, p34, p35, p36]
+152: i39 = getfield_gc_i(p31, descr=<FieldS rpyeffect.stored_environment.Stack__arb_arb.inst_target 16 pure>)
+156: guard_not_invalidated(descr=<Guard0x1287035e0>) [p0, i1, i2, i3, i4, i5, i6, i7, i8, i9, i10, i11, i12, i13, i14, i15, i16, p17, p18, p19, p20, p21, p22, p23, p24, p25, p26, p27, p28, p29, p30, p31, p32, p33, p34, p35, p36]
+160: guard_value(i39, 5127, descr=<Guard0x128703620>) [p0, i1, i2, i3, i4, i5, i6, i7, i8, i9, i10, i11, i12, i13, i14, i15, i16, p17, p18, p19, p20, p21, p22, p23, p24, p25, p26, p27, p28, p29, p30, p31, p32, p33, p34, p35, p36]
debug_merge_point(0, 0, '5097<main.rpyeffect:100([switch default case#352])>+0: {"op": "Swap". "type": "num". "a": 0. "b". 1}')
debug_merge_point(0, 0, '5097<main.rpyeffect:100([switch default case#352])>+1: {"op": "Switch". "scrutinee": 1. "values": [0]. "targets": [5095]. "default": 5096}')
+172: i42 = int_eq(i1, 0)
guard_true(i42, descr=<Guard0x128703660>) [p0, i1, i2, i3, i4, i5, i6, i7, i8, i9, i10, i11, i12, i13, i14, i15, i16, p17, p18, p19, p20, p21, p22, p23, p24, p25, p26, p27, p28, p29, p30, p31, p32, p33, p34, p35, p36]
debug_merge_point(0, 0, '5095<main.rpyeffect:98([switch case for 0#353])>+0: {"op": "Const". "type": "num". "out": 1. "value": 1}')
debug_merge_point(0, 0, '5095<main.rpyeffect:98([switch case for 0#353])>+1: {"op": "PrimOp". "name": "infixSub(Int. Int): Int". "out": {"num": [0]. "ptr": []}. "in": {"num": [0. 1]. "ptr": []}}')
+180: i44 = int_sub(i2, 1)
debug_merge_point(0, 0, '5095<main.rpyeffect:98([switch case for 0#353])>+2: {"op": "Const". "type": "ptr". "out": 0. "format": "string". "value": "Name(import$std/core/hnd)"}')
debug_merge_point(0, 0, '5095<main.rpyeffect:98([switch case for 0#353])>+3: {"op": "PrimOp". "name": "getGlobal(String): Ptr". "out": {"num": []. "ptr": [0]}. "in": {"num": []. "ptr": [0]}}')
debug_merge_point(0, 0, '5095<main.rpyeffect:98([switch case for 0#353])>+4: {"op": "Jump". "target": 5102}')
debug_merge_point(0, 0, '5102<main.rpyeffect:105([mcore:[#227]#285])>+0: {"op": "Const". "type": "num". "out": 1. "value": 1}')
debug_merge_point(0, 0, '5102<main.rpyeffect:105([mcore:[#227]#285])>+1: {"op": "PrimOp". "name": "infixLt(Int. Int): Boolean". "out": {"num": [1]. "ptr": []}. "in": {"num": [0. 1]. "ptr": []}}')
+184: i46 = int_lt(i44, 1)
guard_false(i46, descr=<Guard0x1287036a0>) [p0, i1, i2, i3, i4, i5, i6, i7, i8, i9, i10, i11, i12, i13, i14, i15, i16, p17, p18, p19, p20, p21, p22, p23, p24, p25, p26, p27, p28, p29, p30, p31, p32, p33, p34, p35, p36]
debug_merge_point(0, 0, '5102<main.rpyeffect:105([mcore:[#227]#285])>+2: {"op": "Switch". "scrutinee": 1. "values": [1]. "targets": [5087]. "default": 5101}')
debug_merge_point(0, 0, '5101<main.rpyeffect:104([switch default case#317])>+0: {"op": "Const". "type": "num". "out": 1. "value": 1}')
debug_merge_point(0, 0, '5101<main.rpyeffect:104([switch default case#317])>+1: {"op": "PrimOp". "name": "infixLt(Int. Int): Boolean". "out": {"num": [1]. "ptr": []}. "in": {"num": [0. 1]. "ptr": []}}')
debug_merge_point(0, 0, '5101<main.rpyeffect:104([switch default case#317])>+2: {"op": "Switch". "scrutinee": 1. "values": [0]. "targets": [5099]. "default": 5100}')
debug_merge_point(0, 0, '5099<main.rpyeffect:102([switch case for 0#321])>+0: {"op": "Const". "type": "num". "out": 1. "value": 1}')
debug_merge_point(0, 0, '5099<main.rpyeffect:102([switch case for 0#321])>+1: {"op": "New". "out": 0. "targets": [5089. 5091]. "args": {"num": []. "ptr": []}}')
debug_merge_point(0, 0, '5099<main.rpyeffect:102([switch case for 0#321])>+2: {"op": "Const". "type": "ptr". "out": 1. "format": "string". "value": "Name(import$std/core/hnd)"}')
debug_merge_point(0, 0, '5099<main.rpyeffect:102([switch case for 0#321])>+3: {"op": "PrimOp". "name": "getGlobal(String): Ptr". "out": {"num": []. "ptr": [1]}. "in": {"num": []. "ptr": [1]}}')
debug_merge_point(0, 0, '5099<main.rpyeffect:102([switch case for 0#321])>+4: {"op": "Push". "target": 5098. "args": {"num": [0]. "ptr": []}}')
debug_merge_point(0, 0, '5099<main.rpyeffect:102([switch case for 0#321])>+5: {"op": "Copy". "type": "num". "from": 1. "to". 0}')
debug_merge_point(0, 0, '5099<main.rpyeffect:102([switch case for 0#321])>+6: {"op": "Jump". "target": 5067}')
debug_merge_point(0, 0, '5067<main.rpyeffect:70([mcore:[#210]#231])>+0: {"op": "Const". "type": "ptr". "out": 1. "format": "string". "value": "Name(import$std/core/hnd)"}')
debug_merge_point(0, 0, '5067<main.rpyeffect:70([mcore:[#210]#231])>+1: {"op": "PrimOp". "name": "getGlobal(String): Ptr". "out": {"num": []. "ptr": [1]}. "in": {"num": []. "ptr": [1]}}')
debug_merge_point(0, 0, '5067<main.rpyeffect:70([mcore:[#210]#231])>+2: {"op": "CallLib". "lib": "1". "symbol": "std/core/hnd/@open-at0"}')
debug_merge_point(0, 0, '803<std_core_hnd.rpyeffect:502([mcore:[#725]#1309])>+0: {"op": "Const". "type": "ptr". "out": 1. "format": "string". "value": "Name(import$std/core/hnd)"}')
debug_merge_point(0, 0, '803<std_core_hnd.rpyeffect:502([mcore:[#725]#1309])>+1: {"op": "PrimOp". "name": "getGlobal(String): Ptr". "out": {"num": []. "ptr": [1]}. "in": {"num": []. "ptr": [1]}}')
debug_merge_point(0, 0, '803<std_core_hnd.rpyeffect:502([mcore:[#725]#1309])>+2: {"op": "Push". "target": 802. "args": {"num": [0]. "ptr": [0]}}')
debug_merge_point(0, 0, '803<std_core_hnd.rpyeffect:502([mcore:[#725]#1309])>+3: {"op": "Copy". "type": "ptr". "from": 1. "to". 0}')
debug_merge_point(0, 0, '803<std_core_hnd.rpyeffect:502([mcore:[#725]#1309])>+4: {"op": "Jump". "target": 784}')
debug_merge_point(0, 0, '784<std_core_hnd.rpyeffect:483([mcore:[#715]#1295])>+0: {"op": "Const". "type": "ptr". "out": 0. "format": "string". "value": "Name(import$std/core/hnd)"}')
+192: p47 = new_with_vtable(descr=<SizeDescr 56>)
+300: p48 = new_with_vtable(descr=<SizeDescr 48>)
+312: setfield_gc(p48, p31, descr=<FieldP rpyeffect.stored_environment.Stack__arb_arb.inst_tail 8 pure>)
+316: setfield_gc(p48, 5098, descr=<FieldS rpyeffect.stored_environment.Stack__arb_arb.inst_target 16 pure>)
+324: setfield_gc(p48, i44, descr=<FieldS rpyeffect.stored_environment.Stack__1_0.inst_values_num_0 40 pure>)
+328: p50 = new_with_vtable(descr=<SizeDescr 32>)
+344: setfield_gc(p50, ConstPtr(ptr51), descr=<FieldP rpyeffect.stored_environment.CoData__arb_arb.inst_vtable 24 pure>)
+348: p52 = new_with_vtable(descr=<SizeDescr 40>)
+360: p53 = new_with_vtable(descr=<SizeDescr 40>)
+372: setfield_gc(p53, p34, descr=<FieldP rpyeffect.stack.MetaStackLike.inst_stack 8 pure>)
+376: setfield_gc(p53, p33, descr=<FieldP rpyeffect.stack.MetaStack.inst_label 16 pure>)
+384: setfield_gc(p53, ConstPtr(null), descr=<FieldP rpyeffect.stack.MetaStack.inst_region 24 pure>)
+392: setfield_gc(p53, p32, descr=<FieldP rpyeffect.stack.MetaStack.inst_tail 32 pure>)
+400: setfield_gc(p47, 802, descr=<FieldS rpyeffect.stored_environment.Stack__arb_arb.inst_target 16 pure>)
+408: setfield_gc(p47, p48, descr=<FieldP rpyeffect.stored_environment.Stack__arb_arb.inst_tail 8 pure>)
+412: setfield_gc(p47, 1, descr=<FieldS rpyeffect.stored_environment.Stack__1_1.inst_values_num_0 40 pure>)
+420: setfield_gc(p47, p50, descr=<FieldP rpyeffect.stored_environment.Stack__1_1.inst_values_ptr_0 48 pure>)
+424: setfield_gc(p52, p36, descr=<FieldP rpyeffect.stack.MetaStackLike.inst_stack 8 pure>)
+428: setfield_gc(p52, p35, descr=<FieldP rpyeffect.stack.MetaStack.inst_label 16 pure>)
+432: setfield_gc(p52, ConstPtr(null), descr=<FieldP rpyeffect.stack.MetaStack.inst_region 24 pure>)
+440: setfield_gc(p52, p53, descr=<FieldP rpyeffect.stack.MetaStack.inst_tail 32 pure>)
+496: jump(p30, p47, p0, p52, 1, 1, i3, i4, i5, i6, i7, i8, i9, i10, i11, i12, i13, i14, i15, i16, ConstPtr(ptr58), ConstPtr(ptr58), ConstPtr(ptr59), p17, p18, p19, p20, p21, p22, p23, p24, p25, p26, p27, p28, p29, descr=TargetToken(4971073632))
+852: --end of the loop--
[ed0996f] jit-log-opt-bridge}
[eecf751] {jit-log-opt-bridge
# bridge out of Guard 0x1286b0b20 with 310 ops
[p0, i1, i2, i3, i4, i5, i6, i7, i8, i9, i10, i11, i12, i13, i14, i15, i16, p17, p18, p19, p20, p21, p22, p23, p24, p25, p26, p27, p28, p29, p30, p31, p32, p33, p34, p35]
+376: guard_not_invalidated(descr=<Guard0x1287288b8>) [p0, i1, i2, i3, i4, i5, i6, i7, i8, i9, i10, i11, i12, i13, i14, i15, i16, p17, p18, p19, p20, p21, p22, p23, p24, p25, p26, p27, p28, p29, p30, p31, p32, p33, p34, p35]
debug_merge_point(0, 0, '307<std_core_hnd.rpyeffect:6(Name(evvSwapCreate1))>+1: {"op": "Push". "target": 306. "args": {"num": [0]. "ptr": [0]}}')
debug_merge_point(0, 0, '307<std_core_hnd.rpyeffect:6(Name(evvSwapCreate1))>+2: {"op": "Jump". "target": 301}')
debug_merge_point(0, 0, '301<std_core_hnd.rpyeffect:0(Name(getCurrentEvv))>+0: {"op": "Const". "type": "ptr". "out": 0. "format": "string". "value": "current-evv"}')
debug_merge_point(0, 0, '301<std_core_hnd.rpyeffect:0(Name(getCurrentEvv))>+1: {"op": "PrimOp". "name": "getGlobal(String): Ptr". "out": {"num": []. "ptr": [0]}. "in": {"num": []. "ptr": [0]}}')
debug_merge_point(0, 0, '301<std_core_hnd.rpyeffect:0(Name(getCurrentEvv))>+2: {"op": "PrimOp". "name": "getRef(Ref[Ptr]): Ptr". "out": {"num": []. "ptr": [0]}. "in": {"num": []. "ptr": [0]}}')
+384: p37 = getfield_gc_r(ConstPtr(ptr36), descr=<FieldP rpyeffect.region.PtrRef.inst_value 8>)
debug_merge_point(0, 0, '301<std_core_hnd.rpyeffect:0(Name(getCurrentEvv))>+3: {"op": "Return". "args": {"num": []. "ptr": [0]}}')
debug_merge_point(0, 0, '306<std_core_hnd.rpyeffect:5([k@Name(evvSwapCreate1)#21])>+0: {"op": "Push". "target": 305. "args": {"num": []. "ptr": [0. 1]}}')
debug_merge_point(0, 0, '306<std_core_hnd.rpyeffect:5([k@Name(evvSwapCreate1)#21])>+1: {"op": "Jump". "target": 331}')
debug_merge_point(0, 0, '331<std_core_hnd.rpyeffect:30(Name(elt))>+0: {"op": "Switch". "scrutinee": 0. "values": [0]. "targets": [329]. "default": 330}')
+388: i39 = int_eq(i1, 0)
guard_false(i39, descr=<Guard0x128727320>) [p0, i1, i2, i3, i4, i5, i6, i7, i8, i9, i10, i11, i12, i13, i14, i15, i16, p17, p18, p19, p20, p21, p22, p23, p24, p25, p26, p27, p28, p29, p30, p31, p32, p33, p34, p35]
debug_merge_point(0, 0, '330<std_core_hnd.rpyeffect:29([switch default case#88])>+0: {"op": "Proj". "out": 0. "type": Interned(evv). "scrutinee": 0. "tag": Interned(cons). "field": 1. "field_type": "ptr"}')
+400: p40 = getfield_gc_r(p37, descr=<FieldP rpyeffect.stored_environment.Data__arb_arb.inst_tag 8>)
+408: guard_value(p40, ConstPtr(ptr41), descr=<Guard0x128727360>) [p0, i1, i2, i3, i4, i5, i6, i7, i8, i9, i10, i11, i12, i13, i14, i15, i16, p17, p18, p19, p20, p21, p22, p23, p24, p25, p26, p27, p28, p29, p30, p31, p32, p33, p34, p35]
+416: guard_class(p37, ConstClass(Data__0_2), descr=<Guard0x1287273a0>) [p0, i1, i2, i3, i4, i5, i6, i7, i8, i9, i10, i11, i12, i13, i14, i15, i16, p17, p18, p19, p20, p21, p22, p23, p24, p25, p26, p27, p28, p29, p30, p31, p32, p33, p34, p35]
+432: p43 = getfield_gc_r(p37, descr=<FieldP rpyeffect.stored_environment.Data__0_2.inst_values_ptr_1 40 pure>)
debug_merge_point(0, 0, '330<std_core_hnd.rpyeffect:29([switch default case#88])>+1: {"op": "Const". "type": "num". "out": 1. "value": 1}')
debug_merge_point(0, 0, '330<std_core_hnd.rpyeffect:29([switch default case#88])>+2: {"op": "PrimOp". "name": "infixSub(Int. Int): Int". "out": {"num": [0]. "ptr": []}. "in": {"num": [0. 1]. "ptr": []}}')
+436: i45 = int_sub(i1, 1)
debug_merge_point(0, 0, '330<std_core_hnd.rpyeffect:29([switch default case#88])>+3: {"op": "Jump". "target": 331}')
debug_merge_point(0, 0, '331<std_core_hnd.rpyeffect:30(Name(elt))>+0: {"op": "Switch". "scrutinee": 0. "values": [0]. "targets": [329]. "default": 330}')
+440: i47 = int_eq(i45, 0)
guard_true(i47, descr=<Guard0x1287273e0>) [p0, i1, i2, i3, i4, i5, i6, i7, i8, i9, i10, i11, i12, i13, i14, i15, i16, p17, p18, p19, p20, p21, p22, p23, p24, p25, p26, p27, p28, p29, p30, p31, p32, p33, p34, p35]
debug_merge_point(0, 0, '329<std_core_hnd.rpyeffect:28([switch case for 0#86])>+0: {"op": "Proj". "out": 0. "type": Interned(evv). "scrutinee": 0. "tag": Interned(cons). "field": 0. "field_type": "ptr"}')
+448: p48 = getfield_gc_r(p43, descr=<FieldP rpyeffect.stored_environment.Data__arb_arb.inst_tag 8>)
+452: guard_value(p48, ConstPtr(ptr49), descr=<Guard0x128727420>) [p0, i1, i2, i3, i4, i5, i6, i7, i8, i9, i10, i11, i12, i13, i14, i15, i16, p17, p18, p19, p20, p21, p22, p23, p24, p25, p26, p27, p28, p29, p30, p31, p32, p33, p34, p35]
+460: guard_class(p43, ConstClass(Data__0_2), descr=<Guard0x128727460>) [p0, i1, i2, i3, i4, i5, i6, i7, i8, i9, i10, i11, i12, i13, i14, i15, i16, p17, p18, p19, p20, p21, p22, p23, p24, p25, p26, p27, p28, p29, p30, p31, p32, p33, p34, p35]
+476: p51 = getfield_gc_r(p43, descr=<FieldP rpyeffect.stored_environment.Data__0_2.inst_values_ptr_0 32 pure>)
debug_merge_point(0, 0, '329<std_core_hnd.rpyeffect:28([switch case for 0#86])>+1: {"op": "Return". "args": {"num": []. "ptr": [0]}}')
+480: guard_nonnull(p34, descr=<Guard0x1287274a0>) [p0, i1, i2, i3, i4, i5, i6, i7, i8, i9, i10, i11, i12, i13, i14, i15, i16, p17, p18, p19, p20, p21, p22, p23, p24, p25, p26, p27, p28, p29, p30, p31, p32, p33, p34, p35]
+492: i52 = getfield_gc_i(p34, descr=<FieldS rpyeffect.stored_environment.Stack__arb_arb.inst_target 16 pure>)
+500: guard_value(i52, 802, descr=<Guard0x1287274e0>) [p0, i1, i2, i3, i4, i5, i6, i7, i8, i9, i10, i11, i12, i13, i14, i15, i16, p17, p18, p19, p20, p21, p22, p23, p24, p25, p26, p27, p28, p29, p30, p31, p32, p33, p34, p35]
debug_merge_point(0, 0, '305<std_core_hnd.rpyeffect:4([k@[k@Name(evvSwapCreate1)#21]#23])>+0: {"op": "Construct". "out": 0. "type": Interned(evv). "tag": Interned(cons). "args": {"num": []. "ptr": [0. 2]}}')
debug_merge_point(0, 0, '305<std_core_hnd.rpyeffect:4([k@[k@Name(evvSwapCreate1)#21]#23])>+1: {"op": "Push". "target": 304. "args": {"num": []. "ptr": [1]}}')
debug_merge_point(0, 0, '305<std_core_hnd.rpyeffect:4([k@[k@Name(evvSwapCreate1)#21]#23])>+2: {"op": "Jump". "target": 302}')
debug_merge_point(0, 0, '302<std_core_hnd.rpyeffect:1(Name(setCurrentEvv))>+0: {"op": "Const". "type": "ptr". "out": 1. "format": "string". "value": "current-evv"}')
debug_merge_point(0, 0, '302<std_core_hnd.rpyeffect:1(Name(setCurrentEvv))>+1: {"op": "PrimOp". "name": "getGlobal(String): Ptr". "out": {"num": []. "ptr": [1]}. "in": {"num": []. "ptr": [1]}}')
debug_merge_point(0, 0, '302<std_core_hnd.rpyeffect:1(Name(setCurrentEvv))>+2: {"op": "PrimOp". "name": "setRef(Ref[Ptr]. Ptr): Unit". "out": {"num": []. "ptr": [0]}. "in": {"num": []. "ptr": [1. 0]}}')
debug_merge_point(0, 0, '302<std_core_hnd.rpyeffect:1(Name(setCurrentEvv))>+3: {"op": "Return". "args": {"num": []. "ptr": [0]}}')
debug_merge_point(0, 0, '304<std_core_hnd.rpyeffect:3([k@[k@[k@Name(evvSwapCreate1)#21]#23]#26])>+0: {"op": "Copy". "type": "ptr". "from": 1. "to". 0}')
debug_merge_point(0, 0, '304<std_core_hnd.rpyeffect:3([k@[k@[k@Name(evvSwapCreate1)#21]#23]#26])>+1: {"op": "Return". "args": {"num": []. "ptr": [0]}}')
+512: i54 = getfield_gc_i(p34, descr=<FieldS rpyeffect.stored_environment.Stack__1_1.inst_values_num_0 40 pure>)
+516: p55 = getfield_gc_r(p34, descr=<FieldP rpyeffect.stored_environment.Stack__1_1.inst_values_ptr_0 48 pure>)
+520: p56 = getfield_gc_r(p34, descr=<FieldP rpyeffect.stored_environment.Stack__arb_arb.inst_tail 8 pure>)
debug_merge_point(0, 0, '802<std_core_hnd.rpyeffect:501([k@[mcore:[#725]#1309]#1314])>+0: {"op": "Push". "target": 801. "args": {"num": [0]. "ptr": [0]}}')
debug_merge_point(0, 0, '802<std_core_hnd.rpyeffect:501([k@[mcore:[#725]#1309]#1314])>+1: {"op": "Invoke". "receiver": 1. "tag": Interned(%apply():p). "args" : {"num": []. "ptr": []}}')
+524: p57 = getfield_gc_r(p55, descr=<FieldP rpyeffect.stored_environment.CoData__arb_arb.inst_vtable 24 pure>)
+532: guard_value(p57, ConstPtr(ptr58), descr=<Guard0x128727520>) [p0, i1, i2, i3, i4, i5, i6, i7, i8, i9, i10, i11, i12, i13, i14, i15, i16, p17, p18, p19, p20, p21, p22, p23, p24, p25, p26, p27, p28, p29, p30, p31, p32, p33, p34, p35]
debug_merge_point(0, 0, '5091<main.rpyeffect:94([#333])>+0: {"op": "Const". "type": "ptr". "out": 0. "format": "string". "value": "Name(import$std/core/hnd)"}')
debug_merge_point(0, 0, '5091<main.rpyeffect:94([#333])>+1: {"op": "PrimOp". "name": "getGlobal(String): Ptr". "out": {"num": []. "ptr": [0]}. "in": {"num": []. "ptr": [0]}}')
debug_merge_point(0, 0, '5091<main.rpyeffect:94([#333])>+2: {"op": "Push". "target": 5090. "args": {"num": []. "ptr": []}}')
debug_merge_point(0, 0, '5091<main.rpyeffect:94([#333])>+3: {"op": "Jump". "target": 5081}')
debug_merge_point(0, 0, '5081<main.rpyeffect:84([mcore:[#222]#247])>+0: {"op": "Const". "type": "num". "out": 0. "value": 0}')
debug_merge_point(0, 0, '5081<main.rpyeffect:84([mcore:[#222]#247])>+1: {"op": "Const". "type": "ptr". "out": 0. "format": "string". "value": "Name(import$std/core/hnd)"}')
debug_merge_point(0, 0, '5081<main.rpyeffect:84([mcore:[#222]#247])>+2: {"op": "PrimOp". "name": "getGlobal(String): Ptr". "out": {"num": []. "ptr": [0]}. "in": {"num": []. "ptr": [0]}}')
debug_merge_point(0, 0, '5081<main.rpyeffect:84([mcore:[#222]#247])>+3: {"op": "Push". "target": 5080. "args": {"num": [0]. "ptr": []}}')
debug_merge_point(0, 0, '5081<main.rpyeffect:84([mcore:[#222]#247])>+4: {"op": "Jump". "target": 5069}')
debug_merge_point(0, 0, '5069<main.rpyeffect:72([mcore:[#214]#243])>+0: {"op": "Const". "type": "ptr". "out": 0. "format": "string". "value": "Name(import$std/core/hnd)"}')
debug_merge_point(0, 0, '5069<main.rpyeffect:72([mcore:[#214]#243])>+1: {"op": "PrimOp". "name": "getGlobal(String): Ptr". "out": {"num": []. "ptr": [0]}. "in": {"num": []. "ptr": [0]}}')
debug_merge_point(0, 0, '5069<main.rpyeffect:72([mcore:[#214]#243])>+2: {"op": "CallLib". "lib": "0". "symbol": "getCurrentEvv"}')
debug_merge_point(0, 0, '301<std_core_hnd.rpyeffect:0(Name(getCurrentEvv))>+0: {"op": "Const". "type": "ptr". "out": 0. "format": "string". "value": "current-evv"}')
debug_merge_point(0, 0, '301<std_core_hnd.rpyeffect:0(Name(getCurrentEvv))>+1: {"op": "PrimOp". "name": "getGlobal(String): Ptr". "out": {"num": []. "ptr": [0]}. "in": {"num": []. "ptr": [0]}}')
debug_merge_point(0, 0, '301<std_core_hnd.rpyeffect:0(Name(getCurrentEvv))>+2: {"op": "PrimOp". "name": "getRef(Ref[Ptr]): Ptr". "out": {"num": []. "ptr": [0]}. "in": {"num": []. "ptr": [0]}}')
debug_merge_point(0, 0, '301<std_core_hnd.rpyeffect:0(Name(getCurrentEvv))>+3: {"op": "Return". "args": {"num": []. "ptr": [0]}}')
debug_merge_point(0, 0, '5080<main.rpyeffect:83([k@[mcore:[#222]#247]#253])>+0: {"op": "PrimOp". "name": "promote_ptr". "out": {"num": []. "ptr": [0]}. "in": {"num": []. "ptr": [0]}}')
debug_merge_point(0, 0, '5080<main.rpyeffect:83([k@[mcore:[#222]#247]#253])>+1: {"op": "Const". "type": "ptr". "out": 1. "format": "string". "value": "Name(import$std/core/hnd)"}')
debug_merge_point(0, 0, '5080<main.rpyeffect:83([k@[mcore:[#222]#247]#253])>+2: {"op": "PrimOp". "name": "getGlobal(String): Ptr". "out": {"num": []. "ptr": [1]}. "in": {"num": []. "ptr": [1]}}')
debug_merge_point(0, 0, '5080<main.rpyeffect:83([k@[mcore:[#222]#247]#253])>+3: {"op": "Push". "target": 5079. "args": {"num": []. "ptr": []}}')
debug_merge_point(0, 0, '5080<main.rpyeffect:83([k@[mcore:[#222]#247]#253])>+4: {"op": "Jump". "target": 5068}')
debug_merge_point(0, 0, '5068<main.rpyeffect:71([mcore:[#213]#237])>+0: {"op": "Const". "type": "ptr". "out": 1. "format": "string". "value": "Name(import$std/core/hnd)"}')
debug_merge_point(0, 0, '5068<main.rpyeffect:71([mcore:[#213]#237])>+1: {"op": "PrimOp". "name": "getGlobal(String): Ptr". "out": {"num": []. "ptr": [1]}. "in": {"num": []. "ptr": [1]}}')
debug_merge_point(0, 0, '5068<main.rpyeffect:71([mcore:[#213]#237])>+2: {"op": "CallLib". "lib": "1". "symbol": "elt"}')
debug_merge_point(0, 0, '331<std_core_hnd.rpyeffect:30(Name(elt))>+0: {"op": "Switch". "scrutinee": 0. "values": [0]. "targets": [329]. "default": 330}')
debug_merge_point(0, 0, '329<std_core_hnd.rpyeffect:28([switch case for 0#86])>+0: {"op": "Proj". "out": 0. "type": Interned(evv). "scrutinee": 0. "tag": Interned(cons). "field": 0. "field_type": "ptr"}')
debug_merge_point(0, 0, '329<std_core_hnd.rpyeffect:28([switch case for 0#86])>+1: {"op": "Return". "args": {"num": []. "ptr": [0]}}')
debug_merge_point(0, 0, '5079<main.rpyeffect:82([k@[k@[mcore:[#222]#247]#253]#261])>+0: {"op": "Match". "type": Interned(std/core/hnd/ev). "scrutinee": 0. "clauses": [{"tag": Interned(std/core/hnd/Ev). "target": 5078. "args": {"num": []. "ptr": [1. 2. 3. 4]}}]. "default": {"tag": Interned(0ebd4aad-cbef-458e-b7ce-546cf0866444#[Missing Tag#1212]). "target": 5070. "args": {"num": []. "ptr": []}}}')
+540: p59 = getfield_gc_r(p51, descr=<FieldP rpyeffect.stored_environment.Data__arb_arb.inst_tag 8>)
+548: guard_value(p59, ConstPtr(ptr60), descr=<Guard0x128727560>) [p0, i1, i2, i3, i4, i5, i6, i7, i8, i9, i10, i11, i12, i13, i14, i15, i16, p17, p18, p19, p20, p21, p22, p23, p24, p25, p26, p27, p28, p29, p30, p31, p32, p33, p34, p35]
+556: p61 = getfield_gc_r(p51, descr=<FieldP rpyeffect.stored_environment.Data__arb_arb.inst_values_ptr 24 pure>)
+560: p63 = getarrayitem_gc_pure_r(p61, 0, descr=<ArrayP 8>)
+560: p65 = getarrayitem_gc_pure_r(p61, 1, descr=<ArrayP 8>)
+564: p67 = getarrayitem_gc_pure_r(p61, 2, descr=<ArrayP 8>)
+568: p69 = getarrayitem_gc_pure_r(p61, 3, descr=<ArrayP 8>)
debug_merge_point(0, 0, '5078<main.rpyeffect:81([#265])>+0: {"op": "Copy". "type": "ptr". "from": 0. "to". 1}')
debug_merge_point(0, 0, '5078<main.rpyeffect:81([#265])>+1: {"op": "Copy". "type": "ptr". "from": 2. "to". 0}')
debug_merge_point(0, 0, '5078<main.rpyeffect:81([#265])>+2: {"op": "Match". "type": Interned(main/flip). "scrutinee": 3. "clauses": [{"tag": Interned(main/@Hnd-flip). "target": 5077. "args": {"num": [0]. "ptr": [2]}}]. "default": {"tag": Interned(0ebd4aad-cbef-458e-b7ce-546cf0866444#[Missing Tag#1211]). "target": 5072. "args": {"num": []. "ptr": []}}}')
+572: p70 = getfield_gc_r(p67, descr=<FieldP rpyeffect.stored_environment.Data__arb_arb.inst_tag 8>)
+580: guard_value(p70, ConstPtr(ptr71), descr=<Guard0x1287275a0>) [p0, i1, i2, i3, i4, i5, i6, i7, i8, i9, i10, i11, i12, i13, i14, i15, i16, p17, p18, p19, p20, p21, p22, p23, p24, p25, p26, p27, p28, p29, p30, p31, p32, p33, p34, p35]
+588: i72 = getfield_gc_i(p67, descr=<FieldS rpyeffect.stored_environment.Data__1_1.inst_values_num_0 32 pure>)
+588: p73 = getfield_gc_r(p67, descr=<FieldP rpyeffect.stored_environment.Data__1_1.inst_values_ptr_0 40 pure>)
debug_merge_point(0, 0, '5077<main.rpyeffect:80([match_main/@Hnd-flip@[#265]#272])>+0: {"op": "Match". "type": Interned(std/core/hnd/clause0). "scrutinee": 2. "clauses": [{"tag": Interned(std/core/hnd/Clause0). "target": 5076. "args": {"num": []. "ptr": [2]}}]. "default": {"tag": Interned(0ebd4aad-cbef-458e-b7ce-546cf0866444#[Missing Tag#1210]). "target": 5074. "args": {"num": []. "ptr": []}}}')
+592: p74 = getfield_gc_r(p73, descr=<FieldP rpyeffect.stored_environment.Data__arb_arb.inst_tag 8>)
+600: guard_value(p74, ConstPtr(ptr75), descr=<Guard0x1287275e0>) [p0, i1, i2, i3, i4, i5, i6, i7, i8, i9, i10, i11, i12, i13, i14, i15, i16, p17, p18, p19, p20, p21, p22, p23, p24, p25, p26, p27, p28, p29, p30, p31, p32, p33, p34, p35]
+608: p76 = getfield_gc_r(p73, descr=<FieldP rpyeffect.stored_environment.Data__0_1.inst_values_ptr_0 32 pure>)
debug_merge_point(0, 0, '5076<main.rpyeffect:79([#279])>+0: {"op": "Push". "target": 5075. "args": {"num": []. "ptr": []}}')
debug_merge_point(0, 0, '5076<main.rpyeffect:79([#279])>+1: {"op": "Invoke". "receiver": 2. "tag": Interned(%apply(pp):p). "args" : {"num": []. "ptr": [0. 1]}}')
+612: p77 = getfield_gc_r(p76, descr=<FieldP rpyeffect.stored_environment.CoData__arb_arb.inst_vtable 24 pure>)
+620: guard_value(p77, ConstPtr(ptr78), descr=<Guard0x128727620>) [p0, i1, i2, i3, i4, i5, i6, i7, i8, i9, i10, i11, i12, i13, i14, i15, i16, p17, p18, p19, p20, p21, p22, p23, p24, p25, p26, p27, p28, p29, p30, p31, p32, p33, p34, p35]
debug_merge_point(0, 0, '5193<main.rpyeffect:196([method_%apply(pp):p@[mcore:[#327]#765]#772])>+0: {"op": "Const". "type": "ptr". "out": 2. "format": "string". "value": "Name(import$std/core/hnd)"}')
debug_merge_point(0, 0, '5193<main.rpyeffect:196([method_%apply(pp):p@[mcore:[#327]#765]#772])>+1: {"op": "PrimOp". "name": "getGlobal(String): Ptr". "out": {"num": []. "ptr": [2]}. "in": {"num": []. "ptr": [2]}}')
debug_merge_point(0, 0, '5193<main.rpyeffect:196([method_%apply(pp):p@[mcore:[#327]#765]#772])>+2: {"op": "Jump". "target": 5146}')
debug_merge_point(0, 0, '5146<main.rpyeffect:149([mcore:[#279]#533])>+0: {"op": "New". "out": 1. "targets": [5143. 5145]. "args": {"num": []. "ptr": []}}')
debug_merge_point(0, 0, '5146<main.rpyeffect:149([mcore:[#279]#533])>+1: {"op": "Const". "type": "ptr". "out": 2. "format": "string". "value": "Name(import$std/core/hnd)"}')
debug_merge_point(0, 0, '5146<main.rpyeffect:149([mcore:[#279]#533])>+2: {"op": "PrimOp". "name": "getGlobal(String): Ptr". "out": {"num": []. "ptr": [2]}. "in": {"num": []. "ptr": [2]}}')
debug_merge_point(0, 0, '5146<main.rpyeffect:149([mcore:[#279]#533])>+3: {"op": "Jump". "target": 5132}')
debug_merge_point(0, 0, '5132<main.rpyeffect:135([mcore:[#262]#487])>+0: {"op": "Const". "type": "ptr". "out": 2. "format": "string". "value": "Name(import$std/core/hnd)"}')
debug_merge_point(0, 0, '5132<main.rpyeffect:135([mcore:[#262]#487])>+1: {"op": "PrimOp". "name": "getGlobal(String): Ptr". "out": {"num": []. "ptr": [2]}. "in": {"num": []. "ptr": [2]}}')
debug_merge_point(0, 0, '5132<main.rpyeffect:135([mcore:[#262]#487])>+2: {"op": "CallLib". "lib": "2". "symbol": "std/core/hnd/yield-to"}')
debug_merge_point(0, 0, '1022<std_core_hnd.rpyeffect:721([mcore:[#893]#2108])>+0: {"op": "Push". "target": 1021. "args": {"num": []. "ptr": [1. 0]}}')
debug_merge_point(0, 0, '1022<std_core_hnd.rpyeffect:721([mcore:[#893]#2108])>+1: {"op": "Jump". "target": 509}')
debug_merge_point(0, 0, '509<std_core_hnd.rpyeffect:208([mcore:[#471]#472])>+0: {"op": "Jump". "target": 301}')
debug_merge_point(0, 0, '301<std_core_hnd.rpyeffect:0(Name(getCurrentEvv))>+0: {"op": "Const". "type": "ptr". "out": 0. "format": "string". "value": "current-evv"}')
debug_merge_point(0, 0, '301<std_core_hnd.rpyeffect:0(Name(getCurrentEvv))>+1: {"op": "PrimOp". "name": "getGlobal(String): Ptr". "out": {"num": []. "ptr": [0]}. "in": {"num": []. "ptr": [0]}}')
debug_merge_point(0, 0, '301<std_core_hnd.rpyeffect:0(Name(getCurrentEvv))>+2: {"op": "PrimOp". "name": "getRef(Ref[Ptr]): Ptr". "out": {"num": []. "ptr": [0]}. "in": {"num": []. "ptr": [0]}}')
debug_merge_point(0, 0, '301<std_core_hnd.rpyeffect:0(Name(getCurrentEvv))>+3: {"op": "Return". "args": {"num": []. "ptr": [0]}}')
debug_merge_point(0, 0, '1021<std_core_hnd.rpyeffect:720([k@[mcore:[#893]#2108]#2110])>+0: {"op": "Push". "target": 1020. "args": {"num": []. "ptr": [0]}}')
debug_merge_point(0, 0, '1021<std_core_hnd.rpyeffect:720([k@[mcore:[#893]#2108]#2110])>+1: {"op": "Copy". "type": "ptr". "from": 2. "to". 0}')
debug_merge_point(0, 0, '1021<std_core_hnd.rpyeffect:720([k@[mcore:[#893]#2108]#2110])>+2: {"op": "Jump". "target": 507}')
debug_merge_point(0, 0, '507<std_core_hnd.rpyeffect:206([mcore:[#470]#437])>+0: {"op": "Const". "type": "num". "out": 0. "value": 0}')
debug_merge_point(0, 0, '507<std_core_hnd.rpyeffect:206([mcore:[#470]#437])>+1: {"op": "ShiftDyn". "out": 0. "n": 0. "label": 0}')
+628: i79 = instance_ptr_eq(p33, p65)
guard_false(i79, descr=<Guard0x128727660>) [p0, i1, i2, i3, i4, i5, i6, i7, i8, i9, i10, i11, i12, i13, i14, i15, i16, p17, p18, p19, p20, p21, p22, p23, p24, p25, p26, p27, p28, p29, p30, p31, p32, p33, p34, p35]
+636: p80 = getfield_gc_r(p35, descr=<FieldP rpyeffect.stack.MetaStack.inst_region 24 pure>)
+644: guard_isnull(p80, descr=<Guard0x1287276a0>) [p0, i1, i2, i3, i4, i5, i6, i7, i8, i9, i10, i11, i12, i13, i14, i15, i16, p17, p18, p19, p20, p21, p22, p23, p24, p25, p26, p27, p28, p29, p30, p31, p32, p33, p34, p35]
+652: p81 = getfield_gc_r(p35, descr=<FieldP rpyeffect.stack.MetaStack.inst_label 16 pure>)
+656: i82 = instance_ptr_eq(p81, p65)
guard_true(i82, descr=<Guard0x1287276e0>) [p0, i1, i2, i3, i4, i5, i6, i7, i8, i9, i10, i11, i12, i13, i14, i15, i16, p17, p18, p19, p20, p21, p22, p23, p24, p25, p26, p27, p28, p29, p30, p31, p32, p33, p34, p35]
+664: p83 = getfield_gc_r(p35, descr=<FieldP rpyeffect.stack.MetaStackLike.inst_stack 8 pure>)
+668: p84 = getfield_gc_r(p35, descr=<FieldP rpyeffect.stack.MetaStack.inst_tail 32 pure>)
+672: guard_nonnull_class(p84, 4348275712, descr=<Guard0x128728910>) [p0, i1, i2, i3, i4, i5, i6, i7, i8, i9, i10, i11, i12, i13, i14, i15, i16, p17, p18, p19, p20, p21, p22, p23, p24, p25, p26, p27, p28, p29, p30, p31, p32, p33, p34, p35]
+696: p86 = getfield_gc_r(p84, descr=<FieldP rpyeffect.stack.MetaStackLike.inst_stack 8 pure>)
+700: p87 = getfield_gc_r(p84, descr=<FieldP rpyeffect.stack.MetaStack.inst_label 16 pure>)
+704: p88 = getfield_gc_r(p84, descr=<FieldP rpyeffect.stack.MetaStack.inst_tail 32 pure>)
+708: guard_nonnull(p86, descr=<Guard0x128727720>) [p0, i1, i2, i3, i4, i5, i6, i7, i8, i9, i10, i11, i12, i13, i14, i15, i16, p17, p18, p19, p20, p21, p22, p23, p24, p25, p26, p27, p28, p29, p30, p31, p32, p33, p34, p35]
+716: i89 = getfield_gc_i(p86, descr=<FieldS rpyeffect.stored_environment.Stack__arb_arb.inst_target 16 pure>)
+720: guard_value(i89, 505, descr=<Guard0x128727760>) [p0, i1, i2, i3, i4, i5, i6, i7, i8, i9, i10, i11, i12, i13, i14, i15, i16, p17, p18, p19, p20, p21, p22, p23, p24, p25, p26, p27, p28, p29, p30, p31, p32, p33, p34, p35]
debug_merge_point(0, 0, '507<std_core_hnd.rpyeffect:206([mcore:[#470]#437])>+2: {"op": "New". "out": 0. "targets": [500. 502. 504. 506]. "args": {"num": []. "ptr": [0]}}')
debug_merge_point(0, 0, '507<std_core_hnd.rpyeffect:206([mcore:[#470]#437])>+3: {"op": "Invoke". "receiver": 1. "tag": Interned(%apply(p):p). "args" : {"num": []. "ptr": [0]}}')
debug_merge_point(0, 0, '5143<main.rpyeffect:146([method_%apply(p):p@[mcore:[#279]#533]#537])>+0: {"op": "Const". "type": "ptr". "out": 1. "format": "string". "value": "Name(import$std/core/hnd)"}')
debug_merge_point(0, 0, '5143<main.rpyeffect:146([method_%apply(p):p@[mcore:[#279]#533]#537])>+1: {"op": "PrimOp". "name": "getGlobal(String): Ptr". "out": {"num": []. "ptr": [1]}. "in": {"num": []. "ptr": [1]}}')
debug_merge_point(0, 0, '5143<main.rpyeffect:146([method_%apply(p):p@[mcore:[#279]#533]#537])>+2: {"op": "Jump". "target": 5141}')
debug_merge_point(0, 0, '5141<main.rpyeffect:144([mcore:[#277]#512])>+0: {"op": "Construct". "out": 1. "type": Interned(Unit). "tag": Interned(unit). "args": {"num": []. "ptr": []}}')
debug_merge_point(0, 0, '5141<main.rpyeffect:144([mcore:[#277]#512])>+1: {"op": "New". "out": 2. "targets": [5138. 5140]. "args": {"num": []. "ptr": []}}')
debug_merge_point(0, 0, '5141<main.rpyeffect:144([mcore:[#277]#512])>+2: {"op": "Const". "type": "ptr". "out": 3. "format": "string". "value": "Name(import$std/core/hnd)"}')
debug_merge_point(0, 0, '5141<main.rpyeffect:144([mcore:[#277]#512])>+3: {"op": "PrimOp". "name": "getGlobal(String): Ptr". "out": {"num": []. "ptr": [3]}. "in": {"num": []. "ptr": [3]}}')
debug_merge_point(0, 0, '5141<main.rpyeffect:144([mcore:[#277]#512])>+4: {"op": "Swap". "type": "ptr". "a": 0. "b". 1}')
debug_merge_point(0, 0, '5141<main.rpyeffect:144([mcore:[#277]#512])>+5: {"op": "Swap". "type": "ptr". "a": 2. "b". 1}')
debug_merge_point(0, 0, '5141<main.rpyeffect:144([mcore:[#277]#512])>+6: {"op": "Jump". "target": 5133}')
debug_merge_point(0, 0, '5133<main.rpyeffect:136([mcore:[#265]#493])>+0: {"op": "Const". "type": "ptr". "out": 3. "format": "string". "value": "Name(import$std/core/hnd)"}')
debug_merge_point(0, 0, '5133<main.rpyeffect:136([mcore:[#265]#493])>+1: {"op": "PrimOp". "name": "getGlobal(String): Ptr". "out": {"num": []. "ptr": [3]}. "in": {"num": []. "ptr": [3]}}')
debug_merge_point(0, 0, '5133<main.rpyeffect:136([mcore:[#265]#493])>+2: {"op": "CallLib". "lib": "3". "symbol": "std/core/hnd/protect"}')
debug_merge_point(0, 0, '495<std_core_hnd.rpyeffect:194([mcore:[#466]#434])>+0: {"op": "Swap". "type": "ptr". "a": 1. "b". 2}')
debug_merge_point(0, 0, '495<std_core_hnd.rpyeffect:194([mcore:[#466]#434])>+1: {"op": "Invoke". "receiver": 2. "tag": Interned(%apply(pp):p). "args" : {"num": []. "ptr": [0. 1]}}')
debug_merge_point(0, 0, '5140<main.rpyeffect:143([method_%apply(pp):p@[mcore:[#277]#512]#523])>+0: {"op": "Push". "target": 5139. "args": {"num": []. "ptr": []}}')
debug_merge_point(0, 0, '5140<main.rpyeffect:143([method_%apply(pp):p@[mcore:[#277]#512]#523])>+1: {"op": "Jump". "target": 5136}')
debug_merge_point(0, 0, '5136<main.rpyeffect:139([mcore:[#274]#500])>+0: {"op": "Const". "type": "num". "out": 0. "value": 1}')
debug_merge_point(0, 0, '5136<main.rpyeffect:139([mcore:[#274]#500])>+1: {"op": "Push". "target": 5135. "args": {"num": []. "ptr": [1]}}')
debug_merge_point(0, 0, '5136<main.rpyeffect:139([mcore:[#274]#500])>+2: {"op": "Invoke". "receiver": 1. "tag": Interned(%apply(n):n). "args" : {"num": [0]. "ptr": []}}')
debug_merge_point(0, 0, '506<std_core_hnd.rpyeffect:205([method_%apply(n):n@[mcore:[#470]#437]#462])>+0: {"op": "PrimOp". "name": "box(Num): Ptr". "out": {"num": []. "ptr": [1]}. "in": {"num": [0]. "ptr": []}}')
debug_merge_point(0, 0, '506<std_core_hnd.rpyeffect:205([method_%apply(n):n@[mcore:[#470]#437]#462])>+1: {"op": "Push". "target": 505. "args": {"num": []. "ptr": []}}')
debug_merge_point(0, 0, '506<std_core_hnd.rpyeffect:205([method_%apply(n):n@[mcore:[#470]#437]#462])>+2: {"op": "Swap". "type": "ptr". "a": 0. "b". 1}')
debug_merge_point(0, 0, '506<std_core_hnd.rpyeffect:205([method_%apply(n):n@[mcore:[#470]#437]#462])>+3: {"op": "Jump". "target": 497}')
debug_merge_point(0, 0, '497<std_core_hnd.rpyeffect:196([mcore:[#469]#436])>+0: {"op": "PushStack". "arg": 1}')
debug_merge_point(0, 0, '497<std_core_hnd.rpyeffect:196([mcore:[#469]#436])>+1: {"op": "Return". "args": {"num": []. "ptr": [0]}}')
debug_merge_point(0, 0, '1020<std_core_hnd.rpyeffect:719([k@[k@[mcore:[#893]#2108]#2110]#2112])>+0: {"op": "Const". "type": "ptr". "out": 2. "format": "string". "value": "Name(import$std/core/hnd)"}')
debug_merge_point(0, 0, '1020<std_core_hnd.rpyeffect:719([k@[k@[mcore:[#893]#2108]#2110]#2112])>+1: {"op": "PrimOp". "name": "getGlobal(String): Ptr". "out": {"num": []. "ptr": [2]}. "in": {"num": []. "ptr": [2]}}')
debug_merge_point(0, 0, '1020<std_core_hnd.rpyeffect:719([k@[k@[mcore:[#893]#2108]#2110]#2112])>+2: {"op": "Push". "target": 1019. "args": {"num": []. "ptr": [0]}}')
debug_merge_point(0, 0, '1020<std_core_hnd.rpyeffect:719([k@[k@[mcore:[#893]#2108]#2110]#2112])>+3: {"op": "Copy". "type": "ptr". "from": 1. "to". 0}')
debug_merge_point(0, 0, '1020<std_core_hnd.rpyeffect:719([k@[k@[mcore:[#893]#2108]#2110]#2112])>+4: {"op": "Copy". "type": "ptr". "from": 2. "to". 1}')
debug_merge_point(0, 0, '1020<std_core_hnd.rpyeffect:719([k@[k@[mcore:[#893]#2108]#2110]#2112])>+5: {"op": "Jump". "target": 1018}')
debug_merge_point(0, 0, '1018<std_core_hnd.rpyeffect:717([mcore:[#892]#2103])>+0: {"op": "Const". "type": "ptr". "out": 1. "format": "string". "value": "Name(import$std/core/hnd)"}')
debug_merge_point(0, 0, '1018<std_core_hnd.rpyeffect:717([mcore:[#892]#2103])>+1: {"op": "PrimOp". "name": "getGlobal(String): Ptr". "out": {"num": []. "ptr": [1]}. "in": {"num": []. "ptr": [1]}}')
debug_merge_point(0, 0, '1018<std_core_hnd.rpyeffect:717([mcore:[#892]#2103])>+2: {"op": "CallLib". "lib": "1". "symbol": "setCurrentEvv"}')
debug_merge_point(0, 0, '302<std_core_hnd.rpyeffect:1(Name(setCurrentEvv))>+0: {"op": "Const". "type": "ptr". "out": 1. "format": "string". "value": "current-evv"}')
debug_merge_point(0, 0, '302<std_core_hnd.rpyeffect:1(Name(setCurrentEvv))>+1: {"op": "PrimOp". "name": "getGlobal(String): Ptr". "out": {"num": []. "ptr": [1]}. "in": {"num": []. "ptr": [1]}}')
debug_merge_point(0, 0, '302<std_core_hnd.rpyeffect:1(Name(setCurrentEvv))>+2: {"op": "PrimOp". "name": "setRef(Ref[Ptr]. Ptr): Unit". "out": {"num": []. "ptr": [0]}. "in": {"num": []. "ptr": [1. 0]}}')
debug_merge_point(0, 0, '302<std_core_hnd.rpyeffect:1(Name(setCurrentEvv))>+3: {"op": "Return". "args": {"num": []. "ptr": [0]}}')
debug_merge_point(0, 0, '1019<std_core_hnd.rpyeffect:718([k@[k@[k@[mcore:[#893]#2108]#2110]#2112]#2117])>+0: {"op": "Copy". "type": "ptr". "from": 1. "to". 0}')
debug_merge_point(0, 0, '1019<std_core_hnd.rpyeffect:718([k@[k@[k@[mcore:[#893]#2108]#2110]#2112]#2117])>+1: {"op": "Return". "args": {"num": []. "ptr": [0]}}')
debug_merge_point(0, 0, '5075<main.rpyeffect:78([k@[#279]#281])>+0: {"op": "PrimOp". "name": "unbox(Ptr): Num". "out": {"num": [0]. "ptr": []}. "in": {"num": []. "ptr": [0]}}')
debug_merge_point(0, 0, '5075<main.rpyeffect:78([k@[#279]#281])>+1: {"op": "Return". "args": {"num": [0]. "ptr": []}}')
debug_merge_point(0, 0, '5090<main.rpyeffect:93([k@[#333]#336])>+0: {"op": "PrimOp". "name": "box(Num): Ptr". "out": {"num": []. "ptr": [0]}. "in": {"num": [0]. "ptr": []}}')
debug_merge_point(0, 0, '5090<main.rpyeffect:93([k@[#333]#336])>+1: {"op": "Return". "args": {"num": []. "ptr": [0]}}')
+732: guard_nonnull(p56, descr=<Guard0x1287277a0>) [p0, i1, i2, i3, i4, i5, i6, i7, i8, i9, i10, i11, i12, i13, i14, i15, i16, p17, p18, p19, p20, p21, p22, p23, p24, p25, p26, p27, p28, p29, p30, p31, p32, p33, p34, p35]
+740: i91 = getfield_gc_i(p56, descr=<FieldS rpyeffect.stored_environment.Stack__arb_arb.inst_target 16 pure>)
+744: guard_value(i91, 5098, descr=<Guard0x1287277e0>) [p0, i1, i2, i3, i4, i5, i6, i7, i8, i9, i10, i11, i12, i13, i14, i15, i16, p17, p18, p19, p20, p21, p22, p23, p24, p25, p26, p27, p28, p29, p30, p31, p32, p33, p34, p35]
debug_merge_point(0, 0, '801<std_core_hnd.rpyeffect:500([k@[k@[mcore:[#725]#1309]#1314]#1316])>+0: {"op": "Const". "type": "ptr". "out": 2. "format": "string". "value": "Name(import$std/core/hnd)"}')
debug_merge_point(0, 0, '801<std_core_hnd.rpyeffect:500([k@[k@[mcore:[#725]#1309]#1314]#1316])>+1: {"op": "PrimOp". "name": "getGlobal(String): Ptr". "out": {"num": []. "ptr": [2]}. "in": {"num": []. "ptr": [2]}}')
debug_merge_point(0, 0, '801<std_core_hnd.rpyeffect:500([k@[k@[mcore:[#725]#1309]#1314]#1316])>+2: {"op": "Push". "target": 800. "args": {"num": [0]. "ptr": [0]}}')
debug_merge_point(0, 0, '801<std_core_hnd.rpyeffect:500([k@[k@[mcore:[#725]#1309]#1314]#1316])>+3: {"op": "Copy". "type": "ptr". "from": 1. "to". 0}')
debug_merge_point(0, 0, '801<std_core_hnd.rpyeffect:500([k@[k@[mcore:[#725]#1309]#1314]#1316])>+4: {"op": "Copy". "type": "ptr". "from": 2. "to". 1}')
debug_merge_point(0, 0, '801<std_core_hnd.rpyeffect:500([k@[k@[mcore:[#725]#1309]#1314]#1316])>+5: {"op": "Jump". "target": 785}')
debug_merge_point(0, 0, '785<std_core_hnd.rpyeffect:484([mcore:[#717]#1300])>+0: {"op": "Const". "type": "ptr". "out": 1. "format": "string". "value": "Name(import$std/core/hnd)"}')
debug_merge_point(0, 0, '785<std_core_hnd.rpyeffect:484([mcore:[#717]#1300])>+1: {"op": "PrimOp". "name": "getGlobal(String): Ptr". "out": {"num": []. "ptr": [1]}. "in": {"num": []. "ptr": [1]}}')
debug_merge_point(0, 0, '785<std_core_hnd.rpyeffect:484([mcore:[#717]#1300])>+2: {"op": "CallLib". "lib": "1". "symbol": "setCurrentEvv"}')
debug_merge_point(0, 0, '302<std_core_hnd.rpyeffect:1(Name(setCurrentEvv))>+0: {"op": "Const". "type": "ptr". "out": 1. "format": "string". "value": "current-evv"}')
debug_merge_point(0, 0, '302<std_core_hnd.rpyeffect:1(Name(setCurrentEvv))>+1: {"op": "PrimOp". "name": "getGlobal(String): Ptr". "out": {"num": []. "ptr": [1]}. "in": {"num": []. "ptr": [1]}}')
debug_merge_point(0, 0, '302<std_core_hnd.rpyeffect:1(Name(setCurrentEvv))>+2: {"op": "PrimOp". "name": "setRef(Ref[Ptr]. Ptr): Unit". "out": {"num": []. "ptr": [0]}. "in": {"num": []. "ptr": [1. 0]}}')
debug_merge_point(0, 0, '302<std_core_hnd.rpyeffect:1(Name(setCurrentEvv))>+3: {"op": "Return". "args": {"num": []. "ptr": [0]}}')
debug_merge_point(0, 0, '800<std_core_hnd.rpyeffect:499([k@[k@[k@[mcore:[#725]#1309]#1314]#1316]#1321])>+0: {"op": "Const". "type": "num". "out": 1. "value": 0}')
debug_merge_point(0, 0, '800<std_core_hnd.rpyeffect:499([k@[k@[k@[mcore:[#725]#1309]#1314]#1316]#1321])>+1: {"op": "Copy". "type": "ptr". "from": 1. "to". 0}')
debug_merge_point(0, 0, '800<std_core_hnd.rpyeffect:499([k@[k@[k@[mcore:[#725]#1309]#1314]#1316]#1321])>+2: {"op": "Switch". "scrutinee": 1. "values": [1]. "targets": [796]. "default": 799}')
debug_merge_point(0, 0, '799<std_core_hnd.rpyeffect:498([switch default case#1364])>+0: {"op": "Const". "type": "num". "out": 0. "value": 0}')
debug_merge_point(0, 0, '799<std_core_hnd.rpyeffect:498([switch default case#1364])>+1: {"op": "Switch". "scrutinee": 0. "values": [0]. "targets": [797]. "default": 798}')
debug_merge_point(0, 0, '797<std_core_hnd.rpyeffect:496([switch case for 0#1366])>+0: {"op": "Return". "args": {"num": []. "ptr": [0]}}')
+760: i93 = getfield_gc_i(p56, descr=<FieldS rpyeffect.stored_environment.Stack__1_0.inst_values_num_0 40 pure>)
+764: p94 = getfield_gc_r(p56, descr=<FieldP rpyeffect.stored_environment.Stack__arb_arb.inst_tail 8 pure>)
debug_merge_point(0, 0, '5098<main.rpyeffect:101([k@[switch case for 0#321]#345])>+0: {"op": "PrimOp". "name": "unbox(Ptr): Num". "out": {"num": [1]. "ptr": []}. "in": {"num": []. "ptr": [0]}}')
debug_merge_point(0, 0, '5098<main.rpyeffect:101([k@[switch case for 0#321]#345])>+1: {"op": "Swap". "type": "num". "a": 0. "b". 1}')
debug_merge_point(0, 0, '5098<main.rpyeffect:101([k@[switch case for 0#321]#345])>+2: {"op": "Switch". "scrutinee": 0. "values": [1]. "targets": [5093]. "default": 5097}')
+768: guard_nonnull(p94, descr=<Guard0x128727820>) [p0, i1, i2, i3, i4, i5, i6, i7, i8, i9, i10, i11, i12, i13, i14, i15, i16, p17, p18, p19, p20, p21, p22, p23, p24, p25, p26, p27, p28, p29, p30, p31, p32, p33, p34, p35]
+776: i95 = getfield_gc_i(p94, descr=<FieldS rpyeffect.stored_environment.Stack__arb_arb.inst_target 16 pure>)
+780: guard_value(i95, 5127, descr=<Guard0x128727860>) [p0, i1, i2, i3, i4, i5, i6, i7, i8, i9, i10, i11, i12, i13, i14, i15, i16, p17, p18, p19, p20, p21, p22, p23, p24, p25, p26, p27, p28, p29, p30, p31, p32, p33, p34, p35]
debug_merge_point(0, 0, '5093<main.rpyeffect:96([switch case for 1#351])>+0: {"op": "Copy". "type": "num". "from": 1. "to". 0}')
debug_merge_point(0, 0, '5093<main.rpyeffect:96([switch case for 1#351])>+1: {"op": "Return". "args": {"num": [0]. "ptr": []}}')
+792: i97 = getfield_gc_i(p94, descr=<FieldS rpyeffect.stored_environment.Stack__3_0.inst_values_num_0 40 pure>)
+796: i98 = getfield_gc_i(p94, descr=<FieldS rpyeffect.stored_environment.Stack__3_0.inst_values_num_1 48 pure>)
+800: i99 = getfield_gc_i(p94, descr=<FieldS rpyeffect.stored_environment.Stack__3_0.inst_values_num_2 56 pure>)
+804: p100 = getfield_gc_r(p94, descr=<FieldP rpyeffect.stored_environment.Stack__arb_arb.inst_tail 8 pure>)
debug_merge_point(0, 0, '5127<main.rpyeffect:130([k@[k@[k@[mcore:[#256]#422]#427]#435]#443])>+0: {"op": "PrimOp". "name": "infixAdd(Int. Int): Int". "out": {"num": [4]. "ptr": []}. "in": {"num": [1. 2]. "ptr": []}}')
+808: i101 = int_add(i97, i98)
debug_merge_point(0, 0, '5127<main.rpyeffect:130([k@[k@[k@[mcore:[#256]#422]#427]#435]#443])>+1: {"op": "PrimOp". "name": "infixAdd(Int. Int): Int". "out": {"num": [4]. "ptr": []}. "in": {"num": [4. 0]. "ptr": []}}')
+816: i102 = int_add(i101, i93)
debug_merge_point(0, 0, '5127<main.rpyeffect:130([k@[k@[k@[mcore:[#256]#422]#427]#435]#443])>+2: {"op": "PrimOp". "name": "infixEq(Int. Int): Boolean". "out": {"num": [3]. "ptr": []}. "in": {"num": [4. 3]. "ptr": []}}')
+820: i103 = int_eq(i102, i99)
guard_false(i103, descr=<Guard0x1287278a0>) [p0, i1, i2, i3, i4, i5, i6, i7, i8, i9, i10, i11, i12, i13, i14, i15, i16, p17, p18, p19, p20, p21, p22, p23, p24, p25, p26, p27, p28, p29, p30, p31, p32, p33, p34, p35]
debug_merge_point(0, 0, '5127<main.rpyeffect:130([k@[k@[k@[mcore:[#256]#422]#427]#435]#443])>+3: {"op": "Swap". "type": "num". "a": 0. "b". 3}')
debug_merge_point(0, 0, '5127<main.rpyeffect:130([k@[k@[k@[mcore:[#256]#422]#427]#435]#443])>+4: {"op": "Switch". "scrutinee": 0. "values": [1]. "targets": [5120]. "default": 5126}')
+828: guard_nonnull(p100, descr=<Guard0x1287278e0>) [p0, i1, i2, i3, i4, i5, i6, i7, i8, i9, i10, i11, i12, i13, i14, i15, i16, p17, p18, p19, p20, p21, p22, p23, p24, p25, p26, p27, p28, p29, p30, p31, p32, p33, p34, p35]
+836: i104 = getfield_gc_i(p100, descr=<FieldS rpyeffect.stored_environment.Stack__arb_arb.inst_target 16 pure>)
+840: guard_value(i104, 5171, descr=<Guard0x128727920>) [p0, i1, i2, i3, i4, i5, i6, i7, i8, i9, i10, i11, i12, i13, i14, i15, i16, p17, p18, p19, p20, p21, p22, p23, p24, p25, p26, p27, p28, p29, p30, p31, p32, p33, p34, p35]
debug_merge_point(0, 0, '5126<main.rpyeffect:129([switch default case#461])>+0: {"op": "Switch". "scrutinee": 0. "values": [0]. "targets": [5124]. "default": 5125}')
debug_merge_point(0, 0, '5124<main.rpyeffect:127([switch case for 0#462])>+0: {"op": "Const". "type": "num". "out": 0. "value": 0}')
debug_merge_point(0, 0, '5124<main.rpyeffect:127([switch case for 0#462])>+1: {"op": "New". "out": 0. "targets": [5122]. "args": {"num": []. "ptr": []}}')
debug_merge_point(0, 0, '5124<main.rpyeffect:127([switch case for 0#462])>+2: {"op": "Const". "type": "ptr". "out": 1. "format": "string". "value": "Name(import$std/core/hnd)"}')
debug_merge_point(0, 0, '5124<main.rpyeffect:127([switch case for 0#462])>+3: {"op": "PrimOp". "name": "getGlobal(String): Ptr". "out": {"num": []. "ptr": [1]}. "in": {"num": []. "ptr": [1]}}')
debug_merge_point(0, 0, '5124<main.rpyeffect:127([switch case for 0#462])>+4: {"op": "Jump". "target": 5104}')
debug_merge_point(0, 0, '5104<main.rpyeffect:107([mcore:[#243]#376])>+0: {"op": "Const". "type": "ptr". "out": 1. "format": "string". "value": "Name(import$std/core/hnd)"}')
debug_merge_point(0, 0, '5104<main.rpyeffect:107([mcore:[#243]#376])>+1: {"op": "PrimOp". "name": "getGlobal(String): Ptr". "out": {"num": []. "ptr": [1]}. "in": {"num": []. "ptr": [1]}}')
debug_merge_point(0, 0, '5104<main.rpyeffect:107([mcore:[#243]#376])>+2: {"op": "CallLib". "lib": "1". "symbol": "std/core/hnd/@open-at0"}')
debug_merge_point(0, 0, '803<std_core_hnd.rpyeffect:502([mcore:[#725]#1309])>+0: {"op": "Const". "type": "ptr". "out": 1. "format": "string". "value": "Name(import$std/core/hnd)"}')
debug_merge_point(0, 0, '803<std_core_hnd.rpyeffect:502([mcore:[#725]#1309])>+1: {"op": "PrimOp". "name": "getGlobal(String): Ptr". "out": {"num": []. "ptr": [1]}. "in": {"num": []. "ptr": [1]}}')
debug_merge_point(0, 0, '803<std_core_hnd.rpyeffect:502([mcore:[#725]#1309])>+2: {"op": "Push". "target": 802. "args": {"num": [0]. "ptr": [0]}}')
debug_merge_point(0, 0, '803<std_core_hnd.rpyeffect:502([mcore:[#725]#1309])>+3: {"op": "Copy". "type": "ptr". "from": 1. "to". 0}')
debug_merge_point(0, 0, '803<std_core_hnd.rpyeffect:502([mcore:[#725]#1309])>+4: {"op": "Jump". "target": 784}')
debug_merge_point(0, 0, '784<std_core_hnd.rpyeffect:483([mcore:[#715]#1295])>+0: {"op": "Const". "type": "ptr". "out": 0. "format": "string". "value": "Name(import$std/core/hnd)"}')
+856: p106 = new_with_vtable(descr=<SizeDescr 56>)
+968: p107 = new_with_vtable(descr=<SizeDescr 32>)
+984: setfield_gc(p107, ConstPtr(ptr108), descr=<FieldP rpyeffect.stored_environment.CoData__arb_arb.inst_vtable 24 pure>)
+988: p109 = new_with_vtable(descr=<SizeDescr 40>)
+1000: p110 = new_with_vtable(descr=<SizeDescr 40>)
+1016: p111 = new_with_vtable(descr=<SizeDescr 40>)
+1032: p112 = new_with_vtable(descr=<SizeDescr 48>)
+1048: p113 = new_with_vtable(descr=<SizeDescr 40>)
+1064: setfield_gc(p113, p86, descr=<FieldP rpyeffect.stored_environment.Stack__arb_arb.inst_tail 8 pure>)
+1068: setfield_gc(p113, 5139, descr=<FieldS rpyeffect.stored_environment.Stack__arb_arb.inst_target 16 pure>)
+1076: setfield_gc(p112, p113, descr=<FieldP rpyeffect.stored_environment.Stack__arb_arb.inst_tail 8 pure>)
+1080: setfield_gc(p112, 5135, descr=<FieldS rpyeffect.stored_environment.Stack__arb_arb.inst_target 16 pure>)
+1088: p116 = new_with_vtable(descr=<SizeDescr 40>)
+1104: setfield_gc(p116, ConstPtr(ptr117), descr=<FieldP rpyeffect.stored_environment.CoData__arb_arb.inst_vtable 24 pure>)
+1108: p118 = new_with_vtable(descr=<SizeDescr 40>)
+1124: p119 = new_with_vtable(descr=<SizeDescr 48>)
+1140: p120 = new_with_vtable(descr=<SizeDescr 40>)
+1156: p121 = new_with_vtable(descr=<SizeDescr 40>)
+1172: p122 = new_with_vtable(descr=<SizeDescr 56>)
+1188: setfield_gc(p122, p56, descr=<FieldP rpyeffect.stored_environment.Stack__arb_arb.inst_tail 8 pure>)
+1192: setfield_gc(p122, 801, descr=<FieldS rpyeffect.stored_environment.Stack__arb_arb.inst_target 16 pure>)
+1200: setfield_gc(p122, i54, descr=<FieldS rpyeffect.stored_environment.Stack__1_1.inst_values_num_0 40 pure>)
+1204: setfield_gc(p122, p37, descr=<FieldP rpyeffect.stored_environment.Stack__1_1.inst_values_ptr_0 48 pure>)
+1208: setfield_gc(p121, p122, descr=<FieldP rpyeffect.stored_environment.Stack__arb_arb.inst_tail 8 pure>)
+1212: setfield_gc(p121, 5090, descr=<FieldS rpyeffect.stored_environment.Stack__arb_arb.inst_target 16 pure>)
+1220: setfield_gc(p120, p121, descr=<FieldP rpyeffect.stored_environment.Stack__arb_arb.inst_tail 8 pure>)
+1224: setfield_gc(p120, 5075, descr=<FieldS rpyeffect.stored_environment.Stack__arb_arb.inst_target 16 pure>)
+1232: setfield_gc(p119, p120, descr=<FieldP rpyeffect.stored_environment.Stack__arb_arb.inst_tail 8 pure>)
+1236: setfield_gc(p119, 1020, descr=<FieldS rpyeffect.stored_environment.Stack__arb_arb.inst_target 16 pure>)
+1244: p127 = new_with_vtable(descr=<SizeDescr 48>)
+1256: setfield_gc(p127, ConstPtr(ptr128), descr=<FieldP rpyeffect.stored_environment.Data__arb_arb.inst_tag 8>)
+1260: setfield_gc(p127, p51, descr=<FieldP rpyeffect.stored_environment.Data__0_2.inst_values_ptr_0 32 pure>)
+1264: p129 = new_with_vtable(descr=<SizeDescr 32>)
+1280: setfield_gc(p129, ConstPtr(ptr130), descr=<FieldP rpyeffect.stored_environment.Data__arb_arb.inst_tag 8>)
+1284: setfield_gc(p127, p129, descr=<FieldP rpyeffect.stored_environment.Data__0_2.inst_values_ptr_1 40 pure>)
+1288: setfield_gc(p119, p127, descr=<FieldP rpyeffect.stored_environment.Stack__0_1.inst_values_ptr_0 40 pure>)
+1292: setfield_gc(p118, p119, descr=<FieldP rpyeffect.stack.MetaStackLike.inst_stack 8 pure>)
+1296: setfield_gc(p118, p33, descr=<FieldP rpyeffect.stack.MetaStack.inst_label 16 pure>)
+1304: setfield_gc(p118, ConstPtr(null), descr=<FieldP rpyeffect.stack.MetaStack.inst_region 24 pure>)
+1312: p132 = new_with_vtable(descr=<SizeDescr 40>)
+1324: setfield_gc(p132, p83, descr=<FieldP rpyeffect.stack.MetaStackLike.inst_stack 8 pure>)
+1328: setfield_gc(p132, p81, descr=<FieldP rpyeffect.stack.MetaStack.inst_label 16 pure>)
+1332: setfield_gc(p132, ConstPtr(null), descr=<FieldP rpyeffect.stack.MetaStack.inst_region 24 pure>)
+1340: setfield_gc(p132, ConstPtr(null), descr=<FieldP rpyeffect.stack.MetaStack.inst_tail 32 pure>)
+1348: setfield_gc(p118, p132, descr=<FieldP rpyeffect.stack.MetaStack.inst_tail 32 pure>)
+1352: setfield_gc(p116, p118, descr=<FieldP rpyeffect.stored_environment.CoData__0_1.inst_values_ptr_0 32 pure>)
+1356: setfield_gc(p112, p116, descr=<FieldP rpyeffect.stored_environment.Stack__0_1.inst_values_ptr_0 40 pure>)
+1360: setfield_gc(p111, p112, descr=<FieldP rpyeffect.stored_environment.Stack__arb_arb.inst_tail 8 pure>)
+1364: setfield_gc(p111, 505, descr=<FieldS rpyeffect.stored_environment.Stack__arb_arb.inst_target 16 pure>)
+1372: setfield_gc(p110, p111, descr=<FieldP rpyeffect.stack.MetaStackLike.inst_stack 8 pure>)
+1380: setfield_gc(p110, p87, descr=<FieldP rpyeffect.stack.MetaStack.inst_label 16 pure>)
+1388: setfield_gc(p110, ConstPtr(null), descr=<FieldP rpyeffect.stack.MetaStack.inst_region 24 pure>)
+1396: setfield_gc(p110, p88, descr=<FieldP rpyeffect.stack.MetaStack.inst_tail 32 pure>)
+1404: setfield_gc(p106, 802, descr=<FieldS rpyeffect.stored_environment.Stack__arb_arb.inst_target 16 pure>)
+1416: setfield_gc(p106, 0, descr=<FieldS rpyeffect.stored_environment.Stack__1_1.inst_values_num_0 40 pure>)
+1424: setfield_gc(p106, p107, descr=<FieldP rpyeffect.stored_environment.Stack__1_1.inst_values_ptr_0 48 pure>)
+1432: setfield_gc(p106, p100, descr=<FieldP rpyeffect.stored_environment.Stack__arb_arb.inst_tail 8 pure>)
+1440: setfield_gc(p109, ConstPtr(null), descr=<FieldP rpyeffect.stack.MetaStack.inst_region 24 pure>)
+1452: setfield_gc(p109, p81, descr=<FieldP rpyeffect.stack.MetaStack.inst_label 16 pure>)
+1456: setfield_gc(p109, p83, descr=<FieldP rpyeffect.stack.MetaStackLike.inst_stack 8 pure>)
+1460: setfield_gc(p109, p110, descr=<FieldP rpyeffect.stack.MetaStack.inst_tail 32 pure>)
+1664: jump(p33, p106, p0, p109, 0, i97, i98, i93, i102, i6, i7, i8, i9, i10, i11, i12, i13, i14, i15, i16, ConstPtr(ptr140), ConstPtr(ptr140), ConstPtr(ptr141), ConstPtr(ptr142), p69, p22, p23, p24, p25, p26, p27, p28, p29, p30, p31, p32, descr=TargetToken(4971073632))
+1996: --end of the loop--
[ef00b14] jit-log-opt-bridge}
[100ddb35] {jit-log-opt-bridge
# bridge out of Guard 0x1285a5520 with 181 ops
[p0, i1, i2, i3, i4, i5, i6, i7, i8, i9, i10, i11, i12, i13, i14, i15, i16, p17, p18, p19, p20, p21, p22, p23, p24, p25, p26, p27, p28, p29, p30, p31, p32]
+328: guard_not_invalidated(descr=<Guard0x1287541d8>) [p0, i1, i2, i3, i4, i5, i6, i7, i8, i9, i10, i11, i12, i13, i14, i15, i16, p17, p18, p19, p20, p21, p22, p23, p24, p25, p26, p27, p28, p29, p30, p31, p32]
+332: p33 = getfield_gc_r(p17, descr=<FieldP rpyeffect.stored_environment.CoData__arb_arb.inst_vtable 24 pure>)
+340: guard_value(p33, ConstPtr(ptr34), descr=<Guard0x128765b20>) [p0, i1, i2, i3, i4, i5, i6, i7, i8, i9, i10, i11, i12, i13, i14, i15, i16, p17, p18, p19, p20, p21, p22, p23, p24, p25, p26, p27, p28, p29, p30, p31, p32]
debug_merge_point(0, 0, '5203<main.rpyeffect:206([#816])>+0: {"op": "PrimOp". "name": "unbox(Ptr): Num". "out": {"num": [0]. "ptr": []}. "in": {"num": []. "ptr": [0]}}')
debug_merge_point(0, 0, '5203<main.rpyeffect:206([#816])>+1: {"op": "Push". "target": 5202. "args": {"num": []. "ptr": []}}')
debug_merge_point(0, 0, '5203<main.rpyeffect:206([#816])>+2: {"op": "Jump". "target": 5147}')
debug_merge_point(0, 0, '5147<main.rpyeffect:150([mcore:[#283]#555])>+0: {"op": "Return". "args": {"num": [0]. "ptr": []}}')
debug_merge_point(0, 0, '5202<main.rpyeffect:205([k@[#816]#821])>+0: {"op": "PrimOp". "name": "box(Num): Ptr". "out": {"num": []. "ptr": [0]}. "in": {"num": [0]. "ptr": []}}')
debug_merge_point(0, 0, '5202<main.rpyeffect:205([k@[#816]#821])>+1: {"op": "Return". "args": {"num": []. "ptr": [0]}}')
+348: guard_nonnull(p32, descr=<Guard0x128765b60>) [p0, i1, i2, i3, i4, i5, i6, i7, i8, i9, i10, i11, i12, i13, i14, i15, i16, p17, p18, p19, p20, p21, p22, p23, p24, p25, p26, p27, p28, p29, p30, p31, p32]
+356: p35 = getfield_gc_r(p32, descr=<FieldP rpyeffect.stack.MetaStackLike.inst_stack 8 pure>)
+360: p36 = getfield_gc_r(p32, descr=<FieldP rpyeffect.stack.MetaStack.inst_label 16 pure>)
+364: p37 = getfield_gc_r(p32, descr=<FieldP rpyeffect.stack.MetaStack.inst_tail 32 pure>)
+368: guard_nonnull(p35, descr=<Guard0x128765ba0>) [p0, i1, i2, i3, i4, i5, i6, i7, i8, i9, i10, i11, i12, i13, i14, i15, i16, p17, p18, p19, p20, p21, p22, p23, p24, p25, p26, p27, p28, p29, p30, p31, p32]
+376: i38 = getfield_gc_i(p35, descr=<FieldS rpyeffect.stored_environment.Stack__arb_arb.inst_target 16 pure>)
+380: guard_value(i38, 505, descr=<Guard0x128765be0>) [p0, i1, i2, i3, i4, i5, i6, i7, i8, i9, i10, i11, i12, i13, i14, i15, i16, p17, p18, p19, p20, p21, p22, p23, p24, p25, p26, p27, p28, p29, p30, p31, p32]
+392: p40 = getfield_gc_r(p35, descr=<FieldP rpyeffect.stored_environment.Stack__arb_arb.inst_tail 8 pure>)
+396: guard_nonnull(p40, descr=<Guard0x128765c20>) [p0, i1, i2, i3, i4, i5, i6, i7, i8, i9, i10, i11, i12, i13, i14, i15, i16, p17, p18, p19, p20, p21, p22, p23, p24, p25, p26, p27, p28, p29, p30, p31, p32]
+404: i41 = getfield_gc_i(p40, descr=<FieldS rpyeffect.stored_environment.Stack__arb_arb.inst_target 16 pure>)
+408: guard_value(i41, 5135, descr=<Guard0x128765c60>) [p0, i1, i2, i3, i4, i5, i6, i7, i8, i9, i10, i11, i12, i13, i14, i15, i16, p17, p18, p19, p20, p21, p22, p23, p24, p25, p26, p27, p28, p29, p30, p31, p32]
debug_merge_point(0, 0, '505<std_core_hnd.rpyeffect:204([#467])>+0: {"op": "PrimOp". "name": "unbox(Ptr): Num". "out": {"num": [0]. "ptr": []}. "in": {"num": []. "ptr": [0]}}')
debug_merge_point(0, 0, '505<std_core_hnd.rpyeffect:204([#467])>+1: {"op": "Return". "args": {"num": [0]. "ptr": []}}')
+420: p43 = getfield_gc_r(p40, descr=<FieldP rpyeffect.stored_environment.Stack__0_1.inst_values_ptr_0 40 pure>)
+424: p44 = getfield_gc_r(p40, descr=<FieldP rpyeffect.stored_environment.Stack__arb_arb.inst_tail 8 pure>)
debug_merge_point(0, 0, '5135<main.rpyeffect:138([k@[mcore:[#274]#500]#504])>+0: {"op": "Const". "type": "num". "out": 1. "value": 0}')
debug_merge_point(0, 0, '5135<main.rpyeffect:138([k@[mcore:[#274]#500]#504])>+1: {"op": "Push". "target": 5134. "args": {"num": [0]. "ptr": []}}')
debug_merge_point(0, 0, '5135<main.rpyeffect:138([k@[mcore:[#274]#500]#504])>+2: {"op": "Copy". "type": "num". "from": 1. "to". 0}')
debug_merge_point(0, 0, '5135<main.rpyeffect:138([k@[mcore:[#274]#500]#504])>+3: {"op": "Invoke". "receiver": 0. "tag": Interned(%apply(n):n). "args" : {"num": [0]. "ptr": []}}')
+428: p45 = getfield_gc_r(p43, descr=<FieldP rpyeffect.stored_environment.CoData__arb_arb.inst_vtable 24 pure>)
+436: guard_value(p45, ConstPtr(ptr46), descr=<Guard0x128765ca0>) [p0, i1, i2, i3, i4, i5, i6, i7, i8, i9, i10, i11, i12, i13, i14, i15, i16, p17, p18, p19, p20, p21, p22, p23, p24, p25, p26, p27, p28, p29, p30, p31, p32]
+444: p47 = getfield_gc_r(p43, descr=<FieldP rpyeffect.stored_environment.CoData__0_1.inst_values_ptr_0 32 pure>)
debug_merge_point(0, 0, '506<std_core_hnd.rpyeffect:205([method_%apply(n):n@[mcore:[#470]#437]#462])>+0: {"op": "PrimOp". "name": "box(Num): Ptr". "out": {"num": []. "ptr": [1]}. "in": {"num": [0]. "ptr": []}}')
debug_merge_point(0, 0, '506<std_core_hnd.rpyeffect:205([method_%apply(n):n@[mcore:[#470]#437]#462])>+1: {"op": "Push". "target": 505. "args": {"num": []. "ptr": []}}')
debug_merge_point(0, 0, '506<std_core_hnd.rpyeffect:205([method_%apply(n):n@[mcore:[#470]#437]#462])>+2: {"op": "Swap". "type": "ptr". "a": 0. "b". 1}')
debug_merge_point(0, 0, '506<std_core_hnd.rpyeffect:205([method_%apply(n):n@[mcore:[#470]#437]#462])>+3: {"op": "Jump". "target": 497}')
debug_merge_point(0, 0, '497<std_core_hnd.rpyeffect:196([mcore:[#469]#436])>+0: {"op": "PushStack". "arg": 1}')
+448: guard_nonnull_class(p47, 4348275712, descr=<Guard0x128754230>) [p0, i1, i2, i3, i4, i5, i6, i7, i8, i9, i10, i11, i12, i13, i14, i15, i16, p17, p18, p19, p20, p21, p22, p23, p24, p25, p26, p27, p28, p29, p30, p31, p32]
+472: p49 = getfield_gc_r(p47, descr=<FieldP rpyeffect.stack.MetaStack.inst_region 24 pure>)
+476: guard_isnull(p49, descr=<Guard0x128765ce0>) [p0, i1, i2, i3, i4, i5, i6, i7, i8, i9, i10, i11, i12, i13, i14, i15, i16, p17, p18, p19, p20, p21, p22, p23, p24, p25, p26, p27, p28, p29, p30, p31, p32]
+484: p50 = getfield_gc_r(p47, descr=<FieldP rpyeffect.stack.MetaStackLike.inst_stack 8 pure>)
+488: p51 = getfield_gc_r(p47, descr=<FieldP rpyeffect.stack.MetaStack.inst_tail 32 pure>)
+492: guard_nonnull_class(p51, 4348275712, descr=<Guard0x128754288>) [p0, i1, i2, i3, i4, i5, i6, i7, i8, i9, i10, i11, i12, i13, i14, i15, i16, p17, p18, p19, p20, p21, p22, p23, p24, p25, p26, p27, p28, p29, p30, p31, p32]
+516: p53 = getfield_gc_r(p51, descr=<FieldP rpyeffect.stack.MetaStack.inst_region 24 pure>)
+520: guard_isnull(p53, descr=<Guard0x128765d20>) [p0, i1, i2, i3, i4, i5, i6, i7, i8, i9, i10, i11, i12, i13, i14, i15, i16, p17, p18, p19, p20, p21, p22, p23, p24, p25, p26, p27, p28, p29, p30, p31, p32]
+528: p54 = getfield_gc_r(p51, descr=<FieldP rpyeffect.stack.MetaStackLike.inst_stack 8 pure>)
+532: p55 = getfield_gc_r(p51, descr=<FieldP rpyeffect.stack.MetaStack.inst_tail 32 pure>)
+536: guard_isnull(p55, descr=<Guard0x128765d60>) [p0, i1, i2, i3, i4, i5, i6, i7, i8, i9, i10, i11, i12, i13, i14, i15, i16, p17, p18, p19, p20, p21, p22, p23, p24, p25, p26, p27, p28, p29, p30, p31, p32]
+544: p56 = getfield_gc_r(p51, descr=<FieldP rpyeffect.stack.MetaStack.inst_label 16 pure>)
+548: p57 = getfield_gc_r(p47, descr=<FieldP rpyeffect.stack.MetaStack.inst_label 16 pure>)
+552: guard_nonnull(p50, descr=<Guard0x128765da0>) [p0, i1, i2, i3, i4, i5, i6, i7, i8, i9, i10, i11, i12, i13, i14, i15, i16, p17, p18, p19, p20, p21, p22, p23, p24, p25, p26, p27, p28, p29, p30, p31, p32]
+560: i58 = getfield_gc_i(p50, descr=<FieldS rpyeffect.stored_environment.Stack__arb_arb.inst_target 16 pure>)
+564: guard_value(i58, 1020, descr=<Guard0x128765de0>) [p0, i1, i2, i3, i4, i5, i6, i7, i8, i9, i10, i11, i12, i13, i14, i15, i16, p17, p18, p19, p20, p21, p22, p23, p24, p25, p26, p27, p28, p29, p30, p31, p32]
debug_merge_point(0, 0, '497<std_core_hnd.rpyeffect:196([mcore:[#469]#436])>+1: {"op": "Return". "args": {"num": []. "ptr": [0]}}')
+576: p60 = getfield_gc_r(p50, descr=<FieldP rpyeffect.stored_environment.Stack__0_1.inst_values_ptr_0 40 pure>)
+580: p61 = getfield_gc_r(p50, descr=<FieldP rpyeffect.stored_environment.Stack__arb_arb.inst_tail 8 pure>)
debug_merge_point(0, 0, '1020<std_core_hnd.rpyeffect:719([k@[k@[mcore:[#893]#2108]#2110]#2112])>+0: {"op": "Const". "type": "ptr". "out": 2. "format": "string". "value": "Name(import$std/core/hnd)"}')
debug_merge_point(0, 0, '1020<std_core_hnd.rpyeffect:719([k@[k@[mcore:[#893]#2108]#2110]#2112])>+1: {"op": "PrimOp". "name": "getGlobal(String): Ptr". "out": {"num": []. "ptr": [2]}. "in": {"num": []. "ptr": [2]}}')
debug_merge_point(0, 0, '1020<std_core_hnd.rpyeffect:719([k@[k@[mcore:[#893]#2108]#2110]#2112])>+2: {"op": "Push". "target": 1019. "args": {"num": []. "ptr": [0]}}')
debug_merge_point(0, 0, '1020<std_core_hnd.rpyeffect:719([k@[k@[mcore:[#893]#2108]#2110]#2112])>+3: {"op": "Copy". "type": "ptr". "from": 1. "to". 0}')
debug_merge_point(0, 0, '1020<std_core_hnd.rpyeffect:719([k@[k@[mcore:[#893]#2108]#2110]#2112])>+4: {"op": "Copy". "type": "ptr". "from": 2. "to". 1}')
debug_merge_point(0, 0, '1020<std_core_hnd.rpyeffect:719([k@[k@[mcore:[#893]#2108]#2110]#2112])>+5: {"op": "Jump". "target": 1018}')
debug_merge_point(0, 0, '1018<std_core_hnd.rpyeffect:717([mcore:[#892]#2103])>+0: {"op": "Const". "type": "ptr". "out": 1. "format": "string". "value": "Name(import$std/core/hnd)"}')
debug_merge_point(0, 0, '1018<std_core_hnd.rpyeffect:717([mcore:[#892]#2103])>+1: {"op": "PrimOp". "name": "getGlobal(String): Ptr". "out": {"num": []. "ptr": [1]}. "in": {"num": []. "ptr": [1]}}')
debug_merge_point(0, 0, '1018<std_core_hnd.rpyeffect:717([mcore:[#892]#2103])>+2: {"op": "CallLib". "lib": "1". "symbol": "setCurrentEvv"}')
debug_merge_point(0, 0, '302<std_core_hnd.rpyeffect:1(Name(setCurrentEvv))>+0: {"op": "Const". "type": "ptr". "out": 1. "format": "string". "value": "current-evv"}')
debug_merge_point(0, 0, '302<std_core_hnd.rpyeffect:1(Name(setCurrentEvv))>+1: {"op": "PrimOp". "name": "getGlobal(String): Ptr". "out": {"num": []. "ptr": [1]}. "in": {"num": []. "ptr": [1]}}')
debug_merge_point(0, 0, '302<std_core_hnd.rpyeffect:1(Name(setCurrentEvv))>+2: {"op": "PrimOp". "name": "setRef(Ref[Ptr]. Ptr): Unit". "out": {"num": []. "ptr": [0]}. "in": {"num": []. "ptr": [1. 0]}}')
debug_merge_point(0, 0, '302<std_core_hnd.rpyeffect:1(Name(setCurrentEvv))>+3: {"op": "Return". "args": {"num": []. "ptr": [0]}}')
debug_merge_point(0, 0, '1019<std_core_hnd.rpyeffect:718([k@[k@[k@[mcore:[#893]#2108]#2110]#2112]#2117])>+0: {"op": "Copy". "type": "ptr". "from": 1. "to". 0}')
debug_merge_point(0, 0, '1019<std_core_hnd.rpyeffect:718([k@[k@[k@[mcore:[#893]#2108]#2110]#2112]#2117])>+1: {"op": "Return". "args": {"num": []. "ptr": [0]}}')
+652: setfield_gc(ConstPtr(ptr62), p60, descr=<FieldP rpyeffect.region.PtrRef.inst_value 8>)
+656: guard_nonnull(p61, descr=<Guard0x1287542e0>) [p0, i3, i4, i5, i6, i7, i8, i9, i10, i11, i12, i13, i14, i15, i16, p18, p19, p20, p21, p22, p23, p24, p25, p26, p27, p28, p29, p30, p57, p61, i1, p44, p37, p36, p56, p54]
+664: i63 = getfield_gc_i(p61, descr=<FieldS rpyeffect.stored_environment.Stack__arb_arb.inst_target 16 pure>)
+668: guard_value(i63, 5075, descr=<Guard0x128765e20>) [p0, i3, i4, i5, i6, i7, i8, i9, i10, i11, i12, i13, i14, i15, i16, p18, p19, p20, p21, p22, p23, p24, p25, p26, p27, p28, p29, p30, p57, p61, i1, p44, p37, p36, p56, p54]
+680: p65 = getfield_gc_r(p61, descr=<FieldP rpyeffect.stored_environment.Stack__arb_arb.inst_tail 8 pure>)
debug_merge_point(0, 0, '5075<main.rpyeffect:78([k@[#279]#281])>+0: {"op": "PrimOp". "name": "unbox(Ptr): Num". "out": {"num": [0]. "ptr": []}. "in": {"num": []. "ptr": [0]}}')
debug_merge_point(0, 0, '5075<main.rpyeffect:78([k@[#279]#281])>+1: {"op": "Return". "args": {"num": [0]. "ptr": []}}')
+684: guard_nonnull(p65, descr=<Guard0x128765e60>) [p0, i3, i4, i5, i6, i7, i8, i9, i10, i11, i12, i13, i14, i15, i16, p18, p19, p20, p21, p22, p23, p24, p25, p26, p27, p28, p29, p30, p57, p61, i1, p44, p37, p36, p56, p54]
+692: i66 = getfield_gc_i(p65, descr=<FieldS rpyeffect.stored_environment.Stack__arb_arb.inst_target 16 pure>)
+696: guard_value(i66, 5090, descr=<Guard0x128765ea0>) [p0, i3, i4, i5, i6, i7, i8, i9, i10, i11, i12, i13, i14, i15, i16, p18, p19, p20, p21, p22, p23, p24, p25, p26, p27, p28, p29, p30, p57, p61, i1, p44, p37, p36, p56, p54]
+708: p68 = getfield_gc_r(p65, descr=<FieldP rpyeffect.stored_environment.Stack__arb_arb.inst_tail 8 pure>)
debug_merge_point(0, 0, '5090<main.rpyeffect:93([k@[#333]#336])>+0: {"op": "PrimOp". "name": "box(Num): Ptr". "out": {"num": []. "ptr": [0]}. "in": {"num": [0]. "ptr": []}}')
debug_merge_point(0, 0, '5090<main.rpyeffect:93([k@[#333]#336])>+1: {"op": "Return". "args": {"num": []. "ptr": [0]}}')
+712: guard_nonnull(p68, descr=<Guard0x128765ee0>) [p0, i3, i4, i5, i6, i7, i8, i9, i10, i11, i12, i13, i14, i15, i16, p18, p19, p20, p21, p22, p23, p24, p25, p26, p27, p28, p29, p30, p57, p61, i1, p44, p37, p36, p56, p54]
+720: i69 = getfield_gc_i(p68, descr=<FieldS rpyeffect.stored_environment.Stack__arb_arb.inst_target 16 pure>)
+724: guard_value(i69, 801, descr=<Guard0x128765f20>) [p0, i3, i4, i5, i6, i7, i8, i9, i10, i11, i12, i13, i14, i15, i16, p18, p19, p20, p21, p22, p23, p24, p25, p26, p27, p28, p29, p30, p57, p61, i1, p44, p37, p36, p56, p54]
+736: i71 = getfield_gc_i(p68, descr=<FieldS rpyeffect.stored_environment.Stack__1_1.inst_values_num_0 40 pure>)
+736: p72 = getfield_gc_r(p68, descr=<FieldP rpyeffect.stored_environment.Stack__1_1.inst_values_ptr_0 48 pure>)
+740: p73 = getfield_gc_r(p68, descr=<FieldP rpyeffect.stored_environment.Stack__arb_arb.inst_tail 8 pure>)
+744: guard_nonnull(p73, descr=<Guard0x128765f60>) [p0, i3, i4, i5, i6, i7, i8, i9, i10, i11, i12, i13, i14, i15, i16, p18, p19, p20, p21, p22, p23, p24, p25, p26, p27, p28, p29, p30, p57, p61, i1, p44, p37, p36, p56, p54]
+752: i74 = getfield_gc_i(p73, descr=<FieldS rpyeffect.stored_environment.Stack__arb_arb.inst_target 16 pure>)
+756: guard_value(i74, 5098, descr=<Guard0x128765fa0>) [p0, i3, i4, i5, i6, i7, i8, i9, i10, i11, i12, i13, i14, i15, i16, p18, p19, p20, p21, p22, p23, p24, p25, p26, p27, p28, p29, p30, p57, p61, i1, p44, p37, p36, p56, p54]
debug_merge_point(0, 0, '801<std_core_hnd.rpyeffect:500([k@[k@[mcore:[#725]#1309]#1314]#1316])>+0: {"op": "Const". "type": "ptr". "out": 2. "format": "string". "value": "Name(import$std/core/hnd)"}')
debug_merge_point(0, 0, '801<std_core_hnd.rpyeffect:500([k@[k@[mcore:[#725]#1309]#1314]#1316])>+1: {"op": "PrimOp". "name": "getGlobal(String): Ptr". "out": {"num": []. "ptr": [2]}. "in": {"num": []. "ptr": [2]}}')
debug_merge_point(0, 0, '801<std_core_hnd.rpyeffect:500([k@[k@[mcore:[#725]#1309]#1314]#1316])>+2: {"op": "Push". "target": 800. "args": {"num": [0]. "ptr": [0]}}')
debug_merge_point(0, 0, '801<std_core_hnd.rpyeffect:500([k@[k@[mcore:[#725]#1309]#1314]#1316])>+3: {"op": "Copy". "type": "ptr". "from": 1. "to". 0}')
debug_merge_point(0, 0, '801<std_core_hnd.rpyeffect:500([k@[k@[mcore:[#725]#1309]#1314]#1316])>+4: {"op": "Copy". "type": "ptr". "from": 2. "to". 1}')
debug_merge_point(0, 0, '801<std_core_hnd.rpyeffect:500([k@[k@[mcore:[#725]#1309]#1314]#1316])>+5: {"op": "Jump". "target": 785}')
debug_merge_point(0, 0, '785<std_core_hnd.rpyeffect:484([mcore:[#717]#1300])>+0: {"op": "Const". "type": "ptr". "out": 1. "format": "string". "value": "Name(import$std/core/hnd)"}')
debug_merge_point(0, 0, '785<std_core_hnd.rpyeffect:484([mcore:[#717]#1300])>+1: {"op": "PrimOp". "name": "getGlobal(String): Ptr". "out": {"num": []. "ptr": [1]}. "in": {"num": []. "ptr": [1]}}')
debug_merge_point(0, 0, '785<std_core_hnd.rpyeffect:484([mcore:[#717]#1300])>+2: {"op": "CallLib". "lib": "1". "symbol": "setCurrentEvv"}')
debug_merge_point(0, 0, '302<std_core_hnd.rpyeffect:1(Name(setCurrentEvv))>+0: {"op": "Const". "type": "ptr". "out": 1. "format": "string". "value": "current-evv"}')
debug_merge_point(0, 0, '302<std_core_hnd.rpyeffect:1(Name(setCurrentEvv))>+1: {"op": "PrimOp". "name": "getGlobal(String): Ptr". "out": {"num": []. "ptr": [1]}. "in": {"num": []. "ptr": [1]}}')
debug_merge_point(0, 0, '302<std_core_hnd.rpyeffect:1(Name(setCurrentEvv))>+2: {"op": "PrimOp". "name": "setRef(Ref[Ptr]. Ptr): Unit". "out": {"num": []. "ptr": [0]}. "in": {"num": []. "ptr": [1. 0]}}')
debug_merge_point(0, 0, '302<std_core_hnd.rpyeffect:1(Name(setCurrentEvv))>+3: {"op": "Return". "args": {"num": []. "ptr": [0]}}')
debug_merge_point(0, 0, '800<std_core_hnd.rpyeffect:499([k@[k@[k@[mcore:[#725]#1309]#1314]#1316]#1321])>+0: {"op": "Const". "type": "num". "out": 1. "value": 0}')
debug_merge_point(0, 0, '800<std_core_hnd.rpyeffect:499([k@[k@[k@[mcore:[#725]#1309]#1314]#1316]#1321])>+1: {"op": "Copy". "type": "ptr". "from": 1. "to". 0}')
debug_merge_point(0, 0, '800<std_core_hnd.rpyeffect:499([k@[k@[k@[mcore:[#725]#1309]#1314]#1316]#1321])>+2: {"op": "Switch". "scrutinee": 1. "values": [1]. "targets": [796]. "default": 799}')
debug_merge_point(0, 0, '799<std_core_hnd.rpyeffect:498([switch default case#1364])>+0: {"op": "Const". "type": "num". "out": 0. "value": 0}')
debug_merge_point(0, 0, '799<std_core_hnd.rpyeffect:498([switch default case#1364])>+1: {"op": "Switch". "scrutinee": 0. "values": [0]. "targets": [797]. "default": 798}')
debug_merge_point(0, 0, '797<std_core_hnd.rpyeffect:496([switch case for 0#1366])>+0: {"op": "Return". "args": {"num": []. "ptr": [0]}}')
+768: i76 = getfield_gc_i(p73, descr=<FieldS rpyeffect.stored_environment.Stack__1_0.inst_values_num_0 40 pure>)
+772: p77 = getfield_gc_r(p73, descr=<FieldP rpyeffect.stored_environment.Stack__arb_arb.inst_tail 8 pure>)
debug_merge_point(0, 0, '5098<main.rpyeffect:101([k@[switch case for 0#321]#345])>+0: {"op": "PrimOp". "name": "unbox(Ptr): Num". "out": {"num": [1]. "ptr": []}. "in": {"num": []. "ptr": [0]}}')
debug_merge_point(0, 0, '5098<main.rpyeffect:101([k@[switch case for 0#321]#345])>+1: {"op": "Swap". "type": "num". "a": 0. "b". 1}')
debug_merge_point(0, 0, '5098<main.rpyeffect:101([k@[switch case for 0#321]#345])>+2: {"op": "Switch". "scrutinee": 0. "values": [1]. "targets": [5093]. "default": 5097}')
+840: setfield_gc(ConstPtr(ptr78), p72, descr=<FieldP rpyeffect.region.PtrRef.inst_value 8>)
+844: guard_nonnull(p77, descr=<Guard0x128754338>) [p0, i76, i3, i4, i5, i6, i7, i8, i9, i10, i11, i12, i13, i14, i15, i16, p18, p19, p20, p21, p22, p23, p24, p25, p26, p27, p28, p29, p30, p57, p77, i1, p44, p37, p36, p56, p54]
+852: i79 = getfield_gc_i(p77, descr=<FieldS rpyeffect.stored_environment.Stack__arb_arb.inst_target 16 pure>)
+856: guard_value(i79, 5127, descr=<Guard0x1289440a0>) [p0, i76, i3, i4, i5, i6, i7, i8, i9, i10, i11, i12, i13, i14, i15, i16, p18, p19, p20, p21, p22, p23, p24, p25, p26, p27, p28, p29, p30, p57, p77, i1, p44, p37, p36, p56, p54]
debug_merge_point(0, 0, '5097<main.rpyeffect:100([switch default case#352])>+0: {"op": "Swap". "type": "num". "a": 0. "b". 1}')
debug_merge_point(0, 0, '5097<main.rpyeffect:100([switch default case#352])>+1: {"op": "Switch". "scrutinee": 1. "values": [0]. "targets": [5095]. "default": 5096}')
debug_merge_point(0, 0, '5095<main.rpyeffect:98([switch case for 0#353])>+0: {"op": "Const". "type": "num". "out": 1. "value": 1}')
debug_merge_point(0, 0, '5095<main.rpyeffect:98([switch case for 0#353])>+1: {"op": "PrimOp". "name": "infixSub(Int. Int): Int". "out": {"num": [0]. "ptr": []}. "in": {"num": [0. 1]. "ptr": []}}')
+868: i82 = int_sub(i76, 1)
debug_merge_point(0, 0, '5095<main.rpyeffect:98([switch case for 0#353])>+2: {"op": "Const". "type": "ptr". "out": 0. "format": "string". "value": "Name(import$std/core/hnd)"}')
debug_merge_point(0, 0, '5095<main.rpyeffect:98([switch case for 0#353])>+3: {"op": "PrimOp". "name": "getGlobal(String): Ptr". "out": {"num": []. "ptr": [0]}. "in": {"num": []. "ptr": [0]}}')
debug_merge_point(0, 0, '5095<main.rpyeffect:98([switch case for 0#353])>+4: {"op": "Jump". "target": 5102}')
debug_merge_point(0, 0, '5102<main.rpyeffect:105([mcore:[#227]#285])>+0: {"op": "Const". "type": "num". "out": 1. "value": 1}')
debug_merge_point(0, 0, '5102<main.rpyeffect:105([mcore:[#227]#285])>+1: {"op": "PrimOp". "name": "infixLt(Int. Int): Boolean". "out": {"num": [1]. "ptr": []}. "in": {"num": [0. 1]. "ptr": []}}')
+872: i84 = int_lt(i82, 1)
guard_false(i84, descr=<Guard0x1289440e0>) [p0, i76, i3, i4, i5, i6, i7, i8, i9, i10, i11, i12, i13, i14, i15, i16, p18, p19, p20, p21, p22, p23, p24, p25, p26, p27, p28, p29, p30, p57, p77, i1, p44, p37, p36, p56, p54]
debug_merge_point(0, 0, '5102<main.rpyeffect:105([mcore:[#227]#285])>+2: {"op": "Switch". "scrutinee": 1. "values": [1]. "targets": [5087]. "default": 5101}')
debug_merge_point(0, 0, '5101<main.rpyeffect:104([switch default case#317])>+0: {"op": "Const". "type": "num". "out": 1. "value": 1}')
debug_merge_point(0, 0, '5101<main.rpyeffect:104([switch default case#317])>+1: {"op": "PrimOp". "name": "infixLt(Int. Int): Boolean". "out": {"num": [1]. "ptr": []}. "in": {"num": [0. 1]. "ptr": []}}')
debug_merge_point(0, 0, '5101<main.rpyeffect:104([switch default case#317])>+2: {"op": "Switch". "scrutinee": 1. "values": [0]. "targets": [5099]. "default": 5100}')
debug_merge_point(0, 0, '5099<main.rpyeffect:102([switch case for 0#321])>+0: {"op": "Const". "type": "num". "out": 1. "value": 1}')
debug_merge_point(0, 0, '5099<main.rpyeffect:102([switch case for 0#321])>+1: {"op": "New". "out": 0. "targets": [5089. 5091]. "args": {"num": []. "ptr": []}}')
debug_merge_point(0, 0, '5099<main.rpyeffect:102([switch case for 0#321])>+2: {"op": "Const". "type": "ptr". "out": 1. "format": "string". "value": "Name(import$std/core/hnd)"}')
debug_merge_point(0, 0, '5099<main.rpyeffect:102([switch case for 0#321])>+3: {"op": "PrimOp". "name": "getGlobal(String): Ptr". "out": {"num": []. "ptr": [1]}. "in": {"num": []. "ptr": [1]}}')
debug_merge_point(0, 0, '5099<main.rpyeffect:102([switch case for 0#321])>+4: {"op": "Push". "target": 5098. "args": {"num": [0]. "ptr": []}}')
debug_merge_point(0, 0, '5099<main.rpyeffect:102([switch case for 0#321])>+5: {"op": "Copy". "type": "num". "from": 1. "to". 0}')
debug_merge_point(0, 0, '5099<main.rpyeffect:102([switch case for 0#321])>+6: {"op": "Jump". "target": 5067}')
debug_merge_point(0, 0, '5067<main.rpyeffect:70([mcore:[#210]#231])>+0: {"op": "Const". "type": "ptr". "out": 1. "format": "string". "value": "Name(import$std/core/hnd)"}')
debug_merge_point(0, 0, '5067<main.rpyeffect:70([mcore:[#210]#231])>+1: {"op": "PrimOp". "name": "getGlobal(String): Ptr". "out": {"num": []. "ptr": [1]}. "in": {"num": []. "ptr": [1]}}')
debug_merge_point(0, 0, '5067<main.rpyeffect:70([mcore:[#210]#231])>+2: {"op": "CallLib". "lib": "1". "symbol": "std/core/hnd/@open-at0"}')
debug_merge_point(0, 0, '803<std_core_hnd.rpyeffect:502([mcore:[#725]#1309])>+0: {"op": "Const". "type": "ptr". "out": 1. "format": "string". "value": "Name(import$std/core/hnd)"}')
debug_merge_point(0, 0, '803<std_core_hnd.rpyeffect:502([mcore:[#725]#1309])>+1: {"op": "PrimOp". "name": "getGlobal(String): Ptr". "out": {"num": []. "ptr": [1]}. "in": {"num": []. "ptr": [1]}}')
debug_merge_point(0, 0, '803<std_core_hnd.rpyeffect:502([mcore:[#725]#1309])>+2: {"op": "Push". "target": 802. "args": {"num": [0]. "ptr": [0]}}')
debug_merge_point(0, 0, '803<std_core_hnd.rpyeffect:502([mcore:[#725]#1309])>+3: {"op": "Copy". "type": "ptr". "from": 1. "to". 0}')
debug_merge_point(0, 0, '803<std_core_hnd.rpyeffect:502([mcore:[#725]#1309])>+4: {"op": "Jump". "target": 784}')
debug_merge_point(0, 0, '784<std_core_hnd.rpyeffect:483([mcore:[#715]#1295])>+0: {"op": "Const". "type": "ptr". "out": 0. "format": "string". "value": "Name(import$std/core/hnd)"}')
+880: p85 = new_with_vtable(descr=<SizeDescr 56>)
+984: p86 = new_with_vtable(descr=<SizeDescr 48>)
+996: setfield_gc(p86, p77, descr=<FieldP rpyeffect.stored_environment.Stack__arb_arb.inst_tail 8 pure>)
+1000: setfield_gc(p86, 5098, descr=<FieldS rpyeffect.stored_environment.Stack__arb_arb.inst_target 16 pure>)
+1008: setfield_gc(p86, i82, descr=<FieldS rpyeffect.stored_environment.Stack__1_0.inst_values_num_0 40 pure>)
+1012: p88 = new_with_vtable(descr=<SizeDescr 32>)
+1028: setfield_gc(p88, ConstPtr(ptr89), descr=<FieldP rpyeffect.stored_environment.CoData__arb_arb.inst_vtable 24 pure>)
+1032: p90 = new_with_vtable(descr=<SizeDescr 40>)
+1044: p91 = new_with_vtable(descr=<SizeDescr 40>)
+1056: p92 = new_with_vtable(descr=<SizeDescr 40>)
+1068: p93 = new_with_vtable(descr=<SizeDescr 48>)
+1080: setfield_gc(p93, p44, descr=<FieldP rpyeffect.stored_environment.Stack__arb_arb.inst_tail 8 pure>)
+1084: setfield_gc(p93, 5134, descr=<FieldS rpyeffect.stored_environment.Stack__arb_arb.inst_target 16 pure>)
+1092: setfield_gc(p93, i1, descr=<FieldS rpyeffect.stored_environment.Stack__1_0.inst_values_num_0 40 pure>)
+1100: setfield_gc(p92, p93, descr=<FieldP rpyeffect.stored_environment.Stack__arb_arb.inst_tail 8 pure>)
+1104: setfield_gc(p92, 505, descr=<FieldS rpyeffect.stored_environment.Stack__arb_arb.inst_target 16 pure>)
+1112: setfield_gc(p91, p92, descr=<FieldP rpyeffect.stack.MetaStackLike.inst_stack 8 pure>)
+1116: setfield_gc(p91, p36, descr=<FieldP rpyeffect.stack.MetaStack.inst_label 16 pure>)
+1120: setfield_gc(p91, ConstPtr(null), descr=<FieldP rpyeffect.stack.MetaStack.inst_region 24 pure>)
+1128: setfield_gc(p91, p37, descr=<FieldP rpyeffect.stack.MetaStack.inst_tail 32 pure>)
+1132: setfield_gc(p90, p54, descr=<FieldP rpyeffect.stack.MetaStackLike.inst_stack 8 pure>)
+1136: setfield_gc(p90, p56, descr=<FieldP rpyeffect.stack.MetaStack.inst_label 16 pure>)
+1140: setfield_gc(p90, p91, descr=<FieldP rpyeffect.stack.MetaStack.inst_tail 32 pure>)
+1144: setfield_gc(p85, 802, descr=<FieldS rpyeffect.stored_environment.Stack__arb_arb.inst_target 16 pure>)
+1152: setfield_gc(p85, p86, descr=<FieldP rpyeffect.stored_environment.Stack__arb_arb.inst_tail 8 pure>)
+1156: setfield_gc(p90, ConstPtr(null), descr=<FieldP rpyeffect.stack.MetaStack.inst_region 24 pure>)
+1164: setfield_gc(p85, 1, descr=<FieldS rpyeffect.stored_environment.Stack__1_1.inst_values_num_0 40 pure>)
+1172: setfield_gc(p85, p88, descr=<FieldP rpyeffect.stored_environment.Stack__1_1.inst_values_ptr_0 48 pure>)
+1260: jump(p57, p85, p0, p90, 1, 1, i3, i4, i5, i6, i7, i8, i9, i10, i11, i12, i13, i14, i15, i16, ConstPtr(ptr100), ConstPtr(ptr100), ConstPtr(ptr101), p18, p19, p20, p21, p22, p23, p24, p25, p26, p27, p28, p29, p30, descr=TargetToken(4971073632))
+1624: --end of the loop--
[100fd1fa] jit-log-opt-bridge}
[18e893f8] {jit-log-opt-bridge
# bridge out of Guard 0x1285edf60 with 318 ops
[p0, i1, i2, i3, i4, i5, i6, i7, i8, i9, i10, i11, i12, i13, i14, i15, i16, p17, p18, p19, p20, p21, p22, p23, p24, p25, p26, p27, p28, p29, p30, p31, p32, p33, p34, p35]
+360: guard_not_invalidated(descr=<Guard0x128749d00>) [p0, i1, i2, i3, i4, i5, i6, i7, i8, i9, i10, i11, i12, i13, i14, i15, i16, p17, p18, p19, p20, p21, p22, p23, p24, p25, p26, p27, p28, p29, p30, p31, p32, p33, p34, p35]
debug_merge_point(0, 0, '331<std_core_hnd.rpyeffect:30(Name(elt))>+0: {"op": "Switch". "scrutinee": 0. "values": [0]. "targets": [329]. "default": 330}')
+364: i37 = int_eq(i1, 0)
guard_false(i37, descr=<Guard0x1289453a0>) [p0, i1, i2, i3, i4, i5, i6, i7, i8, i9, i10, i11, i12, i13, i14, i15, i16, p17, p18, p19, p20, p21, p22, p23, p24, p25, p26, p27, p28, p29, p30, p31, p32, p33, p34, p35]
+372: guard_nonnull(p34, descr=<Guard0x1289453e0>) [p0, i1, i2, i3, i4, i5, i6, i7, i8, i9, i10, i11, i12, i13, i14, i15, i16, p17, p18, p19, p20, p21, p22, p23, p24, p25, p26, p27, p28, p29, p30, p31, p32, p33, p34, p35]
+384: i38 = getfield_gc_i(p34, descr=<FieldS rpyeffect.stored_environment.Stack__arb_arb.inst_target 16 pure>)
+400: guard_value(i38, 305, descr=<Guard0x128945420>) [p0, i1, i2, i3, i4, i5, i6, i7, i8, i9, i10, i11, i12, i13, i14, i15, i16, p17, p18, p19, p20, p21, p22, p23, p24, p25, p26, p27, p28, p29, p30, p31, p32, p33, p34, p35]
debug_merge_point(0, 0, '330<std_core_hnd.rpyeffect:29([switch default case#88])>+0: {"op": "Proj". "out": 0. "type": Interned(evv). "scrutinee": 0. "tag": Interned(cons). "field": 1. "field_type": "ptr"}')
+412: p40 = getfield_gc_r(p17, descr=<FieldP rpyeffect.stored_environment.Data__arb_arb.inst_tag 8>)
+424: guard_value(p40, ConstPtr(ptr41), descr=<Guard0x128945460>) [p0, i1, i2, i3, i4, i5, i6, i7, i8, i9, i10, i11, i12, i13, i14, i15, i16, p17, p18, p19, p20, p21, p22, p23, p24, p25, p26, p27, p28, p29, p30, p31, p32, p33, p34, p35]
+432: guard_class(p17, ConstClass(Data__0_2), descr=<Guard0x1289454a0>) [p0, i1, i2, i3, i4, i5, i6, i7, i8, i9, i10, i11, i12, i13, i14, i15, i16, p17, p18, p19, p20, p21, p22, p23, p24, p25, p26, p27, p28, p29, p30, p31, p32, p33, p34, p35]
+448: p43 = getfield_gc_r(p17, descr=<FieldP rpyeffect.stored_environment.Data__0_2.inst_values_ptr_1 40 pure>)
debug_merge_point(0, 0, '330<std_core_hnd.rpyeffect:29([switch default case#88])>+1: {"op": "Const". "type": "num". "out": 1. "value": 1}')
debug_merge_point(0, 0, '330<std_core_hnd.rpyeffect:29([switch default case#88])>+2: {"op": "PrimOp". "name": "infixSub(Int. Int): Int". "out": {"num": [0]. "ptr": []}. "in": {"num": [0. 1]. "ptr": []}}')
+452: i45 = int_sub(i1, 1)
debug_merge_point(0, 0, '330<std_core_hnd.rpyeffect:29([switch default case#88])>+3: {"op": "Jump". "target": 331}')
debug_merge_point(0, 0, '331<std_core_hnd.rpyeffect:30(Name(elt))>+0: {"op": "Switch". "scrutinee": 0. "values": [0]. "targets": [329]. "default": 330}')
+460: i47 = int_eq(i45, 0)
guard_true(i47, descr=<Guard0x1289454e0>) [p0, i1, i2, i3, i4, i5, i6, i7, i8, i9, i10, i11, i12, i13, i14, i15, i16, p17, p18, p19, p20, p21, p22, p23, p24, p25, p26, p27, p28, p29, p30, p31, p32, p33, p34, p35]
debug_merge_point(0, 0, '329<std_core_hnd.rpyeffect:28([switch case for 0#86])>+0: {"op": "Proj". "out": 0. "type": Interned(evv). "scrutinee": 0. "tag": Interned(cons). "field": 0. "field_type": "ptr"}')
+468: p48 = getfield_gc_r(p43, descr=<FieldP rpyeffect.stored_environment.Data__arb_arb.inst_tag 8>)
+472: guard_value(p48, ConstPtr(ptr49), descr=<Guard0x128945520>) [p0, i1, i2, i3, i4, i5, i6, i7, i8, i9, i10, i11, i12, i13, i14, i15, i16, p17, p18, p19, p20, p21, p22, p23, p24, p25, p26, p27, p28, p29, p30, p31, p32, p33, p34, p35]
+480: guard_class(p43, ConstClass(Data__0_2), descr=<Guard0x128945560>) [p0, i1, i2, i3, i4, i5, i6, i7, i8, i9, i10, i11, i12, i13, i14, i15, i16, p17, p18, p19, p20, p21, p22, p23, p24, p25, p26, p27, p28, p29, p30, p31, p32, p33, p34, p35]
+496: p51 = getfield_gc_r(p43, descr=<FieldP rpyeffect.stored_environment.Data__0_2.inst_values_ptr_0 32 pure>)
debug_merge_point(0, 0, '329<std_core_hnd.rpyeffect:28([switch case for 0#86])>+1: {"op": "Return". "args": {"num": []. "ptr": [0]}}')
+500: p52 = getfield_gc_r(p34, descr=<FieldP rpyeffect.stored_environment.Stack__0_2.inst_values_ptr_0 40 pure>)
+504: p53 = getfield_gc_r(p34, descr=<FieldP rpyeffect.stored_environment.Stack__0_2.inst_values_ptr_1 48 pure>)
+512: p54 = getfield_gc_r(p34, descr=<FieldP rpyeffect.stored_environment.Stack__arb_arb.inst_tail 8 pure>)
+520: guard_nonnull(p54, descr=<Guard0x1289455a0>) [p0, i1, i2, i3, i4, i5, i6, i7, i8, i9, i10, i11, i12, i13, i14, i15, i16, p17, p18, p19, p20, p21, p22, p23, p24, p25, p26, p27, p28, p29, p30, p31, p32, p33, p34, p35]
+528: i55 = getfield_gc_i(p54, descr=<FieldS rpyeffect.stored_environment.Stack__arb_arb.inst_target 16 pure>)
+536: guard_value(i55, 802, descr=<Guard0x1289455e0>) [p0, i1, i2, i3, i4, i5, i6, i7, i8, i9, i10, i11, i12, i13, i14, i15, i16, p17, p18, p19, p20, p21, p22, p23, p24, p25, p26, p27, p28, p29, p30, p31, p32, p33, p34, p35]
debug_merge_point(0, 0, '305<std_core_hnd.rpyeffect:4([k@[k@Name(evvSwapCreate1)#21]#23])>+0: {"op": "Construct". "out": 0. "type": Interned(evv). "tag": Interned(cons). "args": {"num": []. "ptr": [0. 2]}}')
debug_merge_point(0, 0, '305<std_core_hnd.rpyeffect:4([k@[k@Name(evvSwapCreate1)#21]#23])>+1: {"op": "Push". "target": 304. "args": {"num": []. "ptr": [1]}}')
debug_merge_point(0, 0, '305<std_core_hnd.rpyeffect:4([k@[k@Name(evvSwapCreate1)#21]#23])>+2: {"op": "Jump". "target": 302}')
debug_merge_point(0, 0, '302<std_core_hnd.rpyeffect:1(Name(setCurrentEvv))>+0: {"op": "Const". "type": "ptr". "out": 1. "format": "string". "value": "current-evv"}')
debug_merge_point(0, 0, '302<std_core_hnd.rpyeffect:1(Name(setCurrentEvv))>+1: {"op": "PrimOp". "name": "getGlobal(String): Ptr". "out": {"num": []. "ptr": [1]}. "in": {"num": []. "ptr": [1]}}')
debug_merge_point(0, 0, '302<std_core_hnd.rpyeffect:1(Name(setCurrentEvv))>+2: {"op": "PrimOp". "name": "setRef(Ref[Ptr]. Ptr): Unit". "out": {"num": []. "ptr": [0]}. "in": {"num": []. "ptr": [1. 0]}}')
debug_merge_point(0, 0, '302<std_core_hnd.rpyeffect:1(Name(setCurrentEvv))>+3: {"op": "Return". "args": {"num": []. "ptr": [0]}}')
debug_merge_point(0, 0, '304<std_core_hnd.rpyeffect:3([k@[k@[k@Name(evvSwapCreate1)#21]#23]#26])>+0: {"op": "Copy". "type": "ptr". "from": 1. "to". 0}')
debug_merge_point(0, 0, '304<std_core_hnd.rpyeffect:3([k@[k@[k@Name(evvSwapCreate1)#21]#23]#26])>+1: {"op": "Return". "args": {"num": []. "ptr": [0]}}')
+548: i57 = getfield_gc_i(p54, descr=<FieldS rpyeffect.stored_environment.Stack__1_1.inst_values_num_0 40 pure>)
+552: p58 = getfield_gc_r(p54, descr=<FieldP rpyeffect.stored_environment.Stack__1_1.inst_values_ptr_0 48 pure>)
+560: p59 = getfield_gc_r(p54, descr=<FieldP rpyeffect.stored_environment.Stack__arb_arb.inst_tail 8 pure>)
debug_merge_point(0, 0, '802<std_core_hnd.rpyeffect:501([k@[mcore:[#725]#1309]#1314])>+0: {"op": "Push". "target": 801. "args": {"num": [0]. "ptr": [0]}}')
debug_merge_point(0, 0, '802<std_core_hnd.rpyeffect:501([k@[mcore:[#725]#1309]#1314])>+1: {"op": "Invoke". "receiver": 1. "tag": Interned(%apply():p). "args" : {"num": []. "ptr": []}}')
+564: p60 = getfield_gc_r(p58, descr=<FieldP rpyeffect.stored_environment.CoData__arb_arb.inst_vtable 24 pure>)
+576: guard_value(p60, ConstPtr(ptr61), descr=<Guard0x128945620>) [p0, i1, i2, i3, i4, i5, i6, i7, i8, i9, i10, i11, i12, i13, i14, i15, i16, p17, p18, p19, p20, p21, p22, p23, p24, p25, p26, p27, p28, p29, p30, p31, p32, p33, p34, p35]
debug_merge_point(0, 0, '5091<main.rpyeffect:94([#333])>+0: {"op": "Const". "type": "ptr". "out": 0. "format": "string". "value": "Name(import$std/core/hnd)"}')
debug_merge_point(0, 0, '5091<main.rpyeffect:94([#333])>+1: {"op": "PrimOp". "name": "getGlobal(String): Ptr". "out": {"num": []. "ptr": [0]}. "in": {"num": []. "ptr": [0]}}')
debug_merge_point(0, 0, '5091<main.rpyeffect:94([#333])>+2: {"op": "Push". "target": 5090. "args": {"num": []. "ptr": []}}')
debug_merge_point(0, 0, '5091<main.rpyeffect:94([#333])>+3: {"op": "Jump". "target": 5081}')
debug_merge_point(0, 0, '5081<main.rpyeffect:84([mcore:[#222]#247])>+0: {"op": "Const". "type": "num". "out": 0. "value": 0}')
debug_merge_point(0, 0, '5081<main.rpyeffect:84([mcore:[#222]#247])>+1: {"op": "Const". "type": "ptr". "out": 0. "format": "string". "value": "Name(import$std/core/hnd)"}')
debug_merge_point(0, 0, '5081<main.rpyeffect:84([mcore:[#222]#247])>+2: {"op": "PrimOp". "name": "getGlobal(String): Ptr". "out": {"num": []. "ptr": [0]}. "in": {"num": []. "ptr": [0]}}')
debug_merge_point(0, 0, '5081<main.rpyeffect:84([mcore:[#222]#247])>+3: {"op": "Push". "target": 5080. "args": {"num": [0]. "ptr": []}}')
debug_merge_point(0, 0, '5081<main.rpyeffect:84([mcore:[#222]#247])>+4: {"op": "Jump". "target": 5069}')
debug_merge_point(0, 0, '5069<main.rpyeffect:72([mcore:[#214]#243])>+0: {"op": "Const". "type": "ptr". "out": 0. "format": "string". "value": "Name(import$std/core/hnd)"}')
debug_merge_point(0, 0, '5069<main.rpyeffect:72([mcore:[#214]#243])>+1: {"op": "PrimOp". "name": "getGlobal(String): Ptr". "out": {"num": []. "ptr": [0]}. "in": {"num": []. "ptr": [0]}}')
debug_merge_point(0, 0, '5069<main.rpyeffect:72([mcore:[#214]#243])>+2: {"op": "CallLib". "lib": "0". "symbol": "getCurrentEvv"}')
debug_merge_point(0, 0, '301<std_core_hnd.rpyeffect:0(Name(getCurrentEvv))>+0: {"op": "Const". "type": "ptr". "out": 0. "format": "string". "value": "current-evv"}')
debug_merge_point(0, 0, '301<std_core_hnd.rpyeffect:0(Name(getCurrentEvv))>+1: {"op": "PrimOp". "name": "getGlobal(String): Ptr". "out": {"num": []. "ptr": [0]}. "in": {"num": []. "ptr": [0]}}')
debug_merge_point(0, 0, '301<std_core_hnd.rpyeffect:0(Name(getCurrentEvv))>+2: {"op": "PrimOp". "name": "getRef(Ref[Ptr]): Ptr". "out": {"num": []. "ptr": [0]}. "in": {"num": []. "ptr": [0]}}')
debug_merge_point(0, 0, '301<std_core_hnd.rpyeffect:0(Name(getCurrentEvv))>+3: {"op": "Return". "args": {"num": []. "ptr": [0]}}')
debug_merge_point(0, 0, '5080<main.rpyeffect:83([k@[mcore:[#222]#247]#253])>+0: {"op": "PrimOp". "name": "promote_ptr". "out": {"num": []. "ptr": [0]}. "in": {"num": []. "ptr": [0]}}')
debug_merge_point(0, 0, '5080<main.rpyeffect:83([k@[mcore:[#222]#247]#253])>+1: {"op": "Const". "type": "ptr". "out": 1. "format": "string". "value": "Name(import$std/core/hnd)"}')
debug_merge_point(0, 0, '5080<main.rpyeffect:83([k@[mcore:[#222]#247]#253])>+2: {"op": "PrimOp". "name": "getGlobal(String): Ptr". "out": {"num": []. "ptr": [1]}. "in": {"num": []. "ptr": [1]}}')
debug_merge_point(0, 0, '5080<main.rpyeffect:83([k@[mcore:[#222]#247]#253])>+3: {"op": "Push". "target": 5079. "args": {"num": []. "ptr": []}}')
debug_merge_point(0, 0, '5080<main.rpyeffect:83([k@[mcore:[#222]#247]#253])>+4: {"op": "Jump". "target": 5068}')
debug_merge_point(0, 0, '5068<main.rpyeffect:71([mcore:[#213]#237])>+0: {"op": "Const". "type": "ptr". "out": 1. "format": "string". "value": "Name(import$std/core/hnd)"}')
debug_merge_point(0, 0, '5068<main.rpyeffect:71([mcore:[#213]#237])>+1: {"op": "PrimOp". "name": "getGlobal(String): Ptr". "out": {"num": []. "ptr": [1]}. "in": {"num": []. "ptr": [1]}}')
debug_merge_point(0, 0, '5068<main.rpyeffect:71([mcore:[#213]#237])>+2: {"op": "CallLib". "lib": "1". "symbol": "elt"}')
debug_merge_point(0, 0, '331<std_core_hnd.rpyeffect:30(Name(elt))>+0: {"op": "Switch". "scrutinee": 0. "values": [0]. "targets": [329]. "default": 330}')
debug_merge_point(0, 0, '329<std_core_hnd.rpyeffect:28([switch case for 0#86])>+0: {"op": "Proj". "out": 0. "type": Interned(evv). "scrutinee": 0. "tag": Interned(cons). "field": 0. "field_type": "ptr"}')
debug_merge_point(0, 0, '329<std_core_hnd.rpyeffect:28([switch case for 0#86])>+1: {"op": "Return". "args": {"num": []. "ptr": [0]}}')
debug_merge_point(0, 0, '5079<main.rpyeffect:82([k@[k@[mcore:[#222]#247]#253]#261])>+0: {"op": "Match". "type": Interned(std/core/hnd/ev). "scrutinee": 0. "clauses": [{"tag": Interned(std/core/hnd/Ev). "target": 5078. "args": {"num": []. "ptr": [1. 2. 3. 4]}}]. "default": {"tag": Interned(0ebd4aad-cbef-458e-b7ce-546cf0866444#[Missing Tag#1212]). "target": 5070. "args": {"num": []. "ptr": []}}}')
+584: p62 = getfield_gc_r(p51, descr=<FieldP rpyeffect.stored_environment.Data__arb_arb.inst_tag 8>)
+596: guard_value(p62, ConstPtr(ptr63), descr=<Guard0x128945660>) [p0, i1, i2, i3, i4, i5, i6, i7, i8, i9, i10, i11, i12, i13, i14, i15, i16, p17, p18, p19, p20, p21, p22, p23, p24, p25, p26, p27, p28, p29, p30, p31, p32, p33, p34, p35]
+604: p64 = getfield_gc_r(p51, descr=<FieldP rpyeffect.stored_environment.Data__arb_arb.inst_values_ptr 24 pure>)
+608: p66 = getarrayitem_gc_pure_r(p64, 0, descr=<ArrayP 8>)
+608: p68 = getarrayitem_gc_pure_r(p64, 1, descr=<ArrayP 8>)
+612: p70 = getarrayitem_gc_pure_r(p64, 2, descr=<ArrayP 8>)
+620: p72 = getarrayitem_gc_pure_r(p64, 3, descr=<ArrayP 8>)
debug_merge_point(0, 0, '5078<main.rpyeffect:81([#265])>+0: {"op": "Copy". "type": "ptr". "from": 0. "to". 1}')
debug_merge_point(0, 0, '5078<main.rpyeffect:81([#265])>+1: {"op": "Copy". "type": "ptr". "from": 2. "to". 0}')
debug_merge_point(0, 0, '5078<main.rpyeffect:81([#265])>+2: {"op": "Match". "type": Interned(main/flip). "scrutinee": 3. "clauses": [{"tag": Interned(main/@Hnd-flip). "target": 5077. "args": {"num": [0]. "ptr": [2]}}]. "default": {"tag": Interned(0ebd4aad-cbef-458e-b7ce-546cf0866444#[Missing Tag#1211]). "target": 5072. "args": {"num": []. "ptr": []}}}')
+624: p73 = getfield_gc_r(p70, descr=<FieldP rpyeffect.stored_environment.Data__arb_arb.inst_tag 8>)
+640: guard_value(p73, ConstPtr(ptr74), descr=<Guard0x128945960>) [p0, i1, i2, i3, i4, i5, i6, i7, i8, i9, i10, i11, i12, i13, i14, i15, i16, p17, p18, p19, p20, p21, p22, p23, p24, p25, p26, p27, p28, p29, p30, p31, p32, p33, p34, p35]
+648: i75 = getfield_gc_i(p70, descr=<FieldS rpyeffect.stored_environment.Data__1_1.inst_values_num_0 32 pure>)
+648: p76 = getfield_gc_r(p70, descr=<FieldP rpyeffect.stored_environment.Data__1_1.inst_values_ptr_0 40 pure>)
debug_merge_point(0, 0, '5077<main.rpyeffect:80([match_main/@Hnd-flip@[#265]#272])>+0: {"op": "Match". "type": Interned(std/core/hnd/clause0). "scrutinee": 2. "clauses": [{"tag": Interned(std/core/hnd/Clause0). "target": 5076. "args": {"num": []. "ptr": [2]}}]. "default": {"tag": Interned(0ebd4aad-cbef-458e-b7ce-546cf0866444#[Missing Tag#1210]). "target": 5074. "args": {"num": []. "ptr": []}}}')
+652: p77 = getfield_gc_r(p76, descr=<FieldP rpyeffect.stored_environment.Data__arb_arb.inst_tag 8>)
+660: guard_value(p77, ConstPtr(ptr78), descr=<Guard0x128945920>) [p0, i1, i2, i3, i4, i5, i6, i7, i8, i9, i10, i11, i12, i13, i14, i15, i16, p17, p18, p19, p20, p21, p22, p23, p24, p25, p26, p27, p28, p29, p30, p31, p32, p33, p34, p35]
+668: p79 = getfield_gc_r(p76, descr=<FieldP rpyeffect.stored_environment.Data__0_1.inst_values_ptr_0 32 pure>)
debug_merge_point(0, 0, '5076<main.rpyeffect:79([#279])>+0: {"op": "Push". "target": 5075. "args": {"num": []. "ptr": []}}')
debug_merge_point(0, 0, '5076<main.rpyeffect:79([#279])>+1: {"op": "Invoke". "receiver": 2. "tag": Interned(%apply(pp):p). "args" : {"num": []. "ptr": [0. 1]}}')
+672: p80 = getfield_gc_r(p79, descr=<FieldP rpyeffect.stored_environment.CoData__arb_arb.inst_vtable 24 pure>)
+680: guard_value(p80, ConstPtr(ptr81), descr=<Guard0x1289458e0>) [p0, i1, i2, i3, i4, i5, i6, i7, i8, i9, i10, i11, i12, i13, i14, i15, i16, p17, p18, p19, p20, p21, p22, p23, p24, p25, p26, p27, p28, p29, p30, p31, p32, p33, p34, p35]
debug_merge_point(0, 0, '5193<main.rpyeffect:196([method_%apply(pp):p@[mcore:[#327]#765]#772])>+0: {"op": "Const". "type": "ptr". "out": 2. "format": "string". "value": "Name(import$std/core/hnd)"}')
debug_merge_point(0, 0, '5193<main.rpyeffect:196([method_%apply(pp):p@[mcore:[#327]#765]#772])>+1: {"op": "PrimOp". "name": "getGlobal(String): Ptr". "out": {"num": []. "ptr": [2]}. "in": {"num": []. "ptr": [2]}}')
debug_merge_point(0, 0, '5193<main.rpyeffect:196([method_%apply(pp):p@[mcore:[#327]#765]#772])>+2: {"op": "Jump". "target": 5146}')
debug_merge_point(0, 0, '5146<main.rpyeffect:149([mcore:[#279]#533])>+0: {"op": "New". "out": 1. "targets": [5143. 5145]. "args": {"num": []. "ptr": []}}')
debug_merge_point(0, 0, '5146<main.rpyeffect:149([mcore:[#279]#533])>+1: {"op": "Const". "type": "ptr". "out": 2. "format": "string". "value": "Name(import$std/core/hnd)"}')
debug_merge_point(0, 0, '5146<main.rpyeffect:149([mcore:[#279]#533])>+2: {"op": "PrimOp". "name": "getGlobal(String): Ptr". "out": {"num": []. "ptr": [2]}. "in": {"num": []. "ptr": [2]}}')
debug_merge_point(0, 0, '5146<main.rpyeffect:149([mcore:[#279]#533])>+3: {"op": "Jump". "target": 5132}')
debug_merge_point(0, 0, '5132<main.rpyeffect:135([mcore:[#262]#487])>+0: {"op": "Const". "type": "ptr". "out": 2. "format": "string". "value": "Name(import$std/core/hnd)"}')
debug_merge_point(0, 0, '5132<main.rpyeffect:135([mcore:[#262]#487])>+1: {"op": "PrimOp". "name": "getGlobal(String): Ptr". "out": {"num": []. "ptr": [2]}. "in": {"num": []. "ptr": [2]}}')
debug_merge_point(0, 0, '5132<main.rpyeffect:135([mcore:[#262]#487])>+2: {"op": "CallLib". "lib": "2". "symbol": "std/core/hnd/yield-to"}')
debug_merge_point(0, 0, '1022<std_core_hnd.rpyeffect:721([mcore:[#893]#2108])>+0: {"op": "Push". "target": 1021. "args": {"num": []. "ptr": [1. 0]}}')
debug_merge_point(0, 0, '1022<std_core_hnd.rpyeffect:721([mcore:[#893]#2108])>+1: {"op": "Jump". "target": 509}')
debug_merge_point(0, 0, '509<std_core_hnd.rpyeffect:208([mcore:[#471]#472])>+0: {"op": "Jump". "target": 301}')
debug_merge_point(0, 0, '301<std_core_hnd.rpyeffect:0(Name(getCurrentEvv))>+0: {"op": "Const". "type": "ptr". "out": 0. "format": "string". "value": "current-evv"}')
debug_merge_point(0, 0, '301<std_core_hnd.rpyeffect:0(Name(getCurrentEvv))>+1: {"op": "PrimOp". "name": "getGlobal(String): Ptr". "out": {"num": []. "ptr": [0]}. "in": {"num": []. "ptr": [0]}}')
debug_merge_point(0, 0, '301<std_core_hnd.rpyeffect:0(Name(getCurrentEvv))>+2: {"op": "PrimOp". "name": "getRef(Ref[Ptr]): Ptr". "out": {"num": []. "ptr": [0]}. "in": {"num": []. "ptr": [0]}}')
debug_merge_point(0, 0, '301<std_core_hnd.rpyeffect:0(Name(getCurrentEvv))>+3: {"op": "Return". "args": {"num": []. "ptr": [0]}}')
debug_merge_point(0, 0, '1021<std_core_hnd.rpyeffect:720([k@[mcore:[#893]#2108]#2110])>+0: {"op": "Push". "target": 1020. "args": {"num": []. "ptr": [0]}}')
debug_merge_point(0, 0, '1021<std_core_hnd.rpyeffect:720([k@[mcore:[#893]#2108]#2110])>+1: {"op": "Copy". "type": "ptr". "from": 2. "to". 0}')
debug_merge_point(0, 0, '1021<std_core_hnd.rpyeffect:720([k@[mcore:[#893]#2108]#2110])>+2: {"op": "Jump". "target": 507}')
debug_merge_point(0, 0, '507<std_core_hnd.rpyeffect:206([mcore:[#470]#437])>+0: {"op": "Const". "type": "num". "out": 0. "value": 0}')
debug_merge_point(0, 0, '507<std_core_hnd.rpyeffect:206([mcore:[#470]#437])>+1: {"op": "ShiftDyn". "out": 0. "n": 0. "label": 0}')
+688: i82 = instance_ptr_eq(p33, p68)
guard_false(i82, descr=<Guard0x1289458a0>) [p0, i1, i2, i3, i4, i5, i6, i7, i8, i9, i10, i11, i12, i13, i14, i15, i16, p17, p18, p19, p20, p21, p22, p23, p24, p25, p26, p27, p28, p29, p30, p31, p32, p33, p34, p35]
+700: p83 = getfield_gc_r(p35, descr=<FieldP rpyeffect.stack.MetaStack.inst_region 24 pure>)
+708: guard_isnull(p83, descr=<Guard0x128945860>) [p0, i1, i2, i3, i4, i5, i6, i7, i8, i9, i10, i11, i12, i13, i14, i15, i16, p17, p18, p19, p20, p21, p22, p23, p24, p25, p26, p27, p28, p29, p30, p31, p32, p33, p34, p35]
+716: p84 = getfield_gc_r(p35, descr=<FieldP rpyeffect.stack.MetaStack.inst_label 16 pure>)
+720: i85 = instance_ptr_eq(p84, p68)
guard_true(i85, descr=<Guard0x128945820>) [p0, i1, i2, i3, i4, i5, i6, i7, i8, i9, i10, i11, i12, i13, i14, i15, i16, p17, p18, p19, p20, p21, p22, p23, p24, p25, p26, p27, p28, p29, p30, p31, p32, p33, p34, p35]
+728: p86 = getfield_gc_r(p35, descr=<FieldP rpyeffect.stack.MetaStackLike.inst_stack 8 pure>)
+732: p87 = getfield_gc_r(p35, descr=<FieldP rpyeffect.stack.MetaStack.inst_tail 32 pure>)
+740: guard_nonnull_class(p87, 4348275712, descr=<Guard0x128749f68>) [p0, i1, i2, i3, i4, i5, i6, i7, i8, i9, i10, i11, i12, i13, i14, i15, i16, p17, p18, p19, p20, p21, p22, p23, p24, p25, p26, p27, p28, p29, p30, p31, p32, p33, p34, p35]
+764: p89 = getfield_gc_r(p87, descr=<FieldP rpyeffect.stack.MetaStackLike.inst_stack 8 pure>)
+772: p90 = getfield_gc_r(p87, descr=<FieldP rpyeffect.stack.MetaStack.inst_label 16 pure>)
+780: p91 = getfield_gc_r(p87, descr=<FieldP rpyeffect.stack.MetaStack.inst_tail 32 pure>)
+784: guard_nonnull(p89, descr=<Guard0x1289457e0>) [p0, i1, i2, i3, i4, i5, i6, i7, i8, i9, i10, i11, i12, i13, i14, i15, i16, p17, p18, p19, p20, p21, p22, p23, p24, p25, p26, p27, p28, p29, p30, p31, p32, p33, p34, p35]
+792: i92 = getfield_gc_i(p89, descr=<FieldS rpyeffect.stored_environment.Stack__arb_arb.inst_target 16 pure>)
+800: guard_value(i92, 505, descr=<Guard0x1289457a0>) [p0, i1, i2, i3, i4, i5, i6, i7, i8, i9, i10, i11, i12, i13, i14, i15, i16, p17, p18, p19, p20, p21, p22, p23, p24, p25, p26, p27, p28, p29, p30, p31, p32, p33, p34, p35]
debug_merge_point(0, 0, '507<std_core_hnd.rpyeffect:206([mcore:[#470]#437])>+2: {"op": "New". "out": 0. "targets": [500. 502. 504. 506]. "args": {"num": []. "ptr": [0]}}')
debug_merge_point(0, 0, '507<std_core_hnd.rpyeffect:206([mcore:[#470]#437])>+3: {"op": "Invoke". "receiver": 1. "tag": Interned(%apply(p):p). "args" : {"num": []. "ptr": [0]}}')
debug_merge_point(0, 0, '5143<main.rpyeffect:146([method_%apply(p):p@[mcore:[#279]#533]#537])>+0: {"op": "Const". "type": "ptr". "out": 1. "format": "string". "value": "Name(import$std/core/hnd)"}')
debug_merge_point(0, 0, '5143<main.rpyeffect:146([method_%apply(p):p@[mcore:[#279]#533]#537])>+1: {"op": "PrimOp". "name": "getGlobal(String): Ptr". "out": {"num": []. "ptr": [1]}. "in": {"num": []. "ptr": [1]}}')
debug_merge_point(0, 0, '5143<main.rpyeffect:146([method_%apply(p):p@[mcore:[#279]#533]#537])>+2: {"op": "Jump". "target": 5141}')
debug_merge_point(0, 0, '5141<main.rpyeffect:144([mcore:[#277]#512])>+0: {"op": "Construct". "out": 1. "type": Interned(Unit). "tag": Interned(unit). "args": {"num": []. "ptr": []}}')
debug_merge_point(0, 0, '5141<main.rpyeffect:144([mcore:[#277]#512])>+1: {"op": "New". "out": 2. "targets": [5138. 5140]. "args": {"num": []. "ptr": []}}')
debug_merge_point(0, 0, '5141<main.rpyeffect:144([mcore:[#277]#512])>+2: {"op": "Const". "type": "ptr". "out": 3. "format": "string". "value": "Name(import$std/core/hnd)"}')
debug_merge_point(0, 0, '5141<main.rpyeffect:144([mcore:[#277]#512])>+3: {"op": "PrimOp". "name": "getGlobal(String): Ptr". "out": {"num": []. "ptr": [3]}. "in": {"num": []. "ptr": [3]}}')
debug_merge_point(0, 0, '5141<main.rpyeffect:144([mcore:[#277]#512])>+4: {"op": "Swap". "type": "ptr". "a": 0. "b". 1}')
debug_merge_point(0, 0, '5141<main.rpyeffect:144([mcore:[#277]#512])>+5: {"op": "Swap". "type": "ptr". "a": 2. "b". 1}')
debug_merge_point(0, 0, '5141<main.rpyeffect:144([mcore:[#277]#512])>+6: {"op": "Jump". "target": 5133}')
debug_merge_point(0, 0, '5133<main.rpyeffect:136([mcore:[#265]#493])>+0: {"op": "Const". "type": "ptr". "out": 3. "format": "string". "value": "Name(import$std/core/hnd)"}')
debug_merge_point(0, 0, '5133<main.rpyeffect:136([mcore:[#265]#493])>+1: {"op": "PrimOp". "name": "getGlobal(String): Ptr". "out": {"num": []. "ptr": [3]}. "in": {"num": []. "ptr": [3]}}')
debug_merge_point(0, 0, '5133<main.rpyeffect:136([mcore:[#265]#493])>+2: {"op": "CallLib". "lib": "3". "symbol": "std/core/hnd/protect"}')
debug_merge_point(0, 0, '495<std_core_hnd.rpyeffect:194([mcore:[#466]#434])>+0: {"op": "Swap". "type": "ptr". "a": 1. "b". 2}')
debug_merge_point(0, 0, '495<std_core_hnd.rpyeffect:194([mcore:[#466]#434])>+1: {"op": "Invoke". "receiver": 2. "tag": Interned(%apply(pp):p). "args" : {"num": []. "ptr": [0. 1]}}')
debug_merge_point(0, 0, '5140<main.rpyeffect:143([method_%apply(pp):p@[mcore:[#277]#512]#523])>+0: {"op": "Push". "target": 5139. "args": {"num": []. "ptr": []}}')
debug_merge_point(0, 0, '5140<main.rpyeffect:143([method_%apply(pp):p@[mcore:[#277]#512]#523])>+1: {"op": "Jump". "target": 5136}')
debug_merge_point(0, 0, '5136<main.rpyeffect:139([mcore:[#274]#500])>+0: {"op": "Const". "type": "num". "out": 0. "value": 1}')
debug_merge_point(0, 0, '5136<main.rpyeffect:139([mcore:[#274]#500])>+1: {"op": "Push". "target": 5135. "args": {"num": []. "ptr": [1]}}')
debug_merge_point(0, 0, '5136<main.rpyeffect:139([mcore:[#274]#500])>+2: {"op": "Invoke". "receiver": 1. "tag": Interned(%apply(n):n). "args" : {"num": [0]. "ptr": []}}')
debug_merge_point(0, 0, '506<std_core_hnd.rpyeffect:205([method_%apply(n):n@[mcore:[#470]#437]#462])>+0: {"op": "PrimOp". "name": "box(Num): Ptr". "out": {"num": []. "ptr": [1]}. "in": {"num": [0]. "ptr": []}}')
debug_merge_point(0, 0, '506<std_core_hnd.rpyeffect:205([method_%apply(n):n@[mcore:[#470]#437]#462])>+1: {"op": "Push". "target": 505. "args": {"num": []. "ptr": []}}')
debug_merge_point(0, 0, '506<std_core_hnd.rpyeffect:205([method_%apply(n):n@[mcore:[#470]#437]#462])>+2: {"op": "Swap". "type": "ptr". "a": 0. "b". 1}')
debug_merge_point(0, 0, '506<std_core_hnd.rpyeffect:205([method_%apply(n):n@[mcore:[#470]#437]#462])>+3: {"op": "Jump". "target": 497}')
debug_merge_point(0, 0, '497<std_core_hnd.rpyeffect:196([mcore:[#469]#436])>+0: {"op": "PushStack". "arg": 1}')
debug_merge_point(0, 0, '497<std_core_hnd.rpyeffect:196([mcore:[#469]#436])>+1: {"op": "Return". "args": {"num": []. "ptr": [0]}}')
debug_merge_point(0, 0, '1020<std_core_hnd.rpyeffect:719([k@[k@[mcore:[#893]#2108]#2110]#2112])>+0: {"op": "Const". "type": "ptr". "out": 2. "format": "string". "value": "Name(import$std/core/hnd)"}')
debug_merge_point(0, 0, '1020<std_core_hnd.rpyeffect:719([k@[k@[mcore:[#893]#2108]#2110]#2112])>+1: {"op": "PrimOp". "name": "getGlobal(String): Ptr". "out": {"num": []. "ptr": [2]}. "in": {"num": []. "ptr": [2]}}')
debug_merge_point(0, 0, '1020<std_core_hnd.rpyeffect:719([k@[k@[mcore:[#893]#2108]#2110]#2112])>+2: {"op": "Push". "target": 1019. "args": {"num": []. "ptr": [0]}}')
debug_merge_point(0, 0, '1020<std_core_hnd.rpyeffect:719([k@[k@[mcore:[#893]#2108]#2110]#2112])>+3: {"op": "Copy". "type": "ptr". "from": 1. "to". 0}')
debug_merge_point(0, 0, '1020<std_core_hnd.rpyeffect:719([k@[k@[mcore:[#893]#2108]#2110]#2112])>+4: {"op": "Copy". "type": "ptr". "from": 2. "to". 1}')
debug_merge_point(0, 0, '1020<std_core_hnd.rpyeffect:719([k@[k@[mcore:[#893]#2108]#2110]#2112])>+5: {"op": "Jump". "target": 1018}')
debug_merge_point(0, 0, '1018<std_core_hnd.rpyeffect:717([mcore:[#892]#2103])>+0: {"op": "Const". "type": "ptr". "out": 1. "format": "string". "value": "Name(import$std/core/hnd)"}')
debug_merge_point(0, 0, '1018<std_core_hnd.rpyeffect:717([mcore:[#892]#2103])>+1: {"op": "PrimOp". "name": "getGlobal(String): Ptr". "out": {"num": []. "ptr": [1]}. "in": {"num": []. "ptr": [1]}}')
debug_merge_point(0, 0, '1018<std_core_hnd.rpyeffect:717([mcore:[#892]#2103])>+2: {"op": "CallLib". "lib": "1". "symbol": "setCurrentEvv"}')
debug_merge_point(0, 0, '302<std_core_hnd.rpyeffect:1(Name(setCurrentEvv))>+0: {"op": "Const". "type": "ptr". "out": 1. "format": "string". "value": "current-evv"}')
debug_merge_point(0, 0, '302<std_core_hnd.rpyeffect:1(Name(setCurrentEvv))>+1: {"op": "PrimOp". "name": "getGlobal(String): Ptr". "out": {"num": []. "ptr": [1]}. "in": {"num": []. "ptr": [1]}}')
debug_merge_point(0, 0, '302<std_core_hnd.rpyeffect:1(Name(setCurrentEvv))>+2: {"op": "PrimOp". "name": "setRef(Ref[Ptr]. Ptr): Unit". "out": {"num": []. "ptr": [0]}. "in": {"num": []. "ptr": [1. 0]}}')
debug_merge_point(0, 0, '302<std_core_hnd.rpyeffect:1(Name(setCurrentEvv))>+3: {"op": "Return". "args": {"num": []. "ptr": [0]}}')
debug_merge_point(0, 0, '1019<std_core_hnd.rpyeffect:718([k@[k@[k@[mcore:[#893]#2108]#2110]#2112]#2117])>+0: {"op": "Copy". "type": "ptr". "from": 1. "to". 0}')
debug_merge_point(0, 0, '1019<std_core_hnd.rpyeffect:718([k@[k@[k@[mcore:[#893]#2108]#2110]#2112]#2117])>+1: {"op": "Return". "args": {"num": []. "ptr": [0]}}')
debug_merge_point(0, 0, '5075<main.rpyeffect:78([k@[#279]#281])>+0: {"op": "PrimOp". "name": "unbox(Ptr): Num". "out": {"num": [0]. "ptr": []}. "in": {"num": []. "ptr": [0]}}')
debug_merge_point(0, 0, '5075<main.rpyeffect:78([k@[#279]#281])>+1: {"op": "Return". "args": {"num": [0]. "ptr": []}}')
debug_merge_point(0, 0, '5090<main.rpyeffect:93([k@[#333]#336])>+0: {"op": "PrimOp". "name": "box(Num): Ptr". "out": {"num": []. "ptr": [0]}. "in": {"num": [0]. "ptr": []}}')
debug_merge_point(0, 0, '5090<main.rpyeffect:93([k@[#333]#336])>+1: {"op": "Return". "args": {"num": []. "ptr": [0]}}')
+812: guard_nonnull(p59, descr=<Guard0x128945760>) [p0, i1, i2, i3, i4, i5, i6, i7, i8, i9, i10, i11, i12, i13, i14, i15, i16, p17, p18, p19, p20, p21, p22, p23, p24, p25, p26, p27, p28, p29, p30, p31, p32, p33, p34, p35]
+820: i94 = getfield_gc_i(p59, descr=<FieldS rpyeffect.stored_environment.Stack__arb_arb.inst_target 16 pure>)
+824: guard_value(i94, 5098, descr=<Guard0x128945720>) [p0, i1, i2, i3, i4, i5, i6, i7, i8, i9, i10, i11, i12, i13, i14, i15, i16, p17, p18, p19, p20, p21, p22, p23, p24, p25, p26, p27, p28, p29, p30, p31, p32, p33, p34, p35]
debug_merge_point(0, 0, '801<std_core_hnd.rpyeffect:500([k@[k@[mcore:[#725]#1309]#1314]#1316])>+0: {"op": "Const". "type": "ptr". "out": 2. "format": "string". "value": "Name(import$std/core/hnd)"}')
debug_merge_point(0, 0, '801<std_core_hnd.rpyeffect:500([k@[k@[mcore:[#725]#1309]#1314]#1316])>+1: {"op": "PrimOp". "name": "getGlobal(String): Ptr". "out": {"num": []. "ptr": [2]}. "in": {"num": []. "ptr": [2]}}')
debug_merge_point(0, 0, '801<std_core_hnd.rpyeffect:500([k@[k@[mcore:[#725]#1309]#1314]#1316])>+2: {"op": "Push". "target": 800. "args": {"num": [0]. "ptr": [0]}}')
debug_merge_point(0, 0, '801<std_core_hnd.rpyeffect:500([k@[k@[mcore:[#725]#1309]#1314]#1316])>+3: {"op": "Copy". "type": "ptr". "from": 1. "to". 0}')
debug_merge_point(0, 0, '801<std_core_hnd.rpyeffect:500([k@[k@[mcore:[#725]#1309]#1314]#1316])>+4: {"op": "Copy". "type": "ptr". "from": 2. "to". 1}')
debug_merge_point(0, 0, '801<std_core_hnd.rpyeffect:500([k@[k@[mcore:[#725]#1309]#1314]#1316])>+5: {"op": "Jump". "target": 785}')
debug_merge_point(0, 0, '785<std_core_hnd.rpyeffect:484([mcore:[#717]#1300])>+0: {"op": "Const". "type": "ptr". "out": 1. "format": "string". "value": "Name(import$std/core/hnd)"}')
debug_merge_point(0, 0, '785<std_core_hnd.rpyeffect:484([mcore:[#717]#1300])>+1: {"op": "PrimOp". "name": "getGlobal(String): Ptr". "out": {"num": []. "ptr": [1]}. "in": {"num": []. "ptr": [1]}}')
debug_merge_point(0, 0, '785<std_core_hnd.rpyeffect:484([mcore:[#717]#1300])>+2: {"op": "CallLib". "lib": "1". "symbol": "setCurrentEvv"}')
debug_merge_point(0, 0, '302<std_core_hnd.rpyeffect:1(Name(setCurrentEvv))>+0: {"op": "Const". "type": "ptr". "out": 1. "format": "string". "value": "current-evv"}')
debug_merge_point(0, 0, '302<std_core_hnd.rpyeffect:1(Name(setCurrentEvv))>+1: {"op": "PrimOp". "name": "getGlobal(String): Ptr". "out": {"num": []. "ptr": [1]}. "in": {"num": []. "ptr": [1]}}')
debug_merge_point(0, 0, '302<std_core_hnd.rpyeffect:1(Name(setCurrentEvv))>+2: {"op": "PrimOp". "name": "setRef(Ref[Ptr]. Ptr): Unit". "out": {"num": []. "ptr": [0]}. "in": {"num": []. "ptr": [1. 0]}}')
debug_merge_point(0, 0, '302<std_core_hnd.rpyeffect:1(Name(setCurrentEvv))>+3: {"op": "Return". "args": {"num": []. "ptr": [0]}}')
debug_merge_point(0, 0, '800<std_core_hnd.rpyeffect:499([k@[k@[k@[mcore:[#725]#1309]#1314]#1316]#1321])>+0: {"op": "Const". "type": "num". "out": 1. "value": 0}')
debug_merge_point(0, 0, '800<std_core_hnd.rpyeffect:499([k@[k@[k@[mcore:[#725]#1309]#1314]#1316]#1321])>+1: {"op": "Copy". "type": "ptr". "from": 1. "to". 0}')
debug_merge_point(0, 0, '800<std_core_hnd.rpyeffect:499([k@[k@[k@[mcore:[#725]#1309]#1314]#1316]#1321])>+2: {"op": "Switch". "scrutinee": 1. "values": [1]. "targets": [796]. "default": 799}')
debug_merge_point(0, 0, '799<std_core_hnd.rpyeffect:498([switch default case#1364])>+0: {"op": "Const". "type": "num". "out": 0. "value": 0}')
debug_merge_point(0, 0, '799<std_core_hnd.rpyeffect:498([switch default case#1364])>+1: {"op": "Switch". "scrutinee": 0. "values": [0]. "targets": [797]. "default": 798}')
debug_merge_point(0, 0, '797<std_core_hnd.rpyeffect:496([switch case for 0#1366])>+0: {"op": "Return". "args": {"num": []. "ptr": [0]}}')
+836: i96 = getfield_gc_i(p59, descr=<FieldS rpyeffect.stored_environment.Stack__1_0.inst_values_num_0 40 pure>)
+840: p97 = getfield_gc_r(p59, descr=<FieldP rpyeffect.stored_environment.Stack__arb_arb.inst_tail 8 pure>)
debug_merge_point(0, 0, '5098<main.rpyeffect:101([k@[switch case for 0#321]#345])>+0: {"op": "PrimOp". "name": "unbox(Ptr): Num". "out": {"num": [1]. "ptr": []}. "in": {"num": []. "ptr": [0]}}')
debug_merge_point(0, 0, '5098<main.rpyeffect:101([k@[switch case for 0#321]#345])>+1: {"op": "Swap". "type": "num". "a": 0. "b". 1}')
debug_merge_point(0, 0, '5098<main.rpyeffect:101([k@[switch case for 0#321]#345])>+2: {"op": "Switch". "scrutinee": 0. "values": [1]. "targets": [5093]. "default": 5097}')
+912: setfield_gc(ConstPtr(ptr98), p52, descr=<FieldP rpyeffect.region.PtrRef.inst_value 8>)
+916: guard_nonnull(p97, descr=<Guard0x128749d58>) [p0, i96, i3, i4, i5, i6, i7, i8, i9, i10, i11, i12, i13, i14, i15, i16, p72, p22, p23, p24, p25, p26, p27, p28, p29, p30, p31, p32, p33, p97, p53, p51, p52, i57, p59, p89, p91, p90, p84, p86]
+924: i99 = getfield_gc_i(p97, descr=<FieldS rpyeffect.stored_environment.Stack__arb_arb.inst_target 16 pure>)
+928: guard_value(i99, 5129, descr=<Guard0x1289456e0>) [p0, i96, i3, i4, i5, i6, i7, i8, i9, i10, i11, i12, i13, i14, i15, i16, p72, p22, p23, p24, p25, p26, p27, p28, p29, p30, p31, p32, p33, p97, p53, p51, p52, i57, p59, p89, p91, p90, p84, p86]
debug_merge_point(0, 0, '5093<main.rpyeffect:96([switch case for 1#351])>+0: {"op": "Copy". "type": "num". "from": 1. "to". 0}')
debug_merge_point(0, 0, '5093<main.rpyeffect:96([switch case for 1#351])>+1: {"op": "Return". "args": {"num": [0]. "ptr": []}}')
+944: i101 = getfield_gc_i(p97, descr=<FieldS rpyeffect.stored_environment.Stack__1_0.inst_values_num_0 40 pure>)
+948: p102 = getfield_gc_r(p97, descr=<FieldP rpyeffect.stored_environment.Stack__arb_arb.inst_tail 8 pure>)
debug_merge_point(0, 0, '5129<main.rpyeffect:132([k@[mcore:[#256]#422]#427])>+0: {"op": "Const". "type": "num". "out": 2. "value": 1}')
debug_merge_point(0, 0, '5129<main.rpyeffect:132([k@[mcore:[#256]#422]#427])>+1: {"op": "PrimOp". "name": "infixSub(Int. Int): Int". "out": {"num": [2]. "ptr": []}. "in": {"num": [0. 2]. "ptr": []}}')
+952: i104 = int_sub(i96, 1)
debug_merge_point(0, 0, '5129<main.rpyeffect:132([k@[mcore:[#256]#422]#427])>+2: {"op": "Const". "type": "ptr". "out": 0. "format": "string". "value": "Name(import$std/core/hnd)"}')
debug_merge_point(0, 0, '5129<main.rpyeffect:132([k@[mcore:[#256]#422]#427])>+3: {"op": "PrimOp". "name": "getGlobal(String): Ptr". "out": {"num": []. "ptr": [0]}. "in": {"num": []. "ptr": [0]}}')
debug_merge_point(0, 0, '5129<main.rpyeffect:132([k@[mcore:[#256]#422]#427])>+4: {"op": "Push". "target": 5128. "args": {"num": [0. 1]. "ptr": []}}')
debug_merge_point(0, 0, '5129<main.rpyeffect:132([k@[mcore:[#256]#422]#427])>+5: {"op": "Copy". "type": "num". "from": 2. "to". 0}')
debug_merge_point(0, 0, '5129<main.rpyeffect:132([k@[mcore:[#256]#422]#427])>+6: {"op": "Jump". "target": 5102}')
debug_merge_point(0, 0, '5102<main.rpyeffect:105([mcore:[#227]#285])>+0: {"op": "Const". "type": "num". "out": 1. "value": 1}')
debug_merge_point(0, 0, '5102<main.rpyeffect:105([mcore:[#227]#285])>+1: {"op": "PrimOp". "name": "infixLt(Int. Int): Boolean". "out": {"num": [1]. "ptr": []}. "in": {"num": [0. 1]. "ptr": []}}')
+960: i106 = int_lt(i104, 1)
guard_false(i106, descr=<Guard0x1289456a0>) [p0, i96, i3, i4, i5, i6, i7, i8, i9, i10, i11, i12, i13, i14, i15, i16, p72, p22, p23, p24, p25, p26, p27, p28, p29, p30, p31, p32, p33, p97, p53, p51, p52, i57, p59, p89, p91, p90, p84, p86]
debug_merge_point(0, 0, '5102<main.rpyeffect:105([mcore:[#227]#285])>+2: {"op": "Switch". "scrutinee": 1. "values": [1]. "targets": [5087]. "default": 5101}')
debug_merge_point(0, 0, '5101<main.rpyeffect:104([switch default case#317])>+0: {"op": "Const". "type": "num". "out": 1. "value": 1}')
debug_merge_point(0, 0, '5101<main.rpyeffect:104([switch default case#317])>+1: {"op": "PrimOp". "name": "infixLt(Int. Int): Boolean". "out": {"num": [1]. "ptr": []}. "in": {"num": [0. 1]. "ptr": []}}')
debug_merge_point(0, 0, '5101<main.rpyeffect:104([switch default case#317])>+2: {"op": "Switch". "scrutinee": 1. "values": [0]. "targets": [5099]. "default": 5100}')
debug_merge_point(0, 0, '5099<main.rpyeffect:102([switch case for 0#321])>+0: {"op": "Const". "type": "num". "out": 1. "value": 1}')
debug_merge_point(0, 0, '5099<main.rpyeffect:102([switch case for 0#321])>+1: {"op": "New". "out": 0. "targets": [5089. 5091]. "args": {"num": []. "ptr": []}}')
debug_merge_point(0, 0, '5099<main.rpyeffect:102([switch case for 0#321])>+2: {"op": "Const". "type": "ptr". "out": 1. "format": "string". "value": "Name(import$std/core/hnd)"}')
debug_merge_point(0, 0, '5099<main.rpyeffect:102([switch case for 0#321])>+3: {"op": "PrimOp". "name": "getGlobal(String): Ptr". "out": {"num": []. "ptr": [1]}. "in": {"num": []. "ptr": [1]}}')
debug_merge_point(0, 0, '5099<main.rpyeffect:102([switch case for 0#321])>+4: {"op": "Push". "target": 5098. "args": {"num": [0]. "ptr": []}}')
debug_merge_point(0, 0, '5099<main.rpyeffect:102([switch case for 0#321])>+5: {"op": "Copy". "type": "num". "from": 1. "to". 0}')
debug_merge_point(0, 0, '5099<main.rpyeffect:102([switch case for 0#321])>+6: {"op": "Jump". "target": 5067}')
debug_merge_point(0, 0, '5067<main.rpyeffect:70([mcore:[#210]#231])>+0: {"op": "Const". "type": "ptr". "out": 1. "format": "string". "value": "Name(import$std/core/hnd)"}')
debug_merge_point(0, 0, '5067<main.rpyeffect:70([mcore:[#210]#231])>+1: {"op": "PrimOp". "name": "getGlobal(String): Ptr". "out": {"num": []. "ptr": [1]}. "in": {"num": []. "ptr": [1]}}')
debug_merge_point(0, 0, '5067<main.rpyeffect:70([mcore:[#210]#231])>+2: {"op": "CallLib". "lib": "1". "symbol": "std/core/hnd/@open-at0"}')
debug_merge_point(0, 0, '803<std_core_hnd.rpyeffect:502([mcore:[#725]#1309])>+0: {"op": "Const". "type": "ptr". "out": 1. "format": "string". "value": "Name(import$std/core/hnd)"}')
debug_merge_point(0, 0, '803<std_core_hnd.rpyeffect:502([mcore:[#725]#1309])>+1: {"op": "PrimOp". "name": "getGlobal(String): Ptr". "out": {"num": []. "ptr": [1]}. "in": {"num": []. "ptr": [1]}}')
debug_merge_point(0, 0, '803<std_core_hnd.rpyeffect:502([mcore:[#725]#1309])>+2: {"op": "Push". "target": 802. "args": {"num": [0]. "ptr": [0]}}')
debug_merge_point(0, 0, '803<std_core_hnd.rpyeffect:502([mcore:[#725]#1309])>+3: {"op": "Copy". "type": "ptr". "from": 1. "to". 0}')
debug_merge_point(0, 0, '803<std_core_hnd.rpyeffect:502([mcore:[#725]#1309])>+4: {"op": "Jump". "target": 784}')
debug_merge_point(0, 0, '784<std_core_hnd.rpyeffect:483([mcore:[#715]#1295])>+0: {"op": "Const". "type": "ptr". "out": 0. "format": "string". "value": "Name(import$std/core/hnd)"}')
+968: p107 = new_with_vtable(descr=<SizeDescr 56>)
+1076: p108 = new_with_vtable(descr=<SizeDescr 48>)
+1092: p109 = new_with_vtable(descr=<SizeDescr 56>)
+1108: setfield_gc(p109, p102, descr=<FieldP rpyeffect.stored_environment.Stack__arb_arb.inst_tail 8 pure>)
+1112: setfield_gc(p109, 5128, descr=<FieldS rpyeffect.stored_environment.Stack__arb_arb.inst_target 16 pure>)
+1120: setfield_gc(p109, i96, descr=<FieldS rpyeffect.stored_environment.Stack__2_0.inst_values_num_0 40 pure>)
+1124: setfield_gc(p109, i101, descr=<FieldS rpyeffect.stored_environment.Stack__2_0.inst_values_num_1 48 pure>)
+1128: setfield_gc(p108, p109, descr=<FieldP rpyeffect.stored_environment.Stack__arb_arb.inst_tail 8 pure>)
+1132: setfield_gc(p108, 5098, descr=<FieldS rpyeffect.stored_environment.Stack__arb_arb.inst_target 16 pure>)
+1140: setfield_gc(p108, i104, descr=<FieldS rpyeffect.stored_environment.Stack__1_0.inst_values_num_0 40 pure>)
+1144: p112 = new_with_vtable(descr=<SizeDescr 32>)
+1156: setfield_gc(p112, ConstPtr(ptr113), descr=<FieldP rpyeffect.stored_environment.CoData__arb_arb.inst_vtable 24 pure>)
+1160: p114 = new_with_vtable(descr=<SizeDescr 40>)
+1172: p115 = new_with_vtable(descr=<SizeDescr 40>)
+1184: p116 = new_with_vtable(descr=<SizeDescr 40>)
+1196: p117 = new_with_vtable(descr=<SizeDescr 48>)
+1212: p118 = new_with_vtable(descr=<SizeDescr 40>)
+1228: setfield_gc(p118, p89, descr=<FieldP rpyeffect.stored_environment.Stack__arb_arb.inst_tail 8 pure>)
+1232: setfield_gc(p118, 5139, descr=<FieldS rpyeffect.stored_environment.Stack__arb_arb.inst_target 16 pure>)
+1240: setfield_gc(p117, p118, descr=<FieldP rpyeffect.stored_environment.Stack__arb_arb.inst_tail 8 pure>)
+1244: setfield_gc(p117, 5135, descr=<FieldS rpyeffect.stored_environment.Stack__arb_arb.inst_target 16 pure>)
+1252: p121 = new_with_vtable(descr=<SizeDescr 40>)
+1268: setfield_gc(p121, ConstPtr(ptr122), descr=<FieldP rpyeffect.stored_environment.CoData__arb_arb.inst_vtable 24 pure>)
+1272: p123 = new_with_vtable(descr=<SizeDescr 40>)
+1288: p124 = new_with_vtable(descr=<SizeDescr 48>)
+1304: p125 = new_with_vtable(descr=<SizeDescr 40>)
+1320: p126 = new_with_vtable(descr=<SizeDescr 40>)
+1336: p127 = new_with_vtable(descr=<SizeDescr 56>)
+1352: setfield_gc(p127, p59, descr=<FieldP rpyeffect.stored_environment.Stack__arb_arb.inst_tail 8 pure>)
+1356: setfield_gc(p127, 801, descr=<FieldS rpyeffect.stored_environment.Stack__arb_arb.inst_target 16 pure>)
+1364: setfield_gc(p127, i57, descr=<FieldS rpyeffect.stored_environment.Stack__1_1.inst_values_num_0 40 pure>)
+1368: setfield_gc(p127, p52, descr=<FieldP rpyeffect.stored_environment.Stack__1_1.inst_values_ptr_0 48 pure>)
+1372: setfield_gc(p126, p127, descr=<FieldP rpyeffect.stored_environment.Stack__arb_arb.inst_tail 8 pure>)
+1376: setfield_gc(p126, 5090, descr=<FieldS rpyeffect.stored_environment.Stack__arb_arb.inst_target 16 pure>)
+1384: setfield_gc(p125, p126, descr=<FieldP rpyeffect.stored_environment.Stack__arb_arb.inst_tail 8 pure>)
+1388: setfield_gc(p125, 5075, descr=<FieldS rpyeffect.stored_environment.Stack__arb_arb.inst_target 16 pure>)
+1396: setfield_gc(p124, p125, descr=<FieldP rpyeffect.stored_environment.Stack__arb_arb.inst_tail 8 pure>)
+1400: setfield_gc(p124, 1020, descr=<FieldS rpyeffect.stored_environment.Stack__arb_arb.inst_target 16 pure>)
+1408: p132 = new_with_vtable(descr=<SizeDescr 48>)
+1420: setfield_gc(p132, ConstPtr(ptr133), descr=<FieldP rpyeffect.stored_environment.Data__arb_arb.inst_tag 8>)
+1424: setfield_gc(p132, p51, descr=<FieldP rpyeffect.stored_environment.Data__0_2.inst_values_ptr_0 32 pure>)
+1428: setfield_gc(p132, p53, descr=<FieldP rpyeffect.stored_environment.Data__0_2.inst_values_ptr_1 40 pure>)
+1432: setfield_gc(p124, p132, descr=<FieldP rpyeffect.stored_environment.Stack__0_1.inst_values_ptr_0 40 pure>)
+1436: setfield_gc(p123, p124, descr=<FieldP rpyeffect.stack.MetaStackLike.inst_stack 8 pure>)
+1440: setfield_gc(p123, p33, descr=<FieldP rpyeffect.stack.MetaStack.inst_label 16 pure>)
+1448: setfield_gc(p123, ConstPtr(null), descr=<FieldP rpyeffect.stack.MetaStack.inst_region 24 pure>)
+1456: p135 = new_with_vtable(descr=<SizeDescr 40>)
+1468: setfield_gc(p135, p86, descr=<FieldP rpyeffect.stack.MetaStackLike.inst_stack 8 pure>)
+1476: setfield_gc(p135, p84, descr=<FieldP rpyeffect.stack.MetaStack.inst_label 16 pure>)
+1480: setfield_gc(p135, ConstPtr(null), descr=<FieldP rpyeffect.stack.MetaStack.inst_region 24 pure>)
+1488: setfield_gc(p135, ConstPtr(null), descr=<FieldP rpyeffect.stack.MetaStack.inst_tail 32 pure>)
+1496: setfield_gc(p123, p135, descr=<FieldP rpyeffect.stack.MetaStack.inst_tail 32 pure>)
+1500: setfield_gc(p121, p123, descr=<FieldP rpyeffect.stored_environment.CoData__0_1.inst_values_ptr_0 32 pure>)
+1504: setfield_gc(p117, p121, descr=<FieldP rpyeffect.stored_environment.Stack__0_1.inst_values_ptr_0 40 pure>)
+1508: setfield_gc(p116, p117, descr=<FieldP rpyeffect.stored_environment.Stack__arb_arb.inst_tail 8 pure>)
+1512: setfield_gc(p116, 505, descr=<FieldS rpyeffect.stored_environment.Stack__arb_arb.inst_target 16 pure>)
+1520: setfield_gc(p115, p116, descr=<FieldP rpyeffect.stack.MetaStackLike.inst_stack 8 pure>)
+1528: setfield_gc(p115, p90, descr=<FieldP rpyeffect.stack.MetaStack.inst_label 16 pure>)
+1536: setfield_gc(p115, ConstPtr(null), descr=<FieldP rpyeffect.stack.MetaStack.inst_region 24 pure>)
+1544: setfield_gc(p115, p91, descr=<FieldP rpyeffect.stack.MetaStack.inst_tail 32 pure>)
+1552: setfield_gc(p107, 802, descr=<FieldS rpyeffect.stored_environment.Stack__arb_arb.inst_target 16 pure>)
+1564: setfield_gc(p107, p108, descr=<FieldP rpyeffect.stored_environment.Stack__arb_arb.inst_tail 8 pure>)
+1572: setfield_gc(p107, 1, descr=<FieldS rpyeffect.stored_environment.Stack__1_1.inst_values_num_0 40 pure>)
+1580: setfield_gc(p107, p112, descr=<FieldP rpyeffect.stored_environment.Stack__1_1.inst_values_ptr_0 48 pure>)
+1588: setfield_gc(p114, ConstPtr(null), descr=<FieldP rpyeffect.stack.MetaStack.inst_region 24 pure>)
+1600: setfield_gc(p114, p84, descr=<FieldP rpyeffect.stack.MetaStack.inst_label 16 pure>)
+1604: setfield_gc(p114, p86, descr=<FieldP rpyeffect.stack.MetaStackLike.inst_stack 8 pure>)
+1608: setfield_gc(p114, p115, descr=<FieldP rpyeffect.stack.MetaStack.inst_tail 32 pure>)
+1832: jump(p33, p107, p0, p114, 1, 1, i104, i4, i5, i6, i7, i8, i9, i10, i11, i12, i13, i14, i15, i16, ConstPtr(ptr143), ConstPtr(ptr143), ConstPtr(ptr144), ConstPtr(ptr145), p72, p22, p23, p24, p25, p26, p27, p28, p29, p30, p31, p32, descr=TargetToken(4971073632))
+2188: --end of the loop--
[18ed90d3] jit-log-opt-bridge}
[19afbbdb] {jit-summary
Tracing:      	21	0.033217
Backend:      	21	0.005578
TOTAL:      		0.300823
ops:             	192476
heapcached ops:  	19075
recorded ops:    	94673
  calls:         	80194
guards:          	4968
opt ops:         	5517
opt guards:      	633
opt guards shared:	542
forcings:        	0
abort: trace too long:	0
abort: compiling:	0
abort: vable escape:	0
abort: bad loop: 	0
abort: force quasi-immut:	0
abort: segmenting trace:	0
virtualizables forced:	0
nvirtuals:       	103
nvholes:         	0
nvreused:        	27
vecopt tried:    	0
vecopt success:  	0
Total # of loops:	8
Total # of bridges:	13
Freed # of loops:	0
Freed # of bridges:	0
[19afe2eb] jit-summary}
