{
  "results": [
    {
      "command": "effekt-jit-2-context:permute",
      "mean": 1.1346888167,
      "stddev": 0.0010905470538633015,
      "median": 1.134556646,
      "user": 1.1259462,
      "system": 0.005289599999999999,
      "min": 1.132359042,
      "max": 1.136909917,
      "times": [
        1.133499125,
        1.13487775,
        1.134172541,
        1.134482625,
        1.134145417,
        1.136909917,
        1.132359042,
        1.134417084,
        1.134010125,
        1.135633208,
        1.135326375,
        1.134630667,
        1.13686875,
        1.13313225,
        1.1351712919999999,
        1.134426666,
        1.135165208,
        1.135225584,
        1.134242583,
        1.135080125
      ],
      "exit_codes": [
        0,
        0,
        0,
        0,
        0,
        0,
        0,
        0,
        0,
        0,
        0,
        0,
        0,
        0,
        0,
        0,
        0,
        0,
        0,
        0
      ]
    },
    {
      "command": "effekt-jit-no-labelbydefsite:permute",
      "mean": 1.57502912505,
      "stddev": 0.003011854680993504,
      "median": 1.5744488749999999,
      "user": 1.56420915,
      "system": 0.005924849999999998,
      "min": 1.571705209,
      "max": 1.585459292,
      "times": [
        1.57580675,
        1.585459292,
        1.5741305840000002,
        1.576210625,
        1.572238375,
        1.575879083,
        1.574285916,
        1.572333375,
        1.574535917,
        1.574004458,
        1.575838084,
        1.5720986670000001,
        1.5784575,
        1.571705209,
        1.574361833,
        1.575529667,
        1.5721417080000002,
        1.574113542,
        1.575374,
        1.576077916
      ],
      "exit_codes": [
        0,
        0,
        0,
        0,
        0,
        0,
        0,
        0,
        0,
        0,
        0,
        0,
        0,
        0,
        0,
        0,
        0,
        0,
        0,
        0
      ]
    },
    {
      "command": "effekt-jit-no-context:permute",
      "mean": 1.9611270999500001,
      "stddev": 0.008549482442924005,
      "median": 1.9593527495,
      "user": 1.9492597500000002,
      "system": 0.006554950000000001,
      "min": 1.955660875,
      "max": 1.996209334,
      "times": [
        1.9566007920000001,
        1.960941042,
        1.959498291,
        1.9594609580000002,
        1.962845625,
        1.955660875,
        1.958642041,
        1.961889292,
        1.996209334,
        1.957615417,
        1.959721208,
        1.959244541,
        1.962532125,
        1.957064,
        1.961859708,
        1.956062208,
        1.959096917,
        1.962106292,
        1.956745208,
        1.958746125
      ],
      "exit_codes": [
        0,
        0,
        0,
        0,
        0,
        0,
        0,
        0,
        0,
        0,
        0,
        0,
        0,
        0,
        0,
        0,
        0,
        0,
        0,
        0
      ]
    },
    {
      "command": "python-cpython:permute",
      "mean": 13.255962212449997,
      "stddev": 0.08862447675731602,
      "median": 13.230289082999999,
      "user": 13.229542599999998,
      "system": 0.004623499999999999,
      "min": 13.204464333,
      "max": 13.618299583,
      "times": [
        13.252257959,
        13.216350375,
        13.618299583,
        13.2179725,
        13.233877041,
        13.223679,
        13.222471458,
        13.251116917,
        13.226845709,
        13.257825666,
        13.204464333,
        13.306568458,
        13.233290083,
        13.227288083,
        13.243442166,
        13.259333792,
        13.210059417,
        13.270699458,
        13.220787417,
        13.222614834
      ],
      "exit_codes": [
        0,
        0,
        0,
        0,
        0,
        0,
        0,
        0,
        0,
        0,
        0,
        0,
        0,
        0,
        0,
        0,
        0,
        0,
        0,
        0
      ]
    },
    {
      "command": "python-pypy:permute",
      "mean": 1.2929718292499999,
      "stddev": 0.0026444863714246616,
      "median": 1.293137542,
      "user": 1.274152,
      "system": 0.014818150000000002,
      "min": 1.28468275,
      "max": 1.298600792,
      "times": [
        1.2935946249999999,
        1.291503125,
        1.292293875,
        1.298600792,
        1.292212458,
        1.292127667,
        1.289707,
        1.291786917,
        1.295346541,
        1.293027834,
        1.293209917,
        1.293042625,
        1.293280625,
        1.294598708,
        1.28468275,
        1.294023708,
        1.293065167,
        1.294480084,
        1.294258834,
        1.294593333
      ],
      "exit_codes": [
        0,
        0,
        0,
        0,
        0,
        0,
        0,
        0,
        0,
        0,
        0,
        0,
        0,
        0,
        0,
        0,
        0,
        0,
        0,
        0
      ]
    },
    {
      "command": "lua-luajit:permute",
      "mean": 0.5128075972857142,
      "stddev": 0.6968494577078934,
      "median": 0.290641625,
      "user": 0.504282619047619,
      "system": 0.006697380952380952,
      "min": 0.200817667,
      "max": 3.477814834,
      "times": [
        0.28161275,
        0.290641625,
        0.27657975,
        0.5538347920000001,
        0.20243175000000002,
        0.21627100000000002,
        0.21194879200000002,
        0.200817667,
        0.217895583,
        0.589607917,
        3.477814834,
        0.20284754200000002,
        0.535550917,
        0.534382,
        0.454378541,
        0.536683125,
        0.405219416,
        0.21844987500000002,
        0.593278791,
        0.5527145840000001,
        0.215998292
      ],
      "exit_codes": [
        0,
        0,
        0,
        0,
        0,
        0,
        0,
        0,
        0,
        0,
        0,
        0,
        0,
        0,
        0,
        0,
        0,
        0,
        0,
        0,
        0
      ]
    },
    {
      "command": "effekt-jit-no-specialization:permute",
      "mean": 1.8853630667499999,
      "stddev": 0.002093041758159811,
      "median": 1.885393771,
      "user": 1.87263895,
      "system": 0.007013,
      "min": 1.882606709,
      "max": 1.8905155,
      "times": [
        1.882973333,
        1.887597708,
        1.887682292,
        1.885416667,
        1.884662083,
        1.883189125,
        1.886047167,
        1.885075625,
        1.8905155,
        1.882893791,
        1.8830736250000002,
        1.8881188340000001,
        1.8868073330000001,
        1.885370875,
        1.8855387920000002,
        1.883029709,
        1.8857542500000002,
        1.8859889170000002,
        1.882606709,
        1.884919
      ],
      "exit_codes": [
        0,
        0,
        0,
        0,
        0,
        0,
        0,
        0,
        0,
        0,
        0,
        0,
        0,
        0,
        0,
        0,
        0,
        0,
        0,
        0
      ]
    },
    {
      "command": "effekt-jit-no-opt:permute",
      "mean": 2.6729027416500006,
      "stddev": 0.0034273297254850312,
      "median": 2.672756292,
      "user": 2.6581471999999993,
      "system": 0.008204649999999999,
      "min": 2.668075375,
      "max": 2.679467959,
      "times": [
        2.673329791,
        2.672459459,
        2.675654084,
        2.671453916,
        2.678355667,
        2.673053125,
        2.668075375,
        2.669125375,
        2.670561125,
        2.679467959,
        2.66904775,
        2.675233375,
        2.6696718329999998,
        2.669646458,
        2.675785208,
        2.678297,
        2.674151584,
        2.671597208,
        2.673944958,
        2.669143583
      ],