{
  "results": [
    {
      "command": "effekt-jit-2-context:queens",
      "mean": 0.7359016189,
      "stddev": 0.0008981159520901734,
      "median": 0.7362066875,
      "user": 0.7272174499999999,
      "system": 0.00523605,
      "min": 0.734015375,
      "max": 0.736916291,
      "times": [
        0.7355104170000001,
        0.73554275,
        0.7365362080000001,
        0.736284708,
        0.736355875,
        0.736128667,
        0.7356147500000001,
        0.7368106670000001,
        0.736713292,
        0.736916291,
        0.73483125,
        0.734525792,
        0.7368734170000001,
        0.734332167,
        0.734015375,
        0.7353107090000001,
        0.7366337500000001,
        0.736112042,
        0.736557209,
        0.7364270420000001
      ],
      "exit_codes": [
        0,
        0,
        0,
        0,
        0,
        0,
        0,
        0,
        0,
        0,
        0,
        0,
        0,
        0,
        0,
        0,
        0,
        0,
        0,
        0
      ]
    },
    {
      "command": "effekt-jit-no-labelbydefsite:queens",
      "mean": 2.06932259995,
      "stddev": 0.00563914562263963,
      "median": 2.068588042,
      "user": 2.0514290500000003,
      "system": 0.0116899,
      "min": 2.062261458,
      "max": 2.087346333,
      "times": [
        2.06368125,
        2.07117425,
        2.087346333,
        2.069410042,
        2.079913292,
        2.068328417,
        2.066603625,
        2.064372958,
        2.068847667,
        2.066356375,
        2.069096208,
        2.06718,
        2.062261458,
        2.071598041,
        2.065678958,
        2.068994083,
        2.067140542,
        2.066837083,
        2.069933959,
        2.071697458
      ],
      "exit_codes": [
        0,
        0,
        0,
        0,
        0,
        0,
        0,
        0,
        0,
        0,
        0,
        0,
        0,
        0,
        0,
        0,
        0,
        0,
        0,
        0
      ]
    },
    {
      "command": "effekt-jit-no-context:queens",
      "mean": 3.62566677285,
      "stddev": 0.004957964027536637,
      "median": 3.625706312,
      "user": 3.6040011499999993,
      "system": 0.013560650000000002,
      "min": 3.619220333,
      "max": 3.64234175,
      "times": [
        3.624772291,
        3.6235366669999998,
        3.625292334,
        3.62626625,
        3.620445833,
        3.64234175,
        3.6207119160000003,
        3.628297667,
        3.629868042,
        3.624501333,
        3.625926291,
        3.627291208,
        3.619938583,
        3.625486333,
        3.626761375,
        3.619220333,
        3.626406875,
        3.6283732090000003,
        3.6213666250000003,
        3.6265305420000002
      ],
      "exit_codes": [
        0,
        0,
        0,
        0,
        0,
        0,
        0,
        0,
        0,
        0,
        0,
        0,
        0,
        0,
        0,
        0,
        0,
        0,
        0,
        0
      ]
    },
    {
      "command": "python-cpython:queens",
      "mean": 6.705458191499998,
      "stddev": 0.03057639943840251,
      "median": 6.704115187499999,
      "user": 6.68975995,
      "system": 0.0042193000000000005,
      "min": 6.667616417,
      "max": 6.772770041,
      "times": [
        6.714588083,
        6.688750958,
        6.700476125,
        6.712483958,
        6.714046125,
        6.759393958,
        6.718382458,
        6.6911195,
        6.727017333,
        6.772770041,
        6.670705875,
        6.698849458,
        6.66877425,
        6.70775425,
        6.672619375,
        6.754830083,
        6.667616417,
        6.682700875,
        6.710520416,
        6.675764292
      ],
      "exit_codes": [
        0,
        0,
        0,
        0,
        0,
        0,
        0,
        0,
        0,
        0,
        0,
        0,
        0,
        0,
        0,
        0,
        0,
        0,
        0,
        0
      ]
    },
    {
      "command": "python-pypy:queens",
      "mean": 0.8352333479500003,
      "stddev": 0.0016396683211071517,
      "median": 0.8349955415000001,
      "user": 0.8164697000000001,
      "system": 0.014211649999999998,
      "min": 0.8328757080000001,
      "max": 0.839607666,
      "times": [
        0.837400125,
        0.8340326250000001,
        0.8343800840000001,
        0.8367473750000001,
        0.83406175,
        0.832883875,
        0.8352848340000001,
        0.834758584,
        0.8353578330000001,
        0.8328757080000001,
        0.835467625,
        0.8349795830000001,
        0.8343379580000001,
        0.8350115,
        0.8343159170000001,
        0.8351414580000001,
        0.8348348750000001,
        0.839607666,
        0.8380795000000001,
        0.835108084
      ],
      "exit_codes": [
        0,
        0,
        0,
        0,
        0,
        0,
        0,
        0,
        0,
        0,
        0,
        0,
        0,
        0,
        0,
        0,
        0,
        0,
        0,
        0
      ]
    },
    {
      "command": "lua-luajit:queens",
      "mean": 0.4712548374499999,
      "stddev": 0.05497656067367231,
      "median": 0.45086229200000005,
      "user": 0.46590964999999995,
      "system": 0.0036563,
      "min": 0.406627583,
      "max": 0.560827333,
      "times": [
        0.5605937080000001,
        0.551865709,
        0.450655709,
        0.45106887500000004,
        0.5605720000000001,
        0.47902595800000003,
        0.40958395900000005,
        0.41739258300000004,
        0.4429525,
        0.560827333,
        0.413874083,
        0.406627583,
        0.47135000000000005,
        0.423877292,
        0.47897120800000004,
        0.45679250000000005,
        0.44304533300000004,
        0.443232875,
        0.552225583,
        0.45056195800000004
      ],
      "exit_codes": [
        0,
        0,
        0,
        0,
        0,
        0,
        0,
        0,
        0,
        0,
        0,
        0,
        0,
        0,
        0,
        0,
        0,
        0,
        0,
        0
      ]
    },
    {
      "command": "effekt-jit-no-specialization:queens",
      "mean": 2.615383368850001,
      "stddev": 0.0033337579191400238,
      "median": 2.6148646045,
      "user": 2.5952532499999994,
      "system": 0.01319925,
      "min": 2.611447,
      "max": 2.622900875,
      "times": [
        2.6121725,
        2.612548875,
        2.616061458,
        2.615666708,
        2.612650875,
        2.622900875,
        2.618813625,
        2.614416458,
        2.612932792,
        2.619982542,
        2.614991292,
        2.621842875,
        2.614097584,
        2.6156539580000002,
        2.614878709,
        2.6148505,
        2.612389292,
        2.611447,
        2.6116137090000002,
        2.61775575
      ],
      "exit_codes": [
        0,
        0,
        0,
        0,
        0,
        0,
        0,
        0,
        0,
        0,
        0,
        0,
        0,
        0,
        0,
        0,
        0,
        0,
        0,
        0
      ]
    },
    {
      "command": "effekt-jit-no-opt:queens",
      "mean": 4.438429545900001,
      "stddev": 0.013656713177728758,
      "median": 4.434306771499999,
      "user": 4.4135655499999995,
      "system": 0.015387300000000001,
      "min": 4.4286435,
      "max": 4.491287625,
      "times": [
        4.441445083,
        4.439095959,
        4.4381065,
        4.491287625,
        4.435742083,
        4.430324084,
        4.431598375,
        4.433604709,
        4.449438875,
        4.4286435,
        4.444422125,
        4.435008834,
        4.432172208,
        4.431768875,
        4.430115584,
        4.430131625,
        4.431042625,
        4.4390385,
        4.443061208,
        4.432542541
      ],