{
  "results": [
    {
      "command": "effekt-jit-2-context:storage",
      "mean": 0.8301233124499999,
      "stddev": 0.004251435314169145,
      "median": 0.8308426875000001,
      "user": 0.8214747999999996,
      "system": 0.006671800000000001,
      "min": 0.816893834,
      "max": 0.8394696660000001,
      "times": [
        0.8327077500000001,
        0.8264623750000001,
        0.8319492500000001,
        0.830939042,
        0.8321815410000001,
        0.8305402080000001,
        0.8311010830000001,
        0.8310604170000001,
        0.8287516250000001,
        0.830810208,
        0.834577,
        0.831314375,
        0.8308308750000001,
        0.828547541,
        0.8297708340000001,
        0.8308545,
        0.8278690000000001,
        0.816893834,
        0.825835125,
        0.8394696660000001
      ],
      "exit_codes": [
        0,
        0,
        0,
        0,
        0,
        0,
        0,
        0,
        0,
        0,
        0,
        0,
        0,
        0,
        0,
        0,
        0,
        0,
        0,
        0
      ]
    },
    {
      "command": "effekt-jit-no-labelbydefsite:storage",
      "mean": 0.49281546880000004,
      "stddev": 0.0012994518112765714,
      "median": 0.49260810400000005,
      "user": 0.48051940000000004,
      "system": 0.0105058,
      "min": 0.490981125,
      "max": 0.495416,
      "times": [
        0.49228141700000005,
        0.495416,
        0.49189504100000003,
        0.493279542,
        0.49188587500000003,
        0.49170562500000004,
        0.49357395800000003,
        0.491807125,
        0.49337125000000004,
        0.49265645900000005,
        0.49265620800000004,
        0.49256000000000005,
        0.49469850000000004,
        0.492070667,
        0.49427325000000005,
        0.490981125,
        0.49497812500000005,
        0.49108895900000005,
        0.49368,
        0.49145025000000003
      ],
      "exit_codes": [
        0,
        0,
        0,
        0,
        0,
        0,
        0,
        0,
        0,
        0,
        0,
        0,
        0,
        0,
        0,
        0,
        0,
        0,
        0,
        0
      ]
    },
    {
      "command": "effekt-jit-no-context:storage",
      "mean": 0.7035581376,
      "stddev": 0.0015808922254818226,
      "median": 0.7036835625,
      "user": 0.67495955,
      "system": 0.02686955,
      "min": 0.700711583,
      "max": 0.706791834,
      "times": [
        0.7047168330000001,
        0.7035802080000001,
        0.7051246670000001,
        0.704204292,
        0.7024576250000001,
        0.702814959,
        0.7058618750000001,
        0.700711583,
        0.703581459,
        0.706791834,
        0.7008767920000001,
        0.704105375,
        0.703794,
        0.703464167,
        0.702823125,
        0.704514167,
        0.701781583,
        0.7015085000000001,
        0.704664042,
        0.703785666
      ],
      "exit_codes": [
        0,
        0,
        0,
        0,
        0,
        0,
        0,
        0,
        0,
        0,
        0,
        0,
        0,
        0,
        0,
        0,
        0,
        0,
        0,
        0
      ]
    },
    {
      "command": "python-cpython:storage",
      "mean": 3.0217975332500004,
      "stddev": 0.019837926404034027,
      "median": 3.0260474375,
      "user": 3.0159335499999997,
      "system": 0.003766499999999999,
      "min": 2.988480375,
      "max": 3.050891917,
      "times": [
        2.988788458,
        3.04826475,
        3.004506667,
        3.040126708,
        3.037956875,
        3.042790166,
        2.988480375,
        3.037961792,
        3.025745875,
        2.996460292,
        3.018427875,
        3.003853875,
        3.036205791,
        3.030497208,
        3.050891917,
        3.004622916,
        3.026349,
        3.011784292,
        3.006258333,
        3.0359775
      ],
      "exit_codes": [
        0,
        0,
        0,
        0,
        0,
        0,
        0,
        0,
        0,
        0,
        0,
        0,
        0,
        0,
        0,
        0,
        0,
        0,
        0,
        0
      ]
    },
    {
      "command": "python-pypy:storage",
      "mean": 1.1137156833500002,
      "stddev": 0.003091707512424116,
      "median": 1.1128002289999999,
      "user": 1.0909151000000001,
      "system": 0.020518249999999995,
      "min": 1.110494,
      "max": 1.120600375,
      "times": [
        1.120600375,
        1.118228084,
        1.117232792,
        1.118877584,
        1.111899833,
        1.11749375,
        1.113560792,
        1.11414925,
        1.110736875,
        1.1106805,
        1.113555292,
        1.1126695,
        1.110776416,
        1.112336041,
        1.112930958,
        1.110494,
        1.110851959,
        1.111455042,
        1.113799083,
        1.111985541
      ],
      "exit_codes": [
        0,
        0,
        0,
        0,
        0,
        0,
        0,
        0,
        0,
        0,
        0,
        0,
        0,
        0,
        0,
        0,
        0,
        0,
        0,
        0
      ]
    },
    {
      "command": "lua-luajit:storage",
      "mean": 0.8602629103500001,
      "stddev": 0.008975605918541437,
      "median": 0.8607191455000001,
      "user": 0.8562861499999999,
      "system": 0.0029181,
      "min": 0.84285175,
      "max": 0.8796096250000001,
      "times": [
        0.8597766670000001,
        0.847408833,
        0.8757914170000001,
        0.85795325,
        0.852014542,
        0.8645120000000001,
        0.8660580410000001,
        0.8644537080000001,
        0.857796541,
        0.862827792,
        0.8796096250000001,
        0.850056333,
        0.860536791,
        0.84285175,
        0.860943,
        0.869179,
        0.8604897920000001,
        0.8500818750000001,
        0.8620157500000001,
        0.8609015000000001
      ],
      "exit_codes": [
        0,
        0,
        0,
        0,
        0,
        0,
        0,
        0,
        0,
        0,
        0,
        0,
        0,
        0,
        0,
        0,
        0,
        0,
        0,
        0
      ]
    },
    {
      "command": "effekt-jit-no-specialization:storage",
      "mean": 0.6000279605000001,
      "stddev": 0.0016408087013374793,
      "median": 0.6000221875,
      "user": 0.5861322,
      "system": 0.0120975,
      "min": 0.596447542,
      "max": 0.6037037080000001,
      "times": [
        0.5980085,
        0.6006032090000001,
        0.6037037080000001,
        0.600257,
        0.600498708,
        0.602171709,
        0.60147525,
        0.5999785830000001,
        0.601562375,
        0.598539625,
        0.596447542,
        0.599902,
        0.600026375,
        0.5978327920000001,
        0.5998118330000001,
        0.600018,
        0.5984553340000001,
        0.599960542,
        0.600046375,
        0.6012597500000001
      ],
      "exit_codes": [
        0,
        0,
        0,
        0,
        0,
        0,
        0,
        0,
        0,
        0,
        0,
        0,
        0,
        0,
        0,
        0,
        0,
        0,
        0,
        0
      ]
    },
    {
      "command": "effekt-jit-no-opt:storage",
      "mean": 0.9024530479000001,
      "stddev": 0.001178087039162041,
      "median": 0.902557375,
      "user": 0.8633444499999998,
      "system": 0.03726285,
      "min": 0.900376375,
      "max": 0.905430291,
      "times": [
        0.901135125,
        0.903951834,
        0.9024007500000001,
        0.9028226250000001,
        0.903197125,
        0.9027995830000001,
        0.9032376660000001,
        0.901906584,
        0.9015712910000001,
        0.905430291,
        0.902828625,
        0.900647792,
        0.9021537500000001,
        0.90239175,
        0.902979084,
        0.9032958750000001,
        0.9010035000000001,
        0.902714,
        0.9022173330000001,
        0.900376375
      ],