{
  "results": [
    {
      "command": "effekt-jit-2-context:towers",
      "mean": 1.3510470729,
      "stddev": 0.0025167012238949413,
      "median": 1.3507053545,
      "user": 1.3393022000000003,
      "system": 0.0069724999999999995,
      "min": 1.348278125,
      "max": 1.359473375,
      "times": [
        1.349298292,
        1.351189834,
        1.351242584,
        1.348957416,
        1.350828959,
        1.348992833,
        1.354269833,
        1.351640208,
        1.349572834,
        1.359473375,
        1.353103666,
        1.3502200420000001,
        1.3528480410000001,
        1.351257875,
        1.349210667,
        1.350998833,
        1.349910458,
        1.349065833,
        1.35058175,
        1.348278125
      ],
      "exit_codes": [
        0,
        0,
        0,
        0,
        0,
        0,
        0,
        0,
        0,
        0,
        0,
        0,
        0,
        0,
        0,
        0,
        0,
        0,
        0,
        0
      ]
    },
    {
      "command": "effekt-jit-no-labelbydefsite:towers",
      "mean": 1.1748753521,
      "stddev": 0.001249168735927513,
      "median": 1.1746446875,
      "user": 1.1633921,
      "system": 0.0074695,
      "min": 1.172675583,
      "max": 1.17713325,
      "times": [
        1.176517792,
        1.174703375,
        1.176411334,
        1.176250667,
        1.176725333,
        1.175198584,
        1.175791541,
        1.173846625,
        1.175063542,
        1.173956708,
        1.1745860000000001,
        1.173500875,
        1.175210375,
        1.17375975,
        1.174008333,
        1.172675583,
        1.174482083,
        1.174015917,
        1.173669375,
        1.17713325
      ],
      "exit_codes": [
        0,
        0,
        0,
        0,
        0,
        0,
        0,
        0,
        0,
        0,
        0,
        0,
        0,
        0,
        0,
        0,
        0,
        0,
        0,
        0
      ]
    },
    {
      "command": "effekt-jit-no-context:towers",
      "mean": 2.3036331313,
      "stddev": 0.002895282247239941,
      "median": 2.303633104,
      "user": 2.2879088,
      "system": 0.00954555,
      "min": 2.297396125,
      "max": 2.308590792,
      "times": [
        2.300559125,
        2.305284583,
        2.302360583,
        2.304692125,
        2.302270292,
        2.302709792,
        2.304384083,
        2.306561792,
        2.305485417,
        2.301002917,
        2.297396125,
        2.306267125,
        2.305586792,
        2.299645333,
        2.307825041,
        2.308590792,
        2.30080175,
        2.302555209,
        2.302882125,
        2.305801625
      ],
      "exit_codes": [
        0,
        0,
        0,
        0,
        0,
        0,
        0,
        0,
        0,
        0,
        0,
        0,
        0,
        0,
        0,
        0,
        0,
        0,
        0,
        0
      ]
    },
    {
      "command": "python-cpython:towers",
      "mean": 19.9474278605,
      "stddev": 0.07976578741561463,
      "median": 19.939146854,
      "user": 19.911672849999995,
      "system": 0.00480855,
      "min": 19.875213792,
      "max": 20.260390292,
      "times": [
        19.939954083,
        19.930050167,
        19.921812292,
        19.962032333,
        19.977175958,
        19.946086917,
        19.944528834,
        19.886494584,
        19.943921292,
        19.988719583,
        19.938339625,
        19.94544425,
        19.904117334,
        20.260390292,
        19.915995958,
        19.954405833,
        19.896191958,
        19.936895333,
        19.875213792,
        19.880786792
      ],
      "exit_codes": [
        0,
        0,
        0,
        0,
        0,
        0,
        0,
        0,
        0,
        0,
        0,
        0,
        0,
        0,
        0,
        0,
        0,
        0,
        0,
        0
      ]
    },
    {
      "command": "python-pypy:towers",
      "mean": 2.5031748833500007,
      "stddev": 0.002154033395849584,
      "median": 2.5030598955,
      "user": 2.4731309,
      "system": 0.024601949999999994,
      "min": 2.5005529170000003,
      "max": 2.50922125,
      "times": [
        2.502492542,
        2.503353542,
        2.5079975,
        2.501045083,
        2.503275583,
        2.503000291,
        2.504199167,
        2.5020993750000002,
        2.5005529170000003,
        2.503757833,
        2.503194583,
        2.501442958,
        2.503985167,
        2.501749959,
        2.504118042,
        2.50922125,
        2.5031195,
        2.50168475,
        2.5018383330000002,
        2.501369292
      ],
      "exit_codes": [
        0,
        0,
        0,
        0,
        0,
        0,
        0,
        0,
        0,
        0,
        0,
        0,
        0,
        0,
        0,
        0,
        0,
        0,
        0,
        0
      ]
    },
    {
      "command": "lua-luajit:towers",
      "mean": 0.7328152416000002,
      "stddev": 0.020721595865711248,
      "median": 0.7262465205,
      "user": 0.7263647499999999,
      "system": 0.00396375,
      "min": 0.711709958,
      "max": 0.7771282500000001,
      "times": [
        0.7141748750000001,
        0.727096916,
        0.716145125,
        0.724156333,
        0.71451175,
        0.7675950420000001,
        0.723958458,
        0.758019958,
        0.726774958,
        0.7771282500000001,
        0.713695041,
        0.7277631670000001,
        0.724753375,
        0.7257180830000001,
        0.711709958,
        0.749091542,
        0.7285247920000001,
        0.775278,
        0.722919167,
        0.727290042
      ],
      "exit_codes": [
        0,
        0,
        0,
        0,
        0,
        0,
        0,
        0,
        0,
        0,
        0,
        0,
        0,
        0,
        0,
        0,
        0,
        0,
        0,
        0
      ]
    },
    {
      "command": "effekt-jit-no-specialization:towers",
      "mean": 1.4934294311499998,
      "stddev": 0.002929653597506191,
      "median": 1.4929209375,
      "user": 1.47911675,
      "system": 0.009199549999999999,
      "min": 1.490539875,
      "max": 1.504464333,
      "times": [
        1.494888375,
        1.4940847910000001,
        1.4924386250000001,
        1.492241709,
        1.4941226250000001,
        1.494426291,
        1.492496125,
        1.4906302500000002,
        1.4929599580000001,
        1.490539875,
        1.493035958,
        1.492358375,
        1.504464333,
        1.492536875,
        1.492881917,
        1.495275667,
        1.493893084,
        1.493206916,
        1.491401458,
        1.490705416
      ],
      "exit_codes": [
        0,
        0,
        0,
        0,
        0,
        0,
        0,
        0,
        0,
        0,
        0,
        0,
        0,
        0,
        0,
        0,
        0,
        0,
        0,
        0
      ]
    },
    {
      "command": "effekt-jit-no-opt:towers",
      "mean": 2.77992516875,
      "stddev": 0.005045017209475603,
      "median": 2.7813531874999997,
      "user": 2.7625076500000003,
      "system": 0.01191175,
      "min": 2.7701572910000003,
      "max": 2.788698542,
      "times": [
        2.781871125,
        2.784384625,
        2.784683875,
        2.774590792,
        2.788698542,
        2.7738225,
        2.7714082920000003,
        2.7788767500000002,
        2.7701572910000003,
        2.782105292,
        2.780805167,
        2.776941834,
        2.783237166,
        2.7808365,
        2.7841235,
        2.783446542,
        2.781869875,
        2.773127166,
        2.784266875,
        2.779249666
      ],
      "exit_codes": [
        0,
        0,
        0,
        0,
        0,
        0,
        0,
        0,
        0,
        0,
        0,
        0,
        0,
        0,
        0,
        0,
        0,
        0,
        0,
        0
      ]
    },
    {
      "command": "effekt-js:towers",
      "mean": 2.8186675958,