[6a7b70] {jit-log-opt-loop
# Loop 2 (231<main.rpyeffect:223(Name(fibonacci_48))>+1: {"op": "Jump", "target": 17}) : loop with 120 ops
[p0, p1, p2, p3, p4]
+232: p5 = getfield_gc_r(p2, descr=<FieldP rpyeffect.environment.Environment.inst_values_num 16>)
+240: i7 = getarrayitem_gc_i(p5, 0, descr=<ArrayS 8>)
+244: i9 = getarrayitem_gc_i(p5, 1, descr=<ArrayS 8>)
+248: i11 = getarrayitem_gc_i(p5, 2, descr=<ArrayS 8>)
+252: i13 = getarrayitem_gc_i(p5, 3, descr=<ArrayS 8>)
+256: i15 = getarrayitem_gc_i(p5, 4, descr=<ArrayS 8>)
+260: i17 = getarrayitem_gc_i(p5, 5, descr=<ArrayS 8>)
+264: i19 = getarrayitem_gc_i(p5, 6, descr=<ArrayS 8>)
+268: i21 = getarrayitem_gc_i(p5, 7, descr=<ArrayS 8>)
+272: i23 = getarrayitem_gc_i(p5, 8, descr=<ArrayS 8>)
+276: i25 = getarrayitem_gc_i(p5, 9, descr=<ArrayS 8>)
+280: i27 = getarrayitem_gc_i(p5, 10, descr=<ArrayS 8>)
+284: i29 = getarrayitem_gc_i(p5, 11, descr=<ArrayS 8>)
+288: i31 = getarrayitem_gc_i(p5, 12, descr=<ArrayS 8>)
+292: i33 = getarrayitem_gc_i(p5, 13, descr=<ArrayS 8>)
+296: i35 = getarrayitem_gc_i(p5, 14, descr=<ArrayS 8>)
+304: i37 = getarrayitem_gc_i(p5, 15, descr=<ArrayS 8>)
+308: p38 = getfield_gc_r(p2, descr=<FieldP rpyeffect.environment.Environment.inst_values_ptr 24>)
+312: p40 = getarrayitem_gc_r(p38, 0, descr=<ArrayP 8>)
+320: p42 = getarrayitem_gc_r(p38, 1, descr=<ArrayP 8>)
+328: p44 = getarrayitem_gc_r(p38, 2, descr=<ArrayP 8>)
+336: p46 = getarrayitem_gc_r(p38, 3, descr=<ArrayP 8>)
+344: p48 = getarrayitem_gc_r(p38, 4, descr=<ArrayP 8>)
+352: p50 = getarrayitem_gc_r(p38, 5, descr=<ArrayP 8>)
+360: p52 = getarrayitem_gc_r(p38, 6, descr=<ArrayP 8>)
+368: p54 = getarrayitem_gc_r(p38, 7, descr=<ArrayP 8>)
+376: p56 = getarrayitem_gc_r(p38, 8, descr=<ArrayP 8>)
+384: p58 = getarrayitem_gc_r(p38, 9, descr=<ArrayP 8>)
+392: p60 = getarrayitem_gc_r(p38, 10, descr=<ArrayP 8>)
+400: p62 = getarrayitem_gc_r(p38, 11, descr=<ArrayP 8>)
+408: p64 = getarrayitem_gc_r(p38, 12, descr=<ArrayP 8>)
+416: p66 = getarrayitem_gc_r(p38, 13, descr=<ArrayP 8>)
+424: p68 = getarrayitem_gc_r(p38, 14, descr=<ArrayP 8>)
+432: p70 = getarrayitem_gc_r(p38, 15, descr=<ArrayP 8>)
+436: label(p0, p1, p2, p3, p4, i7, i9, i11, i13, i15, i17, i19, i21, i23, i25, i27, i29, i31, i33, i35, i37, p40, p42, p44, p46, p48, p50, p52, p54, p56, p58, p60, p62, p64, p66, p68, p70, descr=TargetToken(5372810432))
debug_merge_point(0, 0, '231<main.rpyeffect:223(Name(fibonacci_48))>+1: {"op": "Jump". "target": 17}')
+496: guard_not_invalidated(descr=<Guard0x1403e3a40>) [p2, i7, i9, i11, i13, i15, i17, i19, i21, i23, i25, i27, i29, i31, i33, i35, i37, p40, p42, p44, p46, p48, p50, p52, p54, p56, p58, p60, p62, p64, p66, p68, p70, p0, p1, p3, p4]
+500: guard_nonnull(p1, descr=<Guard0x1403f4aa0>) [p2, i7, i9, i11, i13, i15, i17, i19, i21, i23, i25, i27, i29, i31, i33, i35, i37, p40, p42, p44, p46, p48, p50, p52, p54, p56, p58, p60, p62, p64, p66, p68, p70, p0, p1, p3, p4]
+512: i71 = getfield_gc_i(p1, descr=<FieldS rpyeffect.stored_environment.Stack__arb_arb.inst_target 16 pure>)
+520: guard_value(i71, 230, descr=<Guard0x1403f4ae0>) [p2, i7, i9, i11, i13, i15, i17, i19, i21, i23, i25, i27, i29, i31, i33, i35, i37, p40, p42, p44, p46, p48, p50, p52, p54, p56, p58, p60, p62, p64, p66, p68, p70, p0, p1, p3, p4]
debug_merge_point(0, 0, '17<main.rpyeffect:9(Name(=_0))>+0: {"op": "New". "out": 0. "targets": [10. 12. 14. 16]. "args": {"num": [0]. "ptr": []}}')
debug_merge_point(0, 0, '17<main.rpyeffect:9(Name(=_0))>+1: {"op": "Return". "args": {"num": []. "ptr": [0]}}')
+532: i73 = getfield_gc_i(p1, descr=<FieldS rpyeffect.stored_environment.Stack__1_0.inst_values_num_0 40 pure>)
+536: p74 = getfield_gc_r(p1, descr=<FieldP rpyeffect.stored_environment.Stack__arb_arb.inst_tail 8 pure>)
debug_merge_point(0, 0, '230<main.rpyeffect:222([k@Name(fibonacci_48)#548])>+0: {"op": "Const". "type": "num". "out": 1. "value": 0}')
debug_merge_point(0, 0, '230<main.rpyeffect:222([k@Name(fibonacci_48)#548])>+1: {"op": "Push". "target": 229. "args": {"num": [0]. "ptr": []}}')
debug_merge_point(0, 0, '230<main.rpyeffect:222([k@Name(fibonacci_48)#548])>+2: {"op": "Copy". "type": "num". "from": 1. "to". 0}')
debug_merge_point(0, 0, '230<main.rpyeffect:222([k@Name(fibonacci_48)#548])>+3: {"op": "Invoke". "receiver": 0. "tag": Interned(%apply(n):n). "args" : {"num": [0]. "ptr": []}}')
debug_merge_point(0, 0, '10<main.rpyeffect:2([method_%apply(n):n@Name(=_0)#7])>+0: {"op": "Jump". "target": 8}')
debug_merge_point(0, 0, '8<main.rpyeffect:0([mcore:[#9]#3])>+0: {"op": "PrimOp". "name": "infixEq(Int. Int): Boolean". "out": {"num": [0]. "ptr": []}. "in": {"num": [1. 0]. "ptr": []}}')
+540: i76 = int_eq(i7, 0)
guard_false(i76, descr=<Guard0x1403f4b20>) [p2, i7, i9, i11, i13, i15, i17, i19, i21, i23, i25, i27, i29, i31, i33, i35, i37, p40, p42, p44, p46, p48, p50, p52, p54, p56, p58, p60, p62, p64, p66, p68, p70, p0, p1, p3, p4]
debug_merge_point(0, 0, '8<main.rpyeffect:0([mcore:[#9]#3])>+1: {"op": "Return". "args": {"num": [0]. "ptr": []}}')
debug_merge_point(0, 0, '229<main.rpyeffect:221([k@[k@Name(fibonacci_48)#548]#552])>+0: {"op": "Switch". "scrutinee": 0. "values": [1]. "targets": [211]. "default": 228}')
+548: guard_nonnull(p74, descr=<Guard0x1403f56e0>) [p2, i7, i9, i11, i13, i15, i17, i19, i21, i23, i25, i27, i29, i31, i33, i35, i37, p40, p42, p44, p46, p48, p50, p52, p54, p56, p58, p60, p62, p64, p66, p68, p70, p0, p1, p3, p4]
+556: i77 = getfield_gc_i(p74, descr=<FieldS rpyeffect.stored_environment.Stack__arb_arb.inst_target 16 pure>)
+560: guard_value(i77, 207, descr=<Guard0x1403f56a0>) [p2, i7, i9, i11, i13, i15, i17, i19, i21, i23, i25, i27, i29, i31, i33, i35, i37, p40, p42, p44, p46, p48, p50, p52, p54, p56, p58, p60, p62, p64, p66, p68, p70, p0, p1, p3, p4]
debug_merge_point(0, 0, '228<main.rpyeffect:220([switch default case#557])>+0: {"op": "Swap". "type": "num". "a": 1. "b". 0}')
debug_merge_point(0, 0, '228<main.rpyeffect:220([switch default case#557])>+1: {"op": "Switch". "scrutinee": 1. "values": [0]. "targets": [226]. "default": 227}')
debug_merge_point(0, 0, '226<main.rpyeffect:218([switch case for 0#558])>+0: {"op": "Push". "target": 225. "args": {"num": [0]. "ptr": []}}')
debug_merge_point(0, 0, '226<main.rpyeffect:218([switch case for 0#558])>+1: {"op": "Jump". "target": 17}')
debug_merge_point(0, 0, '17<main.rpyeffect:9(Name(=_0))>+0: {"op": "New". "out": 0. "targets": [10. 12. 14. 16]. "args": {"num": [0]. "ptr": []}}')
debug_merge_point(0, 0, '17<main.rpyeffect:9(Name(=_0))>+1: {"op": "Return". "args": {"num": []. "ptr": [0]}}')
debug_merge_point(0, 0, '225<main.rpyeffect:217([k@[switch case for 0#558]#560])>+0: {"op": "Const". "type": "num". "out": 1. "value": 1}')
debug_merge_point(0, 0, '225<main.rpyeffect:217([k@[switch case for 0#558]#560])>+1: {"op": "Push". "target": 224. "args": {"num": [0]. "ptr": []}}')
debug_merge_point(0, 0, '225<main.rpyeffect:217([k@[switch case for 0#558]#560])>+2: {"op": "Copy". "type": "num". "from": 1. "to". 0}')
debug_merge_point(0, 0, '225<main.rpyeffect:217([k@[switch case for 0#558]#560])>+3: {"op": "Invoke". "receiver": 0. "tag": Interned(%apply(n):n). "args" : {"num": [0]. "ptr": []}}')
debug_merge_point(0, 0, '10<main.rpyeffect:2([method_%apply(n):n@Name(=_0)#7])>+0: {"op": "Jump". "target": 8}')
debug_merge_point(0, 0, '8<main.rpyeffect:0([mcore:[#9]#3])>+0: {"op": "PrimOp". "name": "infixEq(Int. Int): Boolean". "out": {"num": [0]. "ptr": []}. "in": {"num": [1. 0]. "ptr": []}}')
+572: i80 = int_eq(i73, 1)
guard_true(i80, descr=<Guard0x1403f5660>) [p2, i7, i9, i11, i13, i15, i17, i19, i21, i23, i25, i27, i29, i31, i33, i35, i37, p40, p42, p44, p46, p48, p50, p52, p54, p56, p58, p60, p62, p64, p66, p68, p70, p0, p1, p3, p4]
debug_merge_point(0, 0, '8<main.rpyeffect:0([mcore:[#9]#3])>+1: {"op": "Return". "args": {"num": [0]. "ptr": []}}')
debug_merge_point(0, 0, '224<main.rpyeffect:216([k@[k@[switch case for 0#558]#560]#564])>+0: {"op": "Switch". "scrutinee": 0. "values": [1]. "targets": [212]. "default": 223}')
debug_merge_point(0, 0, '212<main.rpyeffect:204([switch case for 1#565])>+0: {"op": "Const". "type": "num". "out": 0. "value": 1}')
debug_merge_point(0, 0, '212<main.rpyeffect:204([switch case for 1#565])>+1: {"op": "PrimOp". "name": "box(Num): Ptr". "out": {"num": []. "ptr": [0]}. "in": {"num": [0]. "ptr": []}}')
debug_merge_point(0, 0, '212<main.rpyeffect:204([switch case for 1#565])>+2: {"op": "Return". "args": {"num": []. "ptr": [0]}}')
+580: p81 = getfield_gc_r(p74, descr=<FieldP rpyeffect.stored_environment.Stack__arb_arb.inst_tail 8 pure>)
+584: guard_nonnull(p81, descr=<Guard0x1403f5620>) [p2, i7, i9, i11, i13, i15, i17, i19, i21, i23, i25, i27, i29, i31, i33, i35, i37, p40, p42, p44, p46, p48, p50, p52, p54, p56, p58, p60, p62, p64, p66, p68, p70, p0, p1, p3, p4]
+592: i82 = getfield_gc_i(p81, descr=<FieldS rpyeffect.stored_environment.Stack__arb_arb.inst_target 16 pure>)
+596: guard_value(i82, 218, descr=<Guard0x1403f55e0>) [p2, i7, i9, i11, i13, i15, i17, i19, i21, i23, i25, i27, i29, i31, i33, i35, i37, p40, p42, p44, p46, p48, p50, p52, p54, p56, p58, p60, p62, p64, p66, p68, p70, p0, p1, p3, p4]
debug_merge_point(0, 0, '207<main.rpyeffect:199([k@[mcore:[eta-expanded fn#355]#533]#536])>+0: {"op": "PrimOp". "name": "unbox(Ptr): Num". "out": {"num": [0]. "ptr": []}. "in": {"num": []. "ptr": [0]}}')
debug_merge_point(0, 0, '207<main.rpyeffect:199([k@[mcore:[eta-expanded fn#355]#533]#536])>+1: {"op": "Return". "args": {"num": [0]. "ptr": []}}')
+608: i84 = getfield_gc_i(p81, descr=<FieldS rpyeffect.stored_environment.Stack__1_0.inst_values_num_0 40 pure>)
+612: p85 = getfield_gc_r(p81, descr=<FieldP rpyeffect.stored_environment.Stack__arb_arb.inst_tail 8 pure>)
debug_merge_point(0, 0, '218<main.rpyeffect:210([#578])>+0: {"op": "Push". "target": 217. "args": {"num": [1]. "ptr": []}}')
debug_merge_point(0, 0, '218<main.rpyeffect:210([#578])>+1: {"op": "Jump". "target": 143}')
debug_merge_point(0, 0, '143<main.rpyeffect:135(Name(+_27))>+0: {"op": "New". "out": 0. "targets": [136. 138. 140. 142]. "args": {"num": [0]. "ptr": []}}')
debug_merge_point(0, 0, '143<main.rpyeffect:135(Name(+_27))>+1: {"op": "Return". "args": {"num": []. "ptr": [0]}}')
debug_merge_point(0, 0, '217<main.rpyeffect:209([k@[#578]#580])>+0: {"op": "Push". "target": 216. "args": {"num": []. "ptr": [0]}}')
debug_merge_point(0, 0, '217<main.rpyeffect:209([k@[#578]#580])>+1: {"op": "Jump". "target": 186}')
debug_merge_point(0, 0, '186<main.rpyeffect:178(Name(-_34))>+0: {"op": "New". "out": 0. "targets": [179. 181. 183. 185]. "args": {"num": [0]. "ptr": []}}')
debug_merge_point(0, 0, '186<main.rpyeffect:178(Name(-_34))>+1: {"op": "Return". "args": {"num": []. "ptr": [0]}}')
debug_merge_point(0, 0, '216<main.rpyeffect:208([k@[k@[#578]#580]#582])>+0: {"op": "Const". "type": "num". "out": 0. "value": 2}')
debug_merge_point(0, 0, '216<main.rpyeffect:208([k@[k@[#578]#580]#582])>+1: {"op": "Push". "target": 215. "args": {"num": []. "ptr": [1]}}')
debug_merge_point(0, 0, '216<main.rpyeffect:208([k@[k@[#578]#580]#582])>+2: {"op": "Invoke". "receiver": 0. "tag": Interned(%apply(n):n). "args" : {"num": [0]. "ptr": []}}')
debug_merge_point(0, 0, '179<main.rpyeffect:171([method_%apply(n):n@Name(-_34)#469])>+0: {"op": "Jump". "target": 177}')
debug_merge_point(0, 0, '177<main.rpyeffect:169([mcore:[#24]#465])>+0: {"op": "PrimOp". "name": "infixSub(Int. Int): Int". "out": {"num": [0]. "ptr": []}. "in": {"num": [1. 0]. "ptr": []}}')
+616: i87 = int_sub(i84, 2)
debug_merge_point(0, 0, '177<main.rpyeffect:169([mcore:[#24]#465])>+1: {"op": "Return". "args": {"num": [0]. "ptr": []}}')
debug_merge_point(0, 0, '215<main.rpyeffect:207([k@[k@[k@[#578]#580]#582]#586])>+0: {"op": "Push". "target": 214. "args": {"num": []. "ptr": [0]}}')
debug_merge_point(0, 0, '215<main.rpyeffect:207([k@[k@[k@[#578]#580]#582]#586])>+1: {"op": "Jump". "target": 210}')
debug_merge_point(0, 0, '210<main.rpyeffect:202([mcore:[eta-expanded fn#360]#540])>+0: {"op": "Push". "target": 209. "args": {"num": []. "ptr": []}}')
debug_merge_point(0, 0, '210<main.rpyeffect:202([mcore:[eta-expanded fn#360]#540])>+1: {"op": "Jump". "target": 231}')
debug_merge_point(0, 0, '231<main.rpyeffect:223(Name(fibonacci_48))>+0: {"op": "Push". "target": 230. "args": {"num": [0]. "ptr": []}}')
debug_merge_point(0, 0, '231<main.rpyeffect:223(Name(fibonacci_48))>+1: {"op": "Jump". "target": 17}')
+620: p88 = new_with_vtable(descr=<SizeDescr 48>)
+728: p89 = new_with_vtable(descr=<SizeDescr 40>)
+740: p90 = new_with_vtable(descr=<SizeDescr 48>)
+752: setfield_gc(p90, p85, descr=<FieldP rpyeffect.stored_environment.Stack__arb_arb.inst_tail 8 pure>)
+756: setfield_gc(p90, 214, descr=<FieldS rpyeffect.stored_environment.Stack__arb_arb.inst_target 16 pure>)
+764: p92 = new_with_vtable(descr=<SizeDescr 40>)
+780: setfield_gc(p92, ConstPtr(ptr93), descr=<FieldP rpyeffect.stored_environment.CoData__arb_arb.inst_vtable 24 pure>)
+784: setfield_gc(p92, 1, descr=<FieldS rpyeffect.stored_environment.CoData__1_0.inst_values_num_0 32 pure>)
+792: setfield_gc(p90, p92, descr=<FieldP rpyeffect.stored_environment.Stack__0_1.inst_values_ptr_0 40 pure>)
+796: setfield_gc(p89, p90, descr=<FieldP rpyeffect.stored_environment.Stack__arb_arb.inst_tail 8 pure>)
+800: setfield_gc(p89, 209, descr=<FieldS rpyeffect.stored_environment.Stack__arb_arb.inst_target 16 pure>)
+808: setfield_gc(p88, 230, descr=<FieldS rpyeffect.stored_environment.Stack__arb_arb.inst_target 16 pure>)
+816: setfield_gc(p88, i87, descr=<FieldS rpyeffect.stored_environment.Stack__1_0.inst_values_num_0 40 pure>)
+820: setfield_gc(p88, p89, descr=<FieldP rpyeffect.stored_environment.Stack__arb_arb.inst_tail 8 pure>)
+888: jump(p0, p88, p2, p3, p4, i87, i84, i11, i13, i15, i17, i19, i21, i23, i25, i27, i29, i31, i33, i35, i37, p92, p92, p44, p46, p48, p50, p52, p54, p56, p58, p60, p62, p64, p66, p68, p70, descr=TargetToken(5372810432))
+912: --end of the loop--
[6e47ef] jit-log-opt-loop}
[762b4d] {jit-log-opt-loop
# Loop 3 (230<main.rpyeffect:222([k@Name(fibonacci_48)#548])>+2: {"op": "Copy", "type": "num", "from": 1, "to", 0}) : entry bridge with 105 ops
[p0, p1, p2, p3, p4]
+232: p5 = getfield_gc_r(p2, descr=<FieldP rpyeffect.environment.Environment.inst_values_num 16>)
+240: i7 = getarrayitem_gc_i(p5, 0, descr=<ArrayS 8>)
+244: i9 = getarrayitem_gc_i(p5, 1, descr=<ArrayS 8>)
+248: i11 = getarrayitem_gc_i(p5, 2, descr=<ArrayS 8>)
+252: i13 = getarrayitem_gc_i(p5, 3, descr=<ArrayS 8>)
+256: i15 = getarrayitem_gc_i(p5, 4, descr=<ArrayS 8>)
+260: i17 = getarrayitem_gc_i(p5, 5, descr=<ArrayS 8>)
+264: i19 = getarrayitem_gc_i(p5, 6, descr=<ArrayS 8>)
+268: i21 = getarrayitem_gc_i(p5, 7, descr=<ArrayS 8>)
+272: i23 = getarrayitem_gc_i(p5, 8, descr=<ArrayS 8>)
+276: i25 = getarrayitem_gc_i(p5, 9, descr=<ArrayS 8>)
+280: i27 = getarrayitem_gc_i(p5, 10, descr=<ArrayS 8>)
+284: i29 = getarrayitem_gc_i(p5, 11, descr=<ArrayS 8>)
+288: i31 = getarrayitem_gc_i(p5, 12, descr=<ArrayS 8>)
+292: i33 = getarrayitem_gc_i(p5, 13, descr=<ArrayS 8>)
+296: i35 = getarrayitem_gc_i(p5, 14, descr=<ArrayS 8>)
+304: i37 = getarrayitem_gc_i(p5, 15, descr=<ArrayS 8>)
+308: p38 = getfield_gc_r(p2, descr=<FieldP rpyeffect.environment.Environment.inst_values_ptr 24>)
+312: p40 = getarrayitem_gc_r(p38, 0, descr=<ArrayP 8>)
+320: p42 = getarrayitem_gc_r(p38, 1, descr=<ArrayP 8>)
+328: p44 = getarrayitem_gc_r(p38, 2, descr=<ArrayP 8>)
+336: p46 = getarrayitem_gc_r(p38, 3, descr=<ArrayP 8>)
+344: p48 = getarrayitem_gc_r(p38, 4, descr=<ArrayP 8>)
+352: p50 = getarrayitem_gc_r(p38, 5, descr=<ArrayP 8>)
+360: p52 = getarrayitem_gc_r(p38, 6, descr=<ArrayP 8>)
+368: p54 = getarrayitem_gc_r(p38, 7, descr=<ArrayP 8>)
+376: p56 = getarrayitem_gc_r(p38, 8, descr=<ArrayP 8>)
+384: p58 = getarrayitem_gc_r(p38, 9, descr=<ArrayP 8>)
+392: p60 = getarrayitem_gc_r(p38, 10, descr=<ArrayP 8>)
+400: p62 = getarrayitem_gc_r(p38, 11, descr=<ArrayP 8>)
+408: p64 = getarrayitem_gc_r(p38, 12, descr=<ArrayP 8>)
+416: p66 = getarrayitem_gc_r(p38, 13, descr=<ArrayP 8>)
+424: p68 = getarrayitem_gc_r(p38, 14, descr=<ArrayP 8>)
+432: p70 = getarrayitem_gc_r(p38, 15, descr=<ArrayP 8>)
debug_merge_point(0, 0, '230<main.rpyeffect:222([k@Name(fibonacci_48)#548])>+2: {"op": "Copy". "type": "num". "from": 1. "to". 0}')
+436: guard_not_invalidated(descr=<Guard0x140432078>) [p2, i7, i9, i11, i13, i15, i17, i19, i21, i23, i25, i27, i29, i31, i33, i35, i37, p40, p42, p44, p46, p48, p50, p52, p54, p56, p58, p60, p62, p64, p66, p68, p70, p0, p1, p3, p4]
debug_merge_point(0, 0, '230<main.rpyeffect:222([k@Name(fibonacci_48)#548])>+3: {"op": "Invoke". "receiver": 0. "tag": Interned(%apply(n):n). "args" : {"num": [0]. "ptr": []}}')
+440: p71 = getfield_gc_r(p40, descr=<FieldP rpyeffect.stored_environment.CoData__arb_arb.inst_vtable 24 pure>)
+456: guard_value(p71, ConstPtr(ptr72), descr=<Guard0x1403f5720>) [p2, i7, i9, i11, i13, i15, i17, i19, i21, i23, i25, i27, i29, i31, i33, i35, i37, p40, p42, p44, p46, p48, p50, p52, p54, p56, p58, p60, p62, p64, p66, p68, p70, p0, p1, p3, p4]
+464: i73 = getfield_gc_i(p40, descr=<FieldS rpyeffect.stored_environment.CoData__1_0.inst_values_num_0 32 pure>)
+468: guard_nonnull(p1, descr=<Guard0x1403f5760>) [p2, i7, i9, i11, i13, i15, i17, i19, i21, i23, i25, i27, i29, i31, i33, i35, i37, p40, p42, p44, p46, p48, p50, p52, p54, p56, p58, p60, p62, p64, p66, p68, p70, p0, p1, p3, p4]
+480: i74 = getfield_gc_i(p1, descr=<FieldS rpyeffect.stored_environment.Stack__arb_arb.inst_target 16 pure>)
+492: guard_value(i74, 229, descr=<Guard0x1403f57a0>) [p2, i7, i9, i11, i13, i15, i17, i19, i21, i23, i25, i27, i29, i31, i33, i35, i37, p40, p42, p44, p46, p48, p50, p52, p54, p56, p58, p60, p62, p64, p66, p68, p70, p0, p1, p3, p4]
debug_merge_point(0, 0, '10<main.rpyeffect:2([method_%apply(n):n@Name(=_0)#7])>+0: {"op": "Jump". "target": 8}')
debug_merge_point(0, 0, '8<main.rpyeffect:0([mcore:[#9]#3])>+0: {"op": "PrimOp". "name": "infixEq(Int. Int): Boolean". "out": {"num": [0]. "ptr": []}. "in": {"num": [1. 0]. "ptr": []}}')
+504: i76 = int_eq(i73, i9)
guard_false(i76, descr=<Guard0x1403f57e0>) [p2, i7, i9, i11, i13, i15, i17, i19, i21, i23, i25, i27, i29, i31, i33, i35, i37, p40, p42, p44, p46, p48, p50, p52, p54, p56, p58, p60, p62, p64, p66, p68, p70, p0, p1, p3, p4]
debug_merge_point(0, 0, '8<main.rpyeffect:0([mcore:[#9]#3])>+1: {"op": "Return". "args": {"num": [0]. "ptr": []}}')
+512: i77 = getfield_gc_i(p1, descr=<FieldS rpyeffect.stored_environment.Stack__1_0.inst_values_num_0 40 pure>)
+516: p78 = getfield_gc_r(p1, descr=<FieldP rpyeffect.stored_environment.Stack__arb_arb.inst_tail 8 pure>)
debug_merge_point(0, 0, '229<main.rpyeffect:221([k@[k@Name(fibonacci_48)#548]#552])>+0: {"op": "Switch". "scrutinee": 0. "values": [1]. "targets": [211]. "default": 228}')
+520: guard_nonnull(p78, descr=<Guard0x1403f5820>) [p2, i7, i9, i11, i13, i15, i17, i19, i21, i23, i25, i27, i29, i31, i33, i35, i37, p40, p42, p44, p46, p48, p50, p52, p54, p56, p58, p60, p62, p64, p66, p68, p70, p0, p1, p3, p4]
+528: i79 = getfield_gc_i(p78, descr=<FieldS rpyeffect.stored_environment.Stack__arb_arb.inst_target 16 pure>)
+536: guard_value(i79, 209, descr=<Guard0x1403f5860>) [p2, i7, i9, i11, i13, i15, i17, i19, i21, i23, i25, i27, i29, i31, i33, i35, i37, p40, p42, p44, p46, p48, p50, p52, p54, p56, p58, p60, p62, p64, p66, p68, p70, p0, p1, p3, p4]
debug_merge_point(0, 0, '228<main.rpyeffect:220([switch default case#557])>+0: {"op": "Swap". "type": "num". "a": 1. "b". 0}')
debug_merge_point(0, 0, '228<main.rpyeffect:220([switch default case#557])>+1: {"op": "Switch". "scrutinee": 1. "values": [0]. "targets": [226]. "default": 227}')
debug_merge_point(0, 0, '226<main.rpyeffect:218([switch case for 0#558])>+0: {"op": "Push". "target": 225. "args": {"num": [0]. "ptr": []}}')
debug_merge_point(0, 0, '226<main.rpyeffect:218([switch case for 0#558])>+1: {"op": "Jump". "target": 17}')
debug_merge_point(0, 0, '17<main.rpyeffect:9(Name(=_0))>+0: {"op": "New". "out": 0. "targets": [10. 12. 14. 16]. "args": {"num": [0]. "ptr": []}}')
debug_merge_point(0, 0, '17<main.rpyeffect:9(Name(=_0))>+1: {"op": "Return". "args": {"num": []. "ptr": [0]}}')
debug_merge_point(0, 0, '225<main.rpyeffect:217([k@[switch case for 0#558]#560])>+0: {"op": "Const". "type": "num". "out": 1. "value": 1}')
debug_merge_point(0, 0, '225<main.rpyeffect:217([k@[switch case for 0#558]#560])>+1: {"op": "Push". "target": 224. "args": {"num": [0]. "ptr": []}}')
debug_merge_point(0, 0, '225<main.rpyeffect:217([k@[switch case for 0#558]#560])>+2: {"op": "Copy". "type": "num". "from": 1. "to". 0}')
debug_merge_point(0, 0, '225<main.rpyeffect:217([k@[switch case for 0#558]#560])>+3: {"op": "Invoke". "receiver": 0. "tag": Interned(%apply(n):n). "args" : {"num": [0]. "ptr": []}}')
debug_merge_point(0, 0, '10<main.rpyeffect:2([method_%apply(n):n@Name(=_0)#7])>+0: {"op": "Jump". "target": 8}')
debug_merge_point(0, 0, '8<main.rpyeffect:0([mcore:[#9]#3])>+0: {"op": "PrimOp". "name": "infixEq(Int. Int): Boolean". "out": {"num": [0]. "ptr": []}. "in": {"num": [1. 0]. "ptr": []}}')
+548: i82 = int_eq(i77, 1)
guard_false(i82, descr=<Guard0x1403f58a0>) [p2, i7, i9, i11, i13, i15, i17, i19, i21, i23, i25, i27, i29, i31, i33, i35, i37, p40, p42, p44, p46, p48, p50, p52, p54, p56, p58, p60, p62, p64, p66, p68, p70, p0, p1, p3, p4]
debug_merge_point(0, 0, '8<main.rpyeffect:0([mcore:[#9]#3])>+1: {"op": "Return". "args": {"num": [0]. "ptr": []}}')
debug_merge_point(0, 0, '224<main.rpyeffect:216([k@[k@[switch case for 0#558]#560]#564])>+0: {"op": "Switch". "scrutinee": 0. "values": [1]. "targets": [212]. "default": 223}')
debug_merge_point(0, 0, '223<main.rpyeffect:215([switch default case#569])>+0: {"op": "Swap". "type": "num". "a": 1. "b". 0}')
debug_merge_point(0, 0, '223<main.rpyeffect:215([switch default case#569])>+1: {"op": "Switch". "scrutinee": 1. "values": [0]. "targets": [221]. "default": 222}')
debug_merge_point(0, 0, '221<main.rpyeffect:213([switch case for 0#570])>+0: {"op": "Push". "target": 220. "args": {"num": [0]. "ptr": []}}')
debug_merge_point(0, 0, '221<main.rpyeffect:213([switch case for 0#570])>+1: {"op": "Jump". "target": 186}')
debug_merge_point(0, 0, '186<main.rpyeffect:178(Name(-_34))>+0: {"op": "New". "out": 0. "targets": [179. 181. 183. 185]. "args": {"num": [0]. "ptr": []}}')
debug_merge_point(0, 0, '186<main.rpyeffect:178(Name(-_34))>+1: {"op": "Return". "args": {"num": []. "ptr": [0]}}')
debug_merge_point(0, 0, '220<main.rpyeffect:212([k@[switch case for 0#570]#572])>+0: {"op": "Const". "type": "num". "out": 1. "value": 1}')
debug_merge_point(0, 0, '220<main.rpyeffect:212([k@[switch case for 0#570]#572])>+1: {"op": "Push". "target": 219. "args": {"num": [0]. "ptr": []}}')
debug_merge_point(0, 0, '220<main.rpyeffect:212([k@[switch case for 0#570]#572])>+2: {"op": "Copy". "type": "num". "from": 1. "to". 0}')
debug_merge_point(0, 0, '220<main.rpyeffect:212([k@[switch case for 0#570]#572])>+3: {"op": "Invoke". "receiver": 0. "tag": Interned(%apply(n):n). "args" : {"num": [0]. "ptr": []}}')
debug_merge_point(0, 0, '179<main.rpyeffect:171([method_%apply(n):n@Name(-_34)#469])>+0: {"op": "Jump". "target": 177}')
debug_merge_point(0, 0, '177<main.rpyeffect:169([mcore:[#24]#465])>+0: {"op": "PrimOp". "name": "infixSub(Int. Int): Int". "out": {"num": [0]. "ptr": []}. "in": {"num": [1. 0]. "ptr": []}}')
+556: i84 = int_sub(i77, 1)
debug_merge_point(0, 0, '177<main.rpyeffect:169([mcore:[#24]#465])>+1: {"op": "Return". "args": {"num": [0]. "ptr": []}}')
debug_merge_point(0, 0, '219<main.rpyeffect:211([k@[k@[switch case for 0#570]#572]#576])>+0: {"op": "Push". "target": 218. "args": {"num": [1]. "ptr": []}}')
debug_merge_point(0, 0, '219<main.rpyeffect:211([k@[k@[switch case for 0#570]#572]#576])>+1: {"op": "Jump". "target": 208}')
debug_merge_point(0, 0, '208<main.rpyeffect:200([mcore:[eta-expanded fn#355]#533])>+0: {"op": "Push". "target": 207. "args": {"num": []. "ptr": []}}')
debug_merge_point(0, 0, '208<main.rpyeffect:200([mcore:[eta-expanded fn#355]#533])>+1: {"op": "Jump". "target": 231}')
debug_merge_point(0, 0, '231<main.rpyeffect:223(Name(fibonacci_48))>+0: {"op": "Push". "target": 230. "args": {"num": [0]. "ptr": []}}')
debug_merge_point(0, 0, '231<main.rpyeffect:223(Name(fibonacci_48))>+1: {"op": "Jump". "target": 17}')
+560: p85 = new_with_vtable(descr=<SizeDescr 48>)
+672: p86 = new_with_vtable(descr=<SizeDescr 40>)
+684: p87 = new_with_vtable(descr=<SizeDescr 48>)
+696: setfield_gc(p87, p78, descr=<FieldP rpyeffect.stored_environment.Stack__arb_arb.inst_tail 8 pure>)
+700: setfield_gc(p87, 218, descr=<FieldS rpyeffect.stored_environment.Stack__arb_arb.inst_target 16 pure>)
+708: setfield_gc(p87, i77, descr=<FieldS rpyeffect.stored_environment.Stack__1_0.inst_values_num_0 40 pure>)
+712: setfield_gc(p86, p87, descr=<FieldP rpyeffect.stored_environment.Stack__arb_arb.inst_tail 8 pure>)
+716: setfield_gc(p86, 207, descr=<FieldS rpyeffect.stored_environment.Stack__arb_arb.inst_target 16 pure>)
+724: p90 = new_with_vtable(descr=<SizeDescr 40>)
+740: setfield_gc(p90, ConstPtr(ptr91), descr=<FieldP rpyeffect.stored_environment.CoData__arb_arb.inst_vtable 24 pure>)
+744: setfield_gc(p90, i77, descr=<FieldS rpyeffect.stored_environment.CoData__1_0.inst_values_num_0 32 pure>)
+748: setfield_gc(p85, 230, descr=<FieldS rpyeffect.stored_environment.Stack__arb_arb.inst_target 16 pure>)
+756: setfield_gc(p85, i84, descr=<FieldS rpyeffect.stored_environment.Stack__1_0.inst_values_num_0 40 pure>)
+760: setfield_gc(p85, p86, descr=<FieldP rpyeffect.stored_environment.Stack__arb_arb.inst_tail 8 pure>)
+828: jump(p0, p85, p2, p3, p4, i84, i77, i11, i13, i15, i17, i19, i21, i23, i25, i27, i29, i31, i33, i35, i37, p90, p42, p44, p46, p48, p50, p52, p54, p56, p58, p60, p62, p64, p66, p68, p70, descr=TargetToken(5372810432))
+1016: --end of the loop--
[778266] jit-log-opt-loop}
[81a32c] {jit-log-opt-loop
# Loop 4 (10<main.rpyeffect:2([method_%apply(n):n@Name(=_0)#7])>+0: {"op": "Jump", "target": 8}) : entry bridge with 117 ops
[p0, p1, p2, p3, p4]
+264: p5 = getfield_gc_r(p2, descr=<FieldP rpyeffect.environment.Environment.inst_values_num 16>)
+272: i7 = getarrayitem_gc_i(p5, 0, descr=<ArrayS 8>)
+276: i9 = getarrayitem_gc_i(p5, 1, descr=<ArrayS 8>)
+280: i11 = getarrayitem_gc_i(p5, 2, descr=<ArrayS 8>)
+284: i13 = getarrayitem_gc_i(p5, 3, descr=<ArrayS 8>)
+288: i15 = getarrayitem_gc_i(p5, 4, descr=<ArrayS 8>)
+292: i17 = getarrayitem_gc_i(p5, 5, descr=<ArrayS 8>)
+296: i19 = getarrayitem_gc_i(p5, 6, descr=<ArrayS 8>)
+300: i21 = getarrayitem_gc_i(p5, 7, descr=<ArrayS 8>)
+304: i23 = getarrayitem_gc_i(p5, 8, descr=<ArrayS 8>)
+308: i25 = getarrayitem_gc_i(p5, 9, descr=<ArrayS 8>)
+312: i27 = getarrayitem_gc_i(p5, 10, descr=<ArrayS 8>)
+316: i29 = getarrayitem_gc_i(p5, 11, descr=<ArrayS 8>)
+320: i31 = getarrayitem_gc_i(p5, 12, descr=<ArrayS 8>)
+324: i33 = getarrayitem_gc_i(p5, 13, descr=<ArrayS 8>)
+328: i35 = getarrayitem_gc_i(p5, 14, descr=<ArrayS 8>)
+336: i37 = getarrayitem_gc_i(p5, 15, descr=<ArrayS 8>)
+340: p38 = getfield_gc_r(p2, descr=<FieldP rpyeffect.environment.Environment.inst_values_ptr 24>)
+344: p40 = getarrayitem_gc_r(p38, 0, descr=<ArrayP 8>)
+352: p42 = getarrayitem_gc_r(p38, 1, descr=<ArrayP 8>)
+360: p44 = getarrayitem_gc_r(p38, 2, descr=<ArrayP 8>)
+368: p46 = getarrayitem_gc_r(p38, 3, descr=<ArrayP 8>)
+376: p48 = getarrayitem_gc_r(p38, 4, descr=<ArrayP 8>)
+384: p50 = getarrayitem_gc_r(p38, 5, descr=<ArrayP 8>)
+392: p52 = getarrayitem_gc_r(p38, 6, descr=<ArrayP 8>)
+400: p54 = getarrayitem_gc_r(p38, 7, descr=<ArrayP 8>)
+408: p56 = getarrayitem_gc_r(p38, 8, descr=<ArrayP 8>)
+416: p58 = getarrayitem_gc_r(p38, 9, descr=<ArrayP 8>)
+424: p60 = getarrayitem_gc_r(p38, 10, descr=<ArrayP 8>)
+432: p62 = getarrayitem_gc_r(p38, 11, descr=<ArrayP 8>)
+440: p64 = getarrayitem_gc_r(p38, 12, descr=<ArrayP 8>)
+448: p66 = getarrayitem_gc_r(p38, 13, descr=<ArrayP 8>)
+456: p68 = getarrayitem_gc_r(p38, 14, descr=<ArrayP 8>)
+464: p70 = getarrayitem_gc_r(p38, 15, descr=<ArrayP 8>)
debug_merge_point(0, 0, '10<main.rpyeffect:2([method_%apply(n):n@Name(=_0)#7])>+0: {"op": "Jump". "target": 8}')
+468: guard_not_invalidated(descr=<Guard0x140432128>) [p2, i7, i9, i11, i13, i15, i17, i19, i21, i23, i25, i27, i29, i31, i33, i35, i37, p40, p42, p44, p46, p48, p50, p52, p54, p56, p58, p60, p62, p64, p66, p68, p70, p0, p1, p3, p4]
+472: guard_nonnull(p1, descr=<Guard0x1403f58e0>) [p2, i7, i9, i11, i13, i15, i17, i19, i21, i23, i25, i27, i29, i31, i33, i35, i37, p40, p42, p44, p46, p48, p50, p52, p54, p56, p58, p60, p62, p64, p66, p68, p70, p0, p1, p3, p4]
+484: i71 = getfield_gc_i(p1, descr=<FieldS rpyeffect.stored_environment.Stack__arb_arb.inst_target 16 pure>)
+500: guard_value(i71, 229, descr=<Guard0x1403f5920>) [p2, i7, i9, i11, i13, i15, i17, i19, i21, i23, i25, i27, i29, i31, i33, i35, i37, p40, p42, p44, p46, p48, p50, p52, p54, p56, p58, p60, p62, p64, p66, p68, p70, p0, p1, p3, p4]
debug_merge_point(0, 0, '8<main.rpyeffect:0([mcore:[#9]#3])>+0: {"op": "PrimOp". "name": "infixEq(Int. Int): Boolean". "out": {"num": [0]. "ptr": []}. "in": {"num": [1. 0]. "ptr": []}}')
+512: i73 = int_eq(i9, i7)
guard_true(i73, descr=<Guard0x1403f5960>) [p2, i7, i9, i11, i13, i15, i17, i19, i21, i23, i25, i27, i29, i31, i33, i35, i37, p40, p42, p44, p46, p48, p50, p52, p54, p56, p58, p60, p62, p64, p66, p68, p70, p0, p1, p3, p4]
debug_merge_point(0, 0, '8<main.rpyeffect:0([mcore:[#9]#3])>+1: {"op": "Return". "args": {"num": [0]. "ptr": []}}')
+520: i74 = getfield_gc_i(p1, descr=<FieldS rpyeffect.stored_environment.Stack__1_0.inst_values_num_0 40 pure>)
+520: p75 = getfield_gc_r(p1, descr=<FieldP rpyeffect.stored_environment.Stack__arb_arb.inst_tail 8 pure>)
debug_merge_point(0, 0, '229<main.rpyeffect:221([k@[k@Name(fibonacci_48)#548]#552])>+0: {"op": "Switch". "scrutinee": 0. "values": [1]. "targets": [211]. "default": 228}')
+524: guard_nonnull(p75, descr=<Guard0x1403f59a0>) [p2, i7, i9, i11, i13, i15, i17, i19, i21, i23, i25, i27, i29, i31, i33, i35, i37, p40, p42, p44, p46, p48, p50, p52, p54, p56, p58, p60, p62, p64, p66, p68, p70, p0, p1, p3, p4]
+532: i76 = getfield_gc_i(p75, descr=<FieldS rpyeffect.stored_environment.Stack__arb_arb.inst_target 16 pure>)
+540: guard_value(i76, 209, descr=<Guard0x1403f59e0>) [p2, i7, i9, i11, i13, i15, i17, i19, i21, i23, i25, i27, i29, i31, i33, i35, i37, p40, p42, p44, p46, p48, p50, p52, p54, p56, p58, p60, p62, p64, p66, p68, p70, p0, p1, p3, p4]
debug_merge_point(0, 0, '211<main.rpyeffect:203([switch case for 1#553])>+0: {"op": "Const". "type": "num". "out": 0. "value": 0}')
debug_merge_point(0, 0, '211<main.rpyeffect:203([switch case for 1#553])>+1: {"op": "PrimOp". "name": "box(Num): Ptr". "out": {"num": []. "ptr": [0]}. "in": {"num": [0]. "ptr": []}}')
debug_merge_point(0, 0, '211<main.rpyeffect:203([switch case for 1#553])>+2: {"op": "Return". "args": {"num": []. "ptr": [0]}}')
+552: p78 = getfield_gc_r(p75, descr=<FieldP rpyeffect.stored_environment.Stack__arb_arb.inst_tail 8 pure>)
+556: guard_nonnull(p78, descr=<Guard0x1403f5a20>) [p2, i7, i9, i11, i13, i15, i17, i19, i21, i23, i25, i27, i29, i31, i33, i35, i37, p40, p42, p44, p46, p48, p50, p52, p54, p56, p58, p60, p62, p64, p66, p68, p70, p0, p1, p3, p4]
+564: i79 = getfield_gc_i(p78, descr=<FieldS rpyeffect.stored_environment.Stack__arb_arb.inst_target 16 pure>)
+568: guard_value(i79, 214, descr=<Guard0x1403f5a60>) [p2, i7, i9, i11, i13, i15, i17, i19, i21, i23, i25, i27, i29, i31, i33, i35, i37, p40, p42, p44, p46, p48, p50, p52, p54, p56, p58, p60, p62, p64, p66, p68, p70, p0, p1, p3, p4]
debug_merge_point(0, 0, '209<main.rpyeffect:201([k@[mcore:[eta-expanded fn#360]#540]#543])>+0: {"op": "PrimOp". "name": "unbox(Ptr): Num". "out": {"num": [0]. "ptr": []}. "in": {"num": []. "ptr": [0]}}')
debug_merge_point(0, 0, '209<main.rpyeffect:201([k@[mcore:[eta-expanded fn#360]#540]#543])>+1: {"op": "Return". "args": {"num": [0]. "ptr": []}}')
+580: p81 = getfield_gc_r(p78, descr=<FieldP rpyeffect.stored_environment.Stack__0_1.inst_values_ptr_0 40 pure>)
+584: p82 = getfield_gc_r(p78, descr=<FieldP rpyeffect.stored_environment.Stack__arb_arb.inst_tail 8 pure>)
debug_merge_point(0, 0, '214<main.rpyeffect:206([k@[k@[k@[k@[#578]#580]#582]#586]#588])>+0: {"op": "Push". "target": 213. "args": {"num": []. "ptr": []}}')
debug_merge_point(0, 0, '214<main.rpyeffect:206([k@[k@[k@[k@[#578]#580]#582]#586]#588])>+1: {"op": "Invoke". "receiver": 0. "tag": Interned(%apply(n):n). "args" : {"num": [0]. "ptr": []}}')
+588: p83 = getfield_gc_r(p81, descr=<FieldP rpyeffect.stored_environment.CoData__arb_arb.inst_vtable 24 pure>)
+604: guard_value(p83, ConstPtr(ptr84), descr=<Guard0x1403f5aa0>) [p2, i7, i9, i11, i13, i15, i17, i19, i21, i23, i25, i27, i29, i31, i33, i35, i37, p40, p42, p44, p46, p48, p50, p52, p54, p56, p58, p60, p62, p64, p66, p68, p70, p0, p1, p3, p4]
+612: i85 = getfield_gc_i(p81, descr=<FieldS rpyeffect.stored_environment.CoData__1_0.inst_values_num_0 32 pure>)
debug_merge_point(0, 0, '136<main.rpyeffect:128([method_%apply(n):n@Name(+_27)#347])>+0: {"op": "Jump". "target": 134}')
debug_merge_point(0, 0, '134<main.rpyeffect:126([mcore:[#20]#343])>+0: {"op": "PrimOp". "name": "infixAdd(Int. Int): Int". "out": {"num": [0]. "ptr": []}. "in": {"num": [1. 0]. "ptr": []}}')
debug_merge_point(0, 0, '134<main.rpyeffect:126([mcore:[#20]#343])>+1: {"op": "Return". "args": {"num": [0]. "ptr": []}}')
debug_merge_point(0, 0, '213<main.rpyeffect:205([#590])>+0: {"op": "PrimOp". "name": "box(Num): Ptr". "out": {"num": []. "ptr": [0]}. "in": {"num": [0]. "ptr": []}}')
debug_merge_point(0, 0, '213<main.rpyeffect:205([#590])>+1: {"op": "Return". "args": {"num": []. "ptr": [0]}}')
+616: guard_nonnull(p82, descr=<Guard0x14043c460>) [p2, i7, i9, i11, i13, i15, i17, i19, i21, i23, i25, i27, i29, i31, i33, i35, i37, p40, p42, p44, p46, p48, p50, p52, p54, p56, p58, p60, p62, p64, p66, p68, p70, p0, p1, p3, p4]
+624: i86 = getfield_gc_i(p82, descr=<FieldS rpyeffect.stored_environment.Stack__arb_arb.inst_target 16 pure>)
+628: guard_value(i86, 207, descr=<Guard0x14043c420>) [p2, i7, i9, i11, i13, i15, i17, i19, i21, i23, i25, i27, i29, i31, i33, i35, i37, p40, p42, p44, p46, p48, p50, p52, p54, p56, p58, p60, p62, p64, p66, p68, p70, p0, p1, p3, p4]
+640: p88 = getfield_gc_r(p82, descr=<FieldP rpyeffect.stored_environment.Stack__arb_arb.inst_tail 8 pure>)
+644: guard_nonnull(p88, descr=<Guard0x14043c3e0>) [p2, i7, i9, i11, i13, i15, i17, i19, i21, i23, i25, i27, i29, i31, i33, i35, i37, p40, p42, p44, p46, p48, p50, p52, p54, p56, p58, p60, p62, p64, p66, p68, p70, p0, p1, p3, p4]
+652: i89 = getfield_gc_i(p88, descr=<FieldS rpyeffect.stored_environment.Stack__arb_arb.inst_target 16 pure>)
+656: guard_value(i89, 218, descr=<Guard0x14043c3a0>) [p2, i7, i9, i11, i13, i15, i17, i19, i21, i23, i25, i27, i29, i31, i33, i35, i37, p40, p42, p44, p46, p48, p50, p52, p54, p56, p58, p60, p62, p64, p66, p68, p70, p0, p1, p3, p4]
debug_merge_point(0, 0, '207<main.rpyeffect:199([k@[mcore:[eta-expanded fn#355]#533]#536])>+0: {"op": "PrimOp". "name": "unbox(Ptr): Num". "out": {"num": [0]. "ptr": []}. "in": {"num": []. "ptr": [0]}}')
debug_merge_point(0, 0, '207<main.rpyeffect:199([k@[mcore:[eta-expanded fn#355]#533]#536])>+1: {"op": "Return". "args": {"num": [0]. "ptr": []}}')
+668: i91 = getfield_gc_i(p88, descr=<FieldS rpyeffect.stored_environment.Stack__1_0.inst_values_num_0 40 pure>)
+672: p92 = getfield_gc_r(p88, descr=<FieldP rpyeffect.stored_environment.Stack__arb_arb.inst_tail 8 pure>)
debug_merge_point(0, 0, '218<main.rpyeffect:210([#578])>+0: {"op": "Push". "target": 217. "args": {"num": [1]. "ptr": []}}')
debug_merge_point(0, 0, '218<main.rpyeffect:210([#578])>+1: {"op": "Jump". "target": 143}')
debug_merge_point(0, 0, '143<main.rpyeffect:135(Name(+_27))>+0: {"op": "New". "out": 0. "targets": [136. 138. 140. 142]. "args": {"num": [0]. "ptr": []}}')
debug_merge_point(0, 0, '143<main.rpyeffect:135(Name(+_27))>+1: {"op": "Return". "args": {"num": []. "ptr": [0]}}')
debug_merge_point(0, 0, '217<main.rpyeffect:209([k@[#578]#580])>+0: {"op": "Push". "target": 216. "args": {"num": []. "ptr": [0]}}')
debug_merge_point(0, 0, '217<main.rpyeffect:209([k@[#578]#580])>+1: {"op": "Jump". "target": 186}')
debug_merge_point(0, 0, '186<main.rpyeffect:178(Name(-_34))>+0: {"op": "New". "out": 0. "targets": [179. 181. 183. 185]. "args": {"num": [0]. "ptr": []}}')
debug_merge_point(0, 0, '186<main.rpyeffect:178(Name(-_34))>+1: {"op": "Return". "args": {"num": []. "ptr": [0]}}')
debug_merge_point(0, 0, '216<main.rpyeffect:208([k@[k@[#578]#580]#582])>+0: {"op": "Const". "type": "num". "out": 0. "value": 2}')
debug_merge_point(0, 0, '216<main.rpyeffect:208([k@[k@[#578]#580]#582])>+1: {"op": "Push". "target": 215. "args": {"num": []. "ptr": [1]}}')
debug_merge_point(0, 0, '216<main.rpyeffect:208([k@[k@[#578]#580]#582])>+2: {"op": "Invoke". "receiver": 0. "tag": Interned(%apply(n):n). "args" : {"num": [0]. "ptr": []}}')
debug_merge_point(0, 0, '179<main.rpyeffect:171([method_%apply(n):n@Name(-_34)#469])>+0: {"op": "Jump". "target": 177}')
debug_merge_point(0, 0, '177<main.rpyeffect:169([mcore:[#24]#465])>+0: {"op": "PrimOp". "name": "infixSub(Int. Int): Int". "out": {"num": [0]. "ptr": []}. "in": {"num": [1. 0]. "ptr": []}}')
+676: i94 = int_sub(i91, 2)
debug_merge_point(0, 0, '177<main.rpyeffect:169([mcore:[#24]#465])>+1: {"op": "Return". "args": {"num": [0]. "ptr": []}}')
debug_merge_point(0, 0, '215<main.rpyeffect:207([k@[k@[k@[#578]#580]#582]#586])>+0: {"op": "Push". "target": 214. "args": {"num": []. "ptr": [0]}}')
debug_merge_point(0, 0, '215<main.rpyeffect:207([k@[k@[k@[#578]#580]#582]#586])>+1: {"op": "Jump". "target": 210}')
debug_merge_point(0, 0, '210<main.rpyeffect:202([mcore:[eta-expanded fn#360]#540])>+0: {"op": "Push". "target": 209. "args": {"num": []. "ptr": []}}')
debug_merge_point(0, 0, '210<main.rpyeffect:202([mcore:[eta-expanded fn#360]#540])>+1: {"op": "Jump". "target": 231}')
debug_merge_point(0, 0, '231<main.rpyeffect:223(Name(fibonacci_48))>+0: {"op": "Push". "target": 230. "args": {"num": [0]. "ptr": []}}')
debug_merge_point(0, 0, '231<main.rpyeffect:223(Name(fibonacci_48))>+1: {"op": "Jump". "target": 17}')
+680: p95 = new_with_vtable(descr=<SizeDescr 48>)
+792: p96 = new_with_vtable(descr=<SizeDescr 40>)
+804: p97 = new_with_vtable(descr=<SizeDescr 48>)
+816: setfield_gc(p97, p92, descr=<FieldP rpyeffect.stored_environment.Stack__arb_arb.inst_tail 8 pure>)
+820: setfield_gc(p97, 214, descr=<FieldS rpyeffect.stored_environment.Stack__arb_arb.inst_target 16 pure>)
+828: p99 = new_with_vtable(descr=<SizeDescr 40>)
+840: setfield_gc(p99, ConstPtr(ptr100), descr=<FieldP rpyeffect.stored_environment.CoData__arb_arb.inst_vtable 24 pure>)
+844: setfield_gc(p99, i85, descr=<FieldS rpyeffect.stored_environment.CoData__1_0.inst_values_num_0 32 pure>)
+848: setfield_gc(p97, p99, descr=<FieldP rpyeffect.stored_environment.Stack__0_1.inst_values_ptr_0 40 pure>)
+852: setfield_gc(p96, p97, descr=<FieldP rpyeffect.stored_environment.Stack__arb_arb.inst_tail 8 pure>)
+856: setfield_gc(p96, 209, descr=<FieldS rpyeffect.stored_environment.Stack__arb_arb.inst_target 16 pure>)
+864: setfield_gc(p95, 230, descr=<FieldS rpyeffect.stored_environment.Stack__arb_arb.inst_target 16 pure>)
+872: setfield_gc(p95, i94, descr=<FieldS rpyeffect.stored_environment.Stack__1_0.inst_values_num_0 40 pure>)
+876: setfield_gc(p95, p96, descr=<FieldP rpyeffect.stored_environment.Stack__arb_arb.inst_tail 8 pure>)
+944: jump(p0, p95, p2, p3, p4, i94, i91, i11, i13, i15, i17, i19, i21, i23, i25, i27, i29, i31, i33, i35, i37, p99, p99, p44, p46, p48, p50, p52, p54, p56, p58, p60, p62, p64, p66, p68, p70, descr=TargetToken(5372810432))
+1120: --end of the loop--
[85de2e] jit-log-opt-loop}
[9cc1e2] {jit-log-opt-bridge
# bridge out of Guard 0x1403f5960 with 99 ops
[p0, i1, i2, i3, i4, i5, i6, i7, i8, i9, i10, i11, i12, i13, i14, i15, i16, p17, p18, p19, p20, p21, p22, p23, p24, p25, p26, p27, p28, p29, p30, p31, p32, p33, p34, p35, p36]
+200: guard_not_invalidated(descr=<Guard0x14044c180>) [p0, i1, i2, i3, i4, i5, i6, i7, i8, i9, i10, i11, i12, i13, i14, i15, i16, p17, p18, p19, p20, p21, p22, p23, p24, p25, p26, p27, p28, p29, p30, p31, p32, p33, p34, p35, p36]
+204: guard_nonnull(p34, descr=<Guard0x14043cda0>) [p0, i1, i2, i3, i4, i5, i6, i7, i8, i9, i10, i11, i12, i13, i14, i15, i16, p17, p18, p19, p20, p21, p22, p23, p24, p25, p26, p27, p28, p29, p30, p31, p32, p33, p34, p35, p36]
+212: i37 = getfield_gc_i(p34, descr=<FieldS rpyeffect.stored_environment.Stack__arb_arb.inst_target 16 pure>)
+216: guard_value(i37, 229, descr=<Guard0x14043cde0>) [p0, i1, i2, i3, i4, i5, i6, i7, i8, i9, i10, i11, i12, i13, i14, i15, i16, p17, p18, p19, p20, p21, p22, p23, p24, p25, p26, p27, p28, p29, p30, p31, p32, p33, p34, p35, p36]
debug_merge_point(0, 0, '8<main.rpyeffect:0([mcore:[#9]#3])>+0: {"op": "PrimOp". "name": "infixEq(Int. Int): Boolean". "out": {"num": [0]. "ptr": []}. "in": {"num": [1. 0]. "ptr": []}}')
+228: i39 = int_eq(i2, i1)
guard_false(i39, descr=<Guard0x14043ce20>) [p0, i1, i2, i3, i4, i5, i6, i7, i8, i9, i10, i11, i12, i13, i14, i15, i16, p17, p18, p19, p20, p21, p22, p23, p24, p25, p26, p27, p28, p29, p30, p31, p32, p33, p34, p35, p36]
debug_merge_point(0, 0, '8<main.rpyeffect:0([mcore:[#9]#3])>+1: {"op": "Return". "args": {"num": [0]. "ptr": []}}')
+236: i40 = getfield_gc_i(p34, descr=<FieldS rpyeffect.stored_environment.Stack__1_0.inst_values_num_0 40 pure>)
+240: p41 = getfield_gc_r(p34, descr=<FieldP rpyeffect.stored_environment.Stack__arb_arb.inst_tail 8 pure>)
debug_merge_point(0, 0, '229<main.rpyeffect:221([k@[k@Name(fibonacci_48)#548]#552])>+0: {"op": "Switch". "scrutinee": 0. "values": [1]. "targets": [211]. "default": 228}')
+248: guard_nonnull(p41, descr=<Guard0x14043ce60>) [p0, i1, i2, i3, i4, i5, i6, i7, i8, i9, i10, i11, i12, i13, i14, i15, i16, p17, p18, p19, p20, p21, p22, p23, p24, p25, p26, p27, p28, p29, p30, p31, p32, p33, p34, p35, p36]
+256: i42 = getfield_gc_i(p41, descr=<FieldS rpyeffect.stored_environment.Stack__arb_arb.inst_target 16 pure>)
+264: guard_value(i42, 209, descr=<Guard0x14043cea0>) [p0, i1, i2, i3, i4, i5, i6, i7, i8, i9, i10, i11, i12, i13, i14, i15, i16, p17, p18, p19, p20, p21, p22, p23, p24, p25, p26, p27, p28, p29, p30, p31, p32, p33, p34, p35, p36]
debug_merge_point(0, 0, '228<main.rpyeffect:220([switch default case#557])>+0: {"op": "Swap". "type": "num". "a": 1. "b". 0}')
debug_merge_point(0, 0, '228<main.rpyeffect:220([switch default case#557])>+1: {"op": "Switch". "scrutinee": 1. "values": [0]. "targets": [226]. "default": 227}')
debug_merge_point(0, 0, '226<main.rpyeffect:218([switch case for 0#558])>+0: {"op": "Push". "target": 225. "args": {"num": [0]. "ptr": []}}')
debug_merge_point(0, 0, '226<main.rpyeffect:218([switch case for 0#558])>+1: {"op": "Jump". "target": 17}')
debug_merge_point(0, 0, '17<main.rpyeffect:9(Name(=_0))>+0: {"op": "New". "out": 0. "targets": [10. 12. 14. 16]. "args": {"num": [0]. "ptr": []}}')
debug_merge_point(0, 0, '17<main.rpyeffect:9(Name(=_0))>+1: {"op": "Return". "args": {"num": []. "ptr": [0]}}')
debug_merge_point(0, 0, '225<main.rpyeffect:217([k@[switch case for 0#558]#560])>+0: {"op": "Const". "type": "num". "out": 1. "value": 1}')
debug_merge_point(0, 0, '225<main.rpyeffect:217([k@[switch case for 0#558]#560])>+1: {"op": "Push". "target": 224. "args": {"num": [0]. "ptr": []}}')
debug_merge_point(0, 0, '225<main.rpyeffect:217([k@[switch case for 0#558]#560])>+2: {"op": "Copy". "type": "num". "from": 1. "to". 0}')
debug_merge_point(0, 0, '225<main.rpyeffect:217([k@[switch case for 0#558]#560])>+3: {"op": "Invoke". "receiver": 0. "tag": Interned(%apply(n):n). "args" : {"num": [0]. "ptr": []}}')
debug_merge_point(0, 0, '10<main.rpyeffect:2([method_%apply(n):n@Name(=_0)#7])>+0: {"op": "Jump". "target": 8}')
debug_merge_point(0, 0, '8<main.rpyeffect:0([mcore:[#9]#3])>+0: {"op": "PrimOp". "name": "infixEq(Int. Int): Boolean". "out": {"num": [0]. "ptr": []}. "in": {"num": [1. 0]. "ptr": []}}')
+276: i45 = int_eq(i40, 1)
guard_true(i45, descr=<Guard0x14043cee0>) [p0, i1, i2, i3, i4, i5, i6, i7, i8, i9, i10, i11, i12, i13, i14, i15, i16, p17, p18, p19, p20, p21, p22, p23, p24, p25, p26, p27, p28, p29, p30, p31, p32, p33, p34, p35, p36]
debug_merge_point(0, 0, '8<main.rpyeffect:0([mcore:[#9]#3])>+1: {"op": "Return". "args": {"num": [0]. "ptr": []}}')
debug_merge_point(0, 0, '224<main.rpyeffect:216([k@[k@[switch case for 0#558]#560]#564])>+0: {"op": "Switch". "scrutinee": 0. "values": [1]. "targets": [212]. "default": 223}')
debug_merge_point(0, 0, '212<main.rpyeffect:204([switch case for 1#565])>+0: {"op": "Const". "type": "num". "out": 0. "value": 1}')
debug_merge_point(0, 0, '212<main.rpyeffect:204([switch case for 1#565])>+1: {"op": "PrimOp". "name": "box(Num): Ptr". "out": {"num": []. "ptr": [0]}. "in": {"num": [0]. "ptr": []}}')
debug_merge_point(0, 0, '212<main.rpyeffect:204([switch case for 1#565])>+2: {"op": "Return". "args": {"num": []. "ptr": [0]}}')
+284: p46 = getfield_gc_r(p41, descr=<FieldP rpyeffect.stored_environment.Stack__arb_arb.inst_tail 8 pure>)
+288: guard_nonnull(p46, descr=<Guard0x14043cf20>) [p0, i1, i2, i3, i4, i5, i6, i7, i8, i9, i10, i11, i12, i13, i14, i15, i16, p17, p18, p19, p20, p21, p22, p23, p24, p25, p26, p27, p28, p29, p30, p31, p32, p33, p34, p35, p36]
+296: i47 = getfield_gc_i(p46, descr=<FieldS rpyeffect.stored_environment.Stack__arb_arb.inst_target 16 pure>)
+300: guard_value(i47, 214, descr=<Guard0x14043cf60>) [p0, i1, i2, i3, i4, i5, i6, i7, i8, i9, i10, i11, i12, i13, i14, i15, i16, p17, p18, p19, p20, p21, p22, p23, p24, p25, p26, p27, p28, p29, p30, p31, p32, p33, p34, p35, p36]
debug_merge_point(0, 0, '209<main.rpyeffect:201([k@[mcore:[eta-expanded fn#360]#540]#543])>+0: {"op": "PrimOp". "name": "unbox(Ptr): Num". "out": {"num": [0]. "ptr": []}. "in": {"num": []. "ptr": [0]}}')
debug_merge_point(0, 0, '209<main.rpyeffect:201([k@[mcore:[eta-expanded fn#360]#540]#543])>+1: {"op": "Return". "args": {"num": [0]. "ptr": []}}')
+312: p49 = getfield_gc_r(p46, descr=<FieldP rpyeffect.stored_environment.Stack__0_1.inst_values_ptr_0 40 pure>)
+316: p50 = getfield_gc_r(p46, descr=<FieldP rpyeffect.stored_environment.Stack__arb_arb.inst_tail 8 pure>)
debug_merge_point(0, 0, '214<main.rpyeffect:206([k@[k@[k@[k@[#578]#580]#582]#586]#588])>+0: {"op": "Push". "target": 213. "args": {"num": []. "ptr": []}}')
debug_merge_point(0, 0, '214<main.rpyeffect:206([k@[k@[k@[k@[#578]#580]#582]#586]#588])>+1: {"op": "Invoke". "receiver": 0. "tag": Interned(%apply(n):n). "args" : {"num": [0]. "ptr": []}}')
+320: p51 = getfield_gc_r(p49, descr=<FieldP rpyeffect.stored_environment.CoData__arb_arb.inst_vtable 24 pure>)
+332: guard_value(p51, ConstPtr(ptr52), descr=<Guard0x14043cfa0>) [p0, i1, i2, i3, i4, i5, i6, i7, i8, i9, i10, i11, i12, i13, i14, i15, i16, p17, p18, p19, p20, p21, p22, p23, p24, p25, p26, p27, p28, p29, p30, p31, p32, p33, p34, p35, p36]
+340: i53 = getfield_gc_i(p49, descr=<FieldS rpyeffect.stored_environment.CoData__1_0.inst_values_num_0 32 pure>)
debug_merge_point(0, 0, '136<main.rpyeffect:128([method_%apply(n):n@Name(+_27)#347])>+0: {"op": "Jump". "target": 134}')
debug_merge_point(0, 0, '134<main.rpyeffect:126([mcore:[#20]#343])>+0: {"op": "PrimOp". "name": "infixAdd(Int. Int): Int". "out": {"num": [0]. "ptr": []}. "in": {"num": [1. 0]. "ptr": []}}')
+344: i55 = int_add(i53, 1)
debug_merge_point(0, 0, '134<main.rpyeffect:126([mcore:[#20]#343])>+1: {"op": "Return". "args": {"num": [0]. "ptr": []}}')
debug_merge_point(0, 0, '213<main.rpyeffect:205([#590])>+0: {"op": "PrimOp". "name": "box(Num): Ptr". "out": {"num": []. "ptr": [0]}. "in": {"num": [0]. "ptr": []}}')
debug_merge_point(0, 0, '213<main.rpyeffect:205([#590])>+1: {"op": "Return". "args": {"num": []. "ptr": [0]}}')
+348: guard_nonnull(p50, descr=<Guard0x14043cfe0>) [p0, i1, i2, i3, i4, i5, i6, i7, i8, i9, i10, i11, i12, i13, i14, i15, i16, p17, p18, p19, p20, p21, p22, p23, p24, p25, p26, p27, p28, p29, p30, p31, p32, p33, p34, p35, p36]
+356: i56 = getfield_gc_i(p50, descr=<FieldS rpyeffect.stored_environment.Stack__arb_arb.inst_target 16 pure>)
+360: guard_value(i56, 207, descr=<Guard0x14043d020>) [p0, i1, i2, i3, i4, i5, i6, i7, i8, i9, i10, i11, i12, i13, i14, i15, i16, p17, p18, p19, p20, p21, p22, p23, p24, p25, p26, p27, p28, p29, p30, p31, p32, p33, p34, p35, p36]
+372: p58 = getfield_gc_r(p50, descr=<FieldP rpyeffect.stored_environment.Stack__arb_arb.inst_tail 8 pure>)
+376: guard_nonnull(p58, descr=<Guard0x14043d060>) [p0, i1, i2, i3, i4, i5, i6, i7, i8, i9, i10, i11, i12, i13, i14, i15, i16, p17, p18, p19, p20, p21, p22, p23, p24, p25, p26, p27, p28, p29, p30, p31, p32, p33, p34, p35, p36]
+384: i59 = getfield_gc_i(p58, descr=<FieldS rpyeffect.stored_environment.Stack__arb_arb.inst_target 16 pure>)
+388: guard_value(i59, 218, descr=<Guard0x14043d0a0>) [p0, i1, i2, i3, i4, i5, i6, i7, i8, i9, i10, i11, i12, i13, i14, i15, i16, p17, p18, p19, p20, p21, p22, p23, p24, p25, p26, p27, p28, p29, p30, p31, p32, p33, p34, p35, p36]
debug_merge_point(0, 0, '207<main.rpyeffect:199([k@[mcore:[eta-expanded fn#355]#533]#536])>+0: {"op": "PrimOp". "name": "unbox(Ptr): Num". "out": {"num": [0]. "ptr": []}. "in": {"num": []. "ptr": [0]}}')
debug_merge_point(0, 0, '207<main.rpyeffect:199([k@[mcore:[eta-expanded fn#355]#533]#536])>+1: {"op": "Return". "args": {"num": [0]. "ptr": []}}')
+400: i61 = getfield_gc_i(p58, descr=<FieldS rpyeffect.stored_environment.Stack__1_0.inst_values_num_0 40 pure>)
+404: p62 = getfield_gc_r(p58, descr=<FieldP rpyeffect.stored_environment.Stack__arb_arb.inst_tail 8 pure>)
debug_merge_point(0, 0, '218<main.rpyeffect:210([#578])>+0: {"op": "Push". "target": 217. "args": {"num": [1]. "ptr": []}}')
debug_merge_point(0, 0, '218<main.rpyeffect:210([#578])>+1: {"op": "Jump". "target": 143}')
debug_merge_point(0, 0, '143<main.rpyeffect:135(Name(+_27))>+0: {"op": "New". "out": 0. "targets": [136. 138. 140. 142]. "args": {"num": [0]. "ptr": []}}')
debug_merge_point(0, 0, '143<main.rpyeffect:135(Name(+_27))>+1: {"op": "Return". "args": {"num": []. "ptr": [0]}}')
debug_merge_point(0, 0, '217<main.rpyeffect:209([k@[#578]#580])>+0: {"op": "Push". "target": 216. "args": {"num": []. "ptr": [0]}}')
debug_merge_point(0, 0, '217<main.rpyeffect:209([k@[#578]#580])>+1: {"op": "Jump". "target": 186}')
debug_merge_point(0, 0, '186<main.rpyeffect:178(Name(-_34))>+0: {"op": "New". "out": 0. "targets": [179. 181. 183. 185]. "args": {"num": [0]. "ptr": []}}')
debug_merge_point(0, 0, '186<main.rpyeffect:178(Name(-_34))>+1: {"op": "Return". "args": {"num": []. "ptr": [0]}}')
debug_merge_point(0, 0, '216<main.rpyeffect:208([k@[k@[#578]#580]#582])>+0: {"op": "Const". "type": "num". "out": 0. "value": 2}')
debug_merge_point(0, 0, '216<main.rpyeffect:208([k@[k@[#578]#580]#582])>+1: {"op": "Push". "target": 215. "args": {"num": []. "ptr": [1]}}')
debug_merge_point(0, 0, '216<main.rpyeffect:208([k@[k@[#578]#580]#582])>+2: {"op": "Invoke". "receiver": 0. "tag": Interned(%apply(n):n). "args" : {"num": [0]. "ptr": []}}')
debug_merge_point(0, 0, '179<main.rpyeffect:171([method_%apply(n):n@Name(-_34)#469])>+0: {"op": "Jump". "target": 177}')
debug_merge_point(0, 0, '177<main.rpyeffect:169([mcore:[#24]#465])>+0: {"op": "PrimOp". "name": "infixSub(Int. Int): Int". "out": {"num": [0]. "ptr": []}. "in": {"num": [1. 0]. "ptr": []}}')
+408: i64 = int_sub(i61, 2)
debug_merge_point(0, 0, '177<main.rpyeffect:169([mcore:[#24]#465])>+1: {"op": "Return". "args": {"num": [0]. "ptr": []}}')
debug_merge_point(0, 0, '215<main.rpyeffect:207([k@[k@[k@[#578]#580]#582]#586])>+0: {"op": "Push". "target": 214. "args": {"num": []. "ptr": [0]}}')
debug_merge_point(0, 0, '215<main.rpyeffect:207([k@[k@[k@[#578]#580]#582]#586])>+1: {"op": "Jump". "target": 210}')
debug_merge_point(0, 0, '210<main.rpyeffect:202([mcore:[eta-expanded fn#360]#540])>+0: {"op": "Push". "target": 209. "args": {"num": []. "ptr": []}}')
debug_merge_point(0, 0, '210<main.rpyeffect:202([mcore:[eta-expanded fn#360]#540])>+1: {"op": "Jump". "target": 231}')
debug_merge_point(0, 0, '231<main.rpyeffect:223(Name(fibonacci_48))>+0: {"op": "Push". "target": 230. "args": {"num": [0]. "ptr": []}}')
debug_merge_point(0, 0, '231<main.rpyeffect:223(Name(fibonacci_48))>+1: {"op": "Jump". "target": 17}')
+412: p65 = new_with_vtable(descr=<SizeDescr 48>)
+524: p66 = new_with_vtable(descr=<SizeDescr 40>)
+536: p67 = new_with_vtable(descr=<SizeDescr 48>)
+548: setfield_gc(p67, p62, descr=<FieldP rpyeffect.stored_environment.Stack__arb_arb.inst_tail 8 pure>)
+552: setfield_gc(p67, 214, descr=<FieldS rpyeffect.stored_environment.Stack__arb_arb.inst_target 16 pure>)
+560: p69 = new_with_vtable(descr=<SizeDescr 40>)
+572: setfield_gc(p69, ConstPtr(ptr70), descr=<FieldP rpyeffect.stored_environment.CoData__arb_arb.inst_vtable 24 pure>)
+576: setfield_gc(p69, i55, descr=<FieldS rpyeffect.stored_environment.CoData__1_0.inst_values_num_0 32 pure>)
+580: setfield_gc(p67, p69, descr=<FieldP rpyeffect.stored_environment.Stack__0_1.inst_values_ptr_0 40 pure>)
+584: setfield_gc(p66, p67, descr=<FieldP rpyeffect.stored_environment.Stack__arb_arb.inst_tail 8 pure>)
+588: setfield_gc(p66, 209, descr=<FieldS rpyeffect.stored_environment.Stack__arb_arb.inst_target 16 pure>)
+596: setfield_gc(p65, 230, descr=<FieldS rpyeffect.stored_environment.Stack__arb_arb.inst_target 16 pure>)
+604: setfield_gc(p65, i64, descr=<FieldS rpyeffect.stored_environment.Stack__1_0.inst_values_num_0 40 pure>)
+608: setfield_gc(p65, p66, descr=<FieldP rpyeffect.stored_environment.Stack__arb_arb.inst_tail 8 pure>)
+676: jump(p33, p65, p0, p35, p36, i64, i61, i3, i4, i5, i6, i7, i8, i9, i10, i11, i12, i13, i14, i15, i16, p69, p69, p19, p20, p21, p22, p23, p24, p25, p26, p27, p28, p29, p30, p31, p32, descr=TargetToken(5372810432))
+852: --end of the loop--
[9e5b10] jit-log-opt-bridge}
[a5c991] {jit-log-opt-bridge
# bridge out of Guard 0x1403f56a0 with 72 ops
[p0, i1, i2, i3, i4, i5, i6, i7, i8, i9, i10, i11, i12, i13, i14, i15, i16, p17, p18, p19, p20, p21, p22, p23, p24, p25, p26, p27, p28, p29, p30, p31, p32, p33, p34, p35, p36]
+136: guard_not_invalidated(descr=<Guard0x14044c1d8>) [p0, i1, i2, i3, i4, i5, i6, i7, i8, i9, i10, i11, i12, i13, i14, i15, i16, p17, p18, p19, p20, p21, p22, p23, p24, p25, p26, p27, p28, p29, p30, p31, p32, p33, p34, p35, p36]
+140: guard_nonnull(p34, descr=<Guard0x14043d0e0>) [p0, i1, i2, i3, i4, i5, i6, i7, i8, i9, i10, i11, i12, i13, i14, i15, i16, p17, p18, p19, p20, p21, p22, p23, p24, p25, p26, p27, p28, p29, p30, p31, p32, p33, p34, p35, p36]
+148: i37 = getfield_gc_i(p34, descr=<FieldS rpyeffect.stored_environment.Stack__arb_arb.inst_target 16 pure>)
+152: guard_value(i37, 230, descr=<Guard0x14043d120>) [p0, i1, i2, i3, i4, i5, i6, i7, i8, i9, i10, i11, i12, i13, i14, i15, i16, p17, p18, p19, p20, p21, p22, p23, p24, p25, p26, p27, p28, p29, p30, p31, p32, p33, p34, p35, p36]
debug_merge_point(0, 0, '17<main.rpyeffect:9(Name(=_0))>+0: {"op": "New". "out": 0. "targets": [10. 12. 14. 16]. "args": {"num": [0]. "ptr": []}}')
debug_merge_point(0, 0, '17<main.rpyeffect:9(Name(=_0))>+1: {"op": "Return". "args": {"num": []. "ptr": [0]}}')
+164: i39 = getfield_gc_i(p34, descr=<FieldS rpyeffect.stored_environment.Stack__1_0.inst_values_num_0 40 pure>)
+168: p40 = getfield_gc_r(p34, descr=<FieldP rpyeffect.stored_environment.Stack__arb_arb.inst_tail 8 pure>)
debug_merge_point(0, 0, '230<main.rpyeffect:222([k@Name(fibonacci_48)#548])>+0: {"op": "Const". "type": "num". "out": 1. "value": 0}')
debug_merge_point(0, 0, '230<main.rpyeffect:222([k@Name(fibonacci_48)#548])>+1: {"op": "Push". "target": 229. "args": {"num": [0]. "ptr": []}}')
debug_merge_point(0, 0, '230<main.rpyeffect:222([k@Name(fibonacci_48)#548])>+2: {"op": "Copy". "type": "num". "from": 1. "to". 0}')
debug_merge_point(0, 0, '230<main.rpyeffect:222([k@Name(fibonacci_48)#548])>+3: {"op": "Invoke". "receiver": 0. "tag": Interned(%apply(n):n). "args" : {"num": [0]. "ptr": []}}')
debug_merge_point(0, 0, '10<main.rpyeffect:2([method_%apply(n):n@Name(=_0)#7])>+0: {"op": "Jump". "target": 8}')
debug_merge_point(0, 0, '8<main.rpyeffect:0([mcore:[#9]#3])>+0: {"op": "PrimOp". "name": "infixEq(Int. Int): Boolean". "out": {"num": [0]. "ptr": []}. "in": {"num": [1. 0]. "ptr": []}}')
+172: i42 = int_eq(i1, 0)
guard_false(i42, descr=<Guard0x14043d160>) [p0, i1, i2, i3, i4, i5, i6, i7, i8, i9, i10, i11, i12, i13, i14, i15, i16, p17, p18, p19, p20, p21, p22, p23, p24, p25, p26, p27, p28, p29, p30, p31, p32, p33, p34, p35, p36]
debug_merge_point(0, 0, '8<main.rpyeffect:0([mcore:[#9]#3])>+1: {"op": "Return". "args": {"num": [0]. "ptr": []}}')
debug_merge_point(0, 0, '229<main.rpyeffect:221([k@[k@Name(fibonacci_48)#548]#552])>+0: {"op": "Switch". "scrutinee": 0. "values": [1]. "targets": [211]. "default": 228}')
+180: guard_nonnull(p40, descr=<Guard0x14043d1a0>) [p0, i1, i2, i3, i4, i5, i6, i7, i8, i9, i10, i11, i12, i13, i14, i15, i16, p17, p18, p19, p20, p21, p22, p23, p24, p25, p26, p27, p28, p29, p30, p31, p32, p33, p34, p35, p36]
+188: i43 = getfield_gc_i(p40, descr=<FieldS rpyeffect.stored_environment.Stack__arb_arb.inst_target 16 pure>)
+192: guard_value(i43, 209, descr=<Guard0x14043d1e0>) [p0, i1, i2, i3, i4, i5, i6, i7, i8, i9, i10, i11, i12, i13, i14, i15, i16, p17, p18, p19, p20, p21, p22, p23, p24, p25, p26, p27, p28, p29, p30, p31, p32, p33, p34, p35, p36]
debug_merge_point(0, 0, '228<main.rpyeffect:220([switch default case#557])>+0: {"op": "Swap". "type": "num". "a": 1. "b". 0}')
debug_merge_point(0, 0, '228<main.rpyeffect:220([switch default case#557])>+1: {"op": "Switch". "scrutinee": 1. "values": [0]. "targets": [226]. "default": 227}')
debug_merge_point(0, 0, '226<main.rpyeffect:218([switch case for 0#558])>+0: {"op": "Push". "target": 225. "args": {"num": [0]. "ptr": []}}')
debug_merge_point(0, 0, '226<main.rpyeffect:218([switch case for 0#558])>+1: {"op": "Jump". "target": 17}')
debug_merge_point(0, 0, '17<main.rpyeffect:9(Name(=_0))>+0: {"op": "New". "out": 0. "targets": [10. 12. 14. 16]. "args": {"num": [0]. "ptr": []}}')
debug_merge_point(0, 0, '17<main.rpyeffect:9(Name(=_0))>+1: {"op": "Return". "args": {"num": []. "ptr": [0]}}')
debug_merge_point(0, 0, '225<main.rpyeffect:217([k@[switch case for 0#558]#560])>+0: {"op": "Const". "type": "num". "out": 1. "value": 1}')
debug_merge_point(0, 0, '225<main.rpyeffect:217([k@[switch case for 0#558]#560])>+1: {"op": "Push". "target": 224. "args": {"num": [0]. "ptr": []}}')
debug_merge_point(0, 0, '225<main.rpyeffect:217([k@[switch case for 0#558]#560])>+2: {"op": "Copy". "type": "num". "from": 1. "to". 0}')
debug_merge_point(0, 0, '225<main.rpyeffect:217([k@[switch case for 0#558]#560])>+3: {"op": "Invoke". "receiver": 0. "tag": Interned(%apply(n):n). "args" : {"num": [0]. "ptr": []}}')
debug_merge_point(0, 0, '10<main.rpyeffect:2([method_%apply(n):n@Name(=_0)#7])>+0: {"op": "Jump". "target": 8}')
debug_merge_point(0, 0, '8<main.rpyeffect:0([mcore:[#9]#3])>+0: {"op": "PrimOp". "name": "infixEq(Int. Int): Boolean". "out": {"num": [0]. "ptr": []}. "in": {"num": [1. 0]. "ptr": []}}')
+204: i46 = int_eq(i39, 1)
guard_false(i46, descr=<Guard0x14043d220>) [p0, i1, i2, i3, i4, i5, i6, i7, i8, i9, i10, i11, i12, i13, i14, i15, i16, p17, p18, p19, p20, p21, p22, p23, p24, p25, p26, p27, p28, p29, p30, p31, p32, p33, p34, p35, p36]
debug_merge_point(0, 0, '8<main.rpyeffect:0([mcore:[#9]#3])>+1: {"op": "Return". "args": {"num": [0]. "ptr": []}}')
debug_merge_point(0, 0, '224<main.rpyeffect:216([k@[k@[switch case for 0#558]#560]#564])>+0: {"op": "Switch". "scrutinee": 0. "values": [1]. "targets": [212]. "default": 223}')
debug_merge_point(0, 0, '223<main.rpyeffect:215([switch default case#569])>+0: {"op": "Swap". "type": "num". "a": 1. "b". 0}')
debug_merge_point(0, 0, '223<main.rpyeffect:215([switch default case#569])>+1: {"op": "Switch". "scrutinee": 1. "values": [0]. "targets": [221]. "default": 222}')
debug_merge_point(0, 0, '221<main.rpyeffect:213([switch case for 0#570])>+0: {"op": "Push". "target": 220. "args": {"num": [0]. "ptr": []}}')
debug_merge_point(0, 0, '221<main.rpyeffect:213([switch case for 0#570])>+1: {"op": "Jump". "target": 186}')
debug_merge_point(0, 0, '186<main.rpyeffect:178(Name(-_34))>+0: {"op": "New". "out": 0. "targets": [179. 181. 183. 185]. "args": {"num": [0]. "ptr": []}}')
debug_merge_point(0, 0, '186<main.rpyeffect:178(Name(-_34))>+1: {"op": "Return". "args": {"num": []. "ptr": [0]}}')
debug_merge_point(0, 0, '220<main.rpyeffect:212([k@[switch case for 0#570]#572])>+0: {"op": "Const". "type": "num". "out": 1. "value": 1}')
debug_merge_point(0, 0, '220<main.rpyeffect:212([k@[switch case for 0#570]#572])>+1: {"op": "Push". "target": 219. "args": {"num": [0]. "ptr": []}}')
debug_merge_point(0, 0, '220<main.rpyeffect:212([k@[switch case for 0#570]#572])>+2: {"op": "Copy". "type": "num". "from": 1. "to". 0}')
debug_merge_point(0, 0, '220<main.rpyeffect:212([k@[switch case for 0#570]#572])>+3: {"op": "Invoke". "receiver": 0. "tag": Interned(%apply(n):n). "args" : {"num": [0]. "ptr": []}}')
debug_merge_point(0, 0, '179<main.rpyeffect:171([method_%apply(n):n@Name(-_34)#469])>+0: {"op": "Jump". "target": 177}')
debug_merge_point(0, 0, '177<main.rpyeffect:169([mcore:[#24]#465])>+0: {"op": "PrimOp". "name": "infixSub(Int. Int): Int". "out": {"num": [0]. "ptr": []}. "in": {"num": [1. 0]. "ptr": []}}')
+212: i48 = int_sub(i39, 1)
debug_merge_point(0, 0, '177<main.rpyeffect:169([mcore:[#24]#465])>+1: {"op": "Return". "args": {"num": [0]. "ptr": []}}')
debug_merge_point(0, 0, '219<main.rpyeffect:211([k@[k@[switch case for 0#570]#572]#576])>+0: {"op": "Push". "target": 218. "args": {"num": [1]. "ptr": []}}')
debug_merge_point(0, 0, '219<main.rpyeffect:211([k@[k@[switch case for 0#570]#572]#576])>+1: {"op": "Jump". "target": 208}')
debug_merge_point(0, 0, '208<main.rpyeffect:200([mcore:[eta-expanded fn#355]#533])>+0: {"op": "Push". "target": 207. "args": {"num": []. "ptr": []}}')
debug_merge_point(0, 0, '208<main.rpyeffect:200([mcore:[eta-expanded fn#355]#533])>+1: {"op": "Jump". "target": 231}')
debug_merge_point(0, 0, '231<main.rpyeffect:223(Name(fibonacci_48))>+0: {"op": "Push". "target": 230. "args": {"num": [0]. "ptr": []}}')
debug_merge_point(0, 0, '231<main.rpyeffect:223(Name(fibonacci_48))>+1: {"op": "Jump". "target": 17}')
+216: p49 = new_with_vtable(descr=<SizeDescr 48>)
+324: p50 = new_with_vtable(descr=<SizeDescr 40>)
+336: p51 = new_with_vtable(descr=<SizeDescr 48>)
+348: setfield_gc(p51, p40, descr=<FieldP rpyeffect.stored_environment.Stack__arb_arb.inst_tail 8 pure>)
+352: setfield_gc(p51, 218, descr=<FieldS rpyeffect.stored_environment.Stack__arb_arb.inst_target 16 pure>)
+360: setfield_gc(p51, i39, descr=<FieldS rpyeffect.stored_environment.Stack__1_0.inst_values_num_0 40 pure>)
+364: setfield_gc(p50, p51, descr=<FieldP rpyeffect.stored_environment.Stack__arb_arb.inst_tail 8 pure>)
+368: setfield_gc(p50, 207, descr=<FieldS rpyeffect.stored_environment.Stack__arb_arb.inst_target 16 pure>)
+376: p54 = new_with_vtable(descr=<SizeDescr 40>)
+388: setfield_gc(p49, 230, descr=<FieldS rpyeffect.stored_environment.Stack__arb_arb.inst_target 16 pure>)
+396: setfield_gc(p49, i48, descr=<FieldS rpyeffect.stored_environment.Stack__1_0.inst_values_num_0 40 pure>)
+404: setfield_gc(p49, p50, descr=<FieldP rpyeffect.stored_environment.Stack__arb_arb.inst_tail 8 pure>)
+412: setfield_gc(p54, ConstPtr(ptr56), descr=<FieldP rpyeffect.stored_environment.CoData__arb_arb.inst_vtable 24 pure>)
+416: setfield_gc(p54, i39, descr=<FieldS rpyeffect.stored_environment.CoData__1_0.inst_values_num_0 32 pure>)
+484: jump(p33, p49, p0, p35, p36, i48, i39, i3, i4, i5, i6, i7, i8, i9, i10, i11, i12, i13, i14, i15, i16, p54, p18, p19, p20, p21, p22, p23, p24, p25, p26, p27, p28, p29, p30, p31, p32, descr=TargetToken(5372810432))
+520: --end of the loop--
[a6bf2c] jit-log-opt-bridge}
[ac4636] {jit-log-opt-bridge
# bridge out of Guard 0x1403f5660 with 72 ops
[p0, i1, i2, i3, i4, i5, i6, i7, i8, i9, i10, i11, i12, i13, i14, i15, i16, p17, p18, p19, p20, p21, p22, p23, p24, p25, p26, p27, p28, p29, p30, p31, p32, p33, p34, p35, p36]
+136: guard_not_invalidated(descr=<Guard0x14044c230>) [p0, i1, i2, i3, i4, i5, i6, i7, i8, i9, i10, i11, i12, i13, i14, i15, i16, p17, p18, p19, p20, p21, p22, p23, p24, p25, p26, p27, p28, p29, p30, p31, p32, p33, p34, p35, p36]
+140: guard_nonnull(p34, descr=<Guard0x14043d260>) [p0, i1, i2, i3, i4, i5, i6, i7, i8, i9, i10, i11, i12, i13, i14, i15, i16, p17, p18, p19, p20, p21, p22, p23, p24, p25, p26, p27, p28, p29, p30, p31, p32, p33, p34, p35, p36]
+148: i37 = getfield_gc_i(p34, descr=<FieldS rpyeffect.stored_environment.Stack__arb_arb.inst_target 16 pure>)
+152: guard_value(i37, 230, descr=<Guard0x14043d2a0>) [p0, i1, i2, i3, i4, i5, i6, i7, i8, i9, i10, i11, i12, i13, i14, i15, i16, p17, p18, p19, p20, p21, p22, p23, p24, p25, p26, p27, p28, p29, p30, p31, p32, p33, p34, p35, p36]
debug_merge_point(0, 0, '17<main.rpyeffect:9(Name(=_0))>+0: {"op": "New". "out": 0. "targets": [10. 12. 14. 16]. "args": {"num": [0]. "ptr": []}}')
debug_merge_point(0, 0, '17<main.rpyeffect:9(Name(=_0))>+1: {"op": "Return". "args": {"num": []. "ptr": [0]}}')
+164: i39 = getfield_gc_i(p34, descr=<FieldS rpyeffect.stored_environment.Stack__1_0.inst_values_num_0 40 pure>)
+168: p40 = getfield_gc_r(p34, descr=<FieldP rpyeffect.stored_environment.Stack__arb_arb.inst_tail 8 pure>)
debug_merge_point(0, 0, '230<main.rpyeffect:222([k@Name(fibonacci_48)#548])>+0: {"op": "Const". "type": "num". "out": 1. "value": 0}')
debug_merge_point(0, 0, '230<main.rpyeffect:222([k@Name(fibonacci_48)#548])>+1: {"op": "Push". "target": 229. "args": {"num": [0]. "ptr": []}}')
debug_merge_point(0, 0, '230<main.rpyeffect:222([k@Name(fibonacci_48)#548])>+2: {"op": "Copy". "type": "num". "from": 1. "to". 0}')
debug_merge_point(0, 0, '230<main.rpyeffect:222([k@Name(fibonacci_48)#548])>+3: {"op": "Invoke". "receiver": 0. "tag": Interned(%apply(n):n). "args" : {"num": [0]. "ptr": []}}')
debug_merge_point(0, 0, '10<main.rpyeffect:2([method_%apply(n):n@Name(=_0)#7])>+0: {"op": "Jump". "target": 8}')
debug_merge_point(0, 0, '8<main.rpyeffect:0([mcore:[#9]#3])>+0: {"op": "PrimOp". "name": "infixEq(Int. Int): Boolean". "out": {"num": [0]. "ptr": []}. "in": {"num": [1. 0]. "ptr": []}}')
+172: i42 = int_eq(i1, 0)
guard_false(i42, descr=<Guard0x14043d2e0>) [p0, i1, i2, i3, i4, i5, i6, i7, i8, i9, i10, i11, i12, i13, i14, i15, i16, p17, p18, p19, p20, p21, p22, p23, p24, p25, p26, p27, p28, p29, p30, p31, p32, p33, p34, p35, p36]
debug_merge_point(0, 0, '8<main.rpyeffect:0([mcore:[#9]#3])>+1: {"op": "Return". "args": {"num": [0]. "ptr": []}}')
debug_merge_point(0, 0, '229<main.rpyeffect:221([k@[k@Name(fibonacci_48)#548]#552])>+0: {"op": "Switch". "scrutinee": 0. "values": [1]. "targets": [211]. "default": 228}')
+180: guard_nonnull(p40, descr=<Guard0x14043d320>) [p0, i1, i2, i3, i4, i5, i6, i7, i8, i9, i10, i11, i12, i13, i14, i15, i16, p17, p18, p19, p20, p21, p22, p23, p24, p25, p26, p27, p28, p29, p30, p31, p32, p33, p34, p35, p36]
+188: i43 = getfield_gc_i(p40, descr=<FieldS rpyeffect.stored_environment.Stack__arb_arb.inst_target 16 pure>)
+192: guard_value(i43, 207, descr=<Guard0x14043d360>) [p0, i1, i2, i3, i4, i5, i6, i7, i8, i9, i10, i11, i12, i13, i14, i15, i16, p17, p18, p19, p20, p21, p22, p23, p24, p25, p26, p27, p28, p29, p30, p31, p32, p33, p34, p35, p36]
debug_merge_point(0, 0, '228<main.rpyeffect:220([switch default case#557])>+0: {"op": "Swap". "type": "num". "a": 1. "b". 0}')
debug_merge_point(0, 0, '228<main.rpyeffect:220([switch default case#557])>+1: {"op": "Switch". "scrutinee": 1. "values": [0]. "targets": [226]. "default": 227}')
debug_merge_point(0, 0, '226<main.rpyeffect:218([switch case for 0#558])>+0: {"op": "Push". "target": 225. "args": {"num": [0]. "ptr": []}}')
debug_merge_point(0, 0, '226<main.rpyeffect:218([switch case for 0#558])>+1: {"op": "Jump". "target": 17}')
debug_merge_point(0, 0, '17<main.rpyeffect:9(Name(=_0))>+0: {"op": "New". "out": 0. "targets": [10. 12. 14. 16]. "args": {"num": [0]. "ptr": []}}')
debug_merge_point(0, 0, '17<main.rpyeffect:9(Name(=_0))>+1: {"op": "Return". "args": {"num": []. "ptr": [0]}}')
debug_merge_point(0, 0, '225<main.rpyeffect:217([k@[switch case for 0#558]#560])>+0: {"op": "Const". "type": "num". "out": 1. "value": 1}')
debug_merge_point(0, 0, '225<main.rpyeffect:217([k@[switch case for 0#558]#560])>+1: {"op": "Push". "target": 224. "args": {"num": [0]. "ptr": []}}')
debug_merge_point(0, 0, '225<main.rpyeffect:217([k@[switch case for 0#558]#560])>+2: {"op": "Copy". "type": "num". "from": 1. "to". 0}')
debug_merge_point(0, 0, '225<main.rpyeffect:217([k@[switch case for 0#558]#560])>+3: {"op": "Invoke". "receiver": 0. "tag": Interned(%apply(n):n). "args" : {"num": [0]. "ptr": []}}')
debug_merge_point(0, 0, '10<main.rpyeffect:2([method_%apply(n):n@Name(=_0)#7])>+0: {"op": "Jump". "target": 8}')
debug_merge_point(0, 0, '8<main.rpyeffect:0([mcore:[#9]#3])>+0: {"op": "PrimOp". "name": "infixEq(Int. Int): Boolean". "out": {"num": [0]. "ptr": []}. "in": {"num": [1. 0]. "ptr": []}}')
+204: i46 = int_eq(i39, 1)
guard_false(i46, descr=<Guard0x14043d3a0>) [p0, i1, i2, i3, i4, i5, i6, i7, i8, i9, i10, i11, i12, i13, i14, i15, i16, p17, p18, p19, p20, p21, p22, p23, p24, p25, p26, p27, p28, p29, p30, p31, p32, p33, p34, p35, p36]
debug_merge_point(0, 0, '8<main.rpyeffect:0([mcore:[#9]#3])>+1: {"op": "Return". "args": {"num": [0]. "ptr": []}}')
debug_merge_point(0, 0, '224<main.rpyeffect:216([k@[k@[switch case for 0#558]#560]#564])>+0: {"op": "Switch". "scrutinee": 0. "values": [1]. "targets": [212]. "default": 223}')
debug_merge_point(0, 0, '223<main.rpyeffect:215([switch default case#569])>+0: {"op": "Swap". "type": "num". "a": 1. "b". 0}')
debug_merge_point(0, 0, '223<main.rpyeffect:215([switch default case#569])>+1: {"op": "Switch". "scrutinee": 1. "values": [0]. "targets": [221]. "default": 222}')
debug_merge_point(0, 0, '221<main.rpyeffect:213([switch case for 0#570])>+0: {"op": "Push". "target": 220. "args": {"num": [0]. "ptr": []}}')
debug_merge_point(0, 0, '221<main.rpyeffect:213([switch case for 0#570])>+1: {"op": "Jump". "target": 186}')
debug_merge_point(0, 0, '186<main.rpyeffect:178(Name(-_34))>+0: {"op": "New". "out": 0. "targets": [179. 181. 183. 185]. "args": {"num": [0]. "ptr": []}}')
debug_merge_point(0, 0, '186<main.rpyeffect:178(Name(-_34))>+1: {"op": "Return". "args": {"num": []. "ptr": [0]}}')
debug_merge_point(0, 0, '220<main.rpyeffect:212([k@[switch case for 0#570]#572])>+0: {"op": "Const". "type": "num". "out": 1. "value": 1}')
debug_merge_point(0, 0, '220<main.rpyeffect:212([k@[switch case for 0#570]#572])>+1: {"op": "Push". "target": 219. "args": {"num": [0]. "ptr": []}}')
debug_merge_point(0, 0, '220<main.rpyeffect:212([k@[switch case for 0#570]#572])>+2: {"op": "Copy". "type": "num". "from": 1. "to". 0}')
debug_merge_point(0, 0, '220<main.rpyeffect:212([k@[switch case for 0#570]#572])>+3: {"op": "Invoke". "receiver": 0. "tag": Interned(%apply(n):n). "args" : {"num": [0]. "ptr": []}}')
debug_merge_point(0, 0, '179<main.rpyeffect:171([method_%apply(n):n@Name(-_34)#469])>+0: {"op": "Jump". "target": 177}')
debug_merge_point(0, 0, '177<main.rpyeffect:169([mcore:[#24]#465])>+0: {"op": "PrimOp". "name": "infixSub(Int. Int): Int". "out": {"num": [0]. "ptr": []}. "in": {"num": [1. 0]. "ptr": []}}')
+212: i48 = int_sub(i39, 1)
debug_merge_point(0, 0, '177<main.rpyeffect:169([mcore:[#24]#465])>+1: {"op": "Return". "args": {"num": [0]. "ptr": []}}')
debug_merge_point(0, 0, '219<main.rpyeffect:211([k@[k@[switch case for 0#570]#572]#576])>+0: {"op": "Push". "target": 218. "args": {"num": [1]. "ptr": []}}')
debug_merge_point(0, 0, '219<main.rpyeffect:211([k@[k@[switch case for 0#570]#572]#576])>+1: {"op": "Jump". "target": 208}')
debug_merge_point(0, 0, '208<main.rpyeffect:200([mcore:[eta-expanded fn#355]#533])>+0: {"op": "Push". "target": 207. "args": {"num": []. "ptr": []}}')
debug_merge_point(0, 0, '208<main.rpyeffect:200([mcore:[eta-expanded fn#355]#533])>+1: {"op": "Jump". "target": 231}')
debug_merge_point(0, 0, '231<main.rpyeffect:223(Name(fibonacci_48))>+0: {"op": "Push". "target": 230. "args": {"num": [0]. "ptr": []}}')
debug_merge_point(0, 0, '231<main.rpyeffect:223(Name(fibonacci_48))>+1: {"op": "Jump". "target": 17}')
+216: p49 = new_with_vtable(descr=<SizeDescr 48>)
+324: p50 = new_with_vtable(descr=<SizeDescr 40>)
+336: p51 = new_with_vtable(descr=<SizeDescr 48>)
+348: setfield_gc(p51, p40, descr=<FieldP rpyeffect.stored_environment.Stack__arb_arb.inst_tail 8 pure>)
+352: setfield_gc(p51, 218, descr=<FieldS rpyeffect.stored_environment.Stack__arb_arb.inst_target 16 pure>)
+360: setfield_gc(p51, i39, descr=<FieldS rpyeffect.stored_environment.Stack__1_0.inst_values_num_0 40 pure>)
+364: setfield_gc(p50, p51, descr=<FieldP rpyeffect.stored_environment.Stack__arb_arb.inst_tail 8 pure>)
+368: setfield_gc(p50, 207, descr=<FieldS rpyeffect.stored_environment.Stack__arb_arb.inst_target 16 pure>)
+376: p54 = new_with_vtable(descr=<SizeDescr 40>)
+388: setfield_gc(p49, 230, descr=<FieldS rpyeffect.stored_environment.Stack__arb_arb.inst_target 16 pure>)
+396: setfield_gc(p49, i48, descr=<FieldS rpyeffect.stored_environment.Stack__1_0.inst_values_num_0 40 pure>)
+404: setfield_gc(p49, p50, descr=<FieldP rpyeffect.stored_environment.Stack__arb_arb.inst_tail 8 pure>)
+412: setfield_gc(p54, ConstPtr(ptr56), descr=<FieldP rpyeffect.stored_environment.CoData__arb_arb.inst_vtable 24 pure>)
+416: setfield_gc(p54, i39, descr=<FieldS rpyeffect.stored_environment.CoData__1_0.inst_values_num_0 32 pure>)
+484: jump(p33, p49, p0, p35, p36, i48, i39, i3, i4, i5, i6, i7, i8, i9, i10, i11, i12, i13, i14, i15, i16, p54, p18, p19, p20, p21, p22, p23, p24, p25, p26, p27, p28, p29, p30, p31, p32, descr=TargetToken(5372810432))
+520: --end of the loop--
[ae5ce1] jit-log-opt-bridge}
[b765b5] {jit-log-opt-loop
# Loop 8 (209<main.rpyeffect:201([k@[mcore:[eta-expanded fn#360]#540]#543])>+0: {"op": "PrimOp", "name": "unbox(Ptr): Num", "out": {"num": [0], "ptr": []}, "in": {"num": [], "ptr": [0]}}) : loop with 87 ops
[p0, p1, p2, p3, p4]
+280: p5 = getfield_gc_r(p2, descr=<FieldP rpyeffect.environment.Environment.inst_values_num 16>)
+288: i7 = getarrayitem_gc_i(p5, 0, descr=<ArrayS 8>)
+292: i9 = getarrayitem_gc_i(p5, 1, descr=<ArrayS 8>)
+296: i11 = getarrayitem_gc_i(p5, 2, descr=<ArrayS 8>)
+300: i13 = getarrayitem_gc_i(p5, 3, descr=<ArrayS 8>)
+304: i15 = getarrayitem_gc_i(p5, 4, descr=<ArrayS 8>)
+308: i17 = getarrayitem_gc_i(p5, 5, descr=<ArrayS 8>)
+312: i19 = getarrayitem_gc_i(p5, 6, descr=<ArrayS 8>)
+316: i21 = getarrayitem_gc_i(p5, 7, descr=<ArrayS 8>)
+320: i23 = getarrayitem_gc_i(p5, 8, descr=<ArrayS 8>)
+324: i25 = getarrayitem_gc_i(p5, 9, descr=<ArrayS 8>)
+328: i27 = getarrayitem_gc_i(p5, 10, descr=<ArrayS 8>)
+332: i29 = getarrayitem_gc_i(p5, 11, descr=<ArrayS 8>)
+336: i31 = getarrayitem_gc_i(p5, 12, descr=<ArrayS 8>)
+340: i33 = getarrayitem_gc_i(p5, 13, descr=<ArrayS 8>)
+344: i35 = getarrayitem_gc_i(p5, 14, descr=<ArrayS 8>)
+352: i37 = getarrayitem_gc_i(p5, 15, descr=<ArrayS 8>)
+356: p38 = getfield_gc_r(p2, descr=<FieldP rpyeffect.environment.Environment.inst_values_ptr 24>)
+360: p40 = getarrayitem_gc_r(p38, 0, descr=<ArrayP 8>)
+368: p42 = getarrayitem_gc_r(p38, 1, descr=<ArrayP 8>)
+376: p44 = getarrayitem_gc_r(p38, 2, descr=<ArrayP 8>)
+384: p46 = getarrayitem_gc_r(p38, 3, descr=<ArrayP 8>)
+392: p48 = getarrayitem_gc_r(p38, 4, descr=<ArrayP 8>)
+400: p50 = getarrayitem_gc_r(p38, 5, descr=<ArrayP 8>)
+408: p52 = getarrayitem_gc_r(p38, 6, descr=<ArrayP 8>)
+416: p54 = getarrayitem_gc_r(p38, 7, descr=<ArrayP 8>)
+424: p56 = getarrayitem_gc_r(p38, 8, descr=<ArrayP 8>)
+432: p58 = getarrayitem_gc_r(p38, 9, descr=<ArrayP 8>)
+440: p60 = getarrayitem_gc_r(p38, 10, descr=<ArrayP 8>)
+448: p62 = getarrayitem_gc_r(p38, 11, descr=<ArrayP 8>)
+456: p64 = getarrayitem_gc_r(p38, 12, descr=<ArrayP 8>)
+464: p66 = getarrayitem_gc_r(p38, 13, descr=<ArrayP 8>)
+472: p68 = getarrayitem_gc_r(p38, 14, descr=<ArrayP 8>)
+480: p70 = getarrayitem_gc_r(p38, 15, descr=<ArrayP 8>)
+484: label(p0, p1, p2, p3, p4, i7, i9, i11, i13, i15, i17, i19, i21, i23, i25, i27, i29, i31, i33, i35, i37, p40, p42, p44, p46, p48, p50, p52, p54, p56, p58, p60, p62, p64, p66, p68, p70, descr=TargetToken(5100487488))
+544: guard_not_invalidated(descr=<Guard0x13002ea70>) [p2, i7, i9, i11, i13, i15, i17, i19, i21, i23, i25, i27, i29, i31, i33, i35, i37, p40, p42, p44, p46, p48, p50, p52, p54, p56, p58, p60, p62, p64, p66, p68, p70, p0, p1, p3, p4]
+548: i71 = getfield_gc_i(p40, descr=<FieldS rpyeffect.region.NumBox.inst_value 8 pure>)
debug_merge_point(0, 0, '209<main.rpyeffect:201([k@[mcore:[eta-expanded fn#360]#540]#543])>+1: {"op": "Return". "args": {"num": [0]. "ptr": []}}')
+552: guard_nonnull(p1, descr=<Guard0x14043df20>) [p2, i7, i9, i11, i13, i15, i17, i19, i21, i23, i25, i27, i29, i31, i33, i35, i37, p40, p42, p44, p46, p48, p50, p52, p54, p56, p58, p60, p62, p64, p66, p68, p70, p0, p1, p3, p4]
+564: i72 = getfield_gc_i(p1, descr=<FieldS rpyeffect.stored_environment.Stack__arb_arb.inst_target 16 pure>)
+572: guard_value(i72, 214, descr=<Guard0x14043df60>) [p2, i7, i9, i11, i13, i15, i17, i19, i21, i23, i25, i27, i29, i31, i33, i35, i37, p40, p42, p44, p46, p48, p50, p52, p54, p56, p58, p60, p62, p64, p66, p68, p70, p0, p1, p3, p4]
+584: p74 = getfield_gc_r(p1, descr=<FieldP rpyeffect.stored_environment.Stack__0_1.inst_values_ptr_0 40 pure>)
+588: p75 = getfield_gc_r(p1, descr=<FieldP rpyeffect.stored_environment.Stack__arb_arb.inst_tail 8 pure>)
debug_merge_point(0, 0, '214<main.rpyeffect:206([k@[k@[k@[k@[#578]#580]#582]#586]#588])>+0: {"op": "Push". "target": 213. "args": {"num": []. "ptr": []}}')
debug_merge_point(0, 0, '214<main.rpyeffect:206([k@[k@[k@[k@[#578]#580]#582]#586]#588])>+1: {"op": "Invoke". "receiver": 0. "tag": Interned(%apply(n):n). "args" : {"num": [0]. "ptr": []}}')
+592: p76 = getfield_gc_r(p74, descr=<FieldP rpyeffect.stored_environment.CoData__arb_arb.inst_vtable 24 pure>)
+600: guard_value(p76, ConstPtr(ptr77), descr=<Guard0x14043dfa0>) [p2, i7, i9, i11, i13, i15, i17, i19, i21, i23, i25, i27, i29, i31, i33, i35, i37, p40, p42, p44, p46, p48, p50, p52, p54, p56, p58, p60, p62, p64, p66, p68, p70, p0, p1, p3, p4]
+608: i78 = getfield_gc_i(p74, descr=<FieldS rpyeffect.stored_environment.CoData__1_0.inst_values_num_0 32 pure>)
debug_merge_point(0, 0, '136<main.rpyeffect:128([method_%apply(n):n@Name(+_27)#347])>+0: {"op": "Jump". "target": 134}')
debug_merge_point(0, 0, '134<main.rpyeffect:126([mcore:[#20]#343])>+0: {"op": "PrimOp". "name": "infixAdd(Int. Int): Int". "out": {"num": [0]. "ptr": []}. "in": {"num": [1. 0]. "ptr": []}}')
+612: i79 = int_add(i78, i71)
debug_merge_point(0, 0, '134<main.rpyeffect:126([mcore:[#20]#343])>+1: {"op": "Return". "args": {"num": [0]. "ptr": []}}')
debug_merge_point(0, 0, '213<main.rpyeffect:205([#590])>+0: {"op": "PrimOp". "name": "box(Num): Ptr". "out": {"num": []. "ptr": [0]}. "in": {"num": [0]. "ptr": []}}')
debug_merge_point(0, 0, '213<main.rpyeffect:205([#590])>+1: {"op": "Return". "args": {"num": []. "ptr": [0]}}')
+616: guard_nonnull(p75, descr=<Guard0x13003e020>) [p2, i7, i9, i11, i13, i15, i17, i19, i21, i23, i25, i27, i29, i31, i33, i35, i37, p40, p42, p44, p46, p48, p50, p52, p54, p56, p58, p60, p62, p64, p66, p68, p70, p0, p1, p3, p4]
+624: i80 = getfield_gc_i(p75, descr=<FieldS rpyeffect.stored_environment.Stack__arb_arb.inst_target 16 pure>)
+628: guard_value(i80, 209, descr=<Guard0x13003e060>) [p2, i7, i9, i11, i13, i15, i17, i19, i21, i23, i25, i27, i29, i31, i33, i35, i37, p40, p42, p44, p46, p48, p50, p52, p54, p56, p58, p60, p62, p64, p66, p68, p70, p0, p1, p3, p4]
+640: p82 = getfield_gc_r(p75, descr=<FieldP rpyeffect.stored_environment.Stack__arb_arb.inst_tail 8 pure>)
+644: guard_nonnull(p82, descr=<Guard0x13003e0a0>) [p2, i7, i9, i11, i13, i15, i17, i19, i21, i23, i25, i27, i29, i31, i33, i35, i37, p40, p42, p44, p46, p48, p50, p52, p54, p56, p58, p60, p62, p64, p66, p68, p70, p0, p1, p3, p4]
+652: i83 = getfield_gc_i(p82, descr=<FieldS rpyeffect.stored_environment.Stack__arb_arb.inst_target 16 pure>)
+656: guard_value(i83, 214, descr=<Guard0x13003e0e0>) [p2, i7, i9, i11, i13, i15, i17, i19, i21, i23, i25, i27, i29, i31, i33, i35, i37, p40, p42, p44, p46, p48, p50, p52, p54, p56, p58, p60, p62, p64, p66, p68, p70, p0, p1, p3, p4]
debug_merge_point(0, 0, '209<main.rpyeffect:201([k@[mcore:[eta-expanded fn#360]#540]#543])>+0: {"op": "PrimOp". "name": "unbox(Ptr): Num". "out": {"num": [0]. "ptr": []}. "in": {"num": []. "ptr": [0]}}')
+668: label(p0, p82, p2, p3, p4, i79, i78, i11, i13, i15, i17, i19, i21, i23, i25, i27, i29, i31, i33, i35, i37, p42, p44, p46, p48, p50, p52, p54, p56, p58, p60, p62, p64, p66, p68, p70, descr=TargetToken(5100487568))
+672: guard_not_invalidated(descr=<Guard0x13002eac8>) [p2, i79, i78, i11, i13, i15, i17, i19, i21, i23, i25, i27, i29, i31, i33, i35, i37, p42, p44, p46, p48, p50, p52, p54, p56, p58, p60, p62, p64, p66, p68, p70, p0, p82, p3, p4]
debug_merge_point(0, 0, '209<main.rpyeffect:201([k@[mcore:[eta-expanded fn#360]#540]#543])>+1: {"op": "Return". "args": {"num": [0]. "ptr": []}}')
+676: p85 = getfield_gc_r(p82, descr=<FieldP rpyeffect.stored_environment.Stack__0_1.inst_values_ptr_0 40 pure>)
+680: p86 = getfield_gc_r(p82, descr=<FieldP rpyeffect.stored_environment.Stack__arb_arb.inst_tail 8 pure>)
debug_merge_point(0, 0, '214<main.rpyeffect:206([k@[k@[k@[k@[#578]#580]#582]#586]#588])>+0: {"op": "Push". "target": 213. "args": {"num": []. "ptr": []}}')
debug_merge_point(0, 0, '214<main.rpyeffect:206([k@[k@[k@[k@[#578]#580]#582]#586]#588])>+1: {"op": "Invoke". "receiver": 0. "tag": Interned(%apply(n):n). "args" : {"num": [0]. "ptr": []}}')
+684: p87 = getfield_gc_r(p85, descr=<FieldP rpyeffect.stored_environment.CoData__arb_arb.inst_vtable 24 pure>)
+692: guard_value(p87, ConstPtr(ptr88), descr=<Guard0x13003e120>) [p2, i79, i78, i11, i13, i15, i17, i19, i21, i23, i25, i27, i29, i31, i33, i35, i37, p42, p44, p46, p48, p50, p52, p54, p56, p58, p60, p62, p64, p66, p68, p70, p0, p82, p3, p4]
+700: i89 = getfield_gc_i(p85, descr=<FieldS rpyeffect.stored_environment.CoData__1_0.inst_values_num_0 32 pure>)
debug_merge_point(0, 0, '136<main.rpyeffect:128([method_%apply(n):n@Name(+_27)#347])>+0: {"op": "Jump". "target": 134}')
debug_merge_point(0, 0, '134<main.rpyeffect:126([mcore:[#20]#343])>+0: {"op": "PrimOp". "name": "infixAdd(Int. Int): Int". "out": {"num": [0]. "ptr": []}. "in": {"num": [1. 0]. "ptr": []}}')
+704: i90 = int_add(i89, i79)
debug_merge_point(0, 0, '134<main.rpyeffect:126([mcore:[#20]#343])>+1: {"op": "Return". "args": {"num": [0]. "ptr": []}}')
debug_merge_point(0, 0, '213<main.rpyeffect:205([#590])>+0: {"op": "PrimOp". "name": "box(Num): Ptr". "out": {"num": []. "ptr": [0]}. "in": {"num": [0]. "ptr": []}}')
debug_merge_point(0, 0, '213<main.rpyeffect:205([#590])>+1: {"op": "Return". "args": {"num": []. "ptr": [0]}}')
+708: guard_nonnull(p86, descr=<Guard0x13003e160>) [p2, i79, i78, i11, i13, i15, i17, i19, i21, i23, i25, i27, i29, i31, i33, i35, i37, p42, p44, p46, p48, p50, p52, p54, p56, p58, p60, p62, p64, p66, p68, p70, p0, p82, p3, p4]
+716: i91 = getfield_gc_i(p86, descr=<FieldS rpyeffect.stored_environment.Stack__arb_arb.inst_target 16 pure>)
+720: guard_value(i91, 209, descr=<Guard0x13003e1a0>) [p2, i79, i78, i11, i13, i15, i17, i19, i21, i23, i25, i27, i29, i31, i33, i35, i37, p42, p44, p46, p48, p50, p52, p54, p56, p58, p60, p62, p64, p66, p68, p70, p0, p82, p3, p4]
+732: p93 = getfield_gc_r(p86, descr=<FieldP rpyeffect.stored_environment.Stack__arb_arb.inst_tail 8 pure>)
+736: guard_nonnull(p93, descr=<Guard0x13003e1e0>) [p2, i79, i78, i11, i13, i15, i17, i19, i21, i23, i25, i27, i29, i31, i33, i35, i37, p42, p44, p46, p48, p50, p52, p54, p56, p58, p60, p62, p64, p66, p68, p70, p0, p82, p3, p4]
+744: i94 = getfield_gc_i(p93, descr=<FieldS rpyeffect.stored_environment.Stack__arb_arb.inst_target 16 pure>)
+748: guard_value(i94, 214, descr=<Guard0x13003e220>) [p2, i79, i78, i11, i13, i15, i17, i19, i21, i23, i25, i27, i29, i31, i33, i35, i37, p42, p44, p46, p48, p50, p52, p54, p56, p58, p60, p62, p64, p66, p68, p70, p0, p82, p3, p4]
debug_merge_point(0, 0, '209<main.rpyeffect:201([k@[mcore:[eta-expanded fn#360]#540]#543])>+0: {"op": "PrimOp". "name": "unbox(Ptr): Num". "out": {"num": [0]. "ptr": []}. "in": {"num": []. "ptr": [0]}}')
+760: jump(p0, p93, p2, p3, p4, i90, i89, i11, i13, i15, i17, i19, i21, i23, i25, i27, i29, i31, i33, i35, i37, p42, p44, p46, p48, p50, p52, p54, p56, p58, p60, p62, p64, p66, p68, p70, descr=TargetToken(5100487568))
+776: --end of the loop--
[b89d64] jit-log-opt-loop}
[be648f] {jit-log-opt-bridge
# bridge out of Guard 0x1403f4b20 with 32 ops
[p0, i1, i2, i3, i4, i5, i6, i7, i8, i9, i10, i11, i12, i13, i14, i15, i16, p17, p18, p19, p20, p21, p22, p23, p24, p25, p26, p27, p28, p29, p30, p31, p32, p33, p34, p35, p36]
+136: guard_not_invalidated(descr=<Guard0x13002eb20>) [p0, i1, i2, i3, i4, i5, i6, i7, i8, i9, i10, i11, i12, i13, i14, i15, i16, p17, p18, p19, p20, p21, p22, p23, p24, p25, p26, p27, p28, p29, p30, p31, p32, p33, p34, p35, p36]
+140: guard_nonnull(p34, descr=<Guard0x13003e260>) [p0, i1, i2, i3, i4, i5, i6, i7, i8, i9, i10, i11, i12, i13, i14, i15, i16, p17, p18, p19, p20, p21, p22, p23, p24, p25, p26, p27, p28, p29, p30, p31, p32, p33, p34, p35, p36]
+148: i37 = getfield_gc_i(p34, descr=<FieldS rpyeffect.stored_environment.Stack__arb_arb.inst_target 16 pure>)
+152: guard_value(i37, 230, descr=<Guard0x13003e2a0>) [p0, i1, i2, i3, i4, i5, i6, i7, i8, i9, i10, i11, i12, i13, i14, i15, i16, p17, p18, p19, p20, p21, p22, p23, p24, p25, p26, p27, p28, p29, p30, p31, p32, p33, p34, p35, p36]
debug_merge_point(0, 0, '17<main.rpyeffect:9(Name(=_0))>+0: {"op": "New". "out": 0. "targets": [10. 12. 14. 16]. "args": {"num": [0]. "ptr": []}}')
debug_merge_point(0, 0, '17<main.rpyeffect:9(Name(=_0))>+1: {"op": "Return". "args": {"num": []. "ptr": [0]}}')
+164: i39 = getfield_gc_i(p34, descr=<FieldS rpyeffect.stored_environment.Stack__1_0.inst_values_num_0 40 pure>)
+168: p40 = getfield_gc_r(p34, descr=<FieldP rpyeffect.stored_environment.Stack__arb_arb.inst_tail 8 pure>)
debug_merge_point(0, 0, '230<main.rpyeffect:222([k@Name(fibonacci_48)#548])>+0: {"op": "Const". "type": "num". "out": 1. "value": 0}')
debug_merge_point(0, 0, '230<main.rpyeffect:222([k@Name(fibonacci_48)#548])>+1: {"op": "Push". "target": 229. "args": {"num": [0]. "ptr": []}}')
debug_merge_point(0, 0, '230<main.rpyeffect:222([k@Name(fibonacci_48)#548])>+2: {"op": "Copy". "type": "num". "from": 1. "to". 0}')
debug_merge_point(0, 0, '230<main.rpyeffect:222([k@Name(fibonacci_48)#548])>+3: {"op": "Invoke". "receiver": 0. "tag": Interned(%apply(n):n). "args" : {"num": [0]. "ptr": []}}')
debug_merge_point(0, 0, '10<main.rpyeffect:2([method_%apply(n):n@Name(=_0)#7])>+0: {"op": "Jump". "target": 8}')
debug_merge_point(0, 0, '8<main.rpyeffect:0([mcore:[#9]#3])>+0: {"op": "PrimOp". "name": "infixEq(Int. Int): Boolean". "out": {"num": [0]. "ptr": []}. "in": {"num": [1. 0]. "ptr": []}}')
+172: i42 = int_eq(i1, 0)
guard_true(i42, descr=<Guard0x13003e2e0>) [p0, i1, i2, i3, i4, i5, i6, i7, i8, i9, i10, i11, i12, i13, i14, i15, i16, p17, p18, p19, p20, p21, p22, p23, p24, p25, p26, p27, p28, p29, p30, p31, p32, p33, p34, p35, p36]
debug_merge_point(0, 0, '8<main.rpyeffect:0([mcore:[#9]#3])>+1: {"op": "Return". "args": {"num": [0]. "ptr": []}}')
debug_merge_point(0, 0, '229<main.rpyeffect:221([k@[k@Name(fibonacci_48)#548]#552])>+0: {"op": "Switch". "scrutinee": 0. "values": [1]. "targets": [211]. "default": 228}')
+180: guard_nonnull(p40, descr=<Guard0x13003e320>) [p0, i1, i2, i3, i4, i5, i6, i7, i8, i9, i10, i11, i12, i13, i14, i15, i16, p17, p18, p19, p20, p21, p22, p23, p24, p25, p26, p27, p28, p29, p30, p31, p32, p33, p34, p35, p36]
+188: i43 = getfield_gc_i(p40, descr=<FieldS rpyeffect.stored_environment.Stack__arb_arb.inst_target 16 pure>)
+192: guard_value(i43, 209, descr=<Guard0x13003e360>) [p0, i1, i2, i3, i4, i5, i6, i7, i8, i9, i10, i11, i12, i13, i14, i15, i16, p17, p18, p19, p20, p21, p22, p23, p24, p25, p26, p27, p28, p29, p30, p31, p32, p33, p34, p35, p36]
debug_merge_point(0, 0, '211<main.rpyeffect:203([switch case for 1#553])>+0: {"op": "Const". "type": "num". "out": 0. "value": 0}')
debug_merge_point(0, 0, '211<main.rpyeffect:203([switch case for 1#553])>+1: {"op": "PrimOp". "name": "box(Num): Ptr". "out": {"num": []. "ptr": [0]}. "in": {"num": [0]. "ptr": []}}')
debug_merge_point(0, 0, '211<main.rpyeffect:203([switch case for 1#553])>+2: {"op": "Return". "args": {"num": []. "ptr": [0]}}')
+204: p45 = getfield_gc_r(p40, descr=<FieldP rpyeffect.stored_environment.Stack__arb_arb.inst_tail 8 pure>)
+208: guard_nonnull(p45, descr=<Guard0x13003e3a0>) [p0, i1, i2, i3, i4, i5, i6, i7, i8, i9, i10, i11, i12, i13, i14, i15, i16, p17, p18, p19, p20, p21, p22, p23, p24, p25, p26, p27, p28, p29, p30, p31, p32, p33, p34, p35, p36]
+216: i46 = getfield_gc_i(p45, descr=<FieldS rpyeffect.stored_environment.Stack__arb_arb.inst_target 16 pure>)
+220: guard_value(i46, 214, descr=<Guard0x13003e3e0>) [p0, i1, i2, i3, i4, i5, i6, i7, i8, i9, i10, i11, i12, i13, i14, i15, i16, p17, p18, p19, p20, p21, p22, p23, p24, p25, p26, p27, p28, p29, p30, p31, p32, p33, p34, p35, p36]
debug_merge_point(0, 0, '209<main.rpyeffect:201([k@[mcore:[eta-expanded fn#360]#540]#543])>+0: {"op": "PrimOp". "name": "unbox(Ptr): Num". "out": {"num": [0]. "ptr": []}. "in": {"num": []. "ptr": [0]}}')
+232: p48 = new_with_vtable(descr=<SizeDescr 16>)
+336: setfield_gc(p48, 0, descr=<FieldS rpyeffect.region.NumBox.inst_value 8 pure>)
+344: jump(p33, p45, p0, p35, p36, 0, i39, i3, i4, i5, i6, i7, i8, i9, i10, i11, i12, i13, i14, i15, i16, p48, p18, p19, p20, p21, p22, p23, p24, p25, p26, p27, p28, p29, p30, p31, p32, descr=TargetToken(5100487488))
+484: --end of the loop--
[bee359] jit-log-opt-bridge}
[c7b389] {jit-log-opt-loop
# Loop 10 (17<main.rpyeffect:9(Name(=_0))>+0: {"op": "New", "out": 0, "targets": [10, 12, 14, 16], "args": {"num": [0], "ptr": []}}) : entry bridge with 66 ops
[p0, p1, p2, p3, p4]
+216: p5 = getfield_gc_r(p2, descr=<FieldP rpyeffect.environment.Environment.inst_values_num 16>)
+224: i7 = getarrayitem_gc_i(p5, 0, descr=<ArrayS 8>)
+228: i9 = getarrayitem_gc_i(p5, 1, descr=<ArrayS 8>)
+232: i11 = getarrayitem_gc_i(p5, 2, descr=<ArrayS 8>)
+236: i13 = getarrayitem_gc_i(p5, 3, descr=<ArrayS 8>)
+240: i15 = getarrayitem_gc_i(p5, 4, descr=<ArrayS 8>)
+244: i17 = getarrayitem_gc_i(p5, 5, descr=<ArrayS 8>)
+248: i19 = getarrayitem_gc_i(p5, 6, descr=<ArrayS 8>)
+252: i21 = getarrayitem_gc_i(p5, 7, descr=<ArrayS 8>)
+256: i23 = getarrayitem_gc_i(p5, 8, descr=<ArrayS 8>)
+260: i25 = getarrayitem_gc_i(p5, 9, descr=<ArrayS 8>)
+264: i27 = getarrayitem_gc_i(p5, 10, descr=<ArrayS 8>)
+268: i29 = getarrayitem_gc_i(p5, 11, descr=<ArrayS 8>)
+272: i31 = getarrayitem_gc_i(p5, 12, descr=<ArrayS 8>)
+276: i33 = getarrayitem_gc_i(p5, 13, descr=<ArrayS 8>)
+280: i35 = getarrayitem_gc_i(p5, 14, descr=<ArrayS 8>)
+288: i37 = getarrayitem_gc_i(p5, 15, descr=<ArrayS 8>)
+292: p38 = getfield_gc_r(p2, descr=<FieldP rpyeffect.environment.Environment.inst_values_ptr 24>)
+296: p40 = getarrayitem_gc_r(p38, 0, descr=<ArrayP 8>)
+304: p42 = getarrayitem_gc_r(p38, 1, descr=<ArrayP 8>)
+312: p44 = getarrayitem_gc_r(p38, 2, descr=<ArrayP 8>)
+320: p46 = getarrayitem_gc_r(p38, 3, descr=<ArrayP 8>)
+328: p48 = getarrayitem_gc_r(p38, 4, descr=<ArrayP 8>)
+336: p50 = getarrayitem_gc_r(p38, 5, descr=<ArrayP 8>)
+344: p52 = getarrayitem_gc_r(p38, 6, descr=<ArrayP 8>)
+352: p54 = getarrayitem_gc_r(p38, 7, descr=<ArrayP 8>)
+360: p56 = getarrayitem_gc_r(p38, 8, descr=<ArrayP 8>)
+368: p58 = getarrayitem_gc_r(p38, 9, descr=<ArrayP 8>)
+376: p60 = getarrayitem_gc_r(p38, 10, descr=<ArrayP 8>)
+384: p62 = getarrayitem_gc_r(p38, 11, descr=<ArrayP 8>)
+392: p64 = getarrayitem_gc_r(p38, 12, descr=<ArrayP 8>)
+400: p66 = getarrayitem_gc_r(p38, 13, descr=<ArrayP 8>)
+408: p68 = getarrayitem_gc_r(p38, 14, descr=<ArrayP 8>)
+416: p70 = getarrayitem_gc_r(p38, 15, descr=<ArrayP 8>)
debug_merge_point(0, 0, '17<main.rpyeffect:9(Name(=_0))>+0: {"op": "New". "out": 0. "targets": [10. 12. 14. 16]. "args": {"num": [0]. "ptr": []}}')
+420: guard_not_invalidated(descr=<Guard0x13002ec28>) [p2, i7, i9, i11, i13, i15, i17, i19, i21, i23, i25, i27, i29, i31, i33, i35, i37, p40, p42, p44, p46, p48, p50, p52, p54, p56, p58, p60, p62, p64, p66, p68, p70, p0, p1, p3, p4]
debug_merge_point(0, 0, '17<main.rpyeffect:9(Name(=_0))>+1: {"op": "Return". "args": {"num": []. "ptr": [0]}}')
+424: guard_nonnull(p1, descr=<Guard0x13003e960>) [p2, i7, i9, i11, i13, i15, i17, i19, i21, i23, i25, i27, i29, i31, i33, i35, i37, p40, p42, p44, p46, p48, p50, p52, p54, p56, p58, p60, p62, p64, p66, p68, p70, p0, p1, p3, p4]
+436: i71 = getfield_gc_i(p1, descr=<FieldS rpyeffect.stored_environment.Stack__arb_arb.inst_target 16 pure>)
+452: guard_value(i71, 225, descr=<Guard0x13003e9a0>) [p2, i7, i9, i11, i13, i15, i17, i19, i21, i23, i25, i27, i29, i31, i33, i35, i37, p40, p42, p44, p46, p48, p50, p52, p54, p56, p58, p60, p62, p64, p66, p68, p70, p0, p1, p3, p4]
+464: i73 = getfield_gc_i(p1, descr=<FieldS rpyeffect.stored_environment.Stack__1_0.inst_values_num_0 40 pure>)
+468: p74 = getfield_gc_r(p1, descr=<FieldP rpyeffect.stored_environment.Stack__arb_arb.inst_tail 8 pure>)
debug_merge_point(0, 0, '225<main.rpyeffect:217([k@[switch case for 0#558]#560])>+0: {"op": "Const". "type": "num". "out": 1. "value": 1}')
debug_merge_point(0, 0, '225<main.rpyeffect:217([k@[switch case for 0#558]#560])>+1: {"op": "Push". "target": 224. "args": {"num": [0]. "ptr": []}}')
debug_merge_point(0, 0, '225<main.rpyeffect:217([k@[switch case for 0#558]#560])>+2: {"op": "Copy". "type": "num". "from": 1. "to". 0}')
debug_merge_point(0, 0, '225<main.rpyeffect:217([k@[switch case for 0#558]#560])>+3: {"op": "Invoke". "receiver": 0. "tag": Interned(%apply(n):n). "args" : {"num": [0]. "ptr": []}}')
debug_merge_point(0, 0, '10<main.rpyeffect:2([method_%apply(n):n@Name(=_0)#7])>+0: {"op": "Jump". "target": 8}')
debug_merge_point(0, 0, '8<main.rpyeffect:0([mcore:[#9]#3])>+0: {"op": "PrimOp". "name": "infixEq(Int. Int): Boolean". "out": {"num": [0]. "ptr": []}. "in": {"num": [1. 0]. "ptr": []}}')
+476: i76 = int_eq(i7, 1)
guard_true(i76, descr=<Guard0x13003e9e0>) [p2, i7, i9, i11, i13, i15, i17, i19, i21, i23, i25, i27, i29, i31, i33, i35, i37, p40, p42, p44, p46, p48, p50, p52, p54, p56, p58, p60, p62, p64, p66, p68, p70, p0, p1, p3, p4]
debug_merge_point(0, 0, '8<main.rpyeffect:0([mcore:[#9]#3])>+1: {"op": "Return". "args": {"num": [0]. "ptr": []}}')
debug_merge_point(0, 0, '224<main.rpyeffect:216([k@[k@[switch case for 0#558]#560]#564])>+0: {"op": "Switch". "scrutinee": 0. "values": [1]. "targets": [212]. "default": 223}')
+484: guard_nonnull(p74, descr=<Guard0x13003ea20>) [p2, i7, i9, i11, i13, i15, i17, i19, i21, i23, i25, i27, i29, i31, i33, i35, i37, p40, p42, p44, p46, p48, p50, p52, p54, p56, p58, p60, p62, p64, p66, p68, p70, p0, p1, p3, p4]
+492: i77 = getfield_gc_i(p74, descr=<FieldS rpyeffect.stored_environment.Stack__arb_arb.inst_target 16 pure>)
+500: guard_value(i77, 209, descr=<Guard0x13003ea60>) [p2, i7, i9, i11, i13, i15, i17, i19, i21, i23, i25, i27, i29, i31, i33, i35, i37, p40, p42, p44, p46, p48, p50, p52, p54, p56, p58, p60, p62, p64, p66, p68, p70, p0, p1, p3, p4]
debug_merge_point(0, 0, '212<main.rpyeffect:204([switch case for 1#565])>+0: {"op": "Const". "type": "num". "out": 0. "value": 1}')
debug_merge_point(0, 0, '212<main.rpyeffect:204([switch case for 1#565])>+1: {"op": "PrimOp". "name": "box(Num): Ptr". "out": {"num": []. "ptr": [0]}. "in": {"num": [0]. "ptr": []}}')
debug_merge_point(0, 0, '212<main.rpyeffect:204([switch case for 1#565])>+2: {"op": "Return". "args": {"num": []. "ptr": [0]}}')
+512: p79 = getfield_gc_r(p74, descr=<FieldP rpyeffect.stored_environment.Stack__arb_arb.inst_tail 8 pure>)
+516: guard_nonnull(p79, descr=<Guard0x13003eaa0>) [p2, i7, i9, i11, i13, i15, i17, i19, i21, i23, i25, i27, i29, i31, i33, i35, i37, p40, p42, p44, p46, p48, p50, p52, p54, p56, p58, p60, p62, p64, p66, p68, p70, p0, p1, p3, p4]
+524: i80 = getfield_gc_i(p79, descr=<FieldS rpyeffect.stored_environment.Stack__arb_arb.inst_target 16 pure>)
+528: guard_value(i80, 214, descr=<Guard0x13003eae0>) [p2, i7, i9, i11, i13, i15, i17, i19, i21, i23, i25, i27, i29, i31, i33, i35, i37, p40, p42, p44, p46, p48, p50, p52, p54, p56, p58, p60, p62, p64, p66, p68, p70, p0, p1, p3, p4]
debug_merge_point(0, 0, '209<main.rpyeffect:201([k@[mcore:[eta-expanded fn#360]#540]#543])>+0: {"op": "PrimOp". "name": "unbox(Ptr): Num". "out": {"num": [0]. "ptr": []}. "in": {"num": []. "ptr": [0]}}')
+540: p82 = new_with_vtable(descr=<SizeDescr 16>)
+652: setfield_gc(p82, 1, descr=<FieldS rpyeffect.region.NumBox.inst_value 8 pure>)
+660: jump(p0, p79, p2, p3, p4, 1, i73, i11, i13, i15, i17, i19, i21, i23, i25, i27, i29, i31, i33, i35, i37, p82, p42, p44, p46, p48, p50, p52, p54, p56, p58, p60, p62, p64, p66, p68, p70, descr=TargetToken(5100487488))
+836: --end of the loop--
[c86aa4] jit-log-opt-loop}
[cd21d5] {jit-log-opt-bridge
# bridge out of Guard 0x1403f58a0 with 46 ops
[p0, i1, i2, i3, i4, i5, i6, i7, i8, i9, i10, i11, i12, i13, i14, i15, i16, p17, p18, p19, p20, p21, p22, p23, p24, p25, p26, p27, p28, p29, p30, p31, p32, p33, p34, p35, p36]
+168: guard_not_invalidated(descr=<Guard0x13002ec80>) [p0, i1, i2, i3, i4, i5, i6, i7, i8, i9, i10, i11, i12, i13, i14, i15, i16, p17, p18, p19, p20, p21, p22, p23, p24, p25, p26, p27, p28, p29, p30, p31, p32, p33, p34, p35, p36]
debug_merge_point(0, 0, '230<main.rpyeffect:222([k@Name(fibonacci_48)#548])>+3: {"op": "Invoke". "receiver": 0. "tag": Interned(%apply(n):n). "args" : {"num": [0]. "ptr": []}}')
+172: p37 = getfield_gc_r(p17, descr=<FieldP rpyeffect.stored_environment.CoData__arb_arb.inst_vtable 24 pure>)
+180: guard_value(p37, ConstPtr(ptr38), descr=<Guard0x13003eb20>) [p0, i1, i2, i3, i4, i5, i6, i7, i8, i9, i10, i11, i12, i13, i14, i15, i16, p17, p18, p19, p20, p21, p22, p23, p24, p25, p26, p27, p28, p29, p30, p31, p32, p33, p34, p35, p36]
+188: i39 = getfield_gc_i(p17, descr=<FieldS rpyeffect.stored_environment.CoData__1_0.inst_values_num_0 32 pure>)
+192: guard_nonnull(p34, descr=<Guard0x13003eb60>) [p0, i1, i2, i3, i4, i5, i6, i7, i8, i9, i10, i11, i12, i13, i14, i15, i16, p17, p18, p19, p20, p21, p22, p23, p24, p25, p26, p27, p28, p29, p30, p31, p32, p33, p34, p35, p36]
+200: i40 = getfield_gc_i(p34, descr=<FieldS rpyeffect.stored_environment.Stack__arb_arb.inst_target 16 pure>)
+204: guard_value(i40, 229, descr=<Guard0x13003eba0>) [p0, i1, i2, i3, i4, i5, i6, i7, i8, i9, i10, i11, i12, i13, i14, i15, i16, p17, p18, p19, p20, p21, p22, p23, p24, p25, p26, p27, p28, p29, p30, p31, p32, p33, p34, p35, p36]
debug_merge_point(0, 0, '10<main.rpyeffect:2([method_%apply(n):n@Name(=_0)#7])>+0: {"op": "Jump". "target": 8}')
debug_merge_point(0, 0, '8<main.rpyeffect:0([mcore:[#9]#3])>+0: {"op": "PrimOp". "name": "infixEq(Int. Int): Boolean". "out": {"num": [0]. "ptr": []}. "in": {"num": [1. 0]. "ptr": []}}')
+216: i42 = int_eq(i39, i2)
guard_false(i42, descr=<Guard0x13003ebe0>) [p0, i1, i2, i3, i4, i5, i6, i7, i8, i9, i10, i11, i12, i13, i14, i15, i16, p17, p18, p19, p20, p21, p22, p23, p24, p25, p26, p27, p28, p29, p30, p31, p32, p33, p34, p35, p36]
debug_merge_point(0, 0, '8<main.rpyeffect:0([mcore:[#9]#3])>+1: {"op": "Return". "args": {"num": [0]. "ptr": []}}')
+224: i43 = getfield_gc_i(p34, descr=<FieldS rpyeffect.stored_environment.Stack__1_0.inst_values_num_0 40 pure>)
+228: p44 = getfield_gc_r(p34, descr=<FieldP rpyeffect.stored_environment.Stack__arb_arb.inst_tail 8 pure>)
debug_merge_point(0, 0, '229<main.rpyeffect:221([k@[k@Name(fibonacci_48)#548]#552])>+0: {"op": "Switch". "scrutinee": 0. "values": [1]. "targets": [211]. "default": 228}')
+232: guard_nonnull(p44, descr=<Guard0x13003ec20>) [p0, i1, i2, i3, i4, i5, i6, i7, i8, i9, i10, i11, i12, i13, i14, i15, i16, p17, p18, p19, p20, p21, p22, p23, p24, p25, p26, p27, p28, p29, p30, p31, p32, p33, p34, p35, p36]
+240: i45 = getfield_gc_i(p44, descr=<FieldS rpyeffect.stored_environment.Stack__arb_arb.inst_target 16 pure>)
+244: guard_value(i45, 209, descr=<Guard0x13003ec60>) [p0, i1, i2, i3, i4, i5, i6, i7, i8, i9, i10, i11, i12, i13, i14, i15, i16, p17, p18, p19, p20, p21, p22, p23, p24, p25, p26, p27, p28, p29, p30, p31, p32, p33, p34, p35, p36]
debug_merge_point(0, 0, '228<main.rpyeffect:220([switch default case#557])>+0: {"op": "Swap". "type": "num". "a": 1. "b". 0}')
debug_merge_point(0, 0, '228<main.rpyeffect:220([switch default case#557])>+1: {"op": "Switch". "scrutinee": 1. "values": [0]. "targets": [226]. "default": 227}')
debug_merge_point(0, 0, '226<main.rpyeffect:218([switch case for 0#558])>+0: {"op": "Push". "target": 225. "args": {"num": [0]. "ptr": []}}')
debug_merge_point(0, 0, '226<main.rpyeffect:218([switch case for 0#558])>+1: {"op": "Jump". "target": 17}')
debug_merge_point(0, 0, '17<main.rpyeffect:9(Name(=_0))>+0: {"op": "New". "out": 0. "targets": [10. 12. 14. 16]. "args": {"num": [0]. "ptr": []}}')
debug_merge_point(0, 0, '17<main.rpyeffect:9(Name(=_0))>+1: {"op": "Return". "args": {"num": []. "ptr": [0]}}')
debug_merge_point(0, 0, '225<main.rpyeffect:217([k@[switch case for 0#558]#560])>+0: {"op": "Const". "type": "num". "out": 1. "value": 1}')
debug_merge_point(0, 0, '225<main.rpyeffect:217([k@[switch case for 0#558]#560])>+1: {"op": "Push". "target": 224. "args": {"num": [0]. "ptr": []}}')
debug_merge_point(0, 0, '225<main.rpyeffect:217([k@[switch case for 0#558]#560])>+2: {"op": "Copy". "type": "num". "from": 1. "to". 0}')
debug_merge_point(0, 0, '225<main.rpyeffect:217([k@[switch case for 0#558]#560])>+3: {"op": "Invoke". "receiver": 0. "tag": Interned(%apply(n):n). "args" : {"num": [0]. "ptr": []}}')
debug_merge_point(0, 0, '10<main.rpyeffect:2([method_%apply(n):n@Name(=_0)#7])>+0: {"op": "Jump". "target": 8}')
debug_merge_point(0, 0, '8<main.rpyeffect:0([mcore:[#9]#3])>+0: {"op": "PrimOp". "name": "infixEq(Int. Int): Boolean". "out": {"num": [0]. "ptr": []}. "in": {"num": [1. 0]. "ptr": []}}')
+256: i48 = int_eq(i43, 1)
guard_true(i48, descr=<Guard0x13003eca0>) [p0, i1, i2, i3, i4, i5, i6, i7, i8, i9, i10, i11, i12, i13, i14, i15, i16, p17, p18, p19, p20, p21, p22, p23, p24, p25, p26, p27, p28, p29, p30, p31, p32, p33, p34, p35, p36]
debug_merge_point(0, 0, '8<main.rpyeffect:0([mcore:[#9]#3])>+1: {"op": "Return". "args": {"num": [0]. "ptr": []}}')
debug_merge_point(0, 0, '224<main.rpyeffect:216([k@[k@[switch case for 0#558]#560]#564])>+0: {"op": "Switch". "scrutinee": 0. "values": [1]. "targets": [212]. "default": 223}')
debug_merge_point(0, 0, '212<main.rpyeffect:204([switch case for 1#565])>+0: {"op": "Const". "type": "num". "out": 0. "value": 1}')
debug_merge_point(0, 0, '212<main.rpyeffect:204([switch case for 1#565])>+1: {"op": "PrimOp". "name": "box(Num): Ptr". "out": {"num": []. "ptr": [0]}. "in": {"num": [0]. "ptr": []}}')
debug_merge_point(0, 0, '212<main.rpyeffect:204([switch case for 1#565])>+2: {"op": "Return". "args": {"num": []. "ptr": [0]}}')
+264: p49 = getfield_gc_r(p44, descr=<FieldP rpyeffect.stored_environment.Stack__arb_arb.inst_tail 8 pure>)
+268: guard_nonnull(p49, descr=<Guard0x13003ece0>) [p0, i1, i2, i3, i4, i5, i6, i7, i8, i9, i10, i11, i12, i13, i14, i15, i16, p17, p18, p19, p20, p21, p22, p23, p24, p25, p26, p27, p28, p29, p30, p31, p32, p33, p34, p35, p36]
+276: i50 = getfield_gc_i(p49, descr=<FieldS rpyeffect.stored_environment.Stack__arb_arb.inst_target 16 pure>)
+280: guard_value(i50, 214, descr=<Guard0x13003ed20>) [p0, i1, i2, i3, i4, i5, i6, i7, i8, i9, i10, i11, i12, i13, i14, i15, i16, p17, p18, p19, p20, p21, p22, p23, p24, p25, p26, p27, p28, p29, p30, p31, p32, p33, p34, p35, p36]
debug_merge_point(0, 0, '209<main.rpyeffect:201([k@[mcore:[eta-expanded fn#360]#540]#543])>+0: {"op": "PrimOp". "name": "unbox(Ptr): Num". "out": {"num": [0]. "ptr": []}. "in": {"num": []. "ptr": [0]}}')
+292: p52 = new_with_vtable(descr=<SizeDescr 16>)
+404: setfield_gc(p52, 1, descr=<FieldS rpyeffect.region.NumBox.inst_value 8 pure>)
+412: jump(p33, p49, p0, p35, p36, 1, 1, i3, i4, i5, i6, i7, i8, i9, i10, i11, i12, i13, i14, i15, i16, p52, p18, p19, p20, p21, p22, p23, p24, p25, p26, p27, p28, p29, p30, p31, p32, descr=TargetToken(5100487488))
+592: --end of the loop--
[cdc34b] jit-log-opt-bridge}
[d6ecff] {jit-log-opt-loop
# Loop 12 (214<main.rpyeffect:206([k@[k@[k@[k@[#578]#580]#582]#586]#588])>+1: {"op": "Invoke", "receiver": 0, "tag": Interned(%apply(n):n), "args" : {"num": [0], "ptr": []}}) : entry bridge with 96 ops
[p0, p1, p2, p3, p4]
+232: p5 = getfield_gc_r(p2, descr=<FieldP rpyeffect.environment.Environment.inst_values_num 16>)
+240: i7 = getarrayitem_gc_i(p5, 0, descr=<ArrayS 8>)
+244: i9 = getarrayitem_gc_i(p5, 1, descr=<ArrayS 8>)
+248: i11 = getarrayitem_gc_i(p5, 2, descr=<ArrayS 8>)
+252: i13 = getarrayitem_gc_i(p5, 3, descr=<ArrayS 8>)
+256: i15 = getarrayitem_gc_i(p5, 4, descr=<ArrayS 8>)
+260: i17 = getarrayitem_gc_i(p5, 5, descr=<ArrayS 8>)
+264: i19 = getarrayitem_gc_i(p5, 6, descr=<ArrayS 8>)
+268: i21 = getarrayitem_gc_i(p5, 7, descr=<ArrayS 8>)
+272: i23 = getarrayitem_gc_i(p5, 8, descr=<ArrayS 8>)
+276: i25 = getarrayitem_gc_i(p5, 9, descr=<ArrayS 8>)
+280: i27 = getarrayitem_gc_i(p5, 10, descr=<ArrayS 8>)
+284: i29 = getarrayitem_gc_i(p5, 11, descr=<ArrayS 8>)
+288: i31 = getarrayitem_gc_i(p5, 12, descr=<ArrayS 8>)
+292: i33 = getarrayitem_gc_i(p5, 13, descr=<ArrayS 8>)
+296: i35 = getarrayitem_gc_i(p5, 14, descr=<ArrayS 8>)
+304: i37 = getarrayitem_gc_i(p5, 15, descr=<ArrayS 8>)
+308: p38 = getfield_gc_r(p2, descr=<FieldP rpyeffect.environment.Environment.inst_values_ptr 24>)
+312: p40 = getarrayitem_gc_r(p38, 0, descr=<ArrayP 8>)
+320: p42 = getarrayitem_gc_r(p38, 1, descr=<ArrayP 8>)
+328: p44 = getarrayitem_gc_r(p38, 2, descr=<ArrayP 8>)
+336: p46 = getarrayitem_gc_r(p38, 3, descr=<ArrayP 8>)
+344: p48 = getarrayitem_gc_r(p38, 4, descr=<ArrayP 8>)
+352: p50 = getarrayitem_gc_r(p38, 5, descr=<ArrayP 8>)
+360: p52 = getarrayitem_gc_r(p38, 6, descr=<ArrayP 8>)
+368: p54 = getarrayitem_gc_r(p38, 7, descr=<ArrayP 8>)
+376: p56 = getarrayitem_gc_r(p38, 8, descr=<ArrayP 8>)
+384: p58 = getarrayitem_gc_r(p38, 9, descr=<ArrayP 8>)
+392: p60 = getarrayitem_gc_r(p38, 10, descr=<ArrayP 8>)
+400: p62 = getarrayitem_gc_r(p38, 11, descr=<ArrayP 8>)
+408: p64 = getarrayitem_gc_r(p38, 12, descr=<ArrayP 8>)
+416: p66 = getarrayitem_gc_r(p38, 13, descr=<ArrayP 8>)
+424: p68 = getarrayitem_gc_r(p38, 14, descr=<ArrayP 8>)
+432: p70 = getarrayitem_gc_r(p38, 15, descr=<ArrayP 8>)
debug_merge_point(0, 0, '214<main.rpyeffect:206([k@[k@[k@[k@[#578]#580]#582]#586]#588])>+1: {"op": "Invoke". "receiver": 0. "tag": Interned(%apply(n):n). "args" : {"num": [0]. "ptr": []}}')
+436: guard_not_invalidated(descr=<Guard0x13002ed30>) [p2, i7, i9, i11, i13, i15, i17, i19, i21, i23, i25, i27, i29, i31, i33, i35, i37, p40, p42, p44, p46, p48, p50, p52, p54, p56, p58, p60, p62, p64, p66, p68, p70, p0, p1, p3, p4]
+440: p71 = getfield_gc_r(p40, descr=<FieldP rpyeffect.stored_environment.CoData__arb_arb.inst_vtable 24 pure>)
+456: guard_value(p71, ConstPtr(ptr72), descr=<Guard0x13003ed60>) [p2, i7, i9, i11, i13, i15, i17, i19, i21, i23, i25, i27, i29, i31, i33, i35, i37, p40, p42, p44, p46, p48, p50, p52, p54, p56, p58, p60, p62, p64, p66, p68, p70, p0, p1, p3, p4]
+464: i73 = getfield_gc_i(p40, descr=<FieldS rpyeffect.stored_environment.CoData__1_0.inst_values_num_0 32 pure>)
+468: guard_nonnull(p1, descr=<Guard0x13003eda0>) [p2, i7, i9, i11, i13, i15, i17, i19, i21, i23, i25, i27, i29, i31, i33, i35, i37, p40, p42, p44, p46, p48, p50, p52, p54, p56, p58, p60, p62, p64, p66, p68, p70, p0, p1, p3, p4]
+480: i74 = getfield_gc_i(p1, descr=<FieldS rpyeffect.stored_environment.Stack__arb_arb.inst_target 16 pure>)
+496: guard_value(i74, 213, descr=<Guard0x13003ede0>) [p2, i7, i9, i11, i13, i15, i17, i19, i21, i23, i25, i27, i29, i31, i33, i35, i37, p40, p42, p44, p46, p48, p50, p52, p54, p56, p58, p60, p62, p64, p66, p68, p70, p0, p1, p3, p4]
debug_merge_point(0, 0, '136<main.rpyeffect:128([method_%apply(n):n@Name(+_27)#347])>+0: {"op": "Jump". "target": 134}')
debug_merge_point(0, 0, '134<main.rpyeffect:126([mcore:[#20]#343])>+0: {"op": "PrimOp". "name": "infixAdd(Int. Int): Int". "out": {"num": [0]. "ptr": []}. "in": {"num": [1. 0]. "ptr": []}}')
+508: i76 = int_add(i73, i7)
debug_merge_point(0, 0, '134<main.rpyeffect:126([mcore:[#20]#343])>+1: {"op": "Return". "args": {"num": [0]. "ptr": []}}')
+512: p77 = getfield_gc_r(p1, descr=<FieldP rpyeffect.stored_environment.Stack__arb_arb.inst_tail 8 pure>)
debug_merge_point(0, 0, '213<main.rpyeffect:205([#590])>+0: {"op": "PrimOp". "name": "box(Num): Ptr". "out": {"num": []. "ptr": [0]}. "in": {"num": [0]. "ptr": []}}')
debug_merge_point(0, 0, '213<main.rpyeffect:205([#590])>+1: {"op": "Return". "args": {"num": []. "ptr": [0]}}')
+516: guard_nonnull(p77, descr=<Guard0x13003ee20>) [p2, i7, i9, i11, i13, i15, i17, i19, i21, i23, i25, i27, i29, i31, i33, i35, i37, p40, p42, p44, p46, p48, p50, p52, p54, p56, p58, p60, p62, p64, p66, p68, p70, p0, p1, p3, p4]
+524: i78 = getfield_gc_i(p77, descr=<FieldS rpyeffect.stored_environment.Stack__arb_arb.inst_target 16 pure>)
+532: guard_value(i78, 207, descr=<Guard0x13003ee60>) [p2, i7, i9, i11, i13, i15, i17, i19, i21, i23, i25, i27, i29, i31, i33, i35, i37, p40, p42, p44, p46, p48, p50, p52, p54, p56, p58, p60, p62, p64, p66, p68, p70, p0, p1, p3, p4]
+544: p80 = getfield_gc_r(p77, descr=<FieldP rpyeffect.stored_environment.Stack__arb_arb.inst_tail 8 pure>)
+548: guard_nonnull(p80, descr=<Guard0x13003eea0>) [p2, i7, i9, i11, i13, i15, i17, i19, i21, i23, i25, i27, i29, i31, i33, i35, i37, p40, p42, p44, p46, p48, p50, p52, p54, p56, p58, p60, p62, p64, p66, p68, p70, p0, p1, p3, p4]
+556: i81 = getfield_gc_i(p80, descr=<FieldS rpyeffect.stored_environment.Stack__arb_arb.inst_target 16 pure>)
+560: guard_value(i81, 218, descr=<Guard0x13003eee0>) [p2, i7, i9, i11, i13, i15, i17, i19, i21, i23, i25, i27, i29, i31, i33, i35, i37, p40, p42, p44, p46, p48, p50, p52, p54, p56, p58, p60, p62, p64, p66, p68, p70, p0, p1, p3, p4]
debug_merge_point(0, 0, '207<main.rpyeffect:199([k@[mcore:[eta-expanded fn#355]#533]#536])>+0: {"op": "PrimOp". "name": "unbox(Ptr): Num". "out": {"num": [0]. "ptr": []}. "in": {"num": []. "ptr": [0]}}')
debug_merge_point(0, 0, '207<main.rpyeffect:199([k@[mcore:[eta-expanded fn#355]#533]#536])>+1: {"op": "Return". "args": {"num": [0]. "ptr": []}}')
+572: i83 = getfield_gc_i(p80, descr=<FieldS rpyeffect.stored_environment.Stack__1_0.inst_values_num_0 40 pure>)
+576: p84 = getfield_gc_r(p80, descr=<FieldP rpyeffect.stored_environment.Stack__arb_arb.inst_tail 8 pure>)
debug_merge_point(0, 0, '218<main.rpyeffect:210([#578])>+0: {"op": "Push". "target": 217. "args": {"num": [1]. "ptr": []}}')
debug_merge_point(0, 0, '218<main.rpyeffect:210([#578])>+1: {"op": "Jump". "target": 143}')
debug_merge_point(0, 0, '143<main.rpyeffect:135(Name(+_27))>+0: {"op": "New". "out": 0. "targets": [136. 138. 140. 142]. "args": {"num": [0]. "ptr": []}}')
debug_merge_point(0, 0, '143<main.rpyeffect:135(Name(+_27))>+1: {"op": "Return". "args": {"num": []. "ptr": [0]}}')
debug_merge_point(0, 0, '217<main.rpyeffect:209([k@[#578]#580])>+0: {"op": "Push". "target": 216. "args": {"num": []. "ptr": [0]}}')
debug_merge_point(0, 0, '217<main.rpyeffect:209([k@[#578]#580])>+1: {"op": "Jump". "target": 186}')
debug_merge_point(0, 0, '186<main.rpyeffect:178(Name(-_34))>+0: {"op": "New". "out": 0. "targets": [179. 181. 183. 185]. "args": {"num": [0]. "ptr": []}}')
debug_merge_point(0, 0, '186<main.rpyeffect:178(Name(-_34))>+1: {"op": "Return". "args": {"num": []. "ptr": [0]}}')
debug_merge_point(0, 0, '216<main.rpyeffect:208([k@[k@[#578]#580]#582])>+0: {"op": "Const". "type": "num". "out": 0. "value": 2}')
debug_merge_point(0, 0, '216<main.rpyeffect:208([k@[k@[#578]#580]#582])>+1: {"op": "Push". "target": 215. "args": {"num": []. "ptr": [1]}}')
debug_merge_point(0, 0, '216<main.rpyeffect:208([k@[k@[#578]#580]#582])>+2: {"op": "Invoke". "receiver": 0. "tag": Interned(%apply(n):n). "args" : {"num": [0]. "ptr": []}}')
debug_merge_point(0, 0, '179<main.rpyeffect:171([method_%apply(n):n@Name(-_34)#469])>+0: {"op": "Jump". "target": 177}')
debug_merge_point(0, 0, '177<main.rpyeffect:169([mcore:[#24]#465])>+0: {"op": "PrimOp". "name": "infixSub(Int. Int): Int". "out": {"num": [0]. "ptr": []}. "in": {"num": [1. 0]. "ptr": []}}')
+580: i86 = int_sub(i83, 2)
debug_merge_point(0, 0, '177<main.rpyeffect:169([mcore:[#24]#465])>+1: {"op": "Return". "args": {"num": [0]. "ptr": []}}')
debug_merge_point(0, 0, '215<main.rpyeffect:207([k@[k@[k@[#578]#580]#582]#586])>+0: {"op": "Push". "target": 214. "args": {"num": []. "ptr": [0]}}')
debug_merge_point(0, 0, '215<main.rpyeffect:207([k@[k@[k@[#578]#580]#582]#586])>+1: {"op": "Jump". "target": 210}')
debug_merge_point(0, 0, '210<main.rpyeffect:202([mcore:[eta-expanded fn#360]#540])>+0: {"op": "Push". "target": 209. "args": {"num": []. "ptr": []}}')
debug_merge_point(0, 0, '210<main.rpyeffect:202([mcore:[eta-expanded fn#360]#540])>+1: {"op": "Jump". "target": 231}')
debug_merge_point(0, 0, '231<main.rpyeffect:223(Name(fibonacci_48))>+0: {"op": "Push". "target": 230. "args": {"num": [0]. "ptr": []}}')
debug_merge_point(0, 0, '231<main.rpyeffect:223(Name(fibonacci_48))>+1: {"op": "Jump". "target": 17}')
+584: p87 = new_with_vtable(descr=<SizeDescr 48>)
+696: p88 = new_with_vtable(descr=<SizeDescr 40>)
+708: p89 = new_with_vtable(descr=<SizeDescr 48>)
+720: setfield_gc(p89, p84, descr=<FieldP rpyeffect.stored_environment.Stack__arb_arb.inst_tail 8 pure>)
+724: setfield_gc(p89, 214, descr=<FieldS rpyeffect.stored_environment.Stack__arb_arb.inst_target 16 pure>)
+732: p91 = new_with_vtable(descr=<SizeDescr 40>)
+744: setfield_gc(p91, ConstPtr(ptr92), descr=<FieldP rpyeffect.stored_environment.CoData__arb_arb.inst_vtable 24 pure>)
+748: setfield_gc(p91, i76, descr=<FieldS rpyeffect.stored_environment.CoData__1_0.inst_values_num_0 32 pure>)
+752: setfield_gc(p89, p91, descr=<FieldP rpyeffect.stored_environment.Stack__0_1.inst_values_ptr_0 40 pure>)
+756: setfield_gc(p88, p89, descr=<FieldP rpyeffect.stored_environment.Stack__arb_arb.inst_tail 8 pure>)
+760: setfield_gc(p88, 209, descr=<FieldS rpyeffect.stored_environment.Stack__arb_arb.inst_target 16 pure>)
+768: setfield_gc(p87, 230, descr=<FieldS rpyeffect.stored_environment.Stack__arb_arb.inst_target 16 pure>)
+776: setfield_gc(p87, p88, descr=<FieldP rpyeffect.stored_environment.Stack__arb_arb.inst_tail 8 pure>)
+780: setfield_gc(p87, i86, descr=<FieldS rpyeffect.stored_environment.Stack__1_0.inst_values_num_0 40 pure>)
+848: jump(p0, p87, p2, p3, p4, i86, i83, i11, i13, i15, i17, i19, i21, i23, i25, i27, i29, i31, i33, i35, i37, p91, p91, p44, p46, p48, p50, p52, p54, p56, p58, p60, p62, p64, p66, p68, p70, descr=TargetToken(5372810432))
+1024: --end of the loop--
[d7f6f2] jit-log-opt-loop}
[dd1c7e] {jit-log-opt-bridge
# bridge out of Guard 0x14043d220 with 48 ops
[p0, i1, i2, i3, i4, i5, i6, i7, i8, i9, i10, i11, i12, i13, i14, i15, i16, p17, p18, p19, p20, p21, p22, p23, p24, p25, p26, p27, p28, p29, p30, p31, p32, p33, p34, p35, p36]
+152: guard_not_invalidated(descr=<Guard0x13002ed88>) [p0, i1, i2, i3, i4, i5, i6, i7, i8, i9, i10, i11, i12, i13, i14, i15, i16, p17, p18, p19, p20, p21, p22, p23, p24, p25, p26, p27, p28, p29, p30, p31, p32, p33, p34, p35, p36]
+156: guard_nonnull(p34, descr=<Guard0x13003ef20>) [p0, i1, i2, i3, i4, i5, i6, i7, i8, i9, i10, i11, i12, i13, i14, i15, i16, p17, p18, p19, p20, p21, p22, p23, p24, p25, p26, p27, p28, p29, p30, p31, p32, p33, p34, p35, p36]
+164: i37 = getfield_gc_i(p34, descr=<FieldS rpyeffect.stored_environment.Stack__arb_arb.inst_target 16 pure>)
+168: guard_value(i37, 230, descr=<Guard0x13003ef60>) [p0, i1, i2, i3, i4, i5, i6, i7, i8, i9, i10, i11, i12, i13, i14, i15, i16, p17, p18, p19, p20, p21, p22, p23, p24, p25, p26, p27, p28, p29, p30, p31, p32, p33, p34, p35, p36]
debug_merge_point(0, 0, '17<main.rpyeffect:9(Name(=_0))>+0: {"op": "New". "out": 0. "targets": [10. 12. 14. 16]. "args": {"num": [0]. "ptr": []}}')
debug_merge_point(0, 0, '17<main.rpyeffect:9(Name(=_0))>+1: {"op": "Return". "args": {"num": []. "ptr": [0]}}')
+180: i39 = getfield_gc_i(p34, descr=<FieldS rpyeffect.stored_environment.Stack__1_0.inst_values_num_0 40 pure>)
+184: p40 = getfield_gc_r(p34, descr=<FieldP rpyeffect.stored_environment.Stack__arb_arb.inst_tail 8 pure>)
debug_merge_point(0, 0, '230<main.rpyeffect:222([k@Name(fibonacci_48)#548])>+0: {"op": "Const". "type": "num". "out": 1. "value": 0}')
debug_merge_point(0, 0, '230<main.rpyeffect:222([k@Name(fibonacci_48)#548])>+1: {"op": "Push". "target": 229. "args": {"num": [0]. "ptr": []}}')
debug_merge_point(0, 0, '230<main.rpyeffect:222([k@Name(fibonacci_48)#548])>+2: {"op": "Copy". "type": "num". "from": 1. "to". 0}')
debug_merge_point(0, 0, '230<main.rpyeffect:222([k@Name(fibonacci_48)#548])>+3: {"op": "Invoke". "receiver": 0. "tag": Interned(%apply(n):n). "args" : {"num": [0]. "ptr": []}}')
debug_merge_point(0, 0, '10<main.rpyeffect:2([method_%apply(n):n@Name(=_0)#7])>+0: {"op": "Jump". "target": 8}')
debug_merge_point(0, 0, '8<main.rpyeffect:0([mcore:[#9]#3])>+0: {"op": "PrimOp". "name": "infixEq(Int. Int): Boolean". "out": {"num": [0]. "ptr": []}. "in": {"num": [1. 0]. "ptr": []}}')
+188: i42 = int_eq(i1, 0)
guard_false(i42, descr=<Guard0x13003efa0>) [p0, i1, i2, i3, i4, i5, i6, i7, i8, i9, i10, i11, i12, i13, i14, i15, i16, p17, p18, p19, p20, p21, p22, p23, p24, p25, p26, p27, p28, p29, p30, p31, p32, p33, p34, p35, p36]
debug_merge_point(0, 0, '8<main.rpyeffect:0([mcore:[#9]#3])>+1: {"op": "Return". "args": {"num": [0]. "ptr": []}}')
debug_merge_point(0, 0, '229<main.rpyeffect:221([k@[k@Name(fibonacci_48)#548]#552])>+0: {"op": "Switch". "scrutinee": 0. "values": [1]. "targets": [211]. "default": 228}')
+196: guard_nonnull(p40, descr=<Guard0x13003efe0>) [p0, i1, i2, i3, i4, i5, i6, i7, i8, i9, i10, i11, i12, i13, i14, i15, i16, p17, p18, p19, p20, p21, p22, p23, p24, p25, p26, p27, p28, p29, p30, p31, p32, p33, p34, p35, p36]
+204: i43 = getfield_gc_i(p40, descr=<FieldS rpyeffect.stored_environment.Stack__arb_arb.inst_target 16 pure>)
+208: guard_value(i43, 209, descr=<Guard0x13003f020>) [p0, i1, i2, i3, i4, i5, i6, i7, i8, i9, i10, i11, i12, i13, i14, i15, i16, p17, p18, p19, p20, p21, p22, p23, p24, p25, p26, p27, p28, p29, p30, p31, p32, p33, p34, p35, p36]
debug_merge_point(0, 0, '228<main.rpyeffect:220([switch default case#557])>+0: {"op": "Swap". "type": "num". "a": 1. "b". 0}')
debug_merge_point(0, 0, '228<main.rpyeffect:220([switch default case#557])>+1: {"op": "Switch". "scrutinee": 1. "values": [0]. "targets": [226]. "default": 227}')
debug_merge_point(0, 0, '226<main.rpyeffect:218([switch case for 0#558])>+0: {"op": "Push". "target": 225. "args": {"num": [0]. "ptr": []}}')
debug_merge_point(0, 0, '226<main.rpyeffect:218([switch case for 0#558])>+1: {"op": "Jump". "target": 17}')
debug_merge_point(0, 0, '17<main.rpyeffect:9(Name(=_0))>+0: {"op": "New". "out": 0. "targets": [10. 12. 14. 16]. "args": {"num": [0]. "ptr": []}}')
debug_merge_point(0, 0, '17<main.rpyeffect:9(Name(=_0))>+1: {"op": "Return". "args": {"num": []. "ptr": [0]}}')
debug_merge_point(0, 0, '225<main.rpyeffect:217([k@[switch case for 0#558]#560])>+0: {"op": "Const". "type": "num". "out": 1. "value": 1}')
debug_merge_point(0, 0, '225<main.rpyeffect:217([k@[switch case for 0#558]#560])>+1: {"op": "Push". "target": 224. "args": {"num": [0]. "ptr": []}}')
debug_merge_point(0, 0, '225<main.rpyeffect:217([k@[switch case for 0#558]#560])>+2: {"op": "Copy". "type": "num". "from": 1. "to". 0}')
debug_merge_point(0, 0, '225<main.rpyeffect:217([k@[switch case for 0#558]#560])>+3: {"op": "Invoke". "receiver": 0. "tag": Interned(%apply(n):n). "args" : {"num": [0]. "ptr": []}}')
debug_merge_point(0, 0, '10<main.rpyeffect:2([method_%apply(n):n@Name(=_0)#7])>+0: {"op": "Jump". "target": 8}')
debug_merge_point(0, 0, '8<main.rpyeffect:0([mcore:[#9]#3])>+0: {"op": "PrimOp". "name": "infixEq(Int. Int): Boolean". "out": {"num": [0]. "ptr": []}. "in": {"num": [1. 0]. "ptr": []}}')
+220: i46 = int_eq(i39, 1)
guard_true(i46, descr=<Guard0x13003f060>) [p0, i1, i2, i3, i4, i5, i6, i7, i8, i9, i10, i11, i12, i13, i14, i15, i16, p17, p18, p19, p20, p21, p22, p23, p24, p25, p26, p27, p28, p29, p30, p31, p32, p33, p34, p35, p36]
debug_merge_point(0, 0, '8<main.rpyeffect:0([mcore:[#9]#3])>+1: {"op": "Return". "args": {"num": [0]. "ptr": []}}')
debug_merge_point(0, 0, '224<main.rpyeffect:216([k@[k@[switch case for 0#558]#560]#564])>+0: {"op": "Switch". "scrutinee": 0. "values": [1]. "targets": [212]. "default": 223}')
debug_merge_point(0, 0, '212<main.rpyeffect:204([switch case for 1#565])>+0: {"op": "Const". "type": "num". "out": 0. "value": 1}')
debug_merge_point(0, 0, '212<main.rpyeffect:204([switch case for 1#565])>+1: {"op": "PrimOp". "name": "box(Num): Ptr". "out": {"num": []. "ptr": [0]}. "in": {"num": [0]. "ptr": []}}')
debug_merge_point(0, 0, '212<main.rpyeffect:204([switch case for 1#565])>+2: {"op": "Return". "args": {"num": []. "ptr": [0]}}')
+228: p47 = getfield_gc_r(p40, descr=<FieldP rpyeffect.stored_environment.Stack__arb_arb.inst_tail 8 pure>)
+232: guard_nonnull(p47, descr=<Guard0x13003f0a0>) [p0, i1, i2, i3, i4, i5, i6, i7, i8, i9, i10, i11, i12, i13, i14, i15, i16, p17, p18, p19, p20, p21, p22, p23, p24, p25, p26, p27, p28, p29, p30, p31, p32, p33, p34, p35, p36]
+240: i48 = getfield_gc_i(p47, descr=<FieldS rpyeffect.stored_environment.Stack__arb_arb.inst_target 16 pure>)
+244: guard_value(i48, 214, descr=<Guard0x13003f0e0>) [p0, i1, i2, i3, i4, i5, i6, i7, i8, i9, i10, i11, i12, i13, i14, i15, i16, p17, p18, p19, p20, p21, p22, p23, p24, p25, p26, p27, p28, p29, p30, p31, p32, p33, p34, p35, p36]
debug_merge_point(0, 0, '209<main.rpyeffect:201([k@[mcore:[eta-expanded fn#360]#540]#543])>+0: {"op": "PrimOp". "name": "unbox(Ptr): Num". "out": {"num": [0]. "ptr": []}. "in": {"num": []. "ptr": [0]}}')
+256: p50 = new_with_vtable(descr=<SizeDescr 16>)
+360: setfield_gc(p50, 1, descr=<FieldS rpyeffect.region.NumBox.inst_value 8 pure>)
+368: jump(p33, p47, p0, p35, p36, 1, 1, i3, i4, i5, i6, i7, i8, i9, i10, i11, i12, i13, i14, i15, i16, p50, p18, p19, p20, p21, p22, p23, p24, p25, p26, p27, p28, p29, p30, p31, p32, descr=TargetToken(5100487488))
+512: --end of the loop--
[ddc15e] jit-log-opt-bridge}
[e4f85f] {jit-log-opt-bridge
# bridge out of Guard 0x13003e060 with 66 ops
[p0, i1, i2, i3, i4, i5, i6, i7, i8, i9, i10, i11, i12, i13, i14, i15, i16, p17, p18, p19, p20, p21, p22, p23, p24, p25, p26, p27, p28, p29, p30, p31, p32, p33, p34, p35, p36]
+152: guard_not_invalidated(descr=<Guard0x13002ede0>) [p0, i1, i2, i3, i4, i5, i6, i7, i8, i9, i10, i11, i12, i13, i14, i15, i16, p17, p18, p19, p20, p21, p22, p23, p24, p25, p26, p27, p28, p29, p30, p31, p32, p33, p34, p35, p36]
+156: i37 = getfield_gc_i(p17, descr=<FieldS rpyeffect.region.NumBox.inst_value 8 pure>)
debug_merge_point(0, 0, '209<main.rpyeffect:201([k@[mcore:[eta-expanded fn#360]#540]#543])>+1: {"op": "Return". "args": {"num": [0]. "ptr": []}}')
+160: guard_nonnull(p34, descr=<Guard0x13003ff20>) [p0, i1, i2, i3, i4, i5, i6, i7, i8, i9, i10, i11, i12, i13, i14, i15, i16, p17, p18, p19, p20, p21, p22, p23, p24, p25, p26, p27, p28, p29, p30, p31, p32, p33, p34, p35, p36]
+168: i38 = getfield_gc_i(p34, descr=<FieldS rpyeffect.stored_environment.Stack__arb_arb.inst_target 16 pure>)
+172: guard_value(i38, 214, descr=<Guard0x13003ff60>) [p0, i1, i2, i3, i4, i5, i6, i7, i8, i9, i10, i11, i12, i13, i14, i15, i16, p17, p18, p19, p20, p21, p22, p23, p24, p25, p26, p27, p28, p29, p30, p31, p32, p33, p34, p35, p36]
+184: p40 = getfield_gc_r(p34, descr=<FieldP rpyeffect.stored_environment.Stack__0_1.inst_values_ptr_0 40 pure>)
+188: p41 = getfield_gc_r(p34, descr=<FieldP rpyeffect.stored_environment.Stack__arb_arb.inst_tail 8 pure>)
debug_merge_point(0, 0, '214<main.rpyeffect:206([k@[k@[k@[k@[#578]#580]#582]#586]#588])>+0: {"op": "Push". "target": 213. "args": {"num": []. "ptr": []}}')
debug_merge_point(0, 0, '214<main.rpyeffect:206([k@[k@[k@[k@[#578]#580]#582]#586]#588])>+1: {"op": "Invoke". "receiver": 0. "tag": Interned(%apply(n):n). "args" : {"num": [0]. "ptr": []}}')
+192: p42 = getfield_gc_r(p40, descr=<FieldP rpyeffect.stored_environment.CoData__arb_arb.inst_vtable 24 pure>)
+200: guard_value(p42, ConstPtr(ptr43), descr=<Guard0x13003ffa0>) [p0, i1, i2, i3, i4, i5, i6, i7, i8, i9, i10, i11, i12, i13, i14, i15, i16, p17, p18, p19, p20, p21, p22, p23, p24, p25, p26, p27, p28, p29, p30, p31, p32, p33, p34, p35, p36]
+208: i44 = getfield_gc_i(p40, descr=<FieldS rpyeffect.stored_environment.CoData__1_0.inst_values_num_0 32 pure>)
debug_merge_point(0, 0, '136<main.rpyeffect:128([method_%apply(n):n@Name(+_27)#347])>+0: {"op": "Jump". "target": 134}')
debug_merge_point(0, 0, '134<main.rpyeffect:126([mcore:[#20]#343])>+0: {"op": "PrimOp". "name": "infixAdd(Int. Int): Int". "out": {"num": [0]. "ptr": []}. "in": {"num": [1. 0]. "ptr": []}}')
+212: i45 = int_add(i44, i37)
debug_merge_point(0, 0, '134<main.rpyeffect:126([mcore:[#20]#343])>+1: {"op": "Return". "args": {"num": [0]. "ptr": []}}')
debug_merge_point(0, 0, '213<main.rpyeffect:205([#590])>+0: {"op": "PrimOp". "name": "box(Num): Ptr". "out": {"num": []. "ptr": [0]}. "in": {"num": [0]. "ptr": []}}')
debug_merge_point(0, 0, '213<main.rpyeffect:205([#590])>+1: {"op": "Return". "args": {"num": []. "ptr": [0]}}')
+216: guard_nonnull(p41, descr=<Guard0x13005c020>) [p0, i1, i2, i3, i4, i5, i6, i7, i8, i9, i10, i11, i12, i13, i14, i15, i16, p17, p18, p19, p20, p21, p22, p23, p24, p25, p26, p27, p28, p29, p30, p31, p32, p33, p34, p35, p36]
+224: i46 = getfield_gc_i(p41, descr=<FieldS rpyeffect.stored_environment.Stack__arb_arb.inst_target 16 pure>)
+228: guard_value(i46, 207, descr=<Guard0x13005c060>) [p0, i1, i2, i3, i4, i5, i6, i7, i8, i9, i10, i11, i12, i13, i14, i15, i16, p17, p18, p19, p20, p21, p22, p23, p24, p25, p26, p27, p28, p29, p30, p31, p32, p33, p34, p35, p36]
+240: p48 = getfield_gc_r(p41, descr=<FieldP rpyeffect.stored_environment.Stack__arb_arb.inst_tail 8 pure>)
+244: guard_nonnull(p48, descr=<Guard0x13005c0a0>) [p0, i1, i2, i3, i4, i5, i6, i7, i8, i9, i10, i11, i12, i13, i14, i15, i16, p17, p18, p19, p20, p21, p22, p23, p24, p25, p26, p27, p28, p29, p30, p31, p32, p33, p34, p35, p36]
+252: i49 = getfield_gc_i(p48, descr=<FieldS rpyeffect.stored_environment.Stack__arb_arb.inst_target 16 pure>)
+256: guard_value(i49, 218, descr=<Guard0x13005c0e0>) [p0, i1, i2, i3, i4, i5, i6, i7, i8, i9, i10, i11, i12, i13, i14, i15, i16, p17, p18, p19, p20, p21, p22, p23, p24, p25, p26, p27, p28, p29, p30, p31, p32, p33, p34, p35, p36]
debug_merge_point(0, 0, '207<main.rpyeffect:199([k@[mcore:[eta-expanded fn#355]#533]#536])>+0: {"op": "PrimOp". "name": "unbox(Ptr): Num". "out": {"num": [0]. "ptr": []}. "in": {"num": []. "ptr": [0]}}')
debug_merge_point(0, 0, '207<main.rpyeffect:199([k@[mcore:[eta-expanded fn#355]#533]#536])>+1: {"op": "Return". "args": {"num": [0]. "ptr": []}}')
+268: i51 = getfield_gc_i(p48, descr=<FieldS rpyeffect.stored_environment.Stack__1_0.inst_values_num_0 40 pure>)
+272: p52 = getfield_gc_r(p48, descr=<FieldP rpyeffect.stored_environment.Stack__arb_arb.inst_tail 8 pure>)
debug_merge_point(0, 0, '218<main.rpyeffect:210([#578])>+0: {"op": "Push". "target": 217. "args": {"num": [1]. "ptr": []}}')
debug_merge_point(0, 0, '218<main.rpyeffect:210([#578])>+1: {"op": "Jump". "target": 143}')
debug_merge_point(0, 0, '143<main.rpyeffect:135(Name(+_27))>+0: {"op": "New". "out": 0. "targets": [136. 138. 140. 142]. "args": {"num": [0]. "ptr": []}}')
debug_merge_point(0, 0, '143<main.rpyeffect:135(Name(+_27))>+1: {"op": "Return". "args": {"num": []. "ptr": [0]}}')
debug_merge_point(0, 0, '217<main.rpyeffect:209([k@[#578]#580])>+0: {"op": "Push". "target": 216. "args": {"num": []. "ptr": [0]}}')
debug_merge_point(0, 0, '217<main.rpyeffect:209([k@[#578]#580])>+1: {"op": "Jump". "target": 186}')
debug_merge_point(0, 0, '186<main.rpyeffect:178(Name(-_34))>+0: {"op": "New". "out": 0. "targets": [179. 181. 183. 185]. "args": {"num": [0]. "ptr": []}}')
debug_merge_point(0, 0, '186<main.rpyeffect:178(Name(-_34))>+1: {"op": "Return". "args": {"num": []. "ptr": [0]}}')
debug_merge_point(0, 0, '216<main.rpyeffect:208([k@[k@[#578]#580]#582])>+0: {"op": "Const". "type": "num". "out": 0. "value": 2}')
debug_merge_point(0, 0, '216<main.rpyeffect:208([k@[k@[#578]#580]#582])>+1: {"op": "Push". "target": 215. "args": {"num": []. "ptr": [1]}}')
debug_merge_point(0, 0, '216<main.rpyeffect:208([k@[k@[#578]#580]#582])>+2: {"op": "Invoke". "receiver": 0. "tag": Interned(%apply(n):n). "args" : {"num": [0]. "ptr": []}}')
debug_merge_point(0, 0, '179<main.rpyeffect:171([method_%apply(n):n@Name(-_34)#469])>+0: {"op": "Jump". "target": 177}')
debug_merge_point(0, 0, '177<main.rpyeffect:169([mcore:[#24]#465])>+0: {"op": "PrimOp". "name": "infixSub(Int. Int): Int". "out": {"num": [0]. "ptr": []}. "in": {"num": [1. 0]. "ptr": []}}')
+276: i54 = int_sub(i51, 2)
debug_merge_point(0, 0, '177<main.rpyeffect:169([mcore:[#24]#465])>+1: {"op": "Return". "args": {"num": [0]. "ptr": []}}')
debug_merge_point(0, 0, '215<main.rpyeffect:207([k@[k@[k@[#578]#580]#582]#586])>+0: {"op": "Push". "target": 214. "args": {"num": []. "ptr": [0]}}')
debug_merge_point(0, 0, '215<main.rpyeffect:207([k@[k@[k@[#578]#580]#582]#586])>+1: {"op": "Jump". "target": 210}')
debug_merge_point(0, 0, '210<main.rpyeffect:202([mcore:[eta-expanded fn#360]#540])>+0: {"op": "Push". "target": 209. "args": {"num": []. "ptr": []}}')
debug_merge_point(0, 0, '210<main.rpyeffect:202([mcore:[eta-expanded fn#360]#540])>+1: {"op": "Jump". "target": 231}')
debug_merge_point(0, 0, '231<main.rpyeffect:223(Name(fibonacci_48))>+0: {"op": "Push". "target": 230. "args": {"num": [0]. "ptr": []}}')
debug_merge_point(0, 0, '231<main.rpyeffect:223(Name(fibonacci_48))>+1: {"op": "Jump". "target": 17}')
+280: p55 = new_with_vtable(descr=<SizeDescr 48>)
+384: p56 = new_with_vtable(descr=<SizeDescr 40>)
+396: p57 = new_with_vtable(descr=<SizeDescr 48>)
+408: setfield_gc(p57, p52, descr=<FieldP rpyeffect.stored_environment.Stack__arb_arb.inst_tail 8 pure>)
+412: setfield_gc(p57, 214, descr=<FieldS rpyeffect.stored_environment.Stack__arb_arb.inst_target 16 pure>)
+420: p59 = new_with_vtable(descr=<SizeDescr 40>)
+432: setfield_gc(p59, ConstPtr(ptr60), descr=<FieldP rpyeffect.stored_environment.CoData__arb_arb.inst_vtable 24 pure>)
+436: setfield_gc(p59, i45, descr=<FieldS rpyeffect.stored_environment.CoData__1_0.inst_values_num_0 32 pure>)
+440: setfield_gc(p57, p59, descr=<FieldP rpyeffect.stored_environment.Stack__0_1.inst_values_ptr_0 40 pure>)
+444: setfield_gc(p56, p57, descr=<FieldP rpyeffect.stored_environment.Stack__arb_arb.inst_tail 8 pure>)
+448: setfield_gc(p56, 209, descr=<FieldS rpyeffect.stored_environment.Stack__arb_arb.inst_target 16 pure>)
+456: setfield_gc(p55, 230, descr=<FieldS rpyeffect.stored_environment.Stack__arb_arb.inst_target 16 pure>)
+464: setfield_gc(p55, p56, descr=<FieldP rpyeffect.stored_environment.Stack__arb_arb.inst_tail 8 pure>)
+468: setfield_gc(p55, i54, descr=<FieldS rpyeffect.stored_environment.Stack__1_0.inst_values_num_0 40 pure>)
+536: jump(p33, p55, p0, p35, p36, i54, i51, i3, i4, i5, i6, i7, i8, i9, i10, i11, i12, i13, i14, i15, i16, p59, p59, p19, p20, p21, p22, p23, p24, p25, p26, p27, p28, p29, p30, p31, p32, descr=TargetToken(5372810432))
+652: --end of the loop--
[e5c2d9] jit-log-opt-bridge}
[ec3ed7] {jit-log-opt-bridge
# bridge out of Guard 0x13003e1a0 with 65 ops
[p0, i1, i2, i3, i4, i5, i6, i7, i8, i9, i10, i11, i12, i13, i14, i15, i16, p17, p18, p19, p20, p21, p22, p23, p24, p25, p26, p27, p28, p29, p30, p31, p32, p33, p34, p35]
+152: guard_not_invalidated(descr=<Guard0x130051ba0>) [p0, i1, i2, i3, i4, i5, i6, i7, i8, i9, i10, i11, i12, i13, i14, i15, i16, p17, p18, p19, p20, p21, p22, p23, p24, p25, p26, p27, p28, p29, p30, p31, p32, p33, p34, p35]
debug_merge_point(0, 0, '209<main.rpyeffect:201([k@[mcore:[eta-expanded fn#360]#540]#543])>+1: {"op": "Return". "args": {"num": [0]. "ptr": []}}')
+156: guard_nonnull(p33, descr=<Guard0x13005c120>) [p0, i1, i2, i3, i4, i5, i6, i7, i8, i9, i10, i11, i12, i13, i14, i15, i16, p17, p18, p19, p20, p21, p22, p23, p24, p25, p26, p27, p28, p29, p30, p31, p32, p33, p34, p35]
+164: i36 = getfield_gc_i(p33, descr=<FieldS rpyeffect.stored_environment.Stack__arb_arb.inst_target 16 pure>)
+168: guard_value(i36, 214, descr=<Guard0x13005c160>) [p0, i1, i2, i3, i4, i5, i6, i7, i8, i9, i10, i11, i12, i13, i14, i15, i16, p17, p18, p19, p20, p21, p22, p23, p24, p25, p26, p27, p28, p29, p30, p31, p32, p33, p34, p35]
+180: p38 = getfield_gc_r(p33, descr=<FieldP rpyeffect.stored_environment.Stack__0_1.inst_values_ptr_0 40 pure>)
+184: p39 = getfield_gc_r(p33, descr=<FieldP rpyeffect.stored_environment.Stack__arb_arb.inst_tail 8 pure>)
debug_merge_point(0, 0, '214<main.rpyeffect:206([k@[k@[k@[k@[#578]#580]#582]#586]#588])>+0: {"op": "Push". "target": 213. "args": {"num": []. "ptr": []}}')
debug_merge_point(0, 0, '214<main.rpyeffect:206([k@[k@[k@[k@[#578]#580]#582]#586]#588])>+1: {"op": "Invoke". "receiver": 0. "tag": Interned(%apply(n):n). "args" : {"num": [0]. "ptr": []}}')
+188: p40 = getfield_gc_r(p38, descr=<FieldP rpyeffect.stored_environment.CoData__arb_arb.inst_vtable 24 pure>)
+196: guard_value(p40, ConstPtr(ptr41), descr=<Guard0x13005c1a0>) [p0, i1, i2, i3, i4, i5, i6, i7, i8, i9, i10, i11, i12, i13, i14, i15, i16, p17, p18, p19, p20, p21, p22, p23, p24, p25, p26, p27, p28, p29, p30, p31, p32, p33, p34, p35]
+204: i42 = getfield_gc_i(p38, descr=<FieldS rpyeffect.stored_environment.CoData__1_0.inst_values_num_0 32 pure>)
debug_merge_point(0, 0, '136<main.rpyeffect:128([method_%apply(n):n@Name(+_27)#347])>+0: {"op": "Jump". "target": 134}')
debug_merge_point(0, 0, '134<main.rpyeffect:126([mcore:[#20]#343])>+0: {"op": "PrimOp". "name": "infixAdd(Int. Int): Int". "out": {"num": [0]. "ptr": []}. "in": {"num": [1. 0]. "ptr": []}}')
+208: i43 = int_add(i42, i1)
debug_merge_point(0, 0, '134<main.rpyeffect:126([mcore:[#20]#343])>+1: {"op": "Return". "args": {"num": [0]. "ptr": []}}')
debug_merge_point(0, 0, '213<main.rpyeffect:205([#590])>+0: {"op": "PrimOp". "name": "box(Num): Ptr". "out": {"num": []. "ptr": [0]}. "in": {"num": [0]. "ptr": []}}')
debug_merge_point(0, 0, '213<main.rpyeffect:205([#590])>+1: {"op": "Return". "args": {"num": []. "ptr": [0]}}')
+212: guard_nonnull(p39, descr=<Guard0x13005c1e0>) [p0, i1, i2, i3, i4, i5, i6, i7, i8, i9, i10, i11, i12, i13, i14, i15, i16, p17, p18, p19, p20, p21, p22, p23, p24, p25, p26, p27, p28, p29, p30, p31, p32, p33, p34, p35]
+220: i44 = getfield_gc_i(p39, descr=<FieldS rpyeffect.stored_environment.Stack__arb_arb.inst_target 16 pure>)
+224: guard_value(i44, 207, descr=<Guard0x13005c220>) [p0, i1, i2, i3, i4, i5, i6, i7, i8, i9, i10, i11, i12, i13, i14, i15, i16, p17, p18, p19, p20, p21, p22, p23, p24, p25, p26, p27, p28, p29, p30, p31, p32, p33, p34, p35]
+236: p46 = getfield_gc_r(p39, descr=<FieldP rpyeffect.stored_environment.Stack__arb_arb.inst_tail 8 pure>)
+240: guard_nonnull(p46, descr=<Guard0x13005c260>) [p0, i1, i2, i3, i4, i5, i6, i7, i8, i9, i10, i11, i12, i13, i14, i15, i16, p17, p18, p19, p20, p21, p22, p23, p24, p25, p26, p27, p28, p29, p30, p31, p32, p33, p34, p35]
+248: i47 = getfield_gc_i(p46, descr=<FieldS rpyeffect.stored_environment.Stack__arb_arb.inst_target 16 pure>)
+252: guard_value(i47, 218, descr=<Guard0x13005c2a0>) [p0, i1, i2, i3, i4, i5, i6, i7, i8, i9, i10, i11, i12, i13, i14, i15, i16, p17, p18, p19, p20, p21, p22, p23, p24, p25, p26, p27, p28, p29, p30, p31, p32, p33, p34, p35]
debug_merge_point(0, 0, '207<main.rpyeffect:199([k@[mcore:[eta-expanded fn#355]#533]#536])>+0: {"op": "PrimOp". "name": "unbox(Ptr): Num". "out": {"num": [0]. "ptr": []}. "in": {"num": []. "ptr": [0]}}')
debug_merge_point(0, 0, '207<main.rpyeffect:199([k@[mcore:[eta-expanded fn#355]#533]#536])>+1: {"op": "Return". "args": {"num": [0]. "ptr": []}}')
+264: i49 = getfield_gc_i(p46, descr=<FieldS rpyeffect.stored_environment.Stack__1_0.inst_values_num_0 40 pure>)
+268: p50 = getfield_gc_r(p46, descr=<FieldP rpyeffect.stored_environment.Stack__arb_arb.inst_tail 8 pure>)
debug_merge_point(0, 0, '218<main.rpyeffect:210([#578])>+0: {"op": "Push". "target": 217. "args": {"num": [1]. "ptr": []}}')
debug_merge_point(0, 0, '218<main.rpyeffect:210([#578])>+1: {"op": "Jump". "target": 143}')
debug_merge_point(0, 0, '143<main.rpyeffect:135(Name(+_27))>+0: {"op": "New". "out": 0. "targets": [136. 138. 140. 142]. "args": {"num": [0]. "ptr": []}}')
debug_merge_point(0, 0, '143<main.rpyeffect:135(Name(+_27))>+1: {"op": "Return". "args": {"num": []. "ptr": [0]}}')
debug_merge_point(0, 0, '217<main.rpyeffect:209([k@[#578]#580])>+0: {"op": "Push". "target": 216. "args": {"num": []. "ptr": [0]}}')
debug_merge_point(0, 0, '217<main.rpyeffect:209([k@[#578]#580])>+1: {"op": "Jump". "target": 186}')
debug_merge_point(0, 0, '186<main.rpyeffect:178(Name(-_34))>+0: {"op": "New". "out": 0. "targets": [179. 181. 183. 185]. "args": {"num": [0]. "ptr": []}}')
debug_merge_point(0, 0, '186<main.rpyeffect:178(Name(-_34))>+1: {"op": "Return". "args": {"num": []. "ptr": [0]}}')
debug_merge_point(0, 0, '216<main.rpyeffect:208([k@[k@[#578]#580]#582])>+0: {"op": "Const". "type": "num". "out": 0. "value": 2}')
debug_merge_point(0, 0, '216<main.rpyeffect:208([k@[k@[#578]#580]#582])>+1: {"op": "Push". "target": 215. "args": {"num": []. "ptr": [1]}}')
debug_merge_point(0, 0, '216<main.rpyeffect:208([k@[k@[#578]#580]#582])>+2: {"op": "Invoke". "receiver": 0. "tag": Interned(%apply(n):n). "args" : {"num": [0]. "ptr": []}}')
debug_merge_point(0, 0, '179<main.rpyeffect:171([method_%apply(n):n@Name(-_34)#469])>+0: {"op": "Jump". "target": 177}')
debug_merge_point(0, 0, '177<main.rpyeffect:169([mcore:[#24]#465])>+0: {"op": "PrimOp". "name": "infixSub(Int. Int): Int". "out": {"num": [0]. "ptr": []}. "in": {"num": [1. 0]. "ptr": []}}')
+272: i52 = int_sub(i49, 2)
debug_merge_point(0, 0, '177<main.rpyeffect:169([mcore:[#24]#465])>+1: {"op": "Return". "args": {"num": [0]. "ptr": []}}')
debug_merge_point(0, 0, '215<main.rpyeffect:207([k@[k@[k@[#578]#580]#582]#586])>+0: {"op": "Push". "target": 214. "args": {"num": []. "ptr": [0]}}')
debug_merge_point(0, 0, '215<main.rpyeffect:207([k@[k@[k@[#578]#580]#582]#586])>+1: {"op": "Jump". "target": 210}')
debug_merge_point(0, 0, '210<main.rpyeffect:202([mcore:[eta-expanded fn#360]#540])>+0: {"op": "Push". "target": 209. "args": {"num": []. "ptr": []}}')
debug_merge_point(0, 0, '210<main.rpyeffect:202([mcore:[eta-expanded fn#360]#540])>+1: {"op": "Jump". "target": 231}')
debug_merge_point(0, 0, '231<main.rpyeffect:223(Name(fibonacci_48))>+0: {"op": "Push". "target": 230. "args": {"num": [0]. "ptr": []}}')
debug_merge_point(0, 0, '231<main.rpyeffect:223(Name(fibonacci_48))>+1: {"op": "Jump". "target": 17}')
+276: p53 = new_with_vtable(descr=<SizeDescr 48>)
+384: p54 = new_with_vtable(descr=<SizeDescr 40>)
+396: p55 = new_with_vtable(descr=<SizeDescr 48>)
+408: setfield_gc(p55, p50, descr=<FieldP rpyeffect.stored_environment.Stack__arb_arb.inst_tail 8 pure>)
+412: setfield_gc(p55, 214, descr=<FieldS rpyeffect.stored_environment.Stack__arb_arb.inst_target 16 pure>)
+420: p57 = new_with_vtable(descr=<SizeDescr 40>)
+432: setfield_gc(p57, ConstPtr(ptr58), descr=<FieldP rpyeffect.stored_environment.CoData__arb_arb.inst_vtable 24 pure>)
+436: setfield_gc(p57, i43, descr=<FieldS rpyeffect.stored_environment.CoData__1_0.inst_values_num_0 32 pure>)
+440: setfield_gc(p55, p57, descr=<FieldP rpyeffect.stored_environment.Stack__0_1.inst_values_ptr_0 40 pure>)
+444: setfield_gc(p54, p55, descr=<FieldP rpyeffect.stored_environment.Stack__arb_arb.inst_tail 8 pure>)
+448: setfield_gc(p54, 209, descr=<FieldS rpyeffect.stored_environment.Stack__arb_arb.inst_target 16 pure>)
+456: setfield_gc(p53, 230, descr=<FieldS rpyeffect.stored_environment.Stack__arb_arb.inst_target 16 pure>)
+464: setfield_gc(p53, p54, descr=<FieldP rpyeffect.stored_environment.Stack__arb_arb.inst_tail 8 pure>)
+468: setfield_gc(p53, i52, descr=<FieldS rpyeffect.stored_environment.Stack__1_0.inst_values_num_0 40 pure>)
+540: jump(p32, p53, p0, p34, p35, i52, i49, i3, i4, i5, i6, i7, i8, i9, i10, i11, i12, i13, i14, i15, i16, p57, p57, p18, p19, p20, p21, p22, p23, p24, p25, p26, p27, p28, p29, p30, p31, descr=TargetToken(5372810432))
+656: --end of the loop--
[ed23ae] jit-log-opt-bridge}
[1ac72cd5d] {jit-summary
Tracing:      	14	0.005789
Backend:      	14	0.001708
TOTAL:      		7.219184
ops:             	27450
heapcached ops:  	3118
recorded ops:    	6739
  calls:         	3859
guards:          	1017
opt ops:         	968
opt guards:      	142
opt guards shared:	125
forcings:        	0
abort: trace too long:	0
abort: compiling:	0
abort: vable escape:	0
abort: bad loop: 	0
abort: force quasi-immut:	0
abort: segmenting trace:	0
virtualizables forced:	0
nvirtuals:       	2
nvholes:         	0
nvreused:        	0
vecopt tried:    	0
vecopt success:  	0
Total # of loops:	6
Total # of bridges:	8
Freed # of loops:	0
Freed # of bridges:	0
[1ac72fc13] jit-summary}
