[777a1c4] {jit-log-opt-loop
# Loop 1 (5091<main.rpyeffect:94([#283])>+3: {"op": "Copy", "type": "ptr", "from": 2, "to", 1}) : loop with 73 ops
[p0, p1, p2, p3]
+216: p4 = getfield_gc_r(p2, descr=<FieldP rpyeffect.environment.Environment.inst_values_num 16>)
+224: i6 = getarrayitem_gc_i(p4, 0, descr=<ArrayS 8>)
+228: i8 = getarrayitem_gc_i(p4, 1, descr=<ArrayS 8>)
+232: i10 = getarrayitem_gc_i(p4, 2, descr=<ArrayS 8>)
+236: i12 = getarrayitem_gc_i(p4, 3, descr=<ArrayS 8>)
+240: i14 = getarrayitem_gc_i(p4, 4, descr=<ArrayS 8>)
+244: i16 = getarrayitem_gc_i(p4, 5, descr=<ArrayS 8>)
+248: i18 = getarrayitem_gc_i(p4, 6, descr=<ArrayS 8>)
+252: i20 = getarrayitem_gc_i(p4, 7, descr=<ArrayS 8>)
+256: i22 = getarrayitem_gc_i(p4, 8, descr=<ArrayS 8>)
+260: i24 = getarrayitem_gc_i(p4, 9, descr=<ArrayS 8>)
+264: i26 = getarrayitem_gc_i(p4, 10, descr=<ArrayS 8>)
+268: i28 = getarrayitem_gc_i(p4, 11, descr=<ArrayS 8>)
+272: i30 = getarrayitem_gc_i(p4, 12, descr=<ArrayS 8>)
+276: i32 = getarrayitem_gc_i(p4, 13, descr=<ArrayS 8>)
+280: i34 = getarrayitem_gc_i(p4, 14, descr=<ArrayS 8>)
+288: i36 = getarrayitem_gc_i(p4, 15, descr=<ArrayS 8>)
+292: p37 = getfield_gc_r(p2, descr=<FieldP rpyeffect.environment.Environment.inst_values_ptr 24>)
+296: p39 = getarrayitem_gc_r(p37, 0, descr=<ArrayP 8>)
+304: p41 = getarrayitem_gc_r(p37, 1, descr=<ArrayP 8>)
+312: p43 = getarrayitem_gc_r(p37, 2, descr=<ArrayP 8>)
+320: p45 = getarrayitem_gc_r(p37, 3, descr=<ArrayP 8>)
+328: p47 = getarrayitem_gc_r(p37, 4, descr=<ArrayP 8>)
+336: p49 = getarrayitem_gc_r(p37, 5, descr=<ArrayP 8>)
+344: p51 = getarrayitem_gc_r(p37, 6, descr=<ArrayP 8>)
+352: p53 = getarrayitem_gc_r(p37, 7, descr=<ArrayP 8>)
+360: p55 = getarrayitem_gc_r(p37, 8, descr=<ArrayP 8>)
+368: p57 = getarrayitem_gc_r(p37, 9, descr=<ArrayP 8>)
+376: p59 = getarrayitem_gc_r(p37, 10, descr=<ArrayP 8>)
+384: p61 = getarrayitem_gc_r(p37, 11, descr=<ArrayP 8>)
+392: p63 = getarrayitem_gc_r(p37, 12, descr=<ArrayP 8>)
+400: p65 = getarrayitem_gc_r(p37, 13, descr=<ArrayP 8>)
+408: p67 = getarrayitem_gc_r(p37, 14, descr=<ArrayP 8>)
+416: p69 = getarrayitem_gc_r(p37, 15, descr=<ArrayP 8>)
+420: label(p0, p1, p2, p3, i6, i8, i10, i12, i14, i16, i18, i20, i22, i24, i26, i28, i30, i32, i34, i36, p39, p41, p43, p45, p47, p49, p51, p53, p55, p57, p59, p61, p63, p65, p67, p69, descr=TargetToken(4970202800))
debug_merge_point(0, 0, '5091<main.rpyeffect:94([#283])>+3: {"op": "Copy". "type": "ptr". "from": 2. "to". 1}')
+480: guard_not_invalidated(descr=<Guard0x108073a40>) [p2, i6, i8, i10, i12, i14, i16, i18, i20, i22, i24, i26, i28, i30, i32, i34, i36, p39, p41, p43, p45, p47, p49, p51, p53, p55, p57, p59, p61, p63, p65, p67, p69, p0, p1, p3]
debug_merge_point(0, 0, '5091<main.rpyeffect:94([#283])>+4: {"op": "Jump". "target": 5094}')
debug_merge_point(0, 0, '5094<main.rpyeffect:97([mcore:[#168]#280])>+0: {"op": "Match". "type": Interned(main/tree). "scrutinee": 0. "clauses": [{"tag": Interned(main/Leaf). "target": 5093. "args": {"num": []. "ptr": []}}]. "default": {"tag": Interned(43da0bd9-ad03-419d-9ddf-5e0d1cd20a3b#[Missing Tag#907]). "target": 5092. "args": {"num": []. "ptr": []}}}')
+484: p70 = getfield_gc_r(p39, descr=<FieldP rpyeffect.stored_environment.Data__arb_arb.inst_tag 8>)
+492: guard_value(p70, ConstPtr(ptr71), descr=<Guard0x1283deb20>) [p2, i6, i8, i10, i12, i14, i16, i18, i20, i22, i24, i26, i28, i30, i32, i34, i36, p39, p41, p43, p45, p47, p49, p51, p53, p55, p57, p59, p61, p63, p65, p67, p69, p0, p1, p3]
+500: guard_nonnull(p1, descr=<Guard0x1283deb60>) [p2, i6, i8, i10, i12, i14, i16, i18, i20, i22, i24, i26, i28, i30, i32, i34, i36, p39, p41, p43, p45, p47, p49, p51, p53, p55, p57, p59, p61, p63, p65, p67, p69, p0, p1, p3]
+512: i72 = getfield_gc_i(p1, descr=<FieldS rpyeffect.stored_environment.Stack__arb_arb.inst_target 16 pure>)
+520: guard_value(i72, 5090, descr=<Guard0x1283deba0>) [p2, i6, i8, i10, i12, i14, i16, i18, i20, i22, i24, i26, i28, i30, i32, i34, i36, p39, p41, p43, p45, p47, p49, p51, p53, p55, p57, p59, p61, p63, p65, p67, p69, p0, p1, p3]
debug_merge_point(0, 0, '5092<main.rpyeffect:95([match_def@[mcore:[#168]#280]#281])>+0: {"op": "Match". "type": Interned(main/tree). "scrutinee": 0. "clauses": [{"tag": Interned(main/Node). "target": 5091. "args": {"num": [0]. "ptr": [0. 1]}}]. "default": {"tag": Interned(43da0bd9-ad03-419d-9ddf-5e0d1cd20a3b#[Missing Tag#906]). "target": 5076. "args": {"num": []. "ptr": []}}}')
+532: i74 = getfield_gc_i(p39, descr=<FieldS rpyeffect.stored_environment.Data__1_2.inst_values_num_0 32 pure>)
+536: p75 = getfield_gc_r(p39, descr=<FieldP rpyeffect.stored_environment.Data__1_2.inst_values_ptr_0 40 pure>)
+540: p76 = getfield_gc_r(p39, descr=<FieldP rpyeffect.stored_environment.Data__1_2.inst_values_ptr_1 48 pure>)
debug_merge_point(0, 0, '5091<main.rpyeffect:94([#283])>+0: {"op": "Const". "type": "ptr". "out": 2. "format": "string". "value": "Name(import$std/core/hnd)"}')
debug_merge_point(0, 0, '5091<main.rpyeffect:94([#283])>+1: {"op": "PrimOp". "name": "getGlobal(String): Ptr". "out": {"num": []. "ptr": [2]}. "in": {"num": []. "ptr": [2]}}')
debug_merge_point(0, 0, '5091<main.rpyeffect:94([#283])>+2: {"op": "Push". "target": 5090. "args": {"num": [0]. "ptr": [1]}}')
debug_merge_point(0, 0, '5091<main.rpyeffect:94([#283])>+3: {"op": "Copy". "type": "ptr". "from": 2. "to". 1}')
+544: label(p0, p1, i74, p76, p2, p3, i8, i10, i12, i14, i16, i18, i20, i22, i24, i26, i28, i30, i32, i34, i36, p75, p45, p47, p49, p51, p53, p55, p57, p59, p61, p63, p65, p67, p69, descr=TargetToken(4970202880))
debug_merge_point(0, 0, '5091<main.rpyeffect:94([#283])>+3: {"op": "Copy". "type": "ptr". "from": 2. "to". 1}')
+544: guard_not_invalidated(descr=<Guard0x108073a98>) [p2, i74, i8, i10, i12, i14, i16, i18, i20, i22, i24, i26, i28, i30, i32, i34, i36, p75, p76, p45, p47, p49, p51, p53, p55, p57, p59, p61, p63, p65, p67, p69, p0, p3, p1]
debug_merge_point(0, 0, '5091<main.rpyeffect:94([#283])>+4: {"op": "Jump". "target": 5094}')
debug_merge_point(0, 0, '5094<main.rpyeffect:97([mcore:[#168]#280])>+0: {"op": "Match". "type": Interned(main/tree). "scrutinee": 0. "clauses": [{"tag": Interned(main/Leaf). "target": 5093. "args": {"num": []. "ptr": []}}]. "default": {"tag": Interned(43da0bd9-ad03-419d-9ddf-5e0d1cd20a3b#[Missing Tag#907]). "target": 5092. "args": {"num": []. "ptr": []}}}')
+548: p77 = getfield_gc_r(p75, descr=<FieldP rpyeffect.stored_environment.Data__arb_arb.inst_tag 8>)
+556: guard_value(p77, ConstPtr(ptr78), descr=<Guard0x1283debe0>) [p2, i74, i8, i10, i12, i14, i16, i18, i20, i22, i24, i26, i28, i30, i32, i34, i36, p75, p76, p45, p47, p49, p51, p53, p55, p57, p59, p61, p63, p65, p67, p69, p0, p3, p1]
debug_merge_point(0, 0, '5092<main.rpyeffect:95([match_def@[mcore:[#168]#280]#281])>+0: {"op": "Match". "type": Interned(main/tree). "scrutinee": 0. "clauses": [{"tag": Interned(main/Node). "target": 5091. "args": {"num": [0]. "ptr": [0. 1]}}]. "default": {"tag": Interned(43da0bd9-ad03-419d-9ddf-5e0d1cd20a3b#[Missing Tag#906]). "target": 5076. "args": {"num": []. "ptr": []}}}')
+564: i79 = getfield_gc_i(p75, descr=<FieldS rpyeffect.stored_environment.Data__1_2.inst_values_num_0 32 pure>)
+568: p80 = getfield_gc_r(p75, descr=<FieldP rpyeffect.stored_environment.Data__1_2.inst_values_ptr_0 40 pure>)
+572: p81 = getfield_gc_r(p75, descr=<FieldP rpyeffect.stored_environment.Data__1_2.inst_values_ptr_1 48 pure>)
debug_merge_point(0, 0, '5091<main.rpyeffect:94([#283])>+0: {"op": "Const". "type": "ptr". "out": 2. "format": "string". "value": "Name(import$std/core/hnd)"}')
debug_merge_point(0, 0, '5091<main.rpyeffect:94([#283])>+1: {"op": "PrimOp". "name": "getGlobal(String): Ptr". "out": {"num": []. "ptr": [2]}. "in": {"num": []. "ptr": [2]}}')
debug_merge_point(0, 0, '5091<main.rpyeffect:94([#283])>+2: {"op": "Push". "target": 5090. "args": {"num": [0]. "ptr": [1]}}')
debug_merge_point(0, 0, '5091<main.rpyeffect:94([#283])>+3: {"op": "Copy". "type": "ptr". "from": 2. "to". 1}')
+576: p82 = new_with_vtable(descr=<SizeDescr 56>)
+688: setfield_gc(p82, 5090, descr=<FieldS rpyeffect.stored_environment.Stack__arb_arb.inst_target 16 pure>)
+696: setfield_gc(p82, p1, descr=<FieldP rpyeffect.stored_environment.Stack__arb_arb.inst_tail 8 pure>)
+700: setfield_gc(p82, i74, descr=<FieldS rpyeffect.stored_environment.Stack__1_1.inst_values_num_0 40 pure>)
+704: setfield_gc(p82, p76, descr=<FieldP rpyeffect.stored_environment.Stack__1_1.inst_values_ptr_0 48 pure>)
+724: jump(p0, p82, i79, p81, p2, p3, i8, i10, i12, i14, i16, i18, i20, i22, i24, i26, i28, i30, i32, i34, i36, p80, p45, p47, p49, p51, p53, p55, p57, p59, p61, p63, p65, p67, p69, descr=TargetToken(4970202880))
+744: --end of the loop--
[779980b] jit-log-opt-loop}
[793a480] {jit-log-opt-loop
# Loop 2 (5093<main.rpyeffect:96([match_main/Leaf@[mcore:[#168]#280]#329])>+0: {"op": "Construct", "out": 0, "type": Interned(Unit), "tag": Interned(unit), "args": {"num": [], "ptr": []}}) : entry bridge with 211 ops
[p0, p1, p2, p3]
+408: p4 = getfield_gc_r(p2, descr=<FieldP rpyeffect.environment.Environment.inst_values_num 16>)
+416: i6 = getarrayitem_gc_i(p4, 0, descr=<ArrayS 8>)
+420: i8 = getarrayitem_gc_i(p4, 1, descr=<ArrayS 8>)
+424: i10 = getarrayitem_gc_i(p4, 2, descr=<ArrayS 8>)
+428: i12 = getarrayitem_gc_i(p4, 3, descr=<ArrayS 8>)
+432: i14 = getarrayitem_gc_i(p4, 4, descr=<ArrayS 8>)
+436: i16 = getarrayitem_gc_i(p4, 5, descr=<ArrayS 8>)
+440: i18 = getarrayitem_gc_i(p4, 6, descr=<ArrayS 8>)
+444: i20 = getarrayitem_gc_i(p4, 7, descr=<ArrayS 8>)
+448: i22 = getarrayitem_gc_i(p4, 8, descr=<ArrayS 8>)
+452: i24 = getarrayitem_gc_i(p4, 9, descr=<ArrayS 8>)
+456: i26 = getarrayitem_gc_i(p4, 10, descr=<ArrayS 8>)
+460: i28 = getarrayitem_gc_i(p4, 11, descr=<ArrayS 8>)
+464: i30 = getarrayitem_gc_i(p4, 12, descr=<ArrayS 8>)
+468: i32 = getarrayitem_gc_i(p4, 13, descr=<ArrayS 8>)
+472: i34 = getarrayitem_gc_i(p4, 14, descr=<ArrayS 8>)
+480: i36 = getarrayitem_gc_i(p4, 15, descr=<ArrayS 8>)
+484: p37 = getfield_gc_r(p2, descr=<FieldP rpyeffect.environment.Environment.inst_values_ptr 24>)
+488: p39 = getarrayitem_gc_r(p37, 0, descr=<ArrayP 8>)
+496: p41 = getarrayitem_gc_r(p37, 1, descr=<ArrayP 8>)
+504: p43 = getarrayitem_gc_r(p37, 2, descr=<ArrayP 8>)
+512: p45 = getarrayitem_gc_r(p37, 3, descr=<ArrayP 8>)
+520: p47 = getarrayitem_gc_r(p37, 4, descr=<ArrayP 8>)
+528: p49 = getarrayitem_gc_r(p37, 5, descr=<ArrayP 8>)
+536: p51 = getarrayitem_gc_r(p37, 6, descr=<ArrayP 8>)
+544: p53 = getarrayitem_gc_r(p37, 7, descr=<ArrayP 8>)
+552: p55 = getarrayitem_gc_r(p37, 8, descr=<ArrayP 8>)
+560: p57 = getarrayitem_gc_r(p37, 9, descr=<ArrayP 8>)
+568: p59 = getarrayitem_gc_r(p37, 10, descr=<ArrayP 8>)
+576: p61 = getarrayitem_gc_r(p37, 11, descr=<ArrayP 8>)
+584: p63 = getarrayitem_gc_r(p37, 12, descr=<ArrayP 8>)
+592: p65 = getarrayitem_gc_r(p37, 13, descr=<ArrayP 8>)
+600: p67 = getarrayitem_gc_r(p37, 14, descr=<ArrayP 8>)
+608: p69 = getarrayitem_gc_r(p37, 15, descr=<ArrayP 8>)
debug_merge_point(0, 0, '5093<main.rpyeffect:96([match_main/Leaf@[mcore:[#168]#280]#329])>+0: {"op": "Construct". "out": 0. "type": Interned(Unit). "tag": Interned(unit). "args": {"num": []. "ptr": []}}')
+612: guard_not_invalidated(descr=<Guard0x12840d3b8>) [p2, i6, i8, i10, i12, i14, i16, i18, i20, i22, i24, i26, i28, i30, i32, i34, i36, p39, p41, p43, p45, p47, p49, p51, p53, p55, p57, p59, p61, p63, p65, p67, p69, p0, p1, p3]
debug_merge_point(0, 0, '5093<main.rpyeffect:96([match_main/Leaf@[mcore:[#168]#280]#329])>+1: {"op": "Return". "args": {"num": []. "ptr": [0]}}')
+616: guard_nonnull(p1, descr=<Guard0x1283df8a0>) [p2, i6, i8, i10, i12, i14, i16, i18, i20, i22, i24, i26, i28, i30, i32, i34, i36, p39, p41, p43, p45, p47, p49, p51, p53, p55, p57, p59, p61, p63, p65, p67, p69, p0, p1, p3]
+628: i70 = getfield_gc_i(p1, descr=<FieldS rpyeffect.stored_environment.Stack__arb_arb.inst_target 16 pure>)
+644: guard_value(i70, 5090, descr=<Guard0x1283df8e0>) [p2, i6, i8, i10, i12, i14, i16, i18, i20, i22, i24, i26, i28, i30, i32, i34, i36, p39, p41, p43, p45, p47, p49, p51, p53, p55, p57, p59, p61, p63, p65, p67, p69, p0, p1, p3]
+660: i72 = getfield_gc_i(p1, descr=<FieldS rpyeffect.stored_environment.Stack__1_1.inst_values_num_0 40 pure>)
+664: p73 = getfield_gc_r(p1, descr=<FieldP rpyeffect.stored_environment.Stack__1_1.inst_values_ptr_0 48 pure>)
+668: p74 = getfield_gc_r(p1, descr=<FieldP rpyeffect.stored_environment.Stack__arb_arb.inst_tail 8 pure>)
+676: guard_nonnull(p74, descr=<Guard0x1283df920>) [p2, i6, i8, i10, i12, i14, i16, i18, i20, i22, i24, i26, i28, i30, i32, i34, i36, p39, p41, p43, p45, p47, p49, p51, p53, p55, p57, p59, p61, p63, p65, p67, p69, p0, p1, p3]
+684: i75 = getfield_gc_i(p74, descr=<FieldS rpyeffect.stored_environment.Stack__arb_arb.inst_target 16 pure>)
+692: guard_value(i75, 5090, descr=<Guard0x1283df960>) [p2, i6, i8, i10, i12, i14, i16, i18, i20, i22, i24, i26, i28, i30, i32, i34, i36, p39, p41, p43, p45, p47, p49, p51, p53, p55, p57, p59, p61, p63, p65, p67, p69, p0, p1, p3]
debug_merge_point(0, 0, '5090<main.rpyeffect:93([k@[#283]#288])>+0: {"op": "Const". "type": "num". "out": 1. "value": 0}')
debug_merge_point(0, 0, '5090<main.rpyeffect:93([k@[#283]#288])>+1: {"op": "Const". "type": "ptr". "out": 0. "format": "string". "value": "Name(import$std/core/hnd)"}')
debug_merge_point(0, 0, '5090<main.rpyeffect:93([k@[#283]#288])>+2: {"op": "PrimOp". "name": "getGlobal(String): Ptr". "out": {"num": []. "ptr": [0]}. "in": {"num": []. "ptr": [0]}}')
debug_merge_point(0, 0, '5090<main.rpyeffect:93([k@[#283]#288])>+3: {"op": "Push". "target": 5089. "args": {"num": [0. 1]. "ptr": [1]}}')
debug_merge_point(0, 0, '5090<main.rpyeffect:93([k@[#283]#288])>+4: {"op": "Jump". "target": 5075}')
debug_merge_point(0, 0, '5075<main.rpyeffect:78([mcore:[#157]#276])>+0: {"op": "Const". "type": "ptr". "out": 0. "format": "string". "value": "Name(import$std/core/hnd)"}')
debug_merge_point(0, 0, '5075<main.rpyeffect:78([mcore:[#157]#276])>+1: {"op": "PrimOp". "name": "getGlobal(String): Ptr". "out": {"num": []. "ptr": [0]}. "in": {"num": []. "ptr": [0]}}')
debug_merge_point(0, 0, '5075<main.rpyeffect:78([mcore:[#157]#276])>+2: {"op": "CallLib". "lib": "0". "symbol": "getCurrentEvv"}')
debug_merge_point(0, 0, '301<std_core_hnd.rpyeffect:0(Name(getCurrentEvv))>+0: {"op": "Const". "type": "ptr". "out": 0. "format": "string". "value": "current-evv"}')
debug_merge_point(0, 0, '301<std_core_hnd.rpyeffect:0(Name(getCurrentEvv))>+1: {"op": "PrimOp". "name": "getGlobal(String): Ptr". "out": {"num": []. "ptr": [0]}. "in": {"num": []. "ptr": [0]}}')
debug_merge_point(0, 0, '301<std_core_hnd.rpyeffect:0(Name(getCurrentEvv))>+2: {"op": "PrimOp". "name": "getRef(Ref[Ptr]): Ptr". "out": {"num": []. "ptr": [0]}. "in": {"num": []. "ptr": [0]}}')
+712: p78 = getfield_gc_r(ConstPtr(ptr77), descr=<FieldP rpyeffect.region.PtrRef.inst_value 8>)
debug_merge_point(0, 0, '301<std_core_hnd.rpyeffect:0(Name(getCurrentEvv))>+3: {"op": "Return". "args": {"num": []. "ptr": [0]}}')
debug_merge_point(0, 0, '5089<main.rpyeffect:92([k@[k@[#283]#288]#294])>+0: {"op": "PrimOp". "name": "promote_ptr". "out": {"num": []. "ptr": [0]}. "in": {"num": []. "ptr": [0]}}')
+720: i80 = ptr_eq(ConstPtr(ptr79), p78)
guard_true(i80, descr=<Guard0x1283df9a0>) [p2, i6, i8, i10, i12, i14, i16, i18, i20, i22, i24, i26, i28, i30, i32, i34, i36, p39, p41, p43, p45, p47, p49, p51, p53, p55, p57, p59, p61, p63, p65, p67, p69, p0, p1, p3]
+728: guard_value(p78, ConstPtr(ptr81), descr=<Guard0x1283df9e0>) [p2, i6, i8, i10, i12, i14, i16, i18, i20, i22, i24, i26, i28, i30, i32, i34, i36, p39, p41, p43, p45, p47, p49, p51, p53, p55, p57, p59, p61, p63, p65, p67, p69, p0, p1, p3]
debug_merge_point(0, 0, '5089<main.rpyeffect:92([k@[k@[#283]#288]#294])>+1: {"op": "Const". "type": "ptr". "out": 2. "format": "string". "value": "Name(import$std/core/hnd)"}')
debug_merge_point(0, 0, '5089<main.rpyeffect:92([k@[k@[#283]#288]#294])>+2: {"op": "PrimOp". "name": "getGlobal(String): Ptr". "out": {"num": []. "ptr": [2]}. "in": {"num": []. "ptr": [2]}}')
debug_merge_point(0, 0, '5089<main.rpyeffect:92([k@[k@[#283]#288]#294])>+3: {"op": "Push". "target": 5088. "args": {"num": [0]. "ptr": [1]}}')
debug_merge_point(0, 0, '5089<main.rpyeffect:92([k@[k@[#283]#288]#294])>+4: {"op": "Copy". "type": "num". "from": 1. "to". 0}')
debug_merge_point(0, 0, '5089<main.rpyeffect:92([k@[k@[#283]#288]#294])>+5: {"op": "Copy". "type": "ptr". "from": 2. "to". 1}')
debug_merge_point(0, 0, '5089<main.rpyeffect:92([k@[k@[#283]#288]#294])>+6: {"op": "Jump". "target": 5074}')
debug_merge_point(0, 0, '5074<main.rpyeffect:77([mcore:[#156]#270])>+0: {"op": "Const". "type": "ptr". "out": 1. "format": "string". "value": "Name(import$std/core/hnd)"}')
debug_merge_point(0, 0, '5074<main.rpyeffect:77([mcore:[#156]#270])>+1: {"op": "PrimOp". "name": "getGlobal(String): Ptr". "out": {"num": []. "ptr": [1]}. "in": {"num": []. "ptr": [1]}}')
debug_merge_point(0, 0, '5074<main.rpyeffect:77([mcore:[#156]#270])>+2: {"op": "CallLib". "lib": "1". "symbol": "elt"}')
debug_merge_point(0, 0, '331<std_core_hnd.rpyeffect:30(Name(elt))>+0: {"op": "Switch". "scrutinee": 0. "values": [0]. "targets": [329]. "default": 330}')
debug_merge_point(0, 0, '329<std_core_hnd.rpyeffect:28([switch case for 0#86])>+0: {"op": "Proj". "out": 0. "type": Interned(evv). "scrutinee": 0. "tag": Interned(cons). "field": 0. "field_type": "ptr"}')
+736: p83 = getfield_gc_r(ConstPtr(ptr82), descr=<FieldP rpyeffect.stored_environment.Data__arb_arb.inst_tag 8>)
+744: guard_value(p83, ConstPtr(ptr84), descr=<Guard0x1283dfa20>) [p2, i6, i8, i10, i12, i14, i16, i18, i20, i22, i24, i26, i28, i30, i32, i34, i36, p39, p41, p43, p45, p47, p49, p51, p53, p55, p57, p59, p61, p63, p65, p67, p69, p0, p1, p3]
debug_merge_point(0, 0, '329<std_core_hnd.rpyeffect:28([switch case for 0#86])>+1: {"op": "Return". "args": {"num": []. "ptr": [0]}}')
debug_merge_point(0, 0, '5088<main.rpyeffect:91([k@[k@[k@[#283]#288]#294]#302])>+0: {"op": "Push". "target": 5078. "args": {"num": []. "ptr": [1]}}')
debug_merge_point(0, 0, '5088<main.rpyeffect:91([k@[k@[k@[#283]#288]#294]#302])>+1: {"op": "Match". "type": Interned(std/core/hnd/ev). "scrutinee": 0. "clauses": [{"tag": Interned(std/core/hnd/Ev). "target": 5087. "args": {"num": []. "ptr": [1. 2. 3. 4]}}]. "default": {"tag": Interned(43da0bd9-ad03-419d-9ddf-5e0d1cd20a3b#[Missing Tag#905]). "target": 5079. "args": {"num": []. "ptr": []}}}')
+756: p86 = getfield_gc_r(ConstPtr(ptr85), descr=<FieldP rpyeffect.stored_environment.Data__arb_arb.inst_tag 8>)
+764: guard_value(p86, ConstPtr(ptr87), descr=<Guard0x1283dfa60>) [p2, i6, i8, i10, i12, i14, i16, i18, i20, i22, i24, i26, i28, i30, i32, i34, i36, p39, p41, p43, p45, p47, p49, p51, p53, p55, p57, p59, p61, p63, p65, p67, p69, p0, p1, p3]
debug_merge_point(0, 0, '5087<main.rpyeffect:90([#312])>+0: {"op": "Copy". "type": "ptr". "from": 0. "to". 1}')
debug_merge_point(0, 0, '5087<main.rpyeffect:90([#312])>+1: {"op": "Copy". "type": "ptr". "from": 2. "to". 0}')
debug_merge_point(0, 0, '5087<main.rpyeffect:90([#312])>+2: {"op": "Match". "type": Interned(main/yield). "scrutinee": 3. "clauses": [{"tag": Interned(main/@Hnd-yield). "target": 5086. "args": {"num": [1]. "ptr": [2]}}]. "default": {"tag": Interned(43da0bd9-ad03-419d-9ddf-5e0d1cd20a3b#[Missing Tag#904]). "target": 5081. "args": {"num": []. "ptr": []}}}')
+776: p89 = getfield_gc_r(ConstPtr(ptr88), descr=<FieldP rpyeffect.stored_environment.Data__arb_arb.inst_tag 8>)
+784: guard_value(p89, ConstPtr(ptr90), descr=<Guard0x1283dfaa0>) [p2, i6, i8, i10, i12, i14, i16, i18, i20, i22, i24, i26, i28, i30, i32, i34, i36, p39, p41, p43, p45, p47, p49, p51, p53, p55, p57, p59, p61, p63, p65, p67, p69, p0, p1, p3]
debug_merge_point(0, 0, '5086<main.rpyeffect:89([match_main/@Hnd-yield@[#312]#317])>+0: {"op": "Match". "type": Interned(std/core/hnd/clause1). "scrutinee": 2. "clauses": [{"tag": Interned(std/core/hnd/Clause1). "target": 5085. "args": {"num": []. "ptr": [2]}}]. "default": {"tag": Interned(43da0bd9-ad03-419d-9ddf-5e0d1cd20a3b#[Missing Tag#903]). "target": 5083. "args": {"num": []. "ptr": []}}}')
+796: p92 = getfield_gc_r(ConstPtr(ptr91), descr=<FieldP rpyeffect.stored_environment.Data__arb_arb.inst_tag 8>)
+804: guard_value(p92, ConstPtr(ptr93), descr=<Guard0x1283dfae0>) [p2, i6, i8, i10, i12, i14, i16, i18, i20, i22, i24, i26, i28, i30, i32, i34, i36, p39, p41, p43, p45, p47, p49, p51, p53, p55, p57, p59, p61, p63, p65, p67, p69, p0, p1, p3]
debug_merge_point(0, 0, '5085<main.rpyeffect:88([#322])>+0: {"op": "PrimOp". "name": "box(Num): Ptr". "out": {"num": []. "ptr": [3]}. "in": {"num": [0]. "ptr": []}}')
debug_merge_point(0, 0, '5085<main.rpyeffect:88([#322])>+1: {"op": "Push". "target": 5084. "args": {"num": []. "ptr": []}}')
debug_merge_point(0, 0, '5085<main.rpyeffect:88([#322])>+2: {"op": "Swap". "type": "ptr". "a": 2. "b". 3}')
debug_merge_point(0, 0, '5085<main.rpyeffect:88([#322])>+3: {"op": "Invoke". "receiver": 3. "tag": Interned(%apply(ppp):p). "args" : {"num": []. "ptr": [0. 1. 2]}}')
debug_merge_point(0, 0, '5139<main.rpyeffect:142([method_%apply(ppp):p@[mcore:[#226]#486]#510])>+0: {"op": "Const". "type": "ptr". "out": 3. "format": "string". "value": "Name(import$std/core/hnd)"}')
debug_merge_point(0, 0, '5139<main.rpyeffect:142([method_%apply(ppp):p@[mcore:[#226]#486]#510])>+1: {"op": "PrimOp". "name": "getGlobal(String): Ptr". "out": {"num": []. "ptr": [3]}. "in": {"num": []. "ptr": [3]}}')
debug_merge_point(0, 0, '5139<main.rpyeffect:142([method_%apply(ppp):p@[mcore:[#226]#486]#510])>+2: {"op": "PrimOp". "name": "unbox(Ptr): Num". "out": {"num": [0]. "ptr": []}. "in": {"num": []. "ptr": [2]}}')
debug_merge_point(0, 0, '5139<main.rpyeffect:142([method_%apply(ppp):p@[mcore:[#226]#486]#510])>+3: {"op": "Copy". "type": "ptr". "from": 3. "to". 2}')
debug_merge_point(0, 0, '5139<main.rpyeffect:142([method_%apply(ppp):p@[mcore:[#226]#486]#510])>+4: {"op": "Jump". "target": 5125}')
debug_merge_point(0, 0, '5125<main.rpyeffect:128([mcore:[#211]#420])>+0: {"op": "New". "out": 1. "targets": [5122. 5124]. "args": {"num": [0]. "ptr": []}}')
debug_merge_point(0, 0, '5125<main.rpyeffect:128([mcore:[#211]#420])>+1: {"op": "Const". "type": "ptr". "out": 2. "format": "string". "value": "Name(import$std/core/hnd)"}')
debug_merge_point(0, 0, '5125<main.rpyeffect:128([mcore:[#211]#420])>+2: {"op": "PrimOp". "name": "getGlobal(String): Ptr". "out": {"num": []. "ptr": [2]}. "in": {"num": []. "ptr": [2]}}')
debug_merge_point(0, 0, '5125<main.rpyeffect:128([mcore:[#211]#420])>+3: {"op": "Jump". "target": 5110}')
debug_merge_point(0, 0, '5110<main.rpyeffect:113([mcore:[#194]#376])>+0: {"op": "Const". "type": "ptr". "out": 2. "format": "string". "value": "Name(import$std/core/hnd)"}')
debug_merge_point(0, 0, '5110<main.rpyeffect:113([mcore:[#194]#376])>+1: {"op": "PrimOp". "name": "getGlobal(String): Ptr". "out": {"num": []. "ptr": [2]}. "in": {"num": []. "ptr": [2]}}')
debug_merge_point(0, 0, '5110<main.rpyeffect:113([mcore:[#194]#376])>+2: {"op": "CallLib". "lib": "2". "symbol": "std/core/hnd/yield-to"}')
debug_merge_point(0, 0, '1022<std_core_hnd.rpyeffect:721([mcore:[#893]#2108])>+0: {"op": "Push". "target": 1021. "args": {"num": []. "ptr": [1. 0]}}')
debug_merge_point(0, 0, '1022<std_core_hnd.rpyeffect:721([mcore:[#893]#2108])>+1: {"op": "Jump". "target": 509}')
debug_merge_point(0, 0, '509<std_core_hnd.rpyeffect:208([mcore:[#471]#472])>+0: {"op": "Jump". "target": 301}')
debug_merge_point(0, 0, '301<std_core_hnd.rpyeffect:0(Name(getCurrentEvv))>+0: {"op": "Const". "type": "ptr". "out": 0. "format": "string". "value": "current-evv"}')
debug_merge_point(0, 0, '301<std_core_hnd.rpyeffect:0(Name(getCurrentEvv))>+1: {"op": "PrimOp". "name": "getGlobal(String): Ptr". "out": {"num": []. "ptr": [0]}. "in": {"num": []. "ptr": [0]}}')
debug_merge_point(0, 0, '301<std_core_hnd.rpyeffect:0(Name(getCurrentEvv))>+2: {"op": "PrimOp". "name": "getRef(Ref[Ptr]): Ptr". "out": {"num": []. "ptr": [0]}. "in": {"num": []. "ptr": [0]}}')
debug_merge_point(0, 0, '301<std_core_hnd.rpyeffect:0(Name(getCurrentEvv))>+3: {"op": "Return". "args": {"num": []. "ptr": [0]}}')
debug_merge_point(0, 0, '1021<std_core_hnd.rpyeffect:720([k@[mcore:[#893]#2108]#2110])>+0: {"op": "Push". "target": 1020. "args": {"num": []. "ptr": [0]}}')
debug_merge_point(0, 0, '1021<std_core_hnd.rpyeffect:720([k@[mcore:[#893]#2108]#2110])>+1: {"op": "Copy". "type": "ptr". "from": 2. "to". 0}')
debug_merge_point(0, 0, '1021<std_core_hnd.rpyeffect:720([k@[mcore:[#893]#2108]#2110])>+2: {"op": "Jump". "target": 507}')
debug_merge_point(0, 0, '507<std_core_hnd.rpyeffect:206([mcore:[#470]#437])>+0: {"op": "Const". "type": "num". "out": 0. "value": 0}')
debug_merge_point(0, 0, '507<std_core_hnd.rpyeffect:206([mcore:[#470]#437])>+1: {"op": "ShiftDyn". "out": 0. "n": 0. "label": 0}')
+816: i95 = instance_ptr_eq(p0, ConstPtr(ptr94))
guard_true(i95, descr=<Guard0x1283dfb20>) [p2, i6, i8, i10, i12, i14, i16, i18, i20, i22, i24, i26, i28, i30, i32, i34, i36, p39, p41, p43, p45, p47, p49, p51, p53, p55, p57, p59, p61, p63, p65, p67, p69, p0, p1, p3]
+828: guard_nonnull_class(p3, 4305759232, descr=<Guard0x12840d410>) [p2, i6, i8, i10, i12, i14, i16, i18, i20, i22, i24, i26, i28, i30, i32, i34, i36, p39, p41, p43, p45, p47, p49, p51, p53, p55, p57, p59, p61, p63, p65, p67, p69, p0, p1, p3]
+856: p97 = getfield_gc_r(p3, descr=<FieldP rpyeffect.stack.MetaStackLike.inst_stack 8 pure>)
+864: p98 = getfield_gc_r(p3, descr=<FieldP rpyeffect.stack.MetaStack.inst_label 16 pure>)
+872: p99 = getfield_gc_r(p3, descr=<FieldP rpyeffect.stack.MetaStack.inst_tail 32 pure>)
+880: guard_nonnull(p97, descr=<Guard0x1283dfb60>) [p2, i6, i8, i10, i12, i14, i16, i18, i20, i22, i24, i26, i28, i30, i32, i34, i36, p39, p41, p43, p45, p47, p49, p51, p53, p55, p57, p59, p61, p63, p65, p67, p69, p0, p1, p3]
+888: i100 = getfield_gc_i(p97, descr=<FieldS rpyeffect.stored_environment.Stack__arb_arb.inst_target 16 pure>)
+896: guard_value(i100, 5104, descr=<Guard0x1283dfba0>) [p2, i6, i8, i10, i12, i14, i16, i18, i20, i22, i24, i26, i28, i30, i32, i34, i36, p39, p41, p43, p45, p47, p49, p51, p53, p55, p57, p59, p61, p63, p65, p67, p69, p0, p1, p3]
debug_merge_point(0, 0, '507<std_core_hnd.rpyeffect:206([mcore:[#470]#437])>+2: {"op": "New". "out": 0. "targets": [500. 502. 504. 506]. "args": {"num": []. "ptr": [0]}}')
debug_merge_point(0, 0, '507<std_core_hnd.rpyeffect:206([mcore:[#470]#437])>+3: {"op": "Invoke". "receiver": 1. "tag": Interned(%apply(p):p). "args" : {"num": []. "ptr": [0]}}')
debug_merge_point(0, 0, '5122<main.rpyeffect:125([method_%apply(p):p@[mcore:[#211]#420]#424])>+0: {"op": "Const". "type": "ptr". "out": 1. "format": "string". "value": "Name(import$std/core/hnd)"}')
debug_merge_point(0, 0, '5122<main.rpyeffect:125([method_%apply(p):p@[mcore:[#211]#420]#424])>+1: {"op": "PrimOp". "name": "getGlobal(String): Ptr". "out": {"num": []. "ptr": [1]}. "in": {"num": []. "ptr": [1]}}')
debug_merge_point(0, 0, '5122<main.rpyeffect:125([method_%apply(p):p@[mcore:[#211]#420]#424])>+2: {"op": "PrimOp". "name": "box(Num): Ptr". "out": {"num": []. "ptr": [2]}. "in": {"num": [0]. "ptr": []}}')
debug_merge_point(0, 0, '5122<main.rpyeffect:125([method_%apply(p):p@[mcore:[#211]#420]#424])>+3: {"op": "Jump". "target": 5120}')
debug_merge_point(0, 0, '5120<main.rpyeffect:123([mcore:[#209]#400])>+0: {"op": "New". "out": 1. "targets": [5117. 5119]. "args": {"num": []. "ptr": []}}')
debug_merge_point(0, 0, '5120<main.rpyeffect:123([mcore:[#209]#400])>+1: {"op": "Const". "type": "ptr". "out": 3. "format": "string". "value": "Name(import$std/core/hnd)"}')
debug_merge_point(0, 0, '5120<main.rpyeffect:123([mcore:[#209]#400])>+2: {"op": "PrimOp". "name": "getGlobal(String): Ptr". "out": {"num": []. "ptr": [3]}. "in": {"num": []. "ptr": [3]}}')
debug_merge_point(0, 0, '5120<main.rpyeffect:123([mcore:[#209]#400])>+3: {"op": "Swap". "type": "ptr". "a": 2. "b". 0}')
debug_merge_point(0, 0, '5120<main.rpyeffect:123([mcore:[#209]#400])>+4: {"op": "Jump". "target": 5111}')
debug_merge_point(0, 0, '5111<main.rpyeffect:114([mcore:[#197]#382])>+0: {"op": "Const". "type": "ptr". "out": 3. "format": "string". "value": "Name(import$std/core/hnd)"}')
debug_merge_point(0, 0, '5111<main.rpyeffect:114([mcore:[#197]#382])>+1: {"op": "PrimOp". "name": "getGlobal(String): Ptr". "out": {"num": []. "ptr": [3]}. "in": {"num": []. "ptr": [3]}}')
debug_merge_point(0, 0, '5111<main.rpyeffect:114([mcore:[#197]#382])>+2: {"op": "CallLib". "lib": "3". "symbol": "std/core/hnd/protect"}')
debug_merge_point(0, 0, '495<std_core_hnd.rpyeffect:194([mcore:[#466]#434])>+0: {"op": "Swap". "type": "ptr". "a": 1. "b". 2}')
debug_merge_point(0, 0, '495<std_core_hnd.rpyeffect:194([mcore:[#466]#434])>+1: {"op": "Invoke". "receiver": 2. "tag": Interned(%apply(pp):p). "args" : {"num": []. "ptr": [0. 1]}}')
debug_merge_point(0, 0, '5119<main.rpyeffect:122([method_%apply(pp):p@[mcore:[#209]#400]#409])>+0: {"op": "PrimOp". "name": "unbox(Ptr): Num". "out": {"num": [0]. "ptr": []}. "in": {"num": []. "ptr": [0]}}')
debug_merge_point(0, 0, '5119<main.rpyeffect:122([method_%apply(pp):p@[mcore:[#209]#400]#409])>+1: {"op": "Push". "target": 5118. "args": {"num": []. "ptr": []}}')
debug_merge_point(0, 0, '5119<main.rpyeffect:122([method_%apply(pp):p@[mcore:[#209]#400]#409])>+2: {"op": "Copy". "type": "ptr". "from": 1. "to". 0}')
debug_merge_point(0, 0, '5119<main.rpyeffect:122([method_%apply(pp):p@[mcore:[#209]#400]#409])>+3: {"op": "Jump". "target": 5115}')
debug_merge_point(0, 0, '5115<main.rpyeffect:118([mcore:[#206]#392])>+0: {"op": "New". "out": 0. "targets": [5114]. "args": {"num": []. "ptr": [0]}}')
debug_merge_point(0, 0, '5115<main.rpyeffect:118([mcore:[#206]#392])>+1: {"op": "Jump". "target": 5169}')
debug_merge_point(0, 0, '5169<main.rpyeffect:172([mcore:[#243]#150])>+0: {"op": "Construct". "out": 0. "type": Interned(main/generator). "tag": Interned(main/Thunk). "args": {"num": [0]. "ptr": [0]}}')
debug_merge_point(0, 0, '5169<main.rpyeffect:172([mcore:[#243]#150])>+1: {"op": "Return". "args": {"num": []. "ptr": [0]}}')
debug_merge_point(0, 0, '5118<main.rpyeffect:121([#414])>+0: {"op": "Return". "args": {"num": []. "ptr": [0]}}')
+908: i102 = getfield_gc_i(p97, descr=<FieldS rpyeffect.stored_environment.Stack__1_0.inst_values_num_0 40 pure>)
+912: p103 = getfield_gc_r(p97, descr=<FieldP rpyeffect.stored_environment.Stack__arb_arb.inst_tail 8 pure>)
+916: guard_nonnull(p103, descr=<Guard0x1283dfbe0>) [p2, i6, i8, i10, i12, i14, i16, i18, i20, i22, i24, i26, i28, i30, i32, i34, i36, p39, p41, p43, p45, p47, p49, p51, p53, p55, p57, p59, p61, p63, p65, p67, p69, p0, p1, p3]
+924: i104 = getfield_gc_i(p103, descr=<FieldS rpyeffect.stored_environment.Stack__arb_arb.inst_target 16 pure>)
+928: guard_value(i104, 5155, descr=<Guard0x1283dfc20>) [p2, i6, i8, i10, i12, i14, i16, i18, i20, i22, i24, i26, i28, i30, i32, i34, i36, p39, p41, p43, p45, p47, p49, p51, p53, p55, p57, p59, p61, p63, p65, p67, p69, p0, p1, p3]
debug_merge_point(0, 0, '5104<main.rpyeffect:107([k@[#362]#365])>+0: {"op": "Jump". "target": 5108}')
debug_merge_point(0, 0, '5108<main.rpyeffect:111([mcore:[#186]#357])>+0: {"op": "Match". "type": Interned(main/generator). "scrutinee": 0. "clauses": [{"tag": Interned(main/Empty). "target": 5107. "args": {"num": []. "ptr": []}}]. "default": {"tag": Interned(43da0bd9-ad03-419d-9ddf-5e0d1cd20a3b#[Missing Tag#909]). "target": 5106. "args": {"num": []. "ptr": []}}}')
debug_merge_point(0, 0, '5106<main.rpyeffect:109([match_def@[mcore:[#186]#357]#358])>+0: {"op": "Match". "type": Interned(main/generator). "scrutinee": 0. "clauses": [{"tag": Interned(main/Thunk). "target": 5105. "args": {"num": [1]. "ptr": [0]}}]. "default": {"tag": Interned(43da0bd9-ad03-419d-9ddf-5e0d1cd20a3b#[Missing Tag#908]). "target": 5102. "args": {"num": []. "ptr": []}}}')
debug_merge_point(0, 0, '5105<main.rpyeffect:108([#362])>+0: {"op": "PrimOp". "name": "infixAdd(Int. Int): Int". "out": {"num": [0]. "ptr": []}. "in": {"num": [1. 0]. "ptr": []}}')
+944: i106 = int_add(i72, i102)
debug_merge_point(0, 0, '5105<main.rpyeffect:108([#362])>+1: {"op": "Push". "target": 5104. "args": {"num": [0]. "ptr": []}}')
debug_merge_point(0, 0, '5105<main.rpyeffect:108([#362])>+2: {"op": "Invoke". "receiver": 0. "tag": Interned(%apply():p). "args" : {"num": []. "ptr": []}}')
debug_merge_point(0, 0, '5114<main.rpyeffect:117([method_%apply():p@[mcore:[#206]#392]#395])>+0: {"op": "Jump". "target": 5112}')
debug_merge_point(0, 0, '5112<main.rpyeffect:115([mcore:[#204]#389])>+0: {"op": "Construct". "out": 1. "type": Interned(Unit). "tag": Interned(unit). "args": {"num": []. "ptr": []}}')
debug_merge_point(0, 0, '5112<main.rpyeffect:115([mcore:[#204]#389])>+1: {"op": "Swap". "type": "ptr". "a": 1. "b". 0}')
debug_merge_point(0, 0, '5112<main.rpyeffect:115([mcore:[#204]#389])>+2: {"op": "Invoke". "receiver": 1. "tag": Interned(%apply(p):p). "args" : {"num": []. "ptr": [0]}}')
debug_merge_point(0, 0, '500<std_core_hnd.rpyeffect:199([method_%apply(p):p@[mcore:[#470]#437]#445])>+0: {"op": "Jump". "target": 497}')
debug_merge_point(0, 0, '497<std_core_hnd.rpyeffect:196([mcore:[#469]#436])>+0: {"op": "PushStack". "arg": 1}')
debug_merge_point(0, 0, '497<std_core_hnd.rpyeffect:196([mcore:[#469]#436])>+1: {"op": "Return". "args": {"num": []. "ptr": [0]}}')
debug_merge_point(0, 0, '1020<std_core_hnd.rpyeffect:719([k@[k@[mcore:[#893]#2108]#2110]#2112])>+0: {"op": "Const". "type": "ptr". "out": 2. "format": "string". "value": "Name(import$std/core/hnd)"}')
debug_merge_point(0, 0, '1020<std_core_hnd.rpyeffect:719([k@[k@[mcore:[#893]#2108]#2110]#2112])>+1: {"op": "PrimOp". "name": "getGlobal(String): Ptr". "out": {"num": []. "ptr": [2]}. "in": {"num": []. "ptr": [2]}}')
debug_merge_point(0, 0, '1020<std_core_hnd.rpyeffect:719([k@[k@[mcore:[#893]#2108]#2110]#2112])>+2: {"op": "Push". "target": 1019. "args": {"num": []. "ptr": [0]}}')
debug_merge_point(0, 0, '1020<std_core_hnd.rpyeffect:719([k@[k@[mcore:[#893]#2108]#2110]#2112])>+3: {"op": "Copy". "type": "ptr". "from": 1. "to". 0}')
debug_merge_point(0, 0, '1020<std_core_hnd.rpyeffect:719([k@[k@[mcore:[#893]#2108]#2110]#2112])>+4: {"op": "Copy". "type": "ptr". "from": 2. "to". 1}')
debug_merge_point(0, 0, '1020<std_core_hnd.rpyeffect:719([k@[k@[mcore:[#893]#2108]#2110]#2112])>+5: {"op": "Jump". "target": 1018}')
debug_merge_point(0, 0, '1018<std_core_hnd.rpyeffect:717([mcore:[#892]#2103])>+0: {"op": "Const". "type": "ptr". "out": 1. "format": "string". "value": "Name(import$std/core/hnd)"}')
debug_merge_point(0, 0, '1018<std_core_hnd.rpyeffect:717([mcore:[#892]#2103])>+1: {"op": "PrimOp". "name": "getGlobal(String): Ptr". "out": {"num": []. "ptr": [1]}. "in": {"num": []. "ptr": [1]}}')
debug_merge_point(0, 0, '1018<std_core_hnd.rpyeffect:717([mcore:[#892]#2103])>+2: {"op": "CallLib". "lib": "1". "symbol": "setCurrentEvv"}')
debug_merge_point(0, 0, '302<std_core_hnd.rpyeffect:1(Name(setCurrentEvv))>+0: {"op": "Const". "type": "ptr". "out": 1. "format": "string". "value": "current-evv"}')
debug_merge_point(0, 0, '302<std_core_hnd.rpyeffect:1(Name(setCurrentEvv))>+1: {"op": "PrimOp". "name": "getGlobal(String): Ptr". "out": {"num": []. "ptr": [1]}. "in": {"num": []. "ptr": [1]}}')
debug_merge_point(0, 0, '302<std_core_hnd.rpyeffect:1(Name(setCurrentEvv))>+2: {"op": "PrimOp". "name": "setRef(Ref[Ptr]. Ptr): Unit". "out": {"num": []. "ptr": [0]}. "in": {"num": []. "ptr": [1. 0]}}')
debug_merge_point(0, 0, '302<std_core_hnd.rpyeffect:1(Name(setCurrentEvv))>+3: {"op": "Return". "args": {"num": []. "ptr": [0]}}')
debug_merge_point(0, 0, '1019<std_core_hnd.rpyeffect:718([k@[k@[k@[mcore:[#893]#2108]#2110]#2112]#2117])>+0: {"op": "Copy". "type": "ptr". "from": 1. "to". 0}')
debug_merge_point(0, 0, '1019<std_core_hnd.rpyeffect:718([k@[k@[k@[mcore:[#893]#2108]#2110]#2112]#2117])>+1: {"op": "Return". "args": {"num": []. "ptr": [0]}}')
debug_merge_point(0, 0, '5084<main.rpyeffect:87([k@[#322]#327])>+0: {"op": "Return". "args": {"num": []. "ptr": [0]}}')
debug_merge_point(0, 0, '5078<main.rpyeffect:81([k@[k@[k@[k@[#283]#288]#294]#302]#304])>+0: {"op": "Const". "type": "ptr". "out": 0. "format": "string". "value": "Name(import$std/core/hnd)"}')
debug_merge_point(0, 0, '5078<main.rpyeffect:81([k@[k@[k@[k@[#283]#288]#294]#302]#304])>+1: {"op": "PrimOp". "name": "getGlobal(String): Ptr". "out": {"num": []. "ptr": [0]}. "in": {"num": []. "ptr": [0]}}')
debug_merge_point(0, 0, '5078<main.rpyeffect:81([k@[k@[k@[k@[#283]#288]#294]#302]#304])>+2: {"op": "Swap". "type": "ptr". "a": 1. "b". 0}')
debug_merge_point(0, 0, '5078<main.rpyeffect:81([k@[k@[k@[k@[#283]#288]#294]#302]#304])>+3: {"op": "Jump". "target": 5094}')
debug_merge_point(0, 0, '5094<main.rpyeffect:97([mcore:[#168]#280])>+0: {"op": "Match". "type": Interned(main/tree). "scrutinee": 0. "clauses": [{"tag": Interned(main/Leaf). "target": 5093. "args": {"num": []. "ptr": []}}]. "default": {"tag": Interned(43da0bd9-ad03-419d-9ddf-5e0d1cd20a3b#[Missing Tag#907]). "target": 5092. "args": {"num": []. "ptr": []}}}')
+948: p107 = getfield_gc_r(p73, descr=<FieldP rpyeffect.stored_environment.Data__arb_arb.inst_tag 8>)
+956: guard_value(p107, ConstPtr(ptr108), descr=<Guard0x1283dfc60>) [p2, i6, i8, i10, i12, i14, i16, i18, i20, i22, i24, i26, i28, i30, i32, i34, i36, p39, p41, p43, p45, p47, p49, p51, p53, p55, p57, p59, p61, p63, p65, p67, p69, p0, p1, p3]
debug_merge_point(0, 0, '5092<main.rpyeffect:95([match_def@[mcore:[#168]#280]#281])>+0: {"op": "Match". "type": Interned(main/tree). "scrutinee": 0. "clauses": [{"tag": Interned(main/Node). "target": 5091. "args": {"num": [0]. "ptr": [0. 1]}}]. "default": {"tag": Interned(43da0bd9-ad03-419d-9ddf-5e0d1cd20a3b#[Missing Tag#906]). "target": 5076. "args": {"num": []. "ptr": []}}}')
+964: i109 = getfield_gc_i(p73, descr=<FieldS rpyeffect.stored_environment.Data__1_2.inst_values_num_0 32 pure>)
+968: p110 = getfield_gc_r(p73, descr=<FieldP rpyeffect.stored_environment.Data__1_2.inst_values_ptr_0 40 pure>)
+972: p111 = getfield_gc_r(p73, descr=<FieldP rpyeffect.stored_environment.Data__1_2.inst_values_ptr_1 48 pure>)
debug_merge_point(0, 0, '5091<main.rpyeffect:94([#283])>+0: {"op": "Const". "type": "ptr". "out": 2. "format": "string". "value": "Name(import$std/core/hnd)"}')
debug_merge_point(0, 0, '5091<main.rpyeffect:94([#283])>+1: {"op": "PrimOp". "name": "getGlobal(String): Ptr". "out": {"num": []. "ptr": [2]}. "in": {"num": []. "ptr": [2]}}')
debug_merge_point(0, 0, '5091<main.rpyeffect:94([#283])>+2: {"op": "Push". "target": 5090. "args": {"num": [0]. "ptr": [1]}}')
debug_merge_point(0, 0, '5091<main.rpyeffect:94([#283])>+3: {"op": "Copy". "type": "ptr". "from": 2. "to". 1}')
+976: p112 = new_with_vtable(descr=<SizeDescr 40>)
+1088: p113 = new_with_vtable(descr=<SizeDescr 48>)
+1100: setfield_gc(p113, p103, descr=<FieldP rpyeffect.stored_environment.Stack__arb_arb.inst_tail 8 pure>)
+1104: setfield_gc(p113, 5104, descr=<FieldS rpyeffect.stored_environment.Stack__arb_arb.inst_target 16 pure>)
+1112: setfield_gc(p113, i106, descr=<FieldS rpyeffect.stored_environment.Stack__1_0.inst_values_num_0 40 pure>)
+1120: setfield_gc(p112, p113, descr=<FieldP rpyeffect.stack.MetaStackLike.inst_stack 8 pure>)
+1124: setfield_gc(p112, p98, descr=<FieldP rpyeffect.stack.MetaStack.inst_label 16 pure>)
+1128: setfield_gc(p112, p99, descr=<FieldP rpyeffect.stack.MetaStack.inst_tail 32 pure>)
+1136: setfield_gc(p112, ConstPtr(null), descr=<FieldP rpyeffect.stack.MetaStack.inst_region 24 pure>)
+1168: jump(p0, p74, i109, p111, p2, p112, i72, i10, i12, i14, i16, i18, i20, i22, i24, i26, i28, i30, i32, i34, i36, p110, ConstPtr(ptr116), ConstPtr(ptr117), p49, p51, p53, p55, p57, p59, p61, p63, p65, p67, p69, descr=TargetToken(4970202880))
+1480: --end of the loop--
[797becb] jit-log-opt-loop}
[7b31484] {jit-log-opt-loop
# Loop 3 (5090<main.rpyeffect:93([k@[#283]#288])>+0: {"op": "Const", "type": "num", "out": 1, "value": 0}) : loop with 328 ops
[p0, p1, p2, p3]
+424: p4 = getfield_gc_r(p2, descr=<FieldP rpyeffect.environment.Environment.inst_values_num 16>)
+432: i6 = getarrayitem_gc_i(p4, 0, descr=<ArrayS 8>)
+436: i8 = getarrayitem_gc_i(p4, 1, descr=<ArrayS 8>)
+440: i10 = getarrayitem_gc_i(p4, 2, descr=<ArrayS 8>)
+444: i12 = getarrayitem_gc_i(p4, 3, descr=<ArrayS 8>)
+448: i14 = getarrayitem_gc_i(p4, 4, descr=<ArrayS 8>)
+452: i16 = getarrayitem_gc_i(p4, 5, descr=<ArrayS 8>)
+456: i18 = getarrayitem_gc_i(p4, 6, descr=<ArrayS 8>)
+460: i20 = getarrayitem_gc_i(p4, 7, descr=<ArrayS 8>)
+464: i22 = getarrayitem_gc_i(p4, 8, descr=<ArrayS 8>)
+468: i24 = getarrayitem_gc_i(p4, 9, descr=<ArrayS 8>)
+472: i26 = getarrayitem_gc_i(p4, 10, descr=<ArrayS 8>)
+476: i28 = getarrayitem_gc_i(p4, 11, descr=<ArrayS 8>)
+480: i30 = getarrayitem_gc_i(p4, 12, descr=<ArrayS 8>)
+484: i32 = getarrayitem_gc_i(p4, 13, descr=<ArrayS 8>)
+488: i34 = getarrayitem_gc_i(p4, 14, descr=<ArrayS 8>)
+496: i36 = getarrayitem_gc_i(p4, 15, descr=<ArrayS 8>)
+500: p37 = getfield_gc_r(p2, descr=<FieldP rpyeffect.environment.Environment.inst_values_ptr 24>)
+504: p39 = getarrayitem_gc_r(p37, 0, descr=<ArrayP 8>)
+512: p41 = getarrayitem_gc_r(p37, 1, descr=<ArrayP 8>)
+520: p43 = getarrayitem_gc_r(p37, 2, descr=<ArrayP 8>)
+528: p45 = getarrayitem_gc_r(p37, 3, descr=<ArrayP 8>)
+536: p47 = getarrayitem_gc_r(p37, 4, descr=<ArrayP 8>)
+544: p49 = getarrayitem_gc_r(p37, 5, descr=<ArrayP 8>)
+552: p51 = getarrayitem_gc_r(p37, 6, descr=<ArrayP 8>)
+560: p53 = getarrayitem_gc_r(p37, 7, descr=<ArrayP 8>)
+568: p55 = getarrayitem_gc_r(p37, 8, descr=<ArrayP 8>)
+576: p57 = getarrayitem_gc_r(p37, 9, descr=<ArrayP 8>)
+584: p59 = getarrayitem_gc_r(p37, 10, descr=<ArrayP 8>)
+592: p61 = getarrayitem_gc_r(p37, 11, descr=<ArrayP 8>)
+600: p63 = getarrayitem_gc_r(p37, 12, descr=<ArrayP 8>)
+608: p65 = getarrayitem_gc_r(p37, 13, descr=<ArrayP 8>)
+616: p67 = getarrayitem_gc_r(p37, 14, descr=<ArrayP 8>)
+624: p69 = getarrayitem_gc_r(p37, 15, descr=<ArrayP 8>)
+628: label(p0, p1, p2, p3, i6, i8, i10, i12, i14, i16, i18, i20, i22, i24, i26, i28, i30, i32, i34, i36, p39, p41, p43, p45, p47, p49, p51, p53, p55, p57, p59, p61, p63, p65, p67, p69, descr=TargetToken(4970344464))
debug_merge_point(0, 0, '5090<main.rpyeffect:93([k@[#283]#288])>+0: {"op": "Const". "type": "num". "out": 1. "value": 0}')
+684: guard_not_invalidated(descr=<Guard0x138737410>) [p2, i6, i8, i10, i12, i14, i16, i18, i20, i22, i24, i26, i28, i30, i32, i34, i36, p39, p41, p43, p45, p47, p49, p51, p53, p55, p57, p59, p61, p63, p65, p67, p69, p0, p1, p3]
debug_merge_point(0, 0, '5090<main.rpyeffect:93([k@[#283]#288])>+1: {"op": "Const". "type": "ptr". "out": 0. "format": "string". "value": "Name(import$std/core/hnd)"}')
debug_merge_point(0, 0, '5090<main.rpyeffect:93([k@[#283]#288])>+2: {"op": "PrimOp". "name": "getGlobal(String): Ptr". "out": {"num": []. "ptr": [0]}. "in": {"num": []. "ptr": [0]}}')
debug_merge_point(0, 0, '5090<main.rpyeffect:93([k@[#283]#288])>+3: {"op": "Push". "target": 5089. "args": {"num": [0. 1]. "ptr": [1]}}')
debug_merge_point(0, 0, '5090<main.rpyeffect:93([k@[#283]#288])>+4: {"op": "Jump". "target": 5075}')
debug_merge_point(0, 0, '5075<main.rpyeffect:78([mcore:[#157]#276])>+0: {"op": "Const". "type": "ptr". "out": 0. "format": "string". "value": "Name(import$std/core/hnd)"}')
debug_merge_point(0, 0, '5075<main.rpyeffect:78([mcore:[#157]#276])>+1: {"op": "PrimOp". "name": "getGlobal(String): Ptr". "out": {"num": []. "ptr": [0]}. "in": {"num": []. "ptr": [0]}}')
debug_merge_point(0, 0, '5075<main.rpyeffect:78([mcore:[#157]#276])>+2: {"op": "CallLib". "lib": "0". "symbol": "getCurrentEvv"}')
debug_merge_point(0, 0, '301<std_core_hnd.rpyeffect:0(Name(getCurrentEvv))>+0: {"op": "Const". "type": "ptr". "out": 0. "format": "string". "value": "current-evv"}')
debug_merge_point(0, 0, '301<std_core_hnd.rpyeffect:0(Name(getCurrentEvv))>+1: {"op": "PrimOp". "name": "getGlobal(String): Ptr". "out": {"num": []. "ptr": [0]}. "in": {"num": []. "ptr": [0]}}')
debug_merge_point(0, 0, '301<std_core_hnd.rpyeffect:0(Name(getCurrentEvv))>+2: {"op": "PrimOp". "name": "getRef(Ref[Ptr]): Ptr". "out": {"num": []. "ptr": [0]}. "in": {"num": []. "ptr": [0]}}')
+692: p71 = getfield_gc_r(ConstPtr(ptr70), descr=<FieldP rpyeffect.region.PtrRef.inst_value 8>)
debug_merge_point(0, 0, '301<std_core_hnd.rpyeffect:0(Name(getCurrentEvv))>+3: {"op": "Return". "args": {"num": []. "ptr": [0]}}')
debug_merge_point(0, 0, '5089<main.rpyeffect:92([k@[k@[#283]#288]#294])>+0: {"op": "PrimOp". "name": "promote_ptr". "out": {"num": []. "ptr": [0]}. "in": {"num": []. "ptr": [0]}}')
+700: i73 = ptr_eq(ConstPtr(ptr72), p71)
guard_true(i73, descr=<Guard0x138738120>) [p2, i6, i8, i10, i12, i14, i16, i18, i20, i22, i24, i26, i28, i30, i32, i34, i36, p39, p41, p43, p45, p47, p49, p51, p53, p55, p57, p59, p61, p63, p65, p67, p69, p0, p1, p3]
+708: guard_value(p71, ConstPtr(ptr74), descr=<Guard0x138738160>) [p2, i6, i8, i10, i12, i14, i16, i18, i20, i22, i24, i26, i28, i30, i32, i34, i36, p39, p41, p43, p45, p47, p49, p51, p53, p55, p57, p59, p61, p63, p65, p67, p69, p0, p1, p3]
debug_merge_point(0, 0, '5089<main.rpyeffect:92([k@[k@[#283]#288]#294])>+1: {"op": "Const". "type": "ptr". "out": 2. "format": "string". "value": "Name(import$std/core/hnd)"}')
debug_merge_point(0, 0, '5089<main.rpyeffect:92([k@[k@[#283]#288]#294])>+2: {"op": "PrimOp". "name": "getGlobal(String): Ptr". "out": {"num": []. "ptr": [2]}. "in": {"num": []. "ptr": [2]}}')
debug_merge_point(0, 0, '5089<main.rpyeffect:92([k@[k@[#283]#288]#294])>+3: {"op": "Push". "target": 5088. "args": {"num": [0]. "ptr": [1]}}')
debug_merge_point(0, 0, '5089<main.rpyeffect:92([k@[k@[#283]#288]#294])>+4: {"op": "Copy". "type": "num". "from": 1. "to". 0}')
debug_merge_point(0, 0, '5089<main.rpyeffect:92([k@[k@[#283]#288]#294])>+5: {"op": "Copy". "type": "ptr". "from": 2. "to". 1}')
debug_merge_point(0, 0, '5089<main.rpyeffect:92([k@[k@[#283]#288]#294])>+6: {"op": "Jump". "target": 5074}')
debug_merge_point(0, 0, '5074<main.rpyeffect:77([mcore:[#156]#270])>+0: {"op": "Const". "type": "ptr". "out": 1. "format": "string". "value": "Name(import$std/core/hnd)"}')
debug_merge_point(0, 0, '5074<main.rpyeffect:77([mcore:[#156]#270])>+1: {"op": "PrimOp". "name": "getGlobal(String): Ptr". "out": {"num": []. "ptr": [1]}. "in": {"num": []. "ptr": [1]}}')
debug_merge_point(0, 0, '5074<main.rpyeffect:77([mcore:[#156]#270])>+2: {"op": "CallLib". "lib": "1". "symbol": "elt"}')
debug_merge_point(0, 0, '331<std_core_hnd.rpyeffect:30(Name(elt))>+0: {"op": "Switch". "scrutinee": 0. "values": [0]. "targets": [329]. "default": 330}')
debug_merge_point(0, 0, '329<std_core_hnd.rpyeffect:28([switch case for 0#86])>+0: {"op": "Proj". "out": 0. "type": Interned(evv). "scrutinee": 0. "tag": Interned(cons). "field": 0. "field_type": "ptr"}')
+716: p76 = getfield_gc_r(ConstPtr(ptr75), descr=<FieldP rpyeffect.stored_environment.Data__arb_arb.inst_tag 8>)
+724: guard_value(p76, ConstPtr(ptr77), descr=<Guard0x1387381a0>) [p2, i6, i8, i10, i12, i14, i16, i18, i20, i22, i24, i26, i28, i30, i32, i34, i36, p39, p41, p43, p45, p47, p49, p51, p53, p55, p57, p59, p61, p63, p65, p67, p69, p0, p1, p3]
debug_merge_point(0, 0, '329<std_core_hnd.rpyeffect:28([switch case for 0#86])>+1: {"op": "Return". "args": {"num": []. "ptr": [0]}}')
debug_merge_point(0, 0, '5088<main.rpyeffect:91([k@[k@[k@[#283]#288]#294]#302])>+0: {"op": "Push". "target": 5078. "args": {"num": []. "ptr": [1]}}')
debug_merge_point(0, 0, '5088<main.rpyeffect:91([k@[k@[k@[#283]#288]#294]#302])>+1: {"op": "Match". "type": Interned(std/core/hnd/ev). "scrutinee": 0. "clauses": [{"tag": Interned(std/core/hnd/Ev). "target": 5087. "args": {"num": []. "ptr": [1. 2. 3. 4]}}]. "default": {"tag": Interned(43da0bd9-ad03-419d-9ddf-5e0d1cd20a3b#[Missing Tag#905]). "target": 5079. "args": {"num": []. "ptr": []}}}')
+736: p79 = getfield_gc_r(ConstPtr(ptr78), descr=<FieldP rpyeffect.stored_environment.Data__arb_arb.inst_tag 8>)
+744: guard_value(p79, ConstPtr(ptr80), descr=<Guard0x1387381e0>) [p2, i6, i8, i10, i12, i14, i16, i18, i20, i22, i24, i26, i28, i30, i32, i34, i36, p39, p41, p43, p45, p47, p49, p51, p53, p55, p57, p59, p61, p63, p65, p67, p69, p0, p1, p3]
debug_merge_point(0, 0, '5087<main.rpyeffect:90([#312])>+0: {"op": "Copy". "type": "ptr". "from": 0. "to". 1}')
debug_merge_point(0, 0, '5087<main.rpyeffect:90([#312])>+1: {"op": "Copy". "type": "ptr". "from": 2. "to". 0}')
debug_merge_point(0, 0, '5087<main.rpyeffect:90([#312])>+2: {"op": "Match". "type": Interned(main/yield). "scrutinee": 3. "clauses": [{"tag": Interned(main/@Hnd-yield). "target": 5086. "args": {"num": [1]. "ptr": [2]}}]. "default": {"tag": Interned(43da0bd9-ad03-419d-9ddf-5e0d1cd20a3b#[Missing Tag#904]). "target": 5081. "args": {"num": []. "ptr": []}}}')
+756: p82 = getfield_gc_r(ConstPtr(ptr81), descr=<FieldP rpyeffect.stored_environment.Data__arb_arb.inst_tag 8>)
+764: guard_value(p82, ConstPtr(ptr83), descr=<Guard0x138738220>) [p2, i6, i8, i10, i12, i14, i16, i18, i20, i22, i24, i26, i28, i30, i32, i34, i36, p39, p41, p43, p45, p47, p49, p51, p53, p55, p57, p59, p61, p63, p65, p67, p69, p0, p1, p3]
debug_merge_point(0, 0, '5086<main.rpyeffect:89([match_main/@Hnd-yield@[#312]#317])>+0: {"op": "Match". "type": Interned(std/core/hnd/clause1). "scrutinee": 2. "clauses": [{"tag": Interned(std/core/hnd/Clause1). "target": 5085. "args": {"num": []. "ptr": [2]}}]. "default": {"tag": Interned(43da0bd9-ad03-419d-9ddf-5e0d1cd20a3b#[Missing Tag#903]). "target": 5083. "args": {"num": []. "ptr": []}}}')
+776: p85 = getfield_gc_r(ConstPtr(ptr84), descr=<FieldP rpyeffect.stored_environment.Data__arb_arb.inst_tag 8>)
+784: guard_value(p85, ConstPtr(ptr86), descr=<Guard0x138738260>) [p2, i6, i8, i10, i12, i14, i16, i18, i20, i22, i24, i26, i28, i30, i32, i34, i36, p39, p41, p43, p45, p47, p49, p51, p53, p55, p57, p59, p61, p63, p65, p67, p69, p0, p1, p3]
debug_merge_point(0, 0, '5085<main.rpyeffect:88([#322])>+0: {"op": "PrimOp". "name": "box(Num): Ptr". "out": {"num": []. "ptr": [3]}. "in": {"num": [0]. "ptr": []}}')
debug_merge_point(0, 0, '5085<main.rpyeffect:88([#322])>+1: {"op": "Push". "target": 5084. "args": {"num": []. "ptr": []}}')
debug_merge_point(0, 0, '5085<main.rpyeffect:88([#322])>+2: {"op": "Swap". "type": "ptr". "a": 2. "b". 3}')
debug_merge_point(0, 0, '5085<main.rpyeffect:88([#322])>+3: {"op": "Invoke". "receiver": 3. "tag": Interned(%apply(ppp):p). "args" : {"num": []. "ptr": [0. 1. 2]}}')
debug_merge_point(0, 0, '5139<main.rpyeffect:142([method_%apply(ppp):p@[mcore:[#226]#486]#510])>+0: {"op": "Const". "type": "ptr". "out": 3. "format": "string". "value": "Name(import$std/core/hnd)"}')
debug_merge_point(0, 0, '5139<main.rpyeffect:142([method_%apply(ppp):p@[mcore:[#226]#486]#510])>+1: {"op": "PrimOp". "name": "getGlobal(String): Ptr". "out": {"num": []. "ptr": [3]}. "in": {"num": []. "ptr": [3]}}')
debug_merge_point(0, 0, '5139<main.rpyeffect:142([method_%apply(ppp):p@[mcore:[#226]#486]#510])>+2: {"op": "PrimOp". "name": "unbox(Ptr): Num". "out": {"num": [0]. "ptr": []}. "in": {"num": []. "ptr": [2]}}')
debug_merge_point(0, 0, '5139<main.rpyeffect:142([method_%apply(ppp):p@[mcore:[#226]#486]#510])>+3: {"op": "Copy". "type": "ptr". "from": 3. "to". 2}')
debug_merge_point(0, 0, '5139<main.rpyeffect:142([method_%apply(ppp):p@[mcore:[#226]#486]#510])>+4: {"op": "Jump". "target": 5125}')
debug_merge_point(0, 0, '5125<main.rpyeffect:128([mcore:[#211]#420])>+0: {"op": "New". "out": 1. "targets": [5122. 5124]. "args": {"num": [0]. "ptr": []}}')
debug_merge_point(0, 0, '5125<main.rpyeffect:128([mcore:[#211]#420])>+1: {"op": "Const". "type": "ptr". "out": 2. "format": "string". "value": "Name(import$std/core/hnd)"}')
debug_merge_point(0, 0, '5125<main.rpyeffect:128([mcore:[#211]#420])>+2: {"op": "PrimOp". "name": "getGlobal(String): Ptr". "out": {"num": []. "ptr": [2]}. "in": {"num": []. "ptr": [2]}}')
debug_merge_point(0, 0, '5125<main.rpyeffect:128([mcore:[#211]#420])>+3: {"op": "Jump". "target": 5110}')
debug_merge_point(0, 0, '5110<main.rpyeffect:113([mcore:[#194]#376])>+0: {"op": "Const". "type": "ptr". "out": 2. "format": "string". "value": "Name(import$std/core/hnd)"}')
debug_merge_point(0, 0, '5110<main.rpyeffect:113([mcore:[#194]#376])>+1: {"op": "PrimOp". "name": "getGlobal(String): Ptr". "out": {"num": []. "ptr": [2]}. "in": {"num": []. "ptr": [2]}}')
debug_merge_point(0, 0, '5110<main.rpyeffect:113([mcore:[#194]#376])>+2: {"op": "CallLib". "lib": "2". "symbol": "std/core/hnd/yield-to"}')
debug_merge_point(0, 0, '1022<std_core_hnd.rpyeffect:721([mcore:[#893]#2108])>+0: {"op": "Push". "target": 1021. "args": {"num": []. "ptr": [1. 0]}}')
debug_merge_point(0, 0, '1022<std_core_hnd.rpyeffect:721([mcore:[#893]#2108])>+1: {"op": "Jump". "target": 509}')
debug_merge_point(0, 0, '509<std_core_hnd.rpyeffect:208([mcore:[#471]#472])>+0: {"op": "Jump". "target": 301}')
debug_merge_point(0, 0, '301<std_core_hnd.rpyeffect:0(Name(getCurrentEvv))>+0: {"op": "Const". "type": "ptr". "out": 0. "format": "string". "value": "current-evv"}')
debug_merge_point(0, 0, '301<std_core_hnd.rpyeffect:0(Name(getCurrentEvv))>+1: {"op": "PrimOp". "name": "getGlobal(String): Ptr". "out": {"num": []. "ptr": [0]}. "in": {"num": []. "ptr": [0]}}')
debug_merge_point(0, 0, '301<std_core_hnd.rpyeffect:0(Name(getCurrentEvv))>+2: {"op": "PrimOp". "name": "getRef(Ref[Ptr]): Ptr". "out": {"num": []. "ptr": [0]}. "in": {"num": []. "ptr": [0]}}')
debug_merge_point(0, 0, '301<std_core_hnd.rpyeffect:0(Name(getCurrentEvv))>+3: {"op": "Return". "args": {"num": []. "ptr": [0]}}')
debug_merge_point(0, 0, '1021<std_core_hnd.rpyeffect:720([k@[mcore:[#893]#2108]#2110])>+0: {"op": "Push". "target": 1020. "args": {"num": []. "ptr": [0]}}')
debug_merge_point(0, 0, '1021<std_core_hnd.rpyeffect:720([k@[mcore:[#893]#2108]#2110])>+1: {"op": "Copy". "type": "ptr". "from": 2. "to". 0}')
debug_merge_point(0, 0, '1021<std_core_hnd.rpyeffect:720([k@[mcore:[#893]#2108]#2110])>+2: {"op": "Jump". "target": 507}')
debug_merge_point(0, 0, '507<std_core_hnd.rpyeffect:206([mcore:[#470]#437])>+0: {"op": "Const". "type": "num". "out": 0. "value": 0}')
debug_merge_point(0, 0, '507<std_core_hnd.rpyeffect:206([mcore:[#470]#437])>+1: {"op": "ShiftDyn". "out": 0. "n": 0. "label": 0}')
+796: i88 = instance_ptr_eq(p0, ConstPtr(ptr87))
guard_true(i88, descr=<Guard0x1387382a0>) [p2, i6, i8, i10, i12, i14, i16, i18, i20, i22, i24, i26, i28, i30, i32, i34, i36, p39, p41, p43, p45, p47, p49, p51, p53, p55, p57, p59, p61, p63, p65, p67, p69, p0, p1, p3]
+808: guard_nonnull_class(p3, 4305759232, descr=<Guard0x138737468>) [p2, i6, i8, i10, i12, i14, i16, i18, i20, i22, i24, i26, i28, i30, i32, i34, i36, p39, p41, p43, p45, p47, p49, p51, p53, p55, p57, p59, p61, p63, p65, p67, p69, p0, p1, p3]
+836: p90 = getfield_gc_r(p3, descr=<FieldP rpyeffect.stack.MetaStackLike.inst_stack 8 pure>)
+840: p91 = getfield_gc_r(p3, descr=<FieldP rpyeffect.stack.MetaStack.inst_label 16 pure>)
+844: p92 = getfield_gc_r(p3, descr=<FieldP rpyeffect.stack.MetaStack.inst_tail 32 pure>)
+848: guard_nonnull(p90, descr=<Guard0x1387382e0>) [p2, i6, i8, i10, i12, i14, i16, i18, i20, i22, i24, i26, i28, i30, i32, i34, i36, p39, p41, p43, p45, p47, p49, p51, p53, p55, p57, p59, p61, p63, p65, p67, p69, p0, p1, p3]
+856: i93 = getfield_gc_i(p90, descr=<FieldS rpyeffect.stored_environment.Stack__arb_arb.inst_target 16 pure>)
+860: guard_value(i93, 5104, descr=<Guard0x138738320>) [p2, i6, i8, i10, i12, i14, i16, i18, i20, i22, i24, i26, i28, i30, i32, i34, i36, p39, p41, p43, p45, p47, p49, p51, p53, p55, p57, p59, p61, p63, p65, p67, p69, p0, p1, p3]
debug_merge_point(0, 0, '507<std_core_hnd.rpyeffect:206([mcore:[#470]#437])>+2: {"op": "New". "out": 0. "targets": [500. 502. 504. 506]. "args": {"num": []. "ptr": [0]}}')
debug_merge_point(0, 0, '507<std_core_hnd.rpyeffect:206([mcore:[#470]#437])>+3: {"op": "Invoke". "receiver": 1. "tag": Interned(%apply(p):p). "args" : {"num": []. "ptr": [0]}}')
debug_merge_point(0, 0, '5122<main.rpyeffect:125([method_%apply(p):p@[mcore:[#211]#420]#424])>+0: {"op": "Const". "type": "ptr". "out": 1. "format": "string". "value": "Name(import$std/core/hnd)"}')
debug_merge_point(0, 0, '5122<main.rpyeffect:125([method_%apply(p):p@[mcore:[#211]#420]#424])>+1: {"op": "PrimOp". "name": "getGlobal(String): Ptr". "out": {"num": []. "ptr": [1]}. "in": {"num": []. "ptr": [1]}}')
debug_merge_point(0, 0, '5122<main.rpyeffect:125([method_%apply(p):p@[mcore:[#211]#420]#424])>+2: {"op": "PrimOp". "name": "box(Num): Ptr". "out": {"num": []. "ptr": [2]}. "in": {"num": [0]. "ptr": []}}')
debug_merge_point(0, 0, '5122<main.rpyeffect:125([method_%apply(p):p@[mcore:[#211]#420]#424])>+3: {"op": "Jump". "target": 5120}')
debug_merge_point(0, 0, '5120<main.rpyeffect:123([mcore:[#209]#400])>+0: {"op": "New". "out": 1. "targets": [5117. 5119]. "args": {"num": []. "ptr": []}}')
debug_merge_point(0, 0, '5120<main.rpyeffect:123([mcore:[#209]#400])>+1: {"op": "Const". "type": "ptr". "out": 3. "format": "string". "value": "Name(import$std/core/hnd)"}')
debug_merge_point(0, 0, '5120<main.rpyeffect:123([mcore:[#209]#400])>+2: {"op": "PrimOp". "name": "getGlobal(String): Ptr". "out": {"num": []. "ptr": [3]}. "in": {"num": []. "ptr": [3]}}')
debug_merge_point(0, 0, '5120<main.rpyeffect:123([mcore:[#209]#400])>+3: {"op": "Swap". "type": "ptr". "a": 2. "b". 0}')
debug_merge_point(0, 0, '5120<main.rpyeffect:123([mcore:[#209]#400])>+4: {"op": "Jump". "target": 5111}')
debug_merge_point(0, 0, '5111<main.rpyeffect:114([mcore:[#197]#382])>+0: {"op": "Const". "type": "ptr". "out": 3. "format": "string". "value": "Name(import$std/core/hnd)"}')
debug_merge_point(0, 0, '5111<main.rpyeffect:114([mcore:[#197]#382])>+1: {"op": "PrimOp". "name": "getGlobal(String): Ptr". "out": {"num": []. "ptr": [3]}. "in": {"num": []. "ptr": [3]}}')
debug_merge_point(0, 0, '5111<main.rpyeffect:114([mcore:[#197]#382])>+2: {"op": "CallLib". "lib": "3". "symbol": "std/core/hnd/protect"}')
debug_merge_point(0, 0, '495<std_core_hnd.rpyeffect:194([mcore:[#466]#434])>+0: {"op": "Swap". "type": "ptr". "a": 1. "b". 2}')
debug_merge_point(0, 0, '495<std_core_hnd.rpyeffect:194([mcore:[#466]#434])>+1: {"op": "Invoke". "receiver": 2. "tag": Interned(%apply(pp):p). "args" : {"num": []. "ptr": [0. 1]}}')
debug_merge_point(0, 0, '5119<main.rpyeffect:122([method_%apply(pp):p@[mcore:[#209]#400]#409])>+0: {"op": "PrimOp". "name": "unbox(Ptr): Num". "out": {"num": [0]. "ptr": []}. "in": {"num": []. "ptr": [0]}}')
debug_merge_point(0, 0, '5119<main.rpyeffect:122([method_%apply(pp):p@[mcore:[#209]#400]#409])>+1: {"op": "Push". "target": 5118. "args": {"num": []. "ptr": []}}')
debug_merge_point(0, 0, '5119<main.rpyeffect:122([method_%apply(pp):p@[mcore:[#209]#400]#409])>+2: {"op": "Copy". "type": "ptr". "from": 1. "to". 0}')
debug_merge_point(0, 0, '5119<main.rpyeffect:122([method_%apply(pp):p@[mcore:[#209]#400]#409])>+3: {"op": "Jump". "target": 5115}')
debug_merge_point(0, 0, '5115<main.rpyeffect:118([mcore:[#206]#392])>+0: {"op": "New". "out": 0. "targets": [5114]. "args": {"num": []. "ptr": [0]}}')
debug_merge_point(0, 0, '5115<main.rpyeffect:118([mcore:[#206]#392])>+1: {"op": "Jump". "target": 5169}')
debug_merge_point(0, 0, '5169<main.rpyeffect:172([mcore:[#243]#150])>+0: {"op": "Construct". "out": 0. "type": Interned(main/generator). "tag": Interned(main/Thunk). "args": {"num": [0]. "ptr": [0]}}')
debug_merge_point(0, 0, '5169<main.rpyeffect:172([mcore:[#243]#150])>+1: {"op": "Return". "args": {"num": []. "ptr": [0]}}')
debug_merge_point(0, 0, '5118<main.rpyeffect:121([#414])>+0: {"op": "Return". "args": {"num": []. "ptr": [0]}}')
+872: i95 = getfield_gc_i(p90, descr=<FieldS rpyeffect.stored_environment.Stack__1_0.inst_values_num_0 40 pure>)
+876: p96 = getfield_gc_r(p90, descr=<FieldP rpyeffect.stored_environment.Stack__arb_arb.inst_tail 8 pure>)
+880: guard_nonnull(p96, descr=<Guard0x138738360>) [p2, i6, i8, i10, i12, i14, i16, i18, i20, i22, i24, i26, i28, i30, i32, i34, i36, p39, p41, p43, p45, p47, p49, p51, p53, p55, p57, p59, p61, p63, p65, p67, p69, p0, p1, p3]
+888: i97 = getfield_gc_i(p96, descr=<FieldS rpyeffect.stored_environment.Stack__arb_arb.inst_target 16 pure>)
+892: guard_value(i97, 5155, descr=<Guard0x1387383a0>) [p2, i6, i8, i10, i12, i14, i16, i18, i20, i22, i24, i26, i28, i30, i32, i34, i36, p39, p41, p43, p45, p47, p49, p51, p53, p55, p57, p59, p61, p63, p65, p67, p69, p0, p1, p3]
debug_merge_point(0, 0, '5104<main.rpyeffect:107([k@[#362]#365])>+0: {"op": "Jump". "target": 5108}')
debug_merge_point(0, 0, '5108<main.rpyeffect:111([mcore:[#186]#357])>+0: {"op": "Match". "type": Interned(main/generator). "scrutinee": 0. "clauses": [{"tag": Interned(main/Empty). "target": 5107. "args": {"num": []. "ptr": []}}]. "default": {"tag": Interned(43da0bd9-ad03-419d-9ddf-5e0d1cd20a3b#[Missing Tag#909]). "target": 5106. "args": {"num": []. "ptr": []}}}')
debug_merge_point(0, 0, '5106<main.rpyeffect:109([match_def@[mcore:[#186]#357]#358])>+0: {"op": "Match". "type": Interned(main/generator). "scrutinee": 0. "clauses": [{"tag": Interned(main/Thunk). "target": 5105. "args": {"num": [1]. "ptr": [0]}}]. "default": {"tag": Interned(43da0bd9-ad03-419d-9ddf-5e0d1cd20a3b#[Missing Tag#908]). "target": 5102. "args": {"num": []. "ptr": []}}}')
debug_merge_point(0, 0, '5105<main.rpyeffect:108([#362])>+0: {"op": "PrimOp". "name": "infixAdd(Int. Int): Int". "out": {"num": [0]. "ptr": []}. "in": {"num": [1. 0]. "ptr": []}}')
+904: i99 = int_add(i6, i95)
debug_merge_point(0, 0, '5105<main.rpyeffect:108([#362])>+1: {"op": "Push". "target": 5104. "args": {"num": [0]. "ptr": []}}')
debug_merge_point(0, 0, '5105<main.rpyeffect:108([#362])>+2: {"op": "Invoke". "receiver": 0. "tag": Interned(%apply():p). "args" : {"num": []. "ptr": []}}')
debug_merge_point(0, 0, '5114<main.rpyeffect:117([method_%apply():p@[mcore:[#206]#392]#395])>+0: {"op": "Jump". "target": 5112}')
debug_merge_point(0, 0, '5112<main.rpyeffect:115([mcore:[#204]#389])>+0: {"op": "Construct". "out": 1. "type": Interned(Unit). "tag": Interned(unit). "args": {"num": []. "ptr": []}}')
debug_merge_point(0, 0, '5112<main.rpyeffect:115([mcore:[#204]#389])>+1: {"op": "Swap". "type": "ptr". "a": 1. "b". 0}')
debug_merge_point(0, 0, '5112<main.rpyeffect:115([mcore:[#204]#389])>+2: {"op": "Invoke". "receiver": 1. "tag": Interned(%apply(p):p). "args" : {"num": []. "ptr": [0]}}')
debug_merge_point(0, 0, '500<std_core_hnd.rpyeffect:199([method_%apply(p):p@[mcore:[#470]#437]#445])>+0: {"op": "Jump". "target": 497}')
debug_merge_point(0, 0, '497<std_core_hnd.rpyeffect:196([mcore:[#469]#436])>+0: {"op": "PushStack". "arg": 1}')
debug_merge_point(0, 0, '497<std_core_hnd.rpyeffect:196([mcore:[#469]#436])>+1: {"op": "Return". "args": {"num": []. "ptr": [0]}}')
debug_merge_point(0, 0, '1020<std_core_hnd.rpyeffect:719([k@[k@[mcore:[#893]#2108]#2110]#2112])>+0: {"op": "Const". "type": "ptr". "out": 2. "format": "string". "value": "Name(import$std/core/hnd)"}')
debug_merge_point(0, 0, '1020<std_core_hnd.rpyeffect:719([k@[k@[mcore:[#893]#2108]#2110]#2112])>+1: {"op": "PrimOp". "name": "getGlobal(String): Ptr". "out": {"num": []. "ptr": [2]}. "in": {"num": []. "ptr": [2]}}')
debug_merge_point(0, 0, '1020<std_core_hnd.rpyeffect:719([k@[k@[mcore:[#893]#2108]#2110]#2112])>+2: {"op": "Push". "target": 1019. "args": {"num": []. "ptr": [0]}}')
debug_merge_point(0, 0, '1020<std_core_hnd.rpyeffect:719([k@[k@[mcore:[#893]#2108]#2110]#2112])>+3: {"op": "Copy". "type": "ptr". "from": 1. "to". 0}')
debug_merge_point(0, 0, '1020<std_core_hnd.rpyeffect:719([k@[k@[mcore:[#893]#2108]#2110]#2112])>+4: {"op": "Copy". "type": "ptr". "from": 2. "to". 1}')
debug_merge_point(0, 0, '1020<std_core_hnd.rpyeffect:719([k@[k@[mcore:[#893]#2108]#2110]#2112])>+5: {"op": "Jump". "target": 1018}')
debug_merge_point(0, 0, '1018<std_core_hnd.rpyeffect:717([mcore:[#892]#2103])>+0: {"op": "Const". "type": "ptr". "out": 1. "format": "string". "value": "Name(import$std/core/hnd)"}')
debug_merge_point(0, 0, '1018<std_core_hnd.rpyeffect:717([mcore:[#892]#2103])>+1: {"op": "PrimOp". "name": "getGlobal(String): Ptr". "out": {"num": []. "ptr": [1]}. "in": {"num": []. "ptr": [1]}}')
debug_merge_point(0, 0, '1018<std_core_hnd.rpyeffect:717([mcore:[#892]#2103])>+2: {"op": "CallLib". "lib": "1". "symbol": "setCurrentEvv"}')
debug_merge_point(0, 0, '302<std_core_hnd.rpyeffect:1(Name(setCurrentEvv))>+0: {"op": "Const". "type": "ptr". "out": 1. "format": "string". "value": "current-evv"}')
debug_merge_point(0, 0, '302<std_core_hnd.rpyeffect:1(Name(setCurrentEvv))>+1: {"op": "PrimOp". "name": "getGlobal(String): Ptr". "out": {"num": []. "ptr": [1]}. "in": {"num": []. "ptr": [1]}}')
debug_merge_point(0, 0, '302<std_core_hnd.rpyeffect:1(Name(setCurrentEvv))>+2: {"op": "PrimOp". "name": "setRef(Ref[Ptr]. Ptr): Unit". "out": {"num": []. "ptr": [0]}. "in": {"num": []. "ptr": [1. 0]}}')
debug_merge_point(0, 0, '302<std_core_hnd.rpyeffect:1(Name(setCurrentEvv))>+3: {"op": "Return". "args": {"num": []. "ptr": [0]}}')
debug_merge_point(0, 0, '1019<std_core_hnd.rpyeffect:718([k@[k@[k@[mcore:[#893]#2108]#2110]#2112]#2117])>+0: {"op": "Copy". "type": "ptr". "from": 1. "to". 0}')
debug_merge_point(0, 0, '1019<std_core_hnd.rpyeffect:718([k@[k@[k@[mcore:[#893]#2108]#2110]#2112]#2117])>+1: {"op": "Return". "args": {"num": []. "ptr": [0]}}')
debug_merge_point(0, 0, '5084<main.rpyeffect:87([k@[#322]#327])>+0: {"op": "Return". "args": {"num": []. "ptr": [0]}}')
+908: guard_nonnull(p1, descr=<Guard0x1387383e0>) [p2, i6, i8, i10, i12, i14, i16, i18, i20, i22, i24, i26, i28, i30, i32, i34, i36, p39, p41, p43, p45, p47, p49, p51, p53, p55, p57, p59, p61, p63, p65, p67, p69, p0, p1, p3]
+920: i100 = getfield_gc_i(p1, descr=<FieldS rpyeffect.stored_environment.Stack__arb_arb.inst_target 16 pure>)
+928: guard_value(i100, 5090, descr=<Guard0x138738420>) [p2, i6, i8, i10, i12, i14, i16, i18, i20, i22, i24, i26, i28, i30, i32, i34, i36, p39, p41, p43, p45, p47, p49, p51, p53, p55, p57, p59, p61, p63, p65, p67, p69, p0, p1, p3]
debug_merge_point(0, 0, '5078<main.rpyeffect:81([k@[k@[k@[k@[#283]#288]#294]#302]#304])>+0: {"op": "Const". "type": "ptr". "out": 0. "format": "string". "value": "Name(import$std/core/hnd)"}')
debug_merge_point(0, 0, '5078<main.rpyeffect:81([k@[k@[k@[k@[#283]#288]#294]#302]#304])>+1: {"op": "PrimOp". "name": "getGlobal(String): Ptr". "out": {"num": []. "ptr": [0]}. "in": {"num": []. "ptr": [0]}}')
debug_merge_point(0, 0, '5078<main.rpyeffect:81([k@[k@[k@[k@[#283]#288]#294]#302]#304])>+2: {"op": "Swap". "type": "ptr". "a": 1. "b". 0}')
debug_merge_point(0, 0, '5078<main.rpyeffect:81([k@[k@[k@[k@[#283]#288]#294]#302]#304])>+3: {"op": "Jump". "target": 5094}')
debug_merge_point(0, 0, '5094<main.rpyeffect:97([mcore:[#168]#280])>+0: {"op": "Match". "type": Interned(main/tree). "scrutinee": 0. "clauses": [{"tag": Interned(main/Leaf). "target": 5093. "args": {"num": []. "ptr": []}}]. "default": {"tag": Interned(43da0bd9-ad03-419d-9ddf-5e0d1cd20a3b#[Missing Tag#907]). "target": 5092. "args": {"num": []. "ptr": []}}}')
+940: p102 = getfield_gc_r(p41, descr=<FieldP rpyeffect.stored_environment.Data__arb_arb.inst_tag 8>)
+948: guard_value(p102, ConstPtr(ptr103), descr=<Guard0x138738460>) [p2, i6, i8, i10, i12, i14, i16, i18, i20, i22, i24, i26, i28, i30, i32, i34, i36, p39, p41, p43, p45, p47, p49, p51, p53, p55, p57, p59, p61, p63, p65, p67, p69, p0, p1, p3]
debug_merge_point(0, 0, '5093<main.rpyeffect:96([match_main/Leaf@[mcore:[#168]#280]#329])>+0: {"op": "Construct". "out": 0. "type": Interned(Unit). "tag": Interned(unit). "args": {"num": []. "ptr": []}}')
debug_merge_point(0, 0, '5093<main.rpyeffect:96([match_main/Leaf@[mcore:[#168]#280]#329])>+1: {"op": "Return". "args": {"num": []. "ptr": [0]}}')
+956: i104 = getfield_gc_i(p1, descr=<FieldS rpyeffect.stored_environment.Stack__1_1.inst_values_num_0 40 pure>)
+960: p105 = getfield_gc_r(p1, descr=<FieldP rpyeffect.stored_environment.Stack__1_1.inst_values_ptr_0 48 pure>)
+964: p106 = getfield_gc_r(p1, descr=<FieldP rpyeffect.stored_environment.Stack__arb_arb.inst_tail 8 pure>)
+968: guard_nonnull(p106, descr=<Guard0x1387384a0>) [p2, i6, i8, i10, i12, i14, i16, i18, i20, i22, i24, i26, i28, i30, i32, i34, i36, p39, p41, p43, p45, p47, p49, p51, p53, p55, p57, p59, p61, p63, p65, p67, p69, p0, p1, p3]
+976: i107 = getfield_gc_i(p106, descr=<FieldS rpyeffect.stored_environment.Stack__arb_arb.inst_target 16 pure>)
+980: guard_value(i107, 5090, descr=<Guard0x1387384e0>) [p2, i6, i8, i10, i12, i14, i16, i18, i20, i22, i24, i26, i28, i30, i32, i34, i36, p39, p41, p43, p45, p47, p49, p51, p53, p55, p57, p59, p61, p63, p65, p67, p69, p0, p1, p3]
debug_merge_point(0, 0, '5090<main.rpyeffect:93([k@[#283]#288])>+0: {"op": "Const". "type": "num". "out": 1. "value": 0}')
+992: label(p0, p106, p2, p96, i99, p91, p92, i104, i6, i10, i12, i14, i16, i18, i20, i22, i24, i26, i28, i30, i32, i34, i36, p105, p49, p51, p53, p55, p57, p59, p61, p63, p65, p67, p69, descr=TargetToken(4970344544))
debug_merge_point(0, 0, '5090<main.rpyeffect:93([k@[#283]#288])>+0: {"op": "Const". "type": "num". "out": 1. "value": 0}')
+1008: guard_not_invalidated(descr=<Guard0x1387374c0>) [p2, i104, i6, i10, i12, i14, i16, i18, i20, i22, i24, i26, i28, i30, i32, i34, i36, p105, p49, p51, p53, p55, p57, p59, p61, p63, p65, p67, p69, p0, p106, i99, p96, p92, p91]
debug_merge_point(0, 0, '5090<main.rpyeffect:93([k@[#283]#288])>+1: {"op": "Const". "type": "ptr". "out": 0. "format": "string". "value": "Name(import$std/core/hnd)"}')
debug_merge_point(0, 0, '5090<main.rpyeffect:93([k@[#283]#288])>+2: {"op": "PrimOp". "name": "getGlobal(String): Ptr". "out": {"num": []. "ptr": [0]}. "in": {"num": []. "ptr": [0]}}')
debug_merge_point(0, 0, '5090<main.rpyeffect:93([k@[#283]#288])>+3: {"op": "Push". "target": 5089. "args": {"num": [0. 1]. "ptr": [1]}}')
debug_merge_point(0, 0, '5090<main.rpyeffect:93([k@[#283]#288])>+4: {"op": "Jump". "target": 5075}')
debug_merge_point(0, 0, '5075<main.rpyeffect:78([mcore:[#157]#276])>+0: {"op": "Const". "type": "ptr". "out": 0. "format": "string". "value": "Name(import$std/core/hnd)"}')
debug_merge_point(0, 0, '5075<main.rpyeffect:78([mcore:[#157]#276])>+1: {"op": "PrimOp". "name": "getGlobal(String): Ptr". "out": {"num": []. "ptr": [0]}. "in": {"num": []. "ptr": [0]}}')
debug_merge_point(0, 0, '5075<main.rpyeffect:78([mcore:[#157]#276])>+2: {"op": "CallLib". "lib": "0". "symbol": "getCurrentEvv"}')
debug_merge_point(0, 0, '301<std_core_hnd.rpyeffect:0(Name(getCurrentEvv))>+0: {"op": "Const". "type": "ptr". "out": 0. "format": "string". "value": "current-evv"}')
debug_merge_point(0, 0, '301<std_core_hnd.rpyeffect:0(Name(getCurrentEvv))>+1: {"op": "PrimOp". "name": "getGlobal(String): Ptr". "out": {"num": []. "ptr": [0]}. "in": {"num": []. "ptr": [0]}}')
debug_merge_point(0, 0, '301<std_core_hnd.rpyeffect:0(Name(getCurrentEvv))>+2: {"op": "PrimOp". "name": "getRef(Ref[Ptr]): Ptr". "out": {"num": []. "ptr": [0]}. "in": {"num": []. "ptr": [0]}}')
debug_merge_point(0, 0, '301<std_core_hnd.rpyeffect:0(Name(getCurrentEvv))>+3: {"op": "Return". "args": {"num": []. "ptr": [0]}}')
debug_merge_point(0, 0, '5089<main.rpyeffect:92([k@[k@[#283]#288]#294])>+0: {"op": "PrimOp". "name": "promote_ptr". "out": {"num": []. "ptr": [0]}. "in": {"num": []. "ptr": [0]}}')
debug_merge_point(0, 0, '5089<main.rpyeffect:92([k@[k@[#283]#288]#294])>+1: {"op": "Const". "type": "ptr". "out": 2. "format": "string". "value": "Name(import$std/core/hnd)"}')
debug_merge_point(0, 0, '5089<main.rpyeffect:92([k@[k@[#283]#288]#294])>+2: {"op": "PrimOp". "name": "getGlobal(String): Ptr". "out": {"num": []. "ptr": [2]}. "in": {"num": []. "ptr": [2]}}')
debug_merge_point(0, 0, '5089<main.rpyeffect:92([k@[k@[#283]#288]#294])>+3: {"op": "Push". "target": 5088. "args": {"num": [0]. "ptr": [1]}}')
debug_merge_point(0, 0, '5089<main.rpyeffect:92([k@[k@[#283]#288]#294])>+4: {"op": "Copy". "type": "num". "from": 1. "to". 0}')
debug_merge_point(0, 0, '5089<main.rpyeffect:92([k@[k@[#283]#288]#294])>+5: {"op": "Copy". "type": "ptr". "from": 2. "to". 1}')
debug_merge_point(0, 0, '5089<main.rpyeffect:92([k@[k@[#283]#288]#294])>+6: {"op": "Jump". "target": 5074}')
debug_merge_point(0, 0, '5074<main.rpyeffect:77([mcore:[#156]#270])>+0: {"op": "Const". "type": "ptr". "out": 1. "format": "string". "value": "Name(import$std/core/hnd)"}')
debug_merge_point(0, 0, '5074<main.rpyeffect:77([mcore:[#156]#270])>+1: {"op": "PrimOp". "name": "getGlobal(String): Ptr". "out": {"num": []. "ptr": [1]}. "in": {"num": []. "ptr": [1]}}')
debug_merge_point(0, 0, '5074<main.rpyeffect:77([mcore:[#156]#270])>+2: {"op": "CallLib". "lib": "1". "symbol": "elt"}')
debug_merge_point(0, 0, '331<std_core_hnd.rpyeffect:30(Name(elt))>+0: {"op": "Switch". "scrutinee": 0. "values": [0]. "targets": [329]. "default": 330}')
debug_merge_point(0, 0, '329<std_core_hnd.rpyeffect:28([switch case for 0#86])>+0: {"op": "Proj". "out": 0. "type": Interned(evv). "scrutinee": 0. "tag": Interned(cons). "field": 0. "field_type": "ptr"}')
debug_merge_point(0, 0, '329<std_core_hnd.rpyeffect:28([switch case for 0#86])>+1: {"op": "Return". "args": {"num": []. "ptr": [0]}}')
debug_merge_point(0, 0, '5088<main.rpyeffect:91([k@[k@[k@[#283]#288]#294]#302])>+0: {"op": "Push". "target": 5078. "args": {"num": []. "ptr": [1]}}')
debug_merge_point(0, 0, '5088<main.rpyeffect:91([k@[k@[k@[#283]#288]#294]#302])>+1: {"op": "Match". "type": Interned(std/core/hnd/ev). "scrutinee": 0. "clauses": [{"tag": Interned(std/core/hnd/Ev). "target": 5087. "args": {"num": []. "ptr": [1. 2. 3. 4]}}]. "default": {"tag": Interned(43da0bd9-ad03-419d-9ddf-5e0d1cd20a3b#[Missing Tag#905]). "target": 5079. "args": {"num": []. "ptr": []}}}')
debug_merge_point(0, 0, '5087<main.rpyeffect:90([#312])>+0: {"op": "Copy". "type": "ptr". "from": 0. "to". 1}')
debug_merge_point(0, 0, '5087<main.rpyeffect:90([#312])>+1: {"op": "Copy". "type": "ptr". "from": 2. "to". 0}')
debug_merge_point(0, 0, '5087<main.rpyeffect:90([#312])>+2: {"op": "Match". "type": Interned(main/yield). "scrutinee": 3. "clauses": [{"tag": Interned(main/@Hnd-yield). "target": 5086. "args": {"num": [1]. "ptr": [2]}}]. "default": {"tag": Interned(43da0bd9-ad03-419d-9ddf-5e0d1cd20a3b#[Missing Tag#904]). "target": 5081. "args": {"num": []. "ptr": []}}}')
debug_merge_point(0, 0, '5086<main.rpyeffect:89([match_main/@Hnd-yield@[#312]#317])>+0: {"op": "Match". "type": Interned(std/core/hnd/clause1). "scrutinee": 2. "clauses": [{"tag": Interned(std/core/hnd/Clause1). "target": 5085. "args": {"num": []. "ptr": [2]}}]. "default": {"tag": Interned(43da0bd9-ad03-419d-9ddf-5e0d1cd20a3b#[Missing Tag#903]). "target": 5083. "args": {"num": []. "ptr": []}}}')
debug_merge_point(0, 0, '5085<main.rpyeffect:88([#322])>+0: {"op": "PrimOp". "name": "box(Num): Ptr". "out": {"num": []. "ptr": [3]}. "in": {"num": [0]. "ptr": []}}')
debug_merge_point(0, 0, '5085<main.rpyeffect:88([#322])>+1: {"op": "Push". "target": 5084. "args": {"num": []. "ptr": []}}')
debug_merge_point(0, 0, '5085<main.rpyeffect:88([#322])>+2: {"op": "Swap". "type": "ptr". "a": 2. "b". 3}')
debug_merge_point(0, 0, '5085<main.rpyeffect:88([#322])>+3: {"op": "Invoke". "receiver": 3. "tag": Interned(%apply(ppp):p). "args" : {"num": []. "ptr": [0. 1. 2]}}')
debug_merge_point(0, 0, '5139<main.rpyeffect:142([method_%apply(ppp):p@[mcore:[#226]#486]#510])>+0: {"op": "Const". "type": "ptr". "out": 3. "format": "string". "value": "Name(import$std/core/hnd)"}')
debug_merge_point(0, 0, '5139<main.rpyeffect:142([method_%apply(ppp):p@[mcore:[#226]#486]#510])>+1: {"op": "PrimOp". "name": "getGlobal(String): Ptr". "out": {"num": []. "ptr": [3]}. "in": {"num": []. "ptr": [3]}}')
debug_merge_point(0, 0, '5139<main.rpyeffect:142([method_%apply(ppp):p@[mcore:[#226]#486]#510])>+2: {"op": "PrimOp". "name": "unbox(Ptr): Num". "out": {"num": [0]. "ptr": []}. "in": {"num": []. "ptr": [2]}}')
debug_merge_point(0, 0, '5139<main.rpyeffect:142([method_%apply(ppp):p@[mcore:[#226]#486]#510])>+3: {"op": "Copy". "type": "ptr". "from": 3. "to". 2}')
debug_merge_point(0, 0, '5139<main.rpyeffect:142([method_%apply(ppp):p@[mcore:[#226]#486]#510])>+4: {"op": "Jump". "target": 5125}')
debug_merge_point(0, 0, '5125<main.rpyeffect:128([mcore:[#211]#420])>+0: {"op": "New". "out": 1. "targets": [5122. 5124]. "args": {"num": [0]. "ptr": []}}')
debug_merge_point(0, 0, '5125<main.rpyeffect:128([mcore:[#211]#420])>+1: {"op": "Const". "type": "ptr". "out": 2. "format": "string". "value": "Name(import$std/core/hnd)"}')
debug_merge_point(0, 0, '5125<main.rpyeffect:128([mcore:[#211]#420])>+2: {"op": "PrimOp". "name": "getGlobal(String): Ptr". "out": {"num": []. "ptr": [2]}. "in": {"num": []. "ptr": [2]}}')
debug_merge_point(0, 0, '5125<main.rpyeffect:128([mcore:[#211]#420])>+3: {"op": "Jump". "target": 5110}')
debug_merge_point(0, 0, '5110<main.rpyeffect:113([mcore:[#194]#376])>+0: {"op": "Const". "type": "ptr". "out": 2. "format": "string". "value": "Name(import$std/core/hnd)"}')
debug_merge_point(0, 0, '5110<main.rpyeffect:113([mcore:[#194]#376])>+1: {"op": "PrimOp". "name": "getGlobal(String): Ptr". "out": {"num": []. "ptr": [2]}. "in": {"num": []. "ptr": [2]}}')
debug_merge_point(0, 0, '5110<main.rpyeffect:113([mcore:[#194]#376])>+2: {"op": "CallLib". "lib": "2". "symbol": "std/core/hnd/yield-to"}')
debug_merge_point(0, 0, '1022<std_core_hnd.rpyeffect:721([mcore:[#893]#2108])>+0: {"op": "Push". "target": 1021. "args": {"num": []. "ptr": [1. 0]}}')
debug_merge_point(0, 0, '1022<std_core_hnd.rpyeffect:721([mcore:[#893]#2108])>+1: {"op": "Jump". "target": 509}')
debug_merge_point(0, 0, '509<std_core_hnd.rpyeffect:208([mcore:[#471]#472])>+0: {"op": "Jump". "target": 301}')
debug_merge_point(0, 0, '301<std_core_hnd.rpyeffect:0(Name(getCurrentEvv))>+0: {"op": "Const". "type": "ptr". "out": 0. "format": "string". "value": "current-evv"}')
debug_merge_point(0, 0, '301<std_core_hnd.rpyeffect:0(Name(getCurrentEvv))>+1: {"op": "PrimOp". "name": "getGlobal(String): Ptr". "out": {"num": []. "ptr": [0]}. "in": {"num": []. "ptr": [0]}}')
debug_merge_point(0, 0, '301<std_core_hnd.rpyeffect:0(Name(getCurrentEvv))>+2: {"op": "PrimOp". "name": "getRef(Ref[Ptr]): Ptr". "out": {"num": []. "ptr": [0]}. "in": {"num": []. "ptr": [0]}}')
debug_merge_point(0, 0, '301<std_core_hnd.rpyeffect:0(Name(getCurrentEvv))>+3: {"op": "Return". "args": {"num": []. "ptr": [0]}}')
debug_merge_point(0, 0, '1021<std_core_hnd.rpyeffect:720([k@[mcore:[#893]#2108]#2110])>+0: {"op": "Push". "target": 1020. "args": {"num": []. "ptr": [0]}}')
debug_merge_point(0, 0, '1021<std_core_hnd.rpyeffect:720([k@[mcore:[#893]#2108]#2110])>+1: {"op": "Copy". "type": "ptr". "from": 2. "to". 0}')
debug_merge_point(0, 0, '1021<std_core_hnd.rpyeffect:720([k@[mcore:[#893]#2108]#2110])>+2: {"op": "Jump". "target": 507}')
debug_merge_point(0, 0, '507<std_core_hnd.rpyeffect:206([mcore:[#470]#437])>+0: {"op": "Const". "type": "num". "out": 0. "value": 0}')
debug_merge_point(0, 0, '507<std_core_hnd.rpyeffect:206([mcore:[#470]#437])>+1: {"op": "ShiftDyn". "out": 0. "n": 0. "label": 0}')
debug_merge_point(0, 0, '507<std_core_hnd.rpyeffect:206([mcore:[#470]#437])>+2: {"op": "New". "out": 0. "targets": [500. 502. 504. 506]. "args": {"num": []. "ptr": [0]}}')
debug_merge_point(0, 0, '507<std_core_hnd.rpyeffect:206([mcore:[#470]#437])>+3: {"op": "Invoke". "receiver": 1. "tag": Interned(%apply(p):p). "args" : {"num": []. "ptr": [0]}}')
debug_merge_point(0, 0, '5122<main.rpyeffect:125([method_%apply(p):p@[mcore:[#211]#420]#424])>+0: {"op": "Const". "type": "ptr". "out": 1. "format": "string". "value": "Name(import$std/core/hnd)"}')
debug_merge_point(0, 0, '5122<main.rpyeffect:125([method_%apply(p):p@[mcore:[#211]#420]#424])>+1: {"op": "PrimOp". "name": "getGlobal(String): Ptr". "out": {"num": []. "ptr": [1]}. "in": {"num": []. "ptr": [1]}}')
debug_merge_point(0, 0, '5122<main.rpyeffect:125([method_%apply(p):p@[mcore:[#211]#420]#424])>+2: {"op": "PrimOp". "name": "box(Num): Ptr". "out": {"num": []. "ptr": [2]}. "in": {"num": [0]. "ptr": []}}')
debug_merge_point(0, 0, '5122<main.rpyeffect:125([method_%apply(p):p@[mcore:[#211]#420]#424])>+3: {"op": "Jump". "target": 5120}')
debug_merge_point(0, 0, '5120<main.rpyeffect:123([mcore:[#209]#400])>+0: {"op": "New". "out": 1. "targets": [5117. 5119]. "args": {"num": []. "ptr": []}}')
debug_merge_point(0, 0, '5120<main.rpyeffect:123([mcore:[#209]#400])>+1: {"op": "Const". "type": "ptr". "out": 3. "format": "string". "value": "Name(import$std/core/hnd)"}')
debug_merge_point(0, 0, '5120<main.rpyeffect:123([mcore:[#209]#400])>+2: {"op": "PrimOp". "name": "getGlobal(String): Ptr". "out": {"num": []. "ptr": [3]}. "in": {"num": []. "ptr": [3]}}')
debug_merge_point(0, 0, '5120<main.rpyeffect:123([mcore:[#209]#400])>+3: {"op": "Swap". "type": "ptr". "a": 2. "b". 0}')
debug_merge_point(0, 0, '5120<main.rpyeffect:123([mcore:[#209]#400])>+4: {"op": "Jump". "target": 5111}')
debug_merge_point(0, 0, '5111<main.rpyeffect:114([mcore:[#197]#382])>+0: {"op": "Const". "type": "ptr". "out": 3. "format": "string". "value": "Name(import$std/core/hnd)"}')
debug_merge_point(0, 0, '5111<main.rpyeffect:114([mcore:[#197]#382])>+1: {"op": "PrimOp". "name": "getGlobal(String): Ptr". "out": {"num": []. "ptr": [3]}. "in": {"num": []. "ptr": [3]}}')
debug_merge_point(0, 0, '5111<main.rpyeffect:114([mcore:[#197]#382])>+2: {"op": "CallLib". "lib": "3". "symbol": "std/core/hnd/protect"}')
debug_merge_point(0, 0, '495<std_core_hnd.rpyeffect:194([mcore:[#466]#434])>+0: {"op": "Swap". "type": "ptr". "a": 1. "b". 2}')
debug_merge_point(0, 0, '495<std_core_hnd.rpyeffect:194([mcore:[#466]#434])>+1: {"op": "Invoke". "receiver": 2. "tag": Interned(%apply(pp):p). "args" : {"num": []. "ptr": [0. 1]}}')
debug_merge_point(0, 0, '5119<main.rpyeffect:122([method_%apply(pp):p@[mcore:[#209]#400]#409])>+0: {"op": "PrimOp". "name": "unbox(Ptr): Num". "out": {"num": [0]. "ptr": []}. "in": {"num": []. "ptr": [0]}}')
debug_merge_point(0, 0, '5119<main.rpyeffect:122([method_%apply(pp):p@[mcore:[#209]#400]#409])>+1: {"op": "Push". "target": 5118. "args": {"num": []. "ptr": []}}')
debug_merge_point(0, 0, '5119<main.rpyeffect:122([method_%apply(pp):p@[mcore:[#209]#400]#409])>+2: {"op": "Copy". "type": "ptr". "from": 1. "to". 0}')
debug_merge_point(0, 0, '5119<main.rpyeffect:122([method_%apply(pp):p@[mcore:[#209]#400]#409])>+3: {"op": "Jump". "target": 5115}')
debug_merge_point(0, 0, '5115<main.rpyeffect:118([mcore:[#206]#392])>+0: {"op": "New". "out": 0. "targets": [5114]. "args": {"num": []. "ptr": [0]}}')
debug_merge_point(0, 0, '5115<main.rpyeffect:118([mcore:[#206]#392])>+1: {"op": "Jump". "target": 5169}')
debug_merge_point(0, 0, '5169<main.rpyeffect:172([mcore:[#243]#150])>+0: {"op": "Construct". "out": 0. "type": Interned(main/generator). "tag": Interned(main/Thunk). "args": {"num": [0]. "ptr": [0]}}')
debug_merge_point(0, 0, '5169<main.rpyeffect:172([mcore:[#243]#150])>+1: {"op": "Return". "args": {"num": []. "ptr": [0]}}')
debug_merge_point(0, 0, '5118<main.rpyeffect:121([#414])>+0: {"op": "Return". "args": {"num": []. "ptr": [0]}}')
debug_merge_point(0, 0, '5104<main.rpyeffect:107([k@[#362]#365])>+0: {"op": "Jump". "target": 5108}')
debug_merge_point(0, 0, '5108<main.rpyeffect:111([mcore:[#186]#357])>+0: {"op": "Match". "type": Interned(main/generator). "scrutinee": 0. "clauses": [{"tag": Interned(main/Empty). "target": 5107. "args": {"num": []. "ptr": []}}]. "default": {"tag": Interned(43da0bd9-ad03-419d-9ddf-5e0d1cd20a3b#[Missing Tag#909]). "target": 5106. "args": {"num": []. "ptr": []}}}')
debug_merge_point(0, 0, '5106<main.rpyeffect:109([match_def@[mcore:[#186]#357]#358])>+0: {"op": "Match". "type": Interned(main/generator). "scrutinee": 0. "clauses": [{"tag": Interned(main/Thunk). "target": 5105. "args": {"num": [1]. "ptr": [0]}}]. "default": {"tag": Interned(43da0bd9-ad03-419d-9ddf-5e0d1cd20a3b#[Missing Tag#908]). "target": 5102. "args": {"num": []. "ptr": []}}}')
debug_merge_point(0, 0, '5105<main.rpyeffect:108([#362])>+0: {"op": "PrimOp". "name": "infixAdd(Int. Int): Int". "out": {"num": [0]. "ptr": []}. "in": {"num": [1. 0]. "ptr": []}}')
+1012: i109 = int_add(i104, i99)
debug_merge_point(0, 0, '5105<main.rpyeffect:108([#362])>+1: {"op": "Push". "target": 5104. "args": {"num": [0]. "ptr": []}}')
debug_merge_point(0, 0, '5105<main.rpyeffect:108([#362])>+2: {"op": "Invoke". "receiver": 0. "tag": Interned(%apply():p). "args" : {"num": []. "ptr": []}}')
debug_merge_point(0, 0, '5114<main.rpyeffect:117([method_%apply():p@[mcore:[#206]#392]#395])>+0: {"op": "Jump". "target": 5112}')
debug_merge_point(0, 0, '5112<main.rpyeffect:115([mcore:[#204]#389])>+0: {"op": "Construct". "out": 1. "type": Interned(Unit). "tag": Interned(unit). "args": {"num": []. "ptr": []}}')
debug_merge_point(0, 0, '5112<main.rpyeffect:115([mcore:[#204]#389])>+1: {"op": "Swap". "type": "ptr". "a": 1. "b". 0}')
debug_merge_point(0, 0, '5112<main.rpyeffect:115([mcore:[#204]#389])>+2: {"op": "Invoke". "receiver": 1. "tag": Interned(%apply(p):p). "args" : {"num": []. "ptr": [0]}}')
debug_merge_point(0, 0, '500<std_core_hnd.rpyeffect:199([method_%apply(p):p@[mcore:[#470]#437]#445])>+0: {"op": "Jump". "target": 497}')
debug_merge_point(0, 0, '497<std_core_hnd.rpyeffect:196([mcore:[#469]#436])>+0: {"op": "PushStack". "arg": 1}')
debug_merge_point(0, 0, '497<std_core_hnd.rpyeffect:196([mcore:[#469]#436])>+1: {"op": "Return". "args": {"num": []. "ptr": [0]}}')
debug_merge_point(0, 0, '1020<std_core_hnd.rpyeffect:719([k@[k@[mcore:[#893]#2108]#2110]#2112])>+0: {"op": "Const". "type": "ptr". "out": 2. "format": "string". "value": "Name(import$std/core/hnd)"}')
debug_merge_point(0, 0, '1020<std_core_hnd.rpyeffect:719([k@[k@[mcore:[#893]#2108]#2110]#2112])>+1: {"op": "PrimOp". "name": "getGlobal(String): Ptr". "out": {"num": []. "ptr": [2]}. "in": {"num": []. "ptr": [2]}}')
debug_merge_point(0, 0, '1020<std_core_hnd.rpyeffect:719([k@[k@[mcore:[#893]#2108]#2110]#2112])>+2: {"op": "Push". "target": 1019. "args": {"num": []. "ptr": [0]}}')
debug_merge_point(0, 0, '1020<std_core_hnd.rpyeffect:719([k@[k@[mcore:[#893]#2108]#2110]#2112])>+3: {"op": "Copy". "type": "ptr". "from": 1. "to". 0}')
debug_merge_point(0, 0, '1020<std_core_hnd.rpyeffect:719([k@[k@[mcore:[#893]#2108]#2110]#2112])>+4: {"op": "Copy". "type": "ptr". "from": 2. "to". 1}')
debug_merge_point(0, 0, '1020<std_core_hnd.rpyeffect:719([k@[k@[mcore:[#893]#2108]#2110]#2112])>+5: {"op": "Jump". "target": 1018}')
debug_merge_point(0, 0, '1018<std_core_hnd.rpyeffect:717([mcore:[#892]#2103])>+0: {"op": "Const". "type": "ptr". "out": 1. "format": "string". "value": "Name(import$std/core/hnd)"}')
debug_merge_point(0, 0, '1018<std_core_hnd.rpyeffect:717([mcore:[#892]#2103])>+1: {"op": "PrimOp". "name": "getGlobal(String): Ptr". "out": {"num": []. "ptr": [1]}. "in": {"num": []. "ptr": [1]}}')
debug_merge_point(0, 0, '1018<std_core_hnd.rpyeffect:717([mcore:[#892]#2103])>+2: {"op": "CallLib". "lib": "1". "symbol": "setCurrentEvv"}')
debug_merge_point(0, 0, '302<std_core_hnd.rpyeffect:1(Name(setCurrentEvv))>+0: {"op": "Const". "type": "ptr". "out": 1. "format": "string". "value": "current-evv"}')
debug_merge_point(0, 0, '302<std_core_hnd.rpyeffect:1(Name(setCurrentEvv))>+1: {"op": "PrimOp". "name": "getGlobal(String): Ptr". "out": {"num": []. "ptr": [1]}. "in": {"num": []. "ptr": [1]}}')
debug_merge_point(0, 0, '302<std_core_hnd.rpyeffect:1(Name(setCurrentEvv))>+2: {"op": "PrimOp". "name": "setRef(Ref[Ptr]. Ptr): Unit". "out": {"num": []. "ptr": [0]}. "in": {"num": []. "ptr": [1. 0]}}')
debug_merge_point(0, 0, '302<std_core_hnd.rpyeffect:1(Name(setCurrentEvv))>+3: {"op": "Return". "args": {"num": []. "ptr": [0]}}')
debug_merge_point(0, 0, '1019<std_core_hnd.rpyeffect:718([k@[k@[k@[mcore:[#893]#2108]#2110]#2112]#2117])>+0: {"op": "Copy". "type": "ptr". "from": 1. "to". 0}')
debug_merge_point(0, 0, '1019<std_core_hnd.rpyeffect:718([k@[k@[k@[mcore:[#893]#2108]#2110]#2112]#2117])>+1: {"op": "Return". "args": {"num": []. "ptr": [0]}}')
debug_merge_point(0, 0, '5084<main.rpyeffect:87([k@[#322]#327])>+0: {"op": "Return". "args": {"num": []. "ptr": [0]}}')
debug_merge_point(0, 0, '5078<main.rpyeffect:81([k@[k@[k@[k@[#283]#288]#294]#302]#304])>+0: {"op": "Const". "type": "ptr". "out": 0. "format": "string". "value": "Name(import$std/core/hnd)"}')
debug_merge_point(0, 0, '5078<main.rpyeffect:81([k@[k@[k@[k@[#283]#288]#294]#302]#304])>+1: {"op": "PrimOp". "name": "getGlobal(String): Ptr". "out": {"num": []. "ptr": [0]}. "in": {"num": []. "ptr": [0]}}')
debug_merge_point(0, 0, '5078<main.rpyeffect:81([k@[k@[k@[k@[#283]#288]#294]#302]#304])>+2: {"op": "Swap". "type": "ptr". "a": 1. "b". 0}')
debug_merge_point(0, 0, '5078<main.rpyeffect:81([k@[k@[k@[k@[#283]#288]#294]#302]#304])>+3: {"op": "Jump". "target": 5094}')
debug_merge_point(0, 0, '5094<main.rpyeffect:97([mcore:[#168]#280])>+0: {"op": "Match". "type": Interned(main/tree). "scrutinee": 0. "clauses": [{"tag": Interned(main/Leaf). "target": 5093. "args": {"num": []. "ptr": []}}]. "default": {"tag": Interned(43da0bd9-ad03-419d-9ddf-5e0d1cd20a3b#[Missing Tag#907]). "target": 5092. "args": {"num": []. "ptr": []}}}')
+1016: p110 = getfield_gc_r(p105, descr=<FieldP rpyeffect.stored_environment.Data__arb_arb.inst_tag 8>)
+1024: guard_value(p110, ConstPtr(ptr111), descr=<Guard0x138738520>) [p2, i104, i6, i10, i12, i14, i16, i18, i20, i22, i24, i26, i28, i30, i32, i34, i36, p105, p49, p51, p53, p55, p57, p59, p61, p63, p65, p67, p69, p0, p106, i99, p96, p92, p91]
debug_merge_point(0, 0, '5093<main.rpyeffect:96([match_main/Leaf@[mcore:[#168]#280]#329])>+0: {"op": "Construct". "out": 0. "type": Interned(Unit). "tag": Interned(unit). "args": {"num": []. "ptr": []}}')
debug_merge_point(0, 0, '5093<main.rpyeffect:96([match_main/Leaf@[mcore:[#168]#280]#329])>+1: {"op": "Return". "args": {"num": []. "ptr": [0]}}')
+1032: i112 = getfield_gc_i(p106, descr=<FieldS rpyeffect.stored_environment.Stack__1_1.inst_values_num_0 40 pure>)
+1036: p113 = getfield_gc_r(p106, descr=<FieldP rpyeffect.stored_environment.Stack__1_1.inst_values_ptr_0 48 pure>)
+1040: p114 = getfield_gc_r(p106, descr=<FieldP rpyeffect.stored_environment.Stack__arb_arb.inst_tail 8 pure>)
+1044: guard_nonnull(p114, descr=<Guard0x138738560>) [p2, i104, i6, i10, i12, i14, i16, i18, i20, i22, i24, i26, i28, i30, i32, i34, i36, p105, p49, p51, p53, p55, p57, p59, p61, p63, p65, p67, p69, p0, p106, i99, p96, p92, p91]
+1052: i115 = getfield_gc_i(p114, descr=<FieldS rpyeffect.stored_environment.Stack__arb_arb.inst_target 16 pure>)
+1056: guard_value(i115, 5090, descr=<Guard0x1387385a0>) [p2, i104, i6, i10, i12, i14, i16, i18, i20, i22, i24, i26, i28, i30, i32, i34, i36, p105, p49, p51, p53, p55, p57, p59, p61, p63, p65, p67, p69, p0, p106, i99, p96, p92, p91]
debug_merge_point(0, 0, '5090<main.rpyeffect:93([k@[#283]#288])>+0: {"op": "Const". "type": "num". "out": 1. "value": 0}')
+1068: jump(p0, p114, p2, p96, i109, p91, p92, i112, i104, i10, i12, i14, i16, i18, i20, i22, i24, i26, i28, i30, i32, i34, i36, p113, p49, p51, p53, p55, p57, p59, p61, p63, p65, p67, p69, descr=TargetToken(4970344544))
+1092: --end of the loop--
[7b6ebc0] jit-log-opt-loop}
[7cf92a0] {jit-log-opt-loop
# Loop 4 (5090<main.rpyeffect:93([k@[#283]#288])>+4: {"op": "Jump", "target": 5075}) : entry bridge with 208 ops
[p0, p1, p2, p3]
+408: p4 = getfield_gc_r(p2, descr=<FieldP rpyeffect.environment.Environment.inst_values_num 16>)
+416: i6 = getarrayitem_gc_i(p4, 0, descr=<ArrayS 8>)
+420: i8 = getarrayitem_gc_i(p4, 1, descr=<ArrayS 8>)
+424: i10 = getarrayitem_gc_i(p4, 2, descr=<ArrayS 8>)
+428: i12 = getarrayitem_gc_i(p4, 3, descr=<ArrayS 8>)
+432: i14 = getarrayitem_gc_i(p4, 4, descr=<ArrayS 8>)
+436: i16 = getarrayitem_gc_i(p4, 5, descr=<ArrayS 8>)
+440: i18 = getarrayitem_gc_i(p4, 6, descr=<ArrayS 8>)
+444: i20 = getarrayitem_gc_i(p4, 7, descr=<ArrayS 8>)
+448: i22 = getarrayitem_gc_i(p4, 8, descr=<ArrayS 8>)
+452: i24 = getarrayitem_gc_i(p4, 9, descr=<ArrayS 8>)
+456: i26 = getarrayitem_gc_i(p4, 10, descr=<ArrayS 8>)
+460: i28 = getarrayitem_gc_i(p4, 11, descr=<ArrayS 8>)
+464: i30 = getarrayitem_gc_i(p4, 12, descr=<ArrayS 8>)
+468: i32 = getarrayitem_gc_i(p4, 13, descr=<ArrayS 8>)
+472: i34 = getarrayitem_gc_i(p4, 14, descr=<ArrayS 8>)
+480: i36 = getarrayitem_gc_i(p4, 15, descr=<ArrayS 8>)
+484: p37 = getfield_gc_r(p2, descr=<FieldP rpyeffect.environment.Environment.inst_values_ptr 24>)
+488: p39 = getarrayitem_gc_r(p37, 0, descr=<ArrayP 8>)
+496: p41 = getarrayitem_gc_r(p37, 1, descr=<ArrayP 8>)
+504: p43 = getarrayitem_gc_r(p37, 2, descr=<ArrayP 8>)
+512: p45 = getarrayitem_gc_r(p37, 3, descr=<ArrayP 8>)
+520: p47 = getarrayitem_gc_r(p37, 4, descr=<ArrayP 8>)
+528: p49 = getarrayitem_gc_r(p37, 5, descr=<ArrayP 8>)
+536: p51 = getarrayitem_gc_r(p37, 6, descr=<ArrayP 8>)
+544: p53 = getarrayitem_gc_r(p37, 7, descr=<ArrayP 8>)
+552: p55 = getarrayitem_gc_r(p37, 8, descr=<ArrayP 8>)
+560: p57 = getarrayitem_gc_r(p37, 9, descr=<ArrayP 8>)
+568: p59 = getarrayitem_gc_r(p37, 10, descr=<ArrayP 8>)
+576: p61 = getarrayitem_gc_r(p37, 11, descr=<ArrayP 8>)
+584: p63 = getarrayitem_gc_r(p37, 12, descr=<ArrayP 8>)
+592: p65 = getarrayitem_gc_r(p37, 13, descr=<ArrayP 8>)
+600: p67 = getarrayitem_gc_r(p37, 14, descr=<ArrayP 8>)
+608: p69 = getarrayitem_gc_r(p37, 15, descr=<ArrayP 8>)
debug_merge_point(0, 0, '5090<main.rpyeffect:93([k@[#283]#288])>+4: {"op": "Jump". "target": 5075}')
+612: guard_not_invalidated(descr=<Guard0x138749048>) [p2, i6, i8, i10, i12, i14, i16, i18, i20, i22, i24, i26, i28, i30, i32, i34, i36, p39, p41, p43, p45, p47, p49, p51, p53, p55, p57, p59, p61, p63, p65, p67, p69, p0, p1, p3]
+616: guard_nonnull(p1, descr=<Guard0x1387392e0>) [p2, i6, i8, i10, i12, i14, i16, i18, i20, i22, i24, i26, i28, i30, i32, i34, i36, p39, p41, p43, p45, p47, p49, p51, p53, p55, p57, p59, p61, p63, p65, p67, p69, p0, p1, p3]
+628: i70 = getfield_gc_i(p1, descr=<FieldS rpyeffect.stored_environment.Stack__arb_arb.inst_target 16 pure>)
+644: guard_value(i70, 5089, descr=<Guard0x138739320>) [p2, i6, i8, i10, i12, i14, i16, i18, i20, i22, i24, i26, i28, i30, i32, i34, i36, p39, p41, p43, p45, p47, p49, p51, p53, p55, p57, p59, p61, p63, p65, p67, p69, p0, p1, p3]
debug_merge_point(0, 0, '5075<main.rpyeffect:78([mcore:[#157]#276])>+0: {"op": "Const". "type": "ptr". "out": 0. "format": "string". "value": "Name(import$std/core/hnd)"}')
debug_merge_point(0, 0, '5075<main.rpyeffect:78([mcore:[#157]#276])>+1: {"op": "PrimOp". "name": "getGlobal(String): Ptr". "out": {"num": []. "ptr": [0]}. "in": {"num": []. "ptr": [0]}}')
debug_merge_point(0, 0, '5075<main.rpyeffect:78([mcore:[#157]#276])>+2: {"op": "CallLib". "lib": "0". "symbol": "getCurrentEvv"}')
debug_merge_point(0, 0, '301<std_core_hnd.rpyeffect:0(Name(getCurrentEvv))>+0: {"op": "Const". "type": "ptr". "out": 0. "format": "string". "value": "current-evv"}')
debug_merge_point(0, 0, '301<std_core_hnd.rpyeffect:0(Name(getCurrentEvv))>+1: {"op": "PrimOp". "name": "getGlobal(String): Ptr". "out": {"num": []. "ptr": [0]}. "in": {"num": []. "ptr": [0]}}')
debug_merge_point(0, 0, '301<std_core_hnd.rpyeffect:0(Name(getCurrentEvv))>+2: {"op": "PrimOp". "name": "getRef(Ref[Ptr]): Ptr". "out": {"num": []. "ptr": [0]}. "in": {"num": []. "ptr": [0]}}')
+664: p73 = getfield_gc_r(ConstPtr(ptr72), descr=<FieldP rpyeffect.region.PtrRef.inst_value 8>)
debug_merge_point(0, 0, '301<std_core_hnd.rpyeffect:0(Name(getCurrentEvv))>+3: {"op": "Return". "args": {"num": []. "ptr": [0]}}')
+668: i74 = getfield_gc_i(p1, descr=<FieldS rpyeffect.stored_environment.Stack__2_1.inst_values_num_0 40 pure>)
+672: i75 = getfield_gc_i(p1, descr=<FieldS rpyeffect.stored_environment.Stack__2_1.inst_values_num_1 48 pure>)
+680: p76 = getfield_gc_r(p1, descr=<FieldP rpyeffect.stored_environment.Stack__2_1.inst_values_ptr_0 56 pure>)
+688: p77 = getfield_gc_r(p1, descr=<FieldP rpyeffect.stored_environment.Stack__arb_arb.inst_tail 8 pure>)
debug_merge_point(0, 0, '5089<main.rpyeffect:92([k@[k@[#283]#288]#294])>+0: {"op": "PrimOp". "name": "promote_ptr". "out": {"num": []. "ptr": [0]}. "in": {"num": []. "ptr": [0]}}')
+704: i79 = ptr_eq(ConstPtr(ptr78), p73)
guard_true(i79, descr=<Guard0x138739360>) [p2, i6, i8, i10, i12, i14, i16, i18, i20, i22, i24, i26, i28, i30, i32, i34, i36, p39, p41, p43, p45, p47, p49, p51, p53, p55, p57, p59, p61, p63, p65, p67, p69, p0, p1, p3]
+712: guard_value(p73, ConstPtr(ptr80), descr=<Guard0x1387393a0>) [p2, i6, i8, i10, i12, i14, i16, i18, i20, i22, i24, i26, i28, i30, i32, i34, i36, p39, p41, p43, p45, p47, p49, p51, p53, p55, p57, p59, p61, p63, p65, p67, p69, p0, p1, p3]
debug_merge_point(0, 0, '5089<main.rpyeffect:92([k@[k@[#283]#288]#294])>+1: {"op": "Const". "type": "ptr". "out": 2. "format": "string". "value": "Name(import$std/core/hnd)"}')
debug_merge_point(0, 0, '5089<main.rpyeffect:92([k@[k@[#283]#288]#294])>+2: {"op": "PrimOp". "name": "getGlobal(String): Ptr". "out": {"num": []. "ptr": [2]}. "in": {"num": []. "ptr": [2]}}')
debug_merge_point(0, 0, '5089<main.rpyeffect:92([k@[k@[#283]#288]#294])>+3: {"op": "Push". "target": 5088. "args": {"num": [0]. "ptr": [1]}}')
debug_merge_point(0, 0, '5089<main.rpyeffect:92([k@[k@[#283]#288]#294])>+4: {"op": "Copy". "type": "num". "from": 1. "to". 0}')
debug_merge_point(0, 0, '5089<main.rpyeffect:92([k@[k@[#283]#288]#294])>+5: {"op": "Copy". "type": "ptr". "from": 2. "to". 1}')
debug_merge_point(0, 0, '5089<main.rpyeffect:92([k@[k@[#283]#288]#294])>+6: {"op": "Jump". "target": 5074}')
debug_merge_point(0, 0, '5074<main.rpyeffect:77([mcore:[#156]#270])>+0: {"op": "Const". "type": "ptr". "out": 1. "format": "string". "value": "Name(import$std/core/hnd)"}')
debug_merge_point(0, 0, '5074<main.rpyeffect:77([mcore:[#156]#270])>+1: {"op": "PrimOp". "name": "getGlobal(String): Ptr". "out": {"num": []. "ptr": [1]}. "in": {"num": []. "ptr": [1]}}')
debug_merge_point(0, 0, '5074<main.rpyeffect:77([mcore:[#156]#270])>+2: {"op": "CallLib". "lib": "1". "symbol": "elt"}')
debug_merge_point(0, 0, '331<std_core_hnd.rpyeffect:30(Name(elt))>+0: {"op": "Switch". "scrutinee": 0. "values": [0]. "targets": [329]. "default": 330}')
+720: i82 = int_eq(i75, 0)
guard_true(i82, descr=<Guard0x1387393e0>) [p2, i6, i8, i10, i12, i14, i16, i18, i20, i22, i24, i26, i28, i30, i32, i34, i36, p39, p41, p43, p45, p47, p49, p51, p53, p55, p57, p59, p61, p63, p65, p67, p69, p0, p1, p3]
debug_merge_point(0, 0, '329<std_core_hnd.rpyeffect:28([switch case for 0#86])>+0: {"op": "Proj". "out": 0. "type": Interned(evv). "scrutinee": 0. "tag": Interned(cons). "field": 0. "field_type": "ptr"}')
+728: p84 = getfield_gc_r(ConstPtr(ptr83), descr=<FieldP rpyeffect.stored_environment.Data__arb_arb.inst_tag 8>)
+736: guard_value(p84, ConstPtr(ptr85), descr=<Guard0x138739420>) [p2, i6, i8, i10, i12, i14, i16, i18, i20, i22, i24, i26, i28, i30, i32, i34, i36, p39, p41, p43, p45, p47, p49, p51, p53, p55, p57, p59, p61, p63, p65, p67, p69, p0, p1, p3]
debug_merge_point(0, 0, '329<std_core_hnd.rpyeffect:28([switch case for 0#86])>+1: {"op": "Return". "args": {"num": []. "ptr": [0]}}')
debug_merge_point(0, 0, '5088<main.rpyeffect:91([k@[k@[k@[#283]#288]#294]#302])>+0: {"op": "Push". "target": 5078. "args": {"num": []. "ptr": [1]}}')
debug_merge_point(0, 0, '5088<main.rpyeffect:91([k@[k@[k@[#283]#288]#294]#302])>+1: {"op": "Match". "type": Interned(std/core/hnd/ev). "scrutinee": 0. "clauses": [{"tag": Interned(std/core/hnd/Ev). "target": 5087. "args": {"num": []. "ptr": [1. 2. 3. 4]}}]. "default": {"tag": Interned(43da0bd9-ad03-419d-9ddf-5e0d1cd20a3b#[Missing Tag#905]). "target": 5079. "args": {"num": []. "ptr": []}}}')
+748: p87 = getfield_gc_r(ConstPtr(ptr86), descr=<FieldP rpyeffect.stored_environment.Data__arb_arb.inst_tag 8>)
+756: guard_value(p87, ConstPtr(ptr88), descr=<Guard0x138739460>) [p2, i6, i8, i10, i12, i14, i16, i18, i20, i22, i24, i26, i28, i30, i32, i34, i36, p39, p41, p43, p45, p47, p49, p51, p53, p55, p57, p59, p61, p63, p65, p67, p69, p0, p1, p3]
debug_merge_point(0, 0, '5087<main.rpyeffect:90([#312])>+0: {"op": "Copy". "type": "ptr". "from": 0. "to". 1}')
debug_merge_point(0, 0, '5087<main.rpyeffect:90([#312])>+1: {"op": "Copy". "type": "ptr". "from": 2. "to". 0}')
debug_merge_point(0, 0, '5087<main.rpyeffect:90([#312])>+2: {"op": "Match". "type": Interned(main/yield). "scrutinee": 3. "clauses": [{"tag": Interned(main/@Hnd-yield). "target": 5086. "args": {"num": [1]. "ptr": [2]}}]. "default": {"tag": Interned(43da0bd9-ad03-419d-9ddf-5e0d1cd20a3b#[Missing Tag#904]). "target": 5081. "args": {"num": []. "ptr": []}}}')
+768: p90 = getfield_gc_r(ConstPtr(ptr89), descr=<FieldP rpyeffect.stored_environment.Data__arb_arb.inst_tag 8>)
+776: guard_value(p90, ConstPtr(ptr91), descr=<Guard0x1387394a0>) [p2, i6, i8, i10, i12, i14, i16, i18, i20, i22, i24, i26, i28, i30, i32, i34, i36, p39, p41, p43, p45, p47, p49, p51, p53, p55, p57, p59, p61, p63, p65, p67, p69, p0, p1, p3]
debug_merge_point(0, 0, '5086<main.rpyeffect:89([match_main/@Hnd-yield@[#312]#317])>+0: {"op": "Match". "type": Interned(std/core/hnd/clause1). "scrutinee": 2. "clauses": [{"tag": Interned(std/core/hnd/Clause1). "target": 5085. "args": {"num": []. "ptr": [2]}}]. "default": {"tag": Interned(43da0bd9-ad03-419d-9ddf-5e0d1cd20a3b#[Missing Tag#903]). "target": 5083. "args": {"num": []. "ptr": []}}}')
+788: p93 = getfield_gc_r(ConstPtr(ptr92), descr=<FieldP rpyeffect.stored_environment.Data__arb_arb.inst_tag 8>)
+796: guard_value(p93, ConstPtr(ptr94), descr=<Guard0x1387394e0>) [p2, i6, i8, i10, i12, i14, i16, i18, i20, i22, i24, i26, i28, i30, i32, i34, i36, p39, p41, p43, p45, p47, p49, p51, p53, p55, p57, p59, p61, p63, p65, p67, p69, p0, p1, p3]
debug_merge_point(0, 0, '5085<main.rpyeffect:88([#322])>+0: {"op": "PrimOp". "name": "box(Num): Ptr". "out": {"num": []. "ptr": [3]}. "in": {"num": [0]. "ptr": []}}')
debug_merge_point(0, 0, '5085<main.rpyeffect:88([#322])>+1: {"op": "Push". "target": 5084. "args": {"num": []. "ptr": []}}')
debug_merge_point(0, 0, '5085<main.rpyeffect:88([#322])>+2: {"op": "Swap". "type": "ptr". "a": 2. "b". 3}')
debug_merge_point(0, 0, '5085<main.rpyeffect:88([#322])>+3: {"op": "Invoke". "receiver": 3. "tag": Interned(%apply(ppp):p). "args" : {"num": []. "ptr": [0. 1. 2]}}')
debug_merge_point(0, 0, '5139<main.rpyeffect:142([method_%apply(ppp):p@[mcore:[#226]#486]#510])>+0: {"op": "Const". "type": "ptr". "out": 3. "format": "string". "value": "Name(import$std/core/hnd)"}')
debug_merge_point(0, 0, '5139<main.rpyeffect:142([method_%apply(ppp):p@[mcore:[#226]#486]#510])>+1: {"op": "PrimOp". "name": "getGlobal(String): Ptr". "out": {"num": []. "ptr": [3]}. "in": {"num": []. "ptr": [3]}}')
debug_merge_point(0, 0, '5139<main.rpyeffect:142([method_%apply(ppp):p@[mcore:[#226]#486]#510])>+2: {"op": "PrimOp". "name": "unbox(Ptr): Num". "out": {"num": [0]. "ptr": []}. "in": {"num": []. "ptr": [2]}}')
debug_merge_point(0, 0, '5139<main.rpyeffect:142([method_%apply(ppp):p@[mcore:[#226]#486]#510])>+3: {"op": "Copy". "type": "ptr". "from": 3. "to". 2}')
debug_merge_point(0, 0, '5139<main.rpyeffect:142([method_%apply(ppp):p@[mcore:[#226]#486]#510])>+4: {"op": "Jump". "target": 5125}')
debug_merge_point(0, 0, '5125<main.rpyeffect:128([mcore:[#211]#420])>+0: {"op": "New". "out": 1. "targets": [5122. 5124]. "args": {"num": [0]. "ptr": []}}')
debug_merge_point(0, 0, '5125<main.rpyeffect:128([mcore:[#211]#420])>+1: {"op": "Const". "type": "ptr". "out": 2. "format": "string". "value": "Name(import$std/core/hnd)"}')
debug_merge_point(0, 0, '5125<main.rpyeffect:128([mcore:[#211]#420])>+2: {"op": "PrimOp". "name": "getGlobal(String): Ptr". "out": {"num": []. "ptr": [2]}. "in": {"num": []. "ptr": [2]}}')
debug_merge_point(0, 0, '5125<main.rpyeffect:128([mcore:[#211]#420])>+3: {"op": "Jump". "target": 5110}')
debug_merge_point(0, 0, '5110<main.rpyeffect:113([mcore:[#194]#376])>+0: {"op": "Const". "type": "ptr". "out": 2. "format": "string". "value": "Name(import$std/core/hnd)"}')
debug_merge_point(0, 0, '5110<main.rpyeffect:113([mcore:[#194]#376])>+1: {"op": "PrimOp". "name": "getGlobal(String): Ptr". "out": {"num": []. "ptr": [2]}. "in": {"num": []. "ptr": [2]}}')
debug_merge_point(0, 0, '5110<main.rpyeffect:113([mcore:[#194]#376])>+2: {"op": "CallLib". "lib": "2". "symbol": "std/core/hnd/yield-to"}')
debug_merge_point(0, 0, '1022<std_core_hnd.rpyeffect:721([mcore:[#893]#2108])>+0: {"op": "Push". "target": 1021. "args": {"num": []. "ptr": [1. 0]}}')
debug_merge_point(0, 0, '1022<std_core_hnd.rpyeffect:721([mcore:[#893]#2108])>+1: {"op": "Jump". "target": 509}')
debug_merge_point(0, 0, '509<std_core_hnd.rpyeffect:208([mcore:[#471]#472])>+0: {"op": "Jump". "target": 301}')
debug_merge_point(0, 0, '301<std_core_hnd.rpyeffect:0(Name(getCurrentEvv))>+0: {"op": "Const". "type": "ptr". "out": 0. "format": "string". "value": "current-evv"}')
debug_merge_point(0, 0, '301<std_core_hnd.rpyeffect:0(Name(getCurrentEvv))>+1: {"op": "PrimOp". "name": "getGlobal(String): Ptr". "out": {"num": []. "ptr": [0]}. "in": {"num": []. "ptr": [0]}}')
debug_merge_point(0, 0, '301<std_core_hnd.rpyeffect:0(Name(getCurrentEvv))>+2: {"op": "PrimOp". "name": "getRef(Ref[Ptr]): Ptr". "out": {"num": []. "ptr": [0]}. "in": {"num": []. "ptr": [0]}}')
debug_merge_point(0, 0, '301<std_core_hnd.rpyeffect:0(Name(getCurrentEvv))>+3: {"op": "Return". "args": {"num": []. "ptr": [0]}}')
debug_merge_point(0, 0, '1021<std_core_hnd.rpyeffect:720([k@[mcore:[#893]#2108]#2110])>+0: {"op": "Push". "target": 1020. "args": {"num": []. "ptr": [0]}}')
debug_merge_point(0, 0, '1021<std_core_hnd.rpyeffect:720([k@[mcore:[#893]#2108]#2110])>+1: {"op": "Copy". "type": "ptr". "from": 2. "to". 0}')
debug_merge_point(0, 0, '1021<std_core_hnd.rpyeffect:720([k@[mcore:[#893]#2108]#2110])>+2: {"op": "Jump". "target": 507}')
debug_merge_point(0, 0, '507<std_core_hnd.rpyeffect:206([mcore:[#470]#437])>+0: {"op": "Const". "type": "num". "out": 0. "value": 0}')
debug_merge_point(0, 0, '507<std_core_hnd.rpyeffect:206([mcore:[#470]#437])>+1: {"op": "ShiftDyn". "out": 0. "n": 0. "label": 0}')
+808: i96 = instance_ptr_eq(p0, ConstPtr(ptr95))
guard_true(i96, descr=<Guard0x138739520>) [p2, i6, i8, i10, i12, i14, i16, i18, i20, i22, i24, i26, i28, i30, i32, i34, i36, p39, p41, p43, p45, p47, p49, p51, p53, p55, p57, p59, p61, p63, p65, p67, p69, p0, p1, p3]
+820: guard_nonnull_class(p3, 4305759232, descr=<Guard0x1387490a0>) [p2, i6, i8, i10, i12, i14, i16, i18, i20, i22, i24, i26, i28, i30, i32, i34, i36, p39, p41, p43, p45, p47, p49, p51, p53, p55, p57, p59, p61, p63, p65, p67, p69, p0, p1, p3]
+848: p98 = getfield_gc_r(p3, descr=<FieldP rpyeffect.stack.MetaStackLike.inst_stack 8 pure>)
+852: p99 = getfield_gc_r(p3, descr=<FieldP rpyeffect.stack.MetaStack.inst_label 16 pure>)
+860: p100 = getfield_gc_r(p3, descr=<FieldP rpyeffect.stack.MetaStack.inst_tail 32 pure>)
+868: guard_nonnull(p98, descr=<Guard0x138739560>) [p2, i6, i8, i10, i12, i14, i16, i18, i20, i22, i24, i26, i28, i30, i32, i34, i36, p39, p41, p43, p45, p47, p49, p51, p53, p55, p57, p59, p61, p63, p65, p67, p69, p0, p1, p3]
+876: i101 = getfield_gc_i(p98, descr=<FieldS rpyeffect.stored_environment.Stack__arb_arb.inst_target 16 pure>)
+880: guard_value(i101, 5104, descr=<Guard0x1387395a0>) [p2, i6, i8, i10, i12, i14, i16, i18, i20, i22, i24, i26, i28, i30, i32, i34, i36, p39, p41, p43, p45, p47, p49, p51, p53, p55, p57, p59, p61, p63, p65, p67, p69, p0, p1, p3]
debug_merge_point(0, 0, '507<std_core_hnd.rpyeffect:206([mcore:[#470]#437])>+2: {"op": "New". "out": 0. "targets": [500. 502. 504. 506]. "args": {"num": []. "ptr": [0]}}')
debug_merge_point(0, 0, '507<std_core_hnd.rpyeffect:206([mcore:[#470]#437])>+3: {"op": "Invoke". "receiver": 1. "tag": Interned(%apply(p):p). "args" : {"num": []. "ptr": [0]}}')
debug_merge_point(0, 0, '5122<main.rpyeffect:125([method_%apply(p):p@[mcore:[#211]#420]#424])>+0: {"op": "Const". "type": "ptr". "out": 1. "format": "string". "value": "Name(import$std/core/hnd)"}')
debug_merge_point(0, 0, '5122<main.rpyeffect:125([method_%apply(p):p@[mcore:[#211]#420]#424])>+1: {"op": "PrimOp". "name": "getGlobal(String): Ptr". "out": {"num": []. "ptr": [1]}. "in": {"num": []. "ptr": [1]}}')
debug_merge_point(0, 0, '5122<main.rpyeffect:125([method_%apply(p):p@[mcore:[#211]#420]#424])>+2: {"op": "PrimOp". "name": "box(Num): Ptr". "out": {"num": []. "ptr": [2]}. "in": {"num": [0]. "ptr": []}}')
debug_merge_point(0, 0, '5122<main.rpyeffect:125([method_%apply(p):p@[mcore:[#211]#420]#424])>+3: {"op": "Jump". "target": 5120}')
debug_merge_point(0, 0, '5120<main.rpyeffect:123([mcore:[#209]#400])>+0: {"op": "New". "out": 1. "targets": [5117. 5119]. "args": {"num": []. "ptr": []}}')
debug_merge_point(0, 0, '5120<main.rpyeffect:123([mcore:[#209]#400])>+1: {"op": "Const". "type": "ptr". "out": 3. "format": "string". "value": "Name(import$std/core/hnd)"}')
debug_merge_point(0, 0, '5120<main.rpyeffect:123([mcore:[#209]#400])>+2: {"op": "PrimOp". "name": "getGlobal(String): Ptr". "out": {"num": []. "ptr": [3]}. "in": {"num": []. "ptr": [3]}}')
debug_merge_point(0, 0, '5120<main.rpyeffect:123([mcore:[#209]#400])>+3: {"op": "Swap". "type": "ptr". "a": 2. "b". 0}')
debug_merge_point(0, 0, '5120<main.rpyeffect:123([mcore:[#209]#400])>+4: {"op": "Jump". "target": 5111}')
debug_merge_point(0, 0, '5111<main.rpyeffect:114([mcore:[#197]#382])>+0: {"op": "Const". "type": "ptr". "out": 3. "format": "string". "value": "Name(import$std/core/hnd)"}')
debug_merge_point(0, 0, '5111<main.rpyeffect:114([mcore:[#197]#382])>+1: {"op": "PrimOp". "name": "getGlobal(String): Ptr". "out": {"num": []. "ptr": [3]}. "in": {"num": []. "ptr": [3]}}')
debug_merge_point(0, 0, '5111<main.rpyeffect:114([mcore:[#197]#382])>+2: {"op": "CallLib". "lib": "3". "symbol": "std/core/hnd/protect"}')
debug_merge_point(0, 0, '495<std_core_hnd.rpyeffect:194([mcore:[#466]#434])>+0: {"op": "Swap". "type": "ptr". "a": 1. "b". 2}')
debug_merge_point(0, 0, '495<std_core_hnd.rpyeffect:194([mcore:[#466]#434])>+1: {"op": "Invoke". "receiver": 2. "tag": Interned(%apply(pp):p). "args" : {"num": []. "ptr": [0. 1]}}')
debug_merge_point(0, 0, '5119<main.rpyeffect:122([method_%apply(pp):p@[mcore:[#209]#400]#409])>+0: {"op": "PrimOp". "name": "unbox(Ptr): Num". "out": {"num": [0]. "ptr": []}. "in": {"num": []. "ptr": [0]}}')
debug_merge_point(0, 0, '5119<main.rpyeffect:122([method_%apply(pp):p@[mcore:[#209]#400]#409])>+1: {"op": "Push". "target": 5118. "args": {"num": []. "ptr": []}}')
debug_merge_point(0, 0, '5119<main.rpyeffect:122([method_%apply(pp):p@[mcore:[#209]#400]#409])>+2: {"op": "Copy". "type": "ptr". "from": 1. "to". 0}')
debug_merge_point(0, 0, '5119<main.rpyeffect:122([method_%apply(pp):p@[mcore:[#209]#400]#409])>+3: {"op": "Jump". "target": 5115}')
debug_merge_point(0, 0, '5115<main.rpyeffect:118([mcore:[#206]#392])>+0: {"op": "New". "out": 0. "targets": [5114]. "args": {"num": []. "ptr": [0]}}')
debug_merge_point(0, 0, '5115<main.rpyeffect:118([mcore:[#206]#392])>+1: {"op": "Jump". "target": 5169}')
debug_merge_point(0, 0, '5169<main.rpyeffect:172([mcore:[#243]#150])>+0: {"op": "Construct". "out": 0. "type": Interned(main/generator). "tag": Interned(main/Thunk). "args": {"num": [0]. "ptr": [0]}}')
debug_merge_point(0, 0, '5169<main.rpyeffect:172([mcore:[#243]#150])>+1: {"op": "Return". "args": {"num": []. "ptr": [0]}}')
debug_merge_point(0, 0, '5118<main.rpyeffect:121([#414])>+0: {"op": "Return". "args": {"num": []. "ptr": [0]}}')
+896: i103 = getfield_gc_i(p98, descr=<FieldS rpyeffect.stored_environment.Stack__1_0.inst_values_num_0 40 pure>)
+900: p104 = getfield_gc_r(p98, descr=<FieldP rpyeffect.stored_environment.Stack__arb_arb.inst_tail 8 pure>)
+904: guard_nonnull(p104, descr=<Guard0x1387395e0>) [p2, i6, i8, i10, i12, i14, i16, i18, i20, i22, i24, i26, i28, i30, i32, i34, i36, p39, p41, p43, p45, p47, p49, p51, p53, p55, p57, p59, p61, p63, p65, p67, p69, p0, p1, p3]
+912: i105 = getfield_gc_i(p104, descr=<FieldS rpyeffect.stored_environment.Stack__arb_arb.inst_target 16 pure>)
+916: guard_value(i105, 5155, descr=<Guard0x138739620>) [p2, i6, i8, i10, i12, i14, i16, i18, i20, i22, i24, i26, i28, i30, i32, i34, i36, p39, p41, p43, p45, p47, p49, p51, p53, p55, p57, p59, p61, p63, p65, p67, p69, p0, p1, p3]
debug_merge_point(0, 0, '5104<main.rpyeffect:107([k@[#362]#365])>+0: {"op": "Jump". "target": 5108}')
debug_merge_point(0, 0, '5108<main.rpyeffect:111([mcore:[#186]#357])>+0: {"op": "Match". "type": Interned(main/generator). "scrutinee": 0. "clauses": [{"tag": Interned(main/Empty). "target": 5107. "args": {"num": []. "ptr": []}}]. "default": {"tag": Interned(43da0bd9-ad03-419d-9ddf-5e0d1cd20a3b#[Missing Tag#909]). "target": 5106. "args": {"num": []. "ptr": []}}}')
debug_merge_point(0, 0, '5106<main.rpyeffect:109([match_def@[mcore:[#186]#357]#358])>+0: {"op": "Match". "type": Interned(main/generator). "scrutinee": 0. "clauses": [{"tag": Interned(main/Thunk). "target": 5105. "args": {"num": [1]. "ptr": [0]}}]. "default": {"tag": Interned(43da0bd9-ad03-419d-9ddf-5e0d1cd20a3b#[Missing Tag#908]). "target": 5102. "args": {"num": []. "ptr": []}}}')
debug_merge_point(0, 0, '5105<main.rpyeffect:108([#362])>+0: {"op": "PrimOp". "name": "infixAdd(Int. Int): Int". "out": {"num": [0]. "ptr": []}. "in": {"num": [1. 0]. "ptr": []}}')
+932: i107 = int_add(i74, i103)
debug_merge_point(0, 0, '5105<main.rpyeffect:108([#362])>+1: {"op": "Push". "target": 5104. "args": {"num": [0]. "ptr": []}}')
debug_merge_point(0, 0, '5105<main.rpyeffect:108([#362])>+2: {"op": "Invoke". "receiver": 0. "tag": Interned(%apply():p). "args" : {"num": []. "ptr": []}}')
debug_merge_point(0, 0, '5114<main.rpyeffect:117([method_%apply():p@[mcore:[#206]#392]#395])>+0: {"op": "Jump". "target": 5112}')
debug_merge_point(0, 0, '5112<main.rpyeffect:115([mcore:[#204]#389])>+0: {"op": "Construct". "out": 1. "type": Interned(Unit). "tag": Interned(unit). "args": {"num": []. "ptr": []}}')
debug_merge_point(0, 0, '5112<main.rpyeffect:115([mcore:[#204]#389])>+1: {"op": "Swap". "type": "ptr". "a": 1. "b". 0}')
debug_merge_point(0, 0, '5112<main.rpyeffect:115([mcore:[#204]#389])>+2: {"op": "Invoke". "receiver": 1. "tag": Interned(%apply(p):p). "args" : {"num": []. "ptr": [0]}}')
debug_merge_point(0, 0, '500<std_core_hnd.rpyeffect:199([method_%apply(p):p@[mcore:[#470]#437]#445])>+0: {"op": "Jump". "target": 497}')
debug_merge_point(0, 0, '497<std_core_hnd.rpyeffect:196([mcore:[#469]#436])>+0: {"op": "PushStack". "arg": 1}')
debug_merge_point(0, 0, '497<std_core_hnd.rpyeffect:196([mcore:[#469]#436])>+1: {"op": "Return". "args": {"num": []. "ptr": [0]}}')
debug_merge_point(0, 0, '1020<std_core_hnd.rpyeffect:719([k@[k@[mcore:[#893]#2108]#2110]#2112])>+0: {"op": "Const". "type": "ptr". "out": 2. "format": "string". "value": "Name(import$std/core/hnd)"}')
debug_merge_point(0, 0, '1020<std_core_hnd.rpyeffect:719([k@[k@[mcore:[#893]#2108]#2110]#2112])>+1: {"op": "PrimOp". "name": "getGlobal(String): Ptr". "out": {"num": []. "ptr": [2]}. "in": {"num": []. "ptr": [2]}}')
debug_merge_point(0, 0, '1020<std_core_hnd.rpyeffect:719([k@[k@[mcore:[#893]#2108]#2110]#2112])>+2: {"op": "Push". "target": 1019. "args": {"num": []. "ptr": [0]}}')
debug_merge_point(0, 0, '1020<std_core_hnd.rpyeffect:719([k@[k@[mcore:[#893]#2108]#2110]#2112])>+3: {"op": "Copy". "type": "ptr". "from": 1. "to". 0}')
debug_merge_point(0, 0, '1020<std_core_hnd.rpyeffect:719([k@[k@[mcore:[#893]#2108]#2110]#2112])>+4: {"op": "Copy". "type": "ptr". "from": 2. "to". 1}')
debug_merge_point(0, 0, '1020<std_core_hnd.rpyeffect:719([k@[k@[mcore:[#893]#2108]#2110]#2112])>+5: {"op": "Jump". "target": 1018}')
debug_merge_point(0, 0, '1018<std_core_hnd.rpyeffect:717([mcore:[#892]#2103])>+0: {"op": "Const". "type": "ptr". "out": 1. "format": "string". "value": "Name(import$std/core/hnd)"}')
debug_merge_point(0, 0, '1018<std_core_hnd.rpyeffect:717([mcore:[#892]#2103])>+1: {"op": "PrimOp". "name": "getGlobal(String): Ptr". "out": {"num": []. "ptr": [1]}. "in": {"num": []. "ptr": [1]}}')
debug_merge_point(0, 0, '1018<std_core_hnd.rpyeffect:717([mcore:[#892]#2103])>+2: {"op": "CallLib". "lib": "1". "symbol": "setCurrentEvv"}')
debug_merge_point(0, 0, '302<std_core_hnd.rpyeffect:1(Name(setCurrentEvv))>+0: {"op": "Const". "type": "ptr". "out": 1. "format": "string". "value": "current-evv"}')
debug_merge_point(0, 0, '302<std_core_hnd.rpyeffect:1(Name(setCurrentEvv))>+1: {"op": "PrimOp". "name": "getGlobal(String): Ptr". "out": {"num": []. "ptr": [1]}. "in": {"num": []. "ptr": [1]}}')
debug_merge_point(0, 0, '302<std_core_hnd.rpyeffect:1(Name(setCurrentEvv))>+2: {"op": "PrimOp". "name": "setRef(Ref[Ptr]. Ptr): Unit". "out": {"num": []. "ptr": [0]}. "in": {"num": []. "ptr": [1. 0]}}')
debug_merge_point(0, 0, '302<std_core_hnd.rpyeffect:1(Name(setCurrentEvv))>+3: {"op": "Return". "args": {"num": []. "ptr": [0]}}')
debug_merge_point(0, 0, '1019<std_core_hnd.rpyeffect:718([k@[k@[k@[mcore:[#893]#2108]#2110]#2112]#2117])>+0: {"op": "Copy". "type": "ptr". "from": 1. "to". 0}')
debug_merge_point(0, 0, '1019<std_core_hnd.rpyeffect:718([k@[k@[k@[mcore:[#893]#2108]#2110]#2112]#2117])>+1: {"op": "Return". "args": {"num": []. "ptr": [0]}}')
debug_merge_point(0, 0, '5084<main.rpyeffect:87([k@[#322]#327])>+0: {"op": "Return". "args": {"num": []. "ptr": [0]}}')
+936: guard_nonnull(p77, descr=<Guard0x138739660>) [p2, i6, i8, i10, i12, i14, i16, i18, i20, i22, i24, i26, i28, i30, i32, i34, i36, p39, p41, p43, p45, p47, p49, p51, p53, p55, p57, p59, p61, p63, p65, p67, p69, p0, p1, p3]
+944: i108 = getfield_gc_i(p77, descr=<FieldS rpyeffect.stored_environment.Stack__arb_arb.inst_target 16 pure>)
+948: guard_value(i108, 5090, descr=<Guard0x1387396a0>) [p2, i6, i8, i10, i12, i14, i16, i18, i20, i22, i24, i26, i28, i30, i32, i34, i36, p39, p41, p43, p45, p47, p49, p51, p53, p55, p57, p59, p61, p63, p65, p67, p69, p0, p1, p3]
debug_merge_point(0, 0, '5078<main.rpyeffect:81([k@[k@[k@[k@[#283]#288]#294]#302]#304])>+0: {"op": "Const". "type": "ptr". "out": 0. "format": "string". "value": "Name(import$std/core/hnd)"}')
debug_merge_point(0, 0, '5078<main.rpyeffect:81([k@[k@[k@[k@[#283]#288]#294]#302]#304])>+1: {"op": "PrimOp". "name": "getGlobal(String): Ptr". "out": {"num": []. "ptr": [0]}. "in": {"num": []. "ptr": [0]}}')
debug_merge_point(0, 0, '5078<main.rpyeffect:81([k@[k@[k@[k@[#283]#288]#294]#302]#304])>+2: {"op": "Swap". "type": "ptr". "a": 1. "b". 0}')
debug_merge_point(0, 0, '5078<main.rpyeffect:81([k@[k@[k@[k@[#283]#288]#294]#302]#304])>+3: {"op": "Jump". "target": 5094}')
debug_merge_point(0, 0, '5094<main.rpyeffect:97([mcore:[#168]#280])>+0: {"op": "Match". "type": Interned(main/tree). "scrutinee": 0. "clauses": [{"tag": Interned(main/Leaf). "target": 5093. "args": {"num": []. "ptr": []}}]. "default": {"tag": Interned(43da0bd9-ad03-419d-9ddf-5e0d1cd20a3b#[Missing Tag#907]). "target": 5092. "args": {"num": []. "ptr": []}}}')
+960: p110 = getfield_gc_r(p76, descr=<FieldP rpyeffect.stored_environment.Data__arb_arb.inst_tag 8>)
+968: guard_value(p110, ConstPtr(ptr111), descr=<Guard0x1387396e0>) [p2, i6, i8, i10, i12, i14, i16, i18, i20, i22, i24, i26, i28, i30, i32, i34, i36, p39, p41, p43, p45, p47, p49, p51, p53, p55, p57, p59, p61, p63, p65, p67, p69, p0, p1, p3]
debug_merge_point(0, 0, '5092<main.rpyeffect:95([match_def@[mcore:[#168]#280]#281])>+0: {"op": "Match". "type": Interned(main/tree). "scrutinee": 0. "clauses": [{"tag": Interned(main/Node). "target": 5091. "args": {"num": [0]. "ptr": [0. 1]}}]. "default": {"tag": Interned(43da0bd9-ad03-419d-9ddf-5e0d1cd20a3b#[Missing Tag#906]). "target": 5076. "args": {"num": []. "ptr": []}}}')
+976: i112 = getfield_gc_i(p76, descr=<FieldS rpyeffect.stored_environment.Data__1_2.inst_values_num_0 32 pure>)
+980: p113 = getfield_gc_r(p76, descr=<FieldP rpyeffect.stored_environment.Data__1_2.inst_values_ptr_0 40 pure>)
+984: p114 = getfield_gc_r(p76, descr=<FieldP rpyeffect.stored_environment.Data__1_2.inst_values_ptr_1 48 pure>)
debug_merge_point(0, 0, '5091<main.rpyeffect:94([#283])>+0: {"op": "Const". "type": "ptr". "out": 2. "format": "string". "value": "Name(import$std/core/hnd)"}')
debug_merge_point(0, 0, '5091<main.rpyeffect:94([#283])>+1: {"op": "PrimOp". "name": "getGlobal(String): Ptr". "out": {"num": []. "ptr": [2]}. "in": {"num": []. "ptr": [2]}}')
debug_merge_point(0, 0, '5091<main.rpyeffect:94([#283])>+2: {"op": "Push". "target": 5090. "args": {"num": [0]. "ptr": [1]}}')
debug_merge_point(0, 0, '5091<main.rpyeffect:94([#283])>+3: {"op": "Copy". "type": "ptr". "from": 2. "to". 1}')
+988: p115 = new_with_vtable(descr=<SizeDescr 40>)
+1100: p116 = new_with_vtable(descr=<SizeDescr 48>)
+1112: setfield_gc(p116, p104, descr=<FieldP rpyeffect.stored_environment.Stack__arb_arb.inst_tail 8 pure>)
+1116: setfield_gc(p116, 5104, descr=<FieldS rpyeffect.stored_environment.Stack__arb_arb.inst_target 16 pure>)
+1124: setfield_gc(p116, i107, descr=<FieldS rpyeffect.stored_environment.Stack__1_0.inst_values_num_0 40 pure>)
+1128: setfield_gc(p115, p116, descr=<FieldP rpyeffect.stack.MetaStackLike.inst_stack 8 pure>)
+1132: setfield_gc(p115, p99, descr=<FieldP rpyeffect.stack.MetaStack.inst_label 16 pure>)
+1136: setfield_gc(p115, p100, descr=<FieldP rpyeffect.stack.MetaStack.inst_tail 32 pure>)
+1144: setfield_gc(p115, ConstPtr(null), descr=<FieldP rpyeffect.stack.MetaStack.inst_region 24 pure>)
+1176: jump(p0, p77, i112, p114, p2, p115, i74, i10, i12, i14, i16, i18, i20, i22, i24, i26, i28, i30, i32, i34, i36, p113, ConstPtr(ptr119), ConstPtr(ptr120), p49, p51, p53, p55, p57, p59, p61, p63, p65, p67, p69, descr=TargetToken(4970202880))
+1484: --end of the loop--
[7d1b67a] jit-log-opt-loop}
[7d91461] {jit-log-opt-bridge
# bridge out of Guard 0x1283dfc60 with 15 ops
[p0, i1, i2, i3, i4, i5, i6, i7, i8, i9, i10, i11, i12, i13, i14, i15, i16, p17, p18, p19, p20, p21, p22, p23, p24, p25, p26, p27, p28, p29, p30, p31, p32, p33, p34, p35]
+120: guard_not_invalidated(descr=<Guard0x13875a860>) [p0, i1, i2, i3, i4, i5, i6, i7, i8, i9, i10, i11, i12, i13, i14, i15, i16, p17, p18, p19, p20, p21, p22, p23, p24, p25, p26, p27, p28, p29, p30, p31, p32, p33, p34, p35]
debug_merge_point(0, 0, '5093<main.rpyeffect:96([match_main/Leaf@[mcore:[#168]#280]#329])>+1: {"op": "Return". "args": {"num": []. "ptr": [0]}}')
+124: guard_nonnull(p34, descr=<Guard0x13875c6a0>) [p0, i1, i2, i3, i4, i5, i6, i7, i8, i9, i10, i11, i12, i13, i14, i15, i16, p17, p18, p19, p20, p21, p22, p23, p24, p25, p26, p27, p28, p29, p30, p31, p32, p33, p34, p35]
+132: i36 = getfield_gc_i(p34, descr=<FieldS rpyeffect.stored_environment.Stack__arb_arb.inst_target 16 pure>)
+136: guard_value(i36, 5090, descr=<Guard0x13875c6e0>) [p0, i1, i2, i3, i4, i5, i6, i7, i8, i9, i10, i11, i12, i13, i14, i15, i16, p17, p18, p19, p20, p21, p22, p23, p24, p25, p26, p27, p28, p29, p30, p31, p32, p33, p34, p35]
+148: i38 = getfield_gc_i(p34, descr=<FieldS rpyeffect.stored_environment.Stack__1_1.inst_values_num_0 40 pure>)
+152: p39 = getfield_gc_r(p34, descr=<FieldP rpyeffect.stored_environment.Stack__1_1.inst_values_ptr_0 48 pure>)
+156: p40 = getfield_gc_r(p34, descr=<FieldP rpyeffect.stored_environment.Stack__arb_arb.inst_tail 8 pure>)
+160: guard_nonnull(p40, descr=<Guard0x13875c720>) [p0, i1, i2, i3, i4, i5, i6, i7, i8, i9, i10, i11, i12, i13, i14, i15, i16, p17, p18, p19, p20, p21, p22, p23, p24, p25, p26, p27, p28, p29, p30, p31, p32, p33, p34, p35]
+168: i41 = getfield_gc_i(p40, descr=<FieldS rpyeffect.stored_environment.Stack__arb_arb.inst_target 16 pure>)
+172: guard_value(i41, 5090, descr=<Guard0x13875c760>) [p0, i1, i2, i3, i4, i5, i6, i7, i8, i9, i10, i11, i12, i13, i14, i15, i16, p17, p18, p19, p20, p21, p22, p23, p24, p25, p26, p27, p28, p29, p30, p31, p32, p33, p34, p35]
debug_merge_point(0, 0, '5090<main.rpyeffect:93([k@[#283]#288])>+0: {"op": "Const". "type": "num". "out": 1. "value": 0}')
+184: p43 = new_with_vtable(descr=<SizeDescr 32>)
+292: setfield_gc(p43, ConstPtr(ptr44), descr=<FieldP rpyeffect.stored_environment.Data__arb_arb.inst_tag 8>)
+312: jump(p33, p40, p0, p35, i38, i2, i3, i4, i5, i6, i7, i8, i9, i10, i11, i12, i13, i14, i15, i16, p43, p39, p19, p20, p21, p22, p23, p24, p25, p26, p27, p28, p29, p30, p31, p32, descr=TargetToken(4970344464))
+500: --end of the loop--
[7d95b2e] jit-log-opt-bridge}
[7dbad95] {jit-log-opt-bridge
# bridge out of Guard 0x1283debe0 with 14 ops
[p0, i1, i2, i3, i4, i5, i6, i7, i8, i9, i10, i11, i12, i13, i14, i15, i16, p17, p18, p19, p20, p21, p22, p23, p24, p25, p26, p27, p28, p29, p30, p31, p32, p33, p34]
+136: guard_not_invalidated(descr=<Guard0x13875a8b8>) [p0, i1, i2, i3, i4, i5, i6, i7, i8, i9, i10, i11, i12, i13, i14, i15, i16, p17, p18, p19, p20, p21, p22, p23, p24, p25, p26, p27, p28, p29, p30, p31, p32, p33, p34]
debug_merge_point(0, 0, '5091<main.rpyeffect:94([#283])>+4: {"op": "Jump". "target": 5094}')
debug_merge_point(0, 0, '5094<main.rpyeffect:97([mcore:[#168]#280])>+0: {"op": "Match". "type": Interned(main/tree). "scrutinee": 0. "clauses": [{"tag": Interned(main/Leaf). "target": 5093. "args": {"num": []. "ptr": []}}]. "default": {"tag": Interned(43da0bd9-ad03-419d-9ddf-5e0d1cd20a3b#[Missing Tag#907]). "target": 5092. "args": {"num": []. "ptr": []}}}')
+140: p35 = getfield_gc_r(p17, descr=<FieldP rpyeffect.stored_environment.Data__arb_arb.inst_tag 8>)
+148: guard_value(p35, ConstPtr(ptr36), descr=<Guard0x13875c820>) [p0, i1, i2, i3, i4, i5, i6, i7, i8, i9, i10, i11, i12, i13, i14, i15, i16, p17, p18, p19, p20, p21, p22, p23, p24, p25, p26, p27, p28, p29, p30, p31, p32, p33, p34]
debug_merge_point(0, 0, '5093<main.rpyeffect:96([match_main/Leaf@[mcore:[#168]#280]#329])>+0: {"op": "Construct". "out": 0. "type": Interned(Unit). "tag": Interned(unit). "args": {"num": []. "ptr": []}}')
debug_merge_point(0, 0, '5093<main.rpyeffect:96([match_main/Leaf@[mcore:[#168]#280]#329])>+1: {"op": "Return". "args": {"num": []. "ptr": [0]}}')
+156: guard_nonnull(p34, descr=<Guard0x13875c860>) [p0, i1, i2, i3, i4, i5, i6, i7, i8, i9, i10, i11, i12, i13, i14, i15, i16, p17, p18, p19, p20, p21, p22, p23, p24, p25, p26, p27, p28, p29, p30, p31, p32, p33, p34]
+164: i37 = getfield_gc_i(p34, descr=<FieldS rpyeffect.stored_environment.Stack__arb_arb.inst_target 16 pure>)
+168: guard_value(i37, 5090, descr=<Guard0x13875c8a0>) [p0, i1, i2, i3, i4, i5, i6, i7, i8, i9, i10, i11, i12, i13, i14, i15, i16, p17, p18, p19, p20, p21, p22, p23, p24, p25, p26, p27, p28, p29, p30, p31, p32, p33, p34]
debug_merge_point(0, 0, '5090<main.rpyeffect:93([k@[#283]#288])>+0: {"op": "Const". "type": "num". "out": 1. "value": 0}')
+180: p39 = new_with_vtable(descr=<SizeDescr 32>)
+292: setfield_gc(p39, ConstPtr(ptr40), descr=<FieldP rpyeffect.stored_environment.Data__arb_arb.inst_tag 8>)
+316: jump(p32, p34, p0, p33, i1, i2, i3, i4, i5, i6, i7, i8, i9, i10, i11, i12, i13, i14, i15, i16, p39, p18, ConstPtr(ptr41), p19, p20, p21, p22, p23, p24, p25, p26, p27, p28, p29, p30, p31, descr=TargetToken(4970344464))
+640: --end of the loop--
[7dbeffd] jit-log-opt-bridge}
[7f00c6d] {jit-log-opt-bridge
# bridge out of Guard 0x138738520 with 159 ops
[p0, i1, i2, i3, i4, i5, i6, i7, i8, i9, i10, i11, i12, i13, i14, i15, i16, p17, p18, p19, p20, p21, p22, p23, p24, p25, p26, p27, p28, p29, p30, i31, p32, p33, p34]
+280: guard_not_invalidated(descr=<Guard0x138766f40>) [p0, i1, i2, i3, i4, i5, i6, i7, i8, i9, i10, i11, i12, i13, i14, i15, i16, p17, p18, p19, p20, p21, p22, p23, p24, p25, p26, p27, p28, p29, p30, i31, p32, p33, p34]
debug_merge_point(0, 0, '5090<main.rpyeffect:93([k@[#283]#288])>+1: {"op": "Const". "type": "ptr". "out": 0. "format": "string". "value": "Name(import$std/core/hnd)"}')
debug_merge_point(0, 0, '5090<main.rpyeffect:93([k@[#283]#288])>+2: {"op": "PrimOp". "name": "getGlobal(String): Ptr". "out": {"num": []. "ptr": [0]}. "in": {"num": []. "ptr": [0]}}')
debug_merge_point(0, 0, '5090<main.rpyeffect:93([k@[#283]#288])>+3: {"op": "Push". "target": 5089. "args": {"num": [0. 1]. "ptr": [1]}}')
debug_merge_point(0, 0, '5090<main.rpyeffect:93([k@[#283]#288])>+4: {"op": "Jump". "target": 5075}')
debug_merge_point(0, 0, '5075<main.rpyeffect:78([mcore:[#157]#276])>+0: {"op": "Const". "type": "ptr". "out": 0. "format": "string". "value": "Name(import$std/core/hnd)"}')
debug_merge_point(0, 0, '5075<main.rpyeffect:78([mcore:[#157]#276])>+1: {"op": "PrimOp". "name": "getGlobal(String): Ptr". "out": {"num": []. "ptr": [0]}. "in": {"num": []. "ptr": [0]}}')
debug_merge_point(0, 0, '5075<main.rpyeffect:78([mcore:[#157]#276])>+2: {"op": "CallLib". "lib": "0". "symbol": "getCurrentEvv"}')
debug_merge_point(0, 0, '301<std_core_hnd.rpyeffect:0(Name(getCurrentEvv))>+0: {"op": "Const". "type": "ptr". "out": 0. "format": "string". "value": "current-evv"}')
debug_merge_point(0, 0, '301<std_core_hnd.rpyeffect:0(Name(getCurrentEvv))>+1: {"op": "PrimOp". "name": "getGlobal(String): Ptr". "out": {"num": []. "ptr": [0]}. "in": {"num": []. "ptr": [0]}}')
debug_merge_point(0, 0, '301<std_core_hnd.rpyeffect:0(Name(getCurrentEvv))>+2: {"op": "PrimOp". "name": "getRef(Ref[Ptr]): Ptr". "out": {"num": []. "ptr": [0]}. "in": {"num": []. "ptr": [0]}}')
+288: p36 = getfield_gc_r(ConstPtr(ptr35), descr=<FieldP rpyeffect.region.PtrRef.inst_value 8>)
debug_merge_point(0, 0, '301<std_core_hnd.rpyeffect:0(Name(getCurrentEvv))>+3: {"op": "Return". "args": {"num": []. "ptr": [0]}}')
debug_merge_point(0, 0, '5089<main.rpyeffect:92([k@[k@[#283]#288]#294])>+0: {"op": "PrimOp". "name": "promote_ptr". "out": {"num": []. "ptr": [0]}. "in": {"num": []. "ptr": [0]}}')
+296: i38 = ptr_eq(ConstPtr(ptr37), p36)
guard_true(i38, descr=<Guard0x13875d4e0>) [p0, i1, i2, i3, i4, i5, i6, i7, i8, i9, i10, i11, i12, i13, i14, i15, i16, p17, p18, p19, p20, p21, p22, p23, p24, p25, p26, p27, p28, p29, p30, i31, p32, p33, p34]
+304: guard_value(p36, ConstPtr(ptr39), descr=<Guard0x13875d520>) [p0, i1, i2, i3, i4, i5, i6, i7, i8, i9, i10, i11, i12, i13, i14, i15, i16, p17, p18, p19, p20, p21, p22, p23, p24, p25, p26, p27, p28, p29, p30, i31, p32, p33, p34]
debug_merge_point(0, 0, '5089<main.rpyeffect:92([k@[k@[#283]#288]#294])>+1: {"op": "Const". "type": "ptr". "out": 2. "format": "string". "value": "Name(import$std/core/hnd)"}')
debug_merge_point(0, 0, '5089<main.rpyeffect:92([k@[k@[#283]#288]#294])>+2: {"op": "PrimOp". "name": "getGlobal(String): Ptr". "out": {"num": []. "ptr": [2]}. "in": {"num": []. "ptr": [2]}}')
debug_merge_point(0, 0, '5089<main.rpyeffect:92([k@[k@[#283]#288]#294])>+3: {"op": "Push". "target": 5088. "args": {"num": [0]. "ptr": [1]}}')
debug_merge_point(0, 0, '5089<main.rpyeffect:92([k@[k@[#283]#288]#294])>+4: {"op": "Copy". "type": "num". "from": 1. "to". 0}')
debug_merge_point(0, 0, '5089<main.rpyeffect:92([k@[k@[#283]#288]#294])>+5: {"op": "Copy". "type": "ptr". "from": 2. "to". 1}')
debug_merge_point(0, 0, '5089<main.rpyeffect:92([k@[k@[#283]#288]#294])>+6: {"op": "Jump". "target": 5074}')
debug_merge_point(0, 0, '5074<main.rpyeffect:77([mcore:[#156]#270])>+0: {"op": "Const". "type": "ptr". "out": 1. "format": "string". "value": "Name(import$std/core/hnd)"}')
debug_merge_point(0, 0, '5074<main.rpyeffect:77([mcore:[#156]#270])>+1: {"op": "PrimOp". "name": "getGlobal(String): Ptr". "out": {"num": []. "ptr": [1]}. "in": {"num": []. "ptr": [1]}}')
debug_merge_point(0, 0, '5074<main.rpyeffect:77([mcore:[#156]#270])>+2: {"op": "CallLib". "lib": "1". "symbol": "elt"}')
debug_merge_point(0, 0, '331<std_core_hnd.rpyeffect:30(Name(elt))>+0: {"op": "Switch". "scrutinee": 0. "values": [0]. "targets": [329]. "default": 330}')
debug_merge_point(0, 0, '329<std_core_hnd.rpyeffect:28([switch case for 0#86])>+0: {"op": "Proj". "out": 0. "type": Interned(evv). "scrutinee": 0. "tag": Interned(cons). "field": 0. "field_type": "ptr"}')
+312: p41 = getfield_gc_r(ConstPtr(ptr40), descr=<FieldP rpyeffect.stored_environment.Data__arb_arb.inst_tag 8>)
+320: guard_value(p41, ConstPtr(ptr42), descr=<Guard0x13875d560>) [p0, i1, i2, i3, i4, i5, i6, i7, i8, i9, i10, i11, i12, i13, i14, i15, i16, p17, p18, p19, p20, p21, p22, p23, p24, p25, p26, p27, p28, p29, p30, i31, p32, p33, p34]
debug_merge_point(0, 0, '329<std_core_hnd.rpyeffect:28([switch case for 0#86])>+1: {"op": "Return". "args": {"num": []. "ptr": [0]}}')
debug_merge_point(0, 0, '5088<main.rpyeffect:91([k@[k@[k@[#283]#288]#294]#302])>+0: {"op": "Push". "target": 5078. "args": {"num": []. "ptr": [1]}}')
debug_merge_point(0, 0, '5088<main.rpyeffect:91([k@[k@[k@[#283]#288]#294]#302])>+1: {"op": "Match". "type": Interned(std/core/hnd/ev). "scrutinee": 0. "clauses": [{"tag": Interned(std/core/hnd/Ev). "target": 5087. "args": {"num": []. "ptr": [1. 2. 3. 4]}}]. "default": {"tag": Interned(43da0bd9-ad03-419d-9ddf-5e0d1cd20a3b#[Missing Tag#905]). "target": 5079. "args": {"num": []. "ptr": []}}}')
+332: p44 = getfield_gc_r(ConstPtr(ptr43), descr=<FieldP rpyeffect.stored_environment.Data__arb_arb.inst_tag 8>)
+340: guard_value(p44, ConstPtr(ptr45), descr=<Guard0x13875d5a0>) [p0, i1, i2, i3, i4, i5, i6, i7, i8, i9, i10, i11, i12, i13, i14, i15, i16, p17, p18, p19, p20, p21, p22, p23, p24, p25, p26, p27, p28, p29, p30, i31, p32, p33, p34]
debug_merge_point(0, 0, '5087<main.rpyeffect:90([#312])>+0: {"op": "Copy". "type": "ptr". "from": 0. "to". 1}')
debug_merge_point(0, 0, '5087<main.rpyeffect:90([#312])>+1: {"op": "Copy". "type": "ptr". "from": 2. "to". 0}')
debug_merge_point(0, 0, '5087<main.rpyeffect:90([#312])>+2: {"op": "Match". "type": Interned(main/yield). "scrutinee": 3. "clauses": [{"tag": Interned(main/@Hnd-yield). "target": 5086. "args": {"num": [1]. "ptr": [2]}}]. "default": {"tag": Interned(43da0bd9-ad03-419d-9ddf-5e0d1cd20a3b#[Missing Tag#904]). "target": 5081. "args": {"num": []. "ptr": []}}}')
+352: p47 = getfield_gc_r(ConstPtr(ptr46), descr=<FieldP rpyeffect.stored_environment.Data__arb_arb.inst_tag 8>)
+360: guard_value(p47, ConstPtr(ptr48), descr=<Guard0x13875d5e0>) [p0, i1, i2, i3, i4, i5, i6, i7, i8, i9, i10, i11, i12, i13, i14, i15, i16, p17, p18, p19, p20, p21, p22, p23, p24, p25, p26, p27, p28, p29, p30, i31, p32, p33, p34]
debug_merge_point(0, 0, '5086<main.rpyeffect:89([match_main/@Hnd-yield@[#312]#317])>+0: {"op": "Match". "type": Interned(std/core/hnd/clause1). "scrutinee": 2. "clauses": [{"tag": Interned(std/core/hnd/Clause1). "target": 5085. "args": {"num": []. "ptr": [2]}}]. "default": {"tag": Interned(43da0bd9-ad03-419d-9ddf-5e0d1cd20a3b#[Missing Tag#903]). "target": 5083. "args": {"num": []. "ptr": []}}}')
+372: p50 = getfield_gc_r(ConstPtr(ptr49), descr=<FieldP rpyeffect.stored_environment.Data__arb_arb.inst_tag 8>)
+380: guard_value(p50, ConstPtr(ptr51), descr=<Guard0x13875d620>) [p0, i1, i2, i3, i4, i5, i6, i7, i8, i9, i10, i11, i12, i13, i14, i15, i16, p17, p18, p19, p20, p21, p22, p23, p24, p25, p26, p27, p28, p29, p30, i31, p32, p33, p34]
debug_merge_point(0, 0, '5085<main.rpyeffect:88([#322])>+0: {"op": "PrimOp". "name": "box(Num): Ptr". "out": {"num": []. "ptr": [3]}. "in": {"num": [0]. "ptr": []}}')
debug_merge_point(0, 0, '5085<main.rpyeffect:88([#322])>+1: {"op": "Push". "target": 5084. "args": {"num": []. "ptr": []}}')
debug_merge_point(0, 0, '5085<main.rpyeffect:88([#322])>+2: {"op": "Swap". "type": "ptr". "a": 2. "b". 3}')
debug_merge_point(0, 0, '5085<main.rpyeffect:88([#322])>+3: {"op": "Invoke". "receiver": 3. "tag": Interned(%apply(ppp):p). "args" : {"num": []. "ptr": [0. 1. 2]}}')
debug_merge_point(0, 0, '5139<main.rpyeffect:142([method_%apply(ppp):p@[mcore:[#226]#486]#510])>+0: {"op": "Const". "type": "ptr". "out": 3. "format": "string". "value": "Name(import$std/core/hnd)"}')
debug_merge_point(0, 0, '5139<main.rpyeffect:142([method_%apply(ppp):p@[mcore:[#226]#486]#510])>+1: {"op": "PrimOp". "name": "getGlobal(String): Ptr". "out": {"num": []. "ptr": [3]}. "in": {"num": []. "ptr": [3]}}')
debug_merge_point(0, 0, '5139<main.rpyeffect:142([method_%apply(ppp):p@[mcore:[#226]#486]#510])>+2: {"op": "PrimOp". "name": "unbox(Ptr): Num". "out": {"num": [0]. "ptr": []}. "in": {"num": []. "ptr": [2]}}')
debug_merge_point(0, 0, '5139<main.rpyeffect:142([method_%apply(ppp):p@[mcore:[#226]#486]#510])>+3: {"op": "Copy". "type": "ptr". "from": 3. "to". 2}')
debug_merge_point(0, 0, '5139<main.rpyeffect:142([method_%apply(ppp):p@[mcore:[#226]#486]#510])>+4: {"op": "Jump". "target": 5125}')
debug_merge_point(0, 0, '5125<main.rpyeffect:128([mcore:[#211]#420])>+0: {"op": "New". "out": 1. "targets": [5122. 5124]. "args": {"num": [0]. "ptr": []}}')
debug_merge_point(0, 0, '5125<main.rpyeffect:128([mcore:[#211]#420])>+1: {"op": "Const". "type": "ptr". "out": 2. "format": "string". "value": "Name(import$std/core/hnd)"}')
debug_merge_point(0, 0, '5125<main.rpyeffect:128([mcore:[#211]#420])>+2: {"op": "PrimOp". "name": "getGlobal(String): Ptr". "out": {"num": []. "ptr": [2]}. "in": {"num": []. "ptr": [2]}}')
debug_merge_point(0, 0, '5125<main.rpyeffect:128([mcore:[#211]#420])>+3: {"op": "Jump". "target": 5110}')
debug_merge_point(0, 0, '5110<main.rpyeffect:113([mcore:[#194]#376])>+0: {"op": "Const". "type": "ptr". "out": 2. "format": "string". "value": "Name(import$std/core/hnd)"}')
debug_merge_point(0, 0, '5110<main.rpyeffect:113([mcore:[#194]#376])>+1: {"op": "PrimOp". "name": "getGlobal(String): Ptr". "out": {"num": []. "ptr": [2]}. "in": {"num": []. "ptr": [2]}}')
debug_merge_point(0, 0, '5110<main.rpyeffect:113([mcore:[#194]#376])>+2: {"op": "CallLib". "lib": "2". "symbol": "std/core/hnd/yield-to"}')
debug_merge_point(0, 0, '1022<std_core_hnd.rpyeffect:721([mcore:[#893]#2108])>+0: {"op": "Push". "target": 1021. "args": {"num": []. "ptr": [1. 0]}}')
debug_merge_point(0, 0, '1022<std_core_hnd.rpyeffect:721([mcore:[#893]#2108])>+1: {"op": "Jump". "target": 509}')
debug_merge_point(0, 0, '509<std_core_hnd.rpyeffect:208([mcore:[#471]#472])>+0: {"op": "Jump". "target": 301}')
debug_merge_point(0, 0, '301<std_core_hnd.rpyeffect:0(Name(getCurrentEvv))>+0: {"op": "Const". "type": "ptr". "out": 0. "format": "string". "value": "current-evv"}')
debug_merge_point(0, 0, '301<std_core_hnd.rpyeffect:0(Name(getCurrentEvv))>+1: {"op": "PrimOp". "name": "getGlobal(String): Ptr". "out": {"num": []. "ptr": [0]}. "in": {"num": []. "ptr": [0]}}')
debug_merge_point(0, 0, '301<std_core_hnd.rpyeffect:0(Name(getCurrentEvv))>+2: {"op": "PrimOp". "name": "getRef(Ref[Ptr]): Ptr". "out": {"num": []. "ptr": [0]}. "in": {"num": []. "ptr": [0]}}')
debug_merge_point(0, 0, '301<std_core_hnd.rpyeffect:0(Name(getCurrentEvv))>+3: {"op": "Return". "args": {"num": []. "ptr": [0]}}')
debug_merge_point(0, 0, '1021<std_core_hnd.rpyeffect:720([k@[mcore:[#893]#2108]#2110])>+0: {"op": "Push". "target": 1020. "args": {"num": []. "ptr": [0]}}')
debug_merge_point(0, 0, '1021<std_core_hnd.rpyeffect:720([k@[mcore:[#893]#2108]#2110])>+1: {"op": "Copy". "type": "ptr". "from": 2. "to". 0}')
debug_merge_point(0, 0, '1021<std_core_hnd.rpyeffect:720([k@[mcore:[#893]#2108]#2110])>+2: {"op": "Jump". "target": 507}')
debug_merge_point(0, 0, '507<std_core_hnd.rpyeffect:206([mcore:[#470]#437])>+0: {"op": "Const". "type": "num". "out": 0. "value": 0}')
debug_merge_point(0, 0, '507<std_core_hnd.rpyeffect:206([mcore:[#470]#437])>+1: {"op": "ShiftDyn". "out": 0. "n": 0. "label": 0}')
+392: i53 = instance_ptr_eq(p29, ConstPtr(ptr52))
guard_true(i53, descr=<Guard0x13875d660>) [p0, i1, i2, i3, i4, i5, i6, i7, i8, i9, i10, i11, i12, i13, i14, i15, i16, p17, p18, p19, p20, p21, p22, p23, p24, p25, p26, p27, p28, p29, p30, i31, p32, p33, p34]
debug_merge_point(0, 0, '507<std_core_hnd.rpyeffect:206([mcore:[#470]#437])>+2: {"op": "New". "out": 0. "targets": [500. 502. 504. 506]. "args": {"num": []. "ptr": [0]}}')
debug_merge_point(0, 0, '507<std_core_hnd.rpyeffect:206([mcore:[#470]#437])>+3: {"op": "Invoke". "receiver": 1. "tag": Interned(%apply(p):p). "args" : {"num": []. "ptr": [0]}}')
debug_merge_point(0, 0, '5122<main.rpyeffect:125([method_%apply(p):p@[mcore:[#211]#420]#424])>+0: {"op": "Const". "type": "ptr". "out": 1. "format": "string". "value": "Name(import$std/core/hnd)"}')
debug_merge_point(0, 0, '5122<main.rpyeffect:125([method_%apply(p):p@[mcore:[#211]#420]#424])>+1: {"op": "PrimOp". "name": "getGlobal(String): Ptr". "out": {"num": []. "ptr": [1]}. "in": {"num": []. "ptr": [1]}}')
debug_merge_point(0, 0, '5122<main.rpyeffect:125([method_%apply(p):p@[mcore:[#211]#420]#424])>+2: {"op": "PrimOp". "name": "box(Num): Ptr". "out": {"num": []. "ptr": [2]}. "in": {"num": [0]. "ptr": []}}')
debug_merge_point(0, 0, '5122<main.rpyeffect:125([method_%apply(p):p@[mcore:[#211]#420]#424])>+3: {"op": "Jump". "target": 5120}')
debug_merge_point(0, 0, '5120<main.rpyeffect:123([mcore:[#209]#400])>+0: {"op": "New". "out": 1. "targets": [5117. 5119]. "args": {"num": []. "ptr": []}}')
debug_merge_point(0, 0, '5120<main.rpyeffect:123([mcore:[#209]#400])>+1: {"op": "Const". "type": "ptr". "out": 3. "format": "string". "value": "Name(import$std/core/hnd)"}')
debug_merge_point(0, 0, '5120<main.rpyeffect:123([mcore:[#209]#400])>+2: {"op": "PrimOp". "name": "getGlobal(String): Ptr". "out": {"num": []. "ptr": [3]}. "in": {"num": []. "ptr": [3]}}')
debug_merge_point(0, 0, '5120<main.rpyeffect:123([mcore:[#209]#400])>+3: {"op": "Swap". "type": "ptr". "a": 2. "b". 0}')
debug_merge_point(0, 0, '5120<main.rpyeffect:123([mcore:[#209]#400])>+4: {"op": "Jump". "target": 5111}')
debug_merge_point(0, 0, '5111<main.rpyeffect:114([mcore:[#197]#382])>+0: {"op": "Const". "type": "ptr". "out": 3. "format": "string". "value": "Name(import$std/core/hnd)"}')
debug_merge_point(0, 0, '5111<main.rpyeffect:114([mcore:[#197]#382])>+1: {"op": "PrimOp". "name": "getGlobal(String): Ptr". "out": {"num": []. "ptr": [3]}. "in": {"num": []. "ptr": [3]}}')
debug_merge_point(0, 0, '5111<main.rpyeffect:114([mcore:[#197]#382])>+2: {"op": "CallLib". "lib": "3". "symbol": "std/core/hnd/protect"}')
debug_merge_point(0, 0, '495<std_core_hnd.rpyeffect:194([mcore:[#466]#434])>+0: {"op": "Swap". "type": "ptr". "a": 1. "b". 2}')
debug_merge_point(0, 0, '495<std_core_hnd.rpyeffect:194([mcore:[#466]#434])>+1: {"op": "Invoke". "receiver": 2. "tag": Interned(%apply(pp):p). "args" : {"num": []. "ptr": [0. 1]}}')
debug_merge_point(0, 0, '5119<main.rpyeffect:122([method_%apply(pp):p@[mcore:[#209]#400]#409])>+0: {"op": "PrimOp". "name": "unbox(Ptr): Num". "out": {"num": [0]. "ptr": []}. "in": {"num": []. "ptr": [0]}}')
debug_merge_point(0, 0, '5119<main.rpyeffect:122([method_%apply(pp):p@[mcore:[#209]#400]#409])>+1: {"op": "Push". "target": 5118. "args": {"num": []. "ptr": []}}')
debug_merge_point(0, 0, '5119<main.rpyeffect:122([method_%apply(pp):p@[mcore:[#209]#400]#409])>+2: {"op": "Copy". "type": "ptr". "from": 1. "to". 0}')
debug_merge_point(0, 0, '5119<main.rpyeffect:122([method_%apply(pp):p@[mcore:[#209]#400]#409])>+3: {"op": "Jump". "target": 5115}')
debug_merge_point(0, 0, '5115<main.rpyeffect:118([mcore:[#206]#392])>+0: {"op": "New". "out": 0. "targets": [5114]. "args": {"num": []. "ptr": [0]}}')
debug_merge_point(0, 0, '5115<main.rpyeffect:118([mcore:[#206]#392])>+1: {"op": "Jump". "target": 5169}')
debug_merge_point(0, 0, '5169<main.rpyeffect:172([mcore:[#243]#150])>+0: {"op": "Construct". "out": 0. "type": Interned(main/generator). "tag": Interned(main/Thunk). "args": {"num": [0]. "ptr": [0]}}')
debug_merge_point(0, 0, '5169<main.rpyeffect:172([mcore:[#243]#150])>+1: {"op": "Return". "args": {"num": []. "ptr": [0]}}')
debug_merge_point(0, 0, '5118<main.rpyeffect:121([#414])>+0: {"op": "Return". "args": {"num": []. "ptr": [0]}}')
+404: guard_nonnull(p32, descr=<Guard0x13875d6a0>) [p0, i1, i2, i3, i4, i5, i6, i7, i8, i9, i10, i11, i12, i13, i14, i15, i16, p17, p18, p19, p20, p21, p22, p23, p24, p25, p26, p27, p28, p29, p30, i31, p32, p33, p34]
+416: i54 = getfield_gc_i(p32, descr=<FieldS rpyeffect.stored_environment.Stack__arb_arb.inst_target 16 pure>)
+424: guard_value(i54, 5155, descr=<Guard0x13875d6e0>) [p0, i1, i2, i3, i4, i5, i6, i7, i8, i9, i10, i11, i12, i13, i14, i15, i16, p17, p18, p19, p20, p21, p22, p23, p24, p25, p26, p27, p28, p29, p30, i31, p32, p33, p34]
debug_merge_point(0, 0, '5104<main.rpyeffect:107([k@[#362]#365])>+0: {"op": "Jump". "target": 5108}')
debug_merge_point(0, 0, '5108<main.rpyeffect:111([mcore:[#186]#357])>+0: {"op": "Match". "type": Interned(main/generator). "scrutinee": 0. "clauses": [{"tag": Interned(main/Empty). "target": 5107. "args": {"num": []. "ptr": []}}]. "default": {"tag": Interned(43da0bd9-ad03-419d-9ddf-5e0d1cd20a3b#[Missing Tag#909]). "target": 5106. "args": {"num": []. "ptr": []}}}')
debug_merge_point(0, 0, '5106<main.rpyeffect:109([match_def@[mcore:[#186]#357]#358])>+0: {"op": "Match". "type": Interned(main/generator). "scrutinee": 0. "clauses": [{"tag": Interned(main/Thunk). "target": 5105. "args": {"num": [1]. "ptr": [0]}}]. "default": {"tag": Interned(43da0bd9-ad03-419d-9ddf-5e0d1cd20a3b#[Missing Tag#908]). "target": 5102. "args": {"num": []. "ptr": []}}}')
debug_merge_point(0, 0, '5105<main.rpyeffect:108([#362])>+0: {"op": "PrimOp". "name": "infixAdd(Int. Int): Int". "out": {"num": [0]. "ptr": []}. "in": {"num": [1. 0]. "ptr": []}}')
+436: i56 = int_add(i1, i31)
debug_merge_point(0, 0, '5105<main.rpyeffect:108([#362])>+1: {"op": "Push". "target": 5104. "args": {"num": [0]. "ptr": []}}')
debug_merge_point(0, 0, '5105<main.rpyeffect:108([#362])>+2: {"op": "Invoke". "receiver": 0. "tag": Interned(%apply():p). "args" : {"num": []. "ptr": []}}')
debug_merge_point(0, 0, '5114<main.rpyeffect:117([method_%apply():p@[mcore:[#206]#392]#395])>+0: {"op": "Jump". "target": 5112}')
debug_merge_point(0, 0, '5112<main.rpyeffect:115([mcore:[#204]#389])>+0: {"op": "Construct". "out": 1. "type": Interned(Unit). "tag": Interned(unit). "args": {"num": []. "ptr": []}}')
debug_merge_point(0, 0, '5112<main.rpyeffect:115([mcore:[#204]#389])>+1: {"op": "Swap". "type": "ptr". "a": 1. "b". 0}')
debug_merge_point(0, 0, '5112<main.rpyeffect:115([mcore:[#204]#389])>+2: {"op": "Invoke". "receiver": 1. "tag": Interned(%apply(p):p). "args" : {"num": []. "ptr": [0]}}')
debug_merge_point(0, 0, '500<std_core_hnd.rpyeffect:199([method_%apply(p):p@[mcore:[#470]#437]#445])>+0: {"op": "Jump". "target": 497}')
debug_merge_point(0, 0, '497<std_core_hnd.rpyeffect:196([mcore:[#469]#436])>+0: {"op": "PushStack". "arg": 1}')
debug_merge_point(0, 0, '497<std_core_hnd.rpyeffect:196([mcore:[#469]#436])>+1: {"op": "Return". "args": {"num": []. "ptr": [0]}}')
debug_merge_point(0, 0, '1020<std_core_hnd.rpyeffect:719([k@[k@[mcore:[#893]#2108]#2110]#2112])>+0: {"op": "Const". "type": "ptr". "out": 2. "format": "string". "value": "Name(import$std/core/hnd)"}')
debug_merge_point(0, 0, '1020<std_core_hnd.rpyeffect:719([k@[k@[mcore:[#893]#2108]#2110]#2112])>+1: {"op": "PrimOp". "name": "getGlobal(String): Ptr". "out": {"num": []. "ptr": [2]}. "in": {"num": []. "ptr": [2]}}')
debug_merge_point(0, 0, '1020<std_core_hnd.rpyeffect:719([k@[k@[mcore:[#893]#2108]#2110]#2112])>+2: {"op": "Push". "target": 1019. "args": {"num": []. "ptr": [0]}}')
debug_merge_point(0, 0, '1020<std_core_hnd.rpyeffect:719([k@[k@[mcore:[#893]#2108]#2110]#2112])>+3: {"op": "Copy". "type": "ptr". "from": 1. "to". 0}')
debug_merge_point(0, 0, '1020<std_core_hnd.rpyeffect:719([k@[k@[mcore:[#893]#2108]#2110]#2112])>+4: {"op": "Copy". "type": "ptr". "from": 2. "to". 1}')
debug_merge_point(0, 0, '1020<std_core_hnd.rpyeffect:719([k@[k@[mcore:[#893]#2108]#2110]#2112])>+5: {"op": "Jump". "target": 1018}')
debug_merge_point(0, 0, '1018<std_core_hnd.rpyeffect:717([mcore:[#892]#2103])>+0: {"op": "Const". "type": "ptr". "out": 1. "format": "string". "value": "Name(import$std/core/hnd)"}')
debug_merge_point(0, 0, '1018<std_core_hnd.rpyeffect:717([mcore:[#892]#2103])>+1: {"op": "PrimOp". "name": "getGlobal(String): Ptr". "out": {"num": []. "ptr": [1]}. "in": {"num": []. "ptr": [1]}}')
debug_merge_point(0, 0, '1018<std_core_hnd.rpyeffect:717([mcore:[#892]#2103])>+2: {"op": "CallLib". "lib": "1". "symbol": "setCurrentEvv"}')
debug_merge_point(0, 0, '302<std_core_hnd.rpyeffect:1(Name(setCurrentEvv))>+0: {"op": "Const". "type": "ptr". "out": 1. "format": "string". "value": "current-evv"}')
debug_merge_point(0, 0, '302<std_core_hnd.rpyeffect:1(Name(setCurrentEvv))>+1: {"op": "PrimOp". "name": "getGlobal(String): Ptr". "out": {"num": []. "ptr": [1]}. "in": {"num": []. "ptr": [1]}}')
debug_merge_point(0, 0, '302<std_core_hnd.rpyeffect:1(Name(setCurrentEvv))>+2: {"op": "PrimOp". "name": "setRef(Ref[Ptr]. Ptr): Unit". "out": {"num": []. "ptr": [0]}. "in": {"num": []. "ptr": [1. 0]}}')
debug_merge_point(0, 0, '302<std_core_hnd.rpyeffect:1(Name(setCurrentEvv))>+3: {"op": "Return". "args": {"num": []. "ptr": [0]}}')
debug_merge_point(0, 0, '1019<std_core_hnd.rpyeffect:718([k@[k@[k@[mcore:[#893]#2108]#2110]#2112]#2117])>+0: {"op": "Copy". "type": "ptr". "from": 1. "to". 0}')
debug_merge_point(0, 0, '1019<std_core_hnd.rpyeffect:718([k@[k@[k@[mcore:[#893]#2108]#2110]#2112]#2117])>+1: {"op": "Return". "args": {"num": []. "ptr": [0]}}')
debug_merge_point(0, 0, '5084<main.rpyeffect:87([k@[#322]#327])>+0: {"op": "Return". "args": {"num": []. "ptr": [0]}}')
+440: guard_nonnull(p30, descr=<Guard0x13875d720>) [p0, i1, i2, i3, i4, i5, i6, i7, i8, i9, i10, i11, i12, i13, i14, i15, i16, p17, p18, p19, p20, p21, p22, p23, p24, p25, p26, p27, p28, p29, p30, i31, p32, p33, p34]
+448: i57 = getfield_gc_i(p30, descr=<FieldS rpyeffect.stored_environment.Stack__arb_arb.inst_target 16 pure>)
+452: guard_value(i57, 5090, descr=<Guard0x13875d760>) [p0, i1, i2, i3, i4, i5, i6, i7, i8, i9, i10, i11, i12, i13, i14, i15, i16, p17, p18, p19, p20, p21, p22, p23, p24, p25, p26, p27, p28, p29, p30, i31, p32, p33, p34]
debug_merge_point(0, 0, '5078<main.rpyeffect:81([k@[k@[k@[k@[#283]#288]#294]#302]#304])>+0: {"op": "Const". "type": "ptr". "out": 0. "format": "string". "value": "Name(import$std/core/hnd)"}')
debug_merge_point(0, 0, '5078<main.rpyeffect:81([k@[k@[k@[k@[#283]#288]#294]#302]#304])>+1: {"op": "PrimOp". "name": "getGlobal(String): Ptr". "out": {"num": []. "ptr": [0]}. "in": {"num": []. "ptr": [0]}}')
debug_merge_point(0, 0, '5078<main.rpyeffect:81([k@[k@[k@[k@[#283]#288]#294]#302]#304])>+2: {"op": "Swap". "type": "ptr". "a": 1. "b". 0}')
debug_merge_point(0, 0, '5078<main.rpyeffect:81([k@[k@[k@[k@[#283]#288]#294]#302]#304])>+3: {"op": "Jump". "target": 5094}')
debug_merge_point(0, 0, '5094<main.rpyeffect:97([mcore:[#168]#280])>+0: {"op": "Match". "type": Interned(main/tree). "scrutinee": 0. "clauses": [{"tag": Interned(main/Leaf). "target": 5093. "args": {"num": []. "ptr": []}}]. "default": {"tag": Interned(43da0bd9-ad03-419d-9ddf-5e0d1cd20a3b#[Missing Tag#907]). "target": 5092. "args": {"num": []. "ptr": []}}}')
+464: p59 = getfield_gc_r(p17, descr=<FieldP rpyeffect.stored_environment.Data__arb_arb.inst_tag 8>)
+472: guard_value(p59, ConstPtr(ptr60), descr=<Guard0x13875d7a0>) [p0, i1, i2, i3, i4, i5, i6, i7, i8, i9, i10, i11, i12, i13, i14, i15, i16, p17, p18, p19, p20, p21, p22, p23, p24, p25, p26, p27, p28, p29, p30, i31, p32, p33, p34]
debug_merge_point(0, 0, '5092<main.rpyeffect:95([match_def@[mcore:[#168]#280]#281])>+0: {"op": "Match". "type": Interned(main/tree). "scrutinee": 0. "clauses": [{"tag": Interned(main/Node). "target": 5091. "args": {"num": [0]. "ptr": [0. 1]}}]. "default": {"tag": Interned(43da0bd9-ad03-419d-9ddf-5e0d1cd20a3b#[Missing Tag#906]). "target": 5076. "args": {"num": []. "ptr": []}}}')
+480: i61 = getfield_gc_i(p17, descr=<FieldS rpyeffect.stored_environment.Data__1_2.inst_values_num_0 32 pure>)
+484: p62 = getfield_gc_r(p17, descr=<FieldP rpyeffect.stored_environment.Data__1_2.inst_values_ptr_0 40 pure>)
+488: p63 = getfield_gc_r(p17, descr=<FieldP rpyeffect.stored_environment.Data__1_2.inst_values_ptr_1 48 pure>)
debug_merge_point(0, 0, '5091<main.rpyeffect:94([#283])>+0: {"op": "Const". "type": "ptr". "out": 2. "format": "string". "value": "Name(import$std/core/hnd)"}')
debug_merge_point(0, 0, '5091<main.rpyeffect:94([#283])>+1: {"op": "PrimOp". "name": "getGlobal(String): Ptr". "out": {"num": []. "ptr": [2]}. "in": {"num": []. "ptr": [2]}}')
debug_merge_point(0, 0, '5091<main.rpyeffect:94([#283])>+2: {"op": "Push". "target": 5090. "args": {"num": [0]. "ptr": [1]}}')
debug_merge_point(0, 0, '5091<main.rpyeffect:94([#283])>+3: {"op": "Copy". "type": "ptr". "from": 2. "to". 1}')
+492: p64 = new_with_vtable(descr=<SizeDescr 40>)
+596: p65 = new_with_vtable(descr=<SizeDescr 48>)
+608: setfield_gc(p65, p32, descr=<FieldP rpyeffect.stored_environment.Stack__arb_arb.inst_tail 8 pure>)
+612: setfield_gc(p65, 5104, descr=<FieldS rpyeffect.stored_environment.Stack__arb_arb.inst_target 16 pure>)
+620: setfield_gc(p65, i56, descr=<FieldS rpyeffect.stored_environment.Stack__1_0.inst_values_num_0 40 pure>)
+624: setfield_gc(p64, p65, descr=<FieldP rpyeffect.stack.MetaStackLike.inst_stack 8 pure>)
+628: setfield_gc(p64, p34, descr=<FieldP rpyeffect.stack.MetaStack.inst_label 16 pure>)
+636: setfield_gc(p64, ConstPtr(null), descr=<FieldP rpyeffect.stack.MetaStack.inst_region 24 pure>)
+644: setfield_gc(p64, p33, descr=<FieldP rpyeffect.stack.MetaStack.inst_tail 32 pure>)
+676: jump(p29, p30, i61, p63, p0, p64, i1, i3, i4, i5, i6, i7, i8, i9, i10, i11, i12, i13, i14, i15, i16, p62, ConstPtr(ptr68), ConstPtr(ptr69), p18, p19, p20, p21, p22, p23, p24, p25, p26, p27, p28, descr=TargetToken(4970202880))
+992: --end of the loop--
[7f1ba70] jit-log-opt-bridge}
[1f66d979] {jit-summary
Tracing:      	7	0.006262
Backend:      	7	0.001021
TOTAL:      		0.402268
ops:             	32491
heapcached ops:  	3135
recorded ops:    	15089
  calls:         	12600
guards:          	892
opt ops:         	871
opt guards:      	90
opt guards shared:	78
forcings:        	0
abort: trace too long:	0
abort: compiling:	0
abort: vable escape:	0
abort: bad loop: 	0
abort: force quasi-immut:	0
abort: segmenting trace:	0
virtualizables forced:	0
nvirtuals:       	8
nvholes:         	0
nvreused:        	0
vecopt tried:    	0
vecopt success:  	0
Total # of loops:	4
Total # of bridges:	3
Freed # of loops:	0
Freed # of bridges:	0
[1f6700dd] jit-summary}
