[6ff9bdb] {jit-log-opt-loop
# Loop 1 (5001<main.rpyeffect:4([k@[switch case for 0#28]#33])>+3: {"op": "Copy", "type": "num", "from": 1, "to", 0}) : loop with 84 ops
[p0, p1, p2, p3]
+232: p4 = getfield_gc_r(p2, descr=<FieldP rpyeffect.environment.Environment.inst_values_num 16>)
+240: i6 = getarrayitem_gc_i(p4, 0, descr=<ArrayS 8>)
+244: i8 = getarrayitem_gc_i(p4, 1, descr=<ArrayS 8>)
+248: i10 = getarrayitem_gc_i(p4, 2, descr=<ArrayS 8>)
+252: i12 = getarrayitem_gc_i(p4, 3, descr=<ArrayS 8>)
+256: i14 = getarrayitem_gc_i(p4, 4, descr=<ArrayS 8>)
+260: i16 = getarrayitem_gc_i(p4, 5, descr=<ArrayS 8>)
+264: i18 = getarrayitem_gc_i(p4, 6, descr=<ArrayS 8>)
+268: i20 = getarrayitem_gc_i(p4, 7, descr=<ArrayS 8>)
+272: i22 = getarrayitem_gc_i(p4, 8, descr=<ArrayS 8>)
+276: i24 = getarrayitem_gc_i(p4, 9, descr=<ArrayS 8>)
+280: i26 = getarrayitem_gc_i(p4, 10, descr=<ArrayS 8>)
+284: i28 = getarrayitem_gc_i(p4, 11, descr=<ArrayS 8>)
+288: i30 = getarrayitem_gc_i(p4, 12, descr=<ArrayS 8>)
+292: i32 = getarrayitem_gc_i(p4, 13, descr=<ArrayS 8>)
+296: i34 = getarrayitem_gc_i(p4, 14, descr=<ArrayS 8>)
+304: i36 = getarrayitem_gc_i(p4, 15, descr=<ArrayS 8>)
+308: p37 = getfield_gc_r(p2, descr=<FieldP rpyeffect.environment.Environment.inst_values_ptr 24>)
+312: p39 = getarrayitem_gc_r(p37, 0, descr=<ArrayP 8>)
+320: p41 = getarrayitem_gc_r(p37, 1, descr=<ArrayP 8>)
+328: p43 = getarrayitem_gc_r(p37, 2, descr=<ArrayP 8>)
+336: p45 = getarrayitem_gc_r(p37, 3, descr=<ArrayP 8>)
+344: p47 = getarrayitem_gc_r(p37, 4, descr=<ArrayP 8>)
+352: p49 = getarrayitem_gc_r(p37, 5, descr=<ArrayP 8>)
+360: p51 = getarrayitem_gc_r(p37, 6, descr=<ArrayP 8>)
+368: p53 = getarrayitem_gc_r(p37, 7, descr=<ArrayP 8>)
+376: p55 = getarrayitem_gc_r(p37, 8, descr=<ArrayP 8>)
+384: p57 = getarrayitem_gc_r(p37, 9, descr=<ArrayP 8>)
+392: p59 = getarrayitem_gc_r(p37, 10, descr=<ArrayP 8>)
+400: p61 = getarrayitem_gc_r(p37, 11, descr=<ArrayP 8>)
+408: p63 = getarrayitem_gc_r(p37, 12, descr=<ArrayP 8>)
+416: p65 = getarrayitem_gc_r(p37, 13, descr=<ArrayP 8>)
+424: p67 = getarrayitem_gc_r(p37, 14, descr=<ArrayP 8>)
+432: p69 = getarrayitem_gc_r(p37, 15, descr=<ArrayP 8>)
+436: label(p0, p1, p2, p3, i6, i8, i10, i12, i14, i16, i18, i20, i22, i24, i26, i28, i30, i32, i34, i36, p39, p41, p43, p45, p47, p49, p51, p53, p55, p57, p59, p61, p63, p65, p67, p69, descr=TargetToken(5375687184))
+496: guard_not_invalidated(descr=<Guard0x1404af258>) [p2, i6, i8, i10, i12, i14, i16, i18, i20, i22, i24, i26, i28, i30, i32, i34, i36, p39, p41, p43, p45, p47, p49, p51, p53, p55, p57, p59, p61, p63, p65, p67, p69, p0, p1, p3]
debug_merge_point(0, 0, '5001<main.rpyeffect:4([k@[switch case for 0#28]#33])>+4: {"op": "Jump". "target": 5008}')
debug_merge_point(0, 0, '5008<main.rpyeffect:11([mcore:[#53]#3])>+0: {"op": "Const". "type": "num". "out": 1. "value": 0}')
debug_merge_point(0, 0, '5008<main.rpyeffect:11([mcore:[#53]#3])>+1: {"op": "PrimOp". "name": "infixEq(Int. Int): Boolean". "out": {"num": [1]. "ptr": []}. "in": {"num": [0. 1]. "ptr": []}}')
+500: i71 = int_eq(i8, 0)
guard_true(i71, descr=<Guard0x140483ca0>) [p2, i6, i8, i10, i12, i14, i16, i18, i20, i22, i24, i26, i28, i30, i32, i34, i36, p39, p41, p43, p45, p47, p49, p51, p53, p55, p57, p59, p61, p63, p65, p67, p69, p0, p1, p3]
debug_merge_point(0, 0, '5008<main.rpyeffect:11([mcore:[#53]#3])>+2: {"op": "Switch". "scrutinee": 1. "values": [1]. "targets": [4997]. "default": 5007}')
+508: guard_nonnull(p1, descr=<Guard0x140483ce0>) [p2, i6, i8, i10, i12, i14, i16, i18, i20, i22, i24, i26, i28, i30, i32, i34, i36, p39, p41, p43, p45, p47, p49, p51, p53, p55, p57, p59, p61, p63, p65, p67, p69, p0, p1, p3]
+520: i72 = getfield_gc_i(p1, descr=<FieldS rpyeffect.stored_environment.Stack__arb_arb.inst_target 16 pure>)
+528: guard_value(i72, 5000, descr=<Guard0x140483d20>) [p2, i6, i8, i10, i12, i14, i16, i18, i20, i22, i24, i26, i28, i30, i32, i34, i36, p39, p41, p43, p45, p47, p49, p51, p53, p55, p57, p59, p61, p63, p65, p67, p69, p0, p1, p3]
debug_merge_point(0, 0, '4997<main.rpyeffect:0([switch case for 1#7])>+0: {"op": "Const". "type": "num". "out": 0. "value": 0}')
debug_merge_point(0, 0, '4997<main.rpyeffect:0([switch case for 1#7])>+1: {"op": "Return". "args": {"num": [0]. "ptr": []}}')
+540: i74 = getfield_gc_i(p1, descr=<FieldS rpyeffect.stored_environment.Stack__1_0.inst_values_num_0 40 pure>)
+544: p75 = getfield_gc_r(p1, descr=<FieldP rpyeffect.stored_environment.Stack__arb_arb.inst_tail 8 pure>)
debug_merge_point(0, 0, '5000<main.rpyeffect:3([k@[k@[switch case for 0#28]#33]#38])>+0: {"op": "PrimOp". "name": "infixAdd(Int. Int): Int". "out": {"num": [0]. "ptr": []}. "in": {"num": [1. 0]. "ptr": []}}')
debug_merge_point(0, 0, '5000<main.rpyeffect:3([k@[k@[switch case for 0#28]#33]#38])>+1: {"op": "Return". "args": {"num": [0]. "ptr": []}}')
+548: guard_nonnull(p75, descr=<Guard0x140483d60>) [p2, i6, i8, i10, i12, i14, i16, i18, i20, i22, i24, i26, i28, i30, i32, i34, i36, p39, p41, p43, p45, p47, p49, p51, p53, p55, p57, p59, p61, p63, p65, p67, p69, p0, p1, p3]
+556: i76 = getfield_gc_i(p75, descr=<FieldS rpyeffect.stored_environment.Stack__arb_arb.inst_target 16 pure>)
+560: guard_value(i76, 5001, descr=<Guard0x140483da0>) [p2, i6, i8, i10, i12, i14, i16, i18, i20, i22, i24, i26, i28, i30, i32, i34, i36, p39, p41, p43, p45, p47, p49, p51, p53, p55, p57, p59, p61, p63, p65, p67, p69, p0, p1, p3]
+572: i78 = getfield_gc_i(p75, descr=<FieldS rpyeffect.stored_environment.Stack__1_0.inst_values_num_0 40 pure>)
+576: p79 = getfield_gc_r(p75, descr=<FieldP rpyeffect.stored_environment.Stack__arb_arb.inst_tail 8 pure>)
debug_merge_point(0, 0, '5001<main.rpyeffect:4([k@[switch case for 0#28]#33])>+0: {"op": "Const". "type": "num". "out": 2. "value": 2}')
debug_merge_point(0, 0, '5001<main.rpyeffect:4([k@[switch case for 0#28]#33])>+1: {"op": "PrimOp". "name": "infixSub(Int. Int): Int". "out": {"num": [1]. "ptr": []}. "in": {"num": [1. 2]. "ptr": []}}')
+580: i81 = int_sub(i78, 2)
debug_merge_point(0, 0, '5001<main.rpyeffect:4([k@[switch case for 0#28]#33])>+2: {"op": "Push". "target": 5000. "args": {"num": [0]. "ptr": []}}')
debug_merge_point(0, 0, '5001<main.rpyeffect:4([k@[switch case for 0#28]#33])>+3: {"op": "Copy". "type": "num". "from": 1. "to". 0}')
+584: label(p0, p79, i74, p2, p3, i81, i12, i14, i16, i18, i20, i22, i24, i26, i28, i30, i32, i34, i36, p39, p41, p43, p45, p47, p49, p51, p53, p55, p57, p59, p61, p63, p65, p67, p69, descr=TargetToken(5375687264))
+588: guard_not_invalidated(descr=<Guard0x1404af2b0>) [p2, i74, i81, i12, i14, i16, i18, i20, i22, i24, i26, i28, i30, i32, i34, i36, p39, p41, p43, p45, p47, p49, p51, p53, p55, p57, p59, p61, p63, p65, p67, p69, p0, p3, p79]
debug_merge_point(0, 0, '5001<main.rpyeffect:4([k@[switch case for 0#28]#33])>+4: {"op": "Jump". "target": 5008}')
debug_merge_point(0, 0, '5008<main.rpyeffect:11([mcore:[#53]#3])>+0: {"op": "Const". "type": "num". "out": 1. "value": 0}')
debug_merge_point(0, 0, '5008<main.rpyeffect:11([mcore:[#53]#3])>+1: {"op": "PrimOp". "name": "infixEq(Int. Int): Boolean". "out": {"num": [1]. "ptr": []}. "in": {"num": [0. 1]. "ptr": []}}')
+592: i83 = int_eq(i81, 0)
guard_true(i83, descr=<Guard0x140483de0>) [p2, i74, i81, i12, i14, i16, i18, i20, i22, i24, i26, i28, i30, i32, i34, i36, p39, p41, p43, p45, p47, p49, p51, p53, p55, p57, p59, p61, p63, p65, p67, p69, p0, p3, p79]
debug_merge_point(0, 0, '5008<main.rpyeffect:11([mcore:[#53]#3])>+2: {"op": "Switch". "scrutinee": 1. "values": [1]. "targets": [4997]. "default": 5007}')
debug_merge_point(0, 0, '4997<main.rpyeffect:0([switch case for 1#7])>+0: {"op": "Const". "type": "num". "out": 0. "value": 0}')
debug_merge_point(0, 0, '4997<main.rpyeffect:0([switch case for 1#7])>+1: {"op": "Return". "args": {"num": [0]. "ptr": []}}')
debug_merge_point(0, 0, '5000<main.rpyeffect:3([k@[k@[switch case for 0#28]#33]#38])>+0: {"op": "PrimOp". "name": "infixAdd(Int. Int): Int". "out": {"num": [0]. "ptr": []}. "in": {"num": [1. 0]. "ptr": []}}')
debug_merge_point(0, 0, '5000<main.rpyeffect:3([k@[k@[switch case for 0#28]#33]#38])>+1: {"op": "Return". "args": {"num": [0]. "ptr": []}}')
+600: guard_nonnull(p79, descr=<Guard0x140483e20>) [p2, i74, i81, i12, i14, i16, i18, i20, i22, i24, i26, i28, i30, i32, i34, i36, p39, p41, p43, p45, p47, p49, p51, p53, p55, p57, p59, p61, p63, p65, p67, p69, p0, p3, p79]
+608: i84 = getfield_gc_i(p79, descr=<FieldS rpyeffect.stored_environment.Stack__arb_arb.inst_target 16 pure>)
+612: guard_value(i84, 5001, descr=<Guard0x140483e60>) [p2, i74, i81, i12, i14, i16, i18, i20, i22, i24, i26, i28, i30, i32, i34, i36, p39, p41, p43, p45, p47, p49, p51, p53, p55, p57, p59, p61, p63, p65, p67, p69, p0, p3, p79]
+624: i86 = getfield_gc_i(p79, descr=<FieldS rpyeffect.stored_environment.Stack__1_0.inst_values_num_0 40 pure>)
+628: p87 = getfield_gc_r(p79, descr=<FieldP rpyeffect.stored_environment.Stack__arb_arb.inst_tail 8 pure>)
debug_merge_point(0, 0, '5001<main.rpyeffect:4([k@[switch case for 0#28]#33])>+0: {"op": "Const". "type": "num". "out": 2. "value": 2}')
debug_merge_point(0, 0, '5001<main.rpyeffect:4([k@[switch case for 0#28]#33])>+1: {"op": "PrimOp". "name": "infixSub(Int. Int): Int". "out": {"num": [1]. "ptr": []}. "in": {"num": [1. 2]. "ptr": []}}')
+632: i89 = int_sub(i86, 2)
debug_merge_point(0, 0, '5001<main.rpyeffect:4([k@[switch case for 0#28]#33])>+2: {"op": "Push". "target": 5000. "args": {"num": [0]. "ptr": []}}')
debug_merge_point(0, 0, '5001<main.rpyeffect:4([k@[switch case for 0#28]#33])>+3: {"op": "Copy". "type": "num". "from": 1. "to". 0}')
+636: jump(p0, p87, i74, p2, p3, i89, i12, i14, i16, i18, i20, i22, i24, i26, i28, i30, i32, i34, i36, p39, p41, p43, p45, p47, p49, p51, p53, p55, p57, p59, p61, p63, p65, p67, p69, descr=TargetToken(5375687264))
+644: --end of the loop--
[701b426] jit-log-opt-loop}
[705be2b] {jit-log-opt-loop
# Loop 2 (5007<main.rpyeffect:10([switch default case#10])>+0: {"op": "Const", "type": "num", "out": 1, "value": 0}) : entry bridge with 62 ops
[p0, p1, p2, p3]
+200: p4 = getfield_gc_r(p2, descr=<FieldP rpyeffect.environment.Environment.inst_values_num 16>)
+208: i6 = getarrayitem_gc_i(p4, 0, descr=<ArrayS 8>)
+212: i8 = getarrayitem_gc_i(p4, 1, descr=<ArrayS 8>)
+216: i10 = getarrayitem_gc_i(p4, 2, descr=<ArrayS 8>)
+220: i12 = getarrayitem_gc_i(p4, 3, descr=<ArrayS 8>)
+224: i14 = getarrayitem_gc_i(p4, 4, descr=<ArrayS 8>)
+228: i16 = getarrayitem_gc_i(p4, 5, descr=<ArrayS 8>)
+232: i18 = getarrayitem_gc_i(p4, 6, descr=<ArrayS 8>)
+236: i20 = getarrayitem_gc_i(p4, 7, descr=<ArrayS 8>)
+240: i22 = getarrayitem_gc_i(p4, 8, descr=<ArrayS 8>)
+244: i24 = getarrayitem_gc_i(p4, 9, descr=<ArrayS 8>)
+248: i26 = getarrayitem_gc_i(p4, 10, descr=<ArrayS 8>)
+252: i28 = getarrayitem_gc_i(p4, 11, descr=<ArrayS 8>)
+256: i30 = getarrayitem_gc_i(p4, 12, descr=<ArrayS 8>)
+260: i32 = getarrayitem_gc_i(p4, 13, descr=<ArrayS 8>)
+264: i34 = getarrayitem_gc_i(p4, 14, descr=<ArrayS 8>)
+272: i36 = getarrayitem_gc_i(p4, 15, descr=<ArrayS 8>)
+276: p37 = getfield_gc_r(p2, descr=<FieldP rpyeffect.environment.Environment.inst_values_ptr 24>)
+280: p39 = getarrayitem_gc_r(p37, 0, descr=<ArrayP 8>)
+288: p41 = getarrayitem_gc_r(p37, 1, descr=<ArrayP 8>)
+296: p43 = getarrayitem_gc_r(p37, 2, descr=<ArrayP 8>)
+304: p45 = getarrayitem_gc_r(p37, 3, descr=<ArrayP 8>)
+312: p47 = getarrayitem_gc_r(p37, 4, descr=<ArrayP 8>)
+320: p49 = getarrayitem_gc_r(p37, 5, descr=<ArrayP 8>)
+328: p51 = getarrayitem_gc_r(p37, 6, descr=<ArrayP 8>)
+336: p53 = getarrayitem_gc_r(p37, 7, descr=<ArrayP 8>)
+344: p55 = getarrayitem_gc_r(p37, 8, descr=<ArrayP 8>)
+352: p57 = getarrayitem_gc_r(p37, 9, descr=<ArrayP 8>)
+360: p59 = getarrayitem_gc_r(p37, 10, descr=<ArrayP 8>)
+368: p61 = getarrayitem_gc_r(p37, 11, descr=<ArrayP 8>)
+376: p63 = getarrayitem_gc_r(p37, 12, descr=<ArrayP 8>)
+384: p65 = getarrayitem_gc_r(p37, 13, descr=<ArrayP 8>)
+392: p67 = getarrayitem_gc_r(p37, 14, descr=<ArrayP 8>)
+400: p69 = getarrayitem_gc_r(p37, 15, descr=<ArrayP 8>)
debug_merge_point(0, 0, '5007<main.rpyeffect:10([switch default case#10])>+0: {"op": "Const". "type": "num". "out": 1. "value": 0}')
+404: guard_not_invalidated(descr=<Guard0x1404af360>) [p2, i6, i8, i10, i12, i14, i16, i18, i20, i22, i24, i26, i28, i30, i32, i34, i36, p39, p41, p43, p45, p47, p49, p51, p53, p55, p57, p59, p61, p63, p65, p67, p69, p0, p1, p3]
debug_merge_point(0, 0, '5007<main.rpyeffect:10([switch default case#10])>+1: {"op": "PrimOp". "name": "infixEq(Int. Int): Boolean". "out": {"num": [1]. "ptr": []}. "in": {"num": [0. 1]. "ptr": []}}')
+408: i71 = int_eq(i6, 0)
guard_false(i71, descr=<Guard0x140483ea0>) [p2, i6, i8, i10, i12, i14, i16, i18, i20, i22, i24, i26, i28, i30, i32, i34, i36, p39, p41, p43, p45, p47, p49, p51, p53, p55, p57, p59, p61, p63, p65, p67, p69, p0, p1, p3]
debug_merge_point(0, 0, '5007<main.rpyeffect:10([switch default case#10])>+2: {"op": "Switch". "scrutinee": 1. "values": [0]. "targets": [5005]. "default": 5006}')
+416: guard_nonnull(p1, descr=<Guard0x140483ee0>) [p2, i6, i8, i10, i12, i14, i16, i18, i20, i22, i24, i26, i28, i30, i32, i34, i36, p39, p41, p43, p45, p47, p49, p51, p53, p55, p57, p59, p61, p63, p65, p67, p69, p0, p1, p3]
+428: i72 = getfield_gc_i(p1, descr=<FieldS rpyeffect.stored_environment.Stack__arb_arb.inst_target 16 pure>)
+444: guard_value(i72, 5001, descr=<Guard0x140483f20>) [p2, i6, i8, i10, i12, i14, i16, i18, i20, i22, i24, i26, i28, i30, i32, i34, i36, p39, p41, p43, p45, p47, p49, p51, p53, p55, p57, p59, p61, p63, p65, p67, p69, p0, p1, p3]
debug_merge_point(0, 0, '5005<main.rpyeffect:8([switch case for 0#14])>+0: {"op": "Const". "type": "num". "out": 1. "value": 1}')
debug_merge_point(0, 0, '5005<main.rpyeffect:8([switch case for 0#14])>+1: {"op": "PrimOp". "name": "infixEq(Int. Int): Boolean". "out": {"num": [1]. "ptr": []}. "in": {"num": [0. 1]. "ptr": []}}')
+460: i75 = int_eq(i6, 1)
guard_true(i75, descr=<Guard0x140483f60>) [p2, i6, i8, i10, i12, i14, i16, i18, i20, i22, i24, i26, i28, i30, i32, i34, i36, p39, p41, p43, p45, p47, p49, p51, p53, p55, p57, p59, p61, p63, p65, p67, p69, p0, p1, p3]
debug_merge_point(0, 0, '5005<main.rpyeffect:8([switch case for 0#14])>+2: {"op": "Switch". "scrutinee": 1. "values": [1]. "targets": [4999]. "default": 5004}')
debug_merge_point(0, 0, '4999<main.rpyeffect:2([switch case for 1#21])>+0: {"op": "Const". "type": "num". "out": 0. "value": 1}')
debug_merge_point(0, 0, '4999<main.rpyeffect:2([switch case for 1#21])>+1: {"op": "Return". "args": {"num": [0]. "ptr": []}}')
+468: i76 = getfield_gc_i(p1, descr=<FieldS rpyeffect.stored_environment.Stack__1_0.inst_values_num_0 40 pure>)
+472: p77 = getfield_gc_r(p1, descr=<FieldP rpyeffect.stored_environment.Stack__arb_arb.inst_tail 8 pure>)
debug_merge_point(0, 0, '5001<main.rpyeffect:4([k@[switch case for 0#28]#33])>+0: {"op": "Const". "type": "num". "out": 2. "value": 2}')
debug_merge_point(0, 0, '5001<main.rpyeffect:4([k@[switch case for 0#28]#33])>+1: {"op": "PrimOp". "name": "infixSub(Int. Int): Int". "out": {"num": [1]. "ptr": []}. "in": {"num": [1. 2]. "ptr": []}}')
+476: i79 = int_sub(i76, 2)
debug_merge_point(0, 0, '5001<main.rpyeffect:4([k@[switch case for 0#28]#33])>+2: {"op": "Push". "target": 5000. "args": {"num": [0]. "ptr": []}}')
debug_merge_point(0, 0, '5001<main.rpyeffect:4([k@[switch case for 0#28]#33])>+3: {"op": "Copy". "type": "num". "from": 1. "to". 0}')
+480: p80 = new_with_vtable(descr=<SizeDescr 48>)
+592: setfield_gc(p80, 5000, descr=<FieldS rpyeffect.stored_environment.Stack__arb_arb.inst_target 16 pure>)
+600: setfield_gc(p80, 1, descr=<FieldS rpyeffect.stored_environment.Stack__1_0.inst_values_num_0 40 pure>)
+608: setfield_gc(p80, p77, descr=<FieldP rpyeffect.stored_environment.Stack__arb_arb.inst_tail 8 pure>)
+628: jump(p0, p80, p2, p3, 1, i79, 2, i12, i14, i16, i18, i20, i22, i24, i26, i28, i30, i32, i34, i36, p39, p41, p43, p45, p47, p49, p51, p53, p55, p57, p59, p61, p63, p65, p67, p69, descr=TargetToken(5375687184))
+804: --end of the loop--
[706930f] jit-log-opt-loop}
[70cfca9] {jit-log-opt-loop
# Loop 3 (5005<main.rpyeffect:8([switch case for 0#14])>+0: {"op": "Const", "type": "num", "out": 1, "value": 1}) : loop with 92 ops
[p0, p1, p2, p3]
+216: p4 = getfield_gc_r(p2, descr=<FieldP rpyeffect.environment.Environment.inst_values_num 16>)
+224: i6 = getarrayitem_gc_i(p4, 0, descr=<ArrayS 8>)
+228: i8 = getarrayitem_gc_i(p4, 1, descr=<ArrayS 8>)
+232: i10 = getarrayitem_gc_i(p4, 2, descr=<ArrayS 8>)
+236: i12 = getarrayitem_gc_i(p4, 3, descr=<ArrayS 8>)
+240: i14 = getarrayitem_gc_i(p4, 4, descr=<ArrayS 8>)
+244: i16 = getarrayitem_gc_i(p4, 5, descr=<ArrayS 8>)
+248: i18 = getarrayitem_gc_i(p4, 6, descr=<ArrayS 8>)
+252: i20 = getarrayitem_gc_i(p4, 7, descr=<ArrayS 8>)
+256: i22 = getarrayitem_gc_i(p4, 8, descr=<ArrayS 8>)
+260: i24 = getarrayitem_gc_i(p4, 9, descr=<ArrayS 8>)
+264: i26 = getarrayitem_gc_i(p4, 10, descr=<ArrayS 8>)
+268: i28 = getarrayitem_gc_i(p4, 11, descr=<ArrayS 8>)
+272: i30 = getarrayitem_gc_i(p4, 12, descr=<ArrayS 8>)
+276: i32 = getarrayitem_gc_i(p4, 13, descr=<ArrayS 8>)
+280: i34 = getarrayitem_gc_i(p4, 14, descr=<ArrayS 8>)
+288: i36 = getarrayitem_gc_i(p4, 15, descr=<ArrayS 8>)
+292: p37 = getfield_gc_r(p2, descr=<FieldP rpyeffect.environment.Environment.inst_values_ptr 24>)
+296: p39 = getarrayitem_gc_r(p37, 0, descr=<ArrayP 8>)
+304: p41 = getarrayitem_gc_r(p37, 1, descr=<ArrayP 8>)
+312: p43 = getarrayitem_gc_r(p37, 2, descr=<ArrayP 8>)
+320: p45 = getarrayitem_gc_r(p37, 3, descr=<ArrayP 8>)
+328: p47 = getarrayitem_gc_r(p37, 4, descr=<ArrayP 8>)
+336: p49 = getarrayitem_gc_r(p37, 5, descr=<ArrayP 8>)
+344: p51 = getarrayitem_gc_r(p37, 6, descr=<ArrayP 8>)
+352: p53 = getarrayitem_gc_r(p37, 7, descr=<ArrayP 8>)
+360: p55 = getarrayitem_gc_r(p37, 8, descr=<ArrayP 8>)
+368: p57 = getarrayitem_gc_r(p37, 9, descr=<ArrayP 8>)
+376: p59 = getarrayitem_gc_r(p37, 10, descr=<ArrayP 8>)
+384: p61 = getarrayitem_gc_r(p37, 11, descr=<ArrayP 8>)
+392: p63 = getarrayitem_gc_r(p37, 12, descr=<ArrayP 8>)
+400: p65 = getarrayitem_gc_r(p37, 13, descr=<ArrayP 8>)
+408: p67 = getarrayitem_gc_r(p37, 14, descr=<ArrayP 8>)
+416: p69 = getarrayitem_gc_r(p37, 15, descr=<ArrayP 8>)
+420: label(p0, p1, p2, p3, i6, i8, i10, i12, i14, i16, i18, i20, i22, i24, i26, i28, i30, i32, i34, i36, p39, p41, p43, p45, p47, p49, p51, p53, p55, p57, p59, p61, p63, p65, p67, p69, descr=TargetToken(5375687504))
debug_merge_point(0, 0, '5005<main.rpyeffect:8([switch case for 0#14])>+0: {"op": "Const". "type": "num". "out": 1. "value": 1}')
+480: guard_not_invalidated(descr=<Guard0x1404af5c8>) [p2, i6, i8, i10, i12, i14, i16, i18, i20, i22, i24, i26, i28, i30, i32, i34, i36, p39, p41, p43, p45, p47, p49, p51, p53, p55, p57, p59, p61, p63, p65, p67, p69, p0, p1, p3]
debug_merge_point(0, 0, '5005<main.rpyeffect:8([switch case for 0#14])>+1: {"op": "PrimOp". "name": "infixEq(Int. Int): Boolean". "out": {"num": [1]. "ptr": []}. "in": {"num": [0. 1]. "ptr": []}}')
+484: i71 = int_eq(i6, 1)
guard_false(i71, descr=<Guard0x1406e44e0>) [p2, i6, i8, i10, i12, i14, i16, i18, i20, i22, i24, i26, i28, i30, i32, i34, i36, p39, p41, p43, p45, p47, p49, p51, p53, p55, p57, p59, p61, p63, p65, p67, p69, p0, p1, p3]
debug_merge_point(0, 0, '5005<main.rpyeffect:8([switch case for 0#14])>+2: {"op": "Switch". "scrutinee": 1. "values": [1]. "targets": [4999]. "default": 5004}')
+492: guard_nonnull(p1, descr=<Guard0x1406e4520>) [p2, i6, i8, i10, i12, i14, i16, i18, i20, i22, i24, i26, i28, i30, i32, i34, i36, p39, p41, p43, p45, p47, p49, p51, p53, p55, p57, p59, p61, p63, p65, p67, p69, p0, p1, p3]
+504: i72 = getfield_gc_i(p1, descr=<FieldS rpyeffect.stored_environment.Stack__arb_arb.inst_target 16 pure>)
+512: guard_value(i72, 5001, descr=<Guard0x1406e4560>) [p2, i6, i8, i10, i12, i14, i16, i18, i20, i22, i24, i26, i28, i30, i32, i34, i36, p39, p41, p43, p45, p47, p49, p51, p53, p55, p57, p59, p61, p63, p65, p67, p69, p0, p1, p3]
debug_merge_point(0, 0, '5004<main.rpyeffect:7([switch default case#24])>+0: {"op": "Const". "type": "num". "out": 1. "value": 1}')
debug_merge_point(0, 0, '5004<main.rpyeffect:7([switch default case#24])>+1: {"op": "PrimOp". "name": "infixEq(Int. Int): Boolean". "out": {"num": [1]. "ptr": []}. "in": {"num": [0. 1]. "ptr": []}}')
debug_merge_point(0, 0, '5004<main.rpyeffect:7([switch default case#24])>+2: {"op": "Switch". "scrutinee": 1. "values": [0]. "targets": [5002]. "default": 5003}')
debug_merge_point(0, 0, '5002<main.rpyeffect:5([switch case for 0#28])>+0: {"op": "Const". "type": "num". "out": 1. "value": 1}')
debug_merge_point(0, 0, '5002<main.rpyeffect:5([switch case for 0#28])>+1: {"op": "PrimOp". "name": "infixSub(Int. Int): Int". "out": {"num": [1]. "ptr": []}. "in": {"num": [0. 1]. "ptr": []}}')
+524: i75 = int_sub(i6, 1)
debug_merge_point(0, 0, '5002<main.rpyeffect:5([switch case for 0#28])>+2: {"op": "Push". "target": 5001. "args": {"num": [0]. "ptr": []}}')
debug_merge_point(0, 0, '5002<main.rpyeffect:5([switch case for 0#28])>+3: {"op": "Copy". "type": "num". "from": 1. "to". 0}')
debug_merge_point(0, 0, '5002<main.rpyeffect:5([switch case for 0#28])>+4: {"op": "Jump". "target": 5008}')
debug_merge_point(0, 0, '5008<main.rpyeffect:11([mcore:[#53]#3])>+0: {"op": "Const". "type": "num". "out": 1. "value": 0}')
debug_merge_point(0, 0, '5008<main.rpyeffect:11([mcore:[#53]#3])>+1: {"op": "PrimOp". "name": "infixEq(Int. Int): Boolean". "out": {"num": [1]. "ptr": []}. "in": {"num": [0. 1]. "ptr": []}}')
+528: i77 = int_eq(i75, 0)
guard_false(i77, descr=<Guard0x1406e45a0>) [p2, i6, i8, i10, i12, i14, i16, i18, i20, i22, i24, i26, i28, i30, i32, i34, i36, p39, p41, p43, p45, p47, p49, p51, p53, p55, p57, p59, p61, p63, p65, p67, p69, p0, p1, p3]
debug_merge_point(0, 0, '5008<main.rpyeffect:11([mcore:[#53]#3])>+2: {"op": "Switch". "scrutinee": 1. "values": [1]. "targets": [4997]. "default": 5007}')
debug_merge_point(0, 0, '5007<main.rpyeffect:10([switch default case#10])>+0: {"op": "Const". "type": "num". "out": 1. "value": 0}')
debug_merge_point(0, 0, '5007<main.rpyeffect:10([switch default case#10])>+1: {"op": "PrimOp". "name": "infixEq(Int. Int): Boolean". "out": {"num": [1]. "ptr": []}. "in": {"num": [0. 1]. "ptr": []}}')
debug_merge_point(0, 0, '5007<main.rpyeffect:10([switch default case#10])>+2: {"op": "Switch". "scrutinee": 1. "values": [0]. "targets": [5005]. "default": 5006}')
debug_merge_point(0, 0, '5005<main.rpyeffect:8([switch case for 0#14])>+0: {"op": "Const". "type": "num". "out": 1. "value": 1}')
+536: label(p0, p1, i6, p2, p3, i75, i10, i12, i14, i16, i18, i20, i22, i24, i26, i28, i30, i32, i34, i36, p39, p41, p43, p45, p47, p49, p51, p53, p55, p57, p59, p61, p63, p65, p67, p69, descr=TargetToken(5375687584))
debug_merge_point(0, 0, '5005<main.rpyeffect:8([switch case for 0#14])>+0: {"op": "Const". "type": "num". "out": 1. "value": 1}')
+536: guard_not_invalidated(descr=<Guard0x1404af620>) [p2, i75, i10, i12, i14, i16, i18, i20, i22, i24, i26, i28, i30, i32, i34, i36, p39, p41, p43, p45, p47, p49, p51, p53, p55, p57, p59, p61, p63, p65, p67, p69, p0, p3, i6, p1]
debug_merge_point(0, 0, '5005<main.rpyeffect:8([switch case for 0#14])>+1: {"op": "PrimOp". "name": "infixEq(Int. Int): Boolean". "out": {"num": [1]. "ptr": []}. "in": {"num": [0. 1]. "ptr": []}}')
+540: i79 = int_eq(i75, 1)
guard_false(i79, descr=<Guard0x1406e45e0>) [p2, i75, i10, i12, i14, i16, i18, i20, i22, i24, i26, i28, i30, i32, i34, i36, p39, p41, p43, p45, p47, p49, p51, p53, p55, p57, p59, p61, p63, p65, p67, p69, p0, p3, i6, p1]
debug_merge_point(0, 0, '5005<main.rpyeffect:8([switch case for 0#14])>+2: {"op": "Switch". "scrutinee": 1. "values": [1]. "targets": [4999]. "default": 5004}')
debug_merge_point(0, 0, '5004<main.rpyeffect:7([switch default case#24])>+0: {"op": "Const". "type": "num". "out": 1. "value": 1}')
debug_merge_point(0, 0, '5004<main.rpyeffect:7([switch default case#24])>+1: {"op": "PrimOp". "name": "infixEq(Int. Int): Boolean". "out": {"num": [1]. "ptr": []}. "in": {"num": [0. 1]. "ptr": []}}')
debug_merge_point(0, 0, '5004<main.rpyeffect:7([switch default case#24])>+2: {"op": "Switch". "scrutinee": 1. "values": [0]. "targets": [5002]. "default": 5003}')
debug_merge_point(0, 0, '5002<main.rpyeffect:5([switch case for 0#28])>+0: {"op": "Const". "type": "num". "out": 1. "value": 1}')
debug_merge_point(0, 0, '5002<main.rpyeffect:5([switch case for 0#28])>+1: {"op": "PrimOp". "name": "infixSub(Int. Int): Int". "out": {"num": [1]. "ptr": []}. "in": {"num": [0. 1]. "ptr": []}}')
+548: i81 = int_sub(i75, 1)
debug_merge_point(0, 0, '5002<main.rpyeffect:5([switch case for 0#28])>+2: {"op": "Push". "target": 5001. "args": {"num": [0]. "ptr": []}}')
debug_merge_point(0, 0, '5002<main.rpyeffect:5([switch case for 0#28])>+3: {"op": "Copy". "type": "num". "from": 1. "to". 0}')
debug_merge_point(0, 0, '5002<main.rpyeffect:5([switch case for 0#28])>+4: {"op": "Jump". "target": 5008}')
debug_merge_point(0, 0, '5008<main.rpyeffect:11([mcore:[#53]#3])>+0: {"op": "Const". "type": "num". "out": 1. "value": 0}')
debug_merge_point(0, 0, '5008<main.rpyeffect:11([mcore:[#53]#3])>+1: {"op": "PrimOp". "name": "infixEq(Int. Int): Boolean". "out": {"num": [1]. "ptr": []}. "in": {"num": [0. 1]. "ptr": []}}')
+552: i83 = int_eq(i81, 0)
guard_false(i83, descr=<Guard0x1406e4620>) [p2, i75, i10, i12, i14, i16, i18, i20, i22, i24, i26, i28, i30, i32, i34, i36, p39, p41, p43, p45, p47, p49, p51, p53, p55, p57, p59, p61, p63, p65, p67, p69, p0, p3, i6, p1]
debug_merge_point(0, 0, '5008<main.rpyeffect:11([mcore:[#53]#3])>+2: {"op": "Switch". "scrutinee": 1. "values": [1]. "targets": [4997]. "default": 5007}')
debug_merge_point(0, 0, '5007<main.rpyeffect:10([switch default case#10])>+0: {"op": "Const". "type": "num". "out": 1. "value": 0}')
debug_merge_point(0, 0, '5007<main.rpyeffect:10([switch default case#10])>+1: {"op": "PrimOp". "name": "infixEq(Int. Int): Boolean". "out": {"num": [1]. "ptr": []}. "in": {"num": [0. 1]. "ptr": []}}')
debug_merge_point(0, 0, '5007<main.rpyeffect:10([switch default case#10])>+2: {"op": "Switch". "scrutinee": 1. "values": [0]. "targets": [5005]. "default": 5006}')
debug_merge_point(0, 0, '5005<main.rpyeffect:8([switch case for 0#14])>+0: {"op": "Const". "type": "num". "out": 1. "value": 1}')
+560: p84 = new_with_vtable(descr=<SizeDescr 48>)
+668: setfield_gc(p84, 5001, descr=<FieldS rpyeffect.stored_environment.Stack__arb_arb.inst_target 16 pure>)
+676: setfield_gc(p84, p1, descr=<FieldP rpyeffect.stored_environment.Stack__arb_arb.inst_tail 8 pure>)
+680: setfield_gc(p84, i6, descr=<FieldS rpyeffect.stored_environment.Stack__1_0.inst_values_num_0 40 pure>)
+700: jump(p0, p84, i75, p2, p3, i81, i10, i12, i14, i16, i18, i20, i22, i24, i26, i28, i30, i32, i34, i36, p39, p41, p43, p45, p47, p49, p51, p53, p55, p57, p59, p61, p63, p65, p67, p69, descr=TargetToken(5375687584))
+712: --end of the loop--
[70e19fa] jit-log-opt-loop}
[7179151] {jit-log-opt-bridge
# bridge out of Guard 0x140483ca0 with 37 ops
[p0, i1, i2, i3, i4, i5, i6, i7, i8, i9, i10, i11, i12, i13, i14, i15, i16, p17, p18, p19, p20, p21, p22, p23, p24, p25, p26, p27, p28, p29, p30, p31, p32, p33, p34, p35]
+120: guard_not_invalidated(descr=<Guard0x1404af678>) [p0, i1, i2, i3, i4, i5, i6, i7, i8, i9, i10, i11, i12, i13, i14, i15, i16, p17, p18, p19, p20, p21, p22, p23, p24, p25, p26, p27, p28, p29, p30, p31, p32, p33, p34, p35]
debug_merge_point(0, 0, '5001<main.rpyeffect:4([k@[switch case for 0#28]#33])>+4: {"op": "Jump". "target": 5008}')
debug_merge_point(0, 0, '5008<main.rpyeffect:11([mcore:[#53]#3])>+0: {"op": "Const". "type": "num". "out": 1. "value": 0}')
debug_merge_point(0, 0, '5008<main.rpyeffect:11([mcore:[#53]#3])>+1: {"op": "PrimOp". "name": "infixEq(Int. Int): Boolean". "out": {"num": [1]. "ptr": []}. "in": {"num": [0. 1]. "ptr": []}}')
+124: i37 = int_eq(i2, 0)
guard_false(i37, descr=<Guard0x1406e4660>) [p0, i1, i2, i3, i4, i5, i6, i7, i8, i9, i10, i11, i12, i13, i14, i15, i16, p17, p18, p19, p20, p21, p22, p23, p24, p25, p26, p27, p28, p29, p30, p31, p32, p33, p34, p35]
debug_merge_point(0, 0, '5008<main.rpyeffect:11([mcore:[#53]#3])>+2: {"op": "Switch". "scrutinee": 1. "values": [1]. "targets": [4997]. "default": 5007}')
+132: guard_nonnull(p34, descr=<Guard0x1406e46a0>) [p0, i1, i2, i3, i4, i5, i6, i7, i8, i9, i10, i11, i12, i13, i14, i15, i16, p17, p18, p19, p20, p21, p22, p23, p24, p25, p26, p27, p28, p29, p30, p31, p32, p33, p34, p35]
+144: i38 = getfield_gc_i(p34, descr=<FieldS rpyeffect.stored_environment.Stack__arb_arb.inst_target 16 pure>)
+152: guard_value(i38, 5000, descr=<Guard0x1406e46e0>) [p0, i1, i2, i3, i4, i5, i6, i7, i8, i9, i10, i11, i12, i13, i14, i15, i16, p17, p18, p19, p20, p21, p22, p23, p24, p25, p26, p27, p28, p29, p30, p31, p32, p33, p34, p35]
debug_merge_point(0, 0, '5007<main.rpyeffect:10([switch default case#10])>+0: {"op": "Const". "type": "num". "out": 1. "value": 0}')
debug_merge_point(0, 0, '5007<main.rpyeffect:10([switch default case#10])>+1: {"op": "PrimOp". "name": "infixEq(Int. Int): Boolean". "out": {"num": [1]. "ptr": []}. "in": {"num": [0. 1]. "ptr": []}}')
debug_merge_point(0, 0, '5007<main.rpyeffect:10([switch default case#10])>+2: {"op": "Switch". "scrutinee": 1. "values": [0]. "targets": [5005]. "default": 5006}')
debug_merge_point(0, 0, '5005<main.rpyeffect:8([switch case for 0#14])>+0: {"op": "Const". "type": "num". "out": 1. "value": 1}')
debug_merge_point(0, 0, '5005<main.rpyeffect:8([switch case for 0#14])>+1: {"op": "PrimOp". "name": "infixEq(Int. Int): Boolean". "out": {"num": [1]. "ptr": []}. "in": {"num": [0. 1]. "ptr": []}}')
+164: i41 = int_eq(i2, 1)
guard_false(i41, descr=<Guard0x1406e4720>) [p0, i1, i2, i3, i4, i5, i6, i7, i8, i9, i10, i11, i12, i13, i14, i15, i16, p17, p18, p19, p20, p21, p22, p23, p24, p25, p26, p27, p28, p29, p30, p31, p32, p33, p34, p35]
debug_merge_point(0, 0, '5005<main.rpyeffect:8([switch case for 0#14])>+2: {"op": "Switch". "scrutinee": 1. "values": [1]. "targets": [4999]. "default": 5004}')
debug_merge_point(0, 0, '5004<main.rpyeffect:7([switch default case#24])>+0: {"op": "Const". "type": "num". "out": 1. "value": 1}')
debug_merge_point(0, 0, '5004<main.rpyeffect:7([switch default case#24])>+1: {"op": "PrimOp". "name": "infixEq(Int. Int): Boolean". "out": {"num": [1]. "ptr": []}. "in": {"num": [0. 1]. "ptr": []}}')
debug_merge_point(0, 0, '5004<main.rpyeffect:7([switch default case#24])>+2: {"op": "Switch". "scrutinee": 1. "values": [0]. "targets": [5002]. "default": 5003}')
debug_merge_point(0, 0, '5002<main.rpyeffect:5([switch case for 0#28])>+0: {"op": "Const". "type": "num". "out": 1. "value": 1}')
debug_merge_point(0, 0, '5002<main.rpyeffect:5([switch case for 0#28])>+1: {"op": "PrimOp". "name": "infixSub(Int. Int): Int". "out": {"num": [1]. "ptr": []}. "in": {"num": [0. 1]. "ptr": []}}')
+172: i43 = int_sub(i2, 1)
debug_merge_point(0, 0, '5002<main.rpyeffect:5([switch case for 0#28])>+2: {"op": "Push". "target": 5001. "args": {"num": [0]. "ptr": []}}')
debug_merge_point(0, 0, '5002<main.rpyeffect:5([switch case for 0#28])>+3: {"op": "Copy". "type": "num". "from": 1. "to". 0}')
debug_merge_point(0, 0, '5002<main.rpyeffect:5([switch case for 0#28])>+4: {"op": "Jump". "target": 5008}')
debug_merge_point(0, 0, '5008<main.rpyeffect:11([mcore:[#53]#3])>+0: {"op": "Const". "type": "num". "out": 1. "value": 0}')
debug_merge_point(0, 0, '5008<main.rpyeffect:11([mcore:[#53]#3])>+1: {"op": "PrimOp". "name": "infixEq(Int. Int): Boolean". "out": {"num": [1]. "ptr": []}. "in": {"num": [0. 1]. "ptr": []}}')
+176: i45 = int_eq(i43, 0)
guard_false(i45, descr=<Guard0x1406e4760>) [p0, i1, i2, i3, i4, i5, i6, i7, i8, i9, i10, i11, i12, i13, i14, i15, i16, p17, p18, p19, p20, p21, p22, p23, p24, p25, p26, p27, p28, p29, p30, p31, p32, p33, p34, p35]
debug_merge_point(0, 0, '5008<main.rpyeffect:11([mcore:[#53]#3])>+2: {"op": "Switch". "scrutinee": 1. "values": [1]. "targets": [4997]. "default": 5007}')
debug_merge_point(0, 0, '5007<main.rpyeffect:10([switch default case#10])>+0: {"op": "Const". "type": "num". "out": 1. "value": 0}')
debug_merge_point(0, 0, '5007<main.rpyeffect:10([switch default case#10])>+1: {"op": "PrimOp". "name": "infixEq(Int. Int): Boolean". "out": {"num": [1]. "ptr": []}. "in": {"num": [0. 1]. "ptr": []}}')
debug_merge_point(0, 0, '5007<main.rpyeffect:10([switch default case#10])>+2: {"op": "Switch". "scrutinee": 1. "values": [0]. "targets": [5005]. "default": 5006}')
debug_merge_point(0, 0, '5005<main.rpyeffect:8([switch case for 0#14])>+0: {"op": "Const". "type": "num". "out": 1. "value": 1}')
+184: jump(p33, p34, i2, p0, p35, i43, i3, i4, i5, i6, i7, i8, i9, i10, i11, i12, i13, i14, i15, i16, p17, p18, p19, p20, p21, p22, p23, p24, p25, p26, p27, p28, p29, p30, p31, p32, descr=TargetToken(5375687584))
+428: --end of the loop--
[7181dc8] jit-log-opt-bridge}
[71d0c26] {jit-log-opt-bridge
# bridge out of Guard 0x1406e45e0 with 17 ops
[p0, i1, i2, i3, i4, i5, i6, i7, i8, i9, i10, i11, i12, i13, i14, i15, p16, p17, p18, p19, p20, p21, p22, p23, p24, p25, p26, p27, p28, p29, p30, p31, p32, p33, i34, p35]
+88: guard_not_invalidated(descr=<Guard0x1406f2180>) [p0, i1, i2, i3, i4, i5, i6, i7, i8, i9, i10, i11, i12, i13, i14, i15, p16, p17, p18, p19, p20, p21, p22, p23, p24, p25, p26, p27, p28, p29, p30, p31, p32, p33, i34, p35]
debug_merge_point(0, 0, '5005<main.rpyeffect:8([switch case for 0#14])>+1: {"op": "PrimOp". "name": "infixEq(Int. Int): Boolean". "out": {"num": [1]. "ptr": []}. "in": {"num": [0. 1]. "ptr": []}}')
+92: i37 = int_eq(i1, 1)
guard_true(i37, descr=<Guard0x1406e4e60>) [p0, i1, i2, i3, i4, i5, i6, i7, i8, i9, i10, i11, i12, i13, i14, i15, p16, p17, p18, p19, p20, p21, p22, p23, p24, p25, p26, p27, p28, p29, p30, p31, p32, p33, i34, p35]
debug_merge_point(0, 0, '5005<main.rpyeffect:8([switch case for 0#14])>+2: {"op": "Switch". "scrutinee": 1. "values": [1]. "targets": [4999]. "default": 5004}')
debug_merge_point(0, 0, '4999<main.rpyeffect:2([switch case for 1#21])>+0: {"op": "Const". "type": "num". "out": 0. "value": 1}')
debug_merge_point(0, 0, '4999<main.rpyeffect:2([switch case for 1#21])>+1: {"op": "Return". "args": {"num": [0]. "ptr": []}}')
debug_merge_point(0, 0, '5001<main.rpyeffect:4([k@[switch case for 0#28]#33])>+0: {"op": "Const". "type": "num". "out": 2. "value": 2}')
debug_merge_point(0, 0, '5001<main.rpyeffect:4([k@[switch case for 0#28]#33])>+1: {"op": "PrimOp". "name": "infixSub(Int. Int): Int". "out": {"num": [1]. "ptr": []}. "in": {"num": [1. 2]. "ptr": []}}')
+100: i39 = int_sub(i34, 2)
debug_merge_point(0, 0, '5001<main.rpyeffect:4([k@[switch case for 0#28]#33])>+2: {"op": "Push". "target": 5000. "args": {"num": [0]. "ptr": []}}')
debug_merge_point(0, 0, '5001<main.rpyeffect:4([k@[switch case for 0#28]#33])>+3: {"op": "Copy". "type": "num". "from": 1. "to". 0}')
+104: p40 = new_with_vtable(descr=<SizeDescr 48>)
+212: setfield_gc(p40, p35, descr=<FieldP rpyeffect.stored_environment.Stack__arb_arb.inst_tail 8 pure>)
+216: setfield_gc(p40, 5000, descr=<FieldS rpyeffect.stored_environment.Stack__arb_arb.inst_target 16 pure>)
+224: setfield_gc(p40, 1, descr=<FieldS rpyeffect.stored_environment.Stack__1_0.inst_values_num_0 40 pure>)
+248: jump(p32, p40, p0, p33, 1, i39, 2, i3, i4, i5, i6, i7, i8, i9, i10, i11, i12, i13, i14, i15, p16, p17, p18, p19, p20, p21, p22, p23, p24, p25, p26, p27, p28, p29, p30, p31, descr=TargetToken(5375687184))
+480: --end of the loop--
[71d4b23] jit-log-opt-bridge}
[7208f90] {jit-log-opt-bridge
# bridge out of Guard 0x140483de0 with 39 ops
[p0, i1, i2, i3, i4, i5, i6, i7, i8, i9, i10, i11, i12, i13, i14, i15, p16, p17, p18, p19, p20, p21, p22, p23, p24, p25, p26, p27, p28, p29, p30, p31, p32, p33, p34]
+136: guard_not_invalidated(descr=<Guard0x1406f21d8>) [p0, i1, i2, i3, i4, i5, i6, i7, i8, i9, i10, i11, i12, i13, i14, i15, p16, p17, p18, p19, p20, p21, p22, p23, p24, p25, p26, p27, p28, p29, p30, p31, p32, p33, p34]
debug_merge_point(0, 0, '5001<main.rpyeffect:4([k@[switch case for 0#28]#33])>+4: {"op": "Jump". "target": 5008}')
debug_merge_point(0, 0, '5008<main.rpyeffect:11([mcore:[#53]#3])>+0: {"op": "Const". "type": "num". "out": 1. "value": 0}')
debug_merge_point(0, 0, '5008<main.rpyeffect:11([mcore:[#53]#3])>+1: {"op": "PrimOp". "name": "infixEq(Int. Int): Boolean". "out": {"num": [1]. "ptr": []}. "in": {"num": [0. 1]. "ptr": []}}')
+140: i36 = int_eq(i2, 0)
guard_false(i36, descr=<Guard0x1406e4ea0>) [p0, i1, i2, i3, i4, i5, i6, i7, i8, i9, i10, i11, i12, i13, i14, i15, p16, p17, p18, p19, p20, p21, p22, p23, p24, p25, p26, p27, p28, p29, p30, p31, p32, p33, p34]
debug_merge_point(0, 0, '5008<main.rpyeffect:11([mcore:[#53]#3])>+2: {"op": "Switch". "scrutinee": 1. "values": [1]. "targets": [4997]. "default": 5007}')
debug_merge_point(0, 0, '5007<main.rpyeffect:10([switch default case#10])>+0: {"op": "Const". "type": "num". "out": 1. "value": 0}')
debug_merge_point(0, 0, '5007<main.rpyeffect:10([switch default case#10])>+1: {"op": "PrimOp". "name": "infixEq(Int. Int): Boolean". "out": {"num": [1]. "ptr": []}. "in": {"num": [0. 1]. "ptr": []}}')
debug_merge_point(0, 0, '5007<main.rpyeffect:10([switch default case#10])>+2: {"op": "Switch". "scrutinee": 1. "values": [0]. "targets": [5005]. "default": 5006}')
debug_merge_point(0, 0, '5005<main.rpyeffect:8([switch case for 0#14])>+0: {"op": "Const". "type": "num". "out": 1. "value": 1}')
debug_merge_point(0, 0, '5005<main.rpyeffect:8([switch case for 0#14])>+1: {"op": "PrimOp". "name": "infixEq(Int. Int): Boolean". "out": {"num": [1]. "ptr": []}. "in": {"num": [0. 1]. "ptr": []}}')
+148: i38 = int_eq(i2, 1)
guard_true(i38, descr=<Guard0x1406e4ee0>) [p0, i1, i2, i3, i4, i5, i6, i7, i8, i9, i10, i11, i12, i13, i14, i15, p16, p17, p18, p19, p20, p21, p22, p23, p24, p25, p26, p27, p28, p29, p30, p31, p32, p33, p34]
debug_merge_point(0, 0, '5005<main.rpyeffect:8([switch case for 0#14])>+2: {"op": "Switch". "scrutinee": 1. "values": [1]. "targets": [4999]. "default": 5004}')
debug_merge_point(0, 0, '4999<main.rpyeffect:2([switch case for 1#21])>+0: {"op": "Const". "type": "num". "out": 0. "value": 1}')
debug_merge_point(0, 0, '4999<main.rpyeffect:2([switch case for 1#21])>+1: {"op": "Return". "args": {"num": [0]. "ptr": []}}')
debug_merge_point(0, 0, '5000<main.rpyeffect:3([k@[k@[switch case for 0#28]#33]#38])>+0: {"op": "PrimOp". "name": "infixAdd(Int. Int): Int". "out": {"num": [0]. "ptr": []}. "in": {"num": [1. 0]. "ptr": []}}')
+156: i40 = int_add(i1, 1)
debug_merge_point(0, 0, '5000<main.rpyeffect:3([k@[k@[switch case for 0#28]#33]#38])>+1: {"op": "Return". "args": {"num": [0]. "ptr": []}}')
+164: guard_nonnull(p34, descr=<Guard0x1406e4f20>) [p0, i1, i2, i3, i4, i5, i6, i7, i8, i9, i10, i11, i12, i13, i14, i15, p16, p17, p18, p19, p20, p21, p22, p23, p24, p25, p26, p27, p28, p29, p30, p31, p32, p33, p34]
+172: i41 = getfield_gc_i(p34, descr=<FieldS rpyeffect.stored_environment.Stack__arb_arb.inst_target 16 pure>)
+176: guard_value(i41, 5000, descr=<Guard0x1406e4f60>) [p0, i1, i2, i3, i4, i5, i6, i7, i8, i9, i10, i11, i12, i13, i14, i15, p16, p17, p18, p19, p20, p21, p22, p23, p24, p25, p26, p27, p28, p29, p30, p31, p32, p33, p34]
+188: i43 = getfield_gc_i(p34, descr=<FieldS rpyeffect.stored_environment.Stack__1_0.inst_values_num_0 40 pure>)
+192: p44 = getfield_gc_r(p34, descr=<FieldP rpyeffect.stored_environment.Stack__arb_arb.inst_tail 8 pure>)
+196: guard_nonnull(p44, descr=<Guard0x1406e4fa0>) [p0, i1, i2, i3, i4, i5, i6, i7, i8, i9, i10, i11, i12, i13, i14, i15, p16, p17, p18, p19, p20, p21, p22, p23, p24, p25, p26, p27, p28, p29, p30, p31, p32, p33, p34]
+204: i45 = getfield_gc_i(p44, descr=<FieldS rpyeffect.stored_environment.Stack__arb_arb.inst_target 16 pure>)
+208: guard_value(i45, 5001, descr=<Guard0x1406e4fe0>) [p0, i1, i2, i3, i4, i5, i6, i7, i8, i9, i10, i11, i12, i13, i14, i15, p16, p17, p18, p19, p20, p21, p22, p23, p24, p25, p26, p27, p28, p29, p30, p31, p32, p33, p34]
debug_merge_point(0, 0, '5000<main.rpyeffect:3([k@[k@[switch case for 0#28]#33]#38])>+0: {"op": "PrimOp". "name": "infixAdd(Int. Int): Int". "out": {"num": [0]. "ptr": []}. "in": {"num": [1. 0]. "ptr": []}}')
+220: i47 = int_add(i43, i40)
debug_merge_point(0, 0, '5000<main.rpyeffect:3([k@[k@[switch case for 0#28]#33]#38])>+1: {"op": "Return". "args": {"num": [0]. "ptr": []}}')
+224: i48 = getfield_gc_i(p44, descr=<FieldS rpyeffect.stored_environment.Stack__1_0.inst_values_num_0 40 pure>)
+228: p49 = getfield_gc_r(p44, descr=<FieldP rpyeffect.stored_environment.Stack__arb_arb.inst_tail 8 pure>)
debug_merge_point(0, 0, '5001<main.rpyeffect:4([k@[switch case for 0#28]#33])>+0: {"op": "Const". "type": "num". "out": 2. "value": 2}')
debug_merge_point(0, 0, '5001<main.rpyeffect:4([k@[switch case for 0#28]#33])>+1: {"op": "PrimOp". "name": "infixSub(Int. Int): Int". "out": {"num": [1]. "ptr": []}. "in": {"num": [1. 2]. "ptr": []}}')
+232: i51 = int_sub(i48, 2)
debug_merge_point(0, 0, '5001<main.rpyeffect:4([k@[switch case for 0#28]#33])>+2: {"op": "Push". "target": 5000. "args": {"num": [0]. "ptr": []}}')
debug_merge_point(0, 0, '5001<main.rpyeffect:4([k@[switch case for 0#28]#33])>+3: {"op": "Copy". "type": "num". "from": 1. "to". 0}')
+236: jump(p32, p49, i47, p0, p33, i51, i3, i4, i5, i6, i7, i8, i9, i10, i11, i12, i13, i14, i15, p16, p17, p18, p19, p20, p21, p22, p23, p24, p25, p26, p27, p28, p29, p30, p31, descr=TargetToken(5375687264))
+268: --end of the loop--
[721206c] jit-log-opt-bridge}
[72693ee] {jit-log-opt-loop
# Loop 7 (5007<main.rpyeffect:10([switch default case#10])>+0: {"op": "Const", "type": "num", "out": 1, "value": 0}) : entry bridge with 66 ops
[p0, p1, p2, p3]
+216: p4 = getfield_gc_r(p2, descr=<FieldP rpyeffect.environment.Environment.inst_values_num 16>)
+224: i6 = getarrayitem_gc_i(p4, 0, descr=<ArrayS 8>)
+228: i8 = getarrayitem_gc_i(p4, 1, descr=<ArrayS 8>)
+232: i10 = getarrayitem_gc_i(p4, 2, descr=<ArrayS 8>)
+236: i12 = getarrayitem_gc_i(p4, 3, descr=<ArrayS 8>)
+240: i14 = getarrayitem_gc_i(p4, 4, descr=<ArrayS 8>)
+244: i16 = getarrayitem_gc_i(p4, 5, descr=<ArrayS 8>)
+248: i18 = getarrayitem_gc_i(p4, 6, descr=<ArrayS 8>)
+252: i20 = getarrayitem_gc_i(p4, 7, descr=<ArrayS 8>)
+256: i22 = getarrayitem_gc_i(p4, 8, descr=<ArrayS 8>)
+260: i24 = getarrayitem_gc_i(p4, 9, descr=<ArrayS 8>)
+264: i26 = getarrayitem_gc_i(p4, 10, descr=<ArrayS 8>)
+268: i28 = getarrayitem_gc_i(p4, 11, descr=<ArrayS 8>)
+272: i30 = getarrayitem_gc_i(p4, 12, descr=<ArrayS 8>)
+276: i32 = getarrayitem_gc_i(p4, 13, descr=<ArrayS 8>)
+280: i34 = getarrayitem_gc_i(p4, 14, descr=<ArrayS 8>)
+288: i36 = getarrayitem_gc_i(p4, 15, descr=<ArrayS 8>)
+292: p37 = getfield_gc_r(p2, descr=<FieldP rpyeffect.environment.Environment.inst_values_ptr 24>)
+296: p39 = getarrayitem_gc_r(p37, 0, descr=<ArrayP 8>)
+304: p41 = getarrayitem_gc_r(p37, 1, descr=<ArrayP 8>)
+312: p43 = getarrayitem_gc_r(p37, 2, descr=<ArrayP 8>)
+320: p45 = getarrayitem_gc_r(p37, 3, descr=<ArrayP 8>)
+328: p47 = getarrayitem_gc_r(p37, 4, descr=<ArrayP 8>)
+336: p49 = getarrayitem_gc_r(p37, 5, descr=<ArrayP 8>)
+344: p51 = getarrayitem_gc_r(p37, 6, descr=<ArrayP 8>)
+352: p53 = getarrayitem_gc_r(p37, 7, descr=<ArrayP 8>)
+360: p55 = getarrayitem_gc_r(p37, 8, descr=<ArrayP 8>)
+368: p57 = getarrayitem_gc_r(p37, 9, descr=<ArrayP 8>)
+376: p59 = getarrayitem_gc_r(p37, 10, descr=<ArrayP 8>)
+384: p61 = getarrayitem_gc_r(p37, 11, descr=<ArrayP 8>)
+392: p63 = getarrayitem_gc_r(p37, 12, descr=<ArrayP 8>)
+400: p65 = getarrayitem_gc_r(p37, 13, descr=<ArrayP 8>)
+408: p67 = getarrayitem_gc_r(p37, 14, descr=<ArrayP 8>)
+416: p69 = getarrayitem_gc_r(p37, 15, descr=<ArrayP 8>)
debug_merge_point(0, 0, '5007<main.rpyeffect:10([switch default case#10])>+0: {"op": "Const". "type": "num". "out": 1. "value": 0}')
+420: guard_not_invalidated(descr=<Guard0x1406f2288>) [p2, i6, i8, i10, i12, i14, i16, i18, i20, i22, i24, i26, i28, i30, i32, i34, i36, p39, p41, p43, p45, p47, p49, p51, p53, p55, p57, p59, p61, p63, p65, p67, p69, p0, p1, p3]
debug_merge_point(0, 0, '5007<main.rpyeffect:10([switch default case#10])>+1: {"op": "PrimOp". "name": "infixEq(Int. Int): Boolean". "out": {"num": [1]. "ptr": []}. "in": {"num": [0. 1]. "ptr": []}}')
+424: i71 = int_eq(i6, 0)
guard_false(i71, descr=<Guard0x1406e5020>) [p2, i6, i8, i10, i12, i14, i16, i18, i20, i22, i24, i26, i28, i30, i32, i34, i36, p39, p41, p43, p45, p47, p49, p51, p53, p55, p57, p59, p61, p63, p65, p67, p69, p0, p1, p3]
debug_merge_point(0, 0, '5007<main.rpyeffect:10([switch default case#10])>+2: {"op": "Switch". "scrutinee": 1. "values": [0]. "targets": [5005]. "default": 5006}')
+432: guard_nonnull(p1, descr=<Guard0x1406e5060>) [p2, i6, i8, i10, i12, i14, i16, i18, i20, i22, i24, i26, i28, i30, i32, i34, i36, p39, p41, p43, p45, p47, p49, p51, p53, p55, p57, p59, p61, p63, p65, p67, p69, p0, p1, p3]
+444: i72 = getfield_gc_i(p1, descr=<FieldS rpyeffect.stored_environment.Stack__arb_arb.inst_target 16 pure>)
+460: guard_value(i72, 5000, descr=<Guard0x1406e50a0>) [p2, i6, i8, i10, i12, i14, i16, i18, i20, i22, i24, i26, i28, i30, i32, i34, i36, p39, p41, p43, p45, p47, p49, p51, p53, p55, p57, p59, p61, p63, p65, p67, p69, p0, p1, p3]
debug_merge_point(0, 0, '5005<main.rpyeffect:8([switch case for 0#14])>+0: {"op": "Const". "type": "num". "out": 1. "value": 1}')
debug_merge_point(0, 0, '5005<main.rpyeffect:8([switch case for 0#14])>+1: {"op": "PrimOp". "name": "infixEq(Int. Int): Boolean". "out": {"num": [1]. "ptr": []}. "in": {"num": [0. 1]. "ptr": []}}')
+476: i75 = int_eq(i6, 1)
guard_true(i75, descr=<Guard0x1406e50e0>) [p2, i6, i8, i10, i12, i14, i16, i18, i20, i22, i24, i26, i28, i30, i32, i34, i36, p39, p41, p43, p45, p47, p49, p51, p53, p55, p57, p59, p61, p63, p65, p67, p69, p0, p1, p3]
debug_merge_point(0, 0, '5005<main.rpyeffect:8([switch case for 0#14])>+2: {"op": "Switch". "scrutinee": 1. "values": [1]. "targets": [4999]. "default": 5004}')
debug_merge_point(0, 0, '4999<main.rpyeffect:2([switch case for 1#21])>+0: {"op": "Const". "type": "num". "out": 0. "value": 1}')
debug_merge_point(0, 0, '4999<main.rpyeffect:2([switch case for 1#21])>+1: {"op": "Return". "args": {"num": [0]. "ptr": []}}')
+484: i76 = getfield_gc_i(p1, descr=<FieldS rpyeffect.stored_environment.Stack__1_0.inst_values_num_0 40 pure>)
+488: p77 = getfield_gc_r(p1, descr=<FieldP rpyeffect.stored_environment.Stack__arb_arb.inst_tail 8 pure>)
debug_merge_point(0, 0, '5000<main.rpyeffect:3([k@[k@[switch case for 0#28]#33]#38])>+0: {"op": "PrimOp". "name": "infixAdd(Int. Int): Int". "out": {"num": [0]. "ptr": []}. "in": {"num": [1. 0]. "ptr": []}}')
+492: i79 = int_add(i76, 1)
debug_merge_point(0, 0, '5000<main.rpyeffect:3([k@[k@[switch case for 0#28]#33]#38])>+1: {"op": "Return". "args": {"num": [0]. "ptr": []}}')
+496: guard_nonnull(p77, descr=<Guard0x1406e5120>) [p2, i6, i8, i10, i12, i14, i16, i18, i20, i22, i24, i26, i28, i30, i32, i34, i36, p39, p41, p43, p45, p47, p49, p51, p53, p55, p57, p59, p61, p63, p65, p67, p69, p0, p1, p3]
+504: i80 = getfield_gc_i(p77, descr=<FieldS rpyeffect.stored_environment.Stack__arb_arb.inst_target 16 pure>)
+512: guard_value(i80, 5001, descr=<Guard0x1406e5160>) [p2, i6, i8, i10, i12, i14, i16, i18, i20, i22, i24, i26, i28, i30, i32, i34, i36, p39, p41, p43, p45, p47, p49, p51, p53, p55, p57, p59, p61, p63, p65, p67, p69, p0, p1, p3]
+528: i82 = getfield_gc_i(p77, descr=<FieldS rpyeffect.stored_environment.Stack__1_0.inst_values_num_0 40 pure>)
+532: p83 = getfield_gc_r(p77, descr=<FieldP rpyeffect.stored_environment.Stack__arb_arb.inst_tail 8 pure>)
debug_merge_point(0, 0, '5001<main.rpyeffect:4([k@[switch case for 0#28]#33])>+0: {"op": "Const". "type": "num". "out": 2. "value": 2}')
debug_merge_point(0, 0, '5001<main.rpyeffect:4([k@[switch case for 0#28]#33])>+1: {"op": "PrimOp". "name": "infixSub(Int. Int): Int". "out": {"num": [1]. "ptr": []}. "in": {"num": [1. 2]. "ptr": []}}')
+536: i85 = int_sub(i82, 2)
debug_merge_point(0, 0, '5001<main.rpyeffect:4([k@[switch case for 0#28]#33])>+2: {"op": "Push". "target": 5000. "args": {"num": [0]. "ptr": []}}')
debug_merge_point(0, 0, '5001<main.rpyeffect:4([k@[switch case for 0#28]#33])>+3: {"op": "Copy". "type": "num". "from": 1. "to". 0}')
+540: jump(p0, p83, i79, p2, p3, i85, i12, i14, i16, i18, i20, i22, i24, i26, i28, i30, i32, i34, i36, p39, p41, p43, p45, p47, p49, p51, p53, p55, p57, p59, p61, p63, p65, p67, p69, descr=TargetToken(5375687264))
+704: --end of the loop--
[7274d26] jit-log-opt-loop}
[72bfabe] {jit-log-opt-loop
# Loop 8 (5005<main.rpyeffect:8([switch case for 0#14])>+0: {"op": "Const", "type": "num", "out": 1, "value": 1}) : entry bridge with 62 ops
[p0, p1, p2, p3]
+200: p4 = getfield_gc_r(p2, descr=<FieldP rpyeffect.environment.Environment.inst_values_num 16>)
+208: i6 = getarrayitem_gc_i(p4, 0, descr=<ArrayS 8>)
+212: i8 = getarrayitem_gc_i(p4, 1, descr=<ArrayS 8>)
+216: i10 = getarrayitem_gc_i(p4, 2, descr=<ArrayS 8>)
+220: i12 = getarrayitem_gc_i(p4, 3, descr=<ArrayS 8>)
+224: i14 = getarrayitem_gc_i(p4, 4, descr=<ArrayS 8>)
+228: i16 = getarrayitem_gc_i(p4, 5, descr=<ArrayS 8>)
+232: i18 = getarrayitem_gc_i(p4, 6, descr=<ArrayS 8>)
+236: i20 = getarrayitem_gc_i(p4, 7, descr=<ArrayS 8>)
+240: i22 = getarrayitem_gc_i(p4, 8, descr=<ArrayS 8>)
+244: i24 = getarrayitem_gc_i(p4, 9, descr=<ArrayS 8>)
+248: i26 = getarrayitem_gc_i(p4, 10, descr=<ArrayS 8>)
+252: i28 = getarrayitem_gc_i(p4, 11, descr=<ArrayS 8>)
+256: i30 = getarrayitem_gc_i(p4, 12, descr=<ArrayS 8>)
+260: i32 = getarrayitem_gc_i(p4, 13, descr=<ArrayS 8>)
+264: i34 = getarrayitem_gc_i(p4, 14, descr=<ArrayS 8>)
+272: i36 = getarrayitem_gc_i(p4, 15, descr=<ArrayS 8>)
+276: p37 = getfield_gc_r(p2, descr=<FieldP rpyeffect.environment.Environment.inst_values_ptr 24>)
+280: p39 = getarrayitem_gc_r(p37, 0, descr=<ArrayP 8>)
+288: p41 = getarrayitem_gc_r(p37, 1, descr=<ArrayP 8>)
+296: p43 = getarrayitem_gc_r(p37, 2, descr=<ArrayP 8>)
+304: p45 = getarrayitem_gc_r(p37, 3, descr=<ArrayP 8>)
+312: p47 = getarrayitem_gc_r(p37, 4, descr=<ArrayP 8>)
+320: p49 = getarrayitem_gc_r(p37, 5, descr=<ArrayP 8>)
+328: p51 = getarrayitem_gc_r(p37, 6, descr=<ArrayP 8>)
+336: p53 = getarrayitem_gc_r(p37, 7, descr=<ArrayP 8>)
+344: p55 = getarrayitem_gc_r(p37, 8, descr=<ArrayP 8>)
+352: p57 = getarrayitem_gc_r(p37, 9, descr=<ArrayP 8>)
+360: p59 = getarrayitem_gc_r(p37, 10, descr=<ArrayP 8>)
+368: p61 = getarrayitem_gc_r(p37, 11, descr=<ArrayP 8>)
+376: p63 = getarrayitem_gc_r(p37, 12, descr=<ArrayP 8>)
+384: p65 = getarrayitem_gc_r(p37, 13, descr=<ArrayP 8>)
+392: p67 = getarrayitem_gc_r(p37, 14, descr=<ArrayP 8>)
+400: p69 = getarrayitem_gc_r(p37, 15, descr=<ArrayP 8>)
debug_merge_point(0, 0, '5005<main.rpyeffect:8([switch case for 0#14])>+0: {"op": "Const". "type": "num". "out": 1. "value": 1}')
+404: guard_not_invalidated(descr=<Guard0x1406f2338>) [p2, i6, i8, i10, i12, i14, i16, i18, i20, i22, i24, i26, i28, i30, i32, i34, i36, p39, p41, p43, p45, p47, p49, p51, p53, p55, p57, p59, p61, p63, p65, p67, p69, p0, p1, p3]
debug_merge_point(0, 0, '5005<main.rpyeffect:8([switch case for 0#14])>+1: {"op": "PrimOp". "name": "infixEq(Int. Int): Boolean". "out": {"num": [1]. "ptr": []}. "in": {"num": [0. 1]. "ptr": []}}')
+408: i71 = int_eq(i6, 1)
guard_false(i71, descr=<Guard0x1406e51a0>) [p2, i6, i8, i10, i12, i14, i16, i18, i20, i22, i24, i26, i28, i30, i32, i34, i36, p39, p41, p43, p45, p47, p49, p51, p53, p55, p57, p59, p61, p63, p65, p67, p69, p0, p1, p3]
debug_merge_point(0, 0, '5005<main.rpyeffect:8([switch case for 0#14])>+2: {"op": "Switch". "scrutinee": 1. "values": [1]. "targets": [4999]. "default": 5004}')
+416: guard_nonnull(p1, descr=<Guard0x1406e51e0>) [p2, i6, i8, i10, i12, i14, i16, i18, i20, i22, i24, i26, i28, i30, i32, i34, i36, p39, p41, p43, p45, p47, p49, p51, p53, p55, p57, p59, p61, p63, p65, p67, p69, p0, p1, p3]
+428: i72 = getfield_gc_i(p1, descr=<FieldS rpyeffect.stored_environment.Stack__arb_arb.inst_target 16 pure>)
+444: guard_value(i72, 5000, descr=<Guard0x1406e5220>) [p2, i6, i8, i10, i12, i14, i16, i18, i20, i22, i24, i26, i28, i30, i32, i34, i36, p39, p41, p43, p45, p47, p49, p51, p53, p55, p57, p59, p61, p63, p65, p67, p69, p0, p1, p3]
debug_merge_point(0, 0, '5004<main.rpyeffect:7([switch default case#24])>+0: {"op": "Const". "type": "num". "out": 1. "value": 1}')
debug_merge_point(0, 0, '5004<main.rpyeffect:7([switch default case#24])>+1: {"op": "PrimOp". "name": "infixEq(Int. Int): Boolean". "out": {"num": [1]. "ptr": []}. "in": {"num": [0. 1]. "ptr": []}}')
debug_merge_point(0, 0, '5004<main.rpyeffect:7([switch default case#24])>+2: {"op": "Switch". "scrutinee": 1. "values": [0]. "targets": [5002]. "default": 5003}')
debug_merge_point(0, 0, '5002<main.rpyeffect:5([switch case for 0#28])>+0: {"op": "Const". "type": "num". "out": 1. "value": 1}')
debug_merge_point(0, 0, '5002<main.rpyeffect:5([switch case for 0#28])>+1: {"op": "PrimOp". "name": "infixSub(Int. Int): Int". "out": {"num": [1]. "ptr": []}. "in": {"num": [0. 1]. "ptr": []}}')
+460: i75 = int_sub(i6, 1)
debug_merge_point(0, 0, '5002<main.rpyeffect:5([switch case for 0#28])>+2: {"op": "Push". "target": 5001. "args": {"num": [0]. "ptr": []}}')
debug_merge_point(0, 0, '5002<main.rpyeffect:5([switch case for 0#28])>+3: {"op": "Copy". "type": "num". "from": 1. "to". 0}')
debug_merge_point(0, 0, '5002<main.rpyeffect:5([switch case for 0#28])>+4: {"op": "Jump". "target": 5008}')
debug_merge_point(0, 0, '5008<main.rpyeffect:11([mcore:[#53]#3])>+0: {"op": "Const". "type": "num". "out": 1. "value": 0}')
debug_merge_point(0, 0, '5008<main.rpyeffect:11([mcore:[#53]#3])>+1: {"op": "PrimOp". "name": "infixEq(Int. Int): Boolean". "out": {"num": [1]. "ptr": []}. "in": {"num": [0. 1]. "ptr": []}}')
+464: i77 = int_eq(i75, 0)
guard_false(i77, descr=<Guard0x1406e5260>) [p2, i6, i8, i10, i12, i14, i16, i18, i20, i22, i24, i26, i28, i30, i32, i34, i36, p39, p41, p43, p45, p47, p49, p51, p53, p55, p57, p59, p61, p63, p65, p67, p69, p0, p1, p3]
debug_merge_point(0, 0, '5008<main.rpyeffect:11([mcore:[#53]#3])>+2: {"op": "Switch". "scrutinee": 1. "values": [1]. "targets": [4997]. "default": 5007}')
debug_merge_point(0, 0, '5007<main.rpyeffect:10([switch default case#10])>+0: {"op": "Const". "type": "num". "out": 1. "value": 0}')
debug_merge_point(0, 0, '5007<main.rpyeffect:10([switch default case#10])>+1: {"op": "PrimOp". "name": "infixEq(Int. Int): Boolean". "out": {"num": [1]. "ptr": []}. "in": {"num": [0. 1]. "ptr": []}}')
debug_merge_point(0, 0, '5007<main.rpyeffect:10([switch default case#10])>+2: {"op": "Switch". "scrutinee": 1. "values": [0]. "targets": [5005]. "default": 5006}')
debug_merge_point(0, 0, '5005<main.rpyeffect:8([switch case for 0#14])>+0: {"op": "Const". "type": "num". "out": 1. "value": 1}')
+472: jump(p0, p1, i6, p2, p3, i75, i10, i12, i14, i16, i18, i20, i22, i24, i26, i28, i30, i32, i34, i36, p39, p41, p43, p45, p47, p49, p51, p53, p55, p57, p59, p61, p63, p65, p67, p69, descr=TargetToken(5375687584))
+628: --end of the loop--
[72cacf7] jit-log-opt-loop}
[730fd9e] {jit-log-opt-bridge
# bridge out of Guard 0x140483da0 with 35 ops
[p0, i1, i2, i3, i4, i5, i6, i7, i8, i9, i10, i11, i12, i13, i14, i15, i16, p17, p18, p19, p20, p21, p22, p23, p24, p25, p26, p27, p28, p29, p30, p31, p32, p33, p34, p35]
+136: guard_not_invalidated(descr=<Guard0x1406f2910>) [p0, i1, i2, i3, i4, i5, i6, i7, i8, i9, i10, i11, i12, i13, i14, i15, i16, p17, p18, p19, p20, p21, p22, p23, p24, p25, p26, p27, p28, p29, p30, p31, p32, p33, p34, p35]
debug_merge_point(0, 0, '5001<main.rpyeffect:4([k@[switch case for 0#28]#33])>+4: {"op": "Jump". "target": 5008}')
debug_merge_point(0, 0, '5008<main.rpyeffect:11([mcore:[#53]#3])>+0: {"op": "Const". "type": "num". "out": 1. "value": 0}')
debug_merge_point(0, 0, '5008<main.rpyeffect:11([mcore:[#53]#3])>+1: {"op": "PrimOp". "name": "infixEq(Int. Int): Boolean". "out": {"num": [1]. "ptr": []}. "in": {"num": [0. 1]. "ptr": []}}')
+140: i37 = int_eq(i2, 0)
guard_true(i37, descr=<Guard0x1406e5360>) [p0, i1, i2, i3, i4, i5, i6, i7, i8, i9, i10, i11, i12, i13, i14, i15, i16, p17, p18, p19, p20, p21, p22, p23, p24, p25, p26, p27, p28, p29, p30, p31, p32, p33, p34, p35]
debug_merge_point(0, 0, '5008<main.rpyeffect:11([mcore:[#53]#3])>+2: {"op": "Switch". "scrutinee": 1. "values": [1]. "targets": [4997]. "default": 5007}')
+148: guard_nonnull(p34, descr=<Guard0x1406e53a0>) [p0, i1, i2, i3, i4, i5, i6, i7, i8, i9, i10, i11, i12, i13, i14, i15, i16, p17, p18, p19, p20, p21, p22, p23, p24, p25, p26, p27, p28, p29, p30, p31, p32, p33, p34, p35]
+156: i38 = getfield_gc_i(p34, descr=<FieldS rpyeffect.stored_environment.Stack__arb_arb.inst_target 16 pure>)
+160: guard_value(i38, 5000, descr=<Guard0x1406e53e0>) [p0, i1, i2, i3, i4, i5, i6, i7, i8, i9, i10, i11, i12, i13, i14, i15, i16, p17, p18, p19, p20, p21, p22, p23, p24, p25, p26, p27, p28, p29, p30, p31, p32, p33, p34, p35]
debug_merge_point(0, 0, '4997<main.rpyeffect:0([switch case for 1#7])>+0: {"op": "Const". "type": "num". "out": 0. "value": 0}')
debug_merge_point(0, 0, '4997<main.rpyeffect:0([switch case for 1#7])>+1: {"op": "Return". "args": {"num": [0]. "ptr": []}}')
+172: i40 = getfield_gc_i(p34, descr=<FieldS rpyeffect.stored_environment.Stack__1_0.inst_values_num_0 40 pure>)
+176: p41 = getfield_gc_r(p34, descr=<FieldP rpyeffect.stored_environment.Stack__arb_arb.inst_tail 8 pure>)
debug_merge_point(0, 0, '5000<main.rpyeffect:3([k@[k@[switch case for 0#28]#33]#38])>+0: {"op": "PrimOp". "name": "infixAdd(Int. Int): Int". "out": {"num": [0]. "ptr": []}. "in": {"num": [1. 0]. "ptr": []}}')
debug_merge_point(0, 0, '5000<main.rpyeffect:3([k@[k@[switch case for 0#28]#33]#38])>+1: {"op": "Return". "args": {"num": [0]. "ptr": []}}')
+180: guard_nonnull(p41, descr=<Guard0x1406e5420>) [p0, i1, i2, i3, i4, i5, i6, i7, i8, i9, i10, i11, i12, i13, i14, i15, i16, p17, p18, p19, p20, p21, p22, p23, p24, p25, p26, p27, p28, p29, p30, p31, p32, p33, p34, p35]
+188: i42 = getfield_gc_i(p41, descr=<FieldS rpyeffect.stored_environment.Stack__arb_arb.inst_target 16 pure>)
+192: guard_value(i42, 5000, descr=<Guard0x1406e5460>) [p0, i1, i2, i3, i4, i5, i6, i7, i8, i9, i10, i11, i12, i13, i14, i15, i16, p17, p18, p19, p20, p21, p22, p23, p24, p25, p26, p27, p28, p29, p30, p31, p32, p33, p34, p35]
+204: i44 = getfield_gc_i(p41, descr=<FieldS rpyeffect.stored_environment.Stack__1_0.inst_values_num_0 40 pure>)
+208: p45 = getfield_gc_r(p41, descr=<FieldP rpyeffect.stored_environment.Stack__arb_arb.inst_tail 8 pure>)
+212: guard_nonnull(p45, descr=<Guard0x1406e54a0>) [p0, i1, i2, i3, i4, i5, i6, i7, i8, i9, i10, i11, i12, i13, i14, i15, i16, p17, p18, p19, p20, p21, p22, p23, p24, p25, p26, p27, p28, p29, p30, p31, p32, p33, p34, p35]
+220: i46 = getfield_gc_i(p45, descr=<FieldS rpyeffect.stored_environment.Stack__arb_arb.inst_target 16 pure>)
+224: guard_value(i46, 5001, descr=<Guard0x1406e54e0>) [p0, i1, i2, i3, i4, i5, i6, i7, i8, i9, i10, i11, i12, i13, i14, i15, i16, p17, p18, p19, p20, p21, p22, p23, p24, p25, p26, p27, p28, p29, p30, p31, p32, p33, p34, p35]
debug_merge_point(0, 0, '5000<main.rpyeffect:3([k@[k@[switch case for 0#28]#33]#38])>+0: {"op": "PrimOp". "name": "infixAdd(Int. Int): Int". "out": {"num": [0]. "ptr": []}. "in": {"num": [1. 0]. "ptr": []}}')
+236: i48 = int_add(i44, i40)
debug_merge_point(0, 0, '5000<main.rpyeffect:3([k@[k@[switch case for 0#28]#33]#38])>+1: {"op": "Return". "args": {"num": [0]. "ptr": []}}')
+240: i49 = getfield_gc_i(p45, descr=<FieldS rpyeffect.stored_environment.Stack__1_0.inst_values_num_0 40 pure>)
+244: p50 = getfield_gc_r(p45, descr=<FieldP rpyeffect.stored_environment.Stack__arb_arb.inst_tail 8 pure>)
debug_merge_point(0, 0, '5001<main.rpyeffect:4([k@[switch case for 0#28]#33])>+0: {"op": "Const". "type": "num". "out": 2. "value": 2}')
debug_merge_point(0, 0, '5001<main.rpyeffect:4([k@[switch case for 0#28]#33])>+1: {"op": "PrimOp". "name": "infixSub(Int. Int): Int". "out": {"num": [1]. "ptr": []}. "in": {"num": [1. 2]. "ptr": []}}')
+248: i52 = int_sub(i49, 2)
debug_merge_point(0, 0, '5001<main.rpyeffect:4([k@[switch case for 0#28]#33])>+2: {"op": "Push". "target": 5000. "args": {"num": [0]. "ptr": []}}')
debug_merge_point(0, 0, '5001<main.rpyeffect:4([k@[switch case for 0#28]#33])>+3: {"op": "Copy". "type": "num". "from": 1. "to". 0}')
+252: jump(p33, p50, i48, p0, p35, i52, i4, i5, i6, i7, i8, i9, i10, i11, i12, i13, i14, i15, i16, p17, p18, p19, p20, p21, p22, p23, p24, p25, p26, p27, p28, p29, p30, p31, p32, descr=TargetToken(5375687264))
+284: --end of the loop--
[731855c] jit-log-opt-bridge}
[7382965] {jit-log-opt-bridge
# bridge out of Guard 0x1406e4ee0 with 38 ops
[p0, i1, i2, i3, i4, i5, i6, i7, i8, i9, i10, i11, i12, i13, i14, i15, p16, p17, p18, p19, p20, p21, p22, p23, p24, p25, p26, p27, p28, p29, p30, p31, p32, p33, p34]
+104: guard_not_invalidated(descr=<Guard0x1406f2968>) [p0, i1, i2, i3, i4, i5, i6, i7, i8, i9, i10, i11, i12, i13, i14, i15, p16, p17, p18, p19, p20, p21, p22, p23, p24, p25, p26, p27, p28, p29, p30, p31, p32, p33, p34]
debug_merge_point(0, 0, '5001<main.rpyeffect:4([k@[switch case for 0#28]#33])>+4: {"op": "Jump". "target": 5008}')
debug_merge_point(0, 0, '5008<main.rpyeffect:11([mcore:[#53]#3])>+0: {"op": "Const". "type": "num". "out": 1. "value": 0}')
debug_merge_point(0, 0, '5008<main.rpyeffect:11([mcore:[#53]#3])>+1: {"op": "PrimOp". "name": "infixEq(Int. Int): Boolean". "out": {"num": [1]. "ptr": []}. "in": {"num": [0. 1]. "ptr": []}}')
+108: i36 = int_eq(i2, 0)
guard_false(i36, descr=<Guard0x1406e5520>) [p0, i1, i2, i3, i4, i5, i6, i7, i8, i9, i10, i11, i12, i13, i14, i15, p16, p17, p18, p19, p20, p21, p22, p23, p24, p25, p26, p27, p28, p29, p30, p31, p32, p33, p34]
debug_merge_point(0, 0, '5008<main.rpyeffect:11([mcore:[#53]#3])>+2: {"op": "Switch". "scrutinee": 1. "values": [1]. "targets": [4997]. "default": 5007}')
debug_merge_point(0, 0, '5007<main.rpyeffect:10([switch default case#10])>+0: {"op": "Const". "type": "num". "out": 1. "value": 0}')
debug_merge_point(0, 0, '5007<main.rpyeffect:10([switch default case#10])>+1: {"op": "PrimOp". "name": "infixEq(Int. Int): Boolean". "out": {"num": [1]. "ptr": []}. "in": {"num": [0. 1]. "ptr": []}}')
debug_merge_point(0, 0, '5007<main.rpyeffect:10([switch default case#10])>+2: {"op": "Switch". "scrutinee": 1. "values": [0]. "targets": [5005]. "default": 5006}')
debug_merge_point(0, 0, '5005<main.rpyeffect:8([switch case for 0#14])>+0: {"op": "Const". "type": "num". "out": 1. "value": 1}')
debug_merge_point(0, 0, '5005<main.rpyeffect:8([switch case for 0#14])>+1: {"op": "PrimOp". "name": "infixEq(Int. Int): Boolean". "out": {"num": [1]. "ptr": []}. "in": {"num": [0. 1]. "ptr": []}}')
+116: i38 = int_eq(i2, 1)
guard_false(i38, descr=<Guard0x1406e5560>) [p0, i1, i2, i3, i4, i5, i6, i7, i8, i9, i10, i11, i12, i13, i14, i15, p16, p17, p18, p19, p20, p21, p22, p23, p24, p25, p26, p27, p28, p29, p30, p31, p32, p33, p34]
debug_merge_point(0, 0, '5005<main.rpyeffect:8([switch case for 0#14])>+2: {"op": "Switch". "scrutinee": 1. "values": [1]. "targets": [4999]. "default": 5004}')
debug_merge_point(0, 0, '5004<main.rpyeffect:7([switch default case#24])>+0: {"op": "Const". "type": "num". "out": 1. "value": 1}')
debug_merge_point(0, 0, '5004<main.rpyeffect:7([switch default case#24])>+1: {"op": "PrimOp". "name": "infixEq(Int. Int): Boolean". "out": {"num": [1]. "ptr": []}. "in": {"num": [0. 1]. "ptr": []}}')
debug_merge_point(0, 0, '5004<main.rpyeffect:7([switch default case#24])>+2: {"op": "Switch". "scrutinee": 1. "values": [0]. "targets": [5002]. "default": 5003}')
debug_merge_point(0, 0, '5002<main.rpyeffect:5([switch case for 0#28])>+0: {"op": "Const". "type": "num". "out": 1. "value": 1}')
debug_merge_point(0, 0, '5002<main.rpyeffect:5([switch case for 0#28])>+1: {"op": "PrimOp". "name": "infixSub(Int. Int): Int". "out": {"num": [1]. "ptr": []}. "in": {"num": [0. 1]. "ptr": []}}')
+124: i40 = int_sub(i2, 1)
debug_merge_point(0, 0, '5002<main.rpyeffect:5([switch case for 0#28])>+2: {"op": "Push". "target": 5001. "args": {"num": [0]. "ptr": []}}')
debug_merge_point(0, 0, '5002<main.rpyeffect:5([switch case for 0#28])>+3: {"op": "Copy". "type": "num". "from": 1. "to". 0}')
debug_merge_point(0, 0, '5002<main.rpyeffect:5([switch case for 0#28])>+4: {"op": "Jump". "target": 5008}')
debug_merge_point(0, 0, '5008<main.rpyeffect:11([mcore:[#53]#3])>+0: {"op": "Const". "type": "num". "out": 1. "value": 0}')
debug_merge_point(0, 0, '5008<main.rpyeffect:11([mcore:[#53]#3])>+1: {"op": "PrimOp". "name": "infixEq(Int. Int): Boolean". "out": {"num": [1]. "ptr": []}. "in": {"num": [0. 1]. "ptr": []}}')
+128: i42 = int_eq(i40, 0)
guard_false(i42, descr=<Guard0x1406e55a0>) [p0, i1, i2, i3, i4, i5, i6, i7, i8, i9, i10, i11, i12, i13, i14, i15, p16, p17, p18, p19, p20, p21, p22, p23, p24, p25, p26, p27, p28, p29, p30, p31, p32, p33, p34]
debug_merge_point(0, 0, '5008<main.rpyeffect:11([mcore:[#53]#3])>+2: {"op": "Switch". "scrutinee": 1. "values": [1]. "targets": [4997]. "default": 5007}')
debug_merge_point(0, 0, '5007<main.rpyeffect:10([switch default case#10])>+0: {"op": "Const". "type": "num". "out": 1. "value": 0}')
debug_merge_point(0, 0, '5007<main.rpyeffect:10([switch default case#10])>+1: {"op": "PrimOp". "name": "infixEq(Int. Int): Boolean". "out": {"num": [1]. "ptr": []}. "in": {"num": [0. 1]. "ptr": []}}')
debug_merge_point(0, 0, '5007<main.rpyeffect:10([switch default case#10])>+2: {"op": "Switch". "scrutinee": 1. "values": [0]. "targets": [5005]. "default": 5006}')
debug_merge_point(0, 0, '5005<main.rpyeffect:8([switch case for 0#14])>+0: {"op": "Const". "type": "num". "out": 1. "value": 1}')
+136: p43 = new_with_vtable(descr=<SizeDescr 48>)
+244: setfield_gc(p43, p34, descr=<FieldP rpyeffect.stored_environment.Stack__arb_arb.inst_tail 8 pure>)
+248: setfield_gc(p43, 5000, descr=<FieldS rpyeffect.stored_environment.Stack__arb_arb.inst_target 16 pure>)
+256: setfield_gc(p43, i1, descr=<FieldS rpyeffect.stored_environment.Stack__1_0.inst_values_num_0 40 pure>)
+280: jump(p32, p43, i2, p0, p33, i40, 2, i3, i4, i5, i6, i7, i8, i9, i10, i11, i12, i13, i14, i15, p16, p17, p18, p19, p20, p21, p22, p23, p24, p25, p26, p27, p28, p29, p30, p31, descr=TargetToken(5375687584))
+504: --end of the loop--
[738adb8] jit-log-opt-bridge}
[73e828e] {jit-log-opt-bridge
# bridge out of Guard 0x1406e4f60 with 31 ops
[p0, i1, i2, i3, i4, i5, i6, i7, i8, i9, i10, i11, i12, i13, i14, i15, p16, p17, p18, p19, p20, p21, p22, p23, p24, p25, p26, p27, p28, p29, p30, p31, p32, p33, p34]
+120: guard_not_invalidated(descr=<Guard0x1406f29c0>) [p0, i1, i2, i3, i4, i5, i6, i7, i8, i9, i10, i11, i12, i13, i14, i15, p16, p17, p18, p19, p20, p21, p22, p23, p24, p25, p26, p27, p28, p29, p30, p31, p32, p33, p34]
debug_merge_point(0, 0, '5001<main.rpyeffect:4([k@[switch case for 0#28]#33])>+4: {"op": "Jump". "target": 5008}')
debug_merge_point(0, 0, '5008<main.rpyeffect:11([mcore:[#53]#3])>+0: {"op": "Const". "type": "num". "out": 1. "value": 0}')
debug_merge_point(0, 0, '5008<main.rpyeffect:11([mcore:[#53]#3])>+1: {"op": "PrimOp". "name": "infixEq(Int. Int): Boolean". "out": {"num": [1]. "ptr": []}. "in": {"num": [0. 1]. "ptr": []}}')
+124: i36 = int_eq(i2, 0)
guard_false(i36, descr=<Guard0x1406e55e0>) [p0, i1, i2, i3, i4, i5, i6, i7, i8, i9, i10, i11, i12, i13, i14, i15, p16, p17, p18, p19, p20, p21, p22, p23, p24, p25, p26, p27, p28, p29, p30, p31, p32, p33, p34]
debug_merge_point(0, 0, '5008<main.rpyeffect:11([mcore:[#53]#3])>+2: {"op": "Switch". "scrutinee": 1. "values": [1]. "targets": [4997]. "default": 5007}')
debug_merge_point(0, 0, '5007<main.rpyeffect:10([switch default case#10])>+0: {"op": "Const". "type": "num". "out": 1. "value": 0}')
debug_merge_point(0, 0, '5007<main.rpyeffect:10([switch default case#10])>+1: {"op": "PrimOp". "name": "infixEq(Int. Int): Boolean". "out": {"num": [1]. "ptr": []}. "in": {"num": [0. 1]. "ptr": []}}')
debug_merge_point(0, 0, '5007<main.rpyeffect:10([switch default case#10])>+2: {"op": "Switch". "scrutinee": 1. "values": [0]. "targets": [5005]. "default": 5006}')
debug_merge_point(0, 0, '5005<main.rpyeffect:8([switch case for 0#14])>+0: {"op": "Const". "type": "num". "out": 1. "value": 1}')
debug_merge_point(0, 0, '5005<main.rpyeffect:8([switch case for 0#14])>+1: {"op": "PrimOp". "name": "infixEq(Int. Int): Boolean". "out": {"num": [1]. "ptr": []}. "in": {"num": [0. 1]. "ptr": []}}')
+132: i38 = int_eq(i2, 1)
guard_true(i38, descr=<Guard0x1406e5620>) [p0, i1, i2, i3, i4, i5, i6, i7, i8, i9, i10, i11, i12, i13, i14, i15, p16, p17, p18, p19, p20, p21, p22, p23, p24, p25, p26, p27, p28, p29, p30, p31, p32, p33, p34]
debug_merge_point(0, 0, '5005<main.rpyeffect:8([switch case for 0#14])>+2: {"op": "Switch". "scrutinee": 1. "values": [1]. "targets": [4999]. "default": 5004}')
debug_merge_point(0, 0, '4999<main.rpyeffect:2([switch case for 1#21])>+0: {"op": "Const". "type": "num". "out": 0. "value": 1}')
debug_merge_point(0, 0, '4999<main.rpyeffect:2([switch case for 1#21])>+1: {"op": "Return". "args": {"num": [0]. "ptr": []}}')
debug_merge_point(0, 0, '5000<main.rpyeffect:3([k@[k@[switch case for 0#28]#33]#38])>+0: {"op": "PrimOp". "name": "infixAdd(Int. Int): Int". "out": {"num": [0]. "ptr": []}. "in": {"num": [1. 0]. "ptr": []}}')
+140: i40 = int_add(i1, 1)
debug_merge_point(0, 0, '5000<main.rpyeffect:3([k@[k@[switch case for 0#28]#33]#38])>+1: {"op": "Return". "args": {"num": [0]. "ptr": []}}')
+144: guard_nonnull(p34, descr=<Guard0x1406e5660>) [p0, i1, i2, i3, i4, i5, i6, i7, i8, i9, i10, i11, i12, i13, i14, i15, p16, p17, p18, p19, p20, p21, p22, p23, p24, p25, p26, p27, p28, p29, p30, p31, p32, p33, p34]
+152: i41 = getfield_gc_i(p34, descr=<FieldS rpyeffect.stored_environment.Stack__arb_arb.inst_target 16 pure>)
+156: guard_value(i41, 5001, descr=<Guard0x1406e56a0>) [p0, i1, i2, i3, i4, i5, i6, i7, i8, i9, i10, i11, i12, i13, i14, i15, p16, p17, p18, p19, p20, p21, p22, p23, p24, p25, p26, p27, p28, p29, p30, p31, p32, p33, p34]
+168: i43 = getfield_gc_i(p34, descr=<FieldS rpyeffect.stored_environment.Stack__1_0.inst_values_num_0 40 pure>)
+172: p44 = getfield_gc_r(p34, descr=<FieldP rpyeffect.stored_environment.Stack__arb_arb.inst_tail 8 pure>)
debug_merge_point(0, 0, '5001<main.rpyeffect:4([k@[switch case for 0#28]#33])>+0: {"op": "Const". "type": "num". "out": 2. "value": 2}')
debug_merge_point(0, 0, '5001<main.rpyeffect:4([k@[switch case for 0#28]#33])>+1: {"op": "PrimOp". "name": "infixSub(Int. Int): Int". "out": {"num": [1]. "ptr": []}. "in": {"num": [1. 2]. "ptr": []}}')
+176: i46 = int_sub(i43, 2)
debug_merge_point(0, 0, '5001<main.rpyeffect:4([k@[switch case for 0#28]#33])>+2: {"op": "Push". "target": 5000. "args": {"num": [0]. "ptr": []}}')
debug_merge_point(0, 0, '5001<main.rpyeffect:4([k@[switch case for 0#28]#33])>+3: {"op": "Copy". "type": "num". "from": 1. "to". 0}')
+180: jump(p32, p44, i40, p0, p33, i46, i3, i4, i5, i6, i7, i8, i9, i10, i11, i12, i13, i14, i15, p16, p17, p18, p19, p20, p21, p22, p23, p24, p25, p26, p27, p28, p29, p30, p31, descr=TargetToken(5375687264))
+208: --end of the loop--
[73ef3ad] jit-log-opt-bridge}
[748acc5] {jit-log-opt-loop
# Loop 12 (5000<main.rpyeffect:3([k@[k@[switch case for 0#28]#33]#38])>+0: {"op": "PrimOp", "name": "infixAdd(Int, Int): Int", "out": {"num": [0], "ptr": []}, "in": {"num": [1, 0], "ptr": []}}) : entry bridge with 57 ops
[p0, p1, p2, p3]
+200: p4 = getfield_gc_r(p2, descr=<FieldP rpyeffect.environment.Environment.inst_values_num 16>)
+208: i6 = getarrayitem_gc_i(p4, 0, descr=<ArrayS 8>)
+212: i8 = getarrayitem_gc_i(p4, 1, descr=<ArrayS 8>)
+216: i10 = getarrayitem_gc_i(p4, 2, descr=<ArrayS 8>)
+220: i12 = getarrayitem_gc_i(p4, 3, descr=<ArrayS 8>)
+224: i14 = getarrayitem_gc_i(p4, 4, descr=<ArrayS 8>)
+228: i16 = getarrayitem_gc_i(p4, 5, descr=<ArrayS 8>)
+232: i18 = getarrayitem_gc_i(p4, 6, descr=<ArrayS 8>)
+236: i20 = getarrayitem_gc_i(p4, 7, descr=<ArrayS 8>)
+240: i22 = getarrayitem_gc_i(p4, 8, descr=<ArrayS 8>)
+244: i24 = getarrayitem_gc_i(p4, 9, descr=<ArrayS 8>)
+248: i26 = getarrayitem_gc_i(p4, 10, descr=<ArrayS 8>)
+252: i28 = getarrayitem_gc_i(p4, 11, descr=<ArrayS 8>)
+256: i30 = getarrayitem_gc_i(p4, 12, descr=<ArrayS 8>)
+260: i32 = getarrayitem_gc_i(p4, 13, descr=<ArrayS 8>)
+264: i34 = getarrayitem_gc_i(p4, 14, descr=<ArrayS 8>)
+272: i36 = getarrayitem_gc_i(p4, 15, descr=<ArrayS 8>)
+276: p37 = getfield_gc_r(p2, descr=<FieldP rpyeffect.environment.Environment.inst_values_ptr 24>)
+280: p39 = getarrayitem_gc_r(p37, 0, descr=<ArrayP 8>)
+288: p41 = getarrayitem_gc_r(p37, 1, descr=<ArrayP 8>)
+296: p43 = getarrayitem_gc_r(p37, 2, descr=<ArrayP 8>)
+304: p45 = getarrayitem_gc_r(p37, 3, descr=<ArrayP 8>)
+312: p47 = getarrayitem_gc_r(p37, 4, descr=<ArrayP 8>)
+320: p49 = getarrayitem_gc_r(p37, 5, descr=<ArrayP 8>)
+328: p51 = getarrayitem_gc_r(p37, 6, descr=<ArrayP 8>)
+336: p53 = getarrayitem_gc_r(p37, 7, descr=<ArrayP 8>)
+344: p55 = getarrayitem_gc_r(p37, 8, descr=<ArrayP 8>)
+352: p57 = getarrayitem_gc_r(p37, 9, descr=<ArrayP 8>)
+360: p59 = getarrayitem_gc_r(p37, 10, descr=<ArrayP 8>)
+368: p61 = getarrayitem_gc_r(p37, 11, descr=<ArrayP 8>)
+376: p63 = getarrayitem_gc_r(p37, 12, descr=<ArrayP 8>)
+384: p65 = getarrayitem_gc_r(p37, 13, descr=<ArrayP 8>)
+392: p67 = getarrayitem_gc_r(p37, 14, descr=<ArrayP 8>)
+400: p69 = getarrayitem_gc_r(p37, 15, descr=<ArrayP 8>)
debug_merge_point(0, 0, '5000<main.rpyeffect:3([k@[k@[switch case for 0#28]#33]#38])>+0: {"op": "PrimOp". "name": "infixAdd(Int. Int): Int". "out": {"num": [0]. "ptr": []}. "in": {"num": [1. 0]. "ptr": []}}')
+404: guard_not_invalidated(descr=<Guard0x1406f2b78>) [p2, i6, i8, i10, i12, i14, i16, i18, i20, i22, i24, i26, i28, i30, i32, i34, i36, p39, p41, p43, p45, p47, p49, p51, p53, p55, p57, p59, p61, p63, p65, p67, p69, p0, p1, p3]
+408: i70 = int_add(i8, i6)
debug_merge_point(0, 0, '5000<main.rpyeffect:3([k@[k@[switch case for 0#28]#33]#38])>+1: {"op": "Return". "args": {"num": [0]. "ptr": []}}')
+416: guard_nonnull(p1, descr=<Guard0x1406e56e0>) [p2, i6, i8, i10, i12, i14, i16, i18, i20, i22, i24, i26, i28, i30, i32, i34, i36, p39, p41, p43, p45, p47, p49, p51, p53, p55, p57, p59, p61, p63, p65, p67, p69, p0, p1, p3]
+428: i71 = getfield_gc_i(p1, descr=<FieldS rpyeffect.stored_environment.Stack__arb_arb.inst_target 16 pure>)
+444: guard_value(i71, 5000, descr=<Guard0x1406e5720>) [p2, i6, i8, i10, i12, i14, i16, i18, i20, i22, i24, i26, i28, i30, i32, i34, i36, p39, p41, p43, p45, p47, p49, p51, p53, p55, p57, p59, p61, p63, p65, p67, p69, p0, p1, p3]
+460: i73 = getfield_gc_i(p1, descr=<FieldS rpyeffect.stored_environment.Stack__1_0.inst_values_num_0 40 pure>)
+464: p74 = getfield_gc_r(p1, descr=<FieldP rpyeffect.stored_environment.Stack__arb_arb.inst_tail 8 pure>)
+468: guard_nonnull(p74, descr=<Guard0x1406e5760>) [p2, i6, i8, i10, i12, i14, i16, i18, i20, i22, i24, i26, i28, i30, i32, i34, i36, p39, p41, p43, p45, p47, p49, p51, p53, p55, p57, p59, p61, p63, p65, p67, p69, p0, p1, p3]
+476: i75 = getfield_gc_i(p74, descr=<FieldS rpyeffect.stored_environment.Stack__arb_arb.inst_target 16 pure>)
+484: guard_value(i75, 5001, descr=<Guard0x1406e57a0>) [p2, i6, i8, i10, i12, i14, i16, i18, i20, i22, i24, i26, i28, i30, i32, i34, i36, p39, p41, p43, p45, p47, p49, p51, p53, p55, p57, p59, p61, p63, p65, p67, p69, p0, p1, p3]
debug_merge_point(0, 0, '5000<main.rpyeffect:3([k@[k@[switch case for 0#28]#33]#38])>+0: {"op": "PrimOp". "name": "infixAdd(Int. Int): Int". "out": {"num": [0]. "ptr": []}. "in": {"num": [1. 0]. "ptr": []}}')
+500: i77 = int_add(i73, i70)
debug_merge_point(0, 0, '5000<main.rpyeffect:3([k@[k@[switch case for 0#28]#33]#38])>+1: {"op": "Return". "args": {"num": [0]. "ptr": []}}')
+504: i78 = getfield_gc_i(p74, descr=<FieldS rpyeffect.stored_environment.Stack__1_0.inst_values_num_0 40 pure>)
+508: p79 = getfield_gc_r(p74, descr=<FieldP rpyeffect.stored_environment.Stack__arb_arb.inst_tail 8 pure>)
debug_merge_point(0, 0, '5001<main.rpyeffect:4([k@[switch case for 0#28]#33])>+0: {"op": "Const". "type": "num". "out": 2. "value": 2}')
debug_merge_point(0, 0, '5001<main.rpyeffect:4([k@[switch case for 0#28]#33])>+1: {"op": "PrimOp". "name": "infixSub(Int. Int): Int". "out": {"num": [1]. "ptr": []}. "in": {"num": [1. 2]. "ptr": []}}')
+512: i81 = int_sub(i78, 2)
debug_merge_point(0, 0, '5001<main.rpyeffect:4([k@[switch case for 0#28]#33])>+2: {"op": "Push". "target": 5000. "args": {"num": [0]. "ptr": []}}')
debug_merge_point(0, 0, '5001<main.rpyeffect:4([k@[switch case for 0#28]#33])>+3: {"op": "Copy". "type": "num". "from": 1. "to". 0}')
+516: jump(p0, p79, i77, p2, p3, i81, i12, i14, i16, i18, i20, i22, i24, i26, i28, i30, i32, i34, i36, p39, p41, p43, p45, p47, p49, p51, p53, p55, p57, p59, p61, p63, p65, p67, p69, descr=TargetToken(5375687264))
+684: --end of the loop--
[7494a7c] jit-log-opt-loop}
[74d6b4a] {jit-log-opt-loop
# Loop 13 (5000<main.rpyeffect:3([k@[k@[switch case for 0#28]#33]#38])>+0: {"op": "PrimOp", "name": "infixAdd(Int, Int): Int", "out": {"num": [0], "ptr": []}, "in": {"num": [1, 0], "ptr": []}}) : loop with 58 ops
[p0, p1, p2, p3]
+216: p4 = getfield_gc_r(p2, descr=<FieldP rpyeffect.environment.Environment.inst_values_num 16>)
+224: i6 = getarrayitem_gc_i(p4, 0, descr=<ArrayS 8>)
+228: i8 = getarrayitem_gc_i(p4, 1, descr=<ArrayS 8>)
+232: i10 = getarrayitem_gc_i(p4, 2, descr=<ArrayS 8>)
+236: i12 = getarrayitem_gc_i(p4, 3, descr=<ArrayS 8>)
+240: i14 = getarrayitem_gc_i(p4, 4, descr=<ArrayS 8>)
+244: i16 = getarrayitem_gc_i(p4, 5, descr=<ArrayS 8>)
+248: i18 = getarrayitem_gc_i(p4, 6, descr=<ArrayS 8>)
+252: i20 = getarrayitem_gc_i(p4, 7, descr=<ArrayS 8>)
+256: i22 = getarrayitem_gc_i(p4, 8, descr=<ArrayS 8>)
+260: i24 = getarrayitem_gc_i(p4, 9, descr=<ArrayS 8>)
+264: i26 = getarrayitem_gc_i(p4, 10, descr=<ArrayS 8>)
+268: i28 = getarrayitem_gc_i(p4, 11, descr=<ArrayS 8>)
+272: i30 = getarrayitem_gc_i(p4, 12, descr=<ArrayS 8>)
+276: i32 = getarrayitem_gc_i(p4, 13, descr=<ArrayS 8>)
+280: i34 = getarrayitem_gc_i(p4, 14, descr=<ArrayS 8>)
+288: i36 = getarrayitem_gc_i(p4, 15, descr=<ArrayS 8>)
+292: p37 = getfield_gc_r(p2, descr=<FieldP rpyeffect.environment.Environment.inst_values_ptr 24>)
+296: p39 = getarrayitem_gc_r(p37, 0, descr=<ArrayP 8>)
+304: p41 = getarrayitem_gc_r(p37, 1, descr=<ArrayP 8>)
+312: p43 = getarrayitem_gc_r(p37, 2, descr=<ArrayP 8>)
+320: p45 = getarrayitem_gc_r(p37, 3, descr=<ArrayP 8>)
+328: p47 = getarrayitem_gc_r(p37, 4, descr=<ArrayP 8>)
+336: p49 = getarrayitem_gc_r(p37, 5, descr=<ArrayP 8>)
+344: p51 = getarrayitem_gc_r(p37, 6, descr=<ArrayP 8>)
+352: p53 = getarrayitem_gc_r(p37, 7, descr=<ArrayP 8>)
+360: p55 = getarrayitem_gc_r(p37, 8, descr=<ArrayP 8>)
+368: p57 = getarrayitem_gc_r(p37, 9, descr=<ArrayP 8>)
+376: p59 = getarrayitem_gc_r(p37, 10, descr=<ArrayP 8>)
+384: p61 = getarrayitem_gc_r(p37, 11, descr=<ArrayP 8>)
+392: p63 = getarrayitem_gc_r(p37, 12, descr=<ArrayP 8>)
+400: p65 = getarrayitem_gc_r(p37, 13, descr=<ArrayP 8>)
+408: p67 = getarrayitem_gc_r(p37, 14, descr=<ArrayP 8>)
+416: p69 = getarrayitem_gc_r(p37, 15, descr=<ArrayP 8>)
+420: label(p0, p1, p2, p3, i6, i8, i10, i12, i14, i16, i18, i20, i22, i24, i26, i28, i30, i32, i34, i36, p39, p41, p43, p45, p47, p49, p51, p53, p55, p57, p59, p61, p63, p65, p67, p69, descr=TargetToken(5375688624))
+476: guard_not_invalidated(descr=<Guard0x1406f2c28>) [p2, i6, i8, i10, i12, i14, i16, i18, i20, i22, i24, i26, i28, i30, i32, i34, i36, p39, p41, p43, p45, p47, p49, p51, p53, p55, p57, p59, p61, p63, p65, p67, p69, p0, p1, p3]
+480: i70 = int_add(i8, i6)
debug_merge_point(0, 0, '5000<main.rpyeffect:3([k@[k@[switch case for 0#28]#33]#38])>+1: {"op": "Return". "args": {"num": [0]. "ptr": []}}')
+484: guard_nonnull(p1, descr=<Guard0x1406e57e0>) [p2, i6, i8, i10, i12, i14, i16, i18, i20, i22, i24, i26, i28, i30, i32, i34, i36, p39, p41, p43, p45, p47, p49, p51, p53, p55, p57, p59, p61, p63, p65, p67, p69, p0, p1, p3]
+496: i71 = getfield_gc_i(p1, descr=<FieldS rpyeffect.stored_environment.Stack__arb_arb.inst_target 16 pure>)
+504: guard_value(i71, 5000, descr=<Guard0x1406e5820>) [p2, i6, i8, i10, i12, i14, i16, i18, i20, i22, i24, i26, i28, i30, i32, i34, i36, p39, p41, p43, p45, p47, p49, p51, p53, p55, p57, p59, p61, p63, p65, p67, p69, p0, p1, p3]
+516: i73 = getfield_gc_i(p1, descr=<FieldS rpyeffect.stored_environment.Stack__1_0.inst_values_num_0 40 pure>)
+520: p74 = getfield_gc_r(p1, descr=<FieldP rpyeffect.stored_environment.Stack__arb_arb.inst_tail 8 pure>)
+524: guard_nonnull(p74, descr=<Guard0x1406e5860>) [p2, i6, i8, i10, i12, i14, i16, i18, i20, i22, i24, i26, i28, i30, i32, i34, i36, p39, p41, p43, p45, p47, p49, p51, p53, p55, p57, p59, p61, p63, p65, p67, p69, p0, p1, p3]
+532: i75 = getfield_gc_i(p74, descr=<FieldS rpyeffect.stored_environment.Stack__arb_arb.inst_target 16 pure>)
+536: guard_value(i75, 5000, descr=<Guard0x1406e58a0>) [p2, i6, i8, i10, i12, i14, i16, i18, i20, i22, i24, i26, i28, i30, i32, i34, i36, p39, p41, p43, p45, p47, p49, p51, p53, p55, p57, p59, p61, p63, p65, p67, p69, p0, p1, p3]
debug_merge_point(0, 0, '5000<main.rpyeffect:3([k@[k@[switch case for 0#28]#33]#38])>+0: {"op": "PrimOp". "name": "infixAdd(Int. Int): Int". "out": {"num": [0]. "ptr": []}. "in": {"num": [1. 0]. "ptr": []}}')
+548: label(p0, p74, p2, p3, i70, i73, i10, i12, i14, i16, i18, i20, i22, i24, i26, i28, i30, i32, i34, i36, p39, p41, p43, p45, p47, p49, p51, p53, p55, p57, p59, p61, p63, p65, p67, p69, descr=TargetToken(5376065568))
+548: guard_not_invalidated(descr=<Guard0x1406f2c80>) [p2, i70, i73, i10, i12, i14, i16, i18, i20, i22, i24, i26, i28, i30, i32, i34, i36, p39, p41, p43, p45, p47, p49, p51, p53, p55, p57, p59, p61, p63, p65, p67, p69, p0, p74, p3]
+552: i77 = int_add(i73, i70)
debug_merge_point(0, 0, '5000<main.rpyeffect:3([k@[k@[switch case for 0#28]#33]#38])>+1: {"op": "Return". "args": {"num": [0]. "ptr": []}}')
+556: i78 = getfield_gc_i(p74, descr=<FieldS rpyeffect.stored_environment.Stack__1_0.inst_values_num_0 40 pure>)
+560: p79 = getfield_gc_r(p74, descr=<FieldP rpyeffect.stored_environment.Stack__arb_arb.inst_tail 8 pure>)
+564: guard_nonnull(p79, descr=<Guard0x1406e58e0>) [p2, i70, i73, i10, i12, i14, i16, i18, i20, i22, i24, i26, i28, i30, i32, i34, i36, p39, p41, p43, p45, p47, p49, p51, p53, p55, p57, p59, p61, p63, p65, p67, p69, p0, p74, p3]
+572: i80 = getfield_gc_i(p79, descr=<FieldS rpyeffect.stored_environment.Stack__arb_arb.inst_target 16 pure>)
+576: guard_value(i80, 5000, descr=<Guard0x1406e5920>) [p2, i70, i73, i10, i12, i14, i16, i18, i20, i22, i24, i26, i28, i30, i32, i34, i36, p39, p41, p43, p45, p47, p49, p51, p53, p55, p57, p59, p61, p63, p65, p67, p69, p0, p74, p3]
debug_merge_point(0, 0, '5000<main.rpyeffect:3([k@[k@[switch case for 0#28]#33]#38])>+0: {"op": "PrimOp". "name": "infixAdd(Int. Int): Int". "out": {"num": [0]. "ptr": []}. "in": {"num": [1. 0]. "ptr": []}}')
+588: jump(p0, p79, p2, p3, i77, i78, i10, i12, i14, i16, i18, i20, i22, i24, i26, i28, i30, i32, i34, i36, p39, p41, p43, p45, p47, p49, p51, p53, p55, p57, p59, p61, p63, p65, p67, p69, descr=TargetToken(5376065568))
+604: --end of the loop--
[74e16d6] jit-log-opt-loop}
[7523509] {jit-log-opt-bridge
# bridge out of Guard 0x1406e51a0 with 18 ops
[p0, i1, i2, i3, i4, i5, i6, i7, i8, i9, i10, i11, i12, i13, i14, i15, i16, p17, p18, p19, p20, p21, p22, p23, p24, p25, p26, p27, p28, p29, p30, p31, p32, p33, p34, p35]
+136: guard_not_invalidated(descr=<Guard0x1406f2f40>) [p0, i1, i2, i3, i4, i5, i6, i7, i8, i9, i10, i11, i12, i13, i14, i15, i16, p17, p18, p19, p20, p21, p22, p23, p24, p25, p26, p27, p28, p29, p30, p31, p32, p33, p34, p35]
debug_merge_point(0, 0, '5005<main.rpyeffect:8([switch case for 0#14])>+1: {"op": "PrimOp". "name": "infixEq(Int. Int): Boolean". "out": {"num": [1]. "ptr": []}. "in": {"num": [0. 1]. "ptr": []}}')
+140: i37 = int_eq(i1, 1)
guard_true(i37, descr=<Guard0x1406e5ea0>) [p0, i1, i2, i3, i4, i5, i6, i7, i8, i9, i10, i11, i12, i13, i14, i15, i16, p17, p18, p19, p20, p21, p22, p23, p24, p25, p26, p27, p28, p29, p30, p31, p32, p33, p34, p35]
debug_merge_point(0, 0, '5005<main.rpyeffect:8([switch case for 0#14])>+2: {"op": "Switch". "scrutinee": 1. "values": [1]. "targets": [4999]. "default": 5004}')
+148: guard_nonnull(p34, descr=<Guard0x1406e5ee0>) [p0, i1, i2, i3, i4, i5, i6, i7, i8, i9, i10, i11, i12, i13, i14, i15, i16, p17, p18, p19, p20, p21, p22, p23, p24, p25, p26, p27, p28, p29, p30, p31, p32, p33, p34, p35]
+160: i38 = getfield_gc_i(p34, descr=<FieldS rpyeffect.stored_environment.Stack__arb_arb.inst_target 16 pure>)
+176: guard_value(i38, 5000, descr=<Guard0x1406e5f20>) [p0, i1, i2, i3, i4, i5, i6, i7, i8, i9, i10, i11, i12, i13, i14, i15, i16, p17, p18, p19, p20, p21, p22, p23, p24, p25, p26, p27, p28, p29, p30, p31, p32, p33, p34, p35]
debug_merge_point(0, 0, '4999<main.rpyeffect:2([switch case for 1#21])>+0: {"op": "Const". "type": "num". "out": 0. "value": 1}')
debug_merge_point(0, 0, '4999<main.rpyeffect:2([switch case for 1#21])>+1: {"op": "Return". "args": {"num": [0]. "ptr": []}}')
+192: i40 = getfield_gc_i(p34, descr=<FieldS rpyeffect.stored_environment.Stack__1_0.inst_values_num_0 40 pure>)
+196: p41 = getfield_gc_r(p34, descr=<FieldP rpyeffect.stored_environment.Stack__arb_arb.inst_tail 8 pure>)
debug_merge_point(0, 0, '5000<main.rpyeffect:3([k@[k@[switch case for 0#28]#33]#38])>+0: {"op": "PrimOp". "name": "infixAdd(Int. Int): Int". "out": {"num": [0]. "ptr": []}. "in": {"num": [1. 0]. "ptr": []}}')
+200: guard_nonnull(p41, descr=<Guard0x1406f2f98>) [p0, i40, i3, i4, i5, i6, i7, i8, i9, i10, i11, i12, i13, i14, i15, i16, p17, p18, p19, p20, p21, p22, p23, p24, p25, p26, p27, p28, p29, p30, p31, p32, p33, p41, p35]
+208: guard_subclass(p41, ConstClass(Stack__arb_arb), descr=<Guard0x1406f2ff0>) [p0, i40, i3, i4, i5, i6, i7, i8, i9, i10, i11, i12, i13, i14, i15, i16, p17, p18, p19, p20, p21, p22, p23, p24, p25, p26, p27, p28, p29, p30, p31, p32, p33, p41, p35]
+244: i43 = getfield_gc_i(p41, descr=<FieldS rpyeffect.stored_environment.Stack__arb_arb.inst_target 16 pure>)
+248: guard_value(i43, 5000, descr=<Guard0x1406f3048>) [p0, i40, i3, i4, i5, i6, i7, i8, i9, i10, i11, i12, i13, i14, i15, i16, p17, p18, p19, p20, p21, p22, p23, p24, p25, p26, p27, p28, p29, p30, p31, p32, p33, p41, p35]
+260: jump(p33, p41, p0, p35, 1, i40, i3, i4, i5, i6, i7, i8, i9, i10, i11, i12, i13, i14, i15, i16, p17, p18, p19, p20, p21, p22, p23, p24, p25, p26, p27, p28, p29, p30, p31, p32, descr=TargetToken(5376065568))
+396: --end of the loop--
[752a86f] jit-log-opt-bridge}
[7555e9b] {jit-log-opt-bridge
# bridge out of Guard 0x1406e4fe0 with 23 ops
[p0, i1, i2, i3, i4, i5, i6, i7, i8, i9, i10, i11, i12, i13, i14, i15, p16, p17, p18, p19, p20, p21, p22, p23, p24, p25, p26, p27, p28, p29, p30, p31, p32, p33, p34]
+120: guard_not_invalidated(descr=<Guard0x1406f30a0>) [p0, i1, i2, i3, i4, i5, i6, i7, i8, i9, i10, i11, i12, i13, i14, i15, p16, p17, p18, p19, p20, p21, p22, p23, p24, p25, p26, p27, p28, p29, p30, p31, p32, p33, p34]
debug_merge_point(0, 0, '5001<main.rpyeffect:4([k@[switch case for 0#28]#33])>+4: {"op": "Jump". "target": 5008}')
debug_merge_point(0, 0, '5008<main.rpyeffect:11([mcore:[#53]#3])>+0: {"op": "Const". "type": "num". "out": 1. "value": 0}')
debug_merge_point(0, 0, '5008<main.rpyeffect:11([mcore:[#53]#3])>+1: {"op": "PrimOp". "name": "infixEq(Int. Int): Boolean". "out": {"num": [1]. "ptr": []}. "in": {"num": [0. 1]. "ptr": []}}')
+124: i36 = int_eq(i2, 0)
guard_false(i36, descr=<Guard0x1406e5f60>) [p0, i1, i2, i3, i4, i5, i6, i7, i8, i9, i10, i11, i12, i13, i14, i15, p16, p17, p18, p19, p20, p21, p22, p23, p24, p25, p26, p27, p28, p29, p30, p31, p32, p33, p34]
debug_merge_point(0, 0, '5008<main.rpyeffect:11([mcore:[#53]#3])>+2: {"op": "Switch". "scrutinee": 1. "values": [1]. "targets": [4997]. "default": 5007}')
debug_merge_point(0, 0, '5007<main.rpyeffect:10([switch default case#10])>+0: {"op": "Const". "type": "num". "out": 1. "value": 0}')
debug_merge_point(0, 0, '5007<main.rpyeffect:10([switch default case#10])>+1: {"op": "PrimOp". "name": "infixEq(Int. Int): Boolean". "out": {"num": [1]. "ptr": []}. "in": {"num": [0. 1]. "ptr": []}}')
debug_merge_point(0, 0, '5007<main.rpyeffect:10([switch default case#10])>+2: {"op": "Switch". "scrutinee": 1. "values": [0]. "targets": [5005]. "default": 5006}')
debug_merge_point(0, 0, '5005<main.rpyeffect:8([switch case for 0#14])>+0: {"op": "Const". "type": "num". "out": 1. "value": 1}')
debug_merge_point(0, 0, '5005<main.rpyeffect:8([switch case for 0#14])>+1: {"op": "PrimOp". "name": "infixEq(Int. Int): Boolean". "out": {"num": [1]. "ptr": []}. "in": {"num": [0. 1]. "ptr": []}}')
+132: i38 = int_eq(i2, 1)
guard_true(i38, descr=<Guard0x1406e5fa0>) [p0, i1, i2, i3, i4, i5, i6, i7, i8, i9, i10, i11, i12, i13, i14, i15, p16, p17, p18, p19, p20, p21, p22, p23, p24, p25, p26, p27, p28, p29, p30, p31, p32, p33, p34]
debug_merge_point(0, 0, '5005<main.rpyeffect:8([switch case for 0#14])>+2: {"op": "Switch". "scrutinee": 1. "values": [1]. "targets": [4999]. "default": 5004}')
debug_merge_point(0, 0, '4999<main.rpyeffect:2([switch case for 1#21])>+0: {"op": "Const". "type": "num". "out": 0. "value": 1}')
debug_merge_point(0, 0, '4999<main.rpyeffect:2([switch case for 1#21])>+1: {"op": "Return". "args": {"num": [0]. "ptr": []}}')
debug_merge_point(0, 0, '5000<main.rpyeffect:3([k@[k@[switch case for 0#28]#33]#38])>+0: {"op": "PrimOp". "name": "infixAdd(Int. Int): Int". "out": {"num": [0]. "ptr": []}. "in": {"num": [1. 0]. "ptr": []}}')
+140: guard_nonnull(p34, descr=<Guard0x1406f30f8>) [p0, i1, i3, i4, i5, i6, i7, i8, i9, i10, i11, i12, i13, i14, i15, p16, p17, p18, p19, p20, p21, p22, p23, p24, p25, p26, p27, p28, p29, p30, p31, p32, p34, p33, None]
+148: guard_subclass(p34, ConstClass(Stack__arb_arb), descr=<Guard0x1406f3150>) [p0, i1, i3, i4, i5, i6, i7, i8, i9, i10, i11, i12, i13, i14, i15, p16, p17, p18, p19, p20, p21, p22, p23, p24, p25, p26, p27, p28, p29, p30, p31, p32, p34, p33, None]
+184: i41 = getfield_gc_i(p34, descr=<FieldS rpyeffect.stored_environment.Stack__arb_arb.inst_target 16 pure>)
+188: guard_value(i41, 5000, descr=<Guard0x1406f31a8>) [p0, i1, i3, i4, i5, i6, i7, i8, i9, i10, i11, i12, i13, i14, i15, p16, p17, p18, p19, p20, p21, p22, p23, p24, p25, p26, p27, p28, p29, p30, p31, p32, p34, p33, None]
+200: jump(p32, p34, p0, p33, 1, i1, 2, i3, i4, i5, i6, i7, i8, i9, i10, i11, i12, i13, i14, i15, p16, p17, p18, p19, p20, p21, p22, p23, p24, p25, p26, p27, p28, p29, p30, p31, descr=TargetToken(5376065568))
+532: --end of the loop--
[755bbde] jit-log-opt-bridge}
[759011c] {jit-log-opt-loop
# Loop 16 (5000<main.rpyeffect:3([k@[k@[switch case for 0#28]#33]#38])>+0: {"op": "PrimOp", "name": "infixAdd(Int, Int): Int", "out": {"num": [0], "ptr": []}, "in": {"num": [1, 0], "ptr": []}}) : entry bridge with 49 ops
[p0, p1, p2, p3]
+184: p4 = getfield_gc_r(p2, descr=<FieldP rpyeffect.environment.Environment.inst_values_num 16>)
+192: i6 = getarrayitem_gc_i(p4, 0, descr=<ArrayS 8>)
+196: i8 = getarrayitem_gc_i(p4, 1, descr=<ArrayS 8>)
+200: i10 = getarrayitem_gc_i(p4, 2, descr=<ArrayS 8>)
+204: i12 = getarrayitem_gc_i(p4, 3, descr=<ArrayS 8>)
+208: i14 = getarrayitem_gc_i(p4, 4, descr=<ArrayS 8>)
+212: i16 = getarrayitem_gc_i(p4, 5, descr=<ArrayS 8>)
+216: i18 = getarrayitem_gc_i(p4, 6, descr=<ArrayS 8>)
+220: i20 = getarrayitem_gc_i(p4, 7, descr=<ArrayS 8>)
+224: i22 = getarrayitem_gc_i(p4, 8, descr=<ArrayS 8>)
+228: i24 = getarrayitem_gc_i(p4, 9, descr=<ArrayS 8>)
+232: i26 = getarrayitem_gc_i(p4, 10, descr=<ArrayS 8>)
+236: i28 = getarrayitem_gc_i(p4, 11, descr=<ArrayS 8>)
+240: i30 = getarrayitem_gc_i(p4, 12, descr=<ArrayS 8>)
+244: i32 = getarrayitem_gc_i(p4, 13, descr=<ArrayS 8>)
+248: i34 = getarrayitem_gc_i(p4, 14, descr=<ArrayS 8>)
+256: i36 = getarrayitem_gc_i(p4, 15, descr=<ArrayS 8>)
+260: p37 = getfield_gc_r(p2, descr=<FieldP rpyeffect.environment.Environment.inst_values_ptr 24>)
+264: p39 = getarrayitem_gc_r(p37, 0, descr=<ArrayP 8>)
+272: p41 = getarrayitem_gc_r(p37, 1, descr=<ArrayP 8>)
+280: p43 = getarrayitem_gc_r(p37, 2, descr=<ArrayP 8>)
+288: p45 = getarrayitem_gc_r(p37, 3, descr=<ArrayP 8>)
+296: p47 = getarrayitem_gc_r(p37, 4, descr=<ArrayP 8>)
+304: p49 = getarrayitem_gc_r(p37, 5, descr=<ArrayP 8>)
+312: p51 = getarrayitem_gc_r(p37, 6, descr=<ArrayP 8>)
+320: p53 = getarrayitem_gc_r(p37, 7, descr=<ArrayP 8>)
+328: p55 = getarrayitem_gc_r(p37, 8, descr=<ArrayP 8>)
+336: p57 = getarrayitem_gc_r(p37, 9, descr=<ArrayP 8>)
+344: p59 = getarrayitem_gc_r(p37, 10, descr=<ArrayP 8>)
+352: p61 = getarrayitem_gc_r(p37, 11, descr=<ArrayP 8>)
+360: p63 = getarrayitem_gc_r(p37, 12, descr=<ArrayP 8>)
+368: p65 = getarrayitem_gc_r(p37, 13, descr=<ArrayP 8>)
+376: p67 = getarrayitem_gc_r(p37, 14, descr=<ArrayP 8>)
+384: p69 = getarrayitem_gc_r(p37, 15, descr=<ArrayP 8>)
debug_merge_point(0, 0, '5000<main.rpyeffect:3([k@[k@[switch case for 0#28]#33]#38])>+0: {"op": "PrimOp". "name": "infixAdd(Int. Int): Int". "out": {"num": [0]. "ptr": []}. "in": {"num": [1. 0]. "ptr": []}}')
+388: guard_not_invalidated(descr=<Guard0x1406f3258>) [p2, i6, i8, i10, i12, i14, i16, i18, i20, i22, i24, i26, i28, i30, i32, i34, i36, p39, p41, p43, p45, p47, p49, p51, p53, p55, p57, p59, p61, p63, p65, p67, p69, p0, p1, p3]
+392: i70 = int_add(i8, i6)
debug_merge_point(0, 0, '5000<main.rpyeffect:3([k@[k@[switch case for 0#28]#33]#38])>+1: {"op": "Return". "args": {"num": [0]. "ptr": []}}')
+400: guard_nonnull(p1, descr=<Guard0x14070a020>) [p2, i6, i8, i10, i12, i14, i16, i18, i20, i22, i24, i26, i28, i30, i32, i34, i36, p39, p41, p43, p45, p47, p49, p51, p53, p55, p57, p59, p61, p63, p65, p67, p69, p0, p1, p3]
+412: i71 = getfield_gc_i(p1, descr=<FieldS rpyeffect.stored_environment.Stack__arb_arb.inst_target 16 pure>)
+428: guard_value(i71, 5001, descr=<Guard0x14070a060>) [p2, i6, i8, i10, i12, i14, i16, i18, i20, i22, i24, i26, i28, i30, i32, i34, i36, p39, p41, p43, p45, p47, p49, p51, p53, p55, p57, p59, p61, p63, p65, p67, p69, p0, p1, p3]
+444: i73 = getfield_gc_i(p1, descr=<FieldS rpyeffect.stored_environment.Stack__1_0.inst_values_num_0 40 pure>)
+448: p74 = getfield_gc_r(p1, descr=<FieldP rpyeffect.stored_environment.Stack__arb_arb.inst_tail 8 pure>)
debug_merge_point(0, 0, '5001<main.rpyeffect:4([k@[switch case for 0#28]#33])>+0: {"op": "Const". "type": "num". "out": 2. "value": 2}')
debug_merge_point(0, 0, '5001<main.rpyeffect:4([k@[switch case for 0#28]#33])>+1: {"op": "PrimOp". "name": "infixSub(Int. Int): Int". "out": {"num": [1]. "ptr": []}. "in": {"num": [1. 2]. "ptr": []}}')
+452: i76 = int_sub(i73, 2)
debug_merge_point(0, 0, '5001<main.rpyeffect:4([k@[switch case for 0#28]#33])>+2: {"op": "Push". "target": 5000. "args": {"num": [0]. "ptr": []}}')
debug_merge_point(0, 0, '5001<main.rpyeffect:4([k@[switch case for 0#28]#33])>+3: {"op": "Copy". "type": "num". "from": 1. "to". 0}')
+456: jump(p0, p74, i70, p2, p3, i76, i12, i14, i16, i18, i20, i22, i24, i26, i28, i30, i32, i34, i36, p39, p41, p43, p45, p47, p49, p51, p53, p55, p57, p59, p61, p63, p65, p67, p69, descr=TargetToken(5375687264))
+616: --end of the loop--
[7597c7b] jit-log-opt-loop}
[75eb7d6] {jit-log-opt-bridge
# bridge out of Guard 0x1406e54e0 with 20 ops
[p0, i1, i2, i3, i4, i5, i6, i7, i8, i9, i10, i11, i12, i13, i14, i15, i16, p17, p18, p19, p20, p21, p22, p23, p24, p25, p26, p27, p28, p29, p30, p31, p32, p33, p34, p35]
+136: guard_not_invalidated(descr=<Guard0x1406f32b0>) [p0, i1, i2, i3, i4, i5, i6, i7, i8, i9, i10, i11, i12, i13, i14, i15, i16, p17, p18, p19, p20, p21, p22, p23, p24, p25, p26, p27, p28, p29, p30, p31, p32, p33, p34, p35]
debug_merge_point(0, 0, '5001<main.rpyeffect:4([k@[switch case for 0#28]#33])>+4: {"op": "Jump". "target": 5008}')
debug_merge_point(0, 0, '5008<main.rpyeffect:11([mcore:[#53]#3])>+0: {"op": "Const". "type": "num". "out": 1. "value": 0}')
debug_merge_point(0, 0, '5008<main.rpyeffect:11([mcore:[#53]#3])>+1: {"op": "PrimOp". "name": "infixEq(Int. Int): Boolean". "out": {"num": [1]. "ptr": []}. "in": {"num": [0. 1]. "ptr": []}}')
+140: i37 = int_eq(i2, 0)
guard_true(i37, descr=<Guard0x14070a0a0>) [p0, i1, i2, i3, i4, i5, i6, i7, i8, i9, i10, i11, i12, i13, i14, i15, i16, p17, p18, p19, p20, p21, p22, p23, p24, p25, p26, p27, p28, p29, p30, p31, p32, p33, p34, p35]
debug_merge_point(0, 0, '5008<main.rpyeffect:11([mcore:[#53]#3])>+2: {"op": "Switch". "scrutinee": 1. "values": [1]. "targets": [4997]. "default": 5007}')
+148: guard_nonnull(p34, descr=<Guard0x14070a0e0>) [p0, i1, i2, i3, i4, i5, i6, i7, i8, i9, i10, i11, i12, i13, i14, i15, i16, p17, p18, p19, p20, p21, p22, p23, p24, p25, p26, p27, p28, p29, p30, p31, p32, p33, p34, p35]
+156: i38 = getfield_gc_i(p34, descr=<FieldS rpyeffect.stored_environment.Stack__arb_arb.inst_target 16 pure>)
+160: guard_value(i38, 5000, descr=<Guard0x14070a120>) [p0, i1, i2, i3, i4, i5, i6, i7, i8, i9, i10, i11, i12, i13, i14, i15, i16, p17, p18, p19, p20, p21, p22, p23, p24, p25, p26, p27, p28, p29, p30, p31, p32, p33, p34, p35]
debug_merge_point(0, 0, '4997<main.rpyeffect:0([switch case for 1#7])>+0: {"op": "Const". "type": "num". "out": 0. "value": 0}')
debug_merge_point(0, 0, '4997<main.rpyeffect:0([switch case for 1#7])>+1: {"op": "Return". "args": {"num": [0]. "ptr": []}}')
+172: i40 = getfield_gc_i(p34, descr=<FieldS rpyeffect.stored_environment.Stack__1_0.inst_values_num_0 40 pure>)
+176: p41 = getfield_gc_r(p34, descr=<FieldP rpyeffect.stored_environment.Stack__arb_arb.inst_tail 8 pure>)
debug_merge_point(0, 0, '5000<main.rpyeffect:3([k@[k@[switch case for 0#28]#33]#38])>+0: {"op": "PrimOp". "name": "infixAdd(Int. Int): Int". "out": {"num": [0]. "ptr": []}. "in": {"num": [1. 0]. "ptr": []}}')
+180: guard_nonnull(p41, descr=<Guard0x1406f3308>) [p0, i40, i3, i4, i5, i6, i7, i8, i9, i10, i11, i12, i13, i14, i15, i16, p17, p18, p19, p20, p21, p22, p23, p24, p25, p26, p27, p28, p29, p30, p31, p32, p33, p41, p35]
+188: guard_subclass(p41, ConstClass(Stack__arb_arb), descr=<Guard0x1406f3360>) [p0, i40, i3, i4, i5, i6, i7, i8, i9, i10, i11, i12, i13, i14, i15, i16, p17, p18, p19, p20, p21, p22, p23, p24, p25, p26, p27, p28, p29, p30, p31, p32, p33, p41, p35]
+224: i43 = getfield_gc_i(p41, descr=<FieldS rpyeffect.stored_environment.Stack__arb_arb.inst_target 16 pure>)
+228: guard_value(i43, 5000, descr=<Guard0x1406f33b8>) [p0, i40, i3, i4, i5, i6, i7, i8, i9, i10, i11, i12, i13, i14, i15, i16, p17, p18, p19, p20, p21, p22, p23, p24, p25, p26, p27, p28, p29, p30, p31, p32, p33, p41, p35]
+240: jump(p33, p41, p0, p35, 0, i40, i3, i4, i5, i6, i7, i8, i9, i10, i11, i12, i13, i14, i15, i16, p17, p18, p19, p20, p21, p22, p23, p24, p25, p26, p27, p28, p29, p30, p31, p32, descr=TargetToken(5376065568))
+572: --end of the loop--
[75f1061] jit-log-opt-bridge}
[7619ac5] {jit-log-opt-bridge
# bridge out of Guard 0x1406e5920 with 22 ops
[p0, i1, i2, i3, i4, i5, i6, i7, i8, i9, i10, i11, i12, i13, i14, i15, i16, p17, p18, p19, p20, p21, p22, p23, p24, p25, p26, p27, p28, p29, p30, p31, p32, p33, p34, p35]
+120: guard_not_invalidated(descr=<Guard0x1406f3780>) [p0, i1, i2, i3, i4, i5, i6, i7, i8, i9, i10, i11, i12, i13, i14, i15, i16, p17, p18, p19, p20, p21, p22, p23, p24, p25, p26, p27, p28, p29, p30, p31, p32, p33, p34, p35]
+124: i36 = int_add(i2, i1)
debug_merge_point(0, 0, '5000<main.rpyeffect:3([k@[k@[switch case for 0#28]#33]#38])>+1: {"op": "Return". "args": {"num": [0]. "ptr": []}}')
+128: guard_nonnull(p34, descr=<Guard0x14070a160>) [p0, i1, i2, i3, i4, i5, i6, i7, i8, i9, i10, i11, i12, i13, i14, i15, i16, p17, p18, p19, p20, p21, p22, p23, p24, p25, p26, p27, p28, p29, p30, p31, p32, p33, p34, p35]
+136: i37 = getfield_gc_i(p34, descr=<FieldS rpyeffect.stored_environment.Stack__arb_arb.inst_target 16 pure>)
+140: guard_value(i37, 5000, descr=<Guard0x14070a1a0>) [p0, i1, i2, i3, i4, i5, i6, i7, i8, i9, i10, i11, i12, i13, i14, i15, i16, p17, p18, p19, p20, p21, p22, p23, p24, p25, p26, p27, p28, p29, p30, p31, p32, p33, p34, p35]
+152: i39 = getfield_gc_i(p34, descr=<FieldS rpyeffect.stored_environment.Stack__1_0.inst_values_num_0 40 pure>)
+156: p40 = getfield_gc_r(p34, descr=<FieldP rpyeffect.stored_environment.Stack__arb_arb.inst_tail 8 pure>)
+160: guard_nonnull(p40, descr=<Guard0x14070a1e0>) [p0, i1, i2, i3, i4, i5, i6, i7, i8, i9, i10, i11, i12, i13, i14, i15, i16, p17, p18, p19, p20, p21, p22, p23, p24, p25, p26, p27, p28, p29, p30, p31, p32, p33, p34, p35]
+168: i41 = getfield_gc_i(p40, descr=<FieldS rpyeffect.stored_environment.Stack__arb_arb.inst_target 16 pure>)
+172: guard_value(i41, 5001, descr=<Guard0x14070a220>) [p0, i1, i2, i3, i4, i5, i6, i7, i8, i9, i10, i11, i12, i13, i14, i15, i16, p17, p18, p19, p20, p21, p22, p23, p24, p25, p26, p27, p28, p29, p30, p31, p32, p33, p34, p35]
debug_merge_point(0, 0, '5000<main.rpyeffect:3([k@[k@[switch case for 0#28]#33]#38])>+0: {"op": "PrimOp". "name": "infixAdd(Int. Int): Int". "out": {"num": [0]. "ptr": []}. "in": {"num": [1. 0]. "ptr": []}}')
+184: i43 = int_add(i39, i36)
debug_merge_point(0, 0, '5000<main.rpyeffect:3([k@[k@[switch case for 0#28]#33]#38])>+1: {"op": "Return". "args": {"num": [0]. "ptr": []}}')
+188: i44 = getfield_gc_i(p40, descr=<FieldS rpyeffect.stored_environment.Stack__1_0.inst_values_num_0 40 pure>)
+192: p45 = getfield_gc_r(p40, descr=<FieldP rpyeffect.stored_environment.Stack__arb_arb.inst_tail 8 pure>)
debug_merge_point(0, 0, '5001<main.rpyeffect:4([k@[switch case for 0#28]#33])>+0: {"op": "Const". "type": "num". "out": 2. "value": 2}')
debug_merge_point(0, 0, '5001<main.rpyeffect:4([k@[switch case for 0#28]#33])>+1: {"op": "PrimOp". "name": "infixSub(Int. Int): Int". "out": {"num": [1]. "ptr": []}. "in": {"num": [1. 2]. "ptr": []}}')
+196: i47 = int_sub(i44, 2)
debug_merge_point(0, 0, '5001<main.rpyeffect:4([k@[switch case for 0#28]#33])>+2: {"op": "Push". "target": 5000. "args": {"num": [0]. "ptr": []}}')
debug_merge_point(0, 0, '5001<main.rpyeffect:4([k@[switch case for 0#28]#33])>+3: {"op": "Copy". "type": "num". "from": 1. "to". 0}')
+200: jump(p33, p45, i43, p0, p35, i47, i4, i5, i6, i7, i8, i9, i10, i11, i12, i13, i14, i15, i16, p17, p18, p19, p20, p21, p22, p23, p24, p25, p26, p27, p28, p29, p30, p31, p32, descr=TargetToken(5375687264))
+524: --end of the loop--
[761e90e] jit-log-opt-bridge}
[cd919d8d] {jit-summary
Tracing:      	18	0.003031
Backend:      	18	0.001393
TOTAL:      		3.333867
ops:             	8672
heapcached ops:  	1515
recorded ops:    	2072
  calls:         	1007
guards:          	335
opt ops:         	532
opt guards:      	108
opt guards shared:	78
forcings:        	0
abort: trace too long:	0
abort: compiling:	0
abort: vable escape:	0
abort: bad loop: 	0
abort: force quasi-immut:	0
abort: segmenting trace:	0
virtualizables forced:	0
nvirtuals:       	7
nvholes:         	0
nvreused:        	0
vecopt tried:    	0
vecopt success:  	0
Total # of loops:	8
Total # of bridges:	10
Freed # of loops:	0
Freed # of bridges:	0
[cd91ed77] jit-summary}
