[1702477499] Log start
[1702477499] Cmd: /Users/gaisseml/llamafile/mistral-7b-instruct-v0.1-Q4_K_M-main.llamafile -m mistral-7b-instruct-v0.1.Q4_K_M.gguf -i
[1702477499] main: seed  = 1702477499
[1702477499] main: llama backend init
[1702477499] main: load the model and apply lora adapter, if any
[1702477499] warming up the model with an empty run
[1702477500] n_ctx: 512
[1702477500] 
[1702477500] system_info: n_threads = 4 / 8 | AVX = 0 | AVX2 = 0 | AVX512 = 0 | AVX512_VBMI = 0 | AVX512_VNNI = 0 | FMA = 0 | NEON = 1 | ARM_FMA = 1 | F16C = 0 | FP16_VA = 0 | WASM_SIMD = 0 | BLAS = 0 | SSE3 = 0 | SSSE3 = 0 | VSX = 0 | 
[1702477500] add_bos: 1
[1702477500] tokenize the prompt
[1702477500] prompt: ""
[1702477500] tokens: [ '':1 ]
[1702477500] recalculate the cached logits (check): embd_inp.empty() false, n_matching_session_tokens 0, embd_inp.size() 1, session_tokens.size() 0, embd_inp.size() 1
[1702477500] inp_pfx: [ '':1, '':13, '':13, '###':27332, ' Inst':3133, 'ruction':3112, ':':28747, '':13, '':13 ]
[1702477500] inp_sfx: [ '':13, '':13, '###':27332, ' Response':12107, ':':28747, '':13, '':13 ]
[1702477500] main: interactive mode on.
[1702477500] sampling: 
	repeat_last_n = 64, repeat_penalty = 1.100, frequency_penalty = 0.000, presence_penalty = 0.000
	top_k = 40, tfs_z = 1.000, top_p = 0.950, min_p = 0.050, typical_p = 1.000, temp = 0.800
	mirostat = 0, mirostat_lr = 0.100, mirostat_ent = 5.000
[1702477500] generate: n_ctx = 512, n_batch = 512, n_predict = -1, n_keep = 0
[1702477500] 

[1702477500] == Running in interactive mode. ==
[1702477500]  - Press Ctrl+C to interject at any time.
[1702477500]  - Press Return to return control to LLaMa.
 - To return control without starting a new line, end your input with '/'.
 - If you want to submit another line, end your input with '\'.

[1702477500] embd_inp.size(): 1, n_consumed: 0
[1702477500] eval: [ '':1 ]
[1702477500] n_past = 1
[1702477500] sampled token:  1186: ' Q'
[1702477500] last: [ '':0, '':0, '':0, '':0, '':0, '':0, '':0, '':0, '':0, '':0, '':0, '':0, '':0, '':0, '':0, '':0, '':0, '':0, '':0, '':0, '':0, '':0, '':0, '':0, '':0, '':0, '':0, '':0, '':0, '':0, '':0, '':0, '':0, '':0, '':0, '':0, '':0, '':0, '':0, '':0, '':0, '':0, '':0, '':0, '':0, '':0, '':0, '':0, '':0, '':0, '':0, '':0, '':0, '':0, '':0, '':0, '':0, '':0, '':0, '':0, '':0, '':0, '':1, ' Q':1186 ]
[1702477500] n_remain: -2
[1702477500] eval: [ ' Q':1186 ]
[1702477500] n_past = 2
[1702477500] sampled token: 28747: ':'
[1702477500] last: [ '':0, '':0, '':0, '':0, '':0, '':0, '':0, '':0, '':0, '':0, '':0, '':0, '':0, '':0, '':0, '':0, '':0, '':0, '':0, '':0, '':0, '':0, '':0, '':0, '':0, '':0, '':0, '':0, '':0, '':0, '':0, '':0, '':0, '':0, '':0, '':0, '':0, '':0, '':0, '':0, '':0, '':0, '':0, '':0, '':0, '':0, '':0, '':0, '':0, '':0, '':0, '':0, '':0, '':0, '':0, '':0, '':0, '':0, '':0, '':0, '':0, '':1, ' Q':1186, ':':28747 ]
[1702477500] n_remain: -3
[1702477500] eval: [ ':':28747 ]
[1702477500] n_past = 3
[1702477500] sampled token:  3169: ' Let'
[1702477500] last: [ '':0, '':0, '':0, '':0, '':0, '':0, '':0, '':0, '':0, '':0, '':0, '':0, '':0, '':0, '':0, '':0, '':0, '':0, '':0, '':0, '':0, '':0, '':0, '':0, '':0, '':0, '':0, '':0, '':0, '':0, '':0, '':0, '':0, '':0, '':0, '':0, '':0, '':0, '':0, '':0, '':0, '':0, '':0, '':0, '':0, '':0, '':0, '':0, '':0, '':0, '':0, '':0, '':0, '':0, '':0, '':0, '':0, '':0, '':0, '':0, '':1, ' Q':1186, ':':28747, ' Let':3169 ]
[1702477500] n_remain: -4
[1702477500] eval: [ ' Let':3169 ]
[1702477500] n_past = 4
[1702477500] sampled token:   686: ' z'
[1702477500] last: [ '':0, '':0, '':0, '':0, '':0, '':0, '':0, '':0, '':0, '':0, '':0, '':0, '':0, '':0, '':0, '':0, '':0, '':0, '':0, '':0, '':0, '':0, '':0, '':0, '':0, '':0, '':0, '':0, '':0, '':0, '':0, '':0, '':0, '':0, '':0, '':0, '':0, '':0, '':0, '':0, '':0, '':0, '':0, '':0, '':0, '':0, '':0, '':0, '':0, '':0, '':0, '':0, '':0, '':0, '':0, '':0, '':0, '':0, '':0, '':1, ' Q':1186, ':':28747, ' Let':3169, ' z':686 ]
[1702477500] n_remain: -5
[1702477500] eval: [ ' z':686 ]
[1702477500] n_past = 5
[1702477500] sampled token:   327: ' ='
[1702477500] last: [ '':0, '':0, '':0, '':0, '':0, '':0, '':0, '':0, '':0, '':0, '':0, '':0, '':0, '':0, '':0, '':0, '':0, '':0, '':0, '':0, '':0, '':0, '':0, '':0, '':0, '':0, '':0, '':0, '':0, '':0, '':0, '':0, '':0, '':0, '':0, '':0, '':0, '':0, '':0, '':0, '':0, '':0, '':0, '':0, '':0, '':0, '':0, '':0, '':0, '':0, '':0, '':0, '':0, '':0, '':0, '':0, '':0, '':0, '':1, ' Q':1186, ':':28747, ' Let':3169, ' z':686, ' =':327 ]
[1702477500] n_remain: -6
[1702477500] eval: [ ' =':327 ]
[1702477500] n_past = 6
[1702477500] sampled token:   387: ' -'
[1702477500] last: [ '':0, '':0, '':0, '':0, '':0, '':0, '':0, '':0, '':0, '':0, '':0, '':0, '':0, '':0, '':0, '':0, '':0, '':0, '':0, '':0, '':0, '':0, '':0, '':0, '':0, '':0, '':0, '':0, '':0, '':0, '':0, '':0, '':0, '':0, '':0, '':0, '':0, '':0, '':0, '':0, '':0, '':0, '':0, '':0, '':0, '':0, '':0, '':0, '':0, '':0, '':0, '':0, '':0, '':0, '':0, '':0, '':0, '':1, ' Q':1186, ':':28747, ' Let':3169, ' z':686, ' =':327, ' -':387 ]
[1702477500] n_remain: -7
[1702477500] eval: [ ' -':387 ]
[1702477500] n_past = 7
[1702477500] sampled token: 28740: '1'
[1702477500] last: [ '':0, '':0, '':0, '':0, '':0, '':0, '':0, '':0, '':0, '':0, '':0, '':0, '':0, '':0, '':0, '':0, '':0, '':0, '':0, '':0, '':0, '':0, '':0, '':0, '':0, '':0, '':0, '':0, '':0, '':0, '':0, '':0, '':0, '':0, '':0, '':0, '':0, '':0, '':0, '':0, '':0, '':0, '':0, '':0, '':0, '':0, '':0, '':0, '':0, '':0, '':0, '':0, '':0, '':0, '':0, '':0, '':1, ' Q':1186, ':':28747, ' Let':3169, ' z':686, ' =':327, ' -':387, '1':28740 ]
[1702477500] n_remain: -8
[1702477500] eval: [ '1':28740 ]
[1702477500] n_past = 8
[1702477500] sampled token: 28734: '0'
[1702477500] last: [ '':0, '':0, '':0, '':0, '':0, '':0, '':0, '':0, '':0, '':0, '':0, '':0, '':0, '':0, '':0, '':0, '':0, '':0, '':0, '':0, '':0, '':0, '':0, '':0, '':0, '':0, '':0, '':0, '':0, '':0, '':0, '':0, '':0, '':0, '':0, '':0, '':0, '':0, '':0, '':0, '':0, '':0, '':0, '':0, '':0, '':0, '':0, '':0, '':0, '':0, '':0, '':0, '':0, '':0, '':0, '':1, ' Q':1186, ':':28747, ' Let':3169, ' z':686, ' =':327, ' -':387, '1':28740, '0':28734 ]
[1702477500] n_remain: -9
[1702477500] eval: [ '0':28734 ]
[1702477500] n_past = 9
[1702477500] sampled token: 28782: '5'
[1702477500] last: [ '':0, '':0, '':0, '':0, '':0, '':0, '':0, '':0, '':0, '':0, '':0, '':0, '':0, '':0, '':0, '':0, '':0, '':0, '':0, '':0, '':0, '':0, '':0, '':0, '':0, '':0, '':0, '':0, '':0, '':0, '':0, '':0, '':0, '':0, '':0, '':0, '':0, '':0, '':0, '':0, '':0, '':0, '':0, '':0, '':0, '':0, '':0, '':0, '':0, '':0, '':0, '':0, '':0, '':0, '':1, ' Q':1186, ':':28747, ' Let':3169, ' z':686, ' =':327, ' -':387, '1':28740, '0':28734, '5':28782 ]
[1702477500] n_remain: -10
[1702477500] eval: [ '5':28782 ]
[1702477500] n_past = 10
[1702477500] sampled token: 28774: '9'
[1702477500] last: [ '':0, '':0, '':0, '':0, '':0, '':0, '':0, '':0, '':0, '':0, '':0, '':0, '':0, '':0, '':0, '':0, '':0, '':0, '':0, '':0, '':0, '':0, '':0, '':0, '':0, '':0, '':0, '':0, '':0, '':0, '':0, '':0, '':0, '':0, '':0, '':0, '':0, '':0, '':0, '':0, '':0, '':0, '':0, '':0, '':0, '':0, '':0, '':0, '':0, '':0, '':0, '':0, '':0, '':1, ' Q':1186, ':':28747, ' Let':3169, ' z':686, ' =':327, ' -':387, '1':28740, '0':28734, '5':28782, '9':28774 ]
[1702477500] n_remain: -11
[1702477500] eval: [ '9':28774 ]
[1702477500] n_past = 11
[1702477500] sampled token: 28723: '.'
[1702477500] last: [ '':0, '':0, '':0, '':0, '':0, '':0, '':0, '':0, '':0, '':0, '':0, '':0, '':0, '':0, '':0, '':0, '':0, '':0, '':0, '':0, '':0, '':0, '':0, '':0, '':0, '':0, '':0, '':0, '':0, '':0, '':0, '':0, '':0, '':0, '':0, '':0, '':0, '':0, '':0, '':0, '':0, '':0, '':0, '':0, '':0, '':0, '':0, '':0, '':0, '':0, '':0, '':0, '':1, ' Q':1186, ':':28747, ' Let':3169, ' z':686, ' =':327, ' -':387, '1':28740, '0':28734, '5':28782, '9':28774, '.':28723 ]
[1702477500] n_remain: -12
[1702477500] eval: [ '.':28723 ]
[1702477500] n_past = 12
[1702477500] sampled token: 28781: '4'
[1702477500] last: [ '':0, '':0, '':0, '':0, '':0, '':0, '':0, '':0, '':0, '':0, '':0, '':0, '':0, '':0, '':0, '':0, '':0, '':0, '':0, '':0, '':0, '':0, '':0, '':0, '':0, '':0, '':0, '':0, '':0, '':0, '':0, '':0, '':0, '':0, '':0, '':0, '':0, '':0, '':0, '':0, '':0, '':0, '':0, '':0, '':0, '':0, '':0, '':0, '':0, '':0, '':0, '':1, ' Q':1186, ':':28747, ' Let':3169, ' z':686, ' =':327, ' -':387, '1':28740, '0':28734, '5':28782, '9':28774, '.':28723, '4':28781 ]
[1702477500] n_remain: -13
[1702477500] eval: [ '4':28781 ]
[1702477500] n_past = 13
[1702477500] sampled token:   648: ' +'
[1702477500] last: [ '':0, '':0, '':0, '':0, '':0, '':0, '':0, '':0, '':0, '':0, '':0, '':0, '':0, '':0, '':0, '':0, '':0, '':0, '':0, '':0, '':0, '':0, '':0, '':0, '':0, '':0, '':0, '':0, '':0, '':0, '':0, '':0, '':0, '':0, '':0, '':0, '':0, '':0, '':0, '':0, '':0, '':0, '':0, '':0, '':0, '':0, '':0, '':0, '':0, '':0, '':1, ' Q':1186, ':':28747, ' Let':3169, ' z':686, ' =':327, ' -':387, '1':28740, '0':28734, '5':28782, '9':28774, '.':28723, '4':28781, ' +':648 ]
[1702477500] n_remain: -14
[1702477500] eval: [ ' +':648 ]
[1702477500] n_past = 14
[1702477500] sampled token: 28705: ' '
[1702477500] last: [ '':0, '':0, '':0, '':0, '':0, '':0, '':0, '':0, '':0, '':0, '':0, '':0, '':0, '':0, '':0, '':0, '':0, '':0, '':0, '':0, '':0, '':0, '':0, '':0, '':0, '':0, '':0, '':0, '':0, '':0, '':0, '':0, '':0, '':0, '':0, '':0, '':0, '':0, '':0, '':0, '':0, '':0, '':0, '':0, '':0, '':0, '':0, '':0, '':0, '':1, ' Q':1186, ':':28747, ' Let':3169, ' z':686, ' =':327, ' -':387, '1':28740, '0':28734, '5':28782, '9':28774, '.':28723, '4':28781, ' +':648, ' ':28705 ]
[1702477500] n_remain: -15
[1702477500] eval: [ ' ':28705 ]
[1702477500] n_past = 15
[1702477500] sampled token: 28740: '1'
[1702477500] last: [ '':0, '':0, '':0, '':0, '':0, '':0, '':0, '':0, '':0, '':0, '':0, '':0, '':0, '':0, '':0, '':0, '':0, '':0, '':0, '':0, '':0, '':0, '':0, '':0, '':0, '':0, '':0, '':0, '':0, '':0, '':0, '':0, '':0, '':0, '':0, '':0, '':0, '':0, '':0, '':0, '':0, '':0, '':0, '':0, '':0, '':0, '':0, '':0, '':1, ' Q':1186, ':':28747, ' Let':3169, ' z':686, ' =':327, ' -':387, '1':28740, '0':28734, '5':28782, '9':28774, '.':28723, '4':28781, ' +':648, ' ':28705, '1':28740 ]
[1702477500] n_remain: -16
[1702477500] eval: [ '1':28740 ]
[1702477500] n_past = 16
[1702477500] sampled token: 28734: '0'
[1702477500] last: [ '':0, '':0, '':0, '':0, '':0, '':0, '':0, '':0, '':0, '':0, '':0, '':0, '':0, '':0, '':0, '':0, '':0, '':0, '':0, '':0, '':0, '':0, '':0, '':0, '':0, '':0, '':0, '':0, '':0, '':0, '':0, '':0, '':0, '':0, '':0, '':0, '':0, '':0, '':0, '':0, '':0, '':0, '':0, '':0, '':0, '':0, '':0, '':1, ' Q':1186, ':':28747, ' Let':3169, ' z':686, ' =':327, ' -':387, '1':28740, '0':28734, '5':28782, '9':28774, '.':28723, '4':28781, ' +':648, ' ':28705, '1':28740, '0':28734 ]
[1702477500] n_remain: -17
[1702477500] eval: [ '0':28734 ]
[1702477500] n_past = 17
[1702477500] sampled token: 28784: '6'
[1702477500] last: [ '':0, '':0, '':0, '':0, '':0, '':0, '':0, '':0, '':0, '':0, '':0, '':0, '':0, '':0, '':0, '':0, '':0, '':0, '':0, '':0, '':0, '':0, '':0, '':0, '':0, '':0, '':0, '':0, '':0, '':0, '':0, '':0, '':0, '':0, '':0, '':0, '':0, '':0, '':0, '':0, '':0, '':0, '':0, '':0, '':0, '':0, '':1, ' Q':1186, ':':28747, ' Let':3169, ' z':686, ' =':327, ' -':387, '1':28740, '0':28734, '5':28782, '9':28774, '.':28723, '4':28781, ' +':648, ' ':28705, '1':28740, '0':28734, '6':28784 ]
[1702477500] n_remain: -18
[1702477500] eval: [ '6':28784 ]
[1702477500] n_past = 18
[1702477500] sampled token: 28750: '2'
[1702477500] last: [ '':0, '':0, '':0, '':0, '':0, '':0, '':0, '':0, '':0, '':0, '':0, '':0, '':0, '':0, '':0, '':0, '':0, '':0, '':0, '':0, '':0, '':0, '':0, '':0, '':0, '':0, '':0, '':0, '':0, '':0, '':0, '':0, '':0, '':0, '':0, '':0, '':0, '':0, '':0, '':0, '':0, '':0, '':0, '':0, '':0, '':1, ' Q':1186, ':':28747, ' Let':3169, ' z':686, ' =':327, ' -':387, '1':28740, '0':28734, '5':28782, '9':28774, '.':28723, '4':28781, ' +':648, ' ':28705, '1':28740, '0':28734, '6':28784, '2':28750 ]
[1702477500] n_remain: -19
[1702477500] eval: [ '2':28750 ]
[1702477500] n_past = 19
[1702477500] sampled token: 28723: '.'
[1702477500] last: [ '':0, '':0, '':0, '':0, '':0, '':0, '':0, '':0, '':0, '':0, '':0, '':0, '':0, '':0, '':0, '':0, '':0, '':0, '':0, '':0, '':0, '':0, '':0, '':0, '':0, '':0, '':0, '':0, '':0, '':0, '':0, '':0, '':0, '':0, '':0, '':0, '':0, '':0, '':0, '':0, '':0, '':0, '':0, '':0, '':1, ' Q':1186, ':':28747, ' Let':3169, ' z':686, ' =':327, ' -':387, '1':28740, '0':28734, '5':28782, '9':28774, '.':28723, '4':28781, ' +':648, ' ':28705, '1':28740, '0':28734, '6':28784, '2':28750, '.':28723 ]
[1702477500] n_remain: -20
[1702477500] eval: [ '.':28723 ]
[1702477500] n_past = 20
[1702477500] sampled token:  1824: ' What'
[1702477500] last: [ '':0, '':0, '':0, '':0, '':0, '':0, '':0, '':0, '':0, '':0, '':0, '':0, '':0, '':0, '':0, '':0, '':0, '':0, '':0, '':0, '':0, '':0, '':0, '':0, '':0, '':0, '':0, '':0, '':0, '':0, '':0, '':0, '':0, '':0, '':0, '':0, '':0, '':0, '':0, '':0, '':0, '':0, '':0, '':1, ' Q':1186, ':':28747, ' Let':3169, ' z':686, ' =':327, ' -':387, '1':28740, '0':28734, '5':28782, '9':28774, '.':28723, '4':28781, ' +':648, ' ':28705, '1':28740, '0':28734, '6':28784, '2':28750, '.':28723, ' What':1824 ]
[1702477500] n_remain: -21
[1702477500] eval: [ ' What':1824 ]
[1702477500] n_past = 21
[1702477500] sampled token:   349: ' is'
[1702477500] last: [ '':0, '':0, '':0, '':0, '':0, '':0, '':0, '':0, '':0, '':0, '':0, '':0, '':0, '':0, '':0, '':0, '':0, '':0, '':0, '':0, '':0, '':0, '':0, '':0, '':0, '':0, '':0, '':0, '':0, '':0, '':0, '':0, '':0, '':0, '':0, '':0, '':0, '':0, '':0, '':0, '':0, '':0, '':1, ' Q':1186, ':':28747, ' Let':3169, ' z':686, ' =':327, ' -':387, '1':28740, '0':28734, '5':28782, '9':28774, '.':28723, '4':28781, ' +':648, ' ':28705, '1':28740, '0':28734, '6':28784, '2':28750, '.':28723, ' What':1824, ' is':349 ]
[1702477500] n_remain: -22
[1702477500] eval: [ ' is':349 ]
[1702477500] n_past = 22
[1702477500] sampled token:   272: ' the'
[1702477500] last: [ '':0, '':0, '':0, '':0, '':0, '':0, '':0, '':0, '':0, '':0, '':0, '':0, '':0, '':0, '':0, '':0, '':0, '':0, '':0, '':0, '':0, '':0, '':0, '':0, '':0, '':0, '':0, '':0, '':0, '':0, '':0, '':0, '':0, '':0, '':0, '':0, '':0, '':0, '':0, '':0, '':0, '':1, ' Q':1186, ':':28747, ' Let':3169, ' z':686, ' =':327, ' -':387, '1':28740, '0':28734, '5':28782, '9':28774, '.':28723, '4':28781, ' +':648, ' ':28705, '1':28740, '0':28734, '6':28784, '2':28750, '.':28723, ' What':1824, ' is':349, ' the':272 ]
[1702477500] n_remain: -23
[1702477500] eval: [ ' the':272 ]
[1702477501] n_past = 23
[1702477501] sampled token: 16424: ' closest'
[1702477501] last: [ '':0, '':0, '':0, '':0, '':0, '':0, '':0, '':0, '':0, '':0, '':0, '':0, '':0, '':0, '':0, '':0, '':0, '':0, '':0, '':0, '':0, '':0, '':0, '':0, '':0, '':0, '':0, '':0, '':0, '':0, '':0, '':0, '':0, '':0, '':0, '':0, '':0, '':0, '':0, '':0, '':1, ' Q':1186, ':':28747, ' Let':3169, ' z':686, ' =':327, ' -':387, '1':28740, '0':28734, '5':28782, '9':28774, '.':28723, '4':28781, ' +':648, ' ':28705, '1':28740, '0':28734, '6':28784, '2':28750, '.':28723, ' What':1824, ' is':349, ' the':272, ' closest':16424 ]
[1702477501] n_remain: -24
[1702477501] eval: [ ' closest':16424 ]
[1702477501] n_past = 24
[1702477501] sampled token:   298: ' to'
[1702477501] last: [ '':0, '':0, '':0, '':0, '':0, '':0, '':0, '':0, '':0, '':0, '':0, '':0, '':0, '':0, '':0, '':0, '':0, '':0, '':0, '':0, '':0, '':0, '':0, '':0, '':0, '':0, '':0, '':0, '':0, '':0, '':0, '':0, '':0, '':0, '':0, '':0, '':0, '':0, '':0, '':1, ' Q':1186, ':':28747, ' Let':3169, ' z':686, ' =':327, ' -':387, '1':28740, '0':28734, '5':28782, '9':28774, '.':28723, '4':28781, ' +':648, ' ':28705, '1':28740, '0':28734, '6':28784, '2':28750, '.':28723, ' What':1824, ' is':349, ' the':272, ' closest':16424, ' to':298 ]
[1702477501] n_remain: -25
[1702477501] eval: [ ' to':298 ]
[1702477501] n_past = 25
[1702477501] sampled token: 28705: ' '
[1702477501] last: [ '':0, '':0, '':0, '':0, '':0, '':0, '':0, '':0, '':0, '':0, '':0, '':0, '':0, '':0, '':0, '':0, '':0, '':0, '':0, '':0, '':0, '':0, '':0, '':0, '':0, '':0, '':0, '':0, '':0, '':0, '':0, '':0, '':0, '':0, '':0, '':0, '':0, '':0, '':1, ' Q':1186, ':':28747, ' Let':3169, ' z':686, ' =':327, ' -':387, '1':28740, '0':28734, '5':28782, '9':28774, '.':28723, '4':28781, ' +':648, ' ':28705, '1':28740, '0':28734, '6':28784, '2':28750, '.':28723, ' What':1824, ' is':349, ' the':272, ' closest':16424, ' to':298, ' ':28705 ]
[1702477501] n_remain: -26
[1702477501] eval: [ ' ':28705 ]
[1702477501] n_past = 26
[1702477501] sampled token: 28750: '2'
[1702477501] last: [ '':0, '':0, '':0, '':0, '':0, '':0, '':0, '':0, '':0, '':0, '':0, '':0, '':0, '':0, '':0, '':0, '':0, '':0, '':0, '':0, '':0, '':0, '':0, '':0, '':0, '':0, '':0, '':0, '':0, '':0, '':0, '':0, '':0, '':0, '':0, '':0, '':0, '':1, ' Q':1186, ':':28747, ' Let':3169, ' z':686, ' =':327, ' -':387, '1':28740, '0':28734, '5':28782, '9':28774, '.':28723, '4':28781, ' +':648, ' ':28705, '1':28740, '0':28734, '6':28784, '2':28750, '.':28723, ' What':1824, ' is':349, ' the':272, ' closest':16424, ' to':298, ' ':28705, '2':28750 ]
[1702477501] n_remain: -27
[1702477501] eval: [ '2':28750 ]
[1702477501] n_past = 27
[1702477501] sampled token:   297: ' in'
[1702477501] last: [ '':0, '':0, '':0, '':0, '':0, '':0, '':0, '':0, '':0, '':0, '':0, '':0, '':0, '':0, '':0, '':0, '':0, '':0, '':0, '':0, '':0, '':0, '':0, '':0, '':0, '':0, '':0, '':0, '':0, '':0, '':0, '':0, '':0, '':0, '':0, '':0, '':1, ' Q':1186, ':':28747, ' Let':3169, ' z':686, ' =':327, ' -':387, '1':28740, '0':28734, '5':28782, '9':28774, '.':28723, '4':28781, ' +':648, ' ':28705, '1':28740, '0':28734, '6':28784, '2':28750, '.':28723, ' What':1824, ' is':349, ' the':272, ' closest':16424, ' to':298, ' ':28705, '2':28750, ' in':297 ]
[1702477501] n_remain: -28
[1702477501] eval: [ ' in':297 ]
[1702477501] n_past = 28
[1702477501] sampled token:   686: ' z'
[1702477501] last: [ '':0, '':0, '':0, '':0, '':0, '':0, '':0, '':0, '':0, '':0, '':0, '':0, '':0, '':0, '':0, '':0, '':0, '':0, '':0, '':0, '':0, '':0, '':0, '':0, '':0, '':0, '':0, '':0, '':0, '':0, '':0, '':0, '':0, '':0, '':0, '':1, ' Q':1186, ':':28747, ' Let':3169, ' z':686, ' =':327, ' -':387, '1':28740, '0':28734, '5':28782, '9':28774, '.':28723, '4':28781, ' +':648, ' ':28705, '1':28740, '0':28734, '6':28784, '2':28750, '.':28723, ' What':1824, ' is':349, ' the':272, ' closest':16424, ' to':298, ' ':28705, '2':28750, ' in':297, ' z':686 ]
[1702477501] n_remain: -29
[1702477501] eval: [ ' z':686 ]
[1702477501] n_past = 29
[1702477501] sampled token: 28725: ','
[1702477501] last: [ '':0, '':0, '':0, '':0, '':0, '':0, '':0, '':0, '':0, '':0, '':0, '':0, '':0, '':0, '':0, '':0, '':0, '':0, '':0, '':0, '':0, '':0, '':0, '':0, '':0, '':0, '':0, '':0, '':0, '':0, '':0, '':0, '':0, '':0, '':1, ' Q':1186, ':':28747, ' Let':3169, ' z':686, ' =':327, ' -':387, '1':28740, '0':28734, '5':28782, '9':28774, '.':28723, '4':28781, ' +':648, ' ':28705, '1':28740, '0':28734, '6':28784, '2':28750, '.':28723, ' What':1824, ' is':349, ' the':272, ' closest':16424, ' to':298, ' ':28705, '2':28750, ' in':297, ' z':686, ',':28725 ]
[1702477501] n_remain: -30
[1702477501] eval: [ ',':28725 ]
[1702477501] n_past = 30
[1702477501] sampled token: 28705: ' '
[1702477501] last: [ '':0, '':0, '':0, '':0, '':0, '':0, '':0, '':0, '':0, '':0, '':0, '':0, '':0, '':0, '':0, '':0, '':0, '':0, '':0, '':0, '':0, '':0, '':0, '':0, '':0, '':0, '':0, '':0, '':0, '':0, '':0, '':0, '':0, '':1, ' Q':1186, ':':28747, ' Let':3169, ' z':686, ' =':327, ' -':387, '1':28740, '0':28734, '5':28782, '9':28774, '.':28723, '4':28781, ' +':648, ' ':28705, '1':28740, '0':28734, '6':28784, '2':28750, '.':28723, ' What':1824, ' is':349, ' the':272, ' closest':16424, ' to':298, ' ':28705, '2':28750, ' in':297, ' z':686, ',':28725, ' ':28705 ]
[1702477501] n_remain: -31
[1702477501] eval: [ ' ':28705 ]
[1702477501] n_past = 31
[1702477501] sampled token: 28770: '3'
[1702477501] last: [ '':0, '':0, '':0, '':0, '':0, '':0, '':0, '':0, '':0, '':0, '':0, '':0, '':0, '':0, '':0, '':0, '':0, '':0, '':0, '':0, '':0, '':0, '':0, '':0, '':0, '':0, '':0, '':0, '':0, '':0, '':0, '':0, '':1, ' Q':1186, ':':28747, ' Let':3169, ' z':686, ' =':327, ' -':387, '1':28740, '0':28734, '5':28782, '9':28774, '.':28723, '4':28781, ' +':648, ' ':28705, '1':28740, '0':28734, '6':28784, '2':28750, '.':28723, ' What':1824, ' is':349, ' the':272, ' closest':16424, ' to':298, ' ':28705, '2':28750, ' in':297, ' z':686, ',':28725, ' ':28705, '3':28770 ]
[1702477501] n_remain: -32
[1702477501] eval: [ '3':28770 ]
[1702477501] n_past = 32
[1702477501] sampled token: 28748: '/'
[1702477501] last: [ '':0, '':0, '':0, '':0, '':0, '':0, '':0, '':0, '':0, '':0, '':0, '':0, '':0, '':0, '':0, '':0, '':0, '':0, '':0, '':0, '':0, '':0, '':0, '':0, '':0, '':0, '':0, '':0, '':0, '':0, '':0, '':1, ' Q':1186, ':':28747, ' Let':3169, ' z':686, ' =':327, ' -':387, '1':28740, '0':28734, '5':28782, '9':28774, '.':28723, '4':28781, ' +':648, ' ':28705, '1':28740, '0':28734, '6':28784, '2':28750, '.':28723, ' What':1824, ' is':349, ' the':272, ' closest':16424, ' to':298, ' ':28705, '2':28750, ' in':297, ' z':686, ',':28725, ' ':28705, '3':28770, '/':28748 ]
[1702477501] n_remain: -33
[1702477501] eval: [ '/':28748 ]
[1702477501] n_past = 33
[1702477501] sampled token: 28787: '7'
[1702477501] last: [ '':0, '':0, '':0, '':0, '':0, '':0, '':0, '':0, '':0, '':0, '':0, '':0, '':0, '':0, '':0, '':0, '':0, '':0, '':0, '':0, '':0, '':0, '':0, '':0, '':0, '':0, '':0, '':0, '':0, '':0, '':1, ' Q':1186, ':':28747, ' Let':3169, ' z':686, ' =':327, ' -':387, '1':28740, '0':28734, '5':28782, '9':28774, '.':28723, '4':28781, ' +':648, ' ':28705, '1':28740, '0':28734, '6':28784, '2':28750, '.':28723, ' What':1824, ' is':349, ' the':272, ' closest':16424, ' to':298, ' ':28705, '2':28750, ' in':297, ' z':686, ',':28725, ' ':28705, '3':28770, '/':28748, '7':28787 ]
[1702477501] n_remain: -34
[1702477501] eval: [ '7':28787 ]
[1702477501] n_past = 34
[1702477501] sampled token: 28725: ','
[1702477501] last: [ '':0, '':0, '':0, '':0, '':0, '':0, '':0, '':0, '':0, '':0, '':0, '':0, '':0, '':0, '':0, '':0, '':0, '':0, '':0, '':0, '':0, '':0, '':0, '':0, '':0, '':0, '':0, '':0, '':0, '':1, ' Q':1186, ':':28747, ' Let':3169, ' z':686, ' =':327, ' -':387, '1':28740, '0':28734, '5':28782, '9':28774, '.':28723, '4':28781, ' +':648, ' ':28705, '1':28740, '0':28734, '6':28784, '2':28750, '.':28723, ' What':1824, ' is':349, ' the':272, ' closest':16424, ' to':298, ' ':28705, '2':28750, ' in':297, ' z':686, ',':28725, ' ':28705, '3':28770, '/':28748, '7':28787, ',':28725 ]
[1702477501] n_remain: -35
[1702477501] eval: [ ',':28725 ]
[1702477501] n_past = 35
[1702477501] sampled token:   387: ' -'
[1702477501] last: [ '':0, '':0, '':0, '':0, '':0, '':0, '':0, '':0, '':0, '':0, '':0, '':0, '':0, '':0, '':0, '':0, '':0, '':0, '':0, '':0, '':0, '':0, '':0, '':0, '':0, '':0, '':0, '':0, '':1, ' Q':1186, ':':28747, ' Let':3169, ' z':686, ' =':327, ' -':387, '1':28740, '0':28734, '5':28782, '9':28774, '.':28723, '4':28781, ' +':648, ' ':28705, '1':28740, '0':28734, '6':28784, '2':28750, '.':28723, ' What':1824, ' is':349, ' the':272, ' closest':16424, ' to':298, ' ':28705, '2':28750, ' in':297, ' z':686, ',':28725, ' ':28705, '3':28770, '/':28748, '7':28787, ',':28725, ' -':387 ]
[1702477501] n_remain: -36
[1702477501] eval: [ ' -':387 ]
[1702477501] n_past = 36
[1702477501] sampled token: 28734: '0'
[1702477501] last: [ '':0, '':0, '':0, '':0, '':0, '':0, '':0, '':0, '':0, '':0, '':0, '':0, '':0, '':0, '':0, '':0, '':0, '':0, '':0, '':0, '':0, '':0, '':0, '':0, '':0, '':0, '':0, '':1, ' Q':1186, ':':28747, ' Let':3169, ' z':686, ' =':327, ' -':387, '1':28740, '0':28734, '5':28782, '9':28774, '.':28723, '4':28781, ' +':648, ' ':28705, '1':28740, '0':28734, '6':28784, '2':28750, '.':28723, ' What':1824, ' is':349, ' the':272, ' closest':16424, ' to':298, ' ':28705, '2':28750, ' in':297, ' z':686, ',':28725, ' ':28705, '3':28770, '/':28748, '7':28787, ',':28725, ' -':387, '0':28734 ]
[1702477501] n_remain: -37
[1702477501] eval: [ '0':28734 ]
[1702477501] n_past = 37
[1702477501] sampled token: 28723: '.'
[1702477501] last: [ '':0, '':0, '':0, '':0, '':0, '':0, '':0, '':0, '':0, '':0, '':0, '':0, '':0, '':0, '':0, '':0, '':0, '':0, '':0, '':0, '':0, '':0, '':0, '':0, '':0, '':0, '':1, ' Q':1186, ':':28747, ' Let':3169, ' z':686, ' =':327, ' -':387, '1':28740, '0':28734, '5':28782, '9':28774, '.':28723, '4':28781, ' +':648, ' ':28705, '1':28740, '0':28734, '6':28784, '2':28750, '.':28723, ' What':1824, ' is':349, ' the':272, ' closest':16424, ' to':298, ' ':28705, '2':28750, ' in':297, ' z':686, ',':28725, ' ':28705, '3':28770, '/':28748, '7':28787, ',':28725, ' -':387, '0':28734, '.':28723 ]
[1702477501] n_remain: -38
[1702477501] eval: [ '.':28723 ]
[1702477501] n_past = 38
[1702477501] sampled token: 28740: '1'
[1702477501] last: [ '':0, '':0, '':0, '':0, '':0, '':0, '':0, '':0, '':0, '':0, '':0, '':0, '':0, '':0, '':0, '':0, '':0, '':0, '':0, '':0, '':0, '':0, '':0, '':0, '':0, '':1, ' Q':1186, ':':28747, ' Let':3169, ' z':686, ' =':327, ' -':387, '1':28740, '0':28734, '5':28782, '9':28774, '.':28723, '4':28781, ' +':648, ' ':28705, '1':28740, '0':28734, '6':28784, '2':28750, '.':28723, ' What':1824, ' is':349, ' the':272, ' closest':16424, ' to':298, ' ':28705, '2':28750, ' in':297, ' z':686, ',':28725, ' ':28705, '3':28770, '/':28748, '7':28787, ',':28725, ' -':387, '0':28734, '.':28723, '1':28740 ]
[1702477501] n_remain: -39
[1702477501] eval: [ '1':28740 ]
[1702477501] n_past = 39
[1702477501] sampled token: 28804: '?'
[1702477501] last: [ '':0, '':0, '':0, '':0, '':0, '':0, '':0, '':0, '':0, '':0, '':0, '':0, '':0, '':0, '':0, '':0, '':0, '':0, '':0, '':0, '':0, '':0, '':0, '':0, '':1, ' Q':1186, ':':28747, ' Let':3169, ' z':686, ' =':327, ' -':387, '1':28740, '0':28734, '5':28782, '9':28774, '.':28723, '4':28781, ' +':648, ' ':28705, '1':28740, '0':28734, '6':28784, '2':28750, '.':28723, ' What':1824, ' is':349, ' the':272, ' closest':16424, ' to':298, ' ':28705, '2':28750, ' in':297, ' z':686, ',':28725, ' ':28705, '3':28770, '/':28748, '7':28787, ',':28725, ' -':387, '0':28734, '.':28723, '1':28740, '?':28804 ]
[1702477501] n_remain: -40
[1702477501] eval: [ '?':28804 ]
[1702477501] n_past = 40
[1702477501] sampled token:    13: '
'
[1702477501] last: [ '':0, '':0, '':0, '':0, '':0, '':0, '':0, '':0, '':0, '':0, '':0, '':0, '':0, '':0, '':0, '':0, '':0, '':0, '':0, '':0, '':0, '':0, '':0, '':1, ' Q':1186, ':':28747, ' Let':3169, ' z':686, ' =':327, ' -':387, '1':28740, '0':28734, '5':28782, '9':28774, '.':28723, '4':28781, ' +':648, ' ':28705, '1':28740, '0':28734, '6':28784, '2':28750, '.':28723, ' What':1824, ' is':349, ' the':272, ' closest':16424, ' to':298, ' ':28705, '2':28750, ' in':297, ' z':686, ',':28725, ' ':28705, '3':28770, '/':28748, '7':28787, ',':28725, ' -':387, '0':28734, '.':28723, '1':28740, '?':28804, '':13 ]
[1702477501] n_remain: -41
[1702477501] eval: [ '':13 ]
[1702477501] n_past = 41
[1702477501] sampled token: 28741: 'A'
[1702477501] last: [ '':0, '':0, '':0, '':0, '':0, '':0, '':0, '':0, '':0, '':0, '':0, '':0, '':0, '':0, '':0, '':0, '':0, '':0, '':0, '':0, '':0, '':0, '':1, ' Q':1186, ':':28747, ' Let':3169, ' z':686, ' =':327, ' -':387, '1':28740, '0':28734, '5':28782, '9':28774, '.':28723, '4':28781, ' +':648, ' ':28705, '1':28740, '0':28734, '6':28784, '2':28750, '.':28723, ' What':1824, ' is':349, ' the':272, ' closest':16424, ' to':298, ' ':28705, '2':28750, ' in':297, ' z':686, ',':28725, ' ':28705, '3':28770, '/':28748, '7':28787, ',':28725, ' -':387, '0':28734, '.':28723, '1':28740, '?':28804, '':13, 'A':28741 ]
[1702477501] n_remain: -42
[1702477501] eval: [ 'A':28741 ]
[1702477501] n_past = 42
[1702477501] sampled token: 28747: ':'
[1702477501] last: [ '':0, '':0, '':0, '':0, '':0, '':0, '':0, '':0, '':0, '':0, '':0, '':0, '':0, '':0, '':0, '':0, '':0, '':0, '':0, '':0, '':0, '':1, ' Q':1186, ':':28747, ' Let':3169, ' z':686, ' =':327, ' -':387, '1':28740, '0':28734, '5':28782, '9':28774, '.':28723, '4':28781, ' +':648, ' ':28705, '1':28740, '0':28734, '6':28784, '2':28750, '.':28723, ' What':1824, ' is':349, ' the':272, ' closest':16424, ' to':298, ' ':28705, '2':28750, ' in':297, ' z':686, ',':28725, ' ':28705, '3':28770, '/':28748, '7':28787, ',':28725, ' -':387, '0':28734, '.':28723, '1':28740, '?':28804, '':13, 'A':28741, ':':28747 ]
[1702477501] n_remain: -43
[1702477501] eval: [ ':':28747 ]
[1702477501] n_past = 43
[1702477501] sampled token: 28705: ' '
[1702477501] last: [ '':0, '':0, '':0, '':0, '':0, '':0, '':0, '':0, '':0, '':0, '':0, '':0, '':0, '':0, '':0, '':0, '':0, '':0, '':0, '':0, '':1, ' Q':1186, ':':28747, ' Let':3169, ' z':686, ' =':327, ' -':387, '1':28740, '0':28734, '5':28782, '9':28774, '.':28723, '4':28781, ' +':648, ' ':28705, '1':28740, '0':28734, '6':28784, '2':28750, '.':28723, ' What':1824, ' is':349, ' the':272, ' closest':16424, ' to':298, ' ':28705, '2':28750, ' in':297, ' z':686, ',':28725, ' ':28705, '3':28770, '/':28748, '7':28787, ',':28725, ' -':387, '0':28734, '.':28723, '1':28740, '?':28804, '':13, 'A':28741, ':':28747, ' ':28705 ]
[1702477501] n_remain: -44
[1702477501] eval: [ ' ':28705 ]
[1702477501] n_past = 44
[1702477501] sampled token: 28770: '3'
[1702477501] last: [ '':0, '':0, '':0, '':0, '':0, '':0, '':0, '':0, '':0, '':0, '':0, '':0, '':0, '':0, '':0, '':0, '':0, '':0, '':0, '':1, ' Q':1186, ':':28747, ' Let':3169, ' z':686, ' =':327, ' -':387, '1':28740, '0':28734, '5':28782, '9':28774, '.':28723, '4':28781, ' +':648, ' ':28705, '1':28740, '0':28734, '6':28784, '2':28750, '.':28723, ' What':1824, ' is':349, ' the':272, ' closest':16424, ' to':298, ' ':28705, '2':28750, ' in':297, ' z':686, ',':28725, ' ':28705, '3':28770, '/':28748, '7':28787, ',':28725, ' -':387, '0':28734, '.':28723, '1':28740, '?':28804, '':13, 'A':28741, ':':28747, ' ':28705, '3':28770 ]
[1702477501] n_remain: -45
[1702477501] eval: [ '3':28770 ]
[1702477501] n_past = 45
[1702477501] sampled token: 28748: '/'
[1702477501] last: [ '':0, '':0, '':0, '':0, '':0, '':0, '':0, '':0, '':0, '':0, '':0, '':0, '':0, '':0, '':0, '':0, '':0, '':0, '':1, ' Q':1186, ':':28747, ' Let':3169, ' z':686, ' =':327, ' -':387, '1':28740, '0':28734, '5':28782, '9':28774, '.':28723, '4':28781, ' +':648, ' ':28705, '1':28740, '0':28734, '6':28784, '2':28750, '.':28723, ' What':1824, ' is':349, ' the':272, ' closest':16424, ' to':298, ' ':28705, '2':28750, ' in':297, ' z':686, ',':28725, ' ':28705, '3':28770, '/':28748, '7':28787, ',':28725, ' -':387, '0':28734, '.':28723, '1':28740, '?':28804, '':13, 'A':28741, ':':28747, ' ':28705, '3':28770, '/':28748 ]
[1702477501] n_remain: -46
[1702477501] eval: [ '/':28748 ]
[1702477501] n_past = 46
[1702477501] sampled token: 28787: '7'
[1702477501] last: [ '':0, '':0, '':0, '':0, '':0, '':0, '':0, '':0, '':0, '':0, '':0, '':0, '':0, '':0, '':0, '':0, '':0, '':1, ' Q':1186, ':':28747, ' Let':3169, ' z':686, ' =':327, ' -':387, '1':28740, '0':28734, '5':28782, '9':28774, '.':28723, '4':28781, ' +':648, ' ':28705, '1':28740, '0':28734, '6':28784, '2':28750, '.':28723, ' What':1824, ' is':349, ' the':272, ' closest':16424, ' to':298, ' ':28705, '2':28750, ' in':297, ' z':686, ',':28725, ' ':28705, '3':28770, '/':28748, '7':28787, ',':28725, ' -':387, '0':28734, '.':28723, '1':28740, '?':28804, '':13, 'A':28741, ':':28747, ' ':28705, '3':28770, '/':28748, '7':28787 ]
[1702477501] n_remain: -47
[1702477501] eval: [ '7':28787 ]
[1702477501] n_past = 47
[1702477501] sampled token:     2: ''
[1702477501] last: [ '':0, '':0, '':0, '':0, '':0, '':0, '':0, '':0, '':0, '':0, '':0, '':0, '':0, '':0, '':0, '':0, '':1, ' Q':1186, ':':28747, ' Let':3169, ' z':686, ' =':327, ' -':387, '1':28740, '0':28734, '5':28782, '9':28774, '.':28723, '4':28781, ' +':648, ' ':28705, '1':28740, '0':28734, '6':28784, '2':28750, '.':28723, ' What':1824, ' is':349, ' the':272, ' closest':16424, ' to':298, ' ':28705, '2':28750, ' in':297, ' z':686, ',':28725, ' ':28705, '3':28770, '/':28748, '7':28787, ',':28725, ' -':387, '0':28734, '.':28723, '1':28740, '?':28804, '':13, 'A':28741, ':':28747, ' ':28705, '3':28770, '/':28748, '7':28787, '':2 ]
[1702477501] n_remain: -48
[1702477501] found EOS token
[1702477501] waiting for user input
[1702477526] buffer: 'Q: In OCaml, is there the combination of List.iter and List.map? So, mapping over the list with access to index?
'
[1702477526] input tokens: [ ' Q':1186, ':':28747, ' In':560, ' O':451, 'Cam':11658, 'l':28714, ',':28725, ' is':349, ' there':736, ' the':272, ' combination':9470, ' of':302, ' List':3231, '.':28723, 'iter':1685, ' and':304, ' List':3231, '.':28723, 'map':2022, '?':28804, ' So':1537, ',':28725, ' mapping':13152, ' over':754, ' the':272, ' list':1274, ' with':395, ' access':2735, ' to':298, ' index':2991, '?':28804, '':13 ]
[1702477526] n_remain: -80
[1702477526] eval: [ '':2 ]
[1702477526] n_past = 48
[1702477526] embd_inp.size(): 33, n_consumed: 1
[1702477526] eval: [ ' Q':1186, ':':28747, ' In':560, ' O':451, 'Cam':11658, 'l':28714, ',':28725, ' is':349, ' there':736, ' the':272, ' combination':9470, ' of':302, ' List':3231, '.':28723, 'iter':1685, ' and':304, ' List':3231, '.':28723, 'map':2022, '?':28804, ' So':1537, ',':28725, ' mapping':13152, ' over':754, ' the':272, ' list':1274, ' with':395, ' access':2735, ' to':298, ' index':2991, '?':28804, '':13 ]
[1702477527] n_past = 80
[1702477527] sampled token: 28741: 'A'
[1702477527] last: [ '':0, '':0, '':0, '':0, '':0, '':0, '':0, '':0, '':0, '':0, '':0, '':0, '':0, '':0, '':0, '':0, '':0, '':0, '':0, '':0, '':0, '':0, '':0, '':0, '':0, '':0, '':0, '':0, '':0, '':0, '':0, ' Q':1186, ':':28747, ' In':560, ' O':451, 'Cam':11658, 'l':28714, ',':28725, ' is':349, ' there':736, ' the':272, ' combination':9470, ' of':302, ' List':3231, '.':28723, 'iter':1685, ' and':304, ' List':3231, '.':28723, 'map':2022, '?':28804, ' So':1537, ',':28725, ' mapping':13152, ' over':754, ' the':272, ' list':1274, ' with':395, ' access':2735, ' to':298, ' index':2991, '?':28804, '':13, 'A':28741 ]
[1702477527] n_remain: -81
[1702477527] eval: [ 'A':28741 ]
[1702477527] n_past = 81
[1702477527] sampled token: 28747: ':'
[1702477527] last: [ '':0, '':0, '':0, '':0, '':0, '':0, '':0, '':0, '':0, '':0, '':0, '':0, '':0, '':0, '':0, '':0, '':0, '':0, '':0, '':0, '':0, '':0, '':0, '':0, '':0, '':0, '':0, '':0, '':0, '':0, ' Q':1186, ':':28747, ' In':560, ' O':451, 'Cam':11658, 'l':28714, ',':28725, ' is':349, ' there':736, ' the':272, ' combination':9470, ' of':302, ' List':3231, '.':28723, 'iter':1685, ' and':304, ' List':3231, '.':28723, 'map':2022, '?':28804, ' So':1537, ',':28725, ' mapping':13152, ' over':754, ' the':272, ' list':1274, ' with':395, ' access':2735, ' to':298, ' index':2991, '?':28804, '':13, 'A':28741, ':':28747 ]
[1702477527] n_remain: -82
[1702477527] eval: [ ':':28747 ]
[1702477527] n_past = 82
[1702477527] sampled token:  5592: ' Yes'
[1702477527] last: [ '':0, '':0, '':0, '':0, '':0, '':0, '':0, '':0, '':0, '':0, '':0, '':0, '':0, '':0, '':0, '':0, '':0, '':0, '':0, '':0, '':0, '':0, '':0, '':0, '':0, '':0, '':0, '':0, '':0, ' Q':1186, ':':28747, ' In':560, ' O':451, 'Cam':11658, 'l':28714, ',':28725, ' is':349, ' there':736, ' the':272, ' combination':9470, ' of':302, ' List':3231, '.':28723, 'iter':1685, ' and':304, ' List':3231, '.':28723, 'map':2022, '?':28804, ' So':1537, ',':28725, ' mapping':13152, ' over':754, ' the':272, ' list':1274, ' with':395, ' access':2735, ' to':298, ' index':2991, '?':28804, '':13, 'A':28741, ':':28747, ' Yes':5592 ]
[1702477527] n_remain: -83
[1702477527] eval: [ ' Yes':5592 ]
[1702477527] n_past = 83
[1702477527] sampled token: 28725: ','
[1702477527] last: [ '':0, '':0, '':0, '':0, '':0, '':0, '':0, '':0, '':0, '':0, '':0, '':0, '':0, '':0, '':0, '':0, '':0, '':0, '':0, '':0, '':0, '':0, '':0, '':0, '':0, '':0, '':0, '':0, ' Q':1186, ':':28747, ' In':560, ' O':451, 'Cam':11658, 'l':28714, ',':28725, ' is':349, ' there':736, ' the':272, ' combination':9470, ' of':302, ' List':3231, '.':28723, 'iter':1685, ' and':304, ' List':3231, '.':28723, 'map':2022, '?':28804, ' So':1537, ',':28725, ' mapping':13152, ' over':754, ' the':272, ' list':1274, ' with':395, ' access':2735, ' to':298, ' index':2991, '?':28804, '':13, 'A':28741, ':':28747, ' Yes':5592, ',':28725 ]
[1702477527] n_remain: -84
[1702477527] eval: [ ',':28725 ]
[1702477527] n_past = 84
[1702477527] sampled token:   368: ' you'
[1702477527] last: [ '':0, '':0, '':0, '':0, '':0, '':0, '':0, '':0, '':0, '':0, '':0, '':0, '':0, '':0, '':0, '':0, '':0, '':0, '':0, '':0, '':0, '':0, '':0, '':0, '':0, '':0, '':0, ' Q':1186, ':':28747, ' In':560, ' O':451, 'Cam':11658, 'l':28714, ',':28725, ' is':349, ' there':736, ' the':272, ' combination':9470, ' of':302, ' List':3231, '.':28723, 'iter':1685, ' and':304, ' List':3231, '.':28723, 'map':2022, '?':28804, ' So':1537, ',':28725, ' mapping':13152, ' over':754, ' the':272, ' list':1274, ' with':395, ' access':2735, ' to':298, ' index':2991, '?':28804, '':13, 'A':28741, ':':28747, ' Yes':5592, ',':28725, ' you':368 ]
[1702477527] n_remain: -85
[1702477527] eval: [ ' you':368 ]
[1702477527] n_past = 85
[1702477527] sampled token:   541: ' can'
[1702477527] last: [ '':0, '':0, '':0, '':0, '':0, '':0, '':0, '':0, '':0, '':0, '':0, '':0, '':0, '':0, '':0, '':0, '':0, '':0, '':0, '':0, '':0, '':0, '':0, '':0, '':0, '':0, ' Q':1186, ':':28747, ' In':560, ' O':451, 'Cam':11658, 'l':28714, ',':28725, ' is':349, ' there':736, ' the':272, ' combination':9470, ' of':302, ' List':3231, '.':28723, 'iter':1685, ' and':304, ' List':3231, '.':28723, 'map':2022, '?':28804, ' So':1537, ',':28725, ' mapping':13152, ' over':754, ' the':272, ' list':1274, ' with':395, ' access':2735, ' to':298, ' index':2991, '?':28804, '':13, 'A':28741, ':':28747, ' Yes':5592, ',':28725, ' you':368, ' can':541 ]
[1702477527] n_remain: -86
[1702477527] eval: [ ' can':541 ]
[1702477527] n_past = 86
[1702477527] sampled token: 17470: ' combine'
[1702477527] last: [ '':0, '':0, '':0, '':0, '':0, '':0, '':0, '':0, '':0, '':0, '':0, '':0, '':0, '':0, '':0, '':0, '':0, '':0, '':0, '':0, '':0, '':0, '':0, '':0, '':0, ' Q':1186, ':':28747, ' In':560, ' O':451, 'Cam':11658, 'l':28714, ',':28725, ' is':349, ' there':736, ' the':272, ' combination':9470, ' of':302, ' List':3231, '.':28723, 'iter':1685, ' and':304, ' List':3231, '.':28723, 'map':2022, '?':28804, ' So':1537, ',':28725, ' mapping':13152, ' over':754, ' the':272, ' list':1274, ' with':395, ' access':2735, ' to':298, ' index':2991, '?':28804, '':13, 'A':28741, ':':28747, ' Yes':5592, ',':28725, ' you':368, ' can':541, ' combine':17470 ]
[1702477527] n_remain: -87
[1702477527] eval: [ ' combine':17470 ]
[1702477527] n_past = 87
[1702477527] sampled token:  3231: ' List'
[1702477527] last: [ '':0, '':0, '':0, '':0, '':0, '':0, '':0, '':0, '':0, '':0, '':0, '':0, '':0, '':0, '':0, '':0, '':0, '':0, '':0, '':0, '':0, '':0, '':0, '':0, ' Q':1186, ':':28747, ' In':560, ' O':451, 'Cam':11658, 'l':28714, ',':28725, ' is':349, ' there':736, ' the':272, ' combination':9470, ' of':302, ' List':3231, '.':28723, 'iter':1685, ' and':304, ' List':3231, '.':28723, 'map':2022, '?':28804, ' So':1537, ',':28725, ' mapping':13152, ' over':754, ' the':272, ' list':1274, ' with':395, ' access':2735, ' to':298, ' index':2991, '?':28804, '':13, 'A':28741, ':':28747, ' Yes':5592, ',':28725, ' you':368, ' can':541, ' combine':17470, ' List':3231 ]
[1702477527] n_remain: -88
[1702477527] eval: [ ' List':3231 ]
[1702477527] n_past = 88
[1702477527] sampled token: 28723: '.'
[1702477527] last: [ '':0, '':0, '':0, '':0, '':0, '':0, '':0, '':0, '':0, '':0, '':0, '':0, '':0, '':0, '':0, '':0, '':0, '':0, '':0, '':0, '':0, '':0, '':0, ' Q':1186, ':':28747, ' In':560, ' O':451, 'Cam':11658, 'l':28714, ',':28725, ' is':349, ' there':736, ' the':272, ' combination':9470, ' of':302, ' List':3231, '.':28723, 'iter':1685, ' and':304, ' List':3231, '.':28723, 'map':2022, '?':28804, ' So':1537, ',':28725, ' mapping':13152, ' over':754, ' the':272, ' list':1274, ' with':395, ' access':2735, ' to':298, ' index':2991, '?':28804, '':13, 'A':28741, ':':28747, ' Yes':5592, ',':28725, ' you':368, ' can':541, ' combine':17470, ' List':3231, '.':28723 ]
[1702477527] n_remain: -89
[1702477527] eval: [ '.':28723 ]
[1702477527] n_past = 89
[1702477527] sampled token:  1685: 'iter'
[1702477527] last: [ '':0, '':0, '':0, '':0, '':0, '':0, '':0, '':0, '':0, '':0, '':0, '':0, '':0, '':0, '':0, '':0, '':0, '':0, '':0, '':0, '':0, '':0, ' Q':1186, ':':28747, ' In':560, ' O':451, 'Cam':11658, 'l':28714, ',':28725, ' is':349, ' there':736, ' the':272, ' combination':9470, ' of':302, ' List':3231, '.':28723, 'iter':1685, ' and':304, ' List':3231, '.':28723, 'map':2022, '?':28804, ' So':1537, ',':28725, ' mapping':13152, ' over':754, ' the':272, ' list':1274, ' with':395, ' access':2735, ' to':298, ' index':2991, '?':28804, '':13, 'A':28741, ':':28747, ' Yes':5592, ',':28725, ' you':368, ' can':541, ' combine':17470, ' List':3231, '.':28723, 'iter':1685 ]
[1702477527] n_remain: -90
[1702477527] eval: [ 'iter':1685 ]
[1702477527] n_past = 90
[1702477527] sampled token:   304: ' and'
[1702477527] last: [ '':0, '':0, '':0, '':0, '':0, '':0, '':0, '':0, '':0, '':0, '':0, '':0, '':0, '':0, '':0, '':0, '':0, '':0, '':0, '':0, '':0, ' Q':1186, ':':28747, ' In':560, ' O':451, 'Cam':11658, 'l':28714, ',':28725, ' is':349, ' there':736, ' the':272, ' combination':9470, ' of':302, ' List':3231, '.':28723, 'iter':1685, ' and':304, ' List':3231, '.':28723, 'map':2022, '?':28804, ' So':1537, ',':28725, ' mapping':13152, ' over':754, ' the':272, ' list':1274, ' with':395, ' access':2735, ' to':298, ' index':2991, '?':28804, '':13, 'A':28741, ':':28747, ' Yes':5592, ',':28725, ' you':368, ' can':541, ' combine':17470, ' List':3231, '.':28723, 'iter':1685, ' and':304 ]
[1702477527] n_remain: -91
[1702477527] eval: [ ' and':304 ]
[1702477527] n_past = 91
[1702477527] sampled token:  3231: ' List'
[1702477527] last: [ '':0, '':0, '':0, '':0, '':0, '':0, '':0, '':0, '':0, '':0, '':0, '':0, '':0, '':0, '':0, '':0, '':0, '':0, '':0, '':0, ' Q':1186, ':':28747, ' In':560, ' O':451, 'Cam':11658, 'l':28714, ',':28725, ' is':349, ' there':736, ' the':272, ' combination':9470, ' of':302, ' List':3231, '.':28723, 'iter':1685, ' and':304, ' List':3231, '.':28723, 'map':2022, '?':28804, ' So':1537, ',':28725, ' mapping':13152, ' over':754, ' the':272, ' list':1274, ' with':395, ' access':2735, ' to':298, ' index':2991, '?':28804, '':13, 'A':28741, ':':28747, ' Yes':5592, ',':28725, ' you':368, ' can':541, ' combine':17470, ' List':3231, '.':28723, 'iter':1685, ' and':304, ' List':3231 ]
[1702477527] n_remain: -92
[1702477527] eval: [ ' List':3231 ]
[1702477527] n_past = 92
[1702477527] sampled token: 28723: '.'
[1702477527] last: [ '':0, '':0, '':0, '':0, '':0, '':0, '':0, '':0, '':0, '':0, '':0, '':0, '':0, '':0, '':0, '':0, '':0, '':0, '':0, ' Q':1186, ':':28747, ' In':560, ' O':451, 'Cam':11658, 'l':28714, ',':28725, ' is':349, ' there':736, ' the':272, ' combination':9470, ' of':302, ' List':3231, '.':28723, 'iter':1685, ' and':304, ' List':3231, '.':28723, 'map':2022, '?':28804, ' So':1537, ',':28725, ' mapping':13152, ' over':754, ' the':272, ' list':1274, ' with':395, ' access':2735, ' to':298, ' index':2991, '?':28804, '':13, 'A':28741, ':':28747, ' Yes':5592, ',':28725, ' you':368, ' can':541, ' combine':17470, ' List':3231, '.':28723, 'iter':1685, ' and':304, ' List':3231, '.':28723 ]
[1702477527] n_remain: -93
[1702477527] eval: [ '.':28723 ]
[1702477527] n_past = 93
[1702477527] sampled token:  2022: 'map'
[1702477527] last: [ '':0, '':0, '':0, '':0, '':0, '':0, '':0, '':0, '':0, '':0, '':0, '':0, '':0, '':0, '':0, '':0, '':0, '':0, ' Q':1186, ':':28747, ' In':560, ' O':451, 'Cam':11658, 'l':28714, ',':28725, ' is':349, ' there':736, ' the':272, ' combination':9470, ' of':302, ' List':3231, '.':28723, 'iter':1685, ' and':304, ' List':3231, '.':28723, 'map':2022, '?':28804, ' So':1537, ',':28725, ' mapping':13152, ' over':754, ' the':272, ' list':1274, ' with':395, ' access':2735, ' to':298, ' index':2991, '?':28804, '':13, 'A':28741, ':':28747, ' Yes':5592, ',':28725, ' you':368, ' can':541, ' combine':17470, ' List':3231, '.':28723, 'iter':1685, ' and':304, ' List':3231, '.':28723, 'map':2022 ]
[1702477527] n_remain: -94
[1702477527] eval: [ 'map':2022 ]
[1702477527] n_past = 94
[1702477527] sampled token:  1413: ' using'
[1702477527] last: [ '':0, '':0, '':0, '':0, '':0, '':0, '':0, '':0, '':0, '':0, '':0, '':0, '':0, '':0, '':0, '':0, '':0, ' Q':1186, ':':28747, ' In':560, ' O':451, 'Cam':11658, 'l':28714, ',':28725, ' is':349, ' there':736, ' the':272, ' combination':9470, ' of':302, ' List':3231, '.':28723, 'iter':1685, ' and':304, ' List':3231, '.':28723, 'map':2022, '?':28804, ' So':1537, ',':28725, ' mapping':13152, ' over':754, ' the':272, ' list':1274, ' with':395, ' access':2735, ' to':298, ' index':2991, '?':28804, '':13, 'A':28741, ':':28747, ' Yes':5592, ',':28725, ' you':368, ' can':541, ' combine':17470, ' List':3231, '.':28723, 'iter':1685, ' and':304, ' List':3231, '.':28723, 'map':2022, ' using':1413 ]
[1702477527] n_remain: -95
[1702477527] eval: [ ' using':1413 ]
[1702477527] n_past = 95
[1702477527] sampled token:   264: ' a'
[1702477527] last: [ '':0, '':0, '':0, '':0, '':0, '':0, '':0, '':0, '':0, '':0, '':0, '':0, '':0, '':0, '':0, '':0, ' Q':1186, ':':28747, ' In':560, ' O':451, 'Cam':11658, 'l':28714, ',':28725, ' is':349, ' there':736, ' the':272, ' combination':9470, ' of':302, ' List':3231, '.':28723, 'iter':1685, ' and':304, ' List':3231, '.':28723, 'map':2022, '?':28804, ' So':1537, ',':28725, ' mapping':13152, ' over':754, ' the':272, ' list':1274, ' with':395, ' access':2735, ' to':298, ' index':2991, '?':28804, '':13, 'A':28741, ':':28747, ' Yes':5592, ',':28725, ' you':368, ' can':541, ' combine':17470, ' List':3231, '.':28723, 'iter':1685, ' and':304, ' List':3231, '.':28723, 'map':2022, ' using':1413, ' a':264 ]
[1702477527] n_remain: -96
[1702477527] eval: [ ' a':264 ]
[1702477527] n_past = 96
[1702477527] sampled token:   908: ' function'
[1702477527] last: [ '':0, '':0, '':0, '':0, '':0, '':0, '':0, '':0, '':0, '':0, '':0, '':0, '':0, '':0, '':0, ' Q':1186, ':':28747, ' In':560, ' O':451, 'Cam':11658, 'l':28714, ',':28725, ' is':349, ' there':736, ' the':272, ' combination':9470, ' of':302, ' List':3231, '.':28723, 'iter':1685, ' and':304, ' List':3231, '.':28723, 'map':2022, '?':28804, ' So':1537, ',':28725, ' mapping':13152, ' over':754, ' the':272, ' list':1274, ' with':395, ' access':2735, ' to':298, ' index':2991, '?':28804, '':13, 'A':28741, ':':28747, ' Yes':5592, ',':28725, ' you':368, ' can':541, ' combine':17470, ' List':3231, '.':28723, 'iter':1685, ' and':304, ' List':3231, '.':28723, 'map':2022, ' using':1413, ' a':264, ' function':908 ]
[1702477527] n_remain: -97
[1702477527] eval: [ ' function':908 ]
[1702477527] n_past = 97
[1702477527] sampled token:   369: ' that'
[1702477527] last: [ '':0, '':0, '':0, '':0, '':0, '':0, '':0, '':0, '':0, '':0, '':0, '':0, '':0, '':0, ' Q':1186, ':':28747, ' In':560, ' O':451, 'Cam':11658, 'l':28714, ',':28725, ' is':349, ' there':736, ' the':272, ' combination':9470, ' of':302, ' List':3231, '.':28723, 'iter':1685, ' and':304, ' List':3231, '.':28723, 'map':2022, '?':28804, ' So':1537, ',':28725, ' mapping':13152, ' over':754, ' the':272, ' list':1274, ' with':395, ' access':2735, ' to':298, ' index':2991, '?':28804, '':13, 'A':28741, ':':28747, ' Yes':5592, ',':28725, ' you':368, ' can':541, ' combine':17470, ' List':3231, '.':28723, 'iter':1685, ' and':304, ' List':3231, '.':28723, 'map':2022, ' using':1413, ' a':264, ' function':908, ' that':369 ]
[1702477527] n_remain: -98
[1702477527] eval: [ ' that':369 ]
[1702477527] n_past = 98
[1702477527] sampled token:  4347: ' takes'
[1702477527] last: [ '':0, '':0, '':0, '':0, '':0, '':0, '':0, '':0, '':0, '':0, '':0, '':0, '':0, ' Q':1186, ':':28747, ' In':560, ' O':451, 'Cam':11658, 'l':28714, ',':28725, ' is':349, ' there':736, ' the':272, ' combination':9470, ' of':302, ' List':3231, '.':28723, 'iter':1685, ' and':304, ' List':3231, '.':28723, 'map':2022, '?':28804, ' So':1537, ',':28725, ' mapping':13152, ' over':754, ' the':272, ' list':1274, ' with':395, ' access':2735, ' to':298, ' index':2991, '?':28804, '':13, 'A':28741, ':':28747, ' Yes':5592, ',':28725, ' you':368, ' can':541, ' combine':17470, ' List':3231, '.':28723, 'iter':1685, ' and':304, ' List':3231, '.':28723, 'map':2022, ' using':1413, ' a':264, ' function':908, ' that':369, ' takes':4347 ]
[1702477527] n_remain: -99
[1702477527] eval: [ ' takes':4347 ]
[1702477527] n_past = 99
[1702477527] sampled token:  1560: ' both'
[1702477527] last: [ '':0, '':0, '':0, '':0, '':0, '':0, '':0, '':0, '':0, '':0, '':0, '':0, ' Q':1186, ':':28747, ' In':560, ' O':451, 'Cam':11658, 'l':28714, ',':28725, ' is':349, ' there':736, ' the':272, ' combination':9470, ' of':302, ' List':3231, '.':28723, 'iter':1685, ' and':304, ' List':3231, '.':28723, 'map':2022, '?':28804, ' So':1537, ',':28725, ' mapping':13152, ' over':754, ' the':272, ' list':1274, ' with':395, ' access':2735, ' to':298, ' index':2991, '?':28804, '':13, 'A':28741, ':':28747, ' Yes':5592, ',':28725, ' you':368, ' can':541, ' combine':17470, ' List':3231, '.':28723, 'iter':1685, ' and':304, ' List':3231, '.':28723, 'map':2022, ' using':1413, ' a':264, ' function':908, ' that':369, ' takes':4347, ' both':1560 ]
[1702477527] n_remain: -100
[1702477527] eval: [ ' both':1560 ]
[1702477527] n_past = 100
[1702477527] sampled token:   272: ' the'
[1702477527] last: [ '':0, '':0, '':0, '':0, '':0, '':0, '':0, '':0, '':0, '':0, '':0, ' Q':1186, ':':28747, ' In':560, ' O':451, 'Cam':11658, 'l':28714, ',':28725, ' is':349, ' there':736, ' the':272, ' combination':9470, ' of':302, ' List':3231, '.':28723, 'iter':1685, ' and':304, ' List':3231, '.':28723, 'map':2022, '?':28804, ' So':1537, ',':28725, ' mapping':13152, ' over':754, ' the':272, ' list':1274, ' with':395, ' access':2735, ' to':298, ' index':2991, '?':28804, '':13, 'A':28741, ':':28747, ' Yes':5592, ',':28725, ' you':368, ' can':541, ' combine':17470, ' List':3231, '.':28723, 'iter':1685, ' and':304, ' List':3231, '.':28723, 'map':2022, ' using':1413, ' a':264, ' function':908, ' that':369, ' takes':4347, ' both':1560, ' the':272 ]
[1702477527] n_remain: -101
[1702477527] eval: [ ' the':272 ]
[1702477528] n_past = 101
[1702477528] sampled token:  2442: ' element'
[1702477528] last: [ '':0, '':0, '':0, '':0, '':0, '':0, '':0, '':0, '':0, '':0, ' Q':1186, ':':28747, ' In':560, ' O':451, 'Cam':11658, 'l':28714, ',':28725, ' is':349, ' there':736, ' the':272, ' combination':9470, ' of':302, ' List':3231, '.':28723, 'iter':1685, ' and':304, ' List':3231, '.':28723, 'map':2022, '?':28804, ' So':1537, ',':28725, ' mapping':13152, ' over':754, ' the':272, ' list':1274, ' with':395, ' access':2735, ' to':298, ' index':2991, '?':28804, '':13, 'A':28741, ':':28747, ' Yes':5592, ',':28725, ' you':368, ' can':541, ' combine':17470, ' List':3231, '.':28723, 'iter':1685, ' and':304, ' List':3231, '.':28723, 'map':2022, ' using':1413, ' a':264, ' function':908, ' that':369, ' takes':4347, ' both':1560, ' the':272, ' element':2442 ]
[1702477528] n_remain: -102
[1702477528] eval: [ ' element':2442 ]
[1702477528] n_past = 102
[1702477528] sampled token:   304: ' and'
[1702477528] last: [ '':0, '':0, '':0, '':0, '':0, '':0, '':0, '':0, '':0, ' Q':1186, ':':28747, ' In':560, ' O':451, 'Cam':11658, 'l':28714, ',':28725, ' is':349, ' there':736, ' the':272, ' combination':9470, ' of':302, ' List':3231, '.':28723, 'iter':1685, ' and':304, ' List':3231, '.':28723, 'map':2022, '?':28804, ' So':1537, ',':28725, ' mapping':13152, ' over':754, ' the':272, ' list':1274, ' with':395, ' access':2735, ' to':298, ' index':2991, '?':28804, '':13, 'A':28741, ':':28747, ' Yes':5592, ',':28725, ' you':368, ' can':541, ' combine':17470, ' List':3231, '.':28723, 'iter':1685, ' and':304, ' List':3231, '.':28723, 'map':2022, ' using':1413, ' a':264, ' function':908, ' that':369, ' takes':4347, ' both':1560, ' the':272, ' element':2442, ' and':304 ]
[1702477528] n_remain: -103
[1702477528] eval: [ ' and':304 ]
[1702477528] n_past = 103
[1702477528] sampled token:   871: ' its'
[1702477528] last: [ '':0, '':0, '':0, '':0, '':0, '':0, '':0, '':0, ' Q':1186, ':':28747, ' In':560, ' O':451, 'Cam':11658, 'l':28714, ',':28725, ' is':349, ' there':736, ' the':272, ' combination':9470, ' of':302, ' List':3231, '.':28723, 'iter':1685, ' and':304, ' List':3231, '.':28723, 'map':2022, '?':28804, ' So':1537, ',':28725, ' mapping':13152, ' over':754, ' the':272, ' list':1274, ' with':395, ' access':2735, ' to':298, ' index':2991, '?':28804, '':13, 'A':28741, ':':28747, ' Yes':5592, ',':28725, ' you':368, ' can':541, ' combine':17470, ' List':3231, '.':28723, 'iter':1685, ' and':304, ' List':3231, '.':28723, 'map':2022, ' using':1413, ' a':264, ' function':908, ' that':369, ' takes':4347, ' both':1560, ' the':272, ' element':2442, ' and':304, ' its':871 ]
[1702477528] n_remain: -104
[1702477528] eval: [ ' its':871 ]
[1702477528] n_past = 104
[1702477528] sampled token:  2991: ' index'
[1702477528] last: [ '':0, '':0, '':0, '':0, '':0, '':0, '':0, ' Q':1186, ':':28747, ' In':560, ' O':451, 'Cam':11658, 'l':28714, ',':28725, ' is':349, ' there':736, ' the':272, ' combination':9470, ' of':302, ' List':3231, '.':28723, 'iter':1685, ' and':304, ' List':3231, '.':28723, 'map':2022, '?':28804, ' So':1537, ',':28725, ' mapping':13152, ' over':754, ' the':272, ' list':1274, ' with':395, ' access':2735, ' to':298, ' index':2991, '?':28804, '':13, 'A':28741, ':':28747, ' Yes':5592, ',':28725, ' you':368, ' can':541, ' combine':17470, ' List':3231, '.':28723, 'iter':1685, ' and':304, ' List':3231, '.':28723, 'map':2022, ' using':1413, ' a':264, ' function':908, ' that':369, ' takes':4347, ' both':1560, ' the':272, ' element':2442, ' and':304, ' its':871, ' index':2991 ]
[1702477528] n_remain: -105
[1702477528] eval: [ ' index':2991 ]
[1702477528] n_past = 105
[1702477528] sampled token:   390: ' as'
[1702477528] last: [ '':0, '':0, '':0, '':0, '':0, '':0, ' Q':1186, ':':28747, ' In':560, ' O':451, 'Cam':11658, 'l':28714, ',':28725, ' is':349, ' there':736, ' the':272, ' combination':9470, ' of':302, ' List':3231, '.':28723, 'iter':1685, ' and':304, ' List':3231, '.':28723, 'map':2022, '?':28804, ' So':1537, ',':28725, ' mapping':13152, ' over':754, ' the':272, ' list':1274, ' with':395, ' access':2735, ' to':298, ' index':2991, '?':28804, '':13, 'A':28741, ':':28747, ' Yes':5592, ',':28725, ' you':368, ' can':541, ' combine':17470, ' List':3231, '.':28723, 'iter':1685, ' and':304, ' List':3231, '.':28723, 'map':2022, ' using':1413, ' a':264, ' function':908, ' that':369, ' takes':4347, ' both':1560, ' the':272, ' element':2442, ' and':304, ' its':871, ' index':2991, ' as':390 ]
[1702477528] n_remain: -106
[1702477528] eval: [ ' as':390 ]
[1702477528] n_past = 106
[1702477528] sampled token:  6614: ' arguments'
[1702477528] last: [ '':0, '':0, '':0, '':0, '':0, ' Q':1186, ':':28747, ' In':560, ' O':451, 'Cam':11658, 'l':28714, ',':28725, ' is':349, ' there':736, ' the':272, ' combination':9470, ' of':302, ' List':3231, '.':28723, 'iter':1685, ' and':304, ' List':3231, '.':28723, 'map':2022, '?':28804, ' So':1537, ',':28725, ' mapping':13152, ' over':754, ' the':272, ' list':1274, ' with':395, ' access':2735, ' to':298, ' index':2991, '?':28804, '':13, 'A':28741, ':':28747, ' Yes':5592, ',':28725, ' you':368, ' can':541, ' combine':17470, ' List':3231, '.':28723, 'iter':1685, ' and':304, ' List':3231, '.':28723, 'map':2022, ' using':1413, ' a':264, ' function':908, ' that':369, ' takes':4347, ' both':1560, ' the':272, ' element':2442, ' and':304, ' its':871, ' index':2991, ' as':390, ' arguments':6614 ]
[1702477528] n_remain: -107
[1702477528] eval: [ ' arguments':6614 ]
[1702477528] n_past = 107
[1702477528] sampled token: 28723: '.'
[1702477528] last: [ '':0, '':0, '':0, '':0, ' Q':1186, ':':28747, ' In':560, ' O':451, 'Cam':11658, 'l':28714, ',':28725, ' is':349, ' there':736, ' the':272, ' combination':9470, ' of':302, ' List':3231, '.':28723, 'iter':1685, ' and':304, ' List':3231, '.':28723, 'map':2022, '?':28804, ' So':1537, ',':28725, ' mapping':13152, ' over':754, ' the':272, ' list':1274, ' with':395, ' access':2735, ' to':298, ' index':2991, '?':28804, '':13, 'A':28741, ':':28747, ' Yes':5592, ',':28725, ' you':368, ' can':541, ' combine':17470, ' List':3231, '.':28723, 'iter':1685, ' and':304, ' List':3231, '.':28723, 'map':2022, ' using':1413, ' a':264, ' function':908, ' that':369, ' takes':4347, ' both':1560, ' the':272, ' element':2442, ' and':304, ' its':871, ' index':2991, ' as':390, ' arguments':6614, '.':28723 ]
[1702477528] n_remain: -108
[1702477528] eval: [ '.':28723 ]
[1702477528] n_past = 108
[1702477528] sampled token:  4003: ' Here'
[1702477528] last: [ '':0, '':0, '':0, ' Q':1186, ':':28747, ' In':560, ' O':451, 'Cam':11658, 'l':28714, ',':28725, ' is':349, ' there':736, ' the':272, ' combination':9470, ' of':302, ' List':3231, '.':28723, 'iter':1685, ' and':304, ' List':3231, '.':28723, 'map':2022, '?':28804, ' So':1537, ',':28725, ' mapping':13152, ' over':754, ' the':272, ' list':1274, ' with':395, ' access':2735, ' to':298, ' index':2991, '?':28804, '':13, 'A':28741, ':':28747, ' Yes':5592, ',':28725, ' you':368, ' can':541, ' combine':17470, ' List':3231, '.':28723, 'iter':1685, ' and':304, ' List':3231, '.':28723, 'map':2022, ' using':1413, ' a':264, ' function':908, ' that':369, ' takes':4347, ' both':1560, ' the':272, ' element':2442, ' and':304, ' its':871, ' index':2991, ' as':390, ' arguments':6614, '.':28723, ' Here':4003 ]
[1702477528] n_remain: -109
[1702477528] eval: [ ' Here':4003 ]
[1702477528] n_past = 109
[1702477528] sampled token: 28742: '''
[1702477528] last: [ '':0, '':0, ' Q':1186, ':':28747, ' In':560, ' O':451, 'Cam':11658, 'l':28714, ',':28725, ' is':349, ' there':736, ' the':272, ' combination':9470, ' of':302, ' List':3231, '.':28723, 'iter':1685, ' and':304, ' List':3231, '.':28723, 'map':2022, '?':28804, ' So':1537, ',':28725, ' mapping':13152, ' over':754, ' the':272, ' list':1274, ' with':395, ' access':2735, ' to':298, ' index':2991, '?':28804, '':13, 'A':28741, ':':28747, ' Yes':5592, ',':28725, ' you':368, ' can':541, ' combine':17470, ' List':3231, '.':28723, 'iter':1685, ' and':304, ' List':3231, '.':28723, 'map':2022, ' using':1413, ' a':264, ' function':908, ' that':369, ' takes':4347, ' both':1560, ' the':272, ' element':2442, ' and':304, ' its':871, ' index':2991, ' as':390, ' arguments':6614, '.':28723, ' Here':4003, ''':28742 ]
[1702477528] n_remain: -110
[1702477528] eval: [ ''':28742 ]
[1702477528] n_past = 110
[1702477528] sampled token: 28713: 's'
[1702477528] last: [ '':0, ' Q':1186, ':':28747, ' In':560, ' O':451, 'Cam':11658, 'l':28714, ',':28725, ' is':349, ' there':736, ' the':272, ' combination':9470, ' of':302, ' List':3231, '.':28723, 'iter':1685, ' and':304, ' List':3231, '.':28723, 'map':2022, '?':28804, ' So':1537, ',':28725, ' mapping':13152, ' over':754, ' the':272, ' list':1274, ' with':395, ' access':2735, ' to':298, ' index':2991, '?':28804, '':13, 'A':28741, ':':28747, ' Yes':5592, ',':28725, ' you':368, ' can':541, ' combine':17470, ' List':3231, '.':28723, 'iter':1685, ' and':304, ' List':3231, '.':28723, 'map':2022, ' using':1413, ' a':264, ' function':908, ' that':369, ' takes':4347, ' both':1560, ' the':272, ' element':2442, ' and':304, ' its':871, ' index':2991, ' as':390, ' arguments':6614, '.':28723, ' Here':4003, ''':28742, 's':28713 ]
[1702477528] n_remain: -111
[1702477528] eval: [ 's':28713 ]
[1702477528] n_past = 111
[1702477528] sampled token:   396: ' an'
[1702477528] last: [ ' Q':1186, ':':28747, ' In':560, ' O':451, 'Cam':11658, 'l':28714, ',':28725, ' is':349, ' there':736, ' the':272, ' combination':9470, ' of':302, ' List':3231, '.':28723, 'iter':1685, ' and':304, ' List':3231, '.':28723, 'map':2022, '?':28804, ' So':1537, ',':28725, ' mapping':13152, ' over':754, ' the':272, ' list':1274, ' with':395, ' access':2735, ' to':298, ' index':2991, '?':28804, '':13, 'A':28741, ':':28747, ' Yes':5592, ',':28725, ' you':368, ' can':541, ' combine':17470, ' List':3231, '.':28723, 'iter':1685, ' and':304, ' List':3231, '.':28723, 'map':2022, ' using':1413, ' a':264, ' function':908, ' that':369, ' takes':4347, ' both':1560, ' the':272, ' element':2442, ' and':304, ' its':871, ' index':2991, ' as':390, ' arguments':6614, '.':28723, ' Here':4003, ''':28742, 's':28713, ' an':396 ]
[1702477528] n_remain: -112
[1702477528] eval: [ ' an':396 ]
[1702477528] n_past = 112
[1702477528] sampled token:  2757: ' example'
[1702477528] last: [ ':':28747, ' In':560, ' O':451, 'Cam':11658, 'l':28714, ',':28725, ' is':349, ' there':736, ' the':272, ' combination':9470, ' of':302, ' List':3231, '.':28723, 'iter':1685, ' and':304, ' List':3231, '.':28723, 'map':2022, '?':28804, ' So':1537, ',':28725, ' mapping':13152, ' over':754, ' the':272, ' list':1274, ' with':395, ' access':2735, ' to':298, ' index':2991, '?':28804, '':13, 'A':28741, ':':28747, ' Yes':5592, ',':28725, ' you':368, ' can':541, ' combine':17470, ' List':3231, '.':28723, 'iter':1685, ' and':304, ' List':3231, '.':28723, 'map':2022, ' using':1413, ' a':264, ' function':908, ' that':369, ' takes':4347, ' both':1560, ' the':272, ' element':2442, ' and':304, ' its':871, ' index':2991, ' as':390, ' arguments':6614, '.':28723, ' Here':4003, ''':28742, 's':28713, ' an':396, ' example':2757 ]
[1702477528] n_remain: -113
[1702477528] eval: [ ' example':2757 ]
[1702477528] n_past = 113
[1702477528] sampled token: 28747: ':'
[1702477528] last: [ ' In':560, ' O':451, 'Cam':11658, 'l':28714, ',':28725, ' is':349, ' there':736, ' the':272, ' combination':9470, ' of':302, ' List':3231, '.':28723, 'iter':1685, ' and':304, ' List':3231, '.':28723, 'map':2022, '?':28804, ' So':1537, ',':28725, ' mapping':13152, ' over':754, ' the':272, ' list':1274, ' with':395, ' access':2735, ' to':298, ' index':2991, '?':28804, '':13, 'A':28741, ':':28747, ' Yes':5592, ',':28725, ' you':368, ' can':541, ' combine':17470, ' List':3231, '.':28723, 'iter':1685, ' and':304, ' List':3231, '.':28723, 'map':2022, ' using':1413, ' a':264, ' function':908, ' that':369, ' takes':4347, ' both':1560, ' the':272, ' element':2442, ' and':304, ' its':871, ' index':2991, ' as':390, ' arguments':6614, '.':28723, ' Here':4003, ''':28742, 's':28713, ' an':396, ' example':2757, ':':28747 ]
[1702477528] n_remain: -114
[1702477528] eval: [ ':':28747 ]
[1702477528] n_past = 114
[1702477528] sampled token:    13: '
'
[1702477528] last: [ ' O':451, 'Cam':11658, 'l':28714, ',':28725, ' is':349, ' there':736, ' the':272, ' combination':9470, ' of':302, ' List':3231, '.':28723, 'iter':1685, ' and':304, ' List':3231, '.':28723, 'map':2022, '?':28804, ' So':1537, ',':28725, ' mapping':13152, ' over':754, ' the':272, ' list':1274, ' with':395, ' access':2735, ' to':298, ' index':2991, '?':28804, '':13, 'A':28741, ':':28747, ' Yes':5592, ',':28725, ' you':368, ' can':541, ' combine':17470, ' List':3231, '.':28723, 'iter':1685, ' and':304, ' List':3231, '.':28723, 'map':2022, ' using':1413, ' a':264, ' function':908, ' that':369, ' takes':4347, ' both':1560, ' the':272, ' element':2442, ' and':304, ' its':871, ' index':2991, ' as':390, ' arguments':6614, '.':28723, ' Here':4003, ''':28742, 's':28713, ' an':396, ' example':2757, ':':28747, '':13 ]
[1702477528] n_remain: -115
[1702477528] eval: [ '':13 ]
[1702477528] n_past = 115
[1702477528] sampled token: 13940: '``'
[1702477528] last: [ 'Cam':11658, 'l':28714, ',':28725, ' is':349, ' there':736, ' the':272, ' combination':9470, ' of':302, ' List':3231, '.':28723, 'iter':1685, ' and':304, ' List':3231, '.':28723, 'map':2022, '?':28804, ' So':1537, ',':28725, ' mapping':13152, ' over':754, ' the':272, ' list':1274, ' with':395, ' access':2735, ' to':298, ' index':2991, '?':28804, '':13, 'A':28741, ':':28747, ' Yes':5592, ',':28725, ' you':368, ' can':541, ' combine':17470, ' List':3231, '.':28723, 'iter':1685, ' and':304, ' List':3231, '.':28723, 'map':2022, ' using':1413, ' a':264, ' function':908, ' that':369, ' takes':4347, ' both':1560, ' the':272, ' element':2442, ' and':304, ' its':871, ' index':2991, ' as':390, ' arguments':6614, '.':28723, ' Here':4003, ''':28742, 's':28713, ' an':396, ' example':2757, ':':28747, '':13, '``':13940 ]
[1702477528] n_remain: -116
[1702477528] eval: [ '``':13940 ]
[1702477528] n_past = 116
[1702477528] sampled token: 28832: '`'
[1702477528] last: [ 'l':28714, ',':28725, ' is':349, ' there':736, ' the':272, ' combination':9470, ' of':302, ' List':3231, '.':28723, 'iter':1685, ' and':304, ' List':3231, '.':28723, 'map':2022, '?':28804, ' So':1537, ',':28725, ' mapping':13152, ' over':754, ' the':272, ' list':1274, ' with':395, ' access':2735, ' to':298, ' index':2991, '?':28804, '':13, 'A':28741, ':':28747, ' Yes':5592, ',':28725, ' you':368, ' can':541, ' combine':17470, ' List':3231, '.':28723, 'iter':1685, ' and':304, ' List':3231, '.':28723, 'map':2022, ' using':1413, ' a':264, ' function':908, ' that':369, ' takes':4347, ' both':1560, ' the':272, ' element':2442, ' and':304, ' its':871, ' index':2991, ' as':390, ' arguments':6614, '.':28723, ' Here':4003, ''':28742, 's':28713, ' an':396, ' example':2757, ':':28747, '':13, '``':13940, '`':28832 ]
[1702477528] n_remain: -117
[1702477528] eval: [ '`':28832 ]
[1702477528] n_past = 117
[1702477528] sampled token:   824: 'sc'
[1702477528] last: [ ',':28725, ' is':349, ' there':736, ' the':272, ' combination':9470, ' of':302, ' List':3231, '.':28723, 'iter':1685, ' and':304, ' List':3231, '.':28723, 'map':2022, '?':28804, ' So':1537, ',':28725, ' mapping':13152, ' over':754, ' the':272, ' list':1274, ' with':395, ' access':2735, ' to':298, ' index':2991, '?':28804, '':13, 'A':28741, ':':28747, ' Yes':5592, ',':28725, ' you':368, ' can':541, ' combine':17470, ' List':3231, '.':28723, 'iter':1685, ' and':304, ' List':3231, '.':28723, 'map':2022, ' using':1413, ' a':264, ' function':908, ' that':369, ' takes':4347, ' both':1560, ' the':272, ' element':2442, ' and':304, ' its':871, ' index':2991, ' as':390, ' arguments':6614, '.':28723, ' Here':4003, ''':28742, 's':28713, ' an':396, ' example':2757, ':':28747, '':13, '``':13940, '`':28832, 'sc':824 ]
[1702477528] n_remain: -118
[1702477528] eval: [ 'sc':824 ]
[1702477528] n_past = 118
[1702477528] sampled token:   819: 'ss'
[1702477528] last: [ ' is':349, ' there':736, ' the':272, ' combination':9470, ' of':302, ' List':3231, '.':28723, 'iter':1685, ' and':304, ' List':3231, '.':28723, 'map':2022, '?':28804, ' So':1537, ',':28725, ' mapping':13152, ' over':754, ' the':272, ' list':1274, ' with':395, ' access':2735, ' to':298, ' index':2991, '?':28804, '':13, 'A':28741, ':':28747, ' Yes':5592, ',':28725, ' you':368, ' can':541, ' combine':17470, ' List':3231, '.':28723, 'iter':1685, ' and':304, ' List':3231, '.':28723, 'map':2022, ' using':1413, ' a':264, ' function':908, ' that':369, ' takes':4347, ' both':1560, ' the':272, ' element':2442, ' and':304, ' its':871, ' index':2991, ' as':390, ' arguments':6614, '.':28723, ' Here':4003, ''':28742, 's':28713, ' an':396, ' example':2757, ':':28747, '':13, '``':13940, '`':28832, 'sc':824, 'ss':819 ]
[1702477528] n_remain: -119
[1702477528] eval: [ 'ss':819 ]
[1702477528] n_past = 119
[1702477528] sampled token:    13: '
'
[1702477528] last: [ ' there':736, ' the':272, ' combination':9470, ' of':302, ' List':3231, '.':28723, 'iter':1685, ' and':304, ' List':3231, '.':28723, 'map':2022, '?':28804, ' So':1537, ',':28725, ' mapping':13152, ' over':754, ' the':272, ' list':1274, ' with':395, ' access':2735, ' to':298, ' index':2991, '?':28804, '':13, 'A':28741, ':':28747, ' Yes':5592, ',':28725, ' you':368, ' can':541, ' combine':17470, ' List':3231, '.':28723, 'iter':1685, ' and':304, ' List':3231, '.':28723, 'map':2022, ' using':1413, ' a':264, ' function':908, ' that':369, ' takes':4347, ' both':1560, ' the':272, ' element':2442, ' and':304, ' its':871, ' index':2991, ' as':390, ' arguments':6614, '.':28723, ' Here':4003, ''':28742, 's':28713, ' an':396, ' example':2757, ':':28747, '':13, '``':13940, '`':28832, 'sc':824, 'ss':819, '':13 ]
[1702477528] n_remain: -120
[1702477528] eval: [ '':13 ]
[1702477528] n_past = 120
[1702477528] sampled token:  4756: '(*'
[1702477528] last: [ ' the':272, ' combination':9470, ' of':302, ' List':3231, '.':28723, 'iter':1685, ' and':304, ' List':3231, '.':28723, 'map':2022, '?':28804, ' So':1537, ',':28725, ' mapping':13152, ' over':754, ' the':272, ' list':1274, ' with':395, ' access':2735, ' to':298, ' index':2991, '?':28804, '':13, 'A':28741, ':':28747, ' Yes':5592, ',':28725, ' you':368, ' can':541, ' combine':17470, ' List':3231, '.':28723, 'iter':1685, ' and':304, ' List':3231, '.':28723, 'map':2022, ' using':1413, ' a':264, ' function':908, ' that':369, ' takes':4347, ' both':1560, ' the':272, ' element':2442, ' and':304, ' its':871, ' index':2991, ' as':390, ' arguments':6614, '.':28723, ' Here':4003, ''':28742, 's':28713, ' an':396, ' example':2757, ':':28747, '':13, '``':13940, '`':28832, 'sc':824, 'ss':819, '':13, '(*':4756 ]
[1702477528] n_remain: -121
[1702477528] eval: [ '(*':4756 ]
[1702477528] n_past = 121
[1702477528] sampled token:   351: ' M'
[1702477528] last: [ ' combination':9470, ' of':302, ' List':3231, '.':28723, 'iter':1685, ' and':304, ' List':3231, '.':28723, 'map':2022, '?':28804, ' So':1537, ',':28725, ' mapping':13152, ' over':754, ' the':272, ' list':1274, ' with':395, ' access':2735, ' to':298, ' index':2991, '?':28804, '':13, 'A':28741, ':':28747, ' Yes':5592, ',':28725, ' you':368, ' can':541, ' combine':17470, ' List':3231, '.':28723, 'iter':1685, ' and':304, ' List':3231, '.':28723, 'map':2022, ' using':1413, ' a':264, ' function':908, ' that':369, ' takes':4347, ' both':1560, ' the':272, ' element':2442, ' and':304, ' its':871, ' index':2991, ' as':390, ' arguments':6614, '.':28723, ' Here':4003, ''':28742, 's':28713, ' an':396, ' example':2757, ':':28747, '':13, '``':13940, '`':28832, 'sc':824, 'ss':819, '':13, '(*':4756, ' M':351 ]
[1702477528] n_remain: -122
[1702477528] eval: [ ' M':351 ]
[1702477528] n_past = 122
[1702477528] sampled token:  1882: 'aps'
[1702477528] last: [ ' of':302, ' List':3231, '.':28723, 'iter':1685, ' and':304, ' List':3231, '.':28723, 'map':2022, '?':28804, ' So':1537, ',':28725, ' mapping':13152, ' over':754, ' the':272, ' list':1274, ' with':395, ' access':2735, ' to':298, ' index':2991, '?':28804, '':13, 'A':28741, ':':28747, ' Yes':5592, ',':28725, ' you':368, ' can':541, ' combine':17470, ' List':3231, '.':28723, 'iter':1685, ' and':304, ' List':3231, '.':28723, 'map':2022, ' using':1413, ' a':264, ' function':908, ' that':369, ' takes':4347, ' both':1560, ' the':272, ' element':2442, ' and':304, ' its':871, ' index':2991, ' as':390, ' arguments':6614, '.':28723, ' Here':4003, ''':28742, 's':28713, ' an':396, ' example':2757, ':':28747, '':13, '``':13940, '`':28832, 'sc':824, 'ss':819, '':13, '(*':4756, ' M':351, 'aps':1882 ]
[1702477528] n_remain: -123
[1702477528] eval: [ 'aps':1882 ]
[1702477528] n_past = 123
[1702477528] sampled token:   754: ' over'
[1702477528] last: [ ' List':3231, '.':28723, 'iter':1685, ' and':304, ' List':3231, '.':28723, 'map':2022, '?':28804, ' So':1537, ',':28725, ' mapping':13152, ' over':754, ' the':272, ' list':1274, ' with':395, ' access':2735, ' to':298, ' index':2991, '?':28804, '':13, 'A':28741, ':':28747, ' Yes':5592, ',':28725, ' you':368, ' can':541, ' combine':17470, ' List':3231, '.':28723, 'iter':1685, ' and':304, ' List':3231, '.':28723, 'map':2022, ' using':1413, ' a':264, ' function':908, ' that':369, ' takes':4347, ' both':1560, ' the':272, ' element':2442, ' and':304, ' its':871, ' index':2991, ' as':390, ' arguments':6614, '.':28723, ' Here':4003, ''':28742, 's':28713, ' an':396, ' example':2757, ':':28747, '':13, '``':13940, '`':28832, 'sc':824, 'ss':819, '':13, '(*':4756, ' M':351, 'aps':1882, ' over':754 ]
[1702477528] n_remain: -124
[1702477528] eval: [ ' over':754 ]
[1702477528] n_past = 124
[1702477528] sampled token:  1430: ' each'
[1702477528] last: [ '.':28723, 'iter':1685, ' and':304, ' List':3231, '.':28723, 'map':2022, '?':28804, ' So':1537, ',':28725, ' mapping':13152, ' over':754, ' the':272, ' list':1274, ' with':395, ' access':2735, ' to':298, ' index':2991, '?':28804, '':13, 'A':28741, ':':28747, ' Yes':5592, ',':28725, ' you':368, ' can':541, ' combine':17470, ' List':3231, '.':28723, 'iter':1685, ' and':304, ' List':3231, '.':28723, 'map':2022, ' using':1413, ' a':264, ' function':908, ' that':369, ' takes':4347, ' both':1560, ' the':272, ' element':2442, ' and':304, ' its':871, ' index':2991, ' as':390, ' arguments':6614, '.':28723, ' Here':4003, ''':28742, 's':28713, ' an':396, ' example':2757, ':':28747, '':13, '``':13940, '`':28832, 'sc':824, 'ss':819, '':13, '(*':4756, ' M':351, 'aps':1882, ' over':754, ' each':1430 ]
[1702477528] n_remain: -125
[1702477528] eval: [ ' each':1430 ]
[1702477528] n_past = 125
[1702477528] sampled token:  2442: ' element'
[1702477528] last: [ 'iter':1685, ' and':304, ' List':3231, '.':28723, 'map':2022, '?':28804, ' So':1537, ',':28725, ' mapping':13152, ' over':754, ' the':272, ' list':1274, ' with':395, ' access':2735, ' to':298, ' index':2991, '?':28804, '':13, 'A':28741, ':':28747, ' Yes':5592, ',':28725, ' you':368, ' can':541, ' combine':17470, ' List':3231, '.':28723, 'iter':1685, ' and':304, ' List':3231, '.':28723, 'map':2022, ' using':1413, ' a':264, ' function':908, ' that':369, ' takes':4347, ' both':1560, ' the':272, ' element':2442, ' and':304, ' its':871, ' index':2991, ' as':390, ' arguments':6614, '.':28723, ' Here':4003, ''':28742, 's':28713, ' an':396, ' example':2757, ':':28747, '':13, '``':13940, '`':28832, 'sc':824, 'ss':819, '':13, '(*':4756, ' M':351, 'aps':1882, ' over':754, ' each':1430, ' element':2442 ]
[1702477528] n_remain: -126
[1702477528] eval: [ ' element':2442 ]
[1702477528] n_past = 126
[1702477528] sampled token:   302: ' of'
[1702477528] last: [ ' and':304, ' List':3231, '.':28723, 'map':2022, '?':28804, ' So':1537, ',':28725, ' mapping':13152, ' over':754, ' the':272, ' list':1274, ' with':395, ' access':2735, ' to':298, ' index':2991, '?':28804, '':13, 'A':28741, ':':28747, ' Yes':5592, ',':28725, ' you':368, ' can':541, ' combine':17470, ' List':3231, '.':28723, 'iter':1685, ' and':304, ' List':3231, '.':28723, 'map':2022, ' using':1413, ' a':264, ' function':908, ' that':369, ' takes':4347, ' both':1560, ' the':272, ' element':2442, ' and':304, ' its':871, ' index':2991, ' as':390, ' arguments':6614, '.':28723, ' Here':4003, ''':28742, 's':28713, ' an':396, ' example':2757, ':':28747, '':13, '``':13940, '`':28832, 'sc':824, 'ss':819, '':13, '(*':4756, ' M':351, 'aps':1882, ' over':754, ' each':1430, ' element':2442, ' of':302 ]
[1702477528] n_remain: -127
[1702477528] eval: [ ' of':302 ]
[1702477529] n_past = 127
[1702477529] sampled token:   264: ' a'
[1702477529] last: [ ' List':3231, '.':28723, 'map':2022, '?':28804, ' So':1537, ',':28725, ' mapping':13152, ' over':754, ' the':272, ' list':1274, ' with':395, ' access':2735, ' to':298, ' index':2991, '?':28804, '':13, 'A':28741, ':':28747, ' Yes':5592, ',':28725, ' you':368, ' can':541, ' combine':17470, ' List':3231, '.':28723, 'iter':1685, ' and':304, ' List':3231, '.':28723, 'map':2022, ' using':1413, ' a':264, ' function':908, ' that':369, ' takes':4347, ' both':1560, ' the':272, ' element':2442, ' and':304, ' its':871, ' index':2991, ' as':390, ' arguments':6614, '.':28723, ' Here':4003, ''':28742, 's':28713, ' an':396, ' example':2757, ':':28747, '':13, '``':13940, '`':28832, 'sc':824, 'ss':819, '':13, '(*':4756, ' M':351, 'aps':1882, ' over':754, ' each':1430, ' element':2442, ' of':302, ' a':264 ]
[1702477529] n_remain: -128
[1702477529] eval: [ ' a':264 ]
[1702477529] n_past = 128
[1702477529] sampled token:  1274: ' list'
[1702477529] last: [ '.':28723, 'map':2022, '?':28804, ' So':1537, ',':28725, ' mapping':13152, ' over':754, ' the':272, ' list':1274, ' with':395, ' access':2735, ' to':298, ' index':2991, '?':28804, '':13, 'A':28741, ':':28747, ' Yes':5592, ',':28725, ' you':368, ' can':541, ' combine':17470, ' List':3231, '.':28723, 'iter':1685, ' and':304, ' List':3231, '.':28723, 'map':2022, ' using':1413, ' a':264, ' function':908, ' that':369, ' takes':4347, ' both':1560, ' the':272, ' element':2442, ' and':304, ' its':871, ' index':2991, ' as':390, ' arguments':6614, '.':28723, ' Here':4003, ''':28742, 's':28713, ' an':396, ' example':2757, ':':28747, '':13, '``':13940, '`':28832, 'sc':824, 'ss':819, '':13, '(*':4756, ' M':351, 'aps':1882, ' over':754, ' each':1430, ' element':2442, ' of':302, ' a':264, ' list':1274 ]
[1702477529] n_remain: -129
[1702477529] eval: [ ' list':1274 ]
[1702477529] n_past = 129
[1702477529] sampled token:  1413: ' using'
[1702477529] last: [ 'map':2022, '?':28804, ' So':1537, ',':28725, ' mapping':13152, ' over':754, ' the':272, ' list':1274, ' with':395, ' access':2735, ' to':298, ' index':2991, '?':28804, '':13, 'A':28741, ':':28747, ' Yes':5592, ',':28725, ' you':368, ' can':541, ' combine':17470, ' List':3231, '.':28723, 'iter':1685, ' and':304, ' List':3231, '.':28723, 'map':2022, ' using':1413, ' a':264, ' function':908, ' that':369, ' takes':4347, ' both':1560, ' the':272, ' element':2442, ' and':304, ' its':871, ' index':2991, ' as':390, ' arguments':6614, '.':28723, ' Here':4003, ''':28742, 's':28713, ' an':396, ' example':2757, ':':28747, '':13, '``':13940, '`':28832, 'sc':824, 'ss':819, '':13, '(*':4756, ' M':351, 'aps':1882, ' over':754, ' each':1430, ' element':2442, ' of':302, ' a':264, ' list':1274, ' using':1413 ]
[1702477529] n_remain: -130
[1702477529] eval: [ ' using':1413 ]
[1702477529] n_past = 130
[1702477529] sampled token:   264: ' a'
[1702477529] last: [ '?':28804, ' So':1537, ',':28725, ' mapping':13152, ' over':754, ' the':272, ' list':1274, ' with':395, ' access':2735, ' to':298, ' index':2991, '?':28804, '':13, 'A':28741, ':':28747, ' Yes':5592, ',':28725, ' you':368, ' can':541, ' combine':17470, ' List':3231, '.':28723, 'iter':1685, ' and':304, ' List':3231, '.':28723, 'map':2022, ' using':1413, ' a':264, ' function':908, ' that':369, ' takes':4347, ' both':1560, ' the':272, ' element':2442, ' and':304, ' its':871, ' index':2991, ' as':390, ' arguments':6614, '.':28723, ' Here':4003, ''':28742, 's':28713, ' an':396, ' example':2757, ':':28747, '':13, '``':13940, '`':28832, 'sc':824, 'ss':819, '':13, '(*':4756, ' M':351, 'aps':1882, ' over':754, ' each':1430, ' element':2442, ' of':302, ' a':264, ' list':1274, ' using':1413, ' a':264 ]
[1702477529] n_remain: -131
[1702477529] eval: [ ' a':264 ]
[1702477529] n_past = 131
[1702477529] sampled token:   908: ' function'
[1702477529] last: [ ' So':1537, ',':28725, ' mapping':13152, ' over':754, ' the':272, ' list':1274, ' with':395, ' access':2735, ' to':298, ' index':2991, '?':28804, '':13, 'A':28741, ':':28747, ' Yes':5592, ',':28725, ' you':368, ' can':541, ' combine':17470, ' List':3231, '.':28723, 'iter':1685, ' and':304, ' List':3231, '.':28723, 'map':2022, ' using':1413, ' a':264, ' function':908, ' that':369, ' takes':4347, ' both':1560, ' the':272, ' element':2442, ' and':304, ' its':871, ' index':2991, ' as':390, ' arguments':6614, '.':28723, ' Here':4003, ''':28742, 's':28713, ' an':396, ' example':2757, ':':28747, '':13, '``':13940, '`':28832, 'sc':824, 'ss':819, '':13, '(*':4756, ' M':351, 'aps':1882, ' over':754, ' each':1430, ' element':2442, ' of':302, ' a':264, ' list':1274, ' using':1413, ' a':264, ' function':908 ]
[1702477529] n_remain: -132
[1702477529] eval: [ ' function':908 ]
[1702477529] n_past = 132
[1702477529] sampled token:   369: ' that'
[1702477529] last: [ ',':28725, ' mapping':13152, ' over':754, ' the':272, ' list':1274, ' with':395, ' access':2735, ' to':298, ' index':2991, '?':28804, '':13, 'A':28741, ':':28747, ' Yes':5592, ',':28725, ' you':368, ' can':541, ' combine':17470, ' List':3231, '.':28723, 'iter':1685, ' and':304, ' List':3231, '.':28723, 'map':2022, ' using':1413, ' a':264, ' function':908, ' that':369, ' takes':4347, ' both':1560, ' the':272, ' element':2442, ' and':304, ' its':871, ' index':2991, ' as':390, ' arguments':6614, '.':28723, ' Here':4003, ''':28742, 's':28713, ' an':396, ' example':2757, ':':28747, '':13, '``':13940, '`':28832, 'sc':824, 'ss':819, '':13, '(*':4756, ' M':351, 'aps':1882, ' over':754, ' each':1430, ' element':2442, ' of':302, ' a':264, ' list':1274, ' using':1413, ' a':264, ' function':908, ' that':369 ]
[1702477529] n_remain: -133
[1702477529] eval: [ ' that':369 ]
[1702477529] n_past = 133
[1702477529] sampled token:  4347: ' takes'
[1702477529] last: [ ' mapping':13152, ' over':754, ' the':272, ' list':1274, ' with':395, ' access':2735, ' to':298, ' index':2991, '?':28804, '':13, 'A':28741, ':':28747, ' Yes':5592, ',':28725, ' you':368, ' can':541, ' combine':17470, ' List':3231, '.':28723, 'iter':1685, ' and':304, ' List':3231, '.':28723, 'map':2022, ' using':1413, ' a':264, ' function':908, ' that':369, ' takes':4347, ' both':1560, ' the':272, ' element':2442, ' and':304, ' its':871, ' index':2991, ' as':390, ' arguments':6614, '.':28723, ' Here':4003, ''':28742, 's':28713, ' an':396, ' example':2757, ':':28747, '':13, '``':13940, '`':28832, 'sc':824, 'ss':819, '':13, '(*':4756, ' M':351, 'aps':1882, ' over':754, ' each':1430, ' element':2442, ' of':302, ' a':264, ' list':1274, ' using':1413, ' a':264, ' function':908, ' that':369, ' takes':4347 ]
[1702477529] n_remain: -134
[1702477529] eval: [ ' takes':4347 ]
[1702477529] n_past = 134
[1702477529] sampled token:    13: '
'
[1702477529] last: [ ' over':754, ' the':272, ' list':1274, ' with':395, ' access':2735, ' to':298, ' index':2991, '?':28804, '':13, 'A':28741, ':':28747, ' Yes':5592, ',':28725, ' you':368, ' can':541, ' combine':17470, ' List':3231, '.':28723, 'iter':1685, ' and':304, ' List':3231, '.':28723, 'map':2022, ' using':1413, ' a':264, ' function':908, ' that':369, ' takes':4347, ' both':1560, ' the':272, ' element':2442, ' and':304, ' its':871, ' index':2991, ' as':390, ' arguments':6614, '.':28723, ' Here':4003, ''':28742, 's':28713, ' an':396, ' example':2757, ':':28747, '':13, '``':13940, '`':28832, 'sc':824, 'ss':819, '':13, '(*':4756, ' M':351, 'aps':1882, ' over':754, ' each':1430, ' element':2442, ' of':302, ' a':264, ' list':1274, ' using':1413, ' a':264, ' function':908, ' that':369, ' takes':4347, '':13 ]
[1702477529] n_remain: -135
[1702477529] eval: [ '':13 ]
[1702477529] n_past = 135
[1702477529] sampled token:   398: ' *'
[1702477529] last: [ ' the':272, ' list':1274, ' with':395, ' access':2735, ' to':298, ' index':2991, '?':28804, '':13, 'A':28741, ':':28747, ' Yes':5592, ',':28725, ' you':368, ' can':541, ' combine':17470, ' List':3231, '.':28723, 'iter':1685, ' and':304, ' List':3231, '.':28723, 'map':2022, ' using':1413, ' a':264, ' function':908, ' that':369, ' takes':4347, ' both':1560, ' the':272, ' element':2442, ' and':304, ' its':871, ' index':2991, ' as':390, ' arguments':6614, '.':28723, ' Here':4003, ''':28742, 's':28713, ' an':396, ' example':2757, ':':28747, '':13, '``':13940, '`':28832, 'sc':824, 'ss':819, '':13, '(*':4756, ' M':351, 'aps':1882, ' over':754, ' each':1430, ' element':2442, ' of':302, ' a':264, ' list':1274, ' using':1413, ' a':264, ' function':908, ' that':369, ' takes':4347, '':13, ' *':398 ]
[1702477529] n_remain: -136
[1702477529] eval: [ ' *':398 ]
[1702477529] n_past = 136
[1702477529] sampled token:  1560: ' both'
[1702477529] last: [ ' list':1274, ' with':395, ' access':2735, ' to':298, ' index':2991, '?':28804, '':13, 'A':28741, ':':28747, ' Yes':5592, ',':28725, ' you':368, ' can':541, ' combine':17470, ' List':3231, '.':28723, 'iter':1685, ' and':304, ' List':3231, '.':28723, 'map':2022, ' using':1413, ' a':264, ' function':908, ' that':369, ' takes':4347, ' both':1560, ' the':272, ' element':2442, ' and':304, ' its':871, ' index':2991, ' as':390, ' arguments':6614, '.':28723, ' Here':4003, ''':28742, 's':28713, ' an':396, ' example':2757, ':':28747, '':13, '``':13940, '`':28832, 'sc':824, 'ss':819, '':13, '(*':4756, ' M':351, 'aps':1882, ' over':754, ' each':1430, ' element':2442, ' of':302, ' a':264, ' list':1274, ' using':1413, ' a':264, ' function':908, ' that':369, ' takes':4347, '':13, ' *':398, ' both':1560 ]
[1702477529] n_remain: -137
[1702477529] eval: [ ' both':1560 ]
[1702477529] n_past = 137
[1702477529] sampled token:   272: ' the'
[1702477529] last: [ ' with':395, ' access':2735, ' to':298, ' index':2991, '?':28804, '':13, 'A':28741, ':':28747, ' Yes':5592, ',':28725, ' you':368, ' can':541, ' combine':17470, ' List':3231, '.':28723, 'iter':1685, ' and':304, ' List':3231, '.':28723, 'map':2022, ' using':1413, ' a':264, ' function':908, ' that':369, ' takes':4347, ' both':1560, ' the':272, ' element':2442, ' and':304, ' its':871, ' index':2991, ' as':390, ' arguments':6614, '.':28723, ' Here':4003, ''':28742, 's':28713, ' an':396, ' example':2757, ':':28747, '':13, '``':13940, '`':28832, 'sc':824, 'ss':819, '':13, '(*':4756, ' M':351, 'aps':1882, ' over':754, ' each':1430, ' element':2442, ' of':302, ' a':264, ' list':1274, ' using':1413, ' a':264, ' function':908, ' that':369, ' takes':4347, '':13, ' *':398, ' both':1560, ' the':272 ]
[1702477529] n_remain: -138
[1702477529] eval: [ ' the':272 ]
[1702477529] n_past = 138
[1702477529] sampled token:  2442: ' element'
[1702477529] last: [ ' access':2735, ' to':298, ' index':2991, '?':28804, '':13, 'A':28741, ':':28747, ' Yes':5592, ',':28725, ' you':368, ' can':541, ' combine':17470, ' List':3231, '.':28723, 'iter':1685, ' and':304, ' List':3231, '.':28723, 'map':2022, ' using':1413, ' a':264, ' function':908, ' that':369, ' takes':4347, ' both':1560, ' the':272, ' element':2442, ' and':304, ' its':871, ' index':2991, ' as':390, ' arguments':6614, '.':28723, ' Here':4003, ''':28742, 's':28713, ' an':396, ' example':2757, ':':28747, '':13, '``':13940, '`':28832, 'sc':824, 'ss':819, '':13, '(*':4756, ' M':351, 'aps':1882, ' over':754, ' each':1430, ' element':2442, ' of':302, ' a':264, ' list':1274, ' using':1413, ' a':264, ' function':908, ' that':369, ' takes':4347, '':13, ' *':398, ' both':1560, ' the':272, ' element':2442 ]
[1702477529] n_remain: -139
[1702477529] eval: [ ' element':2442 ]
[1702477529] n_past = 139
[1702477529] sampled token:   304: ' and'
[1702477529] last: [ ' to':298, ' index':2991, '?':28804, '':13, 'A':28741, ':':28747, ' Yes':5592, ',':28725, ' you':368, ' can':541, ' combine':17470, ' List':3231, '.':28723, 'iter':1685, ' and':304, ' List':3231, '.':28723, 'map':2022, ' using':1413, ' a':264, ' function':908, ' that':369, ' takes':4347, ' both':1560, ' the':272, ' element':2442, ' and':304, ' its':871, ' index':2991, ' as':390, ' arguments':6614, '.':28723, ' Here':4003, ''':28742, 's':28713, ' an':396, ' example':2757, ':':28747, '':13, '``':13940, '`':28832, 'sc':824, 'ss':819, '':13, '(*':4756, ' M':351, 'aps':1882, ' over':754, ' each':1430, ' element':2442, ' of':302, ' a':264, ' list':1274, ' using':1413, ' a':264, ' function':908, ' that':369, ' takes':4347, '':13, ' *':398, ' both':1560, ' the':272, ' element':2442, ' and':304 ]
[1702477529] n_remain: -140
[1702477529] eval: [ ' and':304 ]
[1702477529] n_past = 140
[1702477529] sampled token:   871: ' its'
[1702477529] last: [ ' index':2991, '?':28804, '':13, 'A':28741, ':':28747, ' Yes':5592, ',':28725, ' you':368, ' can':541, ' combine':17470, ' List':3231, '.':28723, 'iter':1685, ' and':304, ' List':3231, '.':28723, 'map':2022, ' using':1413, ' a':264, ' function':908, ' that':369, ' takes':4347, ' both':1560, ' the':272, ' element':2442, ' and':304, ' its':871, ' index':2991, ' as':390, ' arguments':6614, '.':28723, ' Here':4003, ''':28742, 's':28713, ' an':396, ' example':2757, ':':28747, '':13, '``':13940, '`':28832, 'sc':824, 'ss':819, '':13, '(*':4756, ' M':351, 'aps':1882, ' over':754, ' each':1430, ' element':2442, ' of':302, ' a':264, ' list':1274, ' using':1413, ' a':264, ' function':908, ' that':369, ' takes':4347, '':13, ' *':398, ' both':1560, ' the':272, ' element':2442, ' and':304, ' its':871 ]
[1702477529] n_remain: -141
[1702477529] eval: [ ' its':871 ]
[1702477529] n_past = 141
[1702477529] sampled token:  2991: ' index'
[1702477529] last: [ '?':28804, '':13, 'A':28741, ':':28747, ' Yes':5592, ',':28725, ' you':368, ' can':541, ' combine':17470, ' List':3231, '.':28723, 'iter':1685, ' and':304, ' List':3231, '.':28723, 'map':2022, ' using':1413, ' a':264, ' function':908, ' that':369, ' takes':4347, ' both':1560, ' the':272, ' element':2442, ' and':304, ' its':871, ' index':2991, ' as':390, ' arguments':6614, '.':28723, ' Here':4003, ''':28742, 's':28713, ' an':396, ' example':2757, ':':28747, '':13, '``':13940, '`':28832, 'sc':824, 'ss':819, '':13, '(*':4756, ' M':351, 'aps':1882, ' over':754, ' each':1430, ' element':2442, ' of':302, ' a':264, ' list':1274, ' using':1413, ' a':264, ' function':908, ' that':369, ' takes':4347, '':13, ' *':398, ' both':1560, ' the':272, ' element':2442, ' and':304, ' its':871, ' index':2991 ]
[1702477529] n_remain: -142
[1702477529] eval: [ ' index':2991 ]
[1702477529] n_past = 142
[1702477529] sampled token:  4491: ' *)'
[1702477529] last: [ '':13, 'A':28741, ':':28747, ' Yes':5592, ',':28725, ' you':368, ' can':541, ' combine':17470, ' List':3231, '.':28723, 'iter':1685, ' and':304, ' List':3231, '.':28723, 'map':2022, ' using':1413, ' a':264, ' function':908, ' that':369, ' takes':4347, ' both':1560, ' the':272, ' element':2442, ' and':304, ' its':871, ' index':2991, ' as':390, ' arguments':6614, '.':28723, ' Here':4003, ''':28742, 's':28713, ' an':396, ' example':2757, ':':28747, '':13, '``':13940, '`':28832, 'sc':824, 'ss':819, '':13, '(*':4756, ' M':351, 'aps':1882, ' over':754, ' each':1430, ' element':2442, ' of':302, ' a':264, ' list':1274, ' using':1413, ' a':264, ' function':908, ' that':369, ' takes':4347, '':13, ' *':398, ' both':1560, ' the':272, ' element':2442, ' and':304, ' its':871, ' index':2991, ' *)':4491 ]
[1702477529] n_remain: -143
[1702477529] eval: [ ' *)':4491 ]
[1702477529] n_past = 143
[1702477529] sampled token:    13: '
'
[1702477529] last: [ 'A':28741, ':':28747, ' Yes':5592, ',':28725, ' you':368, ' can':541, ' combine':17470, ' List':3231, '.':28723, 'iter':1685, ' and':304, ' List':3231, '.':28723, 'map':2022, ' using':1413, ' a':264, ' function':908, ' that':369, ' takes':4347, ' both':1560, ' the':272, ' element':2442, ' and':304, ' its':871, ' index':2991, ' as':390, ' arguments':6614, '.':28723, ' Here':4003, ''':28742, 's':28713, ' an':396, ' example':2757, ':':28747, '':13, '``':13940, '`':28832, 'sc':824, 'ss':819, '':13, '(*':4756, ' M':351, 'aps':1882, ' over':754, ' each':1430, ' element':2442, ' of':302, ' a':264, ' list':1274, ' using':1413, ' a':264, ' function':908, ' that':369, ' takes':4347, '':13, ' *':398, ' both':1560, ' the':272, ' element':2442, ' and':304, ' its':871, ' index':2991, ' *)':4491, '':13 ]
[1702477529] n_remain: -144
[1702477529] eval: [ '':13 ]
[1702477529] n_past = 144
[1702477529] sampled token:   895: 'let'
[1702477529] last: [ ':':28747, ' Yes':5592, ',':28725, ' you':368, ' can':541, ' combine':17470, ' List':3231, '.':28723, 'iter':1685, ' and':304, ' List':3231, '.':28723, 'map':2022, ' using':1413, ' a':264, ' function':908, ' that':369, ' takes':4347, ' both':1560, ' the':272, ' element':2442, ' and':304, ' its':871, ' index':2991, ' as':390, ' arguments':6614, '.':28723, ' Here':4003, ''':28742, 's':28713, ' an':396, ' example':2757, ':':28747, '':13, '``':13940, '`':28832, 'sc':824, 'ss':819, '':13, '(*':4756, ' M':351, 'aps':1882, ' over':754, ' each':1430, ' element':2442, ' of':302, ' a':264, ' list':1274, ' using':1413, ' a':264, ' function':908, ' that':369, ' takes':4347, '':13, ' *':398, ' both':1560, ' the':272, ' element':2442, ' and':304, ' its':871, ' index':2991, ' *)':4491, '':13, 'let':895 ]
[1702477529] n_remain: -145
[1702477529] eval: [ 'let':895 ]
[1702477529] n_past = 145
[1702477529] sampled token:  3341: ' map'
[1702477529] last: [ ' Yes':5592, ',':28725, ' you':368, ' can':541, ' combine':17470, ' List':3231, '.':28723, 'iter':1685, ' and':304, ' List':3231, '.':28723, 'map':2022, ' using':1413, ' a':264, ' function':908, ' that':369, ' takes':4347, ' both':1560, ' the':272, ' element':2442, ' and':304, ' its':871, ' index':2991, ' as':390, ' arguments':6614, '.':28723, ' Here':4003, ''':28742, 's':28713, ' an':396, ' example':2757, ':':28747, '':13, '``':13940, '`':28832, 'sc':824, 'ss':819, '':13, '(*':4756, ' M':351, 'aps':1882, ' over':754, ' each':1430, ' element':2442, ' of':302, ' a':264, ' list':1274, ' using':1413, ' a':264, ' function':908, ' that':369, ' takes':4347, '':13, ' *':398, ' both':1560, ' the':272, ' element':2442, ' and':304, ' its':871, ' index':2991, ' *)':4491, '':13, 'let':895, ' map':3341 ]
[1702477529] n_remain: -146
[1702477529] eval: [ ' map':3341 ]
[1702477529] n_past = 146
[1702477529] sampled token: 28730: '_'
[1702477529] last: [ ',':28725, ' you':368, ' can':541, ' combine':17470, ' List':3231, '.':28723, 'iter':1685, ' and':304, ' List':3231, '.':28723, 'map':2022, ' using':1413, ' a':264, ' function':908, ' that':369, ' takes':4347, ' both':1560, ' the':272, ' element':2442, ' and':304, ' its':871, ' index':2991, ' as':390, ' arguments':6614, '.':28723, ' Here':4003, ''':28742, 's':28713, ' an':396, ' example':2757, ':':28747, '':13, '``':13940, '`':28832, 'sc':824, 'ss':819, '':13, '(*':4756, ' M':351, 'aps':1882, ' over':754, ' each':1430, ' element':2442, ' of':302, ' a':264, ' list':1274, ' using':1413, ' a':264, ' function':908, ' that':369, ' takes':4347, '':13, ' *':398, ' both':1560, ' the':272, ' element':2442, ' and':304, ' its':871, ' index':2991, ' *)':4491, '':13, 'let':895, ' map':3341, '_':28730 ]
[1702477529] n_remain: -147
[1702477529] eval: [ '_':28730 ]
[1702477529] n_past = 147
[1702477529] sampled token:  3415: 'with'
[1702477529] last: [ ' you':368, ' can':541, ' combine':17470, ' List':3231, '.':28723, 'iter':1685, ' and':304, ' List':3231, '.':28723, 'map':2022, ' using':1413, ' a':264, ' function':908, ' that':369, ' takes':4347, ' both':1560, ' the':272, ' element':2442, ' and':304, ' its':871, ' index':2991, ' as':390, ' arguments':6614, '.':28723, ' Here':4003, ''':28742, 's':28713, ' an':396, ' example':2757, ':':28747, '':13, '``':13940, '`':28832, 'sc':824, 'ss':819, '':13, '(*':4756, ' M':351, 'aps':1882, ' over':754, ' each':1430, ' element':2442, ' of':302, ' a':264, ' list':1274, ' using':1413, ' a':264, ' function':908, ' that':369, ' takes':4347, '':13, ' *':398, ' both':1560, ' the':272, ' element':2442, ' and':304, ' its':871, ' index':2991, ' *)':4491, '':13, 'let':895, ' map':3341, '_':28730, 'with':3415 ]
[1702477529] n_remain: -148
[1702477529] eval: [ 'with':3415 ]
[1702477529] n_past = 148
[1702477529] sampled token: 28730: '_'
[1702477529] last: [ ' can':541, ' combine':17470, ' List':3231, '.':28723, 'iter':1685, ' and':304, ' List':3231, '.':28723, 'map':2022, ' using':1413, ' a':264, ' function':908, ' that':369, ' takes':4347, ' both':1560, ' the':272, ' element':2442, ' and':304, ' its':871, ' index':2991, ' as':390, ' arguments':6614, '.':28723, ' Here':4003, ''':28742, 's':28713, ' an':396, ' example':2757, ':':28747, '':13, '``':13940, '`':28832, 'sc':824, 'ss':819, '':13, '(*':4756, ' M':351, 'aps':1882, ' over':754, ' each':1430, ' element':2442, ' of':302, ' a':264, ' list':1274, ' using':1413, ' a':264, ' function':908, ' that':369, ' takes':4347, '':13, ' *':398, ' both':1560, ' the':272, ' element':2442, ' and':304, ' its':871, ' index':2991, ' *)':4491, '':13, 'let':895, ' map':3341, '_':28730, 'with':3415, '_':28730 ]
[1702477529] n_remain: -149
[1702477529] eval: [ '_':28730 ]
[1702477529] n_past = 149
[1702477529] sampled token:  2033: 'index'
[1702477529] last: [ ' combine':17470, ' List':3231, '.':28723, 'iter':1685, ' and':304, ' List':3231, '.':28723, 'map':2022, ' using':1413, ' a':264, ' function':908, ' that':369, ' takes':4347, ' both':1560, ' the':272, ' element':2442, ' and':304, ' its':871, ' index':2991, ' as':390, ' arguments':6614, '.':28723, ' Here':4003, ''':28742, 's':28713, ' an':396, ' example':2757, ':':28747, '':13, '``':13940, '`':28832, 'sc':824, 'ss':819, '':13, '(*':4756, ' M':351, 'aps':1882, ' over':754, ' each':1430, ' element':2442, ' of':302, ' a':264, ' list':1274, ' using':1413, ' a':264, ' function':908, ' that':369, ' takes':4347, '':13, ' *':398, ' both':1560, ' the':272, ' element':2442, ' and':304, ' its':871, ' index':2991, ' *)':4491, '':13, 'let':895, ' map':3341, '_':28730, 'with':3415, '_':28730, 'index':2033 ]
[1702477529] n_remain: -150
[1702477529] eval: [ 'index':2033 ]
[1702477529] n_past = 150
[1702477529] sampled token:   285: ' f'
[1702477529] last: [ ' List':3231, '.':28723, 'iter':1685, ' and':304, ' List':3231, '.':28723, 'map':2022, ' using':1413, ' a':264, ' function':908, ' that':369, ' takes':4347, ' both':1560, ' the':272, ' element':2442, ' and':304, ' its':871, ' index':2991, ' as':390, ' arguments':6614, '.':28723, ' Here':4003, ''':28742, 's':28713, ' an':396, ' example':2757, ':':28747, '':13, '``':13940, '`':28832, 'sc':824, 'ss':819, '':13, '(*':4756, ' M':351, 'aps':1882, ' over':754, ' each':1430, ' element':2442, ' of':302, ' a':264, ' list':1274, ' using':1413, ' a':264, ' function':908, ' that':369, ' takes':4347, '':13, ' *':398, ' both':1560, ' the':272, ' element':2442, ' and':304, ' its':871, ' index':2991, ' *)':4491, '':13, 'let':895, ' map':3341, '_':28730, 'with':3415, '_':28730, 'index':2033, ' f':285 ]
[1702477529] n_remain: -151
[1702477529] eval: [ ' f':285 ]
[1702477529] n_past = 151
[1702477529] sampled token:   305: ' l'
[1702477529] last: [ '.':28723, 'iter':1685, ' and':304, ' List':3231, '.':28723, 'map':2022, ' using':1413, ' a':264, ' function':908, ' that':369, ' takes':4347, ' both':1560, ' the':272, ' element':2442, ' and':304, ' its':871, ' index':2991, ' as':390, ' arguments':6614, '.':28723, ' Here':4003, ''':28742, 's':28713, ' an':396, ' example':2757, ':':28747, '':13, '``':13940, '`':28832, 'sc':824, 'ss':819, '':13, '(*':4756, ' M':351, 'aps':1882, ' over':754, ' each':1430, ' element':2442, ' of':302, ' a':264, ' list':1274, ' using':1413, ' a':264, ' function':908, ' that':369, ' takes':4347, '':13, ' *':398, ' both':1560, ' the':272, ' element':2442, ' and':304, ' its':871, ' index':2991, ' *)':4491, '':13, 'let':895, ' map':3341, '_':28730, 'with':3415, '_':28730, 'index':2033, ' f':285, ' l':305 ]
[1702477529] n_remain: -152
[1702477529] eval: [ ' l':305 ]
[1702477529] n_past = 152
[1702477529] sampled token:   303: 'st'
[1702477529] last: [ 'iter':1685, ' and':304, ' List':3231, '.':28723, 'map':2022, ' using':1413, ' a':264, ' function':908, ' that':369, ' takes':4347, ' both':1560, ' the':272, ' element':2442, ' and':304, ' its':871, ' index':2991, ' as':390, ' arguments':6614, '.':28723, ' Here':4003, ''':28742, 's':28713, ' an':396, ' example':2757, ':':28747, '':13, '``':13940, '`':28832, 'sc':824, 'ss':819, '':13, '(*':4756, ' M':351, 'aps':1882, ' over':754, ' each':1430, ' element':2442, ' of':302, ' a':264, ' list':1274, ' using':1413, ' a':264, ' function':908, ' that':369, ' takes':4347, '':13, ' *':398, ' both':1560, ' the':272, ' element':2442, ' and':304, ' its':871, ' index':2991, ' *)':4491, '':13, 'let':895, ' map':3341, '_':28730, 'with':3415, '_':28730, 'index':2033, ' f':285, ' l':305, 'st':303 ]
[1702477529] n_remain: -153
[1702477529] eval: [ 'st':303 ]
[1702477530] n_past = 153
[1702477530] sampled token:   327: ' ='
[1702477530] last: [ ' and':304, ' List':3231, '.':28723, 'map':2022, ' using':1413, ' a':264, ' function':908, ' that':369, ' takes':4347, ' both':1560, ' the':272, ' element':2442, ' and':304, ' its':871, ' index':2991, ' as':390, ' arguments':6614, '.':28723, ' Here':4003, ''':28742, 's':28713, ' an':396, ' example':2757, ':':28747, '':13, '``':13940, '`':28832, 'sc':824, 'ss':819, '':13, '(*':4756, ' M':351, 'aps':1882, ' over':754, ' each':1430, ' element':2442, ' of':302, ' a':264, ' list':1274, ' using':1413, ' a':264, ' function':908, ' that':369, ' takes':4347, '':13, ' *':398, ' both':1560, ' the':272, ' element':2442, ' and':304, ' its':871, ' index':2991, ' *)':4491, '':13, 'let':895, ' map':3341, '_':28730, 'with':3415, '_':28730, 'index':2033, ' f':285, ' l':305, 'st':303, ' =':327 ]
[1702477530] n_remain: -154
[1702477530] eval: [ ' =':327 ]
[1702477530] n_past = 154
[1702477530] sampled token:    13: '
'
[1702477530] last: [ ' List':3231, '.':28723, 'map':2022, ' using':1413, ' a':264, ' function':908, ' that':369, ' takes':4347, ' both':1560, ' the':272, ' element':2442, ' and':304, ' its':871, ' index':2991, ' as':390, ' arguments':6614, '.':28723, ' Here':4003, ''':28742, 's':28713, ' an':396, ' example':2757, ':':28747, '':13, '``':13940, '`':28832, 'sc':824, 'ss':819, '':13, '(*':4756, ' M':351, 'aps':1882, ' over':754, ' each':1430, ' element':2442, ' of':302, ' a':264, ' list':1274, ' using':1413, ' a':264, ' function':908, ' that':369, ' takes':4347, '':13, ' *':398, ' both':1560, ' the':272, ' element':2442, ' and':304, ' its':871, ' index':2991, ' *)':4491, '':13, 'let':895, ' map':3341, '_':28730, 'with':3415, '_':28730, 'index':2033, ' f':285, ' l':305, 'st':303, ' =':327, '':13 ]
[1702477530] n_remain: -155
[1702477530] eval: [ '':13 ]
[1702477530] n_past = 155
[1702477530] sampled token: 28705: ' '
[1702477530] last: [ '.':28723, 'map':2022, ' using':1413, ' a':264, ' function':908, ' that':369, ' takes':4347, ' both':1560, ' the':272, ' element':2442, ' and':304, ' its':871, ' index':2991, ' as':390, ' arguments':6614, '.':28723, ' Here':4003, ''':28742, 's':28713, ' an':396, ' example':2757, ':':28747, '':13, '``':13940, '`':28832, 'sc':824, 'ss':819, '':13, '(*':4756, ' M':351, 'aps':1882, ' over':754, ' each':1430, ' element':2442, ' of':302, ' a':264, ' list':1274, ' using':1413, ' a':264, ' function':908, ' that':369, ' takes':4347, '':13, ' *':398, ' both':1560, ' the':272, ' element':2442, ' and':304, ' its':871, ' index':2991, ' *)':4491, '':13, 'let':895, ' map':3341, '_':28730, 'with':3415, '_':28730, 'index':2033, ' f':285, ' l':305, 'st':303, ' =':327, '':13, ' ':28705 ]
[1702477530] n_remain: -156
[1702477530] eval: [ ' ':28705 ]
[1702477530] n_past = 156
[1702477530] sampled token:  3231: ' List'
[1702477530] last: [ 'map':2022, ' using':1413, ' a':264, ' function':908, ' that':369, ' takes':4347, ' both':1560, ' the':272, ' element':2442, ' and':304, ' its':871, ' index':2991, ' as':390, ' arguments':6614, '.':28723, ' Here':4003, ''':28742, 's':28713, ' an':396, ' example':2757, ':':28747, '':13, '``':13940, '`':28832, 'sc':824, 'ss':819, '':13, '(*':4756, ' M':351, 'aps':1882, ' over':754, ' each':1430, ' element':2442, ' of':302, ' a':264, ' list':1274, ' using':1413, ' a':264, ' function':908, ' that':369, ' takes':4347, '':13, ' *':398, ' both':1560, ' the':272, ' element':2442, ' and':304, ' its':871, ' index':2991, ' *)':4491, '':13, 'let':895, ' map':3341, '_':28730, 'with':3415, '_':28730, 'index':2033, ' f':285, ' l':305, 'st':303, ' =':327, '':13, ' ':28705, ' List':3231 ]
[1702477530] n_remain: -157
[1702477530] eval: [ ' List':3231 ]
[1702477530] n_past = 157
[1702477530] sampled token: 28723: '.'
[1702477530] last: [ ' using':1413, ' a':264, ' function':908, ' that':369, ' takes':4347, ' both':1560, ' the':272, ' element':2442, ' and':304, ' its':871, ' index':2991, ' as':390, ' arguments':6614, '.':28723, ' Here':4003, ''':28742, 's':28713, ' an':396, ' example':2757, ':':28747, '':13, '``':13940, '`':28832, 'sc':824, 'ss':819, '':13, '(*':4756, ' M':351, 'aps':1882, ' over':754, ' each':1430, ' element':2442, ' of':302, ' a':264, ' list':1274, ' using':1413, ' a':264, ' function':908, ' that':369, ' takes':4347, '':13, ' *':398, ' both':1560, ' the':272, ' element':2442, ' and':304, ' its':871, ' index':2991, ' *)':4491, '':13, 'let':895, ' map':3341, '_':28730, 'with':3415, '_':28730, 'index':2033, ' f':285, ' l':305, 'st':303, ' =':327, '':13, ' ':28705, ' List':3231, '.':28723 ]
[1702477530] n_remain: -158
[1702477530] eval: [ '.':28723 ]
[1702477530] n_past = 158
[1702477530] sampled token:  1685: 'iter'
[1702477530] last: [ ' a':264, ' function':908, ' that':369, ' takes':4347, ' both':1560, ' the':272, ' element':2442, ' and':304, ' its':871, ' index':2991, ' as':390, ' arguments':6614, '.':28723, ' Here':4003, ''':28742, 's':28713, ' an':396, ' example':2757, ':':28747, '':13, '``':13940, '`':28832, 'sc':824, 'ss':819, '':13, '(*':4756, ' M':351, 'aps':1882, ' over':754, ' each':1430, ' element':2442, ' of':302, ' a':264, ' list':1274, ' using':1413, ' a':264, ' function':908, ' that':369, ' takes':4347, '':13, ' *':398, ' both':1560, ' the':272, ' element':2442, ' and':304, ' its':871, ' index':2991, ' *)':4491, '':13, 'let':895, ' map':3341, '_':28730, 'with':3415, '_':28730, 'index':2033, ' f':285, ' l':305, 'st':303, ' =':327, '':13, ' ':28705, ' List':3231, '.':28723, 'iter':1685 ]
[1702477530] n_remain: -159
[1702477530] eval: [ 'iter':1685 ]
[1702477530] n_past = 159
[1702477530] sampled token:   325: ' ('
[1702477530] last: [ ' function':908, ' that':369, ' takes':4347, ' both':1560, ' the':272, ' element':2442, ' and':304, ' its':871, ' index':2991, ' as':390, ' arguments':6614, '.':28723, ' Here':4003, ''':28742, 's':28713, ' an':396, ' example':2757, ':':28747, '':13, '``':13940, '`':28832, 'sc':824, 'ss':819, '':13, '(*':4756, ' M':351, 'aps':1882, ' over':754, ' each':1430, ' element':2442, ' of':302, ' a':264, ' list':1274, ' using':1413, ' a':264, ' function':908, ' that':369, ' takes':4347, '':13, ' *':398, ' both':1560, ' the':272, ' element':2442, ' and':304, ' its':871, ' index':2991, ' *)':4491, '':13, 'let':895, ' map':3341, '_':28730, 'with':3415, '_':28730, 'index':2033, ' f':285, ' l':305, 'st':303, ' =':327, '':13, ' ':28705, ' List':3231, '.':28723, 'iter':1685, ' (':325 ]
[1702477530] n_remain: -160
[1702477530] eval: [ ' (':325 ]
[1702477530] n_past = 160
[1702477530] sampled token:  1755: 'fun'
[1702477530] last: [ ' that':369, ' takes':4347, ' both':1560, ' the':272, ' element':2442, ' and':304, ' its':871, ' index':2991, ' as':390, ' arguments':6614, '.':28723, ' Here':4003, ''':28742, 's':28713, ' an':396, ' example':2757, ':':28747, '':13, '``':13940, '`':28832, 'sc':824, 'ss':819, '':13, '(*':4756, ' M':351, 'aps':1882, ' over':754, ' each':1430, ' element':2442, ' of':302, ' a':264, ' list':1274, ' using':1413, ' a':264, ' function':908, ' that':369, ' takes':4347, '':13, ' *':398, ' both':1560, ' the':272, ' element':2442, ' and':304, ' its':871, ' index':2991, ' *)':4491, '':13, 'let':895, ' map':3341, '_':28730, 'with':3415, '_':28730, 'index':2033, ' f':285, ' l':305, 'st':303, ' =':327, '':13, ' ':28705, ' List':3231, '.':28723, 'iter':1685, ' (':325, 'fun':1755 ]
[1702477530] n_remain: -161
[1702477530] eval: [ 'fun':1755 ]
[1702477530] n_past = 161
[1702477530] sampled token:   325: ' ('
[1702477530] last: [ ' takes':4347, ' both':1560, ' the':272, ' element':2442, ' and':304, ' its':871, ' index':2991, ' as':390, ' arguments':6614, '.':28723, ' Here':4003, ''':28742, 's':28713, ' an':396, ' example':2757, ':':28747, '':13, '``':13940, '`':28832, 'sc':824, 'ss':819, '':13, '(*':4756, ' M':351, 'aps':1882, ' over':754, ' each':1430, ' element':2442, ' of':302, ' a':264, ' list':1274, ' using':1413, ' a':264, ' function':908, ' that':369, ' takes':4347, '':13, ' *':398, ' both':1560, ' the':272, ' element':2442, ' and':304, ' its':871, ' index':2991, ' *)':4491, '':13, 'let':895, ' map':3341, '_':28730, 'with':3415, '_':28730, 'index':2033, ' f':285, ' l':305, 'st':303, ' =':327, '':13, ' ':28705, ' List':3231, '.':28723, 'iter':1685, ' (':325, 'fun':1755, ' (':325 ]
[1702477530] n_remain: -162
[1702477530] eval: [ ' (':325 ]
[1702477530] n_past = 162
[1702477530] sampled token: 28710: 'i'
[1702477530] last: [ ' both':1560, ' the':272, ' element':2442, ' and':304, ' its':871, ' index':2991, ' as':390, ' arguments':6614, '.':28723, ' Here':4003, ''':28742, 's':28713, ' an':396, ' example':2757, ':':28747, '':13, '``':13940, '`':28832, 'sc':824, 'ss':819, '':13, '(*':4756, ' M':351, 'aps':1882, ' over':754, ' each':1430, ' element':2442, ' of':302, ' a':264, ' list':1274, ' using':1413, ' a':264, ' function':908, ' that':369, ' takes':4347, '':13, ' *':398, ' both':1560, ' the':272, ' element':2442, ' and':304, ' its':871, ' index':2991, ' *)':4491, '':13, 'let':895, ' map':3341, '_':28730, 'with':3415, '_':28730, 'index':2033, ' f':285, ' l':305, 'st':303, ' =':327, '':13, ' ':28705, ' List':3231, '.':28723, 'iter':1685, ' (':325, 'fun':1755, ' (':325, 'i':28710 ]
[1702477530] n_remain: -163
[1702477530] eval: [ 'i':28710 ]
[1702477530] n_past = 163
[1702477530] sampled token: 28725: ','
[1702477530] last: [ ' the':272, ' element':2442, ' and':304, ' its':871, ' index':2991, ' as':390, ' arguments':6614, '.':28723, ' Here':4003, ''':28742, 's':28713, ' an':396, ' example':2757, ':':28747, '':13, '``':13940, '`':28832, 'sc':824, 'ss':819, '':13, '(*':4756, ' M':351, 'aps':1882, ' over':754, ' each':1430, ' element':2442, ' of':302, ' a':264, ' list':1274, ' using':1413, ' a':264, ' function':908, ' that':369, ' takes':4347, '':13, ' *':398, ' both':1560, ' the':272, ' element':2442, ' and':304, ' its':871, ' index':2991, ' *)':4491, '':13, 'let':895, ' map':3341, '_':28730, 'with':3415, '_':28730, 'index':2033, ' f':285, ' l':305, 'st':303, ' =':327, '':13, ' ':28705, ' List':3231, '.':28723, 'iter':1685, ' (':325, 'fun':1755, ' (':325, 'i':28710, ',':28725 ]
[1702477530] n_remain: -164
[1702477530] eval: [ ',':28725 ]
[1702477530] n_past = 164
[1702477530] sampled token:  1318: ' x'
[1702477530] last: [ ' element':2442, ' and':304, ' its':871, ' index':2991, ' as':390, ' arguments':6614, '.':28723, ' Here':4003, ''':28742, 's':28713, ' an':396, ' example':2757, ':':28747, '':13, '``':13940, '`':28832, 'sc':824, 'ss':819, '':13, '(*':4756, ' M':351, 'aps':1882, ' over':754, ' each':1430, ' element':2442, ' of':302, ' a':264, ' list':1274, ' using':1413, ' a':264, ' function':908, ' that':369, ' takes':4347, '':13, ' *':398, ' both':1560, ' the':272, ' element':2442, ' and':304, ' its':871, ' index':2991, ' *)':4491, '':13, 'let':895, ' map':3341, '_':28730, 'with':3415, '_':28730, 'index':2033, ' f':285, ' l':305, 'st':303, ' =':327, '':13, ' ':28705, ' List':3231, '.':28723, 'iter':1685, ' (':325, 'fun':1755, ' (':325, 'i':28710, ',':28725, ' x':1318 ]
[1702477530] n_remain: -165
[1702477530] eval: [ ' x':1318 ]
[1702477530] n_past = 165
[1702477530] sampled token: 28731: ')'
[1702477530] last: [ ' and':304, ' its':871, ' index':2991, ' as':390, ' arguments':6614, '.':28723, ' Here':4003, ''':28742, 's':28713, ' an':396, ' example':2757, ':':28747, '':13, '``':13940, '`':28832, 'sc':824, 'ss':819, '':13, '(*':4756, ' M':351, 'aps':1882, ' over':754, ' each':1430, ' element':2442, ' of':302, ' a':264, ' list':1274, ' using':1413, ' a':264, ' function':908, ' that':369, ' takes':4347, '':13, ' *':398, ' both':1560, ' the':272, ' element':2442, ' and':304, ' its':871, ' index':2991, ' *)':4491, '':13, 'let':895, ' map':3341, '_':28730, 'with':3415, '_':28730, 'index':2033, ' f':285, ' l':305, 'st':303, ' =':327, '':13, ' ':28705, ' List':3231, '.':28723, 'iter':1685, ' (':325, 'fun':1755, ' (':325, 'i':28710, ',':28725, ' x':1318, ')':28731 ]
[1702477530] n_remain: -166
[1702477530] eval: [ ')':28731 ]
[1702477530] n_past = 166
[1702477530] sampled token:  3193: ' ->'
[1702477530] last: [ ' its':871, ' index':2991, ' as':390, ' arguments':6614, '.':28723, ' Here':4003, ''':28742, 's':28713, ' an':396, ' example':2757, ':':28747, '':13, '``':13940, '`':28832, 'sc':824, 'ss':819, '':13, '(*':4756, ' M':351, 'aps':1882, ' over':754, ' each':1430, ' element':2442, ' of':302, ' a':264, ' list':1274, ' using':1413, ' a':264, ' function':908, ' that':369, ' takes':4347, '':13, ' *':398, ' both':1560, ' the':272, ' element':2442, ' and':304, ' its':871, ' index':2991, ' *)':4491, '':13, 'let':895, ' map':3341, '_':28730, 'with':3415, '_':28730, 'index':2033, ' f':285, ' l':305, 'st':303, ' =':327, '':13, ' ':28705, ' List':3231, '.':28723, 'iter':1685, ' (':325, 'fun':1755, ' (':325, 'i':28710, ',':28725, ' x':1318, ')':28731, ' ->':3193 ]
[1702477530] n_remain: -167
[1702477530] eval: [ ' ->':3193 ]
[1702477530] n_past = 167
[1702477530] sampled token:    13: '
'
[1702477530] last: [ ' index':2991, ' as':390, ' arguments':6614, '.':28723, ' Here':4003, ''':28742, 's':28713, ' an':396, ' example':2757, ':':28747, '':13, '``':13940, '`':28832, 'sc':824, 'ss':819, '':13, '(*':4756, ' M':351, 'aps':1882, ' over':754, ' each':1430, ' element':2442, ' of':302, ' a':264, ' list':1274, ' using':1413, ' a':264, ' function':908, ' that':369, ' takes':4347, '':13, ' *':398, ' both':1560, ' the':272, ' element':2442, ' and':304, ' its':871, ' index':2991, ' *)':4491, '':13, 'let':895, ' map':3341, '_':28730, 'with':3415, '_':28730, 'index':2033, ' f':285, ' l':305, 'st':303, ' =':327, '':13, ' ':28705, ' List':3231, '.':28723, 'iter':1685, ' (':325, 'fun':1755, ' (':325, 'i':28710, ',':28725, ' x':1318, ')':28731, ' ->':3193, '':13 ]
[1702477530] n_remain: -168
[1702477530] eval: [ '':13 ]
[1702477530] n_past = 168
[1702477530] sampled token:  1417: '              '
[1702477530] last: [ ' as':390, ' arguments':6614, '.':28723, ' Here':4003, ''':28742, 's':28713, ' an':396, ' example':2757, ':':28747, '':13, '``':13940, '`':28832, 'sc':824, 'ss':819, '':13, '(*':4756, ' M':351, 'aps':1882, ' over':754, ' each':1430, ' element':2442, ' of':302, ' a':264, ' list':1274, ' using':1413, ' a':264, ' function':908, ' that':369, ' takes':4347, '':13, ' *':398, ' both':1560, ' the':272, ' element':2442, ' and':304, ' its':871, ' index':2991, ' *)':4491, '':13, 'let':895, ' map':3341, '_':28730, 'with':3415, '_':28730, 'index':2033, ' f':285, ' l':305, 'st':303, ' =':327, '':13, ' ':28705, ' List':3231, '.':28723, 'iter':1685, ' (':325, 'fun':1755, ' (':325, 'i':28710, ',':28725, ' x':1318, ')':28731, ' ->':3193, '':13, '              ':1417 ]
[1702477530] n_remain: -169
[1702477530] eval: [ '              ':1417 ]
[1702477530] n_past = 169
[1702477530] sampled token:  2253: ' (*'
[1702477530] last: [ ' arguments':6614, '.':28723, ' Here':4003, ''':28742, 's':28713, ' an':396, ' example':2757, ':':28747, '':13, '``':13940, '`':28832, 'sc':824, 'ss':819, '':13, '(*':4756, ' M':351, 'aps':1882, ' over':754, ' each':1430, ' element':2442, ' of':302, ' a':264, ' list':1274, ' using':1413, ' a':264, ' function':908, ' that':369, ' takes':4347, '':13, ' *':398, ' both':1560, ' the':272, ' element':2442, ' and':304, ' its':871, ' index':2991, ' *)':4491, '':13, 'let':895, ' map':3341, '_':28730, 'with':3415, '_':28730, 'index':2033, ' f':285, ' l':305, 'st':303, ' =':327, '':13, ' ':28705, ' List':3231, '.':28723, 'iter':1685, ' (':325, 'fun':1755, ' (':325, 'i':28710, ',':28725, ' x':1318, ')':28731, ' ->':3193, '':13, '              ':1417, ' (*':2253 ]
[1702477530] n_remain: -170
[1702477530] eval: [ ' (*':2253 ]
[1702477530] n_past = 170
[1702477530] sampled token:  2744: ' Per'
[1702477530] last: [ '.':28723, ' Here':4003, ''':28742, 's':28713, ' an':396, ' example':2757, ':':28747, '':13, '``':13940, '`':28832, 'sc':824, 'ss':819, '':13, '(*':4756, ' M':351, 'aps':1882, ' over':754, ' each':1430, ' element':2442, ' of':302, ' a':264, ' list':1274, ' using':1413, ' a':264, ' function':908, ' that':369, ' takes':4347, '':13, ' *':398, ' both':1560, ' the':272, ' element':2442, ' and':304, ' its':871, ' index':2991, ' *)':4491, '':13, 'let':895, ' map':3341, '_':28730, 'with':3415, '_':28730, 'index':2033, ' f':285, ' l':305, 'st':303, ' =':327, '':13, ' ':28705, ' List':3231, '.':28723, 'iter':1685, ' (':325, 'fun':1755, ' (':325, 'i':28710, ',':28725, ' x':1318, ')':28731, ' ->':3193, '':13, '              ':1417, ' (*':2253, ' Per':2744 ]
[1702477530] n_remain: -171
[1702477530] eval: [ ' Per':2744 ]
[1702477530] n_past = 171
[1702477530] sampled token:   674: 'form'
[1702477530] last: [ ' Here':4003, ''':28742, 's':28713, ' an':396, ' example':2757, ':':28747, '':13, '``':13940, '`':28832, 'sc':824, 'ss':819, '':13, '(*':4756, ' M':351, 'aps':1882, ' over':754, ' each':1430, ' element':2442, ' of':302, ' a':264, ' list':1274, ' using':1413, ' a':264, ' function':908, ' that':369, ' takes':4347, '':13, ' *':398, ' both':1560, ' the':272, ' element':2442, ' and':304, ' its':871, ' index':2991, ' *)':4491, '':13, 'let':895, ' map':3341, '_':28730, 'with':3415, '_':28730, 'index':2033, ' f':285, ' l':305, 'st':303, ' =':327, '':13, ' ':28705, ' List':3231, '.':28723, 'iter':1685, ' (':325, 'fun':1755, ' (':325, 'i':28710, ',':28725, ' x':1318, ')':28731, ' ->':3193, '':13, '              ':1417, ' (*':2253, ' Per':2744, 'form':674 ]
[1702477530] n_remain: -172
[1702477530] eval: [ 'form':674 ]
[1702477530] n_past = 172
[1702477530] sampled token:   741: ' some'
[1702477530] last: [ ''':28742, 's':28713, ' an':396, ' example':2757, ':':28747, '':13, '``':13940, '`':28832, 'sc':824, 'ss':819, '':13, '(*':4756, ' M':351, 'aps':1882, ' over':754, ' each':1430, ' element':2442, ' of':302, ' a':264, ' list':1274, ' using':1413, ' a':264, ' function':908, ' that':369, ' takes':4347, '':13, ' *':398, ' both':1560, ' the':272, ' element':2442, ' and':304, ' its':871, ' index':2991, ' *)':4491, '':13, 'let':895, ' map':3341, '_':28730, 'with':3415, '_':28730, 'index':2033, ' f':285, ' l':305, 'st':303, ' =':327, '':13, ' ':28705, ' List':3231, '.':28723, 'iter':1685, ' (':325, 'fun':1755, ' (':325, 'i':28710, ',':28725, ' x':1318, ')':28731, ' ->':3193, '':13, '              ':1417, ' (*':2253, ' Per':2744, 'form':674, ' some':741 ]
[1702477530] n_remain: -173
[1702477530] eval: [ ' some':741 ]
[1702477530] n_past = 173
[1702477530] sampled token: 21728: ' computation'
[1702477530] last: [ 's':28713, ' an':396, ' example':2757, ':':28747, '':13, '``':13940, '`':28832, 'sc':824, 'ss':819, '':13, '(*':4756, ' M':351, 'aps':1882, ' over':754, ' each':1430, ' element':2442, ' of':302, ' a':264, ' list':1274, ' using':1413, ' a':264, ' function':908, ' that':369, ' takes':4347, '':13, ' *':398, ' both':1560, ' the':272, ' element':2442, ' and':304, ' its':871, ' index':2991, ' *)':4491, '':13, 'let':895, ' map':3341, '_':28730, 'with':3415, '_':28730, 'index':2033, ' f':285, ' l':305, 'st':303, ' =':327, '':13, ' ':28705, ' List':3231, '.':28723, 'iter':1685, ' (':325, 'fun':1755, ' (':325, 'i':28710, ',':28725, ' x':1318, ')':28731, ' ->':3193, '':13, '              ':1417, ' (*':2253, ' Per':2744, 'form':674, ' some':741, ' computation':21728 ]
[1702477530] n_remain: -174
[1702477530] eval: [ ' computation':21728 ]
[1702477530] n_past = 174
[1702477530] sampled token:   356: ' on'
[1702477530] last: [ ' an':396, ' example':2757, ':':28747, '':13, '``':13940, '`':28832, 'sc':824, 'ss':819, '':13, '(*':4756, ' M':351, 'aps':1882, ' over':754, ' each':1430, ' element':2442, ' of':302, ' a':264, ' list':1274, ' using':1413, ' a':264, ' function':908, ' that':369, ' takes':4347, '':13, ' *':398, ' both':1560, ' the':272, ' element':2442, ' and':304, ' its':871, ' index':2991, ' *)':4491, '':13, 'let':895, ' map':3341, '_':28730, 'with':3415, '_':28730, 'index':2033, ' f':285, ' l':305, 'st':303, ' =':327, '':13, ' ':28705, ' List':3231, '.':28723, 'iter':1685, ' (':325, 'fun':1755, ' (':325, 'i':28710, ',':28725, ' x':1318, ')':28731, ' ->':3193, '':13, '              ':1417, ' (*':2253, ' Per':2744, 'form':674, ' some':741, ' computation':21728, ' on':356 ]
[1702477530] n_remain: -175
[1702477530] eval: [ ' on':356 ]
[1702477530] n_past = 175
[1702477530] sampled token:   272: ' the'
[1702477530] last: [ ' example':2757, ':':28747, '':13, '``':13940, '`':28832, 'sc':824, 'ss':819, '':13, '(*':4756, ' M':351, 'aps':1882, ' over':754, ' each':1430, ' element':2442, ' of':302, ' a':264, ' list':1274, ' using':1413, ' a':264, ' function':908, ' that':369, ' takes':4347, '':13, ' *':398, ' both':1560, ' the':272, ' element':2442, ' and':304, ' its':871, ' index':2991, ' *)':4491, '':13, 'let':895, ' map':3341, '_':28730, 'with':3415, '_':28730, 'index':2033, ' f':285, ' l':305, 'st':303, ' =':327, '':13, ' ':28705, ' List':3231, '.':28723, 'iter':1685, ' (':325, 'fun':1755, ' (':325, 'i':28710, ',':28725, ' x':1318, ')':28731, ' ->':3193, '':13, '              ':1417, ' (*':2253, ' Per':2744, 'form':674, ' some':741, ' computation':21728, ' on':356, ' the':272 ]
[1702477530] n_remain: -176
[1702477530] eval: [ ' the':272 ]
[1702477530] n_past = 176
[1702477530] sampled token:  2442: ' element'
[1702477530] last: [ ':':28747, '':13, '``':13940, '`':28832, 'sc':824, 'ss':819, '':13, '(*':4756, ' M':351, 'aps':1882, ' over':754, ' each':1430, ' element':2442, ' of':302, ' a':264, ' list':1274, ' using':1413, ' a':264, ' function':908, ' that':369, ' takes':4347, '':13, ' *':398, ' both':1560, ' the':272, ' element':2442, ' and':304, ' its':871, ' index':2991, ' *)':4491, '':13, 'let':895, ' map':3341, '_':28730, 'with':3415, '_':28730, 'index':2033, ' f':285, ' l':305, 'st':303, ' =':327, '':13, ' ':28705, ' List':3231, '.':28723, 'iter':1685, ' (':325, 'fun':1755, ' (':325, 'i':28710, ',':28725, ' x':1318, ')':28731, ' ->':3193, '':13, '              ':1417, ' (*':2253, ' Per':2744, 'form':674, ' some':741, ' computation':21728, ' on':356, ' the':272, ' element':2442 ]
[1702477530] n_remain: -177
[1702477530] eval: [ ' element':2442 ]
[1702477530] n_past = 177
[1702477530] sampled token:   304: ' and'
[1702477530] last: [ '':13, '``':13940, '`':28832, 'sc':824, 'ss':819, '':13, '(*':4756, ' M':351, 'aps':1882, ' over':754, ' each':1430, ' element':2442, ' of':302, ' a':264, ' list':1274, ' using':1413, ' a':264, ' function':908, ' that':369, ' takes':4347, '':13, ' *':398, ' both':1560, ' the':272, ' element':2442, ' and':304, ' its':871, ' index':2991, ' *)':4491, '':13, 'let':895, ' map':3341, '_':28730, 'with':3415, '_':28730, 'index':2033, ' f':285, ' l':305, 'st':303, ' =':327, '':13, ' ':28705, ' List':3231, '.':28723, 'iter':1685, ' (':325, 'fun':1755, ' (':325, 'i':28710, ',':28725, ' x':1318, ')':28731, ' ->':3193, '':13, '              ':1417, ' (*':2253, ' Per':2744, 'form':674, ' some':741, ' computation':21728, ' on':356, ' the':272, ' element':2442, ' and':304 ]
[1702477530] n_remain: -178
[1702477530] eval: [ ' and':304 ]
[1702477531] n_past = 178
[1702477531] sampled token:  2991: ' index'
[1702477531] last: [ '``':13940, '`':28832, 'sc':824, 'ss':819, '':13, '(*':4756, ' M':351, 'aps':1882, ' over':754, ' each':1430, ' element':2442, ' of':302, ' a':264, ' list':1274, ' using':1413, ' a':264, ' function':908, ' that':369, ' takes':4347, '':13, ' *':398, ' both':1560, ' the':272, ' element':2442, ' and':304, ' its':871, ' index':2991, ' *)':4491, '':13, 'let':895, ' map':3341, '_':28730, 'with':3415, '_':28730, 'index':2033, ' f':285, ' l':305, 'st':303, ' =':327, '':13, ' ':28705, ' List':3231, '.':28723, 'iter':1685, ' (':325, 'fun':1755, ' (':325, 'i':28710, ',':28725, ' x':1318, ')':28731, ' ->':3193, '':13, '              ':1417, ' (*':2253, ' Per':2744, 'form':674, ' some':741, ' computation':21728, ' on':356, ' the':272, ' element':2442, ' and':304, ' index':2991 ]
[1702477531] n_remain: -179
[1702477531] eval: [ ' index':2991 ]
[1702477531] n_past = 179
[1702477531] sampled token:  4491: ' *)'
[1702477531] last: [ '`':28832, 'sc':824, 'ss':819, '':13, '(*':4756, ' M':351, 'aps':1882, ' over':754, ' each':1430, ' element':2442, ' of':302, ' a':264, ' list':1274, ' using':1413, ' a':264, ' function':908, ' that':369, ' takes':4347, '':13, ' *':398, ' both':1560, ' the':272, ' element':2442, ' and':304, ' its':871, ' index':2991, ' *)':4491, '':13, 'let':895, ' map':3341, '_':28730, 'with':3415, '_':28730, 'index':2033, ' f':285, ' l':305, 'st':303, ' =':327, '':13, ' ':28705, ' List':3231, '.':28723, 'iter':1685, ' (':325, 'fun':1755, ' (':325, 'i':28710, ',':28725, ' x':1318, ')':28731, ' ->':3193, '':13, '              ':1417, ' (*':2253, ' Per':2744, 'form':674, ' some':741, ' computation':21728, ' on':356, ' the':272, ' element':2442, ' and':304, ' index':2991, ' *)':4491 ]
[1702477531] n_remain: -180
[1702477531] eval: [ ' *)':4491 ]
[1702477531] n_past = 180
[1702477531] sampled token:    13: '
'
[1702477531] last: [ 'sc':824, 'ss':819, '':13, '(*':4756, ' M':351, 'aps':1882, ' over':754, ' each':1430, ' element':2442, ' of':302, ' a':264, ' list':1274, ' using':1413, ' a':264, ' function':908, ' that':369, ' takes':4347, '':13, ' *':398, ' both':1560, ' the':272, ' element':2442, ' and':304, ' its':871, ' index':2991, ' *)':4491, '':13, 'let':895, ' map':3341, '_':28730, 'with':3415, '_':28730, 'index':2033, ' f':285, ' l':305, 'st':303, ' =':327, '':13, ' ':28705, ' List':3231, '.':28723, 'iter':1685, ' (':325, 'fun':1755, ' (':325, 'i':28710, ',':28725, ' x':1318, ')':28731, ' ->':3193, '':13, '              ':1417, ' (*':2253, ' Per':2744, 'form':674, ' some':741, ' computation':21728, ' on':356, ' the':272, ' element':2442, ' and':304, ' index':2991, ' *)':4491, '':13 ]
[1702477531] n_remain: -181
[1702477531] eval: [ '':13 ]
[1702477531] n_past = 181
[1702477531] sampled token:  1417: '              '
[1702477531] last: [ 'ss':819, '':13, '(*':4756, ' M':351, 'aps':1882, ' over':754, ' each':1430, ' element':2442, ' of':302, ' a':264, ' list':1274, ' using':1413, ' a':264, ' function':908, ' that':369, ' takes':4347, '':13, ' *':398, ' both':1560, ' the':272, ' element':2442, ' and':304, ' its':871, ' index':2991, ' *)':4491, '':13, 'let':895, ' map':3341, '_':28730, 'with':3415, '_':28730, 'index':2033, ' f':285, ' l':305, 'st':303, ' =':327, '':13, ' ':28705, ' List':3231, '.':28723, 'iter':1685, ' (':325, 'fun':1755, ' (':325, 'i':28710, ',':28725, ' x':1318, ')':28731, ' ->':3193, '':13, '              ':1417, ' (*':2253, ' Per':2744, 'form':674, ' some':741, ' computation':21728, ' on':356, ' the':272, ' element':2442, ' and':304, ' index':2991, ' *)':4491, '':13, '              ':1417 ]
[1702477531] n_remain: -182
[1702477531] eval: [ '              ':1417 ]
[1702477531] n_past = 182
[1702477531] sampled token:  1346: ' let'
[1702477531] last: [ '':13, '(*':4756, ' M':351, 'aps':1882, ' over':754, ' each':1430, ' element':2442, ' of':302, ' a':264, ' list':1274, ' using':1413, ' a':264, ' function':908, ' that':369, ' takes':4347, '':13, ' *':398, ' both':1560, ' the':272, ' element':2442, ' and':304, ' its':871, ' index':2991, ' *)':4491, '':13, 'let':895, ' map':3341, '_':28730, 'with':3415, '_':28730, 'index':2033, ' f':285, ' l':305, 'st':303, ' =':327, '':13, ' ':28705, ' List':3231, '.':28723, 'iter':1685, ' (':325, 'fun':1755, ' (':325, 'i':28710, ',':28725, ' x':1318, ')':28731, ' ->':3193, '':13, '              ':1417, ' (*':2253, ' Per':2744, 'form':674, ' some':741, ' computation':21728, ' on':356, ' the':272, ' element':2442, ' and':304, ' index':2991, ' *)':4491, '':13, '              ':1417, ' let':1346 ]
[1702477531] n_remain: -183
[1702477531] eval: [ ' let':1346 ]
[1702477531] n_past = 183
[1702477531] sampled token:  1204: ' result'
[1702477531] last: [ '(*':4756, ' M':351, 'aps':1882, ' over':754, ' each':1430, ' element':2442, ' of':302, ' a':264, ' list':1274, ' using':1413, ' a':264, ' function':908, ' that':369, ' takes':4347, '':13, ' *':398, ' both':1560, ' the':272, ' element':2442, ' and':304, ' its':871, ' index':2991, ' *)':4491, '':13, 'let':895, ' map':3341, '_':28730, 'with':3415, '_':28730, 'index':2033, ' f':285, ' l':305, 'st':303, ' =':327, '':13, ' ':28705, ' List':3231, '.':28723, 'iter':1685, ' (':325, 'fun':1755, ' (':325, 'i':28710, ',':28725, ' x':1318, ')':28731, ' ->':3193, '':13, '              ':1417, ' (*':2253, ' Per':2744, 'form':674, ' some':741, ' computation':21728, ' on':356, ' the':272, ' element':2442, ' and':304, ' index':2991, ' *)':4491, '':13, '              ':1417, ' let':1346, ' result':1204 ]
[1702477531] n_remain: -184
[1702477531] eval: [ ' result':1204 ]
[1702477531] n_past = 184
[1702477531] sampled token:   327: ' ='
[1702477531] last: [ ' M':351, 'aps':1882, ' over':754, ' each':1430, ' element':2442, ' of':302, ' a':264, ' list':1274, ' using':1413, ' a':264, ' function':908, ' that':369, ' takes':4347, '':13, ' *':398, ' both':1560, ' the':272, ' element':2442, ' and':304, ' its':871, ' index':2991, ' *)':4491, '':13, 'let':895, ' map':3341, '_':28730, 'with':3415, '_':28730, 'index':2033, ' f':285, ' l':305, 'st':303, ' =':327, '':13, ' ':28705, ' List':3231, '.':28723, 'iter':1685, ' (':325, 'fun':1755, ' (':325, 'i':28710, ',':28725, ' x':1318, ')':28731, ' ->':3193, '':13, '              ':1417, ' (*':2253, ' Per':2744, 'form':674, ' some':741, ' computation':21728, ' on':356, ' the':272, ' element':2442, ' and':304, ' index':2991, ' *)':4491, '':13, '              ':1417, ' let':1346, ' result':1204, ' =':327 ]
[1702477531] n_remain: -185
[1702477531] eval: [ ' =':327 ]
[1702477531] n_past = 185
[1702477531] sampled token:   285: ' f'
[1702477531] last: [ 'aps':1882, ' over':754, ' each':1430, ' element':2442, ' of':302, ' a':264, ' list':1274, ' using':1413, ' a':264, ' function':908, ' that':369, ' takes':4347, '':13, ' *':398, ' both':1560, ' the':272, ' element':2442, ' and':304, ' its':871, ' index':2991, ' *)':4491, '':13, 'let':895, ' map':3341, '_':28730, 'with':3415, '_':28730, 'index':2033, ' f':285, ' l':305, 'st':303, ' =':327, '':13, ' ':28705, ' List':3231, '.':28723, 'iter':1685, ' (':325, 'fun':1755, ' (':325, 'i':28710, ',':28725, ' x':1318, ')':28731, ' ->':3193, '':13, '              ':1417, ' (*':2253, ' Per':2744, 'form':674, ' some':741, ' computation':21728, ' on':356, ' the':272, ' element':2442, ' and':304, ' index':2991, ' *)':4491, '':13, '              ':1417, ' let':1346, ' result':1204, ' =':327, ' f':285 ]
[1702477531] n_remain: -186
[1702477531] eval: [ ' f':285 ]
[1702477531] n_past = 186
[1702477531] sampled token:   613: ' i'
[1702477531] last: [ ' over':754, ' each':1430, ' element':2442, ' of':302, ' a':264, ' list':1274, ' using':1413, ' a':264, ' function':908, ' that':369, ' takes':4347, '':13, ' *':398, ' both':1560, ' the':272, ' element':2442, ' and':304, ' its':871, ' index':2991, ' *)':4491, '':13, 'let':895, ' map':3341, '_':28730, 'with':3415, '_':28730, 'index':2033, ' f':285, ' l':305, 'st':303, ' =':327, '':13, ' ':28705, ' List':3231, '.':28723, 'iter':1685, ' (':325, 'fun':1755, ' (':325, 'i':28710, ',':28725, ' x':1318, ')':28731, ' ->':3193, '':13, '              ':1417, ' (*':2253, ' Per':2744, 'form':674, ' some':741, ' computation':21728, ' on':356, ' the':272, ' element':2442, ' and':304, ' index':2991, ' *)':4491, '':13, '              ':1417, ' let':1346, ' result':1204, ' =':327, ' f':285, ' i':613 ]
[1702477531] n_remain: -187
[1702477531] eval: [ ' i':613 ]
[1702477531] n_past = 187
[1702477531] sampled token:  1318: ' x'
[1702477531] last: [ ' each':1430, ' element':2442, ' of':302, ' a':264, ' list':1274, ' using':1413, ' a':264, ' function':908, ' that':369, ' takes':4347, '':13, ' *':398, ' both':1560, ' the':272, ' element':2442, ' and':304, ' its':871, ' index':2991, ' *)':4491, '':13, 'let':895, ' map':3341, '_':28730, 'with':3415, '_':28730, 'index':2033, ' f':285, ' l':305, 'st':303, ' =':327, '':13, ' ':28705, ' List':3231, '.':28723, 'iter':1685, ' (':325, 'fun':1755, ' (':325, 'i':28710, ',':28725, ' x':1318, ')':28731, ' ->':3193, '':13, '              ':1417, ' (*':2253, ' Per':2744, 'form':674, ' some':741, ' computation':21728, ' on':356, ' the':272, ' element':2442, ' and':304, ' index':2991, ' *)':4491, '':13, '              ':1417, ' let':1346, ' result':1204, ' =':327, ' f':285, ' i':613, ' x':1318 ]
[1702477531] n_remain: -188
[1702477531] eval: [ ' x':1318 ]
[1702477531] n_past = 188
[1702477531] sampled token:   297: ' in'
[1702477531] last: [ ' element':2442, ' of':302, ' a':264, ' list':1274, ' using':1413, ' a':264, ' function':908, ' that':369, ' takes':4347, '':13, ' *':398, ' both':1560, ' the':272, ' element':2442, ' and':304, ' its':871, ' index':2991, ' *)':4491, '':13, 'let':895, ' map':3341, '_':28730, 'with':3415, '_':28730, 'index':2033, ' f':285, ' l':305, 'st':303, ' =':327, '':13, ' ':28705, ' List':3231, '.':28723, 'iter':1685, ' (':325, 'fun':1755, ' (':325, 'i':28710, ',':28725, ' x':1318, ')':28731, ' ->':3193, '':13, '              ':1417, ' (*':2253, ' Per':2744, 'form':674, ' some':741, ' computation':21728, ' on':356, ' the':272, ' element':2442, ' and':304, ' index':2991, ' *)':4491, '':13, '              ':1417, ' let':1346, ' result':1204, ' =':327, ' f':285, ' i':613, ' x':1318, ' in':297 ]
[1702477531] n_remain: -189
[1702477531] eval: [ ' in':297 ]
[1702477531] n_past = 189
[1702477531] sampled token:    13: '
'
[1702477531] last: [ ' of':302, ' a':264, ' list':1274, ' using':1413, ' a':264, ' function':908, ' that':369, ' takes':4347, '':13, ' *':398, ' both':1560, ' the':272, ' element':2442, ' and':304, ' its':871, ' index':2991, ' *)':4491, '':13, 'let':895, ' map':3341, '_':28730, 'with':3415, '_':28730, 'index':2033, ' f':285, ' l':305, 'st':303, ' =':327, '':13, ' ':28705, ' List':3231, '.':28723, 'iter':1685, ' (':325, 'fun':1755, ' (':325, 'i':28710, ',':28725, ' x':1318, ')':28731, ' ->':3193, '':13, '              ':1417, ' (*':2253, ' Per':2744, 'form':674, ' some':741, ' computation':21728, ' on':356, ' the':272, ' element':2442, ' and':304, ' index':2991, ' *)':4491, '':13, '              ':1417, ' let':1346, ' result':1204, ' =':327, ' f':285, ' i':613, ' x':1318, ' in':297, '':13 ]
[1702477531] n_remain: -190
[1702477531] eval: [ '':13 ]
[1702477531] n_past = 190
[1702477531] sampled token:   359: '                '
[1702477531] last: [ ' a':264, ' list':1274, ' using':1413, ' a':264, ' function':908, ' that':369, ' takes':4347, '':13, ' *':398, ' both':1560, ' the':272, ' element':2442, ' and':304, ' its':871, ' index':2991, ' *)':4491, '':13, 'let':895, ' map':3341, '_':28730, 'with':3415, '_':28730, 'index':2033, ' f':285, ' l':305, 'st':303, ' =':327, '':13, ' ':28705, ' List':3231, '.':28723, 'iter':1685, ' (':325, 'fun':1755, ' (':325, 'i':28710, ',':28725, ' x':1318, ')':28731, ' ->':3193, '':13, '              ':1417, ' (*':2253, ' Per':2744, 'form':674, ' some':741, ' computation':21728, ' on':356, ' the':272, ' element':2442, ' and':304, ' index':2991, ' *)':4491, '':13, '              ':1417, ' let':1346, ' result':1204, ' =':327, ' f':285, ' i':613, ' x':1318, ' in':297, '':13, '                ':359 ]
[1702477531] n_remain: -191
[1702477531] eval: [ '                ':359 ]
[1702477531] n_past = 191
[1702477531] sampled token:  2253: ' (*'
[1702477531] last: [ ' list':1274, ' using':1413, ' a':264, ' function':908, ' that':369, ' takes':4347, '':13, ' *':398, ' both':1560, ' the':272, ' element':2442, ' and':304, ' its':871, ' index':2991, ' *)':4491, '':13, 'let':895, ' map':3341, '_':28730, 'with':3415, '_':28730, 'index':2033, ' f':285, ' l':305, 'st':303, ' =':327, '':13, ' ':28705, ' List':3231, '.':28723, 'iter':1685, ' (':325, 'fun':1755, ' (':325, 'i':28710, ',':28725, ' x':1318, ')':28731, ' ->':3193, '':13, '              ':1417, ' (*':2253, ' Per':2744, 'form':674, ' some':741, ' computation':21728, ' on':356, ' the':272, ' element':2442, ' and':304, ' index':2991, ' *)':4491, '':13, '              ':1417, ' let':1346, ' result':1204, ' =':327, ' f':285, ' i':613, ' x':1318, ' in':297, '':13, '                ':359, ' (*':2253 ]
[1702477531] n_remain: -192
[1702477531] eval: [ ' (*':2253 ]
[1702477531] n_past = 192
[1702477531] sampled token:  4571: ' Return'
[1702477531] last: [ ' using':1413, ' a':264, ' function':908, ' that':369, ' takes':4347, '':13, ' *':398, ' both':1560, ' the':272, ' element':2442, ' and':304, ' its':871, ' index':2991, ' *)':4491, '':13, 'let':895, ' map':3341, '_':28730, 'with':3415, '_':28730, 'index':2033, ' f':285, ' l':305, 'st':303, ' =':327, '':13, ' ':28705, ' List':3231, '.':28723, 'iter':1685, ' (':325, 'fun':1755, ' (':325, 'i':28710, ',':28725, ' x':1318, ')':28731, ' ->':3193, '':13, '              ':1417, ' (*':2253, ' Per':2744, 'form':674, ' some':741, ' computation':21728, ' on':356, ' the':272, ' element':2442, ' and':304, ' index':2991, ' *)':4491, '':13, '              ':1417, ' let':1346, ' result':1204, ' =':327, ' f':285, ' i':613, ' x':1318, ' in':297, '':13, '                ':359, ' (*':2253, ' Return':4571 ]
[1702477531] n_remain: -193
[1702477531] eval: [ ' Return':4571 ]
[1702477531] n_past = 193
[1702477531] sampled token:   272: ' the'
[1702477531] last: [ ' a':264, ' function':908, ' that':369, ' takes':4347, '':13, ' *':398, ' both':1560, ' the':272, ' element':2442, ' and':304, ' its':871, ' index':2991, ' *)':4491, '':13, 'let':895, ' map':3341, '_':28730, 'with':3415, '_':28730, 'index':2033, ' f':285, ' l':305, 'st':303, ' =':327, '':13, ' ':28705, ' List':3231, '.':28723, 'iter':1685, ' (':325, 'fun':1755, ' (':325, 'i':28710, ',':28725, ' x':1318, ')':28731, ' ->':3193, '':13, '              ':1417, ' (*':2253, ' Per':2744, 'form':674, ' some':741, ' computation':21728, ' on':356, ' the':272, ' element':2442, ' and':304, ' index':2991, ' *)':4491, '':13, '              ':1417, ' let':1346, ' result':1204, ' =':327, ' f':285, ' i':613, ' x':1318, ' in':297, '':13, '                ':359, ' (*':2253, ' Return':4571, ' the':272 ]
[1702477531] n_remain: -194
[1702477531] eval: [ ' the':272 ]
[1702477531] n_past = 194
[1702477531] sampled token:  8457: ' updated'
[1702477531] last: [ ' function':908, ' that':369, ' takes':4347, '':13, ' *':398, ' both':1560, ' the':272, ' element':2442, ' and':304, ' its':871, ' index':2991, ' *)':4491, '':13, 'let':895, ' map':3341, '_':28730, 'with':3415, '_':28730, 'index':2033, ' f':285, ' l':305, 'st':303, ' =':327, '':13, ' ':28705, ' List':3231, '.':28723, 'iter':1685, ' (':325, 'fun':1755, ' (':325, 'i':28710, ',':28725, ' x':1318, ')':28731, ' ->':3193, '':13, '              ':1417, ' (*':2253, ' Per':2744, 'form':674, ' some':741, ' computation':21728, ' on':356, ' the':272, ' element':2442, ' and':304, ' index':2991, ' *)':4491, '':13, '              ':1417, ' let':1346, ' result':1204, ' =':327, ' f':285, ' i':613, ' x':1318, ' in':297, '':13, '                ':359, ' (*':2253, ' Return':4571, ' the':272, ' updated':8457 ]
[1702477531] n_remain: -195
[1702477531] eval: [ ' updated':8457 ]
[1702477531] n_past = 195
[1702477531] sampled token:  2442: ' element'
[1702477531] last: [ ' that':369, ' takes':4347, '':13, ' *':398, ' both':1560, ' the':272, ' element':2442, ' and':304, ' its':871, ' index':2991, ' *)':4491, '':13, 'let':895, ' map':3341, '_':28730, 'with':3415, '_':28730, 'index':2033, ' f':285, ' l':305, 'st':303, ' =':327, '':13, ' ':28705, ' List':3231, '.':28723, 'iter':1685, ' (':325, 'fun':1755, ' (':325, 'i':28710, ',':28725, ' x':1318, ')':28731, ' ->':3193, '':13, '              ':1417, ' (*':2253, ' Per':2744, 'form':674, ' some':741, ' computation':21728, ' on':356, ' the':272, ' element':2442, ' and':304, ' index':2991, ' *)':4491, '':13, '              ':1417, ' let':1346, ' result':1204, ' =':327, ' f':285, ' i':613, ' x':1318, ' in':297, '':13, '                ':359, ' (*':2253, ' Return':4571, ' the':272, ' updated':8457, ' element':2442 ]
[1702477531] n_remain: -196
[1702477531] eval: [ ' element':2442 ]
[1702477531] n_past = 196
[1702477531] sampled token:  4491: ' *)'
[1702477531] last: [ ' takes':4347, '':13, ' *':398, ' both':1560, ' the':272, ' element':2442, ' and':304, ' its':871, ' index':2991, ' *)':4491, '':13, 'let':895, ' map':3341, '_':28730, 'with':3415, '_':28730, 'index':2033, ' f':285, ' l':305, 'st':303, ' =':327, '':13, ' ':28705, ' List':3231, '.':28723, 'iter':1685, ' (':325, 'fun':1755, ' (':325, 'i':28710, ',':28725, ' x':1318, ')':28731, ' ->':3193, '':13, '              ':1417, ' (*':2253, ' Per':2744, 'form':674, ' some':741, ' computation':21728, ' on':356, ' the':272, ' element':2442, ' and':304, ' index':2991, ' *)':4491, '':13, '              ':1417, ' let':1346, ' result':1204, ' =':327, ' f':285, ' i':613, ' x':1318, ' in':297, '':13, '                ':359, ' (*':2253, ' Return':4571, ' the':272, ' updated':8457, ' element':2442, ' *)':4491 ]
[1702477531] n_remain: -197
[1702477531] eval: [ ' *)':4491 ]
[1702477531] n_past = 197
[1702477531] sampled token:    13: '
'
[1702477531] last: [ '':13, ' *':398, ' both':1560, ' the':272, ' element':2442, ' and':304, ' its':871, ' index':2991, ' *)':4491, '':13, 'let':895, ' map':3341, '_':28730, 'with':3415, '_':28730, 'index':2033, ' f':285, ' l':305, 'st':303, ' =':327, '':13, ' ':28705, ' List':3231, '.':28723, 'iter':1685, ' (':325, 'fun':1755, ' (':325, 'i':28710, ',':28725, ' x':1318, ')':28731, ' ->':3193, '':13, '              ':1417, ' (*':2253, ' Per':2744, 'form':674, ' some':741, ' computation':21728, ' on':356, ' the':272, ' element':2442, ' and':304, ' index':2991, ' *)':4491, '':13, '              ':1417, ' let':1346, ' result':1204, ' =':327, ' f':285, ' i':613, ' x':1318, ' in':297, '':13, '                ':359, ' (*':2253, ' Return':4571, ' the':272, ' updated':8457, ' element':2442, ' *)':4491, '':13 ]
[1702477531] n_remain: -198
[1702477531] eval: [ '':13 ]
[1702477531] n_past = 198
[1702477531] sampled token:   359: '                '
[1702477531] last: [ ' *':398, ' both':1560, ' the':272, ' element':2442, ' and':304, ' its':871, ' index':2991, ' *)':4491, '':13, 'let':895, ' map':3341, '_':28730, 'with':3415, '_':28730, 'index':2033, ' f':285, ' l':305, 'st':303, ' =':327, '':13, ' ':28705, ' List':3231, '.':28723, 'iter':1685, ' (':325, 'fun':1755, ' (':325, 'i':28710, ',':28725, ' x':1318, ')':28731, ' ->':3193, '':13, '              ':1417, ' (*':2253, ' Per':2744, 'form':674, ' some':741, ' computation':21728, ' on':356, ' the':272, ' element':2442, ' and':304, ' index':2991, ' *)':4491, '':13, '              ':1417, ' let':1346, ' result':1204, ' =':327, ' f':285, ' i':613, ' x':1318, ' in':297, '':13, '                ':359, ' (*':2253, ' Return':4571, ' the':272, ' updated':8457, ' element':2442, ' *)':4491, '':13, '                ':359 ]
[1702477531] n_remain: -199
[1702477531] eval: [ '                ':359 ]
[1702477531] n_past = 199
[1702477531] sampled token:  3231: ' List'
[1702477531] last: [ ' both':1560, ' the':272, ' element':2442, ' and':304, ' its':871, ' index':2991, ' *)':4491, '':13, 'let':895, ' map':3341, '_':28730, 'with':3415, '_':28730, 'index':2033, ' f':285, ' l':305, 'st':303, ' =':327, '':13, ' ':28705, ' List':3231, '.':28723, 'iter':1685, ' (':325, 'fun':1755, ' (':325, 'i':28710, ',':28725, ' x':1318, ')':28731, ' ->':3193, '':13, '              ':1417, ' (*':2253, ' Per':2744, 'form':674, ' some':741, ' computation':21728, ' on':356, ' the':272, ' element':2442, ' and':304, ' index':2991, ' *)':4491, '':13, '              ':1417, ' let':1346, ' result':1204, ' =':327, ' f':285, ' i':613, ' x':1318, ' in':297, '':13, '                ':359, ' (*':2253, ' Return':4571, ' the':272, ' updated':8457, ' element':2442, ' *)':4491, '':13, '                ':359, ' List':3231 ]
[1702477531] n_remain: -200
[1702477531] eval: [ ' List':3231 ]
[1702477531] n_past = 200
[1702477531] sampled token: 28723: '.'
[1702477531] last: [ ' the':272, ' element':2442, ' and':304, ' its':871, ' index':2991, ' *)':4491, '':13, 'let':895, ' map':3341, '_':28730, 'with':3415, '_':28730, 'index':2033, ' f':285, ' l':305, 'st':303, ' =':327, '':13, ' ':28705, ' List':3231, '.':28723, 'iter':1685, ' (':325, 'fun':1755, ' (':325, 'i':28710, ',':28725, ' x':1318, ')':28731, ' ->':3193, '':13, '              ':1417, ' (*':2253, ' Per':2744, 'form':674, ' some':741, ' computation':21728, ' on':356, ' the':272, ' element':2442, ' and':304, ' index':2991, ' *)':4491, '':13, '              ':1417, ' let':1346, ' result':1204, ' =':327, ' f':285, ' i':613, ' x':1318, ' in':297, '':13, '                ':359, ' (*':2253, ' Return':4571, ' the':272, ' updated':8457, ' element':2442, ' *)':4491, '':13, '                ':359, ' List':3231, '.':28723 ]
[1702477531] n_remain: -201
[1702477531] eval: [ '.':28723 ]
[1702477531] n_past = 201
[1702477531] sampled token:  6524: 'cons'
[1702477531] last: [ ' element':2442, ' and':304, ' its':871, ' index':2991, ' *)':4491, '':13, 'let':895, ' map':3341, '_':28730, 'with':3415, '_':28730, 'index':2033, ' f':285, ' l':305, 'st':303, ' =':327, '':13, ' ':28705, ' List':3231, '.':28723, 'iter':1685, ' (':325, 'fun':1755, ' (':325, 'i':28710, ',':28725, ' x':1318, ')':28731, ' ->':3193, '':13, '              ':1417, ' (*':2253, ' Per':2744, 'form':674, ' some':741, ' computation':21728, ' on':356, ' the':272, ' element':2442, ' and':304, ' index':2991, ' *)':4491, '':13, '              ':1417, ' let':1346, ' result':1204, ' =':327, ' f':285, ' i':613, ' x':1318, ' in':297, '':13, '                ':359, ' (*':2253, ' Return':4571, ' the':272, ' updated':8457, ' element':2442, ' *)':4491, '':13, '                ':359, ' List':3231, '.':28723, 'cons':6524 ]
[1702477531] n_remain: -202
[1702477531] eval: [ 'cons':6524 ]
[1702477531] n_past = 202
[1702477531] sampled token:  1204: ' result'
[1702477531] last: [ ' and':304, ' its':871, ' index':2991, ' *)':4491, '':13, 'let':895, ' map':3341, '_':28730, 'with':3415, '_':28730, 'index':2033, ' f':285, ' l':305, 'st':303, ' =':327, '':13, ' ':28705, ' List':3231, '.':28723, 'iter':1685, ' (':325, 'fun':1755, ' (':325, 'i':28710, ',':28725, ' x':1318, ')':28731, ' ->':3193, '':13, '              ':1417, ' (*':2253, ' Per':2744, 'form':674, ' some':741, ' computation':21728, ' on':356, ' the':272, ' element':2442, ' and':304, ' index':2991, ' *)':4491, '':13, '              ':1417, ' let':1346, ' result':1204, ' =':327, ' f':285, ' i':613, ' x':1318, ' in':297, '':13, '                ':359, ' (*':2253, ' Return':4571, ' the':272, ' updated':8457, ' element':2442, ' *)':4491, '':13, '                ':359, ' List':3231, '.':28723, 'cons':6524, ' result':1204 ]
[1702477531] n_remain: -203
[1702477531] eval: [ ' result':1204 ]
[1702477532] n_past = 203
[1702477532] sampled token:   325: ' ('
[1702477532] last: [ ' its':871, ' index':2991, ' *)':4491, '':13, 'let':895, ' map':3341, '_':28730, 'with':3415, '_':28730, 'index':2033, ' f':285, ' l':305, 'st':303, ' =':327, '':13, ' ':28705, ' List':3231, '.':28723, 'iter':1685, ' (':325, 'fun':1755, ' (':325, 'i':28710, ',':28725, ' x':1318, ')':28731, ' ->':3193, '':13, '              ':1417, ' (*':2253, ' Per':2744, 'form':674, ' some':741, ' computation':21728, ' on':356, ' the':272, ' element':2442, ' and':304, ' index':2991, ' *)':4491, '':13, '              ':1417, ' let':1346, ' result':1204, ' =':327, ' f':285, ' i':613, ' x':1318, ' in':297, '':13, '                ':359, ' (*':2253, ' Return':4571, ' the':272, ' updated':8457, ' element':2442, ' *)':4491, '':13, '                ':359, ' List':3231, '.':28723, 'cons':6524, ' result':1204, ' (':325 ]
[1702477532] n_remain: -204
[1702477532] eval: [ ' (':325 ]
[1702477532] n_past = 204
[1702477532] sampled token:  1245: 'List'
[1702477532] last: [ ' index':2991, ' *)':4491, '':13, 'let':895, ' map':3341, '_':28730, 'with':3415, '_':28730, 'index':2033, ' f':285, ' l':305, 'st':303, ' =':327, '':13, ' ':28705, ' List':3231, '.':28723, 'iter':1685, ' (':325, 'fun':1755, ' (':325, 'i':28710, ',':28725, ' x':1318, ')':28731, ' ->':3193, '':13, '              ':1417, ' (*':2253, ' Per':2744, 'form':674, ' some':741, ' computation':21728, ' on':356, ' the':272, ' element':2442, ' and':304, ' index':2991, ' *)':4491, '':13, '              ':1417, ' let':1346, ' result':1204, ' =':327, ' f':285, ' i':613, ' x':1318, ' in':297, '':13, '                ':359, ' (*':2253, ' Return':4571, ' the':272, ' updated':8457, ' element':2442, ' *)':4491, '':13, '                ':359, ' List':3231, '.':28723, 'cons':6524, ' result':1204, ' (':325, 'List':1245 ]
[1702477532] n_remain: -205
[1702477532] eval: [ 'List':1245 ]
[1702477532] n_past = 205
[1702477532] sampled token: 28723: '.'
[1702477532] last: [ ' *)':4491, '':13, 'let':895, ' map':3341, '_':28730, 'with':3415, '_':28730, 'index':2033, ' f':285, ' l':305, 'st':303, ' =':327, '':13, ' ':28705, ' List':3231, '.':28723, 'iter':1685, ' (':325, 'fun':1755, ' (':325, 'i':28710, ',':28725, ' x':1318, ')':28731, ' ->':3193, '':13, '              ':1417, ' (*':2253, ' Per':2744, 'form':674, ' some':741, ' computation':21728, ' on':356, ' the':272, ' element':2442, ' and':304, ' index':2991, ' *)':4491, '':13, '              ':1417, ' let':1346, ' result':1204, ' =':327, ' f':285, ' i':613, ' x':1318, ' in':297, '':13, '                ':359, ' (*':2253, ' Return':4571, ' the':272, ' updated':8457, ' element':2442, ' *)':4491, '':13, '                ':359, ' List':3231, '.':28723, 'cons':6524, ' result':1204, ' (':325, 'List':1245, '.':28723 ]
[1702477532] n_remain: -206
[1702477532] eval: [ '.':28723 ]
[1702477532] n_past = 206
[1702477532] sampled token: 11557: 'tail'
[1702477532] last: [ '':13, 'let':895, ' map':3341, '_':28730, 'with':3415, '_':28730, 'index':2033, ' f':285, ' l':305, 'st':303, ' =':327, '':13, ' ':28705, ' List':3231, '.':28723, 'iter':1685, ' (':325, 'fun':1755, ' (':325, 'i':28710, ',':28725, ' x':1318, ')':28731, ' ->':3193, '':13, '              ':1417, ' (*':2253, ' Per':2744, 'form':674, ' some':741, ' computation':21728, ' on':356, ' the':272, ' element':2442, ' and':304, ' index':2991, ' *)':4491, '':13, '              ':1417, ' let':1346, ' result':1204, ' =':327, ' f':285, ' i':613, ' x':1318, ' in':297, '':13, '                ':359, ' (*':2253, ' Return':4571, ' the':272, ' updated':8457, ' element':2442, ' *)':4491, '':13, '                ':359, ' List':3231, '.':28723, 'cons':6524, ' result':1204, ' (':325, 'List':1245, '.':28723, 'tail':11557 ]
[1702477532] n_remain: -207
[1702477532] eval: [ 'tail':11557 ]
[1702477532] n_past = 207
[1702477532] sampled token:   305: ' l'
[1702477532] last: [ 'let':895, ' map':3341, '_':28730, 'with':3415, '_':28730, 'index':2033, ' f':285, ' l':305, 'st':303, ' =':327, '':13, ' ':28705, ' List':3231, '.':28723, 'iter':1685, ' (':325, 'fun':1755, ' (':325, 'i':28710, ',':28725, ' x':1318, ')':28731, ' ->':3193, '':13, '              ':1417, ' (*':2253, ' Per':2744, 'form':674, ' some':741, ' computation':21728, ' on':356, ' the':272, ' element':2442, ' and':304, ' index':2991, ' *)':4491, '':13, '              ':1417, ' let':1346, ' result':1204, ' =':327, ' f':285, ' i':613, ' x':1318, ' in':297, '':13, '                ':359, ' (*':2253, ' Return':4571, ' the':272, ' updated':8457, ' element':2442, ' *)':4491, '':13, '                ':359, ' List':3231, '.':28723, 'cons':6524, ' result':1204, ' (':325, 'List':1245, '.':28723, 'tail':11557, ' l':305 ]
[1702477532] n_remain: -208
[1702477532] eval: [ ' l':305 ]
[1702477532] n_past = 208
[1702477532] sampled token:   303: 'st'
[1702477532] last: [ ' map':3341, '_':28730, 'with':3415, '_':28730, 'index':2033, ' f':285, ' l':305, 'st':303, ' =':327, '':13, ' ':28705, ' List':3231, '.':28723, 'iter':1685, ' (':325, 'fun':1755, ' (':325, 'i':28710, ',':28725, ' x':1318, ')':28731, ' ->':3193, '':13, '              ':1417, ' (*':2253, ' Per':2744, 'form':674, ' some':741, ' computation':21728, ' on':356, ' the':272, ' element':2442, ' and':304, ' index':2991, ' *)':4491, '':13, '              ':1417, ' let':1346, ' result':1204, ' =':327, ' f':285, ' i':613, ' x':1318, ' in':297, '':13, '                ':359, ' (*':2253, ' Return':4571, ' the':272, ' updated':8457, ' element':2442, ' *)':4491, '':13, '                ':359, ' List':3231, '.':28723, 'cons':6524, ' result':1204, ' (':325, 'List':1245, '.':28723, 'tail':11557, ' l':305, 'st':303 ]
[1702477532] n_remain: -209
[1702477532] eval: [ 'st':303 ]
[1702477532] n_past = 209
[1702477532] sampled token:   743: '))'
[1702477532] last: [ '_':28730, 'with':3415, '_':28730, 'index':2033, ' f':285, ' l':305, 'st':303, ' =':327, '':13, ' ':28705, ' List':3231, '.':28723, 'iter':1685, ' (':325, 'fun':1755, ' (':325, 'i':28710, ',':28725, ' x':1318, ')':28731, ' ->':3193, '':13, '              ':1417, ' (*':2253, ' Per':2744, 'form':674, ' some':741, ' computation':21728, ' on':356, ' the':272, ' element':2442, ' and':304, ' index':2991, ' *)':4491, '':13, '              ':1417, ' let':1346, ' result':1204, ' =':327, ' f':285, ' i':613, ' x':1318, ' in':297, '':13, '                ':359, ' (*':2253, ' Return':4571, ' the':272, ' updated':8457, ' element':2442, ' *)':4491, '':13, '                ':359, ' List':3231, '.':28723, 'cons':6524, ' result':1204, ' (':325, 'List':1245, '.':28723, 'tail':11557, ' l':305, 'st':303, '))':743 ]
[1702477532] n_remain: -210
[1702477532] eval: [ '))':743 ]
[1702477532] n_past = 210
[1702477532] sampled token:   305: ' l'
[1702477532] last: [ 'with':3415, '_':28730, 'index':2033, ' f':285, ' l':305, 'st':303, ' =':327, '':13, ' ':28705, ' List':3231, '.':28723, 'iter':1685, ' (':325, 'fun':1755, ' (':325, 'i':28710, ',':28725, ' x':1318, ')':28731, ' ->':3193, '':13, '              ':1417, ' (*':2253, ' Per':2744, 'form':674, ' some':741, ' computation':21728, ' on':356, ' the':272, ' element':2442, ' and':304, ' index':2991, ' *)':4491, '':13, '              ':1417, ' let':1346, ' result':1204, ' =':327, ' f':285, ' i':613, ' x':1318, ' in':297, '':13, '                ':359, ' (*':2253, ' Return':4571, ' the':272, ' updated':8457, ' element':2442, ' *)':4491, '':13, '                ':359, ' List':3231, '.':28723, 'cons':6524, ' result':1204, ' (':325, 'List':1245, '.':28723, 'tail':11557, ' l':305, 'st':303, '))':743, ' l':305 ]
[1702477532] n_remain: -211
[1702477532] eval: [ ' l':305 ]
[1702477532] n_past = 211
[1702477532] sampled token:   303: 'st'
[1702477532] last: [ '_':28730, 'index':2033, ' f':285, ' l':305, 'st':303, ' =':327, '':13, ' ':28705, ' List':3231, '.':28723, 'iter':1685, ' (':325, 'fun':1755, ' (':325, 'i':28710, ',':28725, ' x':1318, ')':28731, ' ->':3193, '':13, '              ':1417, ' (*':2253, ' Per':2744, 'form':674, ' some':741, ' computation':21728, ' on':356, ' the':272, ' element':2442, ' and':304, ' index':2991, ' *)':4491, '':13, '              ':1417, ' let':1346, ' result':1204, ' =':327, ' f':285, ' i':613, ' x':1318, ' in':297, '':13, '                ':359, ' (*':2253, ' Return':4571, ' the':272, ' updated':8457, ' element':2442, ' *)':4491, '':13, '                ':359, ' List':3231, '.':28723, 'cons':6524, ' result':1204, ' (':325, 'List':1245, '.':28723, 'tail':11557, ' l':305, 'st':303, '))':743, ' l':305, 'st':303 ]
[1702477532] n_remain: -212
[1702477532] eval: [ 'st':303 ]
[1702477532] n_past = 212
[1702477532] sampled token:    13: '
'
[1702477532] last: [ 'index':2033, ' f':285, ' l':305, 'st':303, ' =':327, '':13, ' ':28705, ' List':3231, '.':28723, 'iter':1685, ' (':325, 'fun':1755, ' (':325, 'i':28710, ',':28725, ' x':1318, ')':28731, ' ->':3193, '':13, '              ':1417, ' (*':2253, ' Per':2744, 'form':674, ' some':741, ' computation':21728, ' on':356, ' the':272, ' element':2442, ' and':304, ' index':2991, ' *)':4491, '':13, '              ':1417, ' let':1346, ' result':1204, ' =':327, ' f':285, ' i':613, ' x':1318, ' in':297, '':13, '                ':359, ' (*':2253, ' Return':4571, ' the':272, ' updated':8457, ' element':2442, ' *)':4491, '':13, '                ':359, ' List':3231, '.':28723, 'cons':6524, ' result':1204, ' (':325, 'List':1245, '.':28723, 'tail':11557, ' l':305, 'st':303, '))':743, ' l':305, 'st':303, '':13 ]
[1702477532] n_remain: -213
[1702477532] eval: [ '':13 ]
[1702477532] n_past = 213
[1702477532] sampled token: 13940: '``'
[1702477532] last: [ ' f':285, ' l':305, 'st':303, ' =':327, '':13, ' ':28705, ' List':3231, '.':28723, 'iter':1685, ' (':325, 'fun':1755, ' (':325, 'i':28710, ',':28725, ' x':1318, ')':28731, ' ->':3193, '':13, '              ':1417, ' (*':2253, ' Per':2744, 'form':674, ' some':741, ' computation':21728, ' on':356, ' the':272, ' element':2442, ' and':304, ' index':2991, ' *)':4491, '':13, '              ':1417, ' let':1346, ' result':1204, ' =':327, ' f':285, ' i':613, ' x':1318, ' in':297, '':13, '                ':359, ' (*':2253, ' Return':4571, ' the':272, ' updated':8457, ' element':2442, ' *)':4491, '':13, '                ':359, ' List':3231, '.':28723, 'cons':6524, ' result':1204, ' (':325, 'List':1245, '.':28723, 'tail':11557, ' l':305, 'st':303, '))':743, ' l':305, 'st':303, '':13, '``':13940 ]
[1702477532] n_remain: -214
[1702477532] eval: [ '``':13940 ]
[1702477532] n_past = 214
[1702477532] sampled token: 28832: '`'
[1702477532] last: [ ' l':305, 'st':303, ' =':327, '':13, ' ':28705, ' List':3231, '.':28723, 'iter':1685, ' (':325, 'fun':1755, ' (':325, 'i':28710, ',':28725, ' x':1318, ')':28731, ' ->':3193, '':13, '              ':1417, ' (*':2253, ' Per':2744, 'form':674, ' some':741, ' computation':21728, ' on':356, ' the':272, ' element':2442, ' and':304, ' index':2991, ' *)':4491, '':13, '              ':1417, ' let':1346, ' result':1204, ' =':327, ' f':285, ' i':613, ' x':1318, ' in':297, '':13, '                ':359, ' (*':2253, ' Return':4571, ' the':272, ' updated':8457, ' element':2442, ' *)':4491, '':13, '                ':359, ' List':3231, '.':28723, 'cons':6524, ' result':1204, ' (':325, 'List':1245, '.':28723, 'tail':11557, ' l':305, 'st':303, '))':743, ' l':305, 'st':303, '':13, '``':13940, '`':28832 ]
[1702477532] n_remain: -215
[1702477532] eval: [ '`':28832 ]
[1702477532] n_past = 215
[1702477532] sampled token:    13: '
'
[1702477532] last: [ 'st':303, ' =':327, '':13, ' ':28705, ' List':3231, '.':28723, 'iter':1685, ' (':325, 'fun':1755, ' (':325, 'i':28710, ',':28725, ' x':1318, ')':28731, ' ->':3193, '':13, '              ':1417, ' (*':2253, ' Per':2744, 'form':674, ' some':741, ' computation':21728, ' on':356, ' the':272, ' element':2442, ' and':304, ' index':2991, ' *)':4491, '':13, '              ':1417, ' let':1346, ' result':1204, ' =':327, ' f':285, ' i':613, ' x':1318, ' in':297, '':13, '                ':359, ' (*':2253, ' Return':4571, ' the':272, ' updated':8457, ' element':2442, ' *)':4491, '':13, '                ':359, ' List':3231, '.':28723, 'cons':6524, ' result':1204, ' (':325, 'List':1245, '.':28723, 'tail':11557, ' l':305, 'st':303, '))':743, ' l':305, 'st':303, '':13, '``':13940, '`':28832, '':13 ]
[1702477532] n_remain: -216
[1702477532] eval: [ '':13 ]
[1702477532] n_past = 216
[1702477532] sampled token:   657: 'In'
[1702477532] last: [ ' =':327, '':13, ' ':28705, ' List':3231, '.':28723, 'iter':1685, ' (':325, 'fun':1755, ' (':325, 'i':28710, ',':28725, ' x':1318, ')':28731, ' ->':3193, '':13, '              ':1417, ' (*':2253, ' Per':2744, 'form':674, ' some':741, ' computation':21728, ' on':356, ' the':272, ' element':2442, ' and':304, ' index':2991, ' *)':4491, '':13, '              ':1417, ' let':1346, ' result':1204, ' =':327, ' f':285, ' i':613, ' x':1318, ' in':297, '':13, '                ':359, ' (*':2253, ' Return':4571, ' the':272, ' updated':8457, ' element':2442, ' *)':4491, '':13, '                ':359, ' List':3231, '.':28723, 'cons':6524, ' result':1204, ' (':325, 'List':1245, '.':28723, 'tail':11557, ' l':305, 'st':303, '))':743, ' l':305, 'st':303, '':13, '``':13940, '`':28832, '':13, 'In':657 ]
[1702477532] n_remain: -217
[1702477532] eval: [ 'In':657 ]
[1702477532] n_past = 217
[1702477532] sampled token:   456: ' this'
[1702477532] last: [ '':13, ' ':28705, ' List':3231, '.':28723, 'iter':1685, ' (':325, 'fun':1755, ' (':325, 'i':28710, ',':28725, ' x':1318, ')':28731, ' ->':3193, '':13, '              ':1417, ' (*':2253, ' Per':2744, 'form':674, ' some':741, ' computation':21728, ' on':356, ' the':272, ' element':2442, ' and':304, ' index':2991, ' *)':4491, '':13, '              ':1417, ' let':1346, ' result':1204, ' =':327, ' f':285, ' i':613, ' x':1318, ' in':297, '':13, '                ':359, ' (*':2253, ' Return':4571, ' the':272, ' updated':8457, ' element':2442, ' *)':4491, '':13, '                ':359, ' List':3231, '.':28723, 'cons':6524, ' result':1204, ' (':325, 'List':1245, '.':28723, 'tail':11557, ' l':305, 'st':303, '))':743, ' l':305, 'st':303, '':13, '``':13940, '`':28832, '':13, 'In':657, ' this':456 ]
[1702477532] n_remain: -218
[1702477532] eval: [ ' this':456 ]
[1702477532] n_past = 218
[1702477532] sampled token:   908: ' function'
[1702477532] last: [ ' ':28705, ' List':3231, '.':28723, 'iter':1685, ' (':325, 'fun':1755, ' (':325, 'i':28710, ',':28725, ' x':1318, ')':28731, ' ->':3193, '':13, '              ':1417, ' (*':2253, ' Per':2744, 'form':674, ' some':741, ' computation':21728, ' on':356, ' the':272, ' element':2442, ' and':304, ' index':2991, ' *)':4491, '':13, '              ':1417, ' let':1346, ' result':1204, ' =':327, ' f':285, ' i':613, ' x':1318, ' in':297, '':13, '                ':359, ' (*':2253, ' Return':4571, ' the':272, ' updated':8457, ' element':2442, ' *)':4491, '':13, '                ':359, ' List':3231, '.':28723, 'cons':6524, ' result':1204, ' (':325, 'List':1245, '.':28723, 'tail':11557, ' l':305, 'st':303, '))':743, ' l':305, 'st':303, '':13, '``':13940, '`':28832, '':13, 'In':657, ' this':456, ' function':908 ]
[1702477532] n_remain: -219
[1702477532] eval: [ ' function':908 ]
[1702477532] n_past = 219
[1702477532] sampled token: 28725: ','
[1702477532] last: [ ' List':3231, '.':28723, 'iter':1685, ' (':325, 'fun':1755, ' (':325, 'i':28710, ',':28725, ' x':1318, ')':28731, ' ->':3193, '':13, '              ':1417, ' (*':2253, ' Per':2744, 'form':674, ' some':741, ' computation':21728, ' on':356, ' the':272, ' element':2442, ' and':304, ' index':2991, ' *)':4491, '':13, '              ':1417, ' let':1346, ' result':1204, ' =':327, ' f':285, ' i':613, ' x':1318, ' in':297, '':13, '                ':359, ' (*':2253, ' Return':4571, ' the':272, ' updated':8457, ' element':2442, ' *)':4491, '':13, '                ':359, ' List':3231, '.':28723, 'cons':6524, ' result':1204, ' (':325, 'List':1245, '.':28723, 'tail':11557, ' l':305, 'st':303, '))':743, ' l':305, 'st':303, '':13, '``':13940, '`':28832, '':13, 'In':657, ' this':456, ' function':908, ',':28725 ]
[1702477532] n_remain: -220
[1702477532] eval: [ ',':28725 ]
[1702477532] n_past = 220
[1702477532] sampled token:  1552: ' `'
[1702477532] last: [ '.':28723, 'iter':1685, ' (':325, 'fun':1755, ' (':325, 'i':28710, ',':28725, ' x':1318, ')':28731, ' ->':3193, '':13, '              ':1417, ' (*':2253, ' Per':2744, 'form':674, ' some':741, ' computation':21728, ' on':356, ' the':272, ' element':2442, ' and':304, ' index':2991, ' *)':4491, '':13, '              ':1417, ' let':1346, ' result':1204, ' =':327, ' f':285, ' i':613, ' x':1318, ' in':297, '':13, '                ':359, ' (*':2253, ' Return':4571, ' the':272, ' updated':8457, ' element':2442, ' *)':4491, '':13, '                ':359, ' List':3231, '.':28723, 'cons':6524, ' result':1204, ' (':325, 'List':1245, '.':28723, 'tail':11557, ' l':305, 'st':303, '))':743, ' l':305, 'st':303, '':13, '``':13940, '`':28832, '':13, 'In':657, ' this':456, ' function':908, ',':28725, ' `':1552 ]
[1702477532] n_remain: -221
[1702477532] eval: [ ' `':1552 ]
[1702477532] n_past = 221
[1702477532] sampled token: 28722: 'f'
[1702477532] last: [ 'iter':1685, ' (':325, 'fun':1755, ' (':325, 'i':28710, ',':28725, ' x':1318, ')':28731, ' ->':3193, '':13, '              ':1417, ' (*':2253, ' Per':2744, 'form':674, ' some':741, ' computation':21728, ' on':356, ' the':272, ' element':2442, ' and':304, ' index':2991, ' *)':4491, '':13, '              ':1417, ' let':1346, ' result':1204, ' =':327, ' f':285, ' i':613, ' x':1318, ' in':297, '':13, '                ':359, ' (*':2253, ' Return':4571, ' the':272, ' updated':8457, ' element':2442, ' *)':4491, '':13, '                ':359, ' List':3231, '.':28723, 'cons':6524, ' result':1204, ' (':325, 'List':1245, '.':28723, 'tail':11557, ' l':305, 'st':303, '))':743, ' l':305, 'st':303, '':13, '``':13940, '`':28832, '':13, 'In':657, ' this':456, ' function':908, ',':28725, ' `':1552, 'f':28722 ]
[1702477532] n_remain: -222
[1702477532] eval: [ 'f':28722 ]
[1702477532] n_past = 222
[1702477532] sampled token: 28832: '`'
[1702477532] last: [ ' (':325, 'fun':1755, ' (':325, 'i':28710, ',':28725, ' x':1318, ')':28731, ' ->':3193, '':13, '              ':1417, ' (*':2253, ' Per':2744, 'form':674, ' some':741, ' computation':21728, ' on':356, ' the':272, ' element':2442, ' and':304, ' index':2991, ' *)':4491, '':13, '              ':1417, ' let':1346, ' result':1204, ' =':327, ' f':285, ' i':613, ' x':1318, ' in':297, '':13, '                ':359, ' (*':2253, ' Return':4571, ' the':272, ' updated':8457, ' element':2442, ' *)':4491, '':13, '                ':359, ' List':3231, '.':28723, 'cons':6524, ' result':1204, ' (':325, 'List':1245, '.':28723, 'tail':11557, ' l':305, 'st':303, '))':743, ' l':305, 'st':303, '':13, '``':13940, '`':28832, '':13, 'In':657, ' this':456, ' function':908, ',':28725, ' `':1552, 'f':28722, '`':28832 ]
[1702477532] n_remain: -223
[1702477532] eval: [ '`':28832 ]
[1702477532] n_past = 223
[1702477532] sampled token:  4347: ' takes'
[1702477532] last: [ 'fun':1755, ' (':325, 'i':28710, ',':28725, ' x':1318, ')':28731, ' ->':3193, '':13, '              ':1417, ' (*':2253, ' Per':2744, 'form':674, ' some':741, ' computation':21728, ' on':356, ' the':272, ' element':2442, ' and':304, ' index':2991, ' *)':4491, '':13, '              ':1417, ' let':1346, ' result':1204, ' =':327, ' f':285, ' i':613, ' x':1318, ' in':297, '':13, '                ':359, ' (*':2253, ' Return':4571, ' the':272, ' updated':8457, ' element':2442, ' *)':4491, '':13, '                ':359, ' List':3231, '.':28723, 'cons':6524, ' result':1204, ' (':325, 'List':1245, '.':28723, 'tail':11557, ' l':305, 'st':303, '))':743, ' l':305, 'st':303, '':13, '``':13940, '`':28832, '':13, 'In':657, ' this':456, ' function':908, ',':28725, ' `':1552, 'f':28722, '`':28832, ' takes':4347 ]
[1702477532] n_remain: -224
[1702477532] eval: [ ' takes':4347 ]
[1702477532] n_past = 224
[1702477532] sampled token:   989: ' two'
[1702477532] last: [ ' (':325, 'i':28710, ',':28725, ' x':1318, ')':28731, ' ->':3193, '':13, '              ':1417, ' (*':2253, ' Per':2744, 'form':674, ' some':741, ' computation':21728, ' on':356, ' the':272, ' element':2442, ' and':304, ' index':2991, ' *)':4491, '':13, '              ':1417, ' let':1346, ' result':1204, ' =':327, ' f':285, ' i':613, ' x':1318, ' in':297, '':13, '                ':359, ' (*':2253, ' Return':4571, ' the':272, ' updated':8457, ' element':2442, ' *)':4491, '':13, '                ':359, ' List':3231, '.':28723, 'cons':6524, ' result':1204, ' (':325, 'List':1245, '.':28723, 'tail':11557, ' l':305, 'st':303, '))':743, ' l':305, 'st':303, '':13, '``':13940, '`':28832, '':13, 'In':657, ' this':456, ' function':908, ',':28725, ' `':1552, 'f':28722, '`':28832, ' takes':4347, ' two':989 ]
[1702477532] n_remain: -225
[1702477532] eval: [ ' two':989 ]
[1702477532] n_past = 225
[1702477532] sampled token:  6614: ' arguments'
[1702477532] last: [ 'i':28710, ',':28725, ' x':1318, ')':28731, ' ->':3193, '':13, '              ':1417, ' (*':2253, ' Per':2744, 'form':674, ' some':741, ' computation':21728, ' on':356, ' the':272, ' element':2442, ' and':304, ' index':2991, ' *)':4491, '':13, '              ':1417, ' let':1346, ' result':1204, ' =':327, ' f':285, ' i':613, ' x':1318, ' in':297, '':13, '                ':359, ' (*':2253, ' Return':4571, ' the':272, ' updated':8457, ' element':2442, ' *)':4491, '':13, '                ':359, ' List':3231, '.':28723, 'cons':6524, ' result':1204, ' (':325, 'List':1245, '.':28723, 'tail':11557, ' l':305, 'st':303, '))':743, ' l':305, 'st':303, '':13, '``':13940, '`':28832, '':13, 'In':657, ' this':456, ' function':908, ',':28725, ' `':1552, 'f':28722, '`':28832, ' takes':4347, ' two':989, ' arguments':6614 ]
[1702477532] n_remain: -226
[1702477532] eval: [ ' arguments':6614 ]
[1702477532] n_past = 226
[1702477532] sampled token: 28747: ':'
[1702477532] last: [ ',':28725, ' x':1318, ')':28731, ' ->':3193, '':13, '              ':1417, ' (*':2253, ' Per':2744, 'form':674, ' some':741, ' computation':21728, ' on':356, ' the':272, ' element':2442, ' and':304, ' index':2991, ' *)':4491, '':13, '              ':1417, ' let':1346, ' result':1204, ' =':327, ' f':285, ' i':613, ' x':1318, ' in':297, '':13, '                ':359, ' (*':2253, ' Return':4571, ' the':272, ' updated':8457, ' element':2442, ' *)':4491, '':13, '                ':359, ' List':3231, '.':28723, 'cons':6524, ' result':1204, ' (':325, 'List':1245, '.':28723, 'tail':11557, ' l':305, 'st':303, '))':743, ' l':305, 'st':303, '':13, '``':13940, '`':28832, '':13, 'In':657, ' this':456, ' function':908, ',':28725, ' `':1552, 'f':28722, '`':28832, ' takes':4347, ' two':989, ' arguments':6614, ':':28747 ]
[1702477532] n_remain: -227
[1702477532] eval: [ ':':28747 ]
[1702477532] n_past = 227
[1702477532] sampled token:  1552: ' `'
[1702477532] last: [ ' x':1318, ')':28731, ' ->':3193, '':13, '              ':1417, ' (*':2253, ' Per':2744, 'form':674, ' some':741, ' computation':21728, ' on':356, ' the':272, ' element':2442, ' and':304, ' index':2991, ' *)':4491, '':13, '              ':1417, ' let':1346, ' result':1204, ' =':327, ' f':285, ' i':613, ' x':1318, ' in':297, '':13, '                ':359, ' (*':2253, ' Return':4571, ' the':272, ' updated':8457, ' element':2442, ' *)':4491, '':13, '                ':359, ' List':3231, '.':28723, 'cons':6524, ' result':1204, ' (':325, 'List':1245, '.':28723, 'tail':11557, ' l':305, 'st':303, '))':743, ' l':305, 'st':303, '':13, '``':13940, '`':28832, '':13, 'In':657, ' this':456, ' function':908, ',':28725, ' `':1552, 'f':28722, '`':28832, ' takes':4347, ' two':989, ' arguments':6614, ':':28747, ' `':1552 ]
[1702477532] n_remain: -228
[1702477532] eval: [ ' `':1552 ]
[1702477532] n_past = 228
[1702477532] sampled token: 28710: 'i'
[1702477532] last: [ ')':28731, ' ->':3193, '':13, '              ':1417, ' (*':2253, ' Per':2744, 'form':674, ' some':741, ' computation':21728, ' on':356, ' the':272, ' element':2442, ' and':304, ' index':2991, ' *)':4491, '':13, '              ':1417, ' let':1346, ' result':1204, ' =':327, ' f':285, ' i':613, ' x':1318, ' in':297, '':13, '                ':359, ' (*':2253, ' Return':4571, ' the':272, ' updated':8457, ' element':2442, ' *)':4491, '':13, '                ':359, ' List':3231, '.':28723, 'cons':6524, ' result':1204, ' (':325, 'List':1245, '.':28723, 'tail':11557, ' l':305, 'st':303, '))':743, ' l':305, 'st':303, '':13, '``':13940, '`':28832, '':13, 'In':657, ' this':456, ' function':908, ',':28725, ' `':1552, 'f':28722, '`':28832, ' takes':4347, ' two':989, ' arguments':6614, ':':28747, ' `':1552, 'i':28710 ]
[1702477532] n_remain: -229
[1702477532] eval: [ 'i':28710 ]
[1702477533] n_past = 229
[1702477533] sampled token:  6851: '`,'
[1702477533] last: [ ' ->':3193, '':13, '              ':1417, ' (*':2253, ' Per':2744, 'form':674, ' some':741, ' computation':21728, ' on':356, ' the':272, ' element':2442, ' and':304, ' index':2991, ' *)':4491, '':13, '              ':1417, ' let':1346, ' result':1204, ' =':327, ' f':285, ' i':613, ' x':1318, ' in':297, '':13, '                ':359, ' (*':2253, ' Return':4571, ' the':272, ' updated':8457, ' element':2442, ' *)':4491, '':13, '                ':359, ' List':3231, '.':28723, 'cons':6524, ' result':1204, ' (':325, 'List':1245, '.':28723, 'tail':11557, ' l':305, 'st':303, '))':743, ' l':305, 'st':303, '':13, '``':13940, '`':28832, '':13, 'In':657, ' this':456, ' function':908, ',':28725, ' `':1552, 'f':28722, '`':28832, ' takes':4347, ' two':989, ' arguments':6614, ':':28747, ' `':1552, 'i':28710, '`,':6851 ]
[1702477533] n_remain: -230
[1702477533] eval: [ '`,':6851 ]
[1702477533] n_past = 230
[1702477533] sampled token:   690: ' which'
[1702477533] last: [ '':13, '              ':1417, ' (*':2253, ' Per':2744, 'form':674, ' some':741, ' computation':21728, ' on':356, ' the':272, ' element':2442, ' and':304, ' index':2991, ' *)':4491, '':13, '              ':1417, ' let':1346, ' result':1204, ' =':327, ' f':285, ' i':613, ' x':1318, ' in':297, '':13, '                ':359, ' (*':2253, ' Return':4571, ' the':272, ' updated':8457, ' element':2442, ' *)':4491, '':13, '                ':359, ' List':3231, '.':28723, 'cons':6524, ' result':1204, ' (':325, 'List':1245, '.':28723, 'tail':11557, ' l':305, 'st':303, '))':743, ' l':305, 'st':303, '':13, '``':13940, '`':28832, '':13, 'In':657, ' this':456, ' function':908, ',':28725, ' `':1552, 'f':28722, '`':28832, ' takes':4347, ' two':989, ' arguments':6614, ':':28747, ' `':1552, 'i':28710, '`,':6851, ' which':690 ]
[1702477533] n_remain: -231
[1702477533] eval: [ ' which':690 ]
[1702477533] n_past = 231
[1702477533] sampled token:   349: ' is'
[1702477533] last: [ '              ':1417, ' (*':2253, ' Per':2744, 'form':674, ' some':741, ' computation':21728, ' on':356, ' the':272, ' element':2442, ' and':304, ' index':2991, ' *)':4491, '':13, '              ':1417, ' let':1346, ' result':1204, ' =':327, ' f':285, ' i':613, ' x':1318, ' in':297, '':13, '                ':359, ' (*':2253, ' Return':4571, ' the':272, ' updated':8457, ' element':2442, ' *)':4491, '':13, '                ':359, ' List':3231, '.':28723, 'cons':6524, ' result':1204, ' (':325, 'List':1245, '.':28723, 'tail':11557, ' l':305, 'st':303, '))':743, ' l':305, 'st':303, '':13, '``':13940, '`':28832, '':13, 'In':657, ' this':456, ' function':908, ',':28725, ' `':1552, 'f':28722, '`':28832, ' takes':4347, ' two':989, ' arguments':6614, ':':28747, ' `':1552, 'i':28710, '`,':6851, ' which':690, ' is':349 ]
[1702477533] n_remain: -232
[1702477533] eval: [ ' is':349 ]
[1702477533] n_past = 232
[1702477533] sampled token:   272: ' the'
[1702477533] last: [ ' (*':2253, ' Per':2744, 'form':674, ' some':741, ' computation':21728, ' on':356, ' the':272, ' element':2442, ' and':304, ' index':2991, ' *)':4491, '':13, '              ':1417, ' let':1346, ' result':1204, ' =':327, ' f':285, ' i':613, ' x':1318, ' in':297, '':13, '                ':359, ' (*':2253, ' Return':4571, ' the':272, ' updated':8457, ' element':2442, ' *)':4491, '':13, '                ':359, ' List':3231, '.':28723, 'cons':6524, ' result':1204, ' (':325, 'List':1245, '.':28723, 'tail':11557, ' l':305, 'st':303, '))':743, ' l':305, 'st':303, '':13, '``':13940, '`':28832, '':13, 'In':657, ' this':456, ' function':908, ',':28725, ' `':1552, 'f':28722, '`':28832, ' takes':4347, ' two':989, ' arguments':6614, ':':28747, ' `':1552, 'i':28710, '`,':6851, ' which':690, ' is':349, ' the':272 ]
[1702477533] n_remain: -233
[1702477533] eval: [ ' the':272 ]
[1702477533] n_past = 233
[1702477533] sampled token:  1868: ' current'
[1702477533] last: [ ' Per':2744, 'form':674, ' some':741, ' computation':21728, ' on':356, ' the':272, ' element':2442, ' and':304, ' index':2991, ' *)':4491, '':13, '              ':1417, ' let':1346, ' result':1204, ' =':327, ' f':285, ' i':613, ' x':1318, ' in':297, '':13, '                ':359, ' (*':2253, ' Return':4571, ' the':272, ' updated':8457, ' element':2442, ' *)':4491, '':13, '                ':359, ' List':3231, '.':28723, 'cons':6524, ' result':1204, ' (':325, 'List':1245, '.':28723, 'tail':11557, ' l':305, 'st':303, '))':743, ' l':305, 'st':303, '':13, '``':13940, '`':28832, '':13, 'In':657, ' this':456, ' function':908, ',':28725, ' `':1552, 'f':28722, '`':28832, ' takes':4347, ' two':989, ' arguments':6614, ':':28747, ' `':1552, 'i':28710, '`,':6851, ' which':690, ' is':349, ' the':272, ' current':1868 ]
[1702477533] n_remain: -234
[1702477533] eval: [ ' current':1868 ]
[1702477533] n_past = 234
[1702477533] sampled token:  2991: ' index'
[1702477533] last: [ 'form':674, ' some':741, ' computation':21728, ' on':356, ' the':272, ' element':2442, ' and':304, ' index':2991, ' *)':4491, '':13, '              ':1417, ' let':1346, ' result':1204, ' =':327, ' f':285, ' i':613, ' x':1318, ' in':297, '':13, '                ':359, ' (*':2253, ' Return':4571, ' the':272, ' updated':8457, ' element':2442, ' *)':4491, '':13, '                ':359, ' List':3231, '.':28723, 'cons':6524, ' result':1204, ' (':325, 'List':1245, '.':28723, 'tail':11557, ' l':305, 'st':303, '))':743, ' l':305, 'st':303, '':13, '``':13940, '`':28832, '':13, 'In':657, ' this':456, ' function':908, ',':28725, ' `':1552, 'f':28722, '`':28832, ' takes':4347, ' two':989, ' arguments':6614, ':':28747, ' `':1552, 'i':28710, '`,':6851, ' which':690, ' is':349, ' the':272, ' current':1868, ' index':2991 ]
[1702477533] n_remain: -235
[1702477533] eval: [ ' index':2991 ]
[1702477533] n_past = 235
[1702477533] sampled token:   302: ' of'
[1702477533] last: [ ' some':741, ' computation':21728, ' on':356, ' the':272, ' element':2442, ' and':304, ' index':2991, ' *)':4491, '':13, '              ':1417, ' let':1346, ' result':1204, ' =':327, ' f':285, ' i':613, ' x':1318, ' in':297, '':13, '                ':359, ' (*':2253, ' Return':4571, ' the':272, ' updated':8457, ' element':2442, ' *)':4491, '':13, '                ':359, ' List':3231, '.':28723, 'cons':6524, ' result':1204, ' (':325, 'List':1245, '.':28723, 'tail':11557, ' l':305, 'st':303, '))':743, ' l':305, 'st':303, '':13, '``':13940, '`':28832, '':13, 'In':657, ' this':456, ' function':908, ',':28725, ' `':1552, 'f':28722, '`':28832, ' takes':4347, ' two':989, ' arguments':6614, ':':28747, ' `':1552, 'i':28710, '`,':6851, ' which':690, ' is':349, ' the':272, ' current':1868, ' index':2991, ' of':302 ]
[1702477533] n_remain: -236
[1702477533] eval: [ ' of':302 ]
[1702477533] n_past = 236
[1702477533] sampled token:   272: ' the'
[1702477533] last: [ ' computation':21728, ' on':356, ' the':272, ' element':2442, ' and':304, ' index':2991, ' *)':4491, '':13, '              ':1417, ' let':1346, ' result':1204, ' =':327, ' f':285, ' i':613, ' x':1318, ' in':297, '':13, '                ':359, ' (*':2253, ' Return':4571, ' the':272, ' updated':8457, ' element':2442, ' *)':4491, '':13, '                ':359, ' List':3231, '.':28723, 'cons':6524, ' result':1204, ' (':325, 'List':1245, '.':28723, 'tail':11557, ' l':305, 'st':303, '))':743, ' l':305, 'st':303, '':13, '``':13940, '`':28832, '':13, 'In':657, ' this':456, ' function':908, ',':28725, ' `':1552, 'f':28722, '`':28832, ' takes':4347, ' two':989, ' arguments':6614, ':':28747, ' `':1552, 'i':28710, '`,':6851, ' which':690, ' is':349, ' the':272, ' current':1868, ' index':2991, ' of':302, ' the':272 ]
[1702477533] n_remain: -237
[1702477533] eval: [ ' the':272 ]
[1702477533] n_past = 237
[1702477533] sampled token:  1274: ' list'
[1702477533] last: [ ' on':356, ' the':272, ' element':2442, ' and':304, ' index':2991, ' *)':4491, '':13, '              ':1417, ' let':1346, ' result':1204, ' =':327, ' f':285, ' i':613, ' x':1318, ' in':297, '':13, '                ':359, ' (*':2253, ' Return':4571, ' the':272, ' updated':8457, ' element':2442, ' *)':4491, '':13, '                ':359, ' List':3231, '.':28723, 'cons':6524, ' result':1204, ' (':325, 'List':1245, '.':28723, 'tail':11557, ' l':305, 'st':303, '))':743, ' l':305, 'st':303, '':13, '``':13940, '`':28832, '':13, 'In':657, ' this':456, ' function':908, ',':28725, ' `':1552, 'f':28722, '`':28832, ' takes':4347, ' two':989, ' arguments':6614, ':':28747, ' `':1552, 'i':28710, '`,':6851, ' which':690, ' is':349, ' the':272, ' current':1868, ' index':2991, ' of':302, ' the':272, ' list':1274 ]
[1702477533] n_remain: -238
[1702477533] eval: [ ' list':1274 ]
[1702477533] n_past = 238
[1702477533] sampled token: 28725: ','
[1702477533] last: [ ' the':272, ' element':2442, ' and':304, ' index':2991, ' *)':4491, '':13, '              ':1417, ' let':1346, ' result':1204, ' =':327, ' f':285, ' i':613, ' x':1318, ' in':297, '':13, '                ':359, ' (*':2253, ' Return':4571, ' the':272, ' updated':8457, ' element':2442, ' *)':4491, '':13, '                ':359, ' List':3231, '.':28723, 'cons':6524, ' result':1204, ' (':325, 'List':1245, '.':28723, 'tail':11557, ' l':305, 'st':303, '))':743, ' l':305, 'st':303, '':13, '``':13940, '`':28832, '':13, 'In':657, ' this':456, ' function':908, ',':28725, ' `':1552, 'f':28722, '`':28832, ' takes':4347, ' two':989, ' arguments':6614, ':':28747, ' `':1552, 'i':28710, '`,':6851, ' which':690, ' is':349, ' the':272, ' current':1868, ' index':2991, ' of':302, ' the':272, ' list':1274, ',':28725 ]
[1702477533] n_remain: -239
[1702477533] eval: [ ',':28725 ]
[1702477533] n_past = 239
[1702477533] sampled token:   304: ' and'
[1702477533] last: [ ' element':2442, ' and':304, ' index':2991, ' *)':4491, '':13, '              ':1417, ' let':1346, ' result':1204, ' =':327, ' f':285, ' i':613, ' x':1318, ' in':297, '':13, '                ':359, ' (*':2253, ' Return':4571, ' the':272, ' updated':8457, ' element':2442, ' *)':4491, '':13, '                ':359, ' List':3231, '.':28723, 'cons':6524, ' result':1204, ' (':325, 'List':1245, '.':28723, 'tail':11557, ' l':305, 'st':303, '))':743, ' l':305, 'st':303, '':13, '``':13940, '`':28832, '':13, 'In':657, ' this':456, ' function':908, ',':28725, ' `':1552, 'f':28722, '`':28832, ' takes':4347, ' two':989, ' arguments':6614, ':':28747, ' `':1552, 'i':28710, '`,':6851, ' which':690, ' is':349, ' the':272, ' current':1868, ' index':2991, ' of':302, ' the':272, ' list':1274, ',':28725, ' and':304 ]
[1702477533] n_remain: -240
[1702477533] eval: [ ' and':304 ]
[1702477533] n_past = 240
[1702477533] sampled token:  1552: ' `'
[1702477533] last: [ ' and':304, ' index':2991, ' *)':4491, '':13, '              ':1417, ' let':1346, ' result':1204, ' =':327, ' f':285, ' i':613, ' x':1318, ' in':297, '':13, '                ':359, ' (*':2253, ' Return':4571, ' the':272, ' updated':8457, ' element':2442, ' *)':4491, '':13, '                ':359, ' List':3231, '.':28723, 'cons':6524, ' result':1204, ' (':325, 'List':1245, '.':28723, 'tail':11557, ' l':305, 'st':303, '))':743, ' l':305, 'st':303, '':13, '``':13940, '`':28832, '':13, 'In':657, ' this':456, ' function':908, ',':28725, ' `':1552, 'f':28722, '`':28832, ' takes':4347, ' two':989, ' arguments':6614, ':':28747, ' `':1552, 'i':28710, '`,':6851, ' which':690, ' is':349, ' the':272, ' current':1868, ' index':2991, ' of':302, ' the':272, ' list':1274, ',':28725, ' and':304, ' `':1552 ]
[1702477533] n_remain: -241
[1702477533] eval: [ ' `':1552 ]
[1702477533] n_past = 241
[1702477533] sampled token: 28744: 'x'
[1702477533] last: [ ' index':2991, ' *)':4491, '':13, '              ':1417, ' let':1346, ' result':1204, ' =':327, ' f':285, ' i':613, ' x':1318, ' in':297, '':13, '                ':359, ' (*':2253, ' Return':4571, ' the':272, ' updated':8457, ' element':2442, ' *)':4491, '':13, '                ':359, ' List':3231, '.':28723, 'cons':6524, ' result':1204, ' (':325, 'List':1245, '.':28723, 'tail':11557, ' l':305, 'st':303, '))':743, ' l':305, 'st':303, '':13, '``':13940, '`':28832, '':13, 'In':657, ' this':456, ' function':908, ',':28725, ' `':1552, 'f':28722, '`':28832, ' takes':4347, ' two':989, ' arguments':6614, ':':28747, ' `':1552, 'i':28710, '`,':6851, ' which':690, ' is':349, ' the':272, ' current':1868, ' index':2991, ' of':302, ' the':272, ' list':1274, ',':28725, ' and':304, ' `':1552, 'x':28744 ]
[1702477533] n_remain: -242
[1702477533] eval: [ 'x':28744 ]
[1702477533] n_past = 242
[1702477533] sampled token:  6851: '`,'
[1702477533] last: [ ' *)':4491, '':13, '              ':1417, ' let':1346, ' result':1204, ' =':327, ' f':285, ' i':613, ' x':1318, ' in':297, '':13, '                ':359, ' (*':2253, ' Return':4571, ' the':272, ' updated':8457, ' element':2442, ' *)':4491, '':13, '                ':359, ' List':3231, '.':28723, 'cons':6524, ' result':1204, ' (':325, 'List':1245, '.':28723, 'tail':11557, ' l':305, 'st':303, '))':743, ' l':305, 'st':303, '':13, '``':13940, '`':28832, '':13, 'In':657, ' this':456, ' function':908, ',':28725, ' `':1552, 'f':28722, '`':28832, ' takes':4347, ' two':989, ' arguments':6614, ':':28747, ' `':1552, 'i':28710, '`,':6851, ' which':690, ' is':349, ' the':272, ' current':1868, ' index':2991, ' of':302, ' the':272, ' list':1274, ',':28725, ' and':304, ' `':1552, 'x':28744, '`,':6851 ]
[1702477533] n_remain: -243
[1702477533] eval: [ '`,':6851 ]
[1702477533] n_past = 243
[1702477533] sampled token:   690: ' which'
[1702477533] last: [ '':13, '              ':1417, ' let':1346, ' result':1204, ' =':327, ' f':285, ' i':613, ' x':1318, ' in':297, '':13, '                ':359, ' (*':2253, ' Return':4571, ' the':272, ' updated':8457, ' element':2442, ' *)':4491, '':13, '                ':359, ' List':3231, '.':28723, 'cons':6524, ' result':1204, ' (':325, 'List':1245, '.':28723, 'tail':11557, ' l':305, 'st':303, '))':743, ' l':305, 'st':303, '':13, '``':13940, '`':28832, '':13, 'In':657, ' this':456, ' function':908, ',':28725, ' `':1552, 'f':28722, '`':28832, ' takes':4347, ' two':989, ' arguments':6614, ':':28747, ' `':1552, 'i':28710, '`,':6851, ' which':690, ' is':349, ' the':272, ' current':1868, ' index':2991, ' of':302, ' the':272, ' list':1274, ',':28725, ' and':304, ' `':1552, 'x':28744, '`,':6851, ' which':690 ]
[1702477533] n_remain: -244
[1702477533] eval: [ ' which':690 ]
[1702477533] n_past = 244
[1702477533] sampled token:   349: ' is'
[1702477533] last: [ '              ':1417, ' let':1346, ' result':1204, ' =':327, ' f':285, ' i':613, ' x':1318, ' in':297, '':13, '                ':359, ' (*':2253, ' Return':4571, ' the':272, ' updated':8457, ' element':2442, ' *)':4491, '':13, '                ':359, ' List':3231, '.':28723, 'cons':6524, ' result':1204, ' (':325, 'List':1245, '.':28723, 'tail':11557, ' l':305, 'st':303, '))':743, ' l':305, 'st':303, '':13, '``':13940, '`':28832, '':13, 'In':657, ' this':456, ' function':908, ',':28725, ' `':1552, 'f':28722, '`':28832, ' takes':4347, ' two':989, ' arguments':6614, ':':28747, ' `':1552, 'i':28710, '`,':6851, ' which':690, ' is':349, ' the':272, ' current':1868, ' index':2991, ' of':302, ' the':272, ' list':1274, ',':28725, ' and':304, ' `':1552, 'x':28744, '`,':6851, ' which':690, ' is':349 ]
[1702477533] n_remain: -245
[1702477533] eval: [ ' is':349 ]
[1702477533] n_past = 245
[1702477533] sampled token:   272: ' the'
[1702477533] last: [ ' let':1346, ' result':1204, ' =':327, ' f':285, ' i':613, ' x':1318, ' in':297, '':13, '                ':359, ' (*':2253, ' Return':4571, ' the':272, ' updated':8457, ' element':2442, ' *)':4491, '':13, '                ':359, ' List':3231, '.':28723, 'cons':6524, ' result':1204, ' (':325, 'List':1245, '.':28723, 'tail':11557, ' l':305, 'st':303, '))':743, ' l':305, 'st':303, '':13, '``':13940, '`':28832, '':13, 'In':657, ' this':456, ' function':908, ',':28725, ' `':1552, 'f':28722, '`':28832, ' takes':4347, ' two':989, ' arguments':6614, ':':28747, ' `':1552, 'i':28710, '`,':6851, ' which':690, ' is':349, ' the':272, ' current':1868, ' index':2991, ' of':302, ' the':272, ' list':1274, ',':28725, ' and':304, ' `':1552, 'x':28744, '`,':6851, ' which':690, ' is':349, ' the':272 ]
[1702477533] n_remain: -246
[1702477533] eval: [ ' the':272 ]
[1702477533] n_past = 246
[1702477533] sampled token:  1868: ' current'
[1702477533] last: [ ' result':1204, ' =':327, ' f':285, ' i':613, ' x':1318, ' in':297, '':13, '                ':359, ' (*':2253, ' Return':4571, ' the':272, ' updated':8457, ' element':2442, ' *)':4491, '':13, '                ':359, ' List':3231, '.':28723, 'cons':6524, ' result':1204, ' (':325, 'List':1245, '.':28723, 'tail':11557, ' l':305, 'st':303, '))':743, ' l':305, 'st':303, '':13, '``':13940, '`':28832, '':13, 'In':657, ' this':456, ' function':908, ',':28725, ' `':1552, 'f':28722, '`':28832, ' takes':4347, ' two':989, ' arguments':6614, ':':28747, ' `':1552, 'i':28710, '`,':6851, ' which':690, ' is':349, ' the':272, ' current':1868, ' index':2991, ' of':302, ' the':272, ' list':1274, ',':28725, ' and':304, ' `':1552, 'x':28744, '`,':6851, ' which':690, ' is':349, ' the':272, ' current':1868 ]
[1702477533] n_remain: -247
[1702477533] eval: [ ' current':1868 ]
[1702477533] n_past = 247
[1702477533] sampled token:  2442: ' element'
[1702477533] last: [ ' =':327, ' f':285, ' i':613, ' x':1318, ' in':297, '':13, '                ':359, ' (*':2253, ' Return':4571, ' the':272, ' updated':8457, ' element':2442, ' *)':4491, '':13, '                ':359, ' List':3231, '.':28723, 'cons':6524, ' result':1204, ' (':325, 'List':1245, '.':28723, 'tail':11557, ' l':305, 'st':303, '))':743, ' l':305, 'st':303, '':13, '``':13940, '`':28832, '':13, 'In':657, ' this':456, ' function':908, ',':28725, ' `':1552, 'f':28722, '`':28832, ' takes':4347, ' two':989, ' arguments':6614, ':':28747, ' `':1552, 'i':28710, '`,':6851, ' which':690, ' is':349, ' the':272, ' current':1868, ' index':2991, ' of':302, ' the':272, ' list':1274, ',':28725, ' and':304, ' `':1552, 'x':28744, '`,':6851, ' which':690, ' is':349, ' the':272, ' current':1868, ' element':2442 ]
[1702477533] n_remain: -248
[1702477533] eval: [ ' element':2442 ]
[1702477533] n_past = 248
[1702477533] sampled token:   438: ' at'
[1702477533] last: [ ' f':285, ' i':613, ' x':1318, ' in':297, '':13, '                ':359, ' (*':2253, ' Return':4571, ' the':272, ' updated':8457, ' element':2442, ' *)':4491, '':13, '                ':359, ' List':3231, '.':28723, 'cons':6524, ' result':1204, ' (':325, 'List':1245, '.':28723, 'tail':11557, ' l':305, 'st':303, '))':743, ' l':305, 'st':303, '':13, '``':13940, '`':28832, '':13, 'In':657, ' this':456, ' function':908, ',':28725, ' `':1552, 'f':28722, '`':28832, ' takes':4347, ' two':989, ' arguments':6614, ':':28747, ' `':1552, 'i':28710, '`,':6851, ' which':690, ' is':349, ' the':272, ' current':1868, ' index':2991, ' of':302, ' the':272, ' list':1274, ',':28725, ' and':304, ' `':1552, 'x':28744, '`,':6851, ' which':690, ' is':349, ' the':272, ' current':1868, ' element':2442, ' at':438 ]
[1702477533] n_remain: -249
[1702477533] eval: [ ' at':438 ]
[1702477533] n_past = 249
[1702477533] sampled token:   369: ' that'
[1702477533] last: [ ' i':613, ' x':1318, ' in':297, '':13, '                ':359, ' (*':2253, ' Return':4571, ' the':272, ' updated':8457, ' element':2442, ' *)':4491, '':13, '                ':359, ' List':3231, '.':28723, 'cons':6524, ' result':1204, ' (':325, 'List':1245, '.':28723, 'tail':11557, ' l':305, 'st':303, '))':743, ' l':305, 'st':303, '':13, '``':13940, '`':28832, '':13, 'In':657, ' this':456, ' function':908, ',':28725, ' `':1552, 'f':28722, '`':28832, ' takes':4347, ' two':989, ' arguments':6614, ':':28747, ' `':1552, 'i':28710, '`,':6851, ' which':690, ' is':349, ' the':272, ' current':1868, ' index':2991, ' of':302, ' the':272, ' list':1274, ',':28725, ' and':304, ' `':1552, 'x':28744, '`,':6851, ' which':690, ' is':349, ' the':272, ' current':1868, ' element':2442, ' at':438, ' that':369 ]
[1702477533] n_remain: -250
[1702477533] eval: [ ' that':369 ]
[1702477533] n_past = 250
[1702477533] sampled token:  2991: ' index'
[1702477533] last: [ ' x':1318, ' in':297, '':13, '                ':359, ' (*':2253, ' Return':4571, ' the':272, ' updated':8457, ' element':2442, ' *)':4491, '':13, '                ':359, ' List':3231, '.':28723, 'cons':6524, ' result':1204, ' (':325, 'List':1245, '.':28723, 'tail':11557, ' l':305, 'st':303, '))':743, ' l':305, 'st':303, '':13, '``':13940, '`':28832, '':13, 'In':657, ' this':456, ' function':908, ',':28725, ' `':1552, 'f':28722, '`':28832, ' takes':4347, ' two':989, ' arguments':6614, ':':28747, ' `':1552, 'i':28710, '`,':6851, ' which':690, ' is':349, ' the':272, ' current':1868, ' index':2991, ' of':302, ' the':272, ' list':1274, ',':28725, ' and':304, ' `':1552, 'x':28744, '`,':6851, ' which':690, ' is':349, ' the':272, ' current':1868, ' element':2442, ' at':438, ' that':369, ' index':2991 ]
[1702477533] n_remain: -251
[1702477533] eval: [ ' index':2991 ]
[1702477533] n_past = 251
[1702477533] sampled token: 28723: '.'
[1702477533] last: [ ' in':297, '':13, '                ':359, ' (*':2253, ' Return':4571, ' the':272, ' updated':8457, ' element':2442, ' *)':4491, '':13, '                ':359, ' List':3231, '.':28723, 'cons':6524, ' result':1204, ' (':325, 'List':1245, '.':28723, 'tail':11557, ' l':305, 'st':303, '))':743, ' l':305, 'st':303, '':13, '``':13940, '`':28832, '':13, 'In':657, ' this':456, ' function':908, ',':28725, ' `':1552, 'f':28722, '`':28832, ' takes':4347, ' two':989, ' arguments':6614, ':':28747, ' `':1552, 'i':28710, '`,':6851, ' which':690, ' is':349, ' the':272, ' current':1868, ' index':2991, ' of':302, ' the':272, ' list':1274, ',':28725, ' and':304, ' `':1552, 'x':28744, '`,':6851, ' which':690, ' is':349, ' the':272, ' current':1868, ' element':2442, ' at':438, ' that':369, ' index':2991, '.':28723 ]
[1702477533] n_remain: -252
[1702477533] eval: [ '.':28723 ]
[1702477533] n_past = 252
[1702477533] sampled token:   995: ' You'
[1702477533] last: [ '':13, '                ':359, ' (*':2253, ' Return':4571, ' the':272, ' updated':8457, ' element':2442, ' *)':4491, '':13, '                ':359, ' List':3231, '.':28723, 'cons':6524, ' result':1204, ' (':325, 'List':1245, '.':28723, 'tail':11557, ' l':305, 'st':303, '))':743, ' l':305, 'st':303, '':13, '``':13940, '`':28832, '':13, 'In':657, ' this':456, ' function':908, ',':28725, ' `':1552, 'f':28722, '`':28832, ' takes':4347, ' two':989, ' arguments':6614, ':':28747, ' `':1552, 'i':28710, '`,':6851, ' which':690, ' is':349, ' the':272, ' current':1868, ' index':2991, ' of':302, ' the':272, ' list':1274, ',':28725, ' and':304, ' `':1552, 'x':28744, '`,':6851, ' which':690, ' is':349, ' the':272, ' current':1868, ' element':2442, ' at':438, ' that':369, ' index':2991, '.':28723, ' You':995 ]
[1702477533] n_remain: -253
[1702477533] eval: [ ' You':995 ]
[1702477533] n_past = 253
[1702477533] sampled token:   541: ' can'
[1702477533] last: [ '                ':359, ' (*':2253, ' Return':4571, ' the':272, ' updated':8457, ' element':2442, ' *)':4491, '':13, '                ':359, ' List':3231, '.':28723, 'cons':6524, ' result':1204, ' (':325, 'List':1245, '.':28723, 'tail':11557, ' l':305, 'st':303, '))':743, ' l':305, 'st':303, '':13, '``':13940, '`':28832, '':13, 'In':657, ' this':456, ' function':908, ',':28725, ' `':1552, 'f':28722, '`':28832, ' takes':4347, ' two':989, ' arguments':6614, ':':28747, ' `':1552, 'i':28710, '`,':6851, ' which':690, ' is':349, ' the':272, ' current':1868, ' index':2991, ' of':302, ' the':272, ' list':1274, ',':28725, ' and':304, ' `':1552, 'x':28744, '`,':6851, ' which':690, ' is':349, ' the':272, ' current':1868, ' element':2442, ' at':438, ' that':369, ' index':2991, '.':28723, ' You':995, ' can':541 ]
[1702477533] n_remain: -254
[1702477533] eval: [ ' can':541 ]
[1702477534] n_past = 254
[1702477534] sampled token:  2225: ' perform'
[1702477534] last: [ ' (*':2253, ' Return':4571, ' the':272, ' updated':8457, ' element':2442, ' *)':4491, '':13, '                ':359, ' List':3231, '.':28723, 'cons':6524, ' result':1204, ' (':325, 'List':1245, '.':28723, 'tail':11557, ' l':305, 'st':303, '))':743, ' l':305, 'st':303, '':13, '``':13940, '`':28832, '':13, 'In':657, ' this':456, ' function':908, ',':28725, ' `':1552, 'f':28722, '`':28832, ' takes':4347, ' two':989, ' arguments':6614, ':':28747, ' `':1552, 'i':28710, '`,':6851, ' which':690, ' is':349, ' the':272, ' current':1868, ' index':2991, ' of':302, ' the':272, ' list':1274, ',':28725, ' and':304, ' `':1552, 'x':28744, '`,':6851, ' which':690, ' is':349, ' the':272, ' current':1868, ' element':2442, ' at':438, ' that':369, ' index':2991, '.':28723, ' You':995, ' can':541, ' perform':2225 ]
[1702477534] n_remain: -255
[1702477534] eval: [ ' perform':2225 ]
[1702477534] n_past = 255
[1702477534] sampled token:   707: ' any'
[1702477534] last: [ ' Return':4571, ' the':272, ' updated':8457, ' element':2442, ' *)':4491, '':13, '                ':359, ' List':3231, '.':28723, 'cons':6524, ' result':1204, ' (':325, 'List':1245, '.':28723, 'tail':11557, ' l':305, 'st':303, '))':743, ' l':305, 'st':303, '':13, '``':13940, '`':28832, '':13, 'In':657, ' this':456, ' function':908, ',':28725, ' `':1552, 'f':28722, '`':28832, ' takes':4347, ' two':989, ' arguments':6614, ':':28747, ' `':1552, 'i':28710, '`,':6851, ' which':690, ' is':349, ' the':272, ' current':1868, ' index':2991, ' of':302, ' the':272, ' list':1274, ',':28725, ' and':304, ' `':1552, 'x':28744, '`,':6851, ' which':690, ' is':349, ' the':272, ' current':1868, ' element':2442, ' at':438, ' that':369, ' index':2991, '.':28723, ' You':995, ' can':541, ' perform':2225, ' any':707 ]
[1702477534] n_remain: -256
[1702477534] eval: [ ' any':707 ]
[1702477534] n_past = 256
[1702477534] sampled token: 21728: ' computation'
[1702477534] last: [ ' the':272, ' updated':8457, ' element':2442, ' *)':4491, '':13, '                ':359, ' List':3231, '.':28723, 'cons':6524, ' result':1204, ' (':325, 'List':1245, '.':28723, 'tail':11557, ' l':305, 'st':303, '))':743, ' l':305, 'st':303, '':13, '``':13940, '`':28832, '':13, 'In':657, ' this':456, ' function':908, ',':28725, ' `':1552, 'f':28722, '`':28832, ' takes':4347, ' two':989, ' arguments':6614, ':':28747, ' `':1552, 'i':28710, '`,':6851, ' which':690, ' is':349, ' the':272, ' current':1868, ' index':2991, ' of':302, ' the':272, ' list':1274, ',':28725, ' and':304, ' `':1552, 'x':28744, '`,':6851, ' which':690, ' is':349, ' the':272, ' current':1868, ' element':2442, ' at':438, ' that':369, ' index':2991, '.':28723, ' You':995, ' can':541, ' perform':2225, ' any':707, ' computation':21728 ]
[1702477534] n_remain: -257
[1702477534] eval: [ ' computation':21728 ]
[1702477534] n_past = 257
[1702477534] sampled token:   356: ' on'
[1702477534] last: [ ' updated':8457, ' element':2442, ' *)':4491, '':13, '                ':359, ' List':3231, '.':28723, 'cons':6524, ' result':1204, ' (':325, 'List':1245, '.':28723, 'tail':11557, ' l':305, 'st':303, '))':743, ' l':305, 'st':303, '':13, '``':13940, '`':28832, '':13, 'In':657, ' this':456, ' function':908, ',':28725, ' `':1552, 'f':28722, '`':28832, ' takes':4347, ' two':989, ' arguments':6614, ':':28747, ' `':1552, 'i':28710, '`,':6851, ' which':690, ' is':349, ' the':272, ' current':1868, ' index':2991, ' of':302, ' the':272, ' list':1274, ',':28725, ' and':304, ' `':1552, 'x':28744, '`,':6851, ' which':690, ' is':349, ' the':272, ' current':1868, ' element':2442, ' at':438, ' that':369, ' index':2991, '.':28723, ' You':995, ' can':541, ' perform':2225, ' any':707, ' computation':21728, ' on':356 ]
[1702477534] n_remain: -258
[1702477534] eval: [ ' on':356 ]
[1702477534] n_past = 258
[1702477534] sampled token:  1560: ' both'
[1702477534] last: [ ' element':2442, ' *)':4491, '':13, '                ':359, ' List':3231, '.':28723, 'cons':6524, ' result':1204, ' (':325, 'List':1245, '.':28723, 'tail':11557, ' l':305, 'st':303, '))':743, ' l':305, 'st':303, '':13, '``':13940, '`':28832, '':13, 'In':657, ' this':456, ' function':908, ',':28725, ' `':1552, 'f':28722, '`':28832, ' takes':4347, ' two':989, ' arguments':6614, ':':28747, ' `':1552, 'i':28710, '`,':6851, ' which':690, ' is':349, ' the':272, ' current':1868, ' index':2991, ' of':302, ' the':272, ' list':1274, ',':28725, ' and':304, ' `':1552, 'x':28744, '`,':6851, ' which':690, ' is':349, ' the':272, ' current':1868, ' element':2442, ' at':438, ' that':369, ' index':2991, '.':28723, ' You':995, ' can':541, ' perform':2225, ' any':707, ' computation':21728, ' on':356, ' both':1560 ]
[1702477534] n_remain: -259
[1702477534] eval: [ ' both':1560 ]
[1702477534] n_past = 259
[1702477534] sampled token:   272: ' the'
[1702477534] last: [ ' *)':4491, '':13, '                ':359, ' List':3231, '.':28723, 'cons':6524, ' result':1204, ' (':325, 'List':1245, '.':28723, 'tail':11557, ' l':305, 'st':303, '))':743, ' l':305, 'st':303, '':13, '``':13940, '`':28832, '':13, 'In':657, ' this':456, ' function':908, ',':28725, ' `':1552, 'f':28722, '`':28832, ' takes':4347, ' two':989, ' arguments':6614, ':':28747, ' `':1552, 'i':28710, '`,':6851, ' which':690, ' is':349, ' the':272, ' current':1868, ' index':2991, ' of':302, ' the':272, ' list':1274, ',':28725, ' and':304, ' `':1552, 'x':28744, '`,':6851, ' which':690, ' is':349, ' the':272, ' current':1868, ' element':2442, ' at':438, ' that':369, ' index':2991, '.':28723, ' You':995, ' can':541, ' perform':2225, ' any':707, ' computation':21728, ' on':356, ' both':1560, ' the':272 ]
[1702477534] n_remain: -260
[1702477534] eval: [ ' the':272 ]
[1702477534] n_past = 260
[1702477534] sampled token:  2442: ' element'
[1702477534] last: [ '':13, '                ':359, ' List':3231, '.':28723, 'cons':6524, ' result':1204, ' (':325, 'List':1245, '.':28723, 'tail':11557, ' l':305, 'st':303, '))':743, ' l':305, 'st':303, '':13, '``':13940, '`':28832, '':13, 'In':657, ' this':456, ' function':908, ',':28725, ' `':1552, 'f':28722, '`':28832, ' takes':4347, ' two':989, ' arguments':6614, ':':28747, ' `':1552, 'i':28710, '`,':6851, ' which':690, ' is':349, ' the':272, ' current':1868, ' index':2991, ' of':302, ' the':272, ' list':1274, ',':28725, ' and':304, ' `':1552, 'x':28744, '`,':6851, ' which':690, ' is':349, ' the':272, ' current':1868, ' element':2442, ' at':438, ' that':369, ' index':2991, '.':28723, ' You':995, ' can':541, ' perform':2225, ' any':707, ' computation':21728, ' on':356, ' both':1560, ' the':272, ' element':2442 ]
[1702477534] n_remain: -261
[1702477534] eval: [ ' element':2442 ]
[1702477534] n_past = 261
[1702477534] sampled token:   304: ' and'
[1702477534] last: [ '                ':359, ' List':3231, '.':28723, 'cons':6524, ' result':1204, ' (':325, 'List':1245, '.':28723, 'tail':11557, ' l':305, 'st':303, '))':743, ' l':305, 'st':303, '':13, '``':13940, '`':28832, '':13, 'In':657, ' this':456, ' function':908, ',':28725, ' `':1552, 'f':28722, '`':28832, ' takes':4347, ' two':989, ' arguments':6614, ':':28747, ' `':1552, 'i':28710, '`,':6851, ' which':690, ' is':349, ' the':272, ' current':1868, ' index':2991, ' of':302, ' the':272, ' list':1274, ',':28725, ' and':304, ' `':1552, 'x':28744, '`,':6851, ' which':690, ' is':349, ' the':272, ' current':1868, ' element':2442, ' at':438, ' that':369, ' index':2991, '.':28723, ' You':995, ' can':541, ' perform':2225, ' any':707, ' computation':21728, ' on':356, ' both':1560, ' the':272, ' element':2442, ' and':304 ]
[1702477534] n_remain: -262
[1702477534] eval: [ ' and':304 ]
[1702477534] n_past = 262
[1702477534] sampled token:   272: ' the'
[1702477534] last: [ ' List':3231, '.':28723, 'cons':6524, ' result':1204, ' (':325, 'List':1245, '.':28723, 'tail':11557, ' l':305, 'st':303, '))':743, ' l':305, 'st':303, '':13, '``':13940, '`':28832, '':13, 'In':657, ' this':456, ' function':908, ',':28725, ' `':1552, 'f':28722, '`':28832, ' takes':4347, ' two':989, ' arguments':6614, ':':28747, ' `':1552, 'i':28710, '`,':6851, ' which':690, ' is':349, ' the':272, ' current':1868, ' index':2991, ' of':302, ' the':272, ' list':1274, ',':28725, ' and':304, ' `':1552, 'x':28744, '`,':6851, ' which':690, ' is':349, ' the':272, ' current':1868, ' element':2442, ' at':438, ' that':369, ' index':2991, '.':28723, ' You':995, ' can':541, ' perform':2225, ' any':707, ' computation':21728, ' on':356, ' both':1560, ' the':272, ' element':2442, ' and':304, ' the':272 ]
[1702477534] n_remain: -263
[1702477534] eval: [ ' the':272 ]
[1702477534] n_past = 263
[1702477534] sampled token:  2991: ' index'
[1702477534] last: [ '.':28723, 'cons':6524, ' result':1204, ' (':325, 'List':1245, '.':28723, 'tail':11557, ' l':305, 'st':303, '))':743, ' l':305, 'st':303, '':13, '``':13940, '`':28832, '':13, 'In':657, ' this':456, ' function':908, ',':28725, ' `':1552, 'f':28722, '`':28832, ' takes':4347, ' two':989, ' arguments':6614, ':':28747, ' `':1552, 'i':28710, '`,':6851, ' which':690, ' is':349, ' the':272, ' current':1868, ' index':2991, ' of':302, ' the':272, ' list':1274, ',':28725, ' and':304, ' `':1552, 'x':28744, '`,':6851, ' which':690, ' is':349, ' the':272, ' current':1868, ' element':2442, ' at':438, ' that':369, ' index':2991, '.':28723, ' You':995, ' can':541, ' perform':2225, ' any':707, ' computation':21728, ' on':356, ' both':1560, ' the':272, ' element':2442, ' and':304, ' the':272, ' index':2991 ]
[1702477534] n_remain: -264
[1702477534] eval: [ ' index':2991 ]
[1702477534] n_past = 264
[1702477534] sampled token:  1413: ' using'
[1702477534] last: [ 'cons':6524, ' result':1204, ' (':325, 'List':1245, '.':28723, 'tail':11557, ' l':305, 'st':303, '))':743, ' l':305, 'st':303, '':13, '``':13940, '`':28832, '':13, 'In':657, ' this':456, ' function':908, ',':28725, ' `':1552, 'f':28722, '`':28832, ' takes':4347, ' two':989, ' arguments':6614, ':':28747, ' `':1552, 'i':28710, '`,':6851, ' which':690, ' is':349, ' the':272, ' current':1868, ' index':2991, ' of':302, ' the':272, ' list':1274, ',':28725, ' and':304, ' `':1552, 'x':28744, '`,':6851, ' which':690, ' is':349, ' the':272, ' current':1868, ' element':2442, ' at':438, ' that':369, ' index':2991, '.':28723, ' You':995, ' can':541, ' perform':2225, ' any':707, ' computation':21728, ' on':356, ' both':1560, ' the':272, ' element':2442, ' and':304, ' the':272, ' index':2991, ' using':1413 ]
[1702477534] n_remain: -265
[1702477534] eval: [ ' using':1413 ]
[1702477534] n_past = 265
[1702477534] sampled token:   456: ' this'
[1702477534] last: [ ' result':1204, ' (':325, 'List':1245, '.':28723, 'tail':11557, ' l':305, 'st':303, '))':743, ' l':305, 'st':303, '':13, '``':13940, '`':28832, '':13, 'In':657, ' this':456, ' function':908, ',':28725, ' `':1552, 'f':28722, '`':28832, ' takes':4347, ' two':989, ' arguments':6614, ':':28747, ' `':1552, 'i':28710, '`,':6851, ' which':690, ' is':349, ' the':272, ' current':1868, ' index':2991, ' of':302, ' the':272, ' list':1274, ',':28725, ' and':304, ' `':1552, 'x':28744, '`,':6851, ' which':690, ' is':349, ' the':272, ' current':1868, ' element':2442, ' at':438, ' that':369, ' index':2991, '.':28723, ' You':995, ' can':541, ' perform':2225, ' any':707, ' computation':21728, ' on':356, ' both':1560, ' the':272, ' element':2442, ' and':304, ' the':272, ' index':2991, ' using':1413, ' this':456 ]
[1702477534] n_remain: -266
[1702477534] eval: [ ' this':456 ]
[1702477534] n_past = 266
[1702477534] sampled token:   908: ' function'
[1702477534] last: [ ' (':325, 'List':1245, '.':28723, 'tail':11557, ' l':305, 'st':303, '))':743, ' l':305, 'st':303, '':13, '``':13940, '`':28832, '':13, 'In':657, ' this':456, ' function':908, ',':28725, ' `':1552, 'f':28722, '`':28832, ' takes':4347, ' two':989, ' arguments':6614, ':':28747, ' `':1552, 'i':28710, '`,':6851, ' which':690, ' is':349, ' the':272, ' current':1868, ' index':2991, ' of':302, ' the':272, ' list':1274, ',':28725, ' and':304, ' `':1552, 'x':28744, '`,':6851, ' which':690, ' is':349, ' the':272, ' current':1868, ' element':2442, ' at':438, ' that':369, ' index':2991, '.':28723, ' You':995, ' can':541, ' perform':2225, ' any':707, ' computation':21728, ' on':356, ' both':1560, ' the':272, ' element':2442, ' and':304, ' the':272, ' index':2991, ' using':1413, ' this':456, ' function':908 ]
[1702477534] n_remain: -267
[1702477534] eval: [ ' function':908 ]
[1702477534] n_past = 267
[1702477534] sampled token: 28723: '.'
[1702477534] last: [ 'List':1245, '.':28723, 'tail':11557, ' l':305, 'st':303, '))':743, ' l':305, 'st':303, '':13, '``':13940, '`':28832, '':13, 'In':657, ' this':456, ' function':908, ',':28725, ' `':1552, 'f':28722, '`':28832, ' takes':4347, ' two':989, ' arguments':6614, ':':28747, ' `':1552, 'i':28710, '`,':6851, ' which':690, ' is':349, ' the':272, ' current':1868, ' index':2991, ' of':302, ' the':272, ' list':1274, ',':28725, ' and':304, ' `':1552, 'x':28744, '`,':6851, ' which':690, ' is':349, ' the':272, ' current':1868, ' element':2442, ' at':438, ' that':369, ' index':2991, '.':28723, ' You':995, ' can':541, ' perform':2225, ' any':707, ' computation':21728, ' on':356, ' both':1560, ' the':272, ' element':2442, ' and':304, ' the':272, ' index':2991, ' using':1413, ' this':456, ' function':908, '.':28723 ]
[1702477534] n_remain: -268
[1702477534] eval: [ '.':28723 ]
[1702477534] n_past = 268
[1702477534] sampled token:     2: ''
[1702477534] last: [ '.':28723, 'tail':11557, ' l':305, 'st':303, '))':743, ' l':305, 'st':303, '':13, '``':13940, '`':28832, '':13, 'In':657, ' this':456, ' function':908, ',':28725, ' `':1552, 'f':28722, '`':28832, ' takes':4347, ' two':989, ' arguments':6614, ':':28747, ' `':1552, 'i':28710, '`,':6851, ' which':690, ' is':349, ' the':272, ' current':1868, ' index':2991, ' of':302, ' the':272, ' list':1274, ',':28725, ' and':304, ' `':1552, 'x':28744, '`,':6851, ' which':690, ' is':349, ' the':272, ' current':1868, ' element':2442, ' at':438, ' that':369, ' index':2991, '.':28723, ' You':995, ' can':541, ' perform':2225, ' any':707, ' computation':21728, ' on':356, ' both':1560, ' the':272, ' element':2442, ' and':304, ' the':272, ' index':2991, ' using':1413, ' this':456, ' function':908, '.':28723, '':2 ]
[1702477534] n_remain: -269
[1702477534] found EOS token
[1702477534] waiting for user input
[1702477543] buffer: 'Q: Is something like this in the stdlib?
'
[1702477543] input tokens: [ ' Q':1186, ':':28747, ' Is':1691, ' something':1545, ' like':737, ' this':456, ' in':297, ' the':272, ' std':2829, 'lib':4472, '?':28804, '':13 ]
[1702477543] n_remain: -281
[1702477543] eval: [ '':2 ]
[1702477543] n_past = 269
[1702477543] embd_inp.size(): 45, n_consumed: 33
[1702477543] eval: [ ' Q':1186, ':':28747, ' Is':1691, ' something':1545, ' like':737, ' this':456, ' in':297, ' the':272, ' std':2829, 'lib':4472, '?':28804, '':13 ]
[1702477544] n_past = 281
[1702477544] sampled token: 28741: 'A'
[1702477544] last: [ '':0, '':0, '':0, '':0, '':0, '':0, '':0, '':0, '':0, '':0, '':0, '':0, '':0, '':0, '':0, '':0, '':0, '':0, '':0, '':0, '':0, '':0, '':0, '':0, '':0, '':0, '':0, '':0, '':0, '':0, '':0, '':0, '':0, '':0, '':0, '':0, '':0, '':0, '':0, '':0, '':0, '':0, '':0, '':0, '':0, '':0, '':0, '':0, '':0, '':0, '':0, ' Q':1186, ':':28747, ' Is':1691, ' something':1545, ' like':737, ' this':456, ' in':297, ' the':272, ' std':2829, 'lib':4472, '?':28804, '':13, 'A':28741 ]
[1702477544] n_remain: -282
[1702477544] eval: [ 'A':28741 ]
[1702477544] n_past = 282
[1702477544] sampled token: 28747: ':'
[1702477544] last: [ '':0, '':0, '':0, '':0, '':0, '':0, '':0, '':0, '':0, '':0, '':0, '':0, '':0, '':0, '':0, '':0, '':0, '':0, '':0, '':0, '':0, '':0, '':0, '':0, '':0, '':0, '':0, '':0, '':0, '':0, '':0, '':0, '':0, '':0, '':0, '':0, '':0, '':0, '':0, '':0, '':0, '':0, '':0, '':0, '':0, '':0, '':0, '':0, '':0, '':0, ' Q':1186, ':':28747, ' Is':1691, ' something':1545, ' like':737, ' this':456, ' in':297, ' the':272, ' std':2829, 'lib':4472, '?':28804, '':13, 'A':28741, ':':28747 ]
[1702477544] n_remain: -283
[1702477544] eval: [ ':':28747 ]
[1702477544] n_past = 283
[1702477544] sampled token:  1770: ' No'
[1702477544] last: [ '':0, '':0, '':0, '':0, '':0, '':0, '':0, '':0, '':0, '':0, '':0, '':0, '':0, '':0, '':0, '':0, '':0, '':0, '':0, '':0, '':0, '':0, '':0, '':0, '':0, '':0, '':0, '':0, '':0, '':0, '':0, '':0, '':0, '':0, '':0, '':0, '':0, '':0, '':0, '':0, '':0, '':0, '':0, '':0, '':0, '':0, '':0, '':0, '':0, ' Q':1186, ':':28747, ' Is':1691, ' something':1545, ' like':737, ' this':456, ' in':297, ' the':272, ' std':2829, 'lib':4472, '?':28804, '':13, 'A':28741, ':':28747, ' No':1770 ]
[1702477544] n_remain: -284
[1702477544] eval: [ ' No':1770 ]
[1702477544] n_past = 284
[1702477544] sampled token: 28725: ','
[1702477544] last: [ '':0, '':0, '':0, '':0, '':0, '':0, '':0, '':0, '':0, '':0, '':0, '':0, '':0, '':0, '':0, '':0, '':0, '':0, '':0, '':0, '':0, '':0, '':0, '':0, '':0, '':0, '':0, '':0, '':0, '':0, '':0, '':0, '':0, '':0, '':0, '':0, '':0, '':0, '':0, '':0, '':0, '':0, '':0, '':0, '':0, '':0, '':0, '':0, ' Q':1186, ':':28747, ' Is':1691, ' something':1545, ' like':737, ' this':456, ' in':297, ' the':272, ' std':2829, 'lib':4472, '?':28804, '':13, 'A':28741, ':':28747, ' No':1770, ',':28725 ]
[1702477544] n_remain: -285
[1702477544] eval: [ ',':28725 ]
[1702477544] n_past = 285
[1702477544] sampled token:   736: ' there'
[1702477544] last: [ '':0, '':0, '':0, '':0, '':0, '':0, '':0, '':0, '':0, '':0, '':0, '':0, '':0, '':0, '':0, '':0, '':0, '':0, '':0, '':0, '':0, '':0, '':0, '':0, '':0, '':0, '':0, '':0, '':0, '':0, '':0, '':0, '':0, '':0, '':0, '':0, '':0, '':0, '':0, '':0, '':0, '':0, '':0, '':0, '':0, '':0, '':0, ' Q':1186, ':':28747, ' Is':1691, ' something':1545, ' like':737, ' this':456, ' in':297, ' the':272, ' std':2829, 'lib':4472, '?':28804, '':13, 'A':28741, ':':28747, ' No':1770, ',':28725, ' there':736 ]
[1702477544] n_remain: -286
[1702477544] eval: [ ' there':736 ]
[1702477544] n_past = 286
[1702477544] sampled token:  3157: ' isn'
[1702477544] last: [ '':0, '':0, '':0, '':0, '':0, '':0, '':0, '':0, '':0, '':0, '':0, '':0, '':0, '':0, '':0, '':0, '':0, '':0, '':0, '':0, '':0, '':0, '':0, '':0, '':0, '':0, '':0, '':0, '':0, '':0, '':0, '':0, '':0, '':0, '':0, '':0, '':0, '':0, '':0, '':0, '':0, '':0, '':0, '':0, '':0, '':0, ' Q':1186, ':':28747, ' Is':1691, ' something':1545, ' like':737, ' this':456, ' in':297, ' the':272, ' std':2829, 'lib':4472, '?':28804, '':13, 'A':28741, ':':28747, ' No':1770, ',':28725, ' there':736, ' isn':3157 ]
[1702477544] n_remain: -287
[1702477544] eval: [ ' isn':3157 ]
[1702477544] n_past = 287
[1702477544] sampled token: 28742: '''
[1702477544] last: [ '':0, '':0, '':0, '':0, '':0, '':0, '':0, '':0, '':0, '':0, '':0, '':0, '':0, '':0, '':0, '':0, '':0, '':0, '':0, '':0, '':0, '':0, '':0, '':0, '':0, '':0, '':0, '':0, '':0, '':0, '':0, '':0, '':0, '':0, '':0, '':0, '':0, '':0, '':0, '':0, '':0, '':0, '':0, '':0, '':0, ' Q':1186, ':':28747, ' Is':1691, ' something':1545, ' like':737, ' this':456, ' in':297, ' the':272, ' std':2829, 'lib':4472, '?':28804, '':13, 'A':28741, ':':28747, ' No':1770, ',':28725, ' there':736, ' isn':3157, ''':28742 ]
[1702477544] n_remain: -288
[1702477544] eval: [ ''':28742 ]
[1702477544] n_past = 288
[1702477544] sampled token: 28707: 't'
[1702477544] last: [ '':0, '':0, '':0, '':0, '':0, '':0, '':0, '':0, '':0, '':0, '':0, '':0, '':0, '':0, '':0, '':0, '':0, '':0, '':0, '':0, '':0, '':0, '':0, '':0, '':0, '':0, '':0, '':0, '':0, '':0, '':0, '':0, '':0, '':0, '':0, '':0, '':0, '':0, '':0, '':0, '':0, '':0, '':0, '':0, ' Q':1186, ':':28747, ' Is':1691, ' something':1545, ' like':737, ' this':456, ' in':297, ' the':272, ' std':2829, 'lib':4472, '?':28804, '':13, 'A':28741, ':':28747, ' No':1770, ',':28725, ' there':736, ' isn':3157, ''':28742, 't':28707 ]
[1702477544] n_remain: -289
[1702477544] eval: [ 't':28707 ]
[1702477544] n_past = 289
[1702477544] sampled token:   264: ' a'
[1702477544] last: [ '':0, '':0, '':0, '':0, '':0, '':0, '':0, '':0, '':0, '':0, '':0, '':0, '':0, '':0, '':0, '':0, '':0, '':0, '':0, '':0, '':0, '':0, '':0, '':0, '':0, '':0, '':0, '':0, '':0, '':0, '':0, '':0, '':0, '':0, '':0, '':0, '':0, '':0, '':0, '':0, '':0, '':0, '':0, ' Q':1186, ':':28747, ' Is':1691, ' something':1545, ' like':737, ' this':456, ' in':297, ' the':272, ' std':2829, 'lib':4472, '?':28804, '':13, 'A':28741, ':':28747, ' No':1770, ',':28725, ' there':736, ' isn':3157, ''':28742, 't':28707, ' a':264 ]
[1702477544] n_remain: -290
[1702477544] eval: [ ' a':264 ]
[1702477544] n_past = 290
[1702477544] sampled token:  4429: ' built'
[1702477544] last: [ '':0, '':0, '':0, '':0, '':0, '':0, '':0, '':0, '':0, '':0, '':0, '':0, '':0, '':0, '':0, '':0, '':0, '':0, '':0, '':0, '':0, '':0, '':0, '':0, '':0, '':0, '':0, '':0, '':0, '':0, '':0, '':0, '':0, '':0, '':0, '':0, '':0, '':0, '':0, '':0, '':0, '':0, ' Q':1186, ':':28747, ' Is':1691, ' something':1545, ' like':737, ' this':456, ' in':297, ' the':272, ' std':2829, 'lib':4472, '?':28804, '':13, 'A':28741, ':':28747, ' No':1770, ',':28725, ' there':736, ' isn':3157, ''':28742, 't':28707, ' a':264, ' built':4429 ]
[1702477544] n_remain: -291
[1702477544] eval: [ ' built':4429 ]
[1702477544] n_past = 291
[1702477544] sampled token: 28733: '-'
[1702477544] last: [ '':0, '':0, '':0, '':0, '':0, '':0, '':0, '':0, '':0, '':0, '':0, '':0, '':0, '':0, '':0, '':0, '':0, '':0, '':0, '':0, '':0, '':0, '':0, '':0, '':0, '':0, '':0, '':0, '':0, '':0, '':0, '':0, '':0, '':0, '':0, '':0, '':0, '':0, '':0, '':0, '':0, ' Q':1186, ':':28747, ' Is':1691, ' something':1545, ' like':737, ' this':456, ' in':297, ' the':272, ' std':2829, 'lib':4472, '?':28804, '':13, 'A':28741, ':':28747, ' No':1770, ',':28725, ' there':736, ' isn':3157, ''':28742, 't':28707, ' a':264, ' built':4429, '-':28733 ]
[1702477544] n_remain: -292
[1702477544] eval: [ '-':28733 ]
[1702477544] n_past = 292
[1702477544] sampled token:   262: 'in'
[1702477544] last: [ '':0, '':0, '':0, '':0, '':0, '':0, '':0, '':0, '':0, '':0, '':0, '':0, '':0, '':0, '':0, '':0, '':0, '':0, '':0, '':0, '':0, '':0, '':0, '':0, '':0, '':0, '':0, '':0, '':0, '':0, '':0, '':0, '':0, '':0, '':0, '':0, '':0, '':0, '':0, '':0, ' Q':1186, ':':28747, ' Is':1691, ' something':1545, ' like':737, ' this':456, ' in':297, ' the':272, ' std':2829, 'lib':4472, '?':28804, '':13, 'A':28741, ':':28747, ' No':1770, ',':28725, ' there':736, ' isn':3157, ''':28742, 't':28707, ' a':264, ' built':4429, '-':28733, 'in':262 ]
[1702477544] n_remain: -293
[1702477544] eval: [ 'in':262 ]
[1702477544] n_past = 293
[1702477544] sampled token:   908: ' function'
[1702477544] last: [ '':0, '':0, '':0, '':0, '':0, '':0, '':0, '':0, '':0, '':0, '':0, '':0, '':0, '':0, '':0, '':0, '':0, '':0, '':0, '':0, '':0, '':0, '':0, '':0, '':0, '':0, '':0, '':0, '':0, '':0, '':0, '':0, '':0, '':0, '':0, '':0, '':0, '':0, '':0, ' Q':1186, ':':28747, ' Is':1691, ' something':1545, ' like':737, ' this':456, ' in':297, ' the':272, ' std':2829, 'lib':4472, '?':28804, '':13, 'A':28741, ':':28747, ' No':1770, ',':28725, ' there':736, ' isn':3157, ''':28742, 't':28707, ' a':264, ' built':4429, '-':28733, 'in':262, ' function':908 ]
[1702477544] n_remain: -294
[1702477544] eval: [ ' function':908 ]
[1702477544] n_past = 294
[1702477544] sampled token:   737: ' like'
[1702477544] last: [ '':0, '':0, '':0, '':0, '':0, '':0, '':0, '':0, '':0, '':0, '':0, '':0, '':0, '':0, '':0, '':0, '':0, '':0, '':0, '':0, '':0, '':0, '':0, '':0, '':0, '':0, '':0, '':0, '':0, '':0, '':0, '':0, '':0, '':0, '':0, '':0, '':0, '':0, ' Q':1186, ':':28747, ' Is':1691, ' something':1545, ' like':737, ' this':456, ' in':297, ' the':272, ' std':2829, 'lib':4472, '?':28804, '':13, 'A':28741, ':':28747, ' No':1770, ',':28725, ' there':736, ' isn':3157, ''':28742, 't':28707, ' a':264, ' built':4429, '-':28733, 'in':262, ' function':908, ' like':737 ]
[1702477544] n_remain: -295
[1702477544] eval: [ ' like':737 ]
[1702477544] n_past = 295
[1702477544] sampled token:  1552: ' `'
[1702477544] last: [ '':0, '':0, '':0, '':0, '':0, '':0, '':0, '':0, '':0, '':0, '':0, '':0, '':0, '':0, '':0, '':0, '':0, '':0, '':0, '':0, '':0, '':0, '':0, '':0, '':0, '':0, '':0, '':0, '':0, '':0, '':0, '':0, '':0, '':0, '':0, '':0, '':0, ' Q':1186, ':':28747, ' Is':1691, ' something':1545, ' like':737, ' this':456, ' in':297, ' the':272, ' std':2829, 'lib':4472, '?':28804, '':13, 'A':28741, ':':28747, ' No':1770, ',':28725, ' there':736, ' isn':3157, ''':28742, 't':28707, ' a':264, ' built':4429, '-':28733, 'in':262, ' function':908, ' like':737, ' `':1552 ]
[1702477544] n_remain: -296
[1702477544] eval: [ ' `':1552 ]
[1702477544] n_past = 296
[1702477544] sampled token:  2022: 'map'
[1702477544] last: [ '':0, '':0, '':0, '':0, '':0, '':0, '':0, '':0, '':0, '':0, '':0, '':0, '':0, '':0, '':0, '':0, '':0, '':0, '':0, '':0, '':0, '':0, '':0, '':0, '':0, '':0, '':0, '':0, '':0, '':0, '':0, '':0, '':0, '':0, '':0, '':0, ' Q':1186, ':':28747, ' Is':1691, ' something':1545, ' like':737, ' this':456, ' in':297, ' the':272, ' std':2829, 'lib':4472, '?':28804, '':13, 'A':28741, ':':28747, ' No':1770, ',':28725, ' there':736, ' isn':3157, ''':28742, 't':28707, ' a':264, ' built':4429, '-':28733, 'in':262, ' function':908, ' like':737, ' `':1552, 'map':2022 ]
[1702477544] n_remain: -297
[1702477544] eval: [ 'map':2022 ]
[1702477544] n_past = 297
[1702477544] sampled token: 28730: '_'
[1702477544] last: [ '':0, '':0, '':0, '':0, '':0, '':0, '':0, '':0, '':0, '':0, '':0, '':0, '':0, '':0, '':0, '':0, '':0, '':0, '':0, '':0, '':0, '':0, '':0, '':0, '':0, '':0, '':0, '':0, '':0, '':0, '':0, '':0, '':0, '':0, '':0, ' Q':1186, ':':28747, ' Is':1691, ' something':1545, ' like':737, ' this':456, ' in':297, ' the':272, ' std':2829, 'lib':4472, '?':28804, '':13, 'A':28741, ':':28747, ' No':1770, ',':28725, ' there':736, ' isn':3157, ''':28742, 't':28707, ' a':264, ' built':4429, '-':28733, 'in':262, ' function':908, ' like':737, ' `':1552, 'map':2022, '_':28730 ]
[1702477544] n_remain: -298
[1702477544] eval: [ '_':28730 ]
[1702477544] n_past = 298
[1702477544] sampled token:  3415: 'with'
[1702477544] last: [ '':0, '':0, '':0, '':0, '':0, '':0, '':0, '':0, '':0, '':0, '':0, '':0, '':0, '':0, '':0, '':0, '':0, '':0, '':0, '':0, '':0, '':0, '':0, '':0, '':0, '':0, '':0, '':0, '':0, '':0, '':0, '':0, '':0, '':0, ' Q':1186, ':':28747, ' Is':1691, ' something':1545, ' like':737, ' this':456, ' in':297, ' the':272, ' std':2829, 'lib':4472, '?':28804, '':13, 'A':28741, ':':28747, ' No':1770, ',':28725, ' there':736, ' isn':3157, ''':28742, 't':28707, ' a':264, ' built':4429, '-':28733, 'in':262, ' function':908, ' like':737, ' `':1552, 'map':2022, '_':28730, 'with':3415 ]
[1702477544] n_remain: -299
[1702477544] eval: [ 'with':3415 ]
[1702477544] n_past = 299
[1702477544] sampled token: 28730: '_'
[1702477544] last: [ '':0, '':0, '':0, '':0, '':0, '':0, '':0, '':0, '':0, '':0, '':0, '':0, '':0, '':0, '':0, '':0, '':0, '':0, '':0, '':0, '':0, '':0, '':0, '':0, '':0, '':0, '':0, '':0, '':0, '':0, '':0, '':0, '':0, ' Q':1186, ':':28747, ' Is':1691, ' something':1545, ' like':737, ' this':456, ' in':297, ' the':272, ' std':2829, 'lib':4472, '?':28804, '':13, 'A':28741, ':':28747, ' No':1770, ',':28725, ' there':736, ' isn':3157, ''':28742, 't':28707, ' a':264, ' built':4429, '-':28733, 'in':262, ' function':908, ' like':737, ' `':1552, 'map':2022, '_':28730, 'with':3415, '_':28730 ]
[1702477544] n_remain: -300
[1702477544] eval: [ '_':28730 ]
[1702477544] n_past = 300
[1702477544] sampled token:  2033: 'index'
[1702477544] last: [ '':0, '':0, '':0, '':0, '':0, '':0, '':0, '':0, '':0, '':0, '':0, '':0, '':0, '':0, '':0, '':0, '':0, '':0, '':0, '':0, '':0, '':0, '':0, '':0, '':0, '':0, '':0, '':0, '':0, '':0, '':0, '':0, ' Q':1186, ':':28747, ' Is':1691, ' something':1545, ' like':737, ' this':456, ' in':297, ' the':272, ' std':2829, 'lib':4472, '?':28804, '':13, 'A':28741, ':':28747, ' No':1770, ',':28725, ' there':736, ' isn':3157, ''':28742, 't':28707, ' a':264, ' built':4429, '-':28733, 'in':262, ' function':908, ' like':737, ' `':1552, 'map':2022, '_':28730, 'with':3415, '_':28730, 'index':2033 ]
[1702477544] n_remain: -301
[1702477544] eval: [ 'index':2033 ]
[1702477544] n_past = 301
[1702477544] sampled token: 28832: '`'
[1702477544] last: [ '':0, '':0, '':0, '':0, '':0, '':0, '':0, '':0, '':0, '':0, '':0, '':0, '':0, '':0, '':0, '':0, '':0, '':0, '':0, '':0, '':0, '':0, '':0, '':0, '':0, '':0, '':0, '':0, '':0, '':0, '':0, ' Q':1186, ':':28747, ' Is':1691, ' something':1545, ' like':737, ' this':456, ' in':297, ' the':272, ' std':2829, 'lib':4472, '?':28804, '':13, 'A':28741, ':':28747, ' No':1770, ',':28725, ' there':736, ' isn':3157, ''':28742, 't':28707, ' a':264, ' built':4429, '-':28733, 'in':262, ' function':908, ' like':737, ' `':1552, 'map':2022, '_':28730, 'with':3415, '_':28730, 'index':2033, '`':28832 ]
[1702477544] n_remain: -302
[1702477544] eval: [ '`':28832 ]
[1702477544] n_past = 302
[1702477544] sampled token:   297: ' in'
[1702477544] last: [ '':0, '':0, '':0, '':0, '':0, '':0, '':0, '':0, '':0, '':0, '':0, '':0, '':0, '':0, '':0, '':0, '':0, '':0, '':0, '':0, '':0, '':0, '':0, '':0, '':0, '':0, '':0, '':0, '':0, '':0, ' Q':1186, ':':28747, ' Is':1691, ' something':1545, ' like':737, ' this':456, ' in':297, ' the':272, ' std':2829, 'lib':4472, '?':28804, '':13, 'A':28741, ':':28747, ' No':1770, ',':28725, ' there':736, ' isn':3157, ''':28742, 't':28707, ' a':264, ' built':4429, '-':28733, 'in':262, ' function':908, ' like':737, ' `':1552, 'map':2022, '_':28730, 'with':3415, '_':28730, 'index':2033, '`':28832, ' in':297 ]
[1702477544] n_remain: -303
[1702477544] eval: [ ' in':297 ]
[1702477545] n_past = 303
[1702477545] sampled token:   272: ' the'
[1702477545] last: [ '':0, '':0, '':0, '':0, '':0, '':0, '':0, '':0, '':0, '':0, '':0, '':0, '':0, '':0, '':0, '':0, '':0, '':0, '':0, '':0, '':0, '':0, '':0, '':0, '':0, '':0, '':0, '':0, '':0, ' Q':1186, ':':28747, ' Is':1691, ' something':1545, ' like':737, ' this':456, ' in':297, ' the':272, ' std':2829, 'lib':4472, '?':28804, '':13, 'A':28741, ':':28747, ' No':1770, ',':28725, ' there':736, ' isn':3157, ''':28742, 't':28707, ' a':264, ' built':4429, '-':28733, 'in':262, ' function':908, ' like':737, ' `':1552, 'map':2022, '_':28730, 'with':3415, '_':28730, 'index':2033, '`':28832, ' in':297, ' the':272 ]
[1702477545] n_remain: -304
[1702477545] eval: [ ' the':272 ]
[1702477545] n_past = 304
[1702477545] sampled token:   451: ' O'
[1702477545] last: [ '':0, '':0, '':0, '':0, '':0, '':0, '':0, '':0, '':0, '':0, '':0, '':0, '':0, '':0, '':0, '':0, '':0, '':0, '':0, '':0, '':0, '':0, '':0, '':0, '':0, '':0, '':0, '':0, ' Q':1186, ':':28747, ' Is':1691, ' something':1545, ' like':737, ' this':456, ' in':297, ' the':272, ' std':2829, 'lib':4472, '?':28804, '':13, 'A':28741, ':':28747, ' No':1770, ',':28725, ' there':736, ' isn':3157, ''':28742, 't':28707, ' a':264, ' built':4429, '-':28733, 'in':262, ' function':908, ' like':737, ' `':1552, 'map':2022, '_':28730, 'with':3415, '_':28730, 'index':2033, '`':28832, ' in':297, ' the':272, ' O':451 ]
[1702477545] n_remain: -305
[1702477545] eval: [ ' O':451 ]
[1702477545] n_past = 305
[1702477545] sampled token: 11658: 'Cam'
[1702477545] last: [ '':0, '':0, '':0, '':0, '':0, '':0, '':0, '':0, '':0, '':0, '':0, '':0, '':0, '':0, '':0, '':0, '':0, '':0, '':0, '':0, '':0, '':0, '':0, '':0, '':0, '':0, '':0, ' Q':1186, ':':28747, ' Is':1691, ' something':1545, ' like':737, ' this':456, ' in':297, ' the':272, ' std':2829, 'lib':4472, '?':28804, '':13, 'A':28741, ':':28747, ' No':1770, ',':28725, ' there':736, ' isn':3157, ''':28742, 't':28707, ' a':264, ' built':4429, '-':28733, 'in':262, ' function':908, ' like':737, ' `':1552, 'map':2022, '_':28730, 'with':3415, '_':28730, 'index':2033, '`':28832, ' in':297, ' the':272, ' O':451, 'Cam':11658 ]
[1702477545] n_remain: -306
[1702477545] eval: [ 'Cam':11658 ]
[1702477545] n_past = 306
[1702477545] sampled token: 28714: 'l'
[1702477545] last: [ '':0, '':0, '':0, '':0, '':0, '':0, '':0, '':0, '':0, '':0, '':0, '':0, '':0, '':0, '':0, '':0, '':0, '':0, '':0, '':0, '':0, '':0, '':0, '':0, '':0, '':0, ' Q':1186, ':':28747, ' Is':1691, ' something':1545, ' like':737, ' this':456, ' in':297, ' the':272, ' std':2829, 'lib':4472, '?':28804, '':13, 'A':28741, ':':28747, ' No':1770, ',':28725, ' there':736, ' isn':3157, ''':28742, 't':28707, ' a':264, ' built':4429, '-':28733, 'in':262, ' function':908, ' like':737, ' `':1552, 'map':2022, '_':28730, 'with':3415, '_':28730, 'index':2033, '`':28832, ' in':297, ' the':272, ' O':451, 'Cam':11658, 'l':28714 ]
[1702477545] n_remain: -307
[1702477545] eval: [ 'l':28714 ]
[1702477545] n_past = 307
[1702477545] sampled token:  4787: ' standard'
[1702477545] last: [ '':0, '':0, '':0, '':0, '':0, '':0, '':0, '':0, '':0, '':0, '':0, '':0, '':0, '':0, '':0, '':0, '':0, '':0, '':0, '':0, '':0, '':0, '':0, '':0, '':0, ' Q':1186, ':':28747, ' Is':1691, ' something':1545, ' like':737, ' this':456, ' in':297, ' the':272, ' std':2829, 'lib':4472, '?':28804, '':13, 'A':28741, ':':28747, ' No':1770, ',':28725, ' there':736, ' isn':3157, ''':28742, 't':28707, ' a':264, ' built':4429, '-':28733, 'in':262, ' function':908, ' like':737, ' `':1552, 'map':2022, '_':28730, 'with':3415, '_':28730, 'index':2033, '`':28832, ' in':297, ' the':272, ' O':451, 'Cam':11658, 'l':28714, ' standard':4787 ]
[1702477545] n_remain: -308
[1702477545] eval: [ ' standard':4787 ]
[1702477545] n_past = 308
[1702477545] sampled token:  7607: ' library'
[1702477545] last: [ '':0, '':0, '':0, '':0, '':0, '':0, '':0, '':0, '':0, '':0, '':0, '':0, '':0, '':0, '':0, '':0, '':0, '':0, '':0, '':0, '':0, '':0, '':0, '':0, ' Q':1186, ':':28747, ' Is':1691, ' something':1545, ' like':737, ' this':456, ' in':297, ' the':272, ' std':2829, 'lib':4472, '?':28804, '':13, 'A':28741, ':':28747, ' No':1770, ',':28725, ' there':736, ' isn':3157, ''':28742, 't':28707, ' a':264, ' built':4429, '-':28733, 'in':262, ' function':908, ' like':737, ' `':1552, 'map':2022, '_':28730, 'with':3415, '_':28730, 'index':2033, '`':28832, ' in':297, ' the':272, ' O':451, 'Cam':11658, 'l':28714, ' standard':4787, ' library':7607 ]
[1702477545] n_remain: -309
[1702477545] eval: [ ' library':7607 ]
[1702477545] n_past = 309
[1702477545] sampled token: 28723: '.'
[1702477545] last: [ '':0, '':0, '':0, '':0, '':0, '':0, '':0, '':0, '':0, '':0, '':0, '':0, '':0, '':0, '':0, '':0, '':0, '':0, '':0, '':0, '':0, '':0, '':0, ' Q':1186, ':':28747, ' Is':1691, ' something':1545, ' like':737, ' this':456, ' in':297, ' the':272, ' std':2829, 'lib':4472, '?':28804, '':13, 'A':28741, ':':28747, ' No':1770, ',':28725, ' there':736, ' isn':3157, ''':28742, 't':28707, ' a':264, ' built':4429, '-':28733, 'in':262, ' function':908, ' like':737, ' `':1552, 'map':2022, '_':28730, 'with':3415, '_':28730, 'index':2033, '`':28832, ' in':297, ' the':272, ' O':451, 'Cam':11658, 'l':28714, ' standard':4787, ' library':7607, '.':28723 ]
[1702477545] n_remain: -310
[1702477545] eval: [ '.':28723 ]
[1702477545] n_past = 310
[1702477545] sampled token:  2993: ' However'
[1702477545] last: [ '':0, '':0, '':0, '':0, '':0, '':0, '':0, '':0, '':0, '':0, '':0, '':0, '':0, '':0, '':0, '':0, '':0, '':0, '':0, '':0, '':0, '':0, ' Q':1186, ':':28747, ' Is':1691, ' something':1545, ' like':737, ' this':456, ' in':297, ' the':272, ' std':2829, 'lib':4472, '?':28804, '':13, 'A':28741, ':':28747, ' No':1770, ',':28725, ' there':736, ' isn':3157, ''':28742, 't':28707, ' a':264, ' built':4429, '-':28733, 'in':262, ' function':908, ' like':737, ' `':1552, 'map':2022, '_':28730, 'with':3415, '_':28730, 'index':2033, '`':28832, ' in':297, ' the':272, ' O':451, 'Cam':11658, 'l':28714, ' standard':4787, ' library':7607, '.':28723, ' However':2993 ]
[1702477545] n_remain: -311
[1702477545] eval: [ ' However':2993 ]
[1702477545] n_past = 311
[1702477545] sampled token: 28725: ','
[1702477545] last: [ '':0, '':0, '':0, '':0, '':0, '':0, '':0, '':0, '':0, '':0, '':0, '':0, '':0, '':0, '':0, '':0, '':0, '':0, '':0, '':0, '':0, ' Q':1186, ':':28747, ' Is':1691, ' something':1545, ' like':737, ' this':456, ' in':297, ' the':272, ' std':2829, 'lib':4472, '?':28804, '':13, 'A':28741, ':':28747, ' No':1770, ',':28725, ' there':736, ' isn':3157, ''':28742, 't':28707, ' a':264, ' built':4429, '-':28733, 'in':262, ' function':908, ' like':737, ' `':1552, 'map':2022, '_':28730, 'with':3415, '_':28730, 'index':2033, '`':28832, ' in':297, ' the':272, ' O':451, 'Cam':11658, 'l':28714, ' standard':4787, ' library':7607, '.':28723, ' However':2993, ',':28725 ]
[1702477545] n_remain: -312
[1702477545] eval: [ ',':28725 ]
[1702477545] n_past = 312
[1702477545] sampled token:   368: ' you'
[1702477545] last: [ '':0, '':0, '':0, '':0, '':0, '':0, '':0, '':0, '':0, '':0, '':0, '':0, '':0, '':0, '':0, '':0, '':0, '':0, '':0, '':0, ' Q':1186, ':':28747, ' Is':1691, ' something':1545, ' like':737, ' this':456, ' in':297, ' the':272, ' std':2829, 'lib':4472, '?':28804, '':13, 'A':28741, ':':28747, ' No':1770, ',':28725, ' there':736, ' isn':3157, ''':28742, 't':28707, ' a':264, ' built':4429, '-':28733, 'in':262, ' function':908, ' like':737, ' `':1552, 'map':2022, '_':28730, 'with':3415, '_':28730, 'index':2033, '`':28832, ' in':297, ' the':272, ' O':451, 'Cam':11658, 'l':28714, ' standard':4787, ' library':7607, '.':28723, ' However':2993, ',':28725, ' you':368 ]
[1702477545] n_remain: -313
[1702477545] eval: [ ' you':368 ]
[1702477545] n_past = 313
[1702477545] sampled token:   541: ' can'
[1702477545] last: [ '':0, '':0, '':0, '':0, '':0, '':0, '':0, '':0, '':0, '':0, '':0, '':0, '':0, '':0, '':0, '':0, '':0, '':0, '':0, ' Q':1186, ':':28747, ' Is':1691, ' something':1545, ' like':737, ' this':456, ' in':297, ' the':272, ' std':2829, 'lib':4472, '?':28804, '':13, 'A':28741, ':':28747, ' No':1770, ',':28725, ' there':736, ' isn':3157, ''':28742, 't':28707, ' a':264, ' built':4429, '-':28733, 'in':262, ' function':908, ' like':737, ' `':1552, 'map':2022, '_':28730, 'with':3415, '_':28730, 'index':2033, '`':28832, ' in':297, ' the':272, ' O':451, 'Cam':11658, 'l':28714, ' standard':4787, ' library':7607, '.':28723, ' However':2993, ',':28725, ' you':368, ' can':541 ]
[1702477545] n_remain: -314
[1702477545] eval: [ ' can':541 ]
[1702477545] n_past = 314
[1702477545] sampled token:  5061: ' easily'
[1702477545] last: [ '':0, '':0, '':0, '':0, '':0, '':0, '':0, '':0, '':0, '':0, '':0, '':0, '':0, '':0, '':0, '':0, '':0, '':0, ' Q':1186, ':':28747, ' Is':1691, ' something':1545, ' like':737, ' this':456, ' in':297, ' the':272, ' std':2829, 'lib':4472, '?':28804, '':13, 'A':28741, ':':28747, ' No':1770, ',':28725, ' there':736, ' isn':3157, ''':28742, 't':28707, ' a':264, ' built':4429, '-':28733, 'in':262, ' function':908, ' like':737, ' `':1552, 'map':2022, '_':28730, 'with':3415, '_':28730, 'index':2033, '`':28832, ' in':297, ' the':272, ' O':451, 'Cam':11658, 'l':28714, ' standard':4787, ' library':7607, '.':28723, ' However':2993, ',':28725, ' you':368, ' can':541, ' easily':5061 ]
[1702477545] n_remain: -315
[1702477545] eval: [ ' easily':5061 ]
[1702477545] n_past = 315
[1702477545] sampled token:  4808: ' implement'
[1702477545] last: [ '':0, '':0, '':0, '':0, '':0, '':0, '':0, '':0, '':0, '':0, '':0, '':0, '':0, '':0, '':0, '':0, '':0, ' Q':1186, ':':28747, ' Is':1691, ' something':1545, ' like':737, ' this':456, ' in':297, ' the':272, ' std':2829, 'lib':4472, '?':28804, '':13, 'A':28741, ':':28747, ' No':1770, ',':28725, ' there':736, ' isn':3157, ''':28742, 't':28707, ' a':264, ' built':4429, '-':28733, 'in':262, ' function':908, ' like':737, ' `':1552, 'map':2022, '_':28730, 'with':3415, '_':28730, 'index':2033, '`':28832, ' in':297, ' the':272, ' O':451, 'Cam':11658, 'l':28714, ' standard':4787, ' library':7607, '.':28723, ' However':2993, ',':28725, ' you':368, ' can':541, ' easily':5061, ' implement':4808 ]
[1702477545] n_remain: -316
[1702477545] eval: [ ' implement':4808 ]
[1702477545] n_past = 316
[1702477545] sampled token:   378: ' it'
[1702477545] last: [ '':0, '':0, '':0, '':0, '':0, '':0, '':0, '':0, '':0, '':0, '':0, '':0, '':0, '':0, '':0, '':0, ' Q':1186, ':':28747, ' Is':1691, ' something':1545, ' like':737, ' this':456, ' in':297, ' the':272, ' std':2829, 'lib':4472, '?':28804, '':13, 'A':28741, ':':28747, ' No':1770, ',':28725, ' there':736, ' isn':3157, ''':28742, 't':28707, ' a':264, ' built':4429, '-':28733, 'in':262, ' function':908, ' like':737, ' `':1552, 'map':2022, '_':28730, 'with':3415, '_':28730, 'index':2033, '`':28832, ' in':297, ' the':272, ' O':451, 'Cam':11658, 'l':28714, ' standard':4787, ' library':7607, '.':28723, ' However':2993, ',':28725, ' you':368, ' can':541, ' easily':5061, ' implement':4808, ' it':378 ]
[1702477545] n_remain: -317
[1702477545] eval: [ ' it':378 ]
[1702477545] n_past = 317
[1702477545] sampled token:  3936: ' yourself'
[1702477545] last: [ '':0, '':0, '':0, '':0, '':0, '':0, '':0, '':0, '':0, '':0, '':0, '':0, '':0, '':0, '':0, ' Q':1186, ':':28747, ' Is':1691, ' something':1545, ' like':737, ' this':456, ' in':297, ' the':272, ' std':2829, 'lib':4472, '?':28804, '':13, 'A':28741, ':':28747, ' No':1770, ',':28725, ' there':736, ' isn':3157, ''':28742, 't':28707, ' a':264, ' built':4429, '-':28733, 'in':262, ' function':908, ' like':737, ' `':1552, 'map':2022, '_':28730, 'with':3415, '_':28730, 'index':2033, '`':28832, ' in':297, ' the':272, ' O':451, 'Cam':11658, 'l':28714, ' standard':4787, ' library':7607, '.':28723, ' However':2993, ',':28725, ' you':368, ' can':541, ' easily':5061, ' implement':4808, ' it':378, ' yourself':3936 ]
[1702477545] n_remain: -318
[1702477545] eval: [ ' yourself':3936 ]
[1702477545] n_past = 318
[1702477545] sampled token:  1413: ' using'
[1702477545] last: [ '':0, '':0, '':0, '':0, '':0, '':0, '':0, '':0, '':0, '':0, '':0, '':0, '':0, '':0, ' Q':1186, ':':28747, ' Is':1691, ' something':1545, ' like':737, ' this':456, ' in':297, ' the':272, ' std':2829, 'lib':4472, '?':28804, '':13, 'A':28741, ':':28747, ' No':1770, ',':28725, ' there':736, ' isn':3157, ''':28742, 't':28707, ' a':264, ' built':4429, '-':28733, 'in':262, ' function':908, ' like':737, ' `':1552, 'map':2022, '_':28730, 'with':3415, '_':28730, 'index':2033, '`':28832, ' in':297, ' the':272, ' O':451, 'Cam':11658, 'l':28714, ' standard':4787, ' library':7607, '.':28723, ' However':2993, ',':28725, ' you':368, ' can':541, ' easily':5061, ' implement':4808, ' it':378, ' yourself':3936, ' using':1413 ]
[1702477545] n_remain: -319
[1702477545] eval: [ ' using':1413 ]
[1702477545] n_past = 319
[1702477545] sampled token:   272: ' the'
[1702477545] last: [ '':0, '':0, '':0, '':0, '':0, '':0, '':0, '':0, '':0, '':0, '':0, '':0, '':0, ' Q':1186, ':':28747, ' Is':1691, ' something':1545, ' like':737, ' this':456, ' in':297, ' the':272, ' std':2829, 'lib':4472, '?':28804, '':13, 'A':28741, ':':28747, ' No':1770, ',':28725, ' there':736, ' isn':3157, ''':28742, 't':28707, ' a':264, ' built':4429, '-':28733, 'in':262, ' function':908, ' like':737, ' `':1552, 'map':2022, '_':28730, 'with':3415, '_':28730, 'index':2033, '`':28832, ' in':297, ' the':272, ' O':451, 'Cam':11658, 'l':28714, ' standard':4787, ' library':7607, '.':28723, ' However':2993, ',':28725, ' you':368, ' can':541, ' easily':5061, ' implement':4808, ' it':378, ' yourself':3936, ' using':1413, ' the':272 ]
[1702477545] n_remain: -320
[1702477545] eval: [ ' the':272 ]
[1702477545] n_past = 320
[1702477545] sampled token:  6594: ' existing'
[1702477545] last: [ '':0, '':0, '':0, '':0, '':0, '':0, '':0, '':0, '':0, '':0, '':0, '':0, ' Q':1186, ':':28747, ' Is':1691, ' something':1545, ' like':737, ' this':456, ' in':297, ' the':272, ' std':2829, 'lib':4472, '?':28804, '':13, 'A':28741, ':':28747, ' No':1770, ',':28725, ' there':736, ' isn':3157, ''':28742, 't':28707, ' a':264, ' built':4429, '-':28733, 'in':262, ' function':908, ' like':737, ' `':1552, 'map':2022, '_':28730, 'with':3415, '_':28730, 'index':2033, '`':28832, ' in':297, ' the':272, ' O':451, 'Cam':11658, 'l':28714, ' standard':4787, ' library':7607, '.':28723, ' However':2993, ',':28725, ' you':368, ' can':541, ' easily':5061, ' implement':4808, ' it':378, ' yourself':3936, ' using':1413, ' the':272, ' existing':6594 ]
[1702477545] n_remain: -321
[1702477545] eval: [ ' existing':6594 ]
[1702477545] n_past = 321
[1702477545] sampled token:  5572: ' functions'
[1702477545] last: [ '':0, '':0, '':0, '':0, '':0, '':0, '':0, '':0, '':0, '':0, '':0, ' Q':1186, ':':28747, ' Is':1691, ' something':1545, ' like':737, ' this':456, ' in':297, ' the':272, ' std':2829, 'lib':4472, '?':28804, '':13, 'A':28741, ':':28747, ' No':1770, ',':28725, ' there':736, ' isn':3157, ''':28742, 't':28707, ' a':264, ' built':4429, '-':28733, 'in':262, ' function':908, ' like':737, ' `':1552, 'map':2022, '_':28730, 'with':3415, '_':28730, 'index':2033, '`':28832, ' in':297, ' the':272, ' O':451, 'Cam':11658, 'l':28714, ' standard':4787, ' library':7607, '.':28723, ' However':2993, ',':28725, ' you':368, ' can':541, ' easily':5061, ' implement':4808, ' it':378, ' yourself':3936, ' using':1413, ' the':272, ' existing':6594, ' functions':5572 ]
[1702477545] n_remain: -322
[1702477545] eval: [ ' functions':5572 ]
[1702477545] n_past = 322
[1702477545] sampled token:   297: ' in'
[1702477545] last: [ '':0, '':0, '':0, '':0, '':0, '':0, '':0, '':0, '':0, '':0, ' Q':1186, ':':28747, ' Is':1691, ' something':1545, ' like':737, ' this':456, ' in':297, ' the':272, ' std':2829, 'lib':4472, '?':28804, '':13, 'A':28741, ':':28747, ' No':1770, ',':28725, ' there':736, ' isn':3157, ''':28742, 't':28707, ' a':264, ' built':4429, '-':28733, 'in':262, ' function':908, ' like':737, ' `':1552, 'map':2022, '_':28730, 'with':3415, '_':28730, 'index':2033, '`':28832, ' in':297, ' the':272, ' O':451, 'Cam':11658, 'l':28714, ' standard':4787, ' library':7607, '.':28723, ' However':2993, ',':28725, ' you':368, ' can':541, ' easily':5061, ' implement':4808, ' it':378, ' yourself':3936, ' using':1413, ' the':272, ' existing':6594, ' functions':5572, ' in':297 ]
[1702477545] n_remain: -323
[1702477545] eval: [ ' in':297 ]
[1702477545] n_past = 323
[1702477545] sampled token:   272: ' the'
[1702477545] last: [ '':0, '':0, '':0, '':0, '':0, '':0, '':0, '':0, '':0, ' Q':1186, ':':28747, ' Is':1691, ' something':1545, ' like':737, ' this':456, ' in':297, ' the':272, ' std':2829, 'lib':4472, '?':28804, '':13, 'A':28741, ':':28747, ' No':1770, ',':28725, ' there':736, ' isn':3157, ''':28742, 't':28707, ' a':264, ' built':4429, '-':28733, 'in':262, ' function':908, ' like':737, ' `':1552, 'map':2022, '_':28730, 'with':3415, '_':28730, 'index':2033, '`':28832, ' in':297, ' the':272, ' O':451, 'Cam':11658, 'l':28714, ' standard':4787, ' library':7607, '.':28723, ' However':2993, ',':28725, ' you':368, ' can':541, ' easily':5061, ' implement':4808, ' it':378, ' yourself':3936, ' using':1413, ' the':272, ' existing':6594, ' functions':5572, ' in':297, ' the':272 ]
[1702477545] n_remain: -324
[1702477545] eval: [ ' the':272 ]
[1702477545] n_past = 324
[1702477545] sampled token:  7607: ' library'
[1702477545] last: [ '':0, '':0, '':0, '':0, '':0, '':0, '':0, '':0, ' Q':1186, ':':28747, ' Is':1691, ' something':1545, ' like':737, ' this':456, ' in':297, ' the':272, ' std':2829, 'lib':4472, '?':28804, '':13, 'A':28741, ':':28747, ' No':1770, ',':28725, ' there':736, ' isn':3157, ''':28742, 't':28707, ' a':264, ' built':4429, '-':28733, 'in':262, ' function':908, ' like':737, ' `':1552, 'map':2022, '_':28730, 'with':3415, '_':28730, 'index':2033, '`':28832, ' in':297, ' the':272, ' O':451, 'Cam':11658, 'l':28714, ' standard':4787, ' library':7607, '.':28723, ' However':2993, ',':28725, ' you':368, ' can':541, ' easily':5061, ' implement':4808, ' it':378, ' yourself':3936, ' using':1413, ' the':272, ' existing':6594, ' functions':5572, ' in':297, ' the':272, ' library':7607 ]
[1702477545] n_remain: -325
[1702477545] eval: [ ' library':7607 ]
[1702477545] n_past = 325
[1702477545] sampled token: 28723: '.'
[1702477545] last: [ '':0, '':0, '':0, '':0, '':0, '':0, '':0, ' Q':1186, ':':28747, ' Is':1691, ' something':1545, ' like':737, ' this':456, ' in':297, ' the':272, ' std':2829, 'lib':4472, '?':28804, '':13, 'A':28741, ':':28747, ' No':1770, ',':28725, ' there':736, ' isn':3157, ''':28742, 't':28707, ' a':264, ' built':4429, '-':28733, 'in':262, ' function':908, ' like':737, ' `':1552, 'map':2022, '_':28730, 'with':3415, '_':28730, 'index':2033, '`':28832, ' in':297, ' the':272, ' O':451, 'Cam':11658, 'l':28714, ' standard':4787, ' library':7607, '.':28723, ' However':2993, ',':28725, ' you':368, ' can':541, ' easily':5061, ' implement':4808, ' it':378, ' yourself':3936, ' using':1413, ' the':272, ' existing':6594, ' functions':5572, ' in':297, ' the':272, ' library':7607, '.':28723 ]
[1702477545] n_remain: -326
[1702477545] eval: [ '.':28723 ]
[1702477545] n_past = 326
[1702477545] sampled token:   851: ' This'
[1702477545] last: [ '':0, '':0, '':0, '':0, '':0, '':0, ' Q':1186, ':':28747, ' Is':1691, ' something':1545, ' like':737, ' this':456, ' in':297, ' the':272, ' std':2829, 'lib':4472, '?':28804, '':13, 'A':28741, ':':28747, ' No':1770, ',':28725, ' there':736, ' isn':3157, ''':28742, 't':28707, ' a':264, ' built':4429, '-':28733, 'in':262, ' function':908, ' like':737, ' `':1552, 'map':2022, '_':28730, 'with':3415, '_':28730, 'index':2033, '`':28832, ' in':297, ' the':272, ' O':451, 'Cam':11658, 'l':28714, ' standard':4787, ' library':7607, '.':28723, ' However':2993, ',':28725, ' you':368, ' can':541, ' easily':5061, ' implement':4808, ' it':378, ' yourself':3936, ' using':1413, ' the':272, ' existing':6594, ' functions':5572, ' in':297, ' the':272, ' library':7607, '.':28723, ' This':851 ]
[1702477545] n_remain: -327
[1702477545] eval: [ ' This':851 ]
[1702477545] n_past = 327
[1702477545] sampled token:   349: ' is'
[1702477545] last: [ '':0, '':0, '':0, '':0, '':0, ' Q':1186, ':':28747, ' Is':1691, ' something':1545, ' like':737, ' this':456, ' in':297, ' the':272, ' std':2829, 'lib':4472, '?':28804, '':13, 'A':28741, ':':28747, ' No':1770, ',':28725, ' there':736, ' isn':3157, ''':28742, 't':28707, ' a':264, ' built':4429, '-':28733, 'in':262, ' function':908, ' like':737, ' `':1552, 'map':2022, '_':28730, 'with':3415, '_':28730, 'index':2033, '`':28832, ' in':297, ' the':272, ' O':451, 'Cam':11658, 'l':28714, ' standard':4787, ' library':7607, '.':28723, ' However':2993, ',':28725, ' you':368, ' can':541, ' easily':5061, ' implement':4808, ' it':378, ' yourself':3936, ' using':1413, ' the':272, ' existing':6594, ' functions':5572, ' in':297, ' the':272, ' library':7607, '.':28723, ' This':851, ' is':349 ]
[1702477545] n_remain: -328
[1702477545] eval: [ ' is':349 ]
[1702477546] n_past = 328
[1702477546] sampled token:   264: ' a'
[1702477546] last: [ '':0, '':0, '':0, '':0, ' Q':1186, ':':28747, ' Is':1691, ' something':1545, ' like':737, ' this':456, ' in':297, ' the':272, ' std':2829, 'lib':4472, '?':28804, '':13, 'A':28741, ':':28747, ' No':1770, ',':28725, ' there':736, ' isn':3157, ''':28742, 't':28707, ' a':264, ' built':4429, '-':28733, 'in':262, ' function':908, ' like':737, ' `':1552, 'map':2022, '_':28730, 'with':3415, '_':28730, 'index':2033, '`':28832, ' in':297, ' the':272, ' O':451, 'Cam':11658, 'l':28714, ' standard':4787, ' library':7607, '.':28723, ' However':2993, ',':28725, ' you':368, ' can':541, ' easily':5061, ' implement':4808, ' it':378, ' yourself':3936, ' using':1413, ' the':272, ' existing':6594, ' functions':5572, ' in':297, ' the':272, ' library':7607, '.':28723, ' This':851, ' is':349, ' a':264 ]
[1702477546] n_remain: -329
[1702477546] eval: [ ' a':264 ]
[1702477546] n_past = 329
[1702477546] sampled token:  3588: ' simple'
[1702477546] last: [ '':0, '':0, '':0, ' Q':1186, ':':28747, ' Is':1691, ' something':1545, ' like':737, ' this':456, ' in':297, ' the':272, ' std':2829, 'lib':4472, '?':28804, '':13, 'A':28741, ':':28747, ' No':1770, ',':28725, ' there':736, ' isn':3157, ''':28742, 't':28707, ' a':264, ' built':4429, '-':28733, 'in':262, ' function':908, ' like':737, ' `':1552, 'map':2022, '_':28730, 'with':3415, '_':28730, 'index':2033, '`':28832, ' in':297, ' the':272, ' O':451, 'Cam':11658, 'l':28714, ' standard':4787, ' library':7607, '.':28723, ' However':2993, ',':28725, ' you':368, ' can':541, ' easily':5061, ' implement':4808, ' it':378, ' yourself':3936, ' using':1413, ' the':272, ' existing':6594, ' functions':5572, ' in':297, ' the':272, ' library':7607, '.':28723, ' This':851, ' is':349, ' a':264, ' simple':3588 ]
[1702477546] n_remain: -330
[1702477546] eval: [ ' simple':3588 ]
[1702477546] n_past = 330
[1702477546] sampled token:  9786: ' implementation'
[1702477546] last: [ '':0, '':0, ' Q':1186, ':':28747, ' Is':1691, ' something':1545, ' like':737, ' this':456, ' in':297, ' the':272, ' std':2829, 'lib':4472, '?':28804, '':13, 'A':28741, ':':28747, ' No':1770, ',':28725, ' there':736, ' isn':3157, ''':28742, 't':28707, ' a':264, ' built':4429, '-':28733, 'in':262, ' function':908, ' like':737, ' `':1552, 'map':2022, '_':28730, 'with':3415, '_':28730, 'index':2033, '`':28832, ' in':297, ' the':272, ' O':451, 'Cam':11658, 'l':28714, ' standard':4787, ' library':7607, '.':28723, ' However':2993, ',':28725, ' you':368, ' can':541, ' easily':5061, ' implement':4808, ' it':378, ' yourself':3936, ' using':1413, ' the':272, ' existing':6594, ' functions':5572, ' in':297, ' the':272, ' library':7607, '.':28723, ' This':851, ' is':349, ' a':264, ' simple':3588, ' implementation':9786 ]
[1702477546] n_remain: -331
[1702477546] eval: [ ' implementation':9786 ]
[1702477546] n_past = 331
[1702477546] sampled token:   302: ' of'
[1702477546] last: [ '':0, ' Q':1186, ':':28747, ' Is':1691, ' something':1545, ' like':737, ' this':456, ' in':297, ' the':272, ' std':2829, 'lib':4472, '?':28804, '':13, 'A':28741, ':':28747, ' No':1770, ',':28725, ' there':736, ' isn':3157, ''':28742, 't':28707, ' a':264, ' built':4429, '-':28733, 'in':262, ' function':908, ' like':737, ' `':1552, 'map':2022, '_':28730, 'with':3415, '_':28730, 'index':2033, '`':28832, ' in':297, ' the':272, ' O':451, 'Cam':11658, 'l':28714, ' standard':4787, ' library':7607, '.':28723, ' However':2993, ',':28725, ' you':368, ' can':541, ' easily':5061, ' implement':4808, ' it':378, ' yourself':3936, ' using':1413, ' the':272, ' existing':6594, ' functions':5572, ' in':297, ' the':272, ' library':7607, '.':28723, ' This':851, ' is':349, ' a':264, ' simple':3588, ' implementation':9786, ' of':302 ]
[1702477546] n_remain: -332
[1702477546] eval: [ ' of':302 ]
[1702477546] n_past = 332
[1702477546] sampled token:   767: ' what'
[1702477546] last: [ ' Q':1186, ':':28747, ' Is':1691, ' something':1545, ' like':737, ' this':456, ' in':297, ' the':272, ' std':2829, 'lib':4472, '?':28804, '':13, 'A':28741, ':':28747, ' No':1770, ',':28725, ' there':736, ' isn':3157, ''':28742, 't':28707, ' a':264, ' built':4429, '-':28733, 'in':262, ' function':908, ' like':737, ' `':1552, 'map':2022, '_':28730, 'with':3415, '_':28730, 'index':2033, '`':28832, ' in':297, ' the':272, ' O':451, 'Cam':11658, 'l':28714, ' standard':4787, ' library':7607, '.':28723, ' However':2993, ',':28725, ' you':368, ' can':541, ' easily':5061, ' implement':4808, ' it':378, ' yourself':3936, ' using':1413, ' the':272, ' existing':6594, ' functions':5572, ' in':297, ' the':272, ' library':7607, '.':28723, ' This':851, ' is':349, ' a':264, ' simple':3588, ' implementation':9786, ' of':302, ' what':767 ]
[1702477546] n_remain: -333
[1702477546] eval: [ ' what':767 ]
[1702477546] n_past = 333
[1702477546] sampled token:   368: ' you'
[1702477546] last: [ ':':28747, ' Is':1691, ' something':1545, ' like':737, ' this':456, ' in':297, ' the':272, ' std':2829, 'lib':4472, '?':28804, '':13, 'A':28741, ':':28747, ' No':1770, ',':28725, ' there':736, ' isn':3157, ''':28742, 't':28707, ' a':264, ' built':4429, '-':28733, 'in':262, ' function':908, ' like':737, ' `':1552, 'map':2022, '_':28730, 'with':3415, '_':28730, 'index':2033, '`':28832, ' in':297, ' the':272, ' O':451, 'Cam':11658, 'l':28714, ' standard':4787, ' library':7607, '.':28723, ' However':2993, ',':28725, ' you':368, ' can':541, ' easily':5061, ' implement':4808, ' it':378, ' yourself':3936, ' using':1413, ' the':272, ' existing':6594, ' functions':5572, ' in':297, ' the':272, ' library':7607, '.':28723, ' This':851, ' is':349, ' a':264, ' simple':3588, ' implementation':9786, ' of':302, ' what':767, ' you':368 ]
[1702477546] n_remain: -334
[1702477546] eval: [ ' you':368 ]
[1702477546] n_past = 334
[1702477546] sampled token: 28742: '''
[1702477546] last: [ ' Is':1691, ' something':1545, ' like':737, ' this':456, ' in':297, ' the':272, ' std':2829, 'lib':4472, '?':28804, '':13, 'A':28741, ':':28747, ' No':1770, ',':28725, ' there':736, ' isn':3157, ''':28742, 't':28707, ' a':264, ' built':4429, '-':28733, 'in':262, ' function':908, ' like':737, ' `':1552, 'map':2022, '_':28730, 'with':3415, '_':28730, 'index':2033, '`':28832, ' in':297, ' the':272, ' O':451, 'Cam':11658, 'l':28714, ' standard':4787, ' library':7607, '.':28723, ' However':2993, ',':28725, ' you':368, ' can':541, ' easily':5061, ' implement':4808, ' it':378, ' yourself':3936, ' using':1413, ' the':272, ' existing':6594, ' functions':5572, ' in':297, ' the':272, ' library':7607, '.':28723, ' This':851, ' is':349, ' a':264, ' simple':3588, ' implementation':9786, ' of':302, ' what':767, ' you':368, ''':28742 ]
[1702477546] n_remain: -335
[1702477546] eval: [ ''':28742 ]
[1702477546] n_past = 335
[1702477546] sampled token:   267: 're'
[1702477546] last: [ ' something':1545, ' like':737, ' this':456, ' in':297, ' the':272, ' std':2829, 'lib':4472, '?':28804, '':13, 'A':28741, ':':28747, ' No':1770, ',':28725, ' there':736, ' isn':3157, ''':28742, 't':28707, ' a':264, ' built':4429, '-':28733, 'in':262, ' function':908, ' like':737, ' `':1552, 'map':2022, '_':28730, 'with':3415, '_':28730, 'index':2033, '`':28832, ' in':297, ' the':272, ' O':451, 'Cam':11658, 'l':28714, ' standard':4787, ' library':7607, '.':28723, ' However':2993, ',':28725, ' you':368, ' can':541, ' easily':5061, ' implement':4808, ' it':378, ' yourself':3936, ' using':1413, ' the':272, ' existing':6594, ' functions':5572, ' in':297, ' the':272, ' library':7607, '.':28723, ' This':851, ' is':349, ' a':264, ' simple':3588, ' implementation':9786, ' of':302, ' what':767, ' you':368, ''':28742, 're':267 ]
[1702477546] n_remain: -336
[1702477546] eval: [ 're':267 ]
[1702477546] n_past = 336
[1702477546] sampled token:  2526: ' looking'
[1702477546] last: [ ' like':737, ' this':456, ' in':297, ' the':272, ' std':2829, 'lib':4472, '?':28804, '':13, 'A':28741, ':':28747, ' No':1770, ',':28725, ' there':736, ' isn':3157, ''':28742, 't':28707, ' a':264, ' built':4429, '-':28733, 'in':262, ' function':908, ' like':737, ' `':1552, 'map':2022, '_':28730, 'with':3415, '_':28730, 'index':2033, '`':28832, ' in':297, ' the':272, ' O':451, 'Cam':11658, 'l':28714, ' standard':4787, ' library':7607, '.':28723, ' However':2993, ',':28725, ' you':368, ' can':541, ' easily':5061, ' implement':4808, ' it':378, ' yourself':3936, ' using':1413, ' the':272, ' existing':6594, ' functions':5572, ' in':297, ' the':272, ' library':7607, '.':28723, ' This':851, ' is':349, ' a':264, ' simple':3588, ' implementation':9786, ' of':302, ' what':767, ' you':368, ''':28742, 're':267, ' looking':2526 ]
[1702477546] n_remain: -337
[1702477546] eval: [ ' looking':2526 ]
[1702477546] n_past = 337
[1702477546] sampled token:   354: ' for'
[1702477546] last: [ ' this':456, ' in':297, ' the':272, ' std':2829, 'lib':4472, '?':28804, '':13, 'A':28741, ':':28747, ' No':1770, ',':28725, ' there':736, ' isn':3157, ''':28742, 't':28707, ' a':264, ' built':4429, '-':28733, 'in':262, ' function':908, ' like':737, ' `':1552, 'map':2022, '_':28730, 'with':3415, '_':28730, 'index':2033, '`':28832, ' in':297, ' the':272, ' O':451, 'Cam':11658, 'l':28714, ' standard':4787, ' library':7607, '.':28723, ' However':2993, ',':28725, ' you':368, ' can':541, ' easily':5061, ' implement':4808, ' it':378, ' yourself':3936, ' using':1413, ' the':272, ' existing':6594, ' functions':5572, ' in':297, ' the':272, ' library':7607, '.':28723, ' This':851, ' is':349, ' a':264, ' simple':3588, ' implementation':9786, ' of':302, ' what':767, ' you':368, ''':28742, 're':267, ' looking':2526, ' for':354 ]
[1702477546] n_remain: -338
[1702477546] eval: [ ' for':354 ]
[1702477546] n_past = 338
[1702477546] sampled token: 28725: ','
[1702477546] last: [ ' in':297, ' the':272, ' std':2829, 'lib':4472, '?':28804, '':13, 'A':28741, ':':28747, ' No':1770, ',':28725, ' there':736, ' isn':3157, ''':28742, 't':28707, ' a':264, ' built':4429, '-':28733, 'in':262, ' function':908, ' like':737, ' `':1552, 'map':2022, '_':28730, 'with':3415, '_':28730, 'index':2033, '`':28832, ' in':297, ' the':272, ' O':451, 'Cam':11658, 'l':28714, ' standard':4787, ' library':7607, '.':28723, ' However':2993, ',':28725, ' you':368, ' can':541, ' easily':5061, ' implement':4808, ' it':378, ' yourself':3936, ' using':1413, ' the':272, ' existing':6594, ' functions':5572, ' in':297, ' the':272, ' library':7607, '.':28723, ' This':851, ' is':349, ' a':264, ' simple':3588, ' implementation':9786, ' of':302, ' what':767, ' you':368, ''':28742, 're':267, ' looking':2526, ' for':354, ',':28725 ]
[1702477546] n_remain: -339
[1702477546] eval: [ ',':28725 ]
[1702477546] n_past = 339
[1702477546] sampled token:   562: ' but'
[1702477546] last: [ ' the':272, ' std':2829, 'lib':4472, '?':28804, '':13, 'A':28741, ':':28747, ' No':1770, ',':28725, ' there':736, ' isn':3157, ''':28742, 't':28707, ' a':264, ' built':4429, '-':28733, 'in':262, ' function':908, ' like':737, ' `':1552, 'map':2022, '_':28730, 'with':3415, '_':28730, 'index':2033, '`':28832, ' in':297, ' the':272, ' O':451, 'Cam':11658, 'l':28714, ' standard':4787, ' library':7607, '.':28723, ' However':2993, ',':28725, ' you':368, ' can':541, ' easily':5061, ' implement':4808, ' it':378, ' yourself':3936, ' using':1413, ' the':272, ' existing':6594, ' functions':5572, ' in':297, ' the':272, ' library':7607, '.':28723, ' This':851, ' is':349, ' a':264, ' simple':3588, ' implementation':9786, ' of':302, ' what':767, ' you':368, ''':28742, 're':267, ' looking':2526, ' for':354, ',':28725, ' but':562 ]
[1702477546] n_remain: -340
[1702477546] eval: [ ' but':562 ]
[1702477546] n_past = 340
[1702477546] sampled token:   513: ' if'
[1702477546] last: [ ' std':2829, 'lib':4472, '?':28804, '':13, 'A':28741, ':':28747, ' No':1770, ',':28725, ' there':736, ' isn':3157, ''':28742, 't':28707, ' a':264, ' built':4429, '-':28733, 'in':262, ' function':908, ' like':737, ' `':1552, 'map':2022, '_':28730, 'with':3415, '_':28730, 'index':2033, '`':28832, ' in':297, ' the':272, ' O':451, 'Cam':11658, 'l':28714, ' standard':4787, ' library':7607, '.':28723, ' However':2993, ',':28725, ' you':368, ' can':541, ' easily':5061, ' implement':4808, ' it':378, ' yourself':3936, ' using':1413, ' the':272, ' existing':6594, ' functions':5572, ' in':297, ' the':272, ' library':7607, '.':28723, ' This':851, ' is':349, ' a':264, ' simple':3588, ' implementation':9786, ' of':302, ' what':767, ' you':368, ''':28742, 're':267, ' looking':2526, ' for':354, ',':28725, ' but':562, ' if':513 ]
[1702477546] n_remain: -341
[1702477546] eval: [ ' if':513 ]
[1702477546] n_past = 341
[1702477546] sampled token:   368: ' you'
[1702477546] last: [ 'lib':4472, '?':28804, '':13, 'A':28741, ':':28747, ' No':1770, ',':28725, ' there':736, ' isn':3157, ''':28742, 't':28707, ' a':264, ' built':4429, '-':28733, 'in':262, ' function':908, ' like':737, ' `':1552, 'map':2022, '_':28730, 'with':3415, '_':28730, 'index':2033, '`':28832, ' in':297, ' the':272, ' O':451, 'Cam':11658, 'l':28714, ' standard':4787, ' library':7607, '.':28723, ' However':2993, ',':28725, ' you':368, ' can':541, ' easily':5061, ' implement':4808, ' it':378, ' yourself':3936, ' using':1413, ' the':272, ' existing':6594, ' functions':5572, ' in':297, ' the':272, ' library':7607, '.':28723, ' This':851, ' is':349, ' a':264, ' simple':3588, ' implementation':9786, ' of':302, ' what':767, ' you':368, ''':28742, 're':267, ' looking':2526, ' for':354, ',':28725, ' but':562, ' if':513, ' you':368 ]
[1702477546] n_remain: -342
[1702477546] eval: [ ' you':368 ]
[1702477546] n_past = 342
[1702477546] sampled token:   927: ' need'
[1702477546] last: [ '?':28804, '':13, 'A':28741, ':':28747, ' No':1770, ',':28725, ' there':736, ' isn':3157, ''':28742, 't':28707, ' a':264, ' built':4429, '-':28733, 'in':262, ' function':908, ' like':737, ' `':1552, 'map':2022, '_':28730, 'with':3415, '_':28730, 'index':2033, '`':28832, ' in':297, ' the':272, ' O':451, 'Cam':11658, 'l':28714, ' standard':4787, ' library':7607, '.':28723, ' However':2993, ',':28725, ' you':368, ' can':541, ' easily':5061, ' implement':4808, ' it':378, ' yourself':3936, ' using':1413, ' the':272, ' existing':6594, ' functions':5572, ' in':297, ' the':272, ' library':7607, '.':28723, ' This':851, ' is':349, ' a':264, ' simple':3588, ' implementation':9786, ' of':302, ' what':767, ' you':368, ''':28742, 're':267, ' looking':2526, ' for':354, ',':28725, ' but':562, ' if':513, ' you':368, ' need':927 ]
[1702477546] n_remain: -343
[1702477546] eval: [ ' need':927 ]
[1702477546] n_past = 343
[1702477546] sampled token:   680: ' more'
[1702477546] last: [ '':13, 'A':28741, ':':28747, ' No':1770, ',':28725, ' there':736, ' isn':3157, ''':28742, 't':28707, ' a':264, ' built':4429, '-':28733, 'in':262, ' function':908, ' like':737, ' `':1552, 'map':2022, '_':28730, 'with':3415, '_':28730, 'index':2033, '`':28832, ' in':297, ' the':272, ' O':451, 'Cam':11658, 'l':28714, ' standard':4787, ' library':7607, '.':28723, ' However':2993, ',':28725, ' you':368, ' can':541, ' easily':5061, ' implement':4808, ' it':378, ' yourself':3936, ' using':1413, ' the':272, ' existing':6594, ' functions':5572, ' in':297, ' the':272, ' library':7607, '.':28723, ' This':851, ' is':349, ' a':264, ' simple':3588, ' implementation':9786, ' of':302, ' what':767, ' you':368, ''':28742, 're':267, ' looking':2526, ' for':354, ',':28725, ' but':562, ' if':513, ' you':368, ' need':927, ' more':680 ]
[1702477546] n_remain: -344
[1702477546] eval: [ ' more':680 ]
[1702477546] n_past = 344
[1702477546] sampled token: 10023: ' advanced'
[1702477546] last: [ 'A':28741, ':':28747, ' No':1770, ',':28725, ' there':736, ' isn':3157, ''':28742, 't':28707, ' a':264, ' built':4429, '-':28733, 'in':262, ' function':908, ' like':737, ' `':1552, 'map':2022, '_':28730, 'with':3415, '_':28730, 'index':2033, '`':28832, ' in':297, ' the':272, ' O':451, 'Cam':11658, 'l':28714, ' standard':4787, ' library':7607, '.':28723, ' However':2993, ',':28725, ' you':368, ' can':541, ' easily':5061, ' implement':4808, ' it':378, ' yourself':3936, ' using':1413, ' the':272, ' existing':6594, ' functions':5572, ' in':297, ' the':272, ' library':7607, '.':28723, ' This':851, ' is':349, ' a':264, ' simple':3588, ' implementation':9786, ' of':302, ' what':767, ' you':368, ''':28742, 're':267, ' looking':2526, ' for':354, ',':28725, ' but':562, ' if':513, ' you':368, ' need':927, ' more':680, ' advanced':10023 ]
[1702477546] n_remain: -345
[1702477546] eval: [ ' advanced':10023 ]
[1702477546] n_past = 345
[1702477546] sampled token: 20289: ' functionality'
[1702477546] last: [ ':':28747, ' No':1770, ',':28725, ' there':736, ' isn':3157, ''':28742, 't':28707, ' a':264, ' built':4429, '-':28733, 'in':262, ' function':908, ' like':737, ' `':1552, 'map':2022, '_':28730, 'with':3415, '_':28730, 'index':2033, '`':28832, ' in':297, ' the':272, ' O':451, 'Cam':11658, 'l':28714, ' standard':4787, ' library':7607, '.':28723, ' However':2993, ',':28725, ' you':368, ' can':541, ' easily':5061, ' implement':4808, ' it':378, ' yourself':3936, ' using':1413, ' the':272, ' existing':6594, ' functions':5572, ' in':297, ' the':272, ' library':7607, '.':28723, ' This':851, ' is':349, ' a':264, ' simple':3588, ' implementation':9786, ' of':302, ' what':767, ' you':368, ''':28742, 're':267, ' looking':2526, ' for':354, ',':28725, ' but':562, ' if':513, ' you':368, ' need':927, ' more':680, ' advanced':10023, ' functionality':20289 ]
[1702477546] n_remain: -346
[1702477546] eval: [ ' functionality':20289 ]
[1702477546] n_past = 346
[1702477546] sampled token:   442: ' or'
[1702477546] last: [ ' No':1770, ',':28725, ' there':736, ' isn':3157, ''':28742, 't':28707, ' a':264, ' built':4429, '-':28733, 'in':262, ' function':908, ' like':737, ' `':1552, 'map':2022, '_':28730, 'with':3415, '_':28730, 'index':2033, '`':28832, ' in':297, ' the':272, ' O':451, 'Cam':11658, 'l':28714, ' standard':4787, ' library':7607, '.':28723, ' However':2993, ',':28725, ' you':368, ' can':541, ' easily':5061, ' implement':4808, ' it':378, ' yourself':3936, ' using':1413, ' the':272, ' existing':6594, ' functions':5572, ' in':297, ' the':272, ' library':7607, '.':28723, ' This':851, ' is':349, ' a':264, ' simple':3588, ' implementation':9786, ' of':302, ' what':767, ' you':368, ''':28742, 're':267, ' looking':2526, ' for':354, ',':28725, ' but':562, ' if':513, ' you':368, ' need':927, ' more':680, ' advanced':10023, ' functionality':20289, ' or':442 ]
[1702477546] n_remain: -347
[1702477546] eval: [ ' or':442 ]
[1702477546] n_past = 347
[1702477546] sampled token:   947: ' want'
[1702477546] last: [ ',':28725, ' there':736, ' isn':3157, ''':28742, 't':28707, ' a':264, ' built':4429, '-':28733, 'in':262, ' function':908, ' like':737, ' `':1552, 'map':2022, '_':28730, 'with':3415, '_':28730, 'index':2033, '`':28832, ' in':297, ' the':272, ' O':451, 'Cam':11658, 'l':28714, ' standard':4787, ' library':7607, '.':28723, ' However':2993, ',':28725, ' you':368, ' can':541, ' easily':5061, ' implement':4808, ' it':378, ' yourself':3936, ' using':1413, ' the':272, ' existing':6594, ' functions':5572, ' in':297, ' the':272, ' library':7607, '.':28723, ' This':851, ' is':349, ' a':264, ' simple':3588, ' implementation':9786, ' of':302, ' what':767, ' you':368, ''':28742, 're':267, ' looking':2526, ' for':354, ',':28725, ' but':562, ' if':513, ' you':368, ' need':927, ' more':680, ' advanced':10023, ' functionality':20289, ' or':442, ' want':947 ]
[1702477546] n_remain: -348
[1702477546] eval: [ ' want':947 ]
[1702477546] n_past = 348
[1702477546] sampled token:   298: ' to'
[1702477546] last: [ ' there':736, ' isn':3157, ''':28742, 't':28707, ' a':264, ' built':4429, '-':28733, 'in':262, ' function':908, ' like':737, ' `':1552, 'map':2022, '_':28730, 'with':3415, '_':28730, 'index':2033, '`':28832, ' in':297, ' the':272, ' O':451, 'Cam':11658, 'l':28714, ' standard':4787, ' library':7607, '.':28723, ' However':2993, ',':28725, ' you':368, ' can':541, ' easily':5061, ' implement':4808, ' it':378, ' yourself':3936, ' using':1413, ' the':272, ' existing':6594, ' functions':5572, ' in':297, ' the':272, ' library':7607, '.':28723, ' This':851, ' is':349, ' a':264, ' simple':3588, ' implementation':9786, ' of':302, ' what':767, ' you':368, ''':28742, 're':267, ' looking':2526, ' for':354, ',':28725, ' but':562, ' if':513, ' you':368, ' need':927, ' more':680, ' advanced':10023, ' functionality':20289, ' or':442, ' want':947, ' to':298 ]
[1702477546] n_remain: -349
[1702477546] eval: [ ' to':298 ]
[1702477546] n_past = 349
[1702477546] sampled token:  4461: ' avoid'
[1702477546] last: [ ' isn':3157, ''':28742, 't':28707, ' a':264, ' built':4429, '-':28733, 'in':262, ' function':908, ' like':737, ' `':1552, 'map':2022, '_':28730, 'with':3415, '_':28730, 'index':2033, '`':28832, ' in':297, ' the':272, ' O':451, 'Cam':11658, 'l':28714, ' standard':4787, ' library':7607, '.':28723, ' However':2993, ',':28725, ' you':368, ' can':541, ' easily':5061, ' implement':4808, ' it':378, ' yourself':3936, ' using':1413, ' the':272, ' existing':6594, ' functions':5572, ' in':297, ' the':272, ' library':7607, '.':28723, ' This':851, ' is':349, ' a':264, ' simple':3588, ' implementation':9786, ' of':302, ' what':767, ' you':368, ''':28742, 're':267, ' looking':2526, ' for':354, ',':28725, ' but':562, ' if':513, ' you':368, ' need':927, ' more':680, ' advanced':10023, ' functionality':20289, ' or':442, ' want':947, ' to':298, ' avoid':4461 ]
[1702477546] n_remain: -350
[1702477546] eval: [ ' avoid':4461 ]
[1702477546] n_past = 350
[1702477546] sampled token:  3653: ' writing'
[1702477546] last: [ ''':28742, 't':28707, ' a':264, ' built':4429, '-':28733, 'in':262, ' function':908, ' like':737, ' `':1552, 'map':2022, '_':28730, 'with':3415, '_':28730, 'index':2033, '`':28832, ' in':297, ' the':272, ' O':451, 'Cam':11658, 'l':28714, ' standard':4787, ' library':7607, '.':28723, ' However':2993, ',':28725, ' you':368, ' can':541, ' easily':5061, ' implement':4808, ' it':378, ' yourself':3936, ' using':1413, ' the':272, ' existing':6594, ' functions':5572, ' in':297, ' the':272, ' library':7607, '.':28723, ' This':851, ' is':349, ' a':264, ' simple':3588, ' implementation':9786, ' of':302, ' what':767, ' you':368, ''':28742, 're':267, ' looking':2526, ' for':354, ',':28725, ' but':562, ' if':513, ' you':368, ' need':927, ' more':680, ' advanced':10023, ' functionality':20289, ' or':442, ' want':947, ' to':298, ' avoid':4461, ' writing':3653 ]
[1702477546] n_remain: -351
[1702477546] eval: [ ' writing':3653 ]
[1702477546] n_past = 351
[1702477546] sampled token:   574: ' your'
[1702477546] last: [ 't':28707, ' a':264, ' built':4429, '-':28733, 'in':262, ' function':908, ' like':737, ' `':1552, 'map':2022, '_':28730, 'with':3415, '_':28730, 'index':2033, '`':28832, ' in':297, ' the':272, ' O':451, 'Cam':11658, 'l':28714, ' standard':4787, ' library':7607, '.':28723, ' However':2993, ',':28725, ' you':368, ' can':541, ' easily':5061, ' implement':4808, ' it':378, ' yourself':3936, ' using':1413, ' the':272, ' existing':6594, ' functions':5572, ' in':297, ' the':272, ' library':7607, '.':28723, ' This':851, ' is':349, ' a':264, ' simple':3588, ' implementation':9786, ' of':302, ' what':767, ' you':368, ''':28742, 're':267, ' looking':2526, ' for':354, ',':28725, ' but':562, ' if':513, ' you':368, ' need':927, ' more':680, ' advanced':10023, ' functionality':20289, ' or':442, ' want':947, ' to':298, ' avoid':4461, ' writing':3653, ' your':574 ]
[1702477546] n_remain: -352
[1702477546] eval: [ ' your':574 ]
[1702477546] n_past = 352
[1702477546] sampled token:  1216: ' own'
[1702477546] last: [ ' a':264, ' built':4429, '-':28733, 'in':262, ' function':908, ' like':737, ' `':1552, 'map':2022, '_':28730, 'with':3415, '_':28730, 'index':2033, '`':28832, ' in':297, ' the':272, ' O':451, 'Cam':11658, 'l':28714, ' standard':4787, ' library':7607, '.':28723, ' However':2993, ',':28725, ' you':368, ' can':541, ' easily':5061, ' implement':4808, ' it':378, ' yourself':3936, ' using':1413, ' the':272, ' existing':6594, ' functions':5572, ' in':297, ' the':272, ' library':7607, '.':28723, ' This':851, ' is':349, ' a':264, ' simple':3588, ' implementation':9786, ' of':302, ' what':767, ' you':368, ''':28742, 're':267, ' looking':2526, ' for':354, ',':28725, ' but':562, ' if':513, ' you':368, ' need':927, ' more':680, ' advanced':10023, ' functionality':20289, ' or':442, ' want':947, ' to':298, ' avoid':4461, ' writing':3653, ' your':574, ' own':1216 ]
[1702477546] n_remain: -353
[1702477546] eval: [ ' own':1216 ]
[1702477547] n_past = 353
[1702477547] sampled token: 20884: ' helper'
[1702477547] last: [ ' built':4429, '-':28733, 'in':262, ' function':908, ' like':737, ' `':1552, 'map':2022, '_':28730, 'with':3415, '_':28730, 'index':2033, '`':28832, ' in':297, ' the':272, ' O':451, 'Cam':11658, 'l':28714, ' standard':4787, ' library':7607, '.':28723, ' However':2993, ',':28725, ' you':368, ' can':541, ' easily':5061, ' implement':4808, ' it':378, ' yourself':3936, ' using':1413, ' the':272, ' existing':6594, ' functions':5572, ' in':297, ' the':272, ' library':7607, '.':28723, ' This':851, ' is':349, ' a':264, ' simple':3588, ' implementation':9786, ' of':302, ' what':767, ' you':368, ''':28742, 're':267, ' looking':2526, ' for':354, ',':28725, ' but':562, ' if':513, ' you':368, ' need':927, ' more':680, ' advanced':10023, ' functionality':20289, ' or':442, ' want':947, ' to':298, ' avoid':4461, ' writing':3653, ' your':574, ' own':1216, ' helper':20884 ]
[1702477547] n_remain: -354
[1702477547] eval: [ ' helper':20884 ]
[1702477547] n_past = 354
[1702477547] sampled token:   908: ' function'
[1702477547] last: [ '-':28733, 'in':262, ' function':908, ' like':737, ' `':1552, 'map':2022, '_':28730, 'with':3415, '_':28730, 'index':2033, '`':28832, ' in':297, ' the':272, ' O':451, 'Cam':11658, 'l':28714, ' standard':4787, ' library':7607, '.':28723, ' However':2993, ',':28725, ' you':368, ' can':541, ' easily':5061, ' implement':4808, ' it':378, ' yourself':3936, ' using':1413, ' the':272, ' existing':6594, ' functions':5572, ' in':297, ' the':272, ' library':7607, '.':28723, ' This':851, ' is':349, ' a':264, ' simple':3588, ' implementation':9786, ' of':302, ' what':767, ' you':368, ''':28742, 're':267, ' looking':2526, ' for':354, ',':28725, ' but':562, ' if':513, ' you':368, ' need':927, ' more':680, ' advanced':10023, ' functionality':20289, ' or':442, ' want':947, ' to':298, ' avoid':4461, ' writing':3653, ' your':574, ' own':1216, ' helper':20884, ' function':908 ]
[1702477547] n_remain: -355
[1702477547] eval: [ ' function':908 ]
[1702477547] n_past = 355
[1702477547] sampled token: 28725: ','
[1702477547] last: [ 'in':262, ' function':908, ' like':737, ' `':1552, 'map':2022, '_':28730, 'with':3415, '_':28730, 'index':2033, '`':28832, ' in':297, ' the':272, ' O':451, 'Cam':11658, 'l':28714, ' standard':4787, ' library':7607, '.':28723, ' However':2993, ',':28725, ' you':368, ' can':541, ' easily':5061, ' implement':4808, ' it':378, ' yourself':3936, ' using':1413, ' the':272, ' existing':6594, ' functions':5572, ' in':297, ' the':272, ' library':7607, '.':28723, ' This':851, ' is':349, ' a':264, ' simple':3588, ' implementation':9786, ' of':302, ' what':767, ' you':368, ''':28742, 're':267, ' looking':2526, ' for':354, ',':28725, ' but':562, ' if':513, ' you':368, ' need':927, ' more':680, ' advanced':10023, ' functionality':20289, ' or':442, ' want':947, ' to':298, ' avoid':4461, ' writing':3653, ' your':574, ' own':1216, ' helper':20884, ' function':908, ',':28725 ]
[1702477547] n_remain: -356
[1702477547] eval: [ ',':28725 ]
[1702477547] n_past = 356
[1702477547] sampled token:   368: ' you'
[1702477547] last: [ ' function':908, ' like':737, ' `':1552, 'map':2022, '_':28730, 'with':3415, '_':28730, 'index':2033, '`':28832, ' in':297, ' the':272, ' O':451, 'Cam':11658, 'l':28714, ' standard':4787, ' library':7607, '.':28723, ' However':2993, ',':28725, ' you':368, ' can':541, ' easily':5061, ' implement':4808, ' it':378, ' yourself':3936, ' using':1413, ' the':272, ' existing':6594, ' functions':5572, ' in':297, ' the':272, ' library':7607, '.':28723, ' This':851, ' is':349, ' a':264, ' simple':3588, ' implementation':9786, ' of':302, ' what':767, ' you':368, ''':28742, 're':267, ' looking':2526, ' for':354, ',':28725, ' but':562, ' if':513, ' you':368, ' need':927, ' more':680, ' advanced':10023, ' functionality':20289, ' or':442, ' want':947, ' to':298, ' avoid':4461, ' writing':3653, ' your':574, ' own':1216, ' helper':20884, ' function':908, ',':28725, ' you':368 ]
[1702477547] n_remain: -357
[1702477547] eval: [ ' you':368 ]
[1702477547] n_past = 357
[1702477547] sampled token:  1659: ' might'
[1702477547] last: [ ' like':737, ' `':1552, 'map':2022, '_':28730, 'with':3415, '_':28730, 'index':2033, '`':28832, ' in':297, ' the':272, ' O':451, 'Cam':11658, 'l':28714, ' standard':4787, ' library':7607, '.':28723, ' However':2993, ',':28725, ' you':368, ' can':541, ' easily':5061, ' implement':4808, ' it':378, ' yourself':3936, ' using':1413, ' the':272, ' existing':6594, ' functions':5572, ' in':297, ' the':272, ' library':7607, '.':28723, ' This':851, ' is':349, ' a':264, ' simple':3588, ' implementation':9786, ' of':302, ' what':767, ' you':368, ''':28742, 're':267, ' looking':2526, ' for':354, ',':28725, ' but':562, ' if':513, ' you':368, ' need':927, ' more':680, ' advanced':10023, ' functionality':20289, ' or':442, ' want':947, ' to':298, ' avoid':4461, ' writing':3653, ' your':574, ' own':1216, ' helper':20884, ' function':908, ',':28725, ' you':368, ' might':1659 ]
[1702477547] n_remain: -358
[1702477547] eval: [ ' might':1659 ]
[1702477547] n_past = 358
[1702477547] sampled token:   947: ' want'
[1702477547] last: [ ' `':1552, 'map':2022, '_':28730, 'with':3415, '_':28730, 'index':2033, '`':28832, ' in':297, ' the':272, ' O':451, 'Cam':11658, 'l':28714, ' standard':4787, ' library':7607, '.':28723, ' However':2993, ',':28725, ' you':368, ' can':541, ' easily':5061, ' implement':4808, ' it':378, ' yourself':3936, ' using':1413, ' the':272, ' existing':6594, ' functions':5572, ' in':297, ' the':272, ' library':7607, '.':28723, ' This':851, ' is':349, ' a':264, ' simple':3588, ' implementation':9786, ' of':302, ' what':767, ' you':368, ''':28742, 're':267, ' looking':2526, ' for':354, ',':28725, ' but':562, ' if':513, ' you':368, ' need':927, ' more':680, ' advanced':10023, ' functionality':20289, ' or':442, ' want':947, ' to':298, ' avoid':4461, ' writing':3653, ' your':574, ' own':1216, ' helper':20884, ' function':908, ',':28725, ' you':368, ' might':1659, ' want':947 ]
[1702477547] n_remain: -359
[1702477547] eval: [ ' want':947 ]
[1702477547] n_past = 359
[1702477547] sampled token:   298: ' to'
[1702477547] last: [ 'map':2022, '_':28730, 'with':3415, '_':28730, 'index':2033, '`':28832, ' in':297, ' the':272, ' O':451, 'Cam':11658, 'l':28714, ' standard':4787, ' library':7607, '.':28723, ' However':2993, ',':28725, ' you':368, ' can':541, ' easily':5061, ' implement':4808, ' it':378, ' yourself':3936, ' using':1413, ' the':272, ' existing':6594, ' functions':5572, ' in':297, ' the':272, ' library':7607, '.':28723, ' This':851, ' is':349, ' a':264, ' simple':3588, ' implementation':9786, ' of':302, ' what':767, ' you':368, ''':28742, 're':267, ' looking':2526, ' for':354, ',':28725, ' but':562, ' if':513, ' you':368, ' need':927, ' more':680, ' advanced':10023, ' functionality':20289, ' or':442, ' want':947, ' to':298, ' avoid':4461, ' writing':3653, ' your':574, ' own':1216, ' helper':20884, ' function':908, ',':28725, ' you':368, ' might':1659, ' want':947, ' to':298 ]
[1702477547] n_remain: -360
[1702477547] eval: [ ' to':298 ]
[1702477547] n_past = 360
[1702477547] sampled token: 11418: ' explore'
[1702477547] last: [ '_':28730, 'with':3415, '_':28730, 'index':2033, '`':28832, ' in':297, ' the':272, ' O':451, 'Cam':11658, 'l':28714, ' standard':4787, ' library':7607, '.':28723, ' However':2993, ',':28725, ' you':368, ' can':541, ' easily':5061, ' implement':4808, ' it':378, ' yourself':3936, ' using':1413, ' the':272, ' existing':6594, ' functions':5572, ' in':297, ' the':272, ' library':7607, '.':28723, ' This':851, ' is':349, ' a':264, ' simple':3588, ' implementation':9786, ' of':302, ' what':767, ' you':368, ''':28742, 're':267, ' looking':2526, ' for':354, ',':28725, ' but':562, ' if':513, ' you':368, ' need':927, ' more':680, ' advanced':10023, ' functionality':20289, ' or':442, ' want':947, ' to':298, ' avoid':4461, ' writing':3653, ' your':574, ' own':1216, ' helper':20884, ' function':908, ',':28725, ' you':368, ' might':1659, ' want':947, ' to':298, ' explore':11418 ]
[1702477547] n_remain: -361
[1702477547] eval: [ ' explore':11418 ]
[1702477547] n_past = 361
[1702477547] sampled token:  4008: ' third'
[1702477547] last: [ 'with':3415, '_':28730, 'index':2033, '`':28832, ' in':297, ' the':272, ' O':451, 'Cam':11658, 'l':28714, ' standard':4787, ' library':7607, '.':28723, ' However':2993, ',':28725, ' you':368, ' can':541, ' easily':5061, ' implement':4808, ' it':378, ' yourself':3936, ' using':1413, ' the':272, ' existing':6594, ' functions':5572, ' in':297, ' the':272, ' library':7607, '.':28723, ' This':851, ' is':349, ' a':264, ' simple':3588, ' implementation':9786, ' of':302, ' what':767, ' you':368, ''':28742, 're':267, ' looking':2526, ' for':354, ',':28725, ' but':562, ' if':513, ' you':368, ' need':927, ' more':680, ' advanced':10023, ' functionality':20289, ' or':442, ' want':947, ' to':298, ' avoid':4461, ' writing':3653, ' your':574, ' own':1216, ' helper':20884, ' function':908, ',':28725, ' you':368, ' might':1659, ' want':947, ' to':298, ' explore':11418, ' third':4008 ]
[1702477547] n_remain: -362
[1702477547] eval: [ ' third':4008 ]
[1702477547] n_past = 362
[1702477547] sampled token: 28733: '-'
[1702477547] last: [ '_':28730, 'index':2033, '`':28832, ' in':297, ' the':272, ' O':451, 'Cam':11658, 'l':28714, ' standard':4787, ' library':7607, '.':28723, ' However':2993, ',':28725, ' you':368, ' can':541, ' easily':5061, ' implement':4808, ' it':378, ' yourself':3936, ' using':1413, ' the':272, ' existing':6594, ' functions':5572, ' in':297, ' the':272, ' library':7607, '.':28723, ' This':851, ' is':349, ' a':264, ' simple':3588, ' implementation':9786, ' of':302, ' what':767, ' you':368, ''':28742, 're':267, ' looking':2526, ' for':354, ',':28725, ' but':562, ' if':513, ' you':368, ' need':927, ' more':680, ' advanced':10023, ' functionality':20289, ' or':442, ' want':947, ' to':298, ' avoid':4461, ' writing':3653, ' your':574, ' own':1216, ' helper':20884, ' function':908, ',':28725, ' you':368, ' might':1659, ' want':947, ' to':298, ' explore':11418, ' third':4008, '-':28733 ]
[1702477547] n_remain: -363
[1702477547] eval: [ '-':28733 ]
[1702477547] n_past = 363
[1702477547] sampled token: 14999: 'party'
[1702477547] last: [ 'index':2033, '`':28832, ' in':297, ' the':272, ' O':451, 'Cam':11658, 'l':28714, ' standard':4787, ' library':7607, '.':28723, ' However':2993, ',':28725, ' you':368, ' can':541, ' easily':5061, ' implement':4808, ' it':378, ' yourself':3936, ' using':1413, ' the':272, ' existing':6594, ' functions':5572, ' in':297, ' the':272, ' library':7607, '.':28723, ' This':851, ' is':349, ' a':264, ' simple':3588, ' implementation':9786, ' of':302, ' what':767, ' you':368, ''':28742, 're':267, ' looking':2526, ' for':354, ',':28725, ' but':562, ' if':513, ' you':368, ' need':927, ' more':680, ' advanced':10023, ' functionality':20289, ' or':442, ' want':947, ' to':298, ' avoid':4461, ' writing':3653, ' your':574, ' own':1216, ' helper':20884, ' function':908, ',':28725, ' you':368, ' might':1659, ' want':947, ' to':298, ' explore':11418, ' third':4008, '-':28733, 'party':14999 ]
[1702477547] n_remain: -364
[1702477547] eval: [ 'party':14999 ]
[1702477547] n_past = 364
[1702477547] sampled token: 24133: ' libraries'
[1702477547] last: [ '`':28832, ' in':297, ' the':272, ' O':451, 'Cam':11658, 'l':28714, ' standard':4787, ' library':7607, '.':28723, ' However':2993, ',':28725, ' you':368, ' can':541, ' easily':5061, ' implement':4808, ' it':378, ' yourself':3936, ' using':1413, ' the':272, ' existing':6594, ' functions':5572, ' in':297, ' the':272, ' library':7607, '.':28723, ' This':851, ' is':349, ' a':264, ' simple':3588, ' implementation':9786, ' of':302, ' what':767, ' you':368, ''':28742, 're':267, ' looking':2526, ' for':354, ',':28725, ' but':562, ' if':513, ' you':368, ' need':927, ' more':680, ' advanced':10023, ' functionality':20289, ' or':442, ' want':947, ' to':298, ' avoid':4461, ' writing':3653, ' your':574, ' own':1216, ' helper':20884, ' function':908, ',':28725, ' you':368, ' might':1659, ' want':947, ' to':298, ' explore':11418, ' third':4008, '-':28733, 'party':14999, ' libraries':24133 ]
[1702477547] n_remain: -365
[1702477547] eval: [ ' libraries':24133 ]
[1702477547] n_past = 365
[1702477547] sampled token:   737: ' like'
[1702477547] last: [ ' in':297, ' the':272, ' O':451, 'Cam':11658, 'l':28714, ' standard':4787, ' library':7607, '.':28723, ' However':2993, ',':28725, ' you':368, ' can':541, ' easily':5061, ' implement':4808, ' it':378, ' yourself':3936, ' using':1413, ' the':272, ' existing':6594, ' functions':5572, ' in':297, ' the':272, ' library':7607, '.':28723, ' This':851, ' is':349, ' a':264, ' simple':3588, ' implementation':9786, ' of':302, ' what':767, ' you':368, ''':28742, 're':267, ' looking':2526, ' for':354, ',':28725, ' but':562, ' if':513, ' you':368, ' need':927, ' more':680, ' advanced':10023, ' functionality':20289, ' or':442, ' want':947, ' to':298, ' avoid':4461, ' writing':3653, ' your':574, ' own':1216, ' helper':20884, ' function':908, ',':28725, ' you':368, ' might':1659, ' want':947, ' to':298, ' explore':11418, ' third':4008, '-':28733, 'party':14999, ' libraries':24133, ' like':737 ]
[1702477547] n_remain: -366
[1702477547] eval: [ ' like':737 ]
[1702477547] n_past = 366
[1702477547] sampled token:  1552: ' `'
[1702477547] last: [ ' the':272, ' O':451, 'Cam':11658, 'l':28714, ' standard':4787, ' library':7607, '.':28723, ' However':2993, ',':28725, ' you':368, ' can':541, ' easily':5061, ' implement':4808, ' it':378, ' yourself':3936, ' using':1413, ' the':272, ' existing':6594, ' functions':5572, ' in':297, ' the':272, ' library':7607, '.':28723, ' This':851, ' is':349, ' a':264, ' simple':3588, ' implementation':9786, ' of':302, ' what':767, ' you':368, ''':28742, 're':267, ' looking':2526, ' for':354, ',':28725, ' but':562, ' if':513, ' you':368, ' need':927, ' more':680, ' advanced':10023, ' functionality':20289, ' or':442, ' want':947, ' to':298, ' avoid':4461, ' writing':3653, ' your':574, ' own':1216, ' helper':20884, ' function':908, ',':28725, ' you':368, ' might':1659, ' want':947, ' to':298, ' explore':11418, ' third':4008, '-':28733, 'party':14999, ' libraries':24133, ' like':737, ' `':1552 ]
[1702477547] n_remain: -367
[1702477547] eval: [ ' `':1552 ]
[1702477547] n_past = 367
[1702477547] sampled token: 28758: 'L'
[1702477547] last: [ ' O':451, 'Cam':11658, 'l':28714, ' standard':4787, ' library':7607, '.':28723, ' However':2993, ',':28725, ' you':368, ' can':541, ' easily':5061, ' implement':4808, ' it':378, ' yourself':3936, ' using':1413, ' the':272, ' existing':6594, ' functions':5572, ' in':297, ' the':272, ' library':7607, '.':28723, ' This':851, ' is':349, ' a':264, ' simple':3588, ' implementation':9786, ' of':302, ' what':767, ' you':368, ''':28742, 're':267, ' looking':2526, ' for':354, ',':28725, ' but':562, ' if':513, ' you':368, ' need':927, ' more':680, ' advanced':10023, ' functionality':20289, ' or':442, ' want':947, ' to':298, ' avoid':4461, ' writing':3653, ' your':574, ' own':1216, ' helper':20884, ' function':908, ',':28725, ' you':368, ' might':1659, ' want':947, ' to':298, ' explore':11418, ' third':4008, '-':28733, 'party':14999, ' libraries':24133, ' like':737, ' `':1552, 'L':28758 ]
[1702477547] n_remain: -368
[1702477547] eval: [ 'L':28758 ]
[1702477547] n_past = 368
[1702477547] sampled token: 13845: 'wt'
[1702477547] last: [ 'Cam':11658, 'l':28714, ' standard':4787, ' library':7607, '.':28723, ' However':2993, ',':28725, ' you':368, ' can':541, ' easily':5061, ' implement':4808, ' it':378, ' yourself':3936, ' using':1413, ' the':272, ' existing':6594, ' functions':5572, ' in':297, ' the':272, ' library':7607, '.':28723, ' This':851, ' is':349, ' a':264, ' simple':3588, ' implementation':9786, ' of':302, ' what':767, ' you':368, ''':28742, 're':267, ' looking':2526, ' for':354, ',':28725, ' but':562, ' if':513, ' you':368, ' need':927, ' more':680, ' advanced':10023, ' functionality':20289, ' or':442, ' want':947, ' to':298, ' avoid':4461, ' writing':3653, ' your':574, ' own':1216, ' helper':20884, ' function':908, ',':28725, ' you':368, ' might':1659, ' want':947, ' to':298, ' explore':11418, ' third':4008, '-':28733, 'party':14999, ' libraries':24133, ' like':737, ' `':1552, 'L':28758, 'wt':13845 ]
[1702477547] n_remain: -369
[1702477547] eval: [ 'wt':13845 ]
[1702477547] n_past = 369
[1702477547] sampled token: 28832: '`'
[1702477547] last: [ 'l':28714, ' standard':4787, ' library':7607, '.':28723, ' However':2993, ',':28725, ' you':368, ' can':541, ' easily':5061, ' implement':4808, ' it':378, ' yourself':3936, ' using':1413, ' the':272, ' existing':6594, ' functions':5572, ' in':297, ' the':272, ' library':7607, '.':28723, ' This':851, ' is':349, ' a':264, ' simple':3588, ' implementation':9786, ' of':302, ' what':767, ' you':368, ''':28742, 're':267, ' looking':2526, ' for':354, ',':28725, ' but':562, ' if':513, ' you':368, ' need':927, ' more':680, ' advanced':10023, ' functionality':20289, ' or':442, ' want':947, ' to':298, ' avoid':4461, ' writing':3653, ' your':574, ' own':1216, ' helper':20884, ' function':908, ',':28725, ' you':368, ' might':1659, ' want':947, ' to':298, ' explore':11418, ' third':4008, '-':28733, 'party':14999, ' libraries':24133, ' like':737, ' `':1552, 'L':28758, 'wt':13845, '`':28832 ]
[1702477547] n_remain: -370
[1702477547] eval: [ '`':28832 ]
[1702477547] n_past = 370
[1702477547] sampled token:   442: ' or'
[1702477547] last: [ ' standard':4787, ' library':7607, '.':28723, ' However':2993, ',':28725, ' you':368, ' can':541, ' easily':5061, ' implement':4808, ' it':378, ' yourself':3936, ' using':1413, ' the':272, ' existing':6594, ' functions':5572, ' in':297, ' the':272, ' library':7607, '.':28723, ' This':851, ' is':349, ' a':264, ' simple':3588, ' implementation':9786, ' of':302, ' what':767, ' you':368, ''':28742, 're':267, ' looking':2526, ' for':354, ',':28725, ' but':562, ' if':513, ' you':368, ' need':927, ' more':680, ' advanced':10023, ' functionality':20289, ' or':442, ' want':947, ' to':298, ' avoid':4461, ' writing':3653, ' your':574, ' own':1216, ' helper':20884, ' function':908, ',':28725, ' you':368, ' might':1659, ' want':947, ' to':298, ' explore':11418, ' third':4008, '-':28733, 'party':14999, ' libraries':24133, ' like':737, ' `':1552, 'L':28758, 'wt':13845, '`':28832, ' or':442 ]
[1702477547] n_remain: -371
[1702477547] eval: [ ' or':442 ]
[1702477547] n_past = 371
[1702477547] sampled token:  1552: ' `'
[1702477547] last: [ ' library':7607, '.':28723, ' However':2993, ',':28725, ' you':368, ' can':541, ' easily':5061, ' implement':4808, ' it':378, ' yourself':3936, ' using':1413, ' the':272, ' existing':6594, ' functions':5572, ' in':297, ' the':272, ' library':7607, '.':28723, ' This':851, ' is':349, ' a':264, ' simple':3588, ' implementation':9786, ' of':302, ' what':767, ' you':368, ''':28742, 're':267, ' looking':2526, ' for':354, ',':28725, ' but':562, ' if':513, ' you':368, ' need':927, ' more':680, ' advanced':10023, ' functionality':20289, ' or':442, ' want':947, ' to':298, ' avoid':4461, ' writing':3653, ' your':574, ' own':1216, ' helper':20884, ' function':908, ',':28725, ' you':368, ' might':1659, ' want':947, ' to':298, ' explore':11418, ' third':4008, '-':28733, 'party':14999, ' libraries':24133, ' like':737, ' `':1552, 'L':28758, 'wt':13845, '`':28832, ' or':442, ' `':1552 ]
[1702477547] n_remain: -372
[1702477547] eval: [ ' `':1552 ]
[1702477547] n_past = 372
[1702477547] sampled token: 28753: 'P'
[1702477547] last: [ '.':28723, ' However':2993, ',':28725, ' you':368, ' can':541, ' easily':5061, ' implement':4808, ' it':378, ' yourself':3936, ' using':1413, ' the':272, ' existing':6594, ' functions':5572, ' in':297, ' the':272, ' library':7607, '.':28723, ' This':851, ' is':349, ' a':264, ' simple':3588, ' implementation':9786, ' of':302, ' what':767, ' you':368, ''':28742, 're':267, ' looking':2526, ' for':354, ',':28725, ' but':562, ' if':513, ' you':368, ' need':927, ' more':680, ' advanced':10023, ' functionality':20289, ' or':442, ' want':947, ' to':298, ' avoid':4461, ' writing':3653, ' your':574, ' own':1216, ' helper':20884, ' function':908, ',':28725, ' you':368, ' might':1659, ' want':947, ' to':298, ' explore':11418, ' third':4008, '-':28733, 'party':14999, ' libraries':24133, ' like':737, ' `':1552, 'L':28758, 'wt':13845, '`':28832, ' or':442, ' `':1552, 'P':28753 ]
[1702477547] n_remain: -373
[1702477547] eval: [ 'P':28753 ]
[1702477547] n_past = 373
[1702477547] sampled token:   482: 'ure'
[1702477547] last: [ ' However':2993, ',':28725, ' you':368, ' can':541, ' easily':5061, ' implement':4808, ' it':378, ' yourself':3936, ' using':1413, ' the':272, ' existing':6594, ' functions':5572, ' in':297, ' the':272, ' library':7607, '.':28723, ' This':851, ' is':349, ' a':264, ' simple':3588, ' implementation':9786, ' of':302, ' what':767, ' you':368, ''':28742, 're':267, ' looking':2526, ' for':354, ',':28725, ' but':562, ' if':513, ' you':368, ' need':927, ' more':680, ' advanced':10023, ' functionality':20289, ' or':442, ' want':947, ' to':298, ' avoid':4461, ' writing':3653, ' your':574, ' own':1216, ' helper':20884, ' function':908, ',':28725, ' you':368, ' might':1659, ' want':947, ' to':298, ' explore':11418, ' third':4008, '-':28733, 'party':14999, ' libraries':24133, ' like':737, ' `':1552, 'L':28758, 'wt':13845, '`':28832, ' or':442, ' `':1552, 'P':28753, 'ure':482 ]
[1702477547] n_remain: -374
[1702477547] eval: [ 'ure':482 ]
[1702477547] n_past = 374
[1702477547] sampled token:  9429: '`.'
[1702477547] last: [ ',':28725, ' you':368, ' can':541, ' easily':5061, ' implement':4808, ' it':378, ' yourself':3936, ' using':1413, ' the':272, ' existing':6594, ' functions':5572, ' in':297, ' the':272, ' library':7607, '.':28723, ' This':851, ' is':349, ' a':264, ' simple':3588, ' implementation':9786, ' of':302, ' what':767, ' you':368, ''':28742, 're':267, ' looking':2526, ' for':354, ',':28725, ' but':562, ' if':513, ' you':368, ' need':927, ' more':680, ' advanced':10023, ' functionality':20289, ' or':442, ' want':947, ' to':298, ' avoid':4461, ' writing':3653, ' your':574, ' own':1216, ' helper':20884, ' function':908, ',':28725, ' you':368, ' might':1659, ' want':947, ' to':298, ' explore':11418, ' third':4008, '-':28733, 'party':14999, ' libraries':24133, ' like':737, ' `':1552, 'L':28758, 'wt':13845, '`':28832, ' or':442, ' `':1552, 'P':28753, 'ure':482, '`.':9429 ]
[1702477547] n_remain: -375
[1702477547] eval: [ '`.':9429 ]
[1702477547] n_past = 375
[1702477547] sampled token:     2: ''
[1702477547] last: [ ' you':368, ' can':541, ' easily':5061, ' implement':4808, ' it':378, ' yourself':3936, ' using':1413, ' the':272, ' existing':6594, ' functions':5572, ' in':297, ' the':272, ' library':7607, '.':28723, ' This':851, ' is':349, ' a':264, ' simple':3588, ' implementation':9786, ' of':302, ' what':767, ' you':368, ''':28742, 're':267, ' looking':2526, ' for':354, ',':28725, ' but':562, ' if':513, ' you':368, ' need':927, ' more':680, ' advanced':10023, ' functionality':20289, ' or':442, ' want':947, ' to':298, ' avoid':4461, ' writing':3653, ' your':574, ' own':1216, ' helper':20884, ' function':908, ',':28725, ' you':368, ' might':1659, ' want':947, ' to':298, ' explore':11418, ' third':4008, '-':28733, 'party':14999, ' libraries':24133, ' like':737, ' `':1552, 'L':28758, 'wt':13845, '`':28832, ' or':442, ' `':1552, 'P':28753, 'ure':482, '`.':9429, '':2 ]
[1702477547] n_remain: -376
[1702477547] found EOS token
[1702477547] waiting for user input
[1702477549] empty line, passing control back
[1702477549] Log end
